timestamp,speed,steering,throttle,brake,track_position,angle,rpm,gear,track_sensor_center,lap_time,event
2026-08-31T18:37:35.503222+00:00,-0.009,-0.1585,0.8,0.0,0.3334,0.0082,5235.99,1,62.0267,-0.982,step
2026-08-31T18:37:35.504613+00:00,-0.009,-0.1585,0.8,0.0,0.3334,0.0082,5356.17,1,62.0267,-0.962,step
2026-08-31T18:37:35.505332+00:00,-0.009,-0.1585,0.8,0.0,0.3334,0.0082,5479.34,1,62.0267,-0.942,step
2026-08-31T18:37:35.506074+00:00,-0.009,-0.1585,0.8,0.0,0.3334,0.0082,5605.57,1,62.0267,-0.922,step
2026-08-31T18:37:35.506796+00:00,-0.009,-0.1585,0.8,0.0,0.3334,0.0082,5734.92,1,62.0267,-0.902,step
2026-08-31T18:37:35.507510+00:00,-0.009,-0.1585,0.8,0.0,0.3334,0.0082,5867.48,1,62.0267,-0.882,step
2026-08-31T18:37:35.508223+00:00,-0.009,-0.1585,0.8,0.0,0.3334,0.0082,6003.31,1,62.0267,-0.862,step
2026-08-31T18:37:35.509170+00:00,-0.009,-0.1585,0.8,0.0,0.3334,0.0082,6142.48,1,62.0267,-0.842,step
2026-08-31T18:37:35.509852+00:00,-0.009,-0.1585,0.8,0.0,0.3334,0.0082,6285.09,1,62.0267,-0.822,step
2026-08-31T18:37:35.510548+00:00,-0.009,-0.1585,0.8,0.0,0.3334,0.0082,6431.2,1,62.0267,-0.802,step
2026-08-31T18:37:35.511214+00:00,-0.009,-0.1585,0.8,0.0,0.3334,0.0082,6580.9,1,62.0267,-0.782,step
2026-08-31T18:37:35.511877+00:00,-0.009,-0.1585,0.8,0.0,0.3334,0.0082,6734.27,1,62.0267,-0.762,step
2026-08-31T18:37:35.512601+00:00,-0.009,-0.1585,0.8,0.0,0.3334,0.0082,6891.39,1,62.0267,-0.742,step
2026-08-31T18:37:35.513272+00:00,-0.009,-0.1585,0.8,0.0,0.3334,0.0082,7052.35,1,62.0267,-0.722,step
2026-08-31T18:37:35.513929+00:00,-0.009,-0.1585,0.8,0.0,0.3334,0.0082,7217.24,1,62.0267,-0.702,step
2026-08-31T18:37:35.514587+00:00,-0.009,-0.1585,0.8,0.0,0.3334,0.0082,7386.14,1,62.0267,-0.682,step
2026-08-31T18:37:35.515311+00:00,-0.009,-0.1585,0.8,0.0,0.3334,0.0082,7559.14,1,62.0267,-0.662,step
2026-08-31T18:37:35.516076+00:00,-0.009,-0.1585,0.8,0.0,0.3334,0.0082,7736.33,1,62.0267,-0.642,step
2026-08-31T18:37:35.516841+00:00,-0.009,-0.1585,0.8,0.0,0.3334,0.0082,7917.82,1,62.0267,-0.622,step
2026-08-31T18:37:35.517603+00:00,-0.009,-0.1585,0.8,0.0,0.3334,0.0082,8103.68,1,62.0267,-0.602,step
2026-08-31T18:37:35.518292+00:00,-0.009,-0.1585,0.8,0.0,0.3334,0.0082,8294.03,1,62.0267,-0.582,step
2026-08-31T18:37:35.518997+00:00,-0.009,-0.1585,0.8,0.0,0.3334,0.0082,8488.95,1,62.0267,-0.562,step
2026-08-31T18:37:35.519665+00:00,-0.009,-0.1585,0.8,0.0,0.3334,0.0082,8688.55,1,62.0267,-0.542,step
2026-08-31T18:37:35.520362+00:00,-0.009,-0.1585,0.8,0.0,0.3334,0.0082,8892.93,1,62.0267,-0.522,step
2026-08-31T18:37:35.521063+00:00,-0.009,-0.1585,0.8,0.0,0.3334,0.0082,9102.19,1,62.0267,-0.502,step
2026-08-31T18:37:35.521756+00:00,-0.009,-0.1585,0.8,0.0,0.3334,0.0082,9316.43,1,62.0267,-0.482,step
2026-08-31T18:37:35.522545+00:00,-0.009,-0.1585,0.8,0.0,0.3334,0.0082,9535.22,1,62.0267,-0.462,step
2026-08-31T18:37:35.523274+00:00,-0.009,-0.1585,0.8,0.0,0.3334,0.0082,9754.55,1,62.0267,-0.442,step
2026-08-31T18:37:35.523945+00:00,-0.009,-0.1585,0.8,0.0,0.3334,0.0082,9973.62,1,62.0267,-0.422,step
2026-08-31T18:37:35.524686+00:00,-0.009,-0.1585,0.8,0.0,0.3334,0.0082,10192.4,1,62.0267,-0.402,step
2026-08-31T18:37:35.525545+00:00,-0.009,-0.1585,0.8,0.0,0.3334,0.0082,10411.0,1,62.0267,-0.382,step
2026-08-31T18:37:35.526313+00:00,-0.009,-0.1585,0.8,0.0,0.3334,0.0082,10629.3,1,62.0267,-0.362,step
2026-08-31T18:37:35.527064+00:00,-0.009,-0.1585,0.8,0.0,0.3334,0.0082,10847.3,1,62.0267,-0.342,step
2026-08-31T18:37:35.527724+00:00,-0.009,-0.1585,0.8,0.0,0.3334,0.0082,11065.1,1,62.0267,-0.322,step
2026-08-31T18:37:35.528438+00:00,-0.009,-0.1585,0.8,0.0,0.3334,0.0082,11282.6,1,62.0267,-0.302,step
2026-08-31T18:37:35.529150+00:00,-0.009,-0.1585,0.8,0.0,0.3334,0.0082,11499.9,1,62.0267,-0.282,step
2026-08-31T18:37:35.529831+00:00,-0.009,-0.1585,0.8,0.0,0.3334,0.0082,11716.9,1,62.0267,-0.262,step
2026-08-31T18:37:35.530551+00:00,-0.009,-0.1585,0.8,0.0,0.3334,0.0082,11933.7,1,62.0267,-0.242,step
2026-08-31T18:37:35.531251+00:00,-0.009,-0.1585,0.8,0.0,0.3334,0.0082,12150.2,1,62.0267,-0.222,step
2026-08-31T18:37:35.531948+00:00,-0.009,-0.1585,0.8,0.0,0.3334,0.0082,12366.4,1,62.0267,-0.202,step
2026-08-31T18:37:35.532625+00:00,-0.009,-0.1585,0.8,0.0,0.3334,0.0082,12582.4,1,62.0267,-0.182,step
2026-08-31T18:37:35.533291+00:00,-0.009,-0.1585,0.8,0.0,0.3334,0.0082,12798.5,1,62.0267,-0.162,step
2026-08-31T18:37:35.534061+00:00,-0.009,-0.1585,0.8,0.0,0.3334,0.0082,13015.0,1,62.0267,-0.142,step
2026-08-31T18:37:35.534828+00:00,-0.009,-0.1585,0.8,0.0,0.3334,0.0082,13231.9,1,62.0267,-0.122,step
2026-08-31T18:37:35.535498+00:00,-0.009,-0.1585,0.8,0.0,0.3334,0.0082,13449.1,1,62.0267,-0.102,step
2026-08-31T18:37:35.536171+00:00,-0.009,-0.1585,0.8,0.0,0.3334,0.0082,13666.8,1,62.0267,-0.082,step
2026-08-31T18:37:35.536853+00:00,-0.009,-0.1585,0.8,0.0,0.3334,0.0082,13884.9,1,62.0267,-0.062,step
2026-08-31T18:37:35.537534+00:00,-0.009,-0.1585,0.8,0.0,0.3334,0.0082,14103.3,1,62.0267,-0.042,step
2026-08-31T18:37:35.538213+00:00,-0.009,-0.1585,0.8,0.0,0.3334,0.0082,14322.2,1,62.0267,-0.022,step
2026-08-31T18:37:35.539631+00:00,-0.017,-0.158,0.8,0.0,0.3335,0.0087,14761.1,1,61.8894,0.018,step
2026-08-31T18:37:35.540932+00:00,0.18,-0.158,0.8,0.0,0.3334,0.0087,5249.36,1,61.8926,0.038,step
2026-08-31T18:37:35.542310+00:00,0.164,-0.158,0.8,0.0,0.3334,0.0087,5264.23,1,61.8911,0.058,step
2026-08-31T18:37:35.543574+00:00,0.195,-0.1581,0.8,0.0,0.3334,0.0086,5235.99,1,61.9185,0.078,step
2026-08-31T18:37:35.544892+00:00,0.753,-0.1579,0.8,0.0,0.3334,0.0088,5235.99,1,61.8629,0.098,step
2026-08-31T18:37:35.546187+00:00,1.623,-0.1578,0.8,0.0,0.3334,0.0089,5235.99,1,61.8168,0.118,step
2026-08-31T18:37:35.547472+00:00,2.294,-0.1575,0.8,0.0,0.3333,0.0091,5235.99,1,61.7466,0.138,step
2026-08-31T18:37:35.548696+00:00,3.002,-0.1573,0.8,0.0,0.3333,0.0094,5235.99,1,61.668,0.158,step
2026-08-31T18:37:35.549911+00:00,3.735,-0.1569,0.8,0.0,0.3331,0.0097,5235.99,1,61.5637,0.178,step
2026-08-31T18:37:35.551404+00:00,4.455,-0.1564,0.8,0.0,0.333,0.0101,5235.99,1,61.4257,0.198,step
2026-08-31T18:37:35.552610+00:00,5.154,-0.1559,0.8,0.0,0.3329,0.0105,5235.99,1,61.2667,0.218,step
2026-08-31T18:37:35.553854+00:00,5.855,-0.1553,0.8,0.0,0.3327,0.0111,5235.99,1,61.0832,0.238,step
2026-08-31T18:37:35.555191+00:00,6.577,-0.1545,0.8,0.0,0.3325,0.0117,5235.99,1,60.8624,0.26,step
2026-08-31T18:37:35.556489+00:00,7.276,-0.1537,0.8,0.0,0.3322,0.0124,5235.99,1,60.6315,0.28,step
2026-08-31T18:37:35.557738+00:00,7.992,-0.1528,0.8,0.0,0.332,0.0132,5235.99,1,60.3796,0.3,step
2026-08-31T18:37:35.559083+00:00,8.715,-0.1518,0.8,0.0,0.3317,0.014,5235.99,1,60.1067,0.32,step
2026-08-31T18:37:35.560341+00:00,9.434,-0.1507,0.8,0.0,0.3314,0.0149,5235.99,1,59.8152,0.34,step
2026-08-31T18:37:35.561535+00:00,10.145,-0.1496,0.8,0.0,0.331,0.0159,5235.99,1,59.5056,0.36,step
2026-08-31T18:37:35.562774+00:00,10.846,-0.1484,0.8,0.0,0.3306,0.0169,5235.99,1,59.178,0.38,step
2026-08-31T18:37:35.564029+00:00,11.545,-0.1471,0.8,0.0,0.3302,0.018,5235.99,1,58.8347,0.4,step
2026-08-31T18:37:35.565252+00:00,12.244,-0.1458,0.8,0.0,0.3298,0.0191,5235.99,1,58.4746,0.42,step
2026-08-31T18:37:35.566435+00:00,12.946,-0.1443,0.8,0.0,0.3293,0.0203,5235.99,1,58.0984,0.44,step
2026-08-31T18:37:35.568023+00:00,13.65,-0.1428,0.8,0.0,0.3287,0.0216,5235.99,1,57.7088,0.46,step
2026-08-31T18:37:35.569246+00:00,14.354,-0.1412,0.8,0.0,0.3282,0.0229,5235.99,1,57.3051,0.48,step
2026-08-31T18:37:35.570501+00:00,15.129,-0.1394,0.8,0.0,0.3275,0.0244,5235.99,1,56.8475,0.502,step
2026-08-31T18:37:35.571701+00:00,15.833,-0.1376,0.8,0.0,0.3268,0.0258,5235.99,1,56.4204,0.522,step
2026-08-31T18:37:35.572913+00:00,16.538,-0.1358,0.8,0.0,0.3261,0.0272,5235.99,1,55.9813,0.542,step
2026-08-31T18:37:35.574146+00:00,17.242,-0.1339,0.8,0.0,0.3254,0.0287,5235.99,1,55.5327,0.562,step
2026-08-31T18:37:35.575873+00:00,17.946,-0.132,0.8,0.0,0.3245,0.0303,5235.99,1,55.0763,0.582,step
2026-08-31T18:37:35.577200+00:00,18.651,-0.13,0.8,0.0,0.3237,0.0319,5235.99,1,54.6123,0.602,step
2026-08-31T18:37:35.578454+00:00,19.355,-0.1279,0.8,0.0,0.3228,0.0335,5235.99,1,54.1416,0.622,step
2026-08-31T18:37:35.579664+00:00,20.059,-0.1258,0.8,0.0,0.3218,0.0351,5235.99,1,53.6651,0.642,step
2026-08-31T18:37:35.580875+00:00,20.762,-0.1235,0.8,0.0,0.3208,0.0368,5235.99,1,53.1829,0.662,step
2026-08-31T18:37:35.582108+00:00,21.466,-0.1213,0.8,0.0,0.3197,0.0386,5235.99,1,52.6962,0.682,step
2026-08-31T18:37:35.583441+00:00,22.17,-0.119,0.8,0.0,0.3185,0.0403,5235.99,1,52.2075,0.702,step
2026-08-31T18:37:35.585072+00:00,22.873,-0.1166,0.8,0.0,0.3173,0.0421,5235.99,1,51.7158,0.722,step
2026-08-31T18:37:35.586324+00:00,23.576,-0.1142,0.8,0.0,0.316,0.0438,5235.99,1,51.2212,0.742,step
2026-08-31T18:37:35.587545+00:00,24.279,-0.1117,0.8,0.0,0.3147,0.0456,5235.99,1,50.726,0.762,step
2026-08-31T18:37:35.588722+00:00,24.982,-0.1092,0.8,0.0,0.3132,0.0475,5235.99,1,50.2296,0.782,step
2026-08-31T18:37:35.589930+00:00,25.685,-0.1066,0.8,0.0,0.3117,0.0493,5235.99,1,49.7339,0.802,step
2026-08-31T18:37:35.591199+00:00,26.388,-0.1039,0.8,0.0,0.3102,0.0511,5235.99,1,49.2379,0.822,step
2026-08-31T18:37:35.592644+00:00,27.09,-0.1013,0.8,0.0,0.3085,0.053,5235.99,1,48.7434,0.842,step
2026-08-31T18:37:35.593881+00:00,27.793,-0.0986,0.8,0.0,0.3068,0.0548,5235.99,1,48.2518,0.862,step
2026-08-31T18:37:35.595174+00:00,28.495,-0.0958,0.8,0.0,0.305,0.0567,5235.99,1,47.7608,0.882,step
2026-08-31T18:37:35.596390+00:00,29.196,-0.093,0.8,0.0,0.3031,0.0585,5235.99,1,47.2722,0.902,step
2026-08-31T18:37:35.597600+00:00,29.898,-0.0902,0.8,0.0,0.3011,0.0604,5235.99,1,46.787,0.922,step
2026-08-31T18:37:35.598858+00:00,30.6,-0.0874,0.8,0.0,0.2991,0.0622,5235.99,1,46.3059,0.942,step
2026-08-31T18:37:35.600154+00:00,31.302,-0.0845,0.8,0.0,0.2969,0.064,5277.53,1,45.829,0.962,step
2026-08-31T18:37:35.601564+00:00,32.009,-0.0816,0.8,0.0,0.2947,0.0658,5420.44,1,45.3563,0.982,step
2026-08-31T18:37:35.602853+00:00,32.803,0.1217,0.8,0.0,0.2922,0.0677,5602.88,1,44.8376,1.004,step
2026-08-31T18:37:35.604130+00:00,33.539,0.1231,0.15,0.0,0.2899,0.0681,5789.59,1,44.598,1.024,step
2026-08-31T18:37:35.605423+00:00,33.866,0.1222,0.15,0.0,0.2879,0.0661,5295.13,1,44.7201,1.044,step
2026-08-31T18:37:35.606659+00:00,33.974,0.1207,0.15,0.0,0.2862,0.0638,5311.0,1,44.9027,1.064,step
2026-08-31T18:37:35.607915+00:00,34.084,-0.0809,0.8,0.0,0.2847,0.0614,5329.73,1,45.1109,1.084,step
2026-08-31T18:37:35.609277+00:00,34.609,-0.0809,0.8,0.0,0.2831,0.0606,6023.89,1,45.0612,1.104,step
2026-08-31T18:37:35.610449+00:00,35.33,0.1218,0.15,0.0,0.2811,0.0623,6417.81,1,44.5849,1.124,step
2026-08-31T18:37:35.611656+00:00,35.818,0.1234,0.15,0.0,0.2791,0.0629,5593.09,1,44.2975,1.144,step
2026-08-31T18:37:35.612891+00:00,35.92,0.1222,0.15,0.0,0.2773,0.0609,5615.69,1,44.4265,1.164,step
2026-08-31T18:37:35.614077+00:00,36.031,0.1205,0.15,0.0,0.2758,0.0584,5634.99,1,44.6377,1.184,step
2026-08-31T18:37:35.615303+00:00,36.144,0.1187,0.15,0.0,0.2743,0.0558,5653.48,1,44.8684,1.204,step
2026-08-31T18:37:35.616582+00:00,36.258,-0.0832,0.8,0.0,0.273,0.0533,5671.35,1,45.105,1.224,step
2026-08-31T18:37:35.618024+00:00,36.795,-0.0834,0.8,0.0,0.2716,0.0524,6483.05,1,45.0657,1.244,step
2026-08-31T18:37:35.619267+00:00,37.532,0.1193,0.15,0.0,0.2698,0.0542,7022.01,1,44.5578,1.264,step
2026-08-31T18:37:35.620493+00:00,38.142,0.121,0.15,0.0,0.268,0.055,5932.34,1,44.215,1.284,step
2026-08-31T18:37:35.621766+00:00,38.236,0.1198,0.15,0.0,0.2664,0.053,5974.62,1,44.3288,1.304,step
2026-08-31T18:37:35.623060+00:00,38.348,0.118,0.15,0.0,0.265,0.0505,5995.7,1,44.5439,1.324,step
2026-08-31T18:37:35.624385+00:00,38.463,0.116,0.15,0.0,0.2637,0.0479,6015.83,1,44.7853,1.344,step
2026-08-31T18:37:35.625865+00:00,38.579,-0.086,0.8,0.0,0.2626,0.0452,6034.91,1,45.0364,1.364,step
2026-08-31T18:37:35.627088+00:00,39.125,0.1136,0.15,0.0,0.2613,0.0443,6974.32,1,44.9998,1.384,step
2026-08-31T18:37:35.628354+00:00,39.594,0.1143,0.15,0.0,0.2599,0.0442,6181.83,1,44.7961,1.404,step
2026-08-31T18:37:35.629650+00:00,39.705,0.1128,0.15,0.0,0.2587,0.0421,6206.42,1,44.9511,1.424,step
2026-08-31T18:37:35.630995+00:00,39.821,-0.0891,0.8,0.0,0.2576,0.0397,6227.78,1,45.156,1.444,step
2026-08-31T18:37:35.632268+00:00,40.376,-0.0895,0.8,0.0,0.2564,0.0387,7231.52,1,45.1227,1.464,step
2026-08-31T18:37:35.633541+00:00,41.13,0.113,0.15,0.0,0.255,0.0405,8025.67,1,44.5801,1.484,step
2026-08-31T18:37:35.635011+00:00,41.876,0.1149,0.15,0.0,0.2535,0.0417,6616.38,1,44.1516,1.504,step
2026-08-31T18:37:35.636305+00:00,42.025,0.1137,0.15,0.0,0.2522,0.0398,6566.29,1,44.2396,1.524,step
2026-08-31T18:37:35.637591+00:00,42.141,0.1117,0.15,0.0,0.2511,0.0372,6588.61,1,44.4713,1.544,step
2026-08-31T18:37:35.638909+00:00,42.259,0.1104,0.15,0.0,0.2495,0.0351,6609.63,1,44.7326,1.564,step
2026-08-31T18:37:35.640291+00:00,42.38,-0.0904,0.8,0.0,0.2486,0.0339,6629.57,1,45.0113,1.584,step
2026-08-31T18:37:35.641656+00:00,42.944,0.1106,0.15,0.0,0.2477,0.0344,7781.76,1,44.9723,1.604,step
2026-08-31T18:37:35.643201+00:00,43.506,0.1128,0.15,0.0,0.2464,0.036,6784.52,1,44.7272,1.624,step
2026-08-31T18:37:35.644575+00:00,43.614,0.1127,0.15,0.0,0.2453,0.0354,6817.84,1,44.9077,1.644,step
2026-08-31T18:37:35.645921+00:00,43.733,-0.088,0.8,0.0,0.2444,0.0342,6839.15,1,45.1904,1.664,step
2026-08-31T18:37:35.647281+00:00,43.928,-0.0872,0.8,0.0,0.2433,0.0345,9012.56,1,45.206,1.684,step
2026-08-31T18:37:35.648555+00:00,44.664,0.1172,0.15,0.0,0.2419,0.0382,10442.0,1,44.5779,1.704,step
2026-08-31T18:37:35.649994+00:00,45.477,0.1211,0.15,0.0,0.2404,0.0413,8793.63,1,44.0487,1.724,step
2026-08-31T18:37:35.651370+00:00,46.271,0.1218,0.15,0.0,0.239,0.0413,7331.88,1,44.116,1.744,step
2026-08-31T18:37:35.652637+00:00,46.441,0.1213,0.15,0.0,0.2377,0.0401,7252.52,1,44.3983,1.764,step
2026-08-31T18:37:35.653906+00:00,46.557,0.1205,0.15,0.0,0.2366,0.0388,7275.59,1,44.7286,1.784,step
2026-08-31T18:37:35.655197+00:00,46.674,-0.0804,0.8,0.0,0.2355,0.0373,7298.76,1,45.1001,1.804,step
2026-08-31T18:37:35.656523+00:00,47.255,-0.0797,0.8,0.0,0.2343,0.0375,8691.61,1,45.1561,1.824,step
2026-08-31T18:37:35.657926+00:00,48.037,0.1246,0.0,0.15,0.2327,0.0409,9959.96,1,44.565,1.844,step
2026-08-31T18:37:35.659556+00:00,48.583,0.1284,0.0,0.15,0.2309,0.0439,7531.38,1,44.0671,1.864,step
2026-08-31T18:37:35.660928+00:00,48.082,0.1289,0.0,0.15,0.2293,0.0436,7340.47,1,44.1964,1.884,step
2026-08-31T18:37:35.662280+00:00,47.552,0.1278,0.0,0.15,0.2279,0.0418,7251.26,1,44.6378,1.904,step
2026-08-31T18:37:35.663667+00:00,47.032,-0.0738,0.8,0.0,0.2266,0.0395,7168.24,1,45.1962,1.924,step
2026-08-31T18:37:35.665050+00:00,47.44,-0.0735,0.8,0.0,0.2253,0.0392,8947.97,1,45.362,1.944,step
2026-08-31T18:37:35.666499+00:00,48.179,0.1307,0.0,0.15,0.2235,0.0425,10352.1,1,44.7751,1.964,step
2026-08-31T18:37:35.668144+00:00,48.761,0.1345,0.0,0.15,0.2216,0.0453,7816.64,1,44.2993,1.984,step
2026-08-31T18:37:35.669587+00:00,48.328,0.1352,0.0,0.15,0.2198,0.0451,7383.53,1,44.4373,2.006,step
2026-08-31T18:37:35.671004+00:00,47.735,0.1343,0.0,0.15,0.2181,0.0433,7282.44,1,44.9219,2.028,step
2026-08-31T18:37:35.672416+00:00,47.154,-0.0675,0.8,0.0,0.2166,0.0408,7187.42,1,45.5764,2.05,step
2026-08-31T18:37:35.673917+00:00,47.623,-0.0671,0.8,0.0,0.2151,0.0405,9115.52,1,45.7807,2.072,step
2026-08-31T18:37:35.675589+00:00,48.513,-0.0624,0.8,0.0,0.213,0.0441,10507.5,1,45.1222,2.094,step
2026-08-31T18:37:35.676988+00:00,49.514,0.1436,0.0,0.15,0.2107,0.049,11662.1,1,44.2106,2.116,step
2026-08-31T18:37:35.678387+00:00,50.334,0.1482,0.0,0.15,0.2083,0.0524,8414.02,2,43.6264,2.138,step
2026-08-31T18:37:35.679770+00:00,50.07,0.1494,0.0,0.15,0.206,0.0524,6052.44,2,43.7312,2.16,step
2026-08-31T18:37:35.681206+00:00,49.513,0.1486,0.0,0.15,0.2039,0.0505,6049.16,1,44.2432,2.182,step
2026-08-31T18:37:35.682595+00:00,48.982,-0.0534,0.8,0.0,0.2021,0.0476,7534.87,1,45.0117,2.204,step
2026-08-31T18:37:35.684325+00:00,48.852,-0.0533,0.8,0.0,0.2002,0.0468,7548.6,1,45.3468,2.226,step
2026-08-31T18:37:35.685758+00:00,48.825,0.1508,0.0,0.15,0.1978,0.0497,7599.69,1,44.8332,2.248,step
2026-08-31T18:37:35.687203+00:00,48.364,0.1534,0.0,0.15,0.1954,0.0511,7374.12,1,44.6737,2.27,step
2026-08-31T18:37:35.688650+00:00,47.76,-0.048,0.8,0.0,0.1934,0.0487,7279.84,1,45.348,2.292,step
2026-08-31T18:37:35.690041+00:00,48.247,-0.0478,0.8,0.0,0.1914,0.0479,9220.27,1,45.7037,2.314,step
2026-08-31T18:37:35.691536+00:00,49.095,-0.0437,0.8,0.0,0.189,0.0508,10712.9,1,45.1804,2.336,step
2026-08-31T18:37:35.693195+00:00,50.043,0.1617,0.0,0.15,0.1863,0.0548,11979.7,2,44.4227,2.358,step
2026-08-31T18:37:35.694615+00:00,50.846,0.1656,0.0,0.15,0.1836,0.0574,8510.89,2,43.9946,2.38,step
2026-08-31T18:37:35.696034+00:00,50.79,0.1666,0.0,0.15,0.1809,0.0571,8491.9,2,44.218,2.402,step
2026-08-31T18:37:35.697478+00:00,50.198,0.166,0.0,0.15,0.1785,0.0552,5717.76,2,44.8107,2.424,step
2026-08-31T18:37:35.698945+00:00,49.639,-0.0361,0.8,0.0,0.1764,0.0521,5647.14,1,45.7481,2.446,step
2026-08-31T18:37:35.700683+00:00,49.608,-0.0363,0.8,0.0,0.1743,0.0509,8029.37,1,46.2695,2.468,step
2026-08-31T18:37:35.702105+00:00,49.568,-0.0327,0.8,0.0,0.1718,0.0532,8041.63,1,45.8742,2.49,step
2026-08-31T18:37:35.703556+00:00,49.571,-0.0282,0.8,0.0,0.169,0.0563,7709.48,1,45.2902,2.512,step
2026-08-31T18:37:35.704925+00:00,50.212,0.1765,0.0,0.15,0.1659,0.0595,9416.4,2,44.705,2.534,step
2026-08-31T18:37:35.706365+00:00,50.429,0.1792,0.0,0.15,0.1629,0.0607,6657.12,2,44.5881,2.556,step
2026-08-31T18:37:35.707709+00:00,49.865,-0.0214,0.8,0.0,0.1603,0.0587,6650.79,1,45.2769,2.578,step
2026-08-31T18:37:35.709330+00:00,49.76,-0.0214,0.8,0.0,0.1578,0.0575,7837.76,1,45.7989,2.6,step
2026-08-31T18:37:35.710683+00:00,49.72,-0.0181,0.8,0.0,0.155,0.0594,7850.63,1,45.5301,2.622,step
2026-08-31T18:37:35.712091+00:00,49.694,-0.014,0.8,0.0,0.1519,0.0619,7732.02,1,45.085,2.644,step
2026-08-31T18:37:35.713495+00:00,50.318,0.1902,0.0,0.15,0.1486,0.0645,9509.68,2,44.6289,2.666,step
2026-08-31T18:37:35.714996+00:00,50.565,0.1924,0.0,0.15,0.1454,0.0652,6728.1,2,44.6623,2.688,step
2026-08-31T18:37:35.716418+00:00,49.992,-0.0086,0.8,0.0,0.1426,0.0627,6721.37,1,45.5297,2.71,step
2026-08-31T18:37:35.718086+00:00,49.893,-0.009,0.8,0.0,0.14,0.061,7866.87,1,46.2216,2.732,step
2026-08-31T18:37:35.719437+00:00,49.852,-0.006,0.8,0.0,0.137,0.0625,7879.65,1,46.0673,2.754,step
2026-08-31T18:37:35.720822+00:00,49.825,-0.0024,0.8,0.0,0.1339,0.0646,7751.98,1,45.7317,2.776,step
2026-08-31T18:37:35.722151+00:00,50.452,0.0014,0.8,0.0,0.1306,0.0667,9537.45,2,45.3881,2.798,step
2026-08-31T18:37:35.723472+00:00,51.174,0.0053,0.8,0.0,0.1271,0.0688,7125.31,2,45.059,2.82,step
2026-08-31T18:37:35.724841+00:00,51.128,0.209,0.0,0.15,0.1235,0.0708,7140.02,2,44.7693,2.842,step
2026-08-31T18:37:35.726346+00:00,50.71,0.2109,0.0,0.15,0.12,0.0709,5780.96,2,44.9878,2.864,step
2026-08-31T18:37:35.727713+00:00,50.131,0.0093,0.8,0.0,0.1169,0.0677,5708.45,2,46.1259,2.886,step
2026-08-31T18:37:35.729117+00:00,50.505,0.0083,0.8,0.0,0.1141,0.0653,6264.19,2,47.1265,2.908,step
2026-08-31T18:37:35.730484+00:00,51.199,0.0107,0.8,0.0,0.1109,0.0662,6337.07,2,47.1831,2.93,step
2026-08-31T18:37:35.731854+00:00,51.915,0.0139,0.8,0.0,0.1075,0.0677,6384.36,2,47.0264,2.952,step
2026-08-31T18:37:35.733214+00:00,52.633,0.0173,0.8,0.0,0.104,0.0693,6438.64,2,46.8547,2.974,step
2026-08-31T18:37:35.734816+00:00,53.347,0.0207,0.8,0.0,0.1003,0.0709,6513.89,2,46.7037,2.996,step
2026-08-31T18:37:35.736206+00:00,54.061,0.0241,0.8,0.0,0.0965,0.0723,6607.56,2,46.5868,3.018,step
2026-08-31T18:37:35.737596+00:00,54.779,0.0274,0.8,0.0,0.0925,0.0737,6714.46,2,46.5106,3.04,step
2026-08-31T18:37:35.738940+00:00,55.504,0.0306,0.8,0.0,0.0885,0.0749,6832.07,2,46.4792,3.062,step
2026-08-31T18:37:35.740307+00:00,56.243,0.0338,0.8,0.0,0.0843,0.0759,6952.52,2,46.5006,3.084,step
2026-08-31T18:37:35.741939+00:00,56.997,0.0368,0.8,0.0,0.08,0.0768,7071.68,2,46.5764,3.106,step
2026-08-31T18:37:35.743504+00:00,57.767,0.0398,0.8,0.0,0.0756,0.0776,7189.92,2,46.7061,3.128,step
2026-08-31T18:37:35.744854+00:00,58.549,0.0427,0.8,0.0,0.0711,0.0783,7310.21,2,46.8909,3.15,step
2026-08-31T18:37:35.746202+00:00,59.346,0.0455,0.8,0.0,0.0665,0.0788,7432.73,2,47.1359,3.172,step
2026-08-31T18:37:35.747528+00:00,60.155,0.0482,0.8,0.0,0.0619,0.0791,7558.04,2,47.4403,3.194,step
2026-08-31T18:37:35.748953+00:00,60.992,0.0508,0.8,0.0,0.0571,0.0794,7660.43,2,47.8055,3.216,step
2026-08-31T18:37:35.750429+00:00,61.84,0.0534,0.8,0.0,0.0523,0.0795,7762.28,2,48.2392,3.238,step
2026-08-31T18:37:35.751805+00:00,62.689,0.0558,0.8,0.0,0.0473,0.0795,7889.06,2,48.745,3.26,step
2026-08-31T18:37:35.753135+00:00,63.538,0.0582,0.8,0.0,0.0423,0.0793,8043.52,2,49.3398,3.282,step
2026-08-31T18:37:35.754452+00:00,64.394,0.0604,0.8,0.0,0.0373,0.079,8223.06,2,50.0433,3.304,step
2026-08-31T18:37:35.755817+00:00,65.263,0.0624,0.8,0.0,0.0321,0.0785,8419.28,2,50.8733,3.326,step
2026-08-31T18:37:35.757182+00:00,66.149,0.0643,0.8,0.0,0.0269,0.0778,8629.53,2,51.8554,3.348,step
2026-08-31T18:37:35.758817+00:00,67.052,0.0659,0.8,0.0,0.0217,0.0768,8856.62,2,53.0233,3.37,step
2026-08-31T18:37:35.760213+00:00,67.972,0.0673,0.8,0.0,0.0164,0.0755,9105.7,2,54.4166,3.392,step
2026-08-31T18:37:35.761592+00:00,68.908,0.0685,0.8,0.0,0.011,0.074,9381.5,2,56.0795,3.414,step
2026-08-31T18:37:35.763005+00:00,69.86,0.0693,0.8,0.0,0.0056,0.0721,9667.78,2,58.0722,3.436,step
2026-08-31T18:37:35.764468+00:00,70.822,0.0698,0.8,0.0,0.0002,0.0699,9928.61,2,60.4801,3.458,step
2026-08-31T18:37:35.765879+00:00,71.792,0.07,0.8,0.0,-0.0053,0.0673,10170.2,2,63.4166,3.48,step
2026-08-31T18:37:35.767404+00:00,72.769,0.0698,0.8,0.0,-0.0108,0.0644,10393.4,2,67.0247,3.502,step
2026-08-31T18:37:35.768739+00:00,73.752,0.0692,0.8,0.0,-0.0163,0.0611,10597.5,2,71.5005,3.524,step
2026-08-31T18:37:35.770119+00:00,74.736,0.0683,0.8,0.0,-0.0218,0.0574,10795.1,2,77.1289,3.546,step
2026-08-31T18:37:35.771472+00:00,75.716,0.0669,0.8,0.0,-0.0272,0.0533,10990.0,2,84.3439,3.568,step
2026-08-31T18:37:35.772849+00:00,76.693,0.0652,0.8,0.0,-0.0326,0.0489,11183.3,2,93.8611,3.59,step
2026-08-31T18:37:35.774249+00:00,77.667,0.063,0.8,0.0,-0.0379,0.044,11374.2,2,106.886,3.612,step
2026-08-31T18:37:35.775774+00:00,78.638,0.0603,0.8,0.0,-0.0431,0.0388,11561.6,2,125.599,3.634,step
2026-08-31T18:37:35.777238+00:00,79.606,0.0572,0.8,0.0,-0.0482,0.0331,11744.2,2,154.107,3.656,step
2026-08-31T18:37:35.778726+00:00,80.572,0.0537,0.8,0.0,-0.0531,0.0271,11920.5,3,165.999,3.678,step
2026-08-31T18:37:35.780120+00:00,81.487,0.0473,0.8,0.0,-0.0577,0.0184,9425.64,3,172.696,3.7,step
2026-08-31T18:37:35.781588+00:00,81.802,0.0422,0.8,0.0,-0.0616,0.0114,9432.04,3,176.522,3.722,step
2026-08-31T18:37:35.783112+00:00,81.742,0.0395,0.8,0.0,-0.0644,0.0073,7484.44,3,178.315,3.744,step
2026-08-31T18:37:35.784758+00:00,82.148,0.0374,0.8,0.0,-0.0664,0.0042,7946.22,3,179.481,3.766,step
2026-08-31T18:37:35.786138+00:00,82.795,0.0349,0.8,0.0,-0.0679,0.001,8034.42,3,180.573,3.788,step
2026-08-31T18:37:35.787539+00:00,83.478,0.0324,0.8,0.0,-0.0688,-0.0019,8081.18,3,181.507,3.81,step
2026-08-31T18:37:35.788915+00:00,84.171,0.0301,0.8,0.0,-0.0693,-0.0045,8120.89,3,182.221,3.832,step
2026-08-31T18:37:35.790265+00:00,84.864,0.0279,0.8,0.0,-0.0694,-0.0067,8166.6,3,182.722,3.854,step
2026-08-31T18:37:35.791744+00:00,85.554,0.0259,0.8,0.0,-0.0692,-0.0087,8223.41,3,183.058,3.876,step
2026-08-31T18:37:35.793269+00:00,86.243,0.024,0.8,0.0,-0.0687,-0.0103,8290.17,3,183.279,3.898,step
2026-08-31T18:37:35.794612+00:00,86.934,0.0221,0.8,0.0,-0.068,-0.0119,8363.79,3,183.422,3.92,step
2026-08-31T18:37:35.796032+00:00,87.629,0.0202,0.8,0.0,-0.0671,-0.0133,8442.19,3,183.506,3.942,step
2026-08-31T18:37:35.797383+00:00,88.331,0.0183,0.8,0.0,-0.0661,-0.0147,8519.86,3,183.541,3.964,step
2026-08-31T18:37:35.798725+00:00,89.042,0.0164,0.8,0.0,-0.0648,-0.016,8595.46,3,183.525,3.986,step
2026-08-31T18:37:35.800119+00:00,89.76,0.0146,0.8,0.0,-0.0635,-0.0171,8670.21,3,183.457,4.008,step
2026-08-31T18:37:35.801718+00:00,90.486,0.0128,0.8,0.0,-0.062,-0.0182,8744.33,3,183.349,4.03,step
2026-08-31T18:37:35.803077+00:00,91.218,0.011,0.8,0.0,-0.0604,-0.0192,8817.93,3,183.199,4.052,step
2026-08-31T18:37:35.804442+00:00,91.957,0.0093,0.8,0.0,-0.0587,-0.0201,8891.85,3,182.998,4.074,step
2026-08-31T18:37:35.805871+00:00,92.699,0.0076,0.8,0.0,-0.0569,-0.0208,8970.32,3,182.744,4.096,step
2026-08-31T18:37:35.807265+00:00,93.448,0.006,0.8,0.0,-0.055,-0.0215,9048.08,3,182.443,4.118,step
2026-08-31T18:37:35.808768+00:00,94.204,0.0045,0.8,0.0,-0.053,-0.022,9125.77,3,182.097,4.14,step
2026-08-31T18:37:35.810162+00:00,94.967,0.003,0.15,0.0,-0.0509,-0.0225,9203.93,3,181.696,4.162,step
2026-08-31T18:37:35.811525+00:00,95.278,0.0017,0.15,0.0,-0.0488,-0.0228,8734.99,3,181.235,4.184,step
2026-08-31T18:37:35.812886+00:00,95.278,0.0004,0.15,0.0,-0.0467,-0.0229,8736.88,3,180.721,4.206,step
2026-08-31T18:37:35.814230+00:00,95.28,-0.0008,0.15,0.0,-0.0445,-0.023,8738.39,3,180.17,4.228,step
2026-08-31T18:37:35.815608+00:00,95.283,-0.0019,0.15,0.0,-0.0423,-0.023,8739.04,3,179.587,4.25,step
2026-08-31T18:37:35.817237+00:00,95.286,-0.0029,0.15,0.0,-0.0401,-0.0229,8739.2,3,178.976,4.272,step
2026-08-31T18:37:35.818626+00:00,95.288,-0.0038,0.15,0.0,-0.0379,-0.0228,8739.18,3,178.337,4.294,step
2026-08-31T18:37:35.820032+00:00,95.291,-0.0047,0.15,0.0,-0.0357,-0.0226,8739.17,3,177.674,4.316,step
2026-08-31T18:37:35.821392+00:00,95.294,-0.0056,0.15,0.0,-0.0335,-0.0223,8739.24,3,176.989,4.338,step
2026-08-31T18:37:35.822823+00:00,95.297,-0.0063,0.15,0.0,-0.0314,-0.022,8739.38,3,176.28,4.36,step
2026-08-31T18:37:35.824222+00:00,95.3,-0.007,0.15,0.0,-0.0293,-0.0217,8739.65,3,175.557,4.382,step
2026-08-31T18:37:35.825846+00:00,95.302,-0.0077,0.15,0.0,-0.0272,-0.0213,8739.99,3,174.82,4.404,step
2026-08-31T18:37:35.827198+00:00,95.305,-0.0083,0.15,0.0,-0.0252,-0.0208,8740.21,3,174.062,4.426,step
2026-08-31T18:37:35.828533+00:00,95.308,-0.0088,0.15,0.0,-0.0232,-0.0204,8740.45,3,173.292,4.448,step
2026-08-31T18:37:35.829871+00:00,95.311,-0.0092,0.15,0.0,-0.0212,-0.0199,8740.69,3,172.511,4.47,step
2026-08-31T18:37:35.831227+00:00,95.314,-0.0096,0.15,0.0,-0.0193,-0.0193,8740.92,3,171.719,4.492,step
2026-08-31T18:37:35.832581+00:00,95.317,-0.01,0.15,0.0,-0.0175,-0.0187,8741.16,3,170.914,4.514,step
2026-08-31T18:37:35.834259+00:00,95.319,-0.0103,0.15,0.0,-0.0157,-0.0181,8741.41,3,170.1,4.536,step
2026-08-31T18:37:35.835643+00:00,95.322,-0.0105,0.15,0.0,-0.014,-0.0175,8741.64,3,169.285,4.558,step
2026-08-31T18:37:35.837023+00:00,95.325,-0.0107,0.15,0.0,-0.0123,-0.0169,8741.88,3,168.461,4.58,step
2026-08-31T18:37:35.838354+00:00,95.327,-0.0109,0.15,0.0,-0.0107,-0.0162,8742.14,3,167.628,4.602,step
2026-08-31T18:37:35.839720+00:00,95.33,-0.011,0.15,0.0,-0.0092,-0.0156,8742.39,3,166.792,4.624,step
2026-08-31T18:37:35.841123+00:00,95.333,-0.011,0.15,0.0,-0.0077,-0.0149,8742.65,3,165.954,4.646,step
2026-08-31T18:37:35.842568+00:00,95.335,-0.0111,0.15,0.0,-0.0063,-0.0142,8742.91,3,165.116,4.668,step
2026-08-31T18:37:35.843936+00:00,95.338,-0.0111,0.15,0.0,-0.0049,-0.0135,8743.34,3,164.278,4.69,step
2026-08-31T18:37:35.845317+00:00,95.341,-0.011,0.15,0.0,-0.0036,-0.0128,8743.53,3,163.439,4.712,step
2026-08-31T18:37:35.846689+00:00,95.344,-0.011,0.15,0.0,-0.0024,-0.0122,8743.7,3,162.6,4.734,step
2026-08-31T18:37:35.848005+00:00,95.346,-0.0109,0.15,0.0,-0.0012,-0.0115,8743.9,3,161.759,4.756,step
2026-08-31T18:37:35.849389+00:00,95.349,-0.0107,0.15,0.0,-0.0001,-0.0108,8744.12,3,160.919,4.778,step
2026-08-31T18:37:35.850860+00:00,95.352,-0.0106,0.15,0.0,0.0009,-0.0101,8744.35,3,160.079,4.8,step
2026-08-31T18:37:35.852200+00:00,95.354,-0.0104,0.15,0.0,0.0018,-0.0094,8744.6,3,159.239,4.822,step
2026-08-31T18:37:35.853565+00:00,95.357,-0.0102,0.15,0.0,0.0027,-0.0088,8744.85,3,158.408,4.844,step
2026-08-31T18:37:35.854914+00:00,95.36,-0.01,0.15,0.0,0.0036,-0.0082,8745.11,3,157.587,4.866,step
2026-08-31T18:37:35.856261+00:00,95.362,-0.0097,0.15,0.0,0.0043,-0.0075,8745.33,3,156.768,4.888,step
2026-08-31T18:37:35.857673+00:00,95.365,-0.0095,0.15,0.0,0.005,-0.0069,8745.61,3,155.95,4.91,step
2026-08-31T18:37:35.859138+00:00,95.368,-0.0092,0.15,0.0,0.0057,-0.0063,8745.86,3,155.143,4.932,step
2026-08-31T18:37:35.860486+00:00,95.371,-0.0089,0.15,0.0,0.0063,-0.0058,8746.11,3,154.346,4.954,step
2026-08-31T18:37:35.861842+00:00,95.373,-0.0086,0.15,0.0,0.0068,-0.0052,8746.36,3,153.55,4.976,step
2026-08-31T18:37:35.863183+00:00,95.376,-0.0083,0.15,0.0,0.0073,-0.0047,8746.73,3,152.754,4.998,step
2026-08-31T18:37:35.864551+00:00,95.379,-0.008,0.15,0.0,0.0078,-0.0041,8746.93,3,151.969,5.02,step
2026-08-31T18:37:35.865958+00:00,95.382,-0.0077,0.15,0.0,0.0082,-0.0036,8747.13,3,151.193,5.042,step
2026-08-31T18:37:35.867445+00:00,95.384,-0.0074,0.15,0.0,0.0085,-0.0031,8747.34,3,150.421,5.064,step
2026-08-31T18:37:35.868926+00:00,95.387,-0.0071,0.15,0.0,0.0088,-0.0027,8747.57,3,149.66,5.086,step
2026-08-31T18:37:35.870279+00:00,95.39,-0.0067,0.15,0.0,0.009,-0.0022,8747.81,3,148.908,5.108,step
2026-08-31T18:37:35.871676+00:00,95.392,-0.0064,0.15,0.0,0.0092,-0.0018,8748.07,3,148.16,5.13,step
2026-08-31T18:37:35.873070+00:00,95.395,-0.0061,0.15,0.0,0.0094,-0.0014,8748.33,3,147.423,5.152,step
2026-08-31T18:37:35.874437+00:00,95.398,-0.0058,0.15,0.0,0.0095,-0.001,8748.58,3,146.694,5.174,step
2026-08-31T18:37:35.875973+00:00,95.401,-0.0054,0.15,0.0,0.0096,-0.0006,8748.84,3,145.969,5.196,step
2026-08-31T18:37:35.877336+00:00,95.403,-0.0051,0.15,0.0,0.0097,-0.0003,8749.09,3,145.254,5.218,step
2026-08-31T18:37:35.878801+00:00,95.406,-0.0048,0.15,0.0,0.0097,0.0,8749.35,3,144.551,5.24,step
2026-08-31T18:37:35.880169+00:00,95.409,-0.0045,0.15,0.0,0.0097,0.0003,8749.59,3,143.851,5.262,step
2026-08-31T18:37:35.881586+00:00,95.412,-0.0042,0.15,0.0,0.0097,0.0006,8749.83,3,143.152,5.284,step
2026-08-31T18:37:35.882997+00:00,95.414,-0.0039,0.15,0.0,0.0096,0.0009,8750.13,3,142.464,5.306,step
2026-08-31T18:37:35.884612+00:00,95.417,-0.0036,0.15,0.0,0.0095,0.0012,8750.36,3,141.786,5.328,step
2026-08-31T18:37:35.886016+00:00,95.42,-0.0033,0.15,0.0,0.0093,0.0014,8750.58,3,141.112,5.35,step
2026-08-31T18:37:35.887375+00:00,95.423,-0.003,0.15,0.0,0.0092,0.0016,8750.83,3,140.449,5.372,step
2026-08-31T18:37:35.888782+00:00,95.425,-0.0027,0.15,0.0,0.009,0.0018,8751.08,3,139.796,5.394,step
2026-08-31T18:37:35.890220+00:00,95.428,-0.0024,0.15,0.0,0.0089,0.002,8751.32,3,139.144,5.416,step
2026-08-31T18:37:35.891564+00:00,95.431,-0.0022,0.15,0.0,0.0087,0.0022,8751.56,3,138.502,5.438,step
2026-08-31T18:37:35.893039+00:00,95.433,-0.0019,0.15,0.0,0.0084,0.0023,8751.82,3,137.869,5.46,step
2026-08-31T18:37:35.894574+00:00,95.436,-0.0017,0.15,0.0,0.0082,0.0024,8752.06,3,137.24,5.482,step
2026-08-31T18:37:35.895975+00:00,95.439,-0.0015,0.15,0.0,0.008,0.0025,8752.31,3,136.612,5.504,step
2026-08-31T18:37:35.897327+00:00,95.442,-0.0012,0.15,0.0,0.0078,0.0026,8752.57,3,135.994,5.526,step
2026-08-31T18:37:35.898624+00:00,95.444,-0.001,0.15,0.0,0.0075,0.0027,8752.82,3,135.383,5.548,step
2026-08-31T18:37:35.900004+00:00,95.447,-0.0008,0.15,0.0,0.0072,0.0028,8753.06,3,134.775,5.57,step
2026-08-31T18:37:35.901389+00:00,95.45,-0.0006,0.15,0.0,0.007,0.0028,8753.31,3,134.167,5.592,step
2026-08-31T18:37:35.902758+00:00,95.453,-0.0004,0.15,0.0,0.0067,0.0029,8753.56,3,133.559,5.614,step
2026-08-31T18:37:35.904085+00:00,95.455,-0.0003,0.15,0.0,0.0064,0.003,8753.81,3,132.961,5.636,step
2026-08-31T18:37:35.905411+00:00,95.458,-0.0001,0.15,0.0,0.0062,0.003,8754.05,3,132.372,5.658,step
2026-08-31T18:37:35.906710+00:00,95.46,0.0,0.15,0.0,0.0059,0.003,8754.29,3,131.787,5.68,step
2026-08-31T18:37:35.908071+00:00,95.463,0.0002,0.15,0.0,0.0056,0.003,8754.53,3,131.204,5.702,step
2026-08-31T18:37:35.909506+00:00,95.466,0.0003,0.15,0.0,0.0053,0.003,8754.77,3,130.621,5.724,step
2026-08-31T18:37:35.910787+00:00,95.469,0.0005,0.15,0.0,0.005,0.003,8754.98,3,130.037,5.746,step
2026-08-31T18:37:35.912098+00:00,95.471,0.0006,0.15,0.0,0.0047,0.003,8755.22,3,129.453,5.768,step
2026-08-31T18:37:35.913431+00:00,95.474,0.0007,0.15,0.0,0.0044,0.003,8755.47,3,128.878,5.79,step
2026-08-31T18:37:35.914777+00:00,95.477,0.0008,0.15,0.0,0.0042,0.0029,8755.72,3,128.313,5.812,step
2026-08-31T18:37:35.916146+00:00,95.479,0.0009,0.15,0.0,0.0039,0.0028,8755.97,3,127.751,5.834,step
2026-08-31T18:37:35.917658+00:00,95.482,0.001,0.15,0.0,0.0036,0.0028,8756.21,3,127.189,5.856,step
2026-08-31T18:37:35.919004+00:00,95.484,0.001,0.15,0.0,0.0033,0.0027,8756.45,3,126.629,5.878,step
2026-08-31T18:37:35.920309+00:00,95.487,0.0011,0.15,0.0,0.003,0.0026,8756.66,3,126.068,5.9,step
2026-08-31T18:37:35.921650+00:00,95.49,0.0012,0.15,0.0,0.0028,0.0026,8756.91,3,125.507,5.922,step
2026-08-31T18:37:35.923067+00:00,95.492,0.0012,0.15,0.0,0.0025,0.0025,8757.15,3,124.946,5.944,step
2026-08-31T18:37:35.924399+00:00,95.495,0.0013,0.15,0.0,0.0023,0.0024,8757.39,3,124.385,5.966,step
2026-08-31T18:37:35.925786+00:00,95.497,0.0013,0.15,0.0,0.002,0.0024,8757.64,3,123.824,5.988,step
2026-08-31T18:37:35.927066+00:00,95.5,0.0014,0.15,0.0,0.0018,0.0023,8757.87,3,123.263,6.01,step
2026-08-31T18:37:35.928355+00:00,95.502,0.0014,0.15,0.0,0.0016,0.0022,8758.11,3,122.701,6.032,step
2026-08-31T18:37:35.929722+00:00,95.505,0.0015,0.15,0.0,0.0013,0.0022,8758.34,3,122.14,6.054,step
2026-08-31T18:37:35.931155+00:00,95.508,0.0015,0.15,0.0,0.0011,0.0021,8758.57,3,121.578,6.076,step
2026-08-31T18:37:35.932523+00:00,95.51,0.0015,0.15,0.0,0.0009,0.002,8758.8,3,121.025,6.098,step
2026-08-31T18:37:35.934124+00:00,95.513,0.0015,0.15,0.0,0.0007,0.0019,8759.03,3,120.478,6.12,step
2026-08-31T18:37:35.935421+00:00,95.515,0.0015,0.0,0.15,0.0005,0.0018,8759.26,3,119.933,6.142,step
2026-08-31T18:37:35.936739+00:00,95.075,0.0015,0.0,0.15,0.0004,0.0016,8572.61,3,119.388,6.164,step
2026-08-31T18:37:35.938083+00:00,94.435,0.0014,0.0,0.15,0.0002,0.0015,8510.86,3,118.854,6.186,step
2026-08-31T18:37:35.939384+00:00,93.796,0.0013,0.0,0.15,0.0001,0.0013,8451.31,3,118.328,6.208,step
2026-08-31T18:37:35.940697+00:00,93.16,0.0012,0.0,0.15,-0.0001,0.0012,8393.68,3,117.806,6.23,step
2026-08-31T18:37:35.942253+00:00,92.527,0.0011,0.0,0.15,-0.0002,0.001,8337.42,3,117.288,6.252,step
2026-08-31T18:37:35.943633+00:00,91.897,0.001,0.15,0.0,-0.0003,0.0009,8281.75,3,116.773,6.274,step
2026-08-31T18:37:35.944994+00:00,91.714,0.0009,0.15,0.0,-0.0004,0.0007,8415.43,3,116.251,6.296,step
2026-08-31T18:37:35.946438+00:00,91.725,0.0009,0.15,0.0,-0.0005,0.0007,8414.47,3,115.717,6.318,step
2026-08-31T18:37:35.947839+00:00,91.736,0.0009,0.15,0.0,-0.0006,0.0006,8413.85,3,115.178,6.34,step
2026-08-31T18:37:35.949209+00:00,91.746,0.0008,0.15,0.0,-0.0006,0.0005,8413.99,3,114.638,6.362,step
2026-08-31T18:37:35.950703+00:00,91.756,0.0008,0.15,0.0,-0.0007,0.0005,8414.79,3,114.096,6.384,step
2026-08-31T18:37:35.952157+00:00,91.766,0.0008,0.15,0.0,-0.0007,0.0004,8416.06,3,113.554,6.406,step
2026-08-31T18:37:35.953524+00:00,91.775,0.0007,0.15,0.0,-0.0008,0.0003,8417.69,3,113.012,6.428,step
2026-08-31T18:37:35.954891+00:00,91.785,0.0007,0.15,0.0,-0.0008,0.0003,8419.0,3,112.471,6.45,step
2026-08-31T18:37:35.956207+00:00,91.795,0.0006,0.15,0.0,-0.0008,0.0002,8420.04,3,111.929,6.472,step
2026-08-31T18:37:35.957632+00:00,91.805,0.0005,0.15,0.0,-0.0008,0.0001,8420.9,3,111.388,6.494,step
2026-08-31T18:37:35.959274+00:00,91.815,0.0005,0.15,0.0,-0.0008,0.0001,8421.57,3,110.847,6.516,step
2026-08-31T18:37:35.960625+00:00,91.824,0.0004,0.15,0.0,-0.0008,0.0,8422.4,3,110.298,6.538,step
2026-08-31T18:37:35.961978+00:00,91.834,0.0004,0.15,0.0,-0.0008,0.0,8423.26,3,109.74,6.56,step
2026-08-31T18:37:35.963313+00:00,91.844,0.0004,0.15,0.0,-0.0009,0.0,8424.13,3,109.18,6.582,step
2026-08-31T18:37:35.964659+00:00,91.853,0.0004,0.15,0.0,-0.0009,0.0,8425.02,3,108.619,6.604,step
2026-08-31T18:37:35.966052+00:00,91.863,0.0004,0.15,0.0,-0.0009,0.0,8425.91,3,108.057,6.626,step
2026-08-31T18:37:35.967588+00:00,91.872,0.0004,0.15,0.0,-0.0009,0.0,8426.82,3,107.496,6.648,step
2026-08-31T18:37:35.968935+00:00,91.882,0.0004,0.15,0.0,-0.0009,0.0,8427.71,3,106.935,6.67,step
2026-08-31T18:37:35.970315+00:00,91.892,0.0004,0.15,0.0,-0.0009,0.0,8428.6,3,106.373,6.692,step
2026-08-31T18:37:35.971677+00:00,91.901,0.0004,0.15,0.0,-0.0009,0.0,8429.48,3,105.812,6.714,step
2026-08-31T18:37:35.973001+00:00,91.911,0.0004,0.15,0.0,-0.0009,0.0,8430.33,3,105.25,6.736,step
2026-08-31T18:37:35.974390+00:00,91.92,0.0004,0.15,0.0,-0.0009,0.0,8431.19,3,104.689,6.758,step
2026-08-31T18:37:35.976022+00:00,91.93,0.0004,0.15,0.0,-0.0008,0.0,8432.05,3,104.128,6.78,step
2026-08-31T18:37:35.977383+00:00,91.939,0.0004,0.15,0.0,-0.0009,0.0,8432.88,3,103.566,6.802,step
2026-08-31T18:37:35.978716+00:00,91.949,0.0004,0.15,0.0,-0.0009,0.0,8433.61,3,103.003,6.824,step
2026-08-31T18:37:35.980054+00:00,91.958,0.0004,0.15,0.0,-0.0009,0.0,8434.46,3,102.441,6.846,step
2026-08-31T18:37:35.981406+00:00,91.967,0.0004,0.15,0.0,-0.0009,0.0,8435.37,3,101.879,6.868,step
2026-08-31T18:37:35.982856+00:00,91.977,0.0005,0.15,0.0,-0.0009,0.0,8436.3,3,101.316,6.89,step
2026-08-31T18:37:35.984388+00:00,91.986,0.0005,0.15,0.0,-0.0009,0.0,8437.19,3,100.754,6.912,step
2026-08-31T18:37:35.985704+00:00,91.995,0.0004,0.15,0.0,-0.0009,0.0,8438.06,3,100.192,6.934,step
2026-08-31T18:37:35.987028+00:00,92.004,0.0004,0.0,0.15,-0.0009,0.0,8438.91,3,99.6301,6.956,step
2026-08-31T18:37:35.988365+00:00,91.572,0.0004,0.15,0.0,-0.0009,-0.0,8259.37,3,99.0737,6.978,step
2026-08-31T18:37:35.989797+00:00,91.386,0.0004,0.15,0.0,-0.0009,-0.0,8384.67,3,98.5221,7.0,step
2026-08-31T18:37:35.991176+00:00,91.397,0.0004,0.15,0.0,-0.0009,-0.0,8384.43,3,97.9652,7.022,step
2026-08-31T18:37:35.992702+00:00,91.407,0.0004,0.15,0.0,-0.0009,-0.0,8384.8,3,97.4071,7.044,step
2026-08-31T18:37:35.994121+00:00,91.418,0.0004,0.15,0.0,-0.0009,-0.0001,8385.27,3,96.8485,7.066,step
2026-08-31T18:37:35.995460+00:00,91.428,0.0004,0.15,0.0,-0.0009,-0.0001,8385.92,3,96.2897,7.088,step
2026-08-31T18:37:35.996809+00:00,91.439,0.0004,0.15,0.0,-0.0009,-0.0001,8386.78,3,95.731,7.11,step
2026-08-31T18:37:35.998112+00:00,91.449,0.0004,0.15,0.0,-0.0009,-0.0001,8387.68,3,95.1724,7.132,step
2026-08-31T18:37:35.999668+00:00,91.459,0.0004,0.15,0.0,-0.0009,-0.0001,8388.72,3,94.6138,7.154,step
2026-08-31T18:37:36.001159+00:00,91.469,0.0004,0.15,0.0,-0.0009,-0.0001,8389.92,3,94.0551,7.176,step
2026-08-31T18:37:36.002486+00:00,91.479,0.0004,0.15,0.0,-0.0008,-0.0001,8391.0,3,93.4965,7.198,step
2026-08-31T18:37:36.003839+00:00,91.49,0.0004,0.15,0.0,-0.0008,-0.0001,8391.93,3,92.9372,7.22,step
2026-08-31T18:37:36.005151+00:00,91.5,0.0004,0.15,0.0,-0.0008,-0.0001,8392.87,3,92.3777,7.242,step
2026-08-31T18:37:36.006450+00:00,91.51,0.0004,0.15,0.0,-0.0008,-0.0001,8393.77,3,91.8182,7.264,step
2026-08-31T18:37:36.007851+00:00,91.52,0.0004,0.15,0.0,-0.0008,-0.0001,8394.67,3,91.2588,7.286,step
2026-08-31T18:37:36.009371+00:00,91.53,0.0004,0.15,0.0,-0.0008,-0.0001,8395.57,3,90.6993,7.308,step
2026-08-31T18:37:36.010702+00:00,91.54,0.0004,0.15,0.0,-0.0008,-0.0001,8396.47,3,90.1399,7.33,step
2026-08-31T18:37:36.012051+00:00,91.55,0.0004,0.15,0.0,-0.0008,-0.0001,8397.37,3,89.5804,7.352,step
2026-08-31T18:37:36.013401+00:00,91.56,0.0004,0.15,0.0,-0.0008,-0.0001,8398.26,3,89.021,7.374,step
2026-08-31T18:37:36.014730+00:00,91.57,0.0004,0.15,0.0,-0.0008,-0.0001,8399.16,3,88.4617,7.396,step
2026-08-31T18:37:36.016035+00:00,91.58,0.0004,0.15,0.0,-0.0008,-0.0001,8400.07,3,87.9025,7.418,step
2026-08-31T18:37:36.017563+00:00,91.59,0.0003,0.15,0.0,-0.0008,-0.0001,8400.99,3,87.3432,7.44,step
2026-08-31T18:37:36.018884+00:00,91.599,0.0003,0.15,0.0,-0.0008,-0.0001,8401.66,3,86.7836,7.462,step
2026-08-31T18:37:36.020196+00:00,91.609,0.0003,0.15,0.0,-0.0008,-0.0001,8402.57,3,86.2233,7.484,step
2026-08-31T18:37:36.021516+00:00,91.619,0.0003,0.15,0.0,-0.0008,-0.0001,8403.57,3,85.663,7.506,step
2026-08-31T18:37:36.022839+00:00,91.629,0.0003,0.15,0.0,-0.0008,-0.0001,8404.55,3,85.1029,7.528,step
2026-08-31T18:37:36.024186+00:00,91.638,0.0003,0.15,0.0,-0.0008,-0.0001,8405.48,3,84.5427,7.55,step
2026-08-31T18:37:36.025764+00:00,91.648,0.0003,0.15,0.0,-0.0008,-0.0001,8406.39,3,83.9827,7.572,step
2026-08-31T18:37:36.027076+00:00,91.658,0.0003,0.15,0.0,-0.0008,-0.0001,8407.27,3,83.4226,7.594,step
2026-08-31T18:37:36.028447+00:00,91.668,0.0003,0.15,0.0,-0.0008,-0.0001,8408.15,3,82.8625,7.616,step
2026-08-31T18:37:36.029879+00:00,91.677,0.0003,0.15,0.0,-0.0008,-0.0001,8409.03,3,82.3024,7.638,step
2026-08-31T18:37:36.031237+00:00,91.687,0.0003,0.15,0.0,-0.0008,-0.0001,8409.89,3,81.7424,7.66,step
2026-08-31T18:37:36.032652+00:00,91.696,0.0003,0.15,0.0,-0.0007,-0.0001,8410.74,3,81.1825,7.682,step
2026-08-31T18:37:36.034159+00:00,91.706,0.0003,0.15,0.0,-0.0007,-0.0001,8411.6,3,80.6225,7.704,step
2026-08-31T18:37:36.035565+00:00,91.715,0.0003,0.15,0.0,-0.0007,-0.0001,8412.43,3,80.0618,7.726,step
2026-08-31T18:37:36.036885+00:00,91.725,0.0003,0.15,0.0,-0.0007,-0.0001,8413.31,3,79.5009,7.748,step
2026-08-31T18:37:36.038189+00:00,91.734,0.0003,0.15,0.0,-0.0007,-0.0001,8413.93,3,78.94,7.77,step
2026-08-31T18:37:36.039484+00:00,91.744,0.0003,0.15,0.0,-0.0007,-0.0001,8414.81,3,78.3792,7.792,step
2026-08-31T18:37:36.040857+00:00,91.753,0.0003,0.15,0.0,-0.0007,-0.0001,8415.79,3,77.8182,7.814,step
2026-08-31T18:37:36.042404+00:00,91.762,0.0003,0.15,0.0,-0.0007,-0.0001,8416.75,3,77.2574,7.836,step
2026-08-31T18:37:36.043718+00:00,91.772,0.0003,0.15,0.0,-0.0007,-0.0001,8417.66,3,76.6967,7.858,step
2026-08-31T18:37:36.045024+00:00,91.781,0.0003,0.15,0.0,-0.0007,-0.0001,8418.53,3,76.136,7.88,step
2026-08-31T18:37:36.046371+00:00,91.79,0.0003,0.15,0.0,-0.0007,-0.0001,8419.38,3,75.5753,7.902,step
2026-08-31T18:37:36.047785+00:00,91.799,0.0003,0.15,0.0,-0.0007,-0.0001,8420.21,3,75.0146,7.924,step
2026-08-31T18:37:36.049141+00:00,91.809,0.0003,0.15,0.0,-0.0007,-0.0001,8421.05,3,74.4539,7.946,step
2026-08-31T18:37:36.050700+00:00,91.818,0.0003,0.15,0.0,-0.0007,-0.0001,8421.88,3,73.8932,7.968,step
2026-08-31T18:37:36.052076+00:00,91.827,0.0003,0.15,0.0,-0.0007,-0.0001,8422.66,3,73.3318,7.99,step
2026-08-31T18:37:36.053338+00:00,91.835,0.0003,0.15,0.0,-0.0007,-0.0001,8423.4,3,72.8214,8.01,step
2026-08-31T18:37:36.054626+00:00,91.844,0.0003,0.15,0.0,-0.0007,-0.0001,8424.16,3,72.311,8.03,step
2026-08-31T18:37:36.055857+00:00,91.852,0.0003,0.15,0.0,-0.0007,-0.0001,8424.92,3,71.8005,8.05,step
2026-08-31T18:37:36.057188+00:00,91.86,0.0003,0.15,0.0,-0.0007,-0.0001,8425.64,3,71.2899,8.07,step
2026-08-31T18:37:36.058469+00:00,91.868,0.0003,0.15,0.0,-0.0007,-0.0001,8426.14,3,70.7795,8.09,step
2026-08-31T18:37:36.059803+00:00,91.876,0.0003,0.15,0.0,-0.0007,-0.0001,8426.93,3,70.269,8.11,step
2026-08-31T18:37:36.061063+00:00,91.885,0.0003,0.15,0.0,-0.0007,-0.0001,8427.81,3,69.7586,8.13,step
2026-08-31T18:37:36.062307+00:00,91.893,0.0003,0.15,0.0,-0.0007,-0.0001,8428.65,3,69.2481,8.15,step
2026-08-31T18:37:36.063621+00:00,91.901,0.0003,0.15,0.0,-0.0007,-0.0001,8429.46,3,68.7379,8.17,step
2026-08-31T18:37:36.064915+00:00,91.909,0.0003,0.15,0.0,-0.0006,-0.0001,8430.22,3,68.2275,8.19,step
2026-08-31T18:37:36.066129+00:00,91.917,0.0003,0.15,0.0,-0.0006,-0.0001,8430.96,3,67.7173,8.21,step
2026-08-31T18:37:36.067547+00:00,91.925,0.0003,0.15,0.0,-0.0006,-0.0001,8431.68,3,67.2069,8.23,step
2026-08-31T18:37:36.068927+00:00,91.933,0.0003,0.15,0.0,-0.0006,-0.0001,8432.39,3,66.6967,8.25,step
2026-08-31T18:37:36.070198+00:00,91.941,0.0003,0.15,0.0,-0.0006,-0.0001,8433.1,3,66.1854,8.27,step
2026-08-31T18:37:36.071492+00:00,91.949,0.0003,0.15,0.0,-0.0006,-0.0001,8433.8,3,65.6742,8.29,step
2026-08-31T18:37:36.072805+00:00,91.957,0.0003,0.15,0.0,-0.0006,-0.0001,8434.51,3,65.1629,8.31,step
2026-08-31T18:37:36.074072+00:00,91.965,0.0003,0.15,0.0,-0.0006,-0.0001,8435.22,3,64.6518,8.33,step
2026-08-31T18:37:36.075450+00:00,91.973,0.0003,0.15,0.0,-0.0006,-0.0001,8435.94,3,64.1407,8.35,step
2026-08-31T18:37:36.076808+00:00,91.98,0.0003,0.15,0.0,-0.0006,-0.0001,8436.67,3,63.6297,8.37,step
2026-08-31T18:37:36.078086+00:00,91.988,0.0003,0.15,0.0,-0.0006,-0.0001,8437.11,3,63.1186,8.39,step
2026-08-31T18:37:36.079352+00:00,91.996,0.0003,0.15,0.0,-0.0006,-0.0001,8437.78,3,62.6076,8.41,step
2026-08-31T18:37:36.080624+00:00,92.004,0.0003,0.0,0.15,-0.0006,-0.0001,8438.56,3,62.0965,8.43,step
2026-08-31T18:37:36.081900+00:00,91.626,0.0002,0.15,0.0,-0.0006,-0.0001,8264.99,3,61.5886,8.45,step
2026-08-31T18:37:36.083184+00:00,91.44,0.0002,0.15,0.0,-0.0006,-0.0001,8389.55,3,61.0845,8.47,step
2026-08-31T18:37:36.084622+00:00,91.449,0.0002,0.15,0.0,-0.0006,-0.0001,8389.32,3,60.5778,8.49,step
2026-08-31T18:37:36.085870+00:00,91.457,0.0002,0.15,0.0,-0.0006,-0.0001,8389.56,3,60.0703,8.51,step
2026-08-31T18:37:36.087115+00:00,91.466,0.0002,0.15,0.0,-0.0006,-0.0001,8389.95,3,59.5626,8.53,step
2026-08-31T18:37:36.088356+00:00,91.475,0.0002,0.0,0.15,-0.0005,-0.0001,8390.44,3,59.0547,8.55,step
2026-08-31T18:37:36.089650+00:00,91.099,0.0002,0.0,0.15,-0.0005,-0.0001,8218.62,3,58.5496,8.57,step
2026-08-31T18:37:36.090937+00:00,90.531,0.0001,0.0,0.15,-0.0005,-0.0002,8163.6,3,58.0519,8.59,step
2026-08-31T18:37:36.092499+00:00,89.962,0.0,0.0,0.15,-0.0005,-0.0002,8109.7,3,57.5596,8.61,step
2026-08-31T18:37:36.093771+00:00,89.397,-0.0,0.0,0.15,-0.0005,-0.0003,8057.8,3,57.071,8.63,step
2026-08-31T18:37:36.095018+00:00,88.833,-0.0001,0.0,0.15,-0.0005,-0.0003,8007.25,3,56.5858,8.65,step
2026-08-31T18:37:36.096309+00:00,88.272,-0.0002,0.0,0.15,-0.0005,-0.0004,7957.49,3,56.1035,8.67,step
2026-08-31T18:37:36.097634+00:00,87.714,-0.0003,0.0,0.15,-0.0004,-0.0005,7908.07,3,55.6241,8.69,step
2026-08-31T18:37:36.098873+00:00,87.156,-0.0003,0.0,0.15,-0.0004,-0.0005,7859.77,3,55.1475,8.71,step
2026-08-31T18:37:36.100121+00:00,86.601,-0.0004,0.0,0.15,-0.0004,-0.0006,7810.26,3,54.6736,8.73,step
2026-08-31T18:37:36.101588+00:00,86.049,-0.0005,0.0,0.15,-0.0003,-0.0007,7760.6,3,54.2023,8.75,step
2026-08-31T18:37:36.102819+00:00,85.498,-0.0006,0.0,0.15,-0.0003,-0.0007,7711.04,3,53.7335,8.77,step
2026-08-31T18:37:36.104077+00:00,84.948,-0.0006,0.0,0.15,-0.0003,-0.0007,7661.67,3,53.2647,8.79,step
2026-08-31T18:37:36.105371+00:00,84.401,-0.0006,0.0,0.15,-0.0002,-0.0008,7612.48,3,52.7957,8.81,step
2026-08-31T18:37:36.106692+00:00,83.855,-0.0007,0.0,0.15,-0.0002,-0.0008,7563.5,3,52.3285,8.83,step
2026-08-31T18:37:36.107976+00:00,83.31,-0.0007,0.0,0.15,-0.0001,-0.0008,7514.74,3,51.8634,8.85,step
2026-08-31T18:37:36.109462+00:00,82.767,-0.0007,0.0,0.15,-0.0001,-0.0007,7466.12,3,51.401,8.87,step
2026-08-31T18:37:36.110747+00:00,82.225,-0.0007,0.0,0.15,-0.0,-0.0007,7417.64,3,50.9416,8.89,step
2026-08-31T18:37:36.112008+00:00,81.685,-0.0007,0.0,0.15,-0.0,-0.0007,7369.35,3,50.4848,8.91,step
2026-08-31T18:37:36.113286+00:00,81.146,-0.0007,0.0,0.15,0.0,-0.0007,7321.1,3,50.0309,8.93,step
2026-08-31T18:37:36.114639+00:00,80.61,-0.0007,0.0,0.15,0.0001,-0.0007,7273.11,3,49.5798,8.95,step
2026-08-31T18:37:36.115894+00:00,80.075,-0.0007,0.0,0.15,0.0001,-0.0007,7225.2,3,49.1316,8.97,step
2026-08-31T18:37:36.117302+00:00,79.542,-0.0008,0.0,0.15,0.0002,-0.0007,7177.42,2,48.6863,8.99,step
2026-08-31T18:37:36.118676+00:00,79.028,-0.0007,0.0,0.15,0.0002,-0.0006,9022.48,2,48.243,9.01,step
2026-08-31T18:37:36.119949+00:00,78.529,-0.0007,0.0,0.15,0.0002,-0.0006,9001.25,2,47.8003,9.03,step
2026-08-31T18:37:36.121214+00:00,78.012,-0.0007,0.0,0.15,0.0003,-0.0006,8840.95,2,47.3593,9.05,step
2026-08-31T18:37:36.122433+00:00,77.424,-0.0006,0.0,0.15,0.0003,-0.0005,8771.02,2,46.9154,9.07,step
2026-08-31T18:37:36.123665+00:00,76.838,-0.0005,0.0,0.15,0.0003,-0.0003,8704.16,2,46.4707,9.09,step
2026-08-31T18:37:36.124939+00:00,76.255,-0.0004,0.0,0.15,0.0004,-0.0002,8638.22,2,46.0307,9.11,step
2026-08-31T18:37:36.126331+00:00,75.675,-0.0003,0.0,0.15,0.0004,-0.0001,8573.19,2,45.5962,9.13,step
2026-08-31T18:37:36.127561+00:00,75.097,-0.0002,0.0,0.15,0.0004,0.0,8508.87,2,45.1658,9.15,step
2026-08-31T18:37:36.128794+00:00,74.522,0.1999,0.0,0.15,0.0004,0.0001,8444.89,2,44.7395,9.17,step
2026-08-31T18:37:36.130040+00:00,73.963,0.1979,0.0,0.15,0.0006,-0.0018,8381.88,2,44.5507,9.19,step
2026-08-31T18:37:36.131283+00:00,73.354,0.1918,0.0,0.15,0.0014,-0.0076,8312.87,2,44.8248,9.21,step
2026-08-31T18:37:36.132511+00:00,72.76,-0.0167,0.0,0.15,0.0026,-0.0154,8243.05,2,45.3434,9.23,step
2026-08-31T18:37:36.133835+00:00,72.199,-0.0239,0.0,0.15,0.0042,-0.0218,8180.6,2,45.7068,9.25,step
2026-08-31T18:37:36.135096+00:00,71.625,-0.0267,0.0,0.15,0.0057,-0.0239,8121.09,2,45.5454,9.27,step
2026-08-31T18:37:36.136379+00:00,71.062,-0.0274,0.0,0.15,0.007,-0.0239,8059.24,2,45.146,9.29,step
2026-08-31T18:37:36.137642+00:00,70.505,0.1727,0.0,0.15,0.0084,-0.0231,7997.39,2,44.6587,9.31,step
2026-08-31T18:37:36.138933+00:00,69.965,0.1711,0.0,0.15,0.0099,-0.0239,7936.35,2,44.3683,9.33,step
2026-08-31T18:37:36.140240+00:00,69.377,0.1655,0.0,0.15,0.0119,-0.0285,7870.08,2,44.5084,9.35,step
2026-08-31T18:37:36.141511+00:00,68.805,0.1579,0.0,0.15,0.0143,-0.035,7803.62,2,44.865,9.37,step
2026-08-31T18:37:36.142917+00:00,68.247,-0.0506,0.8,0.0,0.0172,-0.042,7739.95,2,45.3004,9.39,step
2026-08-31T18:37:36.144190+00:00,68.564,-0.0571,0.8,0.0,0.0202,-0.047,8764.44,2,45.4927,9.41,step
2026-08-31T18:37:36.145433+00:00,69.287,-0.0591,0.8,0.0,0.0231,-0.0476,9174.82,2,45.1692,9.43,step
2026-08-31T18:37:36.146714+00:00,70.12,0.141,0.0,0.15,0.0258,-0.0461,9471.82,2,44.6101,9.45,step
2026-08-31T18:37:36.148009+00:00,70.476,0.1403,0.0,0.15,0.0286,-0.0454,8006.38,2,44.1382,9.47,step
2026-08-31T18:37:36.149264+00:00,69.89,0.1367,0.0,0.15,0.0318,-0.0475,7948.28,2,43.9796,9.49,step
2026-08-31T18:37:36.150665+00:00,69.299,0.1311,0.0,0.15,0.0352,-0.0513,7868.65,2,44.024,9.51,step
2026-08-31T18:37:36.151944+00:00,68.728,0.1241,0.0,0.15,0.039,-0.0564,7794.08,2,44.2035,9.53,step
2026-08-31T18:37:36.153219+00:00,68.171,0.1165,0.0,0.15,0.0431,-0.062,7726.59,2,44.4581,9.55,step
2026-08-31T18:37:36.154515+00:00,67.621,0.1086,0.0,0.15,0.0475,-0.0677,7664.41,2,44.7386,9.57,step
2026-08-31T18:37:36.155778+00:00,67.074,-0.0993,0.8,0.0,0.0522,-0.0732,7605.1,2,45.0135,9.59,step
2026-08-31T18:37:36.157117+00:00,67.38,0.0954,0.0,0.15,0.0569,-0.0761,8597.79,2,44.9907,9.61,step
2026-08-31T18:37:36.158481+00:00,67.402,0.0927,0.0,0.15,0.0615,-0.0766,7657.59,2,44.6665,9.63,step
2026-08-31T18:37:36.160064+00:00,66.844,0.0877,0.0,0.15,0.0664,-0.0791,7596.47,2,44.5933,9.65,step
2026-08-31T18:37:36.161368+00:00,66.299,0.0817,0.0,0.15,0.0716,-0.0825,7531.21,2,44.6324,9.67,step
2026-08-31T18:37:36.162703+00:00,65.759,0.0755,0.0,0.15,0.077,-0.086,7466.56,2,44.7053,9.69,step
2026-08-31T18:37:36.164010+00:00,65.221,0.0692,0.0,0.15,0.0825,-0.0895,7404.0,2,44.777,9.71,step
2026-08-31T18:37:36.165368+00:00,64.683,0.063,0.0,0.15,0.0882,-0.0929,7343.1,2,44.8343,9.73,step
2026-08-31T18:37:36.166826+00:00,64.152,0.057,0.0,0.15,0.094,-0.096,7283.91,2,44.8696,9.75,step
2026-08-31T18:37:36.168490+00:00,63.623,0.0512,0.0,0.15,0.1,-0.0988,7225.29,2,44.8754,9.77,step
2026-08-31T18:37:36.169867+00:00,63.097,0.0457,0.0,0.15,0.106,-0.1013,7166.84,2,44.8487,9.79,step
2026-08-31T18:37:36.171327+00:00,62.573,0.0427,0.0,0.15,0.1121,-0.1013,7108.35,2,44.791,9.81,step
2026-08-31T18:37:36.172756+00:00,62.051,0.0417,0.0,0.15,0.118,-0.0993,7049.94,2,44.7092,9.83,step
2026-08-31T18:37:36.174142+00:00,61.531,0.0409,0.0,0.15,0.1237,-0.0972,6991.44,2,44.6135,9.85,step
2026-08-31T18:37:36.175774+00:00,61.012,0.0403,0.0,0.15,0.1293,-0.095,6933.02,2,44.5105,9.87,step
2026-08-31T18:37:36.177183+00:00,60.491,0.0398,0.0,0.15,0.1347,-0.0928,6879.19,2,44.4007,9.89,step
2026-08-31T18:37:36.178592+00:00,59.974,0.0394,0.0,0.15,0.1399,-0.0906,6821.17,2,44.2878,9.91,step
2026-08-31T18:37:36.180052+00:00,59.456,0.0391,0.0,0.15,0.145,-0.0884,6761.89,2,44.1722,9.93,step
2026-08-31T18:37:36.181580+00:00,58.941,0.0389,0.0,0.15,0.15,-0.0862,6701.86,2,44.0593,9.95,step
2026-08-31T18:37:36.183035+00:00,58.43,0.0387,0.0,0.15,0.1547,-0.084,6643.38,2,43.9493,9.97,step
2026-08-31T18:37:36.184623+00:00,57.922,0.0385,0.0,0.15,0.1593,-0.0818,6585.51,2,43.8408,9.99,step
2026-08-31T18:37:36.186085+00:00,57.415,0.0385,0.0,0.15,0.1638,-0.0796,6528.07,2,43.7332,10.01,step
2026-08-31T18:37:36.187493+00:00,56.909,0.0385,0.0,0.15,0.1681,-0.0775,6471.0,2,43.6239,10.03,step
2026-08-31T18:37:36.188906+00:00,56.405,0.0386,0.0,0.15,0.1722,-0.0753,6414.13,2,43.513,10.05,step
2026-08-31T18:37:36.190343+00:00,55.901,0.0387,0.0,0.15,0.1762,-0.0731,6357.37,2,43.4044,10.07,step
2026-08-31T18:37:36.191894+00:00,55.399,0.0389,0.0,0.15,0.1801,-0.071,6300.64,2,43.2985,10.09,step
2026-08-31T18:37:36.193335+00:00,54.898,0.0392,0.0,0.15,0.1838,-0.0689,6244.88,2,43.1943,10.11,step
2026-08-31T18:37:36.194735+00:00,54.394,0.0395,0.0,0.15,0.1874,-0.0668,6192.54,2,43.09,10.13,step
2026-08-31T18:37:36.196131+00:00,53.894,0.0398,0.0,0.15,0.1909,-0.0647,6135.61,2,42.9865,10.15,step
2026-08-31T18:37:36.197577+00:00,53.394,0.0402,0.0,0.15,0.1942,-0.0627,6077.69,2,42.8869,10.17,step
2026-08-31T18:37:36.199090+00:00,52.898,0.0406,0.0,0.15,0.1974,-0.0607,6019.8,2,42.7932,10.19,step
2026-08-31T18:37:36.200728+00:00,52.405,0.041,0.0,0.15,0.2005,-0.0587,5963.03,2,42.705,10.21,step
2026-08-31T18:37:36.202262+00:00,51.912,0.0415,0.0,0.15,0.2034,-0.0568,5906.91,2,42.6205,10.23,step
2026-08-31T18:37:36.203699+00:00,51.421,0.042,0.0,0.15,0.2063,-0.0549,5851.2,2,42.5378,10.25,step
2026-08-31T18:37:36.205137+00:00,50.931,0.0425,0.0,0.15,0.209,-0.053,5795.8,2,42.4584,10.27,step
2026-08-31T18:37:36.206592+00:00,50.442,0.043,0.0,0.15,0.2116,-0.0512,5740.61,2,42.3816,10.29,step
2026-08-31T18:37:36.208004+00:00,49.955,0.0436,0.0,0.15,0.2142,-0.0493,5685.49,1,42.3086,10.31,step
2026-08-31T18:37:36.209658+00:00,49.474,0.0442,0.0,0.15,0.2166,-0.0476,7628.54,1,42.2407,10.33,step
2026-08-31T18:37:36.211076+00:00,48.996,0.0447,0.0,0.15,0.2189,-0.0458,7617.31,1,42.1758,10.35,step
2026-08-31T18:37:36.212515+00:00,48.503,0.0453,0.0,0.15,0.2211,-0.0441,7391.34,1,42.1153,10.37,step
2026-08-31T18:37:36.213913+00:00,47.963,0.0459,0.0,0.15,0.2232,-0.0424,7315.15,1,42.0624,10.39,step
2026-08-31T18:37:36.215351+00:00,47.429,0.0465,0.0,0.15,0.2253,-0.0408,7234.27,1,42.016,10.41,step
2026-08-31T18:37:36.216754+00:00,46.899,0.0471,0.15,0.0,0.2272,-0.0393,7152.89,1,41.9756,10.43,step
2026-08-31T18:37:36.218256+00:00,46.887,0.0478,0.15,0.0,0.2291,-0.0377,7338.05,1,41.9288,10.45,step
2026-08-31T18:37:36.219686+00:00,46.995,0.0485,0.15,0.0,0.2309,-0.036,7350.94,1,41.8718,10.47,step
2026-08-31T18:37:36.221095+00:00,47.102,0.0493,0.0,0.15,0.2327,-0.0343,7364.57,1,41.8138,10.49,step
2026-08-31T18:37:36.222532+00:00,46.709,0.0501,0.15,0.0,0.2344,-0.0327,7135.57,1,41.7637,10.51,step
2026-08-31T18:37:36.223972+00:00,46.695,0.0509,0.15,0.0,0.236,-0.0311,7302.7,1,41.7197,10.53,step
2026-08-31T18:37:36.225646+00:00,46.801,0.0518,0.15,0.0,0.2375,-0.0294,7319.15,1,41.6717,10.55,step
2026-08-31T18:37:36.227050+00:00,46.907,0.0527,0.15,0.0,0.239,-0.0278,7335.31,1,41.6263,10.57,step
2026-08-31T18:37:36.228392+00:00,47.014,0.0536,0.0,0.15,0.2404,-0.0262,7351.56,1,41.5856,10.59,step
2026-08-31T18:37:36.229820+00:00,46.621,0.0544,0.15,0.0,0.2418,-0.0247,7118.41,1,41.5592,10.61,step
2026-08-31T18:37:36.231246+00:00,46.607,0.0553,0.15,0.0,0.2431,-0.0232,7292.3,1,41.542,10.63,step
2026-08-31T18:37:36.232605+00:00,46.714,0.0561,0.15,0.0,0.2443,-0.0217,7307.2,1,41.5202,10.65,step
2026-08-31T18:37:36.234095+00:00,46.821,0.0571,0.15,0.0,0.2455,-0.0202,7321.96,1,41.5007,10.67,step
2026-08-31T18:37:36.235625+00:00,46.927,0.058,0.15,0.0,0.2466,-0.0187,7337.57,1,41.4854,10.69,step
2026-08-31T18:37:36.237013+00:00,47.033,0.0589,0.0,0.15,0.2477,-0.0172,7353.6,1,41.4745,10.71,step
2026-08-31T18:37:36.238468+00:00,46.64,0.0598,0.15,0.0,0.2487,-0.0158,7122.46,1,41.4792,10.73,step
2026-08-31T18:37:36.239942+00:00,46.627,0.0607,0.15,0.0,0.2496,-0.0145,7295.12,1,41.4957,10.75,step
2026-08-31T18:37:36.241328+00:00,46.734,0.0616,0.15,0.0,0.2505,-0.0132,7310.26,1,41.5082,10.77,step
2026-08-31T18:37:36.242893+00:00,46.84,0.0625,0.15,0.0,0.2513,-0.0118,7325.99,1,41.5249,10.79,step
2026-08-31T18:37:36.244330+00:00,46.946,0.0634,0.15,0.0,0.2521,-0.0105,7341.75,1,41.5437,10.81,step
2026-08-31T18:37:36.245694+00:00,47.053,0.0644,0.0,0.15,0.2529,-0.0092,7357.71,1,41.5668,10.83,step
2026-08-31T18:37:36.247077+00:00,46.659,0.0653,0.15,0.0,0.2535,-0.0079,7124.75,1,41.6073,10.85,step
2026-08-31T18:37:36.248445+00:00,46.649,0.0661,0.15,0.0,0.2542,-0.0068,7298.75,1,41.6619,10.87,step
2026-08-31T18:37:36.249846+00:00,46.755,0.0671,0.15,0.0,0.2547,-0.0056,7313.8,1,41.7125,10.89,step
2026-08-31T18:37:36.251387+00:00,46.862,0.068,0.15,0.0,0.2553,-0.0044,7329.37,1,41.7673,10.91,step
2026-08-31T18:37:36.252755+00:00,46.968,0.0689,0.15,0.0,0.2558,-0.0032,7345.1,1,41.8279,10.93,step
2026-08-31T18:37:36.254166+00:00,47.074,0.0699,0.0,0.15,0.2562,-0.002,7362.37,1,41.895,10.95,step
2026-08-31T18:37:36.255569+00:00,46.683,0.0708,0.15,0.0,0.2566,-0.0009,7126.53,1,41.983,10.97,step
2026-08-31T18:37:36.256963+00:00,46.672,0.0716,0.15,0.0,0.257,0.0,7303.57,1,42.0873,10.99,step
2026-08-31T18:37:36.258621+00:00,46.78,0.0724,0.15,0.0,0.2573,0.0011,7318.3,1,42.1875,11.01,step
2026-08-31T18:37:36.260100+00:00,46.887,0.0734,0.15,0.0,0.2576,0.0021,7333.74,1,42.2872,11.03,step
2026-08-31T18:37:36.261521+00:00,46.994,0.0743,0.15,0.0,0.2578,0.0032,7349.43,1,42.3916,11.05,step
2026-08-31T18:37:36.262935+00:00,47.101,0.0753,0.0,0.15,0.258,0.0043,7365.38,1,42.5032,11.07,step
2026-08-31T18:37:36.264320+00:00,46.709,0.0761,0.15,0.0,0.2581,0.0052,7132.55,1,42.6397,11.09,step
2026-08-31T18:37:36.265750+00:00,46.701,0.0769,0.15,0.0,0.2583,0.0061,7307.02,1,42.7962,11.11,step
2026-08-31T18:37:36.267288+00:00,46.808,0.0778,0.15,0.0,0.2583,0.007,7322.28,1,42.95,11.13,step
2026-08-31T18:37:36.268681+00:00,46.915,0.0787,0.15,0.0,0.2584,0.0079,7337.98,1,43.1108,11.15,step
2026-08-31T18:37:36.270063+00:00,47.023,0.0795,0.0,0.15,0.2584,0.0087,7353.85,1,43.2811,11.17,step
2026-08-31T18:37:36.271489+00:00,46.63,0.0803,0.15,0.0,0.2584,0.0095,7120.5,1,43.4782,11.19,step
2026-08-31T18:37:36.272809+00:00,46.626,0.0811,0.15,0.0,0.2583,0.0102,7295.36,1,43.6937,11.21,step
2026-08-31T18:37:36.274214+00:00,46.733,0.0819,0.15,0.0,0.2583,0.011,7312.85,1,43.9028,11.23,step
2026-08-31T18:37:36.275683+00:00,46.84,0.0827,0.15,0.0,0.2582,0.0118,7330.13,1,44.1228,11.25,step
2026-08-31T18:37:36.277075+00:00,46.949,0.0835,0.15,0.0,0.258,0.0125,7345.04,1,44.3545,11.27,step
2026-08-31T18:37:36.278431+00:00,47.057,0.0843,0.0,0.15,0.2579,0.0133,7360.35,1,44.5959,11.29,step
2026-08-31T18:37:36.279829+00:00,46.675,0.0851,0.15,0.0,0.2577,0.014,7126.96,1,44.861,11.31,step
2026-08-31T18:37:36.281166+00:00,46.664,-0.1141,0.8,0.0,0.2575,0.0146,7301.54,1,45.1455,11.33,step
2026-08-31T18:37:36.282500+00:00,47.212,-0.1115,0.8,0.0,0.257,0.017,8734.38,1,45.0411,11.35,step
2026-08-31T18:37:36.284121+00:00,47.971,0.0946,0.0,0.15,0.2561,0.0227,10024.3,1,44.2092,11.37,step
2026-08-31T18:37:36.285487+00:00,48.55,0.1007,0.0,0.15,0.255,0.0282,7532.99,1,43.4493,11.39,step
2026-08-31T18:37:36.286798+00:00,48.044,0.1036,0.0,0.15,0.2539,0.0305,7341.65,1,43.3574,11.41,step
2026-08-31T18:37:36.288126+00:00,47.494,0.1048,0.0,0.15,0.2529,0.0312,7246.77,1,43.6135,11.43,step
2026-08-31T18:37:36.289514+00:00,46.962,0.1052,0.15,0.0,0.2519,0.0312,7158.69,1,44.0315,11.45,step
2026-08-31T18:37:36.290822+00:00,46.962,0.1056,0.15,0.0,0.251,0.0311,7356.08,1,44.4939,11.47,step
2026-08-31T18:37:36.292339+00:00,47.072,0.106,0.0,0.15,0.2501,0.031,7367.71,1,44.9508,11.49,step
2026-08-31T18:37:36.293716+00:00,46.683,-0.0937,0.8,0.0,0.2492,0.031,7124.36,1,45.4364,11.51,step
2026-08-31T18:37:36.295021+00:00,47.052,-0.0914,0.8,0.0,0.2482,0.0327,8916.95,1,45.5052,11.53,step
2026-08-31T18:37:36.296380+00:00,47.76,0.1146,0.0,0.15,0.2467,0.0379,10360.7,1,44.7366,11.55,step
2026-08-31T18:37:36.297769+00:00,48.337,0.1204,0.0,0.15,0.2449,0.0428,7831.21,1,44.0687,11.57,step
2026-08-31T18:37:36.299130+00:00,48.006,0.1233,0.0,0.15,0.2432,0.0449,7337.55,1,44.0546,11.59,step
2026-08-31T18:37:36.300641+00:00,47.452,0.1247,0.0,0.15,0.2416,0.0455,7243.02,1,44.381,11.61,step
2026-08-31T18:37:36.302003+00:00,46.906,0.1252,0.15,0.0,0.2401,0.0453,7151.89,1,44.9136,11.63,step
2026-08-31T18:37:36.303317+00:00,46.899,-0.0746,0.8,0.0,0.2386,0.0447,7346.98,1,45.5549,11.65,step
2026-08-31T18:37:36.304677+00:00,47.438,-0.0725,0.8,0.0,0.237,0.046,8839.71,1,45.7508,11.67,step
2026-08-31T18:37:36.306032+00:00,48.192,-0.0668,0.8,0.0,0.2349,0.0506,10178.8,1,45.1044,11.69,step
2026-08-31T18:37:36.307367+00:00,49.029,0.1403,0.0,0.15,0.2325,0.0566,11379.0,1,44.1661,11.71,step
2026-08-31T18:37:36.308836+00:00,49.722,0.1464,0.0,0.15,0.2299,0.0614,8527.04,1,43.5301,11.73,step
2026-08-31T18:37:36.310333+00:00,49.568,0.1494,0.0,0.15,0.2274,0.0631,7580.5,1,43.617,11.75,step
2026-08-31T18:37:36.311639+00:00,48.997,0.1504,0.0,0.15,0.225,0.063,7475.48,1,44.1508,11.77,step
2026-08-31T18:37:36.313018+00:00,48.455,0.1504,0.0,0.15,0.2228,0.0618,7374.67,1,44.9702,11.79,step
2026-08-31T18:37:36.314409+00:00,47.93,-0.0503,0.8,0.0,0.2207,0.0601,7274.59,1,45.9797,11.81,step
2026-08-31T18:37:36.315741+00:00,48.266,-0.049,0.8,0.0,0.2184,0.0602,9298.59,1,46.5298,11.83,step
2026-08-31T18:37:36.317246+00:00,48.956,-0.0439,0.8,0.0,0.2157,0.064,10826.4,1,46.1054,11.85,step
2026-08-31T18:37:36.318740+00:00,49.745,-0.0374,0.8,0.0,0.2126,0.0689,12128.3,1,45.3738,11.87,step
2026-08-31T18:37:36.320053+00:00,50.618,0.1695,0.0,0.15,0.2094,0.0742,13239.5,2,44.5803,11.89,step
2026-08-31T18:37:36.321402+00:00,51.393,0.1754,0.0,0.15,0.2059,0.0784,9430.15,2,44.0754,11.91,step
2026-08-31T18:37:36.322770+00:00,51.947,0.179,0.0,0.15,0.2025,0.0802,9405.51,2,44.1828,11.93,step
2026-08-31T18:37:36.324118+00:00,51.409,0.181,0.0,0.15,0.1991,0.0806,5860.94,2,44.6804,11.95,step
2026-08-31T18:37:36.325486+00:00,50.861,-0.0184,0.8,0.0,0.1958,0.0795,5789.18,2,45.5892,11.97,step
2026-08-31T18:37:36.326836+00:00,51.164,-0.0169,0.8,0.0,0.1926,0.0794,6373.89,2,46.2851,11.99,step
2026-08-31T18:37:36.328095+00:00,51.791,-0.0121,0.8,0.0,0.1889,0.0824,6473.57,2,46.1006,12.01,step
2026-08-31T18:37:36.329359+00:00,52.46,-0.0063,0.8,0.0,0.1849,0.0862,6520.32,2,45.6926,12.03,step
2026-08-31T18:37:36.330649+00:00,53.14,-0.0003,0.8,0.0,0.1807,0.09,6556.26,2,45.2874,12.05,step
2026-08-31T18:37:36.331911+00:00,53.76,0.2056,0.0,0.15,0.1761,0.0937,6720.72,2,44.9469,12.07,step
2026-08-31T18:37:36.333189+00:00,53.687,0.01,0.8,0.0,0.1715,0.0958,6112.3,2,45.0278,12.09,step
2026-08-31T18:37:36.334609+00:00,53.946,0.013,0.8,0.0,0.1671,0.0966,6705.57,2,45.4985,12.11,step
2026-08-31T18:37:36.335881+00:00,54.599,0.0177,0.8,0.0,0.1623,0.0988,6845.54,2,45.5582,12.13,step
2026-08-31T18:37:36.337145+00:00,55.292,0.0229,0.8,0.0,0.1573,0.1016,6934.4,2,45.4868,12.15,step
2026-08-31T18:37:36.338442+00:00,56.008,0.0284,0.8,0.0,0.1521,0.1044,6996.47,2,45.3991,12.17,step
2026-08-31T18:37:36.339690+00:00,56.733,0.0339,0.8,0.0,0.1467,0.1072,7053.75,2,45.3398,12.19,step
2026-08-31T18:37:36.340934+00:00,57.458,0.0393,0.8,0.0,0.141,0.1098,7122.58,2,45.3355,12.21,step
2026-08-31T18:37:36.342282+00:00,58.181,0.0447,0.8,0.0,0.1352,0.1123,7208.96,2,45.3976,12.23,step
2026-08-31T18:37:36.343554+00:00,58.907,0.0499,0.8,0.0,0.1292,0.1145,7311.75,2,45.5359,12.25,step
2026-08-31T18:37:36.344830+00:00,59.637,0.055,0.8,0.0,0.123,0.1165,7428.24,2,45.7564,12.27,step
2026-08-31T18:37:36.346130+00:00,60.37,0.06,0.8,0.0,0.1166,0.1183,7570.75,2,46.0642,12.29,step
2026-08-31T18:37:36.347381+00:00,60.99,0.0647,0.8,0.0,0.1101,0.1197,7963.4,2,46.5311,12.31,step
2026-08-31T18:37:36.348732+00:00,61.67,0.0691,0.8,0.0,0.1034,0.1208,8328.21,2,47.1326,12.33,step
2026-08-31T18:37:36.350068+00:00,62.428,0.0733,0.8,0.0,0.0965,0.1215,8624.67,2,47.891,12.35,step
2026-08-31T18:37:36.351711+00:00,63.233,0.0772,0.8,0.0,0.0894,0.122,8896.27,2,48.8072,12.37,step
2026-08-31T18:37:36.352982+00:00,64.077,0.081,0.8,0.0,0.0822,0.1221,9147.77,2,49.9049,12.39,step
2026-08-31T18:37:36.354263+00:00,64.953,0.0846,0.8,0.0,0.0747,0.1219,9389.36,2,51.2322,12.41,step
2026-08-31T18:37:36.355490+00:00,65.85,0.0878,0.8,0.0,0.0671,0.1213,9620.83,2,52.8579,12.43,step
2026-08-31T18:37:36.356678+00:00,66.758,0.0864,0.8,0.0,0.0595,0.1161,9828.69,2,54.8706,12.45,step
2026-08-31T18:37:36.357871+00:00,67.668,0.0843,0.8,0.0,0.0519,0.1103,10028.4,2,57.3374,12.47,step
2026-08-31T18:37:36.359324+00:00,68.574,0.0818,0.8,0.0,0.0445,0.1041,10230.6,2,60.3302,12.49,step
2026-08-31T18:37:36.360525+00:00,69.432,0.0787,0.8,0.0,0.0373,0.0974,10516.4,2,64.0124,12.51,step
2026-08-31T18:37:36.361689+00:00,70.208,0.0751,0.8,0.0,0.0302,0.0901,10934.4,2,68.6651,12.53,step
2026-08-31T18:37:36.362976+00:00,71.019,0.0708,0.8,0.0,0.0232,0.0824,11281.5,2,74.5779,12.55,step
2026-08-31T18:37:36.364160+00:00,71.859,0.066,0.8,0.0,0.0165,0.0742,11569.9,2,82.2607,12.57,step
2026-08-31T18:37:36.365333+00:00,72.716,0.0605,0.8,0.0,0.01,0.0655,11816.5,2,92.5374,12.59,step
2026-08-31T18:37:36.366611+00:00,73.59,0.0546,0.8,0.0,0.0037,0.0564,12022.8,2,106.836,12.61,step
2026-08-31T18:37:36.368097+00:00,74.476,0.048,0.8,0.0,-0.0024,0.0468,12196.8,2,127.88,12.63,step
2026-08-31T18:37:36.369349+00:00,75.368,0.0409,0.8,0.0,-0.0081,0.0369,12349.9,2,161.523,12.65,step
2026-08-31T18:37:36.370617+00:00,76.259,0.0333,0.8,0.0,-0.0136,0.0265,12494.2,2,188.203,12.67,step
2026-08-31T18:37:36.371926+00:00,77.143,0.0251,0.8,0.0,-0.0187,0.0158,12639.7,2,193.851,12.69,step
2026-08-31T18:37:36.373294+00:00,78.016,0.0164,0.8,0.0,-0.0234,0.0047,12795.1,2,197.817,12.71,step
2026-08-31T18:37:36.374568+00:00,78.875,0.0072,0.8,0.0,-0.0277,-0.0067,12964.6,2,200.0,12.73,step
2026-08-31T18:37:36.376086+00:00,79.723,-0.0026,0.8,0.0,-0.0316,-0.0184,13145.7,2,200.0,12.75,step
2026-08-31T18:37:36.377382+00:00,80.562,-0.013,0.8,0.0,-0.035,-0.0306,13332.5,3,200.0,12.77,step
2026-08-31T18:37:36.378615+00:00,81.375,-0.0239,0.8,0.0,-0.038,-0.0429,10542.1,3,145.146,12.79,step
2026-08-31T18:37:36.379842+00:00,82.053,-0.0342,0.15,0.0,-0.0402,-0.0543,10542.0,3,115.01,12.81,step
2026-08-31T18:37:36.381062+00:00,82.33,-0.0417,0.15,0.0,-0.0416,-0.0625,7632.93,3,100.122,12.83,step
2026-08-31T18:37:36.382249+00:00,82.415,-0.046,0.15,0.0,-0.0418,-0.0669,7607.5,3,93.4995,12.85,step
2026-08-31T18:37:36.383463+00:00,82.465,-0.0481,0.15,0.0,-0.0409,-0.0686,7587.97,3,91.1743,12.87,step
2026-08-31T18:37:36.384829+00:00,82.513,-0.0488,0.15,0.0,-0.0392,-0.0683,7582.37,3,91.2978,12.89,step
2026-08-31T18:37:36.386052+00:00,82.562,-0.0487,0.15,0.0,-0.0366,-0.067,7580.78,3,92.9023,12.91,step
2026-08-31T18:37:36.387299+00:00,82.608,-0.0483,0.15,0.0,-0.0334,-0.065,7581.85,3,95.4049,12.93,step
2026-08-31T18:37:36.388518+00:00,82.65,-0.0479,0.15,0.0,-0.0299,-0.0628,7584.41,3,98.4296,12.95,step
2026-08-31T18:37:36.389779+00:00,82.69,-0.0475,0.15,0.0,-0.0261,-0.0605,7587.56,3,101.804,12.97,step
2026-08-31T18:37:36.391005+00:00,82.728,-0.0471,0.15,0.0,-0.0223,-0.0582,7590.88,3,105.452,12.99,step
2026-08-31T18:37:36.392693+00:00,82.765,-0.0467,0.15,0.0,-0.0184,-0.0559,7594.21,3,109.364,13.01,step
2026-08-31T18:37:36.393932+00:00,82.801,-0.0463,0.15,0.0,-0.0146,-0.0536,7597.51,3,113.58,13.03,step
2026-08-31T18:37:36.395185+00:00,82.837,-0.046,0.15,0.0,-0.0108,-0.0514,7600.81,3,118.1,13.05,step
2026-08-31T18:37:36.396414+00:00,82.873,-0.0456,0.8,0.0,-0.0072,-0.0492,7604.1,3,122.969,13.07,step
2026-08-31T18:37:36.397630+00:00,83.263,-0.0451,0.8,0.0,-0.0037,-0.0469,7998.99,3,128.433,13.09,step
2026-08-31T18:37:36.398844+00:00,83.867,-0.0444,0.8,0.0,-0.0003,-0.0445,8090.94,3,134.882,13.11,step
2026-08-31T18:37:36.400184+00:00,84.505,-0.0436,0.8,0.0,0.003,-0.0421,8144.2,3,142.184,13.13,step
2026-08-31T18:37:36.401558+00:00,85.149,-0.0428,0.8,0.0,0.0062,-0.0397,8192.19,3,150.268,13.15,step
2026-08-31T18:37:36.402807+00:00,85.793,-0.042,0.8,0.0,0.0092,-0.0374,8246.89,3,159.135,13.17,step
2026-08-31T18:37:36.404048+00:00,86.435,-0.0412,0.8,0.0,0.0121,-0.0351,8310.79,3,197.198,13.19,step
2026-08-31T18:37:36.405283+00:00,87.077,-0.0403,0.8,0.0,0.0149,-0.0329,8381.83,3,196.281,13.21,step
2026-08-31T18:37:36.406506+00:00,87.722,-0.0394,0.8,0.0,0.0175,-0.0307,8458.1,3,195.353,13.23,step
2026-08-31T18:37:36.407806+00:00,88.372,-0.0385,0.8,0.0,0.02,-0.0285,8534.38,3,194.412,13.25,step
2026-08-31T18:37:36.409291+00:00,89.031,-0.0374,0.8,0.0,0.0223,-0.0263,8607.78,3,193.456,13.27,step
2026-08-31T18:37:36.410656+00:00,89.697,-0.0363,0.8,0.0,0.0245,-0.0241,8678.74,3,192.488,13.29,step
2026-08-31T18:37:36.411929+00:00,90.369,-0.0351,0.8,0.0,0.0265,-0.0219,8749.05,3,191.509,13.31,step
2026-08-31T18:37:36.413170+00:00,91.048,-0.0339,0.8,0.0,0.0284,-0.0197,8818.61,3,190.522,13.33,step
2026-08-31T18:37:36.414461+00:00,91.732,-0.0327,0.8,0.0,0.0301,-0.0176,8887.78,3,189.529,13.35,step
2026-08-31T18:37:36.415790+00:00,92.421,-0.0314,0.8,0.0,0.0317,-0.0155,8957.28,3,188.532,13.37,step
2026-08-31T18:37:36.417321+00:00,93.116,-0.03,0.8,0.0,0.0331,-0.0135,9027.97,3,187.536,13.39,step
2026-08-31T18:37:36.418629+00:00,93.815,-0.0287,0.8,0.0,0.0344,-0.0116,9100.29,3,186.544,13.41,step
2026-08-31T18:37:36.419904+00:00,94.519,-0.0274,0.8,0.0,0.0355,-0.0097,9174.23,3,185.552,13.43,step
2026-08-31T18:37:36.421196+00:00,95.227,-0.0261,0.15,0.0,0.0365,-0.0078,9249.49,3,184.562,13.45,step
2026-08-31T18:37:36.422465+00:00,95.564,-0.0248,0.15,0.0,0.0373,-0.0062,8762.93,3,183.603,13.47,step
2026-08-31T18:37:36.423760+00:00,95.577,-0.0237,0.15,0.0,0.0379,-0.0047,8764.45,3,182.693,13.49,step
2026-08-31T18:37:36.425101+00:00,95.592,-0.0226,0.15,0.0,0.0384,-0.0034,8766.86,3,181.79,13.51,step
2026-08-31T18:37:36.426595+00:00,95.608,-0.0213,0.15,0.0,0.0387,-0.002,8768.56,3,180.885,13.53,step
2026-08-31T18:37:36.427869+00:00,95.623,-0.0201,0.15,0.0,0.0389,-0.0007,8769.83,3,179.989,13.55,step
2026-08-31T18:37:36.429194+00:00,95.639,-0.0189,0.15,0.0,0.039,0.0006,8770.94,3,179.108,13.57,step
2026-08-31T18:37:36.430545+00:00,95.655,-0.0177,0.15,0.0,0.0389,0.0018,8772.05,3,178.241,13.59,step
2026-08-31T18:37:36.431897+00:00,95.671,-0.0165,0.15,0.0,0.0388,0.0029,8773.28,3,177.39,13.61,step
2026-08-31T18:37:36.433232+00:00,95.686,-0.0154,0.15,0.0,0.0385,0.0039,8774.57,3,176.555,13.63,step
2026-08-31T18:37:36.434523+00:00,95.702,-0.0142,0.15,0.0,0.0382,0.0049,8775.9,3,175.743,13.65,step
2026-08-31T18:37:36.435898+00:00,95.718,-0.0132,0.15,0.0,0.0378,0.0057,8777.31,3,174.957,13.67,step
2026-08-31T18:37:36.437194+00:00,95.734,-0.0122,0.15,0.0,0.0373,0.0065,8778.82,3,174.192,13.69,step
2026-08-31T18:37:36.438435+00:00,95.75,-0.0112,0.15,0.0,0.0367,0.0072,8780.37,3,173.445,13.71,step
2026-08-31T18:37:36.439717+00:00,95.766,-0.0102,0.15,0.0,0.036,0.0078,8781.9,3,172.71,13.73,step
2026-08-31T18:37:36.441026+00:00,95.782,-0.0092,0.15,0.0,0.0354,0.0084,8783.38,3,171.991,13.75,step
2026-08-31T18:37:36.442566+00:00,95.798,-0.0083,0.15,0.0,0.0346,0.009,8785.85,3,171.285,13.77,step
2026-08-31T18:37:36.443880+00:00,95.814,-0.0074,0.15,0.0,0.0338,0.0095,8787.03,3,170.595,13.79,step
2026-08-31T18:37:36.445192+00:00,95.831,-0.0065,0.15,0.0,0.033,0.0099,8788.16,3,169.921,13.81,step
2026-08-31T18:37:36.446465+00:00,95.847,-0.0057,0.15,0.0,0.0321,0.0104,8789.4,3,169.257,13.83,step
2026-08-31T18:37:36.447738+00:00,95.863,-0.0048,0.15,0.0,0.0312,0.0107,8790.67,3,168.604,13.85,step
2026-08-31T18:37:36.449074+00:00,95.879,-0.004,0.15,0.0,0.0302,0.0111,8791.99,3,167.966,13.87,step
2026-08-31T18:37:36.450587+00:00,95.895,-0.0033,0.15,0.0,0.0292,0.0113,8793.37,3,167.344,13.89,step
2026-08-31T18:37:36.451991+00:00,95.911,-0.0025,0.15,0.0,0.0282,0.0116,8794.81,3,166.742,13.91,step
2026-08-31T18:37:36.453252+00:00,95.927,-0.0019,0.15,0.0,0.0272,0.0117,8796.3,3,166.153,13.93,step
2026-08-31T18:37:36.454566+00:00,95.943,-0.0012,0.15,0.0,0.0262,0.0119,8797.9,3,165.573,13.95,step
2026-08-31T18:37:36.455957+00:00,95.96,-0.0006,0.15,0.0,0.0251,0.012,8799.49,3,165.007,13.97,step
2026-08-31T18:37:36.457242+00:00,95.976,0.0,0.15,0.0,0.0241,0.0121,8801.04,3,164.451,13.99,step
2026-08-31T18:37:36.458639+00:00,95.992,0.0006,0.15,0.0,0.023,0.0121,8802.54,3,163.904,14.01,step
2026-08-31T18:37:36.460016+00:00,96.009,0.0011,0.15,0.0,0.0219,0.0121,8804.0,3,163.372,14.03,step
2026-08-31T18:37:36.461267+00:00,96.024,0.0016,0.15,0.0,0.0209,0.0121,8806.87,3,162.852,14.05,step
2026-08-31T18:37:36.462541+00:00,96.041,0.0021,0.15,0.0,0.0198,0.012,8808.06,3,162.343,14.07,step
2026-08-31T18:37:36.463797+00:00,96.058,0.0025,0.15,0.0,0.0188,0.0119,8809.04,3,161.842,14.09,step
2026-08-31T18:37:36.465089+00:00,96.074,0.0029,0.15,0.0,0.0178,0.0118,8810.22,3,161.343,14.11,step
2026-08-31T18:37:36.466347+00:00,96.091,0.0033,0.15,0.0,0.0167,0.0116,8811.43,3,160.85,14.13,step
2026-08-31T18:37:36.468122+00:00,96.107,0.0037,0.15,0.0,0.0157,0.0115,8812.71,3,160.364,14.15,step
2026-08-31T18:37:36.469508+00:00,96.123,0.004,0.15,0.0,0.0146,0.0113,8814.07,3,159.886,14.17,step
2026-08-31T18:37:36.470794+00:00,96.139,0.0043,0.15,0.0,0.0136,0.0111,8815.53,3,159.416,14.19,step
2026-08-31T18:37:36.472108+00:00,96.156,0.0046,0.15,0.0,0.0126,0.0109,8817.04,3,158.946,14.21,step
2026-08-31T18:37:36.473460+00:00,96.172,0.0048,0.15,0.0,0.0116,0.0106,8818.67,3,158.482,14.23,step
2026-08-31T18:37:36.474786+00:00,96.188,0.005,0.15,0.0,0.0107,0.0104,8820.33,3,158.024,14.25,step
2026-08-31T18:37:36.476620+00:00,96.205,0.0052,0.15,0.0,0.0098,0.0101,8821.93,3,157.569,14.27,step
2026-08-31T18:37:36.477924+00:00,96.221,0.0054,0.15,0.0,0.0089,0.0098,8823.46,3,157.114,14.29,step
2026-08-31T18:37:36.479211+00:00,96.238,0.0056,0.15,0.0,0.008,0.0096,8824.94,3,156.659,14.31,step
2026-08-31T18:37:36.480508+00:00,96.254,0.0057,0.15,0.0,0.0071,0.0093,8828.17,3,156.21,14.33,step
2026-08-31T18:37:36.481771+00:00,96.271,0.0058,0.15,0.0,0.0063,0.0089,8829.42,3,155.769,14.35,step
2026-08-31T18:37:36.483041+00:00,96.288,0.0059,0.15,0.0,0.0055,0.0086,8830.24,3,155.331,14.37,step
2026-08-31T18:37:36.484533+00:00,96.305,0.0059,0.15,0.0,0.0048,0.0083,8831.35,3,154.893,14.39,step
2026-08-31T18:37:36.485786+00:00,96.322,0.0059,0.15,0.0,0.0041,0.0079,8832.48,3,154.454,14.41,step
2026-08-31T18:37:36.487078+00:00,96.338,0.0059,0.15,0.0,0.0034,0.0076,8833.72,3,154.014,14.43,step
2026-08-31T18:37:36.488364+00:00,96.355,0.0059,0.15,0.0,0.0027,0.0072,8835.08,3,153.573,14.45,step
2026-08-31T18:37:36.489614+00:00,96.371,0.0058,0.15,0.0,0.0021,0.0069,8836.55,3,153.131,14.47,step
2026-08-31T18:37:36.490865+00:00,96.387,0.0058,0.15,0.0,0.0015,0.0066,8838.11,3,152.688,14.49,step
2026-08-31T18:37:36.492434+00:00,96.404,0.0057,0.15,0.0,0.001,0.0062,8839.81,3,152.243,14.51,step
2026-08-31T18:37:36.493800+00:00,96.421,0.0057,0.15,0.0,0.0004,0.0059,8841.54,3,151.797,14.53,step
2026-08-31T18:37:36.495129+00:00,96.438,0.0056,0.15,0.0,-0.0001,0.0055,8843.21,3,151.35,14.55,step
2026-08-31T18:37:36.496456+00:00,96.455,0.0055,0.15,0.0,-0.0006,0.0052,8844.78,3,150.902,14.57,step
2026-08-31T18:37:36.497762+00:00,96.472,0.0054,0.15,0.0,-0.001,0.0049,8846.29,3,150.453,14.59,step
2026-08-31T18:37:36.499047+00:00,96.488,0.0053,0.15,0.0,-0.0015,0.0046,8849.95,3,149.999,14.61,step
2026-08-31T18:37:36.500759+00:00,96.505,0.0052,0.15,0.0,-0.0019,0.0043,8851.25,3,149.54,14.63,step
2026-08-31T18:37:36.502080+00:00,96.523,0.0051,0.15,0.0,-0.0023,0.004,8851.92,3,149.077,14.65,step
2026-08-31T18:37:36.503389+00:00,96.541,0.005,0.15,0.0,-0.0026,0.0037,8852.97,3,148.613,14.67,step
2026-08-31T18:37:36.504705+00:00,96.558,0.0049,0.15,0.0,-0.003,0.0034,8854.07,3,148.147,14.69,step
2026-08-31T18:37:36.506036+00:00,96.575,0.0048,0.15,0.0,-0.0033,0.0031,8855.28,3,147.68,14.71,step
2026-08-31T18:37:36.507367+00:00,96.592,0.0046,0.15,0.0,-0.0036,0.0028,8856.64,3,147.212,14.73,step
2026-08-31T18:37:36.508845+00:00,96.609,0.0045,0.15,0.0,-0.0039,0.0026,8858.14,3,146.743,14.75,step
2026-08-31T18:37:36.510199+00:00,96.626,0.0043,0.15,0.0,-0.0041,0.0023,8859.75,3,146.269,14.77,step
2026-08-31T18:37:36.511523+00:00,96.643,0.0042,0.15,0.0,-0.0043,0.0021,8861.48,3,145.787,14.79,step
2026-08-31T18:37:36.512833+00:00,96.659,0.0041,0.15,0.0,-0.0045,0.0018,8863.19,3,145.303,14.81,step
2026-08-31T18:37:36.514118+00:00,96.676,0.004,0.15,0.0,-0.0047,0.0016,8864.83,3,144.818,14.83,step
2026-08-31T18:37:36.515407+00:00,96.693,0.0038,0.15,0.0,-0.0049,0.0014,8866.41,3,144.332,14.85,step
2026-08-31T18:37:36.516733+00:00,96.71,0.0037,0.15,0.0,-0.005,0.0012,8867.94,3,143.845,14.87,step
2026-08-31T18:37:36.518510+00:00,96.727,0.0035,0.15,0.0,-0.0051,0.001,8870.12,3,143.358,14.89,step
2026-08-31T18:37:36.519813+00:00,96.744,0.0034,0.15,0.0,-0.0052,0.0008,8871.52,3,142.871,14.91,step
2026-08-31T18:37:36.521078+00:00,96.761,0.0032,0.15,0.0,-0.0053,0.0006,8872.81,3,142.379,14.93,step
2026-08-31T18:37:36.522333+00:00,96.778,0.0031,0.15,0.0,-0.0054,0.0004,8874.2,3,141.881,14.95,step
2026-08-31T18:37:36.523616+00:00,96.795,0.0029,0.15,0.0,-0.0054,0.0002,8875.59,3,141.382,14.97,step
2026-08-31T18:37:36.525272+00:00,96.812,0.0028,0.15,0.0,-0.0054,0.0001,8877.01,3,140.883,14.99,step
2026-08-31T18:37:36.526626+00:00,96.829,0.0026,0.15,0.0,-0.0054,-0.0001,8878.49,3,140.383,15.01,step
2026-08-31T18:37:36.527933+00:00,96.846,0.0024,0.15,0.0,-0.0054,-0.0003,8880.0,3,139.883,15.03,step
2026-08-31T18:37:36.529274+00:00,96.862,0.0023,0.15,0.0,-0.0054,-0.0004,8881.54,3,139.377,15.05,step
2026-08-31T18:37:36.530609+00:00,96.879,0.0021,0.15,0.0,-0.0054,-0.0006,8883.09,3,138.867,15.07,step
2026-08-31T18:37:36.531937+00:00,96.895,0.002,0.15,0.0,-0.0053,-0.0007,8884.62,3,138.354,15.09,step
2026-08-31T18:37:36.533234+00:00,96.912,0.0018,0.15,0.0,-0.0053,-0.0008,8886.13,3,137.841,15.11,step
2026-08-31T18:37:36.534836+00:00,96.928,0.0017,0.15,0.0,-0.0052,-0.0009,8887.65,3,137.327,15.13,step
2026-08-31T18:37:36.536203+00:00,96.944,0.0015,0.15,0.0,-0.0051,-0.001,8889.15,3,136.813,15.15,step
2026-08-31T18:37:36.537501+00:00,96.961,0.0014,0.15,0.0,-0.005,-0.0011,8890.25,3,136.299,15.17,step
2026-08-31T18:37:36.538799+00:00,96.977,0.0012,0.15,0.0,-0.0049,-0.0012,8891.73,3,135.78,15.19,step
2026-08-31T18:37:36.540094+00:00,96.993,0.0011,0.15,0.0,-0.0047,-0.0013,8893.31,3,135.256,15.21,step
2026-08-31T18:37:36.541383+00:00,97.009,0.001,0.15,0.0,-0.0046,-0.0013,8894.96,3,134.731,15.23,step
2026-08-31T18:37:36.542986+00:00,97.025,0.0008,0.15,0.0,-0.0045,-0.0014,8896.56,3,134.205,15.25,step
2026-08-31T18:37:36.544270+00:00,97.041,0.0007,0.15,0.0,-0.0044,-0.0015,8898.08,3,133.679,15.27,step
2026-08-31T18:37:36.545523+00:00,97.058,0.0006,0.15,0.0,-0.0043,-0.0015,8899.56,3,133.152,15.29,step
2026-08-31T18:37:36.546792+00:00,97.074,0.0005,0.15,0.0,-0.0042,-0.0016,8901.01,3,132.626,15.31,step
2026-08-31T18:37:36.548037+00:00,97.09,0.0004,0.15,0.0,-0.004,-0.0016,8902.46,3,132.095,15.33,step
2026-08-31T18:37:36.549323+00:00,97.106,0.0003,0.15,0.0,-0.0039,-0.0016,8903.93,3,131.559,15.35,step
2026-08-31T18:37:36.550961+00:00,97.122,0.0002,0.15,0.0,-0.0037,-0.0017,8905.4,3,131.021,15.37,step
2026-08-31T18:37:36.552233+00:00,97.138,0.0001,0.15,0.0,-0.0036,-0.0017,8906.87,3,130.482,15.39,step
2026-08-31T18:37:36.553546+00:00,97.154,0.0,0.15,0.0,-0.0034,-0.0017,8908.32,3,129.943,15.41,step
2026-08-31T18:37:36.554830+00:00,97.17,-0.0,0.15,0.0,-0.0032,-0.0017,8909.78,3,129.404,15.43,step
2026-08-31T18:37:36.556070+00:00,97.186,-0.0001,0.15,0.0,-0.0031,-0.0017,8911.71,3,128.863,15.45,step
2026-08-31T18:37:36.557329+00:00,97.202,-0.0002,0.15,0.0,-0.003,-0.0017,8912.97,3,128.323,15.47,step
2026-08-31T18:37:36.558661+00:00,97.219,-0.0002,0.15,0.0,-0.0028,-0.0017,8914.31,3,127.783,15.49,step
2026-08-31T18:37:36.560461+00:00,97.234,-0.0003,0.15,0.0,-0.0027,-0.0017,8915.67,3,127.242,15.51,step
2026-08-31T18:37:36.561761+00:00,97.251,-0.0004,0.15,0.0,-0.0026,-0.0017,8917.04,3,126.702,15.53,step
2026-08-31T18:37:36.563035+00:00,97.266,-0.0005,0.15,0.0,-0.0024,-0.0017,8918.43,3,126.162,15.55,step
2026-08-31T18:37:36.564288+00:00,97.282,-0.0005,0.15,0.0,-0.0022,-0.0017,8919.86,3,125.622,15.57,step
2026-08-31T18:37:36.565605+00:00,97.298,-0.0006,0.15,0.0,-0.0021,-0.0016,8921.31,3,125.077,15.59,step
2026-08-31T18:37:36.567178+00:00,97.314,-0.0006,0.15,0.0,-0.0019,-0.0016,8922.83,3,124.528,15.61,step
2026-08-31T18:37:36.568661+00:00,97.33,-0.0006,0.15,0.0,-0.0018,-0.0015,8924.39,3,123.975,15.63,step
2026-08-31T18:37:36.569960+00:00,97.346,-0.0006,0.15,0.0,-0.0017,-0.0015,8925.92,3,123.423,15.65,step
2026-08-31T18:37:36.571291+00:00,97.362,-0.0006,0.15,0.0,-0.0016,-0.0014,8927.41,3,122.87,15.67,step
2026-08-31T18:37:36.572584+00:00,97.379,-0.0006,0.15,0.0,-0.0014,-0.0013,8928.87,3,122.317,15.69,step
2026-08-31T18:37:36.573878+00:00,97.394,-0.0006,0.15,0.0,-0.0013,-0.0013,8931.54,3,121.764,15.71,step
2026-08-31T18:37:36.575148+00:00,97.411,-0.0007,0.15,0.0,-0.0011,-0.0012,8933.06,3,121.211,15.73,step
2026-08-31T18:37:36.576838+00:00,97.428,-0.0006,0.15,0.0,-0.001,-0.0012,8933.97,3,120.657,15.75,step
2026-08-31T18:37:36.578127+00:00,97.444,-0.0006,0.15,0.0,-0.001,-0.0011,8935.11,3,120.103,15.77,step
2026-08-31T18:37:36.579376+00:00,97.46,-0.0006,0.0,0.15,-0.0009,-0.001,8936.28,3,119.55,15.79,step
2026-08-31T18:37:36.580650+00:00,97.09,-0.0006,0.0,0.15,-0.0008,-0.001,8753.78,3,119.001,15.81,step
2026-08-31T18:37:36.581934+00:00,96.518,-0.0006,0.0,0.15,-0.0007,-0.001,8698.79,3,118.463,15.83,step
2026-08-31T18:37:36.583292+00:00,95.946,-0.0007,0.0,0.15,-0.0006,-0.001,8645.0,3,117.931,15.85,step
2026-08-31T18:37:36.584555+00:00,95.377,-0.0007,0.0,0.15,-0.0005,-0.001,8593.02,3,117.403,15.87,step
2026-08-31T18:37:36.585848+00:00,94.816,-0.0008,0.0,0.15,-0.0005,-0.001,8542.56,3,116.878,15.89,step
2026-08-31T18:37:36.587149+00:00,94.252,-0.0009,0.0,0.15,-0.0004,-0.0011,8492.39,3,116.356,15.91,step
2026-08-31T18:37:36.588417+00:00,93.69,-0.0009,0.0,0.15,-0.0003,-0.0011,8442.67,3,115.838,15.93,step
2026-08-31T18:37:36.589655+00:00,93.13,-0.001,0.0,0.15,-0.0002,-0.0011,8393.17,3,115.322,15.95,step
2026-08-31T18:37:36.590915+00:00,92.573,-0.001,0.0,0.15,-0.0002,-0.0011,8343.81,3,114.809,15.97,step
2026-08-31T18:37:36.592657+00:00,92.023,-0.0011,0.0,0.15,-0.0001,-0.0011,8288.75,3,114.299,15.99,step
2026-08-31T18:37:36.594065+00:00,91.415,-0.0011,0.15,0.0,0.0,-0.0011,8235.63,3,113.741,16.012,step
2026-08-31T18:37:36.595429+00:00,91.252,-0.0012,0.15,0.0,0.0001,-0.0011,8373.1,3,113.182,16.034,step
2026-08-31T18:37:36.596764+00:00,91.284,-0.0012,0.15,0.0,0.0002,-0.0011,8373.89,3,112.616,16.056,step
2026-08-31T18:37:36.598083+00:00,91.316,-0.0012,0.15,0.0,0.0003,-0.001,8375.06,3,112.047,16.078,step
2026-08-31T18:37:36.599460+00:00,91.348,-0.0012,0.15,0.0,0.0004,-0.001,8377.07,3,111.478,16.1,step
2026-08-31T18:37:36.601107+00:00,91.379,-0.0011,0.15,0.0,0.0004,-0.0009,8379.79,3,110.908,16.122,step
2026-08-31T18:37:36.602423+00:00,91.41,-0.0011,0.15,0.0,0.0005,-0.0008,8383.01,3,110.338,16.144,step
2026-08-31T18:37:36.603764+00:00,91.441,-0.0011,0.15,0.0,0.0006,-0.0008,8386.66,3,109.768,16.166,step
2026-08-31T18:37:36.605090+00:00,91.473,-0.001,0.15,0.0,0.0007,-0.0007,8390.18,3,109.198,16.188,step
2026-08-31T18:37:36.606425+00:00,91.505,-0.001,0.15,0.0,0.0007,-0.0006,8393.36,3,108.628,16.21,step
2026-08-31T18:37:36.607864+00:00,91.537,-0.001,0.15,0.0,0.0008,-0.0006,8396.24,3,108.057,16.232,step
2026-08-31T18:37:36.609322+00:00,91.569,-0.0009,0.15,0.0,0.0009,-0.0005,8398.98,3,107.487,16.254,step
2026-08-31T18:37:36.610645+00:00,91.6,-0.0009,0.15,0.0,0.0009,-0.0004,8403.3,3,106.916,16.276,step
2026-08-31T18:37:36.611991+00:00,91.632,-0.0008,0.15,0.0,0.0009,-0.0004,8407.71,3,106.344,16.298,step
2026-08-31T18:37:36.613316+00:00,91.665,-0.0008,0.15,0.0,0.0009,-0.0003,8409.09,3,105.772,16.32,step
2026-08-31T18:37:36.614622+00:00,91.698,-0.0007,0.15,0.0,0.001,-0.0002,8411.19,3,105.201,16.342,step
2026-08-31T18:37:36.615997+00:00,91.731,-0.0007,0.15,0.0,0.001,-0.0002,8413.39,3,104.629,16.364,step
2026-08-31T18:37:36.617456+00:00,91.763,-0.0006,0.15,0.0,0.001,-0.0001,8415.85,3,104.057,16.386,step
2026-08-31T18:37:36.618813+00:00,91.795,-0.0006,0.15,0.0,0.001,-0.0,8418.57,3,103.486,16.408,step
2026-08-31T18:37:36.620167+00:00,91.827,-0.0005,0.15,0.0,0.001,0.0,8421.53,3,102.914,16.43,step
2026-08-31T18:37:36.621542+00:00,91.858,-0.0004,0.15,0.0,0.001,0.0001,8424.68,3,102.346,16.452,step
2026-08-31T18:37:36.622953+00:00,91.891,-0.0004,0.15,0.0,0.001,0.0001,8428.08,3,101.782,16.474,step
2026-08-31T18:37:36.624329+00:00,91.924,-0.0004,0.15,0.0,0.001,0.0001,8431.37,3,101.219,16.496,step
2026-08-31T18:37:36.625946+00:00,91.957,-0.0004,0.15,0.0,0.001,0.0001,8434.49,3,100.658,16.518,step
2026-08-31T18:37:36.627269+00:00,91.99,-0.0004,0.15,0.0,0.001,0.0001,8437.45,3,100.095,16.54,step
2026-08-31T18:37:36.628600+00:00,92.024,-0.0004,0.0,0.15,0.001,0.0001,8440.33,3,99.5328,16.562,step
2026-08-31T18:37:36.629943+00:00,91.622,-0.0004,0.15,0.0,0.001,0.0001,8253.25,3,98.9688,16.584,step
2026-08-31T18:37:36.631339+00:00,91.454,-0.0003,0.15,0.0,0.001,0.0001,8392.23,3,98.4051,16.606,step
2026-08-31T18:37:36.632667+00:00,91.489,-0.0003,0.15,0.0,0.001,0.0001,8393.46,3,97.8448,16.628,step
2026-08-31T18:37:36.634172+00:00,91.525,-0.0003,0.15,0.0,0.001,0.0001,8395.08,3,97.2854,16.65,step
2026-08-31T18:37:36.635479+00:00,91.56,-0.0003,0.15,0.0,0.0009,0.0001,8397.14,3,96.7257,16.672,step
2026-08-31T18:37:36.636781+00:00,91.594,-0.0003,0.15,0.0,0.0009,0.0001,8399.71,3,96.1657,16.694,step
2026-08-31T18:37:36.638069+00:00,91.628,-0.0003,0.15,0.0,0.0009,0.0001,8402.77,3,95.606,16.716,step
2026-08-31T18:37:36.639365+00:00,91.662,-0.0003,0.15,0.0,0.0009,0.0001,8406.18,3,95.0463,16.738,step
2026-08-31T18:37:36.640742+00:00,91.697,-0.0003,0.15,0.0,0.0009,0.0001,8410.14,3,94.4859,16.76,step
2026-08-31T18:37:36.642630+00:00,91.732,-0.0003,0.15,0.0,0.0009,0.0001,8413.92,3,93.9252,16.782,step
2026-08-31T18:37:36.643971+00:00,91.768,-0.0003,0.15,0.0,0.0009,0.0001,8417.42,3,93.3645,16.804,step
2026-08-31T18:37:36.645280+00:00,91.804,-0.0003,0.15,0.0,0.0009,0.0001,8420.64,3,92.804,16.826,step
2026-08-31T18:37:36.646602+00:00,91.841,-0.0003,0.15,0.0,0.0008,0.0001,8423.72,3,92.2426,16.848,step
2026-08-31T18:37:36.647872+00:00,91.874,-0.0003,0.15,0.0,0.0008,0.0001,8433.13,3,91.681,16.87,step
2026-08-31T18:37:36.649187+00:00,91.913,-0.0003,0.15,0.0,0.0008,0.0001,8433.46,3,91.1195,16.892,step
2026-08-31T18:37:36.650801+00:00,91.95,-0.0003,0.15,0.0,0.0008,0.0001,8435.1,3,90.5582,16.914,step
2026-08-31T18:37:36.652105+00:00,91.987,-0.0002,0.15,0.0,0.0008,0.0001,8437.14,3,89.9957,16.936,step
2026-08-31T18:37:36.653450+00:00,92.024,-0.0002,0.0,0.15,0.0008,0.0001,8439.51,3,89.4333,16.958,step
2026-08-31T18:37:36.654820+00:00,91.614,-0.0003,0.15,0.0,0.0007,0.0001,8265.99,3,88.8754,16.98,step
2026-08-31T18:37:36.656167+00:00,91.458,-0.0003,0.15,0.0,0.0007,0.0001,8389.19,3,88.3206,17.002,step
2026-08-31T18:37:36.657496+00:00,91.495,-0.0003,0.15,0.0,0.0007,0.0001,8391.98,3,87.7627,17.024,step
2026-08-31T18:37:36.659062+00:00,91.532,-0.0003,0.15,0.0,0.0007,0.0001,8395.26,3,87.2042,17.046,step
2026-08-31T18:37:36.660552+00:00,91.57,-0.0003,0.15,0.0,0.0007,0.0001,8398.75,3,86.6445,17.068,step
2026-08-31T18:37:36.661884+00:00,91.608,-0.0003,0.15,0.0,0.0007,0.0001,8402.29,3,86.0847,17.09,step
2026-08-31T18:37:36.663203+00:00,91.646,-0.0003,0.15,0.0,0.0007,0.0001,8405.8,3,85.5248,17.112,step
2026-08-31T18:37:36.664565+00:00,91.685,-0.0003,0.15,0.0,0.0007,0.0001,8409.25,3,84.9648,17.134,step
2026-08-31T18:37:36.665886+00:00,91.721,-0.0003,0.15,0.0,0.0007,0.0001,8417.16,3,84.404,17.156,step
2026-08-31T18:37:36.667461+00:00,91.761,-0.0002,0.15,0.0,0.0006,0.0001,8418.85,3,83.8433,17.178,step
2026-08-31T18:37:36.668831+00:00,91.8,-0.0002,0.15,0.0,0.0007,0.0001,8421.06,3,83.2827,17.2,step
2026-08-31T18:37:36.670130+00:00,91.839,-0.0002,0.15,0.0,0.0006,0.0001,8423.65,3,82.7216,17.222,step
2026-08-31T18:37:36.671474+00:00,91.878,-0.0002,0.15,0.0,0.0006,0.0001,8426.41,3,82.16,17.244,step
2026-08-31T18:37:36.672883+00:00,91.916,-0.0002,0.15,0.0,0.0006,0.0001,8429.47,3,81.5984,17.266,step
2026-08-31T18:37:36.674185+00:00,91.954,-0.0002,0.15,0.0,0.0006,0.0001,8432.81,3,81.037,17.288,step
2026-08-31T18:37:36.675619+00:00,91.991,-0.0002,0.15,0.0,0.0006,0.0001,8436.39,3,80.4745,17.31,step
2026-08-31T18:37:36.677031+00:00,92.029,-0.0002,0.0,0.15,0.0006,0.0001,8440.21,3,79.9121,17.332,step
2026-08-31T18:37:36.678350+00:00,91.627,-0.0002,0.15,0.0,0.0006,0.0001,8263.84,3,79.3483,17.354,step
2026-08-31T18:37:36.679664+00:00,91.468,-0.0002,0.15,0.0,0.0006,0.0001,8391.33,3,78.7857,17.376,step
2026-08-31T18:37:36.681009+00:00,91.507,-0.0002,0.15,0.0,0.0006,0.0001,8393.82,3,78.2258,17.398,step
2026-08-31T18:37:36.682291+00:00,91.547,-0.0002,0.15,0.0,0.0006,0.0001,8396.89,3,77.6664,17.42,step
2026-08-31T18:37:36.683812+00:00,91.585,-0.0001,0.15,0.0,0.0005,0.0001,8401.58,3,77.1064,17.442,step
2026-08-31T18:37:36.685551+00:00,91.625,-0.0001,0.15,0.0,0.0005,0.0001,8404.44,3,76.5465,17.464,step
2026-08-31T18:37:36.686853+00:00,91.665,-0.0001,0.15,0.0,0.0005,0.0001,8407.59,3,75.9868,17.486,step
2026-08-31T18:37:36.688134+00:00,91.704,-0.0001,0.15,0.0,0.0005,0.0001,8410.83,3,75.4263,17.508,step
2026-08-31T18:37:36.689466+00:00,91.743,-0.0001,0.15,0.0,0.0005,0.0001,8414.17,3,74.8656,17.53,step
2026-08-31T18:37:36.690751+00:00,91.782,-0.0001,0.15,0.0,0.0005,0.0001,8417.64,3,74.305,17.552,step
2026-08-31T18:37:36.692258+00:00,91.821,-0.0001,0.15,0.0,0.0005,0.0001,8421.22,3,73.7443,17.574,step
2026-08-31T18:37:36.693585+00:00,91.86,-0.0001,0.15,0.0,0.0005,0.0001,8424.88,3,73.1827,17.596,step
2026-08-31T18:37:36.694861+00:00,91.899,-0.0001,0.15,0.0,0.0004,0.0001,8428.58,3,72.6212,17.618,step
2026-08-31T18:37:36.696165+00:00,91.938,-0.0001,0.15,0.0,0.0005,0.0001,8432.24,3,72.0598,17.64,step
2026-08-31T18:37:36.697479+00:00,91.977,-0.0001,0.15,0.0,0.0004,0.0001,8435.87,3,71.4978,17.662,step
2026-08-31T18:37:36.698795+00:00,92.016,-0.0001,0.0,0.15,0.0004,0.0001,8439.4,3,70.9354,17.684,step
2026-08-31T18:37:36.700137+00:00,91.612,-0.0,0.15,0.0,0.0004,0.0002,8262.57,3,70.3714,17.706,step
2026-08-31T18:37:36.701623+00:00,91.456,-0.0,0.15,0.0,0.0004,0.0002,8391.63,3,69.8088,17.728,step
2026-08-31T18:37:36.702882+00:00,91.497,0.0,0.15,0.0,0.0004,0.0002,8393.56,3,69.2489,17.75,step
2026-08-31T18:37:36.704142+00:00,91.538,0.0,0.15,0.0,0.0004,0.0002,8396.36,3,68.6896,17.772,step
2026-08-31T18:37:36.705392+00:00,91.578,0.0,0.15,0.0,0.0003,0.0002,8399.33,3,68.1295,17.794,step
2026-08-31T18:37:36.706656+00:00,91.618,0.0,0.15,0.0,0.0003,0.0002,8402.5,3,67.5697,17.816,step
2026-08-31T18:37:36.707927+00:00,91.658,0.0,0.15,0.0,0.0003,0.0002,8405.95,3,67.01,17.838,step
2026-08-31T18:37:36.709399+00:00,91.698,0.0001,0.15,0.0,0.0003,0.0002,8409.67,3,66.4497,17.86,step
2026-08-31T18:37:36.710637+00:00,91.737,0.0001,0.15,0.0,0.0003,0.0002,8413.54,3,65.889,17.882,step
2026-08-31T18:37:36.711907+00:00,91.777,0.0001,0.15,0.0,0.0002,0.0002,8417.46,3,65.3284,17.904,step
2026-08-31T18:37:36.713199+00:00,91.817,0.0001,0.15,0.0,0.0002,0.0002,8421.27,3,64.7677,17.926,step
2026-08-31T18:37:36.714465+00:00,91.857,0.0001,0.15,0.0,0.0002,0.0002,8424.99,3,64.2062,17.948,step
2026-08-31T18:37:36.715740+00:00,91.897,0.0001,0.15,0.0,0.0002,0.0002,8428.57,3,63.6447,17.97,step
2026-08-31T18:37:36.717104+00:00,91.937,0.0001,0.15,0.0,0.0002,0.0002,8432.12,3,63.0834,17.992,step
2026-08-31T18:37:36.718369+00:00,91.976,0.0001,0.15,0.0,0.0002,0.0002,8437.1,3,62.5211,18.014,step
2026-08-31T18:37:36.719607+00:00,92.016,0.0001,0.0,0.15,0.0001,0.0002,8440.07,3,61.9588,18.036,step
2026-08-31T18:37:36.720888+00:00,91.614,0.0002,0.15,0.0,0.0001,0.0002,8262.26,3,61.3952,18.058,step
2026-08-31T18:37:36.722139+00:00,91.459,0.0002,0.15,0.0,0.0001,0.0003,8390.17,3,60.8331,18.08,step
2026-08-31T18:37:36.723420+00:00,91.5,0.0002,0.15,0.0,0.0001,0.0003,8392.9,3,60.2734,18.102,step
2026-08-31T18:37:36.724717+00:00,91.541,0.0002,0.15,0.0,0.0001,0.0003,8396.02,3,59.714,18.124,step
2026-08-31T18:37:36.726211+00:00,91.582,0.0003,0.0,0.15,0.0,0.0003,8399.29,3,59.154,18.146,step
2026-08-31T18:37:36.727477+00:00,91.18,0.0002,0.0,0.15,0.0,0.0003,8225.47,3,58.5971,18.168,step
2026-08-31T18:37:36.728775+00:00,90.586,0.0002,0.0,0.15,-0.0,0.0002,8168.61,3,58.0467,18.19,step
2026-08-31T18:37:36.730057+00:00,89.991,0.0001,0.0,0.15,-0.0,0.0001,8112.83,3,57.5013,18.212,step
2026-08-31T18:37:36.731358+00:00,89.398,0.0001,0.0,0.15,-0.0001,0.0001,8059.03,3,56.9597,18.234,step
2026-08-31T18:37:36.732604+00:00,88.809,0.0,0.0,0.15,-0.0001,-0.0,8006.6,3,56.4216,18.256,step
2026-08-31T18:37:36.734217+00:00,88.223,-0.0,0.0,0.15,-0.0001,-0.0001,7954.76,3,55.8871,18.278,step
2026-08-31T18:37:36.735603+00:00,87.642,-0.0001,0.0,0.15,-0.0001,-0.0001,7900.31,3,55.3558,18.3,step
2026-08-31T18:37:36.736886+00:00,87.061,-0.0002,0.0,0.15,-0.0001,-0.0002,7850.01,3,54.8279,18.322,step
2026-08-31T18:37:36.738135+00:00,86.483,-0.0002,0.0,0.15,-0.0001,-0.0003,7799.35,3,54.3033,18.344,step
2026-08-31T18:37:36.739381+00:00,85.906,-0.0003,0.0,0.15,-0.0001,-0.0003,7748.37,3,53.7821,18.366,step
2026-08-31T18:37:36.740613+00:00,85.332,-0.0004,0.0,0.15,-0.0,-0.0004,7697.35,3,53.2642,18.388,step
2026-08-31T18:37:36.742105+00:00,84.76,-0.0005,0.0,0.15,-0.0,-0.0005,7646.25,3,52.7495,18.41,step
2026-08-31T18:37:36.743461+00:00,84.189,-0.0005,0.0,0.15,0.0,-0.0005,7594.98,3,52.238,18.432,step
2026-08-31T18:37:36.744765+00:00,83.621,-0.0006,0.0,0.15,0.0,-0.0005,7543.91,3,51.7279,18.454,step
2026-08-31T18:37:36.746057+00:00,83.055,-0.0006,0.0,0.15,0.0001,-0.0006,7493.07,3,51.2189,18.476,step
2026-08-31T18:37:36.747382+00:00,82.491,-0.0006,0.0,0.15,0.0001,-0.0005,7442.41,3,50.7127,18.498,step
2026-08-31T18:37:36.748657+00:00,81.928,-0.0006,0.0,0.15,0.0001,-0.0005,7391.92,3,50.2095,18.52,step
2026-08-31T18:37:36.749974+00:00,81.367,-0.0006,0.0,0.15,0.0002,-0.0005,7341.64,3,49.7096,18.542,step
2026-08-31T18:37:36.751473+00:00,80.808,-0.0006,0.0,0.15,0.0002,-0.0005,7291.57,3,49.213,18.564,step
2026-08-31T18:37:36.752740+00:00,80.25,-0.0006,0.0,0.15,0.0002,-0.0005,7241.7,3,48.7197,18.586,step
2026-08-31T18:37:36.754017+00:00,79.697,-0.0006,0.0,0.15,0.0003,-0.0005,7189.82,2,48.2296,18.608,step
2026-08-31T18:37:36.755297+00:00,79.164,-0.0006,0.0,0.15,0.0003,-0.0005,9036.23,2,47.7425,18.63,step
2026-08-31T18:37:36.756648+00:00,78.647,-0.0006,0.0,0.15,0.0003,-0.0004,9012.75,2,47.2567,18.652,step
2026-08-31T18:37:36.757877+00:00,78.086,-0.0005,0.0,0.15,0.0003,-0.0003,8846.35,2,46.7728,18.674,step
2026-08-31T18:37:36.759360+00:00,77.47,-0.0004,0.0,0.15,0.0003,-0.0002,8776.54,2,46.2882,18.696,step
2026-08-31T18:37:36.760614+00:00,76.857,-0.0003,0.0,0.15,0.0004,-0.0001,8707.76,2,45.8073,18.718,step
2026-08-31T18:37:36.761874+00:00,76.247,-0.0002,0.0,0.15,0.0004,0.0,8639.59,2,45.3315,18.74,step
2026-08-31T18:37:36.763152+00:00,75.641,0.1999,0.0,0.15,0.0004,0.0001,8572.04,2,44.8599,18.762,step
2026-08-31T18:37:36.764440+00:00,75.047,0.1974,0.0,0.15,0.0006,-0.0022,8505.07,2,44.5716,18.784,step
2026-08-31T18:37:36.765781+00:00,74.404,0.19,0.0,0.15,0.0016,-0.0092,8431.21,2,44.6096,18.806,step
2026-08-31T18:37:36.767175+00:00,73.782,0.1802,0.0,0.15,0.0031,-0.0182,8358.05,2,44.7904,18.828,step
2026-08-31T18:37:36.768708+00:00,73.173,-0.0306,0.0,0.15,0.0053,-0.0279,8288.04,2,45.0085,18.85,step
2026-08-31T18:37:36.770035+00:00,72.591,-0.0388,0.0,0.15,0.0079,-0.0349,8225.64,2,45.0311,18.872,step
2026-08-31T18:37:36.771342+00:00,71.987,0.1586,0.0,0.15,0.0103,-0.0362,8163.5,2,44.6758,18.894,step
2026-08-31T18:37:36.772771+00:00,71.409,0.1557,0.0,0.15,0.0129,-0.0379,8099.28,2,44.3474,18.916,step
2026-08-31T18:37:36.774052+00:00,70.793,0.1486,0.0,0.15,0.016,-0.0434,8028.79,2,44.2717,18.938,step
2026-08-31T18:37:36.775391+00:00,70.198,0.1397,0.0,0.15,0.0197,-0.0505,7957.83,2,44.298,18.96,step
2026-08-31T18:37:36.776914+00:00,69.613,0.1301,0.0,0.15,0.024,-0.0579,7892.94,2,44.3436,18.982,step
2026-08-31T18:37:36.778220+00:00,69.034,0.1206,0.0,0.15,0.0286,-0.0651,7829.22,2,44.3709,19.004,step
2026-08-31T18:37:36.779490+00:00,68.459,0.1113,0.0,0.15,0.0337,-0.0718,7765.97,2,44.3675,19.026,step
2026-08-31T18:37:36.780759+00:00,67.887,0.1024,0.0,0.15,0.0392,-0.078,7702.97,2,44.3299,19.048,step
2026-08-31T18:37:36.782031+00:00,67.319,0.0938,0.0,0.15,0.045,-0.0837,7640.11,2,44.2591,19.07,step
2026-08-31T18:37:36.783304+00:00,66.755,0.0856,0.0,0.15,0.0511,-0.0888,7577.35,2,44.1582,19.092,step
2026-08-31T18:37:36.784857+00:00,66.193,0.0777,0.0,0.15,0.0575,-0.0935,7514.81,2,44.0302,19.114,step
2026-08-31T18:37:36.786140+00:00,65.635,0.0701,0.0,0.15,0.0641,-0.0978,7452.47,2,43.8767,19.136,step
2026-08-31T18:37:36.787474+00:00,65.079,0.0629,0.0,0.15,0.071,-0.1016,7390.4,2,43.6986,19.158,step
2026-08-31T18:37:36.788807+00:00,64.527,0.056,0.0,0.15,0.078,-0.105,7328.67,2,43.4983,19.18,step
2026-08-31T18:37:36.790145+00:00,63.978,0.0494,0.0,0.15,0.0851,-0.108,7267.16,2,43.2776,19.202,step
2026-08-31T18:37:36.791473+00:00,63.431,0.0431,0.0,0.15,0.0923,-0.1107,7205.81,2,43.0378,19.224,step
2026-08-31T18:37:36.793036+00:00,62.886,0.0372,0.0,0.15,0.0997,-0.113,7144.72,2,42.781,19.246,step
2026-08-31T18:37:36.794344+00:00,62.343,0.0315,0.0,0.15,0.107,-0.115,7083.87,2,42.5092,19.268,step
2026-08-31T18:37:36.795637+00:00,61.803,0.0261,0.0,0.15,0.1145,-0.1167,7023.26,2,42.223,19.29,step
2026-08-31T18:37:36.796931+00:00,61.265,0.0209,0.0,0.15,0.1219,-0.1181,6962.91,2,41.9244,19.312,step
2026-08-31T18:37:36.798204+00:00,60.73,-0.3839,0.0,0.15,0.1293,-0.1193,6902.75,2,41.6148,19.334,step
2026-08-31T18:37:36.799591+00:00,60.22,-0.3861,0.0,0.15,0.1365,-0.1178,6842.48,2,41.1676,19.356,step
2026-08-31T18:37:36.800968+00:00,59.628,0.0181,0.0,0.15,0.1428,-0.1105,6775.84,2,40.4129,19.378,step
2026-08-31T18:37:36.802269+00:00,59.023,0.0246,0.0,0.15,0.1484,-0.1012,6704.33,2,39.5627,19.4,step
2026-08-31T18:37:36.803568+00:00,58.493,0.0252,0.0,0.15,0.154,-0.0978,6649.71,2,39.0228,19.422,step
2026-08-31T18:37:36.804877+00:00,57.96,0.0225,0.0,0.15,0.1597,-0.0976,6590.5,2,38.66,19.444,step
2026-08-31T18:37:36.806125+00:00,57.436,0.0189,0.0,0.15,0.1655,-0.0984,6531.73,2,38.3456,19.466,step
2026-08-31T18:37:36.807385+00:00,56.915,0.0151,0.0,0.15,0.1713,-0.0992,6473.2,2,38.0402,19.488,step
2026-08-31T18:37:36.809081+00:00,56.396,0.0114,0.0,0.15,0.1772,-0.1,6414.81,2,37.7319,19.51,step
2026-08-31T18:37:36.810593+00:00,55.879,0.0079,0.0,0.15,0.1829,-0.1006,6356.49,2,37.4186,19.532,step
2026-08-31T18:37:36.811920+00:00,55.364,0.0046,0.0,0.15,0.1887,-0.101,6298.19,2,37.1005,19.554,step
2026-08-31T18:37:36.813275+00:00,54.85,0.0015,0.0,0.15,0.1944,-0.1013,6240.09,2,36.779,19.576,step
2026-08-31T18:37:36.814637+00:00,54.338,-0.0015,0.0,0.15,0.2,-0.1015,6182.23,2,36.4531,19.598,step
2026-08-31T18:37:36.815942+00:00,53.828,-0.0043,0.0,0.15,0.2056,-0.1015,6124.55,2,36.1246,19.62,step
2026-08-31T18:37:36.817523+00:00,53.32,-0.007,0.0,0.15,0.2111,-0.1015,6067.13,2,35.7938,19.642,step
2026-08-31T18:37:36.818814+00:00,52.813,-0.0095,0.0,0.15,0.2166,-0.1013,6009.84,2,35.4603,19.664,step
2026-08-31T18:37:36.820121+00:00,52.307,-0.0119,0.0,0.15,0.2219,-0.1009,5952.71,2,35.1238,19.686,step
2026-08-31T18:37:36.821461+00:00,51.803,-0.0141,0.0,0.15,0.2272,-0.1005,5895.74,2,34.786,19.708,step
2026-08-31T18:37:36.822728+00:00,51.301,-0.0162,0.0,0.15,0.2324,-0.1,5838.94,2,34.4479,19.73,step
2026-08-31T18:37:36.824061+00:00,50.8,-0.0182,0.0,0.15,0.2375,-0.0994,5782.28,2,34.1097,19.752,step
2026-08-31T18:37:36.825553+00:00,50.301,-0.02,0.0,0.15,0.2425,-0.0988,5725.86,2,33.7718,19.774,step
2026-08-31T18:37:36.827005+00:00,49.803,-0.0218,0.0,0.15,0.2474,-0.0981,5669.5,1,33.434,19.796,step
2026-08-31T18:37:36.828317+00:00,49.314,-0.0234,0.0,0.15,0.2522,-0.0973,7606.56,1,33.0967,19.818,step
2026-08-31T18:37:36.829567+00:00,48.828,-0.025,0.0,0.15,0.257,-0.0965,7594.36,1,32.7608,19.84,step
2026-08-31T18:37:36.830844+00:00,48.308,-0.0264,0.0,0.15,0.2616,-0.0956,7363.92,1,32.4255,19.862,step
2026-08-31T18:37:36.832178+00:00,47.758,-0.0277,0.0,0.15,0.2661,-0.0946,7281.53,1,32.0909,19.884,step
2026-08-31T18:37:36.833701+00:00,47.212,-0.0289,0.0,0.15,0.2705,-0.0936,7199.73,1,31.7577,19.906,step
2026-08-31T18:37:36.835019+00:00,46.669,-0.03,0.15,0.0,0.2749,-0.0926,7118.57,1,31.4265,19.928,step
2026-08-31T18:37:36.836273+00:00,46.683,-0.0311,0.15,0.0,0.2791,-0.0916,7303.65,1,31.0991,19.95,step
2026-08-31T18:37:36.837569+00:00,46.842,-0.0323,0.15,0.0,0.2833,-0.0906,7324.55,1,30.7726,19.972,step
2026-08-31T18:37:36.838847+00:00,46.999,-0.0334,0.15,0.0,0.2874,-0.0897,7346.65,1,30.4454,19.994,step
2026-08-31T18:37:36.840187+00:00,47.157,-0.0344,0.0,0.15,0.2915,-0.0887,7370.12,1,30.1171,20.016,step
2026-08-31T18:37:36.841499+00:00,46.754,-0.0354,0.15,0.0,0.2955,-0.0876,7139.88,1,29.7864,20.038,step
2026-08-31T18:37:36.843294+00:00,46.759,-0.0362,0.15,0.0,0.2995,-0.0865,7313.09,1,29.4563,20.06,step
2026-08-31T18:37:36.844572+00:00,46.916,-0.0371,0.15,0.0,0.3034,-0.0854,7336.81,1,29.1261,20.082,step
2026-08-31T18:37:36.845845+00:00,47.073,-0.0379,0.0,0.15,0.3073,-0.0843,7360.52,1,28.7944,20.104,step
2026-08-31T18:37:36.847158+00:00,46.666,-0.0386,0.15,0.0,0.3111,-0.0831,7123.01,1,28.4603,20.126,step
2026-08-31T18:37:36.848576+00:00,46.675,-0.0392,0.15,0.0,0.3148,-0.0818,7301.12,1,28.1269,20.148,step
2026-08-31T18:37:36.849988+00:00,46.833,-0.0398,0.15,0.0,0.3184,-0.0806,7324.04,1,27.7946,20.17,step
2026-08-31T18:37:36.851550+00:00,46.991,-0.0404,0.0,0.15,0.322,-0.0794,7347.64,1,27.4619,20.192,step
2026-08-31T18:37:36.852897+00:00,46.588,-0.0409,0.0,0.15,0.3256,-0.0781,7112.33,1,27.1277,20.214,step
2026-08-31T18:37:36.854243+00:00,46.047,-0.0412,0.0,0.15,0.329,-0.0767,7026.05,1,26.7939,20.236,step
2026-08-31T18:37:36.855569+00:00,45.51,-0.0415,0.0,0.15,0.3323,-0.0753,6943.15,1,26.4628,20.258,step
2026-08-31T18:37:36.856895+00:00,44.978,-0.0396,0.0,0.15,0.3356,-0.0718,6862.82,1,26.1356,20.28,step
2026-08-31T18:37:36.858332+00:00,44.449,-0.0307,0.0,0.15,0.3384,-0.0615,6783.99,1,25.8132,20.302,step
2026-08-31T18:37:36.859963+00:00,43.925,-0.0219,0.0,0.15,0.3408,-0.0516,6705.84,1,25.5016,20.324,step
2026-08-31T18:37:36.861367+00:00,43.405,-0.0133,0.0,0.15,0.3427,-0.042,6628.1,1,25.2041,20.346,step
2026-08-31T18:37:36.862808+00:00,42.888,-0.0049,0.0,0.15,0.3442,-0.0328,6550.62,1,24.9208,20.368,step
2026-08-31T18:37:36.864231+00:00,42.375,0.0033,0.0,0.15,0.3454,-0.024,6470.99,1,24.6505,20.39,step
2026-08-31T18:37:36.865660+00:00,41.865,0.0113,0.0,0.15,0.3462,-0.0156,6392.65,1,24.3918,20.412,step
2026-08-31T18:37:36.867238+00:00,41.356,0.0191,0.0,0.15,0.3467,-0.0075,6317.82,1,24.1447,20.434,step
2026-08-31T18:37:36.868727+00:00,40.85,0.0268,0.0,0.15,0.3469,0.0002,6242.67,1,23.9088,20.456,step
2026-08-31T18:37:36.870216+00:00,40.346,0.0342,0.15,0.0,0.3468,0.0076,6167.31,1,23.6845,20.478,step
2026-08-31T18:37:36.871570+00:00,40.401,0.0415,0.0,0.15,0.3465,0.0147,6319.89,1,23.4672,20.5,step
2026-08-31T18:37:36.872958+00:00,40.012,0.0487,0.0,0.15,0.3459,0.0217,6120.48,1,23.2559,20.522,step
2026-08-31T18:37:36.874337+00:00,39.511,0.0558,0.0,0.15,0.3451,0.0283,6044.03,1,23.0553,20.544,step
2026-08-31T18:37:36.876075+00:00,39.012,0.0626,0.0,0.15,0.3441,0.0346,5966.7,1,22.8642,20.566,step
2026-08-31T18:37:36.877465+00:00,38.516,0.0691,0.15,0.0,0.3428,0.0406,5890.62,1,22.6822,20.588,step
2026-08-31T18:37:36.878851+00:00,38.585,0.0757,0.0,0.15,0.3414,0.0463,6034.98,1,22.5036,20.61,step
2026-08-31T18:37:36.880273+00:00,38.196,0.082,0.0,0.15,0.3398,0.0519,5844.52,1,22.3302,20.632,step
2026-08-31T18:37:36.881720+00:00,37.704,0.0882,0.15,0.0,0.3381,0.0572,5769.02,1,22.1666,20.654,step
2026-08-31T18:37:36.883104+00:00,37.778,0.0942,0.0,0.15,0.3362,0.0623,5907.69,1,22.0062,20.676,step
2026-08-31T18:37:36.884767+00:00,37.391,0.1002,0.0,0.15,0.3341,0.0673,5722.38,1,21.8496,20.698,step
2026-08-31T18:37:36.886166+00:00,36.901,0.106,0.15,0.0,0.3319,0.072,5646.92,1,21.7028,20.72,step
2026-08-31T18:37:36.887541+00:00,36.979,0.1117,0.0,0.15,0.3296,0.0765,5783.23,1,21.558,20.742,step
2026-08-31T18:37:36.888932+00:00,36.593,0.1173,0.0,0.15,0.3272,0.0809,5600.55,1,21.4173,20.764,step
2026-08-31T18:37:36.890295+00:00,36.106,0.1227,0.15,0.0,0.3246,0.085,5525.92,1,21.286,20.786,step
2026-08-31T18:37:36.891964+00:00,36.188,0.128,0.0,0.15,0.322,0.089,5658.88,1,21.1558,20.808,step
2026-08-31T18:37:36.893496+00:00,35.803,0.1333,0.15,0.0,0.3192,0.0929,5481.05,1,21.0289,20.83,step
2026-08-31T18:37:36.894887+00:00,35.886,0.1385,0.0,0.15,0.3164,0.0967,5610.37,1,20.9055,20.852,step
2026-08-31T18:37:36.896287+00:00,35.5,0.1436,0.0,0.15,0.3134,0.1003,5435.55,1,20.7857,20.874,step
2026-08-31T18:37:36.897663+00:00,35.017,0.1483,0.15,0.0,0.3104,0.1035,5360.84,1,20.6756,20.896,step
2026-08-31T18:37:36.899077+00:00,35.105,0.1531,0.0,0.15,0.3073,0.1068,5488.59,1,20.5656,20.918,step
2026-08-31T18:37:36.900655+00:00,34.719,0.1579,0.15,0.0,0.3042,0.1099,5315.99,1,20.4581,20.94,step
2026-08-31T18:37:36.902130+00:00,34.808,0.1625,0.0,0.15,0.301,0.113,5441.5,1,20.3541,20.962,step
2026-08-31T18:37:36.903539+00:00,34.422,0.1669,0.15,0.0,0.2977,0.1158,5271.28,1,20.2529,20.984,step
2026-08-31T18:37:36.904884+00:00,34.512,0.1713,0.0,0.15,0.2943,0.1185,5394.94,1,20.1544,21.006,step
2026-08-31T18:37:36.906182+00:00,34.127,0.1756,0.15,0.0,0.2909,0.1211,5235.99,1,20.0592,21.028,step
2026-08-31T18:37:36.907563+00:00,34.218,0.1798,0.0,0.15,0.2874,0.1235,5348.88,1,19.9665,21.05,step
2026-08-31T18:37:36.909096+00:00,33.832,0.1839,0.15,0.0,0.2839,0.1259,5235.99,1,19.8772,21.072,step
2026-08-31T18:37:36.910549+00:00,33.925,0.1879,0.0,0.15,0.2803,0.1281,5303.01,1,19.7902,21.094,step
2026-08-31T18:37:36.911936+00:00,33.538,0.1918,0.15,0.0,0.2767,0.1302,5235.99,1,19.7064,21.116,step
2026-08-31T18:37:36.913297+00:00,33.632,0.1957,0.0,0.15,0.2731,0.1322,5257.66,1,19.6248,21.138,step
2026-08-31T18:37:36.914614+00:00,33.245,0.1994,0.15,0.0,0.2694,0.1341,5235.99,1,19.5465,21.16,step
2026-08-31T18:37:36.916036+00:00,33.341,0.2031,0.0,0.15,0.2657,0.1359,5235.99,1,19.4698,21.182,step
2026-08-31T18:37:36.917676+00:00,32.953,0.2066,0.15,0.0,0.262,0.1377,5235.99,1,19.3961,21.204,step
2026-08-31T18:37:36.919045+00:00,33.05,0.2101,0.0,0.15,0.2583,0.1393,5235.99,1,19.3244,21.226,step
2026-08-31T18:37:36.920417+00:00,32.661,0.2135,0.15,0.0,0.2545,0.1408,5235.99,1,19.2553,21.248,step
2026-08-31T18:37:36.921781+00:00,32.759,0.2169,0.0,0.15,0.2508,0.1423,5235.99,1,19.1884,21.27,step
2026-08-31T18:37:36.923137+00:00,32.37,0.2201,0.15,0.0,0.247,0.1436,5235.99,1,19.1238,21.292,step
2026-08-31T18:37:36.924781+00:00,32.47,0.2233,0.15,0.0,0.2432,0.1449,5235.99,1,19.0611,21.314,step
2026-08-31T18:37:36.926212+00:00,32.618,0.2266,0.0,0.15,0.2394,0.1463,5235.99,1,18.9932,21.336,step
2026-08-31T18:37:36.927545+00:00,32.228,0.2297,0.8,0.0,0.2356,0.1475,5235.99,1,18.9332,21.358,step
2026-08-31T18:37:36.928897+00:00,32.764,0.2324,0.0,0.15,0.2317,0.1483,5755.75,1,18.8817,21.38,step
2026-08-31T18:37:36.930273+00:00,32.642,0.2352,0.0,0.15,0.2277,0.1491,5235.99,1,18.8285,21.402,step
2026-08-31T18:37:36.931701+00:00,32.161,0.2378,0.0,0.15,0.2238,0.1497,5235.99,1,18.7786,21.424,step
2026-08-31T18:37:36.933088+00:00,31.68,0.2403,0.8,0.0,0.2199,0.1502,5235.99,1,18.7336,21.446,step
2026-08-31T18:37:36.934665+00:00,32.203,0.2426,0.0,0.15,0.216,0.1506,5689.09,1,18.6916,21.468,step
2026-08-31T18:37:36.936006+00:00,32.085,0.245,0.0,0.15,0.2121,0.151,5235.99,1,18.6477,21.49,step
2026-08-31T18:37:36.937385+00:00,31.605,0.2473,0.8,0.0,0.2082,0.1514,5235.99,1,18.6061,21.512,step
2026-08-31T18:37:36.938731+00:00,32.136,0.2495,0.0,0.15,0.2043,0.1516,5647.95,1,18.5679,21.534,step
2026-08-31T18:37:36.940150+00:00,32.008,0.2517,0.0,0.15,0.2004,0.1519,5235.99,1,18.5272,21.556,step
2026-08-31T18:37:36.941526+00:00,31.527,0.2539,0.8,0.0,0.1965,0.1522,5235.99,1,18.4892,21.578,step
2026-08-31T18:37:36.943182+00:00,32.057,0.2559,0.0,0.15,0.1927,0.1522,5633.09,1,18.455,21.6,step
2026-08-31T18:37:36.944525+00:00,31.928,0.258,0.0,0.15,0.1888,0.1524,5235.99,1,18.4187,21.622,step
2026-08-31T18:37:36.945920+00:00,31.446,0.26,0.0,0.15,0.1849,0.1525,5235.99,1,18.385,21.644,step
2026-08-31T18:37:36.947300+00:00,30.966,0.2618,0.8,0.0,0.1812,0.1524,5235.99,1,18.3555,21.666,step
2026-08-31T18:37:36.948657+00:00,31.489,0.2635,0.0,0.15,0.1774,0.1522,5545.07,1,18.3288,21.688,step
2026-08-31T18:37:36.950157+00:00,31.357,0.2653,0.0,0.15,0.1737,0.1521,5235.99,1,18.2997,21.71,step
2026-08-31T18:37:36.951765+00:00,30.877,0.267,0.8,0.0,0.1699,0.152,5235.99,1,18.2724,21.732,step
2026-08-31T18:37:36.953107+00:00,31.412,0.2687,0.0,0.15,0.1662,0.1518,5493.96,1,18.248,21.754,step
2026-08-31T18:37:36.954575+00:00,31.266,0.2704,0.0,0.15,0.1625,0.1516,5235.99,1,18.2211,21.776,step
2026-08-31T18:37:36.956037+00:00,30.784,0.272,0.8,0.0,0.1588,0.1514,5235.99,1,18.1966,21.798,step
2026-08-31T18:37:36.957392+00:00,31.315,0.2734,0.0,0.15,0.1552,0.151,5482.78,1,18.1758,21.82,step
2026-08-31T18:37:36.958970+00:00,31.171,0.2749,0.0,0.15,0.1515,0.1507,5235.99,1,18.1522,21.842,step
2026-08-31T18:37:36.960366+00:00,30.688,0.2763,0.8,0.0,0.1479,0.1503,5235.99,1,18.1315,21.864,step
2026-08-31T18:37:36.961706+00:00,31.218,0.2776,0.0,0.15,0.1443,0.1497,5469.29,1,18.1142,21.886,step
2026-08-31T18:37:36.963105+00:00,31.073,0.2789,0.0,0.15,0.1407,0.1493,5235.99,1,18.0944,21.908,step
2026-08-31T18:37:36.964533+00:00,30.59,0.2802,0.8,0.0,0.1371,0.1488,5235.99,1,18.0774,21.93,step
2026-08-31T18:37:36.965885+00:00,31.122,0.2813,0.0,0.15,0.1336,0.1481,5449.12,1,18.0636,21.952,step
2026-08-31T18:37:36.967417+00:00,30.975,0.2825,0.0,0.15,0.1301,0.1476,5235.99,1,18.047,21.974,step
2026-08-31T18:37:36.968744+00:00,30.492,0.2837,0.8,0.0,0.1267,0.147,5235.99,1,18.0332,21.996,step
2026-08-31T18:37:36.970046+00:00,31.023,0.2846,0.0,0.15,0.1233,0.1463,5431.55,1,18.0228,22.018,step
2026-08-31T18:37:36.971417+00:00,30.875,0.2857,0.0,0.15,0.1198,0.1456,5235.99,1,18.0096,22.04,step
2026-08-31T18:37:36.972731+00:00,30.393,0.2867,0.8,0.0,0.1165,0.145,5235.99,1,17.9987,22.062,step
2026-08-31T18:37:36.974069+00:00,30.924,0.2876,0.0,0.15,0.1132,0.1442,5411.4,1,17.9914,22.084,step
2026-08-31T18:37:36.975462+00:00,30.775,0.2886,0.0,0.15,0.1098,0.1435,5235.99,1,17.981,22.106,step
2026-08-31T18:37:36.976945+00:00,30.292,0.2895,0.8,0.0,0.1065,0.1427,5235.99,1,17.9731,22.128,step
2026-08-31T18:37:36.978277+00:00,30.824,0.2902,0.0,0.15,0.1033,0.1419,5392.59,1,17.9682,22.15,step
2026-08-31T18:37:36.979635+00:00,30.672,0.2911,0.8,0.0,0.1,0.1411,5235.99,1,17.9601,22.172,step
2026-08-31T18:37:36.980944+00:00,31.216,0.2919,0.0,0.15,0.0968,0.1403,5423.51,1,17.9545,22.194,step
2026-08-31T18:37:36.982300+00:00,31.055,0.2928,0.0,0.15,0.0936,0.1396,5235.99,1,17.9466,22.216,step
2026-08-31T18:37:36.983781+00:00,30.569,0.2936,0.8,0.0,0.0904,0.1388,5235.99,1,17.942,22.238,step
2026-08-31T18:37:36.985271+00:00,31.098,0.2941,0.0,0.15,0.0873,0.1378,5452.29,1,17.9416,22.26,step
2026-08-31T18:37:36.986583+00:00,30.953,0.2948,0.0,0.15,0.0841,0.1369,5235.99,1,17.9383,22.282,step
2026-08-31T18:37:36.987911+00:00,30.47,0.2953,0.8,0.0,0.0811,0.1359,5235.99,1,17.9376,22.304,step
2026-08-31T18:37:36.989207+00:00,30.999,0.2958,0.0,0.15,0.0781,0.1348,5436.42,1,17.9401,22.326,step
2026-08-31T18:37:36.990617+00:00,30.854,0.2963,0.0,0.15,0.075,0.1338,5235.99,1,17.9394,22.348,step
2026-08-31T18:37:36.992101+00:00,30.371,0.2968,0.8,0.0,0.0721,0.1328,5235.99,1,17.9408,22.37,step
2026-08-31T18:37:36.993538+00:00,30.903,0.2971,0.0,0.15,0.0692,0.1317,5410.07,1,17.9455,22.392,step
2026-08-31T18:37:36.994840+00:00,30.754,0.2976,0.0,0.15,0.0663,0.1307,5235.99,1,17.9471,22.414,step
2026-08-31T18:37:36.996170+00:00,30.27,0.2979,0.8,0.0,0.0635,0.1297,5235.99,1,17.9509,22.436,step
2026-08-31T18:37:36.997433+00:00,30.802,0.2982,0.0,0.15,0.0607,0.1285,5392.31,1,17.9579,22.458,step
2026-08-31T18:37:36.998776+00:00,30.652,0.2986,0.8,0.0,0.0579,0.1275,5235.99,1,17.9612,22.48,step
2026-08-31T18:37:37.000356+00:00,31.195,0.2989,0.0,0.15,0.0551,0.1264,5422.57,1,17.9674,22.502,step
2026-08-31T18:37:37.001764+00:00,31.035,0.2993,0.0,0.15,0.0523,0.1255,5235.99,1,17.9707,22.524,step
2026-08-31T18:37:37.003122+00:00,30.549,0.2996,0.8,0.0,0.0497,0.1244,5235.99,1,17.9768,22.546,step
2026-08-31T18:37:37.004441+00:00,31.077,0.2997,0.0,0.15,0.047,0.1232,5450.72,1,17.9871,22.568,step
2026-08-31T18:37:37.005790+00:00,30.933,0.3,0.0,0.15,0.0444,0.1221,5235.99,1,17.9947,22.59,step
2026-08-31T18:37:37.007119+00:00,30.448,0.3001,0.8,0.0,0.0418,0.121,5235.99,1,18.0046,22.612,step
2026-08-31T18:37:37.008497+00:00,30.978,0.3001,0.0,0.15,0.0393,0.1198,5434.19,1,18.0177,22.634,step
2026-08-31T18:37:37.010116+00:00,30.833,0.3003,0.8,0.0,0.0368,0.1187,5235.99,1,18.0273,22.656,step
2026-08-31T18:37:37.011523+00:00,31.377,0.3004,0.0,0.15,0.0343,0.1175,5459.81,1,18.0386,22.678,step
2026-08-31T18:37:37.012900+00:00,31.22,0.3006,0.0,0.15,0.0318,0.1165,5235.99,1,18.047,22.7,step
2026-08-31T18:37:37.014222+00:00,30.734,0.3007,0.8,0.0,0.0294,0.1154,5235.99,1,18.0587,22.722,step
2026-08-31T18:37:37.015599+00:00,31.263,0.3006,0.0,0.15,0.027,0.1141,5488.3,1,18.0745,22.744,step
2026-08-31T18:37:37.016934+00:00,31.122,0.3006,0.0,0.15,0.0246,0.1129,5235.99,1,18.0871,22.766,step
2026-08-31T18:37:37.018601+00:00,30.638,0.3005,0.8,0.0,0.0223,0.1117,5235.99,1,18.1021,22.788,step
2026-08-31T18:37:37.019977+00:00,31.166,0.3003,0.0,0.15,0.0201,0.1104,5474.53,1,18.1206,22.81,step
2026-08-31T18:37:37.021334+00:00,31.026,0.3002,0.8,0.0,0.0179,0.1092,5235.99,1,18.1349,22.832,step
2026-08-31T18:37:37.022766+00:00,31.569,0.3001,0.0,0.15,0.0156,0.108,5500.35,1,18.151,22.854,step
2026-08-31T18:37:37.024118+00:00,31.417,0.3001,0.0,0.15,0.0134,0.1068,5235.99,1,18.1642,22.876,step
2026-08-31T18:37:37.025696+00:00,30.931,0.3,0.8,0.0,0.0113,0.1057,5235.99,1,18.1802,22.898,step
2026-08-31T18:37:37.027121+00:00,31.459,0.2998,0.0,0.15,0.0092,0.1044,5529.34,1,18.2002,22.92,step
2026-08-31T18:37:37.028494+00:00,31.323,0.2996,0.0,0.15,0.0071,0.1032,5235.99,1,18.2171,22.942,step
2026-08-31T18:37:37.029869+00:00,30.839,0.2994,0.8,0.0,0.0052,0.102,5235.99,1,18.2363,22.964,step
2026-08-31T18:37:37.031217+00:00,31.367,0.2991,0.0,0.15,0.0032,0.1007,5515.92,1,18.2586,22.986,step
2026-08-31T18:37:37.032548+00:00,31.231,0.2989,0.8,0.0,0.0013,0.0995,5235.99,1,18.2771,23.008,step
2026-08-31T18:37:37.034088+00:00,31.774,0.2986,0.0,0.15,-0.0006,0.0983,5543.42,1,18.2978,23.03,step
2026-08-31T18:37:37.035546+00:00,31.627,0.2984,0.0,0.15,-0.0025,0.0972,5235.99,1,18.3155,23.052,step
2026-08-31T18:37:37.036941+00:00,31.141,0.2982,0.8,0.0,-0.0044,0.096,5235.99,1,18.3352,23.074,step
2026-08-31T18:37:37.038320+00:00,31.669,0.2978,0.0,0.15,-0.0062,0.0947,5572.3,1,18.3585,23.096,step
2026-08-31T18:37:37.039750+00:00,31.537,0.2976,0.0,0.15,-0.008,0.0936,5235.99,1,18.3792,23.118,step
2026-08-31T18:37:37.041156+00:00,31.053,0.2972,0.8,0.0,-0.0097,0.0924,5235.99,1,18.402,23.14,step
2026-08-31T18:37:37.042732+00:00,31.58,0.2968,0.15,0.0,-0.0114,0.0911,5559.78,1,18.4276,23.162,step
2026-08-31T18:37:37.044043+00:00,31.987,0.2966,0.0,0.15,-0.0131,0.09,5235.99,1,18.4464,23.184,step
2026-08-31T18:37:37.045342+00:00,31.594,0.2965,0.15,0.0,-0.0147,0.0891,5235.99,1,18.4605,23.206,step
2026-08-31T18:37:37.046640+00:00,31.7,0.2964,0.0,0.15,-0.0163,0.0882,5235.99,1,18.4743,23.228,step
2026-08-31T18:37:37.047956+00:00,31.305,0.2962,0.8,0.0,-0.0178,0.0873,5235.99,1,18.4903,23.25,step
2026-08-31T18:37:37.049335+00:00,31.834,0.2957,0.0,0.15,-0.0193,0.086,5603.9,1,18.5166,23.272,step
2026-08-31T18:37:37.050806+00:00,31.705,0.2953,0.15,0.0,-0.0209,0.0848,5235.99,1,18.5402,23.294,step
2026-08-31T18:37:37.052094+00:00,31.812,0.2951,0.15,0.0,-0.0223,0.0839,5235.99,1,18.5557,23.316,step
2026-08-31T18:37:37.053424+00:00,31.953,0.2952,0.0,0.15,-0.0237,0.0834,5235.99,1,18.5626,23.338,step
2026-08-31T18:37:37.054753+00:00,31.559,0.295,0.15,0.0,-0.0251,0.0825,5235.99,1,18.5795,23.36,step
2026-08-31T18:37:37.056054+00:00,31.667,0.2948,0.15,0.0,-0.0265,0.0815,5235.99,1,18.5978,23.382,step
2026-08-31T18:37:37.057437+00:00,31.81,0.2948,0.15,0.0,-0.0278,0.0809,5235.99,1,18.6074,23.404,step
2026-08-31T18:37:37.059280+00:00,31.951,0.2949,0.15,0.0,-0.0291,0.0803,5235.99,1,18.6161,23.426,step
2026-08-31T18:37:37.060659+00:00,32.093,0.2949,0.0,0.15,-0.0303,0.0798,5235.99,1,18.6245,23.448,step
2026-08-31T18:37:37.061993+00:00,31.7,0.2947,0.15,0.0,-0.0316,0.0789,5235.99,1,18.6434,23.47,step
2026-08-31T18:37:37.063278+00:00,31.808,0.2944,0.15,0.0,-0.0328,0.0779,5235.99,1,18.6634,23.492,step
2026-08-31T18:37:37.064635+00:00,31.95,0.2943,0.15,0.0,-0.034,0.0773,5235.99,1,18.6742,23.514,step
2026-08-31T18:37:37.066006+00:00,32.092,0.2944,0.0,0.15,-0.0352,0.0768,5235.99,1,18.684,23.536,step
2026-08-31T18:37:37.067585+00:00,31.698,0.2941,0.15,0.0,-0.0364,0.0759,5235.99,1,18.7045,23.558,step
2026-08-31T18:37:37.068947+00:00,31.807,0.2937,0.15,0.0,-0.0375,0.075,5235.99,1,18.7258,23.58,step
2026-08-31T18:37:37.070289+00:00,31.949,0.2937,0.15,0.0,-0.0386,0.0743,5235.99,1,18.7383,23.602,step
2026-08-31T18:37:37.071610+00:00,32.091,0.2936,0.15,0.0,-0.0397,0.0737,5235.99,1,18.7499,23.624,step
2026-08-31T18:37:37.072896+00:00,32.233,0.2935,0.0,0.15,-0.0408,0.0731,5235.99,1,18.7611,23.646,step
2026-08-31T18:37:37.074234+00:00,31.84,0.2931,0.15,0.0,-0.0419,0.0722,5235.99,1,18.7832,23.668,step
2026-08-31T18:37:37.075838+00:00,31.947,0.2927,0.15,0.0,-0.0429,0.0712,5235.99,1,18.8059,23.69,step
2026-08-31T18:37:37.077158+00:00,32.09,0.2925,0.15,0.0,-0.0439,0.0706,5235.99,1,18.8197,23.712,step
2026-08-31T18:37:37.078505+00:00,32.232,0.2924,0.15,0.0,-0.0448,0.07,5235.99,1,18.8327,23.734,step
2026-08-31T18:37:37.079814+00:00,32.374,0.2923,0.0,0.15,-0.0458,0.0694,5235.99,1,18.845,23.756,step
2026-08-31T18:37:37.081101+00:00,31.981,0.2918,0.15,0.0,-0.0468,0.0685,5235.99,1,18.868,23.778,step
2026-08-31T18:37:37.082478+00:00,32.088,0.2914,0.15,0.0,-0.0477,0.0675,5235.99,1,18.8921,23.8,step
2026-08-31T18:37:37.083993+00:00,32.231,0.2912,0.15,0.0,-0.0486,0.0669,5235.99,1,18.907,23.822,step
2026-08-31T18:37:37.085319+00:00,32.373,0.291,0.15,0.0,-0.0494,0.0663,5235.99,1,18.9207,23.844,step
2026-08-31T18:37:37.086642+00:00,32.515,0.2909,0.15,0.0,-0.0503,0.0657,5235.99,1,18.9341,23.866,step
2026-08-31T18:37:37.088017+00:00,32.656,0.2907,0.0,0.15,-0.0511,0.0652,5235.99,1,18.9474,23.888,step
2026-08-31T18:37:37.089361+00:00,32.264,0.2903,0.15,0.0,-0.0519,0.0643,5235.99,1,18.9719,23.91,step
2026-08-31T18:37:37.090757+00:00,32.371,0.2898,0.15,0.0,-0.0527,0.0634,5235.99,1,18.9973,23.932,step
2026-08-31T18:37:37.092299+00:00,32.513,0.2895,0.15,0.0,-0.0535,0.0628,5235.99,1,19.0137,23.954,step
2026-08-31T18:37:37.093613+00:00,32.655,0.2893,0.15,0.0,-0.0543,0.0622,5235.99,1,19.0292,23.976,step
2026-08-31T18:37:37.094969+00:00,32.797,0.2891,0.0,0.15,-0.055,0.0617,5235.99,1,19.0441,23.998,step
2026-08-31T18:37:37.096379+00:00,32.405,0.2886,0.15,0.0,-0.0557,0.0608,5235.99,1,19.0697,24.02,step
2026-08-31T18:37:37.097709+00:00,32.511,0.2881,0.15,0.0,-0.0564,0.0599,5235.99,1,19.0966,24.042,step
2026-08-31T18:37:37.099033+00:00,32.654,0.2878,0.15,0.0,-0.0571,0.0593,5235.99,1,19.1138,24.064,step
2026-08-31T18:37:37.100721+00:00,32.796,0.2876,0.15,0.0,-0.0577,0.0587,5235.99,1,19.1299,24.086,step
2026-08-31T18:37:37.102016+00:00,32.938,0.2873,0.0,0.15,-0.0583,0.0581,5235.99,1,19.1458,24.108,step
2026-08-31T18:37:37.103387+00:00,32.547,0.2867,0.15,0.0,-0.0589,0.0573,5235.99,1,19.1722,24.13,step
2026-08-31T18:37:37.104739+00:00,32.652,0.2861,0.15,0.0,-0.0595,0.0563,5235.99,1,19.1997,24.152,step
2026-08-31T18:37:37.106089+00:00,32.795,0.2858,0.15,0.0,-0.0601,0.0557,5235.99,1,19.2175,24.174,step
2026-08-31T18:37:37.107458+00:00,32.937,0.2855,0.15,0.0,-0.0606,0.0552,5235.99,1,19.2343,24.196,step
2026-08-31T18:37:37.108965+00:00,33.08,0.2852,0.15,0.0,-0.0611,0.0547,5235.99,1,19.2502,24.218,step
2026-08-31T18:37:37.110368+00:00,33.222,0.285,0.0,0.15,-0.0616,0.0542,5235.99,1,19.2658,24.24,step
2026-08-31T18:37:37.111697+00:00,32.831,0.2844,0.15,0.0,-0.0621,0.0533,5235.99,1,19.2926,24.262,step
2026-08-31T18:37:37.113074+00:00,32.936,0.2838,0.15,0.0,-0.0626,0.0525,5235.99,1,19.3207,24.284,step
2026-08-31T18:37:37.114385+00:00,33.079,0.2834,0.15,0.0,-0.063,0.0519,5235.99,1,19.3392,24.306,step
2026-08-31T18:37:37.115704+00:00,33.221,0.2831,0.15,0.0,-0.0635,0.0514,5235.99,1,19.3564,24.328,step
2026-08-31T18:37:37.117123+00:00,33.363,0.2828,0.0,0.15,-0.0639,0.0509,5235.99,1,19.373,24.35,step
2026-08-31T18:37:37.118721+00:00,32.972,0.2822,0.15,0.0,-0.0643,0.0501,5235.99,1,19.4007,24.372,step
2026-08-31T18:37:37.120098+00:00,33.078,0.2816,0.15,0.0,-0.0646,0.0493,5235.99,1,19.4293,24.394,step
2026-08-31T18:37:37.121463+00:00,33.22,0.2812,0.15,0.0,-0.065,0.0488,5235.99,1,19.4483,24.416,step
2026-08-31T18:37:37.122904+00:00,33.363,0.2809,0.15,0.0,-0.0653,0.0483,5235.99,1,19.4658,24.438,step
2026-08-31T18:37:37.124300+00:00,33.505,0.2806,0.0,0.15,-0.0656,0.0478,5235.99,1,19.4827,24.46,step
2026-08-31T18:37:37.126006+00:00,33.115,0.28,0.15,0.0,-0.0659,0.0471,5235.99,1,19.5109,24.482,step
2026-08-31T18:37:37.127367+00:00,33.22,0.2794,0.15,0.0,-0.0662,0.0463,5235.99,1,19.5398,24.504,step
2026-08-31T18:37:37.128727+00:00,33.363,0.279,0.15,0.0,-0.0665,0.0458,5235.99,1,19.5587,24.526,step
2026-08-31T18:37:37.130102+00:00,33.505,0.2786,0.15,0.0,-0.0667,0.0453,5236.22,1,19.5762,24.548,step
2026-08-31T18:37:37.131463+00:00,33.648,0.2783,0.15,0.0,-0.0669,0.0448,5258.15,1,19.5935,24.57,step
2026-08-31T18:37:37.132791+00:00,33.791,0.2779,0.0,0.15,-0.0671,0.0444,5280.3,1,19.61,24.592,step
2026-08-31T18:37:37.134385+00:00,33.401,0.2773,0.15,0.0,-0.0673,0.0436,5235.99,1,19.6376,24.614,step
2026-08-31T18:37:37.135699+00:00,33.505,0.2766,0.15,0.0,-0.0675,0.0429,5238.35,1,19.6663,24.636,step
2026-08-31T18:37:37.136997+00:00,33.648,0.2762,0.15,0.0,-0.0677,0.0424,5259.29,1,19.6856,24.658,step
2026-08-31T18:37:37.138363+00:00,33.791,0.2759,0.15,0.0,-0.0678,0.0419,5281.25,1,19.7034,24.68,step
2026-08-31T18:37:37.139802+00:00,33.935,0.2755,0.0,0.15,-0.068,0.0415,5303.35,1,19.7206,24.702,step
2026-08-31T18:37:37.141168+00:00,33.546,0.2749,0.15,0.0,-0.0681,0.0408,5235.99,1,19.7488,24.724,step
2026-08-31T18:37:37.142998+00:00,33.65,0.2742,0.15,0.0,-0.0682,0.0401,5260.83,1,19.778,24.746,step
2026-08-31T18:37:37.144356+00:00,33.794,0.2738,0.15,0.0,-0.0683,0.0396,5282.04,1,19.7969,24.768,step
2026-08-31T18:37:37.145738+00:00,33.937,0.2734,0.15,0.0,-0.0683,0.0393,5304.1,1,19.8144,24.79,step
2026-08-31T18:37:37.147045+00:00,34.081,0.2731,0.15,0.0,-0.0684,0.0389,5326.19,1,19.831,24.812,step
2026-08-31T18:37:37.148402+00:00,34.225,0.2728,0.0,0.15,-0.0684,0.0386,5348.53,1,19.847,24.834,step
2026-08-31T18:37:37.150062+00:00,33.837,0.2722,0.15,0.0,-0.0684,0.038,5235.99,1,19.8745,24.856,step
2026-08-31T18:37:37.151467+00:00,33.94,0.2715,0.15,0.0,-0.0684,0.0373,5306.86,1,19.9033,24.878,step
2026-08-31T18:37:37.152830+00:00,34.084,0.2711,0.15,0.0,-0.0684,0.0369,5328.04,1,19.9224,24.9,step
2026-08-31T18:37:37.154161+00:00,34.228,0.2708,0.15,0.0,-0.0684,0.0366,5350.11,1,19.9399,24.922,step
2026-08-31T18:37:37.155500+00:00,34.373,0.2704,0.0,0.15,-0.0684,0.0362,5372.35,1,19.9568,24.944,step
2026-08-31T18:37:37.156854+00:00,33.985,0.2697,0.15,0.0,-0.0684,0.0356,5235.99,1,19.9841,24.966,step
2026-08-31T18:37:37.158379+00:00,34.088,0.269,0.15,0.0,-0.0683,0.0349,5330.12,1,20.0127,24.988,step
2026-08-31T18:37:37.159929+00:00,34.233,0.2686,0.15,0.0,-0.0682,0.0345,5351.55,1,20.0312,25.01,step
2026-08-31T18:37:37.161239+00:00,34.378,0.2682,0.15,0.0,-0.0681,0.0342,5373.7,1,20.0484,25.032,step
2026-08-31T18:37:37.162554+00:00,34.523,0.2679,0.0,0.15,-0.068,0.0339,5396.01,1,20.0645,25.054,step
2026-08-31T18:37:37.163853+00:00,34.135,0.2672,0.15,0.0,-0.0679,0.0333,5235.99,1,20.091,25.076,step
2026-08-31T18:37:37.165229+00:00,34.238,0.2666,0.15,0.0,-0.0678,0.0326,5353.66,1,20.1189,25.098,step
2026-08-31T18:37:37.166620+00:00,34.383,0.2662,0.15,0.0,-0.0677,0.0323,5375.17,1,20.1382,25.12,step
2026-08-31T18:37:37.168329+00:00,34.529,0.2658,0.15,0.0,-0.0675,0.032,5397.37,1,20.159,25.142,step
2026-08-31T18:37:37.169717+00:00,34.674,0.2655,0.15,0.0,-0.0673,0.0318,5419.71,1,20.1823,25.164,step
2026-08-31T18:37:37.171113+00:00,34.82,0.2652,0.15,0.0,-0.0672,0.0316,5442.31,1,20.2081,25.186,step
2026-08-31T18:37:37.172459+00:00,34.966,0.2649,0.0,0.15,-0.067,0.0314,5465.12,1,20.2371,25.208,step
2026-08-31T18:37:37.173913+00:00,34.578,0.2643,0.15,0.0,-0.0668,0.0309,5294.83,1,20.2821,25.23,step
2026-08-31T18:37:37.175350+00:00,34.679,0.2636,0.15,0.0,-0.0666,0.0303,5423.56,1,20.3331,25.252,step
2026-08-31T18:37:37.176866+00:00,34.826,0.2632,0.15,0.0,-0.0664,0.03,5445.03,1,20.3776,25.274,step
2026-08-31T18:37:37.178237+00:00,34.972,0.2629,0.15,0.0,-0.0662,0.0298,5467.4,1,20.4243,25.296,step
2026-08-31T18:37:37.179669+00:00,35.118,0.2626,0.15,0.0,-0.066,0.0296,5489.9,1,20.4746,25.318,step
2026-08-31T18:37:37.181084+00:00,35.265,0.2623,0.15,0.0,-0.0657,0.0294,5512.56,1,20.5291,25.34,step
2026-08-31T18:37:37.182461+00:00,35.411,0.262,0.15,0.0,-0.0655,0.0292,5535.56,1,20.5873,25.362,step
2026-08-31T18:37:37.184122+00:00,35.558,0.2617,0.15,0.0,-0.0652,0.029,5558.78,1,20.6503,25.384,step
2026-08-31T18:37:37.185633+00:00,35.705,0.2613,0.15,0.0,-0.065,0.0288,5582.08,1,20.7186,25.406,step
2026-08-31T18:37:37.186978+00:00,35.852,0.261,0.15,0.0,-0.0647,0.0287,5605.46,1,20.7923,25.428,step
2026-08-31T18:37:37.188327+00:00,35.999,0.2607,0.15,0.0,-0.0645,0.0285,5628.71,1,20.872,25.45,step
2026-08-31T18:37:37.189658+00:00,36.147,0.2604,0.15,0.0,-0.0642,0.0283,5651.99,1,20.9581,25.472,step
2026-08-31T18:37:37.191046+00:00,36.294,0.2601,0.15,0.0,-0.0639,0.0281,5674.88,1,21.0504,25.494,step
2026-08-31T18:37:37.192649+00:00,36.442,0.2598,0.15,0.0,-0.0637,0.028,5698.11,1,21.1495,25.516,step
2026-08-31T18:37:37.194012+00:00,36.59,0.2595,0.15,0.0,-0.0634,0.0278,5721.35,1,21.2558,25.538,step
2026-08-31T18:37:37.195336+00:00,36.739,0.2592,0.15,0.0,-0.0631,0.0276,5744.67,1,21.3691,25.56,step
2026-08-31T18:37:37.196688+00:00,36.887,0.2589,0.15,0.0,-0.0628,0.0275,5767.86,1,21.4901,25.582,step
2026-08-31T18:37:37.198045+00:00,37.036,0.2586,0.15,0.0,-0.0626,0.0274,5791.21,1,21.6195,25.604,step
2026-08-31T18:37:37.199437+00:00,37.184,0.2584,0.15,0.0,-0.0623,0.0272,5814.82,1,21.7579,25.626,step
2026-08-31T18:37:37.201076+00:00,37.333,0.2581,0.15,0.0,-0.062,0.0271,5838.22,1,21.9052,25.648,step
2026-08-31T18:37:37.202457+00:00,37.482,0.2578,0.15,0.0,-0.0617,0.027,5861.84,1,22.0624,25.67,step
2026-08-31T18:37:37.203820+00:00,37.631,0.2576,0.15,0.0,-0.0614,0.0269,5885.28,1,22.229,25.692,step
2026-08-31T18:37:37.205187+00:00,37.78,0.2573,0.15,0.0,-0.0611,0.0268,5908.85,1,22.3919,25.714,step
2026-08-31T18:37:37.206498+00:00,37.93,0.257,0.15,0.0,-0.0608,0.0266,5932.22,1,22.5482,25.736,step
2026-08-31T18:37:37.207923+00:00,38.08,0.2567,0.15,0.0,-0.0605,0.0265,5955.88,1,22.6986,25.758,step
2026-08-31T18:37:37.209549+00:00,38.229,0.2564,0.15,0.0,-0.0602,0.0263,5979.33,1,22.8436,25.78,step
2026-08-31T18:37:37.210908+00:00,38.379,0.2562,0.15,0.0,-0.0599,0.0262,6003.03,1,22.9827,25.802,step
2026-08-31T18:37:37.212227+00:00,38.529,0.2559,0.15,0.0,-0.0596,0.0261,6026.67,1,23.1163,25.824,step
2026-08-31T18:37:37.213562+00:00,38.679,0.2556,0.15,0.0,-0.0593,0.0259,6050.16,1,23.2451,25.846,step
2026-08-31T18:37:37.214905+00:00,38.829,0.2553,0.15,0.0,-0.059,0.0258,6073.52,1,23.3699,25.868,step
2026-08-31T18:37:37.216294+00:00,38.98,0.255,0.15,0.0,-0.0587,0.0257,6097.13,1,23.4894,25.89,step
2026-08-31T18:37:37.217726+00:00,39.13,0.2548,0.15,0.0,-0.0584,0.0256,6120.84,1,23.6041,25.912,step
2026-08-31T18:37:37.219084+00:00,39.28,0.2545,0.15,0.0,-0.0581,0.0255,6144.34,1,23.7145,25.934,step
2026-08-31T18:37:37.220518+00:00,39.431,0.2542,0.15,0.0,-0.0577,0.0254,6168.01,1,23.8207,25.956,step
2026-08-31T18:37:37.221909+00:00,39.582,0.254,0.15,0.0,-0.0574,0.0253,6191.66,1,23.9231,25.978,step
2026-08-31T18:37:37.223300+00:00,39.732,0.2538,0.15,0.0,-0.0571,0.0252,6215.68,1,24.0225,26.0,step
2026-08-31T18:37:37.224785+00:00,39.883,0.2535,0.15,0.0,-0.0567,0.0251,6239.29,1,24.1189,26.022,step
2026-08-31T18:37:37.228391+00:00,40.033,0.2533,0.15,0.0,-0.0564,0.0251,6263.11,1,24.2124,26.044,step
2026-08-31T18:37:37.231691+00:00,40.184,0.2531,0.15,0.0,-0.0561,0.025,6286.85,1,24.3022,26.066,step
2026-08-31T18:37:37.234535+00:00,40.335,0.2528,0.15,0.0,-0.0558,0.0249,6310.73,1,24.3889,26.088,step
2026-08-31T18:37:37.236094+00:00,40.486,0.2526,0.15,0.0,-0.0555,0.0248,6334.48,1,24.4728,26.11,step
2026-08-31T18:37:37.237540+00:00,40.637,0.2523,0.15,0.0,-0.0551,0.0247,6358.37,1,24.554,26.132,step
2026-08-31T18:37:37.238964+00:00,40.788,0.252,0.15,0.0,-0.0548,0.0246,6381.95,1,24.6317,26.154,step
2026-08-31T18:37:37.240375+00:00,40.94,0.2518,0.15,0.0,-0.0545,0.0245,6405.68,1,24.7063,26.176,step
2026-08-31T18:37:37.241770+00:00,41.091,0.2515,0.15,0.0,-0.0541,0.0244,6429.56,1,24.7783,26.198,step
2026-08-31T18:37:37.243460+00:00,41.242,0.2512,0.15,0.0,-0.0538,0.0244,6452.96,1,24.8473,26.22,step
2026-08-31T18:37:37.244825+00:00,41.394,0.251,0.15,0.0,-0.0534,0.0243,6476.68,1,24.9137,26.242,step
2026-08-31T18:37:37.246195+00:00,41.545,0.2508,0.15,0.0,-0.0531,0.0242,6500.47,1,24.978,26.264,step
2026-08-31T18:37:37.247573+00:00,41.696,0.2506,0.15,0.0,-0.0528,0.0242,6524.26,1,25.0404,26.286,step
2026-08-31T18:37:37.248997+00:00,41.847,0.2503,0.15,0.0,-0.0525,0.0241,6548.06,1,25.1007,26.308,step
2026-08-31T18:37:37.250426+00:00,41.998,0.2501,0.15,0.0,-0.0521,0.0241,6571.93,1,25.1584,26.33,step
2026-08-31T18:37:37.251918+00:00,42.15,0.2499,0.15,0.0,-0.0518,0.024,6595.77,1,25.2137,26.352,step
2026-08-31T18:37:37.253327+00:00,42.3,0.2497,0.15,0.0,-0.0515,0.024,6619.63,1,25.2669,26.374,step
2026-08-31T18:37:37.254688+00:00,42.452,0.2495,0.15,0.0,-0.0511,0.0239,6643.56,1,25.3183,26.396,step
2026-08-31T18:37:37.256104+00:00,42.603,0.2493,0.15,0.0,-0.0508,0.0239,6667.39,1,25.3679,26.418,step
2026-08-31T18:37:37.257523+00:00,42.754,0.2491,0.15,0.0,-0.0505,0.0239,6691.14,1,25.4149,26.44,step
2026-08-31T18:37:37.259111+00:00,42.905,0.2489,0.15,0.0,-0.0501,0.0238,6715.01,1,25.4597,26.462,step
2026-08-31T18:37:37.260455+00:00,43.056,0.2486,0.15,0.0,-0.0498,0.0237,6738.7,1,25.5026,26.484,step
2026-08-31T18:37:37.261833+00:00,43.207,0.2484,0.15,0.0,-0.0495,0.0237,6762.43,1,25.544,26.506,step
2026-08-31T18:37:37.263185+00:00,43.358,0.2482,0.15,0.0,-0.0492,0.0236,6786.27,1,25.5833,26.528,step
2026-08-31T18:37:37.264536+00:00,43.509,0.248,0.15,0.0,-0.0488,0.0235,6810.05,1,25.6207,26.55,step
2026-08-31T18:37:37.265866+00:00,43.66,0.2478,0.15,0.0,-0.0485,0.0235,6833.26,1,25.6566,26.572,step
2026-08-31T18:37:37.267784+00:00,43.811,0.2475,0.15,0.0,-0.0482,0.0234,6857.07,1,25.6911,26.594,step
2026-08-31T18:37:37.269160+00:00,43.962,0.2473,0.15,0.0,-0.0479,0.0234,6880.66,1,25.7241,26.616,step
2026-08-31T18:37:37.270541+00:00,44.113,0.2471,0.15,0.0,-0.0476,0.0234,6904.26,1,25.7549,26.638,step
2026-08-31T18:37:37.271897+00:00,44.264,0.247,0.0,0.15,-0.0472,0.0234,6928.13,1,25.7832,26.66,step
2026-08-31T18:37:37.273237+00:00,43.868,0.2466,0.15,0.0,-0.047,0.0231,6702.09,1,25.821,26.682,step
2026-08-31T18:37:37.274623+00:00,43.947,0.246,0.15,0.0,-0.0467,0.0227,6884.34,1,25.8634,26.704,step
2026-08-31T18:37:37.276192+00:00,44.099,0.2457,0.15,0.0,-0.0463,0.0225,6906.62,1,25.8927,26.726,step
2026-08-31T18:37:37.277574+00:00,44.251,0.2455,0.15,0.0,-0.046,0.0225,6929.49,1,25.917,26.748,step
2026-08-31T18:37:37.278878+00:00,44.404,0.244,0.0,0.15,-0.0456,0.0212,6952.78,1,25.938,26.77,step
2026-08-31T18:37:37.280202+00:00,44.008,0.2365,0.15,0.0,-0.0451,0.014,6724.15,1,25.9675,26.792,step
2026-08-31T18:37:37.281489+00:00,44.092,0.2289,0.15,0.0,-0.0443,0.0068,6907.59,1,25.995,26.814,step
2026-08-31T18:37:37.282834+00:00,44.248,0.2216,0.15,0.0,-0.0431,0.0001,6930.05,1,26.0022,26.836,step
2026-08-31T18:37:37.284307+00:00,44.405,0.2144,0.15,0.0,-0.0417,-0.0064,6953.23,1,25.9974,26.858,step
2026-08-31T18:37:37.285546+00:00,44.563,0.2073,0.0,0.15,-0.04,-0.0127,6976.7,1,25.9814,26.88,step
2026-08-31T18:37:37.286851+00:00,44.172,0.2001,0.15,0.0,-0.0381,-0.019,6746.05,1,25.966,26.902,step
2026-08-31T18:37:37.288121+00:00,44.251,0.1929,0.15,0.0,-0.036,-0.0251,6932.04,1,25.9454,26.924,step
2026-08-31T18:37:37.289373+00:00,44.412,0.186,0.0,0.15,-0.0336,-0.0308,6954.51,1,25.9058,26.946,step
2026-08-31T18:37:37.290699+00:00,44.02,0.179,0.15,0.0,-0.031,-0.0365,6723.8,1,25.8637,26.968,step
2026-08-31T18:37:37.292130+00:00,44.1,0.1721,0.15,0.0,-0.0282,-0.042,6905.81,1,25.8152,26.99,step
2026-08-31T18:37:37.293462+00:00,44.261,0.1654,0.0,0.15,-0.0252,-0.0472,6928.39,1,25.7491,27.012,step
2026-08-31T18:37:37.294782+00:00,43.867,0.1587,0.15,0.0,-0.022,-0.0522,6702.33,1,25.6804,27.034,step
2026-08-31T18:37:37.296096+00:00,43.946,0.1522,0.0,0.15,-0.0186,-0.0571,6878.99,1,25.6049,27.056,step
2026-08-31T18:37:37.297414+00:00,43.553,0.1457,0.15,0.0,-0.015,-0.0618,6653.6,1,25.5206,27.078,step
2026-08-31T18:37:37.298721+00:00,43.63,0.1394,0.0,0.15,-0.0113,-0.0663,6829.73,1,25.429,27.1,step
2026-08-31T18:37:37.299993+00:00,43.239,0.1332,0.15,0.0,-0.0075,-0.0705,6606.16,1,25.3287,27.122,step
2026-08-31T18:37:37.301466+00:00,43.314,0.1271,0.0,0.15,-0.0035,-0.0746,6779.53,1,25.221,27.144,step
2026-08-31T18:37:37.302737+00:00,42.924,0.1212,0.0,0.15,0.0006,-0.0785,6558.75,1,25.1056,27.166,step
2026-08-31T18:37:37.304043+00:00,42.41,0.1153,0.15,0.0,0.0048,-0.0823,6479.0,1,24.9913,27.188,step
2026-08-31T18:37:37.305281+00:00,42.486,0.1096,0.15,0.0,0.0091,-0.0858,6650.07,1,24.8648,27.21,step
2026-08-31T18:37:37.306500+00:00,42.65,0.1042,0.0,0.15,0.0136,-0.089,6672.62,1,24.7243,27.232,step
2026-08-31T18:37:37.307784+00:00,42.259,0.0988,0.0,0.15,0.0181,-0.0921,6463.41,1,24.5815,27.254,step
2026-08-31T18:37:37.309515+00:00,41.749,0.0935,0.15,0.0,0.0227,-0.0952,6383.29,1,24.44,27.276,step
2026-08-31T18:37:37.310777+00:00,41.822,0.0883,0.0,0.15,0.0274,-0.098,6543.53,1,24.288,27.298,step
2026-08-31T18:37:37.312109+00:00,41.433,0.0834,0.0,0.15,0.0322,-0.1006,6333.75,1,24.1296,27.32,step
2026-08-31T18:37:37.313415+00:00,40.929,0.0784,0.15,0.0,0.0369,-0.1031,6255.23,1,23.972,27.342,step
2026-08-31T18:37:37.314818+00:00,41.001,0.0737,0.0,0.15,0.0418,-0.1054,6415.55,1,23.8056,27.364,step
2026-08-31T18:37:37.316153+00:00,40.609,0.0691,0.0,0.15,0.0466,-0.1076,6209.48,1,23.6341,27.386,step
2026-08-31T18:37:37.317644+00:00,40.109,0.0645,0.0,0.15,0.0515,-0.1097,6132.61,1,23.4633,27.408,step
2026-08-31T18:37:37.318979+00:00,39.611,0.0601,0.15,0.0,0.0564,-0.1117,6056.7,1,23.2902,27.43,step
2026-08-31T18:37:37.320290+00:00,39.684,0.0559,0.0,0.15,0.0613,-0.1134,6208.11,1,23.1092,27.452,step
2026-08-31T18:37:37.321602+00:00,39.295,0.0519,0.0,0.15,0.0663,-0.115,6011.25,1,22.9237,27.474,step
2026-08-31T18:37:37.322929+00:00,38.801,0.0489,0.15,0.0,0.0713,-0.1154,5935.52,1,22.7393,27.496,step
2026-08-31T18:37:37.324335+00:00,38.869,0.0552,0.0,0.15,0.076,-0.1068,6079.67,1,22.5496,27.518,step
2026-08-31T18:37:37.326032+00:00,38.482,0.0616,0.0,0.15,0.0803,-0.0982,5887.99,1,22.3621,27.54,step
2026-08-31T18:37:37.327403+00:00,37.989,0.0678,0.0,0.15,0.0843,-0.09,5812.01,1,22.1847,27.562,step
2026-08-31T18:37:37.328762+00:00,37.497,0.0739,0.15,0.0,0.088,-0.0821,5736.22,1,22.0156,27.584,step
2026-08-31T18:37:37.330112+00:00,37.568,0.0801,0.0,0.15,0.0914,-0.0742,5875.95,1,21.8495,27.606,step
2026-08-31T18:37:37.331522+00:00,37.179,0.0862,0.0,0.15,0.0945,-0.0665,5691.9,1,21.6883,27.628,step
2026-08-31T18:37:37.332997+00:00,36.688,0.0922,0.15,0.0,0.0973,-0.0592,5618.2,1,21.5368,27.65,step
2026-08-31T18:37:37.334590+00:00,36.766,0.0982,0.0,0.15,0.0998,-0.0519,5747.4,1,21.3876,27.672,step
2026-08-31T18:37:37.335985+00:00,36.372,0.1041,0.0,0.15,0.1021,-0.0448,5569.56,1,21.2434,27.694,step
2026-08-31T18:37:37.337387+00:00,35.885,0.1098,0.15,0.0,0.1042,-0.0381,5494.05,1,21.1094,27.716,step
2026-08-31T18:37:37.338747+00:00,35.966,0.1156,0.0,0.15,0.106,-0.0314,5623.84,1,20.9768,27.738,step
2026-08-31T18:37:37.340093+00:00,35.575,0.1213,0.15,0.0,0.1076,-0.0249,5447.17,1,20.849,27.76,step
2026-08-31T18:37:37.341471+00:00,35.655,0.127,0.0,0.15,0.109,-0.0185,5575.36,1,20.7246,27.782,step
2026-08-31T18:37:37.342982+00:00,35.266,0.1326,0.0,0.15,0.1102,-0.0123,5400.35,1,20.6048,27.804,step
2026-08-31T18:37:37.344442+00:00,34.78,0.138,0.15,0.0,0.1112,-0.0064,5325.51,1,20.4949,27.826,step
2026-08-31T18:37:37.345828+00:00,34.862,0.1434,0.0,0.15,0.112,-0.0007,5452.57,1,20.3851,27.848,step
2026-08-31T18:37:37.347163+00:00,34.472,0.148,0.15,0.0,0.1126,0.0043,5279.29,1,20.2791,27.87,step
2026-08-31T18:37:37.348616+00:00,34.555,0.1525,0.0,0.15,0.1131,0.0091,5404.05,1,20.1762,27.892,step
2026-08-31T18:37:37.350176+00:00,34.164,0.157,0.15,0.0,0.1135,0.0138,5235.99,1,20.0775,27.914,step
2026-08-31T18:37:37.351943+00:00,34.248,0.1615,0.0,0.15,0.1137,0.0183,5356.04,1,19.9812,27.936,step
2026-08-31T18:37:37.353333+00:00,33.856,0.1659,0.15,0.0,0.1137,0.0228,5235.99,1,19.889,27.958,step
2026-08-31T18:37:37.354765+00:00,33.94,0.1702,0.0,0.15,0.1137,0.0271,5308.29,1,19.7993,27.98,step
2026-08-31T18:37:37.356211+00:00,33.546,0.1745,0.15,0.0,0.1135,0.0313,5235.99,1,19.7132,28.002,step
2026-08-31T18:37:37.357601+00:00,33.633,0.1788,0.0,0.15,0.1132,0.0354,5258.58,1,19.6293,28.024,step
2026-08-31T18:37:37.359203+00:00,33.238,0.1829,0.15,0.0,0.1128,0.0393,5235.99,1,19.5495,28.046,step
2026-08-31T18:37:37.360608+00:00,33.325,0.187,0.0,0.15,0.1123,0.0432,5235.99,1,19.472,28.068,step
2026-08-31T18:37:37.362029+00:00,32.928,0.191,0.15,0.0,0.1116,0.0469,5235.99,1,19.3985,28.09,step
2026-08-31T18:37:37.363401+00:00,33.018,0.195,0.15,0.0,0.1109,0.0505,5235.99,1,19.327,28.112,step
2026-08-31T18:37:37.364783+00:00,33.159,0.1992,0.0,0.15,0.1101,0.0542,5235.99,1,19.2519,28.134,step
2026-08-31T18:37:37.366235+00:00,32.764,0.2031,0.15,0.0,0.1091,0.0576,5235.99,1,19.185,28.156,step
2026-08-31T18:37:37.367947+00:00,32.851,0.2069,0.0,0.15,0.1081,0.061,5235.99,1,19.1201,28.178,step
2026-08-31T18:37:37.369341+00:00,32.456,0.2107,0.8,0.0,0.107,0.0642,5235.99,1,19.0589,28.2,step
2026-08-31T18:37:37.370717+00:00,32.98,0.2142,0.0,0.15,0.1058,0.0671,5813.4,1,19.0067,28.222,step
2026-08-31T18:37:37.372089+00:00,32.857,0.2174,0.0,0.15,0.1044,0.0696,5235.99,1,18.9537,28.244,step
2026-08-31T18:37:37.373445+00:00,32.368,0.2203,0.0,0.15,0.1031,0.0718,5235.99,1,18.9038,28.266,step
2026-08-31T18:37:37.374831+00:00,31.88,0.223,0.8,0.0,0.1017,0.0739,5235.99,1,18.8584,28.288,step
2026-08-31T18:37:37.376471+00:00,32.394,0.2256,0.0,0.15,0.1002,0.0757,5725.75,1,18.8171,28.31,step
2026-08-31T18:37:37.377832+00:00,32.269,0.2283,0.0,0.15,0.0987,0.0777,5235.99,1,18.7741,28.332,step
2026-08-31T18:37:37.379162+00:00,31.781,0.231,0.8,0.0,0.0971,0.0796,5235.99,1,18.7332,28.354,step
2026-08-31T18:37:37.380520+00:00,32.306,0.2335,0.0,0.15,0.0956,0.0813,5675.65,1,18.6966,28.376,step
2026-08-31T18:37:37.381890+00:00,32.167,0.2361,0.0,0.15,0.0939,0.0831,5235.99,1,18.6577,28.398,step
2026-08-31T18:37:37.383463+00:00,31.676,0.2386,0.8,0.0,0.0922,0.0848,5235.99,1,18.6215,28.42,step
2026-08-31T18:37:37.384860+00:00,32.208,0.241,0.0,0.15,0.0905,0.0863,5636.13,1,18.59,28.442,step
2026-08-31T18:37:37.386254+00:00,32.058,0.2435,0.0,0.15,0.0887,0.0879,5235.99,1,18.5568,28.464,step
2026-08-31T18:37:37.387693+00:00,31.567,0.2459,0.8,0.0,0.0869,0.0894,5235.99,1,18.5269,28.486,step
2026-08-31T18:37:37.389050+00:00,32.086,0.2481,0.0,0.15,0.0851,0.0907,5653.12,1,18.502,28.508,step
2026-08-31T18:37:37.390423+00:00,31.95,0.2505,0.0,0.15,0.0832,0.092,5235.99,1,18.4751,28.53,step
2026-08-31T18:37:37.391801+00:00,31.461,0.2527,0.8,0.0,0.0813,0.0934,5235.99,1,18.4499,28.552,step
2026-08-31T18:37:37.393710+00:00,31.979,0.2548,0.0,0.15,0.0794,0.0945,5630.64,1,18.4299,28.574,step
2026-08-31T18:37:37.395167+00:00,31.841,0.2571,0.0,0.15,0.0774,0.0958,5235.99,1,18.4078,28.596,step
2026-08-31T18:37:37.396638+00:00,31.35,0.2592,0.8,0.0,0.0754,0.0969,5235.99,1,18.3878,28.618,step
2026-08-31T18:37:37.398114+00:00,31.869,0.2611,0.0,0.15,0.0734,0.0978,5607.31,1,18.3726,28.64,step
2026-08-31T18:37:37.399476+00:00,31.728,0.2627,0.0,0.15,0.0714,0.0984,5235.99,1,18.3556,28.662,step
2026-08-31T18:37:37.401061+00:00,31.236,0.2643,0.8,0.0,0.0693,0.099,5235.99,1,18.3405,28.684,step
2026-08-31T18:37:37.402418+00:00,31.755,0.2657,0.0,0.15,0.0673,0.0993,5586.52,1,18.3302,28.706,step
2026-08-31T18:37:37.403773+00:00,31.612,0.2672,0.0,0.15,0.0653,0.0998,5235.99,1,18.3178,28.728,step
2026-08-31T18:37:37.405122+00:00,31.12,0.2686,0.8,0.0,0.0632,0.1002,5235.99,1,18.3068,28.75,step
2026-08-31T18:37:37.406470+00:00,31.639,0.2699,0.0,0.15,0.0612,0.1005,5562.98,1,18.301,28.772,step
2026-08-31T18:37:37.407931+00:00,31.493,0.2713,0.0,0.15,0.0591,0.1009,5235.99,1,18.2928,28.794,step
2026-08-31T18:37:37.409455+00:00,31.0,0.2726,0.8,0.0,0.0571,0.1012,5235.99,1,18.2856,28.816,step
2026-08-31T18:37:37.410837+00:00,31.53,0.2738,0.0,0.15,0.0551,0.1014,5510.64,1,18.2833,28.838,step
2026-08-31T18:37:37.412187+00:00,31.37,0.2752,0.0,0.15,0.053,0.1017,5235.99,1,18.2787,28.86,step
2026-08-31T18:37:37.413580+00:00,30.877,0.2764,0.8,0.0,0.051,0.1019,5235.99,1,18.2762,28.882,step
2026-08-31T18:37:37.414965+00:00,31.395,0.2775,0.0,0.15,0.0489,0.1019,5520.54,1,18.2786,28.904,step
2026-08-31T18:37:37.416343+00:00,31.247,0.2787,0.8,0.0,0.0469,0.1021,5235.99,1,18.2785,28.926,step
2026-08-31T18:37:37.417935+00:00,31.779,0.2798,0.0,0.15,0.0448,0.1022,5546.7,1,18.2817,28.948,step
2026-08-31T18:37:37.419333+00:00,31.62,0.281,0.0,0.15,0.0427,0.1023,5235.99,1,18.283,28.97,step
2026-08-31T18:37:37.420734+00:00,31.126,0.2821,0.8,0.0,0.0406,0.1024,5235.99,1,18.2861,28.992,step
2026-08-31T18:37:37.422084+00:00,31.64,0.2831,0.0,0.15,0.0386,0.1024,5577.5,1,18.2953,29.014,step
2026-08-31T18:37:37.423470+00:00,31.5,0.2842,0.0,0.15,0.0365,0.1024,5235.99,1,18.3021,29.036,step
2026-08-31T18:37:37.424864+00:00,31.006,0.2851,0.8,0.0,0.0345,0.1023,5235.99,1,18.3102,29.058,step
2026-08-31T18:37:37.426342+00:00,31.521,0.2855,0.0,0.15,0.0325,0.1017,5556.55,1,18.3241,29.08,step
2026-08-31T18:37:37.427731+00:00,31.38,0.2861,0.8,0.0,0.0304,0.1013,5235.99,1,18.3351,29.102,step
2026-08-31T18:37:37.429097+00:00,31.911,0.2865,0.0,0.15,0.0284,0.1007,5575.97,1,18.3491,29.124,step
2026-08-31T18:37:37.430474+00:00,31.755,0.2871,0.0,0.15,0.0264,0.1003,5235.99,1,18.3611,29.146,step
2026-08-31T18:37:37.431830+00:00,31.26,0.2876,0.8,0.0,0.0244,0.0998,5235.99,1,18.3741,29.168,step
2026-08-31T18:37:37.433316+00:00,31.776,0.288,0.0,0.15,0.0225,0.0992,5604.95,1,18.3935,29.19,step
2026-08-31T18:37:37.434981+00:00,31.638,0.2884,0.0,0.15,0.0205,0.0987,5235.99,1,18.4103,29.212,step
2026-08-31T18:37:37.436337+00:00,31.143,0.2888,0.8,0.0,0.0186,0.0982,5235.99,1,18.4273,29.234,step
2026-08-31T18:37:37.437748+00:00,31.667,0.2891,0.0,0.15,0.0168,0.0975,5563.94,1,18.4501,29.256,step
2026-08-31T18:37:37.439135+00:00,31.518,0.2895,0.8,0.0,0.0149,0.0969,5235.99,1,18.4698,29.278,step
2026-08-31T18:37:37.440568+00:00,32.051,0.2898,0.0,0.15,0.013,0.0963,5607.23,1,18.4928,29.3,step
2026-08-31T18:37:37.442240+00:00,31.897,0.2902,0.0,0.15,0.0111,0.0958,5235.99,1,18.5141,29.322,step
2026-08-31T18:37:37.443651+00:00,31.402,0.2905,0.8,0.0,0.0093,0.0952,5235.99,1,18.5367,29.344,step
2026-08-31T18:37:37.445026+00:00,31.916,0.2907,0.0,0.15,0.0075,0.0945,5643.69,1,18.566,29.366,step
2026-08-31T18:37:37.446467+00:00,31.785,0.291,0.15,0.0,0.0057,0.0938,5235.99,1,18.5928,29.388,step
2026-08-31T18:37:37.447911+00:00,31.876,0.2915,0.15,0.0,0.004,0.0935,5235.99,1,18.6102,29.41,step
2026-08-31T18:37:37.449297+00:00,32.007,0.2924,0.0,0.15,0.0023,0.0935,5235.99,1,18.6205,29.432,step
2026-08-31T18:37:37.450933+00:00,31.606,0.2929,0.15,0.0,0.0006,0.0931,5235.99,1,18.6411,29.454,step
2026-08-31T18:37:37.452434+00:00,31.7,0.2932,0.15,0.0,-0.0011,0.0927,5235.99,1,18.6632,29.476,step
2026-08-31T18:37:37.453804+00:00,31.831,0.2936,0.15,0.0,-0.0028,0.0922,5235.99,1,18.6779,29.498,step
2026-08-31T18:37:37.455191+00:00,31.962,0.2939,0.15,0.0,-0.0044,0.0917,5235.99,1,18.6925,29.52,step
2026-08-31T18:37:37.456598+00:00,32.092,0.2943,0.15,0.0,-0.006,0.0913,5235.99,1,18.7074,29.542,step
2026-08-31T18:37:37.457979+00:00,32.223,0.2947,0.0,0.15,-0.0077,0.0909,5235.99,1,18.7225,29.564,step
2026-08-31T18:37:37.459638+00:00,31.822,0.2948,0.15,0.0,-0.0093,0.0901,5235.99,1,18.7492,29.586,step
2026-08-31T18:37:37.461003+00:00,31.915,0.2948,0.15,0.0,-0.0108,0.0893,5235.99,1,18.7775,29.608,step
2026-08-31T18:37:37.462400+00:00,32.046,0.295,0.15,0.0,-0.0124,0.0888,5235.99,1,18.798,29.63,step
2026-08-31T18:37:37.463820+00:00,32.176,0.2953,0.15,0.0,-0.0139,0.0884,5235.99,1,18.8177,29.652,step
2026-08-31T18:37:37.465243+00:00,32.306,0.2956,0.15,0.0,-0.0154,0.0879,5235.99,1,18.8377,29.674,step
2026-08-31T18:37:37.466627+00:00,32.435,0.2959,0.0,0.15,-0.017,0.0875,5235.99,1,18.8589,29.696,step
2026-08-31T18:37:37.468162+00:00,32.033,0.2959,0.15,0.0,-0.0185,0.0866,5235.99,1,18.8924,29.718,step
2026-08-31T18:37:37.469503+00:00,32.126,0.2958,0.15,0.0,-0.0199,0.0858,5235.99,1,18.9279,29.74,step
2026-08-31T18:37:37.470873+00:00,32.257,0.2959,0.15,0.0,-0.0214,0.0852,5235.99,1,18.9555,29.762,step
2026-08-31T18:37:37.472257+00:00,32.387,0.2961,0.15,0.0,-0.0228,0.0847,5235.99,1,18.9827,29.784,step
2026-08-31T18:37:37.473700+00:00,32.517,0.2963,0.15,0.0,-0.0242,0.0842,5235.99,1,19.0101,29.806,step
2026-08-31T18:37:37.475106+00:00,32.647,0.2965,0.15,0.0,-0.0256,0.0837,5235.99,1,19.0377,29.828,step
2026-08-31T18:37:37.476955+00:00,32.776,0.2967,0.15,0.0,-0.027,0.0832,5235.99,1,19.0663,29.85,step
2026-08-31T18:37:37.478341+00:00,32.905,0.2969,0.0,0.15,-0.0284,0.0827,5235.99,1,19.096,29.872,step
2026-08-31T18:37:37.479662+00:00,32.506,0.2965,0.15,0.0,-0.0297,0.0817,5235.99,1,19.138,29.894,step
2026-08-31T18:37:37.480998+00:00,32.597,0.296,0.15,0.0,-0.0311,0.0805,5235.99,1,19.1822,29.916,step
2026-08-31T18:37:37.482338+00:00,32.728,0.2957,0.15,0.0,-0.0323,0.0796,5235.99,1,19.2181,29.938,step
2026-08-31T18:37:37.483889+00:00,32.857,0.2955,0.15,0.0,-0.0336,0.0787,5235.99,1,19.2535,29.96,step
2026-08-31T18:37:37.485365+00:00,32.987,0.2953,0.15,0.0,-0.0348,0.0779,5235.99,1,19.2886,29.982,step
2026-08-31T18:37:37.486700+00:00,33.116,0.2951,0.15,0.0,-0.036,0.077,5235.99,1,19.324,30.004,step
2026-08-31T18:37:37.488118+00:00,33.245,0.2948,0.15,0.0,-0.0372,0.0762,5235.99,1,19.3601,30.026,step
2026-08-31T18:37:37.489503+00:00,33.374,0.2946,0.15,0.0,-0.0384,0.0754,5235.99,1,19.3966,30.048,step
2026-08-31T18:37:37.490887+00:00,33.502,0.2944,0.0,0.15,-0.0396,0.0746,5248.31,1,19.4342,30.07,step
2026-08-31T18:37:37.492410+00:00,33.102,0.2939,0.15,0.0,-0.0407,0.0735,5235.99,1,19.4847,30.092,step
2026-08-31T18:37:37.493945+00:00,33.192,0.2932,0.15,0.0,-0.0418,0.0723,5235.99,1,19.538,30.114,step
2026-08-31T18:37:37.495400+00:00,33.322,0.2929,0.15,0.0,-0.0429,0.0714,5235.99,1,19.5828,30.136,step
2026-08-31T18:37:37.496752+00:00,33.451,0.2925,0.15,0.0,-0.0439,0.0706,5243.31,1,19.6271,30.158,step
2026-08-31T18:37:37.498132+00:00,33.581,0.2922,0.15,0.0,-0.0449,0.0698,5262.87,1,19.6716,30.18,step
2026-08-31T18:37:37.499512+00:00,33.71,0.2919,0.15,0.0,-0.0459,0.069,5282.61,1,19.7161,30.202,step
2026-08-31T18:37:37.501251+00:00,33.84,0.2916,0.15,0.0,-0.0468,0.0682,5302.75,1,19.7609,30.224,step
2026-08-31T18:37:37.502668+00:00,33.969,0.2913,0.15,0.0,-0.0478,0.0674,5323.18,1,19.8066,30.246,step
2026-08-31T18:37:37.504040+00:00,34.099,0.291,0.15,0.0,-0.0487,0.0667,5343.81,1,19.8529,30.268,step
2026-08-31T18:37:37.505385+00:00,34.229,0.2906,0.15,0.0,-0.0496,0.0658,5364.47,1,19.9005,30.29,step
2026-08-31T18:37:37.506720+00:00,34.358,0.29,0.15,0.0,-0.0505,0.0647,5385.14,1,19.9497,30.312,step
2026-08-31T18:37:37.508156+00:00,34.489,0.2893,0.0,0.15,-0.0513,0.0637,5405.53,1,19.9999,30.334,step
2026-08-31T18:37:37.509760+00:00,34.092,0.2884,0.15,0.0,-0.0521,0.0623,5235.99,1,20.063,30.356,step
2026-08-31T18:37:37.511169+00:00,34.181,0.2874,0.15,0.0,-0.0529,0.0609,5361.06,1,20.1281,30.378,step
2026-08-31T18:37:37.512608+00:00,34.312,0.2866,0.15,0.0,-0.0537,0.0598,5379.27,1,20.1837,30.4,step
2026-08-31T18:37:37.514027+00:00,34.444,0.2859,0.15,0.0,-0.0543,0.0588,5397.47,1,20.2385,30.422,step
2026-08-31T18:37:37.515432+00:00,34.574,0.2853,0.15,0.0,-0.055,0.0578,5416.63,1,20.2926,30.444,step
2026-08-31T18:37:37.516817+00:00,34.705,0.2846,0.15,0.0,-0.0556,0.0568,5436.86,1,20.3462,30.466,step
2026-08-31T18:37:37.518644+00:00,34.836,0.284,0.15,0.0,-0.0562,0.0559,5457.77,1,20.4005,30.488,step
2026-08-31T18:37:37.520070+00:00,34.966,0.2834,0.15,0.0,-0.0568,0.055,5479.58,1,20.456,30.51,step
2026-08-31T18:37:37.521539+00:00,35.097,0.2827,0.15,0.0,-0.0574,0.054,5500.77,1,20.513,30.532,step
2026-08-31T18:37:37.522899+00:00,35.228,0.282,0.15,0.0,-0.0579,0.0531,5521.58,1,20.5713,30.554,step
2026-08-31T18:37:37.524334+00:00,35.36,0.2814,0.15,0.0,-0.0584,0.0522,5542.24,1,20.6305,30.576,step
2026-08-31T18:37:37.525948+00:00,35.492,0.2807,0.15,0.0,-0.0589,0.0513,5562.88,1,20.6901,30.598,step
2026-08-31T18:37:37.527376+00:00,35.624,0.28,0.15,0.0,-0.0593,0.0504,5583.47,1,20.751,30.62,step
2026-08-31T18:37:37.528827+00:00,35.757,0.2794,0.15,0.0,-0.0598,0.0495,5604.16,1,20.8126,30.642,step
2026-08-31T18:37:37.530204+00:00,35.889,0.2787,0.15,0.0,-0.0602,0.0486,5624.86,1,20.8748,30.664,step
2026-08-31T18:37:37.531633+00:00,36.021,0.2777,0.15,0.0,-0.0606,0.0475,5645.65,1,20.9384,30.686,step
2026-08-31T18:37:37.533009+00:00,36.154,0.2768,0.15,0.0,-0.0609,0.0463,5666.44,1,21.0029,30.708,step
2026-08-31T18:37:37.534721+00:00,36.287,0.2758,0.15,0.0,-0.0612,0.0452,5687.21,1,21.0679,30.73,step
2026-08-31T18:37:37.536099+00:00,36.42,0.2749,0.15,0.0,-0.0615,0.0441,5708.05,1,21.1338,30.752,step
2026-08-31T18:37:37.537457+00:00,36.553,0.2739,0.15,0.0,-0.0617,0.0431,5728.89,1,21.2003,30.774,step
2026-08-31T18:37:37.538851+00:00,36.687,0.273,0.15,0.0,-0.0619,0.042,5749.5,1,21.2673,30.796,step
2026-08-31T18:37:37.540181+00:00,36.821,0.272,0.15,0.0,-0.0621,0.041,5769.11,1,21.3346,30.818,step
2026-08-31T18:37:37.541621+00:00,36.954,0.2711,0.0,0.15,-0.0622,0.04,5790.22,1,21.402,30.84,step
2026-08-31T18:37:37.543153+00:00,36.553,0.2699,0.15,0.0,-0.0624,0.0387,5595.92,1,21.4834,30.862,step
2026-08-31T18:37:37.544587+00:00,36.638,0.2686,0.15,0.0,-0.0624,0.0373,5746.45,1,21.5686,30.884,step
2026-08-31T18:37:37.545971+00:00,36.773,0.2675,0.15,0.0,-0.0625,0.0363,5765.07,1,21.6435,30.906,step
2026-08-31T18:37:37.547347+00:00,36.907,0.2665,0.15,0.0,-0.0625,0.0353,5784.97,1,21.7163,30.928,step
2026-08-31T18:37:37.548745+00:00,37.042,0.2656,0.15,0.0,-0.0624,0.0344,5805.1,1,21.7887,30.95,step
2026-08-31T18:37:37.550386+00:00,37.176,0.2647,0.15,0.0,-0.0624,0.0335,5825.55,1,21.8603,30.972,step
2026-08-31T18:37:37.551829+00:00,37.311,0.2638,0.15,0.0,-0.0623,0.0326,5846.41,1,21.9318,30.994,step
2026-08-31T18:37:37.553225+00:00,37.445,0.2629,0.15,0.0,-0.0622,0.0318,5867.5,1,22.0033,31.016,step
2026-08-31T18:37:37.554540+00:00,37.58,0.2619,0.15,0.0,-0.062,0.0309,5888.93,1,22.0756,31.038,step
2026-08-31T18:37:37.555896+00:00,37.715,0.2608,0.15,0.0,-0.0618,0.0298,5910.22,1,22.1483,31.06,step
2026-08-31T18:37:37.557326+00:00,37.849,0.2596,0.15,0.0,-0.0616,0.0288,5931.44,1,22.2225,31.082,step
2026-08-31T18:37:37.559166+00:00,37.984,0.2585,0.15,0.0,-0.0614,0.0278,5952.47,1,22.2973,31.104,step
2026-08-31T18:37:37.560547+00:00,38.119,0.2574,0.15,0.0,-0.0611,0.0268,5973.57,1,22.372,31.126,step
2026-08-31T18:37:37.561997+00:00,38.255,0.2562,0.15,0.0,-0.0608,0.0258,5994.62,1,22.4473,31.148,step
2026-08-31T18:37:37.563356+00:00,38.39,0.2552,0.15,0.0,-0.0605,0.0249,6014.37,1,22.522,31.17,step
2026-08-31T18:37:37.564719+00:00,38.525,0.2541,0.15,0.0,-0.0601,0.024,6035.59,1,22.5971,31.192,step
2026-08-31T18:37:37.566246+00:00,38.661,0.253,0.15,0.0,-0.0597,0.0231,6057.11,1,22.6731,31.214,step
2026-08-31T18:37:37.567848+00:00,38.796,0.2519,0.15,0.0,-0.0593,0.0223,6079.05,1,22.7494,31.236,step
2026-08-31T18:37:37.569288+00:00,38.931,0.2509,0.15,0.0,-0.0589,0.0214,6100.52,1,22.8274,31.258,step
2026-08-31T18:37:37.570722+00:00,39.067,0.2498,0.15,0.0,-0.0584,0.0206,6121.85,1,22.9061,31.28,step
2026-08-31T18:37:37.572138+00:00,39.203,0.2487,0.15,0.0,-0.0579,0.0198,6143.01,1,22.9848,31.302,step
2026-08-31T18:37:37.573508+00:00,39.339,0.2477,0.15,0.0,-0.0574,0.019,6164.23,1,23.0636,31.324,step
2026-08-31T18:37:37.575122+00:00,39.475,0.2467,0.15,0.0,-0.0568,0.0183,6185.49,1,23.1429,31.346,step
2026-08-31T18:37:37.576726+00:00,39.612,0.2456,0.15,0.0,-0.0562,0.0175,6206.75,1,23.2226,31.368,step
2026-08-31T18:37:37.578130+00:00,39.748,0.2444,0.15,0.0,-0.0556,0.0166,6228.03,1,23.3029,31.39,step
2026-08-31T18:37:37.579570+00:00,39.885,0.2432,0.15,0.0,-0.055,0.0157,6249.2,1,23.3819,31.412,step
2026-08-31T18:37:37.581041+00:00,40.021,0.242,0.15,0.0,-0.0543,0.0148,6270.5,1,23.4611,31.434,step
2026-08-31T18:37:37.582479+00:00,40.157,0.2408,0.15,0.0,-0.0536,0.0139,6291.78,1,23.5409,31.456,step
2026-08-31T18:37:37.584108+00:00,40.294,0.2396,0.15,0.0,-0.0529,0.0131,6313.06,1,23.6213,31.478,step
2026-08-31T18:37:37.585539+00:00,40.431,0.2384,0.15,0.0,-0.0522,0.0123,6333.34,1,23.7022,31.5,step
2026-08-31T18:37:37.586975+00:00,40.568,0.2372,0.15,0.0,-0.0514,0.0115,6354.46,1,23.7823,31.522,step
2026-08-31T18:37:37.588376+00:00,40.704,0.2361,0.15,0.0,-0.0505,0.0108,6376.05,1,23.8623,31.544,step
2026-08-31T18:37:37.589816+00:00,40.84,0.2349,0.15,0.0,-0.0497,0.0101,6398.05,1,23.943,31.566,step
2026-08-31T18:37:37.591397+00:00,40.977,0.2338,0.15,0.0,-0.0488,0.0094,6419.72,1,24.0248,31.588,step
2026-08-31T18:37:37.593010+00:00,41.114,0.2326,0.15,0.0,-0.0479,0.0087,6441.11,1,24.107,31.61,step
2026-08-31T18:37:37.594523+00:00,41.251,0.2315,0.15,0.0,-0.047,0.008,6462.57,1,24.1895,31.632,step
2026-08-31T18:37:37.596001+00:00,41.388,0.2304,0.15,0.0,-0.046,0.0074,6483.88,1,24.2719,31.654,step
2026-08-31T18:37:37.597473+00:00,41.525,0.2293,0.15,0.0,-0.0451,0.0068,6505.15,1,24.3551,31.676,step
2026-08-31T18:37:37.599029+00:00,41.662,0.2283,0.15,0.0,-0.0441,0.0062,6526.48,1,24.4428,31.698,step
2026-08-31T18:37:37.600678+00:00,41.799,0.227,0.15,0.0,-0.0431,0.0055,6547.88,1,24.536,31.72,step
2026-08-31T18:37:37.602150+00:00,41.936,0.2258,0.15,0.0,-0.0421,0.0048,6569.16,1,24.6347,31.742,step
2026-08-31T18:37:37.603574+00:00,42.073,0.2246,0.15,0.0,-0.041,0.004,6590.5,1,24.7393,31.764,step
2026-08-31T18:37:37.605003+00:00,42.21,0.2233,0.15,0.0,-0.04,0.0034,6611.82,1,24.8503,31.786,step
2026-08-31T18:37:37.606437+00:00,42.347,0.2222,0.15,0.0,-0.0389,0.0027,6633.09,1,24.9667,31.808,step
2026-08-31T18:37:37.607896+00:00,42.485,0.221,0.15,0.0,-0.0378,0.0021,6653.45,1,25.089,31.83,step
2026-08-31T18:37:37.609588+00:00,42.622,0.2199,0.15,0.0,-0.0367,0.0015,6674.85,1,25.2176,31.852,step
2026-08-31T18:37:37.610961+00:00,42.758,0.2188,0.15,0.0,-0.0355,0.001,6696.61,1,25.3542,31.874,step
2026-08-31T18:37:37.612416+00:00,42.895,0.2176,0.15,0.0,-0.0344,0.0005,6718.46,1,25.4997,31.896,step
2026-08-31T18:37:37.613820+00:00,43.032,0.2165,0.15,0.0,-0.0332,-0.0,6739.94,1,25.6537,31.918,step
2026-08-31T18:37:37.615241+00:00,43.169,0.2155,0.15,0.0,-0.032,-0.0005,6761.35,1,25.8159,31.94,step
2026-08-31T18:37:37.616914+00:00,43.306,0.2144,0.15,0.0,-0.0308,-0.001,6782.58,1,25.9852,31.962,step
2026-08-31T18:37:37.618515+00:00,43.443,0.2134,0.15,0.0,-0.0295,-0.0014,6803.99,1,26.164,31.984,step
2026-08-31T18:37:37.619940+00:00,43.58,0.2124,0.15,0.0,-0.0283,-0.0017,6825.33,1,26.352,32.006,step
2026-08-31T18:37:37.621275+00:00,43.705,0.2114,0.15,0.0,-0.0272,-0.0022,6844.6,1,26.5312,32.026,step
2026-08-31T18:37:37.622605+00:00,43.829,0.2103,0.15,0.0,-0.026,-0.0027,6863.93,1,26.7189,32.046,step
2026-08-31T18:37:37.624002+00:00,43.954,0.2093,0.15,0.0,-0.0248,-0.0032,6883.32,1,26.9163,32.066,step
2026-08-31T18:37:37.625590+00:00,44.078,0.2082,0.15,0.0,-0.0236,-0.0036,6902.6,1,27.1229,32.086,step
2026-08-31T18:37:37.626987+00:00,44.203,0.2072,0.15,0.0,-0.0225,-0.004,6921.93,1,27.339,32.106,step
2026-08-31T18:37:37.628353+00:00,44.327,0.2062,0.15,0.0,-0.0212,-0.0044,6940.99,1,27.5667,32.126,step
2026-08-31T18:37:37.629723+00:00,44.451,0.2052,0.15,0.0,-0.02,-0.0048,6959.81,1,27.8044,32.146,step
2026-08-31T18:37:37.631065+00:00,44.575,0.2043,0.15,0.0,-0.0188,-0.0051,6979.24,1,28.053,32.166,step
2026-08-31T18:37:37.632504+00:00,44.699,0.2033,0.15,0.0,-0.0175,-0.0054,6998.94,1,28.3148,32.186,step
2026-08-31T18:37:37.634048+00:00,44.823,0.2024,0.15,0.0,-0.0163,-0.0057,7018.42,1,28.5895,32.206,step
2026-08-31T18:37:37.635392+00:00,44.947,0.2015,0.15,0.0,-0.015,-0.006,7037.96,1,28.8783,32.226,step
2026-08-31T18:37:37.636751+00:00,45.071,0.2006,0.15,0.0,-0.0137,-0.0062,7057.21,1,29.1811,32.246,step
2026-08-31T18:37:37.638139+00:00,45.195,0.1997,0.15,0.0,-0.0124,-0.0065,7076.51,1,29.5002,32.266,step
2026-08-31T18:37:37.639499+00:00,45.319,0.1989,0.15,0.0,-0.0111,-0.0067,7095.78,1,29.8363,32.286,step
2026-08-31T18:37:37.640907+00:00,45.443,0.1981,0.15,0.0,-0.0099,-0.0069,7114.94,1,30.1886,32.306,step
2026-08-31T18:37:37.642590+00:00,45.566,0.1971,0.15,0.0,-0.0085,-0.0072,7134.21,1,30.5593,32.326,step
2026-08-31T18:37:37.643928+00:00,45.69,0.1961,0.15,0.0,-0.0072,-0.0076,7153.36,1,30.9479,32.346,step
2026-08-31T18:37:37.645287+00:00,45.814,0.1951,0.15,0.0,-0.0059,-0.0079,7172.55,1,31.3576,32.366,step
2026-08-31T18:37:37.646668+00:00,45.937,0.1941,0.15,0.0,-0.0046,-0.0081,7191.66,1,31.7876,32.386,step
2026-08-31T18:37:37.648082+00:00,46.061,0.1932,0.15,0.0,-0.0032,-0.0084,7210.83,1,32.2411,32.406,step
2026-08-31T18:37:37.649631+00:00,46.184,0.1923,0.15,0.0,-0.0019,-0.0086,7229.51,1,32.7177,32.426,step
2026-08-31T18:37:37.651073+00:00,46.307,0.1914,0.15,0.0,-0.0005,-0.0088,7248.67,1,33.2199,32.446,step
2026-08-31T18:37:37.652451+00:00,46.43,0.1906,0.15,0.0,0.0008,-0.009,7267.95,1,33.749,32.466,step
2026-08-31T18:37:37.653900+00:00,46.553,0.1897,0.15,0.0,0.0022,-0.0092,7287.33,1,34.3099,32.486,step
2026-08-31T18:37:37.655308+00:00,46.676,0.1889,0.15,0.0,0.0036,-0.0093,7306.55,1,34.9048,32.506,step
2026-08-31T18:37:37.656661+00:00,46.799,0.1881,0.15,0.0,0.0049,-0.0094,7325.61,1,35.5335,32.526,step
2026-08-31T18:37:37.658056+00:00,46.922,0.1873,0.15,0.0,0.0063,-0.0095,7344.76,1,36.199,32.546,step
2026-08-31T18:37:37.659770+00:00,47.044,0.1866,0.0,0.15,0.0077,-0.0096,7363.84,1,36.9029,32.566,step
2026-08-31T18:37:37.661133+00:00,46.673,0.1856,0.15,0.0,0.0091,-0.0099,7125.14,1,37.6855,32.586,step
2026-08-31T18:37:37.662503+00:00,46.707,0.1845,0.15,0.0,0.0104,-0.0103,7315.38,1,38.54,32.606,step
2026-08-31T18:37:37.663928+00:00,46.831,0.1834,0.15,0.0,0.0118,-0.0107,7332.64,1,39.4059,32.626,step
2026-08-31T18:37:37.665333+00:00,46.955,0.1825,0.15,0.0,0.0132,-0.0109,7350.47,1,40.3099,32.646,step
2026-08-31T18:37:37.666713+00:00,47.078,0.1816,0.0,0.15,0.0146,-0.0111,7368.59,1,41.2685,32.666,step
2026-08-31T18:37:37.668462+00:00,46.706,0.1806,0.15,0.0,0.016,-0.0114,7131.48,1,42.3295,32.686,step
2026-08-31T18:37:37.669853+00:00,46.74,0.1795,0.15,0.0,0.0174,-0.0118,7318.43,1,43.4832,32.706,step
2026-08-31T18:37:37.671279+00:00,46.863,0.1786,0.15,0.0,0.0188,-0.0119,7336.48,1,44.6648,32.726,step
2026-08-31T18:37:37.672740+00:00,46.987,-0.0222,0.8,0.0,0.0203,-0.012,7354.68,1,45.9126,32.746,step
2026-08-31T18:37:37.674239+00:00,47.577,-0.0212,0.8,0.0,0.0215,-0.0104,8779.75,1,46.7024,32.766,step
2026-08-31T18:37:37.675909+00:00,48.376,-0.0167,0.8,0.0,0.0223,-0.0056,10056.9,1,46.5177,32.786,step
2026-08-31T18:37:37.677309+00:00,49.233,-0.0109,0.8,0.0,0.0227,0.0004,11250.4,1,45.9641,32.806,step
2026-08-31T18:37:37.678769+00:00,50.133,-0.0046,0.8,0.0,0.0228,0.0069,12333.3,2,45.3216,32.826,step
2026-08-31T18:37:37.680229+00:00,51.053,0.202,0.0,0.15,0.0227,0.0134,9168.44,2,44.6854,32.846,step
2026-08-31T18:37:37.681725+00:00,51.689,0.2072,0.0,0.15,0.0224,0.0184,9146.01,2,44.5045,32.866,step
2026-08-31T18:37:37.683155+00:00,51.175,0.0094,0.8,0.0,0.022,0.0204,5833.05,2,45.2153,32.886,step
2026-08-31T18:37:37.685025+00:00,51.463,0.0114,0.8,0.0,0.0216,0.0222,6360.76,2,46.0141,32.906,step
2026-08-31T18:37:37.686436+00:00,52.095,0.0158,0.8,0.0,0.0208,0.0262,6471.4,2,46.1051,32.926,step
2026-08-31T18:37:37.687843+00:00,52.761,0.0211,0.8,0.0,0.0196,0.0309,6539.94,2,46.0083,32.946,step
2026-08-31T18:37:37.689316+00:00,53.437,0.0266,0.8,0.0,0.0182,0.0357,6603.12,2,45.9171,32.966,step
2026-08-31T18:37:37.690743+00:00,54.118,0.032,0.8,0.0,0.0165,0.0403,6669.93,2,45.884,32.986,step
2026-08-31T18:37:37.692347+00:00,54.803,0.0374,0.8,0.0,0.0146,0.0447,6743.83,2,45.916,33.006,step
2026-08-31T18:37:37.693771+00:00,55.49,0.0429,0.8,0.0,0.0124,0.0491,6828.27,2,46.0126,33.026,step
2026-08-31T18:37:37.695201+00:00,56.181,0.0483,0.8,0.0,0.0099,0.0533,6923.34,2,46.1808,33.046,step
2026-08-31T18:37:37.696662+00:00,56.877,0.0537,0.8,0.0,0.0073,0.0573,7027.75,2,46.4258,33.066,step
2026-08-31T18:37:37.698174+00:00,57.581,0.059,0.8,0.0,0.0044,0.0612,7141.09,2,46.7591,33.086,step
2026-08-31T18:37:37.699663+00:00,58.294,0.0643,0.8,0.0,0.0012,0.0649,7260.9,2,47.1924,33.106,step
2026-08-31T18:37:37.701237+00:00,59.018,0.0693,0.8,0.0,-0.0021,0.0683,7382.98,2,47.7356,33.126,step
2026-08-31T18:37:37.702602+00:00,59.756,0.0742,0.8,0.0,-0.0057,0.0714,7506.8,2,48.4031,33.146,step
2026-08-31T18:37:37.704037+00:00,60.505,0.079,0.8,0.0,-0.0095,0.0743,7633.78,2,49.2108,33.166,step
2026-08-31T18:37:37.705515+00:00,61.267,0.0837,0.8,0.0,-0.0135,0.077,7763.88,2,50.1803,33.186,step
2026-08-31T18:37:37.706984+00:00,62.039,0.0883,0.8,0.0,-0.0177,0.0794,7901.31,2,51.3765,33.206,step
2026-08-31T18:37:37.708600+00:00,62.823,0.0927,0.8,0.0,-0.0222,0.0816,8045.54,2,53.131,33.226,step
2026-08-31T18:37:37.710179+00:00,63.618,0.097,0.8,0.0,-0.0268,0.0836,8196.34,2,56.3289,33.246,step
2026-08-31T18:37:37.711688+00:00,64.426,0.1012,0.8,0.0,-0.0316,0.0853,8356.11,2,129.407,33.266,step
2026-08-31T18:37:37.713195+00:00,65.245,0.1051,0.8,0.0,-0.0367,0.0868,8528.13,2,127.06,33.286,step
2026-08-31T18:37:37.714782+00:00,66.074,0.1089,0.8,0.0,-0.0419,0.088,8716.52,2,124.59,33.306,step
2026-08-31T18:37:37.716274+00:00,66.912,0.1118,0.8,0.0,-0.0473,0.0881,8926.28,2,121.991,33.326,step
2026-08-31T18:37:37.717919+00:00,67.759,0.1085,0.8,0.0,-0.0527,0.0822,9163.55,2,119.259,33.346,step
2026-08-31T18:37:37.719398+00:00,68.615,0.1048,0.8,0.0,-0.0578,0.0759,9434.43,2,116.42,33.366,step
2026-08-31T18:37:37.720897+00:00,69.479,0.1007,0.8,0.0,-0.0628,0.0693,9714.41,2,113.507,33.386,step
2026-08-31T18:37:37.722432+00:00,70.354,0.0961,0.8,0.0,-0.0675,0.0624,9969.02,2,110.536,33.406,step
2026-08-31T18:37:37.723925+00:00,71.235,0.0913,0.8,0.0,-0.072,0.0553,10207.2,2,107.524,33.426,step
2026-08-31T18:37:37.725703+00:00,72.113,0.086,0.8,0.0,-0.0762,0.0479,10444.3,2,104.478,33.446,step
2026-08-31T18:37:37.727231+00:00,72.986,0.0804,0.8,0.0,-0.0802,0.0403,10684.2,2,101.4,33.466,step
2026-08-31T18:37:37.728707+00:00,73.855,0.0744,0.8,0.0,-0.0839,0.0324,10924.2,2,98.2939,33.486,step
2026-08-31T18:37:37.730136+00:00,74.722,0.068,0.8,0.0,-0.0874,0.0243,11160.5,2,95.1651,33.506,step
2026-08-31T18:37:37.731610+00:00,75.589,0.0612,0.8,0.0,-0.0905,0.016,11390.5,2,92.0178,33.526,step
2026-08-31T18:37:37.733012+00:00,76.455,0.054,0.8,0.0,-0.0933,0.0074,11613.6,2,88.8598,33.546,step
2026-08-31T18:37:37.734663+00:00,77.32,0.0465,0.8,0.0,-0.0958,-0.0014,11828.9,2,85.6997,33.566,step
2026-08-31T18:37:37.736110+00:00,78.186,0.0385,0.8,0.0,-0.0979,-0.0104,12035.6,2,82.5473,33.586,step
2026-08-31T18:37:37.737585+00:00,79.052,0.0302,0.8,0.0,-0.0997,-0.0197,12233.5,2,79.4012,33.606,step
2026-08-31T18:37:37.739000+00:00,79.918,0.0214,0.15,0.0,-0.101,-0.0291,12422.4,2,76.2675,33.626,step
2026-08-31T18:37:37.740391+00:00,80.759,0.0125,0.15,0.0,-0.1019,-0.0385,10814.8,3,73.2115,33.646,step
2026-08-31T18:37:37.741887+00:00,81.361,0.0047,0.15,0.0,-0.1022,-0.0464,8466.02,3,70.6441,33.666,step
2026-08-31T18:37:37.743429+00:00,81.41,-0.0,0.15,0.0,-0.1016,-0.0508,8475.75,3,69.0383,33.686,step
2026-08-31T18:37:37.744738+00:00,81.365,-0.003,0.15,0.0,-0.1002,-0.0531,7448.87,3,68.0403,33.706,step
2026-08-31T18:37:37.746060+00:00,81.4,-0.0051,0.15,0.0,-0.0981,-0.0541,7476.19,3,67.3592,33.726,step
2026-08-31T18:37:37.747387+00:00,81.44,-0.0067,0.15,0.0,-0.0953,-0.0544,7476.44,3,66.8597,33.746,step
2026-08-31T18:37:37.748766+00:00,81.479,-0.0082,0.15,0.0,-0.0922,-0.0543,7478.29,3,66.4475,33.766,step
2026-08-31T18:37:37.750181+00:00,81.518,-0.0097,0.15,0.0,-0.0888,-0.0541,7480.85,3,66.0788,33.786,step
2026-08-31T18:37:37.751499+00:00,81.556,-0.0111,0.15,0.0,-0.0851,-0.0537,7483.71,3,65.7377,33.806,step
2026-08-31T18:37:37.752778+00:00,81.594,-0.0125,0.15,0.0,-0.0814,-0.0532,7486.75,3,65.4158,33.826,step
2026-08-31T18:37:37.754099+00:00,81.632,-0.0138,0.15,0.0,-0.0776,-0.0526,7489.94,3,65.1113,33.846,step
2026-08-31T18:37:37.755422+00:00,81.67,-0.0151,0.15,0.0,-0.0738,-0.052,7493.23,3,64.8207,33.866,step
2026-08-31T18:37:37.756733+00:00,81.707,-0.0164,0.15,0.0,-0.07,-0.0513,7496.62,3,64.5398,33.886,step
2026-08-31T18:37:37.758116+00:00,81.744,-0.0175,0.15,0.0,-0.0662,-0.0506,7500.05,3,64.268,33.906,step
2026-08-31T18:37:37.759564+00:00,81.781,-0.0186,0.15,0.0,-0.0624,-0.0498,7503.46,3,64.0118,33.926,step
2026-08-31T18:37:37.760864+00:00,81.817,-0.0196,0.15,0.0,-0.0587,-0.049,7506.84,3,63.7703,33.946,step
2026-08-31T18:37:37.762202+00:00,81.854,-0.0206,0.15,0.0,-0.055,-0.0481,7510.2,3,63.5405,33.966,step
2026-08-31T18:37:37.763522+00:00,81.89,-0.0214,0.15,0.0,-0.0515,-0.0471,7513.51,3,63.3214,33.986,step
2026-08-31T18:37:37.764889+00:00,81.927,-0.0222,0.15,0.0,-0.0479,-0.0462,7516.81,3,63.1074,34.006,step
2026-08-31T18:37:37.766247+00:00,81.963,-0.0229,0.15,0.0,-0.0445,-0.0452,7519.77,3,62.8984,34.026,step
2026-08-31T18:37:37.767612+00:00,81.999,-0.0236,0.15,0.0,-0.0411,-0.0441,7522.85,3,62.6975,34.046,step
2026-08-31T18:37:37.768984+00:00,82.034,-0.0241,0.15,0.0,-0.0378,-0.043,7526.18,3,62.5058,34.066,step
2026-08-31T18:37:37.770297+00:00,82.07,-0.0246,0.15,0.0,-0.0346,-0.0419,7529.63,3,62.3194,34.086,step
2026-08-31T18:37:37.771582+00:00,82.105,-0.025,0.15,0.0,-0.0315,-0.0408,7533.07,3,62.1394,34.106,step
2026-08-31T18:37:37.772923+00:00,82.141,-0.0254,0.15,0.0,-0.0285,-0.0396,7536.42,3,61.9637,34.126,step
2026-08-31T18:37:37.774241+00:00,82.176,-0.0257,0.15,0.0,-0.0255,-0.0384,7539.7,3,61.7888,34.146,step
2026-08-31T18:37:37.775663+00:00,82.212,-0.0259,0.15,0.0,-0.0227,-0.0372,7542.93,3,61.618,34.166,step
2026-08-31T18:37:37.777057+00:00,82.247,-0.0261,0.15,0.0,-0.0199,-0.036,7546.15,3,61.4507,34.186,step
2026-08-31T18:37:37.778384+00:00,82.282,-0.0262,0.15,0.0,-0.0172,-0.0348,7549.33,3,61.2844,34.206,step
2026-08-31T18:37:37.779721+00:00,82.317,-0.0262,0.15,0.0,-0.0146,-0.0336,7552.5,3,61.1176,34.226,step
2026-08-31T18:37:37.781109+00:00,82.352,-0.0263,0.15,0.0,-0.0121,-0.0323,7555.67,3,60.9498,34.246,step
2026-08-31T18:37:37.782459+00:00,82.386,-0.0262,0.15,0.0,-0.0098,-0.0311,7558.82,3,60.7806,34.266,step
2026-08-31T18:37:37.783819+00:00,82.421,-0.0261,0.15,0.0,-0.0074,-0.0299,7562.0,3,60.6098,34.286,step
2026-08-31T18:37:37.785198+00:00,82.456,-0.026,0.15,0.0,-0.0052,-0.0286,7565.16,3,60.4378,34.306,step
2026-08-31T18:37:37.786490+00:00,82.49,-0.0258,0.15,0.0,-0.0031,-0.0274,7568.08,3,60.264,34.326,step
2026-08-31T18:37:37.787844+00:00,82.525,-0.0256,0.15,0.0,-0.0011,-0.0262,7571.09,3,60.0887,34.346,step
2026-08-31T18:37:37.789220+00:00,82.559,-0.0254,0.15,0.0,0.0008,-0.025,7574.29,3,59.9115,34.366,step
2026-08-31T18:37:37.790524+00:00,82.593,-0.0251,0.15,0.0,0.0026,-0.0237,7577.61,3,59.7292,34.386,step
2026-08-31T18:37:37.791831+00:00,82.627,-0.0247,0.15,0.0,0.0044,-0.0226,7580.88,3,59.5418,34.406,step
2026-08-31T18:37:37.793438+00:00,82.661,-0.0244,0.15,0.0,0.006,-0.0214,7584.08,3,59.3526,34.426,step
2026-08-31T18:37:37.794769+00:00,82.695,-0.024,0.15,0.0,0.0076,-0.0202,7587.23,3,59.1576,34.446,step
2026-08-31T18:37:37.796147+00:00,82.729,-0.0236,0.15,0.0,0.0091,-0.0191,7590.36,3,58.957,34.466,step
2026-08-31T18:37:37.797536+00:00,82.763,-0.0232,0.15,0.0,0.0105,-0.0179,7593.47,3,58.7545,34.486,step
2026-08-31T18:37:37.798916+00:00,82.797,-0.0227,0.15,0.0,0.0118,-0.0168,7596.58,3,58.5458,34.506,step
2026-08-31T18:37:37.800518+00:00,82.831,-0.0222,0.15,0.0,0.013,-0.0157,7599.67,3,58.3317,34.526,step
2026-08-31T18:37:37.801900+00:00,82.865,-0.0217,0.15,0.0,0.0141,-0.0146,7602.77,3,58.1112,34.546,step
2026-08-31T18:37:37.803228+00:00,82.899,-0.0212,0.15,0.0,0.0152,-0.0136,7605.85,3,57.8841,34.566,step
2026-08-31T18:37:37.804626+00:00,82.933,-0.0206,0.15,0.0,0.0162,-0.0125,7608.95,3,57.6504,34.586,step
2026-08-31T18:37:37.805950+00:00,82.966,-0.0201,0.15,0.0,0.0171,-0.0115,7612.05,3,57.4107,34.606,step
2026-08-31T18:37:37.807282+00:00,83.0,-0.0195,0.15,0.0,0.0179,-0.0105,7615.0,3,57.1642,34.626,step
2026-08-31T18:37:37.808691+00:00,83.033,-0.0189,0.15,0.0,0.0187,-0.0096,7618.05,3,56.9075,34.646,step
2026-08-31T18:37:37.810133+00:00,83.067,-0.0184,0.15,0.0,0.0193,-0.0087,7621.16,3,56.6438,34.666,step
2026-08-31T18:37:37.811542+00:00,83.1,-0.0178,0.15,0.0,0.02,-0.0078,7624.32,3,56.3734,34.686,step
2026-08-31T18:37:37.812887+00:00,83.134,-0.0172,0.15,0.0,0.0205,-0.0069,7627.45,3,56.0974,34.706,step
2026-08-31T18:37:37.814254+00:00,83.167,-0.0166,0.15,0.0,0.021,-0.0061,7630.53,3,55.8151,34.726,step
2026-08-31T18:37:37.815636+00:00,83.2,-0.016,0.15,0.0,0.0214,-0.0053,7633.6,3,55.527,34.746,step
2026-08-31T18:37:37.817109+00:00,83.234,-0.0154,0.15,0.0,0.0218,-0.0045,7636.67,3,55.2325,34.766,step
2026-08-31T18:37:37.818508+00:00,83.267,-0.0148,0.15,0.0,0.0221,-0.0037,7639.72,3,54.9284,34.786,step
2026-08-31T18:37:37.819907+00:00,83.3,-0.0142,0.15,0.0,0.0223,-0.003,7642.79,3,54.6177,34.806,step
2026-08-31T18:37:37.821318+00:00,83.334,-0.0135,0.15,0.0,0.0225,-0.0023,7645.86,3,54.3002,34.826,step
2026-08-31T18:37:37.822801+00:00,83.367,-0.0129,0.0,0.15,0.0226,-0.0016,7648.92,3,53.9772,34.846,step
2026-08-31T18:37:37.824286+00:00,83.015,-0.0123,0.0,0.15,0.0227,-0.0009,7493.39,3,53.6537,34.866,step
2026-08-31T18:37:37.825880+00:00,82.484,-0.0116,0.0,0.15,0.0228,-0.0002,7442.77,3,53.3364,34.886,step
2026-08-31T18:37:37.827428+00:00,81.954,-0.0109,0.0,0.15,0.0228,0.0005,7393.18,3,53.0234,34.906,step
2026-08-31T18:37:37.828855+00:00,81.426,-0.0102,0.0,0.15,0.0227,0.0012,7344.77,3,52.7111,34.926,step
2026-08-31T18:37:37.830287+00:00,80.9,-0.0095,0.0,0.15,0.0226,0.0018,7297.83,3,52.3935,34.946,step
2026-08-31T18:37:37.831784+00:00,80.377,-0.0088,0.0,0.15,0.0225,0.0025,7251.46,3,52.0675,34.966,step
2026-08-31T18:37:37.833177+00:00,79.856,-0.0081,0.0,0.15,0.0223,0.003,7205.25,2,51.7358,34.986,step
2026-08-31T18:37:37.834854+00:00,79.354,-0.0075,0.0,0.15,0.0221,0.0036,9057.48,2,51.3974,35.006,step
2026-08-31T18:37:37.836272+00:00,78.867,-0.0069,0.0,0.15,0.0218,0.004,9035.96,2,51.0471,35.026,step
2026-08-31T18:37:37.837698+00:00,78.363,-0.0063,0.0,0.15,0.0215,0.0044,8880.25,2,50.6908,35.046,step
2026-08-31T18:37:37.839187+00:00,77.787,-0.0058,0.0,0.15,0.0212,0.0049,8811.18,2,50.3394,35.066,step
2026-08-31T18:37:37.840632+00:00,77.212,-0.0052,0.0,0.15,0.0209,0.0053,8746.21,2,49.9912,35.086,step
2026-08-31T18:37:37.842151+00:00,76.641,-0.0046,0.0,0.15,0.0205,0.0057,8682.01,2,49.6421,35.106,step
2026-08-31T18:37:37.843576+00:00,76.071,-0.004,0.0,0.15,0.0201,0.0061,8618.36,2,49.2908,35.126,step
2026-08-31T18:37:37.844972+00:00,75.504,-0.0034,0.0,0.15,0.0197,0.0065,8555.2,2,48.9362,35.146,step
2026-08-31T18:37:37.846443+00:00,74.94,-0.0029,0.0,0.15,0.0193,0.0068,8492.48,2,48.5753,35.166,step
2026-08-31T18:37:37.847934+00:00,74.378,-0.0024,0.0,0.15,0.0189,0.007,8430.08,2,48.2106,35.186,step
2026-08-31T18:37:37.849322+00:00,73.82,-0.0019,0.0,0.15,0.0184,0.0073,8367.97,2,47.842,35.206,step
2026-08-31T18:37:37.851215+00:00,73.264,-0.0015,0.0,0.15,0.0179,0.0075,8306.13,2,47.4709,35.226,step
2026-08-31T18:37:37.852650+00:00,72.712,-0.0011,0.0,0.15,0.0174,0.0077,8243.05,2,47.0972,35.246,step
2026-08-31T18:37:37.854044+00:00,72.161,-0.0007,0.0,0.15,0.0169,0.0078,8182.15,2,46.7218,35.266,step
2026-08-31T18:37:37.855456+00:00,71.613,-0.0003,0.0,0.15,0.0164,0.0079,8121.5,2,46.347,35.286,step
2026-08-31T18:37:37.856837+00:00,71.067,0.0001,0.0,0.15,0.0159,0.0081,8060.91,2,45.9699,35.306,step
2026-08-31T18:37:37.858187+00:00,70.524,0.0004,0.0,0.15,0.0154,0.0081,8000.42,2,45.5917,35.326,step
2026-08-31T18:37:37.859813+00:00,69.983,0.0008,0.0,0.15,0.0149,0.0082,7940.08,2,45.2147,35.346,step
2026-08-31T18:37:37.861231+00:00,69.445,-0.1989,0.0,0.15,0.0144,0.0083,7879.89,2,44.8362,35.366,step
2026-08-31T18:37:37.862622+00:00,68.921,-0.1966,0.0,0.15,0.0137,0.0102,7820.4,2,44.792,35.386,step
2026-08-31T18:37:37.864079+00:00,68.347,0.0096,0.8,0.0,0.0125,0.0159,7754.68,2,45.3975,35.406,step
2026-08-31T18:37:37.865540+00:00,68.585,0.0157,0.8,0.0,0.0109,0.0211,8676.36,2,45.9511,35.426,step
2026-08-31T18:37:37.867157+00:00,69.311,0.018,0.8,0.0,0.0095,0.0228,9101.29,2,45.8619,35.446,step
2026-08-31T18:37:37.868658+00:00,70.14,0.0189,0.0,0.15,0.0082,0.023,9422.73,2,45.5085,35.466,step
2026-08-31T18:37:37.870146+00:00,70.464,0.0192,0.0,0.15,0.0069,0.0226,8005.28,2,45.0505,35.486,step
2026-08-31T18:37:37.871633+00:00,69.909,-0.1807,0.0,0.15,0.0055,0.022,7947.72,2,44.5533,35.506,step
2026-08-31T18:37:37.873121+00:00,69.378,-0.1808,0.0,0.15,0.0041,0.0212,7876.31,2,44.308,35.526,step
2026-08-31T18:37:37.874622+00:00,68.797,-0.1794,0.0,0.15,0.0025,0.0219,7803.89,2,44.6702,35.546,step
2026-08-31T18:37:37.876230+00:00,68.228,0.0245,0.8,0.0,0.0006,0.0248,7734.08,2,45.4481,35.566,step
2026-08-31T18:37:37.877794+00:00,68.458,0.0271,0.8,0.0,-0.0014,0.0264,8681.34,2,46.0175,35.586,step
2026-08-31T18:37:37.879323+00:00,69.157,0.0255,0.8,0.0,-0.0029,0.024,9157.94,2,45.8521,35.606,step
2026-08-31T18:37:37.880852+00:00,69.954,0.0222,0.0,0.15,-0.0041,0.0201,9548.82,2,45.4126,35.626,step
2026-08-31T18:37:37.882422+00:00,70.339,-0.1818,0.0,0.15,-0.0051,0.0157,7993.4,2,44.8912,35.646,step
2026-08-31T18:37:37.884094+00:00,69.813,-0.1843,0.0,0.15,-0.006,0.0127,7936.06,2,44.62,35.666,step
2026-08-31T18:37:37.885678+00:00,69.24,-0.1837,0.0,0.15,-0.007,0.0128,7862.5,2,44.9097,35.686,step
2026-08-31T18:37:37.887218+00:00,68.663,0.0195,0.8,0.0,-0.0083,0.0154,7788.52,2,45.6106,35.706,step
2026-08-31T18:37:37.888829+00:00,68.891,0.022,0.8,0.0,-0.0097,0.0172,8734.17,2,46.166,35.726,step
2026-08-31T18:37:37.890349+00:00,69.606,0.0205,0.8,0.0,-0.0106,0.0152,9191.55,2,46.0341,35.746,step
2026-08-31T18:37:37.892045+00:00,70.409,0.0175,0.0,0.15,-0.0113,0.0118,9574.8,2,45.6342,35.766,step
2026-08-31T18:37:37.893793+00:00,70.778,0.0139,0.0,0.15,-0.0118,0.008,8042.84,2,45.1503,35.786,step
2026-08-31T18:37:37.895374+00:00,70.225,-0.19,0.0,0.15,-0.0121,0.004,7981.33,2,44.6537,35.806,step
2026-08-31T18:37:37.896951+00:00,69.7,-0.1922,0.0,0.15,-0.0123,0.0017,7911.86,2,44.4526,35.826,step
2026-08-31T18:37:37.898519+00:00,69.119,-0.1906,0.0,0.15,-0.0127,0.003,7840.44,2,44.9145,35.846,step
2026-08-31T18:37:37.900208+00:00,68.549,0.0135,0.8,0.0,-0.0135,0.0067,7770.67,2,45.8256,35.866,step
2026-08-31T18:37:37.901736+00:00,68.776,0.0166,0.8,0.0,-0.0144,0.0095,8719.21,2,46.538,35.886,step
2026-08-31T18:37:37.903271+00:00,69.489,0.0156,0.8,0.0,-0.0149,0.0082,9179.8,2,46.4937,35.906,step
2026-08-31T18:37:37.904878+00:00,70.301,0.013,0.8,0.0,-0.0151,0.0054,9546.62,2,46.162,35.926,step
2026-08-31T18:37:37.906453+00:00,71.184,0.0098,0.0,0.15,-0.0152,0.0022,9803.74,2,45.7358,35.946,step
2026-08-31T18:37:37.908043+00:00,71.641,0.0062,0.0,0.15,-0.015,-0.0013,8139.55,2,45.2803,35.966,step
2026-08-31T18:37:37.909834+00:00,71.081,-0.1974,0.0,0.15,-0.0147,-0.0047,8078.91,2,44.8263,35.986,step
2026-08-31T18:37:37.911403+00:00,70.544,-0.1994,0.0,0.15,-0.0143,-0.0065,8006.04,2,44.6739,36.006,step
2026-08-31T18:37:37.912973+00:00,69.956,0.0024,0.0,0.15,-0.0142,-0.0047,7931.69,2,45.1946,36.026,step
2026-08-31T18:37:37.914569+00:00,69.392,0.0046,0.8,0.0,-0.0143,-0.0026,7863.43,2,45.7812,36.046,step
2026-08-31T18:37:37.916140+00:00,69.642,0.0034,0.8,0.0,-0.0141,-0.0037,8836.67,2,45.7241,36.066,step
2026-08-31T18:37:37.917782+00:00,70.357,0.0009,0.0,0.15,-0.0137,-0.006,9319.55,2,45.435,36.086,step
2026-08-31T18:37:37.919407+00:00,70.585,-0.0021,0.0,0.15,-0.0131,-0.0086,8018.67,2,45.0854,36.106,step
2026-08-31T18:37:37.920985+00:00,70.038,-0.2051,0.0,0.15,-0.0124,-0.0114,7958.9,2,44.7189,36.126,step
2026-08-31T18:37:37.922603+00:00,69.516,-0.2065,0.0,0.15,-0.0117,-0.0123,7892.67,2,44.6779,36.146,step
2026-08-31T18:37:37.924241+00:00,68.939,-0.0041,0.8,0.0,-0.0113,-0.0098,7821.6,2,45.3201,36.166,step
2026-08-31T18:37:37.926011+00:00,69.163,-0.0017,0.8,0.0,-0.0111,-0.0073,8764.15,2,45.9834,36.186,step
2026-08-31T18:37:37.927571+00:00,69.886,-0.0025,0.8,0.0,-0.0107,-0.0078,9218.55,2,46.0401,36.206,step
2026-08-31T18:37:37.929166+00:00,70.698,-0.0044,0.0,0.15,-0.01,-0.0094,9590.94,2,45.8685,36.226,step
2026-08-31T18:37:37.930757+00:00,71.063,-0.0068,0.0,0.15,-0.0092,-0.0113,8073.76,2,45.6076,36.246,step
2026-08-31T18:37:37.932397+00:00,70.507,-0.0095,0.0,0.15,-0.0082,-0.0136,8013.42,2,45.289,36.266,step
2026-08-31T18:37:37.934158+00:00,69.957,-0.2123,0.0,0.15,-0.0072,-0.0159,7941.37,2,44.9733,36.286,step
2026-08-31T18:37:37.935852+00:00,69.43,-0.0132,0.0,0.15,-0.0062,-0.0163,7874.85,2,45.0236,36.306,step
2026-08-31T18:37:37.937470+00:00,68.851,-0.0121,0.8,0.0,-0.0055,-0.0148,7806.7,2,45.4446,36.326,step
2026-08-31T18:37:37.939078+00:00,69.117,-0.0133,0.8,0.0,-0.0046,-0.0155,8761.27,2,45.4317,36.346,step
2026-08-31T18:37:37.940642+00:00,69.834,-0.0153,0.0,0.15,-0.0035,-0.017,9224.4,2,45.2721,36.366,step
2026-08-31T18:37:37.942410+00:00,70.049,-0.0175,0.0,0.15,-0.0023,-0.0186,7957.88,2,45.0719,36.386,step
2026-08-31T18:37:37.943957+00:00,69.502,-0.2198,0.0,0.15,-0.001,-0.0203,7899.05,2,44.8427,36.406,step
2026-08-31T18:37:37.945536+00:00,68.982,-0.2204,0.0,0.15,0.0002,-0.0203,7832.61,2,44.9394,36.426,step
2026-08-31T18:37:37.947127+00:00,68.404,-0.0174,0.8,0.0,0.001,-0.0169,7761.26,2,45.7323,36.446,step
2026-08-31T18:37:37.948728+00:00,68.621,-0.0142,0.8,0.0,0.0015,-0.0134,8695.42,2,46.5567,36.466,step
2026-08-31T18:37:37.950506+00:00,69.341,-0.0142,0.8,0.0,0.0024,-0.0131,9143.01,2,46.7625,36.486,step
2026-08-31T18:37:37.952221+00:00,70.149,-0.0154,0.8,0.0,0.0033,-0.0137,9513.22,2,46.743,36.506,step
2026-08-31T18:37:37.953803+00:00,71.023,-0.017,0.8,0.0,0.0044,-0.0148,9786.79,2,46.6511,36.526,step
2026-08-31T18:37:37.955422+00:00,71.94,-0.0188,0.0,0.15,0.0057,-0.0159,9981.29,2,46.5382,36.546,step
2026-08-31T18:37:37.956988+00:00,72.444,-0.0205,0.0,0.15,0.007,-0.0171,8234.37,2,46.3998,36.566,step
2026-08-31T18:37:37.958780+00:00,71.876,-0.0227,0.0,0.15,0.0083,-0.0186,8165.73,2,46.1837,36.586,step
2026-08-31T18:37:37.960501+00:00,71.31,-0.0248,0.0,0.15,0.0097,-0.02,8089.64,2,45.9767,36.606,step
2026-08-31T18:37:37.962157+00:00,70.759,-0.0268,0.0,0.15,0.011,-0.0212,8020.25,2,45.8133,36.626,step
2026-08-31T18:37:37.963759+00:00,70.214,-0.0285,0.8,0.0,0.0125,-0.0223,7957.37,2,45.6918,36.646,step
2026-08-31T18:37:37.965397+00:00,70.494,-0.0301,0.0,0.15,0.0139,-0.0232,8967.29,2,45.6027,36.666,step
2026-08-31T18:37:37.967209+00:00,70.522,-0.0317,0.0,0.15,0.0154,-0.024,8007.35,2,45.533,36.686,step
2026-08-31T18:37:37.968863+00:00,69.979,-0.0333,0.0,0.15,0.017,-0.0248,7945.69,2,45.4591,36.706,step
2026-08-31T18:37:37.970401+00:00,69.441,-0.0347,0.8,0.0,0.0186,-0.0255,7882.18,2,45.3975,36.726,step
2026-08-31T18:37:37.971962+00:00,69.742,-0.0361,0.8,0.0,0.0201,-0.026,8821.18,2,45.354,36.746,step
2026-08-31T18:37:37.973522+00:00,70.479,-0.0372,0.0,0.15,0.0218,-0.0263,9257.67,2,45.3537,36.766,step
2026-08-31T18:37:37.975131+00:00,70.678,-0.0384,0.0,0.15,0.0235,-0.0266,8029.21,2,45.3604,36.786,step
2026-08-31T18:37:37.977223+00:00,70.129,-0.0397,0.0,0.15,0.0252,-0.0271,7968.7,2,45.3257,36.806,step
2026-08-31T18:37:37.978847+00:00,69.585,-0.0411,0.8,0.0,0.0269,-0.0276,7899.35,2,45.2992,36.826,step
2026-08-31T18:37:37.980504+00:00,69.87,-0.0422,0.0,0.15,0.0286,-0.0279,8848.98,2,45.304,36.846,step
2026-08-31T18:37:37.982144+00:00,69.884,-0.0433,0.0,0.15,0.0304,-0.0281,7936.09,2,45.3362,36.866,step
2026-08-31T18:37:37.983986+00:00,69.339,-0.0444,0.8,0.0,0.0321,-0.0284,7871.09,2,45.3673,36.886,step
2026-08-31T18:37:37.985573+00:00,69.632,-0.0453,0.8,0.0,0.0338,-0.0284,8807.87,2,45.4208,36.906,step
2026-08-31T18:37:37.987157+00:00,70.365,-0.0459,0.0,0.15,0.0356,-0.0281,9248.96,2,45.529,36.926,step
2026-08-31T18:37:37.988704+00:00,70.563,-0.0465,0.0,0.15,0.0374,-0.0278,8015.82,2,45.6505,36.946,step
2026-08-31T18:37:37.990244+00:00,70.012,-0.0474,0.8,0.0,0.0392,-0.0278,7954.47,2,45.7216,36.966,step
2026-08-31T18:37:37.991985+00:00,70.313,-0.0482,0.8,0.0,0.0409,-0.0277,8869.42,2,45.799,36.986,step
2026-08-31T18:37:37.993707+00:00,71.06,-0.0487,0.0,0.15,0.0426,-0.0274,9294.46,2,45.9379,37.006,step
2026-08-31T18:37:37.995284+00:00,71.241,-0.0492,0.0,0.15,0.0444,-0.027,8091.94,2,46.0933,37.026,step
2026-08-31T18:37:37.996887+00:00,70.686,-0.0499,0.8,0.0,0.0461,-0.0269,8026.68,2,46.1975,37.046,step
2026-08-31T18:37:37.998473+00:00,70.974,-0.0505,0.8,0.0,0.0478,-0.0266,8978.33,2,46.3197,37.066,step
2026-08-31T18:37:38.000151+00:00,71.717,-0.0507,0.0,0.15,0.0495,-0.026,9435.89,2,46.5178,37.086,step
2026-08-31T18:37:38.001995+00:00,71.926,-0.0509,0.0,0.15,0.0512,-0.0253,8169.28,2,46.7344,37.106,step
2026-08-31T18:37:38.003611+00:00,71.368,-0.0513,0.8,0.0,0.0528,-0.0249,8103.36,2,46.8872,37.126,step
2026-08-31T18:37:38.005162+00:00,71.658,-0.0517,0.8,0.0,0.0544,-0.0245,9067.05,2,47.0492,37.146,step
2026-08-31T18:37:38.006765+00:00,72.405,-0.0517,0.8,0.0,0.0559,-0.0237,9533.26,2,47.288,37.166,step
2026-08-31T18:37:38.008379+00:00,73.225,-0.0515,0.8,0.0,0.0575,-0.0227,9894.11,2,47.5998,37.186,step
2026-08-31T18:37:38.010186+00:00,74.096,-0.0511,0.0,0.15,0.0592,-0.0215,10161.5,2,47.9696,37.206,step
2026-08-31T18:37:38.011785+00:00,74.543,-0.0508,0.0,0.15,0.0608,-0.0204,8474.98,2,48.3235,37.226,step
2026-08-31T18:37:38.013369+00:00,73.974,-0.0511,0.8,0.0,0.0623,-0.0199,8399.05,2,48.5042,37.246,step
2026-08-31T18:37:38.014994+00:00,74.249,-0.0513,0.8,0.0,0.0637,-0.0195,9414.23,2,48.6784,37.266,step
2026-08-31T18:37:38.016659+00:00,75.002,-0.0512,0.8,0.0,0.0651,-0.0186,9890.31,2,48.9606,37.286,step
2026-08-31T18:37:38.018348+00:00,75.82,-0.0507,0.8,0.0,0.0665,-0.0175,10245.1,2,49.3367,37.306,step
2026-08-31T18:37:38.020025+00:00,76.678,-0.05,0.0,0.15,0.0679,-0.016,10525.1,2,49.79,37.326,step
2026-08-31T18:37:38.021732+00:00,77.137,-0.0493,0.8,0.0,0.0692,-0.0146,8780.63,2,50.2377,37.346,step
2026-08-31T18:37:38.023407+00:00,77.452,-0.0493,0.8,0.0,0.0705,-0.014,9748.6,2,50.4936,37.366,step
2026-08-31T18:37:38.025166+00:00,78.24,-0.0491,0.0,0.15,0.0717,-0.0133,10150.7,2,50.7966,37.386,step
2026-08-31T18:37:38.026817+00:00,78.418,-0.0489,0.8,0.0,0.0728,-0.0124,8898.59,2,51.1063,37.406,step
2026-08-31T18:37:38.028417+00:00,78.703,-0.0489,0.8,0.0,0.0739,-0.0119,9942.57,2,51.3388,37.426,step
2026-08-31T18:37:38.030064+00:00,79.474,-0.0485,0.15,0.0,0.0749,-0.0111,10370.8,2,51.673,37.446,step
2026-08-31T18:37:38.031679+00:00,80.094,-0.048,0.0,0.15,0.0758,-0.0101,9308.84,3,52.0479,37.466,step
2026-08-31T18:37:38.033388+00:00,79.787,-0.048,0.15,0.0,0.0767,-0.0096,7282.63,2,52.2823,37.486,step
2026-08-31T18:37:38.035377+00:00,79.59,-0.048,0.15,0.0,0.0774,-0.0093,7295.68,2,52.5056,37.506,step
2026-08-31T18:37:38.037049+00:00,79.547,-0.0478,0.15,0.0,0.0781,-0.0088,9178.11,2,52.7682,37.526,step
2026-08-31T18:37:38.038657+00:00,79.499,-0.0475,0.15,0.0,0.0787,-0.0082,9185.04,2,53.0541,37.546,step
2026-08-31T18:37:38.040288+00:00,79.449,-0.0472,0.15,0.0,0.0793,-0.0075,9191.94,2,53.3541,37.566,step
2026-08-31T18:37:38.042037+00:00,79.418,-0.0468,0.8,0.0,0.0798,-0.0069,9157.04,2,53.6542,37.586,step
2026-08-31T18:37:38.043721+00:00,79.897,-0.0464,0.15,0.0,0.0802,-0.0063,10105.0,2,53.9568,37.606,step
2026-08-31T18:37:38.045387+00:00,80.369,-0.0459,0.15,0.0,0.0806,-0.0056,9311.62,3,54.2801,37.626,step
2026-08-31T18:37:38.047060+00:00,80.355,-0.0458,0.15,0.0,0.081,-0.0052,7387.75,3,54.5176,37.646,step
2026-08-31T18:37:38.048776+00:00,80.304,-0.0456,0.15,0.0,0.0813,-0.0049,7400.57,3,54.7606,37.666,step
2026-08-31T18:37:38.050499+00:00,80.264,-0.0453,0.15,0.0,0.0816,-0.0045,7346.02,3,55.0197,37.686,step
2026-08-31T18:37:38.052114+00:00,80.273,-0.0451,0.15,0.0,0.0819,-0.0041,7366.9,3,55.2618,37.706,step
2026-08-31T18:37:38.053752+00:00,80.31,-0.0449,0.15,0.0,0.0821,-0.0038,7370.29,3,55.474,37.726,step
2026-08-31T18:37:38.055405+00:00,80.347,-0.0447,0.15,0.0,0.0823,-0.0036,7373.52,3,55.6821,37.746,step
2026-08-31T18:37:38.056964+00:00,80.384,-0.0446,0.15,0.0,0.0825,-0.0033,7376.66,3,55.8916,37.766,step
2026-08-31T18:37:38.058654+00:00,80.421,-0.0444,0.15,0.0,0.0826,-0.0031,7379.91,3,56.1049,37.786,step
2026-08-31T18:37:38.060536+00:00,80.458,-0.0443,0.15,0.0,0.0827,-0.0029,7383.2,3,56.3155,37.806,step
2026-08-31T18:37:38.062141+00:00,80.495,-0.0441,0.15,0.0,0.0828,-0.0027,7386.5,3,56.5232,37.826,step
2026-08-31T18:37:38.063738+00:00,80.532,-0.0439,0.15,0.0,0.0829,-0.0025,7389.83,3,56.7317,37.846,step
2026-08-31T18:37:38.065300+00:00,80.569,-0.0437,0.15,0.0,0.0829,-0.0022,7393.19,3,56.9423,37.866,step
2026-08-31T18:37:38.067156+00:00,80.606,-0.0435,0.15,0.0,0.083,-0.002,7396.57,3,57.1563,37.886,step
2026-08-31T18:37:38.068745+00:00,80.643,-0.0433,0.15,0.0,0.083,-0.0018,7399.93,3,57.3687,37.906,step
2026-08-31T18:37:38.070380+00:00,80.679,-0.0431,0.15,0.0,0.083,-0.0016,7403.32,3,57.579,37.926,step
2026-08-31T18:37:38.072009+00:00,80.716,-0.0429,0.15,0.0,0.083,-0.0014,7406.72,3,57.7916,37.946,step
2026-08-31T18:37:38.073661+00:00,80.753,-0.0426,0.15,0.0,0.083,-0.0012,7410.1,3,58.0082,37.966,step
2026-08-31T18:37:38.075418+00:00,80.789,-0.0424,0.15,0.0,0.083,-0.0009,7413.46,3,58.2353,37.986,step
2026-08-31T18:37:38.077102+00:00,80.826,-0.0421,0.15,0.0,0.0829,-0.0007,7416.81,3,58.4665,38.006,step
2026-08-31T18:37:38.078720+00:00,80.863,-0.0419,0.15,0.0,0.0828,-0.0005,7420.15,3,58.7016,38.026,step
2026-08-31T18:37:38.080341+00:00,80.899,-0.0416,0.15,0.0,0.0828,-0.0002,7423.49,3,58.9464,38.046,step
2026-08-31T18:37:38.082015+00:00,80.936,-0.0413,0.15,0.0,0.0827,0.0,7426.77,3,59.2022,38.066,step
2026-08-31T18:37:38.083858+00:00,80.972,-0.0411,0.15,0.0,0.0825,0.0002,7430.1,3,59.4625,38.086,step
2026-08-31T18:37:38.085546+00:00,81.008,-0.0408,0.15,0.0,0.0824,0.0004,7433.44,3,59.7276,38.106,step
2026-08-31T18:37:38.087156+00:00,81.045,-0.0405,0.15,0.0,0.0822,0.0006,7436.78,3,60.0031,38.126,step
2026-08-31T18:37:38.088732+00:00,81.081,-0.0402,0.15,0.0,0.0821,0.0008,7440.13,3,60.2905,38.146,step
2026-08-31T18:37:38.090320+00:00,81.118,-0.0399,0.15,0.0,0.0819,0.001,7443.46,3,60.5826,38.166,step
2026-08-31T18:37:38.092096+00:00,81.154,-0.0396,0.15,0.0,0.0817,0.0012,7446.78,3,60.8802,38.186,step
2026-08-31T18:37:38.093747+00:00,81.19,-0.0393,0.15,0.0,0.0815,0.0015,7450.02,3,61.1894,38.206,step
2026-08-31T18:37:38.095356+00:00,81.226,-0.039,0.15,0.0,0.0813,0.0016,7453.33,3,61.5022,38.226,step
2026-08-31T18:37:38.096973+00:00,81.262,-0.0387,0.15,0.0,0.0811,0.0018,7456.64,3,61.8215,38.246,step
2026-08-31T18:37:38.098585+00:00,81.298,-0.0385,0.15,0.0,0.0808,0.0019,7459.97,3,62.1516,38.266,step
2026-08-31T18:37:38.100303+00:00,81.335,-0.0382,0.15,0.0,0.0806,0.0021,7463.28,3,62.4874,38.286,step
2026-08-31T18:37:38.101951+00:00,81.371,-0.0379,0.15,0.0,0.0803,0.0023,7466.59,3,62.8293,38.306,step
2026-08-31T18:37:38.103545+00:00,81.406,-0.0376,0.15,0.0,0.08,0.0024,7469.89,3,63.1839,38.326,step
2026-08-31T18:37:38.105153+00:00,81.442,-0.0373,0.15,0.0,0.0797,0.0026,7473.13,3,63.5524,38.346,step
2026-08-31T18:37:38.106773+00:00,81.478,-0.037,0.15,0.0,0.0794,0.0028,7476.38,3,63.9268,38.366,step
2026-08-31T18:37:38.108517+00:00,81.514,-0.0367,0.15,0.0,0.0791,0.0029,7479.66,3,64.3089,38.386,step
2026-08-31T18:37:38.110173+00:00,81.55,-0.0364,0.15,0.0,0.0788,0.003,7482.96,3,64.7046,38.406,step
2026-08-31T18:37:38.111773+00:00,81.586,-0.0361,0.15,0.0,0.0785,0.0031,7486.26,3,65.1076,38.426,step
2026-08-31T18:37:38.113375+00:00,81.622,-0.0358,0.15,0.0,0.0782,0.0033,7489.55,3,65.5163,38.446,step
2026-08-31T18:37:38.114941+00:00,81.657,-0.0355,0.15,0.0,0.0778,0.0034,7492.83,3,65.9395,38.466,step
2026-08-31T18:37:38.116565+00:00,81.693,-0.0352,0.15,0.0,0.0774,0.0035,7496.09,3,66.3795,38.486,step
2026-08-31T18:37:38.118464+00:00,81.729,-0.0349,0.15,0.0,0.0771,0.0036,7499.25,3,66.8273,38.506,step
2026-08-31T18:37:38.120070+00:00,81.764,-0.0346,0.15,0.0,0.0767,0.0037,7502.5,3,67.2834,38.526,step
2026-08-31T18:37:38.121721+00:00,81.8,-0.0344,0.15,0.0,0.0763,0.0038,7505.77,3,67.7541,38.546,step
2026-08-31T18:37:38.123329+00:00,81.835,-0.0341,0.15,0.0,0.076,0.0039,7509.05,3,68.2348,38.566,step
2026-08-31T18:37:38.124889+00:00,81.871,-0.0338,0.15,0.0,0.0756,0.004,7512.32,3,68.7231,38.586,step
2026-08-31T18:37:38.126646+00:00,81.906,-0.0336,0.15,0.0,0.0752,0.0041,7515.57,3,69.2281,38.606,step
2026-08-31T18:37:38.128202+00:00,81.941,-0.0333,0.15,0.0,0.0748,0.0041,7518.81,3,69.7533,38.626,step
2026-08-31T18:37:38.129819+00:00,81.977,-0.033,0.15,0.0,0.0744,0.0042,7521.93,3,70.2872,38.646,step
2026-08-31T18:37:38.131500+00:00,82.012,-0.0327,0.15,0.0,0.074,0.0043,7525.15,3,70.8302,38.666,step
2026-08-31T18:37:38.133142+00:00,82.047,-0.0325,0.15,0.0,0.0736,0.0043,7528.38,3,71.3922,38.686,step
2026-08-31T18:37:38.134964+00:00,82.082,-0.0323,0.15,0.0,0.0732,0.0043,7531.64,3,71.9636,38.706,step
2026-08-31T18:37:38.136534+00:00,82.118,-0.032,0.15,0.0,0.0728,0.0044,7534.89,3,72.5465,38.726,step
2026-08-31T18:37:38.138094+00:00,82.153,-0.0318,0.15,0.0,0.0724,0.0044,7538.12,3,73.1478,38.746,step
2026-08-31T18:37:38.139644+00:00,82.188,-0.0315,0.15,0.0,0.072,0.0045,7541.33,3,73.7732,38.766,step
2026-08-31T18:37:38.141234+00:00,82.223,-0.0313,0.15,0.0,0.0715,0.0045,7544.46,3,74.4235,38.786,step
2026-08-31T18:37:38.143157+00:00,82.258,-0.031,0.15,0.0,0.0711,0.0045,7547.6,3,75.0846,38.806,step
2026-08-31T18:37:38.144744+00:00,82.293,-0.0308,0.15,0.0,0.0707,0.0045,7550.8,3,75.7491,38.826,step
2026-08-31T18:37:38.146296+00:00,82.327,-0.0306,0.15,0.0,0.0703,0.0045,7554.02,3,76.2772,38.846,step
2026-08-31T18:37:38.147812+00:00,82.362,-0.0304,0.15,0.0,0.0698,0.0045,7557.25,3,76.6808,38.866,step
2026-08-31T18:37:38.149441+00:00,82.397,-0.0302,0.15,0.0,0.0694,0.0046,7560.45,3,76.987,38.886,step
2026-08-31T18:37:38.151312+00:00,82.431,-0.0299,0.15,0.0,0.069,0.0046,7563.64,3,77.2218,38.906,step
2026-08-31T18:37:38.152914+00:00,82.466,-0.0297,0.15,0.0,0.0686,0.0046,7566.81,3,77.407,38.926,step
2026-08-31T18:37:38.154507+00:00,82.501,-0.0295,0.15,0.0,0.0682,0.0046,7569.83,3,77.5516,38.946,step
2026-08-31T18:37:38.156028+00:00,82.535,-0.0293,0.15,0.0,0.0677,0.0046,7573.0,3,77.6632,38.966,step
2026-08-31T18:37:38.157657+00:00,82.57,-0.0291,0.15,0.0,0.0673,0.0045,7576.18,3,77.7399,38.986,step
2026-08-31T18:37:38.159445+00:00,82.604,-0.029,0.15,0.0,0.0669,0.0045,7579.38,3,77.7864,39.006,step
2026-08-31T18:37:38.161051+00:00,82.639,-0.0288,0.15,0.0,0.0665,0.0045,7582.56,3,77.8106,39.026,step
2026-08-31T18:37:38.162577+00:00,82.673,-0.0286,0.15,0.0,0.0661,0.0045,7585.72,3,77.8165,39.046,step
2026-08-31T18:37:38.164117+00:00,82.707,-0.0284,0.15,0.0,0.0657,0.0045,7588.87,3,77.8059,39.066,step
2026-08-31T18:37:38.165621+00:00,82.742,-0.0282,0.15,0.0,0.0652,0.0044,7591.84,3,77.7738,39.086,step
2026-08-31T18:37:38.167403+00:00,82.776,-0.028,0.15,0.0,0.0648,0.0044,7594.97,3,77.7225,39.106,step
2026-08-31T18:37:38.169001+00:00,82.81,-0.0279,0.15,0.0,0.0644,0.0043,7598.11,3,77.6578,39.126,step
2026-08-31T18:37:38.170575+00:00,82.844,-0.0277,0.15,0.0,0.064,0.0043,7601.29,3,77.5823,39.146,step
2026-08-31T18:37:38.172142+00:00,82.878,-0.0276,0.15,0.0,0.0637,0.0043,7604.44,3,77.4966,39.166,step
2026-08-31T18:37:38.173668+00:00,82.912,-0.0274,0.15,0.0,0.0633,0.0043,7607.57,3,77.4012,39.186,step
2026-08-31T18:37:38.175395+00:00,82.946,-0.0272,0.15,0.0,0.0629,0.0042,7610.69,3,77.292,39.206,step
2026-08-31T18:37:38.177027+00:00,82.98,-0.0271,0.15,0.0,0.0625,0.0042,7613.63,3,77.1694,39.226,step
2026-08-31T18:37:38.178567+00:00,83.013,-0.0269,0.15,0.0,0.0621,0.0041,7616.7,3,77.0375,39.246,step
2026-08-31T18:37:38.180083+00:00,83.047,-0.0268,0.15,0.0,0.0617,0.004,7619.81,3,76.8983,39.266,step
2026-08-31T18:37:38.181586+00:00,83.081,-0.0267,0.15,0.0,0.0614,0.004,7622.95,3,76.7529,39.286,step
2026-08-31T18:37:38.183234+00:00,83.115,-0.0266,0.15,0.0,0.061,0.0039,7626.08,3,76.6008,39.306,step
2026-08-31T18:37:38.185085+00:00,83.148,-0.0264,0.15,0.0,0.0606,0.0039,7629.18,3,76.443,39.326,step
2026-08-31T18:37:38.186594+00:00,83.182,-0.0262,0.15,0.0,0.0603,0.0039,7632.27,3,76.2747,39.346,step
2026-08-31T18:37:38.188121+00:00,83.215,-0.0261,0.15,0.0,0.0599,0.0038,7635.22,3,76.0965,39.366,step
2026-08-31T18:37:38.189662+00:00,83.249,-0.026,0.15,0.0,0.0595,0.0038,7638.19,3,75.9118,39.386,step
2026-08-31T18:37:38.191273+00:00,83.282,-0.0259,0.15,0.0,0.0592,0.0037,7641.26,3,75.722,39.406,step
2026-08-31T18:37:38.193037+00:00,83.315,-0.0258,0.15,0.0,0.0589,0.0036,7644.37,3,75.5275,39.426,step
2026-08-31T18:37:38.194596+00:00,83.348,-0.0257,0.15,0.0,0.0585,0.0035,7647.47,3,75.3288,39.446,step
2026-08-31T18:37:38.196059+00:00,83.382,-0.0256,0.15,0.0,0.0582,0.0035,7650.54,3,75.126,39.466,step
2026-08-31T18:37:38.197503+00:00,83.415,-0.0254,0.15,0.0,0.0579,0.0035,7653.59,3,74.9187,39.486,step
2026-08-31T18:37:38.198978+00:00,83.448,-0.0253,0.15,0.0,0.0575,0.0034,7656.62,3,74.7033,39.506,step
2026-08-31T18:37:38.200686+00:00,83.481,-0.0252,0.15,0.0,0.0572,0.0034,7659.43,3,74.4803,39.526,step
2026-08-31T18:37:38.202305+00:00,83.514,-0.0252,0.15,0.0,0.0569,0.0033,7662.46,3,74.2523,39.546,step
2026-08-31T18:37:38.203801+00:00,83.547,-0.0251,0.15,0.0,0.0566,0.0032,7665.52,3,74.0206,39.566,step
2026-08-31T18:37:38.205248+00:00,83.579,-0.025,0.15,0.0,0.0563,0.0031,7668.59,3,73.7858,39.586,step
2026-08-31T18:37:38.206664+00:00,83.612,-0.0249,0.15,0.0,0.056,0.0031,7671.64,3,73.5475,39.606,step
2026-08-31T18:37:38.208173+00:00,83.645,-0.0248,0.15,0.0,0.0557,0.003,7674.66,3,73.306,39.626,step
2026-08-31T18:37:38.209897+00:00,83.678,-0.0247,0.15,0.0,0.0554,0.003,7677.65,3,73.0611,39.646,step
2026-08-31T18:37:38.211405+00:00,83.71,-0.0246,0.15,0.0,0.0551,0.0029,7680.41,3,72.8133,39.666,step
2026-08-31T18:37:38.212942+00:00,83.743,-0.0245,0.15,0.0,0.0548,0.0029,7683.39,3,72.5626,39.686,step
2026-08-31T18:37:38.214442+00:00,83.775,-0.0244,0.15,0.0,0.0546,0.0028,7686.41,3,72.309,39.706,step
2026-08-31T18:37:38.215943+00:00,83.808,-0.0244,0.15,0.0,0.0543,0.0028,7689.45,3,72.0495,39.726,step
2026-08-31T18:37:38.217553+00:00,83.84,-0.0243,0.15,0.0,0.054,0.0027,7692.46,3,71.784,39.746,step
2026-08-31T18:37:38.218992+00:00,83.872,-0.0242,0.15,0.0,0.0538,0.0027,7695.45,3,71.5148,39.766,step
2026-08-31T18:37:38.220474+00:00,83.904,-0.0241,0.15,0.0,0.0535,0.0026,7698.41,3,71.2428,39.786,step
2026-08-31T18:37:38.221946+00:00,83.937,-0.0241,0.15,0.0,0.0532,0.0025,7701.11,3,70.9681,39.806,step
2026-08-31T18:37:38.223438+00:00,83.969,-0.024,0.15,0.0,0.053,0.0025,7704.05,3,70.6909,39.826,step
2026-08-31T18:37:38.224917+00:00,84.001,-0.024,0.15,0.0,0.0528,0.0024,7707.02,3,70.4115,39.846,step
2026-08-31T18:37:38.226788+00:00,84.033,-0.0239,0.15,0.0,0.0525,0.0024,7710.04,3,70.1299,39.866,step
2026-08-31T18:37:38.228246+00:00,84.065,-0.0238,0.15,0.0,0.0523,0.0023,7713.02,3,69.8462,39.886,step
2026-08-31T18:37:38.229722+00:00,84.097,-0.0237,0.15,0.0,0.0521,0.0023,7715.97,3,69.5602,39.906,step
2026-08-31T18:37:38.231218+00:00,84.128,-0.0236,0.15,0.0,0.0518,0.0023,7718.89,3,69.2721,39.926,step
2026-08-31T18:37:38.232683+00:00,84.16,-0.0236,0.15,0.0,0.0516,0.0022,7721.55,3,68.9817,39.946,step
2026-08-31T18:37:38.234386+00:00,84.192,-0.0235,0.15,0.0,0.0514,0.0022,7724.44,3,68.689,39.966,step
2026-08-31T18:37:38.235869+00:00,84.224,-0.0234,0.15,0.0,0.0511,0.0022,7727.36,3,68.3912,39.986,step
2026-08-31T18:37:38.237271+00:00,84.255,-0.0234,0.15,0.0,0.0509,0.0021,7730.34,3,68.0888,40.006,step
2026-08-31T18:37:38.238650+00:00,84.286,-0.0233,0.15,0.0,0.0507,0.002,7733.29,3,67.7835,40.026,step
2026-08-31T18:37:38.240000+00:00,84.318,-0.0233,0.15,0.0,0.0505,0.002,7736.2,3,67.4763,40.046,step
2026-08-31T18:37:38.241423+00:00,84.349,-0.0232,0.15,0.0,0.0503,0.0019,7739.1,3,67.1671,40.066,step
2026-08-31T18:37:38.243118+00:00,84.381,-0.0232,0.15,0.0,0.0501,0.0019,7741.72,3,66.8562,40.086,step
2026-08-31T18:37:38.244539+00:00,84.412,-0.0231,0.15,0.0,0.0499,0.0018,7744.54,3,66.543,40.106,step
2026-08-31T18:37:38.246006+00:00,84.443,-0.0231,0.15,0.0,0.0497,0.0018,7747.43,3,66.2283,40.126,step
2026-08-31T18:37:38.247470+00:00,84.474,-0.023,0.15,0.0,0.0495,0.0017,7750.36,3,65.9121,40.146,step
2026-08-31T18:37:38.248853+00:00,84.505,-0.023,0.15,0.0,0.0494,0.0017,7753.28,3,65.5942,40.166,step
2026-08-31T18:37:38.250336+00:00,84.536,-0.0229,0.15,0.0,0.0492,0.0017,7756.16,3,65.2746,40.186,step
2026-08-31T18:37:38.251956+00:00,84.567,-0.0228,0.15,0.0,0.049,0.0017,7759.01,3,64.9531,40.206,step
2026-08-31T18:37:38.253314+00:00,84.598,-0.0228,0.15,0.0,0.0488,0.0017,7761.62,3,64.6303,40.226,step
2026-08-31T18:37:38.254682+00:00,84.629,-0.0227,0.15,0.0,0.0486,0.0016,7764.36,3,64.3053,40.246,step
2026-08-31T18:37:38.256089+00:00,84.659,-0.0226,0.15,0.0,0.0485,0.0016,7767.2,3,63.9789,40.266,step
2026-08-31T18:37:38.257525+00:00,84.69,-0.0225,0.15,0.0,0.0483,0.0016,7770.1,3,63.6511,40.286,step
2026-08-31T18:37:38.259018+00:00,84.72,-0.0225,0.15,0.0,0.0481,0.0016,7772.98,3,63.3216,40.306,step
2026-08-31T18:37:38.260367+00:00,84.751,-0.0224,0.15,0.0,0.0479,0.0016,7775.82,3,62.9882,40.326,step
2026-08-31T18:37:38.261725+00:00,84.781,-0.0224,0.15,0.0,0.0478,0.0015,7778.63,3,62.6511,40.346,step
2026-08-31T18:37:38.263113+00:00,84.812,-0.0223,0.15,0.0,0.0476,0.0015,7781.22,3,62.3119,40.366,step
2026-08-31T18:37:38.264445+00:00,84.842,-0.0222,0.15,0.0,0.0474,0.0015,7783.86,3,61.972,40.386,step
2026-08-31T18:37:38.265863+00:00,84.872,-0.0222,0.15,0.0,0.0473,0.0015,7786.56,3,61.6324,40.406,step
2026-08-31T18:37:38.267520+00:00,84.902,-0.0221,0.15,0.0,0.0471,0.0015,7789.29,3,61.2919,40.426,step
2026-08-31T18:37:38.268822+00:00,84.931,-0.022,0.15,0.0,0.047,0.0015,7792.08,3,60.9497,40.446,step
2026-08-31T18:37:38.270067+00:00,84.96,-0.0207,0.15,0.0,0.0468,0.0026,7794.87,3,60.6059,40.466,step
2026-08-31T18:37:38.271315+00:00,84.99,-0.0195,0.15,0.0,0.0465,0.0037,7797.64,3,60.258,40.486,step
2026-08-31T18:37:38.272539+00:00,85.02,-0.0183,0.15,0.0,0.0461,0.0047,7799.67,3,59.9038,40.506,step
2026-08-31T18:37:38.273735+00:00,85.049,-0.0171,0.15,0.0,0.0457,0.0057,7801.4,3,59.5394,40.526,step
2026-08-31T18:37:38.274971+00:00,85.078,-0.016,0.15,0.0,0.0451,0.0066,7804.29,3,59.1655,40.546,step
2026-08-31T18:37:38.276356+00:00,85.107,-0.0149,0.15,0.0,0.0446,0.0074,7807.6,3,58.7846,40.566,step
2026-08-31T18:37:38.277594+00:00,85.135,-0.0138,0.15,0.0,0.0439,0.0082,7810.81,3,58.3975,40.586,step
2026-08-31T18:37:38.278821+00:00,85.165,-0.0127,0.15,0.0,0.0432,0.0089,7813.77,3,58.0042,40.606,step
2026-08-31T18:37:38.280014+00:00,85.194,-0.0116,0.15,0.0,0.0425,0.0096,7816.54,3,57.6052,40.626,step
2026-08-31T18:37:38.281203+00:00,85.223,-0.0106,0.15,0.0,0.0417,0.0103,7819.21,3,57.2008,40.646,step
2026-08-31T18:37:38.282416+00:00,85.252,-0.0095,0.15,0.0,0.0408,0.0109,7821.81,3,56.7906,40.666,step
2026-08-31T18:37:38.284011+00:00,85.281,-0.0085,0.15,0.0,0.0399,0.0114,7824.4,3,56.3745,40.686,step
2026-08-31T18:37:38.285245+00:00,85.31,-0.0076,0.15,0.0,0.039,0.0119,7826.94,3,55.9526,40.706,step
2026-08-31T18:37:38.286466+00:00,85.338,-0.0066,0.15,0.0,0.038,0.0124,7829.4,3,55.5252,40.726,step
2026-08-31T18:37:38.287705+00:00,85.366,-0.0057,0.0,0.15,0.037,0.0128,7831.86,3,55.0921,40.746,step
2026-08-31T18:37:38.288909+00:00,85.007,-0.0048,0.0,0.15,0.036,0.0132,7672.52,3,54.6562,40.766,step
2026-08-31T18:37:38.290100+00:00,84.469,-0.0039,0.0,0.15,0.0349,0.0135,7620.94,3,54.2212,40.786,step
2026-08-31T18:37:38.291476+00:00,83.931,-0.0031,0.0,0.15,0.0339,0.0138,7570.44,3,53.7852,40.806,step
2026-08-31T18:37:38.292798+00:00,83.392,-0.0023,0.0,0.15,0.0328,0.0141,7525.65,3,53.3473,40.826,step
2026-08-31T18:37:38.294002+00:00,82.856,-0.0015,0.0,0.15,0.0317,0.0143,7478.54,3,52.9065,40.846,step
2026-08-31T18:37:38.295224+00:00,82.325,-0.0008,0.0,0.15,0.0306,0.0145,7429.02,3,52.465,40.866,step
2026-08-31T18:37:38.296496+00:00,81.796,-0.0001,0.0,0.15,0.0295,0.0146,7380.22,3,52.0228,40.886,step
2026-08-31T18:37:38.297690+00:00,81.268,0.0005,0.0,0.15,0.0284,0.0147,7332.16,3,51.5789,40.906,step
2026-08-31T18:37:38.298987+00:00,80.741,0.0011,0.0,0.15,0.0274,0.0148,7284.66,3,51.1327,40.926,step
2026-08-31T18:37:38.300439+00:00,80.216,0.0017,0.0,0.15,0.0263,0.0148,7237.55,3,50.6863,40.946,step
2026-08-31T18:37:38.301720+00:00,79.693,0.0022,0.0,0.15,0.0252,0.0148,7190.69,2,50.2396,40.966,step
2026-08-31T18:37:38.302959+00:00,79.189,0.0026,0.0,0.15,0.0241,0.0147,9039.19,2,49.7928,40.986,step
2026-08-31T18:37:38.304185+00:00,78.699,0.0031,0.0,0.15,0.0231,0.0146,9017.82,2,49.3447,41.006,step
2026-08-31T18:37:38.305400+00:00,78.191,0.0034,0.0,0.15,0.022,0.0145,8860.44,2,48.8961,41.026,step
2026-08-31T18:37:38.306612+00:00,77.611,0.0038,0.0,0.15,0.021,0.0143,8790.79,2,48.4457,41.046,step
2026-08-31T18:37:38.307857+00:00,77.034,0.004,0.0,0.15,0.02,0.014,8725.86,2,47.9935,41.066,step
2026-08-31T18:37:38.309637+00:00,76.459,0.0042,0.0,0.15,0.019,0.0137,8661.64,2,47.5419,41.086,step
2026-08-31T18:37:38.310896+00:00,75.887,0.0044,0.0,0.15,0.0181,0.0134,8597.93,2,47.0928,41.106,step
2026-08-31T18:37:38.312131+00:00,75.318,0.0045,0.0,0.15,0.0171,0.0131,8534.62,2,46.6471,41.126,step
2026-08-31T18:37:38.313362+00:00,74.752,0.0047,0.0,0.15,0.0162,0.0128,8471.61,2,46.2031,41.146,step
2026-08-31T18:37:38.314726+00:00,74.188,0.0048,0.0,0.15,0.0153,0.0125,8410.36,2,45.7612,41.166,step
2026-08-31T18:37:38.315938+00:00,73.626,0.0049,0.0,0.15,0.0145,0.0121,8349.09,2,45.3225,41.186,step
2026-08-31T18:37:38.317334+00:00,73.067,-0.1951,0.0,0.15,0.0137,0.0118,8286.17,2,44.8876,41.206,step
2026-08-31T18:37:38.318581+00:00,72.525,-0.1929,0.0,0.15,0.0127,0.0134,8223.69,2,44.6197,41.226,step
2026-08-31T18:37:38.319805+00:00,71.933,-0.1867,0.0,0.15,0.0112,0.0189,8155.81,2,44.6711,41.246,step
2026-08-31T18:37:38.321051+00:00,71.356,-0.1782,0.0,0.15,0.0092,0.0264,8087.63,2,44.8819,41.266,step
2026-08-31T18:37:38.322300+00:00,70.793,0.0313,0.0,0.15,0.0067,0.0347,8022.65,2,45.149,41.286,step
2026-08-31T18:37:38.323549+00:00,70.257,0.0389,0.0,0.15,0.0039,0.0408,7964.34,2,45.2474,41.306,step
2026-08-31T18:37:38.324855+00:00,69.698,-0.1584,0.0,0.15,0.0013,0.0423,7906.52,2,44.9733,41.326,step
2026-08-31T18:37:38.326322+00:00,69.163,-0.1555,0.0,0.15,-0.0013,0.0438,7846.81,2,44.7025,41.346,step
2026-08-31T18:37:38.327598+00:00,68.594,-0.1493,0.0,0.15,-0.0045,0.0485,7782.21,2,44.6792,41.366,step
2026-08-31T18:37:38.328862+00:00,68.039,-0.1414,0.0,0.15,-0.0081,0.0545,7718.52,2,44.7648,41.386,step
2026-08-31T18:37:38.330128+00:00,67.497,-0.133,0.0,0.15,-0.0121,0.0609,7657.18,2,44.8781,41.406,step
2026-08-31T18:37:38.331389+00:00,66.959,-0.1245,0.0,0.15,-0.0164,0.0673,7597.09,2,44.9819,41.426,step
2026-08-31T18:37:38.332788+00:00,66.425,0.0838,0.8,0.0,-0.0211,0.0733,7537.61,2,45.0623,41.446,step
2026-08-31T18:37:38.334251+00:00,66.675,-0.1104,0.0,0.15,-0.0258,0.0767,8412.25,2,44.9488,41.466,step
2026-08-31T18:37:38.335514+00:00,66.659,-0.107,0.0,0.15,-0.0306,0.0778,7574.8,2,44.6535,41.486,step
2026-08-31T18:37:38.336805+00:00,66.112,-0.1014,0.0,0.15,-0.0356,0.0808,7513.99,2,44.5054,41.506,step
2026-08-31T18:37:38.338066+00:00,65.576,-0.0949,0.0,0.15,-0.0409,0.0846,7449.41,2,44.4197,41.526,step
2026-08-31T18:37:38.339322+00:00,65.047,-0.0881,0.0,0.15,-0.0464,0.0887,7386.18,2,44.3521,41.546,step
2026-08-31T18:37:38.340650+00:00,64.522,-0.0812,0.0,0.15,-0.0521,0.0928,7324.1,2,44.2815,41.566,step
2026-08-31T18:37:38.342103+00:00,64.0,-0.0744,0.0,0.15,-0.058,0.0966,7265.57,2,44.197,41.586,step
2026-08-31T18:37:38.343441+00:00,63.481,-0.0679,0.0,0.15,-0.064,0.1001,7208.13,2,44.0933,41.606,step
2026-08-31T18:37:38.344704+00:00,62.964,-0.0616,0.0,0.15,-0.0701,0.1034,7151.1,2,43.9695,41.626,step
2026-08-31T18:37:38.345972+00:00,62.45,-0.0555,0.0,0.15,-0.0764,0.1063,7094.17,2,43.826,41.646,step
2026-08-31T18:37:38.347164+00:00,61.938,-0.0496,0.0,0.15,-0.0828,0.109,7037.21,2,43.6625,41.666,step
2026-08-31T18:37:38.348456+00:00,61.428,-0.0441,0.0,0.15,-0.0892,0.1113,6980.27,2,43.4809,41.686,step
2026-08-31T18:37:38.349826+00:00,60.92,-0.0387,0.0,0.15,-0.0957,0.1134,6923.39,2,43.2828,41.706,step
2026-08-31T18:37:38.351138+00:00,60.414,-0.0336,0.0,0.15,-0.1023,0.1152,6866.6,2,43.0694,41.726,step
2026-08-31T18:37:38.352375+00:00,59.911,-0.0288,0.0,0.15,-0.1089,0.1168,6809.87,2,42.8425,41.746,step
2026-08-31T18:37:38.353636+00:00,59.408,-0.0241,0.0,0.15,-0.1155,0.1182,6753.3,2,42.6028,41.766,step
2026-08-31T18:37:38.354881+00:00,58.908,-0.0196,0.0,0.15,-0.122,0.1193,6696.9,2,42.3508,41.786,step
2026-08-31T18:37:38.356142+00:00,58.409,-0.0154,0.0,0.15,-0.1286,0.1203,6640.7,2,42.0883,41.806,step
2026-08-31T18:37:38.357421+00:00,57.912,-0.0114,0.0,0.15,-0.1352,0.1211,6584.73,2,41.8155,41.826,step
2026-08-31T18:37:38.358845+00:00,57.418,-0.0075,0.0,0.15,-0.1417,0.1216,6529.0,2,41.5331,41.846,step
2026-08-31T18:37:38.360257+00:00,56.925,-0.0038,0.0,0.15,-0.1482,0.1221,6473.28,2,41.2435,41.866,step
2026-08-31T18:37:38.361592+00:00,56.432,-0.0003,0.0,0.15,-0.1546,0.1224,6417.74,2,40.9471,41.886,step
2026-08-31T18:37:38.362891+00:00,55.941,0.003,0.0,0.15,-0.1609,0.1225,6362.39,2,40.6435,41.906,step
2026-08-31T18:37:38.364131+00:00,55.451,0.0061,0.0,0.15,-0.1672,0.1225,6307.26,2,40.3339,41.926,step
2026-08-31T18:37:38.365379+00:00,54.964,0.0091,0.0,0.15,-0.1735,0.1224,6252.32,2,40.0194,41.946,step
2026-08-31T18:37:38.366670+00:00,54.478,0.0119,0.0,0.15,-0.1796,0.1221,6197.56,2,39.7,41.966,step
2026-08-31T18:37:38.368106+00:00,53.994,0.0146,0.0,0.15,-0.1857,0.1217,6142.92,2,39.3757,41.986,step
2026-08-31T18:37:38.369395+00:00,53.511,0.0171,0.0,0.15,-0.1917,0.1212,6088.42,2,39.0474,42.006,step
2026-08-31T18:37:38.370698+00:00,53.032,0.0195,0.0,0.15,-0.1976,0.1207,6031.13,2,38.7169,42.026,step
2026-08-31T18:37:38.372028+00:00,52.552,0.0217,0.0,0.15,-0.2034,0.12,5978.11,2,38.3846,42.046,step
2026-08-31T18:37:38.373277+00:00,52.073,0.0238,0.0,0.15,-0.2091,0.1193,5924.95,2,38.0504,42.066,step
2026-08-31T18:37:38.374597+00:00,51.596,0.0258,0.0,0.15,-0.2147,0.1185,5871.5,2,37.7147,42.086,step
2026-08-31T18:37:38.376046+00:00,51.12,0.0277,0.0,0.15,-0.2202,0.1176,5818.08,2,37.3784,42.106,step
2026-08-31T18:37:38.377310+00:00,50.645,0.0295,0.0,0.15,-0.2256,0.1167,5764.64,2,37.0415,42.126,step
2026-08-31T18:37:38.378553+00:00,50.172,0.0312,0.0,0.15,-0.2309,0.1157,5711.18,2,36.7053,42.146,step
2026-08-31T18:37:38.379859+00:00,49.7,0.0327,0.0,0.15,-0.2361,0.1147,5657.73,1,36.3696,42.166,step
2026-08-31T18:37:38.381111+00:00,49.235,0.0342,0.0,0.15,-0.2412,0.1136,7591.66,1,36.034,42.186,step
2026-08-31T18:37:38.382430+00:00,48.773,0.0356,0.0,0.15,-0.2461,0.1125,7580.66,1,35.6994,42.206,step
2026-08-31T18:37:38.383844+00:00,48.297,0.0369,0.0,0.15,-0.251,0.1114,7361.26,1,35.3653,42.226,step
2026-08-31T18:37:38.385165+00:00,47.776,0.0381,0.0,0.15,-0.2558,0.1102,7283.64,1,35.031,42.246,step
2026-08-31T18:37:38.386474+00:00,47.26,0.0391,0.0,0.15,-0.2604,0.1089,7205.93,1,34.6981,42.266,step
2026-08-31T18:37:38.387740+00:00,46.746,0.0401,0.15,0.0,-0.265,0.1076,7128.93,1,34.3674,42.286,step
2026-08-31T18:37:38.389033+00:00,46.749,0.0411,0.15,0.0,-0.2694,0.1064,7315.81,1,34.0411,42.306,step
2026-08-31T18:37:38.390342+00:00,46.873,0.0421,0.15,0.0,-0.2738,0.1052,7331.09,1,33.7176,42.326,step
2026-08-31T18:37:38.391638+00:00,46.997,0.0432,0.15,0.0,-0.2782,0.1041,7347.3,1,33.3941,42.346,step
2026-08-31T18:37:38.393178+00:00,47.121,0.0441,0.0,0.15,-0.2825,0.1029,7364.87,1,33.0702,42.366,step
2026-08-31T18:37:38.394481+00:00,46.748,0.045,0.15,0.0,-0.2867,0.1017,7141.56,1,32.7441,42.386,step
2026-08-31T18:37:38.395789+00:00,46.744,0.0458,0.15,0.0,-0.2908,0.1004,7310.15,1,32.4177,42.406,step
2026-08-31T18:37:38.397134+00:00,46.867,0.0466,0.15,0.0,-0.295,0.0991,7329.23,1,32.092,42.426,step
2026-08-31T18:37:38.398502+00:00,46.99,0.0473,0.15,0.0,-0.299,0.0978,7347.9,1,31.7649,42.446,step
2026-08-31T18:37:38.399919+00:00,47.113,0.048,0.0,0.15,-0.303,0.0965,7366.75,1,31.437,42.466,step
2026-08-31T18:37:38.401284+00:00,46.735,0.0434,0.15,0.0,-0.3068,0.0899,7134.82,1,31.1068,42.486,step
2026-08-31T18:37:38.402672+00:00,46.738,0.0377,0.15,0.0,-0.3103,0.0825,7311.4,1,30.7807,42.506,step
2026-08-31T18:37:38.404060+00:00,46.862,0.032,0.15,0.0,-0.3136,0.0752,7329.02,1,30.4638,42.526,step
2026-08-31T18:37:38.405418+00:00,46.986,0.0263,0.15,0.0,-0.3165,0.0681,7347.13,1,30.1549,42.546,step
2026-08-31T18:37:38.406814+00:00,47.111,0.0207,0.0,0.15,-0.3191,0.0611,7365.43,1,29.854,42.566,step
2026-08-31T18:37:38.408205+00:00,46.735,0.015,0.15,0.0,-0.3215,0.0543,7133.65,1,29.5595,42.586,step
2026-08-31T18:37:38.409911+00:00,46.73,0.0094,0.15,0.0,-0.3236,0.0476,7310.53,1,29.2738,42.606,step
2026-08-31T18:37:38.411325+00:00,46.855,0.0038,0.15,0.0,-0.3254,0.0411,7328.04,1,28.9975,42.626,step
2026-08-31T18:37:38.412708+00:00,46.979,-0.0017,0.15,0.0,-0.327,0.0348,7346.16,1,28.7281,42.646,step
2026-08-31T18:37:38.414144+00:00,47.103,-0.0073,0.0,0.15,-0.3284,0.0285,7364.43,1,28.4652,42.666,step
2026-08-31T18:37:38.415567+00:00,46.727,-0.0128,0.15,0.0,-0.3295,0.0225,7135.37,1,28.2102,42.686,step
2026-08-31T18:37:38.417178+00:00,46.711,-0.0182,0.15,0.0,-0.3303,0.0167,7306.02,1,27.9642,42.706,step
2026-08-31T18:37:38.418671+00:00,46.835,-0.0236,0.15,0.0,-0.331,0.0109,7324.17,1,27.7239,42.726,step
2026-08-31T18:37:38.420010+00:00,46.958,-0.0289,0.15,0.0,-0.3314,0.0054,7342.63,1,27.4897,42.746,step
2026-08-31T18:37:38.421387+00:00,47.082,-0.0343,0.0,0.15,-0.3316,-0.0001,7361.18,1,27.261,42.766,step
2026-08-31T18:37:38.422785+00:00,46.705,-0.0395,0.0,0.15,-0.3316,-0.0053,7131.56,1,27.0403,42.786,step
2026-08-31T18:37:38.424142+00:00,46.194,-0.0446,0.0,0.15,-0.3314,-0.0103,7048.67,1,26.8309,42.806,step
2026-08-31T18:37:38.425746+00:00,45.686,-0.0495,0.0,0.15,-0.3311,-0.015,6969.2,1,26.6322,42.826,step
2026-08-31T18:37:38.427092+00:00,45.181,-0.0542,0.15,0.0,-0.3305,-0.0195,6892.28,1,26.4427,42.846,step
2026-08-31T18:37:38.428491+00:00,45.16,-0.0589,0.0,0.15,-0.3298,-0.0239,7068.93,1,26.2579,42.866,step
2026-08-31T18:37:38.429877+00:00,44.786,-0.0636,0.0,0.15,-0.329,-0.0281,6839.37,1,26.0776,42.886,step
2026-08-31T18:37:38.431340+00:00,44.288,-0.0681,0.15,0.0,-0.328,-0.0321,6762.52,1,25.9076,42.906,step
2026-08-31T18:37:38.432711+00:00,44.268,-0.0726,0.0,0.15,-0.3269,-0.036,6927.85,1,25.7411,42.926,step
2026-08-31T18:37:38.434163+00:00,43.896,-0.077,0.0,0.15,-0.3257,-0.0398,6706.81,1,25.5785,42.946,step
2026-08-31T18:37:38.435594+00:00,43.402,-0.0812,0.15,0.0,-0.3243,-0.0434,6629.85,1,25.4258,42.966,step
2026-08-31T18:37:38.436954+00:00,43.381,-0.0854,0.0,0.15,-0.3228,-0.0469,6789.26,1,25.2756,42.986,step
2026-08-31T18:37:38.438342+00:00,43.012,-0.0896,0.15,0.0,-0.3212,-0.0502,6573.38,1,25.1286,43.006,step
2026-08-31T18:37:38.439751+00:00,42.992,-0.0937,0.0,0.15,-0.3196,-0.0535,6727.58,1,24.9871,43.026,step
2026-08-31T18:37:38.441106+00:00,42.623,-0.0977,0.0,0.15,-0.3178,-0.0566,6515.27,1,24.8498,43.046,step
2026-08-31T18:37:38.442621+00:00,42.134,-0.1015,0.15,0.0,-0.3159,-0.0595,6438.22,1,24.7225,43.066,step
2026-08-31T18:37:38.443923+00:00,42.112,-0.1053,0.15,0.0,-0.314,-0.0623,6591.68,1,24.5966,43.086,step
2026-08-31T18:37:38.445249+00:00,42.237,-0.1091,0.0,0.15,-0.312,-0.0651,6608.83,1,24.4686,43.106,step
2026-08-31T18:37:38.446630+00:00,41.869,-0.1129,0.0,0.15,-0.3099,-0.0678,6402.82,1,24.3468,43.126,step
2026-08-31T18:37:38.448044+00:00,41.383,-0.1163,0.15,0.0,-0.3077,-0.0702,6326.02,1,24.2355,43.146,step
2026-08-31T18:37:38.449384+00:00,41.361,-0.1198,0.0,0.15,-0.3055,-0.0726,6474.19,1,24.1252,43.166,step
2026-08-31T18:37:38.450891+00:00,40.994,-0.1233,0.15,0.0,-0.3032,-0.0749,6268.11,1,24.0175,43.186,step
2026-08-31T18:37:38.452333+00:00,40.973,-0.1266,0.0,0.15,-0.3009,-0.077,6413.24,1,23.9136,43.206,step
2026-08-31T18:37:38.453751+00:00,40.607,-0.1299,0.15,0.0,-0.2985,-0.0791,6210.07,1,23.8128,43.226,step
2026-08-31T18:37:38.455128+00:00,40.585,-0.1331,0.15,0.0,-0.296,-0.0811,6352.44,1,23.7158,43.246,step
2026-08-31T18:37:38.456543+00:00,40.709,-0.1364,0.0,0.15,-0.2935,-0.0832,6369.96,1,23.6158,43.266,step
2026-08-31T18:37:38.457898+00:00,40.343,-0.1396,0.0,0.15,-0.291,-0.0851,6172.16,1,23.522,43.286,step
2026-08-31T18:37:38.459388+00:00,39.864,-0.1425,0.15,0.0,-0.2884,-0.0867,6096.19,1,23.4387,43.306,step
2026-08-31T18:37:38.460726+00:00,39.84,-0.1454,0.15,0.0,-0.2858,-0.0883,6237.36,1,23.355,43.326,step
2026-08-31T18:37:38.462072+00:00,39.963,-0.1484,0.0,0.15,-0.2831,-0.09,6254.51,1,23.2672,43.346,step
2026-08-31T18:37:38.463426+00:00,39.598,-0.1513,0.15,0.0,-0.2804,-0.0915,6058.67,1,23.1855,43.366,step
2026-08-31T18:37:38.464801+00:00,39.575,-0.1541,0.15,0.0,-0.2777,-0.0929,6194.21,1,23.1074,43.386,step
2026-08-31T18:37:38.466128+00:00,39.697,-0.1569,0.0,0.15,-0.275,-0.0944,6212.19,1,23.0263,43.406,step
2026-08-31T18:37:38.467657+00:00,39.333,-0.1596,0.0,0.15,-0.2722,-0.0957,6018.59,1,22.952,43.426,step
2026-08-31T18:37:38.468996+00:00,38.857,-0.162,0.15,0.0,-0.2694,-0.0967,5943.34,1,22.8883,43.446,step
2026-08-31T18:37:38.470311+00:00,38.831,-0.1645,0.15,0.0,-0.2666,-0.0978,6080.72,1,22.8236,43.466,step
2026-08-31T18:37:38.471660+00:00,38.954,-0.1671,0.15,0.0,-0.2638,-0.099,6097.46,1,22.7536,43.486,step
2026-08-31T18:37:38.473067+00:00,39.075,-0.1697,0.0,0.15,-0.2609,-0.1001,6114.7,1,22.6834,43.506,step
2026-08-31T18:37:38.474460+00:00,38.712,-0.1721,0.15,0.0,-0.2581,-0.1011,5925.26,1,22.6205,43.526,step
2026-08-31T18:37:38.475916+00:00,38.685,-0.1744,0.0,0.15,-0.2552,-0.102,6055.2,1,22.5609,43.546,step
2026-08-31T18:37:38.477224+00:00,38.322,-0.1767,0.15,0.0,-0.2523,-0.1028,5863.81,1,22.5036,43.566,step
2026-08-31T18:37:38.478549+00:00,38.295,-0.1788,0.15,0.0,-0.2494,-0.1035,5996.27,1,22.4498,43.586,step
2026-08-31T18:37:38.479894+00:00,38.416,-0.1811,0.0,0.15,-0.2465,-0.1043,6013.48,1,22.3917,43.606,step
2026-08-31T18:37:38.481280+00:00,38.053,-0.1832,0.15,0.0,-0.2436,-0.105,5824.0,1,22.3399,43.626,step
2026-08-31T18:37:38.482602+00:00,38.026,-0.1852,0.15,0.0,-0.2407,-0.1056,5953.44,1,22.2912,43.646,step
2026-08-31T18:37:38.484023+00:00,38.147,-0.1874,0.0,0.15,-0.2377,-0.1063,5971.04,1,22.2378,43.666,step
2026-08-31T18:37:38.485427+00:00,37.784,-0.1893,0.15,0.0,-0.2348,-0.1067,5783.34,1,22.1912,43.686,step
2026-08-31T18:37:38.486731+00:00,37.756,-0.1912,0.15,0.0,-0.2319,-0.1072,5911.31,1,22.1475,43.706,step
2026-08-31T18:37:38.488042+00:00,37.876,-0.1932,0.15,0.0,-0.229,-0.1077,5928.93,1,22.0991,43.726,step
2026-08-31T18:37:38.489420+00:00,37.996,-0.1952,0.0,0.15,-0.226,-0.1082,5946.54,1,22.0506,43.746,step
2026-08-31T18:37:38.490727+00:00,37.633,-0.197,0.15,0.0,-0.2231,-0.1086,5761.01,1,22.0097,43.766,step
2026-08-31T18:37:38.492148+00:00,37.603,-0.1987,0.15,0.0,-0.2202,-0.1088,5887.72,1,21.9721,43.786,step
2026-08-31T18:37:38.493492+00:00,37.723,-0.2005,0.0,0.15,-0.2172,-0.1092,5905.33,1,21.9301,43.806,step
2026-08-31T18:37:38.494874+00:00,37.36,-0.2022,0.15,0.0,-0.2143,-0.1093,5718.45,1,21.8953,43.826,step
2026-08-31T18:37:38.496219+00:00,37.33,-0.2037,0.15,0.0,-0.2114,-0.1094,5846.01,1,21.8635,43.846,step
2026-08-31T18:37:38.497590+00:00,37.45,-0.2054,0.0,0.15,-0.2085,-0.1096,5863.15,1,21.8266,43.866,step
2026-08-31T18:37:38.498914+00:00,37.087,-0.2069,0.15,0.0,-0.2056,-0.1097,5677.2,1,21.7963,43.886,step
2026-08-31T18:37:38.500241+00:00,37.057,-0.2083,0.15,0.0,-0.2028,-0.1096,5803.12,1,21.7688,43.906,step
2026-08-31T18:37:38.501827+00:00,37.176,-0.2098,0.15,0.0,-0.1999,-0.1098,5820.33,1,21.7358,43.926,step
2026-08-31T18:37:38.503180+00:00,37.295,-0.2114,0.0,0.15,-0.197,-0.1099,5837.66,1,21.7023,43.946,step
2026-08-31T18:37:38.504555+00:00,36.933,-0.2127,0.15,0.0,-0.1942,-0.1098,5654.66,1,21.6763,43.966,step
2026-08-31T18:37:38.505936+00:00,36.901,-0.214,0.15,0.0,-0.1913,-0.1097,5778.51,1,21.6534,43.986,step
2026-08-31T18:37:38.507257+00:00,37.02,-0.2154,0.15,0.0,-0.1885,-0.1097,5795.94,1,21.6251,44.006,step
2026-08-31T18:37:38.508763+00:00,37.138,-0.2168,0.0,0.15,-0.1857,-0.1097,5813.57,1,21.5961,44.026,step
2026-08-31T18:37:38.510137+00:00,36.776,-0.218,0.15,0.0,-0.1829,-0.1095,5630.31,1,21.5753,44.046,step
2026-08-31T18:37:38.511435+00:00,36.744,-0.2191,0.15,0.0,-0.1801,-0.1092,5754.64,1,21.5576,44.066,step
2026-08-31T18:37:38.512782+00:00,36.862,-0.2203,0.15,0.0,-0.1773,-0.109,5771.73,1,21.5342,44.086,step
2026-08-31T18:37:38.514149+00:00,36.98,-0.2216,0.0,0.15,-0.1746,-0.1089,5789.18,1,21.5101,44.106,step
2026-08-31T18:37:38.515494+00:00,36.618,-0.2226,0.15,0.0,-0.1718,-0.1086,5606.29,1,21.4944,44.126,step
2026-08-31T18:37:38.516817+00:00,36.585,-0.2236,0.15,0.0,-0.1691,-0.1081,5729.95,1,21.4815,44.146,step
2026-08-31T18:37:38.518360+00:00,36.703,-0.2247,0.15,0.0,-0.1664,-0.1079,5747.02,1,21.463,44.166,step
2026-08-31T18:37:38.519692+00:00,36.82,-0.2258,0.0,0.15,-0.1637,-0.1077,5764.4,1,21.4437,44.186,step
2026-08-31T18:37:38.521052+00:00,36.459,-0.2267,0.15,0.0,-0.1611,-0.1072,5582.1,1,21.4324,44.206,step
2026-08-31T18:37:38.522431+00:00,36.425,-0.2275,0.15,0.0,-0.1584,-0.1067,5705.12,1,21.4238,44.226,step
2026-08-31T18:37:38.523781+00:00,36.543,-0.2285,0.15,0.0,-0.1558,-0.1064,5722.11,1,21.4087,44.246,step
2026-08-31T18:37:38.525128+00:00,36.66,-0.2295,0.15,0.0,-0.1532,-0.1061,5739.47,1,21.3927,44.266,step
2026-08-31T18:37:38.526662+00:00,36.777,-0.2305,0.0,0.15,-0.1506,-0.1058,5757.04,1,21.3767,44.286,step
2026-08-31T18:37:38.527994+00:00,36.416,-0.2312,0.15,0.0,-0.148,-0.1053,5575.82,1,21.3691,44.306,step
2026-08-31T18:37:38.529404+00:00,36.381,-0.2319,0.15,0.0,-0.1455,-0.1047,5698.5,1,21.3645,44.326,step
2026-08-31T18:37:38.530746+00:00,36.498,-0.2328,0.15,0.0,-0.143,-0.1042,5715.42,1,21.3541,44.346,step
2026-08-31T18:37:38.532022+00:00,36.615,-0.2336,0.15,0.0,-0.1405,-0.1038,5732.92,1,21.3433,44.366,step
2026-08-31T18:37:38.533281+00:00,36.732,-0.2344,0.0,0.15,-0.138,-0.1034,5750.53,1,21.3326,44.386,step
2026-08-31T18:37:38.534761+00:00,36.371,-0.235,0.15,0.0,-0.1355,-0.1027,5568.72,1,21.3301,44.406,step
2026-08-31T18:37:38.536044+00:00,36.335,-0.2355,0.15,0.0,-0.133,-0.102,5691.75,1,21.3304,44.426,step
2026-08-31T18:37:38.537376+00:00,36.452,-0.2362,0.15,0.0,-0.1306,-0.1015,5708.53,1,21.3248,44.446,step
2026-08-31T18:37:38.538698+00:00,36.569,-0.2369,0.15,0.0,-0.1282,-0.101,5725.89,1,21.3181,44.466,step
2026-08-31T18:37:38.539971+00:00,36.685,-0.2376,0.0,0.15,-0.1259,-0.1005,5743.41,1,21.3113,44.486,step
2026-08-31T18:37:38.541279+00:00,36.324,-0.238,0.15,0.0,-0.1235,-0.0998,5561.72,1,21.3133,44.506,step
2026-08-31T18:37:38.542720+00:00,36.288,-0.2384,0.15,0.0,-0.1212,-0.099,5684.55,1,21.3179,44.526,step
2026-08-31T18:37:38.543995+00:00,36.405,-0.2389,0.15,0.0,-0.1189,-0.0984,5701.27,1,21.3158,44.546,step
2026-08-31T18:37:38.545324+00:00,36.521,-0.2395,0.15,0.0,-0.1166,-0.0978,5718.65,1,21.3127,44.566,step
2026-08-31T18:37:38.546671+00:00,36.638,-0.2401,0.0,0.15,-0.1144,-0.0973,5736.16,1,21.3099,44.586,step
2026-08-31T18:37:38.548079+00:00,36.277,-0.2404,0.15,0.0,-0.1121,-0.0965,5554.49,1,21.3155,44.606,step
2026-08-31T18:37:38.549430+00:00,36.24,-0.2407,0.15,0.0,-0.1099,-0.0956,5677.23,1,21.3235,44.626,step
2026-08-31T18:37:38.550927+00:00,36.357,-0.2411,0.15,0.0,-0.1078,-0.095,5693.94,1,21.3251,44.646,step
2026-08-31T18:37:38.552240+00:00,36.473,-0.2415,0.15,0.0,-0.1056,-0.0944,5711.26,1,21.3257,44.666,step
2026-08-31T18:37:38.553586+00:00,36.59,-0.242,0.15,0.0,-0.1035,-0.0937,5728.73,1,21.3262,44.686,step
2026-08-31T18:37:38.554871+00:00,36.706,-0.2424,0.0,0.15,-0.1014,-0.0931,5746.46,1,21.3265,44.706,step
2026-08-31T18:37:38.556257+00:00,36.345,-0.2427,0.15,0.0,-0.0993,-0.0923,5564.9,1,21.3355,44.726,step
2026-08-31T18:37:38.557540+00:00,36.307,-0.2428,0.15,0.0,-0.0972,-0.0914,5688.18,1,21.3477,44.746,step
2026-08-31T18:37:38.559029+00:00,36.424,-0.243,0.15,0.0,-0.0952,-0.0907,5704.75,1,21.3534,44.766,step
2026-08-31T18:37:38.560324+00:00,36.54,-0.2434,0.15,0.0,-0.0932,-0.09,5722.09,1,21.3578,44.786,step
2026-08-31T18:37:38.561655+00:00,36.657,-0.2437,0.15,0.0,-0.0913,-0.0893,5739.56,1,21.3618,44.806,step
2026-08-31T18:37:38.562980+00:00,36.773,-0.244,0.0,0.15,-0.0893,-0.0887,5757.28,1,21.3658,44.826,step
2026-08-31T18:37:38.564374+00:00,36.412,-0.2441,0.15,0.0,-0.0874,-0.0878,5575.02,1,21.3788,44.846,step
2026-08-31T18:37:38.565708+00:00,36.373,-0.2441,0.15,0.0,-0.0855,-0.0868,5698.78,1,21.3947,44.866,step
2026-08-31T18:37:38.567191+00:00,36.49,-0.2442,0.15,0.0,-0.0836,-0.086,5715.28,1,21.4035,44.886,step
2026-08-31T18:37:38.568563+00:00,36.607,-0.2444,0.15,0.0,-0.0818,-0.0853,5732.62,1,21.411,44.906,step
2026-08-31T18:37:38.569932+00:00,36.723,-0.2447,0.15,0.0,-0.08,-0.0846,5750.07,1,21.4179,44.926,step
2026-08-31T18:37:38.571291+00:00,36.84,-0.2449,0.0,0.15,-0.0782,-0.084,5767.79,1,21.425,44.946,step
2026-08-31T18:37:38.572711+00:00,36.479,-0.2448,0.15,0.0,-0.0764,-0.083,5585.18,1,21.4412,44.966,step
2026-08-31T18:37:38.574031+00:00,36.439,-0.2447,0.15,0.0,-0.0747,-0.0821,5709.27,1,21.4602,44.986,step
2026-08-31T18:37:38.575638+00:00,36.556,-0.2448,0.15,0.0,-0.073,-0.0813,5725.76,1,21.4723,45.006,step
2026-08-31T18:37:38.576952+00:00,36.673,-0.2449,0.15,0.0,-0.0713,-0.0805,5743.1,1,21.483,45.026,step
2026-08-31T18:37:38.578304+00:00,36.789,-0.245,0.15,0.0,-0.0696,-0.0798,5760.54,1,21.4932,45.046,step
2026-08-31T18:37:38.579600+00:00,36.906,-0.2451,0.15,0.0,-0.068,-0.0791,5778.24,1,21.5029,45.066,step
2026-08-31T18:37:38.580942+00:00,37.023,-0.2452,0.0,0.15,-0.0664,-0.0784,5796.24,1,21.5125,45.086,step
2026-08-31T18:37:38.582282+00:00,36.662,-0.2451,0.15,0.0,-0.0648,-0.0775,5612.85,1,21.5311,45.106,step
2026-08-31T18:37:38.583752+00:00,36.621,-0.2448,0.15,0.0,-0.0632,-0.0765,5738.19,1,21.5533,45.126,step
2026-08-31T18:37:38.585157+00:00,36.739,-0.2448,0.15,0.0,-0.0617,-0.0757,5754.58,1,21.5683,45.146,step
2026-08-31T18:37:38.586463+00:00,36.855,-0.2448,0.15,0.0,-0.0602,-0.0749,5771.86,1,21.5819,45.166,step
2026-08-31T18:37:38.587827+00:00,36.972,-0.2448,0.15,0.0,-0.0587,-0.0741,5789.31,1,21.595,45.186,step
2026-08-31T18:37:38.589161+00:00,37.089,-0.2448,0.15,0.0,-0.0573,-0.0734,5806.98,1,21.6078,45.206,step
2026-08-31T18:37:38.590491+00:00,37.205,-0.2448,0.0,0.15,-0.0559,-0.0727,5824.97,1,21.6202,45.226,step
2026-08-31T18:37:38.591918+00:00,36.844,-0.2445,0.15,0.0,-0.0545,-0.0718,5640.64,1,21.642,45.246,step
2026-08-31T18:37:38.593302+00:00,36.803,-0.2442,0.15,0.0,-0.0531,-0.0708,5766.79,1,21.667,45.266,step
2026-08-31T18:37:38.594648+00:00,36.921,-0.2441,0.15,0.0,-0.0517,-0.0699,5783.14,1,21.6845,45.286,step
2026-08-31T18:37:38.595976+00:00,37.038,-0.244,0.15,0.0,-0.0504,-0.0692,5800.45,1,21.7,45.306,step
2026-08-31T18:37:38.597336+00:00,37.155,-0.2439,0.15,0.0,-0.0491,-0.0685,5817.93,1,21.7152,45.326,step
2026-08-31T18:37:38.598671+00:00,37.272,-0.2438,0.15,0.0,-0.0479,-0.0678,5835.65,1,21.7298,45.346,step
2026-08-31T18:37:38.600095+00:00,37.389,-0.2437,0.15,0.0,-0.0466,-0.0671,5853.66,1,21.7442,45.366,step
2026-08-31T18:37:38.601514+00:00,37.505,-0.2437,0.0,0.15,-0.0454,-0.0664,5871.97,1,21.7587,45.386,step
2026-08-31T18:37:38.602856+00:00,37.144,-0.2433,0.15,0.0,-0.0442,-0.0654,5685.97,1,21.7827,45.406,step
2026-08-31T18:37:38.604137+00:00,37.102,-0.2429,0.15,0.0,-0.043,-0.0644,5814.03,1,21.8099,45.426,step
2026-08-31T18:37:38.605478+00:00,37.22,-0.2427,0.15,0.0,-0.0419,-0.0636,5830.26,1,21.8297,45.446,step
2026-08-31T18:37:38.606788+00:00,37.337,-0.2425,0.15,0.0,-0.0408,-0.0629,5847.53,1,21.8478,45.466,step
2026-08-31T18:37:38.608097+00:00,37.455,-0.2423,0.15,0.0,-0.0397,-0.0622,5864.96,1,21.8648,45.486,step
2026-08-31T18:37:38.609645+00:00,37.572,-0.2422,0.15,0.0,-0.0386,-0.0615,5882.66,1,21.8811,45.506,step
2026-08-31T18:37:38.610994+00:00,37.689,-0.242,0.0,0.15,-0.0375,-0.0608,5900.69,1,21.8968,45.526,step
2026-08-31T18:37:38.612344+00:00,37.328,-0.2416,0.15,0.0,-0.0365,-0.0599,5714.17,1,21.9219,45.546,step
2026-08-31T18:37:38.613718+00:00,37.285,-0.2412,0.15,0.0,-0.0355,-0.0589,5842.42,1,21.9507,45.566,step
2026-08-31T18:37:38.615073+00:00,37.404,-0.2409,0.15,0.0,-0.0345,-0.0581,5858.8,1,21.9715,45.586,step
2026-08-31T18:37:38.616399+00:00,37.521,-0.2406,0.15,0.0,-0.0336,-0.0574,5876.18,1,21.9905,45.606,step
2026-08-31T18:37:38.618055+00:00,37.639,-0.2404,0.15,0.0,-0.0327,-0.0567,5893.73,1,22.0089,45.626,step
2026-08-31T18:37:38.619350+00:00,37.756,-0.2402,0.15,0.0,-0.0318,-0.0561,5911.49,1,22.0262,45.646,step
2026-08-31T18:37:38.620697+00:00,37.874,-0.24,0.15,0.0,-0.0309,-0.0554,5929.57,1,22.043,45.666,step
2026-08-31T18:37:38.622056+00:00,37.991,-0.2398,0.0,0.15,-0.03,-0.0548,5947.96,1,22.0596,45.686,step
2026-08-31T18:37:38.623479+00:00,37.63,-0.2393,0.15,0.0,-0.0292,-0.0539,5759.74,1,22.0859,45.706,step
2026-08-31T18:37:38.624801+00:00,37.586,-0.2388,0.15,0.0,-0.0284,-0.053,5889.93,1,22.1158,45.726,step
2026-08-31T18:37:38.626435+00:00,37.705,-0.2385,0.15,0.0,-0.0276,-0.0523,5906.19,1,22.1376,45.746,step
2026-08-31T18:37:38.627759+00:00,37.823,-0.2382,0.15,0.0,-0.0268,-0.0516,5923.49,1,22.1574,45.766,step
2026-08-31T18:37:38.629112+00:00,37.941,-0.2379,0.15,0.0,-0.0261,-0.051,5941.02,1,22.1763,45.786,step
2026-08-31T18:37:38.630445+00:00,38.059,-0.2377,0.15,0.0,-0.0254,-0.0503,5958.8,1,22.1943,45.806,step
2026-08-31T18:37:38.631794+00:00,38.176,-0.2374,0.15,0.0,-0.0247,-0.0497,5976.9,1,22.2123,45.826,step
2026-08-31T18:37:38.633151+00:00,38.294,-0.2372,0.0,0.15,-0.024,-0.0492,5995.29,1,22.2294,45.846,step
2026-08-31T18:37:38.634609+00:00,37.933,-0.2367,0.15,0.0,-0.0233,-0.0484,5805.81,1,22.256,45.866,step
2026-08-31T18:37:38.635949+00:00,37.889,-0.2361,0.15,0.0,-0.0227,-0.0475,5937.28,1,22.2863,45.886,step
2026-08-31T18:37:38.637282+00:00,38.008,-0.2358,0.15,0.0,-0.0221,-0.0468,5953.55,1,22.3087,45.906,step
2026-08-31T18:37:38.638629+00:00,38.126,-0.2354,0.15,0.0,-0.0215,-0.0462,5970.92,1,22.3295,45.926,step
2026-08-31T18:37:38.639957+00:00,38.245,-0.2351,0.15,0.0,-0.0209,-0.0456,5988.47,1,22.3483,45.946,step
2026-08-31T18:37:38.641300+00:00,38.363,-0.2348,0.15,0.0,-0.0204,-0.045,6006.3,1,22.3664,45.966,step
2026-08-31T18:37:38.642757+00:00,38.481,-0.2346,0.15,0.0,-0.0198,-0.0445,6024.45,1,22.3844,45.986,step
2026-08-31T18:37:38.644086+00:00,38.599,-0.2343,0.0,0.15,-0.0193,-0.0439,6042.9,1,22.402,46.006,step
2026-08-31T18:37:38.645480+00:00,38.237,-0.2338,0.15,0.0,-0.0188,-0.0432,5851.99,1,22.4288,46.026,step
2026-08-31T18:37:38.646846+00:00,38.193,-0.2332,0.15,0.0,-0.0183,-0.0424,5984.77,1,22.459,46.046,step
2026-08-31T18:37:38.648216+00:00,38.312,-0.2328,0.15,0.0,-0.0179,-0.0417,6001.07,1,22.4812,46.066,step
2026-08-31T18:37:38.649533+00:00,38.431,-0.2325,0.15,0.0,-0.0174,-0.0412,6018.48,1,22.5014,46.086,step
2026-08-31T18:37:38.651068+00:00,38.549,-0.2321,0.15,0.0,-0.017,-0.0407,6036.08,1,22.5205,46.106,step
2026-08-31T18:37:38.652373+00:00,38.668,-0.2318,0.15,0.0,-0.0166,-0.0401,6053.94,1,22.5385,46.126,step
2026-08-31T18:37:38.653708+00:00,38.786,-0.2315,0.15,0.0,-0.0163,-0.0397,6072.13,1,22.5556,46.146,step
2026-08-31T18:37:38.655048+00:00,38.904,-0.2312,0.0,0.15,-0.0159,-0.0392,6090.63,1,22.5726,46.166,step
2026-08-31T18:37:38.656451+00:00,38.542,-0.2307,0.15,0.0,-0.0155,-0.0385,5898.33,1,22.5989,46.186,step
2026-08-31T18:37:38.657759+00:00,38.498,-0.2301,0.15,0.0,-0.0152,-0.0377,6032.45,1,22.6288,46.206,step
2026-08-31T18:37:38.659390+00:00,38.617,-0.2297,0.15,0.0,-0.0149,-0.0371,6048.77,1,22.6508,46.226,step
2026-08-31T18:37:38.660803+00:00,38.736,-0.2293,0.15,0.0,-0.0146,-0.0366,6066.22,1,22.6706,46.246,step
2026-08-31T18:37:38.662142+00:00,38.855,-0.229,0.15,0.0,-0.0143,-0.0361,6083.85,1,22.6892,46.266,step
2026-08-31T18:37:38.663490+00:00,38.974,-0.2287,0.15,0.0,-0.0141,-0.0357,6101.76,1,22.7068,46.286,step
2026-08-31T18:37:38.664826+00:00,39.092,-0.2283,0.15,0.0,-0.0139,-0.0353,6119.99,1,22.7238,46.306,step
2026-08-31T18:37:38.666146+00:00,39.211,-0.2281,0.0,0.15,-0.0136,-0.0349,6138.5,1,22.7392,46.326,step
2026-08-31T18:37:38.667786+00:00,38.849,-0.2276,0.15,0.0,-0.0134,-0.0342,5944.84,1,22.7644,46.346,step
2026-08-31T18:37:38.669111+00:00,38.803,-0.227,0.15,0.0,-0.0132,-0.0335,6080.29,1,22.7934,46.366,step
2026-08-31T18:37:38.670458+00:00,38.923,-0.2266,0.15,0.0,-0.013,-0.033,6096.63,1,22.8141,46.386,step
2026-08-31T18:37:38.671785+00:00,39.043,-0.2262,0.15,0.0,-0.0128,-0.0326,6114.11,1,22.8326,46.406,step
2026-08-31T18:37:38.673125+00:00,39.162,-0.2259,0.15,0.0,-0.0126,-0.0322,6131.78,1,22.8497,46.426,step
2026-08-31T18:37:38.674483+00:00,39.281,-0.2256,0.15,0.0,-0.0125,-0.0318,6149.73,1,22.8657,46.446,step
2026-08-31T18:37:38.675952+00:00,39.4,-0.2253,0.15,0.0,-0.0123,-0.0314,6168.0,1,22.8811,46.466,step
2026-08-31T18:37:38.677194+00:00,39.519,-0.225,0.0,0.15,-0.0122,-0.0311,6186.55,1,22.8957,46.486,step
2026-08-31T18:37:38.678520+00:00,39.156,-0.2245,0.15,0.0,-0.0121,-0.0305,5991.47,1,22.9199,46.506,step
2026-08-31T18:37:38.679845+00:00,39.111,-0.2239,0.15,0.0,-0.012,-0.0299,6128.22,1,22.9471,46.526,step
2026-08-31T18:37:38.681138+00:00,39.231,-0.2235,0.15,0.0,-0.0119,-0.0294,6144.63,1,22.9664,46.546,step
2026-08-31T18:37:38.682438+00:00,39.35,-0.2231,0.15,0.0,-0.0118,-0.0291,6162.15,1,22.9842,46.566,step
2026-08-31T18:37:38.683917+00:00,39.47,-0.2228,0.15,0.0,-0.0118,-0.0287,6179.85,1,23.0009,46.586,step
2026-08-31T18:37:38.685173+00:00,39.589,-0.2225,0.15,0.0,-0.0118,-0.0284,6197.83,1,23.0164,46.606,step
2026-08-31T18:37:38.686480+00:00,39.708,-0.2222,0.0,0.15,-0.0118,-0.0281,6216.11,1,23.0306,46.626,step
2026-08-31T18:37:38.687844+00:00,39.345,-0.2217,0.15,0.0,-0.0118,-0.0276,6020.44,1,23.0535,46.646,step
2026-08-31T18:37:38.689234+00:00,39.3,-0.2211,0.15,0.0,-0.0118,-0.027,6157.4,1,23.0803,46.666,step
2026-08-31T18:37:38.690651+00:00,39.42,-0.2207,0.15,0.0,-0.0118,-0.0266,6173.95,1,23.0986,46.686,step
2026-08-31T18:37:38.692129+00:00,39.54,-0.2203,0.15,0.0,-0.0119,-0.0263,6191.58,1,23.1145,46.706,step
2026-08-31T18:37:38.693539+00:00,39.66,-0.22,0.15,0.0,-0.0119,-0.026,6209.36,1,23.1287,46.726,step
2026-08-31T18:37:38.694905+00:00,39.779,-0.2198,0.15,0.0,-0.012,-0.0257,6227.42,1,23.1416,46.746,step
2026-08-31T18:37:38.696296+00:00,39.898,-0.2195,0.0,0.15,-0.012,-0.0255,6245.79,1,23.1541,46.766,step
2026-08-31T18:37:38.697725+00:00,39.535,-0.219,0.15,0.0,-0.0121,-0.0251,6049.17,1,23.176,46.786,step
2026-08-31T18:37:38.699039+00:00,39.49,-0.2184,0.15,0.0,-0.0122,-0.0245,6187.02,1,23.2014,46.806,step
2026-08-31T18:37:38.700449+00:00,39.61,-0.2181,0.15,0.0,-0.0123,-0.0242,6203.55,1,23.2182,46.826,step
2026-08-31T18:37:38.701909+00:00,39.73,-0.2177,0.15,0.0,-0.0124,-0.0239,6221.21,1,23.2322,46.846,step
2026-08-31T18:37:38.703203+00:00,39.85,-0.2175,0.15,0.0,-0.0125,-0.0237,6239.04,1,23.245,46.866,step
2026-08-31T18:37:38.704536+00:00,39.97,-0.2172,0.15,0.0,-0.0126,-0.0235,6257.09,1,23.2567,46.886,step
2026-08-31T18:37:38.705906+00:00,40.089,-0.2169,0.0,0.15,-0.0127,-0.0233,6275.48,1,23.2677,46.906,step
2026-08-31T18:37:38.707223+00:00,39.726,-0.2165,0.15,0.0,-0.0129,-0.0229,6078.08,1,23.2877,46.926,step
2026-08-31T18:37:38.708585+00:00,39.68,-0.2159,0.15,0.0,-0.013,-0.0225,6216.69,1,23.3109,46.946,step
2026-08-31T18:37:38.710101+00:00,39.801,-0.2156,0.15,0.0,-0.0132,-0.0222,6233.3,1,23.3258,46.966,step
2026-08-31T18:37:38.711437+00:00,39.921,-0.2153,0.15,0.0,-0.0133,-0.022,6250.98,1,23.3387,46.986,step
2026-08-31T18:37:38.712806+00:00,40.041,-0.215,0.15,0.0,-0.0135,-0.0218,6268.81,1,23.3504,47.006,step
2026-08-31T18:37:38.714206+00:00,40.161,-0.2148,0.15,0.0,-0.0137,-0.0216,6286.91,1,23.3606,47.026,step
2026-08-31T18:37:38.715565+00:00,40.281,-0.2146,0.0,0.15,-0.0139,-0.0215,6305.32,1,23.3699,47.046,step
2026-08-31T18:37:38.716902+00:00,39.917,-0.2141,0.15,0.0,-0.0141,-0.0212,6107.02,1,23.3885,47.066,step
2026-08-31T18:37:38.718425+00:00,39.871,-0.2136,0.15,0.0,-0.0143,-0.0207,6246.48,1,23.4106,47.086,step
2026-08-31T18:37:38.719794+00:00,39.992,-0.2133,0.15,0.0,-0.0145,-0.0205,6263.09,1,23.4247,47.106,step
2026-08-31T18:37:38.721111+00:00,40.112,-0.213,0.15,0.0,-0.0147,-0.0204,6280.75,1,23.4357,47.126,step
2026-08-31T18:37:38.722505+00:00,40.232,-0.2128,0.15,0.0,-0.0149,-0.0202,6298.63,1,23.4456,47.146,step
2026-08-31T18:37:38.723836+00:00,40.352,-0.2125,0.15,0.0,-0.0152,-0.0201,6316.75,1,23.4545,47.166,step
2026-08-31T18:37:38.725146+00:00,40.472,-0.2123,0.0,0.15,-0.0154,-0.02,6335.19,1,23.4623,47.186,step
2026-08-31T18:37:38.726681+00:00,40.108,-0.2119,0.15,0.0,-0.0156,-0.0197,6136.02,1,23.4796,47.206,step
2026-08-31T18:37:38.728009+00:00,40.062,-0.2114,0.15,0.0,-0.0158,-0.0194,6276.31,1,23.5032,47.226,step
2026-08-31T18:37:38.729392+00:00,40.183,-0.2111,0.15,0.0,-0.0161,-0.0192,6292.92,1,23.5214,47.246,step
2026-08-31T18:37:38.730749+00:00,40.304,-0.2109,0.15,0.0,-0.0163,-0.0191,6310.63,1,23.5398,47.266,step
2026-08-31T18:37:38.732083+00:00,40.424,-0.2107,0.15,0.0,-0.0166,-0.019,6328.53,1,23.5607,47.286,step
2026-08-31T18:37:38.733413+00:00,40.544,-0.2105,0.15,0.0,-0.0168,-0.0189,6346.67,1,23.5833,47.306,step
2026-08-31T18:37:38.735062+00:00,40.664,-0.2103,0.15,0.0,-0.0171,-0.0189,6365.1,1,23.6086,47.326,step
2026-08-31T18:37:38.736421+00:00,40.784,-0.2102,0.15,0.0,-0.0174,-0.0189,6383.84,1,23.636,47.346,step
2026-08-31T18:37:38.737845+00:00,40.904,-0.21,0.15,0.0,-0.0176,-0.0189,6402.8,1,23.667,47.366,step
2026-08-31T18:37:38.739210+00:00,41.024,-0.2099,0.15,0.0,-0.0179,-0.0188,6421.96,1,23.7017,47.386,step
2026-08-31T18:37:38.740595+00:00,41.144,-0.2097,0.0,0.15,-0.0182,-0.0188,6441.02,1,23.7407,47.406,step
2026-08-31T18:37:38.742116+00:00,40.778,-0.2094,0.15,0.0,-0.0184,-0.0186,6236.58,1,23.7949,47.426,step
2026-08-31T18:37:38.743501+00:00,40.73,-0.2089,0.15,0.0,-0.0187,-0.0183,6381.83,1,23.8579,47.446,step
2026-08-31T18:37:38.744811+00:00,40.852,-0.2086,0.15,0.0,-0.0189,-0.0181,6397.9,1,23.9157,47.466,step
2026-08-31T18:37:38.746145+00:00,40.972,-0.2084,0.15,0.0,-0.0192,-0.018,6415.44,1,23.9751,47.486,step
2026-08-31T18:37:38.747536+00:00,41.093,-0.2082,0.15,0.0,-0.0195,-0.018,6433.13,1,24.037,47.506,step
2026-08-31T18:37:38.748861+00:00,41.213,-0.2081,0.15,0.0,-0.0198,-0.018,6451.16,1,24.1014,47.526,step
2026-08-31T18:37:38.750205+00:00,41.333,-0.208,0.15,0.0,-0.0201,-0.018,6469.59,1,24.1703,47.546,step
2026-08-31T18:37:38.751778+00:00,41.453,-0.2079,0.15,0.0,-0.0203,-0.018,6488.38,1,24.243,47.566,step
2026-08-31T18:37:38.753132+00:00,41.573,-0.2078,0.15,0.0,-0.0206,-0.0181,6507.43,1,24.3212,47.586,step
2026-08-31T18:37:38.754503+00:00,41.693,-0.2076,0.15,0.0,-0.0209,-0.0181,6526.72,1,24.4051,47.606,step
2026-08-31T18:37:38.755884+00:00,41.813,-0.2075,0.15,0.0,-0.0212,-0.0181,6545.82,1,24.4953,47.626,step
2026-08-31T18:37:38.757203+00:00,41.933,-0.2074,0.15,0.0,-0.0214,-0.0181,6564.75,1,24.5925,47.646,step
2026-08-31T18:37:38.758596+00:00,42.053,-0.2073,0.15,0.0,-0.0217,-0.0182,6583.53,1,24.6956,47.666,step
2026-08-31T18:37:38.759965+00:00,42.173,-0.2072,0.15,0.0,-0.022,-0.0182,6602.27,1,24.805,47.686,step
2026-08-31T18:37:38.761309+00:00,42.293,-0.2071,0.15,0.0,-0.0222,-0.0182,6621.01,1,24.9216,47.706,step
2026-08-31T18:37:38.762678+00:00,42.413,-0.207,0.15,0.0,-0.0225,-0.0183,6639.76,1,25.0457,47.726,step
2026-08-31T18:37:38.764053+00:00,42.533,-0.2069,0.15,0.0,-0.0228,-0.0183,6658.51,1,25.1775,47.746,step
2026-08-31T18:37:38.765421+00:00,42.653,-0.2068,0.15,0.0,-0.023,-0.0183,6677.25,1,25.3173,47.766,step
2026-08-31T18:37:38.766730+00:00,42.773,-0.2067,0.15,0.0,-0.0233,-0.0184,6695.99,1,25.4656,47.786,step
2026-08-31T18:37:38.768252+00:00,42.892,-0.2066,0.15,0.0,-0.0235,-0.0184,6714.75,1,25.6231,47.806,step
2026-08-31T18:37:38.769589+00:00,43.012,-0.2065,0.15,0.0,-0.0238,-0.0184,6733.52,1,25.7899,47.826,step
2026-08-31T18:37:38.770942+00:00,43.132,-0.2065,0.15,0.0,-0.024,-0.0185,6752.28,1,25.9667,47.846,step
2026-08-31T18:37:38.772267+00:00,43.252,-0.2064,0.15,0.0,-0.0242,-0.0185,6771.01,1,26.1529,47.866,step
2026-08-31T18:37:38.773601+00:00,43.372,-0.2063,0.15,0.0,-0.0245,-0.0186,6789.76,1,26.3493,47.886,step
2026-08-31T18:37:38.774938+00:00,43.491,-0.2063,0.15,0.0,-0.0247,-0.0186,6808.5,1,26.5573,47.906,step
2026-08-31T18:37:38.776453+00:00,43.611,-0.2062,0.15,0.0,-0.0249,-0.0187,6827.23,1,26.7777,47.926,step
2026-08-31T18:37:38.777778+00:00,43.731,-0.2062,0.15,0.0,-0.0251,-0.0187,6845.94,1,27.0111,47.946,step
2026-08-31T18:37:38.779133+00:00,43.85,-0.2061,0.15,0.0,-0.0254,-0.0188,6864.64,1,27.2583,47.966,step
2026-08-31T18:37:38.780503+00:00,43.969,-0.2061,0.15,0.0,-0.0256,-0.0189,6883.33,1,27.5201,47.986,step
2026-08-31T18:37:38.781841+00:00,44.089,-0.206,0.15,0.0,-0.0258,-0.0189,6902.01,1,27.7974,48.006,step
2026-08-31T18:37:38.783214+00:00,44.208,-0.206,0.15,0.0,-0.026,-0.019,6920.67,1,28.0913,48.026,step
2026-08-31T18:37:38.784692+00:00,44.327,-0.206,0.15,0.0,-0.0262,-0.0191,6939.33,1,28.4027,48.046,step
2026-08-31T18:37:38.785991+00:00,44.447,-0.2059,0.15,0.0,-0.0264,-0.0191,6957.97,1,28.7328,48.066,step
2026-08-31T18:37:38.787264+00:00,44.566,-0.2059,0.15,0.0,-0.0266,-0.0192,6976.61,1,29.0829,48.086,step
2026-08-31T18:37:38.788492+00:00,44.685,-0.2058,0.15,0.0,-0.0268,-0.0192,6995.23,1,29.4542,48.106,step
2026-08-31T18:37:38.789748+00:00,44.804,-0.2058,0.15,0.0,-0.027,-0.0193,7013.83,1,29.8481,48.126,step
2026-08-31T18:37:38.791026+00:00,44.922,-0.2058,0.15,0.0,-0.0272,-0.0193,7032.42,1,30.2662,48.146,step
2026-08-31T18:37:38.792437+00:00,45.041,-0.2057,0.15,0.0,-0.0273,-0.0194,7051.0,1,30.7105,48.166,step
2026-08-31T18:37:38.793702+00:00,45.16,-0.2057,0.15,0.0,-0.0275,-0.0195,7069.56,1,31.1828,48.186,step
2026-08-31T18:37:38.794978+00:00,45.278,-0.2057,0.15,0.0,-0.0277,-0.0195,7088.11,1,31.6854,48.206,step
2026-08-31T18:37:38.796245+00:00,45.397,-0.2056,0.15,0.0,-0.0279,-0.0196,7106.63,1,32.2205,48.226,step
2026-08-31T18:37:38.797549+00:00,45.515,-0.2056,0.15,0.0,-0.028,-0.0196,7125.15,1,32.7904,48.246,step
2026-08-31T18:37:38.798859+00:00,45.634,-0.2056,0.15,0.0,-0.0282,-0.0197,7143.64,1,33.3984,48.266,step
2026-08-31T18:37:38.800166+00:00,45.752,-0.2056,0.15,0.0,-0.0284,-0.0197,7162.12,1,34.0475,48.286,step
2026-08-31T18:37:38.801679+00:00,45.87,-0.2056,0.15,0.0,-0.0285,-0.0198,7180.58,1,34.7412,48.306,step
2026-08-31T18:37:38.803007+00:00,45.988,-0.2056,0.15,0.0,-0.0286,-0.0199,7199.03,1,35.4836,48.326,step
2026-08-31T18:37:38.804280+00:00,46.106,-0.2055,0.15,0.0,-0.0288,-0.0199,7217.45,1,36.2794,48.346,step
2026-08-31T18:37:38.805575+00:00,46.224,-0.2055,0.15,0.0,-0.0289,-0.02,7235.86,1,37.1332,48.366,step
2026-08-31T18:37:38.806859+00:00,46.341,-0.2055,0.15,0.0,-0.0291,-0.0201,7254.25,1,38.0508,48.386,step
2026-08-31T18:37:38.808107+00:00,46.459,-0.2055,0.15,0.0,-0.0292,-0.0201,7272.61,1,39.0386,48.406,step
2026-08-31T18:37:38.809526+00:00,46.576,-0.2055,0.15,0.0,-0.0293,-0.0202,7290.96,1,40.1045,48.426,step
2026-08-31T18:37:38.810747+00:00,46.694,-0.2055,0.15,0.0,-0.0294,-0.0202,7309.29,1,41.2562,48.446,step
2026-08-31T18:37:38.812027+00:00,46.811,-0.2055,0.15,0.0,-0.0296,-0.0203,7327.57,1,42.4997,48.466,step
2026-08-31T18:37:38.813284+00:00,46.928,-0.2055,0.15,0.0,-0.0297,-0.0204,7345.89,1,43.8504,48.486,step
2026-08-31T18:37:38.814513+00:00,47.045,-0.0055,0.8,0.0,-0.0298,-0.0204,7364.16,1,45.3233,48.506,step
2026-08-31T18:37:38.815870+00:00,47.635,-0.0073,0.8,0.0,-0.0297,-0.0221,8792.89,1,46.384,48.526,step
2026-08-31T18:37:38.817320+00:00,48.434,-0.0123,0.8,0.0,-0.029,-0.0268,10069.5,1,46.5123,48.546,step
2026-08-31T18:37:38.818612+00:00,49.289,-0.0185,0.8,0.0,-0.028,-0.0325,11264.7,1,46.3221,48.566,step
2026-08-31T18:37:38.819911+00:00,50.184,-0.0251,0.8,0.0,-0.0267,-0.0385,12355.7,2,46.0879,48.586,step
2026-08-31T18:37:38.821322+00:00,51.094,-0.0318,0.8,0.0,-0.025,-0.0444,9186.06,2,45.9014,48.606,step
2026-08-31T18:37:38.822659+00:00,51.945,-0.0385,0.8,0.0,-0.023,-0.05,9192.96,2,45.8156,48.626,step
2026-08-31T18:37:38.823985+00:00,52.004,-0.0449,0.8,0.0,-0.0207,-0.0553,6010.76,2,45.8685,48.646,step
2026-08-31T18:37:38.825391+00:00,52.447,-0.0512,0.8,0.0,-0.0181,-0.0603,6431.16,2,46.0211,48.666,step
2026-08-31T18:37:38.826816+00:00,53.075,-0.0574,0.8,0.0,-0.0153,-0.0651,6556.65,2,46.278,48.686,step
2026-08-31T18:37:38.828066+00:00,53.733,-0.0635,0.8,0.0,-0.0122,-0.0696,6651.65,2,46.6412,48.706,step
2026-08-31T18:37:38.829341+00:00,54.406,-0.0696,0.8,0.0,-0.0088,-0.074,6737.4,2,47.1174,48.726,step
2026-08-31T18:37:38.830647+00:00,55.088,-0.0755,0.8,0.0,-0.0052,-0.0782,6825.22,2,47.7099,48.746,step
2026-08-31T18:37:38.831936+00:00,55.778,-0.0815,0.8,0.0,-0.0014,-0.0822,6915.11,2,48.424,48.766,step
2026-08-31T18:37:38.833335+00:00,56.476,-0.0874,0.8,0.0,0.0027,-0.086,7008.6,2,49.2672,48.786,step
2026-08-31T18:37:38.834716+00:00,57.182,-0.0932,0.8,0.0,0.0071,-0.0897,7107.71,2,50.2561,48.806,step
2026-08-31T18:37:38.835981+00:00,57.894,-0.099,0.8,0.0,0.0117,-0.0932,7213.85,2,51.4202,48.826,step
2026-08-31T18:37:38.837273+00:00,58.614,-0.1047,0.8,0.0,0.0165,-0.0964,7327.65,2,52.7933,48.846,step
2026-08-31T18:37:38.838551+00:00,59.343,-0.1103,0.8,0.0,0.0216,-0.0995,7449.16,2,54.4227,48.866,step
2026-08-31T18:37:38.839855+00:00,60.081,-0.1158,0.8,0.0,0.0269,-0.1023,7578.09,2,56.3601,48.886,step
2026-08-31T18:37:38.841121+00:00,60.829,-0.1153,0.8,0.0,0.0323,-0.0991,7714.19,2,58.681,48.906,step
2026-08-31T18:37:38.842518+00:00,61.589,-0.1129,0.8,0.0,0.0375,-0.0942,7857.04,2,61.4255,48.926,step
2026-08-31T18:37:38.843731+00:00,62.362,-0.1103,0.8,0.0,0.0426,-0.089,8006.43,2,64.6144,48.946,step
2026-08-31T18:37:38.844933+00:00,63.148,-0.1075,0.8,0.0,0.0475,-0.0838,8163.13,2,68.2994,48.966,step
2026-08-31T18:37:38.846131+00:00,63.947,-0.1045,0.8,0.0,0.0522,-0.0784,8328.89,2,72.5849,48.986,step
2026-08-31T18:37:38.847295+00:00,64.758,-0.1013,0.8,0.0,0.0567,-0.073,8506.22,2,77.6187,49.006,step
2026-08-31T18:37:38.848479+00:00,65.581,-0.098,0.8,0.0,0.061,-0.0675,8698.69,2,83.5834,49.026,step
2026-08-31T18:37:38.849644+00:00,66.415,-0.0944,0.8,0.0,0.0652,-0.0618,8910.72,2,90.7635,49.046,step
2026-08-31T18:37:38.850971+00:00,67.26,-0.0907,0.8,0.0,0.0691,-0.0561,9147.86,2,99.5919,49.066,step
2026-08-31T18:37:38.852110+00:00,68.114,-0.0866,0.8,0.0,0.0728,-0.0503,9416.82,2,110.756,49.086,step
2026-08-31T18:37:38.853316+00:00,68.977,-0.0824,0.8,0.0,0.0763,-0.0442,9697.09,2,125.384,49.106,step
2026-08-31T18:37:38.854515+00:00,69.846,-0.0778,0.8,0.0,0.0796,-0.038,9960.45,2,145.336,49.126,step
2026-08-31T18:37:38.855732+00:00,70.72,-0.073,0.8,0.0,0.0827,-0.0316,10210.1,2,174.128,49.146,step
2026-08-31T18:37:38.856956+00:00,71.597,-0.0678,0.8,0.0,0.0855,-0.025,10448.3,2,193.597,49.166,step
2026-08-31T18:37:38.858199+00:00,72.476,-0.0623,0.8,0.0,0.0881,-0.0183,10676.2,2,200.0,49.186,step
2026-08-31T18:37:38.859527+00:00,73.357,-0.0566,0.8,0.0,0.0905,-0.0113,10894.9,2,200.0,49.206,step
2026-08-31T18:37:38.860785+00:00,74.239,-0.0505,0.8,0.0,0.0926,-0.0043,11105.0,2,200.0,49.226,step
2026-08-31T18:37:38.862091+00:00,75.123,-0.0442,0.8,0.0,0.0944,0.003,11307.1,2,200.0,49.246,step
2026-08-31T18:37:38.863381+00:00,76.006,-0.0376,0.8,0.0,0.0959,0.0104,11501.5,2,200.0,49.266,step
2026-08-31T18:37:38.864652+00:00,76.891,-0.0307,0.8,0.0,0.097,0.0178,11688.7,2,200.0,49.286,step
2026-08-31T18:37:38.865895+00:00,77.775,-0.0235,0.8,0.0,0.0979,0.0254,11869.0,2,200.0,49.306,step
2026-08-31T18:37:38.867271+00:00,78.66,-0.0161,0.8,0.0,0.0984,0.0331,12042.7,2,200.0,49.326,step
2026-08-31T18:37:38.868617+00:00,79.545,-0.0085,0.8,0.0,0.0985,0.0408,12209.9,2,161.657,49.346,step
2026-08-31T18:37:38.869865+00:00,80.43,-0.0007,0.8,0.0,0.0983,0.0485,12370.9,3,135.994,49.366,step
2026-08-31T18:37:38.871102+00:00,81.293,0.0071,0.15,0.0,0.0977,0.056,9780.75,3,117.659,49.386,step
2026-08-31T18:37:38.872312+00:00,81.878,0.0136,0.15,0.0,0.0965,0.0618,9784.69,3,106.484,49.406,step
2026-08-31T18:37:38.873545+00:00,81.89,0.017,0.15,0.0,0.0946,0.0643,7496.37,3,102.251,49.426,step
2026-08-31T18:37:38.874757+00:00,81.897,0.0188,0.15,0.0,0.0918,0.0647,7519.36,3,101.33,49.446,step
2026-08-31T18:37:38.875991+00:00,81.934,0.02,0.15,0.0,0.0885,0.0642,7521.08,3,101.721,49.466,step
2026-08-31T18:37:38.877197+00:00,81.97,0.0211,0.15,0.0,0.0848,0.0635,7523.23,3,102.591,49.486,step
2026-08-31T18:37:38.878394+00:00,82.005,0.0222,0.15,0.0,0.0808,0.0626,7525.72,3,103.695,49.506,step
2026-08-31T18:37:38.879632+00:00,82.04,0.0233,0.15,0.0,0.0766,0.0616,7528.4,3,104.973,49.526,step
2026-08-31T18:37:38.880856+00:00,82.074,0.0243,0.15,0.0,0.0724,0.0605,7531.22,3,106.409,49.546,step
2026-08-31T18:37:38.882076+00:00,82.108,0.0253,0.15,0.0,0.0682,0.0594,7534.1,3,107.993,49.566,step
2026-08-31T18:37:38.883322+00:00,82.142,0.0262,0.15,0.0,0.0639,0.0582,7537.03,3,109.721,49.586,step
2026-08-31T18:37:38.884695+00:00,82.175,0.0271,0.15,0.0,0.0597,0.057,7540.04,3,111.603,49.606,step
2026-08-31T18:37:38.885891+00:00,82.208,0.028,0.15,0.0,0.0556,0.0558,7543.09,3,113.656,49.626,step
2026-08-31T18:37:38.887052+00:00,82.241,0.0287,0.15,0.0,0.0515,0.0545,7546.17,3,115.899,49.646,step
2026-08-31T18:37:38.888237+00:00,82.274,0.0294,0.15,0.0,0.0475,0.0531,7549.27,3,118.358,49.666,step
2026-08-31T18:37:38.889490+00:00,82.307,0.03,0.8,0.0,0.0436,0.0518,7552.33,3,121.016,49.686,step
2026-08-31T18:37:38.890718+00:00,82.693,0.0304,0.8,0.0,0.0398,0.0503,7941.72,3,123.992,49.706,step
2026-08-31T18:37:38.892097+00:00,83.293,0.0307,0.8,0.0,0.0361,0.0488,8029.81,3,127.495,49.726,step
2026-08-31T18:37:38.893351+00:00,83.924,0.031,0.8,0.0,0.0324,0.0471,8079.87,3,131.44,49.746,step
2026-08-31T18:37:38.894553+00:00,84.561,0.0311,0.8,0.0,0.0288,0.0455,8125.84,3,135.725,49.766,step
2026-08-31T18:37:38.895768+00:00,85.197,0.0312,0.8,0.0,0.0253,0.0439,8179.43,3,140.285,49.786,step
2026-08-31T18:37:38.896990+00:00,85.831,0.0313,0.8,0.0,0.0219,0.0423,8242.11,3,145.152,49.806,step
2026-08-31T18:37:38.898224+00:00,86.465,0.0314,0.8,0.0,0.0186,0.0406,8311.83,3,150.428,49.826,step
2026-08-31T18:37:38.899450+00:00,87.101,0.0313,0.8,0.0,0.0153,0.039,8387.56,3,156.256,49.846,step
2026-08-31T18:37:38.900788+00:00,87.743,0.0312,0.8,0.0,0.0122,0.0373,8463.51,3,162.8,49.866,step
2026-08-31T18:37:38.902053+00:00,88.393,0.031,0.8,0.0,0.0092,0.0356,8536.51,3,200.0,49.886,step
2026-08-31T18:37:38.903318+00:00,89.051,0.0307,0.8,0.0,0.0063,0.0338,8606.65,3,200.0,49.906,step
2026-08-31T18:37:38.904642+00:00,89.715,0.0303,0.8,0.0,0.0035,0.032,8675.97,3,200.0,49.926,step
2026-08-31T18:37:38.905886+00:00,90.384,0.0298,0.8,0.0,0.0008,0.0302,8744.74,3,200.0,49.946,step
2026-08-31T18:37:38.907176+00:00,91.06,0.0293,0.8,0.0,-0.0017,0.0284,8813.06,3,200.0,49.966,step
2026-08-31T18:37:38.908436+00:00,91.741,0.0287,0.8,0.0,-0.0042,0.0266,8881.58,3,200.0,49.986,step
2026-08-31T18:37:38.909894+00:00,92.427,0.0281,0.8,0.0,-0.0065,0.0248,8951.01,3,200.0,50.006,step
2026-08-31T18:37:38.911181+00:00,93.117,0.0274,0.8,0.0,-0.0087,0.0231,9021.79,3,200.0,50.026,step
2026-08-31T18:37:38.912453+00:00,93.812,0.0267,0.8,0.0,-0.0108,0.0214,9094.07,3,200.0,50.046,step
2026-08-31T18:37:38.913704+00:00,94.511,0.026,0.8,0.0,-0.0127,0.0197,9167.79,3,200.0,50.066,step
2026-08-31T18:37:38.914952+00:00,95.216,0.0252,0.15,0.0,-0.0145,0.018,9242.73,3,200.0,50.086,step
2026-08-31T18:37:38.916200+00:00,95.546,0.0245,0.15,0.0,-0.0162,0.0164,8760.99,3,198.974,50.106,step
2026-08-31T18:37:38.917633+00:00,95.555,0.0239,0.15,0.0,-0.0177,0.015,8761.93,3,197.921,50.126,step
2026-08-31T18:37:38.918877+00:00,95.567,0.0232,0.15,0.0,-0.0191,0.0137,8764.21,3,196.872,50.146,step
2026-08-31T18:37:38.920177+00:00,95.578,0.0225,0.15,0.0,-0.0203,0.0123,8765.78,3,195.815,50.166,step
2026-08-31T18:37:38.921503+00:00,95.59,0.0217,0.15,0.0,-0.0214,0.011,8766.87,3,194.76,50.186,step
2026-08-31T18:37:38.922827+00:00,95.602,0.0209,0.15,0.0,-0.0223,0.0097,8767.72,3,193.707,50.206,step
2026-08-31T18:37:38.924200+00:00,95.614,0.02,0.15,0.0,-0.0232,0.0084,8768.53,3,192.661,50.226,step
2026-08-31T18:37:38.925658+00:00,95.626,0.0191,0.15,0.0,-0.0239,0.0072,8769.39,3,191.633,50.246,step
2026-08-31T18:37:38.926959+00:00,95.638,0.0183,0.15,0.0,-0.0246,0.006,8770.36,3,190.626,50.266,step
2026-08-31T18:37:38.928284+00:00,95.65,0.0175,0.15,0.0,-0.0251,0.0049,8771.36,3,189.643,50.286,step
2026-08-31T18:37:38.929597+00:00,95.662,0.0167,0.15,0.0,-0.0255,0.0039,8772.39,3,188.683,50.306,step
2026-08-31T18:37:38.930885+00:00,95.674,0.0159,0.15,0.0,-0.0258,0.0029,8773.48,3,187.738,50.326,step
2026-08-31T18:37:38.932232+00:00,95.686,0.015,0.15,0.0,-0.0261,0.002,8774.6,3,186.806,50.346,step
2026-08-31T18:37:38.933650+00:00,95.698,0.0142,0.15,0.0,-0.0262,0.0011,8775.75,3,185.895,50.366,step
2026-08-31T18:37:38.934933+00:00,95.71,0.0135,0.15,0.0,-0.0263,0.0003,8776.89,3,185.005,50.386,step
2026-08-31T18:37:38.936156+00:00,95.722,0.0127,0.15,0.0,-0.0263,-0.0005,8778.0,3,184.139,50.406,step
2026-08-31T18:37:38.937454+00:00,95.734,0.0119,0.15,0.0,-0.0263,-0.0012,8779.08,3,183.287,50.426,step
2026-08-31T18:37:38.938733+00:00,95.746,0.0112,0.15,0.0,-0.0262,-0.0019,8780.16,3,182.444,50.446,step
2026-08-31T18:37:38.940092+00:00,95.759,0.0104,0.15,0.0,-0.026,-0.0026,8781.25,3,181.617,50.466,step
2026-08-31T18:37:38.941421+00:00,95.771,0.0097,0.15,0.0,-0.0258,-0.0032,8782.32,3,180.812,50.486,step
2026-08-31T18:37:38.942884+00:00,95.783,0.009,0.15,0.0,-0.0255,-0.0038,8783.4,3,180.02,50.506,step
2026-08-31T18:37:38.944123+00:00,95.795,0.0083,0.15,0.0,-0.0251,-0.0043,8784.49,3,179.242,50.526,step
2026-08-31T18:37:38.945404+00:00,95.807,0.0076,0.15,0.0,-0.0247,-0.0048,8785.58,3,178.485,50.546,step
2026-08-31T18:37:38.946681+00:00,95.819,0.0069,0.15,0.0,-0.0243,-0.0053,8786.67,3,177.741,50.566,step
2026-08-31T18:37:38.947915+00:00,95.831,0.0062,0.15,0.0,-0.0238,-0.0057,8787.76,3,177.011,50.586,step
2026-08-31T18:37:38.949160+00:00,95.843,0.0056,0.15,0.0,-0.0233,-0.0061,8788.85,3,176.304,50.606,step
2026-08-31T18:37:38.950597+00:00,95.854,0.0049,0.15,0.0,-0.0228,-0.0064,8789.95,3,175.61,50.626,step
2026-08-31T18:37:38.951998+00:00,95.866,0.0043,0.15,0.0,-0.0222,-0.0068,8791.03,3,174.929,50.646,step
2026-08-31T18:37:38.953261+00:00,95.878,0.0037,0.15,0.0,-0.0216,-0.007,8792.12,3,174.271,50.666,step
2026-08-31T18:37:38.954565+00:00,95.89,0.0032,0.15,0.0,-0.021,-0.0073,8793.21,3,173.629,50.686,step
2026-08-31T18:37:38.955860+00:00,95.902,0.0027,0.15,0.0,-0.0203,-0.0075,8794.28,3,173.004,50.706,step
2026-08-31T18:37:38.957178+00:00,95.914,0.0022,0.15,0.0,-0.0196,-0.0077,8795.36,3,172.391,50.726,step
2026-08-31T18:37:38.958619+00:00,95.926,0.0017,0.15,0.0,-0.0189,-0.0078,8796.44,3,171.791,50.746,step
2026-08-31T18:37:38.960084+00:00,95.938,0.0012,0.15,0.0,-0.0183,-0.0079,8797.51,3,171.202,50.766,step
2026-08-31T18:37:38.961404+00:00,95.949,0.0008,0.15,0.0,-0.0176,-0.008,8798.59,3,170.626,50.786,step
2026-08-31T18:37:38.962704+00:00,95.961,0.0004,0.15,0.0,-0.0169,-0.0081,8799.66,3,170.062,50.806,step
2026-08-31T18:37:38.963968+00:00,95.973,-0.0,0.15,0.0,-0.0162,-0.0081,8800.73,3,169.51,50.826,step
2026-08-31T18:37:38.965273+00:00,95.984,-0.0004,0.15,0.0,-0.0155,-0.0081,8801.8,3,168.969,50.846,step
2026-08-31T18:37:38.966594+00:00,95.996,-0.0007,0.15,0.0,-0.0149,-0.0082,8802.87,3,168.434,50.866,step
2026-08-31T18:37:38.967933+00:00,96.008,-0.0011,0.15,0.0,-0.0141,-0.0081,8803.93,3,167.909,50.886,step
2026-08-31T18:37:38.969184+00:00,96.019,-0.0014,0.15,0.0,-0.0134,-0.0081,8805.0,3,167.395,50.906,step
2026-08-31T18:37:38.970497+00:00,96.031,-0.0017,0.15,0.0,-0.0126,-0.008,8806.06,3,166.886,50.926,step
2026-08-31T18:37:38.971748+00:00,96.043,-0.002,0.15,0.0,-0.0118,-0.0079,8807.11,3,166.388,50.946,step
2026-08-31T18:37:38.973014+00:00,96.054,-0.0023,0.15,0.0,-0.0112,-0.0078,8808.17,3,165.901,50.966,step
2026-08-31T18:37:38.974263+00:00,96.066,-0.0025,0.15,0.0,-0.0105,-0.0077,8809.23,3,165.417,50.986,step
2026-08-31T18:37:38.975686+00:00,96.077,-0.0027,0.15,0.0,-0.0099,-0.0076,8810.28,3,164.932,51.006,step
2026-08-31T18:37:38.976962+00:00,96.089,-0.0029,0.15,0.0,-0.0092,-0.0075,8811.33,3,164.457,51.026,step
2026-08-31T18:37:38.978254+00:00,96.1,-0.003,0.15,0.0,-0.0086,-0.0073,8812.38,3,163.991,51.046,step
2026-08-31T18:37:38.979573+00:00,96.112,-0.0032,0.15,0.0,-0.008,-0.0072,8813.43,3,163.529,51.066,step
2026-08-31T18:37:38.980841+00:00,96.123,-0.0033,0.15,0.0,-0.0074,-0.007,8814.47,3,163.067,51.086,step
2026-08-31T18:37:38.982139+00:00,96.135,-0.0035,0.15,0.0,-0.0068,-0.0068,8815.51,3,162.605,51.106,step
2026-08-31T18:37:38.983478+00:00,96.146,-0.0036,0.15,0.0,-0.0061,-0.0067,8816.55,3,162.142,51.126,step
2026-08-31T18:37:38.984865+00:00,96.158,-0.0037,0.15,0.0,-0.0055,-0.0065,8817.59,3,161.687,51.146,step
2026-08-31T18:37:38.986102+00:00,96.169,-0.0038,0.15,0.0,-0.0049,-0.0063,8818.63,3,161.239,51.166,step
2026-08-31T18:37:38.987380+00:00,96.18,-0.0039,0.15,0.0,-0.0044,-0.0061,8819.66,3,160.793,51.186,step
2026-08-31T18:37:38.988669+00:00,96.192,-0.0039,0.15,0.0,-0.0039,-0.0059,8820.69,3,160.349,51.206,step
2026-08-31T18:37:38.989929+00:00,96.203,-0.0039,0.15,0.0,-0.0034,-0.0056,8821.72,3,159.904,51.226,step
2026-08-31T18:37:38.991229+00:00,96.214,-0.004,0.15,0.0,-0.0029,-0.0054,8822.75,3,159.458,51.246,step
2026-08-31T18:37:38.992719+00:00,96.225,-0.004,0.15,0.0,-0.0024,-0.0052,8823.78,3,159.012,51.266,step
2026-08-31T18:37:38.994044+00:00,96.237,-0.004,0.15,0.0,-0.002,-0.005,8824.8,3,158.565,51.286,step
2026-08-31T18:37:38.995340+00:00,96.248,-0.004,0.15,0.0,-0.0015,-0.0048,8825.82,3,158.118,51.306,step
2026-08-31T18:37:38.996614+00:00,96.259,-0.004,0.15,0.0,-0.0011,-0.0046,8826.84,3,157.669,51.326,step
2026-08-31T18:37:38.997897+00:00,96.27,-0.004,0.15,0.0,-0.0007,-0.0043,8827.85,3,157.221,51.346,step
2026-08-31T18:37:38.999220+00:00,96.281,-0.004,0.15,0.0,-0.0003,-0.0041,8828.87,3,156.772,51.366,step
2026-08-31T18:37:39.000707+00:00,96.292,-0.0039,0.15,0.0,0.0,-0.0039,8829.88,3,156.323,51.386,step
2026-08-31T18:37:39.001985+00:00,96.303,-0.0039,0.15,0.0,0.0003,-0.0037,8830.9,3,155.873,51.406,step
2026-08-31T18:37:39.003239+00:00,96.314,-0.0038,0.15,0.0,0.0007,-0.0035,8831.91,3,155.423,51.426,step
2026-08-31T18:37:39.004540+00:00,96.326,-0.0038,0.15,0.0,0.001,-0.0033,8832.91,3,154.971,51.446,step
2026-08-31T18:37:39.005873+00:00,96.337,-0.0037,0.15,0.0,0.0013,-0.0031,8833.92,3,154.519,51.466,step
2026-08-31T18:37:39.007140+00:00,96.348,-0.0036,0.15,0.0,0.0016,-0.0028,8834.93,3,154.066,51.486,step
2026-08-31T18:37:39.008379+00:00,96.359,-0.0035,0.15,0.0,0.0018,-0.0026,8835.93,3,153.614,51.506,step
2026-08-31T18:37:39.009826+00:00,96.37,-0.0034,0.15,0.0,0.002,-0.0024,8836.93,3,153.161,51.526,step
2026-08-31T18:37:39.011095+00:00,96.381,-0.0033,0.15,0.0,0.0022,-0.0022,8837.93,3,152.7,51.546,step
2026-08-31T18:37:39.012340+00:00,96.391,-0.0032,0.15,0.0,0.0024,-0.002,8838.92,3,152.229,51.566,step
2026-08-31T18:37:39.013595+00:00,96.402,-0.0031,0.15,0.0,0.0025,-0.0019,8839.92,3,151.757,51.586,step
2026-08-31T18:37:39.014870+00:00,96.413,-0.0031,0.15,0.0,0.0027,-0.0017,8840.91,3,151.283,51.606,step
2026-08-31T18:37:39.016164+00:00,96.424,-0.003,0.15,0.0,0.0029,-0.0015,8841.9,3,150.809,51.626,step
2026-08-31T18:37:39.017548+00:00,96.435,-0.0029,0.15,0.0,0.003,-0.0014,8842.89,3,150.334,51.646,step
2026-08-31T18:37:39.018817+00:00,96.446,-0.0028,0.15,0.0,0.0032,-0.0012,8843.88,3,149.859,51.666,step
2026-08-31T18:37:39.020073+00:00,96.457,-0.0027,0.15,0.0,0.0033,-0.001,8844.87,3,149.385,51.686,step
2026-08-31T18:37:39.021342+00:00,96.467,-0.0025,0.15,0.0,0.0033,-0.0009,8845.85,3,148.91,51.706,step
2026-08-31T18:37:39.022559+00:00,96.478,-0.0024,0.15,0.0,0.0034,-0.0007,8846.83,3,148.435,51.726,step
2026-08-31T18:37:39.023838+00:00,96.489,-0.0023,0.15,0.0,0.0034,-0.0006,8847.81,3,147.951,51.746,step
2026-08-31T18:37:39.025290+00:00,96.5,-0.0022,0.15,0.0,0.0035,-0.0004,8848.79,3,147.46,51.766,step
2026-08-31T18:37:39.026604+00:00,96.51,-0.0021,0.15,0.0,0.0035,-0.0003,8849.77,3,146.965,51.786,step
2026-08-31T18:37:39.027851+00:00,96.521,-0.002,0.15,0.0,0.0035,-0.0002,8850.74,3,146.468,51.806,step
2026-08-31T18:37:39.029149+00:00,96.532,-0.0019,0.15,0.0,0.0035,-0.0001,8851.72,3,145.971,51.826,step
2026-08-31T18:37:39.030442+00:00,96.543,-0.0017,0.15,0.0,0.0035,0.0,8852.69,3,145.474,51.846,step
2026-08-31T18:37:39.031752+00:00,96.553,-0.0016,0.15,0.0,0.0036,0.0001,8853.66,3,144.975,51.866,step
2026-08-31T18:37:39.033148+00:00,96.564,-0.0015,0.15,0.0,0.0036,0.0002,8854.63,3,144.477,51.886,step
2026-08-31T18:37:39.034587+00:00,96.574,-0.0014,0.15,0.0,0.0036,0.0004,8855.59,3,143.978,51.906,step
2026-08-31T18:37:39.035874+00:00,96.585,-0.0013,0.15,0.0,0.0036,0.0004,8856.55,3,143.472,51.926,step
2026-08-31T18:37:39.037107+00:00,96.595,-0.0013,0.15,0.0,0.0035,0.0005,8857.52,3,142.958,51.946,step
2026-08-31T18:37:39.038385+00:00,96.606,-0.0012,0.15,0.0,0.0035,0.0006,8858.47,3,142.443,51.966,step
2026-08-31T18:37:39.039602+00:00,96.616,-0.0011,0.15,0.0,0.0035,0.0006,8859.43,3,141.928,51.986,step
2026-08-31T18:37:39.040900+00:00,96.627,-0.001,0.15,0.0,0.0035,0.0007,8860.39,3,141.411,52.006,step
2026-08-31T18:37:39.042385+00:00,96.637,-0.001,0.15,0.0,0.0035,0.0008,8861.34,3,140.895,52.026,step
2026-08-31T18:37:39.043632+00:00,96.648,-0.0009,0.15,0.0,0.0034,0.0008,8862.3,3,140.378,52.046,step
2026-08-31T18:37:39.044904+00:00,96.658,-0.0008,0.15,0.0,0.0034,0.0009,8863.25,3,139.862,52.066,step
2026-08-31T18:37:39.046192+00:00,96.669,-0.0007,0.15,0.0,0.0034,0.001,8864.2,3,139.345,52.086,step
2026-08-31T18:37:39.047568+00:00,96.679,-0.0006,0.15,0.0,0.0033,0.001,8865.14,3,138.828,52.106,step
2026-08-31T18:37:39.048863+00:00,96.689,-0.0006,0.15,0.0,0.0033,0.0011,8866.09,3,138.31,52.126,step
2026-08-31T18:37:39.050180+00:00,96.7,-0.0005,0.15,0.0,0.0032,0.0011,8867.03,3,137.793,52.146,step
2026-08-31T18:37:39.051585+00:00,96.71,-0.0004,0.15,0.0,0.0032,0.0012,8867.97,3,137.268,52.166,step
2026-08-31T18:37:39.052838+00:00,96.72,-0.0004,0.15,0.0,0.0031,0.0012,8868.92,3,136.735,52.186,step
2026-08-31T18:37:39.054078+00:00,96.731,-0.0003,0.15,0.0,0.003,0.0012,8869.85,3,136.199,52.206,step
2026-08-31T18:37:39.055342+00:00,96.741,-0.0003,0.15,0.0,0.003,0.0012,8870.79,3,135.662,52.226,step
2026-08-31T18:37:39.056554+00:00,96.751,-0.0002,0.15,0.0,0.0029,0.0012,8871.73,3,135.124,52.246,step
2026-08-31T18:37:39.057846+00:00,96.761,-0.0002,0.15,0.0,0.0028,0.0012,8872.66,3,134.586,52.266,step
2026-08-31T18:37:39.059262+00:00,96.772,-0.0002,0.15,0.0,0.0028,0.0012,8873.59,3,134.048,52.286,step
2026-08-31T18:37:39.060502+00:00,96.782,-0.0001,0.15,0.0,0.0027,0.0012,8874.52,3,133.51,52.306,step
2026-08-31T18:37:39.061744+00:00,96.792,-0.0001,0.15,0.0,0.0026,0.0012,8875.45,3,132.971,52.326,step
2026-08-31T18:37:39.062991+00:00,96.802,-0.0,0.15,0.0,0.0025,0.0012,8876.37,3,132.433,52.346,step
2026-08-31T18:37:39.064235+00:00,96.812,-0.0,0.15,0.0,0.0024,0.0012,8877.29,3,131.895,52.366,step
2026-08-31T18:37:39.065566+00:00,96.822,0.0,0.15,0.0,0.0023,0.0012,8878.22,3,131.357,52.386,step
2026-08-31T18:37:39.066966+00:00,96.832,0.0001,0.15,0.0,0.0022,0.0012,8879.14,3,130.819,52.406,step
2026-08-31T18:37:39.068279+00:00,96.843,0.0001,0.15,0.0,0.0021,0.0012,8880.06,3,130.281,52.426,step
2026-08-31T18:37:39.069526+00:00,96.853,0.0002,0.15,0.0,0.002,0.0012,8880.97,3,129.742,52.446,step
2026-08-31T18:37:39.070799+00:00,96.863,0.0002,0.15,0.0,0.0019,0.0012,8881.89,3,129.204,52.466,step
2026-08-31T18:37:39.072035+00:00,96.873,0.0003,0.15,0.0,0.0018,0.0012,8882.8,3,128.666,52.486,step
2026-08-31T18:37:39.073315+00:00,96.883,0.0004,0.15,0.0,0.0017,0.0012,8883.71,3,128.128,52.506,step
2026-08-31T18:37:39.074565+00:00,96.893,0.0004,0.15,0.0,0.0016,0.0012,8884.62,3,127.59,52.526,step
2026-08-31T18:37:39.075963+00:00,96.903,0.0005,0.15,0.0,0.0015,0.0012,8885.53,3,127.052,52.546,step
2026-08-31T18:37:39.077252+00:00,96.912,0.0005,0.15,0.0,0.0013,0.0012,8886.43,3,126.514,52.566,step
2026-08-31T18:37:39.078509+00:00,96.922,0.0006,0.15,0.0,0.0012,0.0012,8887.34,3,125.969,52.586,step
2026-08-31T18:37:39.079764+00:00,96.932,0.0006,0.15,0.0,0.0011,0.0011,8888.24,3,125.417,52.606,step
2026-08-31T18:37:39.080999+00:00,96.942,0.0006,0.15,0.0,0.001,0.0011,8889.14,3,124.862,52.626,step
2026-08-31T18:37:39.082289+00:00,96.952,0.0006,0.15,0.0,0.0008,0.001,8890.04,3,124.306,52.646,step
2026-08-31T18:37:39.083658+00:00,96.962,0.0006,0.15,0.0,0.0007,0.001,8890.94,3,123.75,52.666,step
2026-08-31T18:37:39.084961+00:00,96.972,0.0006,0.15,0.0,0.0007,0.0009,8891.83,3,123.192,52.686,step
2026-08-31T18:37:39.086174+00:00,96.982,0.0005,0.15,0.0,0.0006,0.0008,8892.73,3,122.634,52.706,step
2026-08-31T18:37:39.087439+00:00,96.991,0.0005,0.15,0.0,0.0006,0.0008,8893.62,3,122.077,52.726,step
2026-08-31T18:37:39.088641+00:00,97.001,0.0005,0.15,0.0,0.0005,0.0007,8894.51,3,121.526,52.746,step
2026-08-31T18:37:39.089852+00:00,97.011,0.0005,0.15,0.0,0.0005,0.0007,8895.4,3,120.982,52.766,step
2026-08-31T18:37:39.091164+00:00,97.021,0.0005,0.15,0.0,0.0004,0.0007,8896.28,3,120.441,52.786,step
2026-08-31T18:37:39.092573+00:00,97.03,0.0005,0.0,0.15,0.0004,0.0007,8897.17,3,119.901,52.806,step
2026-08-31T18:37:39.093809+00:00,96.654,0.0006,0.0,0.15,0.0003,0.0007,8714.13,3,119.362,52.826,step
2026-08-31T18:37:39.095057+00:00,96.077,0.0006,0.0,0.15,0.0003,0.0007,8658.46,3,118.831,52.846,step
2026-08-31T18:37:39.096299+00:00,95.5,0.0006,0.0,0.15,0.0002,0.0007,8604.21,3,118.304,52.866,step
2026-08-31T18:37:39.097537+00:00,94.925,0.0007,0.0,0.15,0.0001,0.0008,8551.85,3,117.781,52.886,step
2026-08-31T18:37:39.098815+00:00,94.353,0.0007,0.0,0.15,0.0001,0.0008,8500.81,3,117.26,52.906,step
2026-08-31T18:37:39.100125+00:00,93.783,0.0008,0.0,0.15,0.0,0.0008,8450.48,3,116.743,52.926,step
2026-08-31T18:37:39.101541+00:00,93.216,0.0008,0.0,0.15,-0.0,0.0008,8400.44,3,116.228,52.946,step
2026-08-31T18:37:39.102753+00:00,92.651,0.0009,0.0,0.15,-0.0001,0.0008,8350.48,3,115.716,52.966,step
2026-08-31T18:37:39.103995+00:00,92.089,0.0009,0.0,0.15,-0.0001,0.0008,8300.52,3,115.207,52.986,step
2026-08-31T18:37:39.105275+00:00,91.528,0.001,0.15,0.0,-0.0002,0.0009,8250.58,3,114.7,53.006,step
2026-08-31T18:37:39.106565+00:00,91.356,0.001,0.15,0.0,-0.0002,0.0009,8382.05,3,114.19,53.026,step
2026-08-31T18:37:39.107869+00:00,91.377,0.001,0.15,0.0,-0.0003,0.0008,8382.46,3,113.672,53.046,step
2026-08-31T18:37:39.109160+00:00,91.397,0.0009,0.15,0.0,-0.0003,0.0008,8382.99,3,113.149,53.066,step
2026-08-31T18:37:39.110427+00:00,91.418,0.0009,0.15,0.0,-0.0004,0.0007,8384.06,3,112.626,53.086,step
2026-08-31T18:37:39.111666+00:00,91.438,0.0009,0.15,0.0,-0.0005,0.0006,8385.66,3,112.103,53.106,step
2026-08-31T18:37:39.112957+00:00,91.458,0.0008,0.15,0.0,-0.0005,0.0006,8387.64,3,111.579,53.126,step
2026-08-31T18:37:39.114258+00:00,91.477,0.0008,0.15,0.0,-0.0005,0.0005,8389.96,3,111.055,53.146,step
2026-08-31T18:37:39.115539+00:00,91.497,0.0008,0.15,0.0,-0.0006,0.0005,8392.25,3,110.531,53.166,step
2026-08-31T18:37:39.116809+00:00,91.517,0.0007,0.15,0.0,-0.0006,0.0004,8394.32,3,110.007,53.186,step
2026-08-31T18:37:39.118373+00:00,91.537,0.0007,0.15,0.0,-0.0007,0.0003,8396.21,3,109.483,53.206,step
2026-08-31T18:37:39.119645+00:00,91.557,0.0006,0.15,0.0,-0.0007,0.0003,8397.99,3,108.959,53.226,step
2026-08-31T18:37:39.120928+00:00,91.576,0.0006,0.15,0.0,-0.0007,0.0002,8399.71,3,108.434,53.246,step
2026-08-31T18:37:39.122182+00:00,91.596,0.0005,0.15,0.0,-0.0007,0.0002,8401.43,3,107.91,53.266,step
2026-08-31T18:37:39.123442+00:00,91.616,0.0005,0.15,0.0,-0.0007,0.0001,8403.56,3,107.386,53.286,step
2026-08-31T18:37:39.124672+00:00,91.636,0.0004,0.15,0.0,-0.0008,0.0001,8405.41,3,106.867,53.306,step
2026-08-31T18:37:39.126057+00:00,91.656,0.0004,0.15,0.0,-0.0008,0.0001,8407.01,3,106.353,53.326,step
2026-08-31T18:37:39.127306+00:00,91.675,0.0004,0.15,0.0,-0.0008,0.0,8408.69,3,105.842,53.346,step
2026-08-31T18:37:39.128583+00:00,91.695,0.0004,0.15,0.0,-0.0008,0.0,8410.38,3,105.333,53.366,step
2026-08-31T18:37:39.129858+00:00,91.715,0.0004,0.15,0.0,-0.0008,0.0,8412.1,3,104.823,53.386,step
2026-08-31T18:37:39.131093+00:00,91.734,0.0004,0.15,0.0,-0.0008,0.0,8413.86,3,104.314,53.406,step
2026-08-31T18:37:39.132313+00:00,91.754,0.0004,0.15,0.0,-0.0008,0.0,8415.65,3,103.804,53.426,step
2026-08-31T18:37:39.133512+00:00,91.774,0.0004,0.15,0.0,-0.0008,0.0,8417.46,3,103.294,53.446,step
2026-08-31T18:37:39.134903+00:00,91.793,0.0004,0.15,0.0,-0.0008,0.0,8419.28,3,102.784,53.466,step
2026-08-31T18:37:39.136133+00:00,91.812,0.0004,0.15,0.0,-0.0008,0.0,8421.1,3,102.274,53.486,step
2026-08-31T18:37:39.137406+00:00,91.832,0.0004,0.15,0.0,-0.0008,0.0,8422.94,3,101.764,53.506,step
2026-08-31T18:37:39.138663+00:00,91.852,0.0004,0.15,0.0,-0.0008,0.0,8424.77,3,101.254,53.526,step
2026-08-31T18:37:39.139898+00:00,91.872,0.0005,0.15,0.0,-0.0008,0.0,8426.57,3,100.744,53.546,step
2026-08-31T18:37:39.141131+00:00,91.891,0.0005,0.15,0.0,-0.0008,0.0,8428.34,3,100.234,53.566,step
2026-08-31T18:37:39.142415+00:00,91.911,0.0005,0.15,0.0,-0.0008,0.0,8430.11,3,99.7233,53.586,step
2026-08-31T18:37:39.143602+00:00,91.93,0.0005,0.15,0.0,-0.0008,0.0,8432.84,3,99.2123,53.606,step
2026-08-31T18:37:39.144799+00:00,91.95,0.0005,0.15,0.0,-0.0008,0.0,8434.24,3,98.7013,53.626,step
2026-08-31T18:37:39.146041+00:00,91.97,0.0005,0.15,0.0,-0.0008,0.0,8435.79,3,98.1903,53.646,step
2026-08-31T18:37:39.147299+00:00,91.99,0.0005,0.15,0.0,-0.0008,0.0,8437.39,3,97.6793,53.666,step
2026-08-31T18:37:39.148561+00:00,92.009,0.0005,0.0,0.15,-0.0008,0.0,8439.01,3,97.1683,53.686,step
2026-08-31T18:37:39.149884+00:00,91.643,0.0004,0.15,0.0,-0.0008,0.0,8266.64,3,96.6535,53.706,step
2026-08-31T18:37:39.151191+00:00,91.469,0.0004,0.15,0.0,-0.0008,0.0,8391.55,3,96.139,53.726,step
2026-08-31T18:37:39.152442+00:00,91.489,0.0004,0.15,0.0,-0.0008,-0.0,8392.45,3,95.6286,53.746,step
2026-08-31T18:37:39.153700+00:00,91.51,0.0004,0.15,0.0,-0.0008,-0.0,8393.87,3,95.1193,53.766,step
2026-08-31T18:37:39.154948+00:00,91.53,0.0004,0.15,0.0,-0.0008,-0.0,8395.37,3,94.6105,53.786,step
2026-08-31T18:37:39.156260+00:00,91.551,0.0004,0.15,0.0,-0.0008,-0.0,8397.0,3,94.1019,53.806,step
2026-08-31T18:37:39.157506+00:00,91.571,0.0004,0.15,0.0,-0.0008,-0.0,8398.77,3,93.5934,53.826,step
2026-08-31T18:37:39.158898+00:00,91.592,0.0004,0.15,0.0,-0.0008,-0.0,8400.66,3,93.0849,53.846,step
2026-08-31T18:37:39.160183+00:00,91.612,0.0004,0.15,0.0,-0.0009,-0.0,8402.64,3,92.5762,53.866,step
2026-08-31T18:37:39.161393+00:00,91.633,0.0004,0.15,0.0,-0.0008,-0.0,8404.65,3,92.067,53.886,step
2026-08-31T18:37:39.162638+00:00,91.653,0.0004,0.15,0.0,-0.0008,-0.0,8407.29,3,91.5577,53.906,step
2026-08-31T18:37:39.163849+00:00,91.673,0.0004,0.15,0.0,-0.0008,-0.0,8408.97,3,91.0485,53.926,step
2026-08-31T18:37:39.165061+00:00,91.694,0.0004,0.15,0.0,-0.0008,-0.0,8410.59,3,90.5391,53.946,step
2026-08-31T18:37:39.166241+00:00,91.714,0.0004,0.15,0.0,-0.0008,-0.0,8412.3,3,90.0298,53.966,step
2026-08-31T18:37:39.167737+00:00,91.735,0.0004,0.15,0.0,-0.0008,-0.0,8414.02,3,89.5205,53.986,step
2026-08-31T18:37:39.168932+00:00,91.755,0.0004,0.15,0.0,-0.0008,-0.0,8415.77,3,89.011,54.006,step
2026-08-31T18:37:39.170161+00:00,91.775,0.0004,0.15,0.0,-0.0008,-0.0,8417.55,3,88.5008,54.026,step
2026-08-31T18:37:39.171366+00:00,91.795,0.0004,0.15,0.0,-0.0008,-0.0,8419.37,3,87.9907,54.046,step
2026-08-31T18:37:39.172543+00:00,91.816,0.0004,0.15,0.0,-0.0008,-0.0,8421.22,3,87.4806,54.066,step
2026-08-31T18:37:39.173732+00:00,91.836,0.0004,0.15,0.0,-0.0008,-0.0,8423.1,3,86.9705,54.086,step
2026-08-31T18:37:39.174984+00:00,91.856,0.0004,0.15,0.0,-0.0008,-0.0,8425.0,3,86.4603,54.106,step
2026-08-31T18:37:39.176373+00:00,91.876,0.0004,0.15,0.0,-0.0008,-0.0,8426.88,3,85.9502,54.126,step
2026-08-31T18:37:39.177692+00:00,91.896,0.0004,0.15,0.0,-0.0008,-0.0,8428.74,3,85.44,54.146,step
2026-08-31T18:37:39.178930+00:00,91.916,0.0004,0.15,0.0,-0.0008,-0.0,8430.58,3,84.9291,54.166,step
2026-08-31T18:37:39.180138+00:00,91.936,0.0004,0.15,0.0,-0.0008,-0.0,8432.4,3,84.4181,54.186,step
2026-08-31T18:37:39.181431+00:00,91.956,0.0004,0.15,0.0,-0.0008,-0.0,8434.38,3,83.9072,54.206,step
2026-08-31T18:37:39.182644+00:00,91.976,0.0004,0.15,0.0,-0.0008,-0.0,8436.38,3,83.3963,54.226,step
2026-08-31T18:37:39.184016+00:00,91.996,0.0004,0.15,0.0,-0.0008,-0.0,8438.05,3,82.8854,54.246,step
2026-08-31T18:37:39.185298+00:00,92.016,0.0004,0.0,0.15,-0.0008,-0.0,8439.79,3,82.3745,54.266,step
2026-08-31T18:37:39.186483+00:00,91.651,0.0004,0.15,0.0,-0.0008,0.0,8266.85,3,81.867,54.286,step
2026-08-31T18:37:39.187733+00:00,91.477,0.0004,0.15,0.0,-0.0008,0.0,8392.37,3,81.3632,54.306,step
2026-08-31T18:37:39.189027+00:00,91.498,0.0004,0.15,0.0,-0.0008,0.0,8393.26,3,80.856,54.326,step
2026-08-31T18:37:39.190286+00:00,91.519,0.0004,0.15,0.0,-0.0008,0.0,8394.69,3,80.3479,54.346,step
2026-08-31T18:37:39.191538+00:00,91.54,0.0004,0.15,0.0,-0.0008,0.0,8396.19,3,79.8396,54.366,step
2026-08-31T18:37:39.193030+00:00,91.56,0.0004,0.15,0.0,-0.0008,0.0,8397.8,3,79.331,54.386,step
2026-08-31T18:37:39.194248+00:00,91.581,0.0004,0.15,0.0,-0.0008,0.0,8399.57,3,78.8225,54.406,step
2026-08-31T18:37:39.195475+00:00,91.602,0.0005,0.15,0.0,-0.0008,0.0,8401.47,3,78.3138,54.426,step
2026-08-31T18:37:39.196691+00:00,91.622,0.0005,0.15,0.0,-0.0008,0.0,8403.48,3,77.8049,54.446,step
2026-08-31T18:37:39.197888+00:00,91.643,0.0004,0.15,0.0,-0.0008,0.0,8405.55,3,77.2954,54.466,step
2026-08-31T18:37:39.199103+00:00,91.664,0.0004,0.15,0.0,-0.0008,0.0,8407.53,3,76.786,54.486,step
2026-08-31T18:37:39.200496+00:00,91.684,0.0004,0.15,0.0,-0.0008,0.0,8409.45,3,76.2765,54.506,step
2026-08-31T18:37:39.201871+00:00,91.705,0.0004,0.15,0.0,-0.0008,0.0,8411.45,3,75.7672,54.526,step
2026-08-31T18:37:39.203051+00:00,91.725,0.0004,0.15,0.0,-0.0008,0.0,8413.25,3,75.2577,54.546,step
2026-08-31T18:37:39.204255+00:00,91.746,0.0005,0.15,0.0,-0.0008,0.0,8415.06,3,74.7484,54.566,step
2026-08-31T18:37:39.205469+00:00,91.766,0.0005,0.15,0.0,-0.0008,0.0,8416.88,3,74.2387,54.586,step
2026-08-31T18:37:39.206676+00:00,91.787,0.0005,0.15,0.0,-0.0008,0.0,8418.71,3,73.7286,54.606,step
2026-08-31T18:37:39.208118+00:00,91.807,0.0005,0.15,0.0,-0.0008,0.0,8420.54,3,73.2184,54.626,step
2026-08-31T18:37:39.209391+00:00,91.827,0.0004,0.15,0.0,-0.0008,0.0,8422.38,3,72.7083,54.646,step
2026-08-31T18:37:39.210561+00:00,91.848,0.0005,0.15,0.0,-0.0008,0.0,8424.24,3,72.198,54.666,step
2026-08-31T18:37:39.211792+00:00,91.868,0.0005,0.15,0.0,-0.0008,0.0,8426.09,3,71.6879,54.686,step
2026-08-31T18:37:39.212995+00:00,91.888,0.0005,0.15,0.0,-0.0009,0.0,8427.96,3,71.1777,54.706,step
2026-08-31T18:37:39.214222+00:00,91.908,0.0005,0.15,0.0,-0.0009,0.0,8429.81,3,70.6673,54.726,step
2026-08-31T18:37:39.215504+00:00,91.928,0.0005,0.15,0.0,-0.0009,0.0,8431.65,3,70.1564,54.746,step
2026-08-31T18:37:39.216977+00:00,91.948,0.0005,0.15,0.0,-0.0009,0.0,8433.48,3,69.6454,54.766,step
2026-08-31T18:37:39.218203+00:00,91.969,0.0005,0.15,0.0,-0.0009,0.0,8435.31,3,69.1344,54.786,step
2026-08-31T18:37:39.219457+00:00,91.989,0.0005,0.15,0.0,-0.0009,0.0,8437.14,3,68.6234,54.806,step
2026-08-31T18:37:39.220674+00:00,92.009,0.0005,0.0,0.15,-0.0009,0.0,8438.87,3,68.1124,54.826,step
2026-08-31T18:37:39.221850+00:00,91.643,0.0005,0.15,0.0,-0.0009,0.0001,8266.4,3,67.6044,54.846,step
2026-08-31T18:37:39.223020+00:00,91.469,0.0005,0.15,0.0,-0.0009,0.0001,8391.63,3,67.1002,54.866,step
2026-08-31T18:37:39.224251+00:00,91.49,0.0005,0.15,0.0,-0.0009,0.0001,8392.56,3,66.5893,54.886,step
2026-08-31T18:37:39.225571+00:00,91.511,0.0005,0.15,0.0,-0.0009,0.0,8393.99,3,66.0773,54.906,step
2026-08-31T18:37:39.226841+00:00,91.532,0.0005,0.15,0.0,-0.0009,0.0,8395.52,3,65.5675,54.926,step
2026-08-31T18:37:39.228007+00:00,91.552,0.0005,0.15,0.0,-0.0009,0.0,8397.15,3,65.0583,54.946,step
2026-08-31T18:37:39.229184+00:00,91.573,0.0005,0.15,0.0,-0.0009,0.0,8398.91,3,64.5496,54.966,step
2026-08-31T18:37:39.230357+00:00,91.594,0.0005,0.15,0.0,-0.0009,0.0,8400.79,3,64.0409,54.986,step
2026-08-31T18:37:39.231513+00:00,91.615,0.0005,0.15,0.0,-0.0009,0.0,8402.76,3,63.5322,55.006,step
2026-08-31T18:37:39.232751+00:00,91.635,0.0005,0.15,0.0,-0.0009,0.0,8404.79,3,63.0228,55.026,step
2026-08-31T18:37:39.234196+00:00,91.656,0.0005,0.15,0.0,-0.0009,0.0,8406.75,3,62.5134,55.046,step
2026-08-31T18:37:39.235486+00:00,91.676,0.0005,0.15,0.0,-0.0009,0.0,8408.64,3,62.004,55.066,step
2026-08-31T18:37:39.236684+00:00,91.696,0.0005,0.15,0.0,-0.0009,0.0,8410.51,3,61.4947,55.086,step
2026-08-31T18:37:39.237871+00:00,91.717,0.0005,0.15,0.0,-0.0009,0.0,8412.36,3,60.9853,55.106,step
2026-08-31T18:37:39.239048+00:00,91.737,0.0005,0.15,0.0,-0.0009,0.0,8414.17,3,60.4759,55.126,step
2026-08-31T18:37:39.240231+00:00,91.757,0.0005,0.15,0.0,-0.0009,0.0,8415.7,3,59.9666,55.146,step
2026-08-31T18:37:39.241594+00:00,91.777,0.0005,0.0,0.15,-0.0009,0.0,8417.56,3,59.4564,55.166,step
2026-08-31T18:37:39.242869+00:00,91.412,0.0005,0.0,0.15,-0.0009,0.0,8245.81,3,58.9453,55.186,step
2026-08-31T18:37:39.244065+00:00,90.854,0.0004,0.0,0.15,-0.0009,-0.0,8192.05,3,58.4328,55.206,step
2026-08-31T18:37:39.245282+00:00,90.296,0.0004,0.0,0.15,-0.0009,-0.0001,8139.58,3,57.9218,55.226,step
2026-08-31T18:37:39.246508+00:00,89.741,0.0003,0.0,0.15,-0.0009,-0.0002,8088.93,3,57.4131,55.246,step
2026-08-31T18:37:39.247766+00:00,89.188,0.0002,0.0,0.15,-0.0009,-0.0002,8039.53,3,56.9075,55.266,step
2026-08-31T18:37:39.248975+00:00,88.638,0.0002,0.0,0.15,-0.0009,-0.0003,7990.8,3,56.405,55.286,step
2026-08-31T18:37:39.250186+00:00,88.09,0.0001,0.0,0.15,-0.0009,-0.0004,7942.35,3,55.9059,55.306,step
2026-08-31T18:37:39.251529+00:00,87.543,0.0,0.0,0.15,-0.0009,-0.0004,7893.95,3,55.41,55.326,step
2026-08-31T18:37:39.252757+00:00,86.998,-0.0,0.0,0.15,-0.0009,-0.0005,7845.52,3,54.9174,55.346,step
2026-08-31T18:37:39.253943+00:00,86.455,-0.0001,0.0,0.15,-0.0008,-0.0005,7797.16,3,54.4283,55.366,step
2026-08-31T18:37:39.255150+00:00,85.915,-0.0002,0.0,0.15,-0.0008,-0.0006,7748.83,3,53.9423,55.386,step
2026-08-31T18:37:39.256331+00:00,85.376,-0.0003,0.0,0.15,-0.0008,-0.0006,7700.56,3,53.4596,55.406,step
2026-08-31T18:37:39.257530+00:00,84.839,-0.0003,0.0,0.15,-0.0007,-0.0007,7652.38,3,52.9803,55.426,step
2026-08-31T18:37:39.258866+00:00,84.303,-0.0004,0.0,0.15,-0.0007,-0.0008,7604.77,3,52.5041,55.446,step
2026-08-31T18:37:39.260065+00:00,83.768,-0.0005,0.0,0.15,-0.0006,-0.0008,7557.65,3,52.0313,55.466,step
2026-08-31T18:37:39.261267+00:00,83.235,-0.0006,0.0,0.15,-0.0006,-0.0009,7509.45,3,51.5616,55.486,step
2026-08-31T18:37:39.262508+00:00,82.704,-0.0006,0.0,0.15,-0.0005,-0.0009,7461.39,3,51.0976,55.506,step
2026-08-31T18:37:39.263715+00:00,82.175,-0.0006,0.0,0.15,-0.0005,-0.0009,7413.66,3,50.6396,55.526,step
2026-08-31T18:37:39.264962+00:00,81.647,-0.0007,0.0,0.15,-0.0004,-0.0009,7366.24,3,50.1855,55.546,step
2026-08-31T18:37:39.266144+00:00,81.12,-0.0007,0.0,0.15,-0.0004,-0.0009,7319.04,3,49.7349,55.566,step
2026-08-31T18:37:39.267610+00:00,80.596,-0.0007,0.0,0.15,-0.0003,-0.0009,7272.05,3,49.2875,55.586,step
2026-08-31T18:37:39.268794+00:00,80.073,-0.0007,0.0,0.15,-0.0003,-0.0008,7225.2,3,48.8431,55.606,step
2026-08-31T18:37:39.270007+00:00,79.551,-0.0007,0.0,0.15,-0.0002,-0.0008,7178.48,2,48.4017,55.626,step
2026-08-31T18:37:39.271227+00:00,79.049,-0.0007,0.0,0.15,-0.0002,-0.0008,9023.95,2,47.964,55.646,step
2026-08-31T18:37:39.272408+00:00,78.56,-0.0007,0.0,0.15,-0.0001,-0.0008,9002.7,2,47.5308,55.666,step
2026-08-31T18:37:39.273569+00:00,78.054,-0.0007,0.0,0.15,-0.0001,-0.0007,8845.58,2,47.1019,55.686,step
2026-08-31T18:37:39.274833+00:00,77.479,-0.0006,0.0,0.15,-0.0,-0.0006,8776.53,2,46.6812,55.706,step
2026-08-31T18:37:39.276128+00:00,76.904,-0.0005,0.0,0.15,0.0,-0.0005,8711.75,2,46.2673,55.726,step
2026-08-31T18:37:39.277374+00:00,76.332,-0.0004,0.0,0.15,0.0001,-0.0004,8647.67,2,45.8554,55.746,step
2026-08-31T18:37:39.278558+00:00,75.763,-0.0003,0.0,0.15,0.0001,-0.0003,8584.17,2,45.4445,55.766,step
2026-08-31T18:37:39.279733+00:00,75.197,-0.0002,0.0,0.15,0.0001,-0.0002,8521.1,2,45.0357,55.786,step
2026-08-31T18:37:39.280925+00:00,74.632,-0.2001,0.0,0.15,0.0001,-0.0001,8460.5,2,44.6295,55.806,step
2026-08-31T18:37:39.282168+00:00,74.083,-0.198,0.0,0.15,-0.0,0.002,8398.88,2,44.4397,55.826,step
2026-08-31T18:37:39.283382+00:00,73.485,-0.1917,0.0,0.15,-0.0008,0.0079,8329.64,2,44.6627,55.846,step
2026-08-31T18:37:39.284836+00:00,72.902,0.0168,0.0,0.15,-0.002,0.0158,8260.27,2,45.0952,55.866,step
2026-08-31T18:37:39.286049+00:00,72.352,0.0241,0.0,0.15,-0.0036,0.0223,8198.32,2,45.3795,55.886,step
2026-08-31T18:37:39.287265+00:00,71.788,0.0268,0.0,0.15,-0.0051,0.0243,8139.79,2,45.1895,55.906,step
2026-08-31T18:37:39.288493+00:00,71.237,-0.1725,0.0,0.15,-0.0065,0.0243,8079.15,2,44.7869,55.926,step
2026-08-31T18:37:39.289676+00:00,70.703,-0.1705,0.0,0.15,-0.0081,0.0255,8019.35,2,44.5199,55.946,step
2026-08-31T18:37:39.291000+00:00,70.125,-0.1646,0.0,0.15,-0.0102,0.0303,7953.54,2,44.6275,55.966,step
2026-08-31T18:37:39.292339+00:00,69.562,-0.1567,0.0,0.15,-0.0127,0.0369,7888.27,2,44.9159,55.986,step
2026-08-31T18:37:39.293613+00:00,69.011,0.0519,0.8,0.0,-0.0157,0.0441,7825.59,2,45.2668,56.006,step
2026-08-31T18:37:39.294899+00:00,69.252,0.0584,0.8,0.0,-0.0189,0.0489,8761.1,2,45.3823,56.026,step
2026-08-31T18:37:39.296131+00:00,69.972,0.0603,0.0,0.15,-0.0219,0.0493,9200.22,2,45.0309,56.046,step
2026-08-31T18:37:39.297378+00:00,70.167,-0.1398,0.0,0.15,-0.0248,0.0478,7972.45,2,44.4851,56.066,step
2026-08-31T18:37:39.298638+00:00,69.636,-0.1388,0.0,0.15,-0.0277,0.0473,7915.39,2,44.0475,56.086,step
2026-08-31T18:37:39.300128+00:00,69.067,-0.1345,0.0,0.15,-0.031,0.05,7843.94,2,43.9279,56.106,step
2026-08-31T18:37:39.301397+00:00,68.504,-0.1281,0.0,0.15,-0.0346,0.0546,7772.68,2,43.9976,56.126,step
2026-08-31T18:37:39.302679+00:00,67.956,-0.1207,0.0,0.15,-0.0385,0.0601,7706.85,2,44.1568,56.146,step
2026-08-31T18:37:39.303963+00:00,67.417,-0.1128,0.0,0.15,-0.0428,0.0658,7645.34,2,44.3397,56.166,step
2026-08-31T18:37:39.305239+00:00,66.883,-0.105,0.0,0.15,-0.0474,0.0713,7586.3,2,44.5103,56.186,step
2026-08-31T18:37:39.306517+00:00,66.35,-0.0973,0.0,0.15,-0.0522,0.0766,7530.75,2,44.6501,56.206,step
2026-08-31T18:37:39.307785+00:00,65.823,-0.09,0.0,0.15,-0.0573,0.0814,7472.73,2,44.7507,56.226,step
2026-08-31T18:37:39.309224+00:00,65.298,-0.0829,0.0,0.15,-0.0626,0.0858,7414.18,2,44.8135,56.246,step
2026-08-31T18:37:39.310470+00:00,64.775,-0.0761,0.0,0.15,-0.0681,0.0898,7355.64,2,44.8414,56.266,step
2026-08-31T18:37:39.311713+00:00,64.256,-0.0696,0.0,0.15,-0.0738,0.0935,7297.34,2,44.8363,56.286,step
2026-08-31T18:37:39.312989+00:00,63.739,-0.0633,0.0,0.15,-0.0796,0.0969,7239.27,2,44.8007,56.306,step
2026-08-31T18:37:39.314304+00:00,63.223,-0.0573,0.0,0.15,-0.0856,0.0999,7181.45,2,44.7359,56.326,step
2026-08-31T18:37:39.315574+00:00,62.71,-0.0515,0.0,0.15,-0.0917,0.1026,7123.86,2,44.6433,56.346,step
2026-08-31T18:37:39.316841+00:00,62.198,-0.046,0.0,0.15,-0.0979,0.1051,7066.48,2,44.5268,56.366,step
2026-08-31T18:37:39.318321+00:00,61.689,-0.0407,0.0,0.15,-0.1041,0.1073,7009.32,2,44.3874,56.386,step
2026-08-31T18:37:39.319590+00:00,61.181,-0.0356,0.0,0.15,-0.1104,0.1092,6952.37,2,44.2265,56.406,step
2026-08-31T18:37:39.320822+00:00,60.675,-0.0307,0.0,0.15,-0.1167,0.1109,6895.61,2,44.0459,56.426,step
2026-08-31T18:37:39.322088+00:00,60.171,-0.0261,0.0,0.15,-0.123,0.1124,6839.03,2,43.8466,56.446,step
2026-08-31T18:37:39.323356+00:00,59.669,-0.0217,0.0,0.15,-0.1294,0.1136,6782.63,2,43.629,56.466,step
2026-08-31T18:37:39.324726+00:00,59.167,-0.0174,0.0,0.15,-0.1358,0.1147,6726.31,2,43.3953,56.486,step
2026-08-31T18:37:39.326229+00:00,58.668,-0.0134,0.0,0.15,-0.1421,0.1156,6670.2,2,43.1463,56.506,step
2026-08-31T18:37:39.327529+00:00,58.171,-0.0096,0.0,0.15,-0.1484,0.1162,6614.36,2,42.8826,56.526,step
2026-08-31T18:37:39.328875+00:00,57.676,-0.0059,0.0,0.15,-0.1547,0.1168,6558.57,2,42.6074,56.546,step
2026-08-31T18:37:39.330265+00:00,57.183,-0.0024,0.0,0.15,-0.1609,0.1171,6502.91,2,42.3216,56.566,step
2026-08-31T18:37:39.331667+00:00,56.691,-0.0009,0.0,0.15,-0.1671,0.1155,6447.4,2,42.0243,56.586,step
2026-08-31T18:37:39.333023+00:00,56.201,-0.002,0.0,0.15,-0.173,0.1115,6392.02,2,41.7205,56.606,step
2026-08-31T18:37:39.334700+00:00,55.712,-0.0031,0.0,0.15,-0.1787,0.1075,6336.79,2,41.4174,56.626,step
2026-08-31T18:37:39.336082+00:00,55.224,-0.0043,0.0,0.15,-0.1841,0.1036,6281.73,2,41.1188,56.646,step
2026-08-31T18:37:39.337462+00:00,54.737,-0.0056,0.0,0.15,-0.1893,0.0997,6227.48,2,40.8255,56.666,step
2026-08-31T18:37:39.338860+00:00,54.252,-0.0069,0.0,0.15,-0.1942,0.096,6173.54,2,40.539,56.686,step
2026-08-31T18:37:39.340258+00:00,53.768,-0.0083,0.0,0.15,-0.199,0.0923,6118.65,2,40.2593,56.706,step
2026-08-31T18:37:39.341629+00:00,53.286,-0.0097,0.0,0.15,-0.2035,0.0886,6063.55,2,39.9854,56.726,step
2026-08-31T18:37:39.343017+00:00,52.805,-0.0111,0.0,0.15,-0.2077,0.0851,6008.79,2,39.7182,56.746,step
2026-08-31T18:37:39.344393+00:00,52.326,-0.0125,0.0,0.15,-0.2118,0.0816,5954.37,2,39.4573,56.766,step
2026-08-31T18:37:39.345744+00:00,51.848,-0.0139,0.0,0.15,-0.2157,0.0782,5900.25,2,39.2019,56.786,step
2026-08-31T18:37:39.347109+00:00,51.37,-0.0154,0.0,0.15,-0.2194,0.0749,5846.27,2,38.9528,56.806,step
2026-08-31T18:37:39.348461+00:00,50.895,-0.0169,0.0,0.15,-0.2229,0.0716,5792.55,2,38.7099,56.826,step
2026-08-31T18:37:39.350005+00:00,50.421,-0.0184,0.0,0.15,-0.2263,0.0685,5739.0,2,38.4734,56.846,step
2026-08-31T18:37:39.351406+00:00,49.948,-0.0199,0.0,0.15,-0.2295,0.0654,5685.52,1,38.2425,56.866,step
2026-08-31T18:37:39.352799+00:00,49.483,-0.0214,0.0,0.15,-0.2325,0.0624,7628.77,1,38.0176,56.886,step
2026-08-31T18:37:39.354176+00:00,49.021,-0.0229,0.0,0.15,-0.2353,0.0594,7617.54,1,37.7979,56.906,step
2026-08-31T18:37:39.355537+00:00,48.543,-0.0244,0.0,0.15,-0.238,0.0565,7398.13,1,37.5841,56.926,step
2026-08-31T18:37:39.356928+00:00,48.021,-0.026,0.0,0.15,-0.2406,0.0537,7320.22,1,37.3782,56.946,step
2026-08-31T18:37:39.358321+00:00,47.503,-0.0275,0.0,0.15,-0.243,0.051,7242.2,1,37.1792,56.966,step
2026-08-31T18:37:39.359835+00:00,46.987,-0.029,0.15,0.0,-0.2453,0.0484,7164.86,1,36.987,56.986,step
2026-08-31T18:37:39.361155+00:00,46.962,-0.0305,0.15,0.0,-0.2474,0.0457,7349.32,1,36.7952,57.006,step
2026-08-31T18:37:39.362472+00:00,47.086,-0.0322,0.0,0.15,-0.2495,0.0431,7362.97,1,36.6016,57.026,step
2026-08-31T18:37:39.363771+00:00,46.707,-0.0338,0.15,0.0,-0.2515,0.0405,7134.46,1,36.4122,57.046,step
2026-08-31T18:37:39.365120+00:00,46.684,-0.0354,0.15,0.0,-0.2533,0.038,7299.33,1,36.2272,57.066,step
2026-08-31T18:37:39.366473+00:00,46.806,-0.037,0.15,0.0,-0.2551,0.0354,7317.84,1,36.0406,57.086,step
2026-08-31T18:37:39.368070+00:00,46.928,-0.0388,0.15,0.0,-0.2567,0.0329,7336.48,1,35.8552,57.106,step
2026-08-31T18:37:39.369366+00:00,47.05,-0.0405,0.0,0.15,-0.2583,0.0304,7355.49,1,35.6728,57.126,step
2026-08-31T18:37:39.370737+00:00,46.674,-0.0421,0.15,0.0,-0.2597,0.028,7126.51,1,35.4972,57.146,step
2026-08-31T18:37:39.372074+00:00,46.645,-0.0437,0.15,0.0,-0.2611,0.0257,7297.24,1,35.3277,57.166,step
2026-08-31T18:37:39.373489+00:00,46.767,-0.0454,0.15,0.0,-0.2623,0.0234,7314.58,1,35.1581,57.186,step
2026-08-31T18:37:39.375013+00:00,46.889,-0.0471,0.15,0.0,-0.2635,0.0212,7332.58,1,34.9897,57.206,step
2026-08-31T18:37:39.376434+00:00,47.011,-0.0488,0.0,0.15,-0.2646,0.0189,7350.74,1,34.8231,57.226,step
2026-08-31T18:37:39.377840+00:00,46.632,-0.0504,0.15,0.0,-0.2656,0.0168,7120.42,1,34.6643,57.246,step
2026-08-31T18:37:39.379207+00:00,46.603,-0.052,0.15,0.0,-0.2665,0.0147,7290.28,1,34.5108,57.266,step
2026-08-31T18:37:39.380526+00:00,46.725,-0.0537,0.15,0.0,-0.2674,0.0127,7307.81,1,34.3555,57.286,step
2026-08-31T18:37:39.381836+00:00,46.846,-0.0554,0.15,0.0,-0.2681,0.0105,7325.81,1,34.2019,57.306,step
2026-08-31T18:37:39.383210+00:00,46.968,-0.0571,0.15,0.0,-0.2688,0.0085,7343.93,1,34.0495,57.326,step
2026-08-31T18:37:39.384768+00:00,47.089,-0.0589,0.0,0.15,-0.2694,0.0064,7362.34,1,33.8987,57.346,step
2026-08-31T18:37:39.386141+00:00,46.712,-0.0606,0.15,0.0,-0.2699,0.0045,7132.62,1,33.756,57.366,step
2026-08-31T18:37:39.387450+00:00,46.677,-0.0622,0.15,0.0,-0.2703,0.0027,7302.38,1,33.6202,57.386,step
2026-08-31T18:37:39.388709+00:00,46.799,-0.0639,0.15,0.0,-0.2707,0.0008,7318.75,1,33.4817,57.406,step
2026-08-31T18:37:39.390173+00:00,46.92,-0.0656,0.15,0.0,-0.271,-0.001,7336.93,1,33.3442,57.426,step
2026-08-31T18:37:39.391642+00:00,47.041,-0.0672,0.0,0.15,-0.2712,-0.0028,7355.28,1,33.2087,57.446,step
2026-08-31T18:37:39.393253+00:00,46.662,-0.0688,0.15,0.0,-0.2714,-0.0045,7124.94,1,33.081,57.466,step
2026-08-31T18:37:39.394619+00:00,46.627,-0.0704,0.15,0.0,-0.2715,-0.0061,7294.82,1,32.9594,57.486,step
2026-08-31T18:37:39.396009+00:00,46.748,-0.072,0.15,0.0,-0.2715,-0.0077,7312.03,1,32.8344,57.506,step
2026-08-31T18:37:39.397352+00:00,46.869,-0.0736,0.15,0.0,-0.2715,-0.0093,7330.01,1,32.7102,57.526,step
2026-08-31T18:37:39.398737+00:00,46.99,-0.0752,0.15,0.0,-0.2714,-0.0109,7348.05,1,32.5878,57.546,step
2026-08-31T18:37:39.400162+00:00,47.11,-0.0768,0.0,0.15,-0.2712,-0.0125,7366.27,1,32.4668,57.566,step
2026-08-31T18:37:39.401672+00:00,46.731,-0.0784,0.15,0.0,-0.271,-0.0139,7135.57,1,32.3542,57.586,step
2026-08-31T18:37:39.403035+00:00,46.692,-0.0798,0.15,0.0,-0.2708,-0.0152,7305.42,1,32.2471,57.606,step
2026-08-31T18:37:39.404367+00:00,46.813,-0.0813,0.15,0.0,-0.2704,-0.0165,7322.57,1,32.137,57.626,step
2026-08-31T18:37:39.405697+00:00,46.934,-0.0829,0.15,0.0,-0.2701,-0.0179,7340.46,1,32.0268,57.646,step
2026-08-31T18:37:39.407019+00:00,47.054,-0.0844,0.0,0.15,-0.2697,-0.0193,7358.44,1,31.9179,57.666,step
2026-08-31T18:37:39.408472+00:00,46.676,-0.0859,0.15,0.0,-0.2692,-0.0205,7126.93,1,31.8168,57.686,step
2026-08-31T18:37:39.409978+00:00,46.634,-0.0873,0.15,0.0,-0.2687,-0.0217,7296.72,1,31.7218,57.706,step
2026-08-31T18:37:39.411299+00:00,46.755,-0.0888,0.15,0.0,-0.2681,-0.0229,7313.78,1,31.6227,57.726,step
2026-08-31T18:37:39.412629+00:00,46.875,-0.0904,0.15,0.0,-0.2675,-0.0241,7331.54,1,31.5239,57.746,step
2026-08-31T18:37:39.413949+00:00,46.995,-0.0919,0.15,0.0,-0.2669,-0.0253,7348.56,1,31.4258,57.766,step
2026-08-31T18:37:39.415284+00:00,47.115,-0.0934,0.0,0.15,-0.2662,-0.0265,7366.64,1,31.3287,57.786,step
2026-08-31T18:37:39.416679+00:00,46.736,-0.0948,0.15,0.0,-0.2655,-0.0275,7137.12,1,31.2403,57.806,step
2026-08-31T18:37:39.418228+00:00,46.691,-0.0961,0.15,0.0,-0.2647,-0.0284,7305.69,1,31.1583,57.826,step
2026-08-31T18:37:39.419529+00:00,46.811,-0.0974,0.15,0.0,-0.2639,-0.0294,7322.93,1,31.0723,57.846,step
2026-08-31T18:37:39.420821+00:00,46.931,-0.0988,0.15,0.0,-0.2631,-0.0304,7340.71,1,30.9856,57.866,step
2026-08-31T18:37:39.422163+00:00,47.051,-0.1002,0.0,0.15,-0.2622,-0.0313,7358.72,1,30.9,57.886,step
2026-08-31T18:37:39.423511+00:00,46.672,-0.1015,0.15,0.0,-0.2613,-0.0321,7125.94,1,30.823,57.906,step
2026-08-31T18:37:39.424809+00:00,46.626,-0.1027,0.15,0.0,-0.2604,-0.0328,7296.44,1,30.7516,57.926,step
2026-08-31T18:37:39.426358+00:00,46.746,-0.1039,0.15,0.0,-0.2594,-0.0336,7313.15,1,30.6758,57.946,step
2026-08-31T18:37:39.427711+00:00,46.865,-0.1052,0.15,0.0,-0.2585,-0.0344,7330.68,1,30.5995,57.966,step
2026-08-31T18:37:39.429095+00:00,46.985,-0.1065,0.15,0.0,-0.2574,-0.0352,7348.34,1,30.523,57.986,step
2026-08-31T18:37:39.430404+00:00,47.104,-0.1077,0.0,0.15,-0.2564,-0.0359,7366.33,1,30.4467,58.006,step
2026-08-31T18:37:39.431779+00:00,46.725,-0.1089,0.15,0.0,-0.2553,-0.0365,7134.77,1,30.3795,58.026,step
2026-08-31T18:37:39.433145+00:00,46.676,-0.11,0.15,0.0,-0.2543,-0.0371,7304.46,1,30.3187,58.046,step
2026-08-31T18:37:39.434752+00:00,46.795,-0.1112,0.15,0.0,-0.2532,-0.0378,7321.22,1,30.2528,58.066,step
2026-08-31T18:37:39.436047+00:00,46.914,-0.1124,0.15,0.0,-0.2521,-0.0384,7338.84,1,30.1859,58.086,step
2026-08-31T18:37:39.437379+00:00,47.033,-0.1136,0.0,0.15,-0.2509,-0.0391,7356.57,1,30.119,58.106,step
2026-08-31T18:37:39.438714+00:00,46.654,-0.1147,0.15,0.0,-0.2497,-0.0396,7123.61,1,30.0614,58.126,step
2026-08-31T18:37:39.440016+00:00,46.604,-0.1157,0.15,0.0,-0.2486,-0.04,7292.58,1,30.0097,58.146,step
2026-08-31T18:37:39.441316+00:00,46.723,-0.1168,0.15,0.0,-0.2474,-0.0404,7309.71,1,29.9523,58.166,step
2026-08-31T18:37:39.442656+00:00,46.842,-0.1179,0.15,0.0,-0.2462,-0.0409,7327.31,1,29.8938,58.186,step
2026-08-31T18:37:39.444007+00:00,46.961,-0.1189,0.15,0.0,-0.245,-0.0414,7345.06,1,29.8353,58.206,step
2026-08-31T18:37:39.445310+00:00,47.079,-0.12,0.0,0.15,-0.2437,-0.0419,7363.1,1,29.7769,58.226,step
2026-08-31T18:37:39.446603+00:00,46.701,-0.121,0.15,0.0,-0.2425,-0.0422,7130.68,1,29.7275,58.246,step
2026-08-31T18:37:39.447979+00:00,46.647,-0.1218,0.15,0.0,-0.2412,-0.0424,7300.95,1,29.684,58.266,step
2026-08-31T18:37:39.449323+00:00,46.766,-0.1228,0.15,0.0,-0.2399,-0.0428,7317.44,1,29.6349,58.286,step
2026-08-31T18:37:39.450769+00:00,46.885,-0.1237,0.15,0.0,-0.2387,-0.0431,7334.87,1,29.5848,58.306,step
2026-08-31T18:37:39.452235+00:00,47.003,-0.1247,0.0,0.15,-0.2374,-0.0434,7352.44,1,29.5347,58.326,step
2026-08-31T18:37:39.453558+00:00,46.624,-0.1255,0.15,0.0,-0.2361,-0.0436,7119.09,1,29.4933,58.346,step
2026-08-31T18:37:39.454897+00:00,46.57,-0.1262,0.15,0.0,-0.2348,-0.0436,7289.04,1,29.4577,58.366,step
2026-08-31T18:37:39.456222+00:00,46.689,-0.127,0.15,0.0,-0.2335,-0.0438,7305.45,1,29.4149,58.386,step
2026-08-31T18:37:39.457541+00:00,46.807,-0.1279,0.15,0.0,-0.2322,-0.044,7322.82,1,29.3701,58.406,step
2026-08-31T18:37:39.459003+00:00,46.926,-0.1288,0.15,0.0,-0.2309,-0.0443,7340.33,1,29.325,58.426,step
2026-08-31T18:37:39.460322+00:00,47.044,-0.1298,0.0,0.15,-0.2296,-0.0446,7358.15,1,29.28,58.446,step
2026-08-31T18:37:39.461666+00:00,46.665,-0.1306,0.15,0.0,-0.2283,-0.0447,7125.56,1,29.2441,58.466,step
2026-08-31T18:37:39.463005+00:00,46.608,-0.1312,0.15,0.0,-0.227,-0.0447,7295.51,1,29.2146,58.486,step
2026-08-31T18:37:39.464370+00:00,46.727,-0.132,0.15,0.0,-0.2257,-0.0448,7311.64,1,29.1784,58.506,step
2026-08-31T18:37:39.465725+00:00,46.845,-0.1328,0.15,0.0,-0.2244,-0.045,7328.69,1,29.1401,58.526,step
2026-08-31T18:37:39.467307+00:00,46.963,-0.1336,0.15,0.0,-0.2231,-0.0451,7346.27,1,29.1017,58.546,step
2026-08-31T18:37:39.468679+00:00,47.081,-0.1344,0.0,0.15,-0.2217,-0.0453,7364.14,1,29.0636,58.566,step
2026-08-31T18:37:39.469987+00:00,46.702,-0.1351,0.15,0.0,-0.2204,-0.0453,7130.92,1,29.0342,58.586,step
2026-08-31T18:37:39.471301+00:00,46.643,-0.1356,0.15,0.0,-0.2191,-0.0451,7301.39,1,29.0108,58.606,step
2026-08-31T18:37:39.472673+00:00,46.762,-0.1362,0.15,0.0,-0.2178,-0.0451,7317.6,1,28.981,58.626,step
2026-08-31T18:37:39.473960+00:00,46.88,-0.1369,0.15,0.0,-0.2165,-0.0451,7334.91,1,28.9491,58.646,step
2026-08-31T18:37:39.475450+00:00,46.998,-0.1376,0.15,0.0,-0.2152,-0.0452,7352.38,1,28.9166,58.666,step
2026-08-31T18:37:39.476822+00:00,47.115,-0.1383,0.0,0.15,-0.2139,-0.0452,7370.07,1,28.8841,58.686,step
2026-08-31T18:37:39.478157+00:00,46.736,-0.1388,0.15,0.0,-0.2126,-0.0451,7136.06,1,28.8605,58.706,step
2026-08-31T18:37:39.479503+00:00,46.676,-0.1392,0.15,0.0,-0.2113,-0.0448,7306.81,1,28.8427,58.726,step
2026-08-31T18:37:39.480808+00:00,46.795,-0.1397,0.15,0.0,-0.21,-0.0447,7322.9,1,28.8177,58.746,step
2026-08-31T18:37:39.482125+00:00,46.913,-0.1403,0.15,0.0,-0.2087,-0.0446,7340.19,1,28.7907,58.766,step
2026-08-31T18:37:39.483463+00:00,47.03,-0.1409,0.0,0.15,-0.2075,-0.0446,7357.56,1,28.7625,58.786,step
2026-08-31T18:37:39.484993+00:00,46.651,-0.1414,0.15,0.0,-0.2062,-0.0445,7123.17,1,28.7432,58.806,step
2026-08-31T18:37:39.486253+00:00,46.591,-0.1418,0.15,0.0,-0.205,-0.0443,7293.57,1,28.7291,58.826,step
2026-08-31T18:37:39.487496+00:00,46.709,-0.1423,0.15,0.0,-0.2037,-0.0442,7309.71,1,28.7078,58.846,step
2026-08-31T18:37:39.488787+00:00,46.827,-0.1428,0.15,0.0,-0.2025,-0.0441,7326.89,1,28.6842,58.866,step
2026-08-31T18:37:39.490078+00:00,46.945,-0.1434,0.15,0.0,-0.2013,-0.044,7343.95,1,28.6597,58.886,step
2026-08-31T18:37:39.491395+00:00,47.062,-0.144,0.0,0.15,-0.2,-0.044,7361.58,1,28.6344,58.906,step
2026-08-31T18:37:39.492923+00:00,46.683,-0.1444,0.15,0.0,-0.1988,-0.0438,7128.51,1,28.6183,58.926,step
2026-08-31T18:37:39.494218+00:00,46.622,-0.1447,0.15,0.0,-0.1976,-0.0435,7298.49,1,28.6081,58.946,step
2026-08-31T18:37:39.495467+00:00,46.74,-0.1451,0.15,0.0,-0.1964,-0.0433,7314.67,1,28.5909,58.966,step
2026-08-31T18:37:39.496724+00:00,46.857,-0.1455,0.15,0.0,-0.1953,-0.0431,7331.9,1,28.5715,58.986,step
2026-08-31T18:37:39.497985+00:00,46.974,-0.146,0.15,0.0,-0.1941,-0.043,7349.32,1,28.5513,59.006,step
2026-08-31T18:37:39.499327+00:00,47.092,-0.1464,0.0,0.15,-0.1929,-0.0429,7366.94,1,28.5305,59.026,step
2026-08-31T18:37:39.500860+00:00,46.713,-0.1467,0.15,0.0,-0.1918,-0.0426,7132.4,1,28.518,59.046,step
2026-08-31T18:37:39.502165+00:00,46.65,-0.1469,0.15,0.0,-0.1906,-0.0422,7303.43,1,28.5116,59.066,step
2026-08-31T18:37:39.503477+00:00,46.768,-0.1472,0.15,0.0,-0.1895,-0.0419,7319.32,1,28.4976,59.086,step
2026-08-31T18:37:39.504760+00:00,46.886,-0.1475,0.15,0.0,-0.1884,-0.0417,7336.49,1,28.4808,59.106,step
2026-08-31T18:37:39.506069+00:00,47.003,-0.1479,0.0,0.15,-0.1873,-0.0415,7353.79,1,28.463,59.126,step
2026-08-31T18:37:39.507404+00:00,46.624,-0.1481,0.15,0.0,-0.1862,-0.0412,7119.1,1,28.4538,59.146,step
2026-08-31T18:37:39.508933+00:00,46.562,-0.1482,0.15,0.0,-0.1852,-0.0408,7289.51,1,28.4494,59.166,step
2026-08-31T18:37:39.510203+00:00,46.68,-0.1486,0.15,0.0,-0.1841,-0.0406,7305.51,1,28.4366,59.186,step
2026-08-31T18:37:39.511529+00:00,46.797,-0.1489,0.15,0.0,-0.1831,-0.0404,7322.66,1,28.4215,59.206,step
2026-08-31T18:37:39.512792+00:00,46.915,-0.1493,0.15,0.0,-0.182,-0.0403,7339.92,1,28.4052,59.226,step
2026-08-31T18:37:39.514023+00:00,47.032,-0.1496,0.0,0.15,-0.181,-0.0402,7357.5,1,28.3875,59.246,step
2026-08-31T18:37:39.515316+00:00,46.653,-0.1499,0.15,0.0,-0.18,-0.0399,7123.8,1,28.3792,59.266,step
2026-08-31T18:37:39.516678+00:00,46.59,-0.15,0.15,0.0,-0.179,-0.0395,7294.04,1,28.3765,59.286,step
2026-08-31T18:37:39.518069+00:00,46.708,-0.1502,0.15,0.0,-0.178,-0.0392,7310.01,1,28.3659,59.306,step
2026-08-31T18:37:39.519367+00:00,46.825,-0.1505,0.15,0.0,-0.177,-0.039,7327.19,1,28.3523,59.326,step
2026-08-31T18:37:39.520632+00:00,46.942,-0.1508,0.15,0.0,-0.1761,-0.0388,7344.51,1,28.3369,59.346,step
2026-08-31T18:37:39.521917+00:00,47.059,-0.1511,0.0,0.15,-0.1751,-0.0386,7362.1,1,28.3209,59.366,step
2026-08-31T18:37:39.523219+00:00,46.68,-0.1512,0.15,0.0,-0.1742,-0.0383,7127.58,1,28.3139,59.386,step
2026-08-31T18:37:39.524590+00:00,46.616,-0.1512,0.15,0.0,-0.1732,-0.0378,7298.43,1,28.3121,59.406,step
2026-08-31T18:37:39.526093+00:00,46.734,-0.1514,0.15,0.0,-0.1723,-0.0376,7314.3,1,28.302,59.426,step
2026-08-31T18:37:39.527412+00:00,46.852,-0.1516,0.15,0.0,-0.1714,-0.0373,7331.43,1,28.2887,59.446,step
2026-08-31T18:37:39.528743+00:00,46.969,-0.1518,0.15,0.0,-0.1706,-0.0371,7348.72,1,28.2745,59.466,step
2026-08-31T18:37:39.530095+00:00,47.086,-0.152,0.0,0.15,-0.1697,-0.0369,7366.26,1,28.2593,59.486,step
2026-08-31T18:37:39.531515+00:00,46.707,-0.1521,0.15,0.0,-0.1688,-0.0365,7131.65,1,28.2527,59.506,step
2026-08-31T18:37:39.532852+00:00,46.642,-0.152,0.15,0.0,-0.168,-0.036,7302.59,1,28.2513,59.526,step
2026-08-31T18:37:39.534342+00:00,46.76,-0.1522,0.15,0.0,-0.1671,-0.0358,7318.43,1,28.2414,59.546,step
2026-08-31T18:37:39.535732+00:00,46.878,-0.1525,0.15,0.0,-0.1663,-0.0356,7335.57,1,28.2285,59.566,step
2026-08-31T18:37:39.537020+00:00,46.995,-0.1527,0.15,0.0,-0.1655,-0.0355,7352.83,1,28.2138,59.586,step
2026-08-31T18:37:39.538320+00:00,47.112,-0.153,0.0,0.15,-0.1647,-0.0353,7370.38,1,28.1985,59.606,step
2026-08-31T18:37:39.539617+00:00,46.733,-0.153,0.15,0.0,-0.1639,-0.035,7135.53,1,28.1922,59.626,step
2026-08-31T18:37:39.540887+00:00,46.668,-0.153,0.15,0.0,-0.1631,-0.0346,7306.86,1,28.1911,59.646,step
2026-08-31T18:37:39.542382+00:00,46.786,-0.1531,0.15,0.0,-0.1624,-0.0343,7322.6,1,28.1816,59.666,step
2026-08-31T18:37:39.543671+00:00,46.903,-0.1533,0.15,0.0,-0.1616,-0.0341,7339.68,1,28.1689,59.686,step
2026-08-31T18:37:39.545000+00:00,47.02,-0.1535,0.0,0.15,-0.1609,-0.0339,7356.9,1,28.1543,59.706,step
2026-08-31T18:37:39.546322+00:00,46.642,-0.1535,0.15,0.0,-0.1602,-0.0336,7121.69,1,28.1473,59.726,step
2026-08-31T18:37:39.547708+00:00,46.577,-0.1534,0.15,0.0,-0.1594,-0.0332,7292.45,1,28.1459,59.746,step
2026-08-31T18:37:39.549004+00:00,46.695,-0.1535,0.15,0.0,-0.1587,-0.0329,7308.3,1,28.1354,59.766,step
2026-08-31T18:37:39.550426+00:00,46.813,-0.1536,0.15,0.0,-0.1581,-0.0327,7325.38,1,28.122,59.786,step
2026-08-31T18:37:39.551755+00:00,46.93,-0.1538,0.15,0.0,-0.1574,-0.0325,7342.6,1,28.107,59.806,step
2026-08-31T18:37:39.553076+00:00,47.047,-0.1539,0.0,0.15,-0.1567,-0.0323,7360.16,1,28.0903,59.826,step
2026-08-31T18:37:39.554413+00:00,46.669,-0.1539,0.15,0.0,-0.1561,-0.0319,7125.98,1,28.0818,59.846,step
2026-08-31T18:37:39.555743+00:00,46.604,-0.1538,0.15,0.0,-0.1554,-0.0315,7296.65,1,28.0785,59.866,step
2026-08-31T18:37:39.557074+00:00,46.722,-0.1538,0.15,0.0,-0.1548,-0.0312,7312.53,1,28.067,59.886,step
2026-08-31T18:37:39.558586+00:00,46.839,-0.1539,0.15,0.0,-0.1542,-0.031,7329.67,1,28.0525,59.906,step
2026-08-31T18:37:39.559924+00:00,46.956,-0.1541,0.15,0.0,-0.1536,-0.0309,7346.96,1,28.0362,59.926,step
2026-08-31T18:37:39.561184+00:00,47.073,-0.1543,0.0,0.15,-0.153,-0.0308,7364.48,1,28.0182,59.946,step
2026-08-31T18:37:39.562536+00:00,46.694,-0.1543,0.15,0.0,-0.1524,-0.0305,7129.75,1,28.0087,59.966,step
2026-08-31T18:37:39.563823+00:00,46.63,-0.1542,0.15,0.0,-0.1519,-0.0302,7300.74,1,28.0039,59.986,step
2026-08-31T18:37:39.565109+00:00,46.748,-0.1543,0.15,0.0,-0.1513,-0.03,7316.79,1,27.9906,60.006,step
2026-08-31T18:37:39.566503+00:00,46.865,-0.1544,0.15,0.0,-0.1507,-0.0298,7334.09,1,27.974,60.026,step
2026-08-31T18:37:39.567894+00:00,46.983,-0.1546,0.15,0.0,-0.1502,-0.0297,7351.32,1,27.9556,60.046,step
2026-08-31T18:37:39.569190+00:00,47.1,-0.1547,0.0,0.15,-0.1497,-0.0296,7368.79,1,27.9361,60.066,step
2026-08-31T18:37:39.570512+00:00,46.721,-0.1547,0.15,0.0,-0.1491,-0.0293,7133.73,1,27.9251,60.086,step
2026-08-31T18:37:39.571779+00:00,46.656,-0.1546,0.15,0.0,-0.1486,-0.0289,7304.84,1,27.919,60.106,step
2026-08-31T18:37:39.573091+00:00,46.774,-0.1546,0.15,0.0,-0.1481,-0.0287,7320.67,1,27.9045,60.126,step
2026-08-31T18:37:39.574488+00:00,46.891,-0.1547,0.15,0.0,-0.1476,-0.0285,7337.8,1,27.8868,60.146,step
2026-08-31T18:37:39.575960+00:00,47.008,-0.1548,0.0,0.15,-0.1471,-0.0283,7355.03,1,27.8671,60.166,step
2026-08-31T18:37:39.577239+00:00,46.63,-0.1547,0.15,0.0,-0.1466,-0.0281,7119.99,1,27.8547,60.186,step
2026-08-31T18:37:39.578525+00:00,46.565,-0.1546,0.15,0.0,-0.1462,-0.0277,7290.65,1,27.8466,60.206,step
2026-08-31T18:37:39.579832+00:00,46.684,-0.1546,0.15,0.0,-0.1457,-0.0274,7306.56,1,27.83,60.226,step
2026-08-31T18:37:39.581165+00:00,46.801,-0.1546,0.15,0.0,-0.1453,-0.0273,7323.67,1,27.8102,60.246,step
2026-08-31T18:37:39.582545+00:00,46.919,-0.1547,0.15,0.0,-0.1448,-0.0271,7340.92,1,27.7883,60.266,step
2026-08-31T18:37:39.584021+00:00,47.036,-0.1548,0.0,0.15,-0.1444,-0.027,7358.49,1,27.7647,60.286,step
2026-08-31T18:37:39.585304+00:00,46.657,-0.1549,0.15,0.0,-0.144,-0.0269,7124.33,1,27.749,60.306,step
2026-08-31T18:37:39.586592+00:00,46.593,-0.1548,0.15,0.0,-0.1436,-0.0266,7294.96,1,27.7382,60.326,step
2026-08-31T18:37:39.587898+00:00,46.711,-0.1549,0.15,0.0,-0.1431,-0.0264,7310.88,1,27.7191,60.346,step
2026-08-31T18:37:39.589239+00:00,46.829,-0.155,0.15,0.0,-0.1427,-0.0263,7328.07,1,27.6966,60.366,step
2026-08-31T18:37:39.590542+00:00,46.946,-0.1551,0.15,0.0,-0.1423,-0.0263,7345.88,1,27.6722,60.386,step
2026-08-31T18:37:39.591975+00:00,47.063,-0.1553,0.0,0.15,-0.142,-0.0263,7363.56,1,27.6461,60.406,step
2026-08-31T18:37:39.593307+00:00,46.686,-0.1553,0.15,0.0,-0.1415,-0.0261,7127.79,1,27.6276,60.426,step
2026-08-31T18:37:39.594580+00:00,46.62,-0.1552,0.15,0.0,-0.1412,-0.0258,7299.63,1,27.6136,60.446,step
2026-08-31T18:37:39.595892+00:00,46.739,-0.1552,0.15,0.0,-0.1408,-0.0256,7315.36,1,27.5914,60.466,step
2026-08-31T18:37:39.597187+00:00,46.856,-0.1553,0.15,0.0,-0.1404,-0.0255,7332.43,1,27.5657,60.486,step
2026-08-31T18:37:39.598478+00:00,46.974,-0.1554,0.15,0.0,-0.1401,-0.0255,7349.63,1,27.538,60.506,step
2026-08-31T18:37:39.599828+00:00,47.091,-0.1556,0.0,0.15,-0.1397,-0.0254,7367.15,1,27.5084,60.526,step
2026-08-31T18:37:39.601263+00:00,46.713,-0.1556,0.15,0.0,-0.1394,-0.0252,7132.78,1,27.487,60.546,step
2026-08-31T18:37:39.602588+00:00,46.648,-0.1554,0.15,0.0,-0.139,-0.0249,7303.56,1,27.4707,60.566,step
2026-08-31T18:37:39.603904+00:00,46.766,-0.1555,0.15,0.0,-0.1387,-0.0248,7319.47,1,27.4454,60.586,step
2026-08-31T18:37:39.605246+00:00,46.884,-0.1555,0.15,0.0,-0.1384,-0.0247,7336.68,1,27.4166,60.606,step
2026-08-31T18:37:39.606603+00:00,47.001,-0.1556,0.0,0.15,-0.138,-0.0246,7354.06,1,27.3865,60.626,step
2026-08-31T18:37:39.607969+00:00,46.623,-0.1556,0.15,0.0,-0.1377,-0.0244,7118.74,1,27.3639,60.646,step
2026-08-31T18:37:39.609429+00:00,46.559,-0.1554,0.15,0.0,-0.1374,-0.0241,7289.69,1,27.3456,60.666,step
2026-08-31T18:37:39.610731+00:00,46.677,-0.1554,0.15,0.0,-0.1371,-0.0239,7305.56,1,27.3187,60.686,step
2026-08-31T18:37:39.611996+00:00,46.795,-0.1554,0.15,0.0,-0.1368,-0.0238,7322.67,1,27.2898,60.706,step
2026-08-31T18:37:39.613252+00:00,46.913,-0.1555,0.15,0.0,-0.1365,-0.0238,7339.96,1,27.2615,60.726,step
2026-08-31T18:37:39.614520+00:00,47.03,-0.1556,0.0,0.15,-0.1363,-0.0237,7357.61,1,27.2347,60.746,step
2026-08-31T18:37:39.615782+00:00,46.653,-0.1555,0.15,0.0,-0.136,-0.0235,7122.7,1,27.2192,60.766,step
2026-08-31T18:37:39.617165+00:00,46.587,-0.1554,0.15,0.0,-0.1357,-0.0232,7294.8,1,27.2117,60.786,step
2026-08-31T18:37:39.618605+00:00,46.706,-0.1553,0.15,0.0,-0.1354,-0.023,7310.44,1,27.1983,60.806,step
2026-08-31T18:37:39.619915+00:00,46.824,-0.1554,0.15,0.0,-0.1352,-0.023,7327.54,1,27.184,60.826,step
2026-08-31T18:37:39.621254+00:00,46.942,-0.1554,0.15,0.0,-0.1349,-0.0229,7344.81,1,27.1704,60.846,step
2026-08-31T18:37:39.622663+00:00,47.06,-0.1555,0.0,0.15,-0.1347,-0.0229,7362.34,1,27.1583,60.866,step
2026-08-31T18:37:39.623993+00:00,46.682,-0.1554,0.15,0.0,-0.1345,-0.0227,7127.98,1,27.1582,60.886,step
2026-08-31T18:37:39.625496+00:00,46.617,-0.1552,0.15,0.0,-0.1342,-0.0224,7298.68,1,27.1662,60.906,step
2026-08-31T18:37:39.626890+00:00,46.736,-0.1552,0.15,0.0,-0.134,-0.0222,7314.65,1,27.1686,60.926,step
2026-08-31T18:37:39.628188+00:00,46.853,-0.1552,0.15,0.0,-0.1338,-0.0221,7331.89,1,27.1708,60.946,step
2026-08-31T18:37:39.629557+00:00,46.971,-0.1553,0.15,0.0,-0.1336,-0.0221,7349.27,1,27.1743,60.966,step
2026-08-31T18:37:39.630924+00:00,47.089,-0.1554,0.0,0.15,-0.1334,-0.0221,7366.9,1,27.1798,60.986,step
2026-08-31T18:37:39.632271+00:00,46.711,-0.1555,0.15,0.0,-0.1331,-0.0221,7132.19,1,27.1976,61.006,step
2026-08-31T18:37:39.633726+00:00,46.646,-0.1556,0.15,0.0,-0.1329,-0.022,7303.37,1,27.2256,61.026,step
2026-08-31T18:37:39.635136+00:00,46.764,-0.1557,0.15,0.0,-0.1327,-0.0221,7319.28,1,27.249,61.046,step
2026-08-31T18:37:39.636427+00:00,46.882,-0.1559,0.15,0.0,-0.1325,-0.0222,7336.5,1,27.2731,61.066,step
2026-08-31T18:37:39.637740+00:00,47.0,-0.1561,0.15,0.0,-0.1323,-0.0223,7353.98,1,27.2992,61.086,step
2026-08-31T18:37:39.639035+00:00,47.118,-0.1564,0.0,0.15,-0.1321,-0.0224,7371.7,1,27.328,61.106,step
2026-08-31T18:37:39.640363+00:00,46.74,-0.1565,0.15,0.0,-0.1319,-0.0224,7136.28,1,27.3704,61.126,step
2026-08-31T18:37:39.641657+00:00,46.674,-0.1565,0.15,0.0,-0.1316,-0.0223,7307.97,1,27.4233,61.146,step
2026-08-31T18:37:39.643165+00:00,46.793,-0.1566,0.15,0.0,-0.1314,-0.0223,7323.79,1,27.4708,61.166,step
2026-08-31T18:37:39.644441+00:00,46.911,-0.1568,0.15,0.0,-0.1312,-0.0224,7341.0,1,27.5203,61.186,step
2026-08-31T18:37:39.645784+00:00,47.028,-0.157,0.0,0.15,-0.131,-0.0225,7358.3,1,27.5733,61.206,step
2026-08-31T18:37:39.647139+00:00,46.65,-0.1571,0.15,0.0,-0.1308,-0.0224,7123.02,1,27.6417,61.226,step
2026-08-31T18:37:39.648482+00:00,46.586,-0.157,0.15,0.0,-0.1305,-0.0223,7293.89,1,27.7212,61.246,step
2026-08-31T18:37:39.649796+00:00,46.704,-0.1571,0.15,0.0,-0.1303,-0.0223,7309.85,1,27.7951,61.266,step
2026-08-31T18:37:39.651240+00:00,46.822,-0.1573,0.15,0.0,-0.1301,-0.0224,7327.01,1,27.8705,61.286,step
2026-08-31T18:37:39.652527+00:00,46.94,-0.1575,0.15,0.0,-0.1299,-0.0225,7344.32,1,27.9492,61.306,step
2026-08-31T18:37:39.653826+00:00,47.057,-0.158,0.0,0.15,-0.1297,-0.0228,7361.99,1,28.0329,61.326,step
2026-08-31T18:37:39.655073+00:00,46.68,-0.1582,0.15,0.0,-0.1295,-0.023,7127.57,1,28.1355,61.346,step
2026-08-31T18:37:39.656355+00:00,46.614,-0.1584,0.15,0.0,-0.1292,-0.023,7298.53,1,28.2518,61.366,step
2026-08-31T18:37:39.657640+00:00,46.732,-0.1587,0.15,0.0,-0.129,-0.0232,7314.45,1,28.3634,61.386,step
2026-08-31T18:37:39.659081+00:00,46.85,-0.1591,0.15,0.0,-0.1287,-0.0235,7331.68,1,28.479,61.406,step
2026-08-31T18:37:39.660304+00:00,46.968,-0.1595,0.15,0.0,-0.1285,-0.0238,7349.02,1,28.6001,61.426,step
2026-08-31T18:37:39.661584+00:00,47.085,-0.1599,0.0,0.15,-0.1282,-0.024,7366.64,1,28.7283,61.446,step
2026-08-31T18:37:39.662909+00:00,46.707,-0.1602,0.15,0.0,-0.1279,-0.0241,7131.51,1,28.8787,61.466,step
2026-08-31T18:37:39.664217+00:00,46.64,-0.1603,0.15,0.0,-0.1276,-0.0241,7302.88,1,29.0456,61.486,step
2026-08-31T18:37:39.665431+00:00,46.759,-0.1606,0.15,0.0,-0.1273,-0.0243,7318.71,1,29.2086,61.506,step
2026-08-31T18:37:39.666834+00:00,46.876,-0.161,0.15,0.0,-0.127,-0.0245,7335.91,1,29.3775,61.526,step
2026-08-31T18:37:39.668197+00:00,46.994,-0.1613,0.15,0.0,-0.1267,-0.0247,7353.2,1,29.5541,61.546,step
2026-08-31T18:37:39.669513+00:00,47.111,-0.1617,0.0,0.15,-0.1264,-0.0249,7370.76,1,29.7392,61.566,step
2026-08-31T18:37:39.670847+00:00,46.733,-0.1619,0.15,0.0,-0.1261,-0.025,7135.47,1,29.9512,61.586,step
2026-08-31T18:37:39.672126+00:00,46.665,-0.162,0.15,0.0,-0.1258,-0.0249,7306.98,1,30.1842,61.606,step
2026-08-31T18:37:39.673397+00:00,46.783,-0.1623,0.15,0.0,-0.1255,-0.025,7322.76,1,30.4142,61.626,step
2026-08-31T18:37:39.674655+00:00,46.901,-0.1628,0.15,0.0,-0.1252,-0.0254,7339.91,1,30.6513,61.646,step
2026-08-31T18:37:39.676045+00:00,47.018,-0.1633,0.0,0.15,-0.1249,-0.0258,7357.21,1,30.8999,61.666,step
2026-08-31T18:37:39.677294+00:00,46.64,-0.1638,0.15,0.0,-0.1245,-0.026,7121.36,1,31.1796,61.686,step
2026-08-31T18:37:39.678539+00:00,46.573,-0.1641,0.15,0.0,-0.1242,-0.0262,7292.69,1,31.485,61.706,step
2026-08-31T18:37:39.679801+00:00,46.691,-0.1646,0.15,0.0,-0.1238,-0.0265,7308.46,1,31.7897,61.726,step
2026-08-31T18:37:39.681008+00:00,46.809,-0.1651,0.15,0.0,-0.1234,-0.0268,7325.29,1,32.1064,61.746,step
2026-08-31T18:37:39.682323+00:00,46.926,-0.1656,0.15,0.0,-0.1231,-0.0272,7342.49,1,32.4376,61.766,step
2026-08-31T18:37:39.683602+00:00,47.043,-0.1662,0.0,0.15,-0.1227,-0.0275,7360.1,1,32.7863,61.786,step
2026-08-31T18:37:39.685072+00:00,46.665,-0.1666,0.15,0.0,-0.1223,-0.0277,7125.41,1,33.1764,61.806,step
2026-08-31T18:37:39.686353+00:00,46.596,-0.1669,0.15,0.0,-0.1219,-0.0278,7296.55,1,33.602,61.826,step
2026-08-31T18:37:39.687598+00:00,46.714,-0.1673,0.15,0.0,-0.1215,-0.028,7312.37,1,34.0319,61.846,step
2026-08-31T18:37:39.688864+00:00,46.831,-0.1678,0.15,0.0,-0.121,-0.0283,7329.41,1,34.4792,61.866,step
2026-08-31T18:37:39.690129+00:00,46.948,-0.1683,0.15,0.0,-0.1206,-0.0286,7346.69,1,34.95,61.886,step
2026-08-31T18:37:39.691423+00:00,47.065,-0.1688,0.0,0.15,-0.1202,-0.0289,7364.17,1,35.4459,61.906,step
2026-08-31T18:37:39.692804+00:00,46.686,-0.1691,0.15,0.0,-0.1197,-0.029,7128.41,1,35.9986,61.926,step
2026-08-31T18:37:39.694143+00:00,46.617,-0.1693,0.15,0.0,-0.1193,-0.029,7300.13,1,36.5993,61.946,step
2026-08-31T18:37:39.695387+00:00,46.734,-0.1698,0.15,0.0,-0.1188,-0.0292,7315.73,1,37.2089,61.966,step
2026-08-31T18:37:39.696639+00:00,46.851,-0.1705,0.15,0.0,-0.1183,-0.0297,7332.79,1,37.8481,61.986,step
2026-08-31T18:37:39.697851+00:00,46.968,-0.1713,0.15,0.0,-0.1179,-0.0302,7349.99,1,38.526,62.006,step
2026-08-31T18:37:39.699130+00:00,47.084,-0.172,0.0,0.15,-0.1174,-0.0307,7367.43,1,39.2441,62.026,step
2026-08-31T18:37:39.700576+00:00,46.706,-0.1726,0.15,0.0,-0.1168,-0.031,7131.42,1,40.0444,62.046,step
2026-08-31T18:37:39.701970+00:00,46.635,-0.173,0.15,0.0,-0.1163,-0.0312,7302.69,1,40.9201,62.066,step
2026-08-31T18:37:39.703181+00:00,46.752,-0.1736,0.15,0.0,-0.1158,-0.0315,7318.35,1,41.8207,62.086,step
2026-08-31T18:37:39.704421+00:00,46.869,-0.1743,0.15,0.0,-0.1152,-0.0319,7335.5,1,42.7736,62.106,step
2026-08-31T18:37:39.705679+00:00,46.985,-0.1749,0.15,0.0,-0.1147,-0.0323,7352.73,1,43.7884,62.126,step
2026-08-31T18:37:39.706943+00:00,47.101,-0.1756,0.0,0.15,-0.1141,-0.0327,7370.26,1,44.8741,62.146,step
2026-08-31T18:37:39.708215+00:00,46.722,0.0239,0.8,0.0,-0.1135,-0.0329,7133.72,1,46.0924,62.166,step
2026-08-31T18:37:39.709726+00:00,47.116,0.0216,0.8,0.0,-0.1127,-0.0347,8658.17,1,46.8763,62.186,step
2026-08-31T18:37:39.711053+00:00,47.882,0.0159,0.8,0.0,-0.1114,-0.0398,9970.28,1,46.6698,62.206,step
2026-08-31T18:37:39.712336+00:00,48.714,0.0088,0.8,0.0,-0.1096,-0.046,11208.8,1,46.143,62.226,step
2026-08-31T18:37:39.713601+00:00,49.597,0.0013,0.8,0.0,-0.1076,-0.0525,12319.4,1,45.5668,62.246,step
2026-08-31T18:37:39.714874+00:00,50.515,-0.0063,0.8,0.0,-0.1052,-0.0589,13346.4,2,45.0261,62.266,step
2026-08-31T18:37:39.716180+00:00,51.443,-0.2141,0.0,0.15,-0.1025,-0.0654,9915.85,2,44.5484,62.286,step
2026-08-31T18:37:39.717678+00:00,52.176,-0.2209,0.0,0.15,-0.0996,-0.0707,9888.33,2,44.4952,62.306,step
2026-08-31T18:37:39.718961+00:00,51.928,-0.0251,0.8,0.0,-0.0966,-0.0734,5921.03,2,45.2109,62.326,step
2026-08-31T18:37:39.720244+00:00,52.134,-0.0292,0.8,0.0,-0.0936,-0.076,6436.1,2,46.032,62.346,step
2026-08-31T18:37:39.721522+00:00,52.76,-0.0354,0.8,0.0,-0.0901,-0.0804,6565.88,2,46.2794,62.366,step
2026-08-31T18:37:39.722815+00:00,53.43,-0.0422,0.8,0.0,-0.0863,-0.0854,6635.82,2,46.4034,62.386,step
2026-08-31T18:37:39.724057+00:00,54.112,-0.0492,0.8,0.0,-0.0821,-0.0902,6698.72,2,46.5649,62.406,step
2026-08-31T18:37:39.725487+00:00,54.796,-0.0561,0.8,0.0,-0.0776,-0.095,6767.66,2,46.8056,62.426,step
2026-08-31T18:37:39.726760+00:00,55.483,-0.0631,0.8,0.0,-0.0729,-0.0995,6845.62,2,47.1383,62.446,step
2026-08-31T18:37:39.727951+00:00,56.174,-0.07,0.8,0.0,-0.0678,-0.1039,6934.34,2,47.5716,62.466,step
2026-08-31T18:37:39.729153+00:00,56.868,-0.0768,0.8,0.0,-0.0625,-0.108,7033.73,2,48.1195,62.486,step
2026-08-31T18:37:39.730383+00:00,57.568,-0.0835,0.8,0.0,-0.0569,-0.112,7142.7,2,48.8003,62.506,step
2026-08-31T18:37:39.731566+00:00,58.275,-0.0901,0.8,0.0,-0.0511,-0.1157,7260.93,2,49.6308,62.526,step
2026-08-31T18:37:39.732787+00:00,58.992,-0.0966,0.8,0.0,-0.045,-0.1191,7385.74,2,50.6392,62.546,step
2026-08-31T18:37:39.734127+00:00,59.721,-0.1011,0.8,0.0,-0.0386,-0.1204,7514.26,2,51.8643,62.566,step
2026-08-31T18:37:39.735420+00:00,60.462,-0.1003,0.8,0.0,-0.0323,-0.1164,7646.39,2,53.3298,62.586,step
2026-08-31T18:37:39.736566+00:00,61.215,-0.0991,0.8,0.0,-0.0261,-0.1121,7782.68,2,55.0232,62.606,step
2026-08-31T18:37:39.737724+00:00,61.983,-0.0977,0.8,0.0,-0.02,-0.1077,7922.9,2,56.9371,62.626,step
2026-08-31T18:37:39.738884+00:00,62.764,-0.0961,0.8,0.0,-0.0141,-0.1032,8065.86,2,59.0898,62.646,step
2026-08-31T18:37:39.740008+00:00,63.562,-0.0944,0.8,0.0,-0.0083,-0.0985,8206.09,2,61.506,62.666,step
2026-08-31T18:37:39.741228+00:00,64.371,-0.0925,0.8,0.0,-0.0026,-0.0938,8356.02,2,64.2195,62.686,step
2026-08-31T18:37:39.742655+00:00,65.189,-0.0905,0.8,0.0,0.0028,-0.089,8520.69,2,67.2847,62.706,step
2026-08-31T18:37:39.743788+00:00,66.015,-0.0883,0.8,0.0,0.0082,-0.0842,8704.51,2,70.7797,62.726,step
2026-08-31T18:37:39.744992+00:00,66.85,-0.0859,0.8,0.0,0.0134,-0.0792,8911.75,2,74.8175,62.746,step
2026-08-31T18:37:39.746174+00:00,67.692,-0.0833,0.8,0.0,0.0184,-0.0741,9146.96,2,79.5573,62.766,step
2026-08-31T18:37:39.747377+00:00,68.544,-0.0804,0.8,0.0,0.0232,-0.0688,9415.31,2,85.2077,62.786,step
2026-08-31T18:37:39.748594+00:00,69.405,-0.0773,0.8,0.0,0.0278,-0.0634,9694.92,2,92.0685,62.806,step
2026-08-31T18:37:39.749769+00:00,70.273,-0.0739,0.8,0.0,0.0323,-0.0578,9956.17,2,100.584,62.826,step
2026-08-31T18:37:39.751225+00:00,71.146,-0.0702,0.8,0.0,0.0366,-0.0519,10201.6,2,111.42,62.846,step
2026-08-31T18:37:39.752406+00:00,72.025,-0.0662,0.8,0.0,0.0407,-0.0458,10433.1,2,123.623,62.866,step
2026-08-31T18:37:39.753625+00:00,72.907,-0.0619,0.8,0.0,0.0446,-0.0396,10652.2,2,132.418,62.886,step
2026-08-31T18:37:39.754873+00:00,73.792,-0.0572,0.8,0.0,0.0482,-0.0331,10860.2,2,139.768,62.906,step
2026-08-31T18:37:39.756222+00:00,74.679,-0.0523,0.8,0.0,0.0516,-0.0265,11058.6,2,146.373,62.926,step
2026-08-31T18:37:39.757532+00:00,75.567,-0.0471,0.8,0.0,0.0548,-0.0197,11248.8,2,152.507,62.946,step
2026-08-31T18:37:39.758947+00:00,76.456,-0.0416,0.8,0.0,0.0577,-0.0127,11432.1,2,158.313,62.966,step
2026-08-31T18:37:39.760219+00:00,77.345,-0.0358,0.8,0.0,0.0603,-0.0056,11609.5,2,163.881,62.986,step
2026-08-31T18:37:39.761482+00:00,78.233,-0.0297,0.8,0.0,0.0626,0.0016,11781.4,2,169.257,63.006,step
2026-08-31T18:37:39.762775+00:00,79.126,-0.0234,0.8,0.0,0.0646,0.0089,11939.1,2,174.462,63.026,step
2026-08-31T18:37:39.764039+00:00,80.021,-0.0169,0.8,0.0,0.0663,0.0163,12087.0,3,179.497,63.046,step
2026-08-31T18:37:39.765427+00:00,80.889,-0.0103,0.8,0.0,0.0676,0.0235,9555.53,3,184.264,63.066,step
2026-08-31T18:37:39.766764+00:00,81.388,-0.0052,0.8,0.0,0.0683,0.0289,9560.66,3,187.615,63.086,step
2026-08-31T18:37:39.768277+00:00,81.358,-0.0028,0.8,0.0,0.0683,0.0314,7446.92,3,188.83,63.106,step
2026-08-31T18:37:39.769587+00:00,81.696,-0.0013,0.8,0.0,0.0676,0.0325,7867.01,3,189.108,63.126,step
2026-08-31T18:37:39.770895+00:00,82.28,0.0002,0.8,0.0,0.0664,0.0334,7961.86,3,189.232,63.146,step
2026-08-31T18:37:39.772178+00:00,82.902,0.0017,0.8,0.0,0.0648,0.0341,8011.57,3,189.232,63.166,step
2026-08-31T18:37:39.773447+00:00,83.532,0.003,0.8,0.0,0.063,0.0345,8055.38,3,189.059,63.186,step
2026-08-31T18:37:39.774969+00:00,84.164,0.0043,0.8,0.0,0.0609,0.0347,8101.38,3,188.717,63.206,step
2026-08-31T18:37:39.776320+00:00,84.796,0.0054,0.8,0.0,0.0587,0.0347,8152.98,3,188.244,63.226,step
2026-08-31T18:37:39.777653+00:00,85.428,0.0065,0.8,0.0,0.0563,0.0346,8210.87,3,187.676,63.246,step
2026-08-31T18:37:39.778984+00:00,86.061,0.0075,0.8,0.0,0.0538,0.0344,8274.28,3,187.039,63.266,step
2026-08-31T18:37:39.780271+00:00,86.697,0.0084,0.8,0.0,0.0513,0.0341,8341.77,3,186.35,63.286,step
2026-08-31T18:37:39.781520+00:00,87.336,0.0094,0.8,0.0,0.0487,0.0337,8411.94,3,185.616,63.306,step
2026-08-31T18:37:39.782888+00:00,87.98,0.0102,0.8,0.0,0.0461,0.0333,8482.25,3,184.839,63.326,step
2026-08-31T18:37:39.784318+00:00,88.633,0.0111,0.8,0.0,0.0435,0.0328,8547.97,3,184.02,63.346,step
2026-08-31T18:37:39.785683+00:00,89.29,0.0118,0.8,0.0,0.0408,0.0322,8616.46,3,183.154,63.366,step
2026-08-31T18:37:39.786973+00:00,89.951,0.0125,0.8,0.0,0.0382,0.0316,8686.16,3,182.242,63.386,step
2026-08-31T18:37:39.788260+00:00,90.618,0.0131,0.8,0.0,0.0356,0.031,8756.44,3,181.282,63.406,step
2026-08-31T18:37:39.789558+00:00,91.289,0.0137,0.8,0.0,0.0331,0.0302,8827.01,3,180.286,63.426,step
2026-08-31T18:37:39.790884+00:00,91.967,0.0142,0.8,0.0,0.0305,0.0295,8897.82,3,179.256,63.446,step
2026-08-31T18:37:39.792314+00:00,92.649,0.0146,0.8,0.0,0.028,0.0286,8968.94,3,178.197,63.466,step
2026-08-31T18:37:39.793589+00:00,93.337,0.015,0.8,0.0,0.0256,0.0278,9040.54,3,177.105,63.486,step
2026-08-31T18:37:39.794922+00:00,94.03,0.0153,0.8,0.0,0.0232,0.0269,9112.74,3,175.985,63.506,step
2026-08-31T18:37:39.796232+00:00,94.729,0.0156,0.8,0.0,0.0208,0.026,9185.46,3,174.844,63.526,step
2026-08-31T18:37:39.797539+00:00,95.433,0.0158,0.15,0.0,0.0185,0.025,9258.92,3,173.676,63.546,step
2026-08-31T18:37:39.798824+00:00,95.757,0.0159,0.15,0.0,0.0163,0.0241,8779.72,3,172.517,63.566,step
2026-08-31T18:37:39.800295+00:00,95.763,0.0161,0.15,0.0,0.0141,0.0232,8780.71,3,171.413,63.586,step
2026-08-31T18:37:39.801607+00:00,95.77,0.0163,0.15,0.0,0.0121,0.0224,8782.64,3,170.307,63.606,step
2026-08-31T18:37:39.802881+00:00,95.778,0.0164,0.15,0.0,0.0101,0.0215,8783.68,3,169.186,63.626,step
2026-08-31T18:37:39.804212+00:00,95.786,0.0165,0.15,0.0,0.0082,0.0206,8784.57,3,168.054,63.646,step
2026-08-31T18:37:39.805557+00:00,95.794,0.0165,0.15,0.0,0.0064,0.0197,8785.2,3,166.915,63.666,step
2026-08-31T18:37:39.806855+00:00,95.802,0.0164,0.15,0.0,0.0047,0.0188,8785.72,3,165.775,63.686,step
2026-08-31T18:37:39.808115+00:00,95.81,0.0163,0.15,0.0,0.0031,0.0178,8786.25,3,164.637,63.706,step
2026-08-31T18:37:39.809519+00:00,95.818,0.0162,0.15,0.0,0.0015,0.0169,8786.85,3,163.502,63.726,step
2026-08-31T18:37:39.810757+00:00,95.826,0.016,0.15,0.0,0.0,0.016,8787.51,3,162.37,63.746,step
2026-08-31T18:37:39.812059+00:00,95.834,0.0158,0.15,0.0,-0.0014,0.0151,8788.19,3,161.242,63.766,step
2026-08-31T18:37:39.813341+00:00,95.842,0.0156,0.15,0.0,-0.0027,0.0143,8788.89,3,160.116,63.786,step
2026-08-31T18:37:39.814665+00:00,95.85,0.0153,0.15,0.0,-0.0039,0.0134,8789.62,3,158.992,63.806,step
2026-08-31T18:37:39.815947+00:00,95.858,0.015,0.15,0.0,-0.0051,0.0125,8790.36,3,157.885,63.826,step
2026-08-31T18:37:39.817308+00:00,95.865,0.0147,0.15,0.0,-0.0062,0.0116,8791.12,3,156.793,63.846,step
2026-08-31T18:37:39.818590+00:00,95.873,0.0144,0.15,0.0,-0.0072,0.0108,8791.85,3,155.708,63.866,step
2026-08-31T18:37:39.819903+00:00,95.881,0.0141,0.15,0.0,-0.0081,0.01,8792.39,3,154.64,63.886,step
2026-08-31T18:37:39.821190+00:00,95.889,0.0137,0.15,0.0,-0.009,0.0092,8793.08,3,153.591,63.906,step
2026-08-31T18:37:39.822438+00:00,95.897,0.0133,0.15,0.0,-0.0098,0.0084,8793.82,3,152.548,63.926,step
2026-08-31T18:37:39.823699+00:00,95.905,0.0129,0.15,0.0,-0.0105,0.0077,8794.61,3,151.522,63.946,step
2026-08-31T18:37:39.825031+00:00,95.912,0.0125,0.15,0.0,-0.0111,0.007,8795.35,3,150.513,63.966,step
2026-08-31T18:37:39.826614+00:00,95.92,0.0121,0.15,0.0,-0.0118,0.0063,8796.09,3,149.505,63.986,step
2026-08-31T18:37:39.828006+00:00,95.929,0.0116,0.15,0.0,-0.0123,0.0055,8796.88,3,148.411,64.008,step
2026-08-31T18:37:39.829351+00:00,95.937,0.0111,0.15,0.0,-0.0128,0.0047,8797.66,3,147.334,64.03,step
2026-08-31T18:37:39.830676+00:00,95.946,0.0106,0.15,0.0,-0.0133,0.004,8798.43,3,146.278,64.052,step
2026-08-31T18:37:39.832096+00:00,95.954,0.0101,0.15,0.0,-0.0136,0.0033,8799.2,3,145.24,64.074,step
2026-08-31T18:37:39.833463+00:00,95.963,0.0096,0.15,0.0,-0.0139,0.0027,8799.96,3,144.225,64.096,step
2026-08-31T18:37:39.834929+00:00,95.971,0.0091,0.15,0.0,-0.0142,0.002,8800.73,3,143.229,64.118,step
2026-08-31T18:37:39.836355+00:00,95.98,0.0086,0.15,0.0,-0.0144,0.0014,8801.51,3,142.256,64.14,step
2026-08-31T18:37:39.837713+00:00,95.988,0.0081,0.15,0.0,-0.0145,0.0009,8802.15,3,141.304,64.162,step
2026-08-31T18:37:39.839111+00:00,95.997,0.0076,0.15,0.0,-0.0146,0.0003,8802.93,3,140.376,64.184,step
2026-08-31T18:37:39.840383+00:00,96.005,0.0071,0.15,0.0,-0.0146,-0.0002,8803.74,3,139.466,64.206,step
2026-08-31T18:37:39.841788+00:00,96.014,0.0066,0.15,0.0,-0.0146,-0.0007,8804.56,3,138.578,64.228,step
2026-08-31T18:37:39.843321+00:00,96.022,0.0061,0.15,0.0,-0.0145,-0.0011,8805.35,3,137.708,64.25,step
2026-08-31T18:37:39.844634+00:00,96.03,0.0057,0.15,0.0,-0.0144,-0.0015,8806.13,3,136.86,64.272,step
2026-08-31T18:37:39.845985+00:00,96.039,0.0052,0.15,0.0,-0.0142,-0.0019,8806.89,3,136.028,64.294,step
2026-08-31T18:37:39.847360+00:00,96.047,0.0048,0.15,0.0,-0.014,-0.0022,8807.65,3,135.219,64.316,step
2026-08-31T18:37:39.848719+00:00,96.055,0.0043,0.15,0.0,-0.0138,-0.0026,8808.41,3,134.43,64.338,step
2026-08-31T18:37:39.850323+00:00,96.064,0.0039,0.15,0.0,-0.0135,-0.0029,8809.16,3,133.663,64.36,step
2026-08-31T18:37:39.851748+00:00,96.072,0.0035,0.15,0.0,-0.0133,-0.0031,8809.92,3,132.917,64.382,step
2026-08-31T18:37:39.853116+00:00,96.081,0.0031,0.15,0.0,-0.0129,-0.0034,8810.67,3,132.179,64.404,step
2026-08-31T18:37:39.854482+00:00,96.089,0.0027,0.15,0.0,-0.0126,-0.0036,8811.38,3,131.459,64.426,step
2026-08-31T18:37:39.855834+00:00,96.097,0.0024,0.15,0.0,-0.0122,-0.0038,8812.13,3,130.756,64.448,step
2026-08-31T18:37:39.857210+00:00,96.105,0.002,0.15,0.0,-0.0119,-0.0039,8812.89,3,130.07,64.47,step
2026-08-31T18:37:39.858739+00:00,96.114,0.0017,0.15,0.0,-0.0115,-0.0041,8813.67,3,129.4,64.492,step
2026-08-31T18:37:39.860061+00:00,96.122,0.0014,0.15,0.0,-0.0111,-0.0042,8814.43,3,128.736,64.514,step
2026-08-31T18:37:39.861417+00:00,96.13,0.0011,0.15,0.0,-0.0107,-0.0043,8815.19,3,128.09,64.536,step
2026-08-31T18:37:39.862806+00:00,96.138,0.0008,0.15,0.0,-0.0103,-0.0043,8815.94,3,127.459,64.558,step
2026-08-31T18:37:39.864175+00:00,96.146,0.0005,0.15,0.0,-0.0098,-0.0044,8816.69,3,126.83,64.58,step
2026-08-31T18:37:39.865616+00:00,96.154,0.0002,0.15,0.0,-0.0094,-0.0045,8817.43,3,126.202,64.602,step
2026-08-31T18:37:39.867238+00:00,96.163,-0.0,0.15,0.0,-0.009,-0.0045,8818.17,3,125.589,64.624,step
2026-08-31T18:37:39.868666+00:00,96.171,-0.0003,0.15,0.0,-0.0085,-0.0045,8818.91,3,124.991,64.646,step
2026-08-31T18:37:39.870028+00:00,96.179,-0.0005,0.15,0.0,-0.0081,-0.0045,8819.65,3,124.4,64.668,step
2026-08-31T18:37:39.871397+00:00,96.187,-0.0007,0.15,0.0,-0.0076,-0.0045,8820.41,3,123.825,64.69,step
2026-08-31T18:37:39.872715+00:00,96.195,-0.0009,0.15,0.0,-0.0072,-0.0045,8821.15,3,123.268,64.712,step
2026-08-31T18:37:39.874153+00:00,96.203,-0.0011,0.15,0.0,-0.0067,-0.0044,8821.88,3,122.716,64.734,step
2026-08-31T18:37:39.875670+00:00,96.211,-0.0012,0.15,0.0,-0.0062,-0.0043,8822.6,3,122.166,64.756,step
2026-08-31T18:37:39.877006+00:00,96.219,-0.0014,0.15,0.0,-0.0058,-0.0043,8823.33,3,121.617,64.778,step
2026-08-31T18:37:39.878363+00:00,96.227,-0.0015,0.15,0.0,-0.0054,-0.0042,8824.05,3,121.069,64.8,step
2026-08-31T18:37:39.879739+00:00,96.235,-0.0016,0.15,0.0,-0.005,-0.0041,8824.78,3,120.521,64.822,step
2026-08-31T18:37:39.881138+00:00,96.243,-0.0017,0.0,0.15,-0.0046,-0.004,8825.51,3,119.986,64.844,step
2026-08-31T18:37:39.882497+00:00,95.808,-0.0018,0.0,0.15,-0.0043,-0.0039,8638.05,3,119.478,64.866,step
2026-08-31T18:37:39.883979+00:00,95.171,-0.0018,0.0,0.15,-0.0039,-0.0037,8576.78,3,119.004,64.888,step
2026-08-31T18:37:39.885337+00:00,94.536,-0.0017,0.0,0.15,-0.0035,-0.0035,8517.47,3,118.546,64.91,step
2026-08-31T18:37:39.886661+00:00,93.903,-0.0017,0.0,0.15,-0.0032,-0.0033,8460.32,3,118.097,64.932,step
2026-08-31T18:37:39.888020+00:00,93.274,-0.0016,0.0,0.15,-0.0029,-0.003,8404.47,3,117.653,64.954,step
2026-08-31T18:37:39.889302+00:00,92.648,-0.0015,0.0,0.15,-0.0026,-0.0028,8348.91,3,117.211,64.976,step
2026-08-31T18:37:39.890658+00:00,92.025,-0.0014,0.0,0.15,-0.0023,-0.0026,8293.99,3,116.772,64.998,step
2026-08-31T18:37:39.892392+00:00,91.404,-0.0014,0.15,0.0,-0.002,-0.0024,8239.04,3,116.319,65.02,step
2026-08-31T18:37:39.893756+00:00,91.23,-0.0013,0.15,0.0,-0.0018,-0.0022,8370.78,3,115.838,65.042,step
2026-08-31T18:37:39.895111+00:00,91.249,-0.0014,0.15,0.0,-0.0015,-0.0021,8370.62,3,115.326,65.064,step
2026-08-31T18:37:39.896407+00:00,91.268,-0.0014,0.15,0.0,-0.0013,-0.0021,8370.89,3,114.804,65.086,step
2026-08-31T18:37:39.897719+00:00,91.286,-0.0015,0.15,0.0,-0.0011,-0.002,8371.87,3,114.281,65.108,step
2026-08-31T18:37:39.899087+00:00,91.304,-0.0015,0.15,0.0,-0.0009,-0.0019,8373.47,3,113.755,65.13,step
2026-08-31T18:37:39.900660+00:00,91.322,-0.0015,0.15,0.0,-0.0007,-0.0019,8375.52,3,113.242,65.152,step
2026-08-31T18:37:39.902019+00:00,91.339,-0.0015,0.15,0.0,-0.0005,-0.0018,8377.83,3,112.74,65.174,step
2026-08-31T18:37:39.903397+00:00,91.357,-0.0015,0.15,0.0,-0.0003,-0.0017,8379.81,3,112.228,65.196,step
2026-08-31T18:37:39.904733+00:00,91.375,-0.0015,0.15,0.0,-0.0002,-0.0016,8381.52,3,111.707,65.218,step
2026-08-31T18:37:39.906081+00:00,91.392,-0.0015,0.15,0.0,-0.0001,-0.0015,8383.08,3,111.198,65.24,step
2026-08-31T18:37:39.907398+00:00,91.41,-0.0014,0.15,0.0,0.0001,-0.0014,8384.8,3,110.685,65.262,step
2026-08-31T18:37:39.909180+00:00,91.428,-0.0014,0.15,0.0,0.0002,-0.0013,8386.24,3,110.165,65.284,step
2026-08-31T18:37:39.910531+00:00,91.446,-0.0014,0.15,0.0,0.0003,-0.0013,8387.75,3,109.641,65.306,step
2026-08-31T18:37:39.911845+00:00,91.463,-0.0014,0.15,0.0,0.0005,-0.0012,8389.28,3,109.115,65.328,step
2026-08-31T18:37:39.913146+00:00,91.481,-0.0014,0.15,0.0,0.0006,-0.0011,8390.83,3,108.588,65.35,step
2026-08-31T18:37:39.914454+00:00,91.498,-0.0014,0.15,0.0,0.0007,-0.0011,8392.41,3,108.063,65.372,step
2026-08-31T18:37:39.915782+00:00,91.516,-0.0014,0.15,0.0,0.0008,-0.001,8394.03,3,107.536,65.394,step
2026-08-31T18:37:39.917381+00:00,91.533,-0.0014,0.15,0.0,0.0008,-0.0009,8395.68,3,107.01,65.416,step
2026-08-31T18:37:39.918715+00:00,91.551,-0.0013,0.15,0.0,0.0009,-0.0009,8397.35,3,106.483,65.438,step
2026-08-31T18:37:39.920049+00:00,91.569,-0.0013,0.15,0.0,0.001,-0.0008,8399.0,3,105.956,65.46,step
2026-08-31T18:37:39.921383+00:00,91.586,-0.0013,0.15,0.0,0.0011,-0.0007,8400.62,3,105.428,65.482,step
2026-08-31T18:37:39.922829+00:00,91.604,-0.0013,0.15,0.0,0.0012,-0.0007,8402.2,3,104.9,65.504,step
2026-08-31T18:37:39.924127+00:00,91.621,-0.0012,0.15,0.0,0.0012,-0.0006,8403.92,3,104.372,65.526,step
2026-08-31T18:37:39.925505+00:00,91.639,-0.0012,0.15,0.0,0.0013,-0.0005,8406.02,3,103.844,65.548,step
2026-08-31T18:37:39.926867+00:00,91.657,-0.0011,0.15,0.0,0.0013,-0.0005,8407.33,3,103.315,65.57,step
2026-08-31T18:37:39.928174+00:00,91.674,-0.0011,0.15,0.0,0.0014,-0.0004,8408.76,3,102.787,65.592,step
2026-08-31T18:37:39.929495+00:00,91.692,-0.0011,0.15,0.0,0.0014,-0.0003,8410.21,3,102.258,65.614,step
2026-08-31T18:37:39.930799+00:00,91.71,-0.001,0.15,0.0,0.0014,-0.0003,8411.69,3,101.729,65.636,step
2026-08-31T18:37:39.932140+00:00,91.727,-0.0009,0.15,0.0,0.0014,-0.0002,8413.24,3,101.2,65.658,step
2026-08-31T18:37:39.933510+00:00,91.745,-0.0009,0.15,0.0,0.0015,-0.0002,8414.83,3,100.669,65.68,step
2026-08-31T18:37:39.934950+00:00,91.762,-0.0008,0.15,0.0,0.0015,-0.0001,8416.49,3,100.139,65.702,step
2026-08-31T18:37:39.936315+00:00,91.779,-0.0008,0.15,0.0,0.0015,-0.0,8418.19,3,99.6076,65.724,step
2026-08-31T18:37:39.937664+00:00,91.797,-0.0007,0.15,0.0,0.0015,0.0,8419.86,3,99.0764,65.746,step
2026-08-31T18:37:39.938961+00:00,91.815,-0.0007,0.15,0.0,0.0015,0.0001,8421.48,3,98.5448,65.768,step
2026-08-31T18:37:39.940339+00:00,91.832,-0.0006,0.15,0.0,0.0015,0.0002,8423.06,3,98.0142,65.79,step
2026-08-31T18:37:39.941629+00:00,91.85,-0.0005,0.15,0.0,0.0014,0.0002,8425.53,3,97.484,65.812,step
2026-08-31T18:37:39.943106+00:00,91.867,-0.0004,0.15,0.0,0.0014,0.0003,8426.96,3,96.9411,65.834,step
2026-08-31T18:37:39.944410+00:00,91.885,-0.0004,0.15,0.0,0.0014,0.0003,8428.23,3,96.3857,65.856,step
2026-08-31T18:37:39.945694+00:00,91.903,-0.0004,0.15,0.0,0.0014,0.0003,8429.62,3,95.8261,65.878,step
2026-08-31T18:37:39.946964+00:00,91.921,-0.0004,0.15,0.0,0.0014,0.0003,8431.03,3,95.2646,65.9,step
2026-08-31T18:37:39.948238+00:00,91.938,-0.0004,0.15,0.0,0.0014,0.0003,8432.51,3,94.7031,65.922,step
2026-08-31T18:37:39.949544+00:00,91.956,-0.0004,0.15,0.0,0.0013,0.0003,8434.05,3,94.1414,65.944,step
2026-08-31T18:37:39.951123+00:00,91.973,-0.0003,0.15,0.0,0.0013,0.0003,8435.66,3,93.579,65.966,step
2026-08-31T18:37:39.952488+00:00,91.99,-0.0003,0.15,0.0,0.0012,0.0003,8437.34,3,93.017,65.988,step
2026-08-31T18:37:39.953825+00:00,92.008,-0.0003,0.0,0.15,0.0012,0.0003,8439.03,3,92.4552,66.01,step
2026-08-31T18:37:39.955128+00:00,91.584,-0.0003,0.15,0.0,0.0012,0.0003,8260.27,3,91.8867,66.032,step
2026-08-31T18:37:39.956425+00:00,91.406,-0.0003,0.15,0.0,0.0011,0.0003,8386.23,3,91.3167,66.054,step
2026-08-31T18:37:39.957775+00:00,91.425,-0.0003,0.15,0.0,0.0011,0.0003,8386.76,3,90.7554,66.076,step
2026-08-31T18:37:39.959357+00:00,91.443,-0.0003,0.15,0.0,0.001,0.0002,8388.34,3,90.1956,66.098,step
2026-08-31T18:37:39.960651+00:00,91.462,-0.0003,0.15,0.0,0.001,0.0002,8389.58,3,89.6357,66.12,step
2026-08-31T18:37:39.961958+00:00,91.481,-0.0003,0.15,0.0,0.001,0.0002,8390.88,3,89.0762,66.142,step
2026-08-31T18:37:39.963283+00:00,91.5,-0.0003,0.15,0.0,0.001,0.0002,8392.34,3,88.5171,66.164,step
2026-08-31T18:37:39.964569+00:00,91.518,-0.0003,0.15,0.0,0.001,0.0002,8393.96,3,87.9581,66.186,step
2026-08-31T18:37:39.965936+00:00,91.537,-0.0002,0.15,0.0,0.001,0.0002,8395.7,3,87.3988,66.208,step
2026-08-31T18:37:39.967419+00:00,91.555,-0.0002,0.15,0.0,0.0009,0.0002,8397.55,3,86.8398,66.23,step
2026-08-31T18:37:39.968730+00:00,91.573,-0.0002,0.15,0.0,0.0009,0.0002,8399.36,3,86.2806,66.252,step
2026-08-31T18:37:39.970084+00:00,91.592,-0.0002,0.15,0.0,0.0009,0.0002,8401.09,3,85.7214,66.274,step
2026-08-31T18:37:39.971403+00:00,91.61,-0.0002,0.15,0.0,0.0008,0.0002,8402.78,3,85.1615,66.296,step
2026-08-31T18:37:39.972726+00:00,91.629,-0.0002,0.15,0.0,0.0008,0.0002,8404.44,3,84.6008,66.318,step
2026-08-31T18:37:39.974134+00:00,91.647,-0.0002,0.15,0.0,0.0008,0.0002,8406.09,3,84.0404,66.34,step
2026-08-31T18:37:39.975564+00:00,91.665,-0.0002,0.15,0.0,0.0008,0.0002,8407.74,3,83.48,66.362,step
2026-08-31T18:37:39.976958+00:00,91.683,-0.0001,0.15,0.0,0.0008,0.0002,8409.57,3,82.9207,66.384,step
2026-08-31T18:37:39.978251+00:00,91.702,-0.0001,0.15,0.0,0.0007,0.0002,8411.16,3,82.3608,66.406,step
2026-08-31T18:37:39.979571+00:00,91.72,-0.0001,0.15,0.0,0.0007,0.0002,8412.78,3,81.8002,66.428,step
2026-08-31T18:37:39.980933+00:00,91.738,-0.0001,0.15,0.0,0.0007,0.0002,8414.41,3,81.2395,66.45,step
2026-08-31T18:37:39.982266+00:00,91.757,-0.0001,0.15,0.0,0.0007,0.0002,8416.04,3,80.6791,66.472,step
2026-08-31T18:37:39.983709+00:00,91.775,-0.0001,0.15,0.0,0.0006,0.0002,8417.68,3,80.1183,66.494,step
2026-08-31T18:37:39.985105+00:00,91.793,-0.0001,0.15,0.0,0.0007,0.0002,8419.33,3,79.5565,66.516,step
2026-08-31T18:37:39.986426+00:00,91.811,-0.0001,0.15,0.0,0.0007,0.0002,8420.98,3,78.995,66.538,step
2026-08-31T18:37:39.987764+00:00,91.829,-0.0001,0.15,0.0,0.0006,0.0002,8422.62,3,78.4343,66.56,step
2026-08-31T18:37:39.989073+00:00,91.847,-0.0,0.15,0.0,0.0005,0.0002,8424.27,3,77.874,66.582,step
2026-08-31T18:37:39.990335+00:00,91.865,-0.0,0.15,0.0,0.0005,0.0002,8425.91,3,77.3131,66.604,step
2026-08-31T18:37:39.991812+00:00,91.882,0.0,0.15,0.0,0.0005,0.0002,8427.54,3,76.7511,66.626,step
2026-08-31T18:37:39.993158+00:00,91.9,0.0,0.15,0.0,0.0005,0.0002,8429.15,3,76.1892,66.648,step
2026-08-31T18:37:39.994453+00:00,91.918,0.0,0.15,0.0,0.0005,0.0002,8430.66,3,75.6274,66.67,step
2026-08-31T18:37:39.995735+00:00,91.936,0.0,0.15,0.0,0.0005,0.0002,8432.3,3,75.0655,66.692,step
2026-08-31T18:37:39.997011+00:00,91.953,0.0,0.15,0.0,0.0005,0.0002,8433.97,3,74.5034,66.714,step
2026-08-31T18:37:39.998258+00:00,91.971,0.0,0.15,0.0,0.0004,0.0002,8435.63,3,73.9413,66.736,step
2026-08-31T18:37:39.999868+00:00,91.989,0.0001,0.15,0.0,0.0004,0.0002,8437.27,3,73.3798,66.758,step
2026-08-31T18:37:40.001188+00:00,92.006,0.0001,0.0,0.15,0.0003,0.0002,8438.88,3,72.8179,66.78,step
2026-08-31T18:37:40.002527+00:00,91.581,0.0001,0.15,0.0,0.0003,0.0002,8260.16,3,72.2506,66.802,step
2026-08-31T18:37:40.003833+00:00,91.404,0.0001,0.15,0.0,0.0003,0.0002,8385.99,3,71.6832,66.824,step
2026-08-31T18:37:40.005157+00:00,91.423,0.0001,0.15,0.0,0.0002,0.0002,8386.53,3,71.1228,66.846,step
2026-08-31T18:37:40.006489+00:00,91.442,0.0001,0.15,0.0,0.0002,0.0002,8387.67,3,70.5631,66.868,step
2026-08-31T18:37:40.007867+00:00,91.46,0.0001,0.15,0.0,0.0002,0.0002,8388.9,3,70.0037,66.89,step
2026-08-31T18:37:40.009436+00:00,91.479,0.0001,0.15,0.0,0.0002,0.0002,8390.32,3,69.4445,66.912,step
2026-08-31T18:37:40.010710+00:00,91.497,0.0001,0.15,0.0,0.0002,0.0002,8391.61,3,68.8854,66.934,step
2026-08-31T18:37:40.011976+00:00,91.515,0.0001,0.15,0.0,0.0002,0.0002,8393.29,3,68.326,66.956,step
2026-08-31T18:37:40.013244+00:00,91.534,0.0001,0.15,0.0,0.0002,0.0002,8395.26,3,67.7665,66.978,step
2026-08-31T18:37:40.014531+00:00,91.552,0.0001,0.15,0.0,0.0001,0.0002,8397.27,3,67.2074,67.0,step
2026-08-31T18:37:40.015891+00:00,91.57,0.0001,0.15,0.0,0.0001,0.0002,8399.11,3,66.6483,67.022,step
2026-08-31T18:37:40.017243+00:00,91.588,0.0002,0.15,0.0,0.0,0.0002,8400.82,3,66.0892,67.044,step
2026-08-31T18:37:40.018600+00:00,91.606,0.0002,0.15,0.0,0.0,0.0002,8402.45,3,65.5294,67.066,step
2026-08-31T18:37:40.019937+00:00,91.624,0.0002,0.15,0.0,0.0,0.0002,8404.06,3,64.9689,67.088,step
2026-08-31T18:37:40.021266+00:00,91.642,0.0002,0.15,0.0,0.0,0.0002,8405.62,3,64.4085,67.11,step
2026-08-31T18:37:40.022570+00:00,91.66,0.0002,0.15,0.0,0.0001,0.0002,8407.19,3,63.8478,67.132,step
2026-08-31T18:37:40.023879+00:00,91.677,0.0002,0.15,0.0,0.0,0.0002,8408.75,3,63.2884,67.154,step
2026-08-31T18:37:40.025433+00:00,91.695,0.0002,0.15,0.0,-0.0,0.0002,8410.34,3,62.7285,67.176,step
2026-08-31T18:37:40.026735+00:00,91.712,0.0002,0.15,0.0,-0.0001,0.0002,8411.96,3,62.1681,67.198,step
2026-08-31T18:37:40.028040+00:00,91.73,0.0002,0.15,0.0,-0.0001,0.0002,8412.92,3,61.6076,67.22,step
2026-08-31T18:37:40.029357+00:00,91.748,0.0002,0.15,0.0,-0.0001,0.0002,8414.53,3,61.0471,67.242,step
2026-08-31T18:37:40.030704+00:00,91.765,0.0003,0.15,0.0,-0.0001,0.0002,8416.38,3,60.4866,67.264,step
2026-08-31T18:37:40.032038+00:00,91.782,0.0003,0.15,0.0,-0.0001,0.0002,8418.27,3,59.9254,67.286,step
2026-08-31T18:37:40.033327+00:00,91.799,0.0002,0.0,0.15,-0.0001,0.0002,8420.02,3,59.3633,67.308,step
2026-08-31T18:37:40.034842+00:00,91.374,0.0002,0.0,0.15,-0.0001,0.0002,8241.4,3,58.7969,67.33,step
2026-08-31T18:37:40.036187+00:00,90.755,0.0002,0.0,0.15,-0.0001,0.0001,8182.01,3,58.2254,67.352,step
2026-08-31T18:37:40.037518+00:00,90.137,0.0001,0.0,0.15,-0.0001,0.0,8124.5,3,57.6548,67.374,step
2026-08-31T18:37:40.038849+00:00,89.52,0.0,0.0,0.15,-0.0001,-0.0,8068.93,3,57.0873,67.396,step
2026-08-31T18:37:40.040228+00:00,88.908,-0.0,0.0,0.15,-0.0001,-0.0001,8014.74,3,56.5236,67.418,step
2026-08-31T18:37:40.041617+00:00,88.3,-0.0005,0.0,0.15,-0.0001,-0.0006,7960.98,3,55.9641,67.44,step
2026-08-31T18:37:40.043167+00:00,87.693,-0.0027,0.0,0.15,-0.0,-0.0027,7907.28,3,55.4159,67.462,step
2026-08-31T18:37:40.044586+00:00,87.09,-0.0049,0.0,0.15,0.0003,-0.0047,7853.54,3,54.8912,67.484,step
2026-08-31T18:37:40.045998+00:00,86.486,-0.007,0.0,0.15,0.0008,-0.0066,7801.75,3,54.3983,67.506,step
2026-08-31T18:37:40.047364+00:00,85.886,-0.0091,0.0,0.15,0.0014,-0.0084,7747.97,3,53.9393,67.528,step
2026-08-31T18:37:40.048814+00:00,85.289,-0.0111,0.0,0.15,0.0022,-0.01,7693.46,3,53.5138,67.55,step
2026-08-31T18:37:40.050419+00:00,84.693,-0.013,0.0,0.15,0.0031,-0.0115,7639.26,3,53.1249,67.572,step
2026-08-31T18:37:40.051896+00:00,84.099,-0.0148,0.0,0.15,0.0041,-0.0128,7585.58,3,52.7823,67.594,step
2026-08-31T18:37:40.053293+00:00,83.507,-0.0165,0.0,0.15,0.0052,-0.0139,7532.36,3,52.479,67.616,step
2026-08-31T18:37:40.054683+00:00,82.916,-0.0181,0.0,0.15,0.0064,-0.0149,7479.47,3,52.2102,67.638,step
2026-08-31T18:37:40.056100+00:00,82.328,-0.0196,0.0,0.15,0.0077,-0.0157,7426.85,3,51.9671,67.66,step
2026-08-31T18:37:40.057478+00:00,81.741,-0.021,0.0,0.15,0.009,-0.0165,7374.41,3,51.7491,67.682,step
2026-08-31T18:37:40.059094+00:00,81.155,-0.0223,0.0,0.15,0.0104,-0.0171,7322.09,3,51.5535,67.704,step
2026-08-31T18:37:40.060501+00:00,80.572,-0.0236,0.0,0.15,0.0118,-0.0177,7269.89,3,51.3759,67.726,step
2026-08-31T18:37:40.061947+00:00,79.992,-0.0248,0.0,0.15,0.0133,-0.0182,7217.91,2,51.2206,67.748,step
2026-08-31T18:37:40.063353+00:00,79.434,-0.026,0.0,0.15,0.0147,-0.0186,9070.99,2,51.0831,67.77,step
2026-08-31T18:37:40.064774+00:00,78.892,-0.0271,0.0,0.15,0.0162,-0.019,9047.21,2,50.9551,67.792,step
2026-08-31T18:37:40.066264+00:00,78.306,-0.0281,0.0,0.15,0.0177,-0.0193,8869.63,2,50.8423,67.814,step
2026-08-31T18:37:40.067811+00:00,77.663,-0.0291,0.8,0.0,0.0192,-0.0195,8797.8,2,50.7588,67.836,step
2026-08-31T18:37:40.069182+00:00,78.018,-0.0299,0.0,0.15,0.0208,-0.0195,9953.78,2,50.6954,67.858,step
2026-08-31T18:37:40.070603+00:00,78.03,-0.0307,0.0,0.15,0.0223,-0.0195,8852.82,2,50.6502,67.88,step
2026-08-31T18:37:40.071973+00:00,77.387,-0.0316,0.8,0.0,0.0239,-0.0196,8777.54,2,50.5883,67.902,step
2026-08-31T18:37:40.073306+00:00,77.754,-0.0323,0.8,0.0,0.0254,-0.0196,9892.38,2,50.5414,67.924,step
2026-08-31T18:37:40.074740+00:00,78.607,-0.0329,0.0,0.15,0.027,-0.0194,10346.7,2,50.5509,67.946,step
2026-08-31T18:37:40.076322+00:00,78.8,-0.0334,0.0,0.15,0.0286,-0.0192,8943.42,2,50.5659,67.968,step
2026-08-31T18:37:40.077693+00:00,78.145,-0.0342,0.0,0.15,0.0301,-0.0192,8861.89,2,50.5222,67.99,step
2026-08-31T18:37:40.079103+00:00,77.496,-0.0349,0.8,0.0,0.0317,-0.0191,8777.95,2,50.493,68.012,step
2026-08-31T18:37:40.080507+00:00,77.831,-0.0355,0.0,0.15,0.0332,-0.0189,9956.15,2,50.5059,68.034,step
2026-08-31T18:37:40.081982+00:00,77.853,-0.0358,0.0,0.15,0.0347,-0.0185,8830.14,2,50.5496,68.056,step
2026-08-31T18:37:40.083472+00:00,77.208,-0.0363,0.8,0.0,0.0361,-0.0182,8750.16,2,50.5753,68.078,step
2026-08-31T18:37:40.085094+00:00,77.562,-0.0366,0.8,0.0,0.0375,-0.0179,9895.48,2,50.6185,68.1,step
2026-08-31T18:37:40.086490+00:00,78.403,-0.0367,0.0,0.15,0.039,-0.0172,10369.3,2,50.7303,68.122,step
2026-08-31T18:37:40.087908+00:00,78.616,-0.0368,0.0,0.15,0.0404,-0.0166,8923.13,2,50.8449,68.144,step
2026-08-31T18:37:40.089329+00:00,77.964,-0.0372,0.8,0.0,0.0418,-0.0163,8843.85,2,50.8695,68.166,step
2026-08-31T18:37:40.090712+00:00,78.319,-0.0376,0.0,0.15,0.0431,-0.016,9964.17,2,50.8958,68.188,step
2026-08-31T18:37:40.092349+00:00,78.32,-0.0379,0.8,0.0,0.0444,-0.0157,8884.08,2,50.9531,68.21,step
2026-08-31T18:37:40.093703+00:00,78.682,-0.0381,0.0,0.15,0.0457,-0.0153,9993.57,2,50.9989,68.232,step
2026-08-31T18:37:40.095086+00:00,78.675,-0.0383,0.0,0.15,0.0469,-0.0149,8923.85,2,51.0668,68.254,step
2026-08-31T18:37:40.096484+00:00,78.024,-0.0386,0.8,0.0,0.0481,-0.0145,8840.99,2,51.1157,68.276,step
2026-08-31T18:37:40.097838+00:00,78.368,-0.0387,0.8,0.0,0.0492,-0.0141,9998.81,2,51.1946,68.298,step
2026-08-31T18:37:40.099222+00:00,79.205,-0.0385,0.0,0.15,0.0504,-0.0133,10477.3,2,51.3539,68.32,step
2026-08-31T18:37:40.100712+00:00,79.422,-0.0383,0.0,0.15,0.0515,-0.0125,9013.2,2,51.513,68.342,step
2026-08-31T18:37:40.102118+00:00,78.765,-0.0384,0.8,0.0,0.0526,-0.0121,8931.45,2,51.5727,68.364,step
2026-08-31T18:37:40.103533+00:00,79.116,-0.0386,0.8,0.0,0.0536,-0.0118,10062.3,2,51.6348,68.386,step
2026-08-31T18:37:40.104976+00:00,79.964,-0.0384,0.0,0.15,0.0546,-0.0111,10519.9,2,51.781,68.408,step
2026-08-31T18:37:40.106377+00:00,80.156,-0.0381,0.0,0.15,0.0556,-0.0103,9094.69,3,51.934,68.43,step
2026-08-31T18:37:40.107867+00:00,79.565,-0.0382,0.15,0.0,0.0565,-0.01,7202.56,2,51.9892,68.452,step
2026-08-31T18:37:40.109454+00:00,79.357,-0.0384,0.8,0.0,0.0574,-0.0097,7217.1,2,52.0379,68.474,step
2026-08-31T18:37:40.110837+00:00,79.305,-0.0384,0.8,0.0,0.0581,-0.0093,9154.73,2,52.1078,68.496,step
2026-08-31T18:37:40.112239+00:00,79.243,-0.0384,0.8,0.0,0.0589,-0.0089,9162.47,2,52.1835,68.518,step
2026-08-31T18:37:40.113674+00:00,79.184,-0.0383,0.8,0.0,0.0595,-0.0086,9129.17,2,52.2603,68.54,step
2026-08-31T18:37:40.115092+00:00,79.734,-0.0382,0.15,0.0,0.0602,-0.0082,10125.2,2,52.3427,68.562,step
2026-08-31T18:37:40.116544+00:00,80.229,-0.0381,0.15,0.0,0.0608,-0.0077,9288.37,3,52.4382,68.584,step
2026-08-31T18:37:40.118137+00:00,80.198,-0.0382,0.15,0.0,0.0614,-0.0075,7373.26,3,52.4601,68.606,step
2026-08-31T18:37:40.119530+00:00,80.135,-0.0383,0.15,0.0,0.062,-0.0074,7387.41,3,52.49,68.628,step
2026-08-31T18:37:40.120905+00:00,80.096,-0.0384,0.15,0.0,0.0625,-0.0071,7331.32,3,52.5334,68.65,step
2026-08-31T18:37:40.122279+00:00,80.105,-0.0384,0.15,0.0,0.063,-0.0069,7351.81,3,52.5641,68.672,step
2026-08-31T18:37:40.123652+00:00,80.138,-0.0386,0.15,0.0,0.0635,-0.0068,7354.71,3,52.5757,68.694,step
2026-08-31T18:37:40.125265+00:00,80.172,-0.0387,0.15,0.0,0.0639,-0.0067,7357.5,3,52.5882,68.716,step
2026-08-31T18:37:40.126667+00:00,80.205,-0.0388,0.15,0.0,0.0644,-0.0066,7360.31,3,52.6043,68.738,step
2026-08-31T18:37:40.128095+00:00,80.238,-0.0389,0.15,0.0,0.0648,-0.0065,7363.22,3,52.6198,68.76,step
2026-08-31T18:37:40.129524+00:00,80.271,-0.039,0.15,0.0,0.0653,-0.0064,7366.15,3,52.635,68.782,step
2026-08-31T18:37:40.130986+00:00,80.304,-0.0391,0.15,0.0,0.0657,-0.0063,7369.11,3,52.6495,68.804,step
2026-08-31T18:37:40.132445+00:00,80.338,-0.0392,0.15,0.0,0.0661,-0.0062,7372.11,3,52.6627,68.826,step
2026-08-31T18:37:40.133957+00:00,80.371,-0.0393,0.15,0.0,0.0664,-0.0061,7375.16,3,52.6756,68.848,step
2026-08-31T18:37:40.135335+00:00,80.403,-0.0394,0.15,0.0,0.0668,-0.006,7378.23,3,52.6889,68.87,step
2026-08-31T18:37:40.136685+00:00,80.436,-0.0395,0.15,0.0,0.0672,-0.0059,7381.28,3,52.702,68.892,step
2026-08-31T18:37:40.138076+00:00,80.469,-0.0396,0.15,0.0,0.0676,-0.0058,7384.32,3,52.7215,68.914,step
2026-08-31T18:37:40.139443+00:00,80.502,-0.0396,0.15,0.0,0.0679,-0.0057,7387.33,3,52.7472,68.936,step
2026-08-31T18:37:40.140811+00:00,80.535,-0.0396,0.15,0.0,0.0682,-0.0055,7390.32,3,52.7744,68.958,step
2026-08-31T18:37:40.142249+00:00,80.567,-0.0396,0.15,0.0,0.0686,-0.0054,7393.31,3,52.803,68.98,step
2026-08-31T18:37:40.143638+00:00,80.6,-0.0396,0.15,0.0,0.0689,-0.0052,7396.29,3,52.8322,69.002,step
2026-08-31T18:37:40.145009+00:00,80.633,-0.0396,0.15,0.0,0.0692,-0.0051,7399.27,3,52.8611,69.024,step
2026-08-31T18:37:40.146410+00:00,80.665,-0.0396,0.15,0.0,0.0695,-0.0049,7402.25,3,52.8905,69.046,step
2026-08-31T18:37:40.147824+00:00,80.698,-0.0396,0.15,0.0,0.0698,-0.0048,7405.23,3,52.9208,69.068,step
2026-08-31T18:37:40.149234+00:00,80.731,-0.0396,0.15,0.0,0.07,-0.0046,7408.2,3,52.9509,69.09,step
2026-08-31T18:37:40.150791+00:00,80.763,-0.0396,0.15,0.0,0.0703,-0.0045,7411.18,3,52.9812,69.112,step
2026-08-31T18:37:40.152204+00:00,80.796,-0.0396,0.15,0.0,0.0705,-0.0043,7414.17,3,53.0121,69.134,step
2026-08-31T18:37:40.153640+00:00,80.828,-0.0395,0.15,0.0,0.0707,-0.0042,7417.15,3,53.0424,69.156,step
2026-08-31T18:37:40.155038+00:00,80.86,-0.0395,0.15,0.0,0.071,-0.004,7420.13,3,53.0734,69.178,step
2026-08-31T18:37:40.156507+00:00,80.893,-0.0395,0.15,0.0,0.0712,-0.0039,7423.09,3,53.0992,69.2,step
2026-08-31T18:37:40.157925+00:00,80.925,-0.0395,0.15,0.0,0.0714,-0.0038,7426.05,3,53.1203,69.222,step
2026-08-31T18:37:40.159550+00:00,80.957,-0.0395,0.15,0.0,0.0716,-0.0037,7429.3,3,53.1402,69.244,step
2026-08-31T18:37:40.160909+00:00,80.99,-0.0395,0.15,0.0,0.0717,-0.0036,7432.15,3,53.1624,69.266,step
2026-08-31T18:37:40.162314+00:00,81.022,-0.0394,0.15,0.0,0.0719,-0.0035,7435.03,3,53.1889,69.288,step
2026-08-31T18:37:40.163654+00:00,81.055,-0.0394,0.15,0.0,0.0721,-0.0034,7437.92,3,53.2209,69.31,step
2026-08-31T18:37:40.164982+00:00,81.087,-0.0394,0.15,0.0,0.0722,-0.0033,7440.82,3,53.2579,69.332,step
2026-08-31T18:37:40.166319+00:00,81.119,-0.0394,0.15,0.0,0.0724,-0.0032,7443.74,3,53.3007,69.354,step
2026-08-31T18:37:40.167904+00:00,81.151,-0.0394,0.15,0.0,0.0726,-0.0031,7446.67,3,53.3487,69.376,step
2026-08-31T18:37:40.169259+00:00,81.183,-0.0393,0.15,0.0,0.0727,-0.003,7449.61,3,53.4035,69.398,step
2026-08-31T18:37:40.170643+00:00,81.215,-0.0393,0.15,0.0,0.0728,-0.0029,7452.57,3,53.4651,69.42,step
2026-08-31T18:37:40.172026+00:00,81.247,-0.0393,0.15,0.0,0.073,-0.0028,7455.51,3,53.5332,69.442,step
2026-08-31T18:37:40.173459+00:00,81.279,-0.0392,0.15,0.0,0.0731,-0.0027,7458.47,3,53.6079,69.464,step
2026-08-31T18:37:40.174932+00:00,81.311,-0.0392,0.15,0.0,0.0732,-0.0026,7461.43,3,53.6884,69.486,step
2026-08-31T18:37:40.176488+00:00,81.344,-0.0392,0.15,0.0,0.0733,-0.0025,7464.38,3,53.7764,69.508,step
2026-08-31T18:37:40.177871+00:00,81.376,-0.0391,0.15,0.0,0.0734,-0.0024,7467.31,3,53.8722,69.53,step
2026-08-31T18:37:40.179270+00:00,81.408,-0.0391,0.15,0.0,0.0735,-0.0023,7470.22,3,53.9767,69.552,step
2026-08-31T18:37:40.180687+00:00,81.44,-0.039,0.15,0.0,0.0735,-0.0022,7473.13,3,54.0906,69.574,step
2026-08-31T18:37:40.182212+00:00,81.471,-0.0389,0.15,0.0,0.0736,-0.0021,7476.6,3,54.2139,69.596,step
2026-08-31T18:37:40.183851+00:00,81.504,-0.0389,0.15,0.0,0.0737,-0.002,7479.27,3,54.3486,69.618,step
2026-08-31T18:37:40.185278+00:00,81.535,-0.0388,0.15,0.0,0.0737,-0.0019,7482.06,3,54.4915,69.64,step
2026-08-31T18:37:40.186670+00:00,81.567,-0.0387,0.15,0.0,0.0738,-0.0018,7484.85,3,54.6428,69.662,step
2026-08-31T18:37:40.188027+00:00,81.599,-0.0386,0.15,0.0,0.0738,-0.0017,7487.68,3,54.8034,69.684,step
2026-08-31T18:37:40.189405+00:00,81.631,-0.0385,0.15,0.0,0.0738,-0.0016,7490.54,3,54.9729,69.706,step
2026-08-31T18:37:40.190809+00:00,81.663,-0.0385,0.15,0.0,0.0739,-0.0015,7493.44,3,55.1529,69.728,step
2026-08-31T18:37:40.192291+00:00,81.695,-0.0384,0.15,0.0,0.0739,-0.0014,7496.36,3,55.3364,69.75,step
2026-08-31T18:37:40.193658+00:00,81.726,-0.0383,0.15,0.0,0.0739,-0.0014,7499.31,3,55.5234,69.772,step
2026-08-31T18:37:40.195034+00:00,81.758,-0.0383,0.15,0.0,0.0739,-0.0013,7502.24,3,55.72,69.794,step
2026-08-31T18:37:40.196485+00:00,81.79,-0.0383,0.15,0.0,0.0739,-0.0013,7505.19,3,55.9252,69.816,step
2026-08-31T18:37:40.197923+00:00,81.821,-0.0382,0.15,0.0,0.0739,-0.0013,7508.13,3,56.1407,69.838,step
2026-08-31T18:37:40.199370+00:00,81.853,-0.0382,0.15,0.0,0.0739,-0.0012,7511.05,3,56.3686,69.86,step
2026-08-31T18:37:40.201046+00:00,81.885,-0.0381,0.15,0.0,0.0739,-0.0012,7513.94,3,56.6109,69.882,step
2026-08-31T18:37:40.202449+00:00,81.917,-0.0381,0.15,0.0,0.0739,-0.0012,7516.82,3,56.8686,69.904,step
2026-08-31T18:37:40.203871+00:00,81.948,-0.038,0.15,0.0,0.0739,-0.0011,7520.56,3,57.1418,69.926,step
2026-08-31T18:37:40.205301+00:00,81.98,-0.038,0.15,0.0,0.0738,-0.001,7523.25,3,57.4347,69.948,step
2026-08-31T18:37:40.206702+00:00,82.012,-0.0379,0.15,0.0,0.0738,-0.001,7525.86,3,57.7424,69.97,step
2026-08-31T18:37:40.208088+00:00,82.044,-0.0378,0.15,0.0,0.0738,-0.0009,7528.57,3,58.0648,69.992,step
2026-08-31T18:37:40.209541+00:00,82.076,-0.0378,0.15,0.0,0.0738,-0.0009,7531.3,3,58.4018,70.014,step
2026-08-31T18:37:40.210906+00:00,82.107,-0.0377,0.15,0.0,0.0738,-0.0008,7534.09,3,58.7545,70.036,step
2026-08-31T18:37:40.212261+00:00,82.139,-0.0377,0.15,0.0,0.0737,-0.0008,7536.95,3,59.1253,70.058,step
2026-08-31T18:37:40.213620+00:00,82.17,-0.0376,0.15,0.0,0.0737,-0.0008,7539.85,3,59.5149,70.08,step
2026-08-31T18:37:40.215033+00:00,82.202,-0.0375,0.15,0.0,0.0736,-0.0007,7542.79,3,59.9243,70.102,step
2026-08-31T18:37:40.216394+00:00,82.233,-0.0375,0.15,0.0,0.0736,-0.0007,7545.72,3,60.3552,70.124,step
2026-08-31T18:37:40.218008+00:00,82.265,-0.0374,0.15,0.0,0.0736,-0.0006,7548.65,3,60.794,70.146,step
2026-08-31T18:37:40.219434+00:00,82.296,-0.0374,0.15,0.0,0.0735,-0.0007,7551.6,3,61.2422,70.168,step
2026-08-31T18:37:40.220881+00:00,82.328,-0.0374,0.15,0.0,0.0735,-0.0007,7554.52,3,61.7081,70.19,step
2026-08-31T18:37:40.222328+00:00,82.36,-0.0374,0.15,0.0,0.0734,-0.0007,7557.42,3,62.1987,70.212,step
2026-08-31T18:37:40.223780+00:00,82.392,-0.0374,0.15,0.0,0.0734,-0.0007,7560.28,3,62.7168,70.234,step
2026-08-31T18:37:40.225200+00:00,82.423,-0.0374,0.15,0.0,0.0733,-0.0007,7563.15,3,63.2632,70.256,step
2026-08-31T18:37:40.226756+00:00,82.454,-0.0374,0.15,0.0,0.0733,-0.0007,7567.12,3,63.8445,70.278,step
2026-08-31T18:37:40.228139+00:00,82.487,-0.0373,0.15,0.0,0.0733,-0.0007,7569.52,3,64.4593,70.3,step
2026-08-31T18:37:40.229521+00:00,82.519,-0.0373,0.15,0.0,0.0732,-0.0007,7572.14,3,65.1022,70.322,step
2026-08-31T18:37:40.230946+00:00,82.55,-0.0373,0.15,0.0,0.0732,-0.0007,7574.8,3,65.7741,70.344,step
2026-08-31T18:37:40.232312+00:00,82.582,-0.0373,0.15,0.0,0.0732,-0.0007,7577.51,3,66.4778,70.366,step
2026-08-31T18:37:40.233812+00:00,82.614,-0.0373,0.15,0.0,0.0731,-0.0007,7580.31,3,67.2147,70.388,step
2026-08-31T18:37:40.235174+00:00,82.645,-0.0373,0.15,0.0,0.0731,-0.0007,7583.18,3,67.988,70.41,step
2026-08-31T18:37:40.236511+00:00,82.676,-0.0373,0.15,0.0,0.073,-0.0007,7586.11,3,68.8023,70.432,step
2026-08-31T18:37:40.237914+00:00,82.707,-0.0372,0.15,0.0,0.073,-0.0007,7589.07,3,69.6609,70.454,step
2026-08-31T18:37:40.239317+00:00,82.739,-0.0372,0.15,0.0,0.073,-0.0007,7592.0,3,70.5649,70.476,step
2026-08-31T18:37:40.240722+00:00,82.77,-0.0372,0.15,0.0,0.0729,-0.0008,7594.98,3,71.5072,70.498,step
2026-08-31T18:37:40.242225+00:00,82.802,-0.0373,0.15,0.0,0.0729,-0.0008,7597.93,3,72.4955,70.52,step
2026-08-31T18:37:40.243671+00:00,82.834,-0.0373,0.15,0.0,0.0729,-0.0008,7600.83,3,73.5409,70.542,step
2026-08-31T18:37:40.245061+00:00,82.866,-0.0373,0.15,0.0,0.0729,-0.0008,7603.69,3,74.6494,70.564,step
2026-08-31T18:37:40.246431+00:00,82.897,-0.0373,0.15,0.0,0.0728,-0.0008,7606.55,3,75.8252,70.586,step
2026-08-31T18:37:40.247804+00:00,82.928,-0.0372,0.15,0.0,0.0728,-0.0008,7611.0,3,77.0782,70.608,step
2026-08-31T18:37:40.249169+00:00,82.961,-0.0372,0.15,0.0,0.0728,-0.0008,7613.25,3,78.4181,70.63,step
2026-08-31T18:37:40.250688+00:00,82.993,-0.0372,0.15,0.0,0.0728,-0.0008,7615.72,3,79.8338,70.652,step
2026-08-31T18:37:40.252014+00:00,83.025,-0.0372,0.15,0.0,0.0727,-0.0008,7618.3,3,81.3255,70.674,step
2026-08-31T18:37:40.253408+00:00,83.056,-0.0372,0.15,0.0,0.0727,-0.0008,7620.94,3,82.8993,70.696,step
2026-08-31T18:37:40.254830+00:00,83.088,-0.0372,0.15,0.0,0.0727,-0.0008,7623.68,3,84.5636,70.718,step
2026-08-31T18:37:40.256212+00:00,83.119,-0.0372,0.15,0.0,0.0727,-0.0008,7626.52,3,86.3293,70.74,step
2026-08-31T18:37:40.257574+00:00,83.151,-0.0372,0.15,0.0,0.0726,-0.0009,7629.44,3,88.2054,70.762,step
2026-08-31T18:37:40.259093+00:00,83.182,-0.0372,0.15,0.0,0.0726,-0.0009,7632.43,3,90.2054,70.784,step
2026-08-31T18:37:40.260519+00:00,83.213,-0.0372,0.15,0.0,0.0726,-0.0009,7635.38,3,92.3399,70.806,step
2026-08-31T18:37:40.261966+00:00,83.245,-0.0372,0.15,0.0,0.0726,-0.0009,7638.38,3,94.6029,70.828,step
2026-08-31T18:37:40.263415+00:00,83.277,-0.0372,0.15,0.0,0.0726,-0.0009,7641.36,3,97.0094,70.85,step
2026-08-31T18:37:40.264831+00:00,83.309,-0.0372,0.15,0.0,0.0726,-0.001,7644.29,3,99.5878,70.872,step
2026-08-31T18:37:40.266374+00:00,83.341,-0.0373,0.15,0.0,0.0726,-0.001,7647.16,3,102.365,70.894,step
2026-08-31T18:37:40.267913+00:00,83.372,-0.0373,0.15,0.0,0.0726,-0.001,7650.02,3,105.367,70.916,step
2026-08-31T18:37:40.269330+00:00,83.403,-0.0373,0.15,0.0,0.0725,-0.001,7654.63,3,108.624,70.938,step
2026-08-31T18:37:40.270710+00:00,83.436,-0.0372,0.15,0.0,0.0725,-0.001,7657.13,3,112.192,70.96,step
2026-08-31T18:37:40.272107+00:00,83.468,-0.0372,0.15,0.0,0.0725,-0.001,7659.42,3,116.056,70.982,step
2026-08-31T18:37:40.273493+00:00,83.5,-0.0372,0.8,0.0,0.0725,-0.001,7661.94,3,120.232,71.004,step
2026-08-31T18:37:40.275110+00:00,83.944,-0.0372,0.8,0.0,0.0725,-0.0009,8074.42,3,124.943,71.026,step
2026-08-31T18:37:40.276454+00:00,84.619,-0.037,0.8,0.0,0.0726,-0.0007,8161.3,3,130.567,71.048,step
2026-08-31T18:37:40.277845+00:00,85.325,-0.0367,0.8,0.0,0.0726,-0.0004,8211.41,3,136.936,71.07,step
2026-08-31T18:37:40.279198+00:00,86.034,-0.0366,0.8,0.0,0.0726,-0.0003,8264.38,3,143.909,71.092,step
2026-08-31T18:37:40.280626+00:00,86.739,-0.0365,0.8,0.0,0.0727,-0.0001,8330.09,3,151.524,71.114,step
2026-08-31T18:37:40.282080+00:00,87.442,-0.0364,0.8,0.0,0.0727,-0.0001,8406.73,3,159.916,71.136,step
2026-08-31T18:37:40.283734+00:00,88.147,-0.0364,0.8,0.0,0.0727,-0.0,8493.46,3,169.309,71.158,step
2026-08-31T18:37:40.285284+00:00,88.857,-0.0364,0.8,0.0,0.0728,0.0,8581.9,3,180.157,71.18,step
2026-08-31T18:37:40.286734+00:00,89.579,-0.0363,0.8,0.0,0.0729,0.0001,8665.51,3,193.056,71.202,step
2026-08-31T18:37:40.288173+00:00,90.311,-0.0362,0.8,0.0,0.0729,0.0003,8743.74,3,200.0,71.224,step
2026-08-31T18:37:40.289598+00:00,91.052,-0.036,0.8,0.0,0.073,0.0005,8819.89,3,200.0,71.246,step
2026-08-31T18:37:40.291098+00:00,91.78,-0.0358,0.8,0.0,0.0731,0.0007,8926.77,3,200.0,71.268,step
2026-08-31T18:37:40.292742+00:00,92.531,-0.0355,0.8,0.0,0.0732,0.0011,9012.66,3,200.0,71.29,step
2026-08-31T18:37:40.294151+00:00,93.3,-0.0352,0.8,0.0,0.0733,0.0014,9082.8,3,200.0,71.312,step
2026-08-31T18:37:40.295547+00:00,94.079,-0.0349,0.8,0.0,0.0733,0.0017,9147.74,3,200.0,71.334,step
2026-08-31T18:37:40.296996+00:00,94.862,-0.0347,0.15,0.0,0.0734,0.002,9213.23,3,200.0,71.356,step
2026-08-31T18:37:40.298439+00:00,95.194,-0.0346,0.15,0.0,0.0734,0.0021,8727.18,3,200.0,71.378,step
2026-08-31T18:37:40.299918+00:00,95.202,-0.0347,0.15,0.0,0.0734,0.002,8729.7,3,200.0,71.4,step
2026-08-31T18:37:40.301581+00:00,95.213,-0.0348,0.15,0.0,0.0733,0.0019,8732.13,3,200.0,71.422,step
2026-08-31T18:37:40.302996+00:00,95.225,-0.0347,0.15,0.0,0.0733,0.0019,8733.72,3,200.0,71.444,step
2026-08-31T18:37:40.304489+00:00,95.238,-0.0347,0.15,0.0,0.0732,0.0019,8735.02,3,200.0,71.466,step
2026-08-31T18:37:40.306011+00:00,95.251,-0.0346,0.15,0.0,0.0731,0.0019,8736.02,3,200.0,71.488,step
2026-08-31T18:37:40.307455+00:00,95.264,-0.0332,0.15,0.0,0.0729,0.0032,8736.91,3,200.0,71.51,step
2026-08-31T18:37:40.309056+00:00,95.277,-0.0308,0.15,0.0,0.0726,0.0054,8737.83,3,200.0,71.532,step
2026-08-31T18:37:40.310447+00:00,95.289,-0.0284,0.15,0.0,0.072,0.0076,8741.55,3,200.0,71.554,step
2026-08-31T18:37:40.311823+00:00,95.303,-0.026,0.15,0.0,0.0713,0.0096,8743.08,3,200.0,71.576,step
2026-08-31T18:37:40.313178+00:00,95.318,-0.0237,0.15,0.0,0.0703,0.0114,8742.87,3,200.0,71.598,step
2026-08-31T18:37:40.314497+00:00,95.333,-0.0215,0.15,0.0,0.0692,0.0131,8743.28,3,200.0,71.62,step
2026-08-31T18:37:40.315886+00:00,95.348,-0.0193,0.15,0.0,0.0679,0.0146,8743.82,3,200.0,71.642,step
2026-08-31T18:37:40.317435+00:00,95.362,-0.0173,0.15,0.0,0.0665,0.016,8744.64,3,200.0,71.664,step
2026-08-31T18:37:40.318795+00:00,95.376,-0.0154,0.15,0.0,0.065,0.0171,8745.74,3,200.0,71.686,step
2026-08-31T18:37:40.320166+00:00,95.39,-0.0135,0.15,0.0,0.0633,0.0182,8747.07,3,200.0,71.708,step
2026-08-31T18:37:40.321539+00:00,95.404,-0.0117,0.15,0.0,0.0616,0.0191,8748.58,3,199.787,71.73,step
2026-08-31T18:37:40.322859+00:00,95.419,-0.01,0.15,0.0,0.0597,0.0199,8750.29,3,198.666,71.752,step
2026-08-31T18:37:40.324313+00:00,95.434,-0.0084,0.15,0.0,0.0578,0.0205,8751.96,3,197.606,71.774,step
2026-08-31T18:37:40.325785+00:00,95.45,-0.0068,0.15,0.0,0.0558,0.0211,8753.51,3,196.614,71.796,step
2026-08-31T18:37:40.327235+00:00,95.466,-0.0053,0.15,0.0,0.0538,0.0216,8754.91,3,195.68,71.818,step
2026-08-31T18:37:40.328613+00:00,95.482,-0.0039,0.15,0.0,0.0517,0.022,8756.2,3,194.808,71.84,step
2026-08-31T18:37:40.329953+00:00,95.496,-0.0025,0.15,0.0,0.0496,0.0223,8761.96,3,193.989,71.862,step
2026-08-31T18:37:40.331323+00:00,95.514,-0.0012,0.15,0.0,0.0474,0.0225,8761.31,3,193.239,71.884,step
2026-08-31T18:37:40.332681+00:00,95.531,0.0,0.15,0.0,0.0453,0.0227,8761.66,3,192.558,71.906,step
2026-08-31T18:37:40.334212+00:00,95.548,0.0011,0.15,0.0,0.0432,0.0227,8762.18,3,191.933,71.928,step
2026-08-31T18:37:40.335554+00:00,95.564,0.0022,0.15,0.0,0.041,0.0227,8762.97,3,191.356,71.95,step
2026-08-31T18:37:40.336902+00:00,95.58,0.0032,0.15,0.0,0.0389,0.0226,8764.1,3,190.827,71.972,step
2026-08-31T18:37:40.338249+00:00,95.596,0.0041,0.15,0.0,0.0367,0.0225,8765.54,3,190.345,71.994,step
2026-08-31T18:37:40.339596+00:00,95.612,0.005,0.15,0.0,0.0345,0.0223,8767.19,3,189.904,72.016,step
2026-08-31T18:37:40.340957+00:00,95.627,0.0059,0.15,0.0,0.0324,0.0221,8769.05,3,189.501,72.038,step
2026-08-31T18:37:40.342509+00:00,95.644,0.0066,0.15,0.0,0.0302,0.0217,8770.91,3,189.133,72.06,step
2026-08-31T18:37:40.343930+00:00,95.661,0.0073,0.15,0.0,0.0282,0.0214,8772.62,3,188.807,72.082,step
2026-08-31T18:37:40.345341+00:00,95.678,0.0079,0.15,0.0,0.0261,0.021,8774.18,3,188.505,72.104,step
2026-08-31T18:37:40.346785+00:00,95.695,0.0085,0.15,0.0,0.0241,0.0205,8775.62,3,188.228,72.126,step
2026-08-31T18:37:40.348150+00:00,95.71,0.009,0.15,0.0,0.0221,0.02,8780.89,3,187.969,72.148,step
2026-08-31T18:37:40.349528+00:00,95.729,0.0094,0.15,0.0,0.0201,0.0195,8780.88,3,187.733,72.17,step
2026-08-31T18:37:40.351058+00:00,95.747,0.0098,0.15,0.0,0.0183,0.019,8781.33,3,187.509,72.192,step
2026-08-31T18:37:40.352395+00:00,95.764,0.0101,0.15,0.0,0.0165,0.0184,8782.08,3,187.297,72.214,step
2026-08-31T18:37:40.353761+00:00,95.782,0.0104,0.15,0.0,0.0147,0.0178,8783.0,3,187.09,72.236,step
2026-08-31T18:37:40.355172+00:00,95.799,0.0106,0.15,0.0,0.013,0.0171,8784.19,3,186.879,72.258,step
2026-08-31T18:37:40.356578+00:00,95.815,0.0108,0.15,0.0,0.0113,0.0165,8785.64,3,186.676,72.28,step
2026-08-31T18:37:40.357920+00:00,95.832,0.011,0.15,0.0,0.0098,0.0158,8787.29,3,186.481,72.302,step
2026-08-31T18:37:40.359365+00:00,95.849,0.0111,0.15,0.0,0.0082,0.0152,8789.12,3,186.283,72.324,step
2026-08-31T18:37:40.360740+00:00,95.866,0.0111,0.15,0.0,0.0068,0.0145,8791.0,3,186.076,72.346,step
2026-08-31T18:37:40.362117+00:00,95.883,0.0111,0.15,0.0,0.0054,0.0138,8792.78,3,185.861,72.368,step
2026-08-31T18:37:40.363476+00:00,95.901,0.0111,0.15,0.0,0.004,0.0132,8794.43,3,185.64,72.39,step
2026-08-31T18:37:40.364842+00:00,95.919,0.0111,0.15,0.0,0.0028,0.0125,8795.98,3,185.416,72.412,step
2026-08-31T18:37:40.366260+00:00,95.935,0.011,0.15,0.0,0.0015,0.0118,8800.07,3,185.188,72.434,step
2026-08-31T18:37:40.367815+00:00,95.953,0.0109,0.15,0.0,0.0004,0.0111,8801.13,3,184.961,72.456,step
2026-08-31T18:37:40.369187+00:00,95.972,0.0107,0.15,0.0,-0.0007,0.0104,8801.74,3,184.73,72.478,step
2026-08-31T18:37:40.370550+00:00,95.99,0.0105,0.15,0.0,-0.0016,0.0097,8802.71,3,184.489,72.5,step
2026-08-31T18:37:40.371905+00:00,96.008,0.0103,0.15,0.0,-0.0025,0.009,8803.79,3,184.241,72.522,step
2026-08-31T18:37:40.373321+00:00,96.026,0.0101,0.15,0.0,-0.0034,0.0084,8805.06,3,183.973,72.544,step
2026-08-31T18:37:40.374736+00:00,96.043,0.0098,0.15,0.0,-0.0042,0.0077,8806.55,3,183.688,72.566,step
2026-08-31T18:37:40.376317+00:00,96.061,0.0096,0.15,0.0,-0.0049,0.0071,8808.2,3,183.394,72.588,step
2026-08-31T18:37:40.377704+00:00,96.078,0.0093,0.15,0.0,-0.0056,0.0065,8809.98,3,183.095,72.61,step
2026-08-31T18:37:40.379112+00:00,96.096,0.009,0.15,0.0,-0.0062,0.0059,8811.85,3,182.778,72.632,step
2026-08-31T18:37:40.380501+00:00,96.113,0.0087,0.15,0.0,-0.0068,0.0054,8813.64,3,182.444,72.654,step
2026-08-31T18:37:40.381912+00:00,96.131,0.0084,0.15,0.0,-0.0073,0.0048,8815.34,3,182.106,72.676,step
2026-08-31T18:37:40.383270+00:00,96.15,0.0081,0.15,0.0,-0.0077,0.0043,8816.96,3,181.753,72.698,step
2026-08-31T18:37:40.384825+00:00,96.167,0.0078,0.15,0.0,-0.0081,0.0038,8819.14,3,181.388,72.72,step
2026-08-31T18:37:40.386214+00:00,96.185,0.0075,0.15,0.0,-0.0084,0.0033,8821.76,3,181.019,72.742,step
2026-08-31T18:37:40.387591+00:00,96.204,0.0072,0.15,0.0,-0.0088,0.0028,8822.62,3,180.636,72.764,step
2026-08-31T18:37:40.388905+00:00,96.222,0.0068,0.15,0.0,-0.009,0.0023,8823.82,3,180.24,72.786,step
2026-08-31T18:37:40.390240+00:00,96.24,0.0065,0.15,0.0,-0.0092,0.0019,8825.06,3,179.836,72.808,step
2026-08-31T18:37:40.391625+00:00,96.259,0.0062,0.15,0.0,-0.0094,0.0015,8826.43,3,179.43,72.83,step
2026-08-31T18:37:40.393058+00:00,96.276,0.0058,0.15,0.0,-0.0095,0.0011,8827.95,3,179.01,72.852,step
2026-08-31T18:37:40.394396+00:00,96.294,0.0055,0.15,0.0,-0.0096,0.0007,8829.59,3,178.579,72.874,step
2026-08-31T18:37:40.395764+00:00,96.312,0.0051,0.15,0.0,-0.0096,0.0003,8831.33,3,178.134,72.896,step
2026-08-31T18:37:40.397153+00:00,96.33,0.0048,0.15,0.0,-0.0096,0.0,8833.14,3,177.675,72.918,step
2026-08-31T18:37:40.398553+00:00,96.348,0.0045,0.15,0.0,-0.0096,-0.0003,8834.91,3,177.21,72.94,step
2026-08-31T18:37:40.399982+00:00,96.366,0.0042,0.15,0.0,-0.0096,-0.0006,8836.61,3,176.742,72.962,step
2026-08-31T18:37:40.401533+00:00,96.384,0.0039,0.15,0.0,-0.0096,-0.0009,8838.25,3,176.262,72.984,step
2026-08-31T18:37:40.402886+00:00,96.402,0.0036,0.15,0.0,-0.0095,-0.0011,8839.85,3,175.772,73.006,step
2026-08-31T18:37:40.404263+00:00,96.42,0.0033,0.15,0.0,-0.0094,-0.0014,8842.48,3,175.278,73.028,step
2026-08-31T18:37:40.405587+00:00,96.438,0.003,0.15,0.0,-0.0092,-0.0016,8843.65,3,174.772,73.05,step
2026-08-31T18:37:40.406989+00:00,96.457,0.0028,0.15,0.0,-0.0091,-0.0018,8845.03,3,174.255,73.072,step
2026-08-31T18:37:40.408365+00:00,96.475,0.0025,0.15,0.0,-0.0089,-0.002,8846.43,3,173.737,73.094,step
2026-08-31T18:37:40.409951+00:00,96.493,0.0022,0.15,0.0,-0.0087,-0.0021,8847.9,3,173.208,73.116,step
2026-08-31T18:37:40.411300+00:00,96.511,0.0019,0.15,0.0,-0.0084,-0.0023,8849.44,3,172.671,73.138,step
2026-08-31T18:37:40.412681+00:00,96.528,0.0017,0.15,0.0,-0.0082,-0.0024,8851.06,3,172.129,73.16,step
2026-08-31T18:37:40.414052+00:00,96.546,0.0015,0.15,0.0,-0.008,-0.0025,8852.75,3,171.585,73.182,step
2026-08-31T18:37:40.415437+00:00,96.564,0.0013,0.15,0.0,-0.0078,-0.0026,8854.47,3,171.03,73.204,step
2026-08-31T18:37:40.416832+00:00,96.582,0.0011,0.15,0.0,-0.0076,-0.0027,8856.15,3,170.467,73.226,step
2026-08-31T18:37:40.418462+00:00,96.6,0.0009,0.15,0.0,-0.0073,-0.0028,8857.81,3,169.903,73.248,step
2026-08-31T18:37:40.419822+00:00,96.617,0.0007,0.15,0.0,-0.007,-0.0028,8859.43,3,169.338,73.27,step
2026-08-31T18:37:40.421164+00:00,96.635,0.0004,0.15,0.0,-0.0067,-0.0029,8861.03,3,168.773,73.292,step
2026-08-31T18:37:40.422454+00:00,96.653,0.0002,0.15,0.0,-0.0064,-0.0029,8862.9,3,168.199,73.314,step
2026-08-31T18:37:40.423807+00:00,96.671,0.0001,0.15,0.0,-0.0061,-0.003,8864.39,3,167.615,73.336,step
2026-08-31T18:37:40.425253+00:00,96.688,-0.0001,0.15,0.0,-0.0058,-0.003,8865.94,3,167.025,73.358,step
2026-08-31T18:37:40.426632+00:00,96.706,-0.0002,0.15,0.0,-0.0055,-0.003,8867.48,3,166.435,73.38,step
2026-08-31T18:37:40.427961+00:00,96.724,-0.0004,0.15,0.0,-0.0052,-0.003,8869.03,3,165.844,73.402,step
2026-08-31T18:37:40.429329+00:00,96.741,-0.0005,0.15,0.0,-0.005,-0.003,8870.6,3,165.252,73.424,step
2026-08-31T18:37:40.430678+00:00,96.759,-0.0006,0.15,0.0,-0.0047,-0.003,8872.19,3,164.661,73.446,step
2026-08-31T18:37:40.432075+00:00,96.776,-0.0007,0.15,0.0,-0.0044,-0.0029,8873.79,3,164.06,73.468,step
2026-08-31T18:37:40.433606+00:00,96.793,-0.0008,0.15,0.0,-0.0041,-0.0029,8875.4,3,163.45,73.49,step
2026-08-31T18:37:40.435031+00:00,96.811,-0.0009,0.15,0.0,-0.0039,-0.0028,8876.96,3,162.835,73.512,step
2026-08-31T18:37:40.436392+00:00,96.828,-0.0009,0.15,0.0,-0.0037,-0.0028,8878.52,3,162.219,73.534,step
2026-08-31T18:37:40.437780+00:00,96.845,-0.001,0.15,0.0,-0.0034,-0.0027,8880.09,3,161.603,73.556,step
2026-08-31T18:37:40.439173+00:00,96.862,-0.001,0.15,0.0,-0.0032,-0.0026,8881.66,3,160.987,73.578,step
2026-08-31T18:37:40.440536+00:00,96.879,-0.0011,0.15,0.0,-0.003,-0.0026,8882.84,3,160.371,73.6,step
2026-08-31T18:37:40.442065+00:00,96.896,-0.0011,0.15,0.0,-0.0027,-0.0025,8884.39,3,159.754,73.622,step
2026-08-31T18:37:40.443432+00:00,96.913,-0.0012,0.15,0.0,-0.0025,-0.0024,8886.08,3,159.137,73.644,step
2026-08-31T18:37:40.444777+00:00,96.93,-0.0012,0.15,0.0,-0.0023,-0.0023,8887.78,3,158.521,73.666,step
2026-08-31T18:37:40.446169+00:00,96.946,-0.0012,0.15,0.0,-0.0021,-0.0023,8889.42,3,157.904,73.688,step
2026-08-31T18:37:40.447586+00:00,96.963,-0.0012,0.15,0.0,-0.0019,-0.0022,8890.98,3,157.288,73.71,step
2026-08-31T18:37:40.448975+00:00,96.98,-0.0013,0.15,0.0,-0.0017,-0.0021,8892.51,3,156.671,73.732,step
2026-08-31T18:37:40.450596+00:00,96.997,-0.0013,0.15,0.0,-0.0015,-0.0021,8894.03,3,156.055,73.754,step
2026-08-31T18:37:40.452097+00:00,97.013,-0.0013,0.15,0.0,-0.0014,-0.002,8895.52,3,155.438,73.776,step
2026-08-31T18:37:40.453497+00:00,97.03,-0.0013,0.15,0.0,-0.0012,-0.0019,8896.95,3,154.82,73.798,step
2026-08-31T18:37:40.454928+00:00,97.046,-0.0013,0.15,0.0,-0.001,-0.0019,8898.38,3,154.203,73.82,step
2026-08-31T18:37:40.456376+00:00,97.062,-0.0014,0.15,0.0,-0.0009,-0.0018,8899.83,3,153.587,73.842,step
2026-08-31T18:37:40.457785+00:00,97.078,-0.0014,0.15,0.0,-0.0007,-0.0017,8901.3,3,152.97,73.864,step
2026-08-31T18:37:40.459394+00:00,97.095,-0.0014,0.15,0.0,-0.0006,-0.0017,8901.91,3,152.354,73.886,step
2026-08-31T18:37:40.460772+00:00,97.11,-0.0014,0.15,0.0,-0.0004,-0.0016,8903.33,3,151.737,73.908,step
2026-08-31T18:37:40.462140+00:00,97.126,-0.0014,0.15,0.0,-0.0003,-0.0015,8905.1,3,151.12,73.93,step
2026-08-31T18:37:40.463559+00:00,97.141,-0.0014,0.15,0.0,-0.0002,-0.0015,8906.99,3,150.503,73.952,step
2026-08-31T18:37:40.464956+00:00,97.157,-0.0013,0.15,0.0,-0.0001,-0.0014,8908.69,3,149.886,73.974,step
2026-08-31T18:37:40.466350+00:00,97.173,-0.0013,0.15,0.0,0.0001,-0.0013,8910.23,3,149.27,73.996,step
2026-08-31T18:37:40.467983+00:00,97.189,-0.0013,0.15,0.0,0.0002,-0.0012,8911.67,3,148.653,74.018,step
2026-08-31T18:37:40.469352+00:00,97.204,-0.0013,0.15,0.0,0.0003,-0.0012,8913.08,3,148.036,74.04,step
2026-08-31T18:37:40.470738+00:00,97.22,-0.0013,0.15,0.0,0.0004,-0.0011,8914.43,3,147.419,74.062,step
2026-08-31T18:37:40.472152+00:00,97.235,-0.0013,0.15,0.0,0.0005,-0.001,8915.71,3,146.802,74.084,step
2026-08-31T18:37:40.473556+00:00,97.25,-0.0012,0.15,0.0,0.0005,-0.001,8916.98,3,146.184,74.106,step
2026-08-31T18:37:40.475048+00:00,97.265,-0.0012,0.15,0.0,0.0006,-0.0009,8918.29,3,145.567,74.128,step
2026-08-31T18:37:40.476677+00:00,97.28,-0.0012,0.15,0.0,0.0007,-0.0008,8919.64,3,144.951,74.15,step
2026-08-31T18:37:40.478072+00:00,97.295,-0.0012,0.15,0.0,0.0008,-0.0008,8919.72,3,144.334,74.172,step
2026-08-31T18:37:40.479465+00:00,97.31,-0.0011,0.15,0.0,0.0009,-0.0007,8920.9,3,143.717,74.194,step
2026-08-31T18:37:40.480836+00:00,97.324,-0.0011,0.15,0.0,0.0009,-0.0006,8922.67,3,143.1,74.216,step
2026-08-31T18:37:40.482218+00:00,97.338,-0.001,0.15,0.0,0.001,-0.0005,8924.73,3,142.483,74.238,step
2026-08-31T18:37:40.483602+00:00,97.352,-0.001,0.15,0.0,0.001,-0.0005,8926.48,3,141.867,74.26,step
2026-08-31T18:37:40.485275+00:00,97.366,-0.0009,0.15,0.0,0.0011,-0.0004,8927.98,3,141.25,74.282,step
2026-08-31T18:37:40.486664+00:00,97.381,-0.0009,0.15,0.0,0.0011,-0.0003,8929.31,3,140.633,74.304,step
2026-08-31T18:37:40.488035+00:00,97.395,-0.0009,0.15,0.0,0.0012,-0.0003,8930.56,3,140.017,74.326,step
2026-08-31T18:37:40.489392+00:00,97.409,-0.0008,0.15,0.0,0.0012,-0.0002,8931.79,3,139.399,74.348,step
2026-08-31T18:37:40.490754+00:00,97.423,-0.0007,0.15,0.0,0.0012,-0.0001,8932.86,3,138.782,74.37,step
2026-08-31T18:37:40.492476+00:00,97.437,-0.0007,0.15,0.0,0.0012,-0.0001,8933.95,3,138.164,74.392,step
2026-08-31T18:37:40.493891+00:00,97.45,-0.0006,0.15,0.0,0.0012,0.0,8935.09,3,137.547,74.414,step
2026-08-31T18:37:40.495237+00:00,97.463,-0.0005,0.15,0.0,0.0012,0.0001,8936.3,3,136.93,74.436,step
2026-08-31T18:37:40.496607+00:00,97.477,-0.0005,0.15,0.0,0.0012,0.0002,8935.84,3,136.313,74.458,step
2026-08-31T18:37:40.497954+00:00,97.49,-0.0004,0.15,0.0,0.0012,0.0002,8936.72,3,135.705,74.48,step
2026-08-31T18:37:40.499318+00:00,97.502,-0.0004,0.15,0.0,0.0012,0.0002,8938.47,3,135.105,74.502,step
2026-08-31T18:37:40.500889+00:00,97.514,-0.0004,0.15,0.0,0.0012,0.0002,8940.65,3,134.507,74.524,step
2026-08-31T18:37:40.502245+00:00,97.526,-0.0004,0.15,0.0,0.0012,0.0002,8942.44,3,133.91,74.546,step
2026-08-31T18:37:40.503599+00:00,97.539,-0.0004,0.15,0.0,0.0011,0.0002,8943.87,3,133.314,74.568,step
2026-08-31T18:37:40.504921+00:00,97.552,-0.0003,0.15,0.0,0.0011,0.0002,8945.07,3,132.718,74.59,step
2026-08-31T18:37:40.506247+00:00,97.565,-0.0003,0.15,0.0,0.0011,0.0002,8946.15,3,132.121,74.612,step
2026-08-31T18:37:40.507604+00:00,97.577,-0.0003,0.15,0.0,0.0011,0.0002,8947.19,3,131.525,74.634,step
2026-08-31T18:37:40.509196+00:00,97.589,-0.0003,0.15,0.0,0.001,0.0002,8948.05,3,130.929,74.656,step
2026-08-31T18:37:40.510518+00:00,97.601,-0.0003,0.15,0.0,0.001,0.0002,8948.93,3,130.333,74.678,step
2026-08-31T18:37:40.511868+00:00,97.612,-0.0003,0.15,0.0,0.001,0.0002,8949.88,3,129.736,74.7,step
2026-08-31T18:37:40.513258+00:00,97.624,-0.0002,0.15,0.0,0.0009,0.0002,8950.91,3,129.139,74.722,step
2026-08-31T18:37:40.514609+00:00,97.636,-0.0002,0.15,0.0,0.0008,0.0002,8949.94,3,128.542,74.744,step
2026-08-31T18:37:40.516046+00:00,97.647,-0.0002,0.15,0.0,0.0008,0.0002,8950.46,3,127.944,74.766,step
2026-08-31T18:37:40.517449+00:00,97.657,-0.0001,0.15,0.0,0.0007,0.0002,8952.14,3,127.347,74.788,step
2026-08-31T18:37:40.518946+00:00,97.666,-0.0001,0.15,0.0,0.0006,0.0002,8954.42,3,126.75,74.81,step
2026-08-31T18:37:40.520311+00:00,97.677,-0.0001,0.15,0.0,0.0006,0.0002,8956.21,3,126.152,74.832,step
2026-08-31T18:37:40.521661+00:00,97.688,-0.0,0.15,0.0,0.0005,0.0002,8957.55,3,125.555,74.854,step
2026-08-31T18:37:40.522966+00:00,97.698,-0.0,0.15,0.0,0.0005,0.0002,8958.59,3,124.958,74.876,step
2026-08-31T18:37:40.524265+00:00,97.71,-0.0,0.15,0.0,0.0005,0.0002,8959.48,3,124.362,74.898,step
2026-08-31T18:37:40.525794+00:00,97.72,-0.0001,0.15,0.0,0.0006,0.0002,8960.32,3,123.766,74.92,step
2026-08-31T18:37:40.527143+00:00,97.731,-0.0001,0.15,0.0,0.0006,0.0002,8961.03,3,123.169,74.942,step
2026-08-31T18:37:40.528512+00:00,97.741,-0.0001,0.15,0.0,0.0006,0.0002,8961.78,3,122.572,74.964,step
2026-08-31T18:37:40.529901+00:00,97.75,-0.0001,0.15,0.0,0.0006,0.0002,8962.58,3,121.974,74.986,step
2026-08-31T18:37:40.531308+00:00,97.76,-0.0001,0.15,0.0,0.0006,0.0002,8963.44,3,121.377,75.008,step
2026-08-31T18:37:40.532669+00:00,97.77,-0.0001,0.15,0.0,0.0006,0.0002,8962.83,3,120.78,75.03,step
2026-08-31T18:37:40.534133+00:00,97.78,-0.0001,0.15,0.0,0.0006,0.0002,8963.29,3,120.182,75.052,step
2026-08-31T18:37:40.535483+00:00,97.788,-0.0001,0.0,0.15,0.0006,0.0002,8964.68,3,119.585,75.074,step
2026-08-31T18:37:40.536808+00:00,97.353,-0.0001,0.0,0.15,0.0006,0.0002,8777.25,3,118.996,75.096,step
2026-08-31T18:37:40.538114+00:00,96.715,-0.0002,0.0,0.15,0.0006,0.0001,8714.48,3,118.422,75.118,step
2026-08-31T18:37:40.539389+00:00,96.078,-0.0002,0.0,0.15,0.0005,0.0,8654.32,3,117.856,75.14,step
2026-08-31T18:37:40.540670+00:00,95.444,-0.0003,0.0,0.15,0.0005,-0.0001,8596.93,3,117.295,75.162,step
2026-08-31T18:37:40.542144+00:00,94.813,-0.0004,0.0,0.15,0.0005,-0.0002,8541.18,3,116.739,75.184,step
2026-08-31T18:37:40.543563+00:00,94.184,-0.0005,0.0,0.15,0.0005,-0.0003,8486.12,3,116.186,75.206,step
2026-08-31T18:37:40.544914+00:00,93.557,-0.0006,0.0,0.15,0.0005,-0.0003,8431.12,3,115.629,75.228,step
2026-08-31T18:37:40.546290+00:00,92.935,-0.0006,0.0,0.15,0.0005,-0.0004,8376.24,3,115.069,75.25,step
2026-08-31T18:37:40.547695+00:00,92.316,-0.0007,0.0,0.15,0.0006,-0.0004,8321.21,3,114.509,75.272,step
2026-08-31T18:37:40.549040+00:00,91.699,-0.0007,0.15,0.0,0.0006,-0.0004,8266.13,3,113.951,75.294,step
2026-08-31T18:37:40.550560+00:00,91.528,-0.0007,0.15,0.0,0.0006,-0.0004,8397.7,3,113.389,75.316,step
2026-08-31T18:37:40.551949+00:00,91.551,-0.0007,0.15,0.0,0.0007,-0.0003,8397.02,3,112.819,75.338,step
2026-08-31T18:37:40.553327+00:00,91.573,-0.0006,0.15,0.0,0.0007,-0.0003,8397.91,3,112.244,75.36,step
2026-08-31T18:37:40.554704+00:00,91.594,-0.0006,0.15,0.0,0.0007,-0.0002,8399.58,3,111.668,75.382,step
2026-08-31T18:37:40.556068+00:00,91.616,-0.0005,0.15,0.0,0.0007,-0.0002,8401.83,3,111.092,75.404,step
2026-08-31T18:37:40.557385+00:00,91.637,-0.0005,0.15,0.0,0.0008,-0.0001,8404.58,3,110.516,75.426,step
2026-08-31T18:37:40.558918+00:00,91.658,-0.0004,0.15,0.0,0.0008,-0.0,8407.11,3,109.947,75.448,step
2026-08-31T18:37:40.560294+00:00,91.679,-0.0004,0.15,0.0,0.0008,-0.0,8409.29,3,109.382,75.47,step
2026-08-31T18:37:40.561637+00:00,91.701,-0.0004,0.15,0.0,0.0007,-0.0,8411.23,3,108.82,75.492,step
2026-08-31T18:37:40.562959+00:00,91.722,-0.0004,0.15,0.0,0.0007,-0.0,8413.06,3,108.259,75.514,step
2026-08-31T18:37:40.564274+00:00,91.743,-0.0004,0.15,0.0,0.0007,-0.0,8414.79,3,107.698,75.536,step
2026-08-31T18:37:40.565641+00:00,91.763,-0.0004,0.15,0.0,0.0007,-0.0,8416.58,3,107.137,75.558,step
2026-08-31T18:37:40.567225+00:00,91.784,-0.0004,0.15,0.0,0.0007,-0.0,8418.39,3,106.576,75.58,step
2026-08-31T18:37:40.568538+00:00,91.804,-0.0003,0.15,0.0,0.0006,-0.0,8420.23,3,106.014,75.602,step
2026-08-31T18:37:40.569862+00:00,91.825,-0.0003,0.15,0.0,0.0006,-0.0,8421.89,3,105.453,75.624,step
2026-08-31T18:37:40.571204+00:00,91.846,-0.0003,0.15,0.0,0.0006,-0.0,8423.05,3,104.892,75.646,step
2026-08-31T18:37:40.572528+00:00,91.866,-0.0004,0.15,0.0,0.0007,-0.0,8425.11,3,104.331,75.668,step
2026-08-31T18:37:40.573879+00:00,91.885,-0.0004,0.15,0.0,0.0007,-0.0,8427.45,3,103.771,75.69,step
2026-08-31T18:37:40.575476+00:00,91.906,-0.0004,0.15,0.0,0.0007,-0.0,8429.63,3,103.209,75.712,step
2026-08-31T18:37:40.576895+00:00,91.926,-0.0004,0.15,0.0,0.0008,-0.0,8431.62,3,102.648,75.734,step
2026-08-31T18:37:40.578229+00:00,91.946,-0.0004,0.15,0.0,0.0008,-0.0,8433.49,3,102.086,75.756,step
2026-08-31T18:37:40.579571+00:00,91.966,-0.0004,0.15,0.0,0.0008,-0.0,8435.3,3,101.524,75.778,step
2026-08-31T18:37:40.580897+00:00,91.986,-0.0004,0.15,0.0,0.0008,-0.0,8437.09,3,100.962,75.8,step
2026-08-31T18:37:40.582303+00:00,92.006,-0.0004,0.0,0.15,0.0008,-0.0,8438.86,3,100.4,75.822,step
2026-08-31T18:37:40.583874+00:00,91.581,-0.0004,0.15,0.0,0.0008,-0.0,8260.33,3,99.8338,75.844,step
2026-08-31T18:37:40.585368+00:00,91.408,-0.0004,0.15,0.0,0.0008,0.0,8386.14,3,99.2683,75.866,step
2026-08-31T18:37:40.586725+00:00,91.429,-0.0004,0.15,0.0,0.0008,0.0,8386.97,3,98.708,75.888,step
2026-08-31T18:37:40.588089+00:00,91.45,-0.0003,0.15,0.0,0.0008,0.0,8388.34,3,98.1478,75.91,step
2026-08-31T18:37:40.589425+00:00,91.471,-0.0003,0.15,0.0,0.0007,0.0,8389.19,3,97.5879,75.932,step
2026-08-31T18:37:40.590746+00:00,91.492,-0.0003,0.15,0.0,0.0007,0.0,8390.5,3,97.0284,75.954,step
2026-08-31T18:37:40.592307+00:00,91.512,-0.0003,0.15,0.0,0.0006,0.0,8392.5,3,96.4689,75.976,step
2026-08-31T18:37:40.593646+00:00,91.532,-0.0003,0.15,0.0,0.0007,0.0,8394.92,3,95.9105,75.998,step
2026-08-31T18:37:40.594994+00:00,91.552,-0.0003,0.15,0.0,0.0007,0.0,8397.28,3,95.3516,76.02,step
2026-08-31T18:37:40.596327+00:00,91.572,-0.0003,0.15,0.0,0.0007,0.0,8399.39,3,94.7921,76.042,step
2026-08-31T18:37:40.597611+00:00,91.593,-0.0003,0.15,0.0,0.0008,0.0,8401.31,3,94.2326,76.064,step
2026-08-31T18:37:40.598902+00:00,91.613,-0.0003,0.15,0.0,0.0008,0.0,8403.13,3,93.6731,76.086,step
2026-08-31T18:37:40.600406+00:00,91.633,-0.0004,0.15,0.0,0.0008,0.0,8404.89,3,93.1136,76.108,step
2026-08-31T18:37:40.601865+00:00,91.653,-0.0004,0.15,0.0,0.0008,0.0,8406.64,3,92.554,76.13,step
2026-08-31T18:37:40.603208+00:00,91.673,-0.0004,0.15,0.0,0.0008,0.0,8408.35,3,91.9937,76.152,step
2026-08-31T18:37:40.604561+00:00,91.693,-0.0004,0.15,0.0,0.0008,0.0,8410.08,3,91.4331,76.174,step
2026-08-31T18:37:40.605884+00:00,91.712,-0.0003,0.15,0.0,0.0008,0.0,8411.83,3,90.8722,76.196,step
2026-08-31T18:37:40.607245+00:00,91.732,-0.0003,0.15,0.0,0.0007,0.0,8413.63,3,90.3116,76.218,step
2026-08-31T18:37:40.608591+00:00,91.751,-0.0003,0.15,0.0,0.0007,0.0,8414.66,3,89.7509,76.24,step
2026-08-31T18:37:40.610021+00:00,91.771,-0.0003,0.15,0.0,0.0007,0.0,8416.31,3,89.1902,76.262,step
2026-08-31T18:37:40.611320+00:00,91.79,-0.0003,0.15,0.0,0.0007,0.0,8418.35,3,88.6288,76.284,step
2026-08-31T18:37:40.612658+00:00,91.809,-0.0003,0.15,0.0,0.0006,0.0,8420.57,3,88.067,76.306,step
2026-08-31T18:37:40.614049+00:00,91.828,-0.0002,0.15,0.0,0.0006,0.0,8422.6,3,87.5052,76.328,step
2026-08-31T18:37:40.615385+00:00,91.847,-0.0002,0.15,0.0,0.0006,0.0,8424.46,3,86.9441,76.35,step
2026-08-31T18:37:40.616721+00:00,91.866,-0.0003,0.15,0.0,0.0006,0.0,8426.22,3,86.3834,76.372,step
2026-08-31T18:37:40.618344+00:00,91.885,-0.0003,0.15,0.0,0.0007,0.0,8427.93,3,85.8228,76.394,step
2026-08-31T18:37:40.619695+00:00,91.904,-0.0003,0.15,0.0,0.0007,0.0,8429.62,3,85.2615,76.416,step
2026-08-31T18:37:40.621046+00:00,91.923,-0.0003,0.15,0.0,0.0007,0.0,8431.29,3,84.6997,76.438,step
2026-08-31T18:37:40.622415+00:00,91.942,-0.0003,0.15,0.0,0.0007,0.0,8432.92,3,84.1379,76.46,step
2026-08-31T18:37:40.623807+00:00,91.961,-0.0003,0.15,0.0,0.0007,0.0,8434.57,3,83.5762,76.482,step
2026-08-31T18:37:40.625105+00:00,91.979,-0.0003,0.15,0.0,0.0007,0.0,8436.25,3,83.0147,76.504,step
2026-08-31T18:37:40.626802+00:00,91.998,-0.0003,0.15,0.0,0.0008,0.0,8437.95,3,82.453,76.526,step
2026-08-31T18:37:40.628094+00:00,92.016,-0.0003,0.0,0.15,0.0007,0.0,8438.76,3,81.8908,76.548,step
2026-08-31T18:37:40.629456+00:00,91.59,-0.0004,0.15,0.0,0.0007,0.0,8263.41,3,81.3329,76.57,step
2026-08-31T18:37:40.630784+00:00,91.415,-0.0004,0.15,0.0,0.0007,-0.0,8386.45,3,80.7791,76.592,step
2026-08-31T18:37:40.632077+00:00,91.434,-0.0004,0.15,0.0,0.0007,-0.0,8387.42,3,80.2214,76.614,step
2026-08-31T18:37:40.633377+00:00,91.454,-0.0003,0.15,0.0,0.0007,-0.0,8388.76,3,79.6623,76.636,step
2026-08-31T18:37:40.634885+00:00,91.473,-0.0003,0.15,0.0,0.0006,-0.0,8390.29,3,79.1028,76.658,step
2026-08-31T18:37:40.636203+00:00,91.493,-0.0003,0.15,0.0,0.0006,-0.0,8391.88,3,78.5433,76.68,step
2026-08-31T18:37:40.637540+00:00,91.512,-0.0003,0.15,0.0,0.0006,-0.0,8393.55,3,77.9843,76.702,step
2026-08-31T18:37:40.638917+00:00,91.531,-0.0003,0.15,0.0,0.0006,-0.0,8395.32,3,77.4258,76.724,step
2026-08-31T18:37:40.640263+00:00,91.55,-0.0004,0.15,0.0,0.0007,-0.0,8397.09,3,76.867,76.746,step
2026-08-31T18:37:40.641590+00:00,91.569,-0.0004,0.15,0.0,0.0007,-0.0,8398.84,3,76.3074,76.768,step
2026-08-31T18:37:40.643169+00:00,91.588,-0.0004,0.15,0.0,0.0007,-0.0,8400.58,3,75.7476,76.79,step
2026-08-31T18:37:40.644492+00:00,91.606,-0.0004,0.15,0.0,0.0007,-0.0,8402.31,3,75.188,76.812,step
2026-08-31T18:37:40.645825+00:00,91.625,-0.0004,0.15,0.0,0.0008,-0.0,8404.03,3,74.6285,76.834,step
2026-08-31T18:37:40.647120+00:00,91.644,-0.0004,0.15,0.0,0.0008,-0.0,8404.78,3,74.0689,76.856,step
2026-08-31T18:37:40.648418+00:00,91.662,-0.0004,0.15,0.0,0.0008,-0.0,8406.49,3,73.5092,76.878,step
2026-08-31T18:37:40.649735+00:00,91.68,-0.0004,0.15,0.0,0.0008,-0.0,8408.48,3,72.9485,76.9,step
2026-08-31T18:37:40.651224+00:00,91.698,-0.0004,0.15,0.0,0.0008,-0.0,8410.56,3,72.3878,76.922,step
2026-08-31T18:37:40.652569+00:00,91.716,-0.0004,0.15,0.0,0.0007,-0.0,8412.45,3,71.8271,76.944,step
2026-08-31T18:37:40.653867+00:00,91.734,-0.0004,0.15,0.0,0.0007,-0.0,8414.21,3,71.2663,76.966,step
2026-08-31T18:37:40.655162+00:00,91.753,-0.0004,0.15,0.0,0.0007,-0.0,8415.88,3,70.7056,76.988,step
2026-08-31T18:37:40.656462+00:00,91.771,-0.0004,0.15,0.0,0.0007,-0.0,8417.5,3,70.1449,77.01,step
2026-08-31T18:37:40.657796+00:00,91.789,-0.0003,0.15,0.0,0.0006,-0.0,8419.11,3,69.5835,77.032,step
2026-08-31T18:37:40.659303+00:00,91.807,-0.0003,0.15,0.0,0.0006,-0.0,8420.68,3,69.0216,77.054,step
2026-08-31T18:37:40.660626+00:00,91.825,-0.0003,0.15,0.0,0.0005,-0.0,8422.23,3,68.4598,77.076,step
2026-08-31T18:37:40.661933+00:00,91.843,-0.0003,0.15,0.0,0.0006,-0.0,8423.8,3,67.8994,77.098,step
2026-08-31T18:37:40.663242+00:00,91.86,-0.0003,0.15,0.0,0.0007,-0.0,8425.4,3,67.3387,77.12,step
2026-08-31T18:37:40.664566+00:00,91.877,-0.0004,0.15,0.0,0.0007,-0.0,8427.03,3,66.7779,77.142,step
2026-08-31T18:37:40.665891+00:00,91.895,-0.0004,0.15,0.0,0.0008,-0.0,8427.7,3,66.2172,77.164,step
2026-08-31T18:37:40.667354+00:00,91.912,-0.0004,0.15,0.0,0.0008,-0.0,8429.38,3,65.6554,77.186,step
2026-08-31T18:37:40.668671+00:00,91.929,-0.0004,0.15,0.0,0.0008,-0.0,8431.37,3,65.0936,77.208,step
2026-08-31T18:37:40.669977+00:00,91.946,-0.0004,0.15,0.0,0.0008,-0.0,8433.33,3,64.5317,77.23,step
2026-08-31T18:37:40.671341+00:00,91.964,-0.0004,0.15,0.0,0.0008,-0.0,8435.1,3,63.9699,77.252,step
2026-08-31T18:37:40.672704+00:00,91.981,-0.0004,0.15,0.0,0.0008,-0.0,8436.73,3,63.4081,77.274,step
2026-08-31T18:37:40.674125+00:00,91.998,-0.0004,0.15,0.0,0.0008,-0.0,8438.29,3,62.8462,77.296,step
2026-08-31T18:37:40.675663+00:00,92.015,-0.0004,0.0,0.15,0.0008,-0.0,8439.81,3,62.2841,77.318,step
2026-08-31T18:37:40.677002+00:00,91.588,-0.0004,0.15,0.0,0.0008,-0.0,8260.82,3,61.7254,77.34,step
2026-08-31T18:37:40.678316+00:00,91.412,-0.0005,0.15,0.0,0.0008,-0.0001,8386.64,3,61.1704,77.362,step
2026-08-31T18:37:40.679669+00:00,91.43,-0.0005,0.15,0.0,0.0008,-0.0001,8387.16,3,60.6128,77.384,step
2026-08-31T18:37:40.680970+00:00,91.448,-0.0004,0.15,0.0,0.0007,-0.0001,8388.22,3,60.0533,77.406,step
2026-08-31T18:37:40.682342+00:00,91.466,-0.0004,0.15,0.0,0.0007,-0.0001,8389.39,3,59.4938,77.428,step
2026-08-31T18:37:40.683981+00:00,91.484,-0.0004,0.0,0.15,0.0007,-0.0001,8390.76,3,58.9341,77.45,step
2026-08-31T18:37:40.685546+00:00,91.058,-0.0004,0.0,0.15,0.0006,-0.0,8217.22,3,58.3728,77.472,step
2026-08-31T18:37:40.686864+00:00,90.44,-0.0003,0.0,0.15,0.0007,0.0,8156.66,3,57.8114,77.494,step
2026-08-31T18:37:40.688181+00:00,89.823,-0.0003,0.0,0.15,0.0006,0.0001,8097.62,3,57.252,77.516,step
2026-08-31T18:37:40.689485+00:00,89.21,-0.0002,0.0,0.15,0.0007,0.0001,8041.1,3,56.6964,77.538,step
2026-08-31T18:37:40.690860+00:00,88.599,-0.0001,0.0,0.15,0.0007,0.0002,7986.37,3,56.1445,77.56,step
2026-08-31T18:37:40.692416+00:00,87.99,-0.0,0.0,0.15,0.0007,0.0003,7932.53,3,55.5965,77.582,step
2026-08-31T18:37:40.693721+00:00,87.385,0.0,0.0,0.15,0.0006,0.0004,7879.03,3,55.0524,77.604,step
2026-08-31T18:37:40.695015+00:00,86.781,0.0001,0.0,0.15,0.0006,0.0004,7825.59,3,54.5124,77.626,step
2026-08-31T18:37:40.696326+00:00,86.18,0.0002,0.0,0.15,0.0006,0.0005,7772.13,3,53.9763,77.648,step
2026-08-31T18:37:40.697637+00:00,85.58,0.0003,0.0,0.15,0.0006,0.0005,7718.57,3,53.4444,77.67,step
2026-08-31T18:37:40.698965+00:00,84.983,0.0003,0.0,0.15,0.0005,0.0006,7665.24,3,52.9164,77.692,step
2026-08-31T18:37:40.700581+00:00,84.388,0.0004,0.0,0.15,0.0005,0.0007,7611.98,3,52.3925,77.714,step
2026-08-31T18:37:40.701957+00:00,83.795,0.0005,0.0,0.15,0.0004,0.0007,7558.84,3,51.8723,77.736,step
2026-08-31T18:37:40.703278+00:00,83.205,0.0006,0.0,0.15,0.0004,0.0008,7505.82,3,51.3561,77.758,step
2026-08-31T18:37:40.704632+00:00,82.614,0.0006,0.0,0.15,0.0004,0.0008,7454.72,3,50.8467,77.78,step
2026-08-31T18:37:40.705953+00:00,82.026,0.0007,0.0,0.15,0.0003,0.0008,7402.21,3,50.3437,77.802,step
2026-08-31T18:37:40.707253+00:00,81.441,0.0007,0.0,0.15,0.0003,0.0008,7348.88,3,49.8455,77.824,step
2026-08-31T18:37:40.708724+00:00,80.858,0.0007,0.0,0.15,0.0002,0.0008,7295.8,3,49.3514,77.846,step
2026-08-31T18:37:40.710149+00:00,80.276,0.0007,0.0,0.15,0.0002,0.0008,7243.24,3,48.8609,77.868,step
2026-08-31T18:37:40.711477+00:00,79.696,0.0007,0.0,0.15,0.0001,0.0008,7191.13,2,48.3742,77.89,step
2026-08-31T18:37:40.712857+00:00,79.139,0.0007,0.0,0.15,0.0001,0.0007,9037.54,2,47.8919,77.912,step
2026-08-31T18:37:40.714190+00:00,78.598,0.0007,0.0,0.15,0.0,0.0007,9014.05,2,47.4149,77.934,step
2026-08-31T18:37:40.715544+00:00,78.012,0.0006,0.0,0.15,-0.0,0.0006,8836.9,2,46.9436,77.956,step
2026-08-31T18:37:40.716889+00:00,77.373,0.0005,0.0,0.15,-0.0001,0.0005,8763.56,2,46.4825,77.978,step
2026-08-31T18:37:40.718496+00:00,76.733,0.0004,0.0,0.15,-0.0001,0.0003,8691.92,2,46.0279,78.0,step
2026-08-31T18:37:40.719855+00:00,76.1,0.0003,0.0,0.15,-0.0001,0.0002,8621.3,2,45.5753,78.022,step
2026-08-31T18:37:40.721204+00:00,75.47,0.0002,0.0,0.15,-0.0001,0.0001,8551.32,2,45.124,78.044,step
2026-08-31T18:37:40.722579+00:00,74.844,0.2001,0.0,0.15,-0.0002,-0.0,8481.7,2,44.675,78.066,step
2026-08-31T18:37:40.723937+00:00,74.23,0.1974,0.0,0.15,0.0001,-0.0026,8412.87,2,44.4762,78.088,step
2026-08-31T18:37:40.725405+00:00,73.567,0.19,0.0,0.15,0.0009,-0.0095,8336.11,2,44.7196,78.11,step
2026-08-31T18:37:40.726819+00:00,72.923,-0.0197,0.0,0.15,0.0025,-0.0185,8261.5,2,45.1631,78.132,step
2026-08-31T18:37:40.728145+00:00,72.311,-0.0276,0.0,0.15,0.0044,-0.0254,8196.87,2,45.4015,78.154,step
2026-08-31T18:37:40.729522+00:00,71.686,-0.0303,0.0,0.15,0.0063,-0.0271,8130.53,2,45.125,78.176,step
2026-08-31T18:37:40.730889+00:00,71.076,0.1693,0.0,0.15,0.008,-0.0267,8062.12,2,44.6438,78.198,step
2026-08-31T18:37:40.732242+00:00,70.482,0.1671,0.0,0.15,0.0099,-0.028,7994.33,2,44.3324,78.22,step
2026-08-31T18:37:40.733826+00:00,69.842,0.1604,0.0,0.15,0.0124,-0.0334,7921.29,2,44.4187,78.242,step
2026-08-31T18:37:40.735266+00:00,69.222,0.1516,0.0,0.15,0.0154,-0.0406,7849.55,2,44.6799,78.264,step
2026-08-31T18:37:40.736584+00:00,68.615,0.1421,0.0,0.15,0.019,-0.0484,7780.87,2,44.987,78.286,step
2026-08-31T18:37:40.738017+00:00,68.015,-0.0675,0.8,0.0,0.023,-0.056,7713.84,2,45.2794,78.308,step
2026-08-31T18:37:40.739480+00:00,68.407,-0.0742,0.8,0.0,0.0272,-0.0606,8773.62,2,45.2868,78.33,step
2026-08-31T18:37:40.740819+00:00,69.226,0.1244,0.0,0.15,0.0312,-0.06,9200.64,2,44.8068,78.352,step
2026-08-31T18:37:40.742408+00:00,69.433,0.123,0.0,0.15,0.0351,-0.0594,7892.37,2,44.331,78.374,step
2026-08-31T18:37:40.743898+00:00,68.801,0.1182,0.0,0.15,0.0395,-0.062,7821.78,2,44.1403,78.396,step
2026-08-31T18:37:40.745294+00:00,68.178,0.1115,0.0,0.15,0.0443,-0.0663,7740.68,2,44.1095,78.418,step
2026-08-31T18:37:40.746690+00:00,67.574,0.1038,0.0,0.15,0.0494,-0.0715,7665.68,2,44.157,78.44,step
2026-08-31T18:37:40.748049+00:00,66.979,0.0957,0.0,0.15,0.0548,-0.0769,7596.43,2,44.2232,78.462,step
2026-08-31T18:37:40.749507+00:00,66.389,0.0876,0.0,0.15,0.0605,-0.0822,7530.88,2,44.274,78.484,step
2026-08-31T18:37:40.751203+00:00,65.803,0.0797,0.0,0.15,0.0665,-0.087,7466.93,2,44.2932,78.506,step
2026-08-31T18:37:40.752627+00:00,65.221,0.0722,0.0,0.15,0.0727,-0.0914,7403.37,2,44.2747,78.528,step
2026-08-31T18:37:40.754015+00:00,64.64,0.0651,0.0,0.15,0.0791,-0.0954,7341.5,2,44.2171,78.55,step
2026-08-31T18:37:40.755410+00:00,64.064,0.0583,0.0,0.15,0.0856,-0.0989,7277.41,2,44.1227,78.572,step
2026-08-31T18:37:40.756831+00:00,63.491,0.0518,0.0,0.15,0.0923,-0.102,7212.87,2,43.9959,78.594,step
2026-08-31T18:37:40.758269+00:00,62.92,0.0457,0.0,0.15,0.0992,-0.1047,7148.16,2,43.8408,78.616,step
2026-08-31T18:37:40.759873+00:00,62.352,0.0398,0.0,0.15,0.1061,-0.1071,7083.85,2,43.6606,78.638,step
2026-08-31T18:37:40.761281+00:00,61.786,0.0342,0.0,0.15,0.113,-0.1093,7020.04,2,43.4571,78.66,step
2026-08-31T18:37:40.762635+00:00,61.222,0.0289,0.0,0.15,0.1201,-0.1111,6956.63,2,43.2312,78.682,step
2026-08-31T18:37:40.764022+00:00,60.66,0.0238,0.0,0.15,0.1271,-0.1126,6893.55,2,42.9852,78.704,step
2026-08-31T18:37:40.765410+00:00,60.1,0.019,0.0,0.15,0.1342,-0.1139,6830.72,2,42.7214,78.726,step
2026-08-31T18:37:40.766979+00:00,59.542,0.0144,0.0,0.15,0.1412,-0.115,6768.13,2,42.4408,78.748,step
2026-08-31T18:37:40.768472+00:00,58.987,0.0101,0.0,0.15,0.1482,-0.1158,6705.76,2,42.1439,78.77,step
2026-08-31T18:37:40.769914+00:00,58.434,0.006,0.0,0.15,0.1552,-0.1164,6643.53,2,41.8332,78.792,step
2026-08-31T18:37:40.771367+00:00,57.883,0.0021,0.0,0.15,0.1621,-0.1168,6581.49,2,41.5106,78.814,step
2026-08-31T18:37:40.772870+00:00,57.333,-0.0015,0.0,0.15,0.169,-0.117,6519.56,2,41.1767,78.836,step
2026-08-31T18:37:40.774388+00:00,56.786,-0.005,0.0,0.15,0.1758,-0.1171,6457.94,2,40.8324,78.858,step
2026-08-31T18:37:40.776218+00:00,56.241,-0.0082,0.0,0.15,0.1825,-0.117,6396.47,2,40.4797,78.88,step
2026-08-31T18:37:40.777706+00:00,55.698,-0.0113,0.0,0.15,0.1891,-0.1168,6335.14,2,40.1196,78.902,step
2026-08-31T18:37:40.779226+00:00,55.156,-0.0138,0.0,0.15,0.1956,-0.116,6274.0,2,39.7519,78.924,step
2026-08-31T18:37:40.780766+00:00,54.617,-0.0117,0.0,0.15,0.2019,-0.1108,6213.03,2,39.3786,78.946,step
2026-08-31T18:37:40.782316+00:00,54.079,-0.0095,0.0,0.15,0.2078,-0.1056,6152.25,2,39.0075,78.968,step
2026-08-31T18:37:40.784035+00:00,53.542,-0.0072,0.0,0.15,0.2134,-0.1005,6091.66,2,38.6447,78.99,step
2026-08-31T18:37:40.785485+00:00,53.007,-0.0049,0.0,0.15,0.2187,-0.0956,6031.74,2,38.2929,79.012,step
2026-08-31T18:37:40.787006+00:00,52.474,-0.0026,0.0,0.15,0.2237,-0.0908,5971.91,2,37.9517,79.034,step
2026-08-31T18:37:40.788532+00:00,51.942,-0.0003,0.0,0.15,0.2283,-0.0861,5911.55,2,37.6201,79.056,step
2026-08-31T18:37:40.790074+00:00,51.413,0.0021,0.0,0.15,0.2327,-0.0816,5851.28,2,37.2991,79.078,step
2026-08-31T18:37:40.791742+00:00,50.885,0.0044,0.0,0.15,0.2369,-0.0772,5791.35,2,36.988,79.1,step
2026-08-31T18:37:40.793400+00:00,50.359,0.0067,0.0,0.15,0.2407,-0.0729,5731.66,2,36.6857,79.122,step
2026-08-31T18:37:40.794920+00:00,49.834,0.009,0.0,0.15,0.2444,-0.0688,5672.26,1,36.3935,79.144,step
2026-08-31T18:37:40.796453+00:00,49.317,0.0113,0.0,0.15,0.2478,-0.0648,7609.89,1,36.111,79.166,step
2026-08-31T18:37:40.797950+00:00,48.804,0.0137,0.0,0.15,0.251,-0.0608,7597.67,1,35.8364,79.188,step
2026-08-31T18:37:40.799518+00:00,48.258,0.016,0.0,0.15,0.2539,-0.057,7355.93,1,35.5716,79.21,step
2026-08-31T18:37:40.801251+00:00,47.681,0.0184,0.0,0.15,0.2567,-0.0533,7269.09,1,35.3177,79.232,step
2026-08-31T18:37:40.802765+00:00,47.109,0.0206,0.0,0.15,0.2592,-0.0498,7183.13,1,35.072,79.254,step
2026-08-31T18:37:40.804325+00:00,46.54,0.0229,0.15,0.0,0.2616,-0.0463,7098.13,1,34.8351,79.276,step
2026-08-31T18:37:40.805869+00:00,46.544,0.0251,0.15,0.0,0.2638,-0.043,7283.73,1,34.6015,79.298,step
2026-08-31T18:37:40.807408+00:00,46.676,0.0275,0.15,0.0,0.2659,-0.0396,7299.5,1,34.3666,79.32,step
2026-08-31T18:37:40.809213+00:00,46.808,0.0299,0.15,0.0,0.2678,-0.0362,7316.7,1,34.1343,79.342,step
2026-08-31T18:37:40.810813+00:00,46.938,0.0323,0.15,0.0,0.2696,-0.0329,7335.52,1,33.9044,79.364,step
2026-08-31T18:37:40.812337+00:00,47.068,0.0347,0.0,0.15,0.2713,-0.0296,7355.7,1,33.6769,79.386,step
2026-08-31T18:37:40.813859+00:00,46.637,0.0371,0.15,0.0,0.2728,-0.0265,7121.68,1,33.4576,79.408,step
2026-08-31T18:37:40.815335+00:00,46.638,0.0394,0.15,0.0,0.2741,-0.0235,7295.11,1,33.2471,79.43,step
2026-08-31T18:37:40.817089+00:00,46.768,0.0418,0.15,0.0,0.2754,-0.0205,7313.83,1,33.0357,79.452,step
2026-08-31T18:37:40.818584+00:00,46.899,0.0443,0.15,0.0,0.2765,-0.0174,7333.0,1,32.8276,79.474,step
2026-08-31T18:37:40.820094+00:00,47.029,0.0468,0.0,0.15,0.2775,-0.0144,7352.51,1,32.6226,79.496,step
2026-08-31T18:37:40.821574+00:00,46.594,0.0492,0.15,0.0,0.2783,-0.0116,7113.33,1,32.4267,79.518,step
2026-08-31T18:37:40.823012+00:00,46.602,0.0516,0.15,0.0,0.2791,-0.0089,7289.08,1,32.2386,79.54,step
2026-08-31T18:37:40.824598+00:00,46.733,0.054,0.15,0.0,0.2797,-0.0062,7307.94,1,32.0494,79.562,step
2026-08-31T18:37:40.826271+00:00,46.863,0.0564,0.15,0.0,0.2802,-0.0035,7326.93,1,31.8622,79.584,step
2026-08-31T18:37:40.827808+00:00,46.993,0.0588,0.15,0.0,0.2806,-0.0009,7346.18,1,31.677,79.606,step
2026-08-31T18:37:40.829347+00:00,47.122,0.0613,0.0,0.15,0.2809,0.0017,7365.76,1,31.4945,79.628,step
2026-08-31T18:37:40.830839+00:00,46.689,0.0636,0.15,0.0,0.2811,0.0041,7128.23,1,31.3213,79.65,step
2026-08-31T18:37:40.832396+00:00,46.697,0.0658,0.15,0.0,0.2811,0.0064,7303.66,1,31.1564,79.672,step
2026-08-31T18:37:40.834116+00:00,46.828,0.0681,0.15,0.0,0.2811,0.0087,7322.1,1,30.9893,79.694,step
2026-08-31T18:37:40.835744+00:00,46.957,0.0704,0.15,0.0,0.281,0.0109,7341.23,1,30.8231,79.716,step
2026-08-31T18:37:40.837238+00:00,47.087,0.0728,0.0,0.15,0.2808,0.0132,7360.46,1,30.6587,79.738,step
2026-08-31T18:37:40.838726+00:00,46.652,0.0751,0.15,0.0,0.2805,0.0154,7122.58,1,30.504,79.76,step
2026-08-31T18:37:40.840231+00:00,46.664,0.0773,0.15,0.0,0.2801,0.0174,7297.93,1,30.3573,79.782,step
2026-08-31T18:37:40.841723+00:00,46.794,0.0796,0.15,0.0,0.2796,0.0195,7316.39,1,30.2065,79.804,step
2026-08-31T18:37:40.843449+00:00,46.923,0.0819,0.15,0.0,0.2791,0.0215,7335.37,1,30.0574,79.826,step
2026-08-31T18:37:40.844943+00:00,47.052,0.0842,0.0,0.15,0.2785,0.0235,7354.69,1,29.9104,79.848,step
2026-08-31T18:37:40.846411+00:00,46.618,0.0864,0.15,0.0,0.2777,0.0253,7117.71,1,29.7724,79.87,step
2026-08-31T18:37:40.847858+00:00,46.632,0.0884,0.15,0.0,0.2769,0.0269,7292.71,1,29.6418,79.892,step
2026-08-31T18:37:40.849318+00:00,46.761,0.0906,0.15,0.0,0.2761,0.0286,7311.12,1,29.5068,79.914,step
2026-08-31T18:37:40.851001+00:00,46.89,0.0928,0.15,0.0,0.2752,0.0303,7330.0,1,29.3726,79.936,step
2026-08-31T18:37:40.852536+00:00,47.018,0.0949,0.0,0.15,0.2742,0.032,7349.12,1,29.2407,79.958,step
2026-08-31T18:37:40.854056+00:00,46.584,0.0969,0.15,0.0,0.2731,0.0334,7112.26,1,29.1186,79.98,step
2026-08-31T18:37:40.855519+00:00,46.6,0.0987,0.15,0.0,0.272,0.0347,7287.28,1,29.0036,80.002,step
2026-08-31T18:37:40.857014+00:00,46.729,0.1008,0.15,0.0,0.2708,0.0363,7305.67,1,28.8828,80.024,step
2026-08-31T18:37:40.858622+00:00,46.857,0.1029,0.15,0.0,0.2696,0.0378,7324.56,1,28.7625,80.046,step
2026-08-31T18:37:40.860105+00:00,46.984,0.105,0.15,0.0,0.2684,0.0392,7343.62,1,28.6437,80.068,step
2026-08-31T18:37:40.861576+00:00,47.112,0.1071,0.0,0.15,0.267,0.0407,7362.92,1,28.5262,80.09,step
2026-08-31T18:37:40.863050+00:00,46.676,0.1091,0.15,0.0,0.2656,0.0419,7126.79,1,28.4188,80.112,step
2026-08-31T18:37:40.864490+00:00,46.694,0.1108,0.15,0.0,0.2642,0.0429,7301.72,1,28.3188,80.134,step
2026-08-31T18:37:40.866015+00:00,46.822,0.1127,0.15,0.0,0.2627,0.0441,7319.99,1,28.2133,80.156,step
2026-08-31T18:37:40.867661+00:00,46.949,0.1146,0.15,0.0,0.2612,0.0452,7338.84,1,28.1082,80.178,step
2026-08-31T18:37:40.869083+00:00,47.075,0.1165,0.0,0.15,0.2596,0.0463,7357.76,1,28.0047,80.2,step
2026-08-31T18:37:40.870545+00:00,46.639,0.1182,0.15,0.0,0.258,0.0472,7120.34,1,27.9116,80.222,step
2026-08-31T18:37:40.871976+00:00,46.66,0.1197,0.15,0.0,0.2564,0.0479,7296.25,1,27.8251,80.244,step
2026-08-31T18:37:40.873437+00:00,46.787,0.1214,0.15,0.0,0.2548,0.0488,7314.39,1,27.7313,80.266,step
2026-08-31T18:37:40.874908+00:00,46.913,0.1232,0.15,0.0,0.2531,0.0497,7333.05,1,27.6364,80.288,step
2026-08-31T18:37:40.876623+00:00,47.04,0.125,0.0,0.15,0.2514,0.0507,7351.84,1,27.542,80.31,step
2026-08-31T18:37:40.878054+00:00,46.604,0.1267,0.15,0.0,0.2496,0.0515,7115.18,1,27.4576,80.332,step
2026-08-31T18:37:40.879489+00:00,46.625,0.1282,0.15,0.0,0.2479,0.0521,7290.57,1,27.3809,80.354,step
2026-08-31T18:37:40.880902+00:00,46.751,0.1298,0.15,0.0,0.2461,0.0529,7308.65,1,27.2967,80.376,step
2026-08-31T18:37:40.882338+00:00,46.877,0.1315,0.0,0.15,0.2443,0.0536,7326.62,1,27.2116,80.398,step
2026-08-31T18:37:40.884043+00:00,46.439,0.133,0.15,0.0,0.2424,0.0542,7091.09,1,27.1359,80.42,step
2026-08-31T18:37:40.885475+00:00,46.464,0.1343,0.15,0.0,0.2406,0.0546,7265.21,1,27.067,80.442,step
2026-08-31T18:37:40.886941+00:00,46.59,0.1358,0.0,0.15,0.2387,0.0551,7283.25,1,26.99,80.464,step
2026-08-31T18:37:40.888394+00:00,46.152,0.1371,0.15,0.0,0.2368,0.0555,7046.09,1,26.9219,80.486,step
2026-08-31T18:37:40.889814+00:00,46.18,0.1383,0.15,0.0,0.2349,0.0558,7221.21,1,26.8591,80.508,step
2026-08-31T18:37:40.891291+00:00,46.305,0.1397,0.0,0.15,0.233,0.0562,7239.11,1,26.7868,80.53,step
2026-08-31T18:37:40.892987+00:00,45.87,0.1409,0.15,0.0,0.2311,0.0564,7004.01,1,26.7235,80.552,step
2026-08-31T18:37:40.894394+00:00,45.898,0.1421,0.0,0.15,0.2293,0.0567,7176.99,1,26.6656,80.574,step
2026-08-31T18:37:40.895843+00:00,45.464,0.1432,0.15,0.0,0.2274,0.0569,6941.04,1,26.6081,80.596,step
2026-08-31T18:37:40.897342+00:00,45.493,0.1443,0.15,0.0,0.2255,0.0571,7114.52,1,26.554,80.618,step
2026-08-31T18:37:40.898766+00:00,45.619,0.1457,0.0,0.15,0.2236,0.0575,7132.16,1,26.4897,80.64,step
2026-08-31T18:37:40.900344+00:00,45.185,0.1468,0.15,0.0,0.2218,0.0577,6902.01,1,26.434,80.662,step
2026-08-31T18:37:40.901823+00:00,45.216,0.1478,0.15,0.0,0.2199,0.0578,7069.28,1,26.3821,80.684,step
2026-08-31T18:37:40.903241+00:00,45.341,0.149,0.0,0.15,0.218,0.058,7087.59,1,26.3215,80.706,step
2026-08-31T18:37:40.904748+00:00,44.906,0.1501,0.15,0.0,0.2162,0.0581,6859.77,1,26.2694,80.728,step
2026-08-31T18:37:40.906246+00:00,44.939,0.151,0.15,0.0,0.2143,0.0581,7027.23,1,26.2224,80.75,step
2026-08-31T18:37:40.907696+00:00,45.065,0.1521,0.0,0.15,0.2124,0.0583,7045.25,1,26.1655,80.772,step
2026-08-31T18:37:40.909357+00:00,44.631,0.1529,0.15,0.0,0.2106,0.0583,6817.46,1,26.1173,80.794,step
2026-08-31T18:37:40.910877+00:00,44.665,0.1537,0.15,0.0,0.2088,0.0581,6984.83,1,26.0733,80.816,step
2026-08-31T18:37:40.912329+00:00,44.79,0.1547,0.0,0.15,0.207,0.0582,7002.73,1,26.02,80.838,step
2026-08-31T18:37:40.913785+00:00,44.358,0.1556,0.15,0.0,0.2052,0.0582,6776.47,1,25.9745,80.86,step
2026-08-31T18:37:40.915226+00:00,44.392,0.1565,0.15,0.0,0.2034,0.0582,6942.06,1,25.9334,80.882,step
2026-08-31T18:37:40.916642+00:00,44.517,0.1575,0.0,0.15,0.2016,0.0584,6960.13,1,25.882,80.904,step
2026-08-31T18:37:40.918414+00:00,44.085,0.1584,0.15,0.0,0.1998,0.0583,6735.56,1,25.8393,80.926,step
2026-08-31T18:37:40.919872+00:00,44.121,0.1591,0.15,0.0,0.1981,0.0582,6899.67,1,25.8009,80.948,step
2026-08-31T18:37:40.921337+00:00,44.246,0.1601,0.15,0.0,0.1963,0.0583,6916.36,1,25.7519,80.97,step
2026-08-31T18:37:40.922847+00:00,44.37,0.1611,0.0,0.15,0.1946,0.0584,6934.66,1,25.7011,80.992,step
2026-08-31T18:37:40.924386+00:00,43.935,0.1619,0.15,0.0,0.1929,0.0583,6714.6,1,25.6606,81.014,step
2026-08-31T18:37:40.926114+00:00,43.973,0.1625,0.15,0.0,0.1911,0.0581,6876.3,1,25.6255,81.036,step
2026-08-31T18:37:40.927510+00:00,44.097,0.1633,0.0,0.15,0.1894,0.058,6894.42,1,25.5803,81.058,step
2026-08-31T18:37:40.928963+00:00,43.664,0.1639,0.15,0.0,0.1877,0.0578,6671.39,1,25.5436,81.08,step
2026-08-31T18:37:40.930374+00:00,43.703,0.1645,0.15,0.0,0.1861,0.0575,6835.37,1,25.5117,81.102,step
2026-08-31T18:37:40.931807+00:00,43.827,0.1652,0.0,0.15,0.1844,0.0574,6852.84,1,25.4686,81.124,step
2026-08-31T18:37:40.933211+00:00,43.396,0.1658,0.15,0.0,0.1828,0.0572,6631.33,1,25.4338,81.146,step
2026-08-31T18:37:40.934701+00:00,43.434,0.1664,0.15,0.0,0.1811,0.057,6793.13,1,25.4027,81.168,step
2026-08-31T18:37:40.936115+00:00,43.558,0.1673,0.15,0.0,0.1795,0.057,6810.87,1,25.3614,81.19,step
2026-08-31T18:37:40.937516+00:00,43.682,0.1681,0.0,0.15,0.1779,0.0571,6828.92,1,25.3179,81.212,step
2026-08-31T18:37:40.938936+00:00,43.251,0.1687,0.15,0.0,0.1763,0.0569,6610.83,1,25.2844,81.234,step
2026-08-31T18:37:40.940322+00:00,43.29,0.1693,0.15,0.0,0.1747,0.0566,6768.28,1,25.2554,81.256,step
2026-08-31T18:37:40.941749+00:00,43.413,0.17,0.0,0.15,0.1731,0.0566,6786.77,1,25.216,81.278,step
2026-08-31T18:37:40.943517+00:00,42.98,0.1705,0.15,0.0,0.1716,0.0563,6569.6,1,25.1857,81.3,step
2026-08-31T18:37:40.944947+00:00,43.021,0.1709,0.15,0.0,0.1701,0.0559,6728.75,1,25.1596,81.322,step
2026-08-31T18:37:40.946395+00:00,43.144,0.1715,0.15,0.0,0.1686,0.0558,6746.45,1,25.1238,81.344,step
2026-08-31T18:37:40.947773+00:00,43.267,0.1722,0.0,0.15,0.1671,0.0557,6764.59,1,25.0863,81.366,step
2026-08-31T18:37:40.949193+00:00,42.836,0.1726,0.15,0.0,0.1656,0.0554,6547.65,1,25.0585,81.388,step
2026-08-31T18:37:40.950829+00:00,42.876,0.1729,0.15,0.0,0.1641,0.055,6706.61,1,25.0342,81.41,step
2026-08-31T18:37:40.952325+00:00,42.999,0.1734,0.0,0.15,0.1626,0.0548,6724.21,1,24.9999,81.432,step
2026-08-31T18:37:40.953761+00:00,42.569,0.1739,0.15,0.0,0.1612,0.0545,6506.49,1,24.9737,81.454,step
2026-08-31T18:37:40.955203+00:00,42.611,0.1743,0.15,0.0,0.1598,0.0542,6665.59,1,24.9512,81.476,step
2026-08-31T18:37:40.956636+00:00,42.733,0.175,0.15,0.0,0.1584,0.0542,6683.02,1,24.9185,81.498,step
2026-08-31T18:37:40.957991+00:00,42.856,0.1756,0.0,0.15,0.157,0.0541,6700.85,1,24.8841,81.52,step
2026-08-31T18:37:40.959590+00:00,42.425,0.176,0.15,0.0,0.1556,0.0539,6486.17,1,24.8601,81.542,step
2026-08-31T18:37:40.961020+00:00,42.468,0.1764,0.15,0.0,0.1543,0.0535,6640.71,1,24.8393,81.564,step
2026-08-31T18:37:40.962438+00:00,42.59,0.177,0.15,0.0,0.1529,0.0534,6658.89,1,24.808,81.586,step
2026-08-31T18:37:40.963843+00:00,42.711,0.1776,0.0,0.15,0.1516,0.0534,6677.43,1,24.7755,81.608,step
2026-08-31T18:37:40.965229+00:00,42.277,0.1779,0.15,0.0,0.1503,0.053,6463.59,1,24.7546,81.63,step
2026-08-31T18:37:40.966705+00:00,42.322,0.1781,0.15,0.0,0.149,0.0526,6620.82,1,24.7378,81.652,step
2026-08-31T18:37:40.968219+00:00,42.444,0.1786,0.15,0.0,0.1477,0.0524,6638.29,1,24.7108,81.674,step
2026-08-31T18:37:40.969651+00:00,42.565,0.179,0.0,0.15,0.1464,0.0523,6656.5,1,24.6819,81.696,step
2026-08-31T18:37:40.971123+00:00,42.135,0.1793,0.15,0.0,0.1452,0.0519,6441.77,1,24.6627,81.718,step
2026-08-31T18:37:40.972579+00:00,42.178,0.1795,0.15,0.0,0.1439,0.0514,6598.86,1,24.6468,81.74,step
2026-08-31T18:37:40.973971+00:00,42.3,0.18,0.15,0.0,0.1427,0.0514,6616.3,1,24.6206,81.762,step
2026-08-31T18:37:40.975640+00:00,42.421,0.1806,0.0,0.15,0.1415,0.0513,6634.29,1,24.5929,81.784,step
2026-08-31T18:37:40.977129+00:00,41.99,0.1809,0.15,0.0,0.1403,0.0511,6420.33,1,24.5759,81.806,step
2026-08-31T18:37:40.978565+00:00,42.033,0.1812,0.15,0.0,0.1391,0.0508,6576.59,1,24.563,81.828,step
2026-08-31T18:37:40.979982+00:00,42.155,0.1817,0.15,0.0,0.138,0.0507,6594.04,1,24.5398,81.85,step
2026-08-31T18:37:40.981452+00:00,42.276,0.1822,0.0,0.15,0.1368,0.0506,6609.92,1,24.5151,81.872,step
2026-08-31T18:37:40.982865+00:00,41.843,0.1825,0.15,0.0,0.1356,0.0503,6399.99,1,24.5006,81.894,step
2026-08-31T18:37:40.984563+00:00,41.889,0.1827,0.15,0.0,0.1345,0.05,6552.96,1,24.4892,81.916,step
2026-08-31T18:37:40.985956+00:00,42.009,0.1831,0.15,0.0,0.1334,0.0498,6570.94,1,24.4692,81.938,step
2026-08-31T18:37:40.987357+00:00,42.129,0.1835,0.0,0.15,0.1323,0.0497,6589.25,1,24.4479,81.96,step
2026-08-31T18:37:40.988783+00:00,41.698,0.1837,0.15,0.0,0.1312,0.0493,6375.67,1,24.4374,81.982,step
2026-08-31T18:37:40.990205+00:00,41.743,0.1838,0.15,0.0,0.1301,0.0489,6532.45,1,24.4303,82.004,step
2026-08-31T18:37:40.991686+00:00,41.864,0.1842,0.15,0.0,0.1291,0.0487,6549.49,1,24.4128,82.026,step
2026-08-31T18:37:40.993260+00:00,41.984,0.1846,0.15,0.0,0.128,0.0486,6567.25,1,24.393,82.048,step
2026-08-31T18:37:40.994661+00:00,42.104,0.1851,0.0,0.15,0.127,0.0485,6585.42,1,24.3729,82.07,step
2026-08-31T18:37:40.996117+00:00,41.674,0.1854,0.15,0.0,0.1259,0.0484,6372.81,1,24.3636,82.092,step
2026-08-31T18:37:40.997568+00:00,41.717,0.1856,0.15,0.0,0.1249,0.0481,6529.17,1,24.3581,82.114,step
2026-08-31T18:37:40.998971+00:00,41.837,0.1861,0.15,0.0,0.1239,0.048,6546.22,1,24.3436,82.136,step
2026-08-31T18:37:41.000523+00:00,41.957,0.1866,0.0,0.15,0.1229,0.048,6564.08,1,24.3277,82.158,step
2026-08-31T18:37:41.002145+00:00,41.525,0.1868,0.15,0.0,0.1218,0.0477,6352.48,1,24.323,82.18,step
2026-08-31T18:37:41.003543+00:00,41.571,0.187,0.15,0.0,0.1209,0.0474,6504.48,1,24.3215,82.202,step
2026-08-31T18:37:41.004903+00:00,41.691,0.1874,0.15,0.0,0.1199,0.0473,6522.18,1,24.3097,82.224,step
2026-08-31T18:37:41.006319+00:00,41.81,0.1878,0.15,0.0,0.1189,0.0473,6540.44,1,24.2969,82.246,step
2026-08-31T18:37:41.007949+00:00,41.928,0.1882,0.0,0.15,0.118,0.0472,6558.78,1,24.2847,82.268,step
2026-08-31T18:37:41.009539+00:00,41.496,0.1884,0.15,0.0,0.117,0.0469,6345.73,1,24.2839,82.29,step
2026-08-31T18:37:41.010960+00:00,41.541,0.1885,0.15,0.0,0.1161,0.0465,6503.26,1,24.2864,82.312,step
2026-08-31T18:37:41.012377+00:00,41.661,0.1888,0.15,0.0,0.1152,0.0464,6520.05,1,24.2786,82.334,step
2026-08-31T18:37:41.013804+00:00,41.78,0.1891,0.15,0.0,0.1142,0.0463,6537.68,1,24.2697,82.356,step
2026-08-31T18:37:41.015202+00:00,41.899,0.1896,0.0,0.15,0.1133,0.0463,6555.57,1,24.2605,82.378,step
2026-08-31T18:37:41.016651+00:00,41.469,0.1899,0.15,0.0,0.1124,0.0461,6341.75,1,24.2629,82.4,step
2026-08-31T18:37:41.018351+00:00,41.512,0.1901,0.15,0.0,0.1115,0.0459,6499.38,1,24.2695,82.422,step
2026-08-31T18:37:41.019731+00:00,41.631,0.1905,0.15,0.0,0.1107,0.0459,6516.29,1,24.2665,82.444,step
2026-08-31T18:37:41.021109+00:00,41.75,0.191,0.15,0.0,0.1098,0.0459,6533.91,1,24.2627,82.466,step
2026-08-31T18:37:41.022519+00:00,41.869,0.1915,0.0,0.15,0.1089,0.0459,6549.67,1,24.2587,82.488,step
2026-08-31T18:37:41.023921+00:00,41.435,0.1917,0.15,0.0,0.108,0.0457,6339.26,1,24.266,82.51,step
2026-08-31T18:37:41.025478+00:00,41.481,0.1919,0.15,0.0,0.1072,0.0455,6492.92,1,24.277,82.532,step
2026-08-31T18:37:41.026958+00:00,41.599,0.1922,0.15,0.0,0.1063,0.0454,6510.95,1,24.2793,82.554,step
2026-08-31T18:37:41.028378+00:00,41.716,0.1926,0.15,0.0,0.1055,0.0454,6529.03,1,24.2808,82.576,step
2026-08-31T18:37:41.029779+00:00,41.834,0.193,0.15,0.0,0.1046,0.0453,6547.1,1,24.2826,82.598,step
2026-08-31T18:37:41.031184+00:00,41.951,0.1934,0.0,0.15,0.1038,0.0453,6565.62,1,24.2849,82.62,step
2026-08-31T18:37:41.032596+00:00,41.521,0.1936,0.15,0.0,0.103,0.045,6349.16,1,24.2985,82.642,step
2026-08-31T18:37:41.034232+00:00,41.563,0.1936,0.15,0.0,0.1021,0.0447,6510.18,1,24.3167,82.664,step
2026-08-31T18:37:41.035693+00:00,41.682,0.194,0.15,0.0,0.1013,0.0446,6526.39,1,24.3253,82.686,step
2026-08-31T18:37:41.037091+00:00,41.799,0.1945,0.15,0.0,0.1005,0.0447,6543.77,1,24.3326,82.708,step
2026-08-31T18:37:41.038519+00:00,41.917,0.195,0.15,0.0,0.0997,0.0449,6561.51,1,24.3395,82.73,step
2026-08-31T18:37:41.040008+00:00,42.034,0.1956,0.0,0.15,0.0989,0.045,6579.38,1,24.347,82.752,step
2026-08-31T18:37:41.041444+00:00,41.602,0.1959,0.15,0.0,0.098,0.0449,6362.07,1,24.3682,82.774,step
2026-08-31T18:37:41.043188+00:00,41.645,0.1961,0.15,0.0,0.0972,0.0447,6524.1,1,24.3941,82.796,step
2026-08-31T18:37:41.044613+00:00,41.763,0.1965,0.15,0.0,0.0964,0.0447,6537.38,1,24.4096,82.818,step
2026-08-31T18:37:41.046043+00:00,41.88,0.197,0.15,0.0,0.0956,0.0448,6554.96,1,24.4235,82.84,step
2026-08-31T18:37:41.047460+00:00,41.996,0.1974,0.15,0.0,0.0948,0.0449,6573.36,1,24.4382,82.862,step
2026-08-31T18:37:41.048935+00:00,42.111,0.1979,0.15,0.0,0.094,0.0449,6592.1,1,24.4549,82.884,step
2026-08-31T18:37:41.050595+00:00,42.226,0.1983,0.15,0.0,0.0932,0.0449,6611.0,1,24.4733,82.906,step
2026-08-31T18:37:41.051963+00:00,42.342,0.1988,0.0,0.15,0.0924,0.045,6629.63,1,24.4928,82.928,step
2026-08-31T18:37:41.053372+00:00,41.91,0.1989,0.15,0.0,0.0916,0.0447,6407.66,1,24.5257,82.95,step
2026-08-31T18:37:41.054777+00:00,41.951,0.199,0.15,0.0,0.0908,0.0444,6574.32,1,24.5635,82.972,step
2026-08-31T18:37:41.056196+00:00,42.068,0.1993,0.15,0.0,0.09,0.0443,6589.76,1,24.5916,82.994,step
2026-08-31T18:37:41.057675+00:00,42.184,0.1997,0.15,0.0,0.0892,0.0443,6606.75,1,24.6179,83.016,step
2026-08-31T18:37:41.059256+00:00,42.3,0.2,0.15,0.0,0.0885,0.0443,6624.1,1,24.645,83.038,step
2026-08-31T18:37:41.060721+00:00,42.415,0.2004,0.15,0.0,0.0877,0.0443,6641.38,1,24.6725,83.06,step
2026-08-31T18:37:41.062098+00:00,42.53,0.2008,0.15,0.0,0.0869,0.0443,6659.44,1,24.7005,83.082,step
2026-08-31T18:37:41.063496+00:00,42.645,0.2012,0.15,0.0,0.0861,0.0442,6677.71,1,24.7302,83.104,step
2026-08-31T18:37:41.064856+00:00,42.76,0.2015,0.15,0.0,0.0853,0.0442,6692.1,1,24.7609,83.126,step
2026-08-31T18:37:41.066321+00:00,42.874,0.2019,0.0,0.15,0.0846,0.0442,6710.63,1,24.7931,83.148,step
2026-08-31T18:37:41.067956+00:00,42.436,0.202,0.15,0.0,0.0838,0.0439,6488.44,1,24.841,83.17,step
2026-08-31T18:37:41.069421+00:00,42.477,0.2019,0.15,0.0,0.083,0.0435,6657.19,1,24.8954,83.192,step
2026-08-31T18:37:41.070828+00:00,42.592,0.2021,0.15,0.0,0.0823,0.0433,6673.1,1,24.9401,83.214,step
2026-08-31T18:37:41.072254+00:00,42.707,0.2023,0.15,0.0,0.0816,0.0431,6689.71,1,24.9833,83.236,step
2026-08-31T18:37:41.073693+00:00,42.822,0.2026,0.15,0.0,0.0808,0.043,6706.91,1,25.0263,83.258,step
2026-08-31T18:37:41.075493+00:00,42.936,0.2028,0.15,0.0,0.0801,0.0429,6724.12,1,25.07,83.28,step
2026-08-31T18:37:41.076950+00:00,43.05,0.2031,0.15,0.0,0.0794,0.0428,6741.73,1,25.1146,83.302,step
2026-08-31T18:37:41.078386+00:00,43.165,0.2031,0.15,0.0,0.0787,0.0424,6759.64,1,25.1599,83.324,step
2026-08-31T18:37:41.079778+00:00,43.279,0.203,0.15,0.0,0.078,0.042,6777.63,1,25.2068,83.346,step
2026-08-31T18:37:41.081179+00:00,43.392,0.203,0.15,0.0,0.0773,0.0416,6795.92,1,25.2553,83.368,step
2026-08-31T18:37:41.082633+00:00,43.506,0.2029,0.15,0.0,0.0766,0.0412,6813.76,1,25.3056,83.39,step
2026-08-31T18:37:41.084392+00:00,43.619,0.2028,0.15,0.0,0.076,0.0408,6831.69,1,25.358,83.412,step
2026-08-31T18:37:41.085835+00:00,43.734,0.2027,0.15,0.0,0.0753,0.0404,6847.65,1,25.4114,83.434,step
2026-08-31T18:37:41.087288+00:00,43.847,0.2026,0.15,0.0,0.0747,0.04,6865.62,1,25.4662,83.456,step
2026-08-31T18:37:41.088683+00:00,43.96,0.2025,0.15,0.0,0.0741,0.0396,6884.11,1,25.5226,83.478,step
2026-08-31T18:37:41.090165+00:00,44.072,0.2024,0.15,0.0,0.0735,0.0391,6902.49,1,25.5817,83.5,step
2026-08-31T18:37:41.091610+00:00,44.186,0.2022,0.15,0.0,0.0729,0.0387,6920.46,1,25.642,83.522,step
2026-08-31T18:37:41.093228+00:00,44.299,0.2021,0.15,0.0,0.0724,0.0383,6938.13,1,25.7032,83.544,step
2026-08-31T18:37:41.094656+00:00,44.412,0.202,0.15,0.0,0.0718,0.0379,6955.87,1,25.7658,83.566,step
2026-08-31T18:37:41.096130+00:00,44.525,0.2018,0.15,0.0,0.0713,0.0375,6973.6,1,25.8296,83.588,step
2026-08-31T18:37:41.097567+00:00,44.638,0.2016,0.15,0.0,0.0708,0.037,6991.24,1,25.8949,83.61,step
2026-08-31T18:37:41.099003+00:00,44.751,0.2012,0.15,0.0,0.0703,0.0364,7008.92,1,25.9617,83.632,step
2026-08-31T18:37:41.100485+00:00,44.864,0.2008,0.15,0.0,0.0698,0.0357,7026.51,1,26.0293,83.654,step
2026-08-31T18:37:41.102072+00:00,44.977,0.2004,0.15,0.0,0.0694,0.035,7044.37,1,26.0982,83.676,step
2026-08-31T18:37:41.103500+00:00,45.09,0.1999,0.15,0.0,0.0689,0.0344,7061.62,1,26.1678,83.698,step
2026-08-31T18:37:41.104928+00:00,45.203,0.1995,0.15,0.0,0.0685,0.0338,7077.8,1,26.2386,83.72,step
2026-08-31T18:37:41.106424+00:00,45.315,0.1991,0.15,0.0,0.0682,0.0332,7095.14,1,26.3106,83.742,step
2026-08-31T18:37:41.107855+00:00,45.428,0.1986,0.15,0.0,0.0678,0.0326,7112.96,1,26.3834,83.764,step
2026-08-31T18:37:41.109403+00:00,45.539,0.1982,0.15,0.0,0.0675,0.0319,7131.23,1,26.4584,83.786,step
2026-08-31T18:37:41.110858+00:00,45.651,0.1977,0.15,0.0,0.0672,0.0313,7149.51,1,26.5351,83.808,step
2026-08-31T18:37:41.112307+00:00,45.763,0.1973,0.15,0.0,0.0669,0.0307,7167.06,1,26.6131,83.83,step
2026-08-31T18:37:41.113759+00:00,45.875,0.1969,0.15,0.0,0.0666,0.0302,7184.68,1,26.6917,83.852,step
2026-08-31T18:37:41.115217+00:00,45.987,0.1964,0.15,0.0,0.0664,0.0296,7202.14,1,26.7715,83.874,step
2026-08-31T18:37:41.116636+00:00,46.099,0.196,0.15,0.0,0.0661,0.0291,7219.47,1,26.8515,83.896,step
2026-08-31T18:37:41.118273+00:00,46.211,0.1953,0.15,0.0,0.066,0.0283,7237.0,1,26.9328,83.918,step
2026-08-31T18:37:41.119707+00:00,46.323,0.1946,0.15,0.0,0.0658,0.0275,7254.47,1,27.0148,83.94,step
2026-08-31T18:37:41.121135+00:00,46.435,0.1939,0.15,0.0,0.0657,0.0267,7271.66,1,27.098,83.962,step
2026-08-31T18:37:41.122527+00:00,46.546,0.1932,0.15,0.0,0.0656,0.026,7289.17,1,27.1825,83.984,step
2026-08-31T18:37:41.124020+00:00,46.658,0.1925,0.15,0.0,0.0655,0.0253,7305.07,1,27.2671,84.006,step
2026-08-31T18:37:41.125732+00:00,46.77,0.1919,0.15,0.0,0.0654,0.0246,7322.05,1,27.3526,84.028,step
2026-08-31T18:37:41.127212+00:00,46.881,0.1912,0.15,0.0,0.0654,0.0239,7339.67,1,27.4387,84.05,step
2026-08-31T18:37:41.128686+00:00,46.991,0.1905,0.15,0.0,0.0654,0.0233,7357.92,1,27.526,84.072,step
2026-08-31T18:37:41.130132+00:00,47.102,0.1899,0.0,0.15,0.0655,0.0226,7375.56,1,27.6157,84.094,step
2026-08-31T18:37:41.131616+00:00,46.657,0.1889,0.15,0.0,0.0655,0.0217,7121.64,1,27.7209,84.116,step
2026-08-31T18:37:41.133188+00:00,46.68,0.1879,0.15,0.0,0.0656,0.0207,7315.94,1,27.8331,84.138,step
2026-08-31T18:37:41.134738+00:00,46.793,0.1871,0.15,0.0,0.0658,0.02,7330.47,1,27.9312,84.16,step
2026-08-31T18:37:41.136165+00:00,46.906,0.1864,0.15,0.0,0.0659,0.0194,7346.01,1,28.0251,84.182,step
2026-08-31T18:37:41.137642+00:00,47.018,0.1855,0.0,0.15,0.0661,0.0186,7362.13,1,28.1167,84.204,step
2026-08-31T18:37:41.139143+00:00,46.574,0.1845,0.15,0.0,0.0663,0.0176,7110.79,1,28.2225,84.226,step
2026-08-31T18:37:41.140620+00:00,46.596,0.1833,0.15,0.0,0.0666,0.0166,7300.78,1,28.3334,84.248,step
2026-08-31T18:37:41.142194+00:00,46.709,0.1824,0.15,0.0,0.0669,0.0158,7316.14,1,28.4301,84.27,step
2026-08-31T18:37:41.143790+00:00,46.822,0.1815,0.15,0.0,0.0672,0.0151,7330.56,1,28.5228,84.292,step
2026-08-31T18:37:41.145229+00:00,46.934,0.1807,0.15,0.0,0.0676,0.0145,7346.85,1,28.614,84.314,step
2026-08-31T18:37:41.146695+00:00,47.045,0.1799,0.0,0.15,0.068,0.0139,7363.97,1,28.7046,84.336,step
2026-08-31T18:37:41.148249+00:00,46.598,0.1789,0.15,0.0,0.0684,0.0131,7114.84,1,28.8105,84.358,step
2026-08-31T18:37:41.149783+00:00,46.621,0.1778,0.15,0.0,0.0688,0.0123,7304.59,1,28.9236,84.38,step
2026-08-31T18:37:41.151485+00:00,46.734,0.177,0.15,0.0,0.0693,0.0116,7319.92,1,29.0228,84.402,step
2026-08-31T18:37:41.152966+00:00,46.847,0.1762,0.15,0.0,0.0698,0.0111,7335.89,1,29.1181,84.424,step
2026-08-31T18:37:41.154477+00:00,46.959,0.1754,0.15,0.0,0.0704,0.0106,7352.29,1,29.2111,84.446,step
2026-08-31T18:37:41.155978+00:00,47.071,0.1746,0.0,0.15,0.0709,0.0101,7369.06,1,29.3022,84.468,step
2026-08-31T18:37:41.157482+00:00,46.627,0.1735,0.15,0.0,0.0715,0.0092,7118.37,1,29.4083,84.49,step
2026-08-31T18:37:41.159302+00:00,46.647,0.1723,0.15,0.0,0.0721,0.0083,7308.13,1,29.5208,84.512,step
2026-08-31T18:37:41.160791+00:00,46.76,0.1713,0.15,0.0,0.0727,0.0077,7323.28,1,29.6186,84.534,step
2026-08-31T18:37:41.162338+00:00,46.873,0.1704,0.15,0.0,0.0734,0.0071,7339.37,1,29.7114,84.556,step
2026-08-31T18:37:41.163804+00:00,46.986,0.1695,0.15,0.0,0.0741,0.0066,7354.3,1,29.8017,84.578,step
2026-08-31T18:37:41.165270+00:00,47.098,0.1687,0.0,0.15,0.0748,0.0061,7370.94,1,29.8912,84.6,step
2026-08-31T18:37:41.166710+00:00,46.651,0.1677,0.15,0.0,0.0755,0.0054,7123.41,1,29.9959,84.622,step
2026-08-31T18:37:41.168831+00:00,46.67,0.1666,0.15,0.0,0.0763,0.0047,7310.76,1,30.107,84.644,step
2026-08-31T18:37:41.170405+00:00,46.784,0.1657,0.15,0.0,0.077,0.0042,7326.32,1,30.2046,84.666,step
2026-08-31T18:37:41.171943+00:00,46.896,0.1648,0.15,0.0,0.0778,0.0038,7342.52,1,30.2977,84.688,step
2026-08-31T18:37:41.173428+00:00,47.009,0.1641,0.0,0.15,0.0787,0.0034,7359.16,1,30.3885,84.71,step
2026-08-31T18:37:41.174965+00:00,46.565,0.1631,0.15,0.0,0.0795,0.0029,7108.79,1,30.4924,84.732,step
2026-08-31T18:37:41.176732+00:00,46.583,0.162,0.15,0.0,0.0803,0.0022,7297.12,1,30.6006,84.754,step
2026-08-31T18:37:41.178176+00:00,46.697,0.161,0.15,0.0,0.0812,0.0016,7312.37,1,30.6942,84.776,step
2026-08-31T18:37:41.179685+00:00,46.81,0.1601,0.15,0.0,0.0821,0.0012,7328.51,1,30.7836,84.798,step
2026-08-31T18:37:41.181186+00:00,46.922,0.1593,0.15,0.0,0.083,0.0008,7344.81,1,30.8703,84.82,step
2026-08-31T18:37:41.182694+00:00,47.035,0.1584,0.0,0.15,0.084,0.0004,7361.54,1,30.9549,84.842,step
2026-08-31T18:37:41.184536+00:00,46.588,0.1574,0.15,0.0,0.0849,-0.0001,7115.29,1,31.0533,84.864,step
2026-08-31T18:37:41.185999+00:00,46.606,0.1564,0.15,0.0,0.0859,-0.0007,7298.83,1,31.1561,84.886,step
2026-08-31T18:37:41.187510+00:00,46.72,0.1556,0.15,0.0,0.0868,-0.001,7314.89,1,31.245,84.908,step
2026-08-31T18:37:41.189038+00:00,46.832,0.1548,0.15,0.0,0.0878,-0.0013,7331.57,1,31.3318,84.93,step
2026-08-31T18:37:41.190536+00:00,46.945,0.154,0.15,0.0,0.0888,-0.0016,7348.08,1,31.4172,84.952,step
2026-08-31T18:37:41.192248+00:00,47.057,0.1533,0.0,0.15,0.0898,-0.0018,7365.02,1,31.5003,84.974,step
2026-08-31T18:37:41.193973+00:00,46.611,0.1524,0.15,0.0,0.0909,-0.0022,7116.25,1,31.5969,84.996,step
2026-08-31T18:37:41.195479+00:00,46.628,0.1514,0.15,0.0,0.0919,-0.0026,7303.24,1,31.6979,85.018,step
2026-08-31T18:37:41.196995+00:00,46.741,0.1506,0.15,0.0,0.0929,-0.003,7318.45,1,31.7841,85.04,step
2026-08-31T18:37:41.198508+00:00,46.854,0.1497,0.15,0.0,0.094,-0.0033,7334.69,1,31.8671,85.062,step
2026-08-31T18:37:41.199976+00:00,46.967,0.1489,0.15,0.0,0.095,-0.0036,7350.95,1,31.9483,85.084,step
2026-08-31T18:37:41.201639+00:00,47.079,0.1481,0.0,0.15,0.0961,-0.0038,7367.72,1,32.0274,85.106,step
2026-08-31T18:37:41.203113+00:00,46.633,0.1472,0.15,0.0,0.0972,-0.0042,7119.85,1,32.12,85.128,step
2026-08-31T18:37:41.204615+00:00,46.648,0.1462,0.15,0.0,0.0983,-0.0046,7304.48,1,32.2157,85.15,step
2026-08-31T18:37:41.206153+00:00,46.762,0.1454,0.15,0.0,0.0994,-0.0049,7320.33,1,32.2972,85.172,step
2026-08-31T18:37:41.207650+00:00,46.874,0.1447,0.15,0.0,0.1005,-0.005,7336.99,1,32.3746,85.194,step
2026-08-31T18:37:41.209319+00:00,46.986,0.144,0.15,0.0,0.1017,-0.0052,7353.65,1,32.4511,85.216,step
2026-08-31T18:37:41.210835+00:00,47.099,0.1434,0.0,0.15,0.1028,-0.0052,7370.59,1,32.5265,85.238,step
2026-08-31T18:37:41.212382+00:00,46.652,0.1425,0.15,0.0,0.1039,-0.0055,7122.47,1,32.6152,85.26,step
2026-08-31T18:37:41.213893+00:00,46.666,0.1417,0.15,0.0,0.105,-0.0058,7308.62,1,32.709,85.282,step
2026-08-31T18:37:41.215398+00:00,46.779,0.141,0.15,0.0,0.1061,-0.0059,7323.71,1,32.7889,85.304,step
2026-08-31T18:37:41.216856+00:00,46.892,0.1403,0.15,0.0,0.1073,-0.0061,7339.87,1,32.8641,85.326,step
2026-08-31T18:37:41.218489+00:00,47.005,0.1395,0.0,0.15,0.1084,-0.0063,7356.29,1,32.9364,85.348,step
2026-08-31T18:37:41.219994+00:00,46.559,0.1386,0.15,0.0,0.1096,-0.0066,7108.65,1,33.0224,85.37,step
2026-08-31T18:37:41.221452+00:00,46.572,0.1377,0.15,0.0,0.1107,-0.0069,7293.06,1,33.1122,85.392,step
2026-08-31T18:37:41.222920+00:00,46.685,0.137,0.15,0.0,0.1119,-0.0071,7308.37,1,33.1876,85.414,step
2026-08-31T18:37:41.224472+00:00,46.799,0.1363,0.15,0.0,0.1131,-0.0071,7323.56,1,33.2577,85.436,step
2026-08-31T18:37:41.226075+00:00,46.911,0.1357,0.15,0.0,0.1142,-0.0072,7340.14,1,33.3248,85.458,step
2026-08-31T18:37:41.227636+00:00,47.023,0.1351,0.0,0.15,0.1154,-0.0072,7357.31,1,33.3908,85.48,step
2026-08-31T18:37:41.229147+00:00,46.574,0.1344,0.15,0.0,0.1166,-0.0073,7111.16,1,33.4715,85.502,step
2026-08-31T18:37:41.230627+00:00,46.588,0.1336,0.15,0.0,0.1177,-0.0075,7295.51,1,33.5561,85.524,step
2026-08-31T18:37:41.232172+00:00,46.701,0.133,0.15,0.0,0.1189,-0.0076,7310.79,1,33.6276,85.546,step
2026-08-31T18:37:41.233824+00:00,46.814,0.1325,0.15,0.0,0.1201,-0.0075,7327.05,1,33.6949,85.568,step
2026-08-31T18:37:41.235342+00:00,46.926,0.1319,0.15,0.0,0.1212,-0.0074,7343.52,1,33.7593,85.59,step
2026-08-31T18:37:41.236835+00:00,47.038,0.1313,0.0,0.15,0.1224,-0.0075,7360.33,1,33.8219,85.612,step
2026-08-31T18:37:41.238323+00:00,46.591,0.1306,0.15,0.0,0.1235,-0.0077,7113.66,1,33.8973,85.634,step
2026-08-31T18:37:41.239804+00:00,46.602,0.1298,0.15,0.0,0.1247,-0.0079,7297.68,1,33.9781,85.656,step
2026-08-31T18:37:41.241353+00:00,46.715,0.1291,0.15,0.0,0.1258,-0.008,7312.66,1,34.0455,85.678,step
2026-08-31T18:37:41.243095+00:00,46.828,0.1285,0.15,0.0,0.127,-0.0079,7328.32,1,34.1081,85.7,step
2026-08-31T18:37:41.244551+00:00,46.94,0.128,0.15,0.0,0.1282,-0.0079,7344.3,1,34.1686,85.722,step
2026-08-31T18:37:41.246036+00:00,47.052,0.1275,0.0,0.15,0.1294,-0.0078,7361.29,1,34.2274,85.744,step
2026-08-31T18:37:41.247516+00:00,46.603,0.1269,0.15,0.0,0.1305,-0.0079,7115.71,1,34.299,85.766,step
2026-08-31T18:37:41.249005+00:00,46.614,0.1262,0.15,0.0,0.1316,-0.008,7298.73,1,34.3754,85.788,step
2026-08-31T18:37:41.250851+00:00,46.727,0.1257,0.15,0.0,0.1328,-0.008,7314.14,1,34.4385,85.81,step
2026-08-31T18:37:41.252327+00:00,46.839,0.1252,0.15,0.0,0.1339,-0.0078,7330.37,1,34.4981,85.832,step
2026-08-31T18:37:41.253840+00:00,46.951,0.1248,0.15,0.0,0.1351,-0.0077,7346.9,1,34.5551,85.854,step
2026-08-31T18:37:41.255318+00:00,47.063,0.1243,0.0,0.15,0.1362,-0.0076,7363.61,1,34.6111,85.876,step
2026-08-31T18:37:41.256806+00:00,46.616,0.1236,0.15,0.0,0.1374,-0.0077,7116.98,1,34.6802,85.898,step
2026-08-31T18:37:41.258350+00:00,46.624,0.1229,0.15,0.0,0.1385,-0.0078,7300.37,1,34.7533,85.92,step
2026-08-31T18:37:41.260023+00:00,46.737,0.1224,0.15,0.0,0.1396,-0.0078,7315.71,1,34.8132,85.942,step
2026-08-31T18:37:41.261517+00:00,46.849,0.1219,0.15,0.0,0.1407,-0.0077,7331.63,1,34.8676,85.964,step
2026-08-31T18:37:41.263102+00:00,46.962,0.1214,0.15,0.0,0.1418,-0.0076,7347.24,1,34.9206,85.986,step
2026-08-31T18:37:41.264664+00:00,47.073,0.121,0.0,0.15,0.1429,-0.0075,7363.91,1,34.9708,86.008,step
2026-08-31T18:37:41.266210+00:00,46.624,0.1205,0.15,0.0,0.1441,-0.0075,7119.14,1,35.0354,86.03,step
2026-08-31T18:37:41.267953+00:00,46.632,0.1199,0.15,0.0,0.1452,-0.0075,7301.14,1,35.1037,86.052,step
2026-08-31T18:37:41.269450+00:00,46.745,0.1195,0.15,0.0,0.1462,-0.0074,7316.55,1,35.1597,86.074,step
2026-08-31T18:37:41.271001+00:00,46.857,0.1191,0.15,0.0,0.1473,-0.0072,7332.63,1,35.2111,86.096,step
2026-08-31T18:37:41.272567+00:00,46.969,0.1187,0.15,0.0,0.1484,-0.0071,7349.11,1,35.261,86.118,step
2026-08-31T18:37:41.274110+00:00,47.08,0.1184,0.0,0.15,0.1495,-0.0068,7365.81,1,35.3098,86.14,step
2026-08-31T18:37:41.275858+00:00,46.632,0.1179,0.15,0.0,0.1505,-0.0068,7119.62,1,35.3719,86.162,step
2026-08-31T18:37:41.277311+00:00,46.639,0.1173,0.15,0.0,0.1515,-0.0069,7302.35,1,35.4378,86.184,step
2026-08-31T18:37:41.278824+00:00,46.751,0.1168,0.15,0.0,0.1526,-0.0069,7317.49,1,35.4909,86.206,step
2026-08-31T18:37:41.280352+00:00,46.863,0.1164,0.15,0.0,0.1536,-0.0067,7333.46,1,35.5399,86.228,step
2026-08-31T18:37:41.281883+00:00,46.975,0.1161,0.15,0.0,0.1547,-0.0066,7349.81,1,35.587,86.25,step
2026-08-31T18:37:41.283399+00:00,47.086,0.1157,0.0,0.15,0.1557,-0.0064,7365.7,1,35.6322,86.272,step
2026-08-31T18:37:41.285199+00:00,46.636,0.1152,0.15,0.0,0.1567,-0.0064,7121.26,1,35.6917,86.294,step
2026-08-31T18:37:41.286747+00:00,46.644,0.1147,0.15,0.0,0.1577,-0.0064,7302.24,1,35.7544,86.316,step
2026-08-31T18:37:41.288313+00:00,46.755,0.1144,0.15,0.0,0.1587,-0.0063,7317.73,1,35.8055,86.338,step
2026-08-31T18:37:41.289899+00:00,46.867,0.1141,0.15,0.0,0.1597,-0.0061,7333.8,1,35.8522,86.36,step
2026-08-31T18:37:41.291447+00:00,46.978,0.1138,0.15,0.0,0.1607,-0.0059,7350.28,1,35.8968,86.382,step
2026-08-31T18:37:41.293352+00:00,47.09,0.1135,0.0,0.15,0.1617,-0.0056,7367.03,1,35.9414,86.404,step
2026-08-31T18:37:41.294887+00:00,46.64,0.1131,0.15,0.0,0.1627,-0.0056,7120.94,1,36.0,86.426,step
2026-08-31T18:37:41.296422+00:00,46.646,0.1126,0.15,0.0,0.1636,-0.0056,7302.94,1,36.0619,86.448,step
2026-08-31T18:37:41.298007+00:00,46.758,0.1122,0.15,0.0,0.1646,-0.0055,7318.11,1,36.1108,86.47,step
2026-08-31T18:37:41.299627+00:00,46.87,0.1118,0.15,0.0,0.1655,-0.0054,7334.27,1,36.156,86.492,step
2026-08-31T18:37:41.301282+00:00,46.981,0.1115,0.15,0.0,0.1665,-0.0052,7350.45,1,36.199,86.514,step
2026-08-31T18:37:41.302827+00:00,47.092,0.1112,0.0,0.15,0.1674,-0.0051,7367.07,1,36.2414,86.536,step
2026-08-31T18:37:41.304459+00:00,46.642,0.1108,0.15,0.0,0.1683,-0.005,7122.2,1,36.2965,86.558,step
2026-08-31T18:37:41.306013+00:00,46.648,0.1104,0.15,0.0,0.1692,-0.005,7302.46,1,36.3554,86.58,step
2026-08-31T18:37:41.307584+00:00,46.76,0.11,0.15,0.0,0.1701,-0.0049,7317.87,1,36.4012,86.602,step
2026-08-31T18:37:41.309640+00:00,46.871,0.1098,0.15,0.0,0.171,-0.0047,7334.01,1,36.4434,86.624,step
2026-08-31T18:37:41.311164+00:00,46.982,0.1096,0.15,0.0,0.1719,-0.0045,7350.42,1,36.4851,86.646,step
2026-08-31T18:37:41.312764+00:00,47.092,0.1093,0.0,0.15,0.1728,-0.0042,7367.11,1,36.5264,86.668,step
2026-08-31T18:37:41.314374+00:00,46.643,0.109,0.15,0.0,0.1737,-0.0041,7121.19,1,36.58,86.69,step
2026-08-31T18:37:41.315919+00:00,46.647,0.1086,0.15,0.0,0.1746,-0.0041,7302.67,1,36.6372,86.712,step
2026-08-31T18:37:41.317659+00:00,46.759,0.1083,0.15,0.0,0.1754,-0.004,7317.94,1,36.6824,86.734,step
2026-08-31T18:37:41.319185+00:00,46.87,0.108,0.15,0.0,0.1763,-0.0039,7334.03,1,36.7242,86.756,step
2026-08-31T18:37:41.320718+00:00,46.981,0.1078,0.15,0.0,0.1771,-0.0037,7350.09,1,36.7638,86.778,step
2026-08-31T18:37:41.322187+00:00,47.092,0.1075,0.0,0.15,0.1779,-0.0035,7366.64,1,36.8022,86.8,step
2026-08-31T18:37:41.323716+00:00,46.641,0.1071,0.15,0.0,0.1788,-0.0035,7122.13,1,36.855,86.822,step
2026-08-31T18:37:41.325311+00:00,46.646,0.1067,0.15,0.0,0.1796,-0.0035,7301.95,1,36.9124,86.844,step
2026-08-31T18:37:41.326923+00:00,46.757,0.1065,0.15,0.0,0.1804,-0.0033,7317.25,1,36.9607,86.866,step
2026-08-31T18:37:41.328476+00:00,46.868,0.1062,0.15,0.0,0.1812,-0.0031,7333.24,1,37.0079,86.888,step
2026-08-31T18:37:41.330028+00:00,46.979,0.1061,0.15,0.0,0.182,-0.0029,7349.6,1,37.056,86.91,step
2026-08-31T18:37:41.331609+00:00,47.089,0.1059,0.0,0.15,0.1828,-0.0027,7366.35,1,37.1071,86.932,step
2026-08-31T18:37:41.333151+00:00,46.639,0.1056,0.15,0.0,0.1836,-0.0026,7120.45,1,37.1763,86.954,step
2026-08-31T18:37:41.335255+00:00,46.642,0.1053,0.15,0.0,0.1844,-0.0026,7301.91,1,37.2544,86.976,step
2026-08-31T18:37:41.336774+00:00,46.754,0.1051,0.15,0.0,0.1851,-0.0024,7316.75,1,37.3221,86.998,step
2026-08-31T18:37:41.338291+00:00,46.865,0.1048,0.15,0.0,0.1859,-0.0023,7332.8,1,37.3888,87.02,step
2026-08-31T18:37:41.339822+00:00,46.975,0.1046,0.15,0.0,0.1866,-0.0021,7349.05,1,37.4584,87.042,step
2026-08-31T18:37:41.341293+00:00,47.086,0.1044,0.0,0.15,0.1874,-0.002,7365.63,1,37.5314,87.064,step
2026-08-31T18:37:41.343003+00:00,46.635,0.104,0.15,0.0,0.1881,-0.0019,7120.3,1,37.622,87.086,step
2026-08-31T18:37:41.344493+00:00,46.639,0.1036,0.15,0.0,0.1889,-0.0019,7300.42,1,37.7215,87.108,step
2026-08-31T18:37:41.346015+00:00,46.75,0.1034,0.15,0.0,0.1896,-0.0018,7315.56,1,37.8104,87.13,step
2026-08-31T18:37:41.347557+00:00,46.86,0.1032,0.15,0.0,0.1903,-0.0016,7331.77,1,37.899,87.152,step
2026-08-31T18:37:41.349099+00:00,46.971,0.1031,0.15,0.0,0.191,-0.0014,7348.06,1,37.9906,87.174,step
2026-08-31T18:37:41.350770+00:00,47.081,0.1029,0.0,0.15,0.1917,-0.0012,7364.73,1,38.0862,87.196,step
2026-08-31T18:37:41.352339+00:00,46.63,0.1027,0.15,0.0,0.1924,-0.0011,7119.38,1,38.2027,87.218,step
2026-08-31T18:37:41.353844+00:00,46.633,0.1024,0.15,0.0,0.1931,-0.0011,7300.03,1,38.3299,87.24,step
2026-08-31T18:37:41.355367+00:00,46.744,0.1022,0.15,0.0,0.1937,-0.0009,7314.92,1,38.4451,87.262,step
2026-08-31T18:37:41.356859+00:00,46.855,0.1021,0.15,0.0,0.1944,-0.0007,7331.02,1,38.5609,87.284,step
2026-08-31T18:37:41.358337+00:00,46.965,0.1019,0.15,0.0,0.1951,-0.0006,7347.26,1,38.6814,87.306,step
2026-08-31T18:37:41.360066+00:00,47.075,0.1017,0.0,0.15,0.1957,-0.0005,7363.84,1,38.8063,87.328,step
2026-08-31T18:37:41.361539+00:00,46.624,0.1014,0.15,0.0,0.1964,-0.0005,7118.69,1,38.9544,87.35,step
2026-08-31T18:37:41.363120+00:00,46.627,0.101,0.15,0.0,0.197,-0.0005,7298.86,1,39.1124,87.372,step
2026-08-31T18:37:41.364689+00:00,46.738,0.1008,0.15,0.0,0.1977,-0.0004,7313.56,1,39.2585,87.394,step
2026-08-31T18:37:41.366191+00:00,46.848,0.1007,0.15,0.0,0.1983,-0.0002,7329.59,1,39.4074,87.416,step
2026-08-31T18:37:41.367844+00:00,46.959,0.1005,0.15,0.0,0.1989,-0.0,7345.95,1,39.562,87.438,step
2026-08-31T18:37:41.369380+00:00,47.068,0.1004,0.0,0.15,0.1996,0.0001,7362.55,1,39.7224,87.46,step
2026-08-31T18:37:41.370923+00:00,46.617,0.1001,0.15,0.0,0.2002,0.0002,7117.44,1,39.9063,87.482,step
2026-08-31T18:37:41.372451+00:00,46.619,0.0998,0.15,0.0,0.2008,0.0002,7297.91,1,40.1025,87.504,step
2026-08-31T18:37:41.373984+00:00,46.73,0.0997,0.15,0.0,0.2014,0.0004,7312.54,1,40.2885,87.526,step
2026-08-31T18:37:41.375674+00:00,46.841,0.0996,0.15,0.0,0.2019,0.0005,7328.62,1,40.4779,87.548,step
2026-08-31T18:37:41.377228+00:00,46.951,0.0994,0.15,0.0,0.2025,0.0007,7344.71,1,40.6734,87.57,step
2026-08-31T18:37:41.378715+00:00,47.061,0.0992,0.0,0.15,0.2031,0.0008,7361.21,1,40.8732,87.592,step
2026-08-31T18:37:41.380220+00:00,46.61,0.099,0.15,0.0,0.2037,0.0008,7116.3,1,41.1009,87.614,step
2026-08-31T18:37:41.381706+00:00,46.611,0.0986,0.15,0.0,0.2042,0.0008,7296.47,1,41.3437,87.636,step
2026-08-31T18:37:41.383155+00:00,46.722,0.0984,0.15,0.0,0.2048,0.0008,7311.39,1,41.5777,87.658,step
2026-08-31T18:37:41.384848+00:00,46.833,0.0983,0.15,0.0,0.2054,0.001,7327.03,1,41.8133,87.68,step
2026-08-31T18:37:41.386345+00:00,46.943,0.0982,0.15,0.0,0.2059,0.0011,7343.05,1,42.0533,87.702,step
2026-08-31T18:37:41.387861+00:00,47.053,0.0981,0.0,0.15,0.2065,0.0013,7359.64,1,42.3021,87.724,step
2026-08-31T18:37:41.389477+00:00,46.601,0.0978,0.15,0.0,0.207,0.0013,7115.19,1,42.5847,87.746,step
2026-08-31T18:37:41.390932+00:00,46.602,0.0976,0.15,0.0,0.2075,0.0013,7294.91,1,42.8851,87.768,step
2026-08-31T18:37:41.392926+00:00,46.714,0.0974,0.15,0.0,0.2081,0.0014,7309.87,1,43.1767,87.79,step
2026-08-31T18:37:41.394420+00:00,46.824,0.0973,0.15,0.0,0.2086,0.0016,7325.86,1,43.472,87.812,step
2026-08-31T18:37:41.395954+00:00,46.934,0.0972,0.15,0.0,0.2091,0.0018,7341.97,1,43.7751,87.834,step
2026-08-31T18:37:41.397459+00:00,47.044,0.0971,0.0,0.15,0.2097,0.0019,7358.47,1,44.089,87.856,step
2026-08-31T18:37:41.398954+00:00,46.593,0.0968,0.15,0.0,0.2102,0.0019,7113.9,1,44.4402,87.878,step
2026-08-31T18:37:41.400647+00:00,46.594,0.0965,0.15,0.0,0.2107,0.0018,7293.13,1,44.8123,87.9,step
2026-08-31T18:37:41.402147+00:00,46.705,-0.1037,0.8,0.0,0.2111,0.0019,7308.14,1,45.1717,87.922,step
2026-08-31T18:37:41.403646+00:00,47.323,-0.1016,0.8,0.0,0.2114,0.0041,8841.96,1,45.0676,87.944,step
2026-08-31T18:37:41.405142+00:00,48.172,0.1047,0.0,0.15,0.2112,0.0103,10235.2,1,44.1385,87.966,step
2026-08-31T18:37:41.406697+00:00,48.784,0.1104,0.0,0.15,0.2107,0.0158,7498.42,1,43.378,87.988,step
2026-08-31T18:37:41.408238+00:00,48.18,0.1122,0.0,0.15,0.2103,0.0174,7363.05,1,43.4049,88.01,step
2026-08-31T18:37:41.409866+00:00,47.571,0.1123,0.0,0.15,0.21,0.0174,7257.52,1,43.7778,88.032,step
2026-08-31T18:37:41.411322+00:00,46.976,0.1118,0.15,0.0,0.2098,0.0167,7158.26,1,44.2882,88.054,step
2026-08-31T18:37:41.412825+00:00,46.975,0.1113,0.15,0.0,0.2096,0.016,7361.85,1,44.8286,88.076,step
2026-08-31T18:37:41.414348+00:00,47.087,-0.0892,0.8,0.0,0.2094,0.0156,7372.28,1,45.3539,88.098,step
2026-08-31T18:37:41.415831+00:00,47.695,-0.0872,0.8,0.0,0.2091,0.0173,8966.81,1,45.3715,88.12,step
2026-08-31T18:37:41.417571+00:00,48.539,0.1188,0.0,0.15,0.2082,0.023,10389.9,1,44.5052,88.142,step
2026-08-31T18:37:41.419033+00:00,49.172,0.1242,0.0,0.15,0.2072,0.0278,7591.52,1,43.8241,88.164,step
2026-08-31T18:37:41.420525+00:00,48.581,0.1259,0.0,0.15,0.2062,0.029,7424.9,1,43.9596,88.186,step
2026-08-31T18:37:41.422030+00:00,47.966,0.1258,0.0,0.15,0.2054,0.0285,7317.73,1,44.4761,88.208,step
2026-08-31T18:37:41.423537+00:00,47.366,-0.075,0.8,0.0,0.2047,0.0273,7216.95,1,45.1639,88.23,step
2026-08-31T18:37:41.425002+00:00,47.794,-0.0735,0.8,0.0,0.2038,0.0284,9207.12,1,45.353,88.252,step
2026-08-31T18:37:41.426686+00:00,48.579,0.1323,0.0,0.15,0.2024,0.0335,10779.7,1,44.5716,88.274,step
2026-08-31T18:37:41.428183+00:00,49.189,0.1374,0.0,0.15,0.2008,0.0378,7943.44,1,44.0051,88.296,step
2026-08-31T18:37:41.429679+00:00,48.754,0.1388,0.0,0.15,0.1994,0.0385,7450.47,1,44.27,88.318,step
2026-08-31T18:37:41.431224+00:00,48.141,0.1385,0.0,0.15,0.1982,0.0376,7345.04,1,44.943,88.34,step
2026-08-31T18:37:41.432651+00:00,47.54,-0.0626,0.8,0.0,0.1971,0.036,7244.77,1,45.8024,88.362,step
2026-08-31T18:37:41.434510+00:00,47.978,-0.0613,0.8,0.0,0.1958,0.0366,9231.48,1,46.1392,88.384,step
2026-08-31T18:37:41.435981+00:00,48.772,-0.0559,0.8,0.0,0.1941,0.0411,10789.4,1,45.4544,88.406,step
2026-08-31T18:37:41.437426+00:00,49.663,0.1511,0.0,0.15,0.192,0.0471,12125.3,1,44.4452,88.428,step
2026-08-31T18:37:41.438863+00:00,50.4,0.1565,0.0,0.15,0.1898,0.0514,8924.96,2,43.8442,88.45,step
2026-08-31T18:37:41.440283+00:00,50.318,0.1583,0.0,0.15,0.1878,0.0522,6420.38,2,44.1107,88.472,step
2026-08-31T18:37:41.441829+00:00,49.748,0.1581,0.0,0.15,0.1859,0.0511,6415.3,1,44.8571,88.494,step
2026-08-31T18:37:41.443315+00:00,49.194,-0.043,0.8,0.0,0.1841,0.049,7572.06,1,45.8913,88.516,step
2026-08-31T18:37:41.444765+00:00,49.04,-0.0422,0.8,0.0,0.1823,0.0489,7585.69,1,46.4474,88.538,step
2026-08-31T18:37:41.446257+00:00,48.992,-0.0375,0.8,0.0,0.1799,0.0525,7626.43,1,46.0029,88.56,step
2026-08-31T18:37:41.447719+00:00,49.574,-0.0317,0.8,0.0,0.1773,0.057,9401.96,1,45.3181,88.582,step
2026-08-31T18:37:41.449173+00:00,50.426,0.1746,0.0,0.15,0.1743,0.0618,10847.7,2,44.5626,88.604,step
2026-08-31T18:37:41.450887+00:00,51.097,0.1791,0.0,0.15,0.1713,0.0647,7692.22,2,44.3094,88.626,step
2026-08-31T18:37:41.452341+00:00,50.609,0.1801,0.0,0.15,0.1685,0.0643,7679.43,2,44.9235,88.648,step
2026-08-31T18:37:41.453780+00:00,50.032,-0.0207,0.8,0.0,0.1659,0.0623,5698.56,2,46.0119,88.67,step
2026-08-31T18:37:41.455249+00:00,50.381,-0.0201,0.8,0.0,0.1634,0.0616,6258.32,2,46.7547,88.692,step
2026-08-31T18:37:41.456696+00:00,51.048,-0.0157,0.8,0.0,0.1604,0.0645,6342.42,2,46.5129,88.714,step
2026-08-31T18:37:41.458146+00:00,51.75,-0.0104,0.8,0.0,0.1571,0.0681,6382.62,2,46.028,88.736,step
2026-08-31T18:37:41.459884+00:00,52.456,-0.0049,0.8,0.0,0.1535,0.0718,6421.87,2,45.5546,88.758,step
2026-08-31T18:37:41.461308+00:00,53.157,0.0005,0.8,0.0,0.1496,0.0753,6480.77,2,45.1428,88.78,step
2026-08-31T18:37:41.462729+00:00,53.855,0.2058,0.0,0.15,0.1455,0.0786,6560.59,2,44.7949,88.802,step
2026-08-31T18:37:41.464203+00:00,53.607,0.2093,0.0,0.15,0.1414,0.08,6110.3,2,44.9697,88.824,step
2026-08-31T18:37:41.465649+00:00,53.007,0.0093,0.8,0.0,0.1377,0.0782,6033.31,2,46.0975,88.846,step
2026-08-31T18:37:41.467255+00:00,53.339,0.0098,0.8,0.0,0.1341,0.0768,6691.08,2,47.1552,88.868,step
2026-08-31T18:37:41.468687+00:00,54.038,0.0135,0.8,0.0,0.1302,0.0786,6823.69,2,47.2832,88.89,step
2026-08-31T18:37:41.470069+00:00,54.794,0.0182,0.8,0.0,0.126,0.0811,6878.02,2,47.1751,88.912,step
2026-08-31T18:37:41.471463+00:00,55.573,0.0229,0.8,0.0,0.1215,0.0837,6897.07,2,47.0538,88.934,step
2026-08-31T18:37:41.472897+00:00,56.347,0.0277,0.8,0.0,0.1169,0.0861,6929.38,2,46.9765,88.956,step
2026-08-31T18:37:41.474291+00:00,57.104,0.0324,0.8,0.0,0.112,0.0884,7001.27,2,46.9584,88.978,step
2026-08-31T18:37:41.476081+00:00,57.853,0.037,0.8,0.0,0.107,0.0905,7105.34,2,47.0001,89.0,step
2026-08-31T18:37:41.477651+00:00,58.604,0.0416,0.8,0.0,0.1018,0.0925,7231.57,2,47.1115,89.022,step
2026-08-31T18:37:41.479047+00:00,59.363,0.046,0.8,0.0,0.0964,0.0942,7370.77,2,47.3074,89.044,step
2026-08-31T18:37:41.480459+00:00,60.14,0.0503,0.8,0.0,0.0909,0.0957,7511.1,2,47.5913,89.066,step
2026-08-31T18:37:41.481925+00:00,60.935,0.0545,0.8,0.0,0.0852,0.0971,7648.62,2,47.9684,89.088,step
2026-08-31T18:37:41.483382+00:00,61.748,0.0585,0.8,0.0,0.0794,0.0982,7784.68,2,48.4468,89.11,step
2026-08-31T18:37:41.485040+00:00,62.576,0.0624,0.8,0.0,0.0734,0.0991,7923.06,2,49.0445,89.132,step
2026-08-31T18:37:41.486447+00:00,63.419,0.0661,0.8,0.0,0.0672,0.0997,8064.5,2,49.7709,89.154,step
2026-08-31T18:37:41.487855+00:00,64.277,0.0696,0.8,0.0,0.061,0.1001,8210.51,2,50.6383,89.176,step
2026-08-31T18:37:41.489268+00:00,65.149,0.073,0.8,0.0,0.0546,0.1003,8363.87,2,51.6739,89.198,step
2026-08-31T18:37:41.490661+00:00,66.032,0.0761,0.8,0.0,0.0481,0.1002,8531.22,2,52.9034,89.22,step
2026-08-31T18:37:41.492167+00:00,66.927,0.0791,0.8,0.0,0.0414,0.0998,8715.87,2,54.3609,89.242,step
2026-08-31T18:37:41.493720+00:00,67.835,0.0818,0.8,0.0,0.0347,0.0992,8918.25,2,56.0992,89.264,step
2026-08-31T18:37:41.495084+00:00,68.756,0.0843,0.8,0.0,0.0279,0.0982,9141.85,2,58.1937,89.286,step
2026-08-31T18:37:41.496480+00:00,69.691,0.0864,0.8,0.0,0.021,0.0969,9391.75,2,60.7227,89.308,step
2026-08-31T18:37:41.497936+00:00,70.638,0.0883,0.8,0.0,0.014,0.0953,9652.07,2,63.8018,89.33,step
2026-08-31T18:37:41.499288+00:00,71.593,0.086,0.8,0.0,0.0071,0.0895,9892.0,2,67.6009,89.352,step
2026-08-31T18:37:41.500831+00:00,72.555,0.0829,0.8,0.0,0.0004,0.0831,10116.2,2,72.2957,89.374,step
2026-08-31T18:37:41.502152+00:00,73.519,0.0795,0.8,0.0,-0.0061,0.0764,10329.0,2,78.0992,89.396,step
2026-08-31T18:37:41.503463+00:00,74.499,0.0757,0.8,0.0,-0.0123,0.0695,10507.9,2,85.3185,89.418,step
2026-08-31T18:37:41.504801+00:00,75.479,0.0715,0.8,0.0,-0.0182,0.0624,10682.0,2,94.4725,89.44,step
2026-08-31T18:37:41.506171+00:00,76.45,0.067,0.8,0.0,-0.0239,0.0551,10865.1,2,106.412,89.462,step
2026-08-31T18:37:41.507517+00:00,77.411,0.0621,0.8,0.0,-0.0292,0.0476,11060.7,2,122.53,89.484,step
2026-08-31T18:37:41.509008+00:00,78.366,0.0569,0.8,0.0,-0.0341,0.0399,11260.0,2,145.35,89.506,step
2026-08-31T18:37:41.510327+00:00,79.32,0.0514,0.8,0.0,-0.0387,0.032,11455.8,2,180.013,89.528,step
2026-08-31T18:37:41.511642+00:00,80.274,0.0455,0.8,0.0,-0.0429,0.0241,11643.3,3,200.0,89.55,step
2026-08-31T18:37:41.512962+00:00,81.17,0.0396,0.8,0.0,-0.0467,0.0163,9207.32,3,200.0,89.572,step
2026-08-31T18:37:41.514289+00:00,81.374,0.0358,0.8,0.0,-0.0497,0.0109,9214.8,3,200.0,89.594,step
2026-08-31T18:37:41.515591+00:00,81.302,0.0337,0.8,0.0,-0.0519,0.0077,7444.35,3,200.0,89.616,step
2026-08-31T18:37:41.517038+00:00,81.69,0.0317,0.8,0.0,-0.0535,0.0049,7896.9,3,200.0,89.638,step
2026-08-31T18:37:41.518419+00:00,82.322,0.0294,0.8,0.0,-0.0545,0.0021,7980.52,3,200.0,89.66,step
2026-08-31T18:37:41.519714+00:00,82.99,0.0271,0.8,0.0,-0.0552,-0.0005,8021.64,3,200.0,89.682,step
2026-08-31T18:37:41.521039+00:00,83.667,0.025,0.8,0.0,-0.0555,-0.0027,8055.94,3,200.0,89.704,step
2026-08-31T18:37:41.522381+00:00,84.34,0.0232,0.8,0.0,-0.0555,-0.0046,8100.46,3,200.0,89.726,step
2026-08-31T18:37:41.523717+00:00,85.032,0.0215,0.8,0.0,-0.0553,-0.0062,8120.25,3,200.0,89.748,step
2026-08-31T18:37:41.525149+00:00,85.71,0.0199,0.8,0.0,-0.0548,-0.0075,8163.48,3,200.0,89.77,step
2026-08-31T18:37:41.526468+00:00,86.367,0.0184,0.8,0.0,-0.0542,-0.0087,8243.97,3,200.0,89.792,step
2026-08-31T18:37:41.527756+00:00,87.018,0.0169,0.8,0.0,-0.0534,-0.0098,8344.88,3,200.0,89.814,step
2026-08-31T18:37:41.529047+00:00,87.682,0.0153,0.8,0.0,-0.0524,-0.0109,8442.22,3,200.0,89.836,step
2026-08-31T18:37:41.530352+00:00,88.362,0.0137,0.8,0.0,-0.0514,-0.012,8529.15,3,200.0,89.858,step
2026-08-31T18:37:41.531661+00:00,89.057,0.012,0.8,0.0,-0.0502,-0.0131,8605.41,3,200.0,89.88,step
2026-08-31T18:37:41.532953+00:00,89.763,0.0104,0.8,0.0,-0.049,-0.014,8675.08,3,200.0,89.902,step
2026-08-31T18:37:41.534508+00:00,90.476,0.0089,0.8,0.0,-0.0476,-0.0149,8743.13,3,200.0,89.924,step
2026-08-31T18:37:41.535848+00:00,91.193,0.0074,0.8,0.0,-0.0462,-0.0157,8811.39,3,200.0,89.946,step
2026-08-31T18:37:41.537137+00:00,91.918,0.006,0.8,0.0,-0.0447,-0.0164,8878.74,3,200.0,89.968,step
2026-08-31T18:37:41.538441+00:00,92.647,0.0046,0.8,0.0,-0.0431,-0.017,8947.42,3,200.0,89.99,step
2026-08-31T18:37:41.539756+00:00,93.38,0.0033,0.8,0.0,-0.0414,-0.0175,9019.21,3,200.0,90.012,step
2026-08-31T18:37:41.541062+00:00,94.117,0.002,0.8,0.0,-0.0397,-0.0179,9094.49,3,200.0,90.034,step
2026-08-31T18:37:41.542496+00:00,94.877,0.0008,0.8,0.0,-0.038,-0.0182,9143.78,3,200.0,90.056,step
2026-08-31T18:37:41.543775+00:00,95.629,-0.0003,0.15,0.0,-0.0362,-0.0184,9209.54,3,200.0,90.078,step
2026-08-31T18:37:41.545093+00:00,95.886,-0.0014,0.15,0.0,-0.0343,-0.0186,8789.28,3,200.0,90.1,step
2026-08-31T18:37:41.546387+00:00,95.866,-0.0024,0.15,0.0,-0.0324,-0.0186,8790.79,3,200.0,90.122,step
2026-08-31T18:37:41.547683+00:00,95.849,-0.0033,0.15,0.0,-0.0306,-0.0185,8791.08,3,200.0,90.144,step
2026-08-31T18:37:41.548978+00:00,95.833,-0.0041,0.15,0.0,-0.0287,-0.0184,8790.18,3,200.0,90.166,step
2026-08-31T18:37:41.550409+00:00,95.817,-0.0048,0.15,0.0,-0.0268,-0.0182,8788.58,3,200.0,90.188,step
2026-08-31T18:37:41.551698+00:00,95.802,-0.0055,0.15,0.0,-0.025,-0.018,8786.71,3,200.0,90.21,step
2026-08-31T18:37:41.553039+00:00,95.786,-0.0061,0.15,0.0,-0.0232,-0.0177,8784.89,3,200.0,90.232,step
2026-08-31T18:37:41.554361+00:00,95.77,-0.0067,0.15,0.0,-0.0214,-0.0174,8783.26,3,200.0,90.254,step
2026-08-31T18:37:41.555679+00:00,95.755,-0.0072,0.15,0.0,-0.0196,-0.017,8781.66,3,200.0,90.276,step
2026-08-31T18:37:41.556968+00:00,95.739,-0.0077,0.15,0.0,-0.0179,-0.0166,8780.15,3,200.0,90.298,step
2026-08-31T18:37:41.558431+00:00,95.724,-0.008,0.15,0.0,-0.0162,-0.0161,8778.57,3,200.0,90.32,step
2026-08-31T18:37:41.559830+00:00,95.708,-0.0084,0.15,0.0,-0.0146,-0.0157,8778.35,3,200.0,90.342,step
2026-08-31T18:37:41.561135+00:00,95.693,-0.0087,0.15,0.0,-0.013,-0.0152,8776.53,3,200.0,90.364,step
2026-08-31T18:37:41.562439+00:00,95.677,-0.0089,0.15,0.0,-0.0115,-0.0147,8774.83,3,200.0,90.386,step
2026-08-31T18:37:41.563735+00:00,95.662,-0.0092,0.15,0.0,-0.01,-0.0141,8773.21,3,200.0,90.408,step
2026-08-31T18:37:41.565055+00:00,95.647,-0.0093,0.15,0.0,-0.0086,-0.0136,8771.53,3,200.0,90.43,step
2026-08-31T18:37:41.566339+00:00,95.632,-0.0095,0.15,0.0,-0.0072,-0.0131,8770.03,3,200.0,90.452,step
2026-08-31T18:37:41.567769+00:00,95.616,-0.0096,0.15,0.0,-0.0058,-0.0125,8768.63,3,200.0,90.474,step
2026-08-31T18:37:41.569083+00:00,95.6,-0.0097,0.15,0.0,-0.0045,-0.0119,8767.29,3,200.0,90.496,step
2026-08-31T18:37:41.570452+00:00,95.585,-0.0097,0.15,0.0,-0.0034,-0.0114,8766.04,3,200.0,90.518,step
2026-08-31T18:37:41.571804+00:00,95.57,-0.0097,0.15,0.0,-0.0022,-0.0108,8764.85,3,200.0,90.54,step
2026-08-31T18:37:41.573151+00:00,95.556,-0.0096,0.15,0.0,-0.0011,-0.0102,8763.61,3,200.0,90.562,step
2026-08-31T18:37:41.574480+00:00,95.541,-0.0096,0.15,0.0,-0.0,-0.0096,8762.22,3,200.0,90.584,step
2026-08-31T18:37:41.575916+00:00,95.527,-0.0095,0.15,0.0,0.0009,-0.009,8761.22,3,200.0,90.606,step
2026-08-31T18:37:41.577262+00:00,95.512,-0.0093,0.15,0.0,0.0019,-0.0084,8761.39,3,200.0,90.628,step
2026-08-31T18:37:41.578594+00:00,95.498,-0.0092,0.15,0.0,0.0028,-0.0078,8759.18,3,200.0,90.65,step
2026-08-31T18:37:41.579894+00:00,95.484,-0.0091,0.15,0.0,0.0036,-0.0073,8757.33,3,200.0,90.672,step
2026-08-31T18:37:41.581213+00:00,95.47,-0.0089,0.15,0.0,0.0043,-0.0067,8755.59,3,200.0,90.694,step
2026-08-31T18:37:41.582540+00:00,95.456,-0.0087,0.15,0.0,0.005,-0.0062,8754.01,3,200.0,90.716,step
2026-08-31T18:37:41.583997+00:00,95.442,-0.0085,0.15,0.0,0.0057,-0.0056,8752.59,3,200.0,90.738,step
2026-08-31T18:37:41.585327+00:00,95.427,-0.0083,0.15,0.0,0.0063,-0.0051,8751.23,3,200.0,90.76,step
2026-08-31T18:37:41.586651+00:00,95.413,-0.008,0.15,0.0,0.0068,-0.0046,8750.08,3,200.0,90.782,step
2026-08-31T18:37:41.588005+00:00,95.398,-0.0078,0.15,0.0,0.0074,-0.0041,8748.94,3,200.0,90.804,step
2026-08-31T18:37:41.589374+00:00,95.384,-0.0076,0.15,0.0,0.0078,-0.0037,8747.75,3,200.0,90.826,step
2026-08-31T18:37:41.590700+00:00,95.37,-0.0073,0.15,0.0,0.0082,-0.0032,8746.41,3,200.0,90.848,step
2026-08-31T18:37:41.592069+00:00,95.356,-0.007,0.15,0.0,0.0086,-0.0027,8745.12,3,200.0,90.87,step
2026-08-31T18:37:41.593447+00:00,95.341,-0.0067,0.15,0.0,0.0089,-0.0023,8743.84,3,200.0,90.892,step
2026-08-31T18:37:41.594778+00:00,95.327,-0.0065,0.15,0.0,0.0092,-0.0019,8742.58,3,200.0,90.914,step
2026-08-31T18:37:41.596111+00:00,95.313,-0.0062,0.15,0.0,0.0094,-0.0015,8741.26,3,200.0,90.936,step
2026-08-31T18:37:41.597479+00:00,95.299,-0.0059,0.15,0.0,0.0097,-0.0011,8740.0,3,200.0,90.958,step
2026-08-31T18:37:41.598867+00:00,95.285,-0.0056,0.15,0.0,0.0098,-0.0007,8738.63,3,200.0,90.98,step
2026-08-31T18:37:41.600204+00:00,95.271,-0.0053,0.15,0.0,0.0099,-0.0004,8737.33,3,200.0,91.002,step
2026-08-31T18:37:41.602029+00:00,95.257,-0.005,0.15,0.0,0.01,-0.0,8736.1,3,200.0,91.024,step
2026-08-31T18:37:41.603387+00:00,95.243,-0.0047,0.15,0.0,0.0101,0.0003,8734.83,3,200.0,91.046,step
2026-08-31T18:37:41.604777+00:00,95.229,-0.0045,0.15,0.0,0.0101,0.0006,8733.56,3,200.0,91.068,step
2026-08-31T18:37:41.606268+00:00,95.215,-0.0042,0.15,0.0,0.0101,0.0009,8732.3,3,200.0,91.09,step
2026-08-31T18:37:41.607645+00:00,95.201,-0.0039,0.15,0.0,0.0101,0.0011,8731.04,3,200.0,91.112,step
2026-08-31T18:37:41.609258+00:00,95.187,-0.0037,0.15,0.0,0.0101,0.0013,8729.76,3,200.0,91.134,step
2026-08-31T18:37:41.610631+00:00,95.173,-0.0035,0.15,0.0,0.0101,0.0016,8728.49,3,200.0,91.156,step
2026-08-31T18:37:41.612006+00:00,95.159,-0.0032,0.15,0.0,0.01,0.0018,8727.25,3,200.0,91.178,step
2026-08-31T18:37:41.613396+00:00,95.146,-0.003,0.15,0.0,0.0099,0.002,8725.98,3,200.0,91.2,step
2026-08-31T18:37:41.614792+00:00,95.132,-0.0028,0.15,0.0,0.0098,0.0021,8724.71,3,200.0,91.222,step
2026-08-31T18:37:41.616128+00:00,95.118,-0.0026,0.15,0.0,0.0097,0.0023,8723.47,3,200.0,91.244,step
2026-08-31T18:37:41.617630+00:00,95.105,-0.0023,0.15,0.0,0.0096,0.0025,8722.13,3,200.0,91.266,step
2026-08-31T18:37:41.619025+00:00,95.091,-0.0021,0.15,0.0,0.0093,0.0026,8720.91,3,200.0,91.288,step
2026-08-31T18:37:41.620371+00:00,95.077,-0.0018,0.15,0.0,0.0091,0.0027,8719.77,3,200.0,91.31,step
2026-08-31T18:37:41.621727+00:00,95.063,-0.0016,0.15,0.0,0.0089,0.0028,8718.54,3,200.0,91.332,step
2026-08-31T18:37:41.623098+00:00,95.05,-0.0014,0.15,0.0,0.0088,0.003,8717.28,3,200.0,91.354,step
2026-08-31T18:37:41.624528+00:00,95.036,-0.0013,0.15,0.0,0.0086,0.003,8716.06,3,200.0,91.376,step
2026-08-31T18:37:41.626081+00:00,95.023,-0.0011,0.15,0.0,0.0084,0.0031,8714.8,3,200.0,91.398,step
2026-08-31T18:37:41.627458+00:00,95.009,-0.001,0.15,0.0,0.0082,0.0032,8713.54,3,200.0,91.42,step
2026-08-31T18:37:41.628845+00:00,94.996,-0.0008,0.15,0.0,0.008,0.0032,8712.32,3,200.0,91.442,step
2026-08-31T18:37:41.630223+00:00,94.982,-0.0006,0.8,0.0,0.0078,0.0033,8711.09,3,200.0,91.464,step
2026-08-31T18:37:41.631627+00:00,95.427,-0.0004,0.15,0.0,0.0075,0.0033,9226.23,3,200.0,91.486,step
2026-08-31T18:37:41.632944+00:00,95.707,-0.0003,0.15,0.0,0.0072,0.0033,8775.93,3,200.0,91.508,step
2026-08-31T18:37:41.634472+00:00,95.691,-0.0002,0.15,0.0,0.007,0.0033,8773.74,3,200.0,91.53,step
2026-08-31T18:37:41.635800+00:00,95.675,-0.0,0.15,0.0,0.0067,0.0033,8773.46,3,200.0,91.552,step
2026-08-31T18:37:41.637142+00:00,95.66,0.0001,0.15,0.0,0.0064,0.0033,8772.93,3,200.0,91.574,step
2026-08-31T18:37:41.638453+00:00,95.645,0.0002,0.15,0.0,0.0062,0.0033,8771.93,3,200.0,91.596,step
2026-08-31T18:37:41.639789+00:00,95.63,0.0003,0.15,0.0,0.0059,0.0033,8770.77,3,200.0,91.618,step
2026-08-31T18:37:41.641219+00:00,95.616,0.0005,0.15,0.0,0.0057,0.0033,8769.31,3,200.0,91.64,step
2026-08-31T18:37:41.642805+00:00,95.601,0.0006,0.15,0.0,0.0054,0.0033,8767.82,3,200.0,91.662,step
2026-08-31T18:37:41.644137+00:00,95.587,0.0007,0.15,0.0,0.0051,0.0033,8766.36,3,200.0,91.684,step
2026-08-31T18:37:41.645468+00:00,95.572,0.0008,0.15,0.0,0.0049,0.0032,8764.94,3,200.0,91.706,step
2026-08-31T18:37:41.646775+00:00,95.557,0.0008,0.15,0.0,0.0046,0.0032,8763.54,3,200.0,91.728,step
2026-08-31T18:37:41.648087+00:00,95.543,0.0009,0.15,0.0,0.0044,0.0031,8762.17,3,200.0,91.75,step
2026-08-31T18:37:41.649486+00:00,95.528,0.001,0.15,0.0,0.0041,0.003,8760.84,3,200.0,91.772,step
2026-08-31T18:37:41.651030+00:00,95.514,0.001,0.15,0.0,0.0038,0.003,8759.51,3,200.0,91.794,step
2026-08-31T18:37:41.652401+00:00,95.499,0.0011,0.15,0.0,0.0036,0.0029,8758.33,3,200.0,91.816,step
2026-08-31T18:37:41.653730+00:00,95.485,0.0011,0.15,0.0,0.0035,0.0028,8757.02,3,200.0,91.838,step
2026-08-31T18:37:41.655054+00:00,95.47,0.0011,0.15,0.0,0.0033,0.0027,8755.66,3,200.0,91.86,step
2026-08-31T18:37:41.656389+00:00,95.456,0.0011,0.15,0.0,0.0031,0.0027,8754.32,3,200.0,91.882,step
2026-08-31T18:37:41.657740+00:00,95.442,0.0012,0.15,0.0,0.0029,0.0026,8753.01,3,200.0,91.904,step
2026-08-31T18:37:41.659249+00:00,95.427,0.0012,0.15,0.0,0.0027,0.0025,8751.69,3,200.0,91.926,step
2026-08-31T18:37:41.660607+00:00,95.413,0.0012,0.15,0.0,0.0025,0.0025,8750.4,3,200.0,91.948,step
2026-08-31T18:37:41.661941+00:00,95.399,0.0013,0.15,0.0,0.0023,0.0024,8749.11,3,200.0,91.97,step
2026-08-31T18:37:41.663265+00:00,95.384,0.0013,0.15,0.0,0.0021,0.0023,8747.87,3,200.0,91.992,step
2026-08-31T18:37:41.664609+00:00,95.37,0.0013,0.15,0.0,0.0019,0.0023,8746.56,3,200.0,92.014,step
2026-08-31T18:37:41.665906+00:00,95.356,0.0013,0.15,0.0,0.0017,0.0022,8745.24,3,200.0,92.036,step
2026-08-31T18:37:41.667507+00:00,95.342,0.0014,0.15,0.0,0.0016,0.0021,8743.91,3,200.0,92.058,step
2026-08-31T18:37:41.668858+00:00,95.328,0.0014,0.15,0.0,0.0014,0.0021,8742.63,3,200.0,92.08,step
2026-08-31T18:37:41.670202+00:00,95.314,0.0014,0.15,0.0,0.0012,0.002,8741.35,3,200.0,92.102,step
2026-08-31T18:37:41.671534+00:00,95.3,0.0014,0.15,0.0,0.001,0.0019,8740.05,3,200.0,92.124,step
2026-08-31T18:37:41.672848+00:00,95.286,0.0014,0.15,0.0,0.0009,0.0019,8738.82,3,200.0,92.146,step
2026-08-31T18:37:41.674164+00:00,95.272,0.0014,0.15,0.0,0.0008,0.0018,8737.57,3,200.0,92.168,step
2026-08-31T18:37:41.675717+00:00,95.258,0.0014,0.15,0.0,0.0007,0.0017,8736.28,3,200.0,92.19,step
2026-08-31T18:37:41.677065+00:00,95.244,0.0014,0.15,0.0,0.0006,0.0017,8735.0,3,200.0,92.212,step
2026-08-31T18:37:41.678449+00:00,95.23,0.0014,0.15,0.0,0.0005,0.0016,8733.69,3,200.0,92.234,step
2026-08-31T18:37:41.679826+00:00,95.216,0.0014,0.15,0.0,0.0004,0.0015,8732.42,3,200.0,92.256,step
2026-08-31T18:37:41.681242+00:00,95.202,0.0013,0.15,0.0,0.0003,0.0015,8731.17,3,200.0,92.278,step
2026-08-31T18:37:41.682568+00:00,95.188,0.0013,0.15,0.0,0.0002,0.0014,8729.91,3,200.0,92.3,step
2026-08-31T18:37:41.684349+00:00,95.175,0.0013,0.15,0.0,0.0001,0.0013,8728.67,3,200.0,92.322,step
2026-08-31T18:37:41.685704+00:00,95.161,0.0013,0.15,0.0,0.0,0.0013,8727.49,3,200.0,92.344,step
2026-08-31T18:37:41.687044+00:00,95.147,0.0013,0.15,0.0,-0.0001,0.0012,8726.22,3,200.0,92.366,step
2026-08-31T18:37:41.688339+00:00,95.133,0.0012,0.15,0.0,-0.0002,0.0011,8724.93,3,200.0,92.388,step
2026-08-31T18:37:41.689668+00:00,95.12,0.0012,0.15,0.0,-0.0003,0.0011,8723.66,3,200.0,92.41,step
2026-08-31T18:37:41.691017+00:00,95.106,0.0012,0.15,0.0,-0.0004,0.001,8722.4,3,200.0,92.432,step
2026-08-31T18:37:41.692504+00:00,95.093,0.0012,0.15,0.0,-0.0005,0.001,8721.18,3,200.0,92.454,step
2026-08-31T18:37:41.693821+00:00,95.079,0.0012,0.15,0.0,-0.0006,0.0009,8719.92,3,200.0,92.476,step
2026-08-31T18:37:41.695194+00:00,95.066,0.0011,0.15,0.0,-0.0006,0.0008,8718.7,3,200.0,92.498,step
2026-08-31T18:37:41.696563+00:00,95.052,0.0011,0.15,0.0,-0.0007,0.0008,8717.51,3,200.0,92.52,step
2026-08-31T18:37:41.697993+00:00,95.038,0.001,0.15,0.0,-0.0007,0.0007,8716.26,3,200.0,92.542,step
2026-08-31T18:37:41.699349+00:00,95.025,0.001,0.15,0.0,-0.0007,0.0006,8715.02,3,200.0,92.564,step
2026-08-31T18:37:41.700974+00:00,95.012,0.0009,0.15,0.0,-0.0007,0.0006,8713.77,3,200.0,92.586,step
2026-08-31T18:37:41.702385+00:00,94.998,0.0009,0.15,0.0,-0.0007,0.0005,8712.54,3,200.0,92.608,step
2026-08-31T18:37:41.703686+00:00,94.985,0.0008,0.8,0.0,-0.0007,0.0004,8711.33,3,200.0,92.63,step
2026-08-31T18:37:41.704995+00:00,95.431,0.0007,0.15,0.0,-0.0008,0.0004,9227.99,3,200.0,92.652,step
2026-08-31T18:37:41.706329+00:00,95.713,0.0006,0.15,0.0,-0.0007,0.0003,8776.54,3,200.0,92.674,step
2026-08-31T18:37:41.707683+00:00,95.697,0.0005,0.15,0.0,-0.0007,0.0002,8774.29,3,200.0,92.696,step
2026-08-31T18:37:41.709280+00:00,95.681,0.0004,0.15,0.0,-0.0006,0.0001,8774.0,3,200.0,92.718,step
2026-08-31T18:37:41.710613+00:00,95.666,0.0004,0.15,0.0,-0.0007,0.0001,8773.49,3,200.0,92.74,step
2026-08-31T18:37:41.711984+00:00,95.651,0.0004,0.15,0.0,-0.0007,0.0001,8772.49,3,200.0,92.762,step
2026-08-31T18:37:41.713297+00:00,95.636,0.0004,0.15,0.0,-0.0007,0.0001,8771.2,3,200.0,92.784,step
2026-08-31T18:37:41.714611+00:00,95.622,0.0004,0.15,0.0,-0.0008,0.0001,8769.76,3,200.0,92.806,step
2026-08-31T18:37:41.716032+00:00,95.607,0.0005,0.15,0.0,-0.0008,0.0001,8768.3,3,200.0,92.828,step
2026-08-31T18:37:41.717581+00:00,95.593,0.0004,0.15,0.0,-0.0007,0.0001,8766.92,3,200.0,92.85,step
2026-08-31T18:37:41.718881+00:00,95.578,0.0004,0.15,0.0,-0.0007,0.0001,8765.5,3,200.0,92.872,step
2026-08-31T18:37:41.720217+00:00,95.563,0.0004,0.15,0.0,-0.0006,0.0001,8764.1,3,200.0,92.894,step
2026-08-31T18:37:41.721535+00:00,95.549,0.0004,0.15,0.0,-0.0006,0.0001,8762.74,3,200.0,92.916,step
2026-08-31T18:37:41.722833+00:00,95.534,0.0003,0.15,0.0,-0.0005,0.0001,8761.42,3,200.0,92.938,step
2026-08-31T18:37:41.724195+00:00,95.52,0.0004,0.15,0.0,-0.0005,0.0001,8760.15,3,200.0,92.96,step
2026-08-31T18:37:41.725874+00:00,95.505,0.0004,0.15,0.0,-0.0005,0.0001,8758.83,3,200.0,92.982,step
2026-08-31T18:37:41.727197+00:00,95.491,0.0004,0.15,0.0,-0.0006,0.0001,8757.53,3,200.0,93.004,step
2026-08-31T18:37:41.728549+00:00,95.477,0.0004,0.15,0.0,-0.0006,0.0001,8756.21,3,200.0,93.026,step
2026-08-31T18:37:41.729923+00:00,95.462,0.0004,0.15,0.0,-0.0006,0.0001,8754.89,3,200.0,93.048,step
2026-08-31T18:37:41.731267+00:00,95.448,0.0004,0.15,0.0,-0.0006,0.0001,8753.58,3,200.0,93.07,step
2026-08-31T18:37:41.732662+00:00,95.434,0.0004,0.15,0.0,-0.0006,0.0001,8752.31,3,200.0,93.092,step
2026-08-31T18:37:41.734359+00:00,95.419,0.0004,0.15,0.0,-0.0006,0.0001,8751.02,3,200.0,93.114,step
2026-08-31T18:37:41.735708+00:00,95.405,0.0004,0.15,0.0,-0.0005,0.0001,8749.68,3,200.0,93.136,step
2026-08-31T18:37:41.737062+00:00,95.391,0.0004,0.15,0.0,-0.0005,0.0001,8748.37,3,200.0,93.158,step
2026-08-31T18:37:41.738442+00:00,95.377,0.0004,0.15,0.0,-0.0005,0.0001,8747.12,3,200.0,93.18,step
2026-08-31T18:37:41.739854+00:00,95.362,0.0004,0.15,0.0,-0.0005,0.0001,8745.82,3,200.0,93.202,step
2026-08-31T18:37:41.741200+00:00,95.348,0.0004,0.15,0.0,-0.0005,0.0001,8744.5,3,200.0,93.224,step
2026-08-31T18:37:41.742878+00:00,95.334,0.0004,0.15,0.0,-0.0005,0.0001,8743.2,3,200.0,93.246,step
2026-08-31T18:37:41.744207+00:00,95.32,0.0004,0.15,0.0,-0.0005,0.0001,8741.92,3,200.0,93.268,step
2026-08-31T18:37:41.745543+00:00,95.306,0.0004,0.15,0.0,-0.0006,0.0002,8740.64,3,200.0,93.29,step
2026-08-31T18:37:41.746879+00:00,95.292,0.0005,0.15,0.0,-0.0006,0.0002,8739.37,3,200.0,93.312,step
2026-08-31T18:37:41.748234+00:00,95.278,0.0005,0.15,0.0,-0.0006,0.0002,8738.09,3,200.0,93.334,step
2026-08-31T18:37:41.749682+00:00,95.264,0.0005,0.15,0.0,-0.0006,0.0002,8736.85,3,200.0,93.356,step
2026-08-31T18:37:41.751125+00:00,95.25,0.0004,0.15,0.0,-0.0005,0.0002,8735.6,3,200.0,93.378,step
2026-08-31T18:37:41.752475+00:00,95.236,0.0004,0.15,0.0,-0.0005,0.0002,8734.35,3,200.0,93.4,step
2026-08-31T18:37:41.753865+00:00,95.223,0.0004,0.15,0.0,-0.0005,0.0002,8733.07,3,200.0,93.422,step
2026-08-31T18:37:41.755231+00:00,95.209,0.0005,0.15,0.0,-0.0006,0.0002,8731.78,3,200.0,93.444,step
2026-08-31T18:37:41.756642+00:00,95.195,0.0005,0.15,0.0,-0.0006,0.0002,8730.5,3,200.0,93.466,step
2026-08-31T18:37:41.758016+00:00,95.181,0.0005,0.15,0.0,-0.0006,0.0002,8729.25,3,200.0,93.488,step
2026-08-31T18:37:41.759543+00:00,95.168,0.0005,0.15,0.0,-0.0006,0.0002,8727.98,3,200.0,93.51,step
2026-08-31T18:37:41.760879+00:00,95.154,0.0005,0.15,0.0,-0.0006,0.0002,8726.72,3,200.0,93.532,step
2026-08-31T18:37:41.762224+00:00,95.14,0.0005,0.15,0.0,-0.0006,0.0002,8725.46,3,200.0,93.554,step
2026-08-31T18:37:41.763528+00:00,95.126,0.0005,0.15,0.0,-0.0007,0.0001,8724.22,3,200.0,93.576,step
2026-08-31T18:37:41.764919+00:00,95.113,0.0005,0.15,0.0,-0.0007,0.0001,8722.98,3,200.0,93.598,step
2026-08-31T18:37:41.766330+00:00,95.099,0.0005,0.15,0.0,-0.0007,0.0001,8721.78,3,200.0,93.62,step
2026-08-31T18:37:41.767770+00:00,95.085,0.0004,0.15,0.0,-0.0006,0.0001,8720.59,3,200.0,93.642,step
2026-08-31T18:37:41.769198+00:00,95.072,0.0005,0.15,0.0,-0.0006,0.0001,8719.34,3,200.0,93.664,step
2026-08-31T18:37:41.770562+00:00,95.058,0.0005,0.15,0.0,-0.0007,0.0001,8718.09,3,200.0,93.686,step
2026-08-31T18:37:41.771904+00:00,95.045,0.0005,0.15,0.0,-0.0007,0.0001,8716.82,3,200.0,93.708,step
2026-08-31T18:37:41.773258+00:00,95.031,0.0005,0.15,0.0,-0.0007,0.0001,8715.59,3,200.0,93.73,step
2026-08-31T18:37:41.774611+00:00,95.018,0.0005,0.15,0.0,-0.0007,0.0001,8714.34,3,200.0,93.752,step
2026-08-31T18:37:41.776121+00:00,95.005,0.0005,0.15,0.0,-0.0007,0.0001,8713.11,3,200.0,93.774,step
2026-08-31T18:37:41.777494+00:00,94.991,0.0005,0.8,0.0,-0.0007,0.0001,8711.9,3,200.0,93.796,step
2026-08-31T18:37:41.778810+00:00,95.436,0.0005,0.15,0.0,-0.0007,0.0001,9227.77,3,200.0,93.818,step
2026-08-31T18:37:41.780159+00:00,95.717,0.0004,0.15,0.0,-0.0007,0.0001,8776.93,3,200.0,93.84,step
2026-08-31T18:37:41.781477+00:00,95.701,0.0004,0.15,0.0,-0.0007,0.0001,8774.7,3,200.0,93.862,step
2026-08-31T18:37:41.782870+00:00,95.686,0.0004,0.15,0.0,-0.0007,0.0001,8774.46,3,200.0,93.884,step
2026-08-31T18:37:41.784537+00:00,95.671,0.0004,0.15,0.0,-0.0007,0.0001,8773.87,3,200.0,93.906,step
2026-08-31T18:37:41.785924+00:00,95.655,0.0005,0.15,0.0,-0.0008,0.0001,8772.79,3,200.0,93.928,step
2026-08-31T18:37:41.787289+00:00,95.64,0.0005,0.15,0.0,-0.0008,0.0001,8771.47,3,200.0,93.95,step
2026-08-31T18:37:41.788653+00:00,95.625,0.0005,0.15,0.0,-0.0008,0.0001,8770.01,3,200.0,93.972,step
2026-08-31T18:37:41.790007+00:00,95.61,0.0005,0.15,0.0,-0.0008,0.0001,8768.54,3,200.0,93.994,step
2026-08-31T18:37:41.791598+00:00,95.596,0.0005,0.15,0.0,-0.0009,0.0001,8766.36,3,200.0,94.016,step
2026-08-31T18:37:41.792981+00:00,95.58,0.0005,0.15,0.0,-0.0009,0.0001,8764.95,3,200.0,94.038,step
2026-08-31T18:37:41.794300+00:00,95.565,0.0004,0.15,0.0,-0.0008,0.0,8763.78,3,200.0,94.06,step
2026-08-31T18:37:41.795661+00:00,95.55,0.0004,0.15,0.0,-0.0007,0.0,8762.75,3,200.0,94.082,step
2026-08-31T18:37:41.797008+00:00,95.535,0.0004,0.15,0.0,-0.0007,0.0,8761.63,3,200.0,94.104,step
2026-08-31T18:37:41.798363+00:00,95.52,0.0004,0.15,0.0,-0.0008,0.0,8760.33,3,200.0,94.126,step
2026-08-31T18:37:41.799855+00:00,95.505,0.0004,0.15,0.0,-0.0008,0.0,8758.96,3,200.0,94.148,step
2026-08-31T18:37:41.801323+00:00,95.49,0.0004,0.15,0.0,-0.0008,0.0,8757.55,3,199.74,94.17,step
2026-08-31T18:37:41.802702+00:00,95.475,0.0004,0.15,0.0,-0.0008,0.0,8756.07,3,199.156,94.192,step
2026-08-31T18:37:41.804065+00:00,95.46,0.0004,0.15,0.0,-0.0009,0.0,8754.61,3,198.573,94.214,step
2026-08-31T18:37:41.805448+00:00,95.445,0.0005,0.15,0.0,-0.0009,0.0,8753.16,3,197.989,94.236,step
2026-08-31T18:37:41.806827+00:00,95.429,0.0005,0.15,0.0,-0.0009,0.0,8751.77,3,197.406,94.258,step
2026-08-31T18:37:41.808227+00:00,95.414,0.0004,0.15,0.0,-0.0008,0.0,8749.8,3,196.823,94.28,step
2026-08-31T18:37:41.809905+00:00,95.399,0.0004,0.15,0.0,-0.0008,0.0,8747.9,3,196.24,94.302,step
2026-08-31T18:37:41.811265+00:00,95.383,0.0004,0.15,0.0,-0.0007,0.0,8746.78,3,195.658,94.324,step
2026-08-31T18:37:41.812616+00:00,95.368,0.0004,0.15,0.0,-0.0008,0.0,8745.96,3,195.075,94.346,step
2026-08-31T18:37:41.813954+00:00,95.352,0.0004,0.15,0.0,-0.0008,0.0,8744.9,3,194.492,94.368,step
2026-08-31T18:37:41.815362+00:00,95.337,0.0004,0.15,0.0,-0.0008,0.0,8743.68,3,193.909,94.39,step
2026-08-31T18:37:41.816868+00:00,95.322,0.0004,0.15,0.0,-0.0008,0.0,8742.3,3,193.327,94.412,step
2026-08-31T18:37:41.818276+00:00,95.307,0.0004,0.15,0.0,-0.0009,0.0,8740.88,3,192.744,94.434,step
2026-08-31T18:37:41.819655+00:00,95.291,0.0005,0.15,0.0,-0.0009,0.0,8739.4,3,192.161,94.456,step
2026-08-31T18:37:41.821022+00:00,95.276,0.0005,0.15,0.0,-0.0009,0.0,8737.93,3,191.578,94.478,step
2026-08-31T18:37:41.822367+00:00,95.261,0.0004,0.15,0.0,-0.0009,0.0,8736.53,3,190.996,94.5,step
2026-08-31T18:37:41.823723+00:00,95.246,0.0004,0.15,0.0,-0.0008,0.0,8735.1,3,190.415,94.522,step
2026-08-31T18:37:41.825128+00:00,95.23,0.0004,0.15,0.0,-0.0008,0.0,8733.75,3,189.833,94.544,step
2026-08-31T18:37:41.826756+00:00,95.215,0.0004,0.15,0.0,-0.0008,0.0,8731.67,3,189.251,94.566,step
2026-08-31T18:37:41.828110+00:00,95.2,0.0004,0.15,0.0,-0.0008,0.0,8730.33,3,188.67,94.588,step
2026-08-31T18:37:41.829461+00:00,95.184,0.0004,0.15,0.0,-0.0008,0.0,8729.2,3,188.088,94.61,step
2026-08-31T18:37:41.830804+00:00,95.169,0.0004,0.15,0.0,-0.0009,0.0,8728.07,3,187.506,94.632,step
2026-08-31T18:37:41.832202+00:00,95.153,0.0004,0.15,0.0,-0.0009,0.0,8726.79,3,186.924,94.654,step
2026-08-31T18:37:41.833733+00:00,95.138,0.0005,0.15,0.0,-0.0009,0.0,8725.46,3,186.342,94.676,step
2026-08-31T18:37:41.835180+00:00,95.123,0.0005,0.15,0.0,-0.0009,0.0,8724.06,3,185.761,94.698,step
2026-08-31T18:37:41.836538+00:00,95.108,0.0005,0.15,0.0,-0.0009,0.0,8722.72,3,185.18,94.72,step
2026-08-31T18:37:41.837897+00:00,95.093,0.0004,0.15,0.0,-0.0008,0.0,8721.28,3,184.599,94.742,step
2026-08-31T18:37:41.839257+00:00,95.078,0.0004,0.15,0.0,-0.0008,0.0,8719.89,3,184.018,94.764,step
2026-08-31T18:37:41.840730+00:00,95.063,0.0004,0.15,0.0,-0.0008,0.0,8718.49,3,183.438,94.786,step
2026-08-31T18:37:41.842203+00:00,95.047,0.0004,0.15,0.0,-0.0008,0.0,8717.11,3,182.857,94.808,step
2026-08-31T18:37:41.843524+00:00,95.032,0.0004,0.15,0.0,-0.0008,0.0,8715.56,3,182.276,94.83,step
2026-08-31T18:37:41.844846+00:00,95.017,0.0004,0.15,0.0,-0.0009,0.0,8714.15,3,181.695,94.852,step
2026-08-31T18:37:41.846182+00:00,95.002,0.0004,0.15,0.0,-0.0009,0.0,8712.82,3,181.114,94.874,step
2026-08-31T18:37:41.847485+00:00,94.987,0.0005,0.8,0.0,-0.0009,0.0,8711.52,3,180.533,94.896,step
2026-08-31T18:37:41.848775+00:00,95.429,0.0005,0.15,0.0,-0.0009,0.0,9226.24,3,179.951,94.918,step
2026-08-31T18:37:41.850541+00:00,95.708,0.0004,0.15,0.0,-0.0009,0.0,8776.1,3,179.367,94.94,step
2026-08-31T18:37:41.851924+00:00,95.69,0.0004,0.15,0.0,-0.0008,0.0,8773.79,3,178.782,94.962,step
2026-08-31T18:37:41.853290+00:00,95.673,0.0004,0.15,0.0,-0.0009,0.0,8773.36,3,178.197,94.984,step
2026-08-31T18:37:41.854640+00:00,95.656,0.0005,0.15,0.0,-0.0009,0.0,8772.68,3,177.613,95.006,step
2026-08-31T18:37:41.855956+00:00,95.64,0.0005,0.15,0.0,-0.0009,0.0,8771.56,3,177.028,95.028,step
2026-08-31T18:37:41.857298+00:00,95.624,0.0005,0.15,0.0,-0.001,0.0,8770.13,3,176.443,95.05,step
2026-08-31T18:37:41.858869+00:00,95.608,0.0005,0.15,0.0,-0.001,0.0,8768.56,3,175.858,95.072,step
2026-08-31T18:37:41.860317+00:00,95.592,0.0005,0.15,0.0,-0.001,-0.0,8766.97,3,175.281,95.094,step
2026-08-31T18:37:41.861703+00:00,95.576,0.0004,0.15,0.0,-0.0009,-0.0,8765.85,3,174.705,95.116,step
2026-08-31T18:37:41.863079+00:00,95.56,0.0004,0.15,0.0,-0.0009,-0.0,8764.12,3,174.124,95.138,step
2026-08-31T18:37:41.864506+00:00,95.544,0.0004,0.15,0.0,-0.0008,-0.0001,8762.52,3,173.542,95.16,step
2026-08-31T18:37:41.865843+00:00,95.528,0.0004,0.15,0.0,-0.0008,-0.0001,8760.99,3,172.959,95.182,step
2026-08-31T18:37:41.867248+00:00,95.513,0.0004,0.15,0.0,-0.0009,-0.0001,8759.46,3,172.375,95.204,step
2026-08-31T18:37:41.868693+00:00,95.497,0.0004,0.15,0.0,-0.0009,-0.0001,8757.97,3,171.791,95.226,step
2026-08-31T18:37:41.870031+00:00,95.481,0.0004,0.15,0.0,-0.0009,-0.0001,8756.55,3,171.207,95.248,step
2026-08-31T18:37:41.871387+00:00,95.465,0.0004,0.15,0.0,-0.0009,-0.0001,8755.16,3,170.624,95.27,step
2026-08-31T18:37:41.872696+00:00,95.45,0.0004,0.15,0.0,-0.001,-0.0001,8753.83,3,170.04,95.292,step
2026-08-31T18:37:41.873979+00:00,95.434,0.0004,0.15,0.0,-0.001,-0.0001,8752.49,3,169.456,95.314,step
2026-08-31T18:37:41.875346+00:00,95.419,0.0004,0.15,0.0,-0.0009,-0.0001,8751.13,3,168.874,95.336,step
2026-08-31T18:37:41.876718+00:00,95.404,0.0004,0.15,0.0,-0.0008,-0.0001,8749.69,3,168.291,95.358,step
2026-08-31T18:37:41.878074+00:00,95.388,0.0003,0.15,0.0,-0.0008,-0.0001,8749.44,3,167.709,95.38,step
2026-08-31T18:37:41.879443+00:00,95.374,0.0003,0.15,0.0,-0.0008,-0.0001,8747.63,3,167.126,95.402,step
2026-08-31T18:37:41.880813+00:00,95.359,0.0003,0.15,0.0,-0.0008,-0.0001,8745.91,3,166.543,95.424,step
2026-08-31T18:37:41.882171+00:00,95.344,0.0004,0.15,0.0,-0.0008,-0.0001,8744.28,3,165.96,95.446,step
2026-08-31T18:37:41.883653+00:00,95.329,0.0004,0.15,0.0,-0.0008,-0.0001,8742.7,3,165.377,95.468,step
2026-08-31T18:37:41.885094+00:00,95.314,0.0004,0.15,0.0,-0.0009,-0.0001,8741.21,3,164.795,95.49,step
2026-08-31T18:37:41.886437+00:00,95.299,0.0004,0.15,0.0,-0.0009,-0.0001,8739.82,3,164.212,95.512,step
2026-08-31T18:37:41.887781+00:00,95.284,0.0004,0.15,0.0,-0.0009,-0.0001,8738.5,3,163.629,95.534,step
2026-08-31T18:37:41.889113+00:00,95.27,0.0004,0.15,0.0,-0.0009,-0.0001,8737.4,3,163.047,95.556,step
2026-08-31T18:37:41.890447+00:00,95.256,0.0004,0.15,0.0,-0.0008,-0.0001,8736.2,3,162.465,95.578,step
2026-08-31T18:37:41.892032+00:00,95.241,0.0003,0.15,0.0,-0.0008,-0.0001,8734.93,3,161.884,95.6,step
2026-08-31T18:37:41.893485+00:00,95.227,0.0003,0.15,0.0,-0.0007,-0.0001,8733.62,3,161.302,95.622,step
2026-08-31T18:37:41.894828+00:00,95.213,0.0003,0.15,0.0,-0.0007,-0.0001,8733.75,3,160.72,95.644,step
2026-08-31T18:37:41.896130+00:00,95.199,0.0003,0.15,0.0,-0.0008,-0.0001,8732.46,3,160.138,95.666,step
2026-08-31T18:37:41.897415+00:00,95.186,0.0003,0.15,0.0,-0.0008,-0.0001,8730.48,3,159.556,95.688,step
2026-08-31T18:37:41.898709+00:00,95.172,0.0003,0.15,0.0,-0.0008,-0.0001,8728.78,3,158.975,95.71,step
2026-08-31T18:37:41.900034+00:00,95.159,0.0004,0.15,0.0,-0.0008,-0.0001,8727.14,3,158.393,95.732,step
2026-08-31T18:37:41.901581+00:00,95.145,0.0004,0.15,0.0,-0.0008,-0.0001,8725.64,3,157.811,95.754,step
2026-08-31T18:37:41.902912+00:00,95.131,0.0004,0.15,0.0,-0.0009,-0.0001,8724.28,3,157.229,95.776,step
2026-08-31T18:37:41.904215+00:00,95.117,0.0004,0.15,0.0,-0.0008,-0.0001,8723.08,3,156.647,95.798,step
2026-08-31T18:37:41.905554+00:00,95.103,0.0003,0.15,0.0,-0.0008,-0.0001,8722.07,3,156.067,95.82,step
2026-08-31T18:37:41.906935+00:00,95.09,0.0003,0.15,0.0,-0.0007,-0.0001,8721.07,3,155.486,95.842,step
2026-08-31T18:37:41.908295+00:00,95.077,0.0003,0.15,0.0,-0.0007,-0.0001,8719.99,3,154.906,95.864,step
2026-08-31T18:37:41.909969+00:00,95.065,0.0003,0.15,0.0,-0.0007,-0.0001,8718.89,3,154.325,95.886,step
2026-08-31T18:37:41.911306+00:00,95.052,0.0003,0.15,0.0,-0.0007,-0.0001,8717.63,3,153.744,95.908,step
2026-08-31T18:37:41.912592+00:00,95.038,0.0003,0.15,0.0,-0.0007,-0.0001,8718.94,3,153.163,95.93,step
2026-08-31T18:37:41.913894+00:00,95.027,0.0003,0.15,0.0,-0.0007,-0.0001,8716.62,3,152.582,95.952,step
2026-08-31T18:37:41.915297+00:00,95.015,0.0003,0.15,0.0,-0.0007,-0.0001,8714.81,3,152.001,95.974,step
2026-08-31T18:37:41.916623+00:00,95.003,0.0003,0.15,0.0,-0.0007,-0.0001,8713.11,3,151.42,95.996,step
2026-08-31T18:37:41.918058+00:00,94.991,0.0003,0.8,0.0,-0.0008,-0.0001,8711.57,3,150.839,96.018,step
2026-08-31T18:37:41.919376+00:00,95.44,0.0003,0.15,0.0,-0.0008,-0.0001,9222.03,3,150.258,96.04,step
2026-08-31T18:37:41.920693+00:00,95.718,0.0003,0.15,0.0,-0.0007,-0.0001,8776.3,3,149.673,96.062,step
2026-08-31T18:37:41.922022+00:00,95.703,0.0003,0.15,0.0,-0.0007,-0.0001,8774.55,3,149.089,96.084,step
2026-08-31T18:37:41.923328+00:00,95.689,0.0003,0.15,0.0,-0.0006,-0.0001,8774.71,3,148.504,96.106,step
2026-08-31T18:37:41.924681+00:00,95.676,0.0003,0.15,0.0,-0.0007,-0.0001,8774.62,3,147.92,96.128,step
2026-08-31T18:37:41.926155+00:00,95.663,0.0003,0.15,0.0,-0.0007,-0.0001,8773.85,3,147.335,96.15,step
2026-08-31T18:37:41.927485+00:00,95.65,0.0003,0.15,0.0,-0.0007,-0.0001,8772.68,3,146.75,96.172,step
2026-08-31T18:37:41.928814+00:00,95.636,0.0003,0.15,0.0,-0.0008,-0.0001,8774.78,3,146.165,96.194,step
2026-08-31T18:37:41.930095+00:00,95.625,0.0003,0.15,0.0,-0.0008,-0.0001,8772.41,3,145.58,96.216,step
2026-08-31T18:37:41.931391+00:00,95.614,0.0003,0.15,0.0,-0.0008,-0.0001,8770.01,3,144.996,96.238,step
2026-08-31T18:37:41.932725+00:00,95.602,0.0004,0.15,0.0,-0.0008,-0.0001,8768.1,3,144.411,96.26,step
2026-08-31T18:37:41.934293+00:00,95.59,0.0004,0.15,0.0,-0.0008,-0.0001,8766.36,3,143.826,96.282,step
2026-08-31T18:37:41.935622+00:00,95.578,0.0003,0.15,0.0,-0.0008,-0.0001,8764.85,3,143.243,96.304,step
2026-08-31T18:37:41.936985+00:00,95.566,0.0003,0.15,0.0,-0.0007,-0.0001,8763.61,3,142.659,96.326,step
2026-08-31T18:37:41.938348+00:00,95.553,0.0003,0.15,0.0,-0.0007,-0.0001,8762.56,3,142.076,96.348,step
2026-08-31T18:37:41.939742+00:00,95.541,0.0002,0.15,0.0,-0.0006,-0.0001,8761.89,3,141.492,96.37,step
2026-08-31T18:37:41.941104+00:00,95.53,0.0002,0.15,0.0,-0.0006,-0.0001,8761.27,3,140.909,96.392,step
2026-08-31T18:37:41.942617+00:00,95.519,0.0002,0.15,0.0,-0.0006,-0.0001,8760.42,3,140.325,96.414,step
2026-08-31T18:37:41.943954+00:00,95.508,0.0003,0.15,0.0,-0.0006,-0.0001,8759.4,3,139.741,96.436,step
2026-08-31T18:37:41.945298+00:00,95.498,0.0003,0.15,0.0,-0.0007,-0.0001,8759.23,3,139.157,96.458,step
2026-08-31T18:37:41.946646+00:00,95.486,0.0003,0.15,0.0,-0.0007,-0.0001,8760.84,3,138.573,96.48,step
2026-08-31T18:37:41.948051+00:00,95.477,0.0003,0.15,0.0,-0.0007,-0.0001,8758.12,3,137.99,96.502,step
2026-08-31T18:37:41.949345+00:00,95.468,0.0003,0.15,0.0,-0.0007,-0.0001,8756.22,3,137.406,96.524,step
2026-08-31T18:37:41.950828+00:00,95.458,0.0003,0.15,0.0,-0.0008,-0.0001,8754.45,3,136.822,96.546,step
2026-08-31T18:37:41.952248+00:00,95.448,0.0003,0.15,0.0,-0.0008,-0.0001,8752.95,3,136.238,96.568,step
2026-08-31T18:37:41.953502+00:00,95.437,0.0003,0.15,0.0,-0.0008,-0.0001,8751.76,3,135.654,96.59,step
2026-08-31T18:37:41.954841+00:00,95.427,0.0003,0.15,0.0,-0.0007,-0.0001,8750.87,3,135.072,96.612,step
2026-08-31T18:37:41.956154+00:00,95.416,0.0003,0.15,0.0,-0.0007,-0.0001,8750.26,3,134.489,96.634,step
2026-08-31T18:37:41.957453+00:00,95.407,0.0003,0.15,0.0,-0.0006,-0.0001,8749.83,3,133.907,96.656,step
2026-08-31T18:37:41.958885+00:00,95.398,0.0002,0.15,0.0,-0.0006,-0.0001,8749.23,3,133.324,96.678,step
2026-08-31T18:37:41.960224+00:00,95.389,0.0002,0.15,0.0,-0.0005,-0.0001,8748.43,3,132.742,96.7,step
2026-08-31T18:37:41.961523+00:00,95.38,0.0002,0.15,0.0,-0.0005,-0.0001,8747.56,3,132.16,96.722,step
2026-08-31T18:37:41.962843+00:00,95.369,0.0002,0.15,0.0,-0.0005,-0.0001,8750.63,3,131.577,96.744,step
2026-08-31T18:37:41.964182+00:00,95.362,0.0002,0.15,0.0,-0.0005,-0.0001,8748.08,3,130.994,96.766,step
2026-08-31T18:37:41.965474+00:00,95.355,0.0002,0.15,0.0,-0.0006,-0.0001,8746.2,3,130.412,96.788,step
2026-08-31T18:37:41.966778+00:00,95.347,0.0002,0.15,0.0,-0.0006,-0.0001,8744.57,3,129.829,96.81,step
2026-08-31T18:37:41.968164+00:00,95.338,0.0002,0.15,0.0,-0.0006,-0.0001,8743.15,3,129.247,96.832,step
2026-08-31T18:37:41.969464+00:00,95.33,0.0002,0.15,0.0,-0.0006,-0.0001,8742.03,3,128.664,96.854,step
2026-08-31T18:37:41.970735+00:00,95.321,0.0003,0.15,0.0,-0.0006,-0.0001,8741.17,3,128.082,96.876,step
2026-08-31T18:37:41.972037+00:00,95.312,0.0003,0.15,0.0,-0.0007,-0.0001,8740.51,3,127.499,96.898,step
2026-08-31T18:37:41.973349+00:00,95.304,0.0003,0.15,0.0,-0.0007,-0.0001,8740.13,3,126.916,96.92,step
2026-08-31T18:37:41.974708+00:00,95.296,0.0003,0.15,0.0,-0.0007,-0.0001,8739.73,3,126.334,96.942,step
2026-08-31T18:37:41.976328+00:00,95.288,0.0003,0.15,0.0,-0.0007,-0.0001,8739.18,3,125.752,96.964,step
2026-08-31T18:37:41.977620+00:00,95.281,0.0003,0.15,0.0,-0.0007,-0.0001,8738.52,3,125.17,96.986,step
2026-08-31T18:37:41.978891+00:00,95.273,0.0003,0.15,0.0,-0.0007,-0.0001,8737.77,3,124.589,97.008,step
2026-08-31T18:37:41.980124+00:00,95.265,0.0002,0.15,0.0,-0.0006,-0.0001,8739.76,3,124.009,97.03,step
2026-08-31T18:37:41.981354+00:00,95.259,0.0002,0.15,0.0,-0.0006,-0.0001,8737.79,3,123.428,97.052,step
2026-08-31T18:37:41.982710+00:00,95.252,0.0002,0.15,0.0,-0.0005,-0.0001,8736.39,3,122.847,97.074,step
2026-08-31T18:37:41.984149+00:00,95.245,0.0001,0.15,0.0,-0.0004,-0.0001,8735.12,3,122.266,97.096,step
2026-08-31T18:37:41.985431+00:00,95.238,0.0001,0.15,0.0,-0.0004,-0.0001,8734.02,3,121.686,97.118,step
2026-08-31T18:37:41.986734+00:00,95.231,0.0,0.15,0.0,-0.0003,-0.0001,8733.12,3,121.105,97.14,step
2026-08-31T18:37:41.987994+00:00,95.224,0.0,0.15,0.0,-0.0003,-0.0001,8732.42,3,120.524,97.162,step
2026-08-31T18:37:41.989251+00:00,95.216,0.0,0.0,0.15,-0.0003,-0.0001,8731.94,3,119.944,97.184,step
2026-08-31T18:37:41.990623+00:00,94.772,0.0,0.0,0.15,-0.0002,-0.0001,8545.47,3,119.36,97.206,step
2026-08-31T18:37:41.992200+00:00,94.124,0.0001,0.0,0.15,-0.0002,-0.0,8482.19,3,118.772,97.228,step
2026-08-31T18:37:41.993589+00:00,93.475,0.0001,0.0,0.15,-0.0002,0.0,8420.95,3,118.185,97.25,step
2026-08-31T18:37:41.994890+00:00,92.829,0.0002,0.0,0.15,-0.0002,0.0001,8362.37,3,117.602,97.272,step
2026-08-31T18:37:41.996213+00:00,92.187,0.0003,0.0,0.15,-0.0002,0.0002,8305.55,3,117.022,97.294,step
2026-08-31T18:37:41.997476+00:00,91.553,0.0004,0.15,0.0,-0.0002,0.0003,8243.44,3,116.446,97.316,step
2026-08-31T18:37:41.998760+00:00,91.355,0.0004,0.15,0.0,-0.0002,0.0003,8384.53,3,115.878,97.338,step
2026-08-31T18:37:42.000091+00:00,91.358,0.0005,0.15,0.0,-0.0003,0.0003,8382.2,3,115.317,97.36,step
2026-08-31T18:37:42.001470+00:00,91.361,0.0005,0.15,0.0,-0.0003,0.0003,8380.06,3,114.759,97.382,step
2026-08-31T18:37:42.002747+00:00,91.363,0.0005,0.15,0.0,-0.0003,0.0003,8378.94,3,114.202,97.404,step
2026-08-31T18:37:42.004011+00:00,91.364,0.0005,0.15,0.0,-0.0004,0.0003,8378.75,3,113.645,97.426,step
2026-08-31T18:37:42.005298+00:00,91.365,0.0005,0.15,0.0,-0.0004,0.0003,8379.22,3,113.089,97.448,step
2026-08-31T18:37:42.006603+00:00,91.366,0.0005,0.15,0.0,-0.0005,0.0003,8380.22,3,112.537,97.47,step
2026-08-31T18:37:42.007968+00:00,91.368,0.0005,0.15,0.0,-0.0005,0.0002,8381.06,3,111.984,97.492,step
2026-08-31T18:37:42.009428+00:00,91.369,0.0005,0.15,0.0,-0.0005,0.0002,8381.62,3,111.428,97.514,step
2026-08-31T18:37:42.010692+00:00,91.371,0.0005,0.15,0.0,-0.0006,0.0002,8381.84,3,110.872,97.536,step
2026-08-31T18:37:42.011938+00:00,91.374,0.0005,0.15,0.0,-0.0006,0.0002,8381.91,3,110.315,97.558,step
2026-08-31T18:37:42.013215+00:00,91.376,0.0005,0.15,0.0,-0.0006,0.0002,8381.95,3,109.759,97.58,step
2026-08-31T18:37:42.014467+00:00,91.377,0.0005,0.15,0.0,-0.0007,0.0002,8384.19,3,109.202,97.602,step
2026-08-31T18:37:42.015814+00:00,91.38,0.0005,0.15,0.0,-0.0007,0.0001,8383.53,3,108.649,97.624,step
2026-08-31T18:37:42.017224+00:00,91.382,0.0005,0.15,0.0,-0.0008,0.0001,8383.09,3,108.095,97.646,step
2026-08-31T18:37:42.018535+00:00,91.385,0.0005,0.15,0.0,-0.0008,0.0001,8382.83,3,107.539,97.668,step
2026-08-31T18:37:42.019806+00:00,91.388,0.0005,0.15,0.0,-0.0008,0.0001,8382.64,3,106.982,97.69,step
2026-08-31T18:37:42.021076+00:00,91.39,0.0005,0.15,0.0,-0.0009,0.0001,8382.64,3,106.426,97.712,step
2026-08-31T18:37:42.022396+00:00,91.392,0.0005,0.15,0.0,-0.0009,0.0,8382.77,3,105.873,97.734,step
2026-08-31T18:37:42.023737+00:00,91.394,0.0005,0.15,0.0,-0.0009,0.0,8383.04,3,105.319,97.756,step
2026-08-31T18:37:42.025222+00:00,91.396,0.0004,0.15,0.0,-0.0009,-0.0,8383.41,3,104.762,97.778,step
2026-08-31T18:37:42.026521+00:00,91.398,0.0004,0.15,0.0,-0.0009,-0.0,8383.84,3,104.206,97.8,step
2026-08-31T18:37:42.027789+00:00,91.401,0.0004,0.15,0.0,-0.0008,-0.0,8384.16,3,103.649,97.822,step
2026-08-31T18:37:42.029061+00:00,91.404,0.0004,0.15,0.0,-0.0008,-0.0,8384.46,3,103.092,97.844,step
2026-08-31T18:37:42.030328+00:00,91.407,0.0003,0.15,0.0,-0.0007,-0.0,8384.68,3,102.534,97.866,step
2026-08-31T18:37:42.031594+00:00,91.409,0.0003,0.15,0.0,-0.0007,-0.0,8385.19,3,101.977,97.888,step
2026-08-31T18:37:42.032862+00:00,91.412,0.0003,0.15,0.0,-0.0007,-0.0,8386.68,3,101.419,97.91,step
2026-08-31T18:37:42.034337+00:00,91.415,0.0003,0.15,0.0,-0.0006,-0.0001,8386.18,3,100.861,97.932,step
2026-08-31T18:37:42.035615+00:00,91.419,0.0002,0.15,0.0,-0.0006,-0.0001,8386.03,3,100.303,97.954,step
2026-08-31T18:37:42.036903+00:00,91.422,0.0002,0.15,0.0,-0.0005,-0.0001,8385.93,3,99.7454,97.976,step
2026-08-31T18:37:42.038200+00:00,91.425,0.0002,0.15,0.0,-0.0005,-0.0001,8385.95,3,99.1877,97.998,step
2026-08-31T18:37:42.039556+00:00,91.428,0.0002,0.15,0.0,-0.0004,-0.0001,8386.1,3,98.6301,98.02,step
2026-08-31T18:37:42.040828+00:00,91.431,0.0001,0.15,0.0,-0.0004,-0.0001,8386.41,3,98.0726,98.042,step
2026-08-31T18:37:42.042317+00:00,91.433,0.0001,0.15,0.0,-0.0004,-0.0001,8386.74,3,97.5152,98.064,step
2026-08-31T18:37:42.043614+00:00,91.436,0.0001,0.15,0.0,-0.0003,-0.0001,8387.21,3,96.9577,98.086,step
2026-08-31T18:37:42.044922+00:00,91.44,0.0,0.15,0.0,-0.0003,-0.0001,8387.59,3,96.4004,98.108,step
2026-08-31T18:37:42.046216+00:00,91.443,0.0,0.15,0.0,-0.0002,-0.0001,8388.0,3,95.8428,98.13,step
2026-08-31T18:37:42.047451+00:00,91.446,-0.0,0.15,0.0,-0.0002,-0.0001,8388.28,3,95.285,98.152,step
2026-08-31T18:37:42.048712+00:00,91.45,-0.0,0.15,0.0,-0.0002,-0.0001,8388.54,3,94.7271,98.174,step
2026-08-31T18:37:42.050034+00:00,91.453,-0.0001,0.15,0.0,-0.0001,-0.0001,8390.34,3,94.1691,98.196,step
2026-08-31T18:37:42.051519+00:00,91.457,-0.0001,0.15,0.0,-0.0001,-0.0001,8390.02,3,93.6109,98.218,step
2026-08-31T18:37:42.052812+00:00,91.461,-0.0001,0.15,0.0,-0.0,-0.0001,8389.92,3,93.0528,98.24,step
2026-08-31T18:37:42.054078+00:00,91.464,-0.0001,0.15,0.0,-0.0,-0.0001,8389.9,3,92.4947,98.262,step
2026-08-31T18:37:42.055328+00:00,91.468,-0.0002,0.15,0.0,0.0,-0.0001,8389.97,3,91.9368,98.284,step
2026-08-31T18:37:42.056612+00:00,91.472,-0.0002,0.15,0.0,0.0001,-0.0001,8390.12,3,91.3789,98.306,step
2026-08-31T18:37:42.057905+00:00,91.475,-0.0002,0.15,0.0,0.0001,-0.0001,8390.45,3,90.8211,98.328,step
2026-08-31T18:37:42.059462+00:00,91.478,-0.0002,0.15,0.0,0.0002,-0.0002,8390.8,3,90.2634,98.35,step
2026-08-31T18:37:42.060734+00:00,91.482,-0.0003,0.15,0.0,0.0002,-0.0002,8391.25,3,89.7055,98.372,step
2026-08-31T18:37:42.062014+00:00,91.485,-0.0003,0.15,0.0,0.0002,-0.0002,8391.71,3,89.1479,98.394,step
2026-08-31T18:37:42.063295+00:00,91.489,-0.0003,0.15,0.0,0.0003,-0.0002,8392.13,3,88.5902,98.416,step
2026-08-31T18:37:42.064553+00:00,91.493,-0.0003,0.15,0.0,0.0003,-0.0002,8392.51,3,88.0327,98.438,step
2026-08-31T18:37:42.065828+00:00,91.497,-0.0004,0.15,0.0,0.0004,-0.0002,8392.8,3,87.475,98.46,step
2026-08-31T18:37:42.067346+00:00,91.5,-0.0004,0.15,0.0,0.0004,-0.0002,8394.05,3,86.9174,98.482,step
2026-08-31T18:37:42.068612+00:00,91.504,-0.0005,0.15,0.0,0.0005,-0.0002,8394.36,3,86.3597,98.504,step
2026-08-31T18:37:42.069872+00:00,91.509,-0.0005,0.15,0.0,0.0006,-0.0002,8394.33,3,85.802,98.526,step
2026-08-31T18:37:42.071117+00:00,91.513,-0.0006,0.15,0.0,0.0007,-0.0002,8394.39,3,85.2411,98.548,step
2026-08-31T18:37:42.072360+00:00,91.517,-0.0006,0.15,0.0,0.0009,-0.0001,8394.53,3,84.6775,98.57,step
2026-08-31T18:37:42.073605+00:00,91.521,-0.0006,0.15,0.0,0.001,-0.0001,8394.77,3,84.1134,98.592,step
2026-08-31T18:37:42.074927+00:00,91.525,-0.0006,0.15,0.0,0.0011,-0.0001,8395.05,3,83.5491,98.614,step
2026-08-31T18:37:42.076466+00:00,91.528,-0.0006,0.15,0.0,0.0012,-0.0,8395.39,3,82.9849,98.636,step
2026-08-31T18:37:42.077742+00:00,91.532,-0.0006,0.15,0.0,0.0013,0.0,8395.83,3,82.4209,98.658,step
2026-08-31T18:37:42.079022+00:00,91.536,-0.0006,0.15,0.0,0.0014,0.0001,8396.25,3,81.8562,98.68,step
2026-08-31T18:37:42.080307+00:00,91.54,-0.0006,0.15,0.0,0.0015,0.0001,8396.7,3,81.2912,98.702,step
2026-08-31T18:37:42.081568+00:00,91.544,-0.0006,0.15,0.0,0.0015,0.0002,8397.1,3,80.7263,98.724,step
2026-08-31T18:37:42.082904+00:00,91.548,-0.0006,0.15,0.0,0.0015,0.0002,8397.53,3,80.1615,98.746,step
2026-08-31T18:37:42.084255+00:00,91.552,-0.0005,0.15,0.0,0.0016,0.0003,8397.89,3,79.5967,98.768,step
2026-08-31T18:37:42.085515+00:00,91.556,-0.0005,0.15,0.0,0.0016,0.0003,8399.1,3,79.0317,98.79,step
2026-08-31T18:37:42.086750+00:00,91.561,-0.0005,0.15,0.0,0.0016,0.0003,8399.06,3,78.4667,98.812,step
2026-08-31T18:37:42.088017+00:00,91.565,-0.0005,0.15,0.0,0.0017,0.0004,8399.24,3,77.905,98.834,step
2026-08-31T18:37:42.089320+00:00,91.57,-0.0005,0.15,0.0,0.0017,0.0004,8399.39,3,77.3459,98.856,step
2026-08-31T18:37:42.090578+00:00,91.574,-0.0005,0.15,0.0,0.0018,0.0004,8399.66,3,76.7876,98.878,step
2026-08-31T18:37:42.092166+00:00,91.578,-0.0005,0.15,0.0,0.0018,0.0004,8399.93,3,76.2265,98.9,step
2026-08-31T18:37:42.093422+00:00,91.582,-0.0005,0.15,0.0,0.0018,0.0004,8400.35,3,75.6629,98.922,step
2026-08-31T18:37:42.094702+00:00,91.586,-0.0005,0.15,0.0,0.0019,0.0005,8400.81,3,75.0989,98.944,step
2026-08-31T18:37:42.095978+00:00,91.59,-0.0005,0.15,0.0,0.0019,0.0005,8401.21,3,74.5378,98.966,step
2026-08-31T18:37:42.097248+00:00,91.595,-0.0005,0.15,0.0,0.0019,0.0005,8401.67,3,73.9794,98.988,step
2026-08-31T18:37:42.098564+00:00,91.599,-0.0005,0.15,0.0,0.002,0.0005,8402.1,3,73.4186,99.01,step
2026-08-31T18:37:42.099911+00:00,91.603,-0.0005,0.15,0.0,0.002,0.0005,8402.5,3,72.8557,99.032,step
2026-08-31T18:37:42.101637+00:00,91.608,-0.0005,0.15,0.0,0.0021,0.0005,8402.88,3,72.2951,99.054,step
2026-08-31T18:37:42.102881+00:00,91.612,-0.0005,0.15,0.0,0.0021,0.0005,8403.88,3,71.7337,99.076,step
2026-08-31T18:37:42.104138+00:00,91.616,-0.0005,0.15,0.0,0.0021,0.0006,8404.04,3,71.1705,99.098,step
2026-08-31T18:37:42.105375+00:00,91.621,-0.0005,0.15,0.0,0.0022,0.0006,8404.26,3,70.6097,99.12,step
2026-08-31T18:37:42.106651+00:00,91.625,-0.0005,0.15,0.0,0.0022,0.0006,8404.48,3,70.0512,99.142,step
2026-08-31T18:37:42.107876+00:00,91.629,-0.0005,0.15,0.0,0.0022,0.0006,8404.79,3,69.4905,99.164,step
2026-08-31T18:37:42.109376+00:00,91.634,-0.0005,0.15,0.0,0.0023,0.0006,8405.16,3,68.928,99.186,step
2026-08-31T18:37:42.110607+00:00,91.638,-0.0005,0.15,0.0,0.0023,0.0007,8405.47,3,68.3677,99.208,step
2026-08-31T18:37:42.111862+00:00,91.642,-0.0005,0.15,0.0,0.0024,0.0007,8405.93,3,67.8067,99.23,step
2026-08-31T18:37:42.113106+00:00,91.647,-0.0005,0.15,0.0,0.0024,0.0007,8406.38,3,67.2443,99.252,step
2026-08-31T18:37:42.114354+00:00,91.651,-0.0005,0.15,0.0,0.0024,0.0007,8406.77,3,66.6841,99.274,step
2026-08-31T18:37:42.115615+00:00,91.655,-0.0005,0.15,0.0,0.0025,0.0007,8407.18,3,66.1261,99.296,step
2026-08-31T18:37:42.117003+00:00,91.659,-0.0005,0.15,0.0,0.0025,0.0007,8407.6,3,65.5658,99.318,step
2026-08-31T18:37:42.118438+00:00,91.664,-0.0005,0.15,0.0,0.0025,0.0008,8407.94,3,65.0024,99.34,step
2026-08-31T18:37:42.119699+00:00,91.668,-0.0004,0.15,0.0,0.0024,0.0008,8408.38,3,64.441,99.362,step
2026-08-31T18:37:42.120947+00:00,91.672,-0.0004,0.15,0.0,0.0024,0.0008,8408.94,3,63.8815,99.384,step
2026-08-31T18:37:42.122184+00:00,91.677,-0.0004,0.15,0.0,0.0023,0.0008,8409.24,3,63.3225,99.406,step
2026-08-31T18:37:42.123409+00:00,91.681,-0.0004,0.15,0.0,0.0023,0.0008,8409.55,3,62.7636,99.428,step
2026-08-31T18:37:42.124671+00:00,91.686,-0.0004,0.15,0.0,0.0023,0.0007,8409.94,3,62.2047,99.45,step
2026-08-31T18:37:42.126143+00:00,91.69,-0.0004,0.15,0.0,0.0022,0.0007,8410.29,3,61.646,99.472,step
2026-08-31T18:37:42.127389+00:00,91.694,-0.0004,0.15,0.0,0.0022,0.0007,8410.69,3,61.0875,99.494,step
2026-08-31T18:37:42.128581+00:00,91.698,-0.0004,0.15,0.0,0.0023,0.0007,8411.08,3,60.529,99.516,step
2026-08-31T18:37:42.129798+00:00,91.703,-0.0005,0.15,0.0,0.0023,0.0007,8411.49,3,59.9705,99.538,step
2026-08-31T18:37:42.131032+00:00,91.707,-0.0005,0.0,0.15,0.0023,0.0007,8411.92,3,59.412,99.56,step
2026-08-31T18:37:42.132376+00:00,91.269,-0.0005,0.0,0.15,0.0024,0.0006,8232.41,3,58.8568,99.582,step
2026-08-31T18:37:42.133747+00:00,90.638,-0.0006,0.0,0.15,0.0024,0.0006,8171.58,3,58.3064,99.604,step
2026-08-31T18:37:42.135028+00:00,90.008,-0.0007,0.0,0.15,0.0025,0.0006,8112.58,3,57.7579,99.626,step
2026-08-31T18:37:42.136280+00:00,89.381,-0.0007,0.0,0.15,0.0025,0.0006,8055.77,3,57.2116,99.648,step
2026-08-31T18:37:42.137502+00:00,88.757,-0.0007,0.0,0.15,0.0025,0.0006,8000.3,3,56.6683,99.67,step
2026-08-31T18:37:42.138731+00:00,88.135,-0.0007,0.0,0.15,0.0026,0.0006,7945.36,3,56.1284,99.692,step
2026-08-31T18:37:42.140007+00:00,87.516,-0.0007,0.0,0.15,0.0026,0.0006,7890.6,3,55.592,99.714,step
2026-08-31T18:37:42.141274+00:00,86.9,-0.0007,0.0,0.15,0.0026,0.0006,7835.94,3,55.0594,99.736,step
2026-08-31T18:37:42.142927+00:00,86.286,-0.0008,0.0,0.15,0.0027,0.0006,7781.23,3,54.5307,99.758,step
2026-08-31T18:37:42.144147+00:00,85.674,-0.0008,0.0,0.15,0.0027,0.0006,7726.48,3,54.0057,99.78,step
2026-08-31T18:37:42.145354+00:00,85.064,-0.0008,0.0,0.15,0.0028,0.0006,7671.86,3,53.4843,99.802,step
2026-08-31T18:37:42.146543+00:00,84.456,-0.0008,0.0,0.15,0.0028,0.0006,7617.39,3,52.9668,99.824,step
2026-08-31T18:37:42.147758+00:00,83.85,-0.0008,0.0,0.15,0.0029,0.0006,7563.18,3,52.453,99.846,step
2026-08-31T18:37:42.148989+00:00,83.246,-0.0008,0.0,0.15,0.0029,0.0006,7508.93,3,51.9429,99.868,step
2026-08-31T18:37:42.150409+00:00,82.644,-0.0008,0.0,0.15,0.003,0.0006,7455.1,3,51.436,99.89,step
2026-08-31T18:37:42.151720+00:00,82.044,-0.0009,0.0,0.15,0.003,0.0007,7401.29,3,50.9328,99.912,step
2026-08-31T18:37:42.152920+00:00,81.446,-0.0009,0.0,0.15,0.0031,0.0007,7347.82,3,50.4329,99.934,step
2026-08-31T18:37:42.154164+00:00,80.85,-0.0009,0.0,0.15,0.0031,0.0007,7294.46,3,49.9363,99.956,step
2026-08-31T18:37:42.155390+00:00,80.256,-0.0009,0.0,0.15,0.0032,0.0007,7241.47,3,49.4438,99.978,step
2026-08-31T18:37:42.156602+00:00,79.664,-0.0009,0.0,0.15,0.0032,0.0007,7188.59,2,48.9547,100.0,step
2026-08-31T18:37:42.157818+00:00,79.095,-0.0009,0.0,0.15,0.0033,0.0008,9034.17,2,48.4684,100.022,step
2026-08-31T18:37:42.159268+00:00,78.541,-0.0008,0.0,0.15,0.0033,0.0008,9010.72,2,47.9841,100.044,step
2026-08-31T18:37:42.160558+00:00,77.944,-0.0008,0.0,0.15,0.0034,0.0009,8828.22,2,47.5019,100.066,step
2026-08-31T18:37:42.161801+00:00,77.292,-0.0007,0.0,0.15,0.0034,0.001,8753.11,2,47.0188,100.088,step
2026-08-31T18:37:42.163055+00:00,76.643,-0.0005,0.0,0.15,0.0034,0.0012,8680.12,2,46.5375,100.11,step
2026-08-31T18:37:42.164281+00:00,75.998,-0.0004,0.0,0.15,0.0035,0.0014,8608.11,2,46.0592,100.132,step
2026-08-31T18:37:42.165568+00:00,75.356,-0.0002,0.0,0.15,0.0035,0.0015,8536.9,2,45.5866,100.154,step
2026-08-31T18:37:42.167025+00:00,74.718,-0.0001,0.0,0.15,0.0035,0.0017,8466.02,2,45.1198,100.176,step
2026-08-31T18:37:42.168290+00:00,74.082,0.2,0.0,0.15,0.0035,0.0018,8395.45,2,44.6578,100.198,step
2026-08-31T18:37:42.169574+00:00,73.46,0.1976,0.0,0.15,0.0038,-0.0006,8326.37,2,44.3763,100.22,step
2026-08-31T18:37:42.170840+00:00,72.795,0.1904,0.0,0.15,0.0046,-0.0073,8251.74,2,44.4086,100.242,step
2026-08-31T18:37:42.172073+00:00,72.151,0.181,0.0,0.15,0.0062,-0.016,8175.26,2,44.5724,100.264,step
2026-08-31T18:37:42.173304+00:00,71.52,0.1706,0.0,0.15,0.0083,-0.0252,8100.52,2,44.7695,100.286,step
2026-08-31T18:37:42.174557+00:00,70.895,0.16,0.0,0.15,0.011,-0.0345,8028.27,2,44.9571,100.308,step
2026-08-31T18:37:42.176281+00:00,70.272,-0.0505,0.0,0.15,0.0142,-0.0434,7957.68,2,45.1162,100.33,step
2026-08-31T18:37:42.177528+00:00,69.669,-0.0582,0.0,0.15,0.0177,-0.0493,7894.97,2,45.0754,100.352,step
2026-08-31T18:37:42.178804+00:00,69.036,0.1397,0.0,0.15,0.021,-0.0498,7827.34,2,44.6797,100.374,step
2026-08-31T18:37:42.180062+00:00,68.434,0.1371,0.0,0.15,0.0245,-0.0506,7761.42,2,44.3117,100.396,step
2026-08-31T18:37:42.181380+00:00,67.805,0.1305,0.0,0.15,0.0285,-0.0552,7693.84,2,44.1855,100.418,step
2026-08-31T18:37:42.182629+00:00,67.196,0.1224,0.0,0.15,0.0329,-0.0612,7625.51,2,44.1455,100.44,step
2026-08-31T18:37:42.184227+00:00,66.597,0.1138,0.0,0.15,0.0377,-0.0673,7557.41,2,44.1157,100.462,step
2026-08-31T18:37:42.185521+00:00,66.003,0.1053,0.0,0.15,0.0429,-0.0732,7489.44,2,44.0698,100.484,step
2026-08-31T18:37:42.186799+00:00,65.412,0.0971,0.0,0.15,0.0484,-0.0787,7422.45,2,44.0005,100.506,step
2026-08-31T18:37:42.188034+00:00,64.823,0.0891,0.0,0.15,0.0542,-0.0838,7356.54,2,43.9061,100.528,step
2026-08-31T18:37:42.189262+00:00,64.238,0.0814,0.0,0.15,0.0602,-0.0885,7291.35,2,43.7873,100.55,step
2026-08-31T18:37:42.190498+00:00,63.655,0.074,0.0,0.15,0.0665,-0.0927,7226.54,2,43.6449,100.572,step
2026-08-31T18:37:42.191803+00:00,63.074,0.067,0.0,0.15,0.0729,-0.0966,7162.16,2,43.4805,100.594,step
2026-08-31T18:37:42.193270+00:00,62.498,0.0602,0.0,0.15,0.0795,-0.1,7098.18,2,43.2961,100.616,step
2026-08-31T18:37:42.194527+00:00,61.925,0.0537,0.0,0.15,0.0863,-0.1032,7034.32,2,43.0922,100.638,step
2026-08-31T18:37:42.195809+00:00,61.354,0.0475,0.0,0.15,0.0931,-0.1059,6970.53,2,42.8708,100.66,step
2026-08-31T18:37:42.197043+00:00,60.786,0.0416,0.0,0.15,0.1001,-0.1084,6907.0,2,42.6339,100.682,step
2026-08-31T18:37:42.198296+00:00,60.22,0.036,0.0,0.15,0.1071,-0.1105,6843.51,2,42.3825,100.704,step
2026-08-31T18:37:42.199593+00:00,59.656,0.0306,0.0,0.15,0.1141,-0.1123,6780.04,2,42.1174,100.726,step
2026-08-31T18:37:42.201076+00:00,59.095,0.0255,0.0,0.15,0.1212,-0.1139,6717.08,2,41.8403,100.748,step
2026-08-31T18:37:42.202336+00:00,58.535,0.0207,0.0,0.15,0.1283,-0.1152,6655.22,2,41.5516,100.77,step
2026-08-31T18:37:42.203573+00:00,57.977,-0.3839,0.0,0.15,0.1353,-0.1163,6592.42,2,41.2532,100.792,step
2026-08-31T18:37:42.204828+00:00,57.443,-0.3859,0.0,0.15,0.1421,-0.1149,6529.89,2,40.8281,100.814,step
2026-08-31T18:37:42.206067+00:00,56.814,0.0182,0.0,0.15,0.1481,-0.1077,6457.08,2,40.1076,100.836,step
2026-08-31T18:37:42.207372+00:00,56.188,0.0248,0.0,0.15,0.1533,-0.0986,6382.98,2,39.289,100.858,step
2026-08-31T18:37:42.208778+00:00,55.634,0.0253,0.0,0.15,0.1586,-0.0954,6329.8,2,38.7867,100.88,step
2026-08-31T18:37:42.210049+00:00,55.083,0.0226,0.0,0.15,0.164,-0.0954,6268.47,2,38.4486,100.902,step
2026-08-31T18:37:42.211278+00:00,54.538,0.0191,0.0,0.15,0.1695,-0.0961,6206.0,2,38.1514,100.924,step
2026-08-31T18:37:42.212515+00:00,53.995,0.0155,0.0,0.15,0.175,-0.097,6142.98,2,37.8609,100.946,step
2026-08-31T18:37:42.213729+00:00,53.453,0.0121,0.0,0.15,0.1805,-0.0977,6080.66,2,37.569,100.968,step
2026-08-31T18:37:42.214962+00:00,52.911,0.0088,0.0,0.15,0.186,-0.0982,6019.08,2,37.2736,100.99,step
2026-08-31T18:37:42.216307+00:00,52.371,0.0056,0.0,0.15,0.1914,-0.0987,5958.06,2,36.9742,101.012,step
2026-08-31T18:37:42.217642+00:00,51.833,0.0026,0.0,0.15,0.1968,-0.099,5897.64,2,36.6715,101.034,step
2026-08-31T18:37:42.218885+00:00,51.295,-0.0002,0.0,0.15,0.2021,-0.0992,5837.22,2,36.366,101.056,step
2026-08-31T18:37:42.220146+00:00,50.76,-0.0029,0.0,0.15,0.2074,-0.0992,5777.02,2,36.0578,101.078,step
2026-08-31T18:37:42.221404+00:00,50.227,-0.0054,0.0,0.15,0.2126,-0.0992,5716.95,2,35.7473,101.1,step
2026-08-31T18:37:42.222660+00:00,49.696,-0.0078,0.0,0.15,0.2177,-0.099,5656.92,1,35.4352,101.122,step
2026-08-31T18:37:42.223931+00:00,49.173,-0.0101,0.0,0.15,0.2227,-0.0987,7589.41,1,35.1219,101.144,step
2026-08-31T18:37:42.225223+00:00,48.654,-0.0122,0.0,0.15,0.2277,-0.0984,7577.33,1,34.8083,101.166,step
2026-08-31T18:37:42.226810+00:00,48.101,-0.0142,0.0,0.15,0.2325,-0.098,7332.15,1,34.4944,101.188,step
2026-08-31T18:37:42.228068+00:00,47.519,-0.0161,0.0,0.15,0.2373,-0.0975,7244.26,1,34.1797,101.21,step
2026-08-31T18:37:42.229346+00:00,46.94,-0.0179,0.15,0.0,0.242,-0.0969,7157.11,1,33.8652,101.232,step
2026-08-31T18:37:42.230589+00:00,46.918,-0.0196,0.15,0.0,0.2467,-0.0962,7342.91,1,33.5517,101.254,step
2026-08-31T18:37:42.231788+00:00,47.043,-0.0212,0.0,0.15,0.2512,-0.0956,7356.07,1,33.2373,101.276,step
2026-08-31T18:37:42.233077+00:00,46.601,-0.0228,0.15,0.0,0.2558,-0.0949,7118.79,1,32.9224,101.298,step
2026-08-31T18:37:42.234477+00:00,46.581,-0.0244,0.15,0.0,0.2602,-0.0942,7283.71,1,32.6077,101.32,step
2026-08-31T18:37:42.235689+00:00,46.704,-0.0258,0.15,0.0,0.2646,-0.0935,7301.97,1,32.2921,101.342,step
2026-08-31T18:37:42.236933+00:00,46.826,-0.0273,0.15,0.0,0.2691,-0.0928,7320.68,1,31.9744,101.364,step
2026-08-31T18:37:42.238187+00:00,46.948,-0.0287,0.15,0.0,0.2734,-0.092,7339.76,1,31.6546,101.386,step
2026-08-31T18:37:42.239460+00:00,47.07,-0.03,0.0,0.15,0.2777,-0.0911,7359.11,1,31.3323,101.408,step
2026-08-31T18:37:42.240690+00:00,46.629,-0.0312,0.15,0.0,0.282,-0.0902,7118.02,1,31.0074,101.43,step
2026-08-31T18:37:42.242036+00:00,46.603,-0.0323,0.15,0.0,0.2862,-0.0892,7291.84,1,30.6822,101.452,step
2026-08-31T18:37:42.243378+00:00,46.726,-0.0334,0.15,0.0,0.2903,-0.0882,7308.43,1,30.3569,101.474,step
2026-08-31T18:37:42.244602+00:00,46.849,-0.0344,0.15,0.0,0.2944,-0.0872,7326.11,1,30.0305,101.496,step
2026-08-31T18:37:42.245817+00:00,46.971,-0.0354,0.15,0.0,0.2984,-0.0862,7344.01,1,29.7029,101.518,step
2026-08-31T18:37:42.247012+00:00,47.092,-0.0363,0.0,0.15,0.3024,-0.0851,7362.22,1,29.3741,101.54,step
2026-08-31T18:37:42.248305+00:00,46.65,-0.0372,0.15,0.0,0.3064,-0.084,7122.75,1,29.0435,101.562,step
2026-08-31T18:37:42.249584+00:00,46.623,-0.0379,0.15,0.0,0.3102,-0.0828,7293.95,1,28.7134,101.584,step
2026-08-31T18:37:42.250987+00:00,46.745,-0.0386,0.15,0.0,0.314,-0.0816,7310.96,1,28.3833,101.606,step
2026-08-31T18:37:42.252244+00:00,46.867,-0.0393,0.15,0.0,0.3178,-0.0804,7328.89,1,28.0525,101.628,step
2026-08-31T18:37:42.253528+00:00,46.989,-0.04,0.15,0.0,0.3215,-0.0792,7346.85,1,27.7212,101.65,step
2026-08-31T18:37:42.254771+00:00,47.11,-0.0406,0.0,0.15,0.3251,-0.078,7365.19,1,27.3892,101.672,step
2026-08-31T18:37:42.256043+00:00,46.664,-0.0411,0.0,0.15,0.3287,-0.0767,7124.87,1,27.0553,101.694,step
2026-08-31T18:37:42.257382+00:00,46.088,-0.0414,0.0,0.15,0.3322,-0.0753,7031.67,1,26.7214,101.716,step
2026-08-31T18:37:42.258861+00:00,45.515,-0.0416,0.0,0.15,0.3355,-0.0739,6942.57,1,26.39,101.738,step
2026-08-31T18:37:42.260200+00:00,44.946,-0.0348,0.0,0.15,0.3387,-0.0654,6856.55,1,26.0618,101.76,step
2026-08-31T18:37:42.261547+00:00,44.381,-0.0261,0.0,0.15,0.3413,-0.0555,6772.45,1,25.7421,101.782,step
2026-08-31T18:37:42.262874+00:00,43.819,-0.0176,0.0,0.15,0.3435,-0.0458,6689.15,1,25.4359,101.804,step
2026-08-31T18:37:42.264208+00:00,43.261,-0.0093,0.0,0.15,0.3453,-0.0366,6605.76,1,25.1436,101.826,step
2026-08-31T18:37:42.265520+00:00,42.705,-0.0012,0.0,0.15,0.3467,-0.0278,6522.34,1,24.8652,101.848,step
2026-08-31T18:37:42.266881+00:00,42.152,0.0067,0.0,0.15,0.3478,-0.0194,6439.44,1,24.5997,101.87,step
2026-08-31T18:37:42.268589+00:00,41.602,0.0144,0.0,0.15,0.3485,-0.0113,6357.32,1,24.3462,101.892,step
2026-08-31T18:37:42.269924+00:00,41.054,0.0219,0.15,0.0,0.349,-0.0036,6275.21,1,24.1043,101.914,step
2026-08-31T18:37:42.271290+00:00,41.065,0.0293,0.0,0.15,0.3491,0.0038,6425.17,1,23.8713,101.936,step
2026-08-31T18:37:42.272620+00:00,40.632,0.0365,0.0,0.15,0.349,0.011,6215.99,1,23.6461,101.958,step
2026-08-31T18:37:42.273954+00:00,40.087,0.0435,0.0,0.15,0.3486,0.0178,6132.52,1,23.432,101.98,step
2026-08-31T18:37:42.275513+00:00,39.545,0.0503,0.15,0.0,0.348,0.0244,6048.0,1,23.2275,102.002,step
2026-08-31T18:37:42.276847+00:00,39.565,0.0571,0.0,0.15,0.3472,0.0307,6191.05,1,23.0279,102.024,step
2026-08-31T18:37:42.278199+00:00,39.138,0.0638,0.0,0.15,0.3461,0.0368,5988.34,1,22.8344,102.046,step
2026-08-31T18:37:42.279565+00:00,38.6,0.0702,0.15,0.0,0.3449,0.0427,5904.83,1,22.6511,102.068,step
2026-08-31T18:37:42.280899+00:00,38.623,0.0765,0.0,0.15,0.3435,0.0483,6043.91,1,22.4723,102.09,step
2026-08-31T18:37:42.282330+00:00,38.194,0.0828,0.0,0.15,0.342,0.0538,5845.11,1,22.2989,102.112,step
2026-08-31T18:37:42.283855+00:00,37.659,0.0888,0.15,0.0,0.3402,0.0589,5762.37,1,22.1354,102.134,step
2026-08-31T18:37:42.285282+00:00,37.69,0.0947,0.0,0.15,0.3383,0.0639,5897.63,1,21.9747,102.156,step
2026-08-31T18:37:42.286626+00:00,37.261,0.1006,0.0,0.15,0.3363,0.0687,5703.72,1,21.8192,102.178,step
2026-08-31T18:37:42.287971+00:00,36.73,0.1061,0.15,0.0,0.3341,0.0732,5621.71,1,21.6731,102.2,step
2026-08-31T18:37:42.289286+00:00,36.767,0.1117,0.0,0.15,0.3319,0.0776,5753.01,1,21.5286,102.222,step
2026-08-31T18:37:42.290689+00:00,36.339,0.1172,0.15,0.0,0.3295,0.0819,5563.66,1,21.3884,102.244,step
2026-08-31T18:37:42.292201+00:00,36.378,0.1226,0.0,0.15,0.3269,0.086,5690.99,1,21.2518,102.266,step
2026-08-31T18:37:42.293562+00:00,35.951,0.1278,0.15,0.0,0.3243,0.09,5505.07,1,21.1199,102.288,step
2026-08-31T18:37:42.294875+00:00,35.991,0.133,0.0,0.15,0.3216,0.0938,5630.35,1,20.9914,102.31,step
2026-08-31T18:37:42.296239+00:00,35.567,0.138,0.15,0.0,0.3188,0.0974,5442.17,1,20.8673,102.332,step
2026-08-31T18:37:42.297504+00:00,35.606,0.143,0.0,0.15,0.3159,0.1009,5573.31,1,20.747,102.354,step
2026-08-31T18:37:42.298845+00:00,35.182,0.1478,0.15,0.0,0.3129,0.1042,5386.75,1,20.6307,102.376,step
2026-08-31T18:37:42.300171+00:00,35.225,0.1525,0.0,0.15,0.3099,0.1075,5512.01,1,20.5178,102.398,step
2026-08-31T18:37:42.301635+00:00,34.798,0.1572,0.15,0.0,0.3067,0.1105,5329.59,1,20.4086,102.42,step
2026-08-31T18:37:42.302954+00:00,34.844,0.1617,0.0,0.15,0.3035,0.1135,5451.62,1,20.3021,102.442,step
2026-08-31T18:37:42.304289+00:00,34.416,0.1661,0.15,0.0,0.3003,0.1163,5271.72,1,20.1993,102.464,step
2026-08-31T18:37:42.305646+00:00,34.464,0.1705,0.0,0.15,0.297,0.119,5392.29,1,20.0989,102.486,step
2026-08-31T18:37:42.307001+00:00,34.036,0.1747,0.15,0.0,0.2936,0.1215,5235.99,1,20.0021,102.508,step
2026-08-31T18:37:42.308315+00:00,34.085,0.1789,0.0,0.15,0.2902,0.124,5333.54,1,19.9079,102.53,step
2026-08-31T18:37:42.310035+00:00,33.659,0.1829,0.15,0.0,0.2867,0.1263,5235.99,1,19.8171,102.552,step
2026-08-31T18:37:42.311400+00:00,33.708,0.1869,0.0,0.15,0.2833,0.1285,5274.48,1,19.7285,102.574,step
2026-08-31T18:37:42.312764+00:00,33.28,0.1907,0.15,0.0,0.2797,0.1306,5235.99,1,19.6431,102.596,step
2026-08-31T18:37:42.314103+00:00,33.331,0.1945,0.15,0.0,0.2762,0.1326,5235.99,1,19.5597,102.618,step
2026-08-31T18:37:42.315423+00:00,33.438,0.1984,0.0,0.15,0.2726,0.1347,5235.99,1,19.4733,102.64,step
2026-08-31T18:37:42.317004+00:00,33.008,0.2021,0.15,0.0,0.269,0.1366,5235.99,1,19.3943,102.662,step
2026-08-31T18:37:42.318366+00:00,33.061,0.2057,0.0,0.15,0.2653,0.1383,5235.99,1,19.3172,102.684,step
2026-08-31T18:37:42.319695+00:00,32.63,0.2091,0.15,0.0,0.2616,0.1399,5235.99,1,19.2437,102.706,step
2026-08-31T18:37:42.321026+00:00,32.685,0.2125,0.15,0.0,0.258,0.1414,5235.99,1,19.1721,102.728,step
2026-08-31T18:37:42.322354+00:00,32.792,0.216,0.0,0.15,0.2542,0.1431,5235.99,1,19.0961,102.75,step
2026-08-31T18:37:42.323706+00:00,32.36,0.2192,0.8,0.0,0.2505,0.1445,5235.99,1,19.0281,102.772,step
2026-08-31T18:37:42.325009+00:00,32.854,0.2222,0.0,0.15,0.2467,0.1455,5781.04,1,18.9678,102.794,step
2026-08-31T18:37:42.326538+00:00,32.691,0.2252,0.0,0.15,0.2428,0.1466,5235.99,1,18.9065,102.816,step
2026-08-31T18:37:42.327842+00:00,32.169,0.228,0.0,0.15,0.239,0.1475,5235.99,1,18.8487,102.838,step
2026-08-31T18:37:42.329142+00:00,31.649,0.2307,0.8,0.0,0.2352,0.1483,5235.99,1,18.7952,102.86,step
2026-08-31T18:37:42.330419+00:00,32.111,0.2332,0.0,0.15,0.2315,0.149,5722.43,1,18.7452,102.882,step
2026-08-31T18:37:42.331703+00:00,31.969,0.2359,0.0,0.15,0.2276,0.1497,5235.99,1,18.693,102.904,step
2026-08-31T18:37:42.333225+00:00,31.449,0.2384,0.8,0.0,0.2238,0.1503,5235.99,1,18.6433,102.926,step
2026-08-31T18:37:42.334529+00:00,31.935,0.2408,0.0,0.15,0.22,0.1508,5614.04,1,18.5965,102.948,step
2026-08-31T18:37:42.335822+00:00,31.762,0.2432,0.0,0.15,0.2162,0.1513,5235.99,1,18.548,102.97,step
2026-08-31T18:37:42.337101+00:00,31.239,0.2456,0.8,0.0,0.2124,0.1518,5235.99,1,18.5023,102.992,step
2026-08-31T18:37:42.338380+00:00,31.726,0.2478,0.0,0.15,0.2087,0.1521,5570.8,1,18.4603,103.014,step
2026-08-31T18:37:42.339633+00:00,31.548,0.2501,0.0,0.15,0.2048,0.1525,5235.99,1,18.4162,103.036,step
2026-08-31T18:37:42.340951+00:00,31.026,0.2522,0.8,0.0,0.2011,0.1528,5235.99,1,18.3751,103.058,step
2026-08-31T18:37:42.342414+00:00,31.509,0.2543,0.0,0.15,0.1973,0.1529,5539.07,1,18.3371,103.08,step
2026-08-31T18:37:42.343708+00:00,31.331,0.2564,0.0,0.15,0.1935,0.1532,5235.99,1,18.297,103.102,step
2026-08-31T18:37:42.344974+00:00,30.809,0.2584,0.8,0.0,0.1898,0.1533,5235.99,1,18.26,103.124,step
2026-08-31T18:37:42.346268+00:00,31.293,0.2602,0.0,0.15,0.1861,0.1533,5496.25,1,18.2262,103.146,step
2026-08-31T18:37:42.347567+00:00,31.111,0.2622,0.0,0.15,0.1824,0.1534,5235.99,1,18.1901,103.168,step
2026-08-31T18:37:42.348965+00:00,30.588,0.264,0.8,0.0,0.1787,0.1534,5235.99,1,18.1569,103.19,step
2026-08-31T18:37:42.350420+00:00,31.073,0.2657,0.0,0.15,0.1751,0.1532,5452.65,1,18.1268,103.212,step
2026-08-31T18:37:42.351851+00:00,30.887,0.2675,0.8,0.0,0.1714,0.1532,5235.99,1,18.0946,103.234,step
2026-08-31T18:37:42.353181+00:00,31.391,0.2692,0.0,0.15,0.1677,0.153,5451.89,1,18.0645,103.256,step
2026-08-31T18:37:42.354566+00:00,31.186,0.2709,0.0,0.15,0.164,0.1529,5235.99,1,18.0327,103.278,step
2026-08-31T18:37:42.355843+00:00,30.661,0.2725,0.8,0.0,0.1604,0.1527,5235.99,1,18.0044,103.3,step
2026-08-31T18:37:42.357130+00:00,31.145,0.274,0.0,0.15,0.1568,0.1524,5472.07,1,17.981,103.322,step
2026-08-31T18:37:42.358688+00:00,30.962,0.2755,0.0,0.15,0.1532,0.1521,5235.99,1,17.9569,103.344,step
2026-08-31T18:37:42.359987+00:00,30.438,0.2769,0.8,0.0,0.1496,0.1518,5235.99,1,17.9376,103.366,step
2026-08-31T18:37:42.361288+00:00,30.921,0.2782,0.0,0.15,0.1461,0.1513,5436.65,1,17.9233,103.388,step
2026-08-31T18:37:42.362634+00:00,30.737,0.2796,0.0,0.15,0.1426,0.1509,5235.99,1,17.9083,103.41,step
2026-08-31T18:37:42.363986+00:00,30.214,0.2809,0.8,0.0,0.1391,0.1505,5235.99,1,17.8978,103.432,step
2026-08-31T18:37:42.365327+00:00,30.702,0.2821,0.0,0.15,0.1357,0.1499,5380.04,1,17.8926,103.454,step
2026-08-31T18:37:42.366613+00:00,30.509,0.2834,0.8,0.0,0.1322,0.1495,5235.99,1,17.8866,103.476,step
2026-08-31T18:37:42.368171+00:00,31.015,0.2846,0.0,0.15,0.1288,0.149,5376.51,1,17.8855,103.498,step
2026-08-31T18:37:42.369480+00:00,30.803,0.2858,0.0,0.15,0.1254,0.1485,5235.99,1,17.8849,103.52,step
2026-08-31T18:37:42.370797+00:00,30.278,0.2869,0.8,0.0,0.122,0.1479,5235.99,1,17.89,103.542,step
2026-08-31T18:37:42.372077+00:00,30.761,0.2879,0.0,0.15,0.1187,0.1472,5404.46,1,17.9019,103.564,step
2026-08-31T18:37:42.373318+00:00,30.575,0.289,0.8,0.0,0.1153,0.1466,5235.99,1,17.9134,103.586,step
2026-08-31T18:37:42.374579+00:00,31.075,0.29,0.0,0.15,0.112,0.1459,5407.69,1,17.9305,103.608,step
2026-08-31T18:37:42.375957+00:00,30.871,0.291,0.0,0.15,0.1086,0.1453,5235.99,1,17.9487,103.63,step
2026-08-31T18:37:42.377235+00:00,30.346,0.2919,0.8,0.0,0.1054,0.1446,5235.99,1,17.9728,103.652,step
2026-08-31T18:37:42.378544+00:00,30.83,0.2927,0.8,0.0,0.1021,0.1438,5419.83,1,18.0042,103.674,step
2026-08-31T18:37:42.379886+00:00,31.593,0.2934,0.0,0.15,0.0989,0.1428,5639.7,1,18.0455,103.696,step
2026-08-31T18:37:42.381252+00:00,31.454,0.2943,0.0,0.15,0.0955,0.142,5235.99,1,18.0827,103.718,step
2026-08-31T18:37:42.382604+00:00,30.928,0.2951,0.8,0.0,0.0923,0.1413,5235.99,1,18.1233,103.74,step
2026-08-31T18:37:42.384142+00:00,31.417,0.2958,0.0,0.15,0.0892,0.1404,5522.5,1,18.1742,103.762,step
2026-08-31T18:37:42.385482+00:00,31.237,0.2965,0.8,0.0,0.086,0.1395,5235.99,1,18.2262,103.784,step
2026-08-31T18:37:42.386840+00:00,31.734,0.2972,0.0,0.15,0.0829,0.1386,5559.42,1,18.2872,103.806,step
2026-08-31T18:37:42.388210+00:00,31.55,0.2979,0.15,0.0,0.0797,0.1378,5235.99,1,18.3498,103.828,step
2026-08-31T18:37:42.389625+00:00,31.612,0.2989,0.15,0.0,0.0766,0.1372,5235.99,1,18.4077,103.85,step
2026-08-31T18:37:42.390933+00:00,31.712,0.3001,0.15,0.0,0.0736,0.1369,5235.99,1,18.4616,103.872,step
2026-08-31T18:37:42.392289+00:00,31.812,0.3012,0.15,0.0,0.0706,0.1365,5235.99,1,18.5203,103.894,step
2026-08-31T18:37:42.393653+00:00,31.911,0.3024,0.15,0.0,0.0676,0.1362,5235.99,1,18.5849,103.916,step
2026-08-31T18:37:42.394941+00:00,32.011,0.3035,0.15,0.0,0.0646,0.1358,5235.99,1,18.6551,103.938,step
2026-08-31T18:37:42.396283+00:00,32.11,0.3046,0.15,0.0,0.0616,0.1354,5235.99,1,18.7325,103.96,step
2026-08-31T18:37:42.397620+00:00,32.209,0.3057,0.15,0.0,0.0586,0.135,5235.99,1,18.8169,103.982,step
2026-08-31T18:37:42.398984+00:00,32.307,0.3067,0.15,0.0,0.0556,0.1345,5235.99,1,18.9086,104.004,step
2026-08-31T18:37:42.400501+00:00,32.406,0.3077,0.15,0.0,0.0526,0.134,5235.99,1,19.008,104.026,step
2026-08-31T18:37:42.401795+00:00,32.505,0.3087,0.15,0.0,0.0497,0.1335,5235.99,1,19.115,104.048,step
2026-08-31T18:37:42.403073+00:00,32.602,0.3097,0.15,0.0,0.0467,0.133,5235.99,1,19.2302,104.07,step
2026-08-31T18:37:42.404348+00:00,32.699,0.3106,0.15,0.0,0.0438,0.1325,5235.99,1,19.3547,104.092,step
2026-08-31T18:37:42.405576+00:00,32.797,0.3115,0.15,0.0,0.0408,0.1319,5235.99,1,19.4892,104.114,step
2026-08-31T18:37:42.406852+00:00,32.895,0.3123,0.15,0.0,0.0379,0.1313,5235.99,1,19.6337,104.136,step
2026-08-31T18:37:42.408194+00:00,32.993,0.3131,0.15,0.0,0.035,0.1307,5235.99,1,19.7889,104.158,step
2026-08-31T18:37:42.409791+00:00,33.091,0.3139,0.15,0.0,0.0322,0.13,5235.99,1,19.9554,104.18,step
2026-08-31T18:37:42.411079+00:00,33.189,0.3147,0.15,0.0,0.0293,0.1293,5235.99,1,20.134,104.202,step
2026-08-31T18:37:42.412384+00:00,33.287,0.3154,0.15,0.0,0.0264,0.1286,5235.99,1,20.3257,104.224,step
2026-08-31T18:37:42.413712+00:00,33.385,0.3161,0.15,0.0,0.0236,0.1279,5235.99,1,20.5303,104.246,step
2026-08-31T18:37:42.414986+00:00,33.482,0.3168,0.15,0.0,0.0208,0.1272,5245.8,1,20.7494,104.268,step
2026-08-31T18:37:42.416430+00:00,33.579,0.3175,0.15,0.0,0.018,0.1264,5261.97,1,20.985,104.29,step
2026-08-31T18:37:42.417769+00:00,33.676,0.318,0.15,0.0,0.0152,0.1257,5278.68,1,21.2382,104.312,step
2026-08-31T18:37:42.419123+00:00,33.774,0.3186,0.15,0.0,0.0125,0.1248,5294.38,1,21.5096,104.334,step
2026-08-31T18:37:42.420430+00:00,33.871,0.3191,0.15,0.0,0.0097,0.124,5309.94,1,21.8002,104.356,step
2026-08-31T18:37:42.421766+00:00,33.969,0.3196,0.15,0.0,0.007,0.1232,5325.8,1,22.1105,104.378,step
2026-08-31T18:37:42.423111+00:00,34.067,0.3201,0.15,0.0,0.0043,0.1223,5341.09,1,22.4423,104.4,step
2026-08-31T18:37:42.424487+00:00,34.165,0.3206,0.15,0.0,0.0017,0.1214,5357.0,1,22.7973,104.422,step
2026-08-31T18:37:42.426038+00:00,34.263,0.3211,0.15,0.0,-0.001,0.1206,5372.92,1,23.1777,104.444,step
2026-08-31T18:37:42.427297+00:00,34.361,0.3215,0.15,0.0,-0.0036,0.1197,5388.59,1,23.5858,104.466,step
2026-08-31T18:37:42.428588+00:00,34.459,0.3219,0.15,0.0,-0.0062,0.1188,5404.5,1,24.0237,104.488,step
2026-08-31T18:37:42.429900+00:00,34.557,0.3222,0.15,0.0,-0.0088,0.1178,5420.24,1,24.495,104.51,step
2026-08-31T18:37:42.431257+00:00,34.655,0.3226,0.15,0.0,-0.0113,0.1169,5436.26,1,25.0024,104.532,step
2026-08-31T18:37:42.432557+00:00,34.753,0.3229,0.15,0.0,-0.0139,0.1159,5451.8,1,25.5499,104.554,step
2026-08-31T18:37:42.434193+00:00,34.851,0.3231,0.15,0.0,-0.0163,0.115,5467.65,1,26.1409,104.576,step
2026-08-31T18:37:42.435523+00:00,34.952,0.3234,0.15,0.0,-0.0188,0.114,5476.91,1,26.778,104.598,step
2026-08-31T18:37:42.436824+00:00,35.049,0.3237,0.15,0.0,-0.0212,0.113,5493.86,1,27.4619,104.62,step
2026-08-31T18:37:42.438157+00:00,35.146,0.3239,0.15,0.0,-0.0236,0.1121,5510.08,1,28.2032,104.642,step
2026-08-31T18:37:42.439501+00:00,35.243,0.3241,0.15,0.0,-0.026,0.1111,5527.71,1,29.0103,104.664,step
2026-08-31T18:37:42.440802+00:00,35.341,0.3243,0.15,0.0,-0.0284,0.1101,5544.1,1,29.8901,104.686,step
2026-08-31T18:37:42.442373+00:00,35.44,0.3244,0.15,0.0,-0.0307,0.1091,5560.0,1,30.8508,104.708,step
2026-08-31T18:37:42.443667+00:00,35.539,0.3245,0.15,0.0,-0.033,0.108,5575.97,1,31.901,104.73,step
2026-08-31T18:37:42.444969+00:00,35.638,0.3246,0.15,0.0,-0.0353,0.107,5591.85,1,33.0546,104.752,step
2026-08-31T18:37:42.446292+00:00,35.738,0.3246,0.15,0.0,-0.0375,0.1059,5607.38,1,34.3237,104.774,step
2026-08-31T18:37:42.447627+00:00,35.838,0.3247,0.15,0.0,-0.0397,0.1048,5622.71,1,35.7237,104.796,step
2026-08-31T18:37:42.448950+00:00,35.938,0.3247,0.15,0.0,-0.0419,0.1037,5638.45,1,37.2745,104.818,step
2026-08-31T18:37:42.450424+00:00,36.038,0.3247,0.15,0.0,-0.044,0.1027,5654.08,1,39.0001,104.84,step
2026-08-31T18:37:42.451934+00:00,36.138,0.3246,0.15,0.0,-0.0461,0.1016,5670.11,1,40.9299,104.862,step
2026-08-31T18:37:42.453275+00:00,36.239,0.3246,0.15,0.0,-0.0482,0.1005,5685.22,1,43.0973,104.884,step
2026-08-31T18:37:42.454648+00:00,36.34,0.1245,0.8,0.0,-0.0503,0.0994,5701.2,1,45.5453,104.906,step
2026-08-31T18:37:42.456040+00:00,36.956,0.1264,0.8,0.0,-0.0525,0.1001,6581.33,1,47.616,104.928,step
2026-08-31T18:37:42.457374+00:00,37.789,0.131,0.8,0.0,-0.0553,0.1034,7169.58,1,48.848,104.95,step
2026-08-31T18:37:42.458910+00:00,38.698,0.1362,0.8,0.0,-0.0585,0.107,7804.94,1,50.0537,104.972,step
2026-08-31T18:37:42.460243+00:00,39.669,0.1405,0.8,0.0,-0.0619,0.1096,8559.74,1,51.4685,104.994,step
2026-08-31T18:37:42.461489+00:00,40.68,0.1384,0.8,0.0,-0.0655,0.1056,9545.37,1,53.1823,105.016,step
2026-08-31T18:37:42.462730+00:00,41.71,0.1359,0.8,0.0,-0.069,0.1014,10630.2,1,55.2066,105.038,step
2026-08-31T18:37:42.463941+00:00,42.742,0.1331,0.8,0.0,-0.0725,0.0968,11691.4,1,57.5659,105.06,step
2026-08-31T18:37:42.465209+00:00,43.761,0.13,0.8,0.0,-0.076,0.092,12758.3,1,60.3301,105.082,step
2026-08-31T18:37:42.466520+00:00,44.775,0.1267,0.8,0.0,-0.0795,0.087,13849.0,1,63.5916,105.104,step
2026-08-31T18:37:42.467774+00:00,45.8,0.1231,0.8,0.0,-0.0829,0.0816,14944.5,1,67.4876,105.126,step
2026-08-31T18:37:42.469042+00:00,46.822,0.1191,0.8,0.0,-0.0863,0.076,16075.4,1,71.5845,105.148,step
2026-08-31T18:37:42.470304+00:00,47.85,0.1148,0.8,0.0,-0.0896,0.07,17219.3,1,74.8765,105.17,step
2026-08-31T18:37:42.471544+00:00,48.891,0.1101,0.8,0.0,-0.0928,0.0637,18319.2,1,77.7816,105.192,step
2026-08-31T18:37:42.472795+00:00,49.948,0.1051,0.8,0.0,-0.0959,0.0571,19330.6,1,80.4761,105.214,step
2026-08-31T18:37:42.474035+00:00,51.013,0.0996,0.8,0.0,-0.0989,0.0501,19528.6,2,83.0492,105.236,step
2026-08-31T18:37:42.475475+00:00,52.063,0.0936,0.8,0.0,-0.1018,0.0427,14517.1,2,85.5461,105.258,step
2026-08-31T18:37:42.476886+00:00,53.068,0.0873,0.8,0.0,-0.1046,0.035,14493.2,2,87.9759,105.28,step
2026-08-31T18:37:42.478175+00:00,54.031,0.0806,0.8,0.0,-0.1071,0.0271,9002.46,2,90.3133,105.302,step
2026-08-31T18:37:42.479466+00:00,54.965,0.0739,0.8,0.0,-0.1094,0.0192,9246.55,2,92.5118,105.324,step
2026-08-31T18:37:42.480745+00:00,55.892,0.067,0.8,0.0,-0.1115,0.0113,9561.1,2,94.7437,105.346,step
2026-08-31T18:37:42.482008+00:00,56.817,0.06,0.8,0.0,-0.1132,0.0034,9885.33,2,97.1321,105.368,step
2026-08-31T18:37:42.483300+00:00,57.745,0.0527,0.8,0.0,-0.1146,-0.0047,10198.9,2,99.7036,105.39,step
2026-08-31T18:37:42.484873+00:00,58.677,0.0451,0.8,0.0,-0.1158,-0.0128,10499.8,2,102.482,105.412,step
2026-08-31T18:37:42.486205+00:00,59.613,0.0373,0.8,0.0,-0.1166,-0.021,10788.1,2,105.489,105.434,step
2026-08-31T18:37:42.487520+00:00,60.554,0.0293,0.8,0.0,-0.1171,-0.0292,11063.9,2,108.738,105.456,step
2026-08-31T18:37:42.488840+00:00,61.496,0.0211,0.8,0.0,-0.1173,-0.0375,11330.5,2,112.247,105.478,step
2026-08-31T18:37:42.490162+00:00,62.439,0.0126,0.8,0.0,-0.1171,-0.0459,11589.6,2,116.067,105.5,step
2026-08-31T18:37:42.491533+00:00,63.383,0.0039,0.8,0.0,-0.1165,-0.0544,11840.2,2,120.189,105.522,step
2026-08-31T18:37:42.493057+00:00,64.328,-0.0051,0.8,0.0,-0.1156,-0.0629,12080.9,2,124.451,105.544,step
2026-08-31T18:37:42.494382+00:00,65.276,-0.0144,0.8,0.0,-0.1143,-0.0716,12311.5,2,128.836,105.566,step
2026-08-31T18:37:42.495723+00:00,66.227,-0.024,0.8,0.0,-0.1126,-0.0803,12531.2,2,133.333,105.588,step
2026-08-31T18:37:42.497002+00:00,67.165,-0.0338,0.8,0.0,-0.1105,-0.0891,12771.4,2,137.914,105.61,step
2026-08-31T18:37:42.498288+00:00,68.058,-0.0439,0.8,0.0,-0.108,-0.0979,13091.4,2,142.551,105.632,step
2026-08-31T18:37:42.499554+00:00,68.972,-0.0541,0.8,0.0,-0.1051,-0.1067,13374.3,2,62.5005,105.654,step
2026-08-31T18:37:42.500981+00:00,69.901,-0.0646,0.8,0.0,-0.1017,-0.1155,13630.5,2,57.3676,105.676,step
2026-08-31T18:37:42.502189+00:00,70.845,-0.0753,0.8,0.0,-0.0979,-0.1242,13861.1,2,53.1621,105.698,step
2026-08-31T18:37:42.503375+00:00,71.801,-0.0861,0.8,0.0,-0.0936,-0.1329,14070.6,2,49.5225,105.72,step
2026-08-31T18:37:42.504602+00:00,72.765,-0.097,0.0,0.15,-0.0888,-0.1414,14267.1,2,46.3521,105.742,step
2026-08-31T18:37:42.505805+00:00,73.509,-0.3078,0.0,0.15,-0.0836,-0.1496,11594.7,2,43.6097,105.764,step
2026-08-31T18:37:42.506993+00:00,73.993,-0.3157,0.0,0.15,-0.0779,-0.1546,9387.33,2,41.993,105.786,step
2026-08-31T18:37:42.508218+00:00,73.823,-0.3148,0.0,0.15,-0.0719,-0.1508,8381.83,2,42.8168,105.808,step
2026-08-31T18:37:42.509663+00:00,73.224,-0.1069,0.0,0.15,-0.0656,-0.1397,8265.34,2,45.9042,105.83,step
2026-08-31T18:37:42.510895+00:00,72.674,-0.0987,0.8,0.0,-0.0588,-0.1282,8219.79,2,49.7065,105.852,step
2026-08-31T18:37:42.512176+00:00,72.956,-0.0952,0.8,0.0,-0.0515,-0.121,9322.47,2,52.2834,105.874,step
2026-08-31T18:37:42.513452+00:00,73.775,-0.0936,0.8,0.0,-0.0439,-0.1156,9854.45,2,54.3031,105.896,step
2026-08-31T18:37:42.514815+00:00,74.724,-0.0924,0.8,0.0,-0.0361,-0.1105,10146.4,2,56.4948,105.918,step
2026-08-31T18:37:42.516097+00:00,75.755,-0.091,0.8,0.0,-0.0283,-0.1052,10283.6,2,60.7806,105.94,step
2026-08-31T18:37:42.517482+00:00,76.823,-0.0895,0.8,0.0,-0.0205,-0.0997,10348.8,2,136.402,105.962,step
2026-08-31T18:37:42.518793+00:00,77.887,-0.0878,0.8,0.0,-0.0127,-0.0942,10411.5,2,132.797,105.984,step
2026-08-31T18:37:42.520069+00:00,78.919,-0.0859,0.8,0.0,-0.005,-0.0884,10519.0,2,129.151,106.006,step
2026-08-31T18:37:42.521373+00:00,79.914,-0.0836,0.8,0.0,0.0025,-0.0824,10683.3,2,125.4,106.028,step
2026-08-31T18:37:42.522651+00:00,80.888,-0.0808,0.8,0.0,0.0097,-0.076,10877.7,3,121.501,106.05,step
2026-08-31T18:37:42.523964+00:00,81.645,-0.0778,0.15,0.0,0.0166,-0.0695,8603.91,3,117.652,106.072,step
2026-08-31T18:37:42.525372+00:00,81.586,-0.0759,0.15,0.0,0.0229,-0.0645,8614.07,3,114.566,106.094,step
2026-08-31T18:37:42.526712+00:00,81.525,-0.0742,0.15,0.0,0.0286,-0.0599,7461.79,3,111.786,106.116,step
2026-08-31T18:37:42.527997+00:00,81.497,-0.0725,0.15,0.0,0.0338,-0.0556,7477.69,3,109.171,106.138,step
2026-08-31T18:37:42.529297+00:00,81.511,-0.0708,0.15,0.0,0.0385,-0.0516,7478.63,3,106.732,106.16,step
2026-08-31T18:37:42.530631+00:00,81.526,-0.0691,0.15,0.0,0.0428,-0.0477,7479.56,3,104.399,106.182,step
2026-08-31T18:37:42.531962+00:00,81.542,-0.0674,0.15,0.0,0.0467,-0.044,7480.66,3,102.163,106.204,step
2026-08-31T18:37:42.533284+00:00,81.557,-0.0656,0.15,0.0,0.0502,-0.0404,7481.93,3,100.038,106.226,step
2026-08-31T18:37:42.534940+00:00,81.573,-0.0637,0.15,0.0,0.0535,-0.0369,7483.08,3,98.005,106.248,step
2026-08-31T18:37:42.536273+00:00,81.588,-0.0617,0.15,0.0,0.0564,-0.0335,7484.36,3,96.0735,106.27,step
2026-08-31T18:37:42.537609+00:00,81.604,-0.0598,0.15,0.0,0.0591,-0.0302,7485.78,3,94.2451,106.292,step
2026-08-31T18:37:42.538952+00:00,81.619,-0.0578,0.15,0.0,0.0614,-0.0271,7487.27,3,92.5126,106.314,step
2026-08-31T18:37:42.540288+00:00,81.635,-0.0559,0.15,0.0,0.0636,-0.0241,7488.9,3,90.8652,106.336,step
2026-08-31T18:37:42.541600+00:00,81.651,-0.0539,0.15,0.0,0.0654,-0.0212,7488.68,3,89.3033,106.358,step
2026-08-31T18:37:42.543171+00:00,81.665,-0.052,0.15,0.0,0.0671,-0.0185,7490.31,3,87.8186,106.38,step
2026-08-31T18:37:42.544439+00:00,81.68,-0.05,0.15,0.0,0.0685,-0.0158,7492.57,3,86.3903,106.402,step
2026-08-31T18:37:42.545702+00:00,81.695,-0.048,0.15,0.0,0.0697,-0.0132,7494.54,3,85.0081,106.424,step
2026-08-31T18:37:42.546954+00:00,81.71,-0.046,0.15,0.0,0.0707,-0.0107,7496.31,3,83.673,106.446,step
2026-08-31T18:37:42.548201+00:00,81.725,-0.044,0.15,0.0,0.0715,-0.0082,7497.81,3,82.3873,106.468,step
2026-08-31T18:37:42.549477+00:00,81.74,-0.0419,0.15,0.0,0.0721,-0.0059,7499.29,3,81.1519,106.49,step
2026-08-31T18:37:42.550834+00:00,81.755,-0.0399,0.15,0.0,0.0725,-0.0036,7500.69,3,79.9664,106.512,step
2026-08-31T18:37:42.552098+00:00,81.77,-0.0379,0.15,0.0,0.0727,-0.0015,7502.03,3,78.8283,106.534,step
2026-08-31T18:37:42.553396+00:00,81.785,-0.0359,0.15,0.0,0.0728,0.0005,7503.47,3,77.7352,106.556,step
2026-08-31T18:37:42.554686+00:00,81.8,-0.0338,0.15,0.0,0.0727,0.0025,7504.58,3,76.6687,106.578,step
2026-08-31T18:37:42.555980+00:00,81.814,-0.0318,0.15,0.0,0.0724,0.0044,7505.73,3,75.6391,106.6,step
2026-08-31T18:37:42.557312+00:00,81.827,-0.0298,0.15,0.0,0.072,0.0062,7507.02,3,74.6543,106.622,step
2026-08-31T18:37:42.558778+00:00,81.841,-0.0279,0.15,0.0,0.0715,0.0078,7508.36,3,73.7124,106.644,step
2026-08-31T18:37:42.560297+00:00,81.854,-0.0261,0.15,0.0,0.0708,0.0093,7509.9,3,72.8113,106.666,step
2026-08-31T18:37:42.561581+00:00,81.869,-0.0243,0.15,0.0,0.07,0.0107,7508.62,3,71.9492,106.688,step
2026-08-31T18:37:42.562868+00:00,81.882,-0.0226,0.15,0.0,0.0691,0.012,7509.29,3,71.1314,106.71,step
2026-08-31T18:37:42.564140+00:00,81.894,-0.0209,0.15,0.0,0.0681,0.0131,7511.36,3,70.3409,106.732,step
2026-08-31T18:37:42.565450+00:00,81.906,-0.0193,0.15,0.0,0.067,0.0142,7514.2,3,69.5703,106.754,step
2026-08-31T18:37:42.566738+00:00,81.918,-0.0177,0.15,0.0,0.0658,0.0152,7516.5,3,68.8213,106.776,step
2026-08-31T18:37:42.568211+00:00,81.931,-0.0161,0.15,0.0,0.0646,0.0162,7518.17,3,68.0895,106.798,step
2026-08-31T18:37:42.569523+00:00,81.945,-0.0145,0.15,0.0,0.0632,0.0171,7519.46,3,67.3783,106.82,step
2026-08-31T18:37:42.570812+00:00,81.958,-0.013,0.15,0.0,0.0618,0.0179,7520.73,3,66.6873,106.842,step
2026-08-31T18:37:42.572072+00:00,81.971,-0.0115,0.15,0.0,0.0604,0.0187,7521.8,3,66.0181,106.864,step
2026-08-31T18:37:42.573382+00:00,81.985,-0.0101,0.15,0.0,0.0589,0.0193,7522.99,3,65.3688,106.886,step
2026-08-31T18:37:42.574729+00:00,81.998,-0.0088,0.15,0.0,0.0573,0.0199,7523.93,3,64.7371,106.908,step
2026-08-31T18:37:42.576292+00:00,82.009,-0.0074,0.15,0.0,0.0557,0.0204,7524.72,3,64.117,106.93,step
2026-08-31T18:37:42.577586+00:00,82.02,-0.0061,0.15,0.0,0.0541,0.0209,7525.63,3,63.5184,106.952,step
2026-08-31T18:37:42.578859+00:00,82.031,-0.0049,0.15,0.0,0.0524,0.0213,7526.63,3,62.9396,106.974,step
2026-08-31T18:37:42.580112+00:00,82.042,-0.0038,0.15,0.0,0.0506,0.0215,7527.86,3,62.3755,106.996,step
2026-08-31T18:37:42.581379+00:00,82.052,-0.0027,0.15,0.0,0.0489,0.0218,7529.24,3,61.8259,107.018,step
2026-08-31T18:37:42.582613+00:00,82.065,-0.0016,0.15,0.0,0.0471,0.022,7525.39,3,61.2905,107.04,step
2026-08-31T18:37:42.584127+00:00,82.074,-0.0006,0.15,0.0,0.0454,0.0221,7526.8,3,60.7695,107.062,step
2026-08-31T18:37:42.585365+00:00,82.082,0.0003,0.15,0.0,0.0436,0.0221,7529.58,3,60.258,107.084,step
2026-08-31T18:37:42.586631+00:00,82.091,0.0012,0.15,0.0,0.0419,0.0221,7532.48,3,59.7552,107.106,step
2026-08-31T18:37:42.587920+00:00,82.1,0.002,0.15,0.0,0.0401,0.0221,7534.52,3,59.2611,107.128,step
2026-08-31T18:37:42.589244+00:00,82.11,0.0028,0.15,0.0,0.0384,0.022,7535.91,3,58.7767,107.15,step
2026-08-31T18:37:42.590530+00:00,82.121,0.0036,0.15,0.0,0.0366,0.0219,7536.82,3,58.3024,107.172,step
2026-08-31T18:37:42.591804+00:00,82.131,0.0043,0.15,0.0,0.0348,0.0217,7537.53,3,57.838,107.194,step
2026-08-31T18:37:42.593072+00:00,82.141,0.005,0.15,0.0,0.0331,0.0215,7538.26,3,57.3789,107.216,step
2026-08-31T18:37:42.594350+00:00,82.152,0.0056,0.15,0.0,0.0314,0.0213,7539.1,3,56.9263,107.238,step
2026-08-31T18:37:42.595644+00:00,82.16,0.0061,0.15,0.0,0.0297,0.021,7539.46,3,56.4838,107.26,step
2026-08-31T18:37:42.596898+00:00,82.168,0.0066,0.15,0.0,0.0281,0.0206,7539.75,3,56.0457,107.282,step
2026-08-31T18:37:42.598164+00:00,82.175,0.0071,0.15,0.0,0.0264,0.0203,7540.21,3,55.6125,107.304,step
2026-08-31T18:37:42.599411+00:00,82.182,0.0075,0.15,0.0,0.0248,0.0199,7540.92,3,55.1835,107.326,step
2026-08-31T18:37:42.600988+00:00,82.188,0.0079,0.15,0.0,0.0233,0.0195,7541.85,3,54.7595,107.348,step
2026-08-31T18:37:42.602252+00:00,82.197,0.0082,0.15,0.0,0.0217,0.0191,7538.17,3,54.3381,107.37,step
2026-08-31T18:37:42.603553+00:00,82.203,0.0086,0.15,0.0,0.0202,0.0187,7537.08,3,53.9148,107.392,step
2026-08-31T18:37:42.604812+00:00,82.206,0.0089,0.15,0.0,0.0188,0.0183,7538.85,3,53.4956,107.414,step
2026-08-31T18:37:42.606142+00:00,82.21,0.0091,0.0,0.15,0.0174,0.0178,7542.31,3,53.0796,107.436,step
2026-08-31T18:37:42.607454+00:00,81.774,0.0093,0.0,0.15,0.016,0.0173,7381.21,3,52.6685,107.458,step
2026-08-31T18:37:42.608959+00:00,81.164,0.0095,0.0,0.15,0.0146,0.0168,7320.18,3,52.2687,107.48,step
2026-08-31T18:37:42.610375+00:00,80.555,0.0096,0.0,0.15,0.0133,0.0162,7262.34,3,51.8748,107.502,step
2026-08-31T18:37:42.611675+00:00,79.948,0.0096,0.0,0.15,0.0121,0.0157,7207.62,2,51.4903,107.524,step
2026-08-31T18:37:42.613018+00:00,79.363,0.0096,0.0,0.15,0.0109,0.0151,9057.98,2,51.1122,107.546,step
2026-08-31T18:37:42.614405+00:00,78.795,0.0096,0.0,0.15,0.0098,0.0145,9034.31,2,50.7355,107.568,step
2026-08-31T18:37:42.615696+00:00,78.165,0.0096,0.0,0.15,0.0086,0.0139,8850.8,2,50.3601,107.59,step
2026-08-31T18:37:42.617171+00:00,77.498,0.0094,0.0,0.15,0.0076,0.0133,8775.24,2,49.9996,107.612,step
2026-08-31T18:37:42.618465+00:00,76.835,0.0093,0.0,0.15,0.0067,0.0126,8702.79,2,49.6434,107.634,step
2026-08-31T18:37:42.619744+00:00,76.175,0.0091,0.0,0.15,0.0057,0.012,8629.69,2,49.2876,107.656,step
2026-08-31T18:37:42.621052+00:00,75.52,0.0089,0.0,0.15,0.0049,0.0114,8556.14,2,48.9326,107.678,step
2026-08-31T18:37:42.622341+00:00,74.868,0.0088,0.0,0.15,0.004,0.0108,8482.33,2,48.5786,107.7,step
2026-08-31T18:37:42.623603+00:00,74.214,0.0085,0.0,0.15,0.0033,0.0102,8418.6,2,48.2265,107.722,step
2026-08-31T18:37:42.624938+00:00,73.552,0.0083,0.8,0.0,0.0026,0.0096,8359.27,2,47.8723,107.744,step
2026-08-31T18:37:42.626421+00:00,73.969,0.0081,0.0,0.15,0.0019,0.0091,9327.47,2,47.5142,107.766,step
2026-08-31T18:37:42.627713+00:00,73.876,0.008,0.0,0.15,0.0012,0.0086,8397.39,2,47.1435,107.788,step
2026-08-31T18:37:42.628995+00:00,73.228,0.0079,0.0,0.15,0.0006,0.0082,8311.52,2,46.7627,107.81,step
2026-08-31T18:37:42.630226+00:00,72.582,0.0077,0.0,0.15,0.0001,0.0078,8227.39,2,46.3943,107.832,step
2026-08-31T18:37:42.631494+00:00,71.94,0.0075,0.0,0.15,-0.0005,0.0073,8149.12,2,46.0342,107.854,step
2026-08-31T18:37:42.632843+00:00,71.3,0.0072,0.0,0.15,-0.0009,0.0068,8076.21,2,45.6798,107.876,step
2026-08-31T18:37:42.634228+00:00,70.663,0.007,0.0,0.15,-0.0014,0.0063,8006.31,2,45.3252,107.898,step
2026-08-31T18:37:42.635531+00:00,70.029,0.2068,0.0,0.15,-0.0018,0.0059,7937.8,2,44.9699,107.92,step
2026-08-31T18:37:42.636824+00:00,69.406,0.0041,0.0,0.15,-0.002,0.0031,7870.95,2,45.0057,107.942,step
2026-08-31T18:37:42.638129+00:00,68.737,-0.0006,0.8,0.0,-0.0017,-0.0015,7794.97,2,45.3571,107.964,step
2026-08-31T18:37:42.639431+00:00,69.086,-0.0021,0.8,0.0,-0.0015,-0.0029,8847.21,2,45.1782,107.986,step
2026-08-31T18:37:42.640794+00:00,69.892,0.1973,0.0,0.15,-0.0013,-0.0034,9261.05,2,44.8305,108.008,step
2026-08-31T18:37:42.642202+00:00,70.028,0.1947,0.0,0.15,-0.0009,-0.0057,7965.03,2,44.8118,108.03,step
2026-08-31T18:37:42.643585+00:00,69.354,-0.0116,0.8,0.0,0.0001,-0.0115,7886.59,2,45.4074,108.052,step
2026-08-31T18:37:42.644850+00:00,69.727,-0.0175,0.8,0.0,0.0015,-0.0168,8863.32,2,45.9373,108.074,step
2026-08-31T18:37:42.646137+00:00,70.543,-0.0198,0.0,0.15,0.0028,-0.0184,9255.82,2,45.8003,108.096,step
2026-08-31T18:37:42.647443+00:00,70.632,-0.0203,0.0,0.15,0.004,-0.0184,8042.11,2,45.3633,108.118,step
2026-08-31T18:37:42.648719+00:00,69.972,0.1798,0.0,0.15,0.0051,-0.0177,7967.76,2,44.8052,108.14,step
2026-08-31T18:37:42.650267+00:00,69.342,0.1778,0.0,0.15,0.0065,-0.0189,7881.82,2,44.6094,108.162,step
2026-08-31T18:37:42.651559+00:00,68.667,-0.0286,0.8,0.0,0.0084,-0.0244,7790.43,2,45.1934,108.184,step
2026-08-31T18:37:42.652886+00:00,68.979,-0.0346,0.8,0.0,0.0106,-0.0293,8896.31,2,45.7145,108.206,step
2026-08-31T18:37:42.654179+00:00,69.747,-0.0363,0.8,0.0,0.0126,-0.03,9384.59,2,45.4216,108.228,step
2026-08-31T18:37:42.655461+00:00,70.618,0.1638,0.0,0.15,0.0145,-0.029,9754.79,2,44.7978,108.25,step
2026-08-31T18:37:42.656768+00:00,70.99,0.1623,0.0,0.15,0.0165,-0.0294,8065.49,2,44.4464,108.272,step
2026-08-31T18:37:42.658120+00:00,70.306,0.1573,0.0,0.15,0.019,-0.0332,7989.47,2,44.7405,108.294,step
2026-08-31T18:37:42.659606+00:00,69.632,-0.05,0.8,0.0,0.022,-0.039,7898.93,2,45.459,108.316,step
2026-08-31T18:37:42.660937+00:00,69.946,-0.056,0.8,0.0,0.0252,-0.0434,9015.88,2,45.9355,108.338,step
2026-08-31T18:37:42.662312+00:00,70.718,-0.0574,0.0,0.15,0.0281,-0.0433,9515.78,2,45.4853,108.36,step
2026-08-31T18:37:42.663703+00:00,70.89,0.1434,0.0,0.15,0.0309,-0.0412,8055.02,2,44.6157,108.382,step
2026-08-31T18:37:42.665110+00:00,70.246,0.1419,0.0,0.15,0.0338,-0.0412,7983.13,2,44.194,108.404,step
2026-08-31T18:37:42.666508+00:00,69.576,0.1354,0.0,0.15,0.0372,-0.046,7897.39,2,44.7261,108.426,step
2026-08-31T18:37:42.668197+00:00,68.93,-0.0721,0.8,0.0,0.0412,-0.0516,7816.24,2,45.6675,108.448,step
2026-08-31T18:37:42.669619+00:00,69.268,-0.0737,0.8,0.0,0.045,-0.0512,8908.84,2,46.1332,108.47,step
2026-08-31T18:37:42.671034+00:00,70.035,-0.0699,0.0,0.15,0.0482,-0.0458,9376.85,2,45.4924,108.492,step
2026-08-31T18:37:42.672399+00:00,70.217,0.1359,0.0,0.15,0.051,-0.0386,7982.63,2,44.4686,108.514,step
2026-08-31T18:37:42.673787+00:00,69.569,0.1402,0.0,0.15,0.0534,-0.0331,7928.07,2,43.8288,108.536,step
2026-08-31T18:37:42.675182+00:00,68.887,0.1406,0.0,0.15,0.0558,-0.0315,7840.91,2,43.9878,108.558,step
2026-08-31T18:37:42.676827+00:00,68.22,0.1386,0.0,0.15,0.0585,-0.0322,7747.21,2,44.6549,108.58,step
2026-08-31T18:37:42.678286+00:00,67.573,-0.0647,0.8,0.0,0.0612,-0.0341,7659.72,2,45.6621,108.602,step
2026-08-31T18:37:42.679740+00:00,67.874,-0.0658,0.8,0.0,0.0638,-0.0339,8772.93,2,46.2115,108.624,step
2026-08-31T18:37:42.681312+00:00,68.615,-0.0614,0.8,0.0,0.0658,-0.0285,9247.72,2,45.5399,108.646,step
2026-08-31T18:37:42.682777+00:00,69.484,0.1453,0.0,0.15,0.0672,-0.0211,9593.61,2,44.432,108.668,step
2026-08-31T18:37:42.684420+00:00,69.813,0.15,0.0,0.15,0.0685,-0.0157,7934.5,2,43.7959,108.69,step
2026-08-31T18:37:42.685937+00:00,69.123,0.1503,0.0,0.15,0.0699,-0.0147,7860.27,2,44.1463,108.712,step
2026-08-31T18:37:42.687392+00:00,68.461,-0.0516,0.8,0.0,0.0715,-0.0159,7770.04,2,45.0332,108.734,step
2026-08-31T18:37:42.688879+00:00,68.768,-0.0521,0.8,0.0,0.0729,-0.0157,8848.52,2,45.624,108.756,step
2026-08-31T18:37:42.690330+00:00,69.529,-0.0481,0.0,0.15,0.0738,-0.0112,9302.42,2,45.188,108.778,step
2026-08-31T18:37:42.691876+00:00,69.683,0.1578,0.0,0.15,0.0741,-0.0051,7937.9,2,44.3694,108.8,step
2026-08-31T18:37:42.693277+00:00,69.037,0.162,0.0,0.15,0.0743,-0.0008,7859.0,2,43.9656,108.822,step
2026-08-31T18:37:42.694642+00:00,68.352,0.1621,0.0,0.15,0.0746,-0.0005,7764.49,2,44.5407,108.844,step
2026-08-31T18:37:42.696046+00:00,67.685,-0.0403,0.8,0.0,0.0752,-0.0027,7673.55,2,45.7639,108.866,step
2026-08-31T18:37:42.697438+00:00,67.977,-0.0411,0.8,0.0,0.0757,-0.0032,8793.51,2,46.658,108.888,step
2026-08-31T18:37:42.698850+00:00,68.721,-0.0371,0.8,0.0,0.0757,0.0008,9268.37,2,46.3314,108.91,step
2026-08-31T18:37:42.700355+00:00,69.585,-0.0312,0.8,0.0,0.0752,0.0064,9617.23,2,45.57,108.932,step
2026-08-31T18:37:42.701810+00:00,70.545,0.1754,0.0,0.15,0.0743,0.0126,9801.4,2,44.7112,108.954,step
2026-08-31T18:37:42.703216+00:00,70.935,0.1801,0.0,0.15,0.0732,0.0168,8062.25,2,44.3603,108.976,step
2026-08-31T18:37:42.704620+00:00,70.232,0.1812,0.0,0.15,0.0723,0.0174,7983.64,2,44.9439,108.998,step
2026-08-31T18:37:42.706030+00:00,69.537,-0.0202,0.8,0.0,0.0716,0.0156,7886.72,2,46.1868,109.02,step
2026-08-31T18:37:42.707474+00:00,69.838,-0.0207,0.8,0.0,0.0709,0.0147,8993.23,2,47.2391,109.042,step
2026-08-31T18:37:42.709112+00:00,70.67,-0.0171,0.8,0.0,0.0696,0.0177,9340.29,2,47.2159,109.064,step
2026-08-31T18:37:42.710455+00:00,71.594,-0.0117,0.8,0.0,0.068,0.0222,9581.21,2,46.7841,109.086,step
2026-08-31T18:37:42.711833+00:00,72.579,-0.0058,0.0,0.15,0.0659,0.0272,9714.08,2,46.2458,109.108,step
2026-08-31T18:37:42.713214+00:00,72.761,0.0004,0.0,0.15,0.0636,0.0322,8276.68,2,45.6984,109.13,step
2026-08-31T18:37:42.714621+00:00,72.083,0.0067,0.0,0.15,0.0609,0.0371,8186.48,2,45.165,109.152,step
2026-08-31T18:37:42.716072+00:00,71.418,0.2127,0.0,0.15,0.058,0.0417,8095.12,2,44.7134,109.174,step
2026-08-31T18:37:42.717637+00:00,70.77,0.2163,0.0,0.15,0.0551,0.0438,8012.8,2,44.9323,109.196,step
2026-08-31T18:37:42.719053+00:00,70.064,0.0151,0.8,0.0,0.0525,0.0413,7927.65,2,46.4348,109.218,step
2026-08-31T18:37:42.720461+00:00,70.321,0.0138,0.8,0.0,0.0499,0.0387,9159.99,2,48.0272,109.24,step
2026-08-31T18:37:42.721855+00:00,71.066,0.0162,0.8,0.0,0.047,0.0396,9708.68,2,48.654,109.262,step
2026-08-31T18:37:42.723243+00:00,71.957,0.0198,0.8,0.0,0.0437,0.0417,10006.8,2,48.9581,109.284,step
2026-08-31T18:37:42.724754+00:00,72.953,0.024,0.8,0.0,0.0401,0.044,10116.2,2,49.1911,109.306,step
2026-08-31T18:37:42.726308+00:00,74.009,0.0282,0.8,0.0,0.0363,0.0464,10114.5,2,49.435,109.328,step
2026-08-31T18:37:42.727655+00:00,75.082,0.0325,0.8,0.0,0.0322,0.0486,10082.3,2,49.7181,109.35,step
2026-08-31T18:37:42.729060+00:00,76.131,0.0368,0.8,0.0,0.0279,0.0508,10087.6,2,50.0623,109.372,step
2026-08-31T18:37:42.730427+00:00,77.132,0.0411,0.8,0.0,0.0234,0.0528,10176.0,2,50.4916,109.394,step
2026-08-31T18:37:42.731837+00:00,78.09,0.0452,0.8,0.0,0.0187,0.0546,10344.6,2,50.9939,109.416,step
2026-08-31T18:37:42.733447+00:00,79.019,0.0493,0.8,0.0,0.0137,0.0561,10551.7,2,51.5948,109.438,step
2026-08-31T18:37:42.735041+00:00,79.943,0.053,0.15,0.0,0.0086,0.0573,10762.9,2,52.3546,109.46,step
2026-08-31T18:37:42.736436+00:00,80.67,0.0567,0.15,0.0,0.0033,0.0583,9390.83,3,53.2106,109.482,step
2026-08-31T18:37:42.737840+00:00,80.608,0.0612,0.15,0.0,-0.002,0.0602,7433.75,3,53.7996,109.504,step
2026-08-31T18:37:42.739258+00:00,80.487,0.0657,0.15,0.0,-0.0073,0.0621,7447.74,3,54.4304,109.526,step
2026-08-31T18:37:42.740657+00:00,80.389,0.0696,0.15,0.0,-0.0125,0.0634,7365.51,3,55.265,109.548,step
2026-08-31T18:37:42.742221+00:00,80.378,0.0733,0.15,0.0,-0.0179,0.0644,7387.01,3,56.2164,109.57,step
2026-08-31T18:37:42.743770+00:00,80.358,0.0771,0.15,0.0,-0.0232,0.0655,7380.98,3,57.1688,109.592,step
2026-08-31T18:37:42.745127+00:00,80.337,0.0809,0.15,0.0,-0.0286,0.0666,7376.96,3,58.1492,109.614,step
2026-08-31T18:37:42.746482+00:00,80.317,0.0848,0.15,0.0,-0.034,0.0678,7373.17,3,59.1313,109.636,step
2026-08-31T18:37:42.747865+00:00,80.299,0.0889,0.15,0.0,-0.0395,0.0692,7370.59,3,60.0737,109.658,step
2026-08-31T18:37:42.749292+00:00,80.28,0.093,0.15,0.0,-0.045,0.0705,7368.78,3,61.0652,109.68,step
2026-08-31T18:37:42.750730+00:00,80.261,0.0937,0.15,0.0,-0.0505,0.0684,7367.21,3,62.195,109.702,step
2026-08-31T18:37:42.752054+00:00,80.242,0.0919,0.15,0.0,-0.0557,0.064,7365.61,3,63.4939,109.724,step
2026-08-31T18:37:42.753381+00:00,80.224,0.0897,0.15,0.0,-0.0605,0.0594,7363.83,3,64.9101,109.746,step
2026-08-31T18:37:42.754660+00:00,80.193,0.087,0.15,0.0,-0.065,0.0545,7385.46,3,66.4856,109.768,step
2026-08-31T18:37:42.755967+00:00,80.188,0.0839,0.15,0.0,-0.0691,0.0494,7370.87,3,68.1853,109.79,step
2026-08-31T18:37:42.757319+00:00,80.177,0.081,0.15,0.0,-0.0728,0.0446,7364.26,3,69.8016,109.812,step
2026-08-31T18:37:42.758737+00:00,80.163,0.0782,0.15,0.0,-0.0761,0.0401,7359.34,3,71.3005,109.834,step
2026-08-31T18:37:42.760035+00:00,80.149,0.0756,0.15,0.0,-0.0791,0.036,7355.65,3,72.6874,109.856,step
2026-08-31T18:37:42.761334+00:00,80.134,0.073,0.15,0.0,-0.0817,0.0321,7353.21,3,73.9909,109.878,step
2026-08-31T18:37:42.762641+00:00,80.119,0.0704,0.15,0.0,-0.084,0.0284,7351.68,3,75.2349,109.9,step
2026-08-31T18:37:42.764015+00:00,80.104,0.0678,0.15,0.0,-0.086,0.0248,7350.78,3,76.4303,109.922,step
2026-08-31T18:37:42.765343+00:00,80.089,0.0652,0.15,0.0,-0.0877,0.0213,7350.41,3,77.5954,109.944,step
2026-08-31T18:37:42.766727+00:00,80.077,0.0626,0.15,0.0,-0.0891,0.0181,7350.06,3,78.6749,109.966,step
2026-08-31T18:37:42.768148+00:00,80.066,0.0602,0.15,0.0,-0.0903,0.015,7349.62,3,79.6728,109.988,step
2026-08-31T18:37:42.769505+00:00,80.056,0.0577,0.15,0.0,-0.0912,0.0121,7348.85,3,80.6267,110.01,step
2026-08-31T18:37:42.770913+00:00,80.046,0.0551,0.15,0.0,-0.0919,0.0092,7347.73,3,81.5656,110.032,step
2026-08-31T18:37:42.772277+00:00,80.037,0.0525,0.15,0.0,-0.0924,0.0063,7346.5,3,82.4866,110.054,step
2026-08-31T18:37:42.773636+00:00,80.027,0.0498,0.15,0.0,-0.0926,0.0035,7348.25,3,83.3813,110.076,step
2026-08-31T18:37:42.775175+00:00,80.015,0.047,0.15,0.0,-0.0927,0.0007,7354.93,3,84.3053,110.098,step
2026-08-31T18:37:42.776531+00:00,80.013,0.0443,0.15,0.0,-0.0925,-0.002,7348.57,3,85.1802,110.12,step
2026-08-31T18:37:42.777846+00:00,80.007,0.0416,0.15,0.0,-0.0922,-0.0045,7345.26,3,85.9475,110.142,step
2026-08-31T18:37:42.779233+00:00,80.001,0.039,0.15,0.0,-0.0916,-0.0068,7342.49,3,86.6161,110.164,step
2026-08-31T18:37:42.780517+00:00,79.994,0.0366,0.15,0.0,-0.0909,-0.0089,7340.49,2,87.1942,110.186,step
2026-08-31T18:37:42.781900+00:00,79.926,0.0341,0.15,0.0,-0.09,-0.0109,9268.27,2,87.7274,110.208,step
2026-08-31T18:37:42.783312+00:00,79.822,0.0316,0.15,0.0,-0.0889,-0.0129,9275.46,2,88.2651,110.23,step
2026-08-31T18:37:42.784973+00:00,79.734,0.0291,0.15,0.0,-0.0877,-0.0148,9193.89,2,88.7639,110.252,step
2026-08-31T18:37:42.786349+00:00,79.732,0.0267,0.15,0.0,-0.0864,-0.0165,9233.38,2,89.1572,110.274,step
2026-08-31T18:37:42.787765+00:00,79.738,0.0245,0.15,0.0,-0.0849,-0.018,9234.06,2,89.4306,110.296,step
2026-08-31T18:37:42.789220+00:00,79.744,0.0224,0.15,0.0,-0.0834,-0.0193,9234.72,2,89.6208,110.318,step
2026-08-31T18:37:42.790620+00:00,79.75,0.0203,0.8,0.0,-0.0817,-0.0205,9235.33,2,89.7484,110.34,step
2026-08-31T18:37:42.792228+00:00,80.294,0.0183,0.15,0.0,-0.0799,-0.0217,10195.0,3,89.8614,110.362,step
2026-08-31T18:37:42.793648+00:00,80.671,0.0162,0.15,0.0,-0.0781,-0.0228,7917.5,3,89.9789,110.384,step
2026-08-31T18:37:42.795036+00:00,80.565,0.0142,0.15,0.0,-0.0761,-0.0238,7930.12,3,90.0185,110.406,step
2026-08-31T18:37:42.796441+00:00,80.485,0.0123,0.15,0.0,-0.0741,-0.0247,7367.96,3,90.0054,110.428,step
2026-08-31T18:37:42.797898+00:00,80.471,0.0105,0.15,0.0,-0.072,-0.0255,7386.25,3,89.9133,110.45,step
2026-08-31T18:37:42.799229+00:00,80.465,0.0088,0.15,0.0,-0.0699,-0.0261,7385.36,3,89.7617,110.472,step
2026-08-31T18:37:42.800809+00:00,80.459,0.0072,0.15,0.0,-0.0677,-0.0267,7384.4,3,89.5605,110.494,step
2026-08-31T18:37:42.802167+00:00,80.453,0.0057,0.15,0.0,-0.0655,-0.0271,7383.65,3,89.3033,110.516,step
2026-08-31T18:37:42.803521+00:00,80.447,0.0042,0.15,0.0,-0.0633,-0.0274,7382.94,3,89.0023,110.538,step
2026-08-31T18:37:42.804913+00:00,80.441,0.0028,0.15,0.0,-0.061,-0.0277,7382.18,3,88.6587,110.56,step
2026-08-31T18:37:42.806377+00:00,80.434,0.0014,0.15,0.0,-0.0587,-0.0279,7381.58,3,88.2753,110.582,step
2026-08-31T18:37:42.807833+00:00,80.427,0.0001,0.15,0.0,-0.0563,-0.028,7380.85,3,87.8481,110.604,step
2026-08-31T18:37:42.809646+00:00,80.42,-0.0011,0.15,0.0,-0.054,-0.0281,7380.02,3,87.3805,110.626,step
2026-08-31T18:37:42.811065+00:00,80.412,-0.0022,0.15,0.0,-0.0517,-0.0281,7379.24,3,86.8828,110.648,step
2026-08-31T18:37:42.812495+00:00,80.404,-0.0033,0.15,0.0,-0.0493,-0.028,7378.54,3,86.3579,110.67,step
2026-08-31T18:37:42.813930+00:00,80.396,-0.0044,0.15,0.0,-0.0471,-0.0279,7378.04,3,85.8048,110.692,step
2026-08-31T18:37:42.815368+00:00,80.387,-0.0053,0.15,0.0,-0.0448,-0.0277,7377.47,3,85.2251,110.714,step
2026-08-31T18:37:42.816711+00:00,80.381,-0.0062,0.15,0.0,-0.0426,-0.0275,7373.08,3,84.6231,110.736,step
2026-08-31T18:37:42.818330+00:00,80.371,-0.0071,0.15,0.0,-0.0404,-0.0272,7372.55,3,84.0006,110.758,step
2026-08-31T18:37:42.819692+00:00,80.361,-0.0079,0.15,0.0,-0.0381,-0.0269,7373.08,3,83.3548,110.78,step
2026-08-31T18:37:42.821077+00:00,80.351,-0.0086,0.15,0.0,-0.036,-0.0266,7373.78,3,82.6808,110.802,step
2026-08-31T18:37:42.822503+00:00,80.342,-0.0092,0.15,0.0,-0.0339,-0.0262,7373.74,3,81.9821,110.824,step
2026-08-31T18:37:42.823887+00:00,80.333,-0.0098,0.15,0.0,-0.0317,-0.0257,7373.17,3,81.2707,110.846,step
2026-08-31T18:37:42.825465+00:00,80.325,-0.0104,0.15,0.0,-0.0297,-0.0252,7372.36,3,80.5453,110.868,step
2026-08-31T18:37:42.826960+00:00,80.316,-0.0109,0.15,0.0,-0.0277,-0.0247,7371.42,3,79.8121,110.89,step
2026-08-31T18:37:42.828363+00:00,80.308,-0.0113,0.15,0.0,-0.0257,-0.0242,7370.43,3,79.0691,110.912,step
2026-08-31T18:37:42.829835+00:00,80.299,-0.0117,0.15,0.0,-0.0238,-0.0236,7369.5,3,78.3174,110.934,step
2026-08-31T18:37:42.831311+00:00,80.29,-0.0121,0.15,0.0,-0.0219,-0.023,7368.5,3,77.5559,110.956,step
2026-08-31T18:37:42.832737+00:00,80.281,-0.0124,0.15,0.0,-0.0201,-0.0224,7367.54,3,76.787,110.978,step
2026-08-31T18:37:42.834493+00:00,80.271,-0.0116,0.15,0.0,-0.0184,-0.0207,7366.66,3,76.0214,111.0,step
2026-08-31T18:37:42.835936+00:00,80.262,-0.0105,0.15,0.0,-0.0168,-0.0189,7365.87,3,75.261,111.022,step
2026-08-31T18:37:42.837373+00:00,80.253,-0.0093,0.15,0.0,-0.0154,-0.017,7365.0,3,74.5236,111.044,step
2026-08-31T18:37:42.838771+00:00,80.244,-0.0082,0.15,0.0,-0.014,-0.0152,7362.91,3,73.8208,111.066,step
2026-08-31T18:37:42.840194+00:00,80.234,-0.0071,0.15,0.0,-0.0129,-0.0135,7362.27,3,73.1423,111.088,step
2026-08-31T18:37:42.841667+00:00,80.224,-0.0059,0.15,0.0,-0.0119,-0.0119,7362.02,3,72.4877,111.11,step
2026-08-31T18:37:42.843137+00:00,80.214,-0.0047,0.15,0.0,-0.011,-0.0102,7361.61,3,71.856,111.132,step
2026-08-31T18:37:42.844575+00:00,80.205,-0.0036,0.15,0.0,-0.0102,-0.0087,7360.92,3,71.2461,111.154,step
2026-08-31T18:37:42.846037+00:00,80.195,-0.0023,0.15,0.0,-0.0096,-0.0072,7360.18,3,70.6575,111.176,step
2026-08-31T18:37:42.847474+00:00,80.186,-0.0011,0.15,0.0,-0.0092,-0.0057,7359.29,3,70.0987,111.198,step
2026-08-31T18:37:42.848927+00:00,80.177,0.0,0.15,0.0,-0.0088,-0.0044,7358.35,3,69.5697,111.22,step
2026-08-31T18:37:42.850661+00:00,80.168,0.0012,0.15,0.0,-0.0085,-0.003,7357.46,3,69.0638,111.242,step
2026-08-31T18:37:42.852168+00:00,80.159,0.0024,0.15,0.0,-0.0083,-0.0018,7356.76,3,68.5784,111.264,step
2026-08-31T18:37:42.853660+00:00,80.151,0.0035,0.15,0.0,-0.0082,-0.0006,7356.17,3,68.1122,111.286,step
2026-08-31T18:37:42.855169+00:00,80.144,0.0047,0.15,0.0,-0.0082,0.0006,7355.54,3,67.6731,111.308,step
2026-08-31T18:37:42.856632+00:00,80.136,0.0058,0.15,0.0,-0.0084,0.0017,7354.81,3,67.2608,111.33,step
2026-08-31T18:37:42.858060+00:00,80.129,0.0069,0.15,0.0,-0.0085,0.0027,7354.01,3,66.8742,111.352,step
2026-08-31T18:37:42.859736+00:00,80.122,0.008,0.15,0.0,-0.0087,0.0036,7353.2,3,66.5086,111.374,step
2026-08-31T18:37:42.861162+00:00,80.113,0.009,0.15,0.0,-0.009,0.0045,7357.63,3,66.1654,111.396,step
2026-08-31T18:37:42.862604+00:00,80.108,0.01,0.15,0.0,-0.0094,0.0053,7354.6,3,65.8425,111.418,step
2026-08-31T18:37:42.863998+00:00,80.103,0.011,0.15,0.0,-0.0098,0.0061,7352.66,3,65.5373,111.44,step
2026-08-31T18:37:42.865404+00:00,80.097,0.012,0.15,0.0,-0.0103,0.0069,7351.05,3,65.2506,111.462,step
2026-08-31T18:37:42.866830+00:00,80.09,0.013,0.15,0.0,-0.0109,0.0076,7349.71,3,64.979,111.484,step
2026-08-31T18:37:42.868410+00:00,80.084,0.014,0.15,0.0,-0.0115,0.0082,7348.78,3,64.7266,111.506,step
2026-08-31T18:37:42.869809+00:00,80.076,0.0149,0.15,0.0,-0.0121,0.0088,7348.17,3,64.4924,111.528,step
2026-08-31T18:37:42.871251+00:00,80.069,0.0158,0.15,0.0,-0.0128,0.0094,7347.79,3,64.2771,111.55,step
2026-08-31T18:37:42.872717+00:00,80.062,0.0166,0.15,0.0,-0.0136,0.0099,7347.6,3,64.0835,111.572,step
2026-08-31T18:37:42.874158+00:00,80.056,0.0175,0.15,0.0,-0.0143,0.0103,7347.21,3,63.9065,111.594,step
2026-08-31T18:37:42.875748+00:00,80.049,0.0183,0.15,0.0,-0.0151,0.0108,7346.91,3,63.7387,111.616,step
2026-08-31T18:37:42.877266+00:00,80.044,0.0191,0.15,0.0,-0.016,0.0112,7346.4,3,63.5835,111.638,step
2026-08-31T18:37:42.878693+00:00,80.038,0.0199,0.15,0.0,-0.0169,0.0115,7345.87,3,63.4483,111.66,step
2026-08-31T18:37:42.880145+00:00,80.032,0.0207,0.15,0.0,-0.0177,0.0118,7345.21,3,63.3366,111.682,step
2026-08-31T18:37:42.881620+00:00,80.027,0.0214,0.15,0.0,-0.0186,0.012,7344.59,3,63.2478,111.704,step
2026-08-31T18:37:42.883096+00:00,80.02,0.022,0.15,0.0,-0.0196,0.0122,7346.94,3,63.178,111.726,step
2026-08-31T18:37:42.884716+00:00,80.016,0.0226,0.15,0.0,-0.0205,0.0124,7345.0,3,63.1268,111.748,step
2026-08-31T18:37:42.886105+00:00,80.011,0.0232,0.15,0.0,-0.0215,0.0125,7343.85,3,63.0925,111.77,step
2026-08-31T18:37:42.887524+00:00,80.006,0.0238,0.15,0.0,-0.0224,0.0126,7342.74,3,63.0695,111.792,step
2026-08-31T18:37:42.888933+00:00,80.001,0.0244,0.15,0.0,-0.0234,0.0127,7341.84,3,63.0586,111.814,step
2026-08-31T18:37:42.890396+00:00,79.995,0.0249,0.15,0.0,-0.0243,0.0127,7341.1,2,63.0585,111.836,step
2026-08-31T18:37:42.891910+00:00,79.929,0.0254,0.15,0.0,-0.0253,0.0127,9269.18,2,63.0873,111.858,step
2026-08-31T18:37:42.893388+00:00,79.827,0.0258,0.15,0.0,-0.0263,0.0126,9276.37,2,63.1684,111.88,step
2026-08-31T18:37:42.894870+00:00,79.741,0.0261,0.15,0.0,-0.0272,0.0124,9194.97,2,63.2834,111.902,step
2026-08-31T18:37:42.896346+00:00,79.737,0.0264,0.15,0.0,-0.0282,0.0123,9234.44,2,63.3918,111.924,step
2026-08-31T18:37:42.897809+00:00,79.744,0.0268,0.15,0.0,-0.0291,0.0122,9234.75,2,63.4762,111.946,step
2026-08-31T18:37:42.899303+00:00,79.752,0.0271,0.15,0.0,-0.03,0.0121,9235.33,2,63.5664,111.968,step
2026-08-31T18:37:42.900940+00:00,79.759,0.0275,0.15,0.0,-0.0309,0.012,9235.97,2,63.6682,111.99,step
2026-08-31T18:37:42.902462+00:00,79.766,0.0278,0.15,0.0,-0.0318,0.0119,9236.72,2,63.7886,112.012,step
2026-08-31T18:37:42.903925+00:00,79.773,0.0281,0.15,0.0,-0.0327,0.0118,9237.53,2,63.9259,112.034,step
2026-08-31T18:37:42.905440+00:00,79.78,0.0284,0.15,0.0,-0.0336,0.0116,9239.37,2,64.0763,112.056,step
2026-08-31T18:37:42.906916+00:00,79.787,0.0287,0.15,0.0,-0.0344,0.0115,9239.78,2,64.2366,112.078,step
2026-08-31T18:37:42.908287+00:00,79.795,0.0289,0.15,0.0,-0.0353,0.0113,9240.37,2,64.417,112.1,step
2026-08-31T18:37:42.909808+00:00,79.802,0.0291,0.15,0.0,-0.0361,0.0111,9241.05,2,64.6145,112.122,step
2026-08-31T18:37:42.911239+00:00,79.809,0.0293,0.15,0.0,-0.0369,0.0109,9241.7,2,64.824,112.144,step
2026-08-31T18:37:42.912650+00:00,79.816,0.0295,0.15,0.0,-0.0377,0.0107,9242.43,2,65.0432,112.166,step
2026-08-31T18:37:42.914044+00:00,79.823,0.0297,0.15,0.0,-0.0384,0.0105,9243.2,2,65.2843,112.188,step
2026-08-31T18:37:42.915501+00:00,79.83,0.0298,0.15,0.0,-0.0392,0.0102,9244.13,2,65.5463,112.21,step
2026-08-31T18:37:42.917046+00:00,79.837,0.0299,0.15,0.0,-0.0399,0.01,9244.92,2,65.8225,112.232,step
2026-08-31T18:37:42.918526+00:00,79.844,0.03,0.15,0.0,-0.0406,0.0097,9245.72,2,66.1154,112.254,step
2026-08-31T18:37:42.920031+00:00,79.85,0.0301,0.15,0.0,-0.0413,0.0095,9246.45,2,66.4265,112.276,step
2026-08-31T18:37:42.921587+00:00,79.857,0.0302,0.15,0.0,-0.042,0.0092,9247.19,2,66.7504,112.298,step
2026-08-31T18:37:42.923121+00:00,79.863,0.0302,0.15,0.0,-0.0426,0.0089,9247.95,2,67.0876,112.32,step
2026-08-31T18:37:42.924603+00:00,79.87,0.0303,0.15,0.0,-0.0432,0.0087,9248.72,2,67.4364,112.342,step
2026-08-31T18:37:42.926239+00:00,79.876,0.0303,0.15,0.0,-0.0438,0.0084,9249.44,2,67.7975,112.364,step
2026-08-31T18:37:42.927676+00:00,79.883,0.0304,0.15,0.0,-0.0444,0.0082,9248.73,2,68.1713,112.386,step
2026-08-31T18:37:42.929151+00:00,79.889,0.0304,0.15,0.0,-0.045,0.0079,9249.52,2,68.5544,112.408,step
2026-08-31T18:37:42.930651+00:00,79.895,0.0305,0.15,0.0,-0.0455,0.0077,9250.7,2,68.9537,112.43,step
2026-08-31T18:37:42.932126+00:00,79.9,0.0305,0.15,0.0,-0.046,0.0075,9252.04,2,69.3744,112.452,step
2026-08-31T18:37:42.933639+00:00,79.906,0.0305,0.15,0.0,-0.0465,0.0072,9253.1,2,69.818,112.474,step
2026-08-31T18:37:42.935118+00:00,79.912,0.0305,0.15,0.0,-0.047,0.0069,9253.86,2,70.2826,112.496,step
2026-08-31T18:37:42.936539+00:00,79.918,0.0304,0.15,0.0,-0.0475,0.0067,9254.63,2,70.7678,112.518,step
2026-08-31T18:37:42.937984+00:00,79.924,0.0304,0.15,0.0,-0.0479,0.0064,9255.23,2,71.2736,112.54,step
2026-08-31T18:37:42.939444+00:00,79.93,0.0304,0.15,0.0,-0.0483,0.0062,9255.91,2,71.8007,112.562,step
2026-08-31T18:37:42.940888+00:00,79.936,0.0303,0.15,0.0,-0.0488,0.0059,9256.44,2,72.3554,112.584,step
2026-08-31T18:37:42.942554+00:00,79.941,0.0302,0.15,0.0,-0.0491,0.0056,9256.83,2,72.9513,112.606,step
2026-08-31T18:37:42.944021+00:00,79.946,0.0301,0.15,0.0,-0.0495,0.0053,9257.22,2,73.5717,112.628,step
2026-08-31T18:37:42.945471+00:00,79.951,0.03,0.15,0.0,-0.0498,0.0051,9257.76,2,74.2114,112.65,step
2026-08-31T18:37:42.946932+00:00,79.956,0.0299,0.15,0.0,-0.0501,0.0048,9258.38,2,74.8718,112.672,step
2026-08-31T18:37:42.948380+00:00,79.96,0.0297,0.15,0.0,-0.0504,0.0045,9259.07,2,75.5517,112.694,step
2026-08-31T18:37:42.949937+00:00,79.966,0.0296,0.15,0.0,-0.0507,0.0043,9256.18,2,76.2514,112.716,step
2026-08-31T18:37:42.951543+00:00,79.97,0.0295,0.15,0.0,-0.0509,0.0041,9256.73,2,76.9594,112.738,step
2026-08-31T18:37:42.952971+00:00,79.973,0.0294,0.15,0.0,-0.0511,0.0039,9258.27,2,77.695,112.76,step
2026-08-31T18:37:42.954391+00:00,79.976,0.0293,0.15,0.0,-0.0513,0.0037,9260.35,2,78.4551,112.782,step
2026-08-31T18:37:42.955838+00:00,79.98,0.0292,0.15,0.0,-0.0515,0.0035,9261.75,2,79.2457,112.804,step
2026-08-31T18:37:42.957361+00:00,79.984,0.0291,0.15,0.0,-0.0517,0.0033,9262.5,2,80.0759,112.826,step
2026-08-31T18:37:42.959041+00:00,79.988,0.029,0.15,0.0,-0.0519,0.0031,9262.98,2,80.9648,112.848,step
2026-08-31T18:37:42.960523+00:00,79.992,0.0289,0.15,0.0,-0.052,0.0028,9263.4,2,81.946,112.87,step
2026-08-31T18:37:42.962001+00:00,79.996,0.0287,0.15,0.0,-0.0522,0.0026,9263.7,2,83.0327,112.892,step
2026-08-31T18:37:42.963512+00:00,80.0,0.0286,0.15,0.0,-0.0523,0.0024,9263.99,3,84.2596,112.914,step
2026-08-31T18:37:42.965048+00:00,79.93,0.0283,0.15,0.0,-0.0524,0.0021,7355.49,2,85.7822,112.936,step
2026-08-31T18:37:42.966626+00:00,79.824,0.0279,0.15,0.0,-0.0525,0.0017,7369.67,2,87.6647,112.958,step
2026-08-31T18:37:42.968324+00:00,79.728,0.0276,0.15,0.0,-0.0525,0.0013,9206.8,2,89.9209,112.98,step
2026-08-31T18:37:42.969848+00:00,79.622,0.0272,0.8,0.0,-0.0525,0.0009,9214.29,2,92.7226,113.002,step
2026-08-31T18:37:42.971372+00:00,79.52,0.0268,0.8,0.0,-0.0525,0.0006,9168.61,2,96.4669,113.024,step
2026-08-31T18:37:42.972890+00:00,80.07,0.0265,0.15,0.0,-0.0525,0.0002,10127.4,3,103.073,113.046,step
2026-08-31T18:37:42.974445+00:00,80.422,0.0262,0.15,0.0,-0.0525,-0.0001,7854.34,3,118.27,113.068,step
2026-08-31T18:37:42.976263+00:00,80.31,0.026,0.8,0.0,-0.0524,-0.0002,7867.16,3,123.881,113.09,step
2026-08-31T18:37:42.977783+00:00,80.227,0.0258,0.8,0.0,-0.0524,-0.0004,7343.06,3,128.083,113.112,step
2026-08-31T18:37:42.979306+00:00,80.612,0.0256,0.8,0.0,-0.0523,-0.0005,7737.37,3,131.676,113.134,step
2026-08-31T18:37:42.980808+00:00,81.216,0.0253,0.8,0.0,-0.0522,-0.0008,7809.52,3,135.03,113.156,step
2026-08-31T18:37:42.982334+00:00,81.841,0.0251,0.8,0.0,-0.0521,-0.001,7859.25,3,138.079,113.178,step
2026-08-31T18:37:42.984045+00:00,82.47,0.0248,0.8,0.0,-0.052,-0.0012,7908.34,3,140.822,113.2,step
2026-08-31T18:37:42.985575+00:00,83.101,0.0246,0.8,0.0,-0.0519,-0.0013,7960.79,3,143.326,113.222,step
2026-08-31T18:37:42.987133+00:00,83.731,0.0244,0.8,0.0,-0.0518,-0.0014,8018.36,3,145.677,113.244,step
2026-08-31T18:37:42.988741+00:00,84.365,0.0242,0.8,0.0,-0.0516,-0.0016,8077.84,3,147.975,113.266,step
2026-08-31T18:37:42.990346+00:00,85.002,0.024,0.8,0.0,-0.0515,-0.0017,8140.62,3,150.16,113.288,step
2026-08-31T18:37:42.991998+00:00,85.641,0.0238,0.8,0.0,-0.0513,-0.0019,8207.39,3,152.233,113.31,step
2026-08-31T18:37:42.993707+00:00,86.284,0.0236,0.8,0.0,-0.0512,-0.002,8277.75,3,154.243,113.332,step
2026-08-31T18:37:42.995258+00:00,86.931,0.0234,0.8,0.0,-0.051,-0.0021,8350.7,3,156.307,113.354,step
2026-08-31T18:37:42.996843+00:00,87.633,0.0233,0.8,0.0,-0.0509,-0.0021,8346.42,3,158.355,113.376,step
2026-08-31T18:37:42.998454+00:00,88.293,0.0233,0.8,0.0,-0.0507,-0.002,8403.58,3,160.265,113.398,step
2026-08-31T18:37:43.000027+00:00,88.938,0.0234,0.8,0.0,-0.0505,-0.0019,8492.78,3,162.187,113.42,step
2026-08-31T18:37:43.001811+00:00,89.582,0.0234,0.8,0.0,-0.0503,-0.0018,8596.93,3,164.277,113.442,step
2026-08-31T18:37:43.003346+00:00,90.24,0.0233,0.8,0.0,-0.0502,-0.0018,8694.67,3,166.598,113.464,step
2026-08-31T18:37:43.004943+00:00,90.915,0.0232,0.8,0.0,-0.05,-0.0018,8780.26,3,169.152,113.486,step
2026-08-31T18:37:43.006563+00:00,91.605,0.023,0.8,0.0,-0.0499,-0.0019,8855.01,3,171.918,113.508,step
2026-08-31T18:37:43.008166+00:00,92.305,0.0229,0.8,0.0,-0.0498,-0.002,8922.61,3,174.864,113.53,step
2026-08-31T18:37:43.009922+00:00,93.008,0.0227,0.8,0.0,-0.0497,-0.0021,8987.74,3,178.076,113.552,step
2026-08-31T18:37:43.011505+00:00,93.722,0.0224,0.8,0.0,-0.0496,-0.0024,9047.65,3,181.675,113.574,step
2026-08-31T18:37:43.013140+00:00,94.441,0.0221,0.8,0.0,-0.0494,-0.0026,9107.71,3,185.409,113.596,step
2026-08-31T18:37:43.014806+00:00,95.16,0.0219,0.15,0.0,-0.0493,-0.0027,9173.48,3,189.172,113.618,step
2026-08-31T18:37:43.016440+00:00,95.394,0.0219,0.15,0.0,-0.0491,-0.0027,8744.71,3,192.722,113.64,step
2026-08-31T18:37:43.018517+00:00,95.35,0.022,0.15,0.0,-0.0489,-0.0024,8735.75,3,195.918,113.662,step
2026-08-31T18:37:43.020107+00:00,95.301,0.0222,0.15,0.0,-0.0487,-0.0022,8733.8,3,198.992,113.684,step
2026-08-31T18:37:43.021687+00:00,95.253,0.0224,0.15,0.0,-0.0485,-0.0019,8733.92,3,200.0,113.706,step
2026-08-31T18:37:43.023324+00:00,95.206,0.0225,0.15,0.0,-0.0484,-0.0017,8732.87,3,200.0,113.728,step
2026-08-31T18:37:43.024876+00:00,95.16,0.0226,0.15,0.0,-0.0482,-0.0016,8730.2,3,200.0,113.75,step
2026-08-31T18:37:43.026603+00:00,95.116,0.0226,0.15,0.0,-0.0481,-0.0015,8726.4,3,200.0,113.772,step
2026-08-31T18:37:43.028171+00:00,95.072,0.0226,0.15,0.0,-0.048,-0.0014,8721.97,3,200.0,113.794,step
2026-08-31T18:37:43.029775+00:00,95.028,0.0226,0.15,0.0,-0.0479,-0.0014,8717.45,3,200.0,113.816,step
2026-08-31T18:37:43.031416+00:00,94.981,0.0225,0.15,0.0,-0.0477,-0.0014,8712.29,3,200.0,113.838,step
2026-08-31T18:37:43.033040+00:00,94.933,0.0223,0.15,0.0,-0.0476,-0.0015,8707.2,3,200.0,113.86,step
2026-08-31T18:37:43.034889+00:00,94.885,0.0223,0.15,0.0,-0.0475,-0.0015,8702.27,3,200.0,113.882,step
2026-08-31T18:37:43.036523+00:00,94.836,0.0222,0.15,0.0,-0.0474,-0.0014,8697.67,3,200.0,113.904,step
2026-08-31T18:37:43.038155+00:00,94.786,0.0223,0.15,0.0,-0.0473,-0.0014,8693.5,3,200.0,113.926,step
2026-08-31T18:37:43.039753+00:00,94.74,0.0224,0.15,0.0,-0.0472,-0.0012,8680.38,3,200.0,113.948,step
2026-08-31T18:37:43.041365+00:00,94.688,0.0226,0.8,0.0,-0.0471,-0.0009,8676.79,3,200.0,113.97,step
2026-08-31T18:37:43.043046+00:00,95.14,0.0228,0.15,0.0,-0.047,-0.0007,9121.6,3,200.0,113.992,step
2026-08-31T18:37:43.044627+00:00,95.333,0.0229,0.15,0.0,-0.0469,-0.0005,8740.62,3,200.0,114.014,step
2026-08-31T18:37:43.046214+00:00,95.279,0.0231,0.15,0.0,-0.0469,-0.0004,8739.07,3,200.0,114.036,step
2026-08-31T18:37:43.047750+00:00,95.227,0.0232,0.15,0.0,-0.0468,-0.0003,8736.31,3,200.0,114.058,step
2026-08-31T18:37:43.049354+00:00,95.177,0.0232,0.15,0.0,-0.0468,-0.0002,8732.11,3,200.0,114.08,step
2026-08-31T18:37:43.051153+00:00,95.126,0.0233,0.15,0.0,-0.0468,-0.0002,8727.16,3,200.0,114.102,step
2026-08-31T18:37:43.052722+00:00,95.073,0.0232,0.15,0.0,-0.0468,-0.0002,8721.17,3,200.0,114.124,step
2026-08-31T18:37:43.054334+00:00,95.02,0.0231,0.15,0.0,-0.0468,-0.0003,8715.57,3,200.0,114.146,step
2026-08-31T18:37:43.055858+00:00,94.965,0.0222,0.15,0.0,-0.0468,-0.0012,8710.24,3,200.0,114.168,step
2026-08-31T18:37:43.057404+00:00,94.911,0.0207,0.15,0.0,-0.0466,-0.0027,8705.1,3,200.0,114.19,step
2026-08-31T18:37:43.059234+00:00,94.858,0.0191,0.15,0.0,-0.0463,-0.0041,8696.47,3,200.0,114.212,step
2026-08-31T18:37:43.060710+00:00,94.804,0.0177,0.15,0.0,-0.0459,-0.0053,8687.71,3,200.0,114.234,step
2026-08-31T18:37:43.062188+00:00,94.747,0.0163,0.8,0.0,-0.0453,-0.0063,8683.99,3,200.0,114.256,step
2026-08-31T18:37:43.063658+00:00,95.179,0.015,0.15,0.0,-0.0447,-0.0074,9150.49,3,200.0,114.278,step
2026-08-31T18:37:43.065147+00:00,95.384,0.0136,0.15,0.0,-0.0439,-0.0083,8745.96,3,200.0,114.3,step
2026-08-31T18:37:43.066680+00:00,95.325,0.0123,0.15,0.0,-0.0431,-0.0092,8743.3,3,200.0,114.322,step
2026-08-31T18:37:43.068366+00:00,95.269,0.0111,0.15,0.0,-0.0422,-0.01,8739.7,3,200.0,114.344,step
2026-08-31T18:37:43.069873+00:00,95.213,0.0099,0.15,0.0,-0.0412,-0.0107,8735.02,3,200.0,114.366,step
2026-08-31T18:37:43.071357+00:00,95.158,0.0087,0.15,0.0,-0.0401,-0.0114,8729.72,3,200.0,114.388,step
2026-08-31T18:37:43.072828+00:00,95.102,0.0075,0.15,0.0,-0.039,-0.012,8724.05,3,200.0,114.41,step
2026-08-31T18:37:43.074413+00:00,95.046,0.0063,0.15,0.0,-0.0378,-0.0126,8718.27,3,200.0,114.432,step
2026-08-31T18:37:43.076133+00:00,94.989,0.0053,0.15,0.0,-0.0366,-0.013,8712.7,3,200.0,114.454,step
2026-08-31T18:37:43.077614+00:00,94.932,0.0042,0.8,0.0,-0.0353,-0.0134,8707.27,3,200.0,114.476,step
2026-08-31T18:37:43.079103+00:00,95.336,0.0033,0.15,0.0,-0.034,-0.0137,9214.2,3,200.0,114.498,step
2026-08-31T18:37:43.080553+00:00,95.573,0.0023,0.15,0.0,-0.0327,-0.014,8758.14,3,200.0,114.52,step
2026-08-31T18:37:43.082048+00:00,95.51,0.0015,0.15,0.0,-0.0313,-0.0141,8753.61,3,200.0,114.542,step
2026-08-31T18:37:43.083782+00:00,95.449,0.0007,0.15,0.0,-0.0299,-0.0143,8751.04,3,200.0,114.564,step
2026-08-31T18:37:43.085261+00:00,95.388,-0.0001,0.15,0.0,-0.0286,-0.0144,8748.6,3,200.0,114.586,step
2026-08-31T18:37:43.086763+00:00,95.329,-0.0008,0.15,0.0,-0.0272,-0.0144,8744.92,3,200.0,114.608,step
2026-08-31T18:37:43.088309+00:00,95.27,-0.0015,0.15,0.0,-0.0258,-0.0144,8740.2,3,200.0,114.63,step
2026-08-31T18:37:43.089814+00:00,95.212,-0.0021,0.15,0.0,-0.0244,-0.0143,8734.79,3,200.0,114.652,step
2026-08-31T18:37:43.091395+00:00,95.154,-0.0027,0.15,0.0,-0.023,-0.0142,8729.09,3,200.0,114.674,step
2026-08-31T18:37:43.093005+00:00,95.096,-0.0032,0.15,0.0,-0.0217,-0.0141,8723.49,3,200.0,114.696,step
2026-08-31T18:37:43.094502+00:00,95.037,-0.0037,0.15,0.0,-0.0203,-0.0139,8717.56,3,200.0,114.718,step
2026-08-31T18:37:43.096027+00:00,94.978,-0.0042,0.15,0.0,-0.019,-0.0137,8711.78,3,200.0,114.74,step
2026-08-31T18:37:43.097525+00:00,94.919,-0.0046,0.8,0.0,-0.0177,-0.0134,8706.17,3,200.0,114.762,step
2026-08-31T18:37:43.099070+00:00,95.322,-0.005,0.15,0.0,-0.0164,-0.0132,9212.6,3,200.0,114.784,step
2026-08-31T18:37:43.100878+00:00,95.554,-0.0053,0.15,0.0,-0.0151,-0.0129,8759.98,3,200.0,114.806,step
2026-08-31T18:37:43.102372+00:00,95.492,-0.0056,0.15,0.0,-0.0139,-0.0126,8752.47,3,200.0,114.828,step
2026-08-31T18:37:43.103893+00:00,95.428,-0.0059,0.15,0.0,-0.0127,-0.0123,8748.71,3,200.0,114.85,step
2026-08-31T18:37:43.105456+00:00,95.365,-0.0062,0.15,0.0,-0.0115,-0.0119,8746.03,3,200.0,114.872,step
2026-08-31T18:37:43.106978+00:00,95.303,-0.0064,0.15,0.0,-0.0104,-0.0116,8742.21,3,200.0,114.894,step
2026-08-31T18:37:43.108486+00:00,95.242,-0.0066,0.15,0.0,-0.0093,-0.0112,8737.54,3,200.0,114.916,step
2026-08-31T18:37:43.110265+00:00,95.182,-0.0067,0.15,0.0,-0.0082,-0.0108,8731.92,3,200.0,114.938,step
2026-08-31T18:37:43.111787+00:00,95.122,-0.0068,0.15,0.0,-0.0072,-0.0104,8726.23,3,200.0,114.96,step
2026-08-31T18:37:43.113315+00:00,95.062,-0.0069,0.15,0.0,-0.0062,-0.0099,8720.31,3,200.0,114.982,step
2026-08-31T18:37:43.114854+00:00,95.001,-0.0069,0.15,0.0,-0.0052,-0.0095,8714.52,3,200.0,115.004,step
2026-08-31T18:37:43.116543+00:00,94.94,-0.0069,0.15,0.0,-0.0043,-0.0091,8708.61,3,200.0,115.026,step
2026-08-31T18:37:43.118317+00:00,94.879,-0.0069,0.8,0.0,-0.0035,-0.0086,8702.75,3,200.0,115.048,step
2026-08-31T18:37:43.119872+00:00,95.277,-0.0068,0.15,0.0,-0.0027,-0.0082,9208.48,3,200.0,115.07,step
2026-08-31T18:37:43.121442+00:00,95.507,-0.0068,0.15,0.0,-0.0019,-0.0077,8757.72,3,200.0,115.092,step
2026-08-31T18:37:43.123042+00:00,95.444,-0.0067,0.15,0.0,-0.0011,-0.0073,8749.0,3,200.0,115.114,step
2026-08-31T18:37:43.124665+00:00,95.379,-0.0067,0.15,0.0,-0.0005,-0.0069,8744.33,3,200.0,115.136,step
2026-08-31T18:37:43.126271+00:00,95.315,-0.0066,0.15,0.0,0.0002,-0.0065,8741.16,3,200.0,115.158,step
2026-08-31T18:37:43.127814+00:00,95.251,-0.0065,0.15,0.0,0.0008,-0.0061,8737.15,3,200.0,115.18,step
2026-08-31T18:37:43.129354+00:00,95.188,-0.0063,0.15,0.0,0.0014,-0.0056,8732.26,3,200.0,115.202,step
2026-08-31T18:37:43.130895+00:00,95.126,-0.0062,0.15,0.0,0.0019,-0.0053,8726.72,3,200.0,115.224,step
2026-08-31T18:37:43.132445+00:00,95.064,-0.0061,0.15,0.0,0.0024,-0.0049,8720.92,3,200.0,115.246,step
2026-08-31T18:37:43.134193+00:00,95.003,-0.0059,0.15,0.0,0.0029,-0.0045,8715.05,3,200.0,115.268,step
2026-08-31T18:37:43.135795+00:00,94.941,-0.0058,0.15,0.0,0.0033,-0.0041,8709.06,3,200.0,115.29,step
2026-08-31T18:37:43.137384+00:00,94.879,-0.0056,0.8,0.0,0.0037,-0.0038,8703.2,3,200.0,115.312,step
2026-08-31T18:37:43.139009+00:00,95.275,-0.0054,0.15,0.0,0.004,-0.0034,9213.16,3,200.0,115.334,step
2026-08-31T18:37:43.140598+00:00,95.507,-0.0052,0.15,0.0,0.0044,-0.003,8757.84,3,200.0,115.356,step
2026-08-31T18:37:43.142315+00:00,95.441,-0.005,0.15,0.0,0.0047,-0.0027,8751.47,3,200.0,115.378,step
2026-08-31T18:37:43.144038+00:00,95.377,-0.0048,0.15,0.0,0.0049,-0.0024,8745.76,3,200.0,115.4,step
2026-08-31T18:37:43.145665+00:00,95.313,-0.0046,0.15,0.0,0.0051,-0.0021,8740.12,3,200.0,115.422,step
2026-08-31T18:37:43.147264+00:00,95.248,-0.0045,0.15,0.0,0.0053,-0.0018,8735.88,3,200.0,115.444,step
2026-08-31T18:37:43.148859+00:00,95.184,-0.0043,0.15,0.0,0.0055,-0.0015,8731.16,3,200.0,115.466,step
2026-08-31T18:37:43.150638+00:00,95.121,-0.0041,0.15,0.0,0.0056,-0.0013,8725.76,3,200.0,115.488,step
2026-08-31T18:37:43.152365+00:00,95.057,-0.0039,0.15,0.0,0.0057,-0.001,8720.09,3,200.0,115.51,step
2026-08-31T18:37:43.154008+00:00,94.995,-0.0037,0.15,0.0,0.0058,-0.0008,8714.19,3,200.0,115.532,step
2026-08-31T18:37:43.155625+00:00,94.932,-0.0035,0.8,0.0,0.0059,-0.0006,8708.34,3,200.0,115.554,step
2026-08-31T18:37:43.157256+00:00,95.325,-0.0033,0.15,0.0,0.0059,-0.0003,9222.73,3,200.0,115.576,step
2026-08-31T18:37:43.159041+00:00,95.559,-0.003,0.15,0.0,0.006,-0.0001,8763.14,3,200.0,115.598,step
2026-08-31T18:37:43.160640+00:00,95.493,-0.0029,0.15,0.0,0.006,0.0001,8756.47,3,200.0,115.62,step
2026-08-31T18:37:43.162228+00:00,95.428,-0.0027,0.15,0.0,0.0059,0.0003,8751.76,3,200.0,115.642,step
2026-08-31T18:37:43.163793+00:00,95.363,-0.0025,0.15,0.0,0.0059,0.0005,8746.91,3,200.0,115.664,step
2026-08-31T18:37:43.165361+00:00,95.298,-0.0023,0.15,0.0,0.0059,0.0006,8741.8,3,200.0,115.686,step
2026-08-31T18:37:43.167172+00:00,95.235,-0.0021,0.15,0.0,0.0058,0.0008,8734.7,3,200.0,115.708,step
2026-08-31T18:37:43.168792+00:00,95.171,-0.002,0.15,0.0,0.0057,0.0009,8729.32,3,200.0,115.73,step
2026-08-31T18:37:43.170395+00:00,95.106,-0.0018,0.15,0.0,0.0056,0.001,8723.87,3,199.985,115.752,step
2026-08-31T18:37:43.171981+00:00,95.043,-0.0016,0.15,0.0,0.0055,0.0011,8718.17,3,199.494,115.774,step
2026-08-31T18:37:43.173632+00:00,94.979,-0.0015,0.8,0.0,0.0054,0.0012,8712.49,3,199.002,115.796,step
2026-08-31T18:37:43.175434+00:00,95.374,-0.0013,0.15,0.0,0.0053,0.0013,9226.17,3,198.495,115.818,step
2026-08-31T18:37:43.177160+00:00,95.606,-0.0011,0.15,0.0,0.0051,0.0014,8767.59,3,197.97,115.84,step
2026-08-31T18:37:43.178808+00:00,95.54,-0.001,0.15,0.0,0.005,0.0015,8760.9,3,197.437,115.862,step
2026-08-31T18:37:43.180494+00:00,95.475,-0.0009,0.15,0.0,0.0049,0.0016,8756.12,3,196.903,115.884,step
2026-08-31T18:37:43.182276+00:00,95.408,-0.0007,0.15,0.0,0.0047,0.0016,8750.79,3,196.372,115.906,step
2026-08-31T18:37:43.184352+00:00,95.341,-0.0006,0.15,0.0,0.0045,0.0017,8744.99,3,195.841,115.928,step
2026-08-31T18:37:43.186095+00:00,95.273,-0.0011,0.15,0.0,0.0044,0.0011,8739.15,3,195.31,115.95,step
2026-08-31T18:37:43.187829+00:00,95.206,-0.0023,0.15,0.0,0.0043,-0.0001,8733.04,3,194.777,115.972,step
2026-08-31T18:37:43.189567+00:00,95.141,-0.0034,0.15,0.0,0.0044,-0.0012,8723.34,3,194.262,115.994,step
2026-08-31T18:37:43.191421+00:00,95.074,-0.0046,0.15,0.0,0.0046,-0.0023,8715.07,3,193.781,116.016,step
2026-08-31T18:37:43.193209+00:00,95.005,-0.0057,0.15,0.0,0.0048,-0.0033,8710.11,3,193.353,116.038,step
2026-08-31T18:37:43.194903+00:00,94.936,-0.0068,0.15,0.0,0.0052,-0.0042,8706.37,3,192.983,116.06,step
2026-08-31T18:37:43.196621+00:00,94.868,-0.0079,0.8,0.0,0.0056,-0.005,8702.45,3,192.663,116.082,step
2026-08-31T18:37:43.198316+00:00,95.254,-0.0089,0.15,0.0,0.0061,-0.0058,9218.06,3,192.41,116.104,step
2026-08-31T18:37:43.200242+00:00,95.484,-0.0099,0.15,0.0,0.0067,-0.0065,8757.46,3,192.22,116.126,step
2026-08-31T18:37:43.202156+00:00,95.413,-0.0108,0.15,0.0,0.0074,-0.0071,8750.61,3,192.06,116.148,step
2026-08-31T18:37:43.203934+00:00,95.343,-0.0117,0.15,0.0,0.0081,-0.0077,8744.83,3,191.961,116.17,step
2026-08-31T18:37:43.205674+00:00,95.271,-0.0126,0.15,0.0,0.0089,-0.0081,8738.92,3,191.913,116.192,step
2026-08-31T18:37:43.207425+00:00,95.2,-0.0134,0.15,0.0,0.0097,-0.0086,8732.51,3,191.906,116.214,step
2026-08-31T18:37:43.209371+00:00,95.129,-0.0142,0.15,0.0,0.0105,-0.009,8726.24,3,191.918,116.236,step
2026-08-31T18:37:43.211071+00:00,95.061,-0.0151,0.15,0.0,0.0114,-0.0094,8713.13,3,191.934,116.258,step
2026-08-31T18:37:43.212814+00:00,94.988,-0.016,0.15,0.0,0.0123,-0.0098,8707.0,3,191.949,116.28,step
2026-08-31T18:37:43.214548+00:00,94.914,-0.0168,0.15,0.0,0.0133,-0.0101,8702.73,3,192.002,116.302,step
2026-08-31T18:37:43.216241+00:00,94.841,-0.0176,0.15,0.0,0.0142,-0.0104,8699.04,3,192.114,116.324,step
2026-08-31T18:37:43.218087+00:00,94.769,-0.0182,0.8,0.0,0.0152,-0.0106,8694.37,3,192.294,116.346,step
2026-08-31T18:37:43.219779+00:00,95.147,-0.0188,0.15,0.0,0.0163,-0.0107,9214.34,3,192.554,116.368,step
2026-08-31T18:37:43.221495+00:00,95.377,-0.0194,0.15,0.0,0.0173,-0.0107,8748.16,3,192.89,116.39,step
2026-08-31T18:37:43.223231+00:00,95.303,-0.0199,0.15,0.0,0.0183,-0.0108,8740.98,3,193.196,116.412,step
2026-08-31T18:37:43.224995+00:00,95.231,-0.0205,0.15,0.0,0.0194,-0.0108,8735.35,3,193.524,116.434,step
2026-08-31T18:37:43.227064+00:00,95.158,-0.021,0.15,0.0,0.0204,-0.0108,8729.32,3,193.904,116.456,step
2026-08-31T18:37:43.228814+00:00,95.087,-0.0214,0.15,0.0,0.0215,-0.0107,8723.09,3,194.328,116.478,step
2026-08-31T18:37:43.230645+00:00,95.015,-0.0219,0.15,0.0,0.0225,-0.0106,8716.48,3,194.774,116.5,step
2026-08-31T18:37:43.232325+00:00,94.944,-0.0223,0.15,0.0,0.0236,-0.0105,8709.77,3,195.254,116.522,step
2026-08-31T18:37:43.234193+00:00,94.872,-0.0226,0.15,0.0,0.0246,-0.0103,8703.1,3,195.765,116.544,step
2026-08-31T18:37:43.235833+00:00,94.801,-0.0229,0.15,0.0,0.0256,-0.0101,8696.49,3,196.312,116.566,step
2026-08-31T18:37:43.237480+00:00,94.73,-0.0232,0.15,0.0,0.0266,-0.0099,8689.92,3,196.891,116.588,step
2026-08-31T18:37:43.239120+00:00,94.659,-0.0235,0.8,0.0,0.0275,-0.0097,8683.53,3,197.489,116.61,step
2026-08-31T18:37:43.240777+00:00,95.04,-0.0237,0.15,0.0,0.0285,-0.0094,9190.57,3,198.13,116.632,step
2026-08-31T18:37:43.242772+00:00,95.264,-0.0238,0.15,0.0,0.0294,-0.0091,8736.36,3,198.818,116.654,step
2026-08-31T18:37:43.244504+00:00,95.192,-0.0241,0.15,0.0,0.0303,-0.009,8729.64,3,199.386,116.676,step
2026-08-31T18:37:43.246183+00:00,95.121,-0.0245,0.15,0.0,0.0312,-0.0089,8725.21,3,199.929,116.698,step
2026-08-31T18:37:43.247831+00:00,95.053,-0.0248,0.15,0.0,0.0321,-0.0087,8720.09,3,200.0,116.72,step
2026-08-31T18:37:43.249573+00:00,94.984,-0.025,0.15,0.0,0.033,-0.0085,8714.21,3,200.0,116.742,step
2026-08-31T18:37:43.251485+00:00,94.909,-0.025,0.15,0.0,0.0338,-0.0081,8721.29,3,200.0,116.764,step
2026-08-31T18:37:43.253085+00:00,94.847,-0.0249,0.15,0.0,0.0346,-0.0076,8710.05,3,133.648,116.786,step
2026-08-31T18:37:43.254671+00:00,94.784,-0.0248,0.15,0.0,0.0354,-0.0071,8699.19,3,130.084,116.808,step
2026-08-31T18:37:43.256253+00:00,94.719,-0.0247,0.15,0.0,0.0361,-0.0067,8690.38,3,126.72,116.83,step
2026-08-31T18:37:43.257910+00:00,94.653,-0.0247,0.8,0.0,0.0368,-0.0063,8682.29,3,123.555,116.852,step
2026-08-31T18:37:43.259771+00:00,95.047,-0.0246,0.15,0.0,0.0374,-0.0058,9172.12,3,120.505,116.874,step
2026-08-31T18:37:43.261358+00:00,95.263,-0.0244,0.0,0.15,0.038,-0.0054,8733.78,3,117.545,116.896,step
2026-08-31T18:37:43.262994+00:00,94.803,-0.0245,0.0,0.15,0.0386,-0.0052,8554.99,3,114.997,116.918,step
2026-08-31T18:37:43.264585+00:00,94.132,-0.0247,0.0,0.15,0.0392,-0.0051,8482.97,3,112.676,116.94,step
2026-08-31T18:37:43.266194+00:00,93.407,-0.0248,0.0,0.15,0.0397,-0.005,8408.44,3,110.367,116.962,step
2026-08-31T18:37:43.268245+00:00,92.678,-0.0248,0.0,0.15,0.0403,-0.0047,8337.98,3,107.915,116.984,step
2026-08-31T18:37:43.269832+00:00,91.969,-0.0245,0.15,0.0,0.0408,-0.0041,8275.05,3,105.313,117.006,step
2026-08-31T18:37:43.271376+00:00,91.689,-0.0239,0.15,0.0,0.0412,-0.0032,8450.45,3,102.405,117.028,step
2026-08-31T18:37:43.272927+00:00,91.647,-0.0231,0.15,0.0,0.0417,-0.0022,8432.56,3,99.4682,117.05,step
2026-08-31T18:37:43.274471+00:00,91.606,-0.0225,0.15,0.0,0.0421,-0.0014,8412.29,3,96.9307,117.072,step
2026-08-31T18:37:43.276259+00:00,91.558,-0.0222,0.15,0.0,0.0424,-0.001,8399.73,3,94.7698,117.094,step
2026-08-31T18:37:43.277747+00:00,91.507,-0.022,0.15,0.0,0.0426,-0.0007,8391.24,3,92.8797,117.116,step
2026-08-31T18:37:43.279339+00:00,91.455,-0.022,0.15,0.0,0.0428,-0.0006,8385.28,3,91.1404,117.138,step
2026-08-31T18:37:43.280968+00:00,91.402,-0.022,0.15,0.0,0.0429,-0.0005,8380.96,3,89.4788,117.16,step
2026-08-31T18:37:43.282563+00:00,91.352,-0.0221,0.15,0.0,0.043,-0.0007,8379.43,3,88.0173,117.182,step
2026-08-31T18:37:43.284377+00:00,91.307,-0.0226,0.15,0.0,0.0431,-0.001,8378.4,3,86.7719,117.204,step
2026-08-31T18:37:43.285966+00:00,91.265,-0.022,0.15,0.0,0.0432,-0.0004,8376.4,3,85.5372,117.226,step
2026-08-31T18:37:43.287478+00:00,91.225,-0.0198,0.15,0.0,0.0431,0.0018,8372.4,3,84.1676,117.248,step
2026-08-31T18:37:43.288985+00:00,91.186,-0.0174,0.15,0.0,0.0429,0.004,8367.61,3,82.7159,117.27,step
2026-08-31T18:37:43.290527+00:00,91.073,-0.0147,0.15,0.0,0.0424,0.0065,8481.55,3,81.1519,117.292,step
2026-08-31T18:37:43.292170+00:00,91.077,-0.0117,0.15,0.0,0.0418,0.0092,8418.3,3,79.4665,117.314,step
2026-08-31T18:37:43.293660+00:00,91.073,-0.0089,0.15,0.0,0.041,0.0116,8368.19,3,78.025,117.336,step
2026-08-31T18:37:43.295136+00:00,91.043,-0.0063,0.15,0.0,0.0399,0.0137,8353.82,3,76.8652,117.358,step
2026-08-31T18:37:43.296575+00:00,91.007,-0.004,0.15,0.0,0.0387,0.0154,8345.46,3,75.9362,117.38,step
2026-08-31T18:37:43.298033+00:00,90.969,-0.0018,0.15,0.0,0.0373,0.0169,8340.13,3,75.1602,117.402,step
2026-08-31T18:37:43.299510+00:00,90.929,0.0003,0.15,0.0,0.0358,0.0182,8336.63,3,74.4836,117.424,step
2026-08-31T18:37:43.301235+00:00,90.89,0.0024,0.15,0.0,0.034,0.0194,8334.71,3,73.8837,117.446,step
2026-08-31T18:37:43.302815+00:00,90.855,0.0045,0.15,0.0,0.0322,0.0206,8335.12,3,73.3435,117.468,step
2026-08-31T18:37:43.304359+00:00,90.824,0.0065,0.15,0.0,0.0303,0.0216,8335.0,3,72.852,117.49,step
2026-08-31T18:37:43.305838+00:00,90.797,0.0085,0.15,0.0,0.0283,0.0226,8333.54,3,72.4134,117.512,step
2026-08-31T18:37:43.307341+00:00,90.771,0.0104,0.15,0.0,0.0262,0.0234,8330.54,3,72.0566,117.534,step
2026-08-31T18:37:43.309218+00:00,90.744,0.0122,0.15,0.0,0.024,0.0241,8328.75,3,71.7993,117.556,step
2026-08-31T18:37:43.310722+00:00,90.653,0.0137,0.15,0.0,0.0217,0.0246,8431.83,3,71.7165,117.578,step
2026-08-31T18:37:43.312189+00:00,90.674,0.015,0.15,0.0,0.0194,0.0247,8364.21,3,71.8121,117.6,step
2026-08-31T18:37:43.313576+00:00,90.674,0.0163,0.15,0.0,0.0171,0.0248,8329.22,3,71.9385,117.622,step
2026-08-31T18:37:43.315028+00:00,90.656,0.0176,0.15,0.0,0.0147,0.025,8317.5,3,72.0519,117.644,step
2026-08-31T18:37:43.316721+00:00,90.633,0.0189,0.15,0.0,0.0124,0.0251,8310.86,3,72.1718,117.666,step
2026-08-31T18:37:43.318201+00:00,90.607,0.0202,0.15,0.0,0.0101,0.0253,8306.98,3,72.3212,117.688,step
2026-08-31T18:37:43.319669+00:00,90.58,0.0214,0.15,0.0,0.0078,0.0253,8304.75,3,72.5137,117.71,step
2026-08-31T18:37:43.321191+00:00,90.554,0.0226,0.15,0.0,0.0055,0.0253,8304.19,3,72.7535,117.732,step
2026-08-31T18:37:43.322706+00:00,90.531,0.0239,0.15,0.0,0.0031,0.0254,8305.19,3,72.9706,117.754,step
2026-08-31T18:37:43.324296+00:00,90.511,0.0251,0.15,0.0,0.0008,0.0255,8305.53,3,73.1854,117.776,step
2026-08-31T18:37:43.325991+00:00,90.493,0.0263,0.15,0.0,-0.0016,0.0255,8304.65,3,73.4653,117.798,step
2026-08-31T18:37:43.327553+00:00,90.476,0.0273,0.15,0.0,-0.0039,0.0253,8302.71,3,73.8841,117.82,step
2026-08-31T18:37:43.329041+00:00,90.459,0.0281,0.15,0.0,-0.0062,0.025,8302.7,3,74.4609,117.842,step
2026-08-31T18:37:43.330506+00:00,90.413,0.0285,0.15,0.0,-0.0085,0.0243,8350.41,3,75.3496,117.864,step
2026-08-31T18:37:43.332015+00:00,90.424,0.0287,0.15,0.0,-0.0107,0.0234,8313.42,3,76.472,117.886,step
2026-08-31T18:37:43.333574+00:00,90.417,0.0289,0.15,0.0,-0.0129,0.0225,8301.35,3,77.6153,117.908,step
2026-08-31T18:37:43.335151+00:00,90.405,0.0292,0.15,0.0,-0.015,0.0217,8294.28,3,78.7296,117.93,step
2026-08-31T18:37:43.336643+00:00,90.39,0.0295,0.15,0.0,-0.0171,0.021,8289.66,3,79.8091,117.952,step
2026-08-31T18:37:43.338163+00:00,90.374,0.0299,0.15,0.0,-0.019,0.0204,8286.97,3,80.8997,117.974,step
2026-08-31T18:37:43.339730+00:00,90.357,0.0302,0.15,0.0,-0.0208,0.0198,8285.6,3,82.0395,117.996,step
2026-08-31T18:37:43.341252+00:00,90.34,0.0305,0.15,0.0,-0.0226,0.0192,8285.37,3,83.2376,118.018,step
2026-08-31T18:37:43.342979+00:00,90.325,0.0308,0.15,0.0,-0.0244,0.0186,8286.3,3,84.4174,118.04,step
2026-08-31T18:37:43.344510+00:00,90.313,0.0312,0.15,0.0,-0.0261,0.0182,8286.54,3,85.6222,118.062,step
2026-08-31T18:37:43.346068+00:00,90.302,0.0315,0.15,0.0,-0.0277,0.0176,8286.09,3,86.9217,118.084,step
2026-08-31T18:37:43.347593+00:00,90.292,0.0317,0.15,0.0,-0.0293,0.017,8284.86,3,88.3854,118.106,step
2026-08-31T18:37:43.349173+00:00,90.281,0.0317,0.15,0.0,-0.0308,0.0163,8283.9,3,90.065,118.128,step
2026-08-31T18:37:43.350864+00:00,90.261,0.0315,0.15,0.0,-0.0323,0.0154,8302.73,3,92.1336,118.15,step
2026-08-31T18:37:43.352387+00:00,90.261,0.0312,0.15,0.0,-0.0337,0.0143,8289.67,3,94.4885,118.172,step
2026-08-31T18:37:43.353913+00:00,90.255,0.0309,0.15,0.0,-0.0351,0.0134,8284.03,3,96.9113,118.194,step
2026-08-31T18:37:43.355459+00:00,90.248,0.0307,0.8,0.0,-0.0363,0.0125,8279.7,3,163.461,118.216,step
2026-08-31T18:37:43.356953+00:00,90.696,0.0304,0.8,0.0,-0.0375,0.0117,8736.31,3,161.559,118.238,step
2026-08-31T18:37:43.358460+00:00,91.404,0.0301,0.8,0.0,-0.0386,0.0108,8811.11,3,159.648,118.26,step
2026-08-31T18:37:43.360315+00:00,92.14,0.0298,0.8,0.0,-0.0396,0.01,8851.72,3,157.787,118.282,step
2026-08-31T18:37:43.361869+00:00,92.87,0.0296,0.8,0.0,-0.0406,0.0093,8908.6,3,156.004,118.304,step
2026-08-31T18:37:43.363510+00:00,93.591,0.0295,0.8,0.0,-0.0416,0.0087,8988.97,3,154.319,118.326,step
2026-08-31T18:37:43.365160+00:00,94.303,0.0294,0.8,0.0,-0.0425,0.0082,9092.23,3,152.679,118.348,step
2026-08-31T18:37:43.366745+00:00,95.022,0.0293,0.15,0.0,-0.0434,0.0076,9199.4,3,151.029,118.37,step
2026-08-31T18:37:43.368535+00:00,95.305,0.0292,0.15,0.0,-0.0442,0.0071,8739.26,3,149.396,118.392,step
2026-08-31T18:37:43.370108+00:00,95.282,0.029,0.15,0.0,-0.0449,0.0066,8744.62,3,147.798,118.414,step
2026-08-31T18:37:43.371743+00:00,95.265,0.0287,0.15,0.0,-0.0456,0.0059,8745.6,3,146.126,118.436,step
2026-08-31T18:37:43.373341+00:00,95.252,0.0282,0.15,0.0,-0.0462,0.0051,8740.7,3,144.43,118.458,step
2026-08-31T18:37:43.374891+00:00,95.237,0.0277,0.15,0.0,-0.0467,0.0044,8736.91,3,142.769,118.48,step
2026-08-31T18:37:43.376666+00:00,95.222,0.0273,0.15,0.0,-0.0472,0.0037,8734.12,3,141.156,118.502,step
2026-08-31T18:37:43.378187+00:00,95.206,0.0269,0.15,0.0,-0.0476,0.0031,8731.49,3,139.601,118.524,step
2026-08-31T18:37:43.379772+00:00,95.189,0.0265,0.15,0.0,-0.0479,0.0025,8729.33,3,138.096,118.546,step
2026-08-31T18:37:43.381416+00:00,95.173,0.0261,0.15,0.0,-0.0482,0.002,8727.64,3,136.639,118.568,step
2026-08-31T18:37:43.383011+00:00,95.157,0.0258,0.15,0.0,-0.0484,0.0016,8726.27,3,135.217,118.59,step
2026-08-31T18:37:43.384799+00:00,95.14,0.0254,0.15,0.0,-0.0486,0.0011,8725.21,3,133.817,118.612,step
2026-08-31T18:37:43.386368+00:00,95.123,0.0251,0.15,0.0,-0.0487,0.0007,8724.06,3,132.443,118.634,step
2026-08-31T18:37:43.387914+00:00,95.107,0.0248,0.15,0.0,-0.0488,0.0003,8722.8,3,131.095,118.656,step
2026-08-31T18:37:43.389457+00:00,95.091,0.0244,0.15,0.0,-0.0489,-0.0,8721.45,3,129.764,118.678,step
2026-08-31T18:37:43.390969+00:00,95.075,0.0241,0.15,0.0,-0.0489,-0.0004,8719.36,3,128.46,118.7,step
2026-08-31T18:37:43.392607+00:00,95.059,0.0237,0.15,0.0,-0.0489,-0.0007,8718.11,3,127.183,118.722,step
2026-08-31T18:37:43.394067+00:00,95.043,0.0234,0.15,0.0,-0.0488,-0.001,8716.8,3,125.921,118.744,step
2026-08-31T18:37:43.395547+00:00,95.027,0.0231,0.15,0.0,-0.0487,-0.0013,8715.35,3,124.681,118.766,step
2026-08-31T18:37:43.397006+00:00,95.011,0.0228,0.15,0.0,-0.0486,-0.0015,8713.89,3,123.463,118.788,step
2026-08-31T18:37:43.398549+00:00,94.995,0.0225,0.15,0.0,-0.0485,-0.0018,8712.5,3,122.258,118.81,step
2026-08-31T18:37:43.400275+00:00,94.979,0.0222,0.15,0.0,-0.0483,-0.002,8711.06,3,121.074,118.832,step
2026-08-31T18:37:43.401898+00:00,94.963,0.0219,0.0,0.15,-0.0482,-0.0022,8709.46,3,119.904,118.854,step
2026-08-31T18:37:43.403462+00:00,94.488,0.0215,0.0,0.15,-0.048,-0.0025,8521.36,3,118.71,118.876,step
2026-08-31T18:37:43.405033+00:00,93.833,0.021,0.0,0.15,-0.0477,-0.0029,8457.81,3,117.493,118.898,step
2026-08-31T18:37:43.406578+00:00,93.18,0.0205,0.0,0.15,-0.0475,-0.0033,8396.22,3,116.281,118.92,step
2026-08-31T18:37:43.408140+00:00,92.528,0.0199,0.0,0.15,-0.0472,-0.0037,8336.52,3,115.099,118.942,step
2026-08-31T18:37:43.409891+00:00,91.868,0.0195,0.15,0.0,-0.0469,-0.004,8291.06,3,113.951,118.964,step
2026-08-31T18:37:43.411373+00:00,91.669,0.0191,0.15,0.0,-0.0466,-0.0042,8406.81,3,112.871,118.986,step
2026-08-31T18:37:43.412826+00:00,91.655,0.0189,0.15,0.0,-0.0463,-0.0043,8404.97,3,111.857,119.008,step
2026-08-31T18:37:43.414288+00:00,91.642,0.0187,0.15,0.0,-0.0459,-0.0042,8404.16,3,110.875,119.03,step
2026-08-31T18:37:43.415773+00:00,91.628,0.0186,0.15,0.0,-0.0455,-0.0042,8404.23,3,109.911,119.052,step
2026-08-31T18:37:43.417500+00:00,91.615,0.0185,0.15,0.0,-0.0452,-0.0041,8404.04,3,108.953,119.074,step
2026-08-31T18:37:43.419014+00:00,91.603,0.0184,0.15,0.0,-0.0448,-0.004,8403.35,3,108.009,119.096,step
2026-08-31T18:37:43.420504+00:00,91.59,0.0183,0.15,0.0,-0.0444,-0.0039,8402.47,3,107.076,119.118,step
2026-08-31T18:37:43.422004+00:00,91.578,0.0182,0.15,0.0,-0.044,-0.0038,8401.01,3,106.144,119.14,step
2026-08-31T18:37:43.423475+00:00,91.565,0.0181,0.15,0.0,-0.0437,-0.0038,8399.56,3,105.21,119.162,step
2026-08-31T18:37:43.424994+00:00,91.551,0.0179,0.15,0.0,-0.0433,-0.0038,8398.17,3,104.28,119.184,step
2026-08-31T18:37:43.426623+00:00,91.538,0.0166,0.15,0.0,-0.0429,-0.0048,8396.83,3,103.356,119.206,step
2026-08-31T18:37:43.428037+00:00,91.524,0.0153,0.15,0.0,-0.0424,-0.0059,8395.52,3,102.448,119.228,step
2026-08-31T18:37:43.429429+00:00,91.512,0.014,0.15,0.0,-0.0418,-0.0069,8392.12,3,101.572,119.25,step
2026-08-31T18:37:43.430797+00:00,91.498,0.0128,0.15,0.0,-0.0412,-0.0077,8390.85,3,100.734,119.272,step
2026-08-31T18:37:43.432252+00:00,91.484,0.0117,0.15,0.0,-0.0404,-0.0085,8390.39,3,99.9235,119.294,step
2026-08-31T18:37:43.433774+00:00,91.469,0.0105,0.15,0.0,-0.0396,-0.0093,8390.23,3,99.133,119.316,step
2026-08-31T18:37:43.435238+00:00,91.455,0.0094,0.15,0.0,-0.0387,-0.01,8389.59,3,98.3572,119.338,step
2026-08-31T18:37:43.436597+00:00,91.442,0.0083,0.15,0.0,-0.0377,-0.0106,8388.58,3,97.6081,119.36,step
2026-08-31T18:37:43.437949+00:00,91.429,0.0073,0.15,0.0,-0.0367,-0.0111,8387.42,3,96.8862,119.382,step
2026-08-31T18:37:43.439316+00:00,91.416,0.0063,0.15,0.0,-0.0357,-0.0116,8386.08,3,96.1857,119.404,step
2026-08-31T18:37:43.440671+00:00,91.403,0.0053,0.15,0.0,-0.0346,-0.012,8384.94,3,95.506,119.426,step
2026-08-31T18:37:43.442200+00:00,91.392,0.0044,0.15,0.0,-0.0334,-0.0123,8384.02,3,94.8468,119.448,step
2026-08-31T18:37:43.443566+00:00,91.38,0.0036,0.15,0.0,-0.0323,-0.0126,8383.01,3,94.2068,119.47,step
2026-08-31T18:37:43.444940+00:00,91.369,0.0027,0.15,0.0,-0.0311,-0.0128,8381.92,3,93.5787,119.492,step
2026-08-31T18:37:43.446327+00:00,91.358,0.002,0.15,0.0,-0.03,-0.013,8380.73,3,92.9611,119.514,step
2026-08-31T18:37:43.447704+00:00,91.344,0.0012,0.15,0.0,-0.0288,-0.0132,8385.75,3,92.3563,119.536,step
2026-08-31T18:37:43.449037+00:00,91.336,0.0005,0.15,0.0,-0.0276,-0.0133,8382.11,3,91.7659,119.558,step
2026-08-31T18:37:43.450413+00:00,91.327,-0.0002,0.15,0.0,-0.0264,-0.0134,8379.45,3,91.193,119.58,step
2026-08-31T18:37:43.451936+00:00,91.317,-0.0008,0.15,0.0,-0.0251,-0.0134,8377.24,3,90.63,119.602,step
2026-08-31T18:37:43.453256+00:00,91.308,-0.0014,0.15,0.0,-0.0239,-0.0134,8375.34,3,90.0778,119.624,step
2026-08-31T18:37:43.454596+00:00,91.297,-0.0019,0.15,0.0,-0.0227,-0.0133,8373.87,3,89.5342,119.646,step
2026-08-31T18:37:43.455908+00:00,91.286,-0.0025,0.15,0.0,-0.0215,-0.0132,8372.8,3,89.0005,119.668,step
2026-08-31T18:37:43.457272+00:00,91.275,-0.003,0.15,0.0,-0.0203,-0.0131,8372.04,3,88.474,119.69,step
2026-08-31T18:37:43.458791+00:00,91.265,-0.0034,0.15,0.0,-0.0191,-0.013,8371.64,3,87.9547,119.712,step
2026-08-31T18:37:43.460245+00:00,91.255,-0.0039,0.15,0.0,-0.0179,-0.0128,8371.18,3,87.4413,119.734,step
2026-08-31T18:37:43.461621+00:00,91.246,-0.0043,0.15,0.0,-0.0167,-0.0126,8370.63,3,86.9372,119.756,step
2026-08-31T18:37:43.462984+00:00,91.237,-0.0046,0.15,0.0,-0.0156,-0.0124,8369.76,3,86.44,119.778,step
2026-08-31T18:37:43.464314+00:00,91.228,-0.0049,0.15,0.0,-0.0144,-0.0121,8368.74,3,85.95,119.8,step
2026-08-31T18:37:43.465703+00:00,91.217,-0.0052,0.15,0.0,-0.0133,-0.0119,8371.76,3,85.4672,119.822,step
2026-08-31T18:37:43.467146+00:00,91.21,-0.0055,0.15,0.0,-0.0122,-0.0116,8369.12,3,84.9872,119.844,step
2026-08-31T18:37:43.468520+00:00,91.202,-0.0057,0.15,0.0,-0.0112,-0.0113,8367.33,3,84.5088,119.866,step
2026-08-31T18:37:43.469821+00:00,91.194,-0.0059,0.15,0.0,-0.0101,-0.011,8365.65,3,84.0363,119.888,step
2026-08-31T18:37:43.471125+00:00,91.185,-0.0061,0.15,0.0,-0.0091,-0.0106,8364.24,3,83.5693,119.91,step
2026-08-31T18:37:43.472420+00:00,91.176,-0.0062,0.15,0.0,-0.0081,-0.0103,8363.09,3,83.1034,119.932,step
2026-08-31T18:37:43.473813+00:00,91.167,-0.0063,0.15,0.0,-0.0072,-0.0099,8362.29,3,82.6388,119.954,step
2026-08-31T18:37:43.475213+00:00,91.158,-0.0064,0.15,0.0,-0.0063,-0.0096,8361.55,3,82.174,119.976,step
2026-08-31T18:37:43.476787+00:00,91.15,-0.0065,0.15,0.0,-0.0055,-0.0092,8361.16,3,81.7077,119.998,step
2026-08-31T18:37:43.478138+00:00,91.141,-0.0066,0.15,0.0,-0.0046,-0.0089,8360.72,3,81.2407,120.02,step
2026-08-31T18:37:43.479455+00:00,91.133,-0.0066,0.15,0.0,-0.0038,-0.0085,8360.06,3,80.7805,120.042,step
2026-08-31T18:37:43.480795+00:00,91.125,-0.0066,0.15,0.0,-0.0031,-0.0081,8359.3,3,80.3265,120.064,step
2026-08-31T18:37:43.482119+00:00,91.117,-0.0065,0.15,0.0,-0.0023,-0.0077,8358.56,3,79.8744,120.086,step
2026-08-31T18:37:43.483496+00:00,91.108,-0.0064,0.15,0.0,-0.0017,-0.0073,8359.6,3,79.425,120.108,step
2026-08-31T18:37:43.485024+00:00,91.101,-0.0064,0.15,0.0,-0.001,-0.0069,8357.96,3,78.9694,120.13,step
2026-08-31T18:37:43.486379+00:00,91.094,-0.0063,0.15,0.0,-0.0004,-0.0065,8356.77,3,78.5061,120.152,step
2026-08-31T18:37:43.487718+00:00,91.086,-0.0062,0.15,0.0,0.0002,-0.0061,8355.65,3,78.0407,120.174,step
2026-08-31T18:37:43.489026+00:00,91.079,-0.0061,0.15,0.0,0.0008,-0.0058,8354.61,3,77.5733,120.196,step
2026-08-31T18:37:43.490371+00:00,91.071,-0.0061,0.15,0.0,0.0013,-0.0054,8353.74,3,77.1046,120.218,step
2026-08-31T18:37:43.491975+00:00,91.063,-0.0059,0.15,0.0,0.0018,-0.0051,8353.0,3,76.635,120.24,step
2026-08-31T18:37:43.493480+00:00,91.055,-0.0058,0.15,0.0,0.0022,-0.0047,8352.44,3,76.1662,120.262,step
2026-08-31T18:37:43.494863+00:00,91.047,-0.0057,0.15,0.0,0.0026,-0.0043,8351.82,3,75.6962,120.284,step
2026-08-31T18:37:43.496234+00:00,91.039,-0.0055,0.15,0.0,0.003,-0.004,8351.19,3,75.2256,120.306,step
2026-08-31T18:37:43.497545+00:00,91.031,-0.0053,0.15,0.0,0.0034,-0.0036,8350.56,3,74.7551,120.328,step
2026-08-31T18:37:43.498902+00:00,91.024,-0.0052,0.15,0.0,0.0037,-0.0033,8349.91,3,74.2785,120.35,step
2026-08-31T18:37:43.500515+00:00,91.016,-0.005,0.15,0.0,0.004,-0.003,8349.25,3,73.7949,120.372,step
2026-08-31T18:37:43.501870+00:00,91.008,-0.0049,0.15,0.0,0.0043,-0.0027,8348.45,3,73.3081,120.394,step
2026-08-31T18:37:43.503245+00:00,91.001,-0.0047,0.15,0.0,0.0045,-0.0024,8347.77,3,72.821,120.416,step
2026-08-31T18:37:43.504608+00:00,90.993,-0.0045,0.15,0.0,0.0047,-0.0021,8347.07,3,72.3338,120.438,step
2026-08-31T18:37:43.505907+00:00,90.985,-0.0043,0.15,0.0,0.0049,-0.0019,8346.36,3,71.8397,120.46,step
2026-08-31T18:37:43.507290+00:00,90.978,-0.0042,0.15,0.0,0.005,-0.0016,8345.61,3,71.3388,120.482,step
2026-08-31T18:37:43.508781+00:00,90.97,-0.004,0.15,0.0,0.0052,-0.0014,8344.9,3,70.8349,120.504,step
2026-08-31T18:37:43.510164+00:00,90.963,-0.0038,0.15,0.0,0.0053,-0.0012,8344.19,3,70.3311,120.526,step
2026-08-31T18:37:43.511522+00:00,90.955,-0.0037,0.15,0.0,0.0054,-0.001,8343.51,3,69.827,120.548,step
2026-08-31T18:37:43.512925+00:00,90.947,-0.0035,0.15,0.0,0.0055,-0.0007,8342.72,3,69.3227,120.57,step
2026-08-31T18:37:43.514361+00:00,90.939,-0.0033,0.15,0.0,0.0055,-0.0005,8341.92,3,68.8121,120.592,step
2026-08-31T18:37:43.515722+00:00,90.931,-0.0031,0.15,0.0,0.0056,-0.0003,8341.17,3,68.2971,120.614,step
2026-08-31T18:37:43.517241+00:00,90.923,-0.003,0.15,0.0,0.0056,-0.0002,8340.45,3,67.78,120.636,step
2026-08-31T18:37:43.518630+00:00,90.915,-0.0028,0.15,0.0,0.0056,0.0,8339.86,3,67.2644,120.658,step
2026-08-31T18:37:43.520007+00:00,90.907,-0.0026,0.15,0.0,0.0055,0.0002,8337.8,3,66.7478,120.68,step
2026-08-31T18:37:43.521329+00:00,90.898,-0.0024,0.15,0.0,0.0055,0.0004,8337.18,3,66.2297,120.702,step
2026-08-31T18:37:43.522673+00:00,90.89,-0.0022,0.15,0.0,0.0055,0.0005,8336.96,3,65.7066,120.724,step
2026-08-31T18:37:43.524009+00:00,90.881,-0.0021,0.15,0.0,0.0055,0.0006,8336.77,3,65.1779,120.746,step
2026-08-31T18:37:43.525545+00:00,90.873,-0.002,0.15,0.0,0.0054,0.0008,8336.12,3,64.6473,120.768,step
2026-08-31T18:37:43.526885+00:00,90.865,-0.0018,0.15,0.0,0.0054,0.0009,8335.49,3,64.1157,120.79,step
2026-08-31T18:37:43.528226+00:00,90.856,-0.0016,0.15,0.0,0.0053,0.001,8334.77,3,63.5857,120.812,step
2026-08-31T18:37:43.529584+00:00,90.848,-0.0015,0.15,0.0,0.0051,0.0011,8334.0,3,63.0555,120.834,step
2026-08-31T18:37:43.530959+00:00,90.84,-0.0013,0.15,0.0,0.005,0.0012,8332.96,3,62.5197,120.856,step
2026-08-31T18:37:43.532326+00:00,90.831,-0.0012,0.15,0.0,0.0049,0.0013,8332.02,3,61.9793,120.878,step
2026-08-31T18:37:43.533928+00:00,90.821,-0.0011,0.15,0.0,0.0048,0.0013,8331.1,3,61.4378,120.9,step
2026-08-31T18:37:43.535308+00:00,90.812,-0.0009,0.15,0.0,0.0047,0.0014,8330.24,3,60.8959,120.922,step
2026-08-31T18:37:43.536627+00:00,90.802,-0.0008,0.15,0.0,0.0046,0.0015,8329.52,3,60.3538,120.944,step
2026-08-31T18:37:43.537947+00:00,90.794,-0.0007,0.15,0.0,0.0044,0.0015,8326.13,3,59.8112,120.966,step
2026-08-31T18:37:43.539288+00:00,90.784,-0.0006,0.15,0.0,0.0043,0.0016,8325.58,3,59.2681,120.988,step
2026-08-31T18:37:43.540685+00:00,90.773,-0.0004,0.0,0.15,0.0042,0.0017,8325.87,3,58.7254,121.01,step
2026-08-31T18:37:43.542199+00:00,90.322,-0.0003,0.0,0.15,0.004,0.0017,8148.09,3,58.1829,121.032,step
2026-08-31T18:37:43.543558+00:00,89.68,-0.0002,0.0,0.15,0.0039,0.0018,8084.57,3,57.6455,121.054,step
2026-08-31T18:37:43.544901+00:00,89.039,-0.0,0.0,0.15,0.0037,0.0019,8023.91,3,57.1126,121.076,step
2026-08-31T18:37:43.546222+00:00,88.4,0.0002,0.0,0.15,0.0035,0.0019,7966.0,3,56.584,121.098,step
2026-08-31T18:37:43.547572+00:00,87.761,0.0003,0.0,0.15,0.0034,0.002,7909.61,3,56.0583,121.12,step
2026-08-31T18:37:43.549006+00:00,87.12,0.0004,0.0,0.15,0.0032,0.0021,7853.72,3,55.5366,121.142,step
2026-08-31T18:37:43.550570+00:00,86.49,0.0006,0.0,0.15,0.0031,0.0021,7798.63,3,55.0182,121.164,step
2026-08-31T18:37:43.551976+00:00,85.862,0.0007,0.0,0.15,0.0029,0.0022,7743.05,3,54.4988,121.186,step
2026-08-31T18:37:43.553342+00:00,85.237,0.0008,0.0,0.15,0.0027,0.0022,7687.3,3,53.9778,121.208,step
2026-08-31T18:37:43.554740+00:00,84.614,0.0009,0.0,0.15,0.0025,0.0022,7631.32,3,53.4589,121.23,step
2026-08-31T18:37:43.556117+00:00,83.986,0.001,0.0,0.15,0.0024,0.0022,7582.64,3,52.9432,121.252,step
2026-08-31T18:37:43.557506+00:00,83.364,0.0011,0.0,0.15,0.0022,0.0022,7526.71,3,52.4307,121.274,step
2026-08-31T18:37:43.559069+00:00,82.745,0.0012,0.0,0.15,0.002,0.0022,7468.26,3,51.9216,121.296,step
2026-08-31T18:37:43.560451+00:00,82.128,0.0012,0.0,0.15,0.0019,0.0022,7409.55,3,51.4159,121.318,step
2026-08-31T18:37:43.561840+00:00,81.512,0.0013,0.0,0.15,0.0017,0.0021,7352.38,3,50.9138,121.34,step
2026-08-31T18:37:43.563208+00:00,80.899,0.0014,0.0,0.15,0.0015,0.0021,7296.62,3,50.4155,121.362,step
2026-08-31T18:37:43.564598+00:00,80.287,0.0014,0.0,0.15,0.0014,0.0021,7241.81,3,49.9205,121.384,step
2026-08-31T18:37:43.566059+00:00,79.677,0.0015,0.0,0.15,0.0012,0.0021,7187.48,2,49.4291,121.406,step
2026-08-31T18:37:43.567582+00:00,79.089,0.0016,0.0,0.15,0.001,0.0021,9032.8,2,48.9403,121.428,step
2026-08-31T18:37:43.569007+00:00,78.506,0.0016,0.0,0.15,0.0009,0.002,9009.35,2,48.4474,121.45,step
2026-08-31T18:37:43.570459+00:00,77.891,0.0015,0.0,0.15,0.0007,0.0019,8823.09,2,47.9509,121.472,step
2026-08-31T18:37:43.571885+00:00,77.223,0.0014,0.0,0.15,0.0006,0.0017,8747.0,2,47.448,121.494,step
2026-08-31T18:37:43.573297+00:00,76.558,0.0013,0.0,0.15,0.0005,0.0015,8671.5,2,46.9492,121.516,step
2026-08-31T18:37:43.574736+00:00,75.896,0.0012,0.0,0.15,0.0004,0.0013,8596.92,2,46.4568,121.538,step
2026-08-31T18:37:43.576397+00:00,75.237,0.001,0.0,0.15,0.0003,0.0012,8522.74,2,45.97,121.56,step
2026-08-31T18:37:43.577823+00:00,74.571,0.0009,0.0,0.15,0.0002,0.001,8463.79,2,45.4883,121.582,step
2026-08-31T18:37:43.579236+00:00,73.916,0.0008,0.0,0.15,0.0001,0.0009,8389.04,2,45.0125,121.604,step
2026-08-31T18:37:43.580635+00:00,73.266,-0.1993,0.0,0.15,0.0,0.0007,8310.51,2,44.5423,121.626,step
2026-08-31T18:37:43.582041+00:00,72.63,-0.1969,0.0,0.15,-0.0003,0.0029,8233.96,2,44.4217,121.648,step
2026-08-31T18:37:43.583433+00:00,71.944,-0.1899,0.0,0.15,-0.0012,0.0095,8152.04,2,44.9702,121.67,step
2026-08-31T18:37:43.584999+00:00,71.277,0.0196,0.0,0.15,-0.0028,0.0182,8072.44,2,45.9042,121.692,step
2026-08-31T18:37:43.586371+00:00,70.643,0.0273,0.8,0.0,-0.0046,0.025,8003.38,2,46.5974,121.714,step
2026-08-31T18:37:43.587762+00:00,70.9,0.0298,0.8,0.0,-0.0064,0.0266,9052.7,2,46.4349,121.736,step
2026-08-31T18:37:43.589161+00:00,71.683,0.0302,0.0,0.15,-0.008,0.0262,9558.82,2,45.914,121.758,step
2026-08-31T18:37:43.590626+00:00,71.861,0.0299,0.0,0.15,-0.0097,0.025,8167.72,2,45.2821,121.78,step
2026-08-31T18:37:43.592192+00:00,71.194,-0.1707,0.0,0.15,-0.0112,0.0237,8093.18,2,44.6224,121.802,step
2026-08-31T18:37:43.593637+00:00,70.567,-0.1689,0.0,0.15,-0.013,0.0246,8011.24,2,44.3345,121.824,step
2026-08-31T18:37:43.595029+00:00,69.892,-0.1624,0.0,0.15,-0.0153,0.0299,7925.68,2,44.7801,121.846,step
2026-08-31T18:37:43.596500+00:00,69.241,0.0465,0.8,0.0,-0.0182,0.0374,7845.57,2,45.6143,121.868,step
2026-08-31T18:37:43.597965+00:00,69.487,0.0532,0.8,0.0,-0.0212,0.0426,8875.71,2,46.1062,121.89,step
2026-08-31T18:37:43.599369+00:00,70.243,0.0548,0.8,0.0,-0.0241,0.0428,9381.4,2,45.7067,121.912,step
2026-08-31T18:37:43.600846+00:00,71.155,-0.1457,0.0,0.15,-0.0268,0.0409,9676.0,2,44.9385,121.934,step
2026-08-31T18:37:43.602241+00:00,71.458,-0.1448,0.0,0.15,-0.0297,0.0403,8134.83,2,44.4052,121.956,step
2026-08-31T18:37:43.603645+00:00,70.774,-0.1403,0.0,0.15,-0.0329,0.0433,8053.75,2,44.4775,121.978,step
2026-08-31T18:37:43.605061+00:00,70.1,-0.1335,0.0,0.15,-0.0366,0.0482,7958.28,2,44.9162,122.0,step
2026-08-31T18:37:43.606435+00:00,69.449,0.0747,0.8,0.0,-0.0406,0.0543,7869.81,2,45.611,122.022,step
2026-08-31T18:37:43.607888+00:00,69.684,0.0806,0.8,0.0,-0.0448,0.0582,8936.49,2,45.9051,122.044,step
2026-08-31T18:37:43.609539+00:00,70.422,0.0812,0.0,0.15,-0.0487,0.0568,9480.74,2,45.217,122.066,step
2026-08-31T18:37:43.610959+00:00,70.628,-0.1204,0.0,0.15,-0.0523,0.0534,8024.92,2,44.1671,122.088,step
2026-08-31T18:37:43.612390+00:00,69.996,-0.1199,0.0,0.15,-0.056,0.0521,7951.45,2,43.4942,122.11,step
2026-08-31T18:37:43.613842+00:00,69.331,-0.1152,0.0,0.15,-0.06,0.0548,7868.1,2,43.5502,122.132,step
2026-08-31T18:37:43.615287+00:00,68.658,-0.1083,0.0,0.15,-0.0643,0.0596,7787.13,2,43.99,122.154,step
2026-08-31T18:37:43.616818+00:00,68.017,-0.1001,0.0,0.15,-0.0691,0.0654,7713.12,2,44.6624,122.176,step
2026-08-31T18:37:43.618439+00:00,67.387,0.1082,0.8,0.0,-0.0741,0.0712,7643.96,2,45.3775,122.198,step
2026-08-31T18:37:43.619939+00:00,67.668,0.113,0.8,0.0,-0.0792,0.0734,8594.06,2,45.4224,122.22,step
2026-08-31T18:37:43.621438+00:00,68.423,-0.0913,0.0,0.15,-0.0838,0.0668,9000.01,2,44.3421,122.242,step
2026-08-31T18:37:43.622945+00:00,68.524,-0.0988,0.0,0.15,-0.0879,0.0573,7794.85,2,43.4038,122.264,step
2026-08-31T18:37:43.624532+00:00,67.873,-0.1022,0.0,0.15,-0.0918,0.0519,7718.88,2,43.2344,122.286,step
2026-08-31T18:37:43.626226+00:00,67.218,-0.1038,0.0,0.15,-0.0955,0.0484,7649.97,2,43.4221,122.308,step
2026-08-31T18:37:43.627767+00:00,66.556,-0.1047,0.0,0.15,-0.0991,0.0458,7581.79,2,43.7878,122.33,step
2026-08-31T18:37:43.629365+00:00,65.896,-0.1049,0.0,0.15,-0.1026,0.0438,7495.35,2,44.3008,122.352,step
2026-08-31T18:37:43.630923+00:00,65.268,-0.1046,0.0,0.15,-0.1059,0.0425,7412.88,2,44.9623,122.374,step
2026-08-31T18:37:43.632475+00:00,64.645,0.0959,0.8,0.0,-0.1091,0.0414,7335.09,2,45.7113,122.396,step
2026-08-31T18:37:43.634242+00:00,64.899,0.0933,0.8,0.0,-0.1119,0.0373,8247.36,2,45.8364,122.418,step
2026-08-31T18:37:43.635733+00:00,65.62,-0.1139,0.0,0.15,-0.1139,0.0291,8630.38,2,44.8709,122.44,step
2026-08-31T18:37:43.637293+00:00,65.699,-0.1203,0.0,0.15,-0.1155,0.0219,7473.46,2,44.0988,122.462,step
2026-08-31T18:37:43.638824+00:00,65.046,-0.1228,0.0,0.15,-0.1171,0.0186,7396.59,2,44.1582,122.484,step
2026-08-31T18:37:43.640368+00:00,64.389,-0.1234,0.0,0.15,-0.1186,0.0172,7331.68,2,44.6312,122.506,step
2026-08-31T18:37:43.641994+00:00,63.743,0.0768,0.8,0.0,-0.1202,0.0167,7252.49,2,45.3235,122.528,step
2026-08-31T18:37:43.643689+00:00,64.034,0.0746,0.8,0.0,-0.1215,0.0139,8036.02,2,45.5122,122.55,step
2026-08-31T18:37:43.645243+00:00,64.782,-0.1324,0.0,0.15,-0.1221,0.0066,8310.9,2,44.6735,122.572,step
2026-08-31T18:37:43.646797+00:00,64.724,-0.1384,0.0,0.15,-0.1223,0.0004,7368.56,2,44.1046,122.594,step
2026-08-31T18:37:43.648317+00:00,64.066,-0.1403,0.0,0.15,-0.1225,-0.0016,7283.34,2,44.4734,122.616,step
2026-08-31T18:37:43.649925+00:00,63.426,0.0606,0.8,0.0,-0.1229,-0.0009,7200.45,2,45.3308,122.638,step
2026-08-31T18:37:43.651672+00:00,63.658,0.0596,0.8,0.0,-0.1231,-0.002,8084.24,2,45.7887,122.66,step
2026-08-31T18:37:43.653175+00:00,64.372,0.054,0.8,0.0,-0.1228,-0.0074,8442.77,2,45.2053,122.682,step
2026-08-31T18:37:43.654709+00:00,65.232,-0.1534,0.0,0.15,-0.1219,-0.0143,8612.72,2,44.2674,122.704,step
2026-08-31T18:37:43.656230+00:00,65.322,-0.1591,0.0,0.15,-0.1208,-0.0195,7447.06,2,43.7539,122.726,step
2026-08-31T18:37:43.657819+00:00,64.653,-0.161,0.0,0.15,-0.1197,-0.0209,7359.38,2,44.1254,122.748,step
2026-08-31T18:37:43.659669+00:00,63.99,0.0394,0.8,0.0,-0.1189,-0.0201,7268.77,2,45.0617,122.77,step
2026-08-31T18:37:43.661222+00:00,64.217,0.0384,0.8,0.0,-0.1179,-0.0206,8164.24,2,45.7081,122.792,step
2026-08-31T18:37:43.662787+00:00,64.934,0.0331,0.8,0.0,-0.1164,-0.0252,8539.5,2,45.3342,122.814,step
2026-08-31T18:37:43.664266+00:00,65.759,-0.1733,0.0,0.15,-0.1144,-0.0305,8802.39,2,44.622,122.836,step
2026-08-31T18:37:43.665824+00:00,65.915,-0.178,0.0,0.15,-0.1123,-0.0342,7499.88,2,44.3594,122.858,step
2026-08-31T18:37:43.667561+00:00,65.236,0.0212,0.8,0.0,-0.1104,-0.034,7417.79,2,45.0543,122.88,step
2026-08-31T18:37:43.669100+00:00,65.475,0.0201,0.8,0.0,-0.1085,-0.0342,8290.88,2,45.7176,122.902,step
2026-08-31T18:37:43.670634+00:00,66.22,0.0155,0.8,0.0,-0.1061,-0.0376,8647.63,2,45.5196,122.924,step
2026-08-31T18:37:43.672257+00:00,67.06,0.0096,0.8,0.0,-0.1033,-0.042,8909.66,2,45.0439,122.946,step
2026-08-31T18:37:43.673794+00:00,67.969,-0.1966,0.0,0.15,-0.1002,-0.0467,9102.0,2,44.5157,122.968,step
2026-08-31T18:37:43.675490+00:00,68.164,-0.2013,0.0,0.15,-0.0969,-0.0497,7755.79,2,44.4373,122.99,step
2026-08-31T18:37:43.677006+00:00,67.469,-0.0024,0.8,0.0,-0.0938,-0.0494,7667.91,2,45.2628,123.012,step
2026-08-31T18:37:43.678484+00:00,67.68,-0.0031,0.8,0.0,-0.0908,-0.0485,8612.94,2,46.1874,123.034,step
2026-08-31T18:37:43.679947+00:00,68.433,-0.0067,0.8,0.0,-0.0874,-0.0504,9038.9,2,46.3161,123.056,step
2026-08-31T18:37:43.681417+00:00,69.284,-0.0114,0.8,0.0,-0.0837,-0.0533,9375.1,2,46.1995,123.078,step
2026-08-31T18:37:43.682916+00:00,70.117,-0.0163,0.8,0.0,-0.0797,-0.0562,9792.2,2,46.0693,123.1,step
2026-08-31T18:37:43.684517+00:00,71.011,-0.0212,0.0,0.15,-0.0754,-0.0589,10101.7,2,45.9916,123.122,step
2026-08-31T18:37:43.686066+00:00,71.541,-0.0262,0.0,0.15,-0.0708,-0.0616,8138.65,2,45.9394,123.144,step
2026-08-31T18:37:43.687559+00:00,70.876,-0.0316,0.0,0.15,-0.0662,-0.0646,8050.87,2,45.7983,123.166,step
2026-08-31T18:37:43.689023+00:00,70.186,-0.0368,0.8,0.0,-0.0614,-0.0675,7958.24,2,45.7094,123.188,step
2026-08-31T18:37:43.690510+00:00,70.43,-0.0412,0.8,0.0,-0.0565,-0.0694,9050.55,2,45.7826,123.21,step
2026-08-31T18:37:43.692325+00:00,71.18,-0.045,0.0,0.15,-0.0514,-0.0707,9589.17,2,46.0772,123.232,step
2026-08-31T18:37:43.693864+00:00,71.381,-0.0485,0.8,0.0,-0.0462,-0.0717,8110.11,2,46.4854,123.254,step
2026-08-31T18:37:43.695348+00:00,71.596,-0.0522,0.8,0.0,-0.041,-0.0726,9294.2,2,46.9097,123.276,step
2026-08-31T18:37:43.696846+00:00,72.297,-0.0552,0.8,0.0,-0.0356,-0.073,9947.44,2,47.5762,123.298,step
2026-08-31T18:37:43.698397+00:00,73.13,-0.0581,0.8,0.0,-0.03,-0.0731,10381.3,2,48.3998,123.32,step
2026-08-31T18:37:43.699888+00:00,74.048,-0.0609,0.8,0.0,-0.0242,-0.073,10652.9,2,49.336,123.342,step
2026-08-31T18:37:43.701691+00:00,75.029,-0.0636,0.8,0.0,-0.0183,-0.0728,10798.8,2,50.432,123.364,step
2026-08-31T18:37:43.703213+00:00,76.05,-0.0657,0.8,0.0,-0.0122,-0.0718,10862.4,2,51.8122,123.386,step
2026-08-31T18:37:43.704707+00:00,77.093,-0.0672,0.8,0.0,-0.0059,-0.0701,10887.8,2,53.6144,123.408,step
2026-08-31T18:37:43.706227+00:00,78.137,-0.068,0.8,0.0,0.0003,-0.0679,10909.4,2,55.9315,123.43,step
2026-08-31T18:37:43.707755+00:00,78.763,-0.0679,0.8,0.0,0.0066,-0.0646,11680.7,2,59.2342,123.452,step
2026-08-31T18:37:43.709491+00:00,79.451,-0.0668,0.15,0.0,0.0129,-0.0603,12329.9,2,85.4602,123.474,step
2026-08-31T18:37:43.711071+00:00,80.25,-0.0659,0.15,0.0,0.0194,-0.0562,10781.2,3,84.4599,123.496,step
2026-08-31T18:37:43.712658+00:00,80.891,-0.0664,0.15,0.0,0.0259,-0.0535,8447.08,3,83.5365,123.518,step
2026-08-31T18:37:43.714163+00:00,80.841,-0.0694,0.15,0.0,0.0319,-0.0534,8457.85,3,82.7957,123.54,step
2026-08-31T18:37:43.715693+00:00,80.76,-0.0726,0.15,0.0,0.0375,-0.0539,7393.8,3,82.1002,123.562,step
2026-08-31T18:37:43.717446+00:00,80.726,-0.0752,0.15,0.0,0.0426,-0.0539,7411.51,3,81.3704,123.584,step
2026-08-31T18:37:43.718940+00:00,80.678,-0.0769,0.15,0.0,0.0474,-0.0532,7487.26,3,80.5787,123.606,step
2026-08-31T18:37:43.720460+00:00,80.686,-0.0767,0.15,0.0,0.0522,-0.0506,7481.85,3,79.6503,123.628,step
2026-08-31T18:37:43.722071+00:00,80.734,-0.077,0.15,0.0,0.0568,-0.0486,7429.85,3,78.7549,123.65,step
2026-08-31T18:37:43.723598+00:00,80.753,-0.0785,0.15,0.0,0.0613,-0.0478,7418.0,3,77.9436,123.672,step
2026-08-31T18:37:43.725078+00:00,80.768,-0.0802,0.15,0.0,0.0656,-0.0474,7413.08,3,77.1814,123.694,step
2026-08-31T18:37:43.726749+00:00,80.779,-0.0787,0.15,0.0,0.0695,-0.0439,7411.17,3,76.4211,123.716,step
2026-08-31T18:37:43.728174+00:00,80.79,-0.0768,0.15,0.0,0.073,-0.0403,7411.17,3,75.6415,123.738,step
2026-08-31T18:37:43.729643+00:00,80.788,-0.0745,0.15,0.0,0.0761,-0.0365,7434.76,3,74.8398,123.76,step
2026-08-31T18:37:43.731145+00:00,80.803,-0.0714,0.15,0.0,0.0788,-0.032,7442.26,3,73.9798,123.782,step
2026-08-31T18:37:43.732599+00:00,80.832,-0.0682,0.15,0.0,0.0813,-0.0275,7428.09,3,73.1206,123.804,step
2026-08-31T18:37:43.734257+00:00,80.854,-0.0653,0.15,0.0,0.0834,-0.0236,7424.74,3,72.2966,123.826,step
2026-08-31T18:37:43.735760+00:00,80.874,-0.0626,0.15,0.0,0.0852,-0.02,7422.9,3,71.5027,123.848,step
2026-08-31T18:37:43.737160+00:00,80.893,-0.06,0.15,0.0,0.0866,-0.0167,7422.45,3,70.7298,123.87,step
2026-08-31T18:37:43.738578+00:00,80.912,-0.0575,0.15,0.0,0.0878,-0.0136,7423.18,3,69.9707,123.892,step
2026-08-31T18:37:43.740042+00:00,80.93,-0.055,0.15,0.0,0.0886,-0.0107,7424.8,3,69.2203,123.914,step
2026-08-31T18:37:43.741463+00:00,80.946,-0.0524,0.15,0.0,0.0893,-0.0078,7431.2,3,68.4742,123.936,step
2026-08-31T18:37:43.743123+00:00,80.966,-0.0498,0.15,0.0,0.0896,-0.005,7432.27,3,67.7321,123.958,step
2026-08-31T18:37:43.744523+00:00,80.988,-0.0472,0.15,0.0,0.0898,-0.0023,7433.45,3,67.0026,123.98,step
2026-08-31T18:37:43.745944+00:00,81.01,-0.0447,0.15,0.0,0.0898,0.0002,7434.92,3,66.2879,124.002,step
2026-08-31T18:37:43.747355+00:00,81.031,-0.0422,0.15,0.0,0.0896,0.0025,7436.6,3,65.5848,124.024,step
2026-08-31T18:37:43.748749+00:00,81.053,-0.0398,0.15,0.0,0.0892,0.0048,7438.33,3,64.8917,124.046,step
2026-08-31T18:37:43.750190+00:00,81.075,-0.0374,0.15,0.0,0.0886,0.0069,7439.99,3,64.2075,124.068,step
2026-08-31T18:37:43.751755+00:00,81.097,-0.035,0.15,0.0,0.0878,0.0089,7442.84,3,63.5332,124.09,step
2026-08-31T18:37:43.753104+00:00,81.118,-0.0326,0.15,0.0,0.0869,0.0108,7447.72,3,62.865,124.112,step
2026-08-31T18:37:43.754483+00:00,81.143,-0.0303,0.15,0.0,0.0859,0.0127,7448.03,3,62.2059,124.134,step
2026-08-31T18:37:43.755844+00:00,81.167,-0.028,0.15,0.0,0.0847,0.0143,7449.43,3,61.5627,124.156,step
2026-08-31T18:37:43.757216+00:00,81.192,-0.0258,0.15,0.0,0.0834,0.0158,7450.95,3,60.9332,124.178,step
2026-08-31T18:37:43.758606+00:00,81.217,-0.0237,0.15,0.0,0.0819,0.0172,7452.68,3,60.3141,124.2,step
2026-08-31T18:37:43.759990+00:00,81.241,-0.0217,0.15,0.0,0.0804,0.0185,7454.64,3,59.7036,124.222,step
2026-08-31T18:37:43.761360+00:00,81.266,-0.0197,0.15,0.0,0.0787,0.0197,7456.76,3,59.1014,124.244,step
2026-08-31T18:37:43.762735+00:00,81.287,-0.0177,0.15,0.0,0.077,0.0208,7464.22,3,58.507,124.266,step
2026-08-31T18:37:43.764052+00:00,81.314,-0.0157,0.15,0.0,0.0752,0.0219,7464.92,3,57.9193,124.288,step
2026-08-31T18:37:43.765448+00:00,81.341,-0.0139,0.15,0.0,0.0733,0.0228,7465.76,3,57.3416,124.31,step
2026-08-31T18:37:43.766852+00:00,81.369,-0.0121,0.15,0.0,0.0714,0.0236,7467.51,3,56.7757,124.332,step
2026-08-31T18:37:43.768439+00:00,81.396,-0.0104,0.15,0.0,0.0693,0.0243,7469.34,3,56.2195,124.354,step
2026-08-31T18:37:43.769781+00:00,81.423,-0.0088,0.15,0.0,0.0673,0.0249,7471.36,3,55.6723,124.376,step
2026-08-31T18:37:43.771118+00:00,81.45,-0.0072,0.15,0.0,0.0652,0.0254,7473.53,3,55.1319,124.398,step
2026-08-31T18:37:43.772417+00:00,81.477,-0.0057,0.15,0.0,0.0631,0.0258,7475.93,3,54.5982,124.42,step
2026-08-31T18:37:43.773810+00:00,81.502,-0.0043,0.15,0.0,0.0609,0.0262,7483.64,3,54.0696,124.442,step
2026-08-31T18:37:43.775216+00:00,81.531,-0.0029,0.15,0.0,0.0586,0.0264,7483.99,3,53.5473,124.464,step
2026-08-31T18:37:43.776651+00:00,81.561,-0.0016,0.15,0.0,0.0564,0.0267,7485.53,3,53.0318,124.486,step
2026-08-31T18:37:43.777975+00:00,81.59,-0.0003,0.0,0.15,0.0542,0.0268,7487.47,3,52.5213,124.508,step
2026-08-31T18:37:43.779351+00:00,81.185,0.0009,0.0,0.15,0.0519,0.0269,7329.53,3,52.0169,124.53,step
2026-08-31T18:37:43.780741+00:00,80.592,0.0021,0.0,0.15,0.0497,0.0269,7273.06,3,51.52,124.552,step
2026-08-31T18:37:43.782102+00:00,80.003,0.0031,0.0,0.15,0.0475,0.0269,7218.17,3,51.0312,124.574,step
2026-08-31T18:37:43.783542+00:00,79.425,0.0041,0.0,0.15,0.0454,0.0268,7155.17,2,50.5507,124.596,step
2026-08-31T18:37:43.785000+00:00,78.865,0.005,0.0,0.15,0.0432,0.0267,8990.61,2,50.0794,124.618,step
2026-08-31T18:37:43.786340+00:00,78.328,0.0059,0.0,0.15,0.0411,0.0264,8967.54,2,49.6172,124.64,step
2026-08-31T18:37:43.787712+00:00,77.744,0.0066,0.0,0.15,0.039,0.0261,8802.11,2,49.1635,124.662,step
2026-08-31T18:37:43.789009+00:00,77.101,0.0072,0.0,0.15,0.037,0.0257,8731.92,2,48.7219,124.684,step
2026-08-31T18:37:43.790341+00:00,76.461,0.0077,0.0,0.15,0.0351,0.0252,8662.02,2,48.2883,124.706,step
2026-08-31T18:37:43.791983+00:00,75.824,0.0082,0.0,0.15,0.0331,0.0247,8591.85,2,47.8611,124.728,step
2026-08-31T18:37:43.793286+00:00,75.192,0.0085,0.0,0.15,0.0312,0.0242,8521.71,2,47.4395,124.75,step
2026-08-31T18:37:43.794648+00:00,74.575,0.0089,0.0,0.15,0.0294,0.0236,8435.2,2,47.0233,124.772,step
2026-08-31T18:37:43.796050+00:00,73.956,0.0091,0.0,0.15,0.0277,0.023,8366.28,2,46.6133,124.794,step
2026-08-31T18:37:43.797464+00:00,73.341,0.0094,0.0,0.15,0.0259,0.0223,8305.97,2,46.2069,124.816,step
2026-08-31T18:37:43.798833+00:00,72.728,0.0096,0.0,0.15,0.0243,0.0217,8241.71,2,45.8025,124.838,step
2026-08-31T18:37:43.800206+00:00,72.115,0.0098,0.0,0.15,0.0227,0.0211,8176.05,2,45.4014,124.86,step
2026-08-31T18:37:43.801810+00:00,71.503,0.0099,0.0,0.15,0.0212,0.0205,8109.46,2,45.0043,124.882,step
2026-08-31T18:37:43.803140+00:00,70.894,0.2101,0.0,0.15,0.0197,0.0199,8042.46,2,44.6103,124.904,step
2026-08-31T18:37:43.804491+00:00,70.298,0.2077,0.0,0.15,0.0185,0.017,7975.43,2,44.3752,124.926,step
2026-08-31T18:37:43.805816+00:00,69.653,0.2007,0.0,0.15,0.0181,0.0098,7900.27,2,44.4177,124.948,step
2026-08-31T18:37:43.807145+00:00,69.042,0.1914,0.0,0.15,0.0183,0.0005,7807.69,2,44.5866,124.97,step
2026-08-31T18:37:43.808640+00:00,68.432,0.1809,0.0,0.15,0.0191,-0.0096,7745.49,2,44.7912,124.992,step
2026-08-31T18:37:43.810079+00:00,67.84,0.1703,0.0,0.15,0.0205,-0.0195,7684.39,2,44.9681,125.014,step
2026-08-31T18:37:43.811401+00:00,67.245,-0.0399,0.8,0.0,0.0225,-0.0287,7621.88,2,45.0923,125.036,step
2026-08-31T18:37:43.812768+00:00,67.631,-0.0472,0.8,0.0,0.0248,-0.0348,8694.87,2,45.0299,125.058,step
2026-08-31T18:37:43.814113+00:00,68.46,0.1505,0.0,0.15,0.0269,-0.036,9102.23,2,44.6792,125.08,step
2026-08-31T18:37:43.815505+00:00,68.675,0.1484,0.0,0.15,0.0292,-0.037,7807.18,2,44.3139,125.102,step
2026-08-31T18:37:43.816849+00:00,68.047,0.1435,0.0,0.15,0.032,-0.0405,7737.47,2,44.0862,125.124,step
2026-08-31T18:37:43.818364+00:00,67.423,0.1367,0.0,0.15,0.0352,-0.0457,7656.16,2,43.9527,125.146,step
2026-08-31T18:37:43.819687+00:00,66.836,0.1285,0.0,0.15,0.0389,-0.052,7561.82,2,43.8783,125.168,step
2026-08-31T18:37:43.821015+00:00,66.245,0.1197,0.0,0.15,0.043,-0.0588,7500.19,2,43.8258,125.19,step
2026-08-31T18:37:43.822318+00:00,65.67,0.1109,0.0,0.15,0.0474,-0.0654,7443.16,2,43.7587,125.212,step
2026-08-31T18:37:43.823592+00:00,65.092,0.1024,0.0,0.15,0.0523,-0.0714,7383.79,2,43.6593,125.234,step
2026-08-31T18:37:43.825004+00:00,64.516,0.0944,0.0,0.15,0.0574,-0.0769,7322.43,2,43.53,125.256,step
2026-08-31T18:37:43.826641+00:00,63.943,0.0868,0.0,0.15,0.0628,-0.0818,7260.69,2,43.3754,125.278,step
2026-08-31T18:37:43.827959+00:00,63.375,0.0795,0.0,0.15,0.0685,-0.0863,7198.65,2,43.1997,125.3,step
2026-08-31T18:37:43.829277+00:00,62.81,-0.3276,0.0,0.15,0.0743,-0.0904,7136.22,2,43.0049,125.322,step
2026-08-31T18:37:43.830609+00:00,62.277,-0.3316,0.0,0.15,0.0802,-0.0915,7075.9,2,42.6748,125.344,step
2026-08-31T18:37:43.831959+00:00,61.671,-0.3287,0.0,0.15,0.0853,-0.086,7003.01,2,42.0443,125.366,step
2026-08-31T18:37:43.833510+00:00,61.041,0.0791,0.0,0.15,0.0896,-0.0761,6918.39,2,41.2123,125.388,step
2026-08-31T18:37:43.834892+00:00,60.473,0.0873,0.0,0.15,0.0932,-0.0661,6857.99,2,40.3797,125.41,step
2026-08-31T18:37:43.836227+00:00,59.921,0.0881,0.0,0.15,0.097,-0.0634,6807.58,2,39.884,125.432,step
2026-08-31T18:37:43.837583+00:00,59.351,0.0847,0.0,0.15,0.1011,-0.0648,6745.67,2,39.5857,125.454,step
2026-08-31T18:37:43.838892+00:00,58.798,0.0795,0.0,0.15,0.1053,-0.0678,6684.26,2,39.3608,125.476,step
2026-08-31T18:37:43.840239+00:00,58.25,0.0739,0.0,0.15,0.1098,-0.0712,6623.17,2,39.1545,125.498,step
2026-08-31T18:37:43.841590+00:00,57.708,0.0683,0.0,0.15,0.1145,-0.0745,6562.35,2,38.9468,125.52,step
2026-08-31T18:37:43.843098+00:00,57.169,0.0628,0.0,0.15,0.1192,-0.0775,6501.78,2,38.7312,125.542,step
2026-08-31T18:37:43.844411+00:00,56.634,0.0576,0.0,0.15,0.1241,-0.0804,6441.32,2,38.5069,125.564,step
2026-08-31T18:37:43.845731+00:00,56.102,0.0525,0.0,0.15,0.129,-0.083,6381.13,2,38.2744,125.586,step
2026-08-31T18:37:43.847021+00:00,55.581,0.0476,0.0,0.15,0.1341,-0.0854,6309.24,2,38.0341,125.608,step
2026-08-31T18:37:43.848333+00:00,55.052,0.0429,0.0,0.15,0.1392,-0.0876,6254.98,2,37.7873,125.63,step
2026-08-31T18:37:43.849700+00:00,54.528,0.0383,0.0,0.15,0.1443,-0.0895,6199.58,2,37.5333,125.652,step
2026-08-31T18:37:43.851189+00:00,54.01,0.034,0.0,0.15,0.1495,-0.0912,6143.17,2,37.2715,125.674,step
2026-08-31T18:37:43.852513+00:00,53.488,0.03,0.0,0.15,0.1547,-0.0927,6085.54,2,37.0029,125.696,step
2026-08-31T18:37:43.853871+00:00,52.966,0.0261,0.0,0.15,0.1599,-0.094,6027.32,2,36.7297,125.718,step
2026-08-31T18:37:43.855190+00:00,52.445,0.0224,0.0,0.15,0.1651,-0.0951,5968.74,2,36.4523,125.74,step
2026-08-31T18:37:43.856510+00:00,51.927,0.0188,0.0,0.15,0.1703,-0.0961,5910.2,2,36.1714,125.762,step
2026-08-31T18:37:43.857862+00:00,51.413,0.0154,0.0,0.15,0.1754,-0.0969,5851.76,2,35.8877,125.784,step
2026-08-31T18:37:43.859365+00:00,50.9,0.0122,0.0,0.15,0.1806,-0.0975,5793.67,2,35.6012,125.806,step
2026-08-31T18:37:43.860674+00:00,50.391,0.0091,0.0,0.15,0.1857,-0.0981,5735.95,2,35.3123,125.828,step
2026-08-31T18:37:43.862025+00:00,49.883,0.0061,0.0,0.15,0.1908,-0.0985,5677.16,1,35.0217,125.85,step
2026-08-31T18:37:43.863358+00:00,49.39,0.0033,0.0,0.15,0.1958,-0.0988,7614.31,1,34.7299,125.872,step
2026-08-31T18:37:43.864768+00:00,48.894,0.0007,0.0,0.15,0.2007,-0.099,7602.06,1,34.4362,125.894,step
2026-08-31T18:37:43.866101+00:00,48.366,-0.0019,0.0,0.15,0.2056,-0.099,7368.07,1,34.1426,125.916,step
2026-08-31T18:37:43.867661+00:00,47.811,-0.0043,0.0,0.15,0.2105,-0.0991,7287.5,1,33.85,125.938,step
2026-08-31T18:37:43.869127+00:00,47.254,-0.0067,0.0,0.15,0.2153,-0.099,7205.63,1,33.5579,125.96,step
2026-08-31T18:37:43.870464+00:00,46.7,-0.0089,0.15,0.0,0.22,-0.0989,7123.27,1,33.266,125.982,step
2026-08-31T18:37:43.871802+00:00,46.715,-0.011,0.15,0.0,0.2246,-0.0987,7308.5,1,32.9723,126.004,step
2026-08-31T18:37:43.873175+00:00,46.866,-0.013,0.15,0.0,0.2293,-0.0983,7328.0,1,32.6751,126.026,step
2026-08-31T18:37:43.874568+00:00,47.017,-0.0149,0.0,0.15,0.2339,-0.098,7348.81,1,32.375,126.048,step
2026-08-31T18:37:43.876029+00:00,46.601,-0.0168,0.15,0.0,0.2385,-0.0975,7118.76,1,32.0727,126.07,step
2026-08-31T18:37:43.877330+00:00,46.611,-0.0185,0.15,0.0,0.243,-0.097,7288.43,1,31.7698,126.092,step
2026-08-31T18:37:43.878675+00:00,46.762,-0.0202,0.15,0.0,0.2475,-0.0964,7311.4,1,31.4658,126.114,step
2026-08-31T18:37:43.880010+00:00,46.913,-0.0219,0.15,0.0,0.252,-0.0959,7335.15,1,31.1595,126.136,step
2026-08-31T18:37:43.881391+00:00,47.06,-0.0234,0.0,0.15,0.2564,-0.0952,7368.47,1,30.8498,126.158,step
2026-08-31T18:37:43.882845+00:00,46.659,-0.0249,0.15,0.0,0.2608,-0.0945,7114.88,1,30.5381,126.18,step
2026-08-31T18:37:43.884235+00:00,46.66,-0.0263,0.15,0.0,0.2652,-0.0937,7301.43,1,30.2267,126.202,step
2026-08-31T18:37:43.885588+00:00,46.814,-0.0276,0.15,0.0,0.2695,-0.0929,7322.24,1,29.9149,126.224,step
2026-08-31T18:37:43.886937+00:00,46.967,-0.0289,0.15,0.0,0.2737,-0.0921,7343.71,1,29.6013,126.246,step
2026-08-31T18:37:43.888289+00:00,47.12,-0.0302,0.0,0.15,0.278,-0.0912,7366.13,1,29.2861,126.268,step
2026-08-31T18:37:43.889647+00:00,46.711,-0.0314,0.15,0.0,0.2822,-0.0903,7132.92,1,28.969,126.29,step
2026-08-31T18:37:43.891020+00:00,46.716,-0.0324,0.15,0.0,0.2863,-0.0893,7306.02,1,28.6523,126.312,step
2026-08-31T18:37:43.892493+00:00,46.87,-0.0334,0.15,0.0,0.2903,-0.0883,7328.91,1,28.3351,126.334,step
2026-08-31T18:37:43.893809+00:00,47.023,-0.0344,0.0,0.15,0.2943,-0.0873,7352.08,1,28.0166,126.356,step
2026-08-31T18:37:43.895114+00:00,46.611,-0.0353,0.15,0.0,0.2983,-0.0862,7115.8,1,27.6965,126.378,step
2026-08-31T18:37:43.896431+00:00,46.62,-0.0361,0.0,0.15,0.3021,-0.0851,7292.11,1,27.3773,126.4,step
2026-08-31T18:37:43.897743+00:00,46.211,-0.0369,0.0,0.15,0.3059,-0.0839,7053.42,1,27.0581,126.422,step
2026-08-31T18:37:43.899078+00:00,45.68,-0.0375,0.0,0.15,0.3096,-0.0827,6953.46,1,26.7398,126.444,step
2026-08-31T18:37:43.900431+00:00,45.143,-0.038,0.0,0.15,0.3133,-0.0813,6877.97,1,26.4236,126.466,step
2026-08-31T18:37:43.901724+00:00,44.609,-0.0384,0.0,0.15,0.3168,-0.08,6803.85,1,26.1109,126.488,step
2026-08-31T18:37:43.903046+00:00,44.094,-0.0388,0.0,0.15,0.3202,-0.0787,6728.55,1,25.8026,126.51,step
2026-08-31T18:37:43.904407+00:00,43.577,-0.0392,0.0,0.15,0.3235,-0.0775,6652.53,1,25.4982,126.532,step
2026-08-31T18:37:43.905760+00:00,43.054,-0.0396,0.0,0.15,0.3267,-0.0762,6574.47,1,25.1983,126.554,step
2026-08-31T18:37:43.907110+00:00,42.53,-0.0399,0.0,0.15,0.3298,-0.075,6495.54,1,24.9019,126.576,step
2026-08-31T18:37:43.908448+00:00,42.012,-0.0401,0.0,0.15,0.3328,-0.0737,6418.17,1,24.6087,126.598,step
2026-08-31T18:37:43.909995+00:00,41.5,-0.0403,0.0,0.15,0.3357,-0.0725,6341.44,1,24.3191,126.62,step
2026-08-31T18:37:43.911332+00:00,40.993,-0.0373,0.0,0.15,0.3385,-0.068,6265.46,1,24.0332,126.642,step
2026-08-31T18:37:43.912708+00:00,40.491,-0.0289,0.0,0.15,0.341,-0.0584,6189.83,1,23.7526,126.664,step
2026-08-31T18:37:43.914104+00:00,39.994,-0.0207,0.0,0.15,0.343,-0.0492,6114.63,1,23.4807,126.686,step
2026-08-31T18:37:43.915473+00:00,39.5,-0.0126,0.0,0.15,0.3447,-0.0403,6039.68,1,23.2186,126.708,step
2026-08-31T18:37:43.916987+00:00,39.01,-0.0047,0.15,0.0,0.346,-0.0317,5965.12,1,22.9662,126.73,step
2026-08-31T18:37:43.918431+00:00,39.064,0.003,0.0,0.15,0.347,-0.0235,6113.82,1,22.7221,126.752,step
2026-08-31T18:37:43.919805+00:00,38.707,0.0107,0.0,0.15,0.3477,-0.0155,5884.93,1,22.4844,126.774,step
2026-08-31T18:37:43.921249+00:00,38.25,0.0182,0.0,0.15,0.3482,-0.0077,5832.72,1,22.2537,126.796,step
2026-08-31T18:37:43.922783+00:00,37.781,0.0257,0.0,0.15,0.3484,-0.0002,5769.25,1,22.0288,126.818,step
2026-08-31T18:37:43.924248+00:00,37.285,0.0329,0.0,0.15,0.3483,0.0071,5698.39,1,21.8126,126.84,step
2026-08-31T18:37:43.925773+00:00,36.782,0.0399,0.0,0.15,0.348,0.0139,5625.05,1,21.6068,126.862,step
2026-08-31T18:37:43.927178+00:00,36.3,0.0466,0.15,0.0,0.3475,0.0203,5554.07,1,21.4092,126.884,step
2026-08-31T18:37:43.928589+00:00,36.38,0.0533,0.0,0.15,0.3468,0.0267,5684.38,1,21.2156,126.906,step
2026-08-31T18:37:43.930007+00:00,36.002,0.0599,0.0,0.15,0.3459,0.0328,5512.79,1,21.0258,126.928,step
2026-08-31T18:37:43.931350+00:00,35.533,0.0665,0.0,0.15,0.3449,0.039,5440.53,1,20.8442,126.95,step
2026-08-31T18:37:43.932815+00:00,35.068,0.0731,0.15,0.0,0.3436,0.0449,5367.38,1,20.6693,126.972,step
2026-08-31T18:37:43.934282+00:00,35.16,0.0797,0.0,0.15,0.3422,0.0508,5491.91,1,20.4965,126.994,step
2026-08-31T18:37:43.935670+00:00,34.792,0.0862,0.0,0.15,0.3407,0.0566,5325.31,1,20.3271,127.016,step
2026-08-31T18:37:43.937086+00:00,34.334,0.0925,0.0,0.15,0.3389,0.062,5253.58,1,20.1654,127.038,step
2026-08-31T18:37:43.938505+00:00,33.876,0.0986,0.15,0.0,0.3371,0.0671,5235.99,1,20.0097,127.06,step
2026-08-31T18:37:43.939906+00:00,33.957,0.1046,0.0,0.15,0.3351,0.0722,5334.17,1,19.856,127.082,step
2026-08-31T18:37:43.941362+00:00,33.638,0.1105,0.0,0.15,0.333,0.077,5235.99,1,19.7058,127.104,step
2026-08-31T18:37:43.942939+00:00,33.193,0.1163,0.8,0.0,0.3307,0.0817,5235.99,1,19.5606,127.126,step
2026-08-31T18:37:43.944342+00:00,33.643,0.1221,0.0,0.15,0.3283,0.0863,6061.12,1,19.4153,127.148,step
2026-08-31T18:37:43.945781+00:00,33.651,0.1281,0.0,0.15,0.3258,0.091,5235.99,1,19.2668,127.17,step
2026-08-31T18:37:43.947164+00:00,33.182,0.1338,0.0,0.15,0.3231,0.0954,5235.99,1,19.1264,127.192,step
2026-08-31T18:37:43.948628+00:00,32.702,0.1392,0.0,0.15,0.3204,0.0993,5235.99,1,18.9939,127.214,step
2026-08-31T18:37:43.950093+00:00,32.241,0.1443,0.0,0.15,0.3176,0.1031,5235.99,1,18.867,127.236,step
2026-08-31T18:37:43.951742+00:00,31.786,0.1492,0.8,0.0,0.3148,0.1066,5235.99,1,18.7447,127.258,step
2026-08-31T18:37:43.953101+00:00,32.336,0.1543,0.0,0.15,0.3119,0.1102,5645.74,1,18.6207,127.28,step
2026-08-31T18:37:43.954475+00:00,32.225,0.1598,0.0,0.15,0.3089,0.1143,5235.99,1,18.4956,127.302,step
2026-08-31T18:37:43.955824+00:00,31.772,0.1651,0.0,0.15,0.3058,0.1179,5235.99,1,18.3776,127.324,step
2026-08-31T18:37:43.957186+00:00,31.319,0.1701,0.0,0.15,0.3026,0.1214,5235.99,1,18.2639,127.346,step
2026-08-31T18:37:43.958717+00:00,30.866,0.175,0.0,0.15,0.2994,0.1247,5235.99,1,18.1543,127.368,step
2026-08-31T18:37:43.960211+00:00,30.413,0.1797,0.8,0.0,0.2962,0.1278,5235.99,1,18.0486,127.39,step
2026-08-31T18:37:43.961624+00:00,30.954,0.1845,0.0,0.15,0.2929,0.1309,5397.11,1,17.941,127.412,step
2026-08-31T18:37:43.963028+00:00,30.839,0.1894,0.0,0.15,0.2895,0.1341,5235.99,1,17.8316,127.434,step
2026-08-31T18:37:43.964376+00:00,30.396,0.1939,0.0,0.15,0.2861,0.1369,5235.99,1,17.7296,127.456,step
2026-08-31T18:37:43.965773+00:00,29.949,0.1983,0.0,0.15,0.2826,0.1396,5235.99,1,17.6308,127.478,step
2026-08-31T18:37:43.967430+00:00,29.493,0.2025,0.8,0.0,0.2791,0.1421,5235.99,1,17.5353,127.5,step
2026-08-31T18:37:43.968830+00:00,30.014,0.2069,0.0,0.15,0.2756,0.1447,5259.67,1,17.438,127.522,step
2026-08-31T18:37:43.970284+00:00,29.906,0.2113,0.0,0.15,0.272,0.1473,5235.99,1,17.3386,127.544,step
2026-08-31T18:37:43.971710+00:00,29.445,0.2154,0.0,0.15,0.2683,0.1496,5235.99,1,17.2458,127.566,step
2026-08-31T18:37:43.973095+00:00,28.986,0.2193,0.8,0.0,0.2647,0.1517,5235.99,1,17.1573,127.588,step
2026-08-31T18:37:43.974539+00:00,29.555,0.2233,0.0,0.15,0.2611,0.1539,5235.99,1,17.067,127.61,step
2026-08-31T18:37:43.976161+00:00,29.409,0.2274,0.0,0.15,0.2573,0.156,5235.99,1,16.9752,127.632,step
2026-08-31T18:37:43.977575+00:00,28.954,0.2311,0.0,0.15,0.2536,0.1579,5235.99,1,16.8896,127.654,step
2026-08-31T18:37:43.978984+00:00,28.5,0.2349,0.8,0.0,0.2499,0.1598,5235.99,1,16.8077,127.676,step
2026-08-31T18:37:43.980345+00:00,29.058,0.239,0.0,0.15,0.2461,0.162,5235.99,1,16.7238,127.698,step
2026-08-31T18:37:43.981714+00:00,28.927,0.2432,0.0,0.15,0.2422,0.1643,5235.99,1,16.6381,127.72,step
2026-08-31T18:37:43.983119+00:00,28.474,0.247,0.0,0.15,0.2384,0.1662,5235.99,1,16.5584,127.742,step
2026-08-31T18:37:43.984708+00:00,28.018,0.2507,0.0,0.15,0.2346,0.168,5235.99,1,16.4823,127.764,step
2026-08-31T18:37:43.986068+00:00,27.566,0.2542,0.8,0.0,0.2308,0.1696,5235.99,1,16.4093,127.786,step
2026-08-31T18:37:43.987482+00:00,28.128,0.2578,0.0,0.15,0.227,0.1713,5235.99,1,16.3338,127.808,step
2026-08-31T18:37:43.988848+00:00,27.997,0.2615,0.0,0.15,0.2231,0.173,5235.99,1,16.2565,127.83,step
2026-08-31T18:37:43.990209+00:00,27.545,0.2649,0.0,0.15,0.2192,0.1745,5235.99,1,16.1849,127.852,step
2026-08-31T18:37:43.991756+00:00,27.094,0.2681,0.8,0.0,0.2153,0.1758,5235.99,1,16.1165,127.874,step
2026-08-31T18:37:43.993259+00:00,27.638,0.2714,0.0,0.15,0.2115,0.1772,5235.99,1,16.0458,127.896,step
2026-08-31T18:37:43.994668+00:00,27.523,0.2749,0.0,0.15,0.2075,0.1786,5235.99,1,15.9728,127.918,step
2026-08-31T18:37:43.996153+00:00,27.065,0.278,0.0,0.15,0.2036,0.1798,5235.99,1,15.9055,127.94,step
2026-08-31T18:37:43.997646+00:00,26.607,0.281,0.8,0.0,0.1998,0.1808,5235.99,1,15.8414,127.962,step
2026-08-31T18:37:43.999090+00:00,27.18,0.284,0.0,0.15,0.1959,0.1819,5235.99,1,15.7754,127.984,step
2026-08-31T18:37:44.000652+00:00,27.035,0.2871,0.0,0.15,0.1919,0.1831,5235.99,1,15.7077,128.006,step
2026-08-31T18:37:44.001960+00:00,26.619,0.2897,0.0,0.15,0.1884,0.1839,5235.99,1,15.6509,128.026,step
2026-08-31T18:37:44.003277+00:00,26.206,0.2921,0.8,0.0,0.1849,0.1845,5235.99,1,15.5966,128.046,step
2026-08-31T18:37:44.004581+00:00,26.71,0.2946,0.0,0.15,0.1814,0.1853,5235.99,1,15.5406,128.066,step
2026-08-31T18:37:44.005886+00:00,26.602,0.2972,0.0,0.15,0.1778,0.1861,5235.99,1,15.4826,128.086,step
2026-08-31T18:37:44.007131+00:00,26.185,0.2998,0.8,0.0,0.1743,0.187,5235.99,1,15.4292,128.106,step
2026-08-31T18:37:44.008370+00:00,26.691,0.3026,0.0,0.15,0.1708,0.188,5235.99,1,15.3745,128.126,step
2026-08-31T18:37:44.009840+00:00,26.581,0.3055,0.0,0.15,0.1672,0.1891,5235.99,1,15.3178,128.146,step
2026-08-31T18:37:44.011122+00:00,26.162,0.3081,0.0,0.15,0.1636,0.1899,5235.99,1,15.266,128.166,step
2026-08-31T18:37:44.012406+00:00,25.747,0.3106,0.8,0.0,0.1601,0.1907,5235.99,1,15.2167,128.186,step
2026-08-31T18:37:44.013702+00:00,26.249,0.3132,0.0,0.15,0.1566,0.1914,5235.99,1,15.166,128.206,step
2026-08-31T18:37:44.015002+00:00,26.142,0.3158,0.0,0.15,0.153,0.1923,5235.99,1,15.1134,128.226,step
2026-08-31T18:37:44.016400+00:00,25.723,0.3182,0.0,0.15,0.1494,0.1929,5235.99,1,15.0652,128.246,step
2026-08-31T18:37:44.017716+00:00,25.31,0.3204,0.8,0.0,0.146,0.1934,5235.99,1,15.0193,128.266,step
2026-08-31T18:37:44.019004+00:00,25.812,0.3228,0.0,0.15,0.1425,0.194,5235.99,1,14.9718,128.286,step
2026-08-31T18:37:44.020312+00:00,25.706,0.3252,0.0,0.15,0.1389,0.1947,5235.99,1,14.9225,128.306,step
2026-08-31T18:37:44.021628+00:00,25.287,0.3274,0.0,0.15,0.1354,0.1951,5235.99,1,14.8775,128.326,step
2026-08-31T18:37:44.023004+00:00,24.874,0.3294,0.8,0.0,0.132,0.1954,5235.99,1,14.8344,128.346,step
2026-08-31T18:37:44.024291+00:00,25.383,0.3316,0.0,0.15,0.1286,0.1958,5235.99,1,14.7895,128.366,step
2026-08-31T18:37:44.025786+00:00,25.269,0.3338,0.0,0.15,0.1251,0.1963,5235.99,1,14.7429,128.386,step
2026-08-31T18:37:44.027073+00:00,24.851,0.3358,0.8,0.0,0.1216,0.1966,5235.99,1,14.7002,128.406,step
2026-08-31T18:37:44.028400+00:00,25.367,0.3378,0.0,0.15,0.1182,0.1969,5235.99,1,14.6563,128.426,step
2026-08-31T18:37:44.029728+00:00,25.246,0.3399,0.0,0.15,0.1147,0.1973,5235.99,1,14.6103,128.446,step
2026-08-31T18:37:44.031025+00:00,24.824,0.3418,0.0,0.15,0.1113,0.1974,5235.99,1,14.5683,128.466,step
2026-08-31T18:37:44.032300+00:00,24.409,0.3436,0.8,0.0,0.1079,0.1975,5235.99,1,14.5284,128.486,step
2026-08-31T18:37:44.033686+00:00,24.919,0.3454,0.0,0.15,0.1045,0.1976,5235.99,1,14.4871,128.506,step
2026-08-31T18:37:44.035159+00:00,24.802,0.3473,0.0,0.15,0.1011,0.1979,5235.99,1,14.4437,128.526,step
2026-08-31T18:37:44.036455+00:00,24.382,0.349,0.8,0.0,0.0978,0.1979,5235.99,1,14.4039,128.546,step
2026-08-31T18:37:44.037751+00:00,24.898,0.3507,0.0,0.15,0.0944,0.1979,5235.99,1,14.3631,128.566,step
2026-08-31T18:37:44.039048+00:00,24.775,0.353,0.0,0.15,0.091,0.1985,5235.99,1,14.3203,128.586,step
2026-08-31T18:37:44.040354+00:00,24.353,0.355,0.0,0.15,0.0876,0.1988,5235.99,1,14.2813,128.606,step
2026-08-31T18:37:44.041743+00:00,23.938,0.3568,0.8,0.0,0.0844,0.199,5235.99,1,14.2443,128.626,step
2026-08-31T18:37:44.043004+00:00,24.449,0.3588,0.0,0.15,0.0811,0.1993,5235.99,1,14.206,128.646,step
2026-08-31T18:37:44.044264+00:00,24.329,0.3608,0.0,0.15,0.0777,0.1997,5235.99,1,14.1657,128.666,step
2026-08-31T18:37:44.045539+00:00,23.908,0.3626,0.8,0.0,0.0744,0.1998,5235.99,1,14.1291,128.686,step
2026-08-31T18:37:44.046784+00:00,24.426,0.3645,0.0,0.15,0.0712,0.2,5235.99,1,14.0917,128.706,step
2026-08-31T18:37:44.048039+00:00,24.3,0.3664,0.0,0.15,0.0678,0.2003,5235.99,1,14.052,128.726,step
2026-08-31T18:37:44.049303+00:00,23.877,0.3681,0.0,0.15,0.0646,0.2004,5235.99,1,14.0161,128.746,step
2026-08-31T18:37:44.050729+00:00,23.461,0.3697,0.8,0.0,0.0613,0.2004,5235.99,1,13.9818,128.766,step
2026-08-31T18:37:44.052019+00:00,23.98,0.3714,0.0,0.15,0.0581,0.2005,5235.99,1,13.9464,128.786,step
2026-08-31T18:37:44.053308+00:00,23.852,0.3732,0.0,0.15,0.0549,0.2006,5235.99,1,13.909,128.806,step
2026-08-31T18:37:44.054631+00:00,23.427,0.3747,0.8,0.0,0.0517,0.2005,5235.99,1,13.8752,128.826,step
2026-08-31T18:37:44.055933+00:00,23.951,0.3763,0.0,0.15,0.0485,0.2005,5235.99,1,13.8408,128.846,step
2026-08-31T18:37:44.057246+00:00,23.817,0.3779,0.0,0.15,0.0453,0.2005,5235.99,1,13.8043,128.866,step
2026-08-31T18:37:44.058529+00:00,23.394,0.3794,0.8,0.0,0.0421,0.2004,5235.99,1,13.7714,128.886,step
2026-08-31T18:37:44.059900+00:00,23.914,0.3808,0.0,0.15,0.0389,0.2003,5235.99,1,13.7378,128.906,step
2026-08-31T18:37:44.061198+00:00,23.784,0.3824,0.0,0.15,0.0357,0.2002,5235.99,1,13.7022,128.926,step
2026-08-31T18:37:44.062503+00:00,23.36,0.3837,0.0,0.15,0.0326,0.2,5235.99,1,13.6697,128.946,step
2026-08-31T18:37:44.063783+00:00,22.944,0.385,0.8,0.0,0.0295,0.1997,5235.99,1,13.6389,128.966,step
2026-08-31T18:37:44.065112+00:00,23.459,0.3863,0.0,0.15,0.0265,0.1995,5235.99,1,13.6073,128.986,step
2026-08-31T18:37:44.066414+00:00,23.332,0.3877,0.0,0.15,0.0233,0.1993,5235.99,1,13.5735,129.006,step
2026-08-31T18:37:44.067890+00:00,22.909,0.3889,0.8,0.0,0.0203,0.199,5235.99,1,13.5428,129.026,step
2026-08-31T18:37:44.069170+00:00,23.431,0.3901,0.0,0.15,0.0173,0.1987,5235.99,1,13.5116,129.046,step
2026-08-31T18:37:44.070416+00:00,23.297,0.3914,0.0,0.15,0.0142,0.1985,5235.99,1,13.4781,129.066,step
2026-08-31T18:37:44.071689+00:00,22.872,0.3926,0.0,0.15,0.0112,0.1982,5235.99,1,13.4477,129.086,step
2026-08-31T18:37:44.073012+00:00,22.454,0.3941,0.8,0.0,0.0082,0.1982,5235.99,1,13.4187,129.106,step
2026-08-31T18:37:44.074276+00:00,22.971,0.3955,0.0,0.15,0.0053,0.1982,5235.99,1,13.389,129.126,step
2026-08-31T18:37:44.075722+00:00,22.84,0.3971,0.0,0.15,0.0023,0.1983,5235.99,1,13.3572,129.146,step
2026-08-31T18:37:44.077038+00:00,22.415,0.3985,0.8,0.0,-0.0006,0.1982,5235.99,1,13.3281,129.166,step
2026-08-31T18:37:44.078364+00:00,22.939,0.3999,0.0,0.15,-0.0035,0.1982,5235.99,1,13.2986,129.186,step
2026-08-31T18:37:44.079644+00:00,22.802,0.4014,0.0,0.15,-0.0065,0.1982,5235.99,1,13.2668,129.206,step
2026-08-31T18:37:44.080996+00:00,22.375,0.4028,0.8,0.0,-0.0094,0.1981,5235.99,1,13.2377,129.226,step
2026-08-31T18:37:44.082293+00:00,22.897,0.4041,0.0,0.15,-0.0123,0.1979,5235.99,1,13.2086,129.246,step
2026-08-31T18:37:44.083744+00:00,22.761,0.4055,0.0,0.15,-0.0153,0.1979,5235.99,1,13.1771,129.266,step
2026-08-31T18:37:44.085095+00:00,22.332,0.4068,0.8,0.0,-0.0181,0.1977,5235.99,1,13.1485,129.286,step
2026-08-31T18:37:44.086376+00:00,22.867,0.408,0.0,0.15,-0.021,0.1975,5235.99,1,13.1191,129.306,step
2026-08-31T18:37:44.087677+00:00,22.718,0.4094,0.0,0.15,-0.0239,0.1974,5235.99,1,13.0878,129.326,step
2026-08-31T18:37:44.088983+00:00,22.289,0.4105,0.0,0.15,-0.0268,0.1972,5235.99,1,13.0592,129.346,step
2026-08-31T18:37:44.090290+00:00,21.868,0.4116,0.8,0.0,-0.0295,0.1968,5235.99,1,13.032,129.366,step
2026-08-31T18:37:44.091598+00:00,22.391,0.4127,0.0,0.15,-0.0323,0.1965,5235.99,1,13.0045,129.386,step
2026-08-31T18:37:44.093336+00:00,22.253,0.4138,0.0,0.15,-0.0351,0.1963,5235.99,1,12.9747,129.406,step
2026-08-31T18:37:44.094609+00:00,21.827,0.4148,0.8,0.0,-0.0379,0.1959,5235.99,1,12.9474,129.426,step
2026-08-31T18:37:44.095931+00:00,22.351,0.4158,0.0,0.15,-0.0406,0.1955,5235.99,1,12.9198,129.446,step
2026-08-31T18:37:44.097212+00:00,22.213,0.417,0.0,0.15,-0.0434,0.1953,5235.99,1,12.8898,129.466,step
2026-08-31T18:37:44.098463+00:00,21.786,0.4179,0.8,0.0,-0.0461,0.1949,5235.99,1,12.8622,129.486,step
2026-08-31T18:37:44.099730+00:00,22.308,0.4189,0.0,0.15,-0.0488,0.1945,5235.99,1,12.8346,129.506,step
2026-08-31T18:37:44.101175+00:00,22.171,0.4199,0.0,0.15,-0.0516,0.1941,5235.99,1,12.8047,129.526,step
2026-08-31T18:37:44.102438+00:00,21.742,0.4208,0.0,0.15,-0.0542,0.1937,5235.99,1,12.7771,129.546,step
2026-08-31T18:37:44.103729+00:00,21.323,0.4216,0.8,0.0,-0.0568,0.1932,5235.99,1,12.7507,129.566,step
2026-08-31T18:37:44.105003+00:00,21.841,0.4224,0.0,0.15,-0.0594,0.1927,5235.99,1,12.7243,129.586,step
2026-08-31T18:37:44.106272+00:00,21.707,0.4233,0.0,0.15,-0.0621,0.1923,5235.99,1,12.6954,129.606,step
2026-08-31T18:37:44.107516+00:00,21.279,0.4241,0.8,0.0,-0.0647,0.1918,5235.99,1,12.6686,129.626,step
2026-08-31T18:37:44.108927+00:00,21.809,0.4249,0.0,0.15,-0.0672,0.1913,5235.99,1,12.642,129.646,step
2026-08-31T18:37:44.110187+00:00,21.665,0.4257,0.0,0.15,-0.0698,0.1908,5235.99,1,12.6131,129.666,step
2026-08-31T18:37:44.111447+00:00,21.236,0.4264,0.8,0.0,-0.0723,0.1903,5235.99,1,12.5863,129.686,step
2026-08-31T18:37:44.112709+00:00,21.764,0.4271,0.0,0.15,-0.0748,0.1897,5235.99,1,12.5597,129.706,step
2026-08-31T18:37:44.114004+00:00,21.622,0.4279,0.0,0.15,-0.0774,0.1892,5235.99,1,12.5308,129.726,step
2026-08-31T18:37:44.115276+00:00,21.193,0.4286,0.8,0.0,-0.0799,0.1886,5235.99,1,12.5039,129.746,step
2026-08-31T18:37:44.116637+00:00,21.717,0.4292,0.0,0.15,-0.0824,0.188,5235.99,1,12.4777,129.766,step
2026-08-31T18:37:44.118015+00:00,21.577,0.4299,0.0,0.15,-0.0849,0.1875,5235.99,1,12.4489,129.786,step
2026-08-31T18:37:44.119288+00:00,21.148,0.4305,0.0,0.15,-0.0873,0.1868,5235.99,1,12.4221,129.806,step
2026-08-31T18:37:44.120570+00:00,20.729,0.431,0.8,0.0,-0.0897,0.1862,5235.99,1,12.396,129.826,step
2026-08-31T18:37:44.121851+00:00,21.252,0.4315,0.0,0.15,-0.092,0.1855,5235.99,1,12.3705,129.846,step
2026-08-31T18:37:44.123149+00:00,21.115,0.4321,0.0,0.15,-0.0944,0.1849,5235.99,1,12.3426,129.866,step
2026-08-31T18:37:44.124402+00:00,20.686,0.4326,0.8,0.0,-0.0967,0.1843,5235.99,1,12.3162,129.886,step
2026-08-31T18:37:44.125858+00:00,21.229,0.4331,0.0,0.15,-0.0991,0.1836,5235.99,1,12.2901,129.906,step
2026-08-31T18:37:44.127085+00:00,21.072,0.4337,0.0,0.15,-0.1014,0.183,5235.99,1,12.2612,129.926,step
2026-08-31T18:37:44.128340+00:00,20.643,0.4341,0.8,0.0,-0.1037,0.1823,5235.99,1,12.2342,129.946,step
2026-08-31T18:37:44.129633+00:00,21.172,0.4345,0.0,0.15,-0.1059,0.1816,5235.99,1,12.2074,129.966,step
2026-08-31T18:37:44.130986+00:00,21.028,0.4351,0.0,0.15,-0.1082,0.181,5235.99,1,12.178,129.986,step
2026-08-31T18:37:44.132250+00:00,20.599,0.4355,0.8,0.0,-0.1105,0.1803,5235.99,1,12.1502,130.006,step
2026-08-31T18:37:44.133518+00:00,21.126,0.4358,0.0,0.15,-0.1127,0.1795,5235.99,1,12.1227,130.026,step
2026-08-31T18:37:44.134918+00:00,20.985,0.4363,0.0,0.15,-0.1149,0.1789,5235.99,1,12.0927,130.046,step
2026-08-31T18:37:44.136200+00:00,20.556,0.4367,0.0,0.15,-0.1171,0.1781,5235.99,1,12.0641,130.066,step
2026-08-31T18:37:44.137495+00:00,20.137,0.437,0.8,0.0,-0.1192,0.1774,5235.99,1,12.0365,130.086,step
2026-08-31T18:37:44.138793+00:00,20.663,0.4373,0.0,0.15,-0.1213,0.1766,5235.99,1,12.009,130.106,step
2026-08-31T18:37:44.140082+00:00,20.524,0.4376,0.0,0.15,-0.1235,0.1759,5235.99,1,11.979,130.126,step
2026-08-31T18:37:44.141339+00:00,20.096,0.4379,0.8,0.0,-0.1255,0.1752,5235.99,1,11.9503,130.146,step
2026-08-31T18:37:44.142737+00:00,20.632,0.4382,0.0,0.15,-0.1276,0.1744,5235.99,1,11.922,130.166,step
2026-08-31T18:37:44.144017+00:00,20.483,0.4385,0.0,0.15,-0.1297,0.1737,5235.99,1,11.891,130.186,step
2026-08-31T18:37:44.145274+00:00,20.054,0.4388,0.8,0.0,-0.1317,0.1729,5235.99,1,11.8615,130.206,step
2026-08-31T18:37:44.146512+00:00,20.587,0.439,0.0,0.15,-0.1337,0.1721,5235.99,1,11.8325,130.226,step
2026-08-31T18:37:44.147768+00:00,20.441,0.4393,0.0,0.15,-0.1358,0.1714,5235.99,1,11.8009,130.246,step
2026-08-31T18:37:44.149033+00:00,20.012,0.4395,0.0,0.15,-0.1377,0.1706,5235.99,1,11.7706,130.266,step
2026-08-31T18:37:44.150285+00:00,19.593,0.4397,0.8,0.0,-0.1396,0.1699,5235.99,1,11.7414,130.286,step
2026-08-31T18:37:44.151621+00:00,20.122,0.4407,0.0,0.15,-0.1415,0.1699,5235.99,1,11.7125,130.306,step
2026-08-31T18:37:44.152853+00:00,19.98,0.4418,0.0,0.15,-0.1435,0.17,5235.99,1,11.6811,130.326,step
2026-08-31T18:37:44.154085+00:00,19.552,0.4428,0.8,0.0,-0.1454,0.1701,5235.99,1,11.6511,130.346,step
2026-08-31T18:37:44.155292+00:00,20.09,0.4437,0.0,0.15,-0.1473,0.1701,5235.99,1,11.6217,130.366,step
2026-08-31T18:37:44.156504+00:00,19.939,0.4448,0.0,0.15,-0.1492,0.1702,5235.99,1,11.5898,130.386,step
2026-08-31T18:37:44.157723+00:00,19.51,0.4458,0.8,0.0,-0.1511,0.1702,5235.99,1,11.5595,130.406,step
2026-08-31T18:37:44.159156+00:00,20.047,0.4466,0.0,0.15,-0.153,0.1701,5235.99,1,11.53,130.426,step
2026-08-31T18:37:44.160515+00:00,19.896,0.4477,0.0,0.15,-0.155,0.1702,5235.99,1,11.4979,130.446,step
2026-08-31T18:37:44.161780+00:00,19.468,0.4486,0.8,0.0,-0.1568,0.1702,5235.99,1,11.4674,130.466,step
2026-08-31T18:37:44.163032+00:00,20.002,0.4494,0.0,0.15,-0.1587,0.17,5235.99,1,11.4377,130.486,step
2026-08-31T18:37:44.164272+00:00,19.854,0.4504,0.0,0.15,-0.1606,0.17,5235.99,1,11.4055,130.506,step
2026-08-31T18:37:44.165566+00:00,19.426,0.4512,0.0,0.15,-0.1625,0.17,5235.99,1,11.3747,130.526,step
2026-08-31T18:37:44.167109+00:00,19.007,0.452,0.8,0.0,-0.1643,0.1699,5235.99,1,11.3448,130.546,step
2026-08-31T18:37:44.168365+00:00,19.541,0.4528,0.0,0.15,-0.1661,0.1697,5235.99,1,11.3156,130.566,step
2026-08-31T18:37:44.169615+00:00,19.394,0.4536,0.0,0.15,-0.168,0.1696,5235.99,1,11.2838,130.586,step
2026-08-31T18:37:44.170850+00:00,18.967,0.4544,0.8,0.0,-0.1698,0.1695,5235.99,1,11.2535,130.606,step
2026-08-31T18:37:44.172055+00:00,19.509,0.4551,0.0,0.15,-0.1716,0.1693,5235.99,1,11.2238,130.626,step
2026-08-31T18:37:44.173300+00:00,19.355,0.4559,0.0,0.15,-0.1735,0.1692,5235.99,1,11.1916,130.646,step
2026-08-31T18:37:44.174525+00:00,18.927,0.4567,0.8,0.0,-0.1752,0.1691,5235.99,1,11.1609,130.666,step
2026-08-31T18:37:44.176124+00:00,19.466,0.4573,0.0,0.15,-0.177,0.1688,5235.99,1,11.131,130.686,step
2026-08-31T18:37:44.177390+00:00,19.315,0.4581,0.0,0.15,-0.1789,0.1687,5235.99,1,11.0984,130.706,step
2026-08-31T18:37:44.178659+00:00,18.886,0.4588,0.0,0.15,-0.1806,0.1685,5235.99,1,11.0674,130.726,step
2026-08-31T18:37:44.180024+00:00,18.468,0.4595,0.8,0.0,-0.1823,0.1683,5235.99,1,11.0374,130.746,step
2026-08-31T18:37:44.181333+00:00,19.003,0.46,0.0,0.15,-0.184,0.168,5235.99,1,11.0079,130.766,step
2026-08-31T18:37:44.182566+00:00,18.857,0.4608,0.0,0.15,-0.1858,0.1679,5235.99,1,10.976,130.786,step
2026-08-31T18:37:44.183969+00:00,18.429,0.4614,0.8,0.0,-0.1875,0.1676,5235.99,1,10.9455,130.806,step
2026-08-31T18:37:44.185262+00:00,18.975,0.4619,0.0,0.15,-0.1892,0.1673,5235.99,1,10.9155,130.826,step
2026-08-31T18:37:44.186521+00:00,18.817,0.4626,0.0,0.15,-0.1909,0.1671,5235.99,1,10.8832,130.846,step
2026-08-31T18:37:44.187769+00:00,18.39,0.4632,0.8,0.0,-0.1926,0.1669,5235.99,1,10.8524,130.866,step
2026-08-31T18:37:44.188993+00:00,18.935,0.4637,0.0,0.15,-0.1943,0.1665,5235.99,1,10.8222,130.886,step
2026-08-31T18:37:44.190235+00:00,18.779,0.4643,0.0,0.15,-0.196,0.1663,5235.99,1,10.7904,130.906,step
2026-08-31T18:37:44.191551+00:00,18.351,0.4649,0.0,0.15,-0.1977,0.1661,5235.99,1,10.761,130.926,step
2026-08-31T18:37:44.193030+00:00,17.933,0.4654,0.8,0.0,-0.1993,0.1657,5235.99,1,10.7333,130.946,step
2026-08-31T18:37:44.194312+00:00,18.474,0.4658,0.0,0.15,-0.2009,0.1654,5235.99,1,10.7069,130.966,step
2026-08-31T18:37:44.195617+00:00,18.323,0.4664,0.0,0.15,-0.2025,0.1651,5235.99,1,10.6789,130.986,step
2026-08-31T18:37:44.196866+00:00,17.897,0.4673,0.8,0.0,-0.2041,0.1652,5235.99,1,10.6532,131.006,step
2026-08-31T18:37:44.198174+00:00,18.446,0.4688,0.0,0.15,-0.2057,0.1659,5235.99,1,10.6288,131.026,step
2026-08-31T18:37:44.199408+00:00,18.286,0.4704,0.0,0.15,-0.2074,0.1667,5235.99,1,10.6033,131.046,step
2026-08-31T18:37:44.200829+00:00,17.859,0.4719,0.8,0.0,-0.209,0.1674,5235.99,1,10.5803,131.066,step
2026-08-31T18:37:44.202124+00:00,18.406,0.4734,0.0,0.15,-0.2106,0.1681,5235.99,1,10.5588,131.086,step
2026-08-31T18:37:44.203342+00:00,18.248,0.475,0.0,0.15,-0.2123,0.1688,5235.99,1,10.5361,131.106,step
2026-08-31T18:37:44.204616+00:00,17.82,0.4765,0.8,0.0,-0.2139,0.1695,5235.99,1,10.516,131.126,step
2026-08-31T18:37:44.205916+00:00,18.367,0.4778,0.0,0.15,-0.2156,0.1701,5235.99,1,10.4977,131.146,step
2026-08-31T18:37:44.207139+00:00,18.21,0.4794,0.0,0.15,-0.2173,0.1707,5235.99,1,10.4782,131.166,step
2026-08-31T18:37:44.208407+00:00,17.782,0.4808,0.8,0.0,-0.2189,0.1713,5235.99,1,10.4614,131.186,step
2026-08-31T18:37:44.209782+00:00,18.329,0.4821,0.0,0.15,-0.2206,0.1718,5235.99,1,10.4464,131.206,step
2026-08-31T18:37:44.210990+00:00,18.173,0.4836,0.0,0.15,-0.2223,0.1724,5235.99,1,10.4304,131.226,step
2026-08-31T18:37:44.212207+00:00,17.745,0.4849,0.8,0.0,-0.224,0.173,5235.99,1,10.417,131.246,step
2026-08-31T18:37:44.213386+00:00,18.286,0.4862,0.0,0.15,-0.2256,0.1734,5235.99,1,10.4058,131.266,step
2026-08-31T18:37:44.214603+00:00,18.137,0.4876,0.0,0.15,-0.2274,0.1739,5235.99,1,10.3933,131.286,step
2026-08-31T18:37:44.215826+00:00,17.71,0.4889,0.8,0.0,-0.229,0.1744,5235.99,1,10.3835,131.306,step
2026-08-31T18:37:44.217316+00:00,18.254,0.4901,0.0,0.15,-0.2307,0.1748,5235.99,1,10.3758,131.326,step
2026-08-31T18:37:44.218552+00:00,18.101,0.4915,0.0,0.15,-0.2325,0.1753,5235.99,1,10.367,131.346,step
2026-08-31T18:37:44.219794+00:00,17.674,0.4927,0.8,0.0,-0.2341,0.1757,5235.99,1,10.361,131.366,step
2026-08-31T18:37:44.221045+00:00,18.223,0.4939,0.0,0.15,-0.2358,0.176,5235.99,1,10.3572,131.386,step
2026-08-31T18:37:44.222305+00:00,18.065,0.4952,0.0,0.15,-0.2376,0.1764,5235.99,1,10.3525,131.406,step
2026-08-31T18:37:44.223570+00:00,17.638,0.4964,0.8,0.0,-0.2393,0.1768,5235.99,1,10.3505,131.426,step
2026-08-31T18:37:44.224923+00:00,18.188,0.4976,0.0,0.15,-0.241,0.1771,5235.99,1,10.3509,131.446,step
2026-08-31T18:37:44.226428+00:00,18.031,0.4988,0.0,0.15,-0.2427,0.1775,5235.99,1,10.3504,131.466,step
2026-08-31T18:37:44.227719+00:00,17.604,0.5,0.8,0.0,-0.2444,0.1778,5235.99,1,10.3529,131.486,step
2026-08-31T18:37:44.228959+00:00,18.149,0.5011,0.0,0.15,-0.2461,0.178,5235.99,1,10.3577,131.506,step
2026-08-31T18:37:44.230220+00:00,17.997,0.5023,0.0,0.15,-0.2479,0.1783,5235.99,1,10.3618,131.526,step
2026-08-31T18:37:44.231484+00:00,17.569,0.5034,0.8,0.0,-0.2496,0.1786,5235.99,1,10.3691,131.546,step
2026-08-31T18:37:44.232843+00:00,18.117,0.5044,0.0,0.15,-0.2513,0.1788,5235.99,1,10.3787,131.566,step
2026-08-31T18:37:44.234320+00:00,17.962,0.5056,0.0,0.15,-0.2531,0.1791,5235.99,1,10.3877,131.586,step
2026-08-31T18:37:44.235590+00:00,17.534,0.5066,0.8,0.0,-0.2548,0.1793,5235.99,1,10.4003,131.606,step
2026-08-31T18:37:44.236847+00:00,18.084,0.5076,0.0,0.15,-0.2565,0.1794,5235.99,1,10.4153,131.626,step
2026-08-31T18:37:44.238117+00:00,17.928,0.5088,0.0,0.15,-0.2582,0.1797,5235.99,1,10.43,131.646,step
2026-08-31T18:37:44.239370+00:00,17.501,0.5097,0.8,0.0,-0.2599,0.1798,5235.99,1,10.4482,131.666,step
2026-08-31T18:37:44.240668+00:00,18.051,0.5107,0.0,0.15,-0.2616,0.1799,5235.99,1,10.469,131.686,step
2026-08-31T18:37:44.242118+00:00,17.896,0.5118,0.8,0.0,-0.2634,0.1801,5235.99,1,10.4896,131.706,step
2026-08-31T18:37:44.243466+00:00,18.442,0.5127,0.0,0.15,-0.2651,0.1802,5235.99,1,10.5146,131.726,step
2026-08-31T18:37:44.244735+00:00,18.284,0.5139,0.0,0.15,-0.2669,0.1804,5235.99,1,10.5395,131.746,step
2026-08-31T18:37:44.246037+00:00,17.856,0.5148,0.8,0.0,-0.2687,0.1805,5235.99,1,10.5686,131.766,step
2026-08-31T18:37:44.247259+00:00,18.401,0.5158,0.0,0.15,-0.2704,0.1806,5235.99,1,10.6009,131.786,step
2026-08-31T18:37:44.248527+00:00,18.25,0.5185,0.8,0.0,-0.2722,0.1823,5235.99,1,10.6334,131.806,step
2026-08-31T18:37:44.249791+00:00,18.79,0.521,0.0,0.15,-0.2741,0.1839,5235.99,1,10.6717,131.826,step
2026-08-31T18:37:44.251233+00:00,18.638,0.5236,0.0,0.15,-0.276,0.1857,5235.99,1,10.7107,131.846,step
2026-08-31T18:37:44.252499+00:00,18.209,0.5261,0.8,0.0,-0.2778,0.1872,5235.99,1,10.7553,131.866,step
2026-08-31T18:37:44.253765+00:00,18.75,0.5285,0.0,0.15,-0.2797,0.1886,5235.99,1,10.8042,131.886,step
2026-08-31T18:37:44.255024+00:00,18.604,0.5311,0.8,0.0,-0.2817,0.1902,5235.99,1,10.8543,131.906,step
2026-08-31T18:37:44.256297+00:00,19.143,0.5335,0.0,0.15,-0.2836,0.1917,5235.99,1,10.9115,131.926,step
2026-08-31T18:37:44.257545+00:00,18.993,0.5361,0.0,0.15,-0.2857,0.1932,5235.99,1,10.9703,131.946,step
2026-08-31T18:37:44.259054+00:00,18.564,0.5385,0.8,0.0,-0.2877,0.1946,5235.99,1,11.0354,131.966,step
2026-08-31T18:37:44.260288+00:00,19.103,0.5408,0.8,0.0,-0.2897,0.1959,5235.99,1,11.106,131.986,step
2026-08-31T18:37:44.261521+00:00,19.836,0.5432,0.0,0.15,-0.2919,0.1972,5235.99,1,11.1846,132.006,step
2026-08-31T18:37:44.262747+00:00,19.71,0.5458,0.0,0.15,-0.2941,0.1987,5235.99,1,11.2644,132.026,step
2026-08-31T18:37:44.263978+00:00,19.277,0.5482,0.8,0.0,-0.2963,0.2001,5235.99,1,11.3517,132.046,step
2026-08-31T18:37:44.265193+00:00,19.798,0.5505,0.8,0.0,-0.2984,0.2013,5235.99,1,11.4474,132.066,step
2026-08-31T18:37:44.266505+00:00,20.523,0.5528,0.0,0.15,-0.3008,0.2024,5235.99,1,11.5541,132.086,step
2026-08-31T18:37:44.267867+00:00,20.421,0.5554,0.0,0.15,-0.3032,0.2038,5235.99,1,11.6631,132.106,step
2026-08-31T18:37:44.269142+00:00,19.986,0.5578,0.8,0.0,-0.3055,0.205,5235.99,1,11.7808,132.126,step
2026-08-31T18:37:44.270429+00:00,20.52,0.56,0.8,0.0,-0.3078,0.2061,5235.99,1,11.9101,132.146,step
2026-08-31T18:37:44.271701+00:00,21.25,0.5623,0.0,0.15,-0.3103,0.2071,5235.99,1,12.0541,132.166,step
2026-08-31T18:37:44.272915+00:00,21.129,0.5648,0.8,0.0,-0.3129,0.2084,5235.99,1,12.2022,132.186,step
2026-08-31T18:37:44.274245+00:00,21.66,0.5672,0.0,0.15,-0.3154,0.2095,5235.99,1,12.366,132.206,step
2026-08-31T18:37:44.275666+00:00,21.517,0.5697,0.8,0.0,-0.318,0.2107,5235.99,1,12.5388,132.226,step
2026-08-31T18:37:44.276913+00:00,22.038,0.5721,0.8,0.0,-0.3207,0.2118,5235.99,1,12.7292,132.246,step
2026-08-31T18:37:44.278169+00:00,22.77,0.5745,0.0,0.15,-0.3235,0.2128,5235.99,1,12.9401,132.266,step
2026-08-31T18:37:44.279449+00:00,22.694,0.5773,0.8,0.0,-0.3263,0.2141,5235.99,1,13.1564,132.286,step
2026-08-31T18:37:44.280653+00:00,23.169,0.58,0.8,0.0,-0.3292,0.2154,5235.99,1,13.3932,132.306,step
2026-08-31T18:37:44.281956+00:00,23.902,0.5827,0.8,0.0,-0.3323,0.2166,5235.99,1,13.6542,132.326,step
2026-08-31T18:37:44.283270+00:00,24.647,0.5856,0.8,0.0,-0.3354,0.2179,5235.99,1,13.9429,132.346,step
2026-08-31T18:37:44.284773+00:00,25.391,0.5885,0.0,0.15,-0.3388,0.2191,5235.99,1,14.2656,132.366,step
2026-08-31T18:37:44.286074+00:00,25.292,0.5917,0.8,0.0,-0.3422,0.2206,5235.99,1,14.6092,132.386,step
2026-08-31T18:37:44.287363+00:00,25.759,0.5944,0.8,0.0,-0.3456,0.2216,5235.99,1,15.0468,132.406,step
2026-08-31T18:37:44.288661+00:00,26.48,0.5966,0.8,0.0,-0.3491,0.222,5235.99,1,16.1425,132.426,step
2026-08-31T18:37:44.290045+00:00,27.222,0.5987,0.8,0.0,-0.3528,0.2223,5235.99,1,38.931,132.446,step
2026-08-31T18:37:44.291432+00:00,27.972,0.6008,0.15,0.0,-0.3566,0.2225,5235.99,1,38.4163,132.466,step
2026-08-31T18:37:44.292999+00:00,28.347,0.6035,0.15,0.0,-0.3605,0.2233,5235.99,1,37.9114,132.486,step
2026-08-31T18:37:44.294273+00:00,28.475,0.5955,0.15,0.0,-0.3642,0.2134,5235.99,1,37.4306,132.506,step
2026-08-31T18:37:44.295580+00:00,28.609,0.5872,0.15,0.0,-0.3676,0.2034,5235.99,1,36.9486,132.526,step
2026-08-31T18:37:44.296902+00:00,28.75,0.5788,0.15,0.0,-0.3707,0.1934,5235.99,1,36.4656,132.546,step
2026-08-31T18:37:44.298235+00:00,28.895,0.5703,0.15,0.0,-0.3736,0.1834,5235.99,1,35.9841,132.566,step
2026-08-31T18:37:44.299513+00:00,29.045,0.5617,0.15,0.0,-0.3763,0.1735,5235.99,1,35.5059,132.586,step
2026-08-31T18:37:44.301040+00:00,29.197,0.553,0.15,0.0,-0.3787,0.1637,5235.99,1,35.0316,132.606,step
2026-08-31T18:37:44.302333+00:00,29.351,0.5444,0.15,0.0,-0.381,0.1539,5235.99,1,34.5621,132.626,step
2026-08-31T18:37:44.303649+00:00,29.481,0.5357,0.15,0.0,-0.383,0.1442,5235.99,1,34.0961,132.646,step
2026-08-31T18:37:44.304986+00:00,29.648,0.5266,0.15,0.0,-0.3847,0.1343,5235.99,1,33.6231,132.666,step
2026-08-31T18:37:44.306340+00:00,29.836,0.5174,0.15,0.0,-0.3863,0.1243,5235.99,1,33.1514,132.686,step
2026-08-31T18:37:44.307608+00:00,30.011,0.5084,0.15,0.0,-0.3876,0.1146,5235.99,1,32.6903,132.706,step
2026-08-31T18:37:44.309018+00:00,30.189,0.4998,0.15,0.0,-0.3888,0.1054,5235.99,1,32.2432,132.726,step
2026-08-31T18:37:44.310267+00:00,30.363,0.4914,0.15,0.0,-0.3897,0.0966,5235.99,1,31.8108,132.746,step
2026-08-31T18:37:44.311530+00:00,30.53,0.4832,0.15,0.0,-0.3905,0.088,5235.99,1,31.386,132.766,step
2026-08-31T18:37:44.312866+00:00,30.692,0.0749,0.8,0.0,-0.391,0.0794,5235.99,1,30.9618,132.786,step
2026-08-31T18:37:44.314183+00:00,31.309,0.0676,0.8,0.0,-0.3915,0.0718,5443.46,1,30.567,132.806,step
2026-08-31T18:37:44.315461+00:00,32.102,0.064,0.8,0.0,-0.3924,0.0678,5682.43,1,30.2711,132.826,step
2026-08-31T18:37:44.316900+00:00,32.92,0.0626,0.8,0.0,-0.3936,0.0657,5919.67,1,30.0295,132.846,step
2026-08-31T18:37:44.318154+00:00,33.761,0.0616,0.8,0.0,-0.3951,0.064,6188.17,1,29.7942,132.866,step
2026-08-31T18:37:44.319401+00:00,34.619,0.0605,0.15,0.0,-0.3967,0.0622,6528.42,1,29.5515,132.886,step
2026-08-31T18:37:44.320640+00:00,35.29,0.0594,0.15,0.0,-0.3983,0.0603,5499.62,1,29.3025,132.906,step
2026-08-31T18:37:44.321888+00:00,35.463,0.0589,0.15,0.0,-0.3999,0.0589,5550.24,1,29.0666,132.926,step
2026-08-31T18:37:44.323149+00:00,35.65,0.0584,0.15,0.0,-0.4016,0.0576,5582.51,1,28.8329,132.946,step
2026-08-31T18:37:44.324408+00:00,35.84,0.0579,0.15,0.0,-0.4032,0.0563,5614.03,1,28.5982,132.966,step
2026-08-31T18:37:44.325825+00:00,36.032,0.0573,0.15,0.0,-0.4047,0.055,5644.35,1,28.3623,132.986,step
2026-08-31T18:37:44.327241+00:00,36.225,0.0568,0.15,0.0,-0.4063,0.0537,5674.23,1,28.1256,133.006,step
2026-08-31T18:37:44.328444+00:00,36.409,0.0562,0.15,0.0,-0.4078,0.0523,5730.43,1,27.8878,133.026,step
2026-08-31T18:37:44.329708+00:00,36.571,0.0554,0.15,0.0,-0.4092,0.0508,5841.08,1,27.6439,133.046,step
2026-08-31T18:37:44.330994+00:00,36.806,0.0545,0.15,0.0,-0.4107,0.0491,5791.82,1,27.3966,133.066,step
2026-08-31T18:37:44.332259+00:00,37.013,0.0538,0.15,0.0,-0.4121,0.0477,5808.82,1,27.1541,133.086,step
2026-08-31T18:37:44.333666+00:00,37.217,0.0531,0.15,0.0,-0.4134,0.0464,5832.49,1,26.9137,133.106,step
2026-08-31T18:37:44.334942+00:00,37.418,0.0526,0.15,0.0,-0.4148,0.0452,5858.6,1,26.674,133.126,step
2026-08-31T18:37:44.336202+00:00,37.617,0.052,0.15,0.0,-0.4161,0.0439,5887.06,1,26.434,133.146,step
2026-08-31T18:37:44.337459+00:00,37.815,0.0514,0.15,0.0,-0.4173,0.0427,5917.31,1,26.1933,133.166,step
2026-08-31T18:37:44.338729+00:00,38.014,0.0508,0.15,0.0,-0.4186,0.0415,5948.66,1,25.952,133.186,step
2026-08-31T18:37:44.340000+00:00,38.214,0.0502,0.15,0.0,-0.4198,0.0403,5981.06,1,25.7096,133.206,step
2026-08-31T18:37:44.341222+00:00,38.414,0.0495,0.15,0.0,-0.4209,0.0391,6014.3,1,25.4664,133.226,step
2026-08-31T18:37:44.342678+00:00,38.615,0.0489,0.15,0.0,-0.4221,0.0379,6047.33,1,25.2222,133.246,step
2026-08-31T18:37:44.343925+00:00,38.818,0.0482,0.15,0.0,-0.4232,0.0366,6078.95,1,24.9773,133.266,step
2026-08-31T18:37:44.345170+00:00,39.021,0.0476,0.15,0.0,-0.4242,0.0354,6110.71,1,24.7319,133.286,step
2026-08-31T18:37:44.346424+00:00,39.225,0.0469,0.15,0.0,-0.4253,0.0342,6143.25,1,24.4858,133.306,step
2026-08-31T18:37:44.347707+00:00,39.43,0.0462,0.15,0.0,-0.4263,0.033,6174.68,1,24.2391,133.326,step
2026-08-31T18:37:44.348928+00:00,39.629,0.0455,0.15,0.0,-0.4272,0.0319,6224.01,1,23.9918,133.346,step
2026-08-31T18:37:44.350148+00:00,39.832,0.0447,0.15,0.0,-0.4282,0.0306,6263.63,1,23.7418,133.366,step
2026-08-31T18:37:44.351550+00:00,40.046,0.0439,0.0,0.15,-0.4291,0.0293,6282.76,1,23.491,133.386,step
2026-08-31T18:37:44.352780+00:00,39.799,0.0431,0.0,0.15,-0.43,0.0282,6067.23,1,23.2423,133.406,step
2026-08-31T18:37:44.353970+00:00,39.393,0.0425,0.0,0.15,-0.4308,0.0271,6012.19,1,22.9977,133.426,step
2026-08-31T18:37:44.355176+00:00,38.988,0.0418,0.0,0.15,-0.4316,0.026,5955.56,1,22.7566,133.446,step
2026-08-31T18:37:44.356362+00:00,38.59,0.0411,0.0,0.15,-0.4323,0.025,5898.27,1,22.5181,133.466,step
2026-08-31T18:37:44.357536+00:00,38.198,0.0404,0.0,0.15,-0.433,0.0239,5840.41,1,22.2822,133.486,step
2026-08-31T18:37:44.358850+00:00,37.808,0.0397,0.0,0.15,-0.4337,0.0229,5782.19,1,22.0494,133.506,step
2026-08-31T18:37:44.360068+00:00,37.421,0.0391,0.0,0.15,-0.4343,0.0219,5723.52,1,21.8194,133.526,step
2026-08-31T18:37:44.361296+00:00,37.035,0.0384,0.0,0.15,-0.4349,0.0209,5664.98,1,21.5922,133.546,step
2026-08-31T18:37:44.362516+00:00,36.652,0.0377,0.0,0.15,-0.4354,0.02,5606.67,1,21.3682,133.566,step
2026-08-31T18:37:44.363710+00:00,36.27,0.0371,0.0,0.15,-0.4359,0.0191,5548.46,1,21.1469,133.586,step
2026-08-31T18:37:44.364873+00:00,35.889,0.0364,0.0,0.15,-0.4364,0.0182,5490.68,1,20.9284,133.606,step
2026-08-31T18:37:44.366054+00:00,35.509,0.0358,0.0,0.15,-0.4369,0.0174,5433.24,1,20.7129,133.626,step
2026-08-31T18:37:44.367361+00:00,35.13,0.0352,0.0,0.15,-0.4373,0.0165,5376.06,1,20.5001,133.646,step
2026-08-31T18:37:44.368666+00:00,34.752,0.0346,0.0,0.15,-0.4377,0.0157,5318.74,1,20.29,133.666,step
2026-08-31T18:37:44.369892+00:00,34.375,0.034,0.0,0.15,-0.4381,0.0149,5263.07,1,20.0826,133.686,step
2026-08-31T18:37:44.371102+00:00,33.999,0.0334,0.0,0.15,-0.4384,0.0142,5235.99,1,19.8779,133.706,step
2026-08-31T18:37:44.372348+00:00,33.688,0.0328,0.0,0.15,-0.4387,0.0134,5235.99,1,19.6753,133.726,step
2026-08-31T18:37:44.373566+00:00,33.392,0.0321,0.0,0.15,-0.439,0.0126,5235.99,1,19.4738,133.746,step
2026-08-31T18:37:44.374804+00:00,33.119,0.0313,0.0,0.15,-0.4393,0.0116,5235.99,1,19.2718,133.766,step
2026-08-31T18:37:44.376101+00:00,32.779,0.0306,0.0,0.15,-0.4396,0.0108,5235.99,1,19.0739,133.786,step
2026-08-31T18:37:44.377361+00:00,32.365,0.0302,0.0,0.15,-0.4398,0.0103,5235.99,1,18.8828,133.806,step
2026-08-31T18:37:44.378561+00:00,31.904,0.0299,0.0,0.15,-0.44,0.0099,5235.99,1,18.6974,133.826,step
2026-08-31T18:37:44.379763+00:00,31.441,0.0297,0.0,0.15,-0.4402,0.0096,5235.99,1,18.5155,133.846,step
2026-08-31T18:37:44.381001+00:00,31.064,0.0293,0.0,0.15,-0.4404,0.0091,5235.99,1,18.3327,133.866,step
2026-08-31T18:37:44.382259+00:00,30.703,0.0288,0.8,0.0,-0.4406,0.0085,5235.99,1,18.1509,133.886,step
2026-08-31T18:37:44.383660+00:00,31.238,0.0148,0.0,0.15,-0.4405,-0.0055,5383.56,1,17.9639,133.906,step
2026-08-31T18:37:44.385041+00:00,31.197,-0.0009,0.0,0.15,-0.4401,-0.0209,5235.99,1,17.7787,133.926,step
2026-08-31T18:37:44.386329+00:00,30.864,-0.016,0.0,0.15,-0.4393,-0.0357,5235.99,1,17.6048,133.946,step
2026-08-31T18:37:44.387581+00:00,30.541,-0.0309,0.0,0.15,-0.4381,-0.05,5235.99,1,17.4376,133.966,step
2026-08-31T18:37:44.388874+00:00,30.222,-0.0455,0.0,0.15,-0.4366,-0.0638,5235.99,1,17.2772,133.986,step
2026-08-31T18:37:44.390180+00:00,29.898,-0.0597,0.0,0.15,-0.4348,-0.0771,5235.99,1,17.1236,134.006,step
2026-08-31T18:37:44.391506+00:00,29.552,-0.0736,0.0,0.15,-0.4327,-0.09,5235.99,1,16.9772,134.026,step
2026-08-31T18:37:44.393048+00:00,29.195,-0.0871,0.0,0.15,-0.4303,-0.1023,5235.99,1,16.8379,134.046,step
2026-08-31T18:37:44.394377+00:00,28.895,-0.1002,0.0,0.15,-0.4277,-0.1141,5235.99,1,16.7065,134.066,step
2026-08-31T18:37:44.395665+00:00,28.565,-0.1128,0.0,0.15,-0.4248,-0.1252,5235.99,1,16.5839,134.086,step
2026-08-31T18:37:44.396936+00:00,28.234,-0.125,0.0,0.15,-0.4217,-0.1358,5235.99,1,16.4672,134.106,step
2026-08-31T18:37:44.398264+00:00,27.919,-0.1369,0.0,0.15,-0.4185,-0.1462,5235.99,1,16.3547,134.126,step
2026-08-31T18:37:44.399615+00:00,27.625,-0.1487,0.0,0.15,-0.415,-0.1562,5235.99,1,16.2458,134.146,step
2026-08-31T18:37:44.401161+00:00,27.161,-0.1604,0.8,0.0,-0.4114,-0.1661,5235.99,1,16.1374,134.166,step
2026-08-31T18:37:44.402486+00:00,27.692,-0.1724,0.0,0.15,-0.4076,-0.1762,5235.99,1,16.0259,134.186,step
2026-08-31T18:37:44.403816+00:00,27.601,-0.1844,0.0,0.15,-0.4036,-0.1862,5235.99,1,15.9168,134.206,step
2026-08-31T18:37:44.405125+00:00,27.27,-0.1959,0.0,0.15,-0.3994,-0.1956,5235.99,1,15.8149,134.226,step
2026-08-31T18:37:44.406403+00:00,26.904,-0.2055,0.0,0.15,-0.3951,-0.2031,5235.99,1,15.7185,134.246,step
2026-08-31T18:37:44.407699+00:00,26.513,-0.2139,0.0,0.15,-0.3908,-0.2093,5235.99,1,15.6277,134.266,step
2026-08-31T18:37:44.409376+00:00,26.121,-0.222,0.8,0.0,-0.3864,-0.2151,5235.99,1,15.5411,134.286,step
2026-08-31T18:37:44.410688+00:00,26.624,-0.2302,0.0,0.15,-0.3819,-0.2211,5235.99,1,15.4527,134.306,step
2026-08-31T18:37:44.411977+00:00,26.551,-0.2385,0.0,0.15,-0.3772,-0.2271,5235.99,1,15.3638,134.326,step
2026-08-31T18:37:44.413271+00:00,26.186,-0.2464,0.0,0.15,-0.3724,-0.2326,5235.99,1,15.2814,134.346,step
2026-08-31T18:37:44.414571+00:00,25.814,-0.254,0.0,0.15,-0.3676,-0.2378,5235.99,1,15.2026,134.366,step
2026-08-31T18:37:44.415893+00:00,25.441,-0.2613,0.8,0.0,-0.3628,-0.2428,5235.99,1,15.1273,134.386,step
2026-08-31T18:37:44.417438+00:00,25.953,-0.2688,0.0,0.15,-0.3579,-0.2478,5235.99,1,15.0503,134.406,step
2026-08-31T18:37:44.418757+00:00,25.857,-0.2764,0.0,0.15,-0.3529,-0.2529,5235.99,1,14.973,134.426,step
2026-08-31T18:37:44.420103+00:00,25.486,-0.2836,0.0,0.15,-0.3478,-0.2575,5235.99,1,14.902,134.446,step
2026-08-31T18:37:44.421448+00:00,25.111,-0.2904,0.8,0.0,-0.3427,-0.2618,5235.99,1,14.8343,134.466,step
2026-08-31T18:37:44.422807+00:00,25.619,-0.2974,0.0,0.15,-0.3376,-0.2662,5235.99,1,14.7654,134.486,step
2026-08-31T18:37:44.424147+00:00,25.518,-0.3045,0.0,0.15,-0.3323,-0.2706,5235.99,1,14.6959,134.506,step
2026-08-31T18:37:44.425585+00:00,25.144,-0.3112,0.0,0.15,-0.3269,-0.2746,5235.99,1,14.6326,134.526,step
2026-08-31T18:37:44.426909+00:00,24.766,-0.3176,0.0,0.15,-0.3216,-0.2784,5235.99,1,14.5726,134.546,step
2026-08-31T18:37:44.428186+00:00,24.394,-0.3237,0.8,0.0,-0.3164,-0.2819,5235.99,1,14.5156,134.566,step
2026-08-31T18:37:44.429467+00:00,24.899,-0.33,0.0,0.15,-0.311,-0.2855,5235.99,1,14.457,134.586,step
2026-08-31T18:37:44.430740+00:00,24.792,-0.3364,0.0,0.15,-0.3056,-0.2892,5235.99,1,14.3981,134.606,step
2026-08-31T18:37:44.432077+00:00,24.416,-0.3424,0.0,0.15,-0.3001,-0.2924,5235.99,1,14.3447,134.626,step
2026-08-31T18:37:44.433360+00:00,24.041,-0.3481,0.8,0.0,-0.2947,-0.2954,5235.99,1,14.2941,134.646,step
2026-08-31T18:37:44.434740+00:00,24.543,-0.3537,0.0,0.15,-0.2892,-0.2983,5235.99,1,14.2421,134.666,step
2026-08-31T18:37:44.436025+00:00,24.432,-0.3583,0.0,0.15,-0.2836,-0.3001,5235.99,1,14.1898,134.686,step
2026-08-31T18:37:44.437276+00:00,24.054,-0.3626,0.0,0.15,-0.2781,-0.3016,5235.99,1,14.1427,134.706,step
2026-08-31T18:37:44.438536+00:00,23.677,-0.3666,0.8,0.0,-0.2726,-0.3029,5235.99,1,14.0981,134.726,step
2026-08-31T18:37:44.439829+00:00,24.176,-0.3708,0.0,0.15,-0.2672,-0.3043,5235.99,1,14.052,134.746,step
2026-08-31T18:37:44.441160+00:00,24.062,-0.375,0.0,0.15,-0.2616,-0.3058,5235.99,1,14.0052,134.766,step
2026-08-31T18:37:44.442632+00:00,23.682,-0.3788,0.8,0.0,-0.2561,-0.3069,5235.99,1,13.9635,134.786,step
2026-08-31T18:37:44.443932+00:00,24.176,-0.3828,0.0,0.15,-0.2506,-0.3081,5235.99,1,13.9204,134.806,step
2026-08-31T18:37:44.445227+00:00,24.062,-0.3869,0.0,0.15,-0.245,-0.3093,5235.99,1,13.8765,134.826,step
2026-08-31T18:37:44.446508+00:00,23.678,-0.3905,0.0,0.15,-0.2394,-0.3102,5235.99,1,13.8378,134.846,step
2026-08-31T18:37:44.447783+00:00,23.301,-0.394,0.8,0.0,-0.2339,-0.311,5235.99,1,13.8016,134.866,step
2026-08-31T18:37:44.449058+00:00,23.797,-0.3977,0.0,0.15,-0.2285,-0.3119,5235.99,1,13.7636,134.886,step
2026-08-31T18:37:44.450720+00:00,23.677,-0.4014,0.0,0.15,-0.2229,-0.3128,5235.99,1,13.7252,134.906,step
2026-08-31T18:37:44.452046+00:00,23.296,-0.4047,0.0,0.15,-0.2175,-0.3134,5235.99,1,13.6917,134.926,step
2026-08-31T18:37:44.453347+00:00,22.92,-0.4079,0.8,0.0,-0.2121,-0.3139,5235.99,1,13.6603,134.946,step
2026-08-31T18:37:44.454616+00:00,23.414,-0.4112,0.0,0.15,-0.2067,-0.3145,5235.99,1,13.6272,134.966,step
2026-08-31T18:37:44.455905+00:00,23.295,-0.4146,0.0,0.15,-0.2012,-0.3152,5235.99,1,13.5934,134.986,step
2026-08-31T18:37:44.457189+00:00,22.913,-0.4176,0.8,0.0,-0.1958,-0.3156,5235.99,1,13.5644,135.006,step
2026-08-31T18:37:44.458520+00:00,23.402,-0.4208,0.0,0.15,-0.1904,-0.316,5235.99,1,13.5339,135.026,step
2026-08-31T18:37:44.460038+00:00,23.284,-0.424,0.0,0.15,-0.185,-0.3165,5235.99,1,13.5027,135.046,step
2026-08-31T18:37:44.461356+00:00,22.899,-0.4269,0.0,0.15,-0.1796,-0.3167,5235.99,1,13.4764,135.066,step
2026-08-31T18:37:44.462628+00:00,22.521,-0.4297,0.8,0.0,-0.1743,-0.3168,5235.99,1,13.4523,135.086,step
2026-08-31T18:37:44.463910+00:00,23.01,-0.4326,0.0,0.15,-0.169,-0.3171,5235.99,1,13.4267,135.106,step
2026-08-31T18:37:44.465161+00:00,22.889,-0.4355,0.0,0.15,-0.1636,-0.3173,5235.99,1,13.4007,135.126,step
2026-08-31T18:37:44.466513+00:00,22.505,-0.4381,0.8,0.0,-0.1584,-0.3173,5235.99,1,13.3794,135.146,step
2026-08-31T18:37:44.467918+00:00,22.994,-0.4406,0.0,0.15,-0.1531,-0.3172,5235.99,1,13.3564,135.166,step
2026-08-31T18:37:44.469181+00:00,22.871,-0.4426,0.0,0.15,-0.1478,-0.3164,5235.99,1,13.3332,135.186,step
2026-08-31T18:37:44.470468+00:00,22.486,-0.4442,0.8,0.0,-0.1426,-0.3155,5235.99,1,13.3148,135.206,step
2026-08-31T18:37:44.471719+00:00,22.971,-0.4459,0.0,0.15,-0.1374,-0.3146,5235.99,1,13.2946,135.226,step
2026-08-31T18:37:44.472987+00:00,22.85,-0.4478,0.0,0.15,-0.1321,-0.3138,5235.99,1,13.2739,135.246,step
2026-08-31T18:37:44.474328+00:00,22.463,-0.4493,0.8,0.0,-0.127,-0.3127,5235.99,1,13.2579,135.266,step
2026-08-31T18:37:44.475806+00:00,22.947,-0.4509,0.0,0.15,-0.1218,-0.3118,5235.99,1,13.2404,135.286,step
2026-08-31T18:37:44.477209+00:00,22.825,-0.4526,0.0,0.15,-0.1167,-0.3109,5235.99,1,13.2223,135.306,step
2026-08-31T18:37:44.478511+00:00,22.439,-0.4539,0.8,0.0,-0.1116,-0.3097,5235.99,1,13.2091,135.326,step
2026-08-31T18:37:44.479820+00:00,22.922,-0.4554,0.0,0.15,-0.1066,-0.3087,5235.99,1,13.1943,135.346,step
2026-08-31T18:37:44.481087+00:00,22.799,-0.457,0.0,0.15,-0.1015,-0.3077,5235.99,1,13.1788,135.366,step
2026-08-31T18:37:44.482345+00:00,22.413,-0.4582,0.0,0.15,-0.0965,-0.3065,5235.99,1,13.1681,135.386,step
2026-08-31T18:37:44.483810+00:00,22.035,-0.4594,0.8,0.0,-0.0916,-0.3052,5235.99,1,13.1591,135.406,step
2026-08-31T18:37:44.485226+00:00,22.522,-0.4607,0.0,0.15,-0.0868,-0.3041,5235.99,1,13.1482,135.426,step
2026-08-31T18:37:44.486510+00:00,22.396,-0.462,0.0,0.15,-0.0819,-0.303,5235.99,1,13.1369,135.446,step
2026-08-31T18:37:44.487868+00:00,22.013,-0.4631,0.8,0.0,-0.0772,-0.3017,5235.99,1,13.13,135.466,step
2026-08-31T18:37:44.489203+00:00,22.498,-0.4643,0.0,0.15,-0.0724,-0.3005,5235.99,1,13.1213,135.486,step
2026-08-31T18:37:44.490533+00:00,22.374,-0.4656,0.0,0.15,-0.0676,-0.2994,5235.99,1,13.1119,135.506,step
2026-08-31T18:37:44.491830+00:00,21.988,-0.4666,0.8,0.0,-0.0629,-0.298,5235.99,1,13.1073,135.526,step
2026-08-31T18:37:44.493445+00:00,22.468,-0.4677,0.0,0.15,-0.0583,-0.2968,5235.99,1,13.1011,135.546,step
2026-08-31T18:37:44.494758+00:00,22.347,-0.4688,0.0,0.15,-0.0536,-0.2956,5235.99,1,13.0944,135.566,step
2026-08-31T18:37:44.496053+00:00,21.959,-0.4697,0.8,0.0,-0.049,-0.2942,5235.99,1,13.0924,135.586,step
2026-08-31T18:37:44.497359+00:00,22.439,-0.4707,0.0,0.15,-0.0444,-0.2929,5235.99,1,13.0889,135.606,step
2026-08-31T18:37:44.498674+00:00,22.317,-0.4717,0.0,0.15,-0.0398,-0.2916,5235.99,1,13.0849,135.626,step
2026-08-31T18:37:44.500005+00:00,21.929,-0.4725,0.8,0.0,-0.0353,-0.2901,5235.99,1,13.0856,135.646,step
2026-08-31T18:37:44.501659+00:00,22.411,-0.4734,0.0,0.15,-0.0308,-0.2888,5235.99,1,13.0846,135.666,step
2026-08-31T18:37:44.502977+00:00,22.287,-0.4743,0.8,0.0,-0.0263,-0.2875,5235.99,1,13.0833,135.686,step
2026-08-31T18:37:44.504248+00:00,22.753,-0.4751,0.0,0.15,-0.0218,-0.2861,5235.99,1,13.0835,135.706,step
2026-08-31T18:37:44.505556+00:00,22.631,-0.4755,0.0,0.15,-0.0173,-0.2841,5235.99,1,13.0835,135.726,step
2026-08-31T18:37:44.506847+00:00,22.242,-0.4756,0.8,0.0,-0.0129,-0.282,5235.99,1,13.0882,135.746,step
2026-08-31T18:37:44.508147+00:00,22.716,-0.4757,0.0,0.15,-0.0085,-0.28,5235.99,1,13.0917,135.766,step
2026-08-31T18:37:44.509791+00:00,22.596,-0.4759,0.0,0.15,-0.0041,-0.278,5235.99,1,13.0949,135.786,step
2026-08-31T18:37:44.511145+00:00,22.207,-0.4759,0.8,0.0,0.0001,-0.2758,5235.99,1,13.1029,135.806,step
2026-08-31T18:37:44.512444+00:00,22.684,-0.4759,0.0,0.15,0.0043,-0.2738,5235.99,1,13.1091,135.826,step
2026-08-31T18:37:44.513772+00:00,22.563,-0.4761,0.0,0.15,0.0086,-0.2718,5235.99,1,13.115,135.846,step
2026-08-31T18:37:44.515101+00:00,22.176,-0.4759,0.8,0.0,0.0127,-0.2696,5235.99,1,13.1256,135.866,step
2026-08-31T18:37:44.516410+00:00,22.655,-0.4759,0.0,0.15,0.0168,-0.2675,5235.99,1,13.1343,135.886,step
2026-08-31T18:37:44.518057+00:00,22.532,-0.476,0.0,0.15,0.0209,-0.2655,5235.99,1,13.1426,135.906,step
2026-08-31T18:37:44.519304+00:00,22.146,-0.4758,0.8,0.0,0.0249,-0.2633,5235.99,1,13.1557,135.926,step
2026-08-31T18:37:44.520569+00:00,22.625,-0.4757,0.0,0.15,0.0289,-0.2613,5235.99,1,13.1669,135.946,step
2026-08-31T18:37:44.521868+00:00,22.502,-0.4757,0.8,0.0,0.0329,-0.2593,5235.99,1,13.1776,135.966,step
2026-08-31T18:37:44.523165+00:00,22.964,-0.4756,0.0,0.15,0.0368,-0.2572,5235.99,1,13.1899,135.986,step
2026-08-31T18:37:44.524480+00:00,22.846,-0.4756,0.0,0.15,0.0408,-0.2552,5235.99,1,13.2019,136.006,step
2026-08-31T18:37:44.525986+00:00,22.456,-0.4753,0.8,0.0,0.0446,-0.253,5235.99,1,13.2189,136.026,step
2026-08-31T18:37:44.527299+00:00,22.927,-0.4752,0.0,0.15,0.0484,-0.251,5235.99,1,13.2344,136.046,step
2026-08-31T18:37:44.528614+00:00,22.809,-0.4751,0.0,0.15,0.0522,-0.2489,5235.99,1,13.2494,136.066,step
2026-08-31T18:37:44.529885+00:00,22.421,-0.4747,0.8,0.0,0.056,-0.2467,5235.99,1,13.2696,136.086,step
2026-08-31T18:37:44.531155+00:00,22.896,-0.4744,0.0,0.15,0.0596,-0.2446,5235.99,1,13.2881,136.106,step
2026-08-31T18:37:44.532421+00:00,22.776,-0.4743,0.0,0.15,0.0633,-0.2426,5235.99,1,13.3062,136.126,step
2026-08-31T18:37:44.533833+00:00,22.389,-0.4738,0.8,0.0,0.0669,-0.2404,5235.99,1,13.3293,136.146,step
2026-08-31T18:37:44.535260+00:00,22.866,-0.4735,0.0,0.15,0.0704,-0.2383,5235.99,1,13.3505,136.166,step
2026-08-31T18:37:44.536630+00:00,22.745,-0.4733,0.8,0.0,0.074,-0.2363,5235.99,1,13.3716,136.186,step
2026-08-31T18:37:44.537958+00:00,23.207,-0.473,0.0,0.15,0.0775,-0.2342,5235.99,1,13.3942,136.206,step
2026-08-31T18:37:44.539306+00:00,23.09,-0.4727,0.0,0.15,0.081,-0.2322,5235.99,1,13.4166,136.226,step
2026-08-31T18:37:44.540639+00:00,22.7,-0.4722,0.8,0.0,0.0844,-0.23,5235.99,1,13.4444,136.246,step
2026-08-31T18:37:44.542752+00:00,23.17,-0.4716,0.0,0.15,0.0878,-0.2276,5235.99,1,13.4706,136.266,step
2026-08-31T18:37:44.544220+00:00,23.053,-0.4708,0.8,0.0,0.0912,-0.2252,5235.99,1,13.4966,136.286,step
2026-08-31T18:37:44.545566+00:00,23.51,-0.4699,0.0,0.15,0.0945,-0.2226,5235.99,1,13.5246,136.306,step
2026-08-31T18:37:44.546910+00:00,23.395,-0.4691,0.0,0.15,0.0979,-0.2201,5235.99,1,13.5524,136.326,step
2026-08-31T18:37:44.548245+00:00,23.005,-0.468,0.8,0.0,0.1011,-0.2174,5235.99,1,13.5856,136.346,step
2026-08-31T18:37:44.549924+00:00,23.475,-0.467,0.0,0.15,0.1042,-0.2149,5235.99,1,13.6171,136.366,step
2026-08-31T18:37:44.551325+00:00,23.359,-0.4661,0.8,0.0,0.1074,-0.2124,5235.99,1,13.6482,136.386,step
2026-08-31T18:37:44.552615+00:00,23.816,-0.4652,0.0,0.15,0.1105,-0.2099,5235.99,1,13.6811,136.406,step
2026-08-31T18:37:44.553955+00:00,23.703,-0.4643,0.0,0.15,0.1136,-0.2075,5235.99,1,13.7138,136.426,step
2026-08-31T18:37:44.555265+00:00,23.313,-0.4632,0.8,0.0,0.1167,-0.2048,5235.99,1,13.7519,136.446,step
2026-08-31T18:37:44.556574+00:00,23.784,-0.4621,0.0,0.15,0.1196,-0.2023,5235.99,1,13.7881,136.466,step
2026-08-31T18:37:44.557863+00:00,23.668,-0.4612,0.8,0.0,0.1226,-0.1999,5235.99,1,13.8242,136.486,step
2026-08-31T18:37:44.559333+00:00,24.124,-0.4601,0.0,0.15,0.1255,-0.1974,5235.99,1,13.8621,136.506,step
2026-08-31T18:37:44.560645+00:00,24.011,-0.4592,0.0,0.15,0.1284,-0.195,5235.99,1,13.8997,136.526,step
2026-08-31T18:37:44.561946+00:00,23.621,-0.458,0.8,0.0,0.1312,-0.1924,5235.99,1,13.9433,136.546,step
2026-08-31T18:37:44.563283+00:00,24.088,-0.4569,0.0,0.15,0.1339,-0.1899,5235.99,1,13.9853,136.566,step
2026-08-31T18:37:44.564683+00:00,23.976,-0.4558,0.8,0.0,0.1366,-0.1875,5235.99,1,14.0271,136.586,step
2026-08-31T18:37:44.566006+00:00,24.43,-0.4547,0.0,0.15,0.1393,-0.1851,5235.99,1,14.071,136.606,step
2026-08-31T18:37:44.567491+00:00,24.32,-0.4537,0.0,0.15,0.142,-0.1827,5235.99,1,14.1149,136.626,step
2026-08-31T18:37:44.568779+00:00,23.932,-0.4524,0.8,0.0,0.1446,-0.1801,5235.99,1,14.1646,136.646,step
2026-08-31T18:37:44.570105+00:00,24.396,-0.4512,0.8,0.0,0.1471,-0.1777,5235.99,1,14.2123,136.666,step
2026-08-31T18:37:44.571393+00:00,25.137,-0.4501,0.0,0.15,0.1496,-0.1753,5235.99,1,14.2614,136.686,step
2026-08-31T18:37:44.572694+00:00,25.084,-0.449,0.0,0.15,0.1522,-0.1729,5235.99,1,14.3096,136.706,step
2026-08-31T18:37:44.573988+00:00,24.693,-0.4478,0.0,0.15,0.1547,-0.1704,5235.99,1,14.363,136.726,step
2026-08-31T18:37:44.575499+00:00,24.308,-0.4464,0.8,0.0,0.1571,-0.1679,5235.99,1,14.4198,136.746,step
2026-08-31T18:37:44.576867+00:00,24.769,-0.4452,0.8,0.0,0.1594,-0.1655,5235.99,1,14.4748,136.766,step
2026-08-31T18:37:44.578157+00:00,25.507,-0.4438,0.0,0.15,0.1617,-0.1629,5235.99,1,14.531,136.786,step
2026-08-31T18:37:44.579435+00:00,25.457,-0.4422,0.0,0.15,0.1641,-0.1602,5235.99,1,14.5866,136.806,step
2026-08-31T18:37:44.580713+00:00,25.068,-0.4405,0.8,0.0,0.1663,-0.1573,5235.99,1,14.6472,136.826,step
2026-08-31T18:37:44.582010+00:00,25.523,-0.4388,0.0,0.15,0.1684,-0.1546,5235.99,1,14.7067,136.846,step
2026-08-31T18:37:44.583346+00:00,25.42,-0.4372,0.0,0.15,0.1706,-0.1519,5235.99,1,14.766,136.866,step
2026-08-31T18:37:44.585080+00:00,25.032,-0.4353,0.8,0.0,0.1726,-0.149,5235.99,1,14.8317,136.886,step
2026-08-31T18:37:44.586370+00:00,25.491,-0.4336,0.8,0.0,0.1746,-0.1463,5235.99,1,14.8953,136.906,step
2026-08-31T18:37:44.587685+00:00,26.232,-0.4319,0.0,0.15,0.1766,-0.1436,5235.99,1,14.9607,136.926,step
2026-08-31T18:37:44.588981+00:00,26.184,-0.4303,0.0,0.15,0.1786,-0.141,5235.99,1,15.025,136.946,step
2026-08-31T18:37:44.590324+00:00,25.797,-0.4285,0.8,0.0,0.1805,-0.1382,5235.99,1,15.0943,136.966,step
2026-08-31T18:37:44.591635+00:00,26.25,-0.4268,0.0,0.15,0.1823,-0.1356,5235.99,1,15.1626,136.986,step
2026-08-31T18:37:44.593257+00:00,26.147,-0.4251,0.8,0.0,0.1841,-0.1331,5235.99,1,15.2308,137.006,step
2026-08-31T18:37:44.594574+00:00,26.589,-0.4234,0.0,0.15,0.1858,-0.1305,5235.99,1,15.3018,137.026,step
2026-08-31T18:37:44.595894+00:00,26.489,-0.4217,0.0,0.15,0.1875,-0.1279,5235.99,1,15.373,137.046,step
2026-08-31T18:37:44.597193+00:00,26.102,-0.4198,0.8,0.0,0.1892,-0.1252,5235.99,1,15.4517,137.066,step
2026-08-31T18:37:44.598498+00:00,26.555,-0.418,0.8,0.0,0.1907,-0.1226,5235.99,1,15.5285,137.086,step
2026-08-31T18:37:44.599824+00:00,27.296,-0.4162,0.0,0.15,0.1923,-0.12,5235.99,1,15.6074,137.106,step
2026-08-31T18:37:44.601407+00:00,27.253,-0.4145,0.0,0.15,0.1938,-0.1175,5235.99,1,15.6847,137.126,step
2026-08-31T18:37:44.602735+00:00,26.868,-0.4126,0.8,0.0,0.1953,-0.115,5235.99,1,15.7669,137.146,step
2026-08-31T18:37:44.604036+00:00,27.31,-0.4108,0.8,0.0,0.1967,-0.1125,5235.99,1,15.8488,137.166,step
2026-08-31T18:37:44.605389+00:00,28.05,-0.409,0.0,0.15,0.198,-0.11,5235.99,1,15.9335,137.186,step
2026-08-31T18:37:44.606716+00:00,28.015,-0.4073,0.0,0.15,0.1994,-0.1076,5235.99,1,16.0181,137.206,step
2026-08-31T18:37:44.608035+00:00,27.625,-0.4054,0.8,0.0,0.2007,-0.1051,5235.99,1,16.1113,137.226,step
2026-08-31T18:37:44.609617+00:00,28.06,-0.4036,0.0,0.15,0.2019,-0.1026,5235.99,1,16.2086,137.246,step
2026-08-31T18:37:44.610938+00:00,27.97,-0.4016,0.8,0.0,0.2031,-0.1,5235.99,1,16.3101,137.266,step
2026-08-31T18:37:44.612212+00:00,28.406,-0.3993,0.8,0.0,0.2042,-0.0972,5235.99,1,16.4181,137.286,step
2026-08-31T18:37:44.613484+00:00,29.148,-0.3971,0.0,0.15,0.2052,-0.0944,5235.99,1,16.5343,137.306,step
2026-08-31T18:37:44.614753+00:00,29.114,-0.3949,0.0,0.15,0.2063,-0.0918,5235.99,1,16.653,137.326,step
2026-08-31T18:37:44.616136+00:00,28.727,-0.3926,0.8,0.0,0.2073,-0.089,5235.99,1,16.7818,137.346,step
2026-08-31T18:37:44.617770+00:00,29.156,-0.3904,0.8,0.0,0.2082,-0.0863,5235.99,1,16.9165,137.366,step
2026-08-31T18:37:44.619067+00:00,29.895,-0.388,0.0,0.15,0.209,-0.0835,5264.69,1,17.0611,137.386,step
2026-08-31T18:37:44.620381+00:00,29.868,-0.3858,0.8,0.0,0.2098,-0.0809,5235.99,1,17.2092,137.406,step
2026-08-31T18:37:44.621684+00:00,30.294,-0.3837,0.0,0.15,0.2106,-0.0784,5235.99,1,17.3647,137.426,step
2026-08-31T18:37:44.622983+00:00,30.211,-0.3815,0.8,0.0,0.2113,-0.0759,5235.99,1,17.5275,137.446,step
2026-08-31T18:37:44.624336+00:00,30.633,-0.3793,0.15,0.0,0.2119,-0.0733,5264.96,1,17.7024,137.466,step
2026-08-31T18:37:44.625910+00:00,31.026,-0.3772,0.15,0.0,0.2125,-0.071,5235.99,1,17.8796,137.486,step
2026-08-31T18:37:44.627211+00:00,31.21,-0.3755,0.15,0.0,0.213,-0.069,5235.99,1,18.0519,137.506,step
2026-08-31T18:37:44.628548+00:00,31.395,-0.3737,0.15,0.0,0.2135,-0.067,5235.99,1,18.2345,137.526,step
2026-08-31T18:37:44.629890+00:00,31.581,-0.3719,0.15,0.0,0.2138,-0.065,5235.99,1,18.4284,137.546,step
2026-08-31T18:37:44.631223+00:00,31.767,-0.3701,0.15,0.0,0.2142,-0.0631,5235.99,1,18.6341,137.566,step
2026-08-31T18:37:44.632521+00:00,31.953,-0.3684,0.15,0.0,0.2145,-0.0611,5235.99,1,18.8513,137.586,step
2026-08-31T18:37:44.633977+00:00,32.139,-0.3666,0.15,0.0,0.2147,-0.0592,5235.99,1,19.081,137.606,step
2026-08-31T18:37:44.635315+00:00,32.325,-0.3648,0.15,0.0,0.2149,-0.0573,5235.99,1,19.3244,137.626,step
2026-08-31T18:37:44.636600+00:00,32.511,-0.363,0.15,0.0,0.2151,-0.0555,5235.99,1,19.582,137.646,step
2026-08-31T18:37:44.637907+00:00,32.698,-0.3612,0.15,0.0,0.2152,-0.0536,5235.99,1,19.8552,137.666,step
2026-08-31T18:37:44.639172+00:00,32.884,-0.3591,0.15,0.0,0.2153,-0.0515,5235.99,1,20.1442,137.686,step
2026-08-31T18:37:44.640428+00:00,33.07,-0.3569,0.15,0.0,0.2153,-0.0493,5235.99,1,20.4506,137.706,step
2026-08-31T18:37:44.641750+00:00,33.257,-0.3548,0.15,0.0,0.2152,-0.0472,5235.99,1,20.7757,137.726,step
2026-08-31T18:37:44.643159+00:00,33.443,-0.3526,0.15,0.0,0.2151,-0.0451,5235.99,1,21.1201,137.746,step
2026-08-31T18:37:44.644484+00:00,33.629,-0.3505,0.15,0.0,0.215,-0.043,5245.4,1,21.4868,137.766,step
2026-08-31T18:37:44.645810+00:00,33.816,-0.3483,0.15,0.0,0.2148,-0.0409,5275.0,1,21.8761,137.786,step
2026-08-31T18:37:44.647157+00:00,34.003,-0.3462,0.15,0.0,0.2145,-0.0389,5304.59,1,22.2893,137.806,step
2026-08-31T18:37:44.648477+00:00,34.191,-0.3441,0.15,0.0,0.2142,-0.037,5331.95,1,22.7285,137.826,step
2026-08-31T18:37:44.649864+00:00,34.379,-0.342,0.15,0.0,0.2138,-0.035,5361.68,1,23.1959,137.846,step
2026-08-31T18:37:44.651420+00:00,34.566,-0.3399,0.15,0.0,0.2134,-0.0331,5391.48,1,23.6955,137.866,step
2026-08-31T18:37:44.652774+00:00,34.753,-0.3377,0.15,0.0,0.2129,-0.0312,5422.29,1,24.2332,137.886,step
2026-08-31T18:37:44.654096+00:00,34.942,-0.3355,0.15,0.0,0.2124,-0.0294,5452.43,1,24.8117,137.906,step
2026-08-31T18:37:44.655451+00:00,35.131,-0.3334,0.15,0.0,0.2118,-0.0275,5482.78,1,25.4302,137.926,step
2026-08-31T18:37:44.656807+00:00,35.321,-0.3313,0.15,0.0,0.2112,-0.0257,5512.99,1,26.0923,137.946,step
2026-08-31T18:37:44.658136+00:00,35.511,-0.3292,0.15,0.0,0.2105,-0.0239,5542.63,1,26.8027,137.966,step
2026-08-31T18:37:44.659716+00:00,35.702,-0.3272,0.15,0.0,0.2098,-0.0222,5572.58,1,27.5667,137.986,step
2026-08-31T18:37:44.660986+00:00,35.893,-0.3251,0.15,0.0,0.2091,-0.0206,5602.73,1,28.3906,138.006,step
2026-08-31T18:37:44.662309+00:00,36.084,-0.3231,0.15,0.0,0.2083,-0.0189,5632.98,1,29.2812,138.026,step
2026-08-31T18:37:44.663594+00:00,36.275,-0.3208,0.15,0.0,0.2074,-0.0171,5662.89,1,30.246,138.046,step
2026-08-31T18:37:44.664882+00:00,36.467,-0.3184,0.15,0.0,0.2065,-0.0152,5693.43,1,31.2957,138.066,step
2026-08-31T18:37:44.666248+00:00,36.659,-0.316,0.15,0.0,0.2055,-0.0133,5723.58,1,32.4377,138.086,step
2026-08-31T18:37:44.667862+00:00,36.851,-0.3137,0.15,0.0,0.2045,-0.0114,5753.8,1,33.685,138.106,step
2026-08-31T18:37:44.669175+00:00,37.043,-0.3113,0.15,0.0,0.2034,-0.0096,5784.3,1,35.053,138.126,step
2026-08-31T18:37:44.670532+00:00,37.236,-0.309,0.15,0.0,0.2023,-0.0078,5814.66,1,36.5555,138.146,step
2026-08-31T18:37:44.671910+00:00,37.428,-0.3067,0.15,0.0,0.2011,-0.0061,5845.98,1,38.2125,138.166,step
2026-08-31T18:37:44.673293+00:00,37.623,-0.3044,0.15,0.0,0.1999,-0.0045,5872.55,1,40.0441,138.186,step
2026-08-31T18:37:44.674819+00:00,37.816,-0.3021,0.15,0.0,0.1986,-0.0028,5902.94,1,42.0774,138.206,step
2026-08-31T18:37:44.676259+00:00,38.008,-0.2999,0.15,0.0,0.1972,-0.0013,5934.67,1,44.3407,138.226,step
2026-08-31T18:37:44.677651+00:00,38.2,-0.0976,0.8,0.0,0.1958,0.0003,5965.96,1,46.5657,138.246,step
2026-08-31T18:37:44.679050+00:00,38.835,-0.097,0.8,0.0,0.1945,0.0003,6945.1,1,48.129,138.266,step
2026-08-31T18:37:44.680451+00:00,39.641,-0.0993,0.8,0.0,0.1936,-0.0025,7760.43,1,48.766,138.286,step
2026-08-31T18:37:44.681857+00:00,40.48,-0.1025,0.8,0.0,0.1929,-0.006,8809.49,1,49.1736,138.306,step
2026-08-31T18:37:44.683266+00:00,41.342,-0.1059,0.8,0.0,0.1924,-0.0097,10149.2,1,49.5381,138.326,step
2026-08-31T18:37:44.685012+00:00,42.223,-0.1096,0.8,0.0,0.1921,-0.0135,11478.5,1,49.8984,138.346,step
2026-08-31T18:37:44.686363+00:00,43.119,-0.1132,0.8,0.0,0.1918,-0.0173,12752.3,1,50.2669,138.366,step
2026-08-31T18:37:44.687741+00:00,44.025,-0.1167,0.8,0.0,0.1918,-0.0208,14013.1,1,50.648,138.386,step
2026-08-31T18:37:44.689109+00:00,44.938,-0.1203,0.8,0.0,0.1919,-0.0243,15286.5,1,51.0545,138.406,step
2026-08-31T18:37:44.690498+00:00,45.861,-0.1238,0.8,0.0,0.1921,-0.0278,16564.4,1,51.5021,138.426,step
2026-08-31T18:37:44.691978+00:00,46.799,-0.1273,0.8,0.0,0.1925,-0.0311,17819.9,1,52.0068,138.446,step
2026-08-31T18:37:44.693437+00:00,47.754,-0.1308,0.8,0.0,0.193,-0.0343,19016.5,1,52.5775,138.466,step
2026-08-31T18:37:44.694777+00:00,48.764,-0.1341,0.8,0.0,0.1937,-0.0372,19650.4,1,53.2179,138.486,step
2026-08-31T18:37:44.696126+00:00,49.782,-0.1373,0.8,0.0,0.1946,-0.04,19596.5,1,53.9345,138.506,step
2026-08-31T18:37:44.697453+00:00,50.797,-0.1402,0.8,0.0,0.1957,-0.0423,19603.3,2,54.7962,138.526,step
2026-08-31T18:37:44.698821+00:00,51.799,-0.1426,0.8,0.0,0.197,-0.0441,14180.8,2,55.809,138.546,step
2026-08-31T18:37:44.700129+00:00,52.761,-0.1447,0.8,0.0,0.1985,-0.0454,14161.0,2,56.9516,138.566,step
2026-08-31T18:37:44.701631+00:00,53.688,-0.1464,0.8,0.0,0.2002,-0.0463,9570.36,2,58.2134,138.586,step
2026-08-31T18:37:44.702936+00:00,54.592,-0.1479,0.8,0.0,0.2021,-0.0469,9823.83,2,59.5741,138.606,step
2026-08-31T18:37:44.704174+00:00,55.485,-0.145,0.8,0.0,0.2041,-0.043,10208.9,2,61.0315,138.626,step
2026-08-31T18:37:44.705410+00:00,56.369,-0.1388,0.8,0.0,0.2061,-0.0357,10599.7,2,62.5819,138.646,step
2026-08-31T18:37:44.706618+00:00,57.25,-0.132,0.8,0.0,0.2079,-0.0281,10986.1,2,64.2149,138.666,step
2026-08-31T18:37:44.707859+00:00,58.129,-0.1247,0.8,0.0,0.2095,-0.0199,11366.2,2,65.9274,138.686,step
2026-08-31T18:37:44.709338+00:00,59.073,-0.1168,0.8,0.0,0.2109,-0.0113,11606.6,2,67.7212,138.706,step
2026-08-31T18:37:44.710608+00:00,60.238,-0.1086,0.8,0.0,0.2122,-0.0025,11465.0,2,69.5352,138.726,step
2026-08-31T18:37:44.711930+00:00,61.372,-0.1001,0.8,0.0,0.2132,0.0065,11370.3,2,71.3652,138.746,step
2026-08-31T18:37:44.713278+00:00,62.409,-0.0912,0.8,0.0,0.2139,0.0158,11443.6,2,73.2275,138.766,step
2026-08-31T18:37:44.714637+00:00,63.329,-0.0817,0.8,0.0,0.2143,0.0254,11716.5,2,75.1485,138.786,step
2026-08-31T18:37:44.716012+00:00,64.177,-0.0717,0.8,0.0,0.2144,0.0355,12106.4,2,77.3271,138.806,step
2026-08-31T18:37:44.717672+00:00,64.99,-0.061,0.8,0.0,0.2143,0.0462,12545.7,2,80.069,138.826,step
2026-08-31T18:37:44.719053+00:00,65.793,-0.0496,0.8,0.0,0.2138,0.0573,12994.5,2,83.7377,138.846,step
2026-08-31T18:37:44.720421+00:00,66.602,-0.0376,0.8,0.0,0.213,0.0689,13430.3,2,89.5147,138.866,step
2026-08-31T18:37:44.721856+00:00,67.419,-0.0249,0.8,0.0,0.2119,0.0811,13845.1,2,153.196,138.886,step
2026-08-31T18:37:44.723366+00:00,68.246,-0.0115,0.8,0.0,0.2104,0.0937,14235.6,2,148.59,138.906,step
2026-08-31T18:37:44.724915+00:00,69.076,0.0025,0.8,0.0,0.2085,0.1068,14612.8,2,143.323,138.926,step
2026-08-31T18:37:44.726591+00:00,69.907,0.0173,0.8,0.0,0.2063,0.1204,14977.2,2,137.068,138.946,step
2026-08-31T18:37:44.728082+00:00,70.735,0.0328,0.8,0.0,0.2035,0.1345,15331.1,2,129.102,138.966,step
2026-08-31T18:37:44.729536+00:00,71.56,0.0492,0.8,0.0,0.2004,0.1494,15670.1,2,120.91,138.986,step
2026-08-31T18:37:44.730894+00:00,72.385,0.0666,0.8,0.0,0.1967,0.165,15995.3,2,113.356,139.006,step
2026-08-31T18:37:44.732306+00:00,73.201,0.2849,0.0,0.15,0.1924,0.1811,16314.2,2,42.8961,139.026,step
2026-08-31T18:37:44.733727+00:00,73.815,0.3023,0.0,0.15,0.1878,0.1962,13866.5,2,37.4329,139.046,step
2026-08-31T18:37:44.735197+00:00,74.226,0.3158,0.0,0.15,0.183,0.2073,11766.0,2,34.8258,139.066,step
2026-08-31T18:37:44.736420+00:00,74.542,0.3257,0.0,0.15,0.1778,0.2146,9962.7,2,33.3459,139.086,step
2026-08-31T18:37:44.737671+00:00,74.63,0.3317,0.0,0.15,0.172,0.2177,8749.39,2,32.7006,139.106,step
2026-08-31T18:37:44.738900+00:00,74.334,0.3328,0.0,0.15,0.1653,0.2154,8361.61,2,32.9281,139.126,step
2026-08-31T18:37:44.740149+00:00,73.905,0.3296,0.0,0.15,0.1578,0.2085,8297.16,2,34.0766,139.146,step
2026-08-31T18:37:44.741399+00:00,73.466,0.3232,0.0,0.15,0.1495,0.1979,8282.88,2,36.4099,139.166,step
2026-08-31T18:37:44.743097+00:00,73.022,0.3145,0.0,0.15,0.1408,0.1849,8263.4,2,41.4845,139.186,step
2026-08-31T18:37:44.744509+00:00,72.572,0.1045,0.8,0.0,0.132,0.1705,8223.82,2,108.036,139.206,step
2026-08-31T18:37:44.745955+00:00,73.071,0.0967,0.8,0.0,0.1231,0.1583,9426.06,2,112.962,139.226,step
2026-08-31T18:37:44.747401+00:00,73.928,0.0935,0.8,0.0,0.1138,0.1504,9882.51,2,116.222,139.246,step
2026-08-31T18:37:44.748866+00:00,74.844,0.0919,0.8,0.0,0.1043,0.1441,10210.7,2,118.955,139.266,step
2026-08-31T18:37:44.750594+00:00,75.79,0.0907,0.8,0.0,0.0947,0.1381,10476.2,2,121.643,139.286,step
2026-08-31T18:37:44.752253+00:00,76.742,0.0897,0.8,0.0,0.0851,0.1322,10724.7,2,124.397,139.306,step
2026-08-31T18:37:44.753780+00:00,77.678,0.0888,0.8,0.0,0.0755,0.1265,10990.2,2,126.956,139.326,step
2026-08-31T18:37:44.755315+00:00,78.581,0.0878,0.8,0.0,0.0659,0.1207,11287.7,2,129.204,139.346,step
2026-08-31T18:37:44.756883+00:00,79.464,0.0862,0.8,0.0,0.0564,0.1144,11602.0,2,131.424,139.366,step
2026-08-31T18:37:44.758492+00:00,80.345,0.0839,0.8,0.0,0.047,0.1074,11914.3,3,133.727,139.386,step
2026-08-31T18:37:44.760299+00:00,81.209,0.0806,0.8,0.0,0.0379,0.0995,9432.17,3,136.088,139.406,step
2026-08-31T18:37:44.761822+00:00,81.746,0.0778,0.8,0.0,0.0291,0.0923,9437.95,3,138.066,139.426,step
2026-08-31T18:37:44.763285+00:00,81.77,0.0764,0.8,0.0,0.021,0.0869,7482.51,3,139.336,139.446,step
2026-08-31T18:37:44.764744+00:00,82.221,0.0755,0.8,0.0,0.0135,0.0823,7914.34,3,140.283,139.466,step
2026-08-31T18:37:44.766143+00:00,82.895,0.0746,0.8,0.0,0.0065,0.0778,7967.92,3,141.151,139.486,step
2026-08-31T18:37:44.767755+00:00,83.575,0.0736,0.8,0.0,0.0,0.0736,8019.18,3,141.919,139.506,step
2026-08-31T18:37:44.769188+00:00,84.251,0.0726,0.15,0.0,-0.0061,0.0696,8086.3,3,79.8958,139.526,step
2026-08-31T18:37:44.770669+00:00,84.564,0.0718,0.15,0.0,-0.0119,0.0659,7756.97,3,76.3544,139.546,step
2026-08-31T18:37:44.772126+00:00,84.648,0.0712,0.15,0.0,-0.0172,0.0626,7764.24,3,73.9523,139.566,step
2026-08-31T18:37:44.773569+00:00,84.733,0.0705,0.15,0.0,-0.0222,0.0594,7773.08,3,71.9029,139.586,step
2026-08-31T18:37:44.774980+00:00,84.818,0.0695,0.15,0.0,-0.0269,0.0561,7781.23,3,70.0243,139.606,step
2026-08-31T18:37:44.776680+00:00,84.903,0.0683,0.15,0.0,-0.0313,0.0526,7789.07,3,68.2579,139.626,step
2026-08-31T18:37:44.778089+00:00,84.989,0.0668,0.15,0.0,-0.0354,0.0491,7796.69,3,66.6079,139.646,step
2026-08-31T18:37:44.779558+00:00,85.075,0.0652,0.15,0.0,-0.0392,0.0457,7804.13,3,65.072,139.666,step
2026-08-31T18:37:44.781001+00:00,85.161,0.0636,0.15,0.0,-0.0427,0.0423,7811.72,3,63.6433,139.686,step
2026-08-31T18:37:44.782406+00:00,85.247,0.062,0.15,0.0,-0.0459,0.039,7819.5,3,62.3124,139.706,step
2026-08-31T18:37:44.784096+00:00,85.333,0.0604,0.15,0.0,-0.049,0.0359,7827.36,3,61.06,139.726,step
2026-08-31T18:37:44.785470+00:00,85.419,0.0587,0.15,0.0,-0.0517,0.0328,7835.32,3,59.8734,139.746,step
2026-08-31T18:37:44.786823+00:00,85.505,0.057,0.15,0.0,-0.0543,0.0298,7843.15,3,58.7388,139.766,step
2026-08-31T18:37:44.788125+00:00,85.591,0.0552,0.15,0.0,-0.0566,0.0269,7850.99,3,57.6493,139.786,step
2026-08-31T18:37:44.789397+00:00,85.675,0.0534,0.15,0.0,-0.0587,0.024,7861.36,3,56.6003,139.806,step
2026-08-31T18:37:44.790663+00:00,85.763,0.0515,0.0,0.15,-0.0605,0.0212,7868.49,3,55.5842,139.826,step
2026-08-31T18:37:44.792178+00:00,85.466,0.0495,0.0,0.15,-0.0622,0.0184,7710.12,3,54.6009,139.846,step
2026-08-31T18:37:44.793647+00:00,84.978,0.0474,0.0,0.15,-0.0636,0.0156,7666.29,3,53.636,139.866,step
2026-08-31T18:37:44.794998+00:00,84.493,0.0452,0.0,0.15,-0.0649,0.0128,7622.56,3,52.6939,139.886,step
2026-08-31T18:37:44.796347+00:00,84.01,0.043,0.0,0.15,-0.0659,0.01,7579.54,3,51.781,139.906,step
2026-08-31T18:37:44.797664+00:00,83.531,0.0407,0.0,0.15,-0.0667,0.0074,7536.94,3,50.9007,139.926,step
2026-08-31T18:37:44.798996+00:00,83.054,0.0385,0.0,0.15,-0.0673,0.0048,7494.6,3,50.054,139.946,step
2026-08-31T18:37:44.800635+00:00,82.579,0.0363,0.0,0.15,-0.0678,0.0024,7452.35,3,49.243,139.966,step
2026-08-31T18:37:44.801948+00:00,82.106,0.0341,0.0,0.15,-0.068,0.0001,7410.05,3,48.4627,139.986,step
2026-08-31T18:37:44.803268+00:00,81.645,0.0321,0.0,0.15,-0.0681,-0.002,7368.05,3,47.7118,140.006,step
2026-08-31T18:37:44.804576+00:00,81.185,0.0301,0.0,0.15,-0.068,-0.0039,7326.33,3,46.9973,140.026,step
2026-08-31T18:37:44.805878+00:00,80.72,0.0283,0.0,0.15,-0.0678,-0.0056,7284.11,3,46.314,140.046,step
2026-08-31T18:37:44.807267+00:00,80.253,0.0266,0.0,0.15,-0.0675,-0.0072,7241.71,3,45.654,140.066,step
2026-08-31T18:37:44.808737+00:00,79.783,0.0249,0.0,0.15,-0.0671,-0.0087,7199.73,2,45.0092,140.086,step
2026-08-31T18:37:44.810053+00:00,79.334,-0.1769,0.0,0.15,-0.0665,-0.0101,9051.0,2,44.3771,140.106,step
2026-08-31T18:37:44.811380+00:00,78.918,-0.1763,0.0,0.15,-0.0661,-0.0093,9029.53,2,44.0501,140.126,step
2026-08-31T18:37:44.812684+00:00,78.457,-0.1711,0.0,0.15,-0.0661,-0.0041,8864.23,2,44.3027,140.146,step
2026-08-31T18:37:44.813970+00:00,77.921,-0.1633,0.0,0.15,-0.0667,0.0033,8801.44,2,44.8604,140.166,step
2026-08-31T18:37:44.815259+00:00,77.391,0.0455,0.0,0.15,-0.0677,0.0116,8748.38,2,45.5657,140.186,step
2026-08-31T18:37:44.816698+00:00,76.887,0.0523,0.0,0.15,-0.069,0.0178,8695.44,2,46.0368,140.206,step
2026-08-31T18:37:44.818245+00:00,76.353,0.054,0.0,0.15,-0.0702,0.0189,8642.17,2,45.7796,140.226,step
2026-08-31T18:37:44.819572+00:00,75.833,0.0532,0.0,0.15,-0.0712,0.0176,8590.22,2,45.1579,140.246,step
2026-08-31T18:37:44.820898+00:00,75.323,-0.1486,0.0,0.15,-0.0721,0.0153,8538.67,2,44.4059,140.266,step
2026-08-31T18:37:44.822220+00:00,74.832,-0.1484,0.0,0.15,-0.0732,0.015,8487.33,2,43.946,140.286,step
2026-08-31T18:37:44.823536+00:00,74.301,-0.1436,0.0,0.15,-0.0747,0.019,8430.52,2,44.1026,140.306,step
2026-08-31T18:37:44.824945+00:00,73.79,-0.1367,0.0,0.15,-0.0767,0.0249,8371.11,2,44.5746,140.326,step
2026-08-31T18:37:44.826673+00:00,73.292,0.0709,0.0,0.15,-0.0791,0.0314,8310.94,2,45.1963,140.346,step
2026-08-31T18:37:44.828123+00:00,72.834,0.0767,0.0,0.15,-0.0817,0.0358,8253.06,2,45.5447,140.366,step
2026-08-31T18:37:44.829547+00:00,72.333,0.0782,0.0,0.15,-0.0841,0.0361,8195.7,2,45.1859,140.386,step
2026-08-31T18:37:44.830981+00:00,71.826,-0.1227,0.0,0.15,-0.0863,0.0342,8140.68,2,44.4559,140.406,step
2026-08-31T18:37:44.832380+00:00,71.344,-0.1225,0.0,0.15,-0.0885,0.0333,8089.67,2,43.9118,140.426,step
2026-08-31T18:37:44.834036+00:00,70.833,-0.1204,0.0,0.15,-0.0911,0.0341,8036.24,2,43.9965,140.446,step
2026-08-31T18:37:44.835526+00:00,70.34,-0.1178,0.0,0.15,-0.0938,0.0353,7981.84,2,44.4147,140.466,step
2026-08-31T18:37:44.837010+00:00,69.858,0.0856,0.0,0.15,-0.0966,0.0373,7927.62,2,45.0073,140.486,step
2026-08-31T18:37:44.838468+00:00,69.402,0.0868,0.8,0.0,-0.0993,0.0371,7868.89,2,45.2486,140.506,step
2026-08-31T18:37:44.839917+00:00,69.642,-0.1169,0.0,0.15,-0.1015,0.0324,9007.11,2,44.5895,140.526,step
2026-08-31T18:37:44.841408+00:00,69.82,-0.1206,0.0,0.15,-0.1034,0.0278,7929.55,2,43.9683,140.546,step
2026-08-31T18:37:44.843044+00:00,69.332,-0.1204,0.0,0.15,-0.1055,0.0268,7867.58,2,44.0533,140.566,step
2026-08-31T18:37:44.844485+00:00,68.848,-0.1185,0.0,0.15,-0.1076,0.0277,7816.83,2,44.5165,140.586,step
2026-08-31T18:37:44.845972+00:00,68.371,0.0842,0.8,0.0,-0.1099,0.0293,7764.69,2,45.1925,140.606,step
2026-08-31T18:37:44.847471+00:00,68.728,0.0849,0.8,0.0,-0.1121,0.0288,8637.26,2,45.4724,140.626,step
2026-08-31T18:37:44.849066+00:00,69.513,-0.119,0.0,0.15,-0.1138,0.0241,9060.31,2,44.7703,140.646,step
2026-08-31T18:37:44.850692+00:00,69.761,-0.1229,0.0,0.15,-0.1152,0.0195,7922.17,2,44.1137,140.666,step
2026-08-31T18:37:44.852248+00:00,69.27,-0.1236,0.0,0.15,-0.1167,0.018,7870.35,2,44.159,140.686,step
2026-08-31T18:37:44.853757+00:00,68.771,-0.1225,0.0,0.15,-0.1183,0.0184,7809.51,2,44.6571,140.706,step
2026-08-31T18:37:44.855267+00:00,68.284,0.0798,0.8,0.0,-0.12,0.0198,7750.61,2,45.5126,140.726,step
2026-08-31T18:37:44.856784+00:00,68.622,0.0801,0.8,0.0,-0.1216,0.0194,8661.67,2,45.962,140.746,step
2026-08-31T18:37:44.858336+00:00,69.383,0.0759,0.8,0.0,-0.1226,0.0146,9136.07,2,45.1794,140.766,step
2026-08-31T18:37:44.860031+00:00,70.22,-0.1303,0.0,0.15,-0.1233,0.008,9577.67,2,43.928,140.786,step
2026-08-31T18:37:44.861541+00:00,70.671,-0.1355,0.0,0.15,-0.1238,0.0026,8057.31,2,43.0459,140.806,step
2026-08-31T18:37:44.863012+00:00,70.201,-0.1368,0.0,0.15,-0.1243,0.0011,7969.36,2,43.1318,140.826,step
2026-08-31T18:37:44.864502+00:00,69.695,-0.1359,0.0,0.15,-0.1249,0.0017,7911.26,2,43.8177,140.846,step
2026-08-31T18:37:44.866023+00:00,69.2,0.0663,0.8,0.0,-0.1256,0.0035,7853.31,2,45.0232,140.866,step
2026-08-31T18:37:44.867772+00:00,69.535,0.0668,0.8,0.0,-0.1262,0.0036,8781.1,2,45.8824,140.886,step
2026-08-31T18:37:44.869298+00:00,70.305,0.0627,0.0,0.15,-0.1264,-0.0005,9268.91,2,45.2155,140.906,step
2026-08-31T18:37:44.870826+00:00,70.579,-0.1432,0.0,0.15,-0.1261,-0.0063,8015.46,2,44.0077,140.926,step
2026-08-31T18:37:44.872378+00:00,70.113,-0.1476,0.0,0.15,-0.1256,-0.0104,7963.6,2,43.3765,140.946,step
2026-08-31T18:37:44.873956+00:00,69.61,-0.1482,0.0,0.15,-0.1253,-0.0108,7906.28,2,44.0071,140.966,step
2026-08-31T18:37:44.875822+00:00,69.114,0.0535,0.8,0.0,-0.1251,-0.0091,7846.66,2,45.7365,140.986,step
2026-08-31T18:37:44.877362+00:00,69.456,0.0538,0.8,0.0,-0.125,-0.0087,8757.83,2,47.5313,141.006,step
2026-08-31T18:37:44.878921+00:00,70.233,0.0499,0.8,0.0,-0.1244,-0.0123,9232.35,2,46.979,141.026,step
2026-08-31T18:37:44.880466+00:00,71.079,0.0441,0.0,0.15,-0.1234,-0.0176,9671.38,2,45.4697,141.046,step
2026-08-31T18:37:44.882025+00:00,71.523,-0.1623,0.0,0.15,-0.122,-0.0233,8134.24,2,43.9782,141.066,step
2026-08-31T18:37:44.883696+00:00,71.07,-0.1669,0.0,0.15,-0.1205,-0.0272,8065.95,2,43.3985,141.086,step
2026-08-31T18:37:44.885407+00:00,70.559,-0.1679,0.0,0.15,-0.1191,-0.0275,8008.25,2,44.5419,141.106,step
2026-08-31T18:37:44.886928+00:00,70.043,0.0335,0.8,0.0,-0.1179,-0.0255,7947.2,2,105.897,141.126,step
2026-08-31T18:37:44.888478+00:00,70.365,0.0339,0.8,0.0,-0.1168,-0.0245,8897.41,2,104.533,141.146,step
2026-08-31T18:37:44.890024+00:00,71.141,0.0303,0.8,0.0,-0.1152,-0.0273,9408.1,2,103.998,141.166,step
2026-08-31T18:37:44.891563+00:00,71.989,0.0251,0.8,0.0,-0.1132,-0.0315,9850.64,2,103.776,141.186,step
2026-08-31T18:37:44.893253+00:00,72.883,0.0192,0.8,0.0,-0.1109,-0.0363,10211.3,2,103.644,141.206,step
2026-08-31T18:37:44.894805+00:00,73.807,0.0131,0.8,0.0,-0.1084,-0.0412,10515.0,2,103.521,141.226,step
2026-08-31T18:37:44.896388+00:00,74.747,0.0068,0.8,0.0,-0.1056,-0.046,10787.7,2,103.377,141.246,step
2026-08-31T18:37:44.898088+00:00,75.689,0.0004,0.8,0.0,-0.1025,-0.0508,11051.8,2,103.199,141.266,step
2026-08-31T18:37:44.899624+00:00,76.623,-0.2059,0.0,0.15,-0.0991,-0.0555,11322.8,2,44.3579,141.286,step
2026-08-31T18:37:44.901345+00:00,77.388,-0.211,0.0,0.15,-0.0955,-0.0587,9209.77,2,44.7632,141.306,step
2026-08-31T18:37:44.902883+00:00,77.126,-0.013,0.8,0.0,-0.0919,-0.0589,8747.81,2,101.266,141.326,step
2026-08-31T18:37:44.904411+00:00,77.353,-0.0143,0.8,0.0,-0.0882,-0.0584,9809.81,2,99.9182,141.346,step
2026-08-31T18:37:44.905869+00:00,78.155,-0.0178,0.8,0.0,-0.0843,-0.0599,10309.6,2,98.9972,141.366,step
2026-08-31T18:37:44.907386+00:00,79.016,-0.0221,0.8,0.0,-0.08,-0.0621,10710.0,2,98.22,141.386,step
2026-08-31T18:37:44.909166+00:00,79.909,-0.0268,0.15,0.0,-0.0754,-0.0644,11048.2,2,97.4561,141.406,step
2026-08-31T18:37:44.910760+00:00,80.764,-0.0314,0.15,0.0,-0.0706,-0.0667,9662.09,3,96.6597,141.426,step
2026-08-31T18:37:44.912328+00:00,80.983,-0.0363,0.15,0.0,-0.0655,-0.069,7594.34,3,95.8754,141.446,step
2026-08-31T18:37:44.913961+00:00,80.996,-0.0411,0.15,0.0,-0.0604,-0.0713,7606.68,3,95.0733,141.466,step
2026-08-31T18:37:44.915577+00:00,81.02,-0.0458,0.15,0.0,-0.0551,-0.0733,7413.35,3,94.2125,141.486,step
2026-08-31T18:37:44.917330+00:00,81.096,-0.0503,0.15,0.0,-0.0497,-0.0751,7440.91,3,93.3039,141.506,step
2026-08-31T18:37:44.918966+00:00,81.197,-0.0547,0.15,0.0,-0.0442,-0.0767,7450.16,3,92.3607,141.526,step
2026-08-31T18:37:44.920559+00:00,81.297,-0.0589,0.15,0.0,-0.0386,-0.0782,7459.19,3,91.3728,141.546,step
2026-08-31T18:37:44.922162+00:00,81.397,-0.063,0.15,0.0,-0.0329,-0.0794,7468.33,3,90.3399,141.566,step
2026-08-31T18:37:44.923724+00:00,81.497,-0.067,0.15,0.0,-0.0271,-0.0805,7475.57,3,89.2662,141.586,step
2026-08-31T18:37:44.925472+00:00,81.596,-0.0709,0.15,0.0,-0.0212,-0.0815,7484.52,3,88.1577,141.606,step
2026-08-31T18:37:44.926989+00:00,81.694,-0.0746,0.15,0.0,-0.0153,-0.0823,7493.99,3,87.0098,141.626,step
2026-08-31T18:37:44.928549+00:00,81.792,-0.0782,0.15,0.0,-0.0094,-0.0829,7503.98,3,85.8175,141.646,step
2026-08-31T18:37:44.930105+00:00,81.889,-0.0816,0.15,0.0,-0.0034,-0.0833,7513.69,3,84.58,141.666,step
2026-08-31T18:37:44.931683+00:00,81.987,-0.0849,0.15,0.0,0.0026,-0.0836,7523.13,3,83.2952,141.686,step
2026-08-31T18:37:44.933253+00:00,82.082,-0.0879,0.15,0.0,0.0087,-0.0836,7532.35,3,81.9489,141.706,step
2026-08-31T18:37:44.934998+00:00,82.178,-0.0907,0.15,0.0,0.0147,-0.0834,7540.9,3,80.5385,141.726,step
2026-08-31T18:37:44.936584+00:00,82.273,-0.0934,0.15,0.0,0.0207,-0.083,7549.51,3,79.0825,141.746,step
2026-08-31T18:37:44.938120+00:00,82.368,-0.0959,0.15,0.0,0.0267,-0.0826,7558.14,3,77.5913,141.766,step
2026-08-31T18:37:44.939651+00:00,82.462,-0.0984,0.15,0.0,0.0326,-0.0821,7566.75,3,76.0654,141.786,step
2026-08-31T18:37:44.941204+00:00,82.556,-0.1007,0.15,0.0,0.0386,-0.0814,7575.37,3,74.5051,141.806,step
2026-08-31T18:37:44.942930+00:00,82.651,-0.103,0.15,0.0,0.0445,-0.0808,7580.24,3,72.9104,141.826,step
2026-08-31T18:37:44.944400+00:00,82.743,-0.1053,0.15,0.0,0.0503,-0.0801,7588.62,3,71.3006,141.846,step
2026-08-31T18:37:44.945911+00:00,82.834,-0.1075,0.15,0.0,0.0561,-0.0795,7597.74,3,69.656,141.866,step
2026-08-31T18:37:44.947480+00:00,82.924,-0.1095,0.15,0.0,0.0618,-0.0786,7607.68,3,67.9915,141.886,step
2026-08-31T18:37:44.949014+00:00,83.015,-0.1113,0.15,0.0,0.0674,-0.0776,7617.25,3,66.3314,141.906,step
2026-08-31T18:37:44.950778+00:00,83.105,-0.113,0.15,0.0,0.073,-0.0765,7626.34,3,64.6837,141.926,step
2026-08-31T18:37:44.952445+00:00,83.193,-0.1143,0.15,0.0,0.0785,-0.075,7635.23,3,63.0276,141.946,step
2026-08-31T18:37:44.954024+00:00,83.281,-0.1153,0.15,0.0,0.0838,-0.0733,7642.65,3,61.3709,141.966,step
2026-08-31T18:37:44.955620+00:00,83.369,-0.1161,0.15,0.0,0.0891,-0.0716,7650.32,3,59.7581,141.986,step
2026-08-31T18:37:44.957184+00:00,83.457,-0.117,0.15,0.0,0.0942,-0.0699,7658.09,3,58.2013,142.006,step
2026-08-31T18:37:44.958795+00:00,83.544,-0.1178,0.15,0.0,0.0992,-0.0682,7665.93,3,56.7006,142.026,step
2026-08-31T18:37:44.960582+00:00,83.631,-0.1186,0.15,0.0,0.1041,-0.0666,7673.76,3,55.2538,142.046,step
2026-08-31T18:37:44.962111+00:00,83.72,-0.1195,0.0,0.15,0.1089,-0.065,7676.08,3,53.8635,142.066,step
2026-08-31T18:37:44.963655+00:00,83.421,-0.1204,0.0,0.15,0.1136,-0.0636,7538.71,3,52.5271,142.086,step
2026-08-31T18:37:44.965216+00:00,82.938,-0.1209,0.0,0.15,0.1181,-0.0618,7491.62,3,51.1904,142.106,step
2026-08-31T18:37:44.966703+00:00,82.455,-0.1209,0.0,0.15,0.1224,-0.0597,7441.85,3,49.8436,142.126,step
2026-08-31T18:37:44.968355+00:00,81.977,-0.1205,0.0,0.15,0.1266,-0.0572,7394.4,3,48.4931,142.146,step
2026-08-31T18:37:44.969860+00:00,81.503,-0.1198,0.0,0.15,0.1306,-0.0545,7349.45,3,47.1565,142.166,step
2026-08-31T18:37:44.971366+00:00,81.059,-0.119,0.0,0.15,0.1345,-0.0518,7307.71,3,45.8738,142.186,step
2026-08-31T18:37:44.972880+00:00,80.597,0.0816,0.0,0.15,0.1381,-0.0493,7265.85,3,44.6668,142.206,step
2026-08-31T18:37:44.974396+00:00,80.145,0.08,0.0,0.15,0.1418,-0.0491,7225.39,3,43.7446,142.226,step
2026-08-31T18:37:44.975982+00:00,79.655,0.077,0.0,0.15,0.1459,-0.0501,7183.75,2,43.3353,142.246,step
2026-08-31T18:37:44.977469+00:00,79.197,0.0755,0.0,0.15,0.1499,-0.0496,9031.06,2,43.1856,142.266,step
2026-08-31T18:37:44.978989+00:00,78.767,0.0731,0.0,0.15,0.1539,-0.05,9009.75,2,43.1465,142.286,step
2026-08-31T18:37:44.980509+00:00,78.34,0.0704,0.0,0.15,0.1578,-0.0507,8845.03,2,43.1521,142.306,step
2026-08-31T18:37:44.982031+00:00,77.848,0.0674,0.0,0.15,0.1616,-0.0518,8761.68,2,43.198,142.326,step
2026-08-31T18:37:44.983708+00:00,77.323,0.0644,0.0,0.15,0.1654,-0.053,8733.02,2,43.2543,142.346,step
2026-08-31T18:37:44.985439+00:00,76.807,0.0615,0.0,0.15,0.1692,-0.0539,8689.64,2,43.2968,142.366,step
2026-08-31T18:37:44.986944+00:00,76.295,0.0589,0.0,0.15,0.173,-0.0546,8642.54,2,43.3182,142.386,step
2026-08-31T18:37:44.988438+00:00,75.787,0.0567,0.0,0.15,0.1768,-0.0549,8592.46,2,43.3166,142.406,step
2026-08-31T18:37:44.989924+00:00,75.282,0.0547,0.0,0.15,0.1806,-0.055,8539.59,2,43.294,142.426,step
2026-08-31T18:37:44.991511+00:00,74.781,0.0529,0.0,0.15,0.1844,-0.0549,8484.54,2,43.2556,142.446,step
2026-08-31T18:37:44.993258+00:00,74.285,0.0512,0.0,0.15,0.1881,-0.0547,8425.36,2,43.206,142.466,step
2026-08-31T18:37:44.994800+00:00,73.793,0.0496,0.0,0.15,0.1919,-0.0544,8368.08,2,43.1492,142.486,step
2026-08-31T18:37:44.996307+00:00,73.302,0.0482,0.0,0.15,0.1956,-0.0541,8312.07,2,43.087,142.506,step
2026-08-31T18:37:44.997751+00:00,72.813,0.0468,0.0,0.15,0.1992,-0.0536,8256.94,2,43.0188,142.526,step
2026-08-31T18:37:44.999282+00:00,72.327,0.0455,0.0,0.15,0.2028,-0.0531,8202.57,2,42.9442,142.546,step
2026-08-31T18:37:45.000951+00:00,71.843,0.0445,0.0,0.15,0.2063,-0.0523,8148.59,2,42.8616,142.566,step
2026-08-31T18:37:45.002424+00:00,71.361,0.0437,0.0,0.15,0.2097,-0.0515,8095.01,2,42.7745,142.586,step
2026-08-31T18:37:45.003923+00:00,70.881,0.0429,0.0,0.15,0.2131,-0.0506,8041.66,2,42.6845,142.606,step
2026-08-31T18:37:45.005395+00:00,70.404,0.0421,0.0,0.15,0.2164,-0.0497,7987.62,2,42.5902,142.626,step
2026-08-31T18:37:45.006885+00:00,69.928,0.0415,0.0,0.15,0.2196,-0.0487,7934.85,2,42.4921,142.646,step
2026-08-31T18:37:45.008661+00:00,69.455,0.0409,0.0,0.15,0.2227,-0.0477,7882.09,2,42.3926,142.666,step
2026-08-31T18:37:45.010164+00:00,68.984,0.0404,0.0,0.15,0.2258,-0.0467,7829.58,2,42.2909,142.686,step
2026-08-31T18:37:45.011651+00:00,68.515,0.04,0.0,0.15,0.2287,-0.0456,7777.32,2,42.1852,142.706,step
2026-08-31T18:37:45.013126+00:00,68.049,0.0399,0.0,0.15,0.2316,-0.0443,7725.21,2,42.0775,142.726,step
2026-08-31T18:37:45.014553+00:00,67.584,0.0398,0.0,0.15,0.2344,-0.043,7673.17,2,41.97,142.746,step
2026-08-31T18:37:45.016020+00:00,67.122,0.0398,0.0,0.15,0.2371,-0.0416,7621.28,2,41.8637,142.766,step
2026-08-31T18:37:45.017649+00:00,66.661,0.0399,0.0,0.15,0.2396,-0.0403,7570.19,2,41.7587,142.786,step
2026-08-31T18:37:45.019106+00:00,66.2,0.04,0.0,0.15,0.2421,-0.0389,7518.67,2,41.6549,142.806,step
2026-08-31T18:37:45.020614+00:00,65.743,0.0401,0.0,0.15,0.2445,-0.0376,7466.98,2,41.5541,142.826,step
2026-08-31T18:37:45.022127+00:00,65.289,0.0403,0.0,0.15,0.2468,-0.0363,7415.65,2,41.4556,142.846,step
2026-08-31T18:37:45.023598+00:00,64.836,0.0405,0.0,0.15,0.249,-0.035,7364.72,2,41.3587,142.866,step
2026-08-31T18:37:45.025074+00:00,64.385,0.0407,0.0,0.15,0.2512,-0.0337,7314.05,2,41.2632,142.886,step
2026-08-31T18:37:45.026645+00:00,63.935,0.0413,0.0,0.15,0.2532,-0.0321,7263.44,2,41.1719,142.906,step
2026-08-31T18:37:45.028068+00:00,63.488,0.0419,0.0,0.15,0.2551,-0.0306,7213.08,2,41.0844,142.926,step
2026-08-31T18:37:45.029562+00:00,63.042,0.0425,0.0,0.15,0.257,-0.0291,7162.84,2,41.002,142.946,step
2026-08-31T18:37:45.031042+00:00,62.596,0.0431,0.0,0.15,0.2587,-0.0276,7114.33,2,40.9235,142.966,step
2026-08-31T18:37:45.032505+00:00,62.151,0.0437,0.0,0.15,0.2603,-0.0261,7064.64,2,40.8497,142.986,step
2026-08-31T18:37:45.034202+00:00,61.709,0.0443,0.0,0.15,0.2619,-0.0247,7014.61,2,40.7849,143.006,step
2026-08-31T18:37:45.035740+00:00,61.27,0.045,0.0,0.15,0.2634,-0.0233,6964.47,2,40.7259,143.026,step
2026-08-31T18:37:45.037189+00:00,60.832,0.0456,0.0,0.15,0.2648,-0.022,6914.82,2,40.6727,143.046,step
2026-08-31T18:37:45.038621+00:00,60.396,0.0462,0.0,0.15,0.2661,-0.0207,6865.3,2,40.6267,143.066,step
2026-08-31T18:37:45.040085+00:00,59.961,0.0472,0.0,0.15,0.2673,-0.0192,6816.32,2,40.5857,143.086,step
2026-08-31T18:37:45.041494+00:00,59.528,0.0482,0.0,0.15,0.2685,-0.0176,6767.5,2,40.5499,143.106,step
2026-08-31T18:37:45.043250+00:00,59.096,0.0491,0.0,0.15,0.2696,-0.0161,6718.71,2,40.5218,143.126,step
2026-08-31T18:37:45.044699+00:00,58.665,0.0501,0.0,0.15,0.2705,-0.0146,6670.15,2,40.5015,143.146,step
2026-08-31T18:37:45.046145+00:00,58.234,0.0511,0.0,0.15,0.2715,-0.0132,6624.13,2,40.4885,143.166,step
2026-08-31T18:37:45.047588+00:00,57.802,0.0521,0.0,0.15,0.2723,-0.0118,6575.3,2,40.4853,143.186,step
2026-08-31T18:37:45.049047+00:00,57.375,0.053,0.0,0.15,0.273,-0.0105,6526.63,2,40.492,143.206,step
2026-08-31T18:37:45.050666+00:00,56.95,0.0539,0.0,0.15,0.2738,-0.0092,6477.86,2,40.5082,143.226,step
2026-08-31T18:37:45.052082+00:00,56.527,0.0548,0.0,0.15,0.2744,-0.008,6429.46,2,40.5336,143.246,step
2026-08-31T18:37:45.053509+00:00,56.105,0.0557,0.0,0.15,0.275,-0.0068,6381.51,2,40.5681,143.266,step
2026-08-31T18:37:45.054930+00:00,55.684,0.057,0.0,0.15,0.2755,-0.0053,6333.78,2,40.6109,143.286,step
2026-08-31T18:37:45.056407+00:00,55.263,0.0582,0.0,0.15,0.2759,-0.0038,6286.31,2,40.6628,143.306,step
2026-08-31T18:37:45.057779+00:00,54.844,0.0595,0.0,0.15,0.2763,-0.0024,6239.07,2,40.7235,143.326,step
2026-08-31T18:37:45.059368+00:00,54.426,0.0607,0.0,0.15,0.2766,-0.001,6191.89,2,40.7933,143.346,step
2026-08-31T18:37:45.060758+00:00,54.007,0.0619,0.0,0.15,0.2768,0.0003,6147.4,2,40.8683,143.366,step
2026-08-31T18:37:45.062152+00:00,53.586,0.0631,0.0,0.15,0.277,0.0016,6099.82,2,40.9473,143.386,step
2026-08-31T18:37:45.063558+00:00,53.171,0.0642,0.0,0.15,0.2771,0.0028,6052.45,2,41.0308,143.406,step
2026-08-31T18:37:45.064944+00:00,52.758,0.0653,0.0,0.15,0.2772,0.0039,6004.75,2,41.1167,143.426,step
2026-08-31T18:37:45.066327+00:00,52.346,0.0664,0.0,0.15,0.2773,0.005,5957.42,2,41.2044,143.446,step
2026-08-31T18:37:45.067905+00:00,51.935,0.0674,0.0,0.15,0.2773,0.0061,5910.52,2,41.2937,143.466,step
2026-08-31T18:37:45.069284+00:00,51.525,0.0686,0.0,0.15,0.2772,0.0072,5863.83,2,41.3839,143.486,step
2026-08-31T18:37:45.070639+00:00,51.116,0.0701,0.0,0.15,0.2771,0.0086,5817.45,2,41.4776,143.506,step
2026-08-31T18:37:45.072009+00:00,50.708,0.0715,0.0,0.15,0.277,0.01,5771.31,2,41.5742,143.526,step
2026-08-31T18:37:45.073382+00:00,50.3,0.0729,0.0,0.15,0.2768,0.0113,5725.16,2,41.6747,143.546,step
2026-08-31T18:37:45.074812+00:00,49.893,0.0743,0.0,0.15,0.2765,0.0125,5679.21,1,41.7789,143.566,step
2026-08-31T18:37:45.076254+00:00,49.49,0.0756,0.0,0.15,0.2762,0.0137,7621.17,1,41.884,143.586,step
2026-08-31T18:37:45.077625+00:00,49.088,0.0769,0.0,0.15,0.2759,0.0148,7609.99,1,41.9923,143.606,step
2026-08-31T18:37:45.079028+00:00,48.674,0.0781,0.0,0.15,0.2755,0.0159,7423.55,1,42.1069,143.626,step
2026-08-31T18:37:45.080410+00:00,48.217,0.0793,0.0,0.15,0.2751,0.0169,7353.99,1,42.2295,143.646,step
2026-08-31T18:37:45.081777+00:00,47.763,0.0805,0.0,0.15,0.2747,0.0178,7284.21,1,42.3552,143.666,step
2026-08-31T18:37:45.083232+00:00,47.311,0.0816,0.0,0.15,0.2742,0.0187,7215.6,1,42.4823,143.686,step
2026-08-31T18:37:45.084702+00:00,46.862,0.0826,0.15,0.0,0.2737,0.0195,7147.7,1,42.6128,143.706,step
2026-08-31T18:37:45.086036+00:00,46.941,0.0841,0.15,0.0,0.2732,0.0207,7337.69,1,42.7274,143.726,step
2026-08-31T18:37:45.087373+00:00,47.128,0.086,0.0,0.15,0.2726,0.0223,7365.7,1,42.8159,143.746,step
2026-08-31T18:37:45.088726+00:00,46.818,0.0878,0.15,0.0,0.272,0.0238,7146.07,1,42.9124,143.766,step
2026-08-31T18:37:45.090086+00:00,46.887,0.0896,0.15,0.0,0.2714,0.0253,7327.85,1,43.0191,143.786,step
2026-08-31T18:37:45.091454+00:00,47.074,0.0915,0.0,0.15,0.2706,0.0268,7356.91,1,43.1116,143.806,step
2026-08-31T18:37:45.093033+00:00,46.764,0.0933,0.15,0.0,0.2698,0.0282,7142.63,1,43.2154,143.826,step
2026-08-31T18:37:45.094399+00:00,46.833,0.095,0.15,0.0,0.269,0.0295,7316.31,1,43.3326,143.846,step
2026-08-31T18:37:45.095762+00:00,47.017,0.0968,0.0,0.15,0.2681,0.0308,7345.53,1,43.4428,143.866,step
2026-08-31T18:37:45.097186+00:00,46.697,0.0984,0.15,0.0,0.2672,0.032,7128.89,1,43.572,143.886,step
2026-08-31T18:37:45.098617+00:00,46.775,0.1,0.15,0.0,0.2663,0.0331,7310.44,1,43.7146,143.906,step
2026-08-31T18:37:45.099991+00:00,46.959,0.1016,0.15,0.0,0.2653,0.0343,7339.08,1,43.8424,143.926,step
2026-08-31T18:37:45.101458+00:00,47.144,0.1033,0.0,0.15,0.2642,0.0355,7367.51,1,43.9702,143.946,step
2026-08-31T18:37:45.102799+00:00,46.83,0.1052,0.15,0.0,0.2632,0.0368,7146.54,1,44.1137,143.966,step
2026-08-31T18:37:45.104149+00:00,46.902,0.1074,0.15,0.0,0.262,0.0384,7331.18,1,44.2697,143.986,step
2026-08-31T18:37:45.105488+00:00,47.085,0.1097,0.0,0.15,0.2608,0.0401,7359.31,1,44.4124,144.006,step
2026-08-31T18:37:45.106825+00:00,46.771,0.1118,0.15,0.0,0.2595,0.0416,7137.56,1,44.5729,144.026,step
2026-08-31T18:37:45.108273+00:00,46.844,0.1139,0.15,0.0,0.2582,0.043,7321.97,1,44.75,144.046,step
2026-08-31T18:37:45.109784+00:00,47.028,0.1161,0.0,0.15,0.2568,0.0445,7346.23,1,44.9136,144.066,step
2026-08-31T18:37:45.111149+00:00,46.701,-0.0819,0.8,0.0,0.2554,0.0458,7134.29,1,45.0932,144.086,step
2026-08-31T18:37:45.112536+00:00,47.237,-0.0778,0.8,0.0,0.2537,0.049,8701.42,1,45.0271,144.106,step
2026-08-31T18:37:45.113962+00:00,48.082,0.1301,0.0,0.15,0.2515,0.0558,9983.31,1,44.494,144.126,step
2026-08-31T18:37:45.115412+00:00,48.703,0.1377,0.0,0.15,0.2489,0.0622,7579.4,1,44.0226,144.146,step
2026-08-31T18:37:45.116833+00:00,48.29,0.142,0.0,0.15,0.2464,0.0652,7369.14,1,43.9888,144.166,step
2026-08-31T18:37:45.118403+00:00,47.803,0.1446,0.0,0.15,0.244,0.0665,7288.79,1,44.1623,144.186,step
2026-08-31T18:37:45.119718+00:00,47.33,0.1466,0.0,0.15,0.2415,0.0674,7214.21,1,44.4399,144.206,step
2026-08-31T18:37:45.121017+00:00,46.867,0.1488,0.15,0.0,0.2392,0.0684,7144.12,1,44.7656,144.226,step
2026-08-31T18:37:45.122298+00:00,46.952,-0.049,0.8,0.0,0.2368,0.0694,7342.77,1,45.0887,144.246,step
2026-08-31T18:37:45.123624+00:00,47.572,-0.0444,0.8,0.0,0.2342,0.0727,8829.95,1,45.1329,144.266,step
2026-08-31T18:37:45.125247+00:00,48.39,0.1638,0.0,0.15,0.231,0.0793,10200.5,1,44.7518,144.286,step
2026-08-31T18:37:45.126636+00:00,49.038,0.1718,0.0,0.15,0.2275,0.0856,7718.41,1,44.4309,144.306,step
2026-08-31T18:37:45.127958+00:00,48.625,0.1767,0.0,0.15,0.224,0.0886,7431.1,1,44.499,144.326,step
2026-08-31T18:37:45.129278+00:00,48.118,0.1794,0.0,0.15,0.2206,0.0897,7347.2,1,44.8198,144.346,step
2026-08-31T18:37:45.130579+00:00,47.646,-0.019,0.8,0.0,0.2174,0.0897,7269.57,1,45.2526,144.366,step
2026-08-31T18:37:45.131898+00:00,48.172,-0.0151,0.8,0.0,0.2139,0.0918,9018.56,1,45.4278,144.386,step
2026-08-31T18:37:45.133429+00:00,48.993,-0.0074,0.8,0.0,0.2099,0.0975,10397.9,1,45.172,144.406,step
2026-08-31T18:37:45.134764+00:00,49.853,0.2013,0.0,0.15,0.2055,0.104,11701.3,1,44.8177,144.426,step
2026-08-31T18:37:45.136016+00:00,50.549,0.206,0.0,0.15,0.2008,0.1064,8992.06,2,44.611,144.446,step
2026-08-31T18:37:45.137250+00:00,50.663,0.2054,0.0,0.15,0.1963,0.1035,6488.91,2,44.6789,144.466,step
2026-08-31T18:37:45.138444+00:00,50.199,0.2035,0.0,0.15,0.1921,0.0995,6483.97,2,44.8785,144.486,step
2026-08-31T18:37:45.139666+00:00,49.716,0.0004,0.8,0.0,0.1882,0.0945,5657.61,1,45.2022,144.506,step
2026-08-31T18:37:45.140945+00:00,49.73,-0.0017,0.8,0.0,0.1846,0.0906,8046.7,1,45.4042,144.526,step
2026-08-31T18:37:45.142266+00:00,49.748,-0.0008,0.8,0.0,0.1807,0.0896,8057.8,1,45.2483,144.546,step
2026-08-31T18:37:45.143523+00:00,49.789,0.2011,0.0,0.15,0.1767,0.0894,7734.61,1,44.9936,144.566,step
2026-08-31T18:37:45.144734+00:00,49.412,0.2012,0.0,0.15,0.1728,0.0876,7555.15,1,44.9317,144.586,step
2026-08-31T18:37:45.145941+00:00,48.894,-0.0021,0.8,0.0,0.1695,0.0827,7462.98,1,45.2363,144.606,step
2026-08-31T18:37:45.147104+00:00,49.406,-0.0046,0.8,0.0,0.1664,0.0786,9261.68,1,45.4389,144.626,step
2026-08-31T18:37:45.148299+00:00,50.216,-0.0037,0.8,0.0,0.163,0.0779,10666.6,2,45.2573,144.646,step
2026-08-31T18:37:45.149515+00:00,51.044,0.1983,0.0,0.15,0.1595,0.078,7959.71,2,44.958,144.666,step
2026-08-31T18:37:45.150816+00:00,51.191,0.199,0.0,0.15,0.156,0.077,7946.33,2,44.795,144.686,step
2026-08-31T18:37:45.152054+00:00,50.741,0.1972,0.0,0.15,0.1529,0.0736,5775.2,2,44.9018,144.706,step
2026-08-31T18:37:45.153248+00:00,50.267,-0.0062,0.8,0.0,0.1501,0.0688,5718.7,2,45.1681,144.726,step
2026-08-31T18:37:45.154440+00:00,50.614,-0.0088,0.8,0.0,0.1475,0.065,6289.26,2,45.3284,144.746,step
2026-08-31T18:37:45.155608+00:00,51.282,-0.0081,0.8,0.0,0.1447,0.0642,6403.01,2,45.1327,144.766,step
2026-08-31T18:37:45.156785+00:00,51.986,0.1936,0.0,0.15,0.1417,0.0644,6472.39,2,44.8249,144.786,step
2026-08-31T18:37:45.158129+00:00,51.916,0.1937,0.0,0.15,0.1388,0.0631,5916.43,2,44.6851,144.806,step
2026-08-31T18:37:45.159515+00:00,51.442,0.1906,0.0,0.15,0.1363,0.0587,5858.39,2,44.8888,144.826,step
2026-08-31T18:37:45.160763+00:00,50.99,-0.0142,0.8,0.0,0.1343,0.0529,5803.83,2,45.2542,144.846,step
2026-08-31T18:37:45.161974+00:00,51.39,-0.0174,0.8,0.0,0.1325,0.0489,6358.86,2,45.4277,144.866,step
2026-08-31T18:37:45.163155+00:00,52.065,-0.0168,0.8,0.0,0.1304,0.0484,6466.8,2,45.1901,144.886,step
2026-08-31T18:37:45.164311+00:00,52.767,0.185,0.0,0.15,0.1281,0.049,6549.48,2,44.8345,144.906,step
2026-08-31T18:37:45.165512+00:00,52.714,0.1853,0.0,0.15,0.1259,0.0483,6004.68,2,44.6251,144.926,step
2026-08-31T18:37:45.166901+00:00,52.251,0.1828,0.0,0.15,0.1241,0.0449,5947.61,2,44.7105,144.946,step
2026-08-31T18:37:45.168309+00:00,51.781,0.1787,0.0,0.15,0.1226,0.0399,5890.73,2,44.9582,144.966,step
2026-08-31T18:37:45.169527+00:00,51.321,-0.0265,0.8,0.0,0.1215,0.0343,5847.13,2,45.2916,144.986,step
2026-08-31T18:37:45.170750+00:00,51.745,-0.0297,0.8,0.0,0.1205,0.0306,6344.94,2,45.4101,145.006,step
2026-08-31T18:37:45.172053+00:00,52.423,-0.029,0.8,0.0,0.1192,0.0306,6433.37,2,45.1227,145.026,step
2026-08-31T18:37:45.173297+00:00,53.116,0.1727,0.0,0.15,0.1177,0.0316,6520.47,2,44.7221,145.046,step
2026-08-31T18:37:45.174528+00:00,53.016,0.173,0.0,0.15,0.1163,0.0311,6039.1,2,44.478,145.066,step
2026-08-31T18:37:45.175908+00:00,52.549,0.1702,0.0,0.15,0.1153,0.0278,5980.97,2,44.54,145.086,step
2026-08-31T18:37:45.177157+00:00,52.085,0.1657,0.0,0.15,0.1146,0.023,5924.43,2,44.7614,145.106,step
2026-08-31T18:37:45.178344+00:00,51.635,-0.0396,0.8,0.0,0.1142,0.0175,5871.97,2,45.055,145.126,step
2026-08-31T18:37:45.179577+00:00,52.01,-0.0429,0.8,0.0,0.114,0.014,6470.17,2,45.1373,145.146,step
2026-08-31T18:37:45.180831+00:00,52.679,0.1577,0.0,0.15,0.1134,0.0144,6603.64,2,44.8064,145.166,step
2026-08-31T18:37:45.182079+00:00,52.641,0.1577,0.0,0.15,0.1129,0.0141,5994.71,2,44.5466,145.186,step
2026-08-31T18:37:45.183401+00:00,52.174,0.1546,0.0,0.15,0.1127,0.0109,5940.13,2,44.5957,145.206,step
2026-08-31T18:37:45.184800+00:00,51.716,0.1499,0.0,0.15,0.1128,0.0063,5885.36,2,44.7883,145.226,step
2026-08-31T18:37:45.186071+00:00,51.273,-0.0554,0.8,0.0,0.1132,0.0012,5833.92,2,45.03,145.246,step
2026-08-31T18:37:45.187299+00:00,51.657,-0.0586,0.8,0.0,0.1137,-0.0017,6399.96,2,45.0491,145.266,step
2026-08-31T18:37:45.188524+00:00,52.32,0.1424,0.0,0.15,0.1139,-0.0007,6524.25,2,44.6606,145.286,step
2026-08-31T18:37:45.189757+00:00,52.262,0.1425,0.0,0.15,0.114,-0.0005,5952.38,2,44.3481,145.306,step
2026-08-31T18:37:45.191106+00:00,51.802,0.1395,0.0,0.15,0.1145,-0.0032,5898.0,2,44.3428,145.326,step
2026-08-31T18:37:45.192566+00:00,51.351,0.1351,0.0,0.15,0.1152,-0.0073,5843.86,2,44.4673,145.346,step
2026-08-31T18:37:45.193812+00:00,50.908,0.1302,0.0,0.15,0.1162,-0.0117,5792.28,2,44.6362,145.366,step
2026-08-31T18:37:45.195012+00:00,50.471,0.1251,0.0,0.15,0.1174,-0.0162,5742.07,2,44.8109,145.386,step
2026-08-31T18:37:45.196269+00:00,50.036,0.12,0.0,0.15,0.1188,-0.0206,5693.29,2,44.9758,145.406,step
2026-08-31T18:37:45.197548+00:00,49.602,-0.0849,0.8,0.0,0.1204,-0.0247,5648.01,1,45.123,145.426,step
2026-08-31T18:37:45.198799+00:00,49.623,-0.0877,0.8,0.0,0.122,-0.0267,8006.89,1,45.0451,145.446,step
2026-08-31T18:37:45.200027+00:00,49.627,0.1134,0.0,0.15,0.1232,-0.025,8018.11,1,44.6083,145.466,step
2026-08-31T18:37:45.201519+00:00,49.29,0.1136,0.0,0.15,0.1243,-0.0243,7512.07,1,44.2606,145.486,step
2026-08-31T18:37:45.202746+00:00,48.785,0.1106,0.0,0.15,0.1257,-0.0266,7436.76,1,44.2149,145.506,step
2026-08-31T18:37:45.203935+00:00,48.298,0.1064,0.0,0.15,0.1273,-0.0299,7361.11,1,44.2747,145.526,step
2026-08-31T18:37:45.205137+00:00,47.817,0.102,0.0,0.15,0.1292,-0.0334,7287.69,1,44.3537,145.546,step
2026-08-31T18:37:45.206321+00:00,47.34,0.0976,0.0,0.15,0.1312,-0.0368,7216.06,1,44.427,145.566,step
2026-08-31T18:37:45.207513+00:00,46.868,0.0933,0.15,0.0,0.1333,-0.0401,7145.53,1,44.4888,145.586,step
2026-08-31T18:37:45.208814+00:00,46.926,0.0892,0.15,0.0,0.1356,-0.043,7337.15,1,44.5212,145.606,step
2026-08-31T18:37:45.210128+00:00,47.092,0.0854,0.0,0.15,0.138,-0.0456,7360.94,1,44.5183,145.626,step
2026-08-31T18:37:45.211386+00:00,46.759,0.0816,0.15,0.0,0.1405,-0.0482,7137.72,1,44.5078,145.646,step
2026-08-31T18:37:45.212656+00:00,46.81,0.0778,0.15,0.0,0.143,-0.0506,7315.9,1,44.4909,145.666,step
2026-08-31T18:37:45.213932+00:00,46.976,0.0743,0.15,0.0,0.1457,-0.0529,7341.71,1,44.4485,145.686,step
2026-08-31T18:37:45.215207+00:00,47.142,0.0708,0.0,0.15,0.1485,-0.0549,7367.7,1,44.3912,145.706,step
2026-08-31T18:37:45.216480+00:00,46.815,0.0673,0.15,0.0,0.1513,-0.057,7145.94,1,44.3325,145.726,step
2026-08-31T18:37:45.217869+00:00,46.857,0.0639,0.15,0.0,0.1542,-0.059,7326.42,1,44.2703,145.746,step
2026-08-31T18:37:45.219080+00:00,47.024,0.0605,0.0,0.15,0.1572,-0.0609,7352.1,1,44.188,145.766,step
2026-08-31T18:37:45.220299+00:00,46.691,0.0572,0.15,0.0,0.1602,-0.0627,7126.2,1,44.1031,145.786,step
2026-08-31T18:37:45.221531+00:00,46.74,0.0539,0.15,0.0,0.1633,-0.0644,7308.77,1,44.013,145.806,step
2026-08-31T18:37:45.222795+00:00,46.907,0.0508,0.15,0.0,0.1665,-0.066,7334.06,1,43.9033,145.826,step
2026-08-31T18:37:45.223993+00:00,47.075,0.0477,0.0,0.15,0.1697,-0.0675,7359.38,1,43.7823,145.846,step
2026-08-31T18:37:45.225377+00:00,46.742,0.0446,0.15,0.0,0.1729,-0.0689,7135.62,1,43.6591,145.866,step
2026-08-31T18:37:45.226608+00:00,46.788,0.0416,0.15,0.0,0.1762,-0.0703,7318.01,1,43.5313,145.886,step
2026-08-31T18:37:45.227846+00:00,46.956,0.0387,0.15,0.0,0.1796,-0.0715,7342.83,1,43.3866,145.906,step
2026-08-31T18:37:45.229073+00:00,47.125,0.0359,0.0,0.15,0.183,-0.0726,7368.11,1,43.2316,145.926,step
2026-08-31T18:37:45.230336+00:00,46.795,0.0331,0.15,0.0,0.1864,-0.0737,7142.64,1,43.0735,145.946,step
2026-08-31T18:37:45.231565+00:00,46.836,0.0303,0.15,0.0,0.1898,-0.0748,7323.79,1,42.9108,145.966,step
2026-08-31T18:37:45.232781+00:00,47.004,0.0277,0.0,0.15,0.1933,-0.0756,7349.31,1,42.7325,145.986,step
2026-08-31T18:37:45.234118+00:00,46.672,0.0251,0.15,0.0,0.1968,-0.0765,7124.51,1,42.5512,146.006,step
2026-08-31T18:37:45.235394+00:00,46.714,0.0226,0.15,0.0,0.2003,-0.0773,7304.5,1,42.3661,146.026,step
2026-08-31T18:37:45.236623+00:00,46.883,0.0201,0.15,0.0,0.2038,-0.078,7330.31,1,42.168,146.046,step
2026-08-31T18:37:45.237844+00:00,47.051,0.0177,0.0,0.15,0.2074,-0.0786,7355.79,1,41.9613,146.066,step
2026-08-31T18:37:45.239075+00:00,46.72,0.0154,0.15,0.0,0.211,-0.0791,7132.51,1,41.752,146.086,step
2026-08-31T18:37:45.240312+00:00,46.758,0.0131,0.15,0.0,0.2145,-0.0796,7311.48,1,41.539,146.106,step
2026-08-31T18:37:45.241568+00:00,46.927,0.0109,0.15,0.0,0.2181,-0.08,7337.18,1,41.3142,146.126,step
2026-08-31T18:37:45.243083+00:00,47.095,0.0088,0.0,0.15,0.2217,-0.0803,7363.11,1,41.0828,146.146,step
2026-08-31T18:37:45.244344+00:00,46.77,0.0067,0.15,0.0,0.2253,-0.0806,7139.15,1,40.8491,146.166,step
2026-08-31T18:37:45.245643+00:00,46.801,0.0046,0.15,0.0,0.2289,-0.0809,7318.99,1,40.6136,146.186,step
2026-08-31T18:37:45.247010+00:00,46.97,0.0027,0.15,0.0,0.2325,-0.0811,7344.91,1,40.3683,146.206,step
2026-08-31T18:37:45.248324+00:00,47.14,0.0008,0.0,0.15,0.2361,-0.0812,7370.54,1,40.1165,146.226,step
2026-08-31T18:37:45.249645+00:00,46.809,-0.0011,0.15,0.0,0.2397,-0.0812,7144.74,1,39.86,146.246,step
2026-08-31T18:37:45.251201+00:00,46.838,-0.0017,0.15,0.0,0.2433,-0.0801,7324.64,1,39.6003,146.266,step
2026-08-31T18:37:45.252525+00:00,47.008,0.0003,0.0,0.15,0.2467,-0.0763,7350.33,1,39.3355,146.286,step
2026-08-31T18:37:45.253851+00:00,46.675,0.0024,0.15,0.0,0.25,-0.0726,7124.39,1,39.0721,146.306,step
2026-08-31T18:37:45.255135+00:00,46.707,0.0045,0.15,0.0,0.2531,-0.069,7303.97,1,38.815,146.326,step
2026-08-31T18:37:45.256426+00:00,46.877,0.0066,0.15,0.0,0.2561,-0.0654,7329.62,1,38.5615,146.346,step
2026-08-31T18:37:45.257746+00:00,47.046,0.0087,0.0,0.15,0.2589,-0.0618,7357.72,1,38.3131,146.366,step
2026-08-31T18:37:45.259264+00:00,46.721,0.0108,0.15,0.0,0.2616,-0.0584,7126.44,1,38.0718,146.386,step
2026-08-31T18:37:45.260573+00:00,46.754,0.0129,0.15,0.0,0.2642,-0.055,7313.08,1,37.8385,146.406,step
2026-08-31T18:37:45.261887+00:00,46.924,0.0151,0.15,0.0,0.2666,-0.0516,7337.97,1,37.6057,146.426,step
2026-08-31T18:37:45.263183+00:00,47.095,0.0172,0.0,0.15,0.2689,-0.0483,7362.68,1,37.376,146.446,step
2026-08-31T18:37:45.264483+00:00,46.764,0.0194,0.15,0.0,0.271,-0.0451,7140.47,1,37.1531,146.466,step
2026-08-31T18:37:45.265817+00:00,46.803,0.0215,0.15,0.0,0.273,-0.042,7317.09,1,36.9377,146.486,step
2026-08-31T18:37:45.267208+00:00,46.973,0.0237,0.15,0.0,0.2749,-0.0388,7343.12,1,36.7234,146.506,step
2026-08-31T18:37:45.268561+00:00,47.142,0.0259,0.0,0.15,0.2767,-0.0358,7368.77,1,36.5126,146.526,step
2026-08-31T18:37:45.269911+00:00,46.809,0.028,0.15,0.0,0.2784,-0.0328,7146.77,1,36.3092,146.546,step
2026-08-31T18:37:45.271245+00:00,46.851,0.0301,0.15,0.0,0.2799,-0.0299,7325.28,1,36.1131,146.566,step
2026-08-31T18:37:45.272566+00:00,47.02,0.0323,0.0,0.15,0.2813,-0.027,7350.85,1,35.9161,146.586,step
2026-08-31T18:37:45.273902+00:00,46.688,0.0345,0.15,0.0,0.2827,-0.0242,7127.02,1,35.7258,146.606,step
2026-08-31T18:37:45.275605+00:00,46.731,0.0366,0.15,0.0,0.2838,-0.0215,7306.73,1,35.5429,146.626,step
2026-08-31T18:37:45.276977+00:00,46.901,0.0387,0.15,0.0,0.2849,-0.0188,7332.21,1,35.3596,146.646,step
2026-08-31T18:37:45.278379+00:00,47.069,0.0409,0.0,0.15,0.2859,-0.0162,7357.79,1,35.1792,146.666,step
2026-08-31T18:37:45.279743+00:00,46.738,0.043,0.15,0.0,0.2868,-0.0136,7135.75,1,35.0066,146.686,step
2026-08-31T18:37:45.281075+00:00,46.782,0.045,0.15,0.0,0.2876,-0.0112,7313.87,1,34.8415,146.706,step
2026-08-31T18:37:45.282385+00:00,46.951,0.0471,0.15,0.0,0.2883,-0.0087,7339.69,1,34.674,146.726,step
2026-08-31T18:37:45.283836+00:00,47.12,0.0492,0.0,0.15,0.2889,-0.0063,7365.2,1,34.5085,146.746,step
2026-08-31T18:37:45.285302+00:00,46.788,0.0513,0.15,0.0,0.2894,-0.004,7142.67,1,34.3511,146.766,step
2026-08-31T18:37:45.286656+00:00,46.833,0.0533,0.15,0.0,0.2898,-0.0018,7321.55,1,34.2014,146.786,step
2026-08-31T18:37:45.288005+00:00,47.001,0.0554,0.0,0.15,0.2901,0.0004,7348.78,1,34.049,146.806,step
2026-08-31T18:37:45.289315+00:00,46.67,0.0573,0.15,0.0,0.2904,0.0025,7123.04,1,33.9039,146.826,step
2026-08-31T18:37:45.290683+00:00,46.717,0.0593,0.15,0.0,0.2906,0.0046,7304.25,1,33.7665,146.846,step
2026-08-31T18:37:45.292063+00:00,46.886,0.0613,0.15,0.0,0.2907,0.0066,7329.62,1,33.6254,146.866,step
2026-08-31T18:37:45.293519+00:00,47.054,0.0633,0.0,0.15,0.2907,0.0086,7354.74,1,33.4858,146.886,step
2026-08-31T18:37:45.294824+00:00,46.722,0.0652,0.15,0.0,0.2906,0.0105,7133.64,1,33.3548,146.906,step
2026-08-31T18:37:45.296143+00:00,46.771,0.0671,0.15,0.0,0.2905,0.0123,7311.24,1,33.2311,146.926,step
2026-08-31T18:37:45.297447+00:00,46.938,0.069,0.15,0.0,0.2903,0.0142,7337.23,1,33.1037,146.946,step
2026-08-31T18:37:45.298779+00:00,47.106,0.071,0.0,0.15,0.29,0.016,7362.81,1,32.9777,146.966,step
2026-08-31T18:37:45.300125+00:00,46.774,0.0728,0.15,0.0,0.2897,0.0177,7140.69,1,32.8607,146.986,step
2026-08-31T18:37:45.301689+00:00,46.824,0.0746,0.15,0.0,0.2893,0.0192,7319.98,1,32.7514,147.006,step
2026-08-31T18:37:45.303039+00:00,46.992,0.0765,0.15,0.0,0.2888,0.0208,7345.47,1,32.6377,147.026,step
2026-08-31T18:37:45.304374+00:00,47.159,0.0783,0.0,0.15,0.2883,0.0225,7371.02,1,32.5243,147.046,step
2026-08-31T18:37:45.305706+00:00,46.827,0.0801,0.15,0.0,0.2877,0.0239,7148.38,1,32.4196,147.066,step
2026-08-31T18:37:45.307054+00:00,46.877,0.0818,0.15,0.0,0.2871,0.0253,7328.03,1,32.3227,147.086,step
2026-08-31T18:37:45.308375+00:00,47.045,0.0835,0.0,0.15,0.2864,0.0267,7353.53,1,32.2211,147.106,step
2026-08-31T18:37:45.309903+00:00,46.711,0.0852,0.15,0.0,0.2857,0.028,7130.32,1,32.1283,147.126,step
2026-08-31T18:37:45.311237+00:00,46.765,0.0867,0.15,0.0,0.2849,0.0292,7310.35,1,32.042,147.146,step
2026-08-31T18:37:45.312559+00:00,46.932,0.0884,0.15,0.0,0.2841,0.0304,7335.7,1,31.9497,147.166,step
2026-08-31T18:37:45.313938+00:00,47.099,0.0901,0.0,0.15,0.2832,0.0317,7360.94,1,31.8571,147.186,step
2026-08-31T18:37:45.315258+00:00,46.767,0.0916,0.15,0.0,0.2823,0.0328,7139.66,1,31.7734,147.206,step
2026-08-31T18:37:45.316563+00:00,46.82,0.0931,0.15,0.0,0.2813,0.0338,7319.91,1,31.698,147.226,step
2026-08-31T18:37:45.318102+00:00,46.987,0.0947,0.15,0.0,0.2803,0.0348,7344.92,1,31.6159,147.246,step
2026-08-31T18:37:45.319382+00:00,47.154,0.0963,0.0,0.15,0.2793,0.0359,7370.08,1,31.534,147.266,step
2026-08-31T18:37:45.320692+00:00,46.822,0.0977,0.15,0.0,0.2783,0.0369,7147.54,1,31.4612,147.286,step
2026-08-31T18:37:45.321952+00:00,46.876,0.0991,0.15,0.0,0.2772,0.0377,7327.38,1,31.3959,147.306,step
2026-08-31T18:37:45.323223+00:00,47.043,0.1006,0.0,0.15,0.2761,0.0386,7352.88,1,31.3236,147.326,step
2026-08-31T18:37:45.324576+00:00,46.709,0.1019,0.15,0.0,0.2749,0.0394,7130.06,1,31.2599,147.346,step
2026-08-31T18:37:45.326008+00:00,46.766,0.1032,0.15,0.0,0.2737,0.04,7310.3,1,31.2031,147.366,step
2026-08-31T18:37:45.327375+00:00,46.933,0.1046,0.15,0.0,0.2725,0.0408,7335.78,1,31.1384,147.386,step
2026-08-31T18:37:45.328701+00:00,47.099,0.106,0.0,0.15,0.2713,0.0416,7360.88,1,31.0735,147.406,step
2026-08-31T18:37:45.330026+00:00,46.767,0.1072,0.15,0.0,0.2701,0.0423,7139.56,1,31.0179,147.426,step
2026-08-31T18:37:45.331328+00:00,46.823,0.1084,0.15,0.0,0.2688,0.0428,7318.73,1,30.9687,147.446,step
2026-08-31T18:37:45.332744+00:00,46.989,0.1097,0.15,0.0,0.2675,0.0435,7344.36,1,30.9112,147.466,step
2026-08-31T18:37:45.334300+00:00,47.155,0.1111,0.0,0.15,0.2662,0.0441,7369.65,1,30.8539,147.486,step
2026-08-31T18:37:45.335707+00:00,46.822,0.1122,0.15,0.0,0.2648,0.0446,7147.14,1,30.8067,147.506,step
2026-08-31T18:37:45.337033+00:00,46.88,0.1133,0.15,0.0,0.2635,0.045,7327.46,1,30.7666,147.526,step
2026-08-31T18:37:45.338324+00:00,47.046,0.1145,0.0,0.15,0.2621,0.0455,7352.92,1,30.7183,147.546,step
2026-08-31T18:37:45.339645+00:00,46.711,0.1155,0.15,0.0,0.2608,0.0459,7130.02,1,30.6781,147.566,step
2026-08-31T18:37:45.341004+00:00,46.772,0.1165,0.15,0.0,0.2594,0.0462,7310.49,1,30.6456,147.586,step
2026-08-31T18:37:45.342524+00:00,46.938,0.1176,0.15,0.0,0.258,0.0466,7336.02,1,30.6038,147.606,step
2026-08-31T18:37:45.343842+00:00,47.103,0.1187,0.0,0.15,0.2566,0.047,7361.0,1,30.5612,147.626,step
2026-08-31T18:37:45.345175+00:00,46.771,0.1196,0.15,0.0,0.2552,0.0472,7138.42,1,30.5287,147.646,step
2026-08-31T18:37:45.346453+00:00,46.83,0.1205,0.15,0.0,0.2538,0.0474,7320.02,1,30.5035,147.666,step
2026-08-31T18:37:45.347722+00:00,46.996,0.1215,0.15,0.0,0.2524,0.0477,7345.4,1,30.4683,147.686,step
2026-08-31T18:37:45.348981+00:00,47.162,0.1225,0.0,0.15,0.2509,0.048,7370.44,1,30.4312,147.706,step
2026-08-31T18:37:45.350474+00:00,46.829,0.1234,0.15,0.0,0.2495,0.0482,7148.45,1,30.405,147.726,step
2026-08-31T18:37:45.351743+00:00,46.889,0.1242,0.15,0.0,0.2481,0.0482,7328.27,1,30.3855,147.746,step
2026-08-31T18:37:45.353032+00:00,47.054,0.1251,0.0,0.15,0.2466,0.0484,7354.01,1,30.3566,147.766,step
2026-08-31T18:37:45.354318+00:00,46.719,0.1259,0.15,0.0,0.2452,0.0485,7131.26,1,30.3365,147.786,step
2026-08-31T18:37:45.355602+00:00,46.782,0.1265,0.15,0.0,0.2438,0.0484,7312.06,1,30.3233,147.806,step
2026-08-31T18:37:45.356878+00:00,46.947,0.1273,0.15,0.0,0.2424,0.0485,7337.43,1,30.3008,147.826,step
2026-08-31T18:37:45.358489+00:00,47.112,0.1282,0.0,0.15,0.2409,0.0487,7362.47,1,30.2759,147.846,step
2026-08-31T18:37:45.359864+00:00,46.78,0.1289,0.15,0.0,0.2395,0.0486,7141.26,1,30.2601,147.866,step
2026-08-31T18:37:45.361205+00:00,46.841,0.1295,0.15,0.0,0.2381,0.0485,7320.82,1,30.2514,147.886,step
2026-08-31T18:37:45.362558+00:00,47.006,0.1302,0.0,0.15,0.2367,0.0486,7346.36,1,30.2324,147.906,step
2026-08-31T18:37:45.363914+00:00,46.672,0.1309,0.15,0.0,0.2353,0.0485,7123.82,1,30.2219,147.926,step
2026-08-31T18:37:45.365321+00:00,46.735,0.1314,0.15,0.0,0.2339,0.0483,7304.37,1,30.2188,147.946,step
2026-08-31T18:37:45.366762+00:00,46.901,0.132,0.15,0.0,0.2325,0.0483,7329.89,1,30.2049,147.966,step
2026-08-31T18:37:45.368147+00:00,47.066,0.1327,0.0,0.15,0.2311,0.0483,7354.99,1,30.1892,147.986,step
2026-08-31T18:37:45.369462+00:00,46.733,0.1333,0.15,0.0,0.2297,0.0481,7134.13,1,30.1839,148.006,step
2026-08-31T18:37:45.370773+00:00,46.796,0.1337,0.15,0.0,0.2283,0.0478,7313.55,1,30.1852,148.026,step
2026-08-31T18:37:45.372071+00:00,46.961,0.1342,0.15,0.0,0.227,0.0477,7339.04,1,30.176,148.046,step
2026-08-31T18:37:45.373350+00:00,47.126,0.1348,0.0,0.15,0.2256,0.0477,7365.3,1,30.1649,148.066,step
2026-08-31T18:37:45.374641+00:00,46.794,0.1353,0.15,0.0,0.2243,0.0474,7141.64,1,30.1641,148.086,step
2026-08-31T18:37:45.376265+00:00,46.856,0.1356,0.15,0.0,0.223,0.0471,7323.51,1,30.1702,148.106,step
2026-08-31T18:37:45.377567+00:00,47.021,0.1361,0.0,0.15,0.2217,0.047,7348.87,1,30.1658,148.126,step
2026-08-31T18:37:45.378863+00:00,46.688,0.1365,0.15,0.0,0.2204,0.0467,7126.05,1,30.1698,148.146,step
2026-08-31T18:37:45.380129+00:00,46.752,0.1368,0.15,0.0,0.2191,0.0463,7306.94,1,30.1794,148.166,step
2026-08-31T18:37:45.381432+00:00,46.917,0.1372,0.15,0.0,0.2178,0.0461,7332.39,1,30.1781,148.186,step
2026-08-31T18:37:45.382718+00:00,47.083,0.1377,0.0,0.15,0.2166,0.0459,7357.34,1,30.1744,148.206,step
2026-08-31T18:37:45.384208+00:00,46.75,0.138,0.15,0.0,0.2153,0.0456,7136.84,1,30.1809,148.226,step
2026-08-31T18:37:45.385483+00:00,46.813,0.1382,0.15,0.0,0.2141,0.0452,7316.01,1,30.194,148.246,step
2026-08-31T18:37:45.386748+00:00,46.979,0.1385,0.15,0.0,0.2129,0.045,7341.83,1,30.1954,148.266,step
2026-08-31T18:37:45.388087+00:00,47.144,0.139,0.0,0.15,0.2117,0.0448,7367.06,1,30.1946,148.286,step
2026-08-31T18:37:45.389513+00:00,46.812,0.1392,0.15,0.0,0.2105,0.0445,7145.23,1,30.2041,148.306,step
2026-08-31T18:37:45.390804+00:00,46.875,0.1393,0.15,0.0,0.2093,0.044,7325.94,1,30.2202,148.326,step
2026-08-31T18:37:45.392245+00:00,47.04,0.1397,0.0,0.15,0.2082,0.0438,7351.6,1,30.2246,148.346,step
2026-08-31T18:37:45.393655+00:00,46.706,0.1398,0.15,0.0,0.2071,0.0434,7128.73,1,30.2381,148.366,step
2026-08-31T18:37:45.394912+00:00,46.772,0.1399,0.15,0.0,0.2059,0.0429,7309.9,1,30.2584,148.386,step
2026-08-31T18:37:45.396166+00:00,46.937,0.1401,0.15,0.0,0.2048,0.0426,7335.46,1,30.2666,148.406,step
2026-08-31T18:37:45.397434+00:00,47.103,0.1404,0.0,0.15,0.2038,0.0423,7360.43,1,30.2717,148.426,step
2026-08-31T18:37:45.398747+00:00,46.77,0.1405,0.15,0.0,0.2027,0.0419,7139.56,1,30.2864,148.446,step
2026-08-31T18:37:45.400217+00:00,46.834,0.1406,0.15,0.0,0.2017,0.0414,7319.34,1,30.3079,148.466,step
2026-08-31T18:37:45.401569+00:00,46.999,0.1407,0.15,0.0,0.2006,0.0411,7345.89,1,30.3181,148.486,step
2026-08-31T18:37:45.402867+00:00,47.165,0.141,0.0,0.15,0.1996,0.0408,7371.0,1,30.326,148.506,step
2026-08-31T18:37:45.404179+00:00,46.834,0.141,0.15,0.0,0.1986,0.0403,7147.53,1,30.3437,148.526,step
2026-08-31T18:37:45.405478+00:00,46.897,0.141,0.15,0.0,0.1977,0.0398,7329.52,1,30.3677,148.546,step
2026-08-31T18:37:45.406765+00:00,47.063,0.1411,0.0,0.15,0.1967,0.0395,7355.13,1,30.3796,148.566,step
2026-08-31T18:37:45.408115+00:00,46.729,0.1411,0.15,0.0,0.1958,0.039,7132.38,1,30.3997,148.586,step
2026-08-31T18:37:45.409606+00:00,46.796,0.1411,0.15,0.0,0.1948,0.0385,7313.51,1,30.4257,148.606,step
2026-08-31T18:37:45.410867+00:00,46.961,0.1412,0.15,0.0,0.194,0.0382,7339.11,1,30.4392,148.626,step
2026-08-31T18:37:45.412091+00:00,47.127,0.1413,0.0,0.15,0.1931,0.0379,7364.17,1,30.4497,148.646,step
2026-08-31T18:37:45.413362+00:00,46.794,0.1413,0.15,0.0,0.1922,0.0374,7143.34,1,30.4699,148.666,step
2026-08-31T18:37:45.414651+00:00,46.859,0.1412,0.15,0.0,0.1914,0.0369,7323.16,1,30.496,148.686,step
2026-08-31T18:37:45.416006+00:00,47.025,0.1413,0.0,0.15,0.1906,0.0366,7348.92,1,30.5096,148.706,step
2026-08-31T18:37:45.417523+00:00,46.693,0.1413,0.15,0.0,0.1897,0.0361,7126.77,1,30.5314,148.726,step
2026-08-31T18:37:45.418896+00:00,46.758,0.1411,0.15,0.0,0.189,0.0356,7307.97,1,30.5594,148.746,step
2026-08-31T18:37:45.420233+00:00,46.924,0.1412,0.15,0.0,0.1882,0.0353,7333.47,1,30.5749,148.766,step
2026-08-31T18:37:45.421555+00:00,47.09,0.1412,0.0,0.15,0.1875,0.035,7358.6,1,30.5875,148.786,step
2026-08-31T18:37:45.422855+00:00,46.758,0.1412,0.15,0.0,0.1867,0.0345,7137.42,1,30.6099,148.806,step
2026-08-31T18:37:45.424160+00:00,46.823,0.141,0.15,0.0,0.186,0.034,7317.72,1,30.6386,148.826,step
2026-08-31T18:37:45.425693+00:00,46.989,0.141,0.15,0.0,0.1853,0.0337,7343.57,1,30.6549,148.846,step
2026-08-31T18:37:45.427015+00:00,47.156,0.141,0.0,0.15,0.1846,0.0334,7368.91,1,30.6685,148.866,step
2026-08-31T18:37:45.428357+00:00,46.823,0.1409,0.15,0.0,0.184,0.0329,7147.42,1,30.6924,148.886,step
2026-08-31T18:37:45.429633+00:00,46.889,0.1407,0.15,0.0,0.1833,0.0324,7328.07,1,30.7226,148.906,step
2026-08-31T18:37:45.430866+00:00,47.055,0.1406,0.0,0.15,0.1827,0.032,7354.53,1,30.7409,148.926,step
2026-08-31T18:37:45.432163+00:00,46.723,0.1405,0.15,0.0,0.1821,0.0315,7130.18,1,30.7674,148.946,step
2026-08-31T18:37:45.433472+00:00,46.789,0.1402,0.15,0.0,0.1815,0.031,7313.18,1,30.7988,148.966,step
2026-08-31T18:37:45.434914+00:00,46.956,0.1402,0.15,0.0,0.181,0.0306,7338.64,1,30.8166,148.986,step
2026-08-31T18:37:45.436164+00:00,47.122,0.1402,0.0,0.15,0.1804,0.0304,7363.83,1,30.8311,149.006,step
2026-08-31T18:37:45.437487+00:00,46.791,0.14,0.15,0.0,0.1799,0.0299,7142.9,1,30.8555,149.026,step
2026-08-31T18:37:45.438770+00:00,46.856,0.1397,0.15,0.0,0.1794,0.0294,7322.62,1,30.8858,149.046,step
2026-08-31T18:37:45.440122+00:00,47.022,0.1397,0.0,0.15,0.1789,0.0291,7348.63,1,30.9035,149.066,step
2026-08-31T18:37:45.441490+00:00,46.69,0.1395,0.15,0.0,0.1784,0.0287,7126.24,1,30.9298,149.086,step
2026-08-31T18:37:45.442986+00:00,46.757,0.1392,0.15,0.0,0.1779,0.0282,7307.73,1,30.9611,149.106,step
2026-08-31T18:37:45.444321+00:00,46.923,0.1391,0.15,0.0,0.1775,0.0279,7333.45,1,30.9786,149.126,step
2026-08-31T18:37:45.445671+00:00,47.09,0.1391,0.0,0.15,0.1771,0.0276,7358.84,1,30.9928,149.146,step
2026-08-31T18:37:45.446987+00:00,46.76,0.1389,0.15,0.0,0.1767,0.0272,7137.7,1,31.0169,149.166,step
2026-08-31T18:37:45.448318+00:00,46.825,0.1386,0.15,0.0,0.1763,0.0267,7318.07,1,31.0471,149.186,step
2026-08-31T18:37:45.449883+00:00,46.991,0.1385,0.15,0.0,0.1759,0.0265,7344.11,1,31.065,149.206,step
2026-08-31T18:37:45.451383+00:00,47.158,0.1384,0.0,0.15,0.1755,0.0262,7369.64,1,31.0803,149.226,step
2026-08-31T18:37:45.452727+00:00,46.827,0.1382,0.15,0.0,0.1752,0.0258,7147.65,1,31.1047,149.246,step
2026-08-31T18:37:45.454089+00:00,46.892,0.1379,0.15,0.0,0.1748,0.0253,7329.1,1,31.1349,149.266,step
2026-08-31T18:37:45.455423+00:00,47.059,0.1378,0.0,0.15,0.1745,0.025,7354.99,1,31.1525,149.286,step
2026-08-31T18:37:45.456729+00:00,46.727,0.1375,0.15,0.0,0.1742,0.0246,7132.05,1,31.1786,149.306,step
2026-08-31T18:37:45.458040+00:00,46.794,0.1372,0.15,0.0,0.1739,0.0242,7314.05,1,31.2104,149.326,step
2026-08-31T18:37:45.459666+00:00,46.962,0.1371,0.15,0.0,0.1736,0.0239,7340.62,1,31.2285,149.346,step
2026-08-31T18:37:45.460981+00:00,47.129,0.137,0.0,0.15,0.1734,0.0236,7365.94,1,31.243,149.366,step
2026-08-31T18:37:45.462309+00:00,46.799,0.1367,0.15,0.0,0.1731,0.0233,7142.93,1,31.267,149.386,step
2026-08-31T18:37:45.463580+00:00,46.864,0.1364,0.15,0.0,0.1729,0.0228,7324.72,1,31.2969,149.406,step
2026-08-31T18:37:45.464920+00:00,47.032,0.1363,0.0,0.15,0.1727,0.0226,7350.76,1,31.3129,149.426,step
2026-08-31T18:37:45.466238+00:00,46.7,0.136,0.15,0.0,0.1725,0.0223,7128.4,1,31.3366,149.446,step
2026-08-31T18:37:45.467621+00:00,46.767,0.1357,0.15,0.0,0.1723,0.0218,7309.53,1,31.3659,149.466,step
2026-08-31T18:37:45.468880+00:00,46.935,0.1355,0.15,0.0,0.1721,0.0216,7335.6,1,31.3824,149.486,step
2026-08-31T18:37:45.470202+00:00,47.102,0.1354,0.0,0.15,0.172,0.0214,7361.11,1,31.3959,149.506,step
2026-08-31T18:37:45.471497+00:00,46.772,0.1352,0.15,0.0,0.1718,0.0211,7139.92,1,31.4185,149.526,step
2026-08-31T18:37:45.472805+00:00,46.837,0.1349,0.15,0.0,0.1717,0.0207,7320.39,1,31.4458,149.546,step
2026-08-31T18:37:45.474195+00:00,47.005,0.1348,0.0,0.15,0.1715,0.0205,7346.58,1,31.4603,149.566,step
2026-08-31T18:37:45.475683+00:00,46.675,0.1345,0.15,0.0,0.1714,0.0202,7123.96,1,31.4831,149.586,step
2026-08-31T18:37:45.477116+00:00,46.741,0.1342,0.15,0.0,0.1713,0.0198,7306.2,1,31.5118,149.606,step
2026-08-31T18:37:45.478458+00:00,46.909,0.134,0.15,0.0,0.1712,0.0196,7332.1,1,31.5268,149.626,step
2026-08-31T18:37:45.479794+00:00,47.077,0.1339,0.0,0.15,0.1711,0.0195,7357.6,1,31.5381,149.646,step
2026-08-31T18:37:45.481104+00:00,46.746,0.1337,0.15,0.0,0.1711,0.0192,7136.07,1,31.5593,149.666,step
2026-08-31T18:37:45.482480+00:00,46.813,0.1333,0.15,0.0,0.171,0.0188,7317.13,1,31.5862,149.686,step
2026-08-31T18:37:45.483887+00:00,46.981,0.1332,0.15,0.0,0.171,0.0187,7343.33,1,31.5996,149.706,step
2026-08-31T18:37:45.485308+00:00,47.149,0.1331,0.0,0.15,0.1709,0.0185,7368.97,1,31.6094,149.726,step
2026-08-31T18:37:45.486655+00:00,46.819,0.1328,0.15,0.0,0.1709,0.0183,7146.64,1,31.6293,149.746,step
2026-08-31T18:37:45.487965+00:00,46.884,0.1325,0.15,0.0,0.1709,0.0179,7329.64,1,31.655,149.766,step
2026-08-31T18:37:45.489225+00:00,47.053,0.1324,0.0,0.15,0.1708,0.0178,7355.37,1,31.6688,149.786,step
2026-08-31T18:37:45.490597+00:00,46.723,0.1321,0.15,0.0,0.1708,0.0175,7130.63,1,31.6897,149.806,step
2026-08-31T18:37:45.492218+00:00,46.79,0.1318,0.15,0.0,0.1708,0.0172,7314.23,1,31.7152,149.826,step
2026-08-31T18:37:45.493483+00:00,46.958,0.1316,0.15,0.0,0.1708,0.017,7340.18,1,31.7277,149.846,step
2026-08-31T18:37:45.494723+00:00,47.127,0.1315,0.0,0.15,0.1709,0.0169,7365.56,1,31.7371,149.866,step
2026-08-31T18:37:45.496041+00:00,46.797,0.1313,0.15,0.0,0.1709,0.0167,7144.25,1,31.7551,149.886,step
2026-08-31T18:37:45.497366+00:00,46.863,0.131,0.15,0.0,0.1709,0.0164,7324.9,1,31.7779,149.906,step
2026-08-31T18:37:45.498686+00:00,47.031,0.1308,0.0,0.15,0.171,0.0163,7351.14,1,31.788,149.926,step
2026-08-31T18:37:45.500329+00:00,46.7,0.1306,0.15,0.0,0.171,0.0161,7128.35,1,31.8065,149.946,step
2026-08-31T18:37:45.501636+00:00,46.768,0.1303,0.15,0.0,0.1711,0.0158,7310.51,1,31.8304,149.966,step
2026-08-31T18:37:45.502985+00:00,46.937,0.1301,0.15,0.0,0.1712,0.0157,7336.72,1,31.8402,149.986,step
2026-08-31T18:37:45.504322+00:00,47.105,0.1301,0.0,0.15,0.1712,0.0157,7362.49,1,31.8464,150.006,step
2026-08-31T18:37:45.505646+00:00,46.776,0.1299,0.15,0.0,0.1713,0.0155,7140.58,1,31.8621,150.026,step
2026-08-31T18:37:45.506997+00:00,46.842,0.1296,0.15,0.0,0.1714,0.0153,7322.5,1,31.8835,150.046,step
2026-08-31T18:37:45.508636+00:00,47.01,0.1294,0.0,0.15,0.1715,0.0152,7348.59,1,31.8927,150.066,step
2026-08-31T18:37:45.509999+00:00,46.68,0.1292,0.15,0.0,0.1716,0.015,7125.29,1,31.9092,150.086,step
2026-08-31T18:37:45.511284+00:00,46.748,0.1289,0.15,0.0,0.1717,0.0148,7308.43,1,31.9302,150.106,step
2026-08-31T18:37:45.512591+00:00,46.917,0.1288,0.15,0.0,0.1718,0.0147,7334.44,1,31.9387,150.126,step
2026-08-31T18:37:45.513882+00:00,47.086,0.1287,0.0,0.15,0.1719,0.0146,7360.14,1,31.9443,150.146,step
2026-08-31T18:37:45.515217+00:00,46.757,0.1285,0.15,0.0,0.172,0.0145,7137.93,1,31.9595,150.166,step
2026-08-31T18:37:45.516762+00:00,46.824,0.1282,0.15,0.0,0.1721,0.0143,7320.21,1,31.9788,150.186,step
2026-08-31T18:37:45.518053+00:00,46.993,0.1281,0.15,0.0,0.1723,0.0142,7346.91,1,31.9854,150.206,step
2026-08-31T18:37:45.519348+00:00,47.162,0.128,0.0,0.15,0.1724,0.0142,7372.59,1,31.9891,150.226,step
2026-08-31T18:37:45.520645+00:00,46.834,0.1278,0.15,0.0,0.1725,0.0141,7148.67,1,32.0025,150.246,step
2026-08-31T18:37:45.521920+00:00,46.899,0.1275,0.15,0.0,0.1727,0.0139,7332.23,1,32.0212,150.266,step
2026-08-31T18:37:45.523160+00:00,47.068,0.1274,0.0,0.15,0.1728,0.0138,7358.2,1,32.028,150.286,step
2026-08-31T18:37:45.524408+00:00,46.738,0.1272,0.15,0.0,0.173,0.0137,7134.26,1,32.0418,150.306,step
2026-08-31T18:37:45.525912+00:00,46.806,0.1269,0.15,0.0,0.1731,0.0135,7317.52,1,32.0597,150.326,step
2026-08-31T18:37:45.527161+00:00,46.975,0.1268,0.15,0.0,0.1733,0.0135,7343.57,1,32.0652,150.346,step
2026-08-31T18:37:45.528480+00:00,47.145,0.1268,0.0,0.15,0.1734,0.0135,7369.19,1,32.0677,150.366,step
2026-08-31T18:37:45.529754+00:00,46.816,0.1266,0.15,0.0,0.1736,0.0134,7146.86,1,32.0798,150.386,step
2026-08-31T18:37:45.531025+00:00,46.882,0.1263,0.15,0.0,0.1738,0.0132,7329.11,1,32.0966,150.406,step
2026-08-31T18:37:45.532318+00:00,47.051,0.1263,0.0,0.15,0.1739,0.0132,7355.65,1,32.1002,150.426,step
2026-08-31T18:37:45.533774+00:00,46.722,0.1261,0.15,0.0,0.1741,0.0131,7131.65,1,32.1112,150.446,step
2026-08-31T18:37:45.535229+00:00,46.789,0.1258,0.15,0.0,0.1743,0.013,7315.88,1,32.1271,150.466,step
2026-08-31T18:37:45.536584+00:00,46.959,0.1258,0.15,0.0,0.1744,0.013,7341.83,1,32.131,150.486,step
2026-08-31T18:37:45.537941+00:00,47.129,0.1257,0.0,0.15,0.1746,0.013,7367.65,1,32.132,150.506,step
2026-08-31T18:37:45.539326+00:00,46.799,0.1255,0.15,0.0,0.1748,0.0129,7144.51,1,32.1427,150.526,step
2026-08-31T18:37:45.540631+00:00,46.867,0.1253,0.15,0.0,0.175,0.0128,7328.0,1,32.1584,150.546,step
2026-08-31T18:37:45.542072+00:00,47.036,0.1252,0.0,0.15,0.1752,0.0128,7354.15,1,32.1611,150.566,step
2026-08-31T18:37:45.543474+00:00,46.706,0.125,0.15,0.0,0.1754,0.0127,7129.69,1,32.1711,150.586,step
2026-08-31T18:37:45.544779+00:00,46.775,0.1248,0.15,0.0,0.1755,0.0126,7314.27,1,32.1857,150.606,step
2026-08-31T18:37:45.546100+00:00,46.945,0.1247,0.15,0.0,0.1757,0.0126,7340.96,1,32.1884,150.626,step
2026-08-31T18:37:45.547465+00:00,47.115,0.1247,0.0,0.15,0.1759,0.0126,7366.61,1,32.1885,150.646,step
2026-08-31T18:37:45.548778+00:00,46.788,0.1245,0.15,0.0,0.1761,0.0126,7141.97,1,32.1977,150.666,step
2026-08-31T18:37:45.550076+00:00,46.854,0.1243,0.15,0.0,0.1763,0.0124,7326.31,1,32.2116,150.686,step
2026-08-31T18:37:45.551539+00:00,47.025,0.1242,0.0,0.15,0.1765,0.0125,7352.55,1,32.2126,150.706,step
2026-08-31T18:37:45.552820+00:00,46.695,0.1241,0.15,0.0,0.1767,0.0124,7128.22,1,32.2207,150.726,step
2026-08-31T18:37:45.554067+00:00,46.764,0.1239,0.15,0.0,0.1769,0.0123,7312.1,1,32.2334,150.746,step
2026-08-31T18:37:45.555346+00:00,46.934,0.1238,0.15,0.0,0.1771,0.0124,7338.28,1,32.2341,150.766,step
2026-08-31T18:37:45.556630+00:00,47.104,0.1238,0.0,0.15,0.1773,0.0125,7364.05,1,32.232,150.786,step
2026-08-31T18:37:45.557912+00:00,46.775,0.1237,0.15,0.0,0.1775,0.0124,7141.04,1,32.2393,150.806,step
2026-08-31T18:37:45.559317+00:00,46.843,0.1235,0.15,0.0,0.1777,0.0123,7324.23,1,32.2509,150.826,step
2026-08-31T18:37:45.560606+00:00,47.013,0.1235,0.0,0.15,0.1779,0.0124,7350.7,1,32.2491,150.846,step
2026-08-31T18:37:45.561935+00:00,46.687,0.1234,0.15,0.0,0.1781,0.0124,7126.2,1,32.2544,150.866,step
2026-08-31T18:37:45.563266+00:00,46.753,0.1232,0.15,0.0,0.1782,0.0123,7311.05,1,32.2644,150.886,step
2026-08-31T18:37:45.564588+00:00,46.924,0.1232,0.15,0.0,0.1784,0.0124,7337.27,1,32.2631,150.906,step
2026-08-31T18:37:45.565950+00:00,47.094,0.1232,0.0,0.15,0.1786,0.0125,7363.21,1,32.259,150.926,step
2026-08-31T18:37:45.567530+00:00,46.766,0.1231,0.15,0.0,0.1788,0.0125,7139.53,1,32.2646,150.946,step
2026-08-31T18:37:45.568827+00:00,46.835,0.1229,0.15,0.0,0.179,0.0124,7323.46,1,32.2749,150.966,step
2026-08-31T18:37:45.570147+00:00,47.005,0.1229,0.0,0.15,0.1792,0.0125,7349.9,1,32.2737,150.986,step
2026-08-31T18:37:45.571458+00:00,46.676,0.1228,0.15,0.0,0.1794,0.0125,7125.4,1,32.2805,151.006,step
2026-08-31T18:37:45.572764+00:00,46.747,0.1226,0.15,0.0,0.1796,0.0124,7310.34,1,32.2916,151.026,step
2026-08-31T18:37:45.574082+00:00,46.917,0.1226,0.15,0.0,0.1798,0.0125,7340.14,1,32.2912,151.046,step
2026-08-31T18:37:45.575649+00:00,47.089,0.1226,0.0,0.15,0.1799,0.0126,7364.93,1,32.2889,151.066,step
2026-08-31T18:37:45.577041+00:00,46.765,0.1225,0.15,0.0,0.1801,0.0125,7136.85,1,32.2951,151.086,step
2026-08-31T18:37:45.578392+00:00,46.832,0.1223,0.15,0.0,0.1803,0.0125,7324.13,1,32.3045,151.106,step
2026-08-31T18:37:45.579683+00:00,47.004,0.1223,0.0,0.15,0.1805,0.0126,7350.28,1,32.3016,151.126,step
2026-08-31T18:37:45.580958+00:00,46.676,0.1223,0.15,0.0,0.1807,0.0126,7125.76,1,32.3062,151.146,step
2026-08-31T18:37:45.582249+00:00,46.746,0.1221,0.15,0.0,0.1808,0.0125,7309.61,1,32.3148,151.166,step
2026-08-31T18:37:45.583568+00:00,46.917,0.1221,0.15,0.0,0.181,0.0127,7336.0,1,32.312,151.186,step
2026-08-31T18:37:45.585089+00:00,47.089,0.1222,0.0,0.15,0.1812,0.0128,7362.01,1,32.3064,151.206,step
2026-08-31T18:37:45.586450+00:00,46.761,0.1221,0.15,0.0,0.1814,0.0128,7139.31,1,32.3102,151.226,step
2026-08-31T18:37:45.587768+00:00,46.83,0.122,0.15,0.0,0.1815,0.0128,7322.64,1,32.3183,151.246,step
2026-08-31T18:37:45.589063+00:00,47.001,0.122,0.0,0.15,0.1817,0.0129,7349.1,1,32.3148,151.266,step
2026-08-31T18:37:45.590455+00:00,46.678,0.122,0.15,0.0,0.1819,0.0129,7124.95,1,32.3181,151.286,step
2026-08-31T18:37:45.591862+00:00,46.744,0.1219,0.15,0.0,0.182,0.0129,7310.0,1,32.3256,151.306,step
2026-08-31T18:37:45.593344+00:00,46.916,0.1219,0.15,0.0,0.1822,0.013,7336.43,1,32.322,151.326,step
2026-08-31T18:37:45.594697+00:00,47.088,0.122,0.0,0.15,0.1823,0.0132,7362.57,1,32.3158,151.346,step
2026-08-31T18:37:45.596062+00:00,46.762,0.1219,0.15,0.0,0.1825,0.0132,7138.79,1,32.3193,151.366,step
2026-08-31T18:37:45.597338+00:00,46.831,0.1218,0.15,0.0,0.1826,0.0131,7323.05,1,32.3277,151.386,step
2026-08-31T18:37:45.598675+00:00,47.004,0.1218,0.0,0.15,0.1828,0.0132,7349.55,1,32.325,151.406,step
2026-08-31T18:37:45.600100+00:00,46.676,0.1217,0.15,0.0,0.1829,0.0132,7125.31,1,32.3301,151.426,step
2026-08-31T18:37:45.601507+00:00,46.748,0.1216,0.15,0.0,0.1831,0.0131,7310.14,1,32.3396,151.446,step
2026-08-31T18:37:45.602868+00:00,46.921,0.1216,0.15,0.0,0.1832,0.0132,7336.68,1,32.3374,151.466,step
2026-08-31T18:37:45.604218+00:00,47.093,0.1217,0.0,0.15,0.1834,0.0134,7367.12,1,32.3324,151.486,step
2026-08-31T18:37:45.605557+00:00,46.773,0.1216,0.15,0.0,0.1836,0.0134,7134.37,1,32.337,151.506,step
2026-08-31T18:37:45.606872+00:00,46.839,0.1214,0.15,0.0,0.1837,0.0133,7326.75,1,32.3463,151.526,step
2026-08-31T18:37:45.608136+00:00,47.013,0.1215,0.0,0.15,0.1838,0.0134,7352.5,1,32.3429,151.546,step
2026-08-31T18:37:45.609606+00:00,46.688,0.1214,0.15,0.0,0.184,0.0134,7126.63,1,32.3459,151.566,step
2026-08-31T18:37:45.610873+00:00,46.758,0.1213,0.15,0.0,0.1841,0.0134,7311.68,1,32.3529,151.586,step
2026-08-31T18:37:45.612096+00:00,46.932,0.1214,0.15,0.0,0.1842,0.0135,7338.04,1,32.3483,151.606,step
2026-08-31T18:37:45.613358+00:00,47.105,0.1215,0.0,0.15,0.1844,0.0137,7364.11,1,32.3408,151.626,step
2026-08-31T18:37:45.614624+00:00,46.779,0.1214,0.15,0.0,0.1845,0.0137,7142.42,1,32.3426,151.646,step
2026-08-31T18:37:45.615914+00:00,46.849,0.1214,0.15,0.0,0.1846,0.0137,7325.13,1,32.3488,151.666,step
2026-08-31T18:37:45.617362+00:00,47.022,0.1214,0.0,0.15,0.1848,0.0138,7352.19,1,32.3437,151.686,step
2026-08-31T18:37:45.618807+00:00,46.699,0.1214,0.15,0.0,0.1849,0.0138,7128.22,1,32.3465,151.706,step
2026-08-31T18:37:45.620158+00:00,46.767,0.1213,0.15,0.0,0.185,0.0138,7313.5,1,32.3529,151.726,step
2026-08-31T18:37:45.621535+00:00,46.941,0.1214,0.15,0.0,0.1851,0.0139,7340.14,1,32.3476,151.746,step
2026-08-31T18:37:45.622932+00:00,47.115,0.1215,0.0,0.15,0.1852,0.0141,7366.61,1,32.3397,151.766,step
2026-08-31T18:37:45.624320+00:00,46.791,0.1215,0.15,0.0,0.1853,0.0141,7142.84,1,32.341,151.786,step
2026-08-31T18:37:45.625931+00:00,46.86,0.1214,0.15,0.0,0.1854,0.0141,7327.48,1,32.3472,151.806,step
2026-08-31T18:37:45.627224+00:00,47.034,0.1215,0.0,0.15,0.1855,0.0142,7354.33,1,32.3423,151.826,step
2026-08-31T18:37:45.628544+00:00,46.708,0.1214,0.15,0.0,0.1856,0.0142,7130.03,1,32.3454,151.846,step
2026-08-31T18:37:45.629847+00:00,46.781,0.1213,0.15,0.0,0.1857,0.0142,7315.2,1,32.3527,151.866,step
2026-08-31T18:37:45.631163+00:00,46.955,0.1214,0.15,0.0,0.1858,0.0143,7341.98,1,32.3487,151.886,step
2026-08-31T18:37:45.632543+00:00,47.129,0.1215,0.0,0.15,0.1859,0.0144,7368.33,1,32.3417,151.906,step
2026-08-31T18:37:45.633966+00:00,46.806,0.1214,0.15,0.0,0.186,0.0145,7142.95,1,32.3439,151.926,step
2026-08-31T18:37:45.635314+00:00,46.875,0.1213,0.15,0.0,0.1861,0.0144,7333.05,1,32.3515,151.946,step
2026-08-31T18:37:45.636603+00:00,47.05,0.1214,0.0,0.15,0.1862,0.0145,7358.52,1,32.3478,151.966,step
2026-08-31T18:37:45.637889+00:00,46.727,0.1214,0.15,0.0,0.1863,0.0145,7131.61,1,32.3511,151.986,step
2026-08-31T18:37:45.639149+00:00,46.798,0.1213,0.15,0.0,0.1864,0.0145,7318.39,1,32.3585,152.006,step
2026-08-31T18:37:45.640403+00:00,46.973,0.1213,0.15,0.0,0.1865,0.0146,7344.91,1,32.3542,152.026,step
2026-08-31T18:37:45.641865+00:00,47.148,0.1214,0.0,0.15,0.1866,0.0147,7370.96,1,32.3472,152.046,step
2026-08-31T18:37:45.643243+00:00,46.823,0.1214,0.15,0.0,0.1867,0.0147,7148.87,1,32.3491,152.066,step
2026-08-31T18:37:45.644533+00:00,46.894,0.1213,0.15,0.0,0.1867,0.0147,7332.03,1,32.3556,152.086,step
2026-08-31T18:37:45.645840+00:00,47.069,0.1214,0.0,0.15,0.1868,0.0148,7359.28,1,32.3505,152.106,step
2026-08-31T18:37:45.647123+00:00,46.743,0.1214,0.15,0.0,0.1869,0.0148,7135.08,1,32.3536,152.126,step
2026-08-31T18:37:45.648406+00:00,46.816,0.1213,0.15,0.0,0.187,0.0148,7320.62,1,32.361,152.146,step
2026-08-31T18:37:45.649949+00:00,46.99,0.1214,0.15,0.0,0.187,0.0149,7347.53,1,32.3563,152.166,step
2026-08-31T18:37:45.651325+00:00,47.165,0.1215,0.0,0.15,0.1871,0.015,7374.17,1,32.3487,152.186,step
2026-08-31T18:37:45.652669+00:00,46.843,0.1215,0.15,0.0,0.1872,0.0151,7150.51,1,32.3503,152.206,step
2026-08-31T18:37:45.653995+00:00,46.912,0.1214,0.15,0.0,0.1872,0.015,7335.6,1,32.3566,152.226,step
2026-08-31T18:37:45.655306+00:00,47.087,0.1215,0.0,0.15,0.1873,0.0152,7362.56,1,32.3517,152.246,step
2026-08-31T18:37:45.656611+00:00,46.762,0.1215,0.15,0.0,0.1874,0.0152,7137.9,1,32.3559,152.266,step
2026-08-31T18:37:45.657991+00:00,46.835,0.1214,0.15,0.0,0.1874,0.0151,7323.67,1,32.3644,152.286,step
2026-08-31T18:37:45.659566+00:00,47.01,0.1214,0.0,0.15,0.1875,0.0152,7350.53,1,32.3606,152.306,step
2026-08-31T18:37:45.660893+00:00,46.685,0.1214,0.15,0.0,0.1875,0.0152,7126.7,1,32.3646,152.326,step
2026-08-31T18:37:45.662259+00:00,46.759,0.1213,0.15,0.0,0.1876,0.0151,7311.48,1,32.3725,152.346,step
2026-08-31T18:37:45.663565+00:00,46.934,0.1214,0.15,0.0,0.1877,0.0152,7338.78,1,32.3686,152.366,step
2026-08-31T18:37:45.664857+00:00,47.109,0.1214,0.0,0.15,0.1877,0.0153,7367.01,1,32.3625,152.386,step
2026-08-31T18:37:45.666177+00:00,46.788,0.1214,0.15,0.0,0.1878,0.0153,7140.7,1,32.3651,152.406,step
2026-08-31T18:37:45.667807+00:00,46.858,0.1213,0.15,0.0,0.1878,0.0153,7327.7,1,32.3722,152.426,step
2026-08-31T18:37:45.669113+00:00,47.034,0.1214,0.0,0.15,0.1879,0.0154,7354.59,1,32.3678,152.446,step
2026-08-31T18:37:45.670429+00:00,46.71,0.1214,0.15,0.0,0.1879,0.0154,7130.44,1,32.3713,152.466,step
2026-08-31T18:37:45.671729+00:00,46.783,0.1213,0.15,0.0,0.188,0.0153,7315.3,1,32.3788,152.486,step
2026-08-31T18:37:45.673048+00:00,46.958,0.1214,0.15,0.0,0.188,0.0154,7342.28,1,32.3749,152.506,step
2026-08-31T18:37:45.674321+00:00,47.134,0.1215,0.0,0.15,0.1881,0.0155,7368.84,1,32.3684,152.526,step
2026-08-31T18:37:45.675834+00:00,46.81,0.1215,0.15,0.0,0.1882,0.0155,7146.37,1,32.3711,152.546,step
2026-08-31T18:37:45.677102+00:00,46.882,0.1214,0.15,0.0,0.1882,0.0155,7330.46,1,32.3782,152.566,step
2026-08-31T18:37:45.678399+00:00,47.057,0.1215,0.0,0.15,0.1882,0.0156,7357.68,1,32.3739,152.586,step
2026-08-31T18:37:45.679756+00:00,46.734,0.1215,0.15,0.0,0.1883,0.0156,7133.63,1,32.3773,152.606,step
2026-08-31T18:37:45.681076+00:00,46.806,0.1214,0.15,0.0,0.1883,0.0155,7319.29,1,32.385,152.626,step
2026-08-31T18:37:45.682391+00:00,46.982,0.1215,0.15,0.0,0.1884,0.0156,7346.23,1,32.3811,152.646,step
2026-08-31T18:37:45.683893+00:00,47.157,0.1216,0.0,0.15,0.1884,0.0158,7372.88,1,32.3746,152.666,step
2026-08-31T18:37:45.685235+00:00,46.834,0.1215,0.15,0.0,0.1884,0.0158,7149.56,1,32.3783,152.686,step
2026-08-31T18:37:45.686525+00:00,46.906,0.1214,0.15,0.0,0.1885,0.0157,7334.51,1,32.3875,152.706,step
2026-08-31T18:37:45.687861+00:00,47.081,0.1215,0.0,0.15,0.1885,0.0158,7361.55,1,32.3843,152.726,step
2026-08-31T18:37:45.689247+00:00,46.757,0.1215,0.15,0.0,0.1886,0.0157,7137.11,1,32.3894,152.746,step
2026-08-31T18:37:45.690591+00:00,46.831,0.1214,0.15,0.0,0.1886,0.0156,7322.96,1,32.3985,152.766,step
2026-08-31T18:37:45.692023+00:00,47.006,0.1214,0.0,0.15,0.1886,0.0157,7349.95,1,32.3953,152.786,step
2026-08-31T18:37:45.693396+00:00,46.682,0.1214,0.15,0.0,0.1887,0.0157,7126.22,1,32.3998,152.806,step
2026-08-31T18:37:45.694701+00:00,46.756,0.1213,0.15,0.0,0.1887,0.0156,7312.35,1,32.4086,152.826,step
2026-08-31T18:37:45.695939+00:00,46.932,0.1213,0.15,0.0,0.1887,0.0157,7338.87,1,32.4057,152.846,step
2026-08-31T18:37:45.697192+00:00,47.108,0.1214,0.0,0.15,0.1888,0.0158,7365.42,1,32.3999,152.866,step
2026-08-31T18:37:45.698499+00:00,46.786,0.1214,0.15,0.0,0.1888,0.0158,7142.41,1,32.403,152.886,step
2026-08-31T18:37:45.699781+00:00,46.858,0.1213,0.15,0.0,0.1889,0.0158,7326.78,1,32.4105,152.906,step
2026-08-31T18:37:45.701324+00:00,47.033,0.1214,0.0,0.15,0.1889,0.0158,7353.97,1,32.4065,152.926,step
2026-08-31T18:37:45.702620+00:00,46.71,0.1214,0.15,0.0,0.1889,0.0158,7130.12,1,32.4106,152.946,step
2026-08-31T18:37:45.703897+00:00,46.783,0.1213,0.15,0.0,0.189,0.0158,7315.47,1,32.4192,152.966,step
2026-08-31T18:37:45.705186+00:00,46.959,0.1213,0.15,0.0,0.189,0.0158,7342.49,1,32.4161,152.986,step
2026-08-31T18:37:45.706479+00:00,47.135,0.1215,0.0,0.15,0.189,0.016,7369.17,1,32.4103,153.006,step
2026-08-31T18:37:45.707791+00:00,46.811,0.1214,0.15,0.0,0.189,0.016,7146.29,1,32.4137,153.026,step
2026-08-31T18:37:45.709222+00:00,46.884,0.1214,0.15,0.0,0.1891,0.0159,7330.86,1,32.4217,153.046,step
2026-08-31T18:37:45.710622+00:00,47.059,0.1214,0.0,0.15,0.1891,0.016,7358.04,1,32.4182,153.066,step
2026-08-31T18:37:45.711969+00:00,46.735,0.1214,0.15,0.0,0.1891,0.016,7133.84,1,32.4228,153.086,step
2026-08-31T18:37:45.713273+00:00,46.809,0.1213,0.15,0.0,0.1892,0.0159,7319.59,1,32.4317,153.106,step
2026-08-31T18:37:45.714611+00:00,46.984,0.1214,0.15,0.0,0.1892,0.016,7346.52,1,32.4288,153.126,step
2026-08-31T18:37:45.715904+00:00,47.16,0.1215,0.0,0.15,0.1892,0.0161,7373.27,1,32.4233,153.146,step
2026-08-31T18:37:45.717382+00:00,46.837,0.1215,0.15,0.0,0.1892,0.0161,7150.03,1,32.427,153.166,step
2026-08-31T18:37:45.718706+00:00,46.909,0.1214,0.15,0.0,0.1893,0.016,7334.87,1,32.4352,153.186,step
2026-08-31T18:37:45.720021+00:00,47.085,0.1214,0.0,0.15,0.1893,0.0161,7362.03,1,32.4317,153.206,step
2026-08-31T18:37:45.721345+00:00,46.761,0.1214,0.15,0.0,0.1893,0.016,7137.56,1,32.4364,153.226,step
2026-08-31T18:37:45.722643+00:00,46.834,0.1213,0.15,0.0,0.1893,0.016,7323.45,1,32.4455,153.246,step
2026-08-31T18:37:45.723951+00:00,47.01,0.1213,0.0,0.15,0.1894,0.016,7350.35,1,32.4429,153.266,step
2026-08-31T18:37:45.725346+00:00,46.685,0.1213,0.15,0.0,0.1894,0.016,7126.65,1,32.4482,153.286,step
2026-08-31T18:37:45.726693+00:00,46.759,0.1212,0.15,0.0,0.1894,0.0159,7311.62,1,32.4576,153.306,step
2026-08-31T18:37:45.727976+00:00,46.935,0.1213,0.15,0.0,0.1894,0.016,7338.78,1,32.4551,153.326,step
2026-08-31T18:37:45.729284+00:00,47.111,0.1213,0.0,0.15,0.1895,0.0161,7365.47,1,32.4498,153.346,step
2026-08-31T18:37:45.730611+00:00,46.788,0.1213,0.15,0.0,0.1895,0.0161,7142.66,1,32.4538,153.366,step
2026-08-31T18:37:45.731967+00:00,46.86,0.1212,0.15,0.0,0.1895,0.016,7327.19,1,32.4622,153.386,step
2026-08-31T18:37:45.733313+00:00,47.035,0.1213,0.0,0.15,0.1895,0.0161,7354.49,1,32.4591,153.406,step
2026-08-31T18:37:45.734853+00:00,46.712,0.1213,0.15,0.0,0.1896,0.016,7130.31,1,32.4642,153.426,step
2026-08-31T18:37:45.736137+00:00,46.785,0.1212,0.15,0.0,0.1896,0.016,7315.96,1,32.4738,153.446,step
2026-08-31T18:37:45.737469+00:00,46.961,0.1212,0.15,0.0,0.1896,0.016,7342.95,1,32.472,153.466,step
2026-08-31T18:37:45.738799+00:00,47.136,0.1213,0.0,0.15,0.1896,0.0161,7369.57,1,32.4698,153.486,step
2026-08-31T18:37:45.740190+00:00,46.812,0.1213,0.15,0.0,0.1897,0.0161,7146.42,1,32.4797,153.506,step
2026-08-31T18:37:45.741568+00:00,46.885,0.1212,0.15,0.0,0.1897,0.016,7331.1,1,32.4968,153.526,step
2026-08-31T18:37:45.743232+00:00,47.06,0.1212,0.0,0.15,0.1897,0.0161,7358.2,1,32.5046,153.546,step
2026-08-31T18:37:45.744616+00:00,46.736,0.1212,0.15,0.0,0.1897,0.0161,7134.16,1,32.5235,153.566,step
2026-08-31T18:37:45.745999+00:00,46.809,0.1211,0.15,0.0,0.1897,0.016,7319.67,1,32.5496,153.586,step
2026-08-31T18:37:45.747366+00:00,46.985,0.1212,0.15,0.0,0.1898,0.016,7346.68,1,32.5661,153.606,step
2026-08-31T18:37:45.748727+00:00,47.16,0.1212,0.0,0.15,0.1898,0.0161,7373.31,1,32.5825,153.626,step
2026-08-31T18:37:45.750079+00:00,46.837,0.1212,0.15,0.0,0.1898,0.0161,7149.91,1,32.612,153.646,step
2026-08-31T18:37:45.751545+00:00,46.908,0.1211,0.15,0.0,0.1898,0.016,7334.81,1,32.6493,153.666,step
2026-08-31T18:37:45.752885+00:00,47.083,0.1212,0.0,0.15,0.1899,0.0161,7361.93,1,32.6773,153.686,step
2026-08-31T18:37:45.754201+00:00,46.758,0.1211,0.15,0.0,0.1899,0.016,7139.13,1,32.7174,153.706,step
2026-08-31T18:37:45.755482+00:00,46.832,0.121,0.15,0.0,0.1899,0.0159,7322.21,1,32.7656,153.726,step
2026-08-31T18:37:45.756790+00:00,47.007,0.121,0.0,0.15,0.1899,0.016,7349.49,1,32.804,153.746,step
2026-08-31T18:37:45.758078+00:00,46.681,0.121,0.15,0.0,0.19,0.016,7126.0,1,32.8552,153.766,step
2026-08-31T18:37:45.759490+00:00,46.755,0.1209,0.15,0.0,0.19,0.0159,7311.19,1,32.915,153.786,step
2026-08-31T18:37:45.760781+00:00,46.93,0.1209,0.15,0.0,0.19,0.0159,7338.05,1,32.9648,153.806,step
2026-08-31T18:37:45.762090+00:00,47.105,0.121,0.0,0.15,0.19,0.016,7364.84,1,33.0149,153.826,step
2026-08-31T18:37:45.763439+00:00,46.783,0.1209,0.15,0.0,0.1901,0.016,7141.66,1,33.0802,153.846,step
2026-08-31T18:37:45.764825+00:00,46.854,0.1208,0.15,0.0,0.1901,0.0159,7326.38,1,33.1549,153.866,step
2026-08-31T18:37:45.766163+00:00,47.029,0.1209,0.0,0.15,0.1901,0.016,7353.47,1,33.2197,153.886,step
2026-08-31T18:37:45.767745+00:00,46.705,0.1208,0.15,0.0,0.1902,0.0159,7129.21,1,33.2988,153.906,step
2026-08-31T18:37:45.769052+00:00,46.777,0.1207,0.15,0.0,0.1902,0.0158,7314.76,1,33.3885,153.926,step
2026-08-31T18:37:45.770393+00:00,46.952,0.1207,0.15,0.0,0.1902,0.0159,7341.59,1,33.4684,153.946,step
2026-08-31T18:37:45.771718+00:00,47.127,0.1208,0.0,0.15,0.1903,0.0159,7367.99,1,33.5494,153.966,step
2026-08-31T18:37:45.773097+00:00,46.802,0.1208,0.15,0.0,0.1903,0.0159,7145.1,1,33.6474,153.986,step
2026-08-31T18:37:45.774529+00:00,46.874,0.1207,0.15,0.0,0.1903,0.0158,7329.41,1,33.756,154.006,step
2026-08-31T18:37:45.776101+00:00,47.049,0.1207,0.0,0.15,0.1904,0.0159,7356.4,1,33.8539,154.026,step
2026-08-31T18:37:45.777459+00:00,46.724,0.1206,0.15,0.0,0.1904,0.0158,7132.24,1,33.9681,154.046,step
2026-08-31T18:37:45.778747+00:00,46.796,0.1205,0.15,0.0,0.1904,0.0157,7317.88,1,34.0936,154.066,step
2026-08-31T18:37:45.780057+00:00,46.971,0.1205,0.15,0.0,0.1905,0.0158,7344.63,1,34.2086,154.086,step
2026-08-31T18:37:45.781351+00:00,47.145,0.1206,0.0,0.15,0.1905,0.0158,7371.15,1,34.3256,154.106,step
2026-08-31T18:37:45.782672+00:00,46.821,0.1205,0.15,0.0,0.1905,0.0158,7147.58,1,34.4624,154.126,step
2026-08-31T18:37:45.784124+00:00,46.892,0.1204,0.15,0.0,0.1906,0.0157,7330.11,1,34.6114,154.146,step
2026-08-31T18:37:45.785522+00:00,47.066,0.1205,0.0,0.15,0.1906,0.0158,7357.34,1,34.7473,154.166,step
2026-08-31T18:37:45.786841+00:00,46.738,0.1205,0.15,0.0,0.1906,0.0158,7136.07,1,34.9016,154.186,step
2026-08-31T18:37:45.788137+00:00,46.811,0.1203,0.15,0.0,0.1907,0.0157,7319.59,1,35.0695,154.206,step
2026-08-31T18:37:45.789385+00:00,46.985,0.1204,0.15,0.0,0.1907,0.0158,7346.58,1,35.2263,154.226,step
2026-08-31T18:37:45.790653+00:00,47.159,0.1205,0.0,0.15,0.1907,0.0159,7373.23,1,35.3868,154.246,step
2026-08-31T18:37:45.792253+00:00,46.835,0.1205,0.15,0.0,0.1908,0.0158,7148.96,1,35.5717,154.266,step
2026-08-31T18:37:45.793526+00:00,46.905,0.1204,0.15,0.0,0.1908,0.0157,7334.92,1,35.7716,154.286,step
2026-08-31T18:37:45.794821+00:00,47.079,0.1204,0.0,0.15,0.1908,0.0158,7361.6,1,35.9592,154.306,step
2026-08-31T18:37:45.796177+00:00,46.754,0.1204,0.15,0.0,0.1908,0.0158,7136.52,1,36.169,154.326,step
2026-08-31T18:37:45.797482+00:00,46.826,0.1203,0.15,0.0,0.1909,0.0157,7322.55,1,36.3949,154.346,step
2026-08-31T18:37:45.798835+00:00,46.999,0.1203,0.15,0.0,0.1909,0.0158,7349.1,1,36.6109,154.366,step
2026-08-31T18:37:45.800295+00:00,47.173,0.1204,0.0,0.15,0.1909,0.0159,7375.36,1,36.8328,154.386,step
2026-08-31T18:37:45.801675+00:00,46.846,0.1204,0.15,0.0,0.191,0.0158,7151.97,1,37.082,154.406,step
2026-08-31T18:37:45.803046+00:00,46.918,0.1203,0.15,0.0,0.191,0.0158,7336.07,1,37.3487,154.426,step
2026-08-31T18:37:45.804361+00:00,47.091,0.1203,0.0,0.15,0.191,0.0158,7363.03,1,37.6039,154.446,step
2026-08-31T18:37:45.805772+00:00,46.765,0.1203,0.15,0.0,0.1911,0.0158,7138.67,1,37.8859,154.466,step
2026-08-31T18:37:45.807094+00:00,46.836,0.1202,0.15,0.0,0.1911,0.0157,7324.11,1,38.1875,154.486,step
2026-08-31T18:37:45.808545+00:00,47.009,0.1202,0.0,0.15,0.1911,0.0158,7350.68,1,38.4778,154.506,step
2026-08-31T18:37:45.809973+00:00,46.684,0.1202,0.15,0.0,0.1911,0.0157,7126.17,1,38.797,154.526,step
2026-08-31T18:37:45.811295+00:00,46.754,0.12,0.15,0.0,0.1912,0.0156,7311.26,1,39.1382,154.546,step
2026-08-31T18:37:45.812613+00:00,46.927,0.1201,0.15,0.0,0.1912,0.0157,7337.81,1,39.4681,154.566,step
2026-08-31T18:37:45.813902+00:00,47.101,0.1202,0.0,0.15,0.1912,0.0158,7361.05,1,39.8057,154.586,step
2026-08-31T18:37:45.815200+00:00,46.772,0.1201,0.15,0.0,0.1913,0.0158,7144.31,1,40.1803,154.606,step
2026-08-31T18:37:45.816528+00:00,46.843,0.1201,0.15,0.0,0.1913,0.0157,7322.62,1,40.5798,154.626,step
2026-08-31T18:37:45.818045+00:00,47.015,0.1201,0.0,0.15,0.1913,0.0158,7350.42,1,40.9689,154.646,step
2026-08-31T18:37:45.819379+00:00,46.688,0.1201,0.15,0.0,0.1914,0.0158,7126.52,1,41.3976,154.666,step
2026-08-31T18:37:45.820663+00:00,46.758,0.12,0.15,0.0,0.1914,0.0157,7312.38,1,41.8564,154.686,step
2026-08-31T18:37:45.821991+00:00,46.931,0.12,0.15,0.0,0.1914,0.0157,7338.67,1,42.3046,154.706,step
2026-08-31T18:37:45.823286+00:00,47.104,0.1201,0.0,0.15,0.1915,0.0158,7365.05,1,42.7662,154.726,step
2026-08-31T18:37:45.824615+00:00,46.779,0.12,0.15,0.0,0.1915,0.0158,7140.58,1,43.2754,154.746,step
2026-08-31T18:37:45.826197+00:00,46.847,0.1199,0.15,0.0,0.1915,0.0157,7325.85,1,43.8191,154.766,step
2026-08-31T18:37:45.827504+00:00,47.02,0.12,0.0,0.15,0.1915,0.0158,7352.34,1,44.3533,154.786,step
2026-08-31T18:37:45.828864+00:00,46.688,0.1199,0.15,0.0,0.1916,0.0157,7126.91,1,44.9405,154.806,step
2026-08-31T18:37:45.830186+00:00,46.763,-0.0802,0.8,0.0,0.1916,0.0156,7312.47,1,45.5691,154.826,step
2026-08-31T18:37:45.831518+00:00,47.376,-0.0782,0.8,0.0,0.1914,0.0175,8767.56,1,45.7008,154.846,step
2026-08-31T18:37:45.832905+00:00,48.167,0.1277,0.0,0.15,0.1908,0.0231,10147.9,1,44.9201,154.866,step
2026-08-31T18:37:45.834502+00:00,48.764,0.1334,0.0,0.15,0.1901,0.0284,7710.48,1,44.243,154.886,step
2026-08-31T18:37:45.835877+00:00,48.395,0.1355,0.0,0.15,0.1893,0.0302,7393.41,1,44.4122,154.906,step
2026-08-31T18:37:45.837215+00:00,47.908,-0.064,0.8,0.0,0.1887,0.0303,7314.6,1,45.0074,154.926,step
2026-08-31T18:37:45.838528+00:00,48.393,-0.0623,0.8,0.0,0.1878,0.0317,9023.82,1,45.298,154.946,step
2026-08-31T18:37:45.839825+00:00,49.181,0.1432,0.0,0.15,0.1866,0.0366,10446.6,1,44.7009,154.966,step
2026-08-31T18:37:45.841226+00:00,49.774,0.1486,0.0,0.15,0.1852,0.0412,7980.62,1,44.1852,154.986,step
2026-08-31T18:37:45.842654+00:00,49.445,0.1506,0.0,0.15,0.1839,0.0425,7548.5,1,44.4888,155.006,step
2026-08-31T18:37:45.844068+00:00,48.941,-0.0492,0.8,0.0,0.1827,0.0422,7473.2,1,45.2481,155.026,step
2026-08-31T18:37:45.845349+00:00,49.453,-0.0476,0.8,0.0,0.1814,0.0431,9205.77,1,45.6863,155.046,step
2026-08-31T18:37:45.846631+00:00,50.265,-0.0422,0.8,0.0,0.1796,0.0476,10587.3,2,45.1802,155.066,step
2026-08-31T18:37:45.847919+00:00,51.096,0.1648,0.0,0.15,0.1775,0.0536,7899.42,2,44.3166,155.086,step
2026-08-31T18:37:45.849250+00:00,51.167,0.1701,0.0,0.15,0.1753,0.0577,7886.44,2,43.9465,155.106,step
2026-08-31T18:37:45.850664+00:00,50.711,0.1717,0.0,0.15,0.1732,0.0583,5778.56,2,44.4957,155.126,step
2026-08-31T18:37:45.851952+00:00,50.261,-0.0284,0.8,0.0,0.1713,0.0573,5723.34,2,45.4859,155.146,step
2026-08-31T18:37:45.853264+00:00,50.637,-0.027,0.8,0.0,0.1693,0.0576,6264.84,2,46.1491,155.166,step
2026-08-31T18:37:45.854562+00:00,51.289,-0.0221,0.8,0.0,0.1668,0.0613,6394.44,2,45.8727,155.186,step
2026-08-31T18:37:45.855855+00:00,51.982,-0.016,0.8,0.0,0.164,0.0661,6476.6,2,45.3204,155.206,step
2026-08-31T18:37:45.857160+00:00,52.697,0.1904,0.0,0.15,0.1609,0.0709,6534.14,2,44.7568,155.226,step
2026-08-31T18:37:45.858754+00:00,52.619,0.1949,0.0,0.15,0.1577,0.0738,5998.74,2,44.7199,155.246,step
2026-08-31T18:37:45.860108+00:00,52.153,-0.0039,0.8,0.0,0.1548,0.0735,5942.13,2,45.5901,155.266,step
2026-08-31T18:37:45.861500+00:00,52.532,-0.0023,0.8,0.0,0.1519,0.0736,6483.6,2,46.3851,155.286,step
2026-08-31T18:37:45.862900+00:00,53.203,0.0023,0.8,0.0,0.1486,0.0766,6625.04,2,46.3509,155.306,step
2026-08-31T18:37:45.864270+00:00,53.911,0.008,0.8,0.0,0.1451,0.0805,6727.53,2,46.0668,155.326,step
2026-08-31T18:37:45.865596+00:00,54.639,0.0139,0.8,0.0,0.1412,0.0845,6813.06,2,45.7612,155.346,step
2026-08-31T18:37:45.866907+00:00,55.381,0.0198,0.8,0.0,0.1371,0.0883,6890.5,2,45.5017,155.366,step
2026-08-31T18:37:45.868472+00:00,56.128,0.0256,0.8,0.0,0.1328,0.092,6971.45,2,45.3056,155.386,step
2026-08-31T18:37:45.869795+00:00,56.88,0.0313,0.8,0.0,0.1282,0.0955,7060.85,2,45.1761,155.406,step
2026-08-31T18:37:45.871082+00:00,57.662,0.0371,0.8,0.0,0.1235,0.0988,7108.07,2,45.1025,155.426,step
2026-08-31T18:37:45.872351+00:00,58.428,0.0427,0.8,0.0,0.1184,0.1019,7194.73,2,45.1013,155.446,step
2026-08-31T18:37:45.873615+00:00,59.183,0.0482,0.8,0.0,0.1132,0.1048,7321.42,2,45.1743,155.466,step
2026-08-31T18:37:45.874845+00:00,59.936,0.0537,0.8,0.0,0.1077,0.1076,7479.05,2,45.3211,155.486,step
2026-08-31T18:37:45.876336+00:00,60.7,0.0591,0.8,0.0,0.1021,0.1101,7650.45,2,45.5478,155.506,step
2026-08-31T18:37:45.877633+00:00,61.481,0.0643,0.8,0.0,0.0962,0.1124,7827.24,2,45.8625,155.526,step
2026-08-31T18:37:45.878910+00:00,62.279,0.0695,0.8,0.0,0.0901,0.1146,8008.61,2,46.2729,155.546,step
2026-08-31T18:37:45.880183+00:00,63.096,0.0745,0.8,0.0,0.0839,0.1165,8193.47,2,46.7898,155.566,step
2026-08-31T18:37:45.881541+00:00,63.926,0.0794,0.8,0.0,0.0774,0.1181,8387.65,2,47.4397,155.586,step
2026-08-31T18:37:45.882867+00:00,64.773,0.084,0.8,0.0,0.0708,0.1194,8590.95,2,48.2643,155.606,step
2026-08-31T18:37:45.884222+00:00,65.639,0.0883,0.8,0.0,0.064,0.1203,8804.44,2,49.2818,155.626,step
2026-08-31T18:37:45.885541+00:00,66.519,0.0925,0.8,0.0,0.057,0.1209,9037.84,2,50.5146,155.646,step
2026-08-31T18:37:45.886841+00:00,67.408,0.0964,0.8,0.0,0.0498,0.1213,9302.79,2,51.9963,155.666,step
2026-08-31T18:37:45.888054+00:00,68.303,0.0953,0.8,0.0,0.0425,0.1166,9602.96,2,53.7785,155.686,step
2026-08-31T18:37:45.889333+00:00,69.2,0.0936,0.8,0.0,0.0354,0.1114,9899.77,2,55.9043,155.706,step
2026-08-31T18:37:45.890597+00:00,70.096,0.0916,0.8,0.0,0.0285,0.1058,10192.9,2,58.4259,155.726,step
2026-08-31T18:37:45.892018+00:00,71.03,0.0892,0.8,0.0,0.0216,0.1,10406.8,2,61.3972,155.746,step
2026-08-31T18:37:45.893217+00:00,72.017,0.0866,0.8,0.0,0.0149,0.0941,10529.0,2,64.8387,155.766,step
2026-08-31T18:37:45.894426+00:00,72.975,0.0837,0.8,0.0,0.0084,0.0879,10695.8,2,68.922,155.786,step
2026-08-31T18:37:45.895645+00:00,73.883,0.0804,0.8,0.0,0.0022,0.0815,10945.7,2,73.8942,155.806,step
2026-08-31T18:37:45.896849+00:00,74.756,0.0767,0.8,0.0,-0.0039,0.0747,11254.2,2,80.0866,155.826,step
2026-08-31T18:37:45.898106+00:00,75.61,0.0725,0.8,0.0,-0.0098,0.0676,11588.3,2,88.0034,155.846,step
2026-08-31T18:37:45.899401+00:00,76.459,0.0678,0.8,0.0,-0.0154,0.0601,11925.2,2,98.4256,155.866,step
2026-08-31T18:37:45.900844+00:00,77.309,0.0626,0.8,0.0,-0.0208,0.0522,12251.3,2,112.674,155.886,step
2026-08-31T18:37:45.902100+00:00,78.164,0.0568,0.8,0.0,-0.0259,0.0439,12561.3,2,133.221,155.906,step
2026-08-31T18:37:45.903395+00:00,79.023,0.0506,0.8,0.0,-0.0307,0.0352,12858.1,2,191.559,155.926,step
2026-08-31T18:37:45.904754+00:00,79.881,0.0437,0.8,0.0,-0.0353,0.0261,13146.3,2,188.6,155.946,step
2026-08-31T18:37:45.906146+00:00,80.748,0.0361,0.8,0.0,-0.0395,0.0163,13421.0,3,185.27,155.966,step
2026-08-31T18:37:45.907487+00:00,81.608,0.0279,0.8,0.0,-0.0433,0.0062,10618.5,3,181.532,155.986,step
2026-08-31T18:37:45.908981+00:00,82.384,0.0198,0.8,0.0,-0.0467,-0.0035,10618.0,3,177.58,156.006,step
2026-08-31T18:37:45.910319+00:00,82.765,0.0139,0.8,0.0,-0.0494,-0.0108,7657.88,3,174.216,156.026,step
2026-08-31T18:37:45.911602+00:00,83.134,0.0102,0.8,0.0,-0.0513,-0.0154,8166.33,3,171.759,156.046,step
2026-08-31T18:37:45.912865+00:00,83.757,0.0069,0.8,0.0,-0.0524,-0.0193,8305.85,3,169.49,156.066,step
2026-08-31T18:37:45.914084+00:00,84.467,0.004,0.8,0.0,-0.0529,-0.0225,8332.22,3,167.446,156.086,step
2026-08-31T18:37:45.915348+00:00,85.179,0.0016,0.8,0.0,-0.0529,-0.0249,8360.93,3,165.702,156.106,step
2026-08-31T18:37:45.916634+00:00,85.887,-0.0005,0.8,0.0,-0.0524,-0.0267,8403.66,3,164.248,156.126,step
2026-08-31T18:37:45.918120+00:00,86.589,-0.0023,0.8,0.0,-0.0514,-0.028,8460.95,3,163.036,156.146,step
2026-08-31T18:37:45.919378+00:00,87.292,-0.0038,0.8,0.0,-0.0501,-0.0289,8526.86,3,162.017,156.166,step
2026-08-31T18:37:45.920655+00:00,87.999,-0.0053,0.8,0.0,-0.0485,-0.0295,8594.33,3,161.153,156.186,step
2026-08-31T18:37:45.921894+00:00,88.713,-0.0066,0.8,0.0,-0.0466,-0.0299,8660.66,3,160.411,156.206,step
2026-08-31T18:37:45.923153+00:00,89.431,-0.0079,0.8,0.0,-0.0446,-0.0301,8725.71,3,159.778,156.226,step
2026-08-31T18:37:45.924457+00:00,90.156,-0.009,0.8,0.0,-0.0424,-0.0302,8787.31,3,159.237,156.246,step
2026-08-31T18:37:45.925845+00:00,90.888,-0.0102,0.8,0.0,-0.04,-0.0302,8846.96,3,158.775,156.266,step
2026-08-31T18:37:45.927120+00:00,91.623,-0.0112,0.8,0.0,-0.0376,-0.03,8908.83,3,158.375,156.286,step
2026-08-31T18:37:45.928379+00:00,92.359,-0.0122,0.8,0.0,-0.0351,-0.0298,8975.22,3,158.022,156.306,step
2026-08-31T18:37:45.929662+00:00,93.096,-0.0132,0.8,0.0,-0.0325,-0.0294,9047.42,3,157.706,156.326,step
2026-08-31T18:37:45.930910+00:00,93.857,-0.0141,0.8,0.0,-0.03,-0.029,9091.37,3,157.417,156.346,step
2026-08-31T18:37:45.932160+00:00,94.624,-0.0149,0.8,0.0,-0.0274,-0.0286,9130.04,3,157.161,156.366,step
2026-08-31T18:37:45.933471+00:00,95.369,-0.0157,0.15,0.0,-0.0248,-0.0281,9205.06,3,156.933,156.386,step
2026-08-31T18:37:45.934945+00:00,95.707,-0.0164,0.15,0.0,-0.0222,-0.0275,8773.51,3,156.747,156.406,step
2026-08-31T18:37:45.936208+00:00,95.755,-0.0169,0.15,0.0,-0.0196,-0.0268,8778.82,3,156.62,156.426,step
2026-08-31T18:37:45.937453+00:00,95.806,-0.0174,0.15,0.0,-0.0171,-0.0259,8784.73,3,156.541,156.446,step
2026-08-31T18:37:45.938711+00:00,95.858,-0.0176,0.15,0.0,-0.0147,-0.025,8789.78,3,156.501,156.466,step
2026-08-31T18:37:45.939948+00:00,95.909,-0.0178,0.15,0.0,-0.0124,-0.024,8794.27,3,156.488,156.486,step
2026-08-31T18:37:45.941279+00:00,95.959,-0.0179,0.15,0.0,-0.0101,-0.0229,8798.4,3,156.496,156.506,step
2026-08-31T18:37:45.942672+00:00,96.009,-0.0178,0.15,0.0,-0.0079,-0.0218,8802.52,3,156.504,156.526,step
2026-08-31T18:37:45.943950+00:00,96.058,-0.0178,0.15,0.0,-0.0059,-0.0207,8806.82,3,156.494,156.546,step
2026-08-31T18:37:45.945236+00:00,96.108,-0.0177,0.15,0.0,-0.0039,-0.0196,8811.11,3,156.462,156.566,step
2026-08-31T18:37:45.946548+00:00,96.157,-0.0176,0.15,0.0,-0.002,-0.0186,8815.53,3,156.409,156.586,step
2026-08-31T18:37:45.947879+00:00,96.206,-0.0174,0.15,0.0,-0.0002,-0.0175,8818.29,3,156.334,156.606,step
2026-08-31T18:37:45.949177+00:00,96.255,-0.0173,0.15,0.0,0.0015,-0.0165,8822.68,3,156.222,156.626,step
2026-08-31T18:37:45.950586+00:00,96.303,-0.0172,0.15,0.0,0.0031,-0.0156,8827.63,3,156.085,156.646,step
2026-08-31T18:37:45.951928+00:00,96.35,-0.017,0.15,0.0,0.0047,-0.0147,8832.96,3,155.938,156.666,step
2026-08-31T18:37:45.953189+00:00,96.398,-0.0168,0.15,0.0,0.0061,-0.0137,8838.0,3,155.787,156.686,step
2026-08-31T18:37:45.954484+00:00,96.446,-0.0165,0.15,0.0,0.0075,-0.0128,8842.69,3,155.635,156.706,step
2026-08-31T18:37:45.955777+00:00,96.494,-0.0162,0.15,0.0,0.0087,-0.0118,8847.16,3,155.48,156.726,step
2026-08-31T18:37:45.957096+00:00,96.542,-0.0158,0.15,0.0,0.0099,-0.0109,8851.5,3,155.314,156.746,step
2026-08-31T18:37:45.958410+00:00,96.59,-0.0154,0.15,0.0,0.011,-0.0099,8855.71,3,155.136,156.766,step
2026-08-31T18:37:45.960015+00:00,96.637,-0.015,0.15,0.0,0.012,-0.009,8859.95,3,154.94,156.786,step
2026-08-31T18:37:45.961259+00:00,96.685,-0.0146,0.15,0.0,0.013,-0.0081,8864.19,3,154.728,156.806,step
2026-08-31T18:37:45.962569+00:00,96.732,-0.0142,0.15,0.0,0.0138,-0.0073,8868.43,3,154.505,156.826,step
2026-08-31T18:37:45.963871+00:00,96.779,-0.0138,0.15,0.0,0.0146,-0.0064,8872.7,3,154.267,156.846,step
2026-08-31T18:37:45.965210+00:00,96.826,-0.0133,0.15,0.0,0.0153,-0.0056,8876.56,3,154.014,156.866,step
2026-08-31T18:37:45.966546+00:00,96.873,-0.0129,0.15,0.0,0.016,-0.0049,8880.86,3,153.744,156.886,step
2026-08-31T18:37:45.967936+00:00,96.919,-0.0124,0.15,0.0,0.0165,-0.0041,8885.29,3,153.461,156.906,step
2026-08-31T18:37:45.969224+00:00,96.965,-0.0119,0.15,0.0,0.017,-0.0034,8889.73,3,153.163,156.926,step
2026-08-31T18:37:45.970526+00:00,97.012,-0.0115,0.15,0.0,0.0174,-0.0028,8894.09,3,152.854,156.946,step
2026-08-31T18:37:45.971836+00:00,97.058,-0.011,0.15,0.0,0.0178,-0.0021,8898.38,3,152.531,156.966,step
2026-08-31T18:37:45.973165+00:00,97.105,-0.0105,0.15,0.0,0.0181,-0.0015,8902.63,3,152.197,156.986,step
2026-08-31T18:37:45.974440+00:00,97.151,-0.0101,0.15,0.0,0.0184,-0.0009,8906.86,3,151.856,157.006,step
2026-08-31T18:37:45.975923+00:00,97.197,-0.0096,0.15,0.0,0.0185,-0.0003,8911.2,3,151.502,157.026,step
2026-08-31T18:37:45.977235+00:00,97.244,-0.0091,0.15,0.0,0.0187,0.0002,8915.5,3,151.137,157.046,step
2026-08-31T18:37:45.978514+00:00,97.29,-0.0086,0.15,0.0,0.0188,0.0008,8919.88,3,150.76,157.066,step
2026-08-31T18:37:45.979805+00:00,97.337,-0.0081,0.15,0.0,0.0188,0.0013,8924.04,3,150.377,157.086,step
2026-08-31T18:37:45.981090+00:00,97.383,-0.0077,0.15,0.0,0.0188,0.0017,8928.52,3,149.985,157.106,step
2026-08-31T18:37:45.982346+00:00,97.429,-0.0072,0.15,0.0,0.0187,0.0022,8933.9,3,149.588,157.126,step
2026-08-31T18:37:45.983665+00:00,97.476,-0.0067,0.15,0.0,0.0186,0.0026,8937.55,3,149.182,157.146,step
2026-08-31T18:37:45.984954+00:00,97.522,-0.0062,0.15,0.0,0.0185,0.0031,8941.43,3,148.766,157.166,step
2026-08-31T18:37:45.986194+00:00,97.569,-0.0057,0.15,0.0,0.0183,0.0034,8945.33,3,148.339,157.186,step
2026-08-31T18:37:45.987455+00:00,97.615,-0.0053,0.15,0.0,0.0181,0.0038,8949.27,3,147.902,157.206,step
2026-08-31T18:37:45.988745+00:00,97.661,-0.0048,0.15,0.0,0.0179,0.0041,8953.32,3,147.453,157.226,step
2026-08-31T18:37:45.990010+00:00,97.707,-0.0044,0.15,0.0,0.0176,0.0044,8957.48,3,146.996,157.246,step
2026-08-31T18:37:45.991308+00:00,97.753,-0.004,0.15,0.0,0.0173,0.0046,8961.79,3,146.526,157.266,step
2026-08-31T18:37:45.992961+00:00,97.799,-0.0036,0.15,0.0,0.017,0.0049,8966.38,3,146.046,157.286,step
2026-08-31T18:37:45.994265+00:00,97.846,-0.0033,0.15,0.0,0.0166,0.0051,8970.84,3,145.563,157.306,step
2026-08-31T18:37:45.995581+00:00,97.893,-0.0029,0.15,0.0,0.0163,0.0052,8975.19,3,145.072,157.326,step
2026-08-31T18:37:45.996895+00:00,97.939,-0.0025,0.15,0.0,0.0159,0.0054,8979.43,3,144.574,157.346,step
2026-08-31T18:37:45.998241+00:00,97.984,-0.0022,0.15,0.0,0.0155,0.0056,8987.38,3,144.074,157.366,step
2026-08-31T18:37:45.999531+00:00,98.032,-0.0018,0.15,0.0,0.0151,0.0057,8990.92,3,143.571,157.386,step
2026-08-31T18:37:46.000992+00:00,98.08,-0.0015,0.15,0.0,0.0146,0.0058,8993.73,3,143.062,157.406,step
2026-08-31T18:37:46.002244+00:00,98.128,-0.0012,0.15,0.0,0.0142,0.0059,8997.19,3,142.542,157.426,step
2026-08-31T18:37:46.003533+00:00,98.175,-0.0009,0.15,0.0,0.0137,0.006,9000.7,3,142.014,157.446,step
2026-08-31T18:37:46.004827+00:00,98.222,-0.0006,0.15,0.0,0.0133,0.006,9004.4,3,141.483,157.466,step
2026-08-31T18:37:46.006171+00:00,98.268,-0.0003,0.15,0.0,0.0128,0.0061,9008.36,3,140.949,157.486,step
2026-08-31T18:37:46.007484+00:00,98.314,-0.0,0.15,0.0,0.0123,0.0061,9012.54,3,140.409,157.506,step
2026-08-31T18:37:46.009000+00:00,98.361,0.0002,0.15,0.0,0.0118,0.0061,9017.01,3,139.863,157.526,step
2026-08-31T18:37:46.010311+00:00,98.407,0.0004,0.15,0.0,0.0114,0.0061,9021.68,3,139.313,157.546,step
2026-08-31T18:37:46.011589+00:00,98.454,0.0007,0.15,0.0,0.0109,0.0061,9026.23,3,138.763,157.566,step
2026-08-31T18:37:46.012837+00:00,98.501,0.0009,0.15,0.0,0.0104,0.0061,9030.59,3,138.206,157.586,step
2026-08-31T18:37:46.014100+00:00,98.548,0.0011,0.15,0.0,0.0099,0.006,9034.84,3,137.642,157.606,step
2026-08-31T18:37:46.015365+00:00,98.594,0.0012,0.15,0.0,0.0095,0.006,9042.34,3,137.077,157.626,step
2026-08-31T18:37:46.016619+00:00,98.642,0.0014,0.15,0.0,0.009,0.0059,9045.25,3,136.512,157.646,step
2026-08-31T18:37:46.018044+00:00,98.689,0.0016,0.15,0.0,0.0085,0.0058,9048.63,3,135.946,157.666,step
2026-08-31T18:37:46.019308+00:00,98.737,0.0017,0.15,0.0,0.0081,0.0058,9052.23,3,135.373,157.686,step
2026-08-31T18:37:46.020613+00:00,98.784,0.0018,0.15,0.0,0.0076,0.0056,9055.93,3,134.793,157.706,step
2026-08-31T18:37:46.021917+00:00,98.83,0.0019,0.15,0.0,0.0072,0.0055,9059.82,3,134.211,157.726,step
2026-08-31T18:37:46.023211+00:00,98.877,0.002,0.15,0.0,0.0067,0.0054,9063.92,3,133.628,157.746,step
2026-08-31T18:37:46.024539+00:00,98.923,0.0021,0.15,0.0,0.0063,0.0053,9068.14,3,133.044,157.766,step
2026-08-31T18:37:46.025961+00:00,98.969,0.0022,0.15,0.0,0.0059,0.0051,9072.52,3,132.461,157.786,step
2026-08-31T18:37:46.027281+00:00,99.015,0.0023,0.15,0.0,0.0055,0.005,9077.0,3,131.877,157.806,step
2026-08-31T18:37:46.028573+00:00,99.061,0.0023,0.15,0.0,0.0051,0.0049,9081.39,3,131.293,157.826,step
2026-08-31T18:37:46.029832+00:00,99.107,0.0024,0.15,0.0,0.0047,0.0048,9085.68,3,130.707,157.846,step
2026-08-31T18:37:46.031095+00:00,99.153,0.0025,0.15,0.0,0.0044,0.0046,9089.92,3,130.122,157.866,step
2026-08-31T18:37:46.032425+00:00,99.199,0.0025,0.15,0.0,0.004,0.0045,9094.54,3,129.537,157.886,step
2026-08-31T18:37:46.033871+00:00,99.245,0.0025,0.15,0.0,0.0036,0.0044,9098.87,3,128.946,157.906,step
2026-08-31T18:37:46.035258+00:00,99.292,0.0025,0.15,0.0,0.0033,0.0042,9102.77,3,128.349,157.926,step
2026-08-31T18:37:46.036518+00:00,99.338,0.0025,0.15,0.0,0.003,0.004,9106.77,3,127.751,157.946,step
2026-08-31T18:37:46.037761+00:00,99.383,0.0025,0.15,0.0,0.0027,0.0038,9110.8,3,127.152,157.966,step
2026-08-31T18:37:46.038993+00:00,99.429,0.0025,0.15,0.0,0.0024,0.0037,9114.84,3,126.558,157.986,step
2026-08-31T18:37:46.040280+00:00,99.475,0.0025,0.15,0.0,0.0021,0.0036,9118.87,3,125.97,158.006,step
2026-08-31T18:37:46.041580+00:00,99.52,0.0025,0.15,0.0,0.0019,0.0034,9123.0,3,125.383,158.026,step
2026-08-31T18:37:46.043162+00:00,99.565,0.0025,0.15,0.0,0.0016,0.0033,9127.12,3,124.797,158.046,step
2026-08-31T18:37:46.044432+00:00,99.611,0.0025,0.15,0.0,0.0014,0.0032,9131.34,3,124.21,158.066,step
2026-08-31T18:37:46.045714+00:00,99.656,0.0025,0.15,0.0,0.0011,0.003,9135.51,3,123.624,158.086,step
2026-08-31T18:37:46.046969+00:00,99.701,0.0025,0.15,0.0,0.0009,0.0029,9139.73,3,123.037,158.106,step
2026-08-31T18:37:46.048220+00:00,99.746,0.0024,0.15,0.0,0.0007,0.0028,9143.82,3,122.451,158.126,step
2026-08-31T18:37:46.049505+00:00,99.791,0.0024,0.15,0.0,0.0005,0.0027,9147.97,3,121.865,158.146,step
2026-08-31T18:37:46.051027+00:00,99.836,0.0024,0.15,0.0,0.0003,0.0025,9152.5,3,121.279,158.166,step
2026-08-31T18:37:46.052287+00:00,99.881,0.0024,0.15,0.0,0.0001,0.0024,9156.46,3,120.693,158.186,step
2026-08-31T18:37:46.053540+00:00,99.926,0.0023,0.15,0.0,-0.0,0.0023,9160.36,3,120.107,158.206,step
2026-08-31T18:37:46.054733+00:00,99.971,0.0023,0.0,0.15,-0.0002,0.0022,9164.37,3,119.521,158.226,step
2026-08-31T18:37:46.055974+00:00,99.629,0.0022,0.0,0.15,-0.0004,0.002,8978.82,3,118.929,158.246,step
2026-08-31T18:37:46.057220+00:00,99.079,0.0021,0.0,0.15,-0.0005,0.0018,8926.83,3,118.33,158.266,step
2026-08-31T18:37:46.058524+00:00,98.528,0.0019,0.0,0.15,-0.0006,0.0016,8875.95,3,117.732,158.286,step
2026-08-31T18:37:46.060000+00:00,97.981,0.0018,0.0,0.15,-0.0007,0.0014,8826.59,3,117.136,158.306,step
2026-08-31T18:37:46.061275+00:00,97.437,0.0016,0.0,0.15,-0.0008,0.0012,8778.26,3,116.543,158.326,step
2026-08-31T18:37:46.062563+00:00,96.896,0.0015,0.0,0.15,-0.0009,0.001,8730.45,3,115.954,158.346,step
2026-08-31T18:37:46.063842+00:00,96.357,0.0013,0.0,0.15,-0.001,0.0009,8682.79,3,115.374,158.366,step
2026-08-31T18:37:46.065092+00:00,95.821,0.0012,0.0,0.15,-0.001,0.0007,8635.19,3,114.804,158.386,step
2026-08-31T18:37:46.066359+00:00,95.287,0.0011,0.0,0.15,-0.0011,0.0006,8587.67,3,114.239,158.406,step
2026-08-31T18:37:46.067808+00:00,94.755,0.001,0.0,0.15,-0.0011,0.0004,8540.2,3,113.679,158.426,step
2026-08-31T18:37:46.069094+00:00,94.226,0.0009,0.0,0.15,-0.0011,0.0003,8492.2,3,113.123,158.446,step
2026-08-31T18:37:46.070363+00:00,93.698,0.0007,0.0,0.15,-0.0011,0.0002,8445.18,3,112.571,158.466,step
2026-08-31T18:37:46.071634+00:00,93.172,0.0006,0.0,0.15,-0.0011,0.0001,8398.28,3,112.022,158.486,step
2026-08-31T18:37:46.072961+00:00,92.647,0.0005,0.0,0.15,-0.0011,-0.0001,8351.47,3,111.477,158.506,step
2026-08-31T18:37:46.074202+00:00,92.124,0.0004,0.0,0.15,-0.0011,-0.0002,8304.78,3,110.94,158.526,step
2026-08-31T18:37:46.075650+00:00,91.603,0.0003,0.15,0.0,-0.001,-0.0002,8258.23,3,110.413,158.546,step
2026-08-31T18:37:46.076991+00:00,91.474,0.0002,0.15,0.0,-0.001,-0.0003,8390.82,3,109.897,158.566,step
2026-08-31T18:37:46.078254+00:00,91.535,0.0002,0.15,0.0,-0.001,-0.0003,8395.43,3,109.387,158.586,step
2026-08-31T18:37:46.079522+00:00,91.596,0.0002,0.15,0.0,-0.0009,-0.0003,8400.12,3,108.877,158.606,step
2026-08-31T18:37:46.080742+00:00,91.657,0.0002,0.15,0.0,-0.0009,-0.0003,8405.2,3,108.367,158.626,step
2026-08-31T18:37:46.082060+00:00,91.717,0.0001,0.15,0.0,-0.0008,-0.0003,8410.64,3,107.857,158.646,step
2026-08-31T18:37:46.083349+00:00,91.778,0.0001,0.15,0.0,-0.0008,-0.0003,8416.41,3,107.346,158.666,step
2026-08-31T18:37:46.084854+00:00,91.838,0.0001,0.15,0.0,-0.0008,-0.0003,8422.36,3,106.836,158.686,step
2026-08-31T18:37:46.086095+00:00,91.899,0.0001,0.15,0.0,-0.0007,-0.0003,8428.17,3,106.325,158.706,step
2026-08-31T18:37:46.087320+00:00,91.959,0.0,0.15,0.0,-0.0007,-0.0003,8433.88,3,105.814,158.726,step
2026-08-31T18:37:46.088554+00:00,92.019,0.0,0.0,0.15,-0.0006,-0.0003,8439.3,3,105.303,158.746,step
2026-08-31T18:37:46.089775+00:00,91.693,0.0,0.15,0.0,-0.0006,-0.0003,8269.45,3,104.796,158.766,step
2026-08-31T18:37:46.091015+00:00,91.559,0.0,0.15,0.0,-0.0005,-0.0002,8398.47,3,104.295,158.786,step
2026-08-31T18:37:46.092358+00:00,91.62,0.0,0.15,0.0,-0.0005,-0.0002,8403.18,3,103.79,158.806,step
2026-08-31T18:37:46.093643+00:00,91.68,0.0,0.15,0.0,-0.0005,-0.0002,8408.32,3,103.282,158.826,step
2026-08-31T18:37:46.094894+00:00,91.741,-0.0,0.15,0.0,-0.0004,-0.0002,8413.52,3,102.773,158.846,step
2026-08-31T18:37:46.096133+00:00,91.801,-0.0,0.15,0.0,-0.0004,-0.0002,8418.81,3,102.263,158.866,step
2026-08-31T18:37:46.097364+00:00,91.861,-0.0,0.15,0.0,-0.0003,-0.0002,8424.26,3,101.753,158.886,step
2026-08-31T18:37:46.098609+00:00,91.921,-0.0001,0.15,0.0,-0.0003,-0.0002,8429.81,3,101.243,158.906,step
2026-08-31T18:37:46.099992+00:00,91.981,-0.0001,0.15,0.0,-0.0003,-0.0002,8435.43,3,100.732,158.926,step
2026-08-31T18:37:46.101339+00:00,92.041,-0.0001,0.0,0.15,-0.0003,-0.0002,8441.08,3,100.222,158.946,step
2026-08-31T18:37:46.102583+00:00,91.717,-0.0001,0.15,0.0,-0.0002,-0.0002,8271.56,3,99.7075,158.966,step
2026-08-31T18:37:46.103815+00:00,91.581,-0.0001,0.15,0.0,-0.0002,-0.0002,8400.54,3,99.194,158.986,step
2026-08-31T18:37:46.105033+00:00,91.641,-0.0002,0.15,0.0,-0.0002,-0.0002,8405.28,3,98.6839,159.006,step
2026-08-31T18:37:46.106257+00:00,91.702,-0.0002,0.15,0.0,-0.0001,-0.0002,8410.2,3,98.1747,159.026,step
2026-08-31T18:37:46.107513+00:00,91.762,-0.0002,0.15,0.0,-0.0001,-0.0002,8415.41,3,97.6656,159.046,step
2026-08-31T18:37:46.108859+00:00,91.823,-0.0002,0.15,0.0,-0.0001,-0.0002,8420.74,3,97.1566,159.066,step
2026-08-31T18:37:46.110230+00:00,91.883,-0.0002,0.15,0.0,-0.0001,-0.0002,8426.19,3,96.6472,159.086,step
2026-08-31T18:37:46.111467+00:00,91.942,-0.0002,0.15,0.0,-0.0,-0.0002,8431.77,3,96.1374,159.106,step
2026-08-31T18:37:46.112705+00:00,92.002,-0.0002,0.0,0.15,-0.0,-0.0002,8437.38,3,95.627,159.126,step
2026-08-31T18:37:46.113919+00:00,91.678,-0.0002,0.15,0.0,0.0,-0.0002,8268.37,3,95.1199,159.146,step
2026-08-31T18:37:46.115192+00:00,91.542,-0.0002,0.15,0.0,0.0,-0.0002,8397.04,3,94.6174,159.166,step
2026-08-31T18:37:46.116605+00:00,91.603,-0.0002,0.15,0.0,0.0,-0.0002,8401.72,3,94.1116,159.186,step
2026-08-31T18:37:46.117918+00:00,91.663,-0.0002,0.15,0.0,0.0001,-0.0002,8406.92,3,93.6044,159.206,step
2026-08-31T18:37:46.119160+00:00,91.724,-0.0002,0.15,0.0,0.0001,-0.0001,8412.23,3,93.096,159.226,step
2026-08-31T18:37:46.120419+00:00,91.785,-0.0002,0.15,0.0,0.0001,-0.0001,8417.63,3,92.587,159.246,step
2026-08-31T18:37:46.121649+00:00,91.846,-0.0002,0.15,0.0,0.0001,-0.0001,8423.1,3,92.0776,159.266,step
2026-08-31T18:37:46.122849+00:00,91.907,-0.0002,0.15,0.0,0.0001,-0.0001,8428.66,3,91.5677,159.286,step
2026-08-31T18:37:46.124071+00:00,91.967,-0.0002,0.15,0.0,0.0001,-0.0001,8434.23,3,91.0571,159.306,step
2026-08-31T18:37:46.125500+00:00,92.027,-0.0002,0.0,0.15,0.0001,-0.0001,8441.62,3,90.5465,159.326,step
2026-08-31T18:37:46.126757+00:00,91.705,-0.0002,0.15,0.0,0.0002,-0.0001,8268.33,3,90.0327,159.346,step
2026-08-31T18:37:46.127992+00:00,91.569,-0.0003,0.15,0.0,0.0002,-0.0002,8399.86,3,89.519,159.366,step
2026-08-31T18:37:46.129220+00:00,91.631,-0.0003,0.15,0.0,0.0002,-0.0002,8404.5,3,89.009,159.386,step
2026-08-31T18:37:46.130464+00:00,91.692,-0.0003,0.15,0.0,0.0002,-0.0002,8409.46,3,88.4996,159.406,step
2026-08-31T18:37:46.131724+00:00,91.753,-0.0003,0.15,0.0,0.0002,-0.0002,8414.55,3,87.9902,159.426,step
2026-08-31T18:37:46.132929+00:00,91.814,-0.0003,0.15,0.0,0.0002,-0.0002,8419.83,3,87.4806,159.446,step
2026-08-31T18:37:46.134330+00:00,91.875,-0.0003,0.15,0.0,0.0002,-0.0002,8425.29,3,86.9707,159.466,step
2026-08-31T18:37:46.135574+00:00,91.936,-0.0003,0.15,0.0,0.0003,-0.0002,8430.93,3,86.4606,159.486,step
2026-08-31T18:37:46.136795+00:00,91.997,-0.0003,0.15,0.0,0.0003,-0.0002,8436.86,3,85.95,159.506,step
2026-08-31T18:37:46.138027+00:00,92.058,-0.0003,0.0,0.15,0.0003,-0.0002,8442.77,3,85.4393,159.526,step
2026-08-31T18:37:46.139234+00:00,91.74,-0.0003,0.15,0.0,0.0003,-0.0002,8272.88,3,84.9263,159.546,step
2026-08-31T18:37:46.140446+00:00,91.602,-0.0004,0.15,0.0,0.0003,-0.0002,8402.69,3,84.4137,159.566,step
2026-08-31T18:37:46.141766+00:00,91.663,-0.0004,0.15,0.0,0.0003,-0.0002,8407.42,3,83.9045,159.586,step
2026-08-31T18:37:46.143030+00:00,91.724,-0.0004,0.15,0.0,0.0003,-0.0002,8415.77,3,83.3957,159.606,step
2026-08-31T18:37:46.144239+00:00,91.788,-0.0004,0.15,0.0,0.0004,-0.0002,8420.06,3,82.8867,159.626,step
2026-08-31T18:37:46.145460+00:00,91.85,-0.0004,0.15,0.0,0.0004,-0.0002,8424.81,3,82.3774,159.646,step
2026-08-31T18:37:46.146649+00:00,91.913,-0.0004,0.15,0.0,0.0004,-0.0002,8429.74,3,81.8679,159.666,step
2026-08-31T18:37:46.147840+00:00,91.975,-0.0004,0.15,0.0,0.0004,-0.0002,8434.81,3,81.358,159.686,step
2026-08-31T18:37:46.149102+00:00,92.037,-0.0004,0.0,0.15,0.0004,-0.0002,8440.13,3,80.848,159.706,step
2026-08-31T18:37:46.150421+00:00,91.713,-0.0004,0.15,0.0,0.0004,-0.0002,8273.2,3,80.3358,159.726,step
2026-08-31T18:37:46.151816+00:00,91.581,-0.0004,0.15,0.0,0.0004,-0.0002,8399.88,3,79.824,159.746,step
2026-08-31T18:37:46.153073+00:00,91.643,-0.0004,0.15,0.0,0.0005,-0.0002,8405.0,3,79.3151,159.766,step
2026-08-31T18:37:46.154299+00:00,91.705,-0.0004,0.15,0.0,0.0005,-0.0002,8410.51,3,78.8063,159.786,step
2026-08-31T18:37:46.155503+00:00,91.768,-0.0004,0.15,0.0,0.0005,-0.0002,8416.13,3,78.2977,159.806,step
2026-08-31T18:37:46.156722+00:00,91.83,-0.0004,0.15,0.0,0.0005,-0.0002,8421.81,3,77.7889,159.826,step
2026-08-31T18:37:46.157952+00:00,91.893,-0.0004,0.15,0.0,0.0005,-0.0002,8427.49,3,77.2798,159.846,step
2026-08-31T18:37:46.159355+00:00,91.956,-0.0004,0.15,0.0,0.0005,-0.0002,8433.2,3,76.7706,159.866,step
2026-08-31T18:37:46.160563+00:00,92.017,-0.0004,0.0,0.15,0.0005,-0.0002,8440.13,3,76.2611,159.886,step
2026-08-31T18:37:46.161778+00:00,91.698,-0.0004,0.15,0.0,0.0005,-0.0001,8267.39,3,75.7529,159.906,step
2026-08-31T18:37:46.163003+00:00,91.563,-0.0004,0.15,0.0,0.0005,-0.0001,8399.38,3,75.249,159.926,step
2026-08-31T18:37:46.164196+00:00,91.626,-0.0004,0.15,0.0,0.0005,-0.0001,8404.13,3,74.7427,159.946,step
2026-08-31T18:37:46.165381+00:00,91.689,-0.0004,0.15,0.0,0.0005,-0.0001,8409.29,3,74.2349,159.966,step
2026-08-31T18:37:46.166626+00:00,91.752,-0.0003,0.15,0.0,0.0005,-0.0001,8414.54,3,73.7268,159.986,step
2026-08-31T18:37:46.168053+00:00,91.815,-0.0003,0.15,0.0,0.0005,-0.0001,8419.96,3,73.2183,160.006,step
2026-08-31T18:37:46.169270+00:00,91.878,-0.0003,0.15,0.0,0.0005,-0.0001,8425.55,3,72.7096,160.026,step
2026-08-31T18:37:46.170483+00:00,91.94,-0.0003,0.15,0.0,0.0005,-0.0001,8431.3,3,72.2005,160.046,step
2026-08-31T18:37:46.171697+00:00,92.003,-0.0003,0.0,0.15,0.0005,-0.0,8437.22,3,71.6913,160.066,step
2026-08-31T18:37:46.172949+00:00,91.681,-0.0003,0.15,0.0,0.0005,-0.0,8268.72,3,71.1833,160.086,step
2026-08-31T18:37:46.174215+00:00,91.547,-0.0003,0.15,0.0,0.0005,0.0,8397.42,3,70.6795,160.106,step
2026-08-31T18:37:46.175736+00:00,91.611,-0.0002,0.15,0.0,0.0005,0.0,8402.4,3,70.1733,160.126,step
2026-08-31T18:37:46.176957+00:00,91.674,-0.0002,0.15,0.0,0.0005,0.0,8407.76,3,69.6651,160.146,step
2026-08-31T18:37:46.178185+00:00,91.737,-0.0002,0.15,0.0,0.0005,0.0,8413.25,3,69.1567,160.166,step
2026-08-31T18:37:46.179410+00:00,91.799,-0.0002,0.15,0.0,0.0005,0.0,8418.82,3,68.6477,160.186,step
2026-08-31T18:37:46.180645+00:00,91.862,-0.0002,0.15,0.0,0.0004,0.0,8424.45,3,68.1388,160.206,step
2026-08-31T18:37:46.181874+00:00,91.925,-0.0002,0.15,0.0,0.0004,0.0001,8430.15,3,67.6299,160.226,step
2026-08-31T18:37:46.183192+00:00,91.987,-0.0001,0.15,0.0,0.0004,0.0001,8435.9,3,67.1202,160.246,step
2026-08-31T18:37:46.184547+00:00,92.049,-0.0001,0.0,0.15,0.0004,0.0001,8441.74,3,66.6103,160.266,step
2026-08-31T18:37:46.185739+00:00,91.727,-0.0001,0.15,0.0,0.0004,0.0001,8272.71,3,66.1025,160.286,step
2026-08-31T18:37:46.186986+00:00,91.594,-0.0,0.15,0.0,0.0003,0.0001,8401.67,3,65.5987,160.306,step
2026-08-31T18:37:46.188191+00:00,91.657,-0.0,0.15,0.0,0.0003,0.0001,8406.58,3,65.0922,160.326,step
2026-08-31T18:37:46.189427+00:00,91.72,0.0,0.15,0.0,0.0003,0.0001,8411.97,3,64.5838,160.346,step
2026-08-31T18:37:46.190690+00:00,91.782,0.0,0.15,0.0,0.0002,0.0002,8417.32,3,64.0752,160.366,step
2026-08-31T18:37:46.192013+00:00,91.845,0.0001,0.15,0.0,0.0002,0.0002,8422.81,3,63.566,160.386,step
2026-08-31T18:37:46.193308+00:00,91.907,0.0001,0.15,0.0,0.0002,0.0002,8428.35,3,63.0568,160.406,step
2026-08-31T18:37:46.194499+00:00,91.969,0.0001,0.15,0.0,0.0001,0.0002,8434.04,3,62.5472,160.426,step
2026-08-31T18:37:46.195709+00:00,92.031,0.0001,0.0,0.15,0.0001,0.0002,8439.84,3,62.037,160.446,step
2026-08-31T18:37:46.196931+00:00,91.707,0.0002,0.15,0.0,0.0001,0.0002,8274.13,3,61.5298,160.466,step
2026-08-31T18:37:46.198158+00:00,91.575,0.0002,0.15,0.0,0.0,0.0002,8398.91,3,61.0262,160.486,step
2026-08-31T18:37:46.199350+00:00,91.636,0.0003,0.15,0.0,-0.0,0.0003,8404.21,3,60.5201,160.506,step
2026-08-31T18:37:46.200577+00:00,91.699,0.0003,0.15,0.0,-0.0001,0.0003,8409.83,3,60.0121,160.526,step
2026-08-31T18:37:46.201887+00:00,91.761,0.0003,0.0,0.15,-0.0001,0.0003,8415.46,3,59.5036,160.546,step
2026-08-31T18:37:46.203057+00:00,91.437,0.0004,0.0,0.15,-0.0002,0.0003,8246.88,3,58.9965,160.566,step
2026-08-31T18:37:46.204262+00:00,90.919,0.0004,0.0,0.15,-0.0002,0.0003,8198.31,3,58.4964,160.586,step
2026-08-31T18:37:46.205447+00:00,90.4,0.0005,0.0,0.15,-0.0003,0.0004,8150.51,3,58.0014,160.606,step
2026-08-31T18:37:46.206640+00:00,89.882,0.0006,0.0,0.15,-0.0003,0.0004,8103.99,3,57.507,160.626,step
2026-08-31T18:37:46.207837+00:00,89.366,0.0007,0.0,0.15,-0.0004,0.0005,8058.2,3,57.0121,160.646,step
2026-08-31T18:37:46.209162+00:00,88.856,0.0007,0.0,0.15,-0.0004,0.0005,8013.14,3,56.5185,160.666,step
2026-08-31T18:37:46.210413+00:00,88.349,0.0007,0.0,0.15,-0.0005,0.0005,7968.21,3,56.0269,160.686,step
2026-08-31T18:37:46.211600+00:00,87.843,0.0008,0.0,0.15,-0.0005,0.0005,7923.15,3,55.538,160.706,step
2026-08-31T18:37:46.212821+00:00,87.339,0.0008,0.0,0.15,-0.0006,0.0005,7877.98,3,55.0519,160.726,step
2026-08-31T18:37:46.214054+00:00,86.835,0.0008,0.0,0.15,-0.0007,0.0005,7835.43,3,54.5686,160.746,step
2026-08-31T18:37:46.215276+00:00,86.332,0.0008,0.0,0.15,-0.0007,0.0005,7792.38,3,54.0884,160.766,step
2026-08-31T18:37:46.216506+00:00,85.832,0.0009,0.0,0.15,-0.0008,0.0005,7746.6,3,53.611,160.786,step
2026-08-31T18:37:46.217878+00:00,85.334,0.0009,0.0,0.15,-0.0008,0.0005,7699.78,3,53.1364,160.806,step
2026-08-31T18:37:46.219076+00:00,84.837,0.001,0.0,0.15,-0.0009,0.0005,7653.68,3,52.6643,160.826,step
2026-08-31T18:37:46.220236+00:00,84.342,0.001,0.0,0.15,-0.001,0.0005,7608.46,3,52.1947,160.846,step
2026-08-31T18:37:46.221370+00:00,83.847,0.001,0.0,0.15,-0.001,0.0005,7563.8,3,51.7277,160.866,step
2026-08-31T18:37:46.222550+00:00,83.354,0.001,0.0,0.15,-0.0011,0.0005,7519.74,3,51.2633,160.886,step
2026-08-31T18:37:46.223797+00:00,82.862,0.0011,0.0,0.15,-0.0012,0.0005,7475.86,3,50.8014,160.906,step
2026-08-31T18:37:46.225082+00:00,82.372,0.0011,0.0,0.15,-0.0012,0.0005,7432.24,3,50.3422,160.926,step
2026-08-31T18:37:46.226489+00:00,81.876,0.0011,0.0,0.15,-0.0013,0.0005,7388.29,3,49.8853,160.946,step
2026-08-31T18:37:46.227701+00:00,81.39,0.0011,0.0,0.15,-0.0014,0.0005,7344.99,3,49.4307,160.966,step
2026-08-31T18:37:46.228917+00:00,80.905,0.0011,0.0,0.15,-0.0014,0.0004,7301.75,3,48.9785,160.986,step
2026-08-31T18:37:46.230093+00:00,80.421,0.0012,0.0,0.15,-0.0015,0.0004,7258.38,3,48.529,161.006,step
2026-08-31T18:37:46.231285+00:00,79.939,0.0012,0.0,0.15,-0.0015,0.0004,7214.93,2,48.0824,161.026,step
2026-08-31T18:37:46.232571+00:00,79.477,0.0012,0.0,0.15,-0.0016,0.0004,9069.92,2,47.638,161.046,step
2026-08-31T18:37:46.233868+00:00,79.026,0.0012,0.0,0.15,-0.0017,0.0003,9048.3,2,47.1945,161.066,step
2026-08-31T18:37:46.235088+00:00,78.556,0.0012,0.0,0.15,-0.0017,0.0003,8910.79,2,46.7531,161.086,step
2026-08-31T18:37:46.236310+00:00,78.015,0.0011,0.0,0.15,-0.0018,0.0002,8845.75,2,46.31,161.106,step
2026-08-31T18:37:46.237500+00:00,77.477,0.001,0.0,0.15,-0.0018,0.0001,8780.67,2,45.8665,161.126,step
2026-08-31T18:37:46.238670+00:00,76.941,0.0009,0.0,0.15,-0.0019,-0.0001,8717.7,2,45.4248,161.146,step
2026-08-31T18:37:46.239812+00:00,76.407,-0.1992,0.0,0.15,-0.0019,-0.0002,8656.78,2,44.9856,161.166,step
2026-08-31T18:37:46.241029+00:00,75.889,-0.1972,0.0,0.15,-0.0022,0.0017,8597.09,2,44.7482,161.186,step
2026-08-31T18:37:46.242410+00:00,75.321,-0.1908,0.0,0.15,-0.003,0.0077,8534.3,2,44.8959,161.206,step
2026-08-31T18:37:46.243702+00:00,74.769,0.0179,0.0,0.15,-0.0043,0.0157,8469.52,2,45.2354,161.226,step
2026-08-31T18:37:46.244876+00:00,74.252,0.0254,0.0,0.15,-0.006,0.0223,8411.21,2,45.4391,161.246,step
2026-08-31T18:37:46.246091+00:00,73.712,0.0282,0.0,0.15,-0.0076,0.0244,8354.41,2,45.2147,161.266,step
2026-08-31T18:37:46.247308+00:00,73.186,-0.1712,0.0,0.15,-0.0091,0.0242,8297.68,2,44.7912,161.286,step
2026-08-31T18:37:46.248522+00:00,72.678,-0.169,0.0,0.15,-0.0107,0.0256,8242.07,2,44.5083,161.306,step
2026-08-31T18:37:46.249804+00:00,72.129,-0.1627,0.0,0.15,-0.013,0.0309,8180.59,2,44.5842,161.326,step
2026-08-31T18:37:46.251245+00:00,71.601,-0.1543,0.0,0.15,-0.0157,0.0378,8119.8,2,44.8115,161.346,step
2026-08-31T18:37:46.252479+00:00,71.084,0.0546,0.0,0.15,-0.0189,0.0452,8060.19,2,45.0749,161.366,step
2026-08-31T18:37:46.253740+00:00,70.593,0.0615,0.0,0.15,-0.0223,0.0503,8005.05,2,45.1365,161.386,step
2026-08-31T18:37:46.254986+00:00,70.069,-0.1365,0.0,0.15,-0.0255,0.0508,7948.18,2,44.7858,161.406,step
2026-08-31T18:37:46.256284+00:00,69.562,-0.1343,0.0,0.15,-0.0287,0.0513,7902.43,2,44.4428,161.426,step
2026-08-31T18:37:46.257540+00:00,69.033,-0.1288,0.0,0.15,-0.0323,0.0551,7842.69,2,44.3825,161.446,step
2026-08-31T18:37:46.258952+00:00,68.522,-0.1216,0.0,0.15,-0.0364,0.0602,7781.47,2,44.4443,161.466,step
2026-08-31T18:37:46.260162+00:00,68.021,-0.1139,0.0,0.15,-0.0408,0.0657,7721.13,2,44.539,161.486,step
2026-08-31T18:37:46.261369+00:00,67.525,-0.1061,0.0,0.15,-0.0455,0.0712,7662.8,2,44.6276,161.506,step
2026-08-31T18:37:46.262578+00:00,67.031,-0.0984,0.0,0.15,-0.0504,0.0764,7606.42,2,44.6939,161.526,step
2026-08-31T18:37:46.263785+00:00,66.54,-0.091,0.0,0.15,-0.0556,0.0812,7551.28,2,44.7315,161.546,step
2026-08-31T18:37:46.265022+00:00,66.051,-0.0838,0.0,0.15,-0.061,0.0857,7497.01,2,44.7394,161.566,step
2026-08-31T18:37:46.266261+00:00,65.564,-0.0769,0.0,0.15,-0.0666,0.0898,7443.16,2,44.7182,161.586,step
2026-08-31T18:37:46.267663+00:00,65.079,-0.0702,0.0,0.15,-0.0724,0.0936,7389.53,2,44.6685,161.606,step
2026-08-31T18:37:46.268904+00:00,64.597,-0.0638,0.0,0.15,-0.0784,0.097,7336.06,2,44.5909,161.626,step
2026-08-31T18:37:46.270152+00:00,64.113,-0.0577,0.0,0.15,-0.0845,0.1001,7282.36,2,44.4878,161.646,step
2026-08-31T18:37:46.271372+00:00,63.63,-0.0517,0.0,0.15,-0.0907,0.1029,7228.79,2,44.3646,161.666,step
2026-08-31T18:37:46.272629+00:00,63.154,-0.046,0.0,0.15,-0.097,0.1055,7176.07,2,44.2196,161.686,step
2026-08-31T18:37:46.273856+00:00,62.68,-0.0405,0.0,0.15,-0.1034,0.1077,7123.19,2,44.0521,161.706,step
2026-08-31T18:37:46.275141+00:00,62.208,-0.0353,0.0,0.15,-0.1099,0.1097,7070.2,2,43.8642,161.726,step
2026-08-31T18:37:46.276543+00:00,61.738,-0.0304,0.0,0.15,-0.1164,0.1114,7016.99,2,43.6568,161.746,step
2026-08-31T18:37:46.277779+00:00,61.27,-0.0256,0.0,0.15,-0.1229,0.1129,6963.95,2,43.4314,161.766,step
2026-08-31T18:37:46.279042+00:00,60.802,-0.0211,0.0,0.15,-0.1295,0.1142,6910.97,2,43.1912,161.786,step
2026-08-31T18:37:46.280276+00:00,60.336,-0.0168,0.0,0.15,-0.136,0.1152,6858.28,2,42.9372,161.806,step
2026-08-31T18:37:46.281488+00:00,59.864,-0.0127,0.0,0.15,-0.1425,0.116,6813.63,2,42.6694,161.826,step
2026-08-31T18:37:46.282733+00:00,59.398,-0.0088,0.0,0.15,-0.149,0.1167,6760.67,2,42.3905,161.846,step
2026-08-31T18:37:46.284137+00:00,58.934,-0.005,0.0,0.15,-0.1555,0.1172,6706.27,2,42.1007,161.866,step
2026-08-31T18:37:46.285458+00:00,58.474,-0.0015,0.0,0.15,-0.162,0.1176,6651.18,2,41.8008,161.886,step
2026-08-31T18:37:46.286702+00:00,58.015,0.0019,0.0,0.15,-0.1683,0.1177,6597.41,2,41.4908,161.906,step
2026-08-31T18:37:46.287953+00:00,57.557,0.0051,0.0,0.15,-0.1747,0.1178,6544.85,2,41.1725,161.926,step
2026-08-31T18:37:46.289174+00:00,57.101,0.0081,0.0,0.15,-0.1809,0.1177,6493.09,2,40.8474,161.946,step
2026-08-31T18:37:46.290426+00:00,56.646,0.011,0.0,0.15,-0.1871,0.1174,6441.9,2,40.5158,161.966,step
2026-08-31T18:37:46.291962+00:00,56.192,0.0137,0.0,0.15,-0.1932,0.1171,6391.0,2,40.1769,161.986,step
2026-08-31T18:37:46.293234+00:00,55.739,0.0162,0.0,0.15,-0.1993,0.1166,6340.21,2,39.832,162.006,step
2026-08-31T18:37:46.294461+00:00,55.288,0.0187,0.0,0.15,-0.2052,0.116,6289.53,2,39.4833,162.026,step
2026-08-31T18:37:46.295773+00:00,54.839,0.0209,0.0,0.15,-0.2111,0.1154,6238.89,2,39.1308,162.046,step
2026-08-31T18:37:46.297024+00:00,54.39,0.0231,0.0,0.15,-0.2168,0.1146,6188.35,2,38.7754,162.066,step
2026-08-31T18:37:46.298280+00:00,53.941,0.0251,0.0,0.15,-0.2225,0.1138,6137.9,2,38.4178,162.086,step
2026-08-31T18:37:46.299604+00:00,53.492,0.027,0.0,0.15,-0.2281,0.1129,6087.04,2,38.0576,162.106,step
2026-08-31T18:37:46.301087+00:00,53.047,0.0287,0.0,0.15,-0.2335,0.112,6036.94,2,37.696,162.126,step
2026-08-31T18:37:46.302387+00:00,52.604,0.0304,0.0,0.15,-0.2389,0.111,5986.97,2,37.3332,162.146,step
2026-08-31T18:37:46.303682+00:00,52.161,0.032,0.0,0.15,-0.2441,0.1099,5936.98,2,36.9709,162.166,step
2026-08-31T18:37:46.305004+00:00,51.72,0.0334,0.0,0.15,-0.2493,0.1088,5886.98,2,36.6087,162.186,step
2026-08-31T18:37:46.306356+00:00,51.28,0.0326,0.0,0.15,-0.2543,0.1055,5836.98,2,36.2474,162.206,step
2026-08-31T18:37:46.307667+00:00,50.841,0.0288,0.0,0.15,-0.259,0.0993,5787.08,2,35.8888,162.226,step
2026-08-31T18:37:46.309039+00:00,50.403,0.0249,0.0,0.15,-0.2634,0.0932,5737.31,2,35.5382,162.246,step
2026-08-31T18:37:46.310467+00:00,49.965,0.0211,0.0,0.15,-0.2675,0.0873,5687.63,1,35.1993,162.266,step
2026-08-31T18:37:46.311749+00:00,49.535,0.0173,0.0,0.15,-0.2713,0.0816,7632.05,1,34.8725,162.286,step
2026-08-31T18:37:46.313036+00:00,49.105,0.0135,0.0,0.15,-0.2749,0.0761,7620.8,1,34.5575,162.306,step
2026-08-31T18:37:46.314317+00:00,48.66,0.0098,0.0,0.15,-0.2781,0.0707,7422.34,1,34.2534,162.326,step
2026-08-31T18:37:46.315607+00:00,48.171,0.0061,0.0,0.15,-0.2812,0.0655,7348.09,1,33.9585,162.346,step
2026-08-31T18:37:46.317164+00:00,47.686,0.0024,0.0,0.15,-0.2839,0.0605,7272.64,1,33.6739,162.366,step
2026-08-31T18:37:46.318520+00:00,47.205,-0.0012,0.0,0.15,-0.2865,0.0556,7198.93,1,33.4001,162.386,step
2026-08-31T18:37:46.319833+00:00,46.726,-0.0047,0.15,0.0,-0.2888,0.0509,7126.47,1,33.1359,162.406,step
2026-08-31T18:37:46.321130+00:00,46.758,-0.0082,0.15,0.0,-0.291,0.0463,7313.78,1,32.8812,162.426,step
2026-08-31T18:37:46.322429+00:00,46.916,-0.0117,0.15,0.0,-0.2929,0.0418,7335.98,1,32.6315,162.446,step
2026-08-31T18:37:46.323731+00:00,47.074,-0.0152,0.0,0.15,-0.2947,0.0374,7358.52,1,32.3869,162.466,step
2026-08-31T18:37:46.325258+00:00,46.734,-0.0187,0.15,0.0,-0.2964,0.0331,7137.2,1,32.1499,162.486,step
2026-08-31T18:37:46.326724+00:00,46.748,-0.0221,0.15,0.0,-0.2978,0.029,7308.44,1,31.9214,162.506,step
2026-08-31T18:37:46.328083+00:00,46.905,-0.0255,0.15,0.0,-0.2991,0.0249,7332.7,1,31.6949,162.526,step
2026-08-31T18:37:46.329445+00:00,47.062,-0.029,0.0,0.15,-0.3002,0.0209,7356.46,1,31.4728,162.546,step
2026-08-31T18:37:46.330789+00:00,46.717,-0.0324,0.15,0.0,-0.3012,0.017,7132.24,1,31.2587,162.566,step
2026-08-31T18:37:46.332180+00:00,46.731,-0.0357,0.15,0.0,-0.302,0.0133,7306.67,1,31.0527,162.586,step
2026-08-31T18:37:46.333738+00:00,46.887,-0.039,0.15,0.0,-0.3027,0.0096,7329.95,1,30.8476,162.606,step
2026-08-31T18:37:46.335111+00:00,47.042,-0.0424,0.0,0.15,-0.3033,0.0059,7353.3,1,30.646,162.626,step
2026-08-31T18:37:46.336462+00:00,46.697,-0.0458,0.15,0.0,-0.3037,0.0024,7129.17,1,30.4523,162.646,step
2026-08-31T18:37:46.337783+00:00,46.707,-0.049,0.15,0.0,-0.3039,-0.001,7301.96,1,30.2675,162.666,step
2026-08-31T18:37:46.339063+00:00,46.862,-0.0523,0.15,0.0,-0.3041,-0.0043,7325.27,1,30.082,162.686,step
2026-08-31T18:37:46.340420+00:00,47.017,-0.0556,0.0,0.15,-0.3041,-0.0077,7348.44,1,29.8992,162.706,step
2026-08-31T18:37:46.341875+00:00,46.669,-0.0588,0.15,0.0,-0.304,-0.0108,7129.88,1,29.7252,162.726,step
2026-08-31T18:37:46.343220+00:00,46.676,-0.0619,0.15,0.0,-0.3038,-0.0138,7293.41,1,29.5595,162.746,step
2026-08-31T18:37:46.344490+00:00,46.829,-0.0651,0.15,0.0,-0.3034,-0.0168,7317.66,1,29.3921,162.766,step
2026-08-31T18:37:46.345807+00:00,46.983,-0.0683,0.15,0.0,-0.303,-0.0198,7341.67,1,29.227,162.786,step
2026-08-31T18:37:46.347189+00:00,47.136,-0.0715,0.0,0.15,-0.3024,-0.0227,7365.7,1,29.065,162.806,step
2026-08-31T18:37:46.348439+00:00,46.79,-0.0745,0.15,0.0,-0.3017,-0.0254,7142.14,1,28.9119,162.826,step
2026-08-31T18:37:46.349676+00:00,46.788,-0.0774,0.15,0.0,-0.301,-0.0279,7314.7,1,28.7681,162.846,step
2026-08-31T18:37:46.351103+00:00,46.942,-0.0804,0.15,0.0,-0.3001,-0.0305,7337.39,1,28.6215,162.866,step
2026-08-31T18:37:46.352460+00:00,47.095,-0.0835,0.0,0.15,-0.2991,-0.033,7360.46,1,28.4762,162.886,step
2026-08-31T18:37:46.353744+00:00,46.748,-0.0863,0.15,0.0,-0.2981,-0.0354,7136.12,1,28.3398,162.906,step
2026-08-31T18:37:46.355087+00:00,46.744,-0.0891,0.15,0.0,-0.2969,-0.0376,7307.1,1,28.212,162.926,step
2026-08-31T18:37:46.356453+00:00,46.896,-0.0919,0.15,0.0,-0.2957,-0.0398,7329.51,1,28.0817,162.946,step
2026-08-31T18:37:46.357768+00:00,47.048,-0.0948,0.0,0.15,-0.2944,-0.042,7351.98,1,27.9527,162.966,step
2026-08-31T18:37:46.359333+00:00,46.697,-0.0974,0.15,0.0,-0.293,-0.044,7129.83,1,27.8329,162.986,step
2026-08-31T18:37:46.360655+00:00,46.693,-0.1,0.15,0.0,-0.2916,-0.0458,7297.46,1,27.7202,163.006,step
2026-08-31T18:37:46.361987+00:00,46.843,-0.1027,0.15,0.0,-0.2901,-0.0477,7320.38,1,27.6027,163.026,step
2026-08-31T18:37:46.363273+00:00,46.994,-0.1054,0.15,0.0,-0.2885,-0.0497,7343.09,1,27.4863,163.046,step
2026-08-31T18:37:46.364530+00:00,47.145,-0.1081,0.0,0.15,-0.2868,-0.0515,7365.9,1,27.3714,163.066,step
2026-08-31T18:37:46.365812+00:00,46.798,-0.1107,0.15,0.0,-0.2851,-0.0532,7143.9,1,27.2657,163.086,step
2026-08-31T18:37:46.367293+00:00,46.783,-0.1131,0.0,0.15,-0.2833,-0.0548,7311.51,1,27.1689,163.106,step
2026-08-31T18:37:46.368696+00:00,46.433,-0.1154,0.15,0.0,-0.2815,-0.0562,7086.19,1,27.0746,163.126,step
2026-08-31T18:37:46.369996+00:00,46.423,-0.1177,0.0,0.15,-0.2796,-0.0575,7252.98,1,26.9867,163.146,step
2026-08-31T18:37:46.371329+00:00,46.067,-0.1199,0.15,0.0,-0.2777,-0.0588,7036.37,1,26.8999,163.166,step
2026-08-31T18:37:46.372752+00:00,46.06,-0.122,0.15,0.0,-0.2758,-0.06,7196.83,1,26.8187,163.186,step
2026-08-31T18:37:46.374038+00:00,46.209,-0.1243,0.0,0.15,-0.2739,-0.0613,7219.71,1,26.7305,163.206,step
2026-08-31T18:37:46.375444+00:00,45.858,-0.1265,0.0,0.15,-0.2719,-0.0624,7002.55,1,26.6499,163.226,step
2026-08-31T18:37:46.376723+00:00,45.378,-0.1283,0.15,0.0,-0.2698,-0.0632,6926.15,1,26.5836,163.246,step
2026-08-31T18:37:46.377977+00:00,45.367,-0.1302,0.15,0.0,-0.2678,-0.0641,7092.14,1,26.5166,163.266,step
2026-08-31T18:37:46.379248+00:00,45.517,-0.1322,0.0,0.15,-0.2658,-0.0651,7113.53,1,26.4405,163.286,step
2026-08-31T18:37:46.380561+00:00,45.169,-0.1342,0.15,0.0,-0.2637,-0.066,6897.97,1,26.3712,163.306,step
2026-08-31T18:37:46.381875+00:00,45.158,-0.136,0.15,0.0,-0.2616,-0.0668,7057.54,1,26.3079,163.326,step
2026-08-31T18:37:46.383188+00:00,45.307,-0.1379,0.0,0.15,-0.2594,-0.0677,7079.98,1,26.2372,163.346,step
2026-08-31T18:37:46.384712+00:00,44.956,-0.1397,0.15,0.0,-0.2573,-0.0684,6866.9,1,26.175,163.366,step
2026-08-31T18:37:46.385991+00:00,44.946,-0.1414,0.0,0.15,-0.2552,-0.069,7024.11,1,26.1198,163.386,step
2026-08-31T18:37:46.387314+00:00,44.595,-0.143,0.15,0.0,-0.253,-0.0695,6810.96,1,26.065,163.406,step
2026-08-31T18:37:46.388587+00:00,44.585,-0.1445,0.15,0.0,-0.2509,-0.07,6968.32,1,26.0151,163.426,step
2026-08-31T18:37:46.389870+00:00,44.733,-0.1463,0.0,0.15,-0.2487,-0.0706,6990.38,1,25.9571,163.446,step
2026-08-31T18:37:46.391203+00:00,44.385,-0.1478,0.15,0.0,-0.2465,-0.0711,6780.6,1,25.906,163.466,step
2026-08-31T18:37:46.392627+00:00,44.373,-0.1493,0.15,0.0,-0.2443,-0.0714,6934.34,1,25.8607,163.486,step
2026-08-31T18:37:46.393959+00:00,44.52,-0.1509,0.0,0.15,-0.2421,-0.072,6956.7,1,25.8068,163.506,step
2026-08-31T18:37:46.395278+00:00,44.173,-0.1524,0.15,0.0,-0.2399,-0.0724,6748.34,1,25.7606,163.526,step
2026-08-31T18:37:46.396553+00:00,44.159,-0.1538,0.15,0.0,-0.2377,-0.0727,6901.03,1,25.7204,163.546,step
2026-08-31T18:37:46.397902+00:00,44.306,-0.1553,0.0,0.15,-0.2355,-0.0731,6923.17,1,25.6721,163.566,step
2026-08-31T18:37:46.399204+00:00,43.957,-0.1567,0.15,0.0,-0.2333,-0.0734,6717.14,1,25.6317,163.586,step
2026-08-31T18:37:46.400749+00:00,43.944,-0.158,0.15,0.0,-0.2311,-0.0735,6864.56,1,25.5967,163.606,step
2026-08-31T18:37:46.402034+00:00,44.09,-0.1594,0.0,0.15,-0.2289,-0.0739,6887.34,1,25.5532,163.626,step
2026-08-31T18:37:46.403310+00:00,43.739,-0.1607,0.15,0.0,-0.2267,-0.074,6684.26,1,25.5177,163.646,step
2026-08-31T18:37:46.404569+00:00,43.726,-0.1618,0.15,0.0,-0.2246,-0.0741,6832.96,1,25.4888,163.666,step
2026-08-31T18:37:46.405791+00:00,43.872,-0.1631,0.0,0.15,-0.2224,-0.0743,6855.18,1,25.4516,163.686,step
2026-08-31T18:37:46.407042+00:00,43.524,-0.1642,0.15,0.0,-0.2202,-0.0743,6649.5,1,25.4221,163.706,step
2026-08-31T18:37:46.408314+00:00,43.509,-0.1652,0.15,0.0,-0.218,-0.0742,6800.07,1,25.3982,163.726,step
2026-08-31T18:37:46.409925+00:00,43.656,-0.1664,0.15,0.0,-0.2159,-0.0743,6821.72,1,25.3651,163.746,step
2026-08-31T18:37:46.411180+00:00,43.802,-0.1676,0.0,0.15,-0.2137,-0.0745,6843.69,1,25.3304,163.766,step
2026-08-31T18:37:46.412425+00:00,43.455,-0.1686,0.15,0.0,-0.2116,-0.0744,6640.58,1,25.3051,163.786,step
2026-08-31T18:37:46.413677+00:00,43.437,-0.1695,0.15,0.0,-0.2094,-0.0742,6788.57,1,25.2865,163.806,step
2026-08-31T18:37:46.414977+00:00,43.583,-0.1705,0.0,0.15,-0.2073,-0.0742,6810.41,1,25.26,163.826,step
2026-08-31T18:37:46.416312+00:00,43.232,-0.1714,0.15,0.0,-0.2052,-0.074,6606.41,1,25.2416,163.846,step
2026-08-31T18:37:46.417753+00:00,43.217,-0.1722,0.15,0.0,-0.2031,-0.0737,6754.69,1,25.2281,163.866,step
2026-08-31T18:37:46.419102+00:00,43.363,-0.1731,0.15,0.0,-0.2011,-0.0736,6776.41,1,25.2047,163.886,step
2026-08-31T18:37:46.420401+00:00,43.508,-0.1741,0.0,0.15,-0.199,-0.0736,6798.19,1,25.1797,163.906,step
2026-08-31T18:37:46.421729+00:00,43.16,-0.1749,0.15,0.0,-0.1969,-0.0733,6596.45,1,25.1636,163.926,step
2026-08-31T18:37:46.423004+00:00,43.142,-0.1756,0.15,0.0,-0.1949,-0.073,6742.73,1,25.1531,163.946,step
2026-08-31T18:37:46.424286+00:00,43.286,-0.1765,0.0,0.15,-0.1929,-0.0729,6764.6,1,25.1335,163.966,step
2026-08-31T18:37:46.425800+00:00,42.938,-0.1772,0.15,0.0,-0.1908,-0.0726,6561.75,1,25.1216,163.986,step
2026-08-31T18:37:46.427096+00:00,42.92,-0.1778,0.15,0.0,-0.1889,-0.0722,6709.04,1,25.1151,164.006,step
2026-08-31T18:37:46.428363+00:00,43.065,-0.1786,0.15,0.0,-0.1869,-0.072,6730.54,1,25.0994,164.026,step
2026-08-31T18:37:46.429661+00:00,43.21,-0.1794,0.0,0.15,-0.185,-0.0718,6749.59,1,25.0823,164.046,step
2026-08-31T18:37:46.430920+00:00,42.858,-0.18,0.15,0.0,-0.183,-0.0715,6553.85,1,25.0738,164.066,step
2026-08-31T18:37:46.432161+00:00,42.841,-0.1805,0.15,0.0,-0.1811,-0.071,6693.69,1,25.0701,164.086,step
2026-08-31T18:37:46.433904+00:00,42.984,-0.1812,0.15,0.0,-0.1792,-0.0708,6716.57,1,25.0566,164.106,step
2026-08-31T18:37:46.435287+00:00,43.128,-0.1819,0.15,0.0,-0.1773,-0.0706,6738.83,1,25.042,164.126,step
2026-08-31T18:37:46.436622+00:00,43.271,-0.1827,0.0,0.15,-0.1755,-0.0704,6761.15,1,25.0278,164.146,step
2026-08-31T18:37:46.437925+00:00,42.924,-0.1832,0.15,0.0,-0.1736,-0.07,6559.76,1,25.0239,164.166,step
2026-08-31T18:37:46.439209+00:00,42.902,-0.1835,0.15,0.0,-0.1717,-0.0694,6706.44,1,25.026,164.186,step
2026-08-31T18:37:46.440517+00:00,43.046,-0.1841,0.15,0.0,-0.1699,-0.069,6727.75,1,25.0188,164.206,step
2026-08-31T18:37:46.441842+00:00,43.19,-0.1847,0.0,0.15,-0.1681,-0.0687,6749.4,1,25.0096,164.226,step
2026-08-31T18:37:46.443387+00:00,42.841,-0.1851,0.15,0.0,-0.1664,-0.0682,6547.57,1,25.0101,164.246,step
2026-08-31T18:37:46.444673+00:00,42.821,-0.1853,0.15,0.0,-0.1646,-0.0676,6693.39,1,25.0162,164.266,step
2026-08-31T18:37:46.445982+00:00,42.964,-0.1858,0.15,0.0,-0.1629,-0.0672,6715.09,1,25.0125,164.286,step
2026-08-31T18:37:46.447296+00:00,43.107,-0.1862,0.0,0.15,-0.1612,-0.0668,6736.82,1,25.0072,164.306,step
2026-08-31T18:37:46.448652+00:00,42.757,-0.1865,0.15,0.0,-0.1595,-0.0663,6535.83,1,25.0113,164.326,step
2026-08-31T18:37:46.449987+00:00,42.736,-0.1867,0.15,0.0,-0.1578,-0.0656,6681.21,1,25.0206,164.346,step
2026-08-31T18:37:46.451712+00:00,42.88,-0.187,0.15,0.0,-0.1562,-0.0652,6702.72,1,25.0196,164.366,step
2026-08-31T18:37:46.453046+00:00,43.023,-0.1875,0.15,0.0,-0.1546,-0.0648,6724.51,1,25.0162,164.386,step
2026-08-31T18:37:46.454330+00:00,43.166,-0.1879,0.0,0.15,-0.153,-0.0644,6746.45,1,25.0116,164.406,step
2026-08-31T18:37:46.455615+00:00,42.818,-0.1882,0.15,0.0,-0.1514,-0.0639,6545.18,1,25.0169,164.426,step
2026-08-31T18:37:46.456869+00:00,42.794,-0.1883,0.15,0.0,-0.1499,-0.0632,6691.57,1,25.0277,164.446,step
2026-08-31T18:37:46.458183+00:00,42.937,-0.1886,0.15,0.0,-0.1483,-0.0628,6713.08,1,25.0285,164.466,step
2026-08-31T18:37:46.459715+00:00,43.079,-0.189,0.15,0.0,-0.1468,-0.0624,6734.61,1,25.028,164.486,step
2026-08-31T18:37:46.461014+00:00,43.222,-0.1893,0.0,0.15,-0.1453,-0.062,6756.5,1,25.0273,164.506,step
2026-08-31T18:37:46.462318+00:00,42.871,-0.1895,0.15,0.0,-0.1439,-0.0614,6555.65,1,25.036,164.526,step
2026-08-31T18:37:46.463615+00:00,42.849,-0.1895,0.15,0.0,-0.1424,-0.0607,6698.07,1,25.0492,164.546,step
2026-08-31T18:37:46.464924+00:00,42.991,-0.1898,0.15,0.0,-0.141,-0.0603,6720.38,1,25.053,164.566,step
2026-08-31T18:37:46.466183+00:00,43.133,-0.19,0.15,0.0,-0.1396,-0.0598,6742.34,1,25.0555,164.586,step
2026-08-31T18:37:46.467656+00:00,43.275,-0.1903,0.0,0.15,-0.1382,-0.0594,6764.44,1,25.0572,164.606,step
2026-08-31T18:37:46.468898+00:00,42.926,-0.1903,0.15,0.0,-0.1368,-0.0588,6560.74,1,25.0688,164.626,step
2026-08-31T18:37:46.470128+00:00,42.901,-0.1903,0.15,0.0,-0.1355,-0.058,6709.22,1,25.0856,164.646,step
2026-08-31T18:37:46.471364+00:00,43.044,-0.1904,0.15,0.0,-0.1342,-0.0575,6730.1,1,25.0921,164.666,step
2026-08-31T18:37:46.472611+00:00,43.187,-0.1906,0.15,0.0,-0.1329,-0.0571,6751.59,1,25.0962,164.686,step
2026-08-31T18:37:46.473872+00:00,43.329,-0.1908,0.0,0.15,-0.1316,-0.0566,6773.12,1,25.1,164.706,step
2026-08-31T18:37:46.475169+00:00,42.98,-0.1908,0.15,0.0,-0.1304,-0.056,6569.55,1,25.1139,164.726,step
2026-08-31T18:37:46.476825+00:00,42.955,-0.1907,0.15,0.0,-0.1291,-0.0552,6717.41,1,25.1332,164.746,step
2026-08-31T18:37:46.478125+00:00,43.097,-0.1907,0.15,0.0,-0.128,-0.0547,6739.03,1,25.1426,164.766,step
2026-08-31T18:37:46.479392+00:00,43.239,-0.1908,0.15,0.0,-0.1268,-0.0542,6760.77,1,25.1497,164.786,step
2026-08-31T18:37:46.480685+00:00,43.382,-0.1909,0.0,0.15,-0.1256,-0.0537,6782.72,1,25.1559,164.806,step
2026-08-31T18:37:46.482014+00:00,43.032,-0.1908,0.15,0.0,-0.1245,-0.0531,6577.91,1,25.1716,164.826,step
2026-08-31T18:37:46.483494+00:00,43.005,-0.1906,0.15,0.0,-0.1234,-0.0523,6727.85,1,25.192,164.846,step
2026-08-31T18:37:46.484877+00:00,43.148,-0.1906,0.15,0.0,-0.1223,-0.0518,6749.06,1,25.2024,164.866,step
2026-08-31T18:37:46.486189+00:00,43.29,-0.1907,0.15,0.0,-0.1212,-0.0513,6770.58,1,25.2106,164.886,step
2026-08-31T18:37:46.487472+00:00,43.433,-0.1908,0.15,0.0,-0.1202,-0.0509,6792.5,1,25.2179,164.906,step
2026-08-31T18:37:46.488711+00:00,43.575,-0.1909,0.0,0.15,-0.1192,-0.0505,6814.56,1,25.2245,164.926,step
2026-08-31T18:37:46.489988+00:00,43.226,-0.1908,0.15,0.0,-0.1182,-0.0499,6607.25,1,25.241,164.946,step
2026-08-31T18:37:46.491323+00:00,43.196,-0.1906,0.15,0.0,-0.1172,-0.0491,6760.12,1,25.2624,164.966,step
2026-08-31T18:37:46.492871+00:00,43.34,-0.1905,0.15,0.0,-0.1162,-0.0486,6778.19,1,25.2745,164.986,step
2026-08-31T18:37:46.494115+00:00,43.482,-0.1905,0.15,0.0,-0.1153,-0.0482,6799.84,1,25.2839,165.006,step
2026-08-31T18:37:46.495378+00:00,43.624,-0.1906,0.0,0.15,-0.1144,-0.0477,6821.84,1,25.2924,165.026,step
2026-08-31T18:37:46.496635+00:00,43.273,-0.1904,0.15,0.0,-0.1135,-0.0471,6614.68,1,25.311,165.046,step
2026-08-31T18:37:46.497874+00:00,43.245,-0.1901,0.15,0.0,-0.1126,-0.0464,6767.1,1,25.3335,165.066,step
2026-08-31T18:37:46.499101+00:00,43.388,-0.19,0.15,0.0,-0.1117,-0.0459,6788.14,1,25.3459,165.086,step
2026-08-31T18:37:46.500584+00:00,43.53,-0.19,0.15,0.0,-0.1109,-0.0455,6809.39,1,25.3559,165.106,step
2026-08-31T18:37:46.501860+00:00,43.673,-0.19,0.15,0.0,-0.1101,-0.045,6831.03,1,25.365,165.126,step
2026-08-31T18:37:46.503122+00:00,43.815,-0.19,0.0,0.15,-0.1093,-0.0446,6852.86,1,25.3733,165.146,step
2026-08-31T18:37:46.504394+00:00,43.467,-0.1898,0.15,0.0,-0.1085,-0.044,6643.37,1,25.3914,165.166,step
2026-08-31T18:37:46.505618+00:00,43.436,-0.1895,0.15,0.0,-0.1077,-0.0433,6797.26,1,25.4142,165.186,step
2026-08-31T18:37:46.506831+00:00,43.579,-0.1893,0.15,0.0,-0.107,-0.0428,6818.04,1,25.4269,165.206,step
2026-08-31T18:37:46.508202+00:00,43.722,-0.1893,0.15,0.0,-0.1063,-0.0424,6839.94,1,25.4373,165.226,step
2026-08-31T18:37:46.509698+00:00,43.864,-0.1892,0.15,0.0,-0.1056,-0.042,6861.91,1,25.4468,165.246,step
2026-08-31T18:37:46.511010+00:00,44.006,-0.1892,0.0,0.15,-0.1049,-0.0416,6884.18,1,25.4556,165.266,step
2026-08-31T18:37:46.512350+00:00,43.657,-0.1889,0.15,0.0,-0.1042,-0.041,6672.56,1,25.4742,165.286,step
2026-08-31T18:37:46.513683+00:00,43.624,-0.1886,0.15,0.0,-0.1036,-0.0403,6829.92,1,25.497,165.306,step
2026-08-31T18:37:46.515084+00:00,43.767,-0.1884,0.15,0.0,-0.103,-0.0399,6850.96,1,25.5109,165.326,step
2026-08-31T18:37:46.516335+00:00,43.91,-0.1883,0.15,0.0,-0.1024,-0.0394,6872.3,1,25.5219,165.346,step
2026-08-31T18:37:46.517985+00:00,44.052,-0.1882,0.0,0.15,-0.1018,-0.039,6894.26,1,25.5314,165.366,step
2026-08-31T18:37:46.519283+00:00,43.704,-0.1879,0.15,0.0,-0.1012,-0.0385,6679.37,1,25.5504,165.386,step
2026-08-31T18:37:46.520598+00:00,43.67,-0.1875,0.15,0.0,-0.1007,-0.0378,6839.38,1,25.573,165.406,step
2026-08-31T18:37:46.521904+00:00,43.813,-0.1873,0.15,0.0,-0.1001,-0.0374,6860.14,1,25.5861,165.426,step
2026-08-31T18:37:46.523219+00:00,43.956,-0.1872,0.15,0.0,-0.0996,-0.037,6880.61,1,25.5966,165.446,step
2026-08-31T18:37:46.524505+00:00,44.1,-0.187,0.15,0.0,-0.0991,-0.0366,6900.55,1,25.6055,165.466,step
2026-08-31T18:37:46.525967+00:00,44.242,-0.1869,0.0,0.15,-0.0986,-0.0363,6922.69,1,25.6135,165.486,step
2026-08-31T18:37:46.527274+00:00,43.893,-0.1866,0.15,0.0,-0.0982,-0.0357,6708.53,1,25.6313,165.506,step
2026-08-31T18:37:46.528553+00:00,43.858,-0.1862,0.15,0.0,-0.0977,-0.0351,6868.65,1,25.6531,165.526,step
2026-08-31T18:37:46.529798+00:00,44.001,-0.186,0.15,0.0,-0.0973,-0.0347,6889.49,1,25.6658,165.546,step
2026-08-31T18:37:46.531036+00:00,44.144,-0.1859,0.15,0.0,-0.0969,-0.0343,6910.63,1,25.676,165.566,step
2026-08-31T18:37:46.532366+00:00,44.287,-0.1857,0.15,0.0,-0.0965,-0.034,6932.29,1,25.6851,165.586,step
2026-08-31T18:37:46.533754+00:00,44.43,-0.1856,0.0,0.15,-0.0961,-0.0336,6954.03,1,25.6935,165.606,step
2026-08-31T18:37:46.535111+00:00,44.082,-0.1852,0.15,0.0,-0.0957,-0.0331,6736.31,1,25.7112,165.626,step
2026-08-31T18:37:46.536411+00:00,44.046,-0.1848,0.15,0.0,-0.0954,-0.0325,6898.24,1,25.7323,165.646,step
2026-08-31T18:37:46.537714+00:00,44.189,-0.1846,0.15,0.0,-0.095,-0.0321,6919.16,1,25.7446,165.666,step
2026-08-31T18:37:46.538985+00:00,44.332,-0.1844,0.15,0.0,-0.0947,-0.0317,6940.7,1,25.7548,165.686,step
2026-08-31T18:37:46.540265+00:00,44.475,-0.1842,0.0,0.15,-0.0944,-0.0314,6962.55,1,25.7631,165.706,step
2026-08-31T18:37:46.541855+00:00,44.127,-0.1839,0.15,0.0,-0.0941,-0.0309,6743.17,1,25.78,165.726,step
2026-08-31T18:37:46.543205+00:00,44.09,-0.1834,0.15,0.0,-0.0939,-0.0304,6907.3,1,25.7998,165.746,step
2026-08-31T18:37:46.544532+00:00,44.233,-0.1832,0.15,0.0,-0.0936,-0.03,6927.94,1,25.8104,165.766,step
2026-08-31T18:37:46.545835+00:00,44.376,-0.183,0.15,0.0,-0.0934,-0.0297,6949.31,1,25.8184,165.786,step
2026-08-31T18:37:46.547149+00:00,44.519,-0.1829,0.15,0.0,-0.0931,-0.0295,6971.07,1,25.8251,165.806,step
2026-08-31T18:37:46.548469+00:00,44.661,-0.1828,0.0,0.15,-0.0929,-0.0293,6993.13,1,25.8308,165.826,step
2026-08-31T18:37:46.549763+00:00,44.315,-0.1825,0.15,0.0,-0.0927,-0.0288,6771.36,1,25.8458,165.846,step
2026-08-31T18:37:46.551471+00:00,44.274,-0.1821,0.15,0.0,-0.0925,-0.0284,6938.48,1,25.8631,165.866,step
2026-08-31T18:37:46.552752+00:00,44.418,-0.1819,0.15,0.0,-0.0923,-0.0281,6957.52,1,25.8725,165.886,step
2026-08-31T18:37:46.554029+00:00,44.561,-0.1818,0.15,0.0,-0.0921,-0.0278,6977.16,1,25.8794,165.906,step
2026-08-31T18:37:46.555267+00:00,44.703,-0.1816,0.0,0.15,-0.092,-0.0276,6999.04,1,25.8849,165.926,step
2026-08-31T18:37:46.556517+00:00,44.355,-0.1813,0.15,0.0,-0.0918,-0.0272,6777.9,1,25.8997,165.946,step
2026-08-31T18:37:46.558037+00:00,44.316,-0.1809,0.15,0.0,-0.0917,-0.0268,6944.16,1,25.9166,165.966,step
2026-08-31T18:37:46.559313+00:00,44.459,-0.1807,0.15,0.0,-0.0915,-0.0265,6964.75,1,25.9253,165.986,step
2026-08-31T18:37:46.560570+00:00,44.602,-0.1806,0.15,0.0,-0.0914,-0.0263,6985.87,1,25.9318,166.006,step
2026-08-31T18:37:46.561835+00:00,44.745,-0.1804,0.0,0.15,-0.0913,-0.0261,7007.47,1,25.9371,166.026,step
2026-08-31T18:37:46.563184+00:00,44.399,-0.1801,0.15,0.0,-0.0912,-0.0257,6783.46,1,25.9503,166.046,step
2026-08-31T18:37:46.564510+00:00,44.359,-0.1797,0.15,0.0,-0.0911,-0.0253,6951.11,1,25.9655,166.066,step
2026-08-31T18:37:46.565806+00:00,44.502,-0.1795,0.15,0.0,-0.091,-0.025,6971.32,1,25.9729,166.086,step
2026-08-31T18:37:46.567208+00:00,44.644,-0.1793,0.15,0.0,-0.091,-0.0248,6992.79,1,25.9788,166.106,step
2026-08-31T18:37:46.568580+00:00,44.787,-0.1792,0.15,0.0,-0.0909,-0.0246,7014.19,1,25.9828,166.126,step
2026-08-31T18:37:46.569879+00:00,44.929,-0.1791,0.0,0.15,-0.0909,-0.0245,7035.95,1,25.9853,166.146,step
2026-08-31T18:37:46.571199+00:00,44.582,-0.1788,0.15,0.0,-0.0908,-0.0242,6811.75,1,25.9965,166.166,step
2026-08-31T18:37:46.572505+00:00,44.54,-0.1784,0.15,0.0,-0.0908,-0.0238,6980.8,1,26.01,166.186,step
2026-08-31T18:37:46.573799+00:00,44.683,-0.1782,0.15,0.0,-0.0908,-0.0236,7001.14,1,26.0155,166.206,step
2026-08-31T18:37:46.575068+00:00,44.826,-0.1781,0.15,0.0,-0.0907,-0.0235,7022.37,1,26.0185,166.226,step
2026-08-31T18:37:46.576517+00:00,44.968,-0.178,0.0,0.15,-0.0907,-0.0234,7043.96,1,26.0202,166.246,step
2026-08-31T18:37:46.577783+00:00,44.622,-0.1777,0.15,0.0,-0.0907,-0.0231,6816.93,1,26.0302,166.266,step
2026-08-31T18:37:46.579038+00:00,44.578,-0.1774,0.15,0.0,-0.0907,-0.0228,6987.97,1,26.0425,166.286,step
2026-08-31T18:37:46.580278+00:00,44.721,-0.1773,0.15,0.0,-0.0907,-0.0226,7008.0,1,26.0469,166.306,step
2026-08-31T18:37:46.581509+00:00,44.864,-0.1772,0.15,0.0,-0.0907,-0.0225,7026.3,1,26.0487,166.326,step
2026-08-31T18:37:46.582940+00:00,45.006,-0.1771,0.0,0.15,-0.0907,-0.0225,7047.28,1,26.0483,166.346,step
2026-08-31T18:37:46.584296+00:00,44.657,-0.1768,0.15,0.0,-0.0908,-0.0222,6824.59,1,26.0565,166.366,step
2026-08-31T18:37:46.585558+00:00,44.615,-0.1766,0.15,0.0,-0.0908,-0.022,6992.17,1,26.0669,166.386,step
2026-08-31T18:37:46.586793+00:00,44.758,-0.1764,0.15,0.0,-0.0908,-0.0218,7013.05,1,26.0704,166.406,step
2026-08-31T18:37:46.588010+00:00,44.9,-0.1763,0.15,0.0,-0.0908,-0.0217,7034.25,1,26.0712,166.426,step
2026-08-31T18:37:46.589231+00:00,45.042,-0.1762,0.0,0.15,-0.0909,-0.0217,7055.92,1,26.0704,166.446,step
2026-08-31T18:37:46.590518+00:00,44.696,-0.176,0.15,0.0,-0.0909,-0.0215,6827.37,1,26.0788,166.466,step
2026-08-31T18:37:46.592023+00:00,44.651,-0.1757,0.15,0.0,-0.091,-0.0212,6999.57,1,26.0924,166.486,step
2026-08-31T18:37:46.593290+00:00,44.794,-0.1756,0.15,0.0,-0.091,-0.0211,7019.29,1,26.1022,166.506,step
2026-08-31T18:37:46.594586+00:00,44.936,-0.1755,0.15,0.0,-0.0911,-0.021,7040.4,1,26.1132,166.526,step
2026-08-31T18:37:46.595886+00:00,45.078,-0.1754,0.15,0.0,-0.0911,-0.0209,7061.39,1,26.1261,166.546,step
2026-08-31T18:37:46.597171+00:00,45.219,-0.1753,0.15,0.0,-0.0912,-0.0209,7082.74,1,26.1408,166.566,step
2026-08-31T18:37:46.598504+00:00,45.361,-0.1753,0.0,0.15,-0.0913,-0.0209,7104.46,1,26.1577,166.586,step
2026-08-31T18:37:46.599858+00:00,45.013,-0.1751,0.15,0.0,-0.0913,-0.0207,6876.14,1,26.1875,166.606,step
2026-08-31T18:37:46.601545+00:00,44.967,-0.1748,0.15,0.0,-0.0914,-0.0205,7048.95,1,26.2237,166.626,step
2026-08-31T18:37:46.602819+00:00,45.108,-0.1747,0.15,0.0,-0.0915,-0.0204,7069.05,1,26.2564,166.646,step
2026-08-31T18:37:46.604097+00:00,45.25,-0.1746,0.15,0.0,-0.0915,-0.0204,7089.91,1,26.2908,166.666,step
2026-08-31T18:37:46.605341+00:00,45.391,-0.1746,0.15,0.0,-0.0916,-0.0204,7111.15,1,26.328,166.686,step
2026-08-31T18:37:46.606595+00:00,45.531,-0.1746,0.15,0.0,-0.0917,-0.0204,7132.51,1,26.3682,166.706,step
2026-08-31T18:37:46.607862+00:00,45.672,-0.1746,0.15,0.0,-0.0918,-0.0205,7154.17,1,26.4118,166.726,step
2026-08-31T18:37:46.609378+00:00,45.812,-0.1746,0.15,0.0,-0.0918,-0.0205,7176.02,1,26.4592,166.746,step
2026-08-31T18:37:46.610632+00:00,45.953,-0.1746,0.15,0.0,-0.0919,-0.0206,7194.77,1,26.5103,166.766,step
2026-08-31T18:37:46.611929+00:00,46.092,-0.1747,0.15,0.0,-0.0919,-0.0207,7216.88,1,26.5653,166.786,step
2026-08-31T18:37:46.613186+00:00,46.23,-0.1747,0.15,0.0,-0.092,-0.0207,7239.87,1,26.6258,166.806,step
2026-08-31T18:37:46.614396+00:00,46.369,-0.1748,0.15,0.0,-0.092,-0.0208,7262.98,1,26.6926,166.826,step
2026-08-31T18:37:46.615662+00:00,46.507,-0.1748,0.15,0.0,-0.0921,-0.0208,7285.56,1,26.7657,166.846,step
2026-08-31T18:37:46.617001+00:00,46.646,-0.1748,0.15,0.0,-0.0921,-0.0209,7307.66,1,26.8452,166.866,step
2026-08-31T18:37:46.618411+00:00,46.785,-0.1748,0.15,0.0,-0.0921,-0.0209,7329.42,1,26.9309,166.886,step
2026-08-31T18:37:46.619703+00:00,46.924,-0.1748,0.15,0.0,-0.0922,-0.0209,7350.97,1,27.0229,166.906,step
2026-08-31T18:37:46.620971+00:00,47.063,-0.1749,0.0,0.15,-0.0922,-0.021,7372.53,1,27.1212,166.926,step
2026-08-31T18:37:46.622289+00:00,46.709,-0.1747,0.15,0.0,-0.0922,-0.0208,7129.31,1,27.2391,166.946,step
2026-08-31T18:37:46.623605+00:00,46.652,-0.1745,0.15,0.0,-0.0922,-0.0206,7314.45,1,27.3705,166.966,step
2026-08-31T18:37:46.624884+00:00,46.792,-0.1744,0.15,0.0,-0.0923,-0.0205,7332.64,1,27.4996,166.986,step
2026-08-31T18:37:46.626436+00:00,46.931,-0.1743,0.15,0.0,-0.0923,-0.0205,7352.65,1,27.6317,167.006,step
2026-08-31T18:37:46.627734+00:00,47.069,-0.1743,0.0,0.15,-0.0923,-0.0205,7372.83,1,27.7689,167.026,step
2026-08-31T18:37:46.629046+00:00,46.716,-0.1742,0.15,0.0,-0.0924,-0.0203,7132.09,1,27.9255,167.046,step
2026-08-31T18:37:46.630322+00:00,46.659,-0.174,0.15,0.0,-0.0924,-0.0202,7313.31,1,28.0936,167.066,step
2026-08-31T18:37:46.631581+00:00,46.798,-0.174,0.15,0.0,-0.0924,-0.0202,7332.58,1,28.2596,167.086,step
2026-08-31T18:37:46.632979+00:00,46.936,-0.174,0.15,0.0,-0.0924,-0.0203,7352.94,1,28.4316,167.106,step
2026-08-31T18:37:46.634343+00:00,47.074,-0.1741,0.0,0.15,-0.0925,-0.0203,7373.45,1,28.6115,167.126,step
2026-08-31T18:37:46.635644+00:00,46.722,-0.174,0.15,0.0,-0.0925,-0.0203,7132.32,1,28.8152,167.146,step
2026-08-31T18:37:46.636863+00:00,46.662,-0.1739,0.15,0.0,-0.0925,-0.0201,7314.03,1,29.0342,167.166,step
2026-08-31T18:37:46.638093+00:00,46.802,-0.1739,0.15,0.0,-0.0926,-0.0202,7329.23,1,29.2509,167.186,step
2026-08-31T18:37:46.639333+00:00,46.938,-0.174,0.15,0.0,-0.0926,-0.0203,7349.74,1,29.4748,167.206,step
2026-08-31T18:37:46.640612+00:00,47.075,-0.1741,0.0,0.15,-0.0926,-0.0204,7370.99,1,29.7095,167.226,step
2026-08-31T18:37:46.641939+00:00,46.719,-0.174,0.15,0.0,-0.0926,-0.0203,7132.76,1,29.9747,167.246,step
2026-08-31T18:37:46.643630+00:00,46.662,-0.1738,0.15,0.0,-0.0927,-0.0202,7314.08,1,30.26,167.266,step
2026-08-31T18:37:46.644880+00:00,46.8,-0.1738,0.15,0.0,-0.0927,-0.0202,7333.34,1,30.5472,167.286,step
2026-08-31T18:37:46.646160+00:00,46.937,-0.1738,0.15,0.0,-0.0927,-0.0202,7353.35,1,30.8458,167.306,step
2026-08-31T18:37:46.647483+00:00,47.075,-0.1739,0.0,0.15,-0.0928,-0.0203,7373.99,1,31.1578,167.326,step
2026-08-31T18:37:46.648827+00:00,46.722,-0.1738,0.15,0.0,-0.0928,-0.0202,7131.72,1,31.5045,167.346,step
2026-08-31T18:37:46.650143+00:00,46.662,-0.1737,0.15,0.0,-0.0928,-0.02,7314.81,1,31.876,167.366,step
2026-08-31T18:37:46.651674+00:00,46.8,-0.1736,0.15,0.0,-0.0928,-0.02,7332.9,1,32.2557,167.386,step
2026-08-31T18:37:46.652941+00:00,46.937,-0.1736,0.15,0.0,-0.0929,-0.02,7352.35,1,32.6508,167.406,step
2026-08-31T18:37:46.654216+00:00,47.073,-0.1736,0.0,0.15,-0.0929,-0.0201,7372.14,1,33.0635,167.426,step
2026-08-31T18:37:46.655496+00:00,46.717,-0.1735,0.15,0.0,-0.0929,-0.02,7132.76,1,33.519,167.446,step
2026-08-31T18:37:46.656773+00:00,46.661,-0.1734,0.15,0.0,-0.093,-0.0199,7311.67,1,34.0045,167.466,step
2026-08-31T18:37:46.658175+00:00,46.798,-0.1734,0.15,0.0,-0.093,-0.0199,7330.67,1,34.4938,167.486,step
2026-08-31T18:37:46.659605+00:00,46.934,-0.1735,0.15,0.0,-0.093,-0.02,7350.71,1,35.003,167.506,step
2026-08-31T18:37:46.660863+00:00,47.07,-0.1736,0.0,0.15,-0.093,-0.0202,7370.85,1,35.54,167.526,step
2026-08-31T18:37:46.662147+00:00,46.715,-0.1736,0.15,0.0,-0.093,-0.0201,7131.66,1,36.1354,167.546,step
2026-08-31T18:37:46.663411+00:00,46.656,-0.1735,0.15,0.0,-0.0931,-0.0201,7310.52,1,36.775,167.566,step
2026-08-31T18:37:46.664656+00:00,46.793,-0.1736,0.15,0.0,-0.0931,-0.0201,7326.54,1,37.4282,167.586,step
2026-08-31T18:37:46.665977+00:00,46.929,-0.1737,0.15,0.0,-0.0931,-0.0202,7345.22,1,38.1083,167.606,step
2026-08-31T18:37:46.667570+00:00,47.063,-0.1739,0.0,0.15,-0.0931,-0.0204,7365.75,1,38.8246,167.626,step
2026-08-31T18:37:46.668826+00:00,46.702,-0.1738,0.15,0.0,-0.0931,-0.0204,7132.26,1,39.6225,167.646,step
2026-08-31T18:37:46.670094+00:00,46.647,-0.1737,0.15,0.0,-0.0931,-0.0203,7308.37,1,40.4849,167.666,step
2026-08-31T18:37:46.671338+00:00,46.782,-0.1738,0.15,0.0,-0.0931,-0.0203,7327.93,1,41.3743,167.686,step
2026-08-31T18:37:46.672553+00:00,46.918,-0.1739,0.15,0.0,-0.0931,-0.0204,7347.9,1,42.3146,167.706,step
2026-08-31T18:37:46.673861+00:00,47.053,-0.174,0.0,0.15,-0.0931,-0.0206,7368.35,1,43.3133,167.726,step
2026-08-31T18:37:46.675279+00:00,46.697,-0.174,0.15,0.0,-0.0931,-0.0205,7127.9,1,44.422,167.746,step
2026-08-31T18:37:46.676659+00:00,46.638,0.0261,0.8,0.0,-0.0931,-0.0204,7308.82,1,45.6235,167.766,step
2026-08-31T18:37:46.677946+00:00,47.221,0.0242,0.8,0.0,-0.0929,-0.0222,8760.59,1,46.3269,167.786,step
2026-08-31T18:37:46.679226+00:00,48.009,0.0188,0.8,0.0,-0.0922,-0.0273,10086.5,1,46.0758,167.806,step
2026-08-31T18:37:46.680513+00:00,48.861,0.0122,0.8,0.0,-0.0911,-0.0334,11318.9,1,45.5125,167.826,step
2026-08-31T18:37:46.681797+00:00,49.762,-0.195,0.0,0.15,-0.0897,-0.0398,12425.9,1,44.898,167.846,step
2026-08-31T18:37:46.683160+00:00,50.512,-0.2008,0.0,0.15,-0.0881,-0.0449,9454.1,2,44.6963,167.866,step
2026-08-31T18:37:46.684864+00:00,50.766,-0.004,0.8,0.0,-0.0865,-0.0472,6807.95,2,45.3194,167.886,step
2026-08-31T18:37:46.686158+00:00,50.55,-0.0071,0.8,0.0,-0.0848,-0.0495,6821.86,2,45.9874,167.906,step
2026-08-31T18:37:46.687450+00:00,50.556,-0.0125,0.8,0.0,-0.0827,-0.0538,5846.63,2,46.0583,167.926,step
2026-08-31T18:37:46.688812+00:00,50.991,-0.0186,0.8,0.0,-0.0803,-0.0587,6276.99,2,45.9352,167.946,step
2026-08-31T18:37:46.690115+00:00,51.626,-0.0249,0.8,0.0,-0.0776,-0.0637,6383.35,2,45.8143,167.966,step
2026-08-31T18:37:46.691390+00:00,52.295,-0.0312,0.8,0.0,-0.0746,-0.0685,6445.76,2,45.7524,167.986,step
2026-08-31T18:37:46.692879+00:00,52.991,-0.0374,0.8,0.0,-0.0713,-0.0731,6468.13,2,45.7599,168.006,step
2026-08-31T18:37:46.694087+00:00,53.666,-0.0437,0.8,0.0,-0.0678,-0.0776,6535.46,2,45.8354,168.026,step
2026-08-31T18:37:46.695295+00:00,54.335,-0.0499,0.8,0.0,-0.064,-0.082,6628.01,2,45.9819,168.046,step
2026-08-31T18:37:46.696490+00:00,55.006,-0.0561,0.8,0.0,-0.06,-0.0861,6738.65,2,46.2053,168.066,step
2026-08-31T18:37:46.697683+00:00,55.681,-0.0623,0.8,0.0,-0.0557,-0.0902,6863.57,2,46.5145,168.086,step
2026-08-31T18:37:46.698906+00:00,56.37,-0.0684,0.8,0.0,-0.0512,-0.094,6990.87,2,46.9241,168.106,step
2026-08-31T18:37:46.700171+00:00,57.074,-0.0743,0.8,0.0,-0.0465,-0.0976,7116.65,2,47.449,168.126,step
2026-08-31T18:37:46.701658+00:00,57.793,-0.0802,0.8,0.0,-0.0415,-0.101,7239.14,2,48.1065,168.146,step
2026-08-31T18:37:46.702920+00:00,58.526,-0.0859,0.8,0.0,-0.0363,-0.1041,7358.48,2,48.9281,168.166,step
2026-08-31T18:37:46.704163+00:00,59.273,-0.0915,0.8,0.0,-0.0308,-0.1069,7476.93,2,49.9332,168.186,step
2026-08-31T18:37:46.705382+00:00,60.032,-0.0969,0.8,0.0,-0.0251,-0.1094,7597.81,2,51.1279,168.206,step
2026-08-31T18:37:46.706683+00:00,60.802,-0.1022,0.8,0.0,-0.0192,-0.1118,7722.93,2,52.5382,168.226,step
2026-08-31T18:37:46.707958+00:00,61.581,-0.1058,0.8,0.0,-0.0131,-0.1124,7855.27,2,54.1987,168.246,step
2026-08-31T18:37:46.709380+00:00,62.37,-0.1043,0.8,0.0,-0.0071,-0.1078,7998.23,2,56.1463,168.266,step
2026-08-31T18:37:46.710577+00:00,63.168,-0.1025,0.8,0.0,-0.0011,-0.1031,8154.44,2,58.386,168.286,step
2026-08-31T18:37:46.711762+00:00,63.975,-0.1005,0.8,0.0,0.0046,-0.0982,8326.68,2,60.9264,168.306,step
2026-08-31T18:37:46.712942+00:00,64.805,-0.0983,0.8,0.0,0.0102,-0.0932,8491.09,2,63.8042,168.326,step
2026-08-31T18:37:46.714079+00:00,65.674,-0.096,0.8,0.0,0.0157,-0.0882,8613.05,2,67.0645,168.346,step
2026-08-31T18:37:46.715235+00:00,66.541,-0.0935,0.8,0.0,0.0209,-0.0831,8765.34,2,70.792,168.366,step
2026-08-31T18:37:46.716526+00:00,67.398,-0.0909,0.8,0.0,0.026,-0.0779,8968.77,2,75.1108,168.386,step
2026-08-31T18:37:46.717854+00:00,68.246,-0.088,0.8,0.0,0.0309,-0.0726,9235.68,2,80.2043,168.406,step
2026-08-31T18:37:46.719056+00:00,69.093,-0.0849,0.8,0.0,0.0356,-0.0671,9556.13,2,86.3413,168.426,step
2026-08-31T18:37:46.720237+00:00,69.945,-0.0814,0.8,0.0,0.0401,-0.0614,9875.16,2,93.9217,168.446,step
2026-08-31T18:37:46.721431+00:00,70.805,-0.0776,0.8,0.0,0.0444,-0.0554,10176.6,2,103.501,168.466,step
2026-08-31T18:37:46.722735+00:00,71.67,-0.0735,0.8,0.0,0.0485,-0.0493,10460.2,2,115.962,168.486,step
2026-08-31T18:37:46.723924+00:00,72.541,-0.069,0.8,0.0,0.0524,-0.0428,10728.9,2,132.791,168.506,step
2026-08-31T18:37:46.725162+00:00,73.417,-0.0642,0.8,0.0,0.0561,-0.0362,10983.3,2,156.594,168.526,step
2026-08-31T18:37:46.726824+00:00,74.296,-0.0591,0.8,0.0,0.0596,-0.0293,11223.6,2,192.589,168.546,step
2026-08-31T18:37:46.728061+00:00,75.18,-0.0536,0.8,0.0,0.0628,-0.0222,11451.2,2,200.0,168.566,step
2026-08-31T18:37:46.729355+00:00,76.064,-0.0478,0.8,0.0,0.0657,-0.0149,11667.5,2,200.0,168.586,step
2026-08-31T18:37:46.730625+00:00,76.952,-0.0415,0.8,0.0,0.0684,-0.0073,11872.9,2,200.0,168.606,step
2026-08-31T18:37:46.731892+00:00,77.84,-0.0349,0.8,0.0,0.0708,0.0005,12069.9,2,200.0,168.626,step
2026-08-31T18:37:46.733579+00:00,78.728,-0.028,0.8,0.0,0.0728,0.0084,12260.8,2,200.0,168.646,step
2026-08-31T18:37:46.735006+00:00,79.613,-0.0207,0.8,0.0,0.0746,0.0165,12448.0,2,200.0,168.666,step
2026-08-31T18:37:46.736334+00:00,80.496,-0.0132,0.8,0.0,0.076,0.0248,12633.0,3,200.0,168.686,step
2026-08-31T18:37:46.737614+00:00,81.36,-0.0055,0.8,0.0,0.077,0.033,9989.92,3,195.863,168.706,step
2026-08-31T18:37:46.738835+00:00,82.04,0.0011,0.8,0.0,0.0774,0.0398,9992.75,3,162.279,168.726,step
2026-08-31T18:37:46.740085+00:00,82.113,0.0048,0.8,0.0,0.0771,0.0433,7518.16,3,149.249,168.746,step
2026-08-31T18:37:46.741416+00:00,82.447,0.0068,0.8,0.0,0.0759,0.0447,7963.95,3,144.333,168.766,step
2026-08-31T18:37:46.742819+00:00,83.043,0.0086,0.8,0.0,0.0742,0.0457,8079.75,3,141.102,168.786,step
2026-08-31T18:37:46.744157+00:00,83.687,0.0103,0.8,0.0,0.072,0.0464,8136.59,3,138.811,168.806,step
2026-08-31T18:37:46.745402+00:00,84.346,0.0119,0.8,0.0,0.0695,0.0467,8179.2,3,137.53,168.826,step
2026-08-31T18:37:46.746616+00:00,85.008,0.0133,0.8,0.0,0.0667,0.0467,8221.52,3,137.223,168.846,step
2026-08-31T18:37:46.747865+00:00,85.671,0.0145,0.8,0.0,0.0637,0.0464,8269.0,3,137.738,168.866,step
2026-08-31T18:37:46.749157+00:00,86.332,0.0156,0.8,0.0,0.0605,0.0458,8323.72,3,138.919,168.886,step
2026-08-31T18:37:46.750535+00:00,86.993,0.0165,0.8,0.0,0.0572,0.0451,8385.36,3,140.62,168.906,step
2026-08-31T18:37:46.751996+00:00,87.654,0.0174,0.8,0.0,0.0538,0.0443,8452.2,3,142.719,168.926,step
2026-08-31T18:37:46.753309+00:00,88.318,0.0183,0.8,0.0,0.0504,0.0434,8521.79,3,145.124,168.946,step
2026-08-31T18:37:46.754615+00:00,88.988,0.019,0.8,0.0,0.0469,0.0425,8592.95,3,147.829,168.966,step
2026-08-31T18:37:46.755858+00:00,89.662,0.0198,0.8,0.0,0.0435,0.0415,8665.25,3,150.897,168.986,step
2026-08-31T18:37:46.757165+00:00,90.341,0.0204,0.8,0.0,0.0401,0.0404,8738.14,3,154.381,169.006,step
2026-08-31T18:37:46.758467+00:00,91.026,0.021,0.8,0.0,0.0367,0.0393,8811.27,3,158.271,169.026,step
2026-08-31T18:37:46.760197+00:00,91.727,0.0215,0.8,0.0,0.0334,0.0381,8868.29,3,162.587,169.046,step
2026-08-31T18:37:46.761483+00:00,92.43,0.0219,0.8,0.0,0.0301,0.0369,8927.69,3,167.317,169.066,step
2026-08-31T18:37:46.762747+00:00,93.13,0.0223,0.8,0.0,0.0269,0.0357,8999.64,3,172.541,169.086,step
2026-08-31T18:37:46.763999+00:00,93.829,0.0226,0.8,0.0,0.0237,0.0344,9080.13,3,178.354,169.106,step
2026-08-31T18:37:46.765350+00:00,94.532,0.0228,0.8,0.0,0.0206,0.0331,9166.18,3,184.93,169.126,step
2026-08-31T18:37:46.766629+00:00,95.242,0.0229,0.15,0.0,0.0176,0.0317,9251.84,3,192.414,169.146,step
2026-08-31T18:37:46.768538+00:00,95.587,0.023,0.15,0.0,0.0147,0.0304,8765.45,3,200.0,169.166,step
2026-08-31T18:37:46.769870+00:00,95.607,0.0232,0.15,0.0,0.0119,0.0291,8766.52,3,200.0,169.186,step
2026-08-31T18:37:46.771128+00:00,95.628,0.0232,0.15,0.0,0.0093,0.0279,8769.53,3,200.0,169.206,step
2026-08-31T18:37:46.772385+00:00,95.65,0.0232,0.15,0.0,0.0068,0.0266,8771.89,3,200.0,169.226,step
2026-08-31T18:37:46.773671+00:00,95.672,0.023,0.15,0.0,0.0044,0.0252,8773.71,3,200.0,169.246,step
2026-08-31T18:37:46.775000+00:00,95.693,0.0228,0.15,0.0,0.0021,0.0239,8775.37,3,200.0,169.266,step
2026-08-31T18:37:46.776556+00:00,95.715,0.0225,0.15,0.0,-0.0,0.0225,8777.04,3,200.0,169.286,step
2026-08-31T18:37:46.777887+00:00,95.736,0.0222,0.15,0.0,-0.0021,0.0211,8778.82,3,200.0,169.306,step
2026-08-31T18:37:46.779226+00:00,95.757,0.0218,0.15,0.0,-0.004,0.0198,8780.66,3,200.0,169.326,step
2026-08-31T18:37:46.780543+00:00,95.778,0.0214,0.15,0.0,-0.0058,0.0186,8781.32,3,200.0,169.346,step
2026-08-31T18:37:46.781791+00:00,95.799,0.021,0.15,0.0,-0.0074,0.0173,8783.23,3,200.0,169.366,step
2026-08-31T18:37:46.783147+00:00,95.82,0.0206,0.15,0.0,-0.009,0.0161,8785.5,3,200.0,169.386,step
2026-08-31T18:37:46.784536+00:00,95.84,0.0202,0.15,0.0,-0.0105,0.015,8788.01,3,200.0,169.406,step
2026-08-31T18:37:46.785822+00:00,95.861,0.0197,0.15,0.0,-0.0118,0.0138,8790.29,3,200.0,169.426,step
2026-08-31T18:37:46.787120+00:00,95.882,0.0192,0.15,0.0,-0.0131,0.0127,8792.38,3,200.0,169.446,step
2026-08-31T18:37:46.788422+00:00,95.903,0.0187,0.15,0.0,-0.0142,0.0115,8794.33,3,200.0,169.466,step
2026-08-31T18:37:46.789708+00:00,95.924,0.0181,0.15,0.0,-0.0153,0.0104,8796.19,3,200.0,169.486,step
2026-08-31T18:37:46.791073+00:00,95.944,0.0175,0.15,0.0,-0.0163,0.0094,8798.02,3,200.0,169.506,step
2026-08-31T18:37:46.792638+00:00,95.965,0.0169,0.15,0.0,-0.0171,0.0083,8799.79,3,200.0,169.526,step
2026-08-31T18:37:46.793953+00:00,95.985,0.0163,0.15,0.0,-0.0179,0.0073,8801.55,3,200.0,169.546,step
2026-08-31T18:37:46.795263+00:00,96.005,0.0157,0.15,0.0,-0.0186,0.0064,8803.3,3,200.0,169.566,step
2026-08-31T18:37:46.796580+00:00,96.025,0.015,0.15,0.0,-0.0192,0.0054,8805.09,3,200.0,169.586,step
2026-08-31T18:37:46.797931+00:00,96.046,0.0144,0.15,0.0,-0.0197,0.0046,8806.91,3,200.0,169.606,step
2026-08-31T18:37:46.799248+00:00,96.066,0.0138,0.15,0.0,-0.0202,0.0037,8808.53,3,200.0,169.626,step
2026-08-31T18:37:46.800784+00:00,96.086,0.0132,0.15,0.0,-0.0205,0.0029,8809.52,3,200.0,169.646,step
2026-08-31T18:37:46.802133+00:00,96.105,0.0126,0.15,0.0,-0.0208,0.0022,8811.48,3,200.0,169.666,step
2026-08-31T18:37:46.803399+00:00,96.125,0.012,0.15,0.0,-0.0211,0.0015,8813.76,3,200.0,169.686,step
2026-08-31T18:37:46.804731+00:00,96.144,0.0114,0.15,0.0,-0.0212,0.0008,8815.99,3,200.0,169.706,step
2026-08-31T18:37:46.806069+00:00,96.164,0.0108,0.15,0.0,-0.0214,0.0002,8818.01,3,200.0,169.726,step
2026-08-31T18:37:46.807425+00:00,96.184,0.0102,0.15,0.0,-0.0214,-0.0005,8819.9,3,200.0,169.746,step
2026-08-31T18:37:46.809082+00:00,96.203,0.0096,0.15,0.0,-0.0214,-0.0011,8821.71,3,200.0,169.766,step
2026-08-31T18:37:46.810429+00:00,96.223,0.009,0.15,0.0,-0.0214,-0.0016,8823.47,3,200.0,169.786,step
2026-08-31T18:37:46.811739+00:00,96.243,0.0085,0.15,0.0,-0.0213,-0.0022,8825.22,3,200.0,169.806,step
2026-08-31T18:37:46.813078+00:00,96.262,0.0079,0.15,0.0,-0.0211,-0.0027,8826.91,3,200.0,169.826,step
2026-08-31T18:37:46.814398+00:00,96.281,0.0073,0.15,0.0,-0.0209,-0.0031,8828.6,3,200.0,169.846,step
2026-08-31T18:37:46.815701+00:00,96.301,0.0068,0.15,0.0,-0.0207,-0.0036,8830.31,3,200.0,169.866,step
2026-08-31T18:37:46.817246+00:00,96.32,0.0062,0.15,0.0,-0.0204,-0.004,8832.02,3,200.0,169.886,step
2026-08-31T18:37:46.818574+00:00,96.339,0.0057,0.15,0.0,-0.0201,-0.0044,8833.78,3,200.0,169.906,step
2026-08-31T18:37:46.819851+00:00,96.358,0.0052,0.15,0.0,-0.0198,-0.0047,8834.73,3,200.0,169.926,step
2026-08-31T18:37:46.821156+00:00,96.377,0.0047,0.15,0.0,-0.0194,-0.005,8836.37,3,200.0,169.946,step
2026-08-31T18:37:46.822445+00:00,96.396,0.0042,0.15,0.0,-0.019,-0.0053,8838.3,3,200.0,169.966,step
2026-08-31T18:37:46.823740+00:00,96.414,0.0037,0.15,0.0,-0.0186,-0.0056,8840.47,3,200.0,169.986,step
2026-08-31T18:37:46.825031+00:00,96.433,0.0033,0.15,0.0,-0.0181,-0.0058,8842.46,3,200.0,170.006,step
2026-08-31T18:37:46.826612+00:00,96.452,0.0029,0.15,0.0,-0.0177,-0.006,8844.32,3,200.0,170.026,step
2026-08-31T18:37:46.827909+00:00,96.47,0.0024,0.15,0.0,-0.0172,-0.0062,8846.08,3,200.0,170.046,step
2026-08-31T18:37:46.829216+00:00,96.489,0.0021,0.15,0.0,-0.0167,-0.0063,8847.78,3,200.0,170.066,step
2026-08-31T18:37:46.830532+00:00,96.508,0.0017,0.15,0.0,-0.0162,-0.0064,8849.47,3,200.0,170.086,step
2026-08-31T18:37:46.831885+00:00,96.526,0.0013,0.15,0.0,-0.0156,-0.0065,8851.11,3,200.0,170.106,step
2026-08-31T18:37:46.833355+00:00,96.545,0.0009,0.15,0.0,-0.0151,-0.0066,8852.74,3,199.989,170.126,step
2026-08-31T18:37:46.834750+00:00,96.563,0.0006,0.15,0.0,-0.0146,-0.0067,8854.36,3,199.465,170.146,step
2026-08-31T18:37:46.836064+00:00,96.582,0.0003,0.15,0.0,-0.014,-0.0067,8855.99,3,198.94,170.166,step
2026-08-31T18:37:46.837381+00:00,96.6,-0.0,0.15,0.0,-0.0135,-0.0068,8857.64,3,198.409,170.186,step
2026-08-31T18:37:46.838688+00:00,96.618,-0.0003,0.15,0.0,-0.0129,-0.0068,8859.34,3,197.875,170.206,step
2026-08-31T18:37:46.840045+00:00,96.636,-0.0006,0.15,0.0,-0.0124,-0.0068,8860.22,3,197.338,170.226,step
2026-08-31T18:37:46.841340+00:00,96.654,-0.0008,0.15,0.0,-0.0118,-0.0068,8861.95,3,196.796,170.246,step
2026-08-31T18:37:46.842874+00:00,96.672,-0.0011,0.15,0.0,-0.0113,-0.0067,8863.86,3,196.249,170.266,step
2026-08-31T18:37:46.844150+00:00,96.69,-0.0013,0.15,0.0,-0.0107,-0.0066,8865.82,3,195.699,170.286,step
2026-08-31T18:37:46.845395+00:00,96.707,-0.0015,0.15,0.0,-0.0102,-0.0066,8867.63,3,195.149,170.306,step
2026-08-31T18:37:46.846669+00:00,96.725,-0.0017,0.15,0.0,-0.0096,-0.0065,8869.37,3,194.599,170.326,step
2026-08-31T18:37:46.847942+00:00,96.743,-0.0019,0.15,0.0,-0.0091,-0.0064,8870.98,3,194.044,170.346,step
2026-08-31T18:37:46.849195+00:00,96.761,-0.002,0.15,0.0,-0.0086,-0.0063,8872.61,3,193.484,170.366,step
2026-08-31T18:37:46.850653+00:00,96.779,-0.0022,0.15,0.0,-0.0081,-0.0062,8874.21,3,192.923,170.386,step
2026-08-31T18:37:46.851980+00:00,96.797,-0.0023,0.15,0.0,-0.0076,-0.0061,8875.76,3,192.361,170.406,step
2026-08-31T18:37:46.853273+00:00,96.814,-0.0024,0.15,0.0,-0.0071,-0.006,8877.34,3,191.799,170.426,step
2026-08-31T18:37:46.854572+00:00,96.832,-0.0026,0.15,0.0,-0.0066,-0.0058,8878.87,3,191.236,170.446,step
2026-08-31T18:37:46.855864+00:00,96.849,-0.0027,0.15,0.0,-0.0061,-0.0057,8880.45,3,190.67,170.466,step
2026-08-31T18:37:46.857168+00:00,96.867,-0.0027,0.15,0.0,-0.0056,-0.0055,8882.06,3,190.099,170.486,step
2026-08-31T18:37:46.858742+00:00,96.884,-0.0028,0.15,0.0,-0.0052,-0.0054,8883.17,3,189.527,170.506,step
2026-08-31T18:37:46.860038+00:00,96.901,-0.0028,0.15,0.0,-0.0048,-0.0052,8884.63,3,188.953,170.526,step
2026-08-31T18:37:46.861268+00:00,96.919,-0.0029,0.15,0.0,-0.0043,-0.005,8886.32,3,188.38,170.546,step
2026-08-31T18:37:46.862501+00:00,96.936,-0.0029,0.15,0.0,-0.0039,-0.0048,8888.17,3,187.806,170.566,step
2026-08-31T18:37:46.863759+00:00,96.953,-0.0029,0.15,0.0,-0.0035,-0.0047,8889.95,3,187.232,170.586,step
2026-08-31T18:37:46.865061+00:00,96.97,-0.0029,0.15,0.0,-0.0032,-0.0045,8891.6,3,186.658,170.606,step
2026-08-31T18:37:46.866545+00:00,96.987,-0.0029,0.15,0.0,-0.0028,-0.0043,8893.21,3,186.084,170.626,step
2026-08-31T18:37:46.867934+00:00,97.004,-0.0029,0.15,0.0,-0.0025,-0.0041,8894.74,3,185.51,170.646,step
2026-08-31T18:37:46.869227+00:00,97.021,-0.0029,0.15,0.0,-0.0021,-0.004,8896.29,3,184.936,170.666,step
2026-08-31T18:37:46.870515+00:00,97.038,-0.0029,0.15,0.0,-0.0018,-0.0038,8897.81,3,184.362,170.686,step
2026-08-31T18:37:46.871802+00:00,97.055,-0.0029,0.15,0.0,-0.0015,-0.0036,8899.31,3,183.787,170.706,step
2026-08-31T18:37:46.873072+00:00,97.072,-0.0028,0.15,0.0,-0.0012,-0.0034,8900.83,3,183.212,170.726,step
2026-08-31T18:37:46.874328+00:00,97.089,-0.0028,0.15,0.0,-0.001,-0.0033,8902.31,3,182.638,170.746,step
2026-08-31T18:37:46.875872+00:00,97.105,-0.0027,0.15,0.0,-0.0007,-0.0031,8903.84,3,182.063,170.766,step
2026-08-31T18:37:46.877165+00:00,97.122,-0.0027,0.15,0.0,-0.0005,-0.0029,8905.35,3,181.488,170.786,step
2026-08-31T18:37:46.878459+00:00,97.139,-0.0026,0.15,0.0,-0.0003,-0.0027,8906.44,3,180.913,170.806,step
2026-08-31T18:37:46.879727+00:00,97.155,-0.0025,0.15,0.0,-0.0001,-0.0026,8908.0,3,180.338,170.826,step
2026-08-31T18:37:46.880962+00:00,97.172,-0.0025,0.15,0.0,0.0001,-0.0024,8909.66,3,179.763,170.846,step
2026-08-31T18:37:46.882202+00:00,97.188,-0.0024,0.15,0.0,0.0003,-0.0023,8911.36,3,179.192,170.866,step
2026-08-31T18:37:46.883634+00:00,97.205,-0.0024,0.15,0.0,0.0005,-0.0021,8912.97,3,178.626,170.886,step
2026-08-31T18:37:46.884993+00:00,97.221,-0.0023,0.15,0.0,0.0007,-0.002,8914.5,3,178.061,170.906,step
2026-08-31T18:37:46.886282+00:00,97.238,-0.0023,0.15,0.0,0.0008,-0.0019,8916.01,3,177.497,170.926,step
2026-08-31T18:37:46.887554+00:00,97.254,-0.0022,0.15,0.0,0.0009,-0.0018,8917.5,3,176.933,170.946,step
2026-08-31T18:37:46.888802+00:00,97.27,-0.0022,0.15,0.0,0.0011,-0.0016,8918.96,3,176.368,170.966,step
2026-08-31T18:37:46.890069+00:00,97.287,-0.0021,0.15,0.0,0.0012,-0.0015,8920.43,3,175.803,170.986,step
2026-08-31T18:37:46.891447+00:00,97.303,-0.002,0.15,0.0,0.0013,-0.0014,8921.89,3,175.238,171.006,step
2026-08-31T18:37:46.892899+00:00,97.319,-0.002,0.15,0.0,0.0014,-0.0013,8923.33,3,174.674,171.026,step
2026-08-31T18:37:46.894171+00:00,97.335,-0.0019,0.15,0.0,0.0014,-0.0012,8924.81,3,174.109,171.046,step
2026-08-31T18:37:46.895464+00:00,97.351,-0.0018,0.15,0.0,0.0015,-0.001,8926.25,3,173.544,171.066,step
2026-08-31T18:37:46.896735+00:00,97.368,-0.0017,0.15,0.0,0.0016,-0.0009,8927.51,3,172.979,171.086,step
2026-08-31T18:37:46.897985+00:00,97.383,-0.0016,0.15,0.0,0.0016,-0.0008,8928.93,3,172.414,171.106,step
2026-08-31T18:37:46.899289+00:00,97.4,-0.0015,0.15,0.0,0.0017,-0.0007,8930.42,3,171.849,171.126,step
2026-08-31T18:37:46.900762+00:00,97.415,-0.0014,0.15,0.0,0.0017,-0.0006,8932.03,3,171.284,171.146,step
2026-08-31T18:37:46.902115+00:00,97.431,-0.0013,0.15,0.0,0.0017,-0.0005,8933.55,3,170.724,171.166,step
2026-08-31T18:37:46.903360+00:00,97.447,-0.0013,0.15,0.0,0.0017,-0.0004,8935.05,3,170.167,171.186,step
2026-08-31T18:37:46.904638+00:00,97.463,-0.0012,0.15,0.0,0.0018,-0.0003,8936.51,3,169.612,171.206,step
2026-08-31T18:37:46.905917+00:00,97.479,-0.0011,0.15,0.0,0.0018,-0.0003,8937.95,3,169.058,171.226,step
2026-08-31T18:37:46.907178+00:00,97.495,-0.0011,0.15,0.0,0.0018,-0.0002,8939.38,3,168.504,171.246,step
2026-08-31T18:37:46.908467+00:00,97.51,-0.001,0.15,0.0,0.0018,-0.0001,8940.81,3,167.949,171.266,step
2026-08-31T18:37:46.909948+00:00,97.526,-0.001,0.15,0.0,0.0017,-0.0001,8942.22,3,167.396,171.286,step
2026-08-31T18:37:46.911242+00:00,97.542,-0.0009,0.15,0.0,0.0017,-0.0,8943.64,3,166.841,171.306,step
2026-08-31T18:37:46.912515+00:00,97.557,-0.0008,0.15,0.0,0.0017,0.0,8945.06,3,166.287,171.326,step
2026-08-31T18:37:46.913768+00:00,97.573,-0.0007,0.15,0.0,0.0017,0.0001,8946.48,3,165.733,171.346,step
2026-08-31T18:37:46.915022+00:00,97.588,-0.0007,0.15,0.0,0.0016,0.0002,8947.9,3,165.179,171.366,step
2026-08-31T18:37:46.916299+00:00,97.604,-0.0006,0.15,0.0,0.0016,0.0002,8949.2,3,164.624,171.386,step
2026-08-31T18:37:46.917813+00:00,97.62,-0.0005,0.15,0.0,0.0016,0.0003,8950.63,3,164.07,171.406,step
2026-08-31T18:37:46.919059+00:00,97.635,-0.0004,0.15,0.0,0.0015,0.0003,8952.07,3,163.52,171.426,step
2026-08-31T18:37:46.920289+00:00,97.65,-0.0004,0.15,0.0,0.0015,0.0003,8953.54,3,162.974,171.446,step
2026-08-31T18:37:46.921520+00:00,97.666,-0.0004,0.15,0.0,0.0014,0.0003,8954.95,3,162.431,171.466,step
2026-08-31T18:37:46.922747+00:00,97.681,-0.0003,0.15,0.0,0.0014,0.0004,8956.37,3,161.888,171.486,step
2026-08-31T18:37:46.924003+00:00,97.697,-0.0003,0.15,0.0,0.0013,0.0003,8957.77,3,161.345,171.506,step
2026-08-31T18:37:46.925434+00:00,97.712,-0.0003,0.15,0.0,0.0013,0.0003,8959.17,3,160.803,171.526,step
2026-08-31T18:37:46.926757+00:00,97.727,-0.0003,0.15,0.0,0.0012,0.0003,8960.56,3,160.26,171.546,step
2026-08-31T18:37:46.928022+00:00,97.742,-0.0002,0.15,0.0,0.0012,0.0003,8961.94,3,159.717,171.566,step
2026-08-31T18:37:46.929278+00:00,97.758,-0.0002,0.15,0.0,0.0011,0.0003,8963.33,3,159.174,171.586,step
2026-08-31T18:37:46.930528+00:00,97.773,-0.0002,0.15,0.0,0.0011,0.0003,8964.72,3,158.631,171.606,step
2026-08-31T18:37:46.931794+00:00,97.788,-0.0002,0.15,0.0,0.001,0.0003,8966.1,3,158.088,171.626,step
2026-08-31T18:37:46.933105+00:00,97.803,-0.0001,0.15,0.0,0.001,0.0003,8967.48,3,157.545,171.646,step
2026-08-31T18:37:46.934771+00:00,97.818,-0.0001,0.15,0.0,0.0009,0.0003,8968.92,3,157.002,171.666,step
2026-08-31T18:37:46.936040+00:00,97.833,-0.0001,0.15,0.0,0.0009,0.0003,8970.28,3,156.459,171.686,step
2026-08-31T18:37:46.937274+00:00,97.849,-0.0001,0.15,0.0,0.0008,0.0003,8971.64,3,155.915,171.706,step
2026-08-31T18:37:46.938508+00:00,97.864,-0.0001,0.15,0.0,0.0008,0.0003,8973.0,3,155.372,171.726,step
2026-08-31T18:37:46.939801+00:00,97.879,-0.0,0.15,0.0,0.0007,0.0003,8974.35,3,154.828,171.746,step
2026-08-31T18:37:46.941052+00:00,97.894,-0.0,0.15,0.0,0.0007,0.0003,8975.7,3,154.285,171.766,step
2026-08-31T18:37:46.942511+00:00,97.909,0.0,0.15,0.0,0.0006,0.0003,8977.06,3,153.741,171.786,step
2026-08-31T18:37:46.943760+00:00,97.923,0.0,0.15,0.0,0.0006,0.0003,8978.43,3,153.197,171.806,step
2026-08-31T18:37:46.945028+00:00,97.938,0.0,0.15,0.0,0.0005,0.0003,8979.79,3,152.654,171.826,step
2026-08-31T18:37:46.946332+00:00,97.953,0.0001,0.15,0.0,0.0005,0.0003,8981.15,3,152.11,171.846,step
2026-08-31T18:37:46.947636+00:00,97.968,0.0001,0.15,0.0,0.0005,0.0003,8982.52,3,151.566,171.866,step
2026-08-31T18:37:46.948887+00:00,97.983,0.0001,0.15,0.0,0.0004,0.0003,8983.89,3,151.022,171.886,step
2026-08-31T18:37:46.950193+00:00,97.998,0.0001,0.15,0.0,0.0004,0.0003,8985.25,3,150.477,171.906,step
2026-08-31T18:37:46.951578+00:00,98.013,0.0001,0.15,0.0,0.0003,0.0003,8986.6,3,149.933,171.926,step
2026-08-31T18:37:46.952821+00:00,98.028,0.0002,0.15,0.0,0.0003,0.0003,8988.14,3,149.389,171.946,step
2026-08-31T18:37:46.954074+00:00,98.042,0.0002,0.15,0.0,0.0003,0.0003,8989.53,3,148.844,171.966,step
2026-08-31T18:37:46.955286+00:00,98.057,0.0002,0.15,0.0,0.0002,0.0003,8990.77,3,148.3,171.986,step
2026-08-31T18:37:46.956497+00:00,98.072,0.0002,0.15,0.0,0.0002,0.0003,8992.05,3,147.756,172.006,step
2026-08-31T18:37:46.957773+00:00,98.087,0.0002,0.15,0.0,0.0001,0.0003,8993.34,3,147.211,172.026,step
2026-08-31T18:37:46.959217+00:00,98.101,0.0002,0.15,0.0,0.0001,0.0003,8994.63,3,146.666,172.046,step
2026-08-31T18:37:46.960463+00:00,98.116,0.0003,0.15,0.0,0.0001,0.0003,8995.94,3,146.121,172.066,step
2026-08-31T18:37:46.961722+00:00,98.131,0.0003,0.15,0.0,0.0,0.0003,8997.27,3,145.577,172.086,step
2026-08-31T18:37:46.962964+00:00,98.145,0.0003,0.15,0.0,-0.0,0.0003,8998.6,3,145.032,172.106,step
2026-08-31T18:37:46.964211+00:00,98.16,0.0003,0.15,0.0,-0.0,0.0003,8999.95,3,144.487,172.126,step
2026-08-31T18:37:46.965516+00:00,98.174,0.0003,0.15,0.0,-0.0001,0.0003,9001.32,3,143.942,172.146,step
2026-08-31T18:37:46.966823+00:00,98.189,0.0003,0.15,0.0,-0.0001,0.0003,9002.68,3,143.396,172.166,step
2026-08-31T18:37:46.968187+00:00,98.204,0.0004,0.15,0.0,-0.0002,0.0003,9004.03,3,142.851,172.186,step
2026-08-31T18:37:46.969428+00:00,98.218,0.0004,0.15,0.0,-0.0002,0.0003,9005.36,3,142.306,172.206,step
2026-08-31T18:37:46.970677+00:00,98.233,0.0004,0.15,0.0,-0.0002,0.0003,9006.68,3,141.76,172.226,step
2026-08-31T18:37:46.971908+00:00,98.247,0.0004,0.15,0.0,-0.0003,0.0003,9008.5,3,141.215,172.246,step
2026-08-31T18:37:46.973111+00:00,98.262,0.0004,0.15,0.0,-0.0003,0.0003,9009.62,3,140.669,172.266,step
2026-08-31T18:37:46.974396+00:00,98.277,0.0004,0.15,0.0,-0.0003,0.0003,9010.82,3,140.123,172.286,step
2026-08-31T18:37:46.976050+00:00,98.291,0.0004,0.15,0.0,-0.0003,0.0003,9012.03,3,139.578,172.306,step
2026-08-31T18:37:46.977256+00:00,98.306,0.0005,0.15,0.0,-0.0004,0.0003,9013.27,3,139.032,172.326,step
2026-08-31T18:37:46.978476+00:00,98.32,0.0005,0.15,0.0,-0.0004,0.0003,9014.53,3,138.486,172.346,step
2026-08-31T18:37:46.979667+00:00,98.335,0.0005,0.15,0.0,-0.0004,0.0003,9015.82,3,137.94,172.366,step
2026-08-31T18:37:46.980875+00:00,98.349,0.0005,0.15,0.0,-0.0005,0.0003,9017.14,3,137.394,172.386,step
2026-08-31T18:37:46.982116+00:00,98.364,0.0005,0.15,0.0,-0.0005,0.0002,9018.47,3,136.851,172.406,step
2026-08-31T18:37:46.983655+00:00,98.378,0.0005,0.15,0.0,-0.0005,0.0002,9019.85,3,136.309,172.426,step
2026-08-31T18:37:46.984948+00:00,98.392,0.0005,0.15,0.0,-0.0006,0.0002,9021.22,3,135.764,172.446,step
2026-08-31T18:37:46.986214+00:00,98.407,0.0005,0.15,0.0,-0.0006,0.0002,9022.56,3,135.218,172.466,step
2026-08-31T18:37:46.987526+00:00,98.421,0.0005,0.15,0.0,-0.0006,0.0002,9023.89,3,134.672,172.486,step
2026-08-31T18:37:46.988804+00:00,98.436,0.0005,0.15,0.0,-0.0006,0.0002,9025.2,3,134.126,172.506,step
2026-08-31T18:37:46.990084+00:00,98.45,0.0005,0.15,0.0,-0.0006,0.0002,9027.27,3,133.582,172.526,step
2026-08-31T18:37:46.991308+00:00,98.465,0.0005,0.15,0.0,-0.0007,0.0001,9028.32,3,133.039,172.546,step
2026-08-31T18:37:46.992741+00:00,98.479,0.0005,0.15,0.0,-0.0007,0.0001,9029.41,3,132.494,172.566,step
2026-08-31T18:37:46.993944+00:00,98.494,0.0005,0.15,0.0,-0.0007,0.0001,9030.56,3,131.948,172.586,step
2026-08-31T18:37:46.995181+00:00,98.508,0.0005,0.15,0.0,-0.0007,0.0001,9031.73,3,131.401,172.606,step
2026-08-31T18:37:46.996424+00:00,98.523,0.0005,0.15,0.0,-0.0007,0.0001,9032.95,3,130.854,172.626,step
2026-08-31T18:37:46.997619+00:00,98.537,0.0005,0.15,0.0,-0.0007,0.0001,9034.2,3,130.307,172.646,step
2026-08-31T18:37:46.998816+00:00,98.551,0.0005,0.15,0.0,-0.0008,0.0001,9035.5,3,129.76,172.666,step
2026-08-31T18:37:47.000214+00:00,98.566,0.0005,0.15,0.0,-0.0008,0.0001,9036.83,3,129.212,172.686,step
2026-08-31T18:37:47.001468+00:00,98.58,0.0005,0.15,0.0,-0.0008,0.0001,9038.2,3,128.668,172.706,step
2026-08-31T18:37:47.002748+00:00,98.594,0.0005,0.15,0.0,-0.0008,0.0001,9039.6,3,128.124,172.726,step
2026-08-31T18:37:47.004019+00:00,98.609,0.0005,0.15,0.0,-0.0008,0.0001,9040.96,3,127.578,172.746,step
2026-08-31T18:37:47.005261+00:00,98.623,0.0005,0.15,0.0,-0.0008,0.0001,9042.28,3,127.031,172.766,step
2026-08-31T18:37:47.006527+00:00,98.638,0.0005,0.15,0.0,-0.0008,0.0,9043.59,3,126.483,172.786,step
2026-08-31T18:37:47.007761+00:00,98.652,0.0005,0.15,0.0,-0.0008,0.0,9045.73,3,125.936,172.806,step
2026-08-31T18:37:47.009245+00:00,98.666,0.0005,0.15,0.0,-0.0008,0.0,9046.96,3,125.388,172.826,step
2026-08-31T18:37:47.010466+00:00,98.681,0.0005,0.15,0.0,-0.0008,0.0,9047.92,3,124.84,172.846,step
2026-08-31T18:37:47.011674+00:00,98.695,0.0005,0.15,0.0,-0.0008,0.0,9049.03,3,124.292,172.866,step
2026-08-31T18:37:47.012917+00:00,98.71,0.0005,0.15,0.0,-0.0008,0.0,9050.14,3,123.743,172.886,step
2026-08-31T18:37:47.014211+00:00,98.724,0.0005,0.15,0.0,-0.0008,0.0,9051.31,3,123.195,172.906,step
2026-08-31T18:37:47.015475+00:00,98.739,0.0005,0.15,0.0,-0.0009,0.0,9052.53,3,122.647,172.926,step
2026-08-31T18:37:47.016722+00:00,98.753,0.0005,0.15,0.0,-0.0009,0.0,9053.81,3,122.098,172.946,step
2026-08-31T18:37:47.018154+00:00,98.767,0.0005,0.15,0.0,-0.0009,0.0,9055.13,3,121.549,172.966,step
2026-08-31T18:37:47.019458+00:00,98.781,0.0005,0.15,0.0,-0.0009,0.0,9056.51,3,121.001,172.986,step
2026-08-31T18:37:47.020720+00:00,98.796,0.0005,0.15,0.0,-0.0009,0.0,9057.9,3,120.452,173.006,step
2026-08-31T18:37:47.021987+00:00,98.81,0.0005,0.0,0.15,-0.0009,0.0,9059.26,3,119.903,173.026,step
2026-08-31T18:37:47.023280+00:00,98.439,0.0005,0.0,0.15,-0.0009,0.0,8873.14,3,119.358,173.046,step
2026-08-31T18:37:47.024482+00:00,97.862,0.0004,0.0,0.15,-0.0009,-0.0,8817.64,3,118.821,173.066,step
2026-08-31T18:37:47.025906+00:00,97.285,0.0003,0.0,0.15,-0.0009,-0.0001,8763.27,3,118.29,173.086,step
2026-08-31T18:37:47.027151+00:00,96.712,0.0002,0.0,0.15,-0.0009,-0.0002,8709.69,3,117.763,173.106,step
2026-08-31T18:37:47.028363+00:00,96.14,0.0001,0.0,0.15,-0.0009,-0.0003,8659.61,3,117.24,173.126,step
2026-08-31T18:37:47.029546+00:00,95.571,0.0,0.0,0.15,-0.0009,-0.0004,8610.04,3,116.72,173.146,step
2026-08-31T18:37:47.030734+00:00,95.005,-0.0,0.0,0.15,-0.0009,-0.0005,8560.5,3,116.202,173.166,step
2026-08-31T18:37:47.031900+00:00,94.441,-0.0001,0.0,0.15,-0.0008,-0.0006,8510.85,3,115.688,173.186,step
2026-08-31T18:37:47.033150+00:00,93.879,-0.0002,0.0,0.15,-0.0008,-0.0006,8461.06,3,115.176,173.206,step
2026-08-31T18:37:47.034597+00:00,93.32,-0.0003,0.0,0.15,-0.0008,-0.0007,8411.22,3,114.667,173.226,step
2026-08-31T18:37:47.035848+00:00,92.763,-0.0004,0.0,0.15,-0.0007,-0.0008,8361.43,3,114.161,173.246,step
2026-08-31T18:37:47.037076+00:00,92.208,-0.0006,0.0,0.15,-0.0007,-0.0009,8311.71,3,113.658,173.266,step
2026-08-31T18:37:47.038293+00:00,91.655,-0.0006,0.15,0.0,-0.0006,-0.0009,8262.15,3,113.155,173.286,step
2026-08-31T18:37:47.039499+00:00,91.49,-0.0007,0.15,0.0,-0.0006,-0.0009,8393.92,3,112.647,173.306,step
2026-08-31T18:37:47.040752+00:00,91.518,-0.0007,0.15,0.0,-0.0005,-0.0009,8395.18,3,112.134,173.326,step
2026-08-31T18:37:47.042101+00:00,91.547,-0.0006,0.15,0.0,-0.0004,-0.0009,8396.56,3,111.619,173.346,step
2026-08-31T18:37:47.043418+00:00,91.575,-0.0006,0.15,0.0,-0.0004,-0.0008,8398.41,3,111.102,173.366,step
2026-08-31T18:37:47.044650+00:00,91.603,-0.0006,0.15,0.0,-0.0003,-0.0007,8400.84,3,110.586,173.386,step
2026-08-31T18:37:47.045850+00:00,91.631,-0.0006,0.15,0.0,-0.0003,-0.0007,8403.58,3,110.069,173.406,step
2026-08-31T18:37:47.046997+00:00,91.659,-0.0005,0.15,0.0,-0.0002,-0.0006,8406.56,3,109.552,173.426,step
2026-08-31T18:37:47.048186+00:00,91.687,-0.0005,0.15,0.0,-0.0002,-0.0006,8409.48,3,109.036,173.446,step
2026-08-31T18:37:47.049414+00:00,91.715,-0.0005,0.15,0.0,-0.0001,-0.0005,8412.19,3,108.521,173.466,step
2026-08-31T18:37:47.050689+00:00,91.743,-0.0005,0.15,0.0,-0.0001,-0.0005,8414.75,3,108.01,173.486,step
2026-08-31T18:37:47.051955+00:00,91.77,-0.0005,0.15,0.0,-0.0,-0.0005,8417.23,3,107.499,173.506,step
2026-08-31T18:37:47.053171+00:00,91.798,-0.0005,0.15,0.0,0.0,-0.0005,8419.68,3,106.986,173.526,step
2026-08-31T18:37:47.054373+00:00,91.826,-0.0005,0.15,0.0,0.0001,-0.0005,8422.14,3,106.473,173.546,step
2026-08-31T18:37:47.055555+00:00,91.853,-0.0005,0.15,0.0,0.0001,-0.0004,8424.61,3,105.962,173.566,step
2026-08-31T18:37:47.056759+00:00,91.88,-0.0005,0.15,0.0,0.0001,-0.0004,8427.09,3,105.448,173.586,step
2026-08-31T18:37:47.057957+00:00,91.908,-0.0005,0.15,0.0,0.0002,-0.0004,8429.58,3,104.935,173.606,step
2026-08-31T18:37:47.059504+00:00,91.935,-0.0005,0.15,0.0,0.0002,-0.0004,8432.07,3,104.423,173.626,step
2026-08-31T18:37:47.060692+00:00,91.963,-0.0005,0.15,0.0,0.0002,-0.0004,8434.59,3,103.911,173.646,step
2026-08-31T18:37:47.061897+00:00,91.99,-0.0005,0.15,0.0,0.0003,-0.0004,8437.1,3,103.398,173.666,step
2026-08-31T18:37:47.063053+00:00,92.017,-0.0005,0.0,0.15,0.0003,-0.0003,8439.7,3,102.881,173.686,step
2026-08-31T18:37:47.064205+00:00,91.659,-0.0004,0.15,0.0,0.0003,-0.0003,8267.12,3,102.365,173.706,step
2026-08-31T18:37:47.065377+00:00,91.492,-0.0004,0.15,0.0,0.0004,-0.0002,8393.6,3,101.852,173.726,step
2026-08-31T18:37:47.066633+00:00,91.52,-0.0004,0.15,0.0,0.0004,-0.0002,8395.16,3,101.342,173.746,step
2026-08-31T18:37:47.067995+00:00,91.548,-0.0004,0.15,0.0,0.0004,-0.0002,8397.26,3,100.833,173.766,step
2026-08-31T18:37:47.069204+00:00,91.576,-0.0004,0.15,0.0,0.0004,-0.0002,8399.42,3,100.324,173.786,step
2026-08-31T18:37:47.070425+00:00,91.605,-0.0004,0.15,0.0,0.0004,-0.0002,8401.7,3,99.8152,173.806,step
2026-08-31T18:37:47.071673+00:00,91.633,-0.0004,0.15,0.0,0.0005,-0.0002,8404.12,3,99.3061,173.826,step
2026-08-31T18:37:47.072906+00:00,91.66,-0.0005,0.15,0.0,0.0005,-0.0002,8406.67,3,98.797,173.846,step
2026-08-31T18:37:47.074130+00:00,91.688,-0.0005,0.15,0.0,0.0005,-0.0002,8409.32,3,98.2876,173.866,step
2026-08-31T18:37:47.075465+00:00,91.716,-0.0005,0.15,0.0,0.0005,-0.0002,8412.04,3,97.7783,173.886,step
2026-08-31T18:37:47.076770+00:00,91.744,-0.0005,0.15,0.0,0.0005,-0.0002,8414.69,3,97.2686,173.906,step
2026-08-31T18:37:47.077944+00:00,91.772,-0.0005,0.15,0.0,0.0006,-0.0002,8417.27,3,96.7589,173.926,step
2026-08-31T18:37:47.079175+00:00,91.799,-0.0005,0.15,0.0,0.0006,-0.0002,8419.79,3,96.2488,173.946,step
2026-08-31T18:37:47.080345+00:00,91.827,-0.0005,0.15,0.0,0.0006,-0.0002,8422.29,3,95.7389,173.966,step
2026-08-31T18:37:47.081520+00:00,91.855,-0.0005,0.15,0.0,0.0006,-0.0002,8424.8,3,95.2262,173.986,step
2026-08-31T18:37:47.082695+00:00,91.882,-0.0005,0.15,0.0,0.0006,-0.0002,8427.3,3,94.7132,174.006,step
2026-08-31T18:37:47.083981+00:00,91.91,-0.0005,0.15,0.0,0.0006,-0.0002,8429.79,3,94.2015,174.026,step
2026-08-31T18:37:47.085139+00:00,91.937,-0.0005,0.15,0.0,0.0006,-0.0002,8432.28,3,93.6905,174.046,step
2026-08-31T18:37:47.086303+00:00,91.964,-0.0005,0.15,0.0,0.0007,-0.0002,8434.76,3,93.1795,174.066,step
2026-08-31T18:37:47.087542+00:00,91.992,-0.0005,0.15,0.0,0.0007,-0.0002,8437.25,3,92.6684,174.086,step
2026-08-31T18:37:47.088742+00:00,92.019,-0.0005,0.0,0.15,0.0007,-0.0002,8439.75,3,92.1573,174.106,step
2026-08-31T18:37:47.089982+00:00,91.661,-0.0005,0.15,0.0,0.0007,-0.0002,8267.55,3,91.6484,174.126,step
2026-08-31T18:37:47.091197+00:00,91.493,-0.0005,0.15,0.0,0.0007,-0.0002,8393.68,3,91.1404,174.146,step
2026-08-31T18:37:47.092567+00:00,91.522,-0.0005,0.15,0.0,0.0007,-0.0001,8395.28,3,90.6285,174.166,step
2026-08-31T18:37:47.093769+00:00,91.55,-0.0005,0.15,0.0,0.0007,-0.0001,8397.39,3,90.1169,174.186,step
2026-08-31T18:37:47.095026+00:00,91.578,-0.0005,0.15,0.0,0.0007,-0.0001,8399.58,3,89.6071,174.206,step
2026-08-31T18:37:47.096307+00:00,91.606,-0.0005,0.15,0.0,0.0007,-0.0001,8401.87,3,89.0976,174.226,step
2026-08-31T18:37:47.097536+00:00,91.634,-0.0005,0.15,0.0,0.0008,-0.0001,8404.3,3,88.5885,174.246,step
2026-08-31T18:37:47.098722+00:00,91.662,-0.0005,0.15,0.0,0.0008,-0.0001,8406.85,3,88.0792,174.266,step
2026-08-31T18:37:47.099895+00:00,91.69,-0.0005,0.15,0.0,0.0008,-0.0001,8409.48,3,87.5699,174.286,step
2026-08-31T18:37:47.101272+00:00,91.718,-0.0005,0.15,0.0,0.0008,-0.0001,8412.15,3,87.0604,174.306,step
2026-08-31T18:37:47.102499+00:00,91.746,-0.0005,0.15,0.0,0.0008,-0.0001,8414.81,3,86.5508,174.326,step
2026-08-31T18:37:47.103669+00:00,91.773,-0.0005,0.15,0.0,0.0008,-0.0001,8417.39,3,86.041,174.346,step
2026-08-31T18:37:47.104814+00:00,91.801,-0.0005,0.15,0.0,0.0008,-0.0001,8419.93,3,85.5311,174.366,step
2026-08-31T18:37:47.105978+00:00,91.829,-0.0005,0.15,0.0,0.0008,-0.0001,8422.43,3,85.021,174.386,step
2026-08-31T18:37:47.107098+00:00,91.856,-0.0005,0.15,0.0,0.0008,-0.0001,8424.92,3,84.5107,174.406,step
2026-08-31T18:37:47.108513+00:00,91.884,-0.0005,0.15,0.0,0.0008,-0.0001,8427.42,3,84.0003,174.426,step
2026-08-31T18:37:47.109693+00:00,91.911,-0.0005,0.15,0.0,0.0008,-0.0001,8429.91,3,83.4898,174.446,step
2026-08-31T18:37:47.110877+00:00,91.939,-0.0005,0.15,0.0,0.0008,-0.0001,8432.4,3,82.9769,174.466,step
2026-08-31T18:37:47.112072+00:00,91.966,-0.0005,0.15,0.0,0.0008,-0.0,8434.88,3,82.4638,174.486,step
2026-08-31T18:37:47.113237+00:00,91.993,-0.0005,0.15,0.0,0.0008,-0.0,8437.37,3,81.9519,174.506,step
2026-08-31T18:37:47.114401+00:00,92.02,-0.0005,0.0,0.15,0.0008,-0.0,8439.85,3,81.4404,174.526,step
2026-08-31T18:37:47.115594+00:00,91.662,-0.0004,0.15,0.0,0.0008,-0.0,8267.67,3,80.9279,174.546,step
2026-08-31T18:37:47.116859+00:00,91.495,-0.0004,0.15,0.0,0.0008,0.0,8393.78,3,80.4169,174.566,step
2026-08-31T18:37:47.118310+00:00,91.523,-0.0004,0.15,0.0,0.0008,0.0,8395.37,3,79.9076,174.586,step
2026-08-31T18:37:47.119520+00:00,91.551,-0.0004,0.15,0.0,0.0009,0.0,8397.36,3,79.3989,174.606,step
2026-08-31T18:37:47.120662+00:00,91.579,-0.0004,0.15,0.0,0.0008,0.0,8399.56,3,78.89,174.626,step
2026-08-31T18:37:47.121800+00:00,91.607,-0.0004,0.15,0.0,0.0008,0.0,8401.88,3,78.3812,174.646,step
2026-08-31T18:37:47.122928+00:00,91.635,-0.0004,0.15,0.0,0.0008,0.0,8404.33,3,77.8721,174.666,step
2026-08-31T18:37:47.124137+00:00,91.663,-0.0004,0.15,0.0,0.0008,0.0,8406.91,3,77.363,174.686,step
2026-08-31T18:37:47.125522+00:00,91.69,-0.0004,0.15,0.0,0.0008,0.0,8409.59,3,76.8536,174.706,step
2026-08-31T18:37:47.126754+00:00,91.718,-0.0004,0.15,0.0,0.0008,0.0,8412.28,3,76.3442,174.726,step
2026-08-31T18:37:47.127890+00:00,91.746,-0.0004,0.15,0.0,0.0008,0.0,8414.9,3,75.8345,174.746,step
2026-08-31T18:37:47.129079+00:00,91.773,-0.0004,0.15,0.0,0.0008,0.0,8417.45,3,75.3248,174.766,step
2026-08-31T18:37:47.130263+00:00,91.801,-0.0004,0.15,0.0,0.0008,0.0,8419.95,3,74.8148,174.786,step
2026-08-31T18:37:47.131461+00:00,91.829,-0.0004,0.15,0.0,0.0008,0.0,8422.42,3,74.3047,174.806,step
2026-08-31T18:37:47.132718+00:00,91.856,-0.0004,0.15,0.0,0.0008,0.0,8424.91,3,73.7945,174.826,step
2026-08-31T18:37:47.133952+00:00,91.883,-0.0004,0.15,0.0,0.0008,0.0,8427.38,3,73.2841,174.846,step
2026-08-31T18:37:47.135186+00:00,91.911,-0.0004,0.15,0.0,0.0008,0.0,8429.86,3,72.7736,174.866,step
2026-08-31T18:37:47.136340+00:00,91.938,-0.0004,0.15,0.0,0.0008,0.0,8432.34,3,72.2628,174.886,step
2026-08-31T18:37:47.137561+00:00,91.965,-0.0004,0.15,0.0,0.0008,0.0,8434.64,3,71.752,174.906,step
2026-08-31T18:37:47.138794+00:00,91.992,-0.0004,0.15,0.0,0.0008,0.0,8437.14,3,71.241,174.926,step
2026-08-31T18:37:47.140008+00:00,92.019,-0.0004,0.0,0.15,0.0008,0.0,8439.68,3,70.7298,174.946,step
2026-08-31T18:37:47.141346+00:00,91.661,-0.0004,0.15,0.0,0.0008,0.0,8267.6,3,70.2206,174.966,step
2026-08-31T18:37:47.142852+00:00,91.493,-0.0004,0.15,0.0,0.0008,-0.0,8393.71,3,69.7142,174.986,step
2026-08-31T18:37:47.144031+00:00,91.522,-0.0004,0.15,0.0,0.0008,-0.0,8395.3,3,69.2064,175.006,step
2026-08-31T18:37:47.145176+00:00,91.55,-0.0004,0.15,0.0,0.0008,-0.0,8397.38,3,68.6981,175.026,step
2026-08-31T18:37:47.146337+00:00,91.578,-0.0004,0.15,0.0,0.0008,-0.0,8399.57,3,68.1894,175.046,step
2026-08-31T18:37:47.147487+00:00,91.606,-0.0004,0.15,0.0,0.0008,-0.0,8401.84,3,67.6806,175.066,step
2026-08-31T18:37:47.148669+00:00,91.633,-0.0004,0.15,0.0,0.0008,-0.0,8404.24,3,67.1716,175.086,step
2026-08-31T18:37:47.150063+00:00,91.661,-0.0004,0.15,0.0,0.0008,-0.0,8406.75,3,66.6624,175.106,step
2026-08-31T18:37:47.151284+00:00,91.689,-0.0004,0.15,0.0,0.0008,-0.0,8409.34,3,66.1531,175.126,step
2026-08-31T18:37:47.152460+00:00,91.716,-0.0004,0.15,0.0,0.0008,-0.0,8412.01,3,65.6436,175.146,step
2026-08-31T18:37:47.153627+00:00,91.743,-0.0004,0.15,0.0,0.0008,-0.0,8414.62,3,65.134,175.166,step
2026-08-31T18:37:47.154783+00:00,91.771,-0.0004,0.15,0.0,0.0008,-0.0,8417.19,3,64.6242,175.186,step
2026-08-31T18:37:47.155950+00:00,91.798,-0.0004,0.15,0.0,0.0008,-0.0,8419.41,3,64.1143,175.206,step
2026-08-31T18:37:47.157155+00:00,91.826,-0.0004,0.15,0.0,0.0008,-0.0,8421.93,3,63.6042,175.226,step
2026-08-31T18:37:47.158363+00:00,91.853,-0.0004,0.15,0.0,0.0008,-0.0,8424.5,3,63.094,175.246,step
2026-08-31T18:37:47.159763+00:00,91.88,-0.0004,0.15,0.0,0.0008,-0.0,8427.05,3,62.5836,175.266,step
2026-08-31T18:37:47.160915+00:00,91.907,-0.0004,0.15,0.0,0.0008,-0.0,8429.57,3,62.0731,175.286,step
2026-08-31T18:37:47.162100+00:00,91.934,-0.0004,0.15,0.0,0.0008,-0.0,8432.06,3,61.5624,175.306,step
2026-08-31T18:37:47.163283+00:00,91.961,-0.0004,0.15,0.0,0.0008,-0.0,8434.53,3,61.0515,175.326,step
2026-08-31T18:37:47.164484+00:00,91.988,-0.0004,0.15,0.0,0.0008,-0.0,8436.99,3,60.5406,175.346,step
2026-08-31T18:37:47.165683+00:00,92.015,-0.0004,0.0,0.15,0.0008,-0.0,8439.45,3,60.0294,175.366,step
2026-08-31T18:37:47.167028+00:00,91.656,-0.0004,0.0,0.15,0.0008,-0.0,8267.1,3,59.518,175.386,step
2026-08-31T18:37:47.168328+00:00,91.103,-0.0004,0.0,0.15,0.0008,0.0,8214.3,3,59.0073,175.406,step
2026-08-31T18:37:47.169577+00:00,90.551,-0.0003,0.0,0.15,0.0008,0.0001,8162.7,3,58.4988,175.426,step
2026-08-31T18:37:47.170753+00:00,90.001,-0.0002,0.0,0.15,0.0008,0.0002,8112.74,3,57.9931,175.446,step
2026-08-31T18:37:47.171930+00:00,89.454,-0.0002,0.0,0.15,0.0008,0.0002,8063.9,3,57.4903,175.466,step
2026-08-31T18:37:47.173143+00:00,88.909,-0.0001,0.0,0.15,0.0008,0.0003,8015.63,3,56.9907,175.486,step
2026-08-31T18:37:47.174319+00:00,88.366,-0.0,0.0,0.15,0.0008,0.0004,7968.58,3,56.4942,175.506,step
2026-08-31T18:37:47.175631+00:00,87.825,0.0,0.0,0.15,0.0008,0.0004,7920.23,3,56.001,175.526,step
2026-08-31T18:37:47.176820+00:00,87.287,0.0001,0.0,0.15,0.0007,0.0005,7871.95,3,55.5107,175.546,step
2026-08-31T18:37:47.177992+00:00,86.751,0.0002,0.0,0.15,0.0007,0.0005,7823.81,3,55.0237,175.566,step
2026-08-31T18:37:47.179152+00:00,86.216,0.0003,0.0,0.15,0.0007,0.0006,7775.81,3,54.5397,175.586,step
2026-08-31T18:37:47.180309+00:00,85.683,0.0003,0.0,0.15,0.0006,0.0007,7727.97,3,54.0589,175.606,step
2026-08-31T18:37:47.181518+00:00,85.151,0.0004,0.0,0.15,0.0006,0.0007,7680.29,3,53.5811,175.626,step
2026-08-31T18:37:47.182714+00:00,84.621,0.0005,0.0,0.15,0.0006,0.0008,7632.78,3,53.1064,175.646,step
2026-08-31T18:37:47.184035+00:00,84.092,0.0006,0.0,0.15,0.0005,0.0008,7585.43,3,52.6347,175.666,step
2026-08-31T18:37:47.185284+00:00,83.564,0.0006,0.0,0.15,0.0005,0.0008,7538.23,3,52.1674,175.686,step
2026-08-31T18:37:47.186440+00:00,83.038,0.0006,0.0,0.15,0.0004,0.0009,7491.15,3,51.7046,175.706,step
2026-08-31T18:37:47.187618+00:00,82.514,0.0007,0.0,0.15,0.0004,0.0008,7444.28,3,51.2452,175.726,step
2026-08-31T18:37:47.188828+00:00,81.992,0.0007,0.0,0.15,0.0003,0.0008,7397.56,3,50.789,175.746,step
2026-08-31T18:37:47.190033+00:00,81.471,0.0007,0.0,0.15,0.0003,0.0008,7350.94,3,50.3358,175.766,step
2026-08-31T18:37:47.191206+00:00,80.952,0.0007,0.0,0.15,0.0002,0.0008,7304.43,3,49.8856,175.786,step
2026-08-31T18:37:47.192601+00:00,80.435,0.0007,0.0,0.15,0.0002,0.0008,7258.02,3,49.4383,175.806,step
2026-08-31T18:37:47.193773+00:00,79.918,0.0007,0.0,0.15,0.0001,0.0008,7212.46,2,48.9939,175.826,step
2026-08-31T18:37:47.194908+00:00,79.422,0.0007,0.0,0.15,0.0001,0.0008,9066.56,2,48.5528,175.846,step
2026-08-31T18:37:47.196079+00:00,78.941,0.0007,0.0,0.15,0.0,0.0007,9044.96,2,48.1153,175.866,step
2026-08-31T18:37:47.197254+00:00,78.442,0.0007,0.0,0.15,-0.0,0.0007,8889.2,2,47.6812,175.886,step
2026-08-31T18:37:47.198405+00:00,77.871,0.0006,0.0,0.15,-0.0001,0.0006,8820.3,2,47.2528,175.906,step
2026-08-31T18:37:47.199564+00:00,77.3,0.0005,0.0,0.15,-0.0001,0.0004,8755.86,2,46.8294,175.926,step
2026-08-31T18:37:47.200760+00:00,76.733,0.0004,0.0,0.15,-0.0001,0.0003,8692.31,2,46.4086,175.946,step
2026-08-31T18:37:47.202081+00:00,76.168,0.0003,0.0,0.15,-0.0002,0.0002,8629.41,2,45.9898,175.966,step
2026-08-31T18:37:47.203207+00:00,75.606,0.0002,0.0,0.15,-0.0002,0.0001,8567.01,2,45.5737,175.986,step
2026-08-31T18:37:47.204371+00:00,75.048,0.0001,0.0,0.15,-0.0002,0.0,8504.95,2,45.1603,176.006,step
2026-08-31T18:37:47.205526+00:00,74.491,0.2,0.0,0.15,-0.0002,-0.0001,8443.15,2,44.7498,176.026,step
2026-08-31T18:37:47.206673+00:00,73.948,0.1978,0.0,0.15,-0.0,-0.0022,8382.29,2,44.4484,176.046,step
2026-08-31T18:37:47.207846+00:00,73.354,0.1914,0.0,0.15,0.0007,-0.0082,8314.1,2,44.3529,176.066,step
2026-08-31T18:37:47.209179+00:00,72.778,0.1827,0.0,0.15,0.002,-0.0163,8246.42,2,44.3517,176.086,step
2026-08-31T18:37:47.210400+00:00,72.217,0.1731,0.0,0.15,0.0039,-0.025,8181.77,2,44.3767,176.106,step
2026-08-31T18:37:47.211578+00:00,71.663,0.1631,0.0,0.15,0.0062,-0.0338,8119.18,2,44.3933,176.126,step
2026-08-31T18:37:47.212731+00:00,71.113,0.1532,0.0,0.15,0.0091,-0.0422,8057.86,2,44.3865,176.146,step
2026-08-31T18:37:47.213864+00:00,70.566,0.1436,0.0,0.15,0.0124,-0.0502,7997.25,2,44.3513,176.166,step
2026-08-31T18:37:47.215004+00:00,70.022,0.1342,0.0,0.15,0.0161,-0.0577,7937.47,2,44.2881,176.186,step
2026-08-31T18:37:47.216137+00:00,69.479,0.1252,0.0,0.15,0.0203,-0.0647,7881.11,2,44.1965,176.206,step
2026-08-31T18:37:47.217463+00:00,68.941,0.1165,0.0,0.15,0.0248,-0.0711,7821.37,2,44.0784,176.226,step
2026-08-31T18:37:47.218586+00:00,68.406,-0.2918,0.0,0.15,0.0297,-0.077,7760.92,2,43.9385,176.246,step
2026-08-31T18:37:47.219708+00:00,67.903,-0.2977,0.0,0.15,0.0347,-0.0803,7704.52,2,43.6929,176.266,step
2026-08-31T18:37:47.220850+00:00,67.352,-0.2969,0.0,0.15,0.0393,-0.0773,7646.01,2,43.1972,176.286,step
2026-08-31T18:37:47.221954+00:00,66.756,0.1085,0.0,0.15,0.0431,-0.0699,7575.97,2,42.5284,176.306,step
2026-08-31T18:37:47.223086+00:00,66.207,0.1149,0.0,0.15,0.0465,-0.0619,7510.1,2,41.8346,176.326,step
2026-08-31T18:37:47.224208+00:00,65.685,0.1152,0.0,0.15,0.0501,-0.0597,7457.51,2,41.382,176.346,step
2026-08-31T18:37:47.225568+00:00,65.135,0.1112,0.0,0.15,0.0539,-0.0618,7396.57,2,41.1028,176.366,step
2026-08-31T18:37:47.226742+00:00,64.608,0.1052,0.0,0.15,0.0581,-0.0658,7336.64,2,40.8979,176.386,step
2026-08-31T18:37:47.227932+00:00,64.091,-0.3015,0.0,0.15,0.0625,-0.0702,7278.47,2,40.7141,176.406,step
2026-08-31T18:37:47.229100+00:00,63.607,-0.306,0.0,0.15,0.067,-0.0725,7224.02,2,40.4481,176.426,step
2026-08-31T18:37:47.230246+00:00,63.068,-0.3045,0.0,0.15,0.0708,-0.0691,7165.53,2,39.9646,176.446,step
2026-08-31T18:37:47.231417+00:00,62.488,0.1014,0.0,0.15,0.074,-0.0616,7097.13,2,39.3328,176.466,step
2026-08-31T18:37:47.232545+00:00,61.956,0.108,0.0,0.15,0.0767,-0.0537,7034.07,2,38.6864,176.486,step
2026-08-31T18:37:47.233777+00:00,61.45,0.1086,0.0,0.15,0.0795,-0.0516,6982.92,2,38.2644,176.506,step
2026-08-31T18:37:47.234881+00:00,60.919,0.1051,0.0,0.15,0.0826,-0.0536,6923.24,2,37.9977,176.526,step
2026-08-31T18:37:47.235998+00:00,60.41,0.0998,0.0,0.15,0.0861,-0.0571,6865.18,2,37.7936,176.546,step
2026-08-31T18:37:47.237107+00:00,59.908,0.094,0.0,0.15,0.0897,-0.0611,6810.86,2,37.6056,176.566,step
2026-08-31T18:37:47.238210+00:00,59.411,0.0882,0.0,0.15,0.0936,-0.065,6754.75,2,37.416,176.586,step
2026-08-31T18:37:47.239325+00:00,58.916,-0.3175,0.0,0.15,0.0976,-0.0687,6698.62,2,37.2199,176.606,step
2026-08-31T18:37:47.240448+00:00,58.451,-0.3209,0.0,0.15,0.1015,-0.0702,6644.87,2,36.9461,176.626,step
2026-08-31T18:37:47.241629+00:00,57.926,0.0812,0.0,0.15,0.1049,-0.0663,6586.46,2,36.4875,176.646,step
2026-08-31T18:37:47.242992+00:00,57.369,0.0858,0.0,0.15,0.1077,-0.0603,6520.39,2,35.9579,176.666,step
2026-08-31T18:37:47.244071+00:00,56.879,0.0858,0.0,0.15,0.1107,-0.0589,6468.07,2,35.59,176.686,step
2026-08-31T18:37:47.245224+00:00,56.375,0.0824,0.0,0.15,0.114,-0.0606,6411.0,2,35.3348,176.706,step
2026-08-31T18:37:47.246330+00:00,55.886,0.0779,0.0,0.15,0.1174,-0.0634,6355.69,2,35.1176,176.726,step
2026-08-31T18:37:47.247456+00:00,55.402,0.0732,0.0,0.15,0.121,-0.0663,6301.32,2,34.9082,176.746,step
2026-08-31T18:37:47.248578+00:00,54.921,0.0685,0.0,0.15,0.1248,-0.0692,6247.29,2,34.697,176.766,step
2026-08-31T18:37:47.249961+00:00,54.442,0.0639,0.0,0.15,0.1286,-0.0718,6193.41,2,34.4813,176.786,step
2026-08-31T18:37:47.251123+00:00,53.965,0.0594,0.0,0.15,0.1326,-0.0743,6139.58,2,34.2612,176.806,step
2026-08-31T18:37:47.252283+00:00,53.489,0.0551,0.0,0.15,0.1366,-0.0766,6085.8,2,34.0366,176.826,step
2026-08-31T18:37:47.253459+00:00,53.014,0.051,0.0,0.15,0.1406,-0.0787,6032.16,2,33.8082,176.846,step
2026-08-31T18:37:47.254606+00:00,52.541,0.047,0.0,0.15,0.1448,-0.0806,5978.68,2,33.5765,176.866,step
2026-08-31T18:37:47.255735+00:00,52.069,0.0432,0.0,0.15,0.1489,-0.0824,5925.37,2,33.3417,176.886,step
2026-08-31T18:37:47.256856+00:00,51.598,0.0395,0.0,0.15,0.1531,-0.084,5872.21,2,33.1042,176.906,step
2026-08-31T18:37:47.258172+00:00,51.129,0.0359,0.0,0.15,0.1573,-0.0855,5819.21,2,32.864,176.926,step
2026-08-31T18:37:47.259392+00:00,50.662,0.0325,0.0,0.15,0.1615,-0.0868,5766.33,2,32.6218,176.946,step
2026-08-31T18:37:47.260544+00:00,50.195,0.0292,0.0,0.15,0.1658,-0.088,5713.58,2,32.3777,176.966,step
2026-08-31T18:37:47.261694+00:00,49.73,0.026,0.0,0.15,0.17,-0.089,5660.54,1,32.132,176.986,step
2026-08-31T18:37:47.262814+00:00,49.273,0.0229,0.0,0.15,0.1742,-0.09,7595.5,1,31.8852,177.006,step
2026-08-31T18:37:47.263924+00:00,48.818,0.02,0.0,0.15,0.1784,-0.0908,7584.48,1,31.6374,177.026,step
2026-08-31T18:37:47.265035+00:00,48.348,0.0172,0.0,0.15,0.1826,-0.0915,7368.99,1,31.3887,177.046,step
2026-08-31T18:37:47.266210+00:00,47.835,0.0144,0.0,0.15,0.1868,-0.0922,7292.73,1,31.1404,177.066,step
2026-08-31T18:37:47.267748+00:00,47.325,0.0118,0.0,0.15,0.1909,-0.0927,7216.16,1,30.8921,177.086,step
2026-08-31T18:37:47.268859+00:00,46.818,0.0093,0.15,0.0,0.195,-0.0932,7140.17,1,30.6441,177.106,step
2026-08-31T18:37:47.269994+00:00,46.821,0.0069,0.15,0.0,0.1991,-0.0935,7326.13,1,30.3941,177.126,step
2026-08-31T18:37:47.271175+00:00,46.953,0.0046,0.15,0.0,0.2032,-0.0938,7342.83,1,30.1402,177.146,step
2026-08-31T18:37:47.272319+00:00,47.084,0.0024,0.0,0.15,0.2073,-0.0939,7360.44,1,29.8837,177.166,step
2026-08-31T18:37:47.273417+00:00,46.716,0.0002,0.15,0.0,0.2114,-0.094,7136.23,1,29.6255,177.186,step
2026-08-31T18:37:47.274499+00:00,46.708,-0.0018,0.15,0.0,0.2155,-0.0941,7302.96,1,29.3669,177.206,step
2026-08-31T18:37:47.275800+00:00,46.838,-0.0038,0.15,0.0,0.2196,-0.094,7323.41,1,29.1063,177.226,step
2026-08-31T18:37:47.276892+00:00,46.969,-0.0058,0.15,0.0,0.2237,-0.0939,7343.57,1,28.8435,177.246,step
2026-08-31T18:37:47.278026+00:00,47.099,-0.0077,0.0,0.15,0.2277,-0.0938,7363.77,1,28.5785,177.266,step
2026-08-31T18:37:47.279191+00:00,46.733,-0.0095,0.15,0.0,0.2318,-0.0936,7134.44,1,28.3122,177.286,step
2026-08-31T18:37:47.280338+00:00,46.719,-0.0112,0.15,0.0,0.2358,-0.0933,7308.31,1,28.0461,177.306,step
2026-08-31T18:37:47.281556+00:00,46.851,-0.0129,0.15,0.0,0.2398,-0.093,7327.11,1,27.7788,177.326,step
2026-08-31T18:37:47.282687+00:00,46.982,-0.0146,0.0,0.15,0.2437,-0.0927,7346.56,1,27.5095,177.346,step
2026-08-31T18:37:47.284039+00:00,46.612,-0.0161,0.0,0.15,0.2477,-0.0923,7116.75,1,27.2387,177.366,step
2026-08-31T18:37:47.285187+00:00,46.108,-0.0176,0.0,0.15,0.2516,-0.0918,7035.89,1,26.9688,177.386,step
2026-08-31T18:37:47.286333+00:00,45.607,-0.0189,0.0,0.15,0.2554,-0.0912,6958.19,1,26.7003,177.406,step
2026-08-31T18:37:47.287476+00:00,45.11,-0.0202,0.0,0.15,0.2591,-0.0906,6882.7,1,26.4336,177.426,step
2026-08-31T18:37:47.288584+00:00,44.616,-0.0214,0.0,0.15,0.2628,-0.09,6808.65,1,26.169,177.446,step
2026-08-31T18:37:47.289704+00:00,44.126,-0.0225,0.0,0.15,0.2664,-0.0894,6735.45,1,25.9068,177.466,step
2026-08-31T18:37:47.290796+00:00,43.638,-0.0236,0.0,0.15,0.2699,-0.0887,6662.64,1,25.6466,177.486,step
2026-08-31T18:37:47.292078+00:00,43.155,-0.0246,0.0,0.15,0.2733,-0.0879,6585.92,1,25.3885,177.506,step
2026-08-31T18:37:47.293302+00:00,42.672,-0.0255,0.0,0.15,0.2767,-0.0872,6515.33,1,25.1326,177.526,step
2026-08-31T18:37:47.294431+00:00,42.192,-0.0264,0.0,0.15,0.28,-0.0864,6444.37,1,24.8792,177.546,step
2026-08-31T18:37:47.295574+00:00,41.714,-0.0273,0.0,0.15,0.2832,-0.0857,6373.15,1,24.6285,177.566,step
2026-08-31T18:37:47.296698+00:00,41.239,-0.0281,0.15,0.0,0.2864,-0.0849,6302.04,1,24.3806,177.586,step
2026-08-31T18:37:47.297880+00:00,41.249,-0.0289,0.0,0.15,0.2895,-0.0842,6454.36,1,24.1347,177.606,step
2026-08-31T18:37:47.298983+00:00,40.891,-0.0297,0.0,0.15,0.2925,-0.0834,6253.82,1,23.8893,177.626,step
2026-08-31T18:37:47.300126+00:00,40.419,-0.0304,0.0,0.15,0.2955,-0.0826,6181.6,1,23.6454,177.646,step
2026-08-31T18:37:47.301538+00:00,39.949,-0.031,0.0,0.15,0.2985,-0.0818,6108.71,1,23.4041,177.666,step
2026-08-31T18:37:47.302679+00:00,39.481,-0.0316,0.0,0.15,0.3013,-0.081,6036.68,1,23.1653,177.686,step
2026-08-31T18:37:47.303837+00:00,39.015,-0.0322,0.0,0.15,0.3041,-0.0801,5965.67,1,22.9289,177.706,step
2026-08-31T18:37:47.304972+00:00,38.551,-0.0327,0.0,0.15,0.3068,-0.0793,5895.43,1,22.6952,177.726,step
2026-08-31T18:37:47.306143+00:00,38.09,-0.0331,0.0,0.15,0.3095,-0.0784,5825.69,1,22.464,177.746,step
2026-08-31T18:37:47.307314+00:00,37.63,-0.0336,0.15,0.0,0.3121,-0.0776,5756.29,1,22.2356,177.766,step
2026-08-31T18:37:47.308564+00:00,37.652,-0.034,0.0,0.15,0.3146,-0.0767,5890.9,1,22.0094,177.786,step
2026-08-31T18:37:47.309835+00:00,37.297,-0.0345,0.0,0.15,0.3171,-0.0759,5708.71,1,21.7839,177.806,step
2026-08-31T18:37:47.311000+00:00,36.842,-0.0348,0.0,0.15,0.3195,-0.0751,5639.35,1,21.5606,177.826,step
2026-08-31T18:37:47.312173+00:00,36.389,-0.0352,0.0,0.15,0.3219,-0.0742,5569.2,1,21.3399,177.846,step
2026-08-31T18:37:47.313302+00:00,35.937,-0.0355,0.0,0.15,0.3242,-0.0734,5499.53,1,21.1218,177.866,step
2026-08-31T18:37:47.314444+00:00,35.485,-0.0358,0.0,0.15,0.3265,-0.0725,5430.55,1,20.9066,177.886,step
2026-08-31T18:37:47.315577+00:00,35.035,-0.036,0.15,0.0,0.3287,-0.0717,5362.21,1,20.6939,177.906,step
2026-08-31T18:37:47.316954+00:00,35.062,-0.0363,0.0,0.15,0.3309,-0.0709,5484.91,1,20.4833,177.926,step
2026-08-31T18:37:47.318155+00:00,34.71,-0.0366,0.0,0.15,0.333,-0.0701,5315.01,1,20.2735,177.946,step
2026-08-31T18:37:47.319363+00:00,34.263,-0.0368,0.0,0.15,0.3351,-0.0692,5247.31,1,20.0657,177.966,step
2026-08-31T18:37:47.320554+00:00,33.818,-0.0369,0.0,0.15,0.3371,-0.0684,5235.99,1,19.8605,177.986,step
2026-08-31T18:37:47.321769+00:00,33.374,-0.0267,0.0,0.15,0.3389,-0.0573,5235.99,1,19.6582,178.006,step
2026-08-31T18:37:47.323055+00:00,32.931,-0.0165,0.8,0.0,0.3403,-0.0464,5235.99,1,19.4611,178.026,step
2026-08-31T18:37:47.324248+00:00,33.347,-0.0065,0.0,0.15,0.3415,-0.0357,5840.81,1,19.2686,178.046,step
2026-08-31T18:37:47.325615+00:00,33.251,0.0037,0.0,0.15,0.3424,-0.0252,5235.99,1,19.0784,178.066,step
2026-08-31T18:37:47.326923+00:00,32.811,0.0136,0.0,0.15,0.3429,-0.015,5235.99,1,18.8946,178.086,step
2026-08-31T18:37:47.328132+00:00,32.367,0.0233,0.0,0.15,0.3433,-0.0051,5235.99,1,18.7173,178.106,step
2026-08-31T18:37:47.329309+00:00,31.923,0.0327,0.0,0.15,0.3433,0.0044,5235.99,1,18.5462,178.126,step
2026-08-31T18:37:47.330475+00:00,31.481,0.042,0.0,0.15,0.3431,0.0136,5235.99,1,18.3814,178.146,step
2026-08-31T18:37:47.331643+00:00,31.037,0.051,0.0,0.15,0.3427,0.0224,5235.99,1,18.2224,178.166,step
2026-08-31T18:37:47.332910+00:00,30.594,0.0598,0.8,0.0,0.3421,0.0309,5235.99,1,18.0689,178.186,step
2026-08-31T18:37:47.334200+00:00,31.017,0.0685,0.0,0.15,0.3413,0.0392,5406.03,1,17.9189,178.206,step
2026-08-31T18:37:47.335408+00:00,30.889,0.0772,0.0,0.15,0.3403,0.0474,5235.99,1,17.7697,178.226,step
2026-08-31T18:37:47.336584+00:00,30.448,0.0858,0.0,0.15,0.3391,0.0554,5235.99,1,17.6249,178.246,step
2026-08-31T18:37:47.337759+00:00,30.004,0.0941,0.0,0.15,0.3377,0.063,5235.99,1,17.4852,178.266,step
2026-08-31T18:37:47.338917+00:00,29.56,0.1023,0.0,0.15,0.3362,0.0704,5235.99,1,17.3504,178.286,step
2026-08-31T18:37:47.340124+00:00,29.117,0.1102,0.8,0.0,0.3346,0.0774,5235.99,1,17.2203,178.306,step
2026-08-31T18:37:47.341342+00:00,29.557,0.1179,0.0,0.15,0.3327,0.0843,5235.99,1,17.0931,178.326,step
2026-08-31T18:37:47.342743+00:00,29.416,0.1258,0.0,0.15,0.3307,0.0911,5235.99,1,16.9659,178.346,step
2026-08-31T18:37:47.343927+00:00,28.973,0.1334,0.0,0.15,0.3286,0.0977,5235.99,1,16.8427,178.366,step
2026-08-31T18:37:47.345121+00:00,28.529,0.1408,0.0,0.15,0.3264,0.104,5235.99,1,16.7237,178.386,step
2026-08-31T18:37:47.346259+00:00,28.085,0.1481,0.8,0.0,0.3241,0.1101,5235.99,1,16.609,178.406,step
2026-08-31T18:37:47.347422+00:00,28.533,0.1551,0.0,0.15,0.3216,0.1159,5235.99,1,16.4968,178.426,step
2026-08-31T18:37:47.348597+00:00,28.39,0.1623,0.0,0.15,0.319,0.1218,5235.99,1,16.3841,178.446,step
2026-08-31T18:37:47.349957+00:00,27.946,0.1693,0.0,0.15,0.3163,0.1274,5235.99,1,16.2748,178.466,step
2026-08-31T18:37:47.351190+00:00,27.502,0.176,0.0,0.15,0.3136,0.1328,5235.99,1,16.1693,178.486,step
2026-08-31T18:37:47.352498+00:00,27.058,0.1826,0.8,0.0,0.3107,0.1379,5235.99,1,16.0676,178.506,step
2026-08-31T18:37:47.353683+00:00,27.513,0.189,0.0,0.15,0.3078,0.1429,5235.99,1,15.9683,178.526,step
2026-08-31T18:37:47.354917+00:00,27.368,0.1955,0.0,0.15,0.3047,0.1479,5235.99,1,15.868,178.546,step
2026-08-31T18:37:47.356132+00:00,26.924,0.2018,0.0,0.15,0.3016,0.1527,5235.99,1,15.7707,178.566,step
2026-08-31T18:37:47.357357+00:00,26.48,0.208,0.8,0.0,0.2985,0.1572,5235.99,1,15.6768,178.586,step
2026-08-31T18:37:47.358760+00:00,26.942,0.2139,0.0,0.15,0.2952,0.1616,5235.99,1,15.5852,178.606,step
2026-08-31T18:37:47.360120+00:00,26.793,0.22,0.0,0.15,0.2919,0.166,5235.99,1,15.4924,178.626,step
2026-08-31T18:37:47.361352+00:00,26.347,0.2259,0.0,0.15,0.2885,0.1702,5235.99,1,15.4026,178.646,step
2026-08-31T18:37:47.362592+00:00,25.903,0.2316,0.8,0.0,0.2851,0.1742,5235.99,1,15.3161,178.666,step
2026-08-31T18:37:47.363812+00:00,26.367,0.2372,0.0,0.15,0.2816,0.178,5235.99,1,15.2317,178.686,step
2026-08-31T18:37:47.365050+00:00,26.219,0.2428,0.0,0.15,0.278,0.1818,5235.99,1,15.146,178.706,step
2026-08-31T18:37:47.366294+00:00,25.772,0.2487,0.0,0.15,0.2744,0.1859,5235.99,1,15.0629,178.726,step
2026-08-31T18:37:47.367660+00:00,25.328,0.2543,0.8,0.0,0.2707,0.1897,5235.99,1,14.9831,178.746,step
2026-08-31T18:37:47.368895+00:00,25.796,0.2599,0.0,0.15,0.2671,0.1934,5235.99,1,14.9052,178.766,step
2026-08-31T18:37:47.370090+00:00,25.647,0.2655,0.0,0.15,0.2632,0.1971,5235.99,1,14.8259,178.786,step
2026-08-31T18:37:47.371296+00:00,25.2,0.271,0.0,0.15,0.2594,0.2007,5235.99,1,14.7491,178.806,step
2026-08-31T18:37:47.372463+00:00,24.756,0.2762,0.8,0.0,0.2556,0.204,5235.99,1,14.6753,178.826,step
2026-08-31T18:37:47.373684+00:00,25.227,0.2813,0.0,0.15,0.2518,0.2072,5235.99,1,14.6035,178.846,step
2026-08-31T18:37:47.374937+00:00,25.077,0.2865,0.0,0.15,0.2478,0.2104,5235.99,1,14.5301,178.866,step
2026-08-31T18:37:47.376427+00:00,24.629,0.2916,0.0,0.15,0.2438,0.2135,5235.99,1,14.4592,178.886,step
2026-08-31T18:37:47.377623+00:00,24.185,0.2964,0.8,0.0,0.2399,0.2164,5235.99,1,14.3912,178.906,step
2026-08-31T18:37:47.378791+00:00,24.66,0.3012,0.0,0.15,0.236,0.2191,5235.99,1,14.3249,178.926,step
2026-08-31T18:37:47.379993+00:00,24.509,0.306,0.0,0.15,0.2319,0.2219,5235.99,1,14.2569,178.946,step
2026-08-31T18:37:47.381220+00:00,24.06,0.3107,0.0,0.15,0.2278,0.2246,5235.99,1,14.1911,178.966,step
2026-08-31T18:37:47.382425+00:00,23.616,0.3151,0.8,0.0,0.2238,0.2271,5235.99,1,14.1281,178.986,step
2026-08-31T18:37:47.383783+00:00,24.094,0.3195,0.0,0.15,0.2198,0.2294,5235.99,1,14.0668,179.006,step
2026-08-31T18:37:47.384979+00:00,23.942,0.324,0.0,0.15,0.2156,0.2318,5235.99,1,14.0036,179.026,step
2026-08-31T18:37:47.386152+00:00,23.493,0.3283,0.8,0.0,0.2115,0.2341,5235.99,1,13.9427,179.046,step
2026-08-31T18:37:47.387322+00:00,23.981,0.3325,0.0,0.15,0.2074,0.2362,5235.99,1,13.8836,179.066,step
2026-08-31T18:37:47.388456+00:00,23.82,0.3368,0.0,0.15,0.2032,0.2383,5235.99,1,13.8227,179.086,step
2026-08-31T18:37:47.389588+00:00,23.369,0.3409,0.0,0.15,0.199,0.2404,5235.99,1,13.7642,179.106,step
2026-08-31T18:37:47.390740+00:00,22.925,0.3448,0.8,0.0,0.1949,0.2422,5235.99,1,13.7082,179.126,step
2026-08-31T18:37:47.392006+00:00,23.405,0.3486,0.0,0.15,0.1907,0.244,5235.99,1,13.6539,179.146,step
2026-08-31T18:37:47.393347+00:00,23.253,0.3525,0.0,0.15,0.1865,0.2458,5235.99,1,13.5978,179.166,step
2026-08-31T18:37:47.394539+00:00,22.803,0.3563,0.8,0.0,0.1823,0.2475,5235.99,1,13.5437,179.186,step
2026-08-31T18:37:47.395693+00:00,23.294,0.3599,0.0,0.15,0.1781,0.249,5235.99,1,13.4913,179.206,step
2026-08-31T18:37:47.396833+00:00,23.133,0.3637,0.0,0.15,0.1738,0.2506,5235.99,1,13.437,179.226,step
2026-08-31T18:37:47.397984+00:00,22.681,0.3673,0.8,0.0,0.1696,0.2521,5235.99,1,13.3849,179.246,step
2026-08-31T18:37:47.399206+00:00,23.173,0.3708,0.0,0.15,0.1653,0.2534,5235.99,1,13.3346,179.266,step
2026-08-31T18:37:47.400615+00:00,23.012,0.3743,0.0,0.15,0.161,0.2548,5235.99,1,13.2825,179.286,step
2026-08-31T18:37:47.401823+00:00,22.56,0.3778,0.0,0.15,0.1568,0.2561,5235.99,1,13.2324,179.306,step
2026-08-31T18:37:47.403031+00:00,22.116,0.381,0.8,0.0,0.1526,0.2573,5235.99,1,13.1846,179.326,step
2026-08-31T18:37:47.404209+00:00,22.6,0.3841,0.0,0.15,0.1484,0.2583,5235.99,1,13.1384,179.346,step
2026-08-31T18:37:47.405393+00:00,22.447,0.3874,0.0,0.15,0.1441,0.2595,5235.99,1,13.0902,179.366,step
2026-08-31T18:37:47.406612+00:00,21.996,0.3905,0.8,0.0,0.1399,0.2605,5235.99,1,13.0437,179.386,step
2026-08-31T18:37:47.407940+00:00,22.493,0.3935,0.0,0.15,0.1357,0.2614,5235.99,1,12.999,179.406,step
2026-08-31T18:37:47.409316+00:00,22.33,0.3966,0.0,0.15,0.1314,0.2623,5235.99,1,12.9524,179.426,step
2026-08-31T18:37:47.410641+00:00,21.877,0.3996,0.8,0.0,0.1272,0.2632,5235.99,1,12.9077,179.446,step
2026-08-31T18:37:47.411854+00:00,22.373,0.4024,0.0,0.15,0.123,0.2639,5235.99,1,12.8648,179.466,step
2026-08-31T18:37:47.413044+00:00,22.211,0.4054,0.0,0.15,0.1187,0.2647,5235.99,1,12.8198,179.486,step
2026-08-31T18:37:47.414237+00:00,21.758,0.4082,0.0,0.15,0.1145,0.2655,5235.99,1,12.7767,179.506,step
2026-08-31T18:37:47.415433+00:00,21.313,0.4109,0.8,0.0,0.1104,0.2661,5235.99,1,12.7356,179.526,step
2026-08-31T18:37:47.416713+00:00,21.801,0.4134,0.0,0.15,0.1063,0.2666,5235.99,1,12.6961,179.546,step
2026-08-31T18:37:47.418105+00:00,21.648,0.4161,0.0,0.15,0.1021,0.2671,5235.99,1,12.6545,179.566,step
2026-08-31T18:37:47.419341+00:00,21.195,0.4187,0.8,0.0,0.098,0.2677,5235.99,1,12.6145,179.586,step
2026-08-31T18:37:47.420630+00:00,21.696,0.4211,0.0,0.15,0.0939,0.268,5235.99,1,12.5763,179.606,step
2026-08-31T18:37:47.421821+00:00,21.531,0.4236,0.0,0.15,0.0897,0.2685,5235.99,1,12.5359,179.626,step
2026-08-31T18:37:47.423043+00:00,21.077,0.4261,0.8,0.0,0.0856,0.2689,5235.99,1,12.4974,179.646,step
2026-08-31T18:37:47.424257+00:00,21.578,0.4284,0.0,0.15,0.0815,0.2691,5235.99,1,12.4606,179.666,step
2026-08-31T18:37:47.425630+00:00,21.413,0.4311,0.0,0.15,0.0774,0.2697,5235.99,1,12.4216,179.686,step
2026-08-31T18:37:47.426832+00:00,20.959,0.4337,0.8,0.0,0.0733,0.2703,5235.99,1,12.3846,179.706,step
2026-08-31T18:37:47.428033+00:00,21.457,0.4361,0.0,0.15,0.0692,0.2707,5235.99,1,12.3494,179.726,step
2026-08-31T18:37:47.429292+00:00,21.295,0.4387,0.0,0.15,0.0651,0.2712,5235.99,1,12.3122,179.746,step
2026-08-31T18:37:47.430542+00:00,20.84,0.4411,0.0,0.15,0.061,0.2716,5235.99,1,12.2768,179.766,step
2026-08-31T18:37:47.431764+00:00,20.396,0.4434,0.8,0.0,0.0571,0.272,5235.99,1,12.2432,179.786,step
2026-08-31T18:37:47.433025+00:00,20.89,0.4456,0.0,0.15,0.0531,0.2722,5235.99,1,12.211,179.806,step
2026-08-31T18:37:47.434242+00:00,20.733,0.448,0.0,0.15,0.0491,0.2725,5235.99,1,12.1768,179.826,step
2026-08-31T18:37:47.435517+00:00,20.28,0.4502,0.8,0.0,0.0452,0.2728,5235.99,1,12.1442,179.846,step
2026-08-31T18:37:47.436724+00:00,20.787,0.4523,0.0,0.15,0.0412,0.2729,5235.99,1,12.1132,179.866,step
2026-08-31T18:37:47.437911+00:00,20.618,0.4545,0.0,0.15,0.0372,0.2731,5235.99,1,12.08,179.886,step
2026-08-31T18:37:47.439046+00:00,20.163,0.4566,0.8,0.0,0.0333,0.2733,5235.99,1,12.0485,179.906,step
2026-08-31T18:37:47.440229+00:00,20.668,0.4586,0.0,0.15,0.0294,0.2733,5235.99,1,12.0189,179.926,step
2026-08-31T18:37:47.441497+00:00,20.5,0.4607,0.0,0.15,0.0254,0.2734,5235.99,1,11.9872,179.946,step
2026-08-31T18:37:47.442798+00:00,20.045,0.4627,0.8,0.0,0.0216,0.2734,5235.99,1,11.9572,179.966,step
2026-08-31T18:37:47.443971+00:00,20.549,0.4645,0.0,0.15,0.0177,0.2733,5235.99,1,11.929,179.986,step
2026-08-31T18:37:47.445157+00:00,20.383,0.4665,0.0,0.15,0.0138,0.2734,5235.99,1,11.8987,180.006,step
2026-08-31T18:37:47.446310+00:00,19.927,0.4683,0.8,0.0,0.01,0.2733,5235.99,1,11.8699,180.026,step
2026-08-31T18:37:47.447462+00:00,20.433,0.4701,0.0,0.15,0.0061,0.2731,5235.99,1,11.843,180.046,step
2026-08-31T18:37:47.448688+00:00,20.266,0.4719,0.0,0.15,0.0022,0.2731,5235.99,1,11.8139,180.066,step
2026-08-31T18:37:47.449948+00:00,19.81,0.4737,0.8,0.0,-0.0016,0.2729,5235.99,1,11.7866,180.086,step
2026-08-31T18:37:47.451376+00:00,20.317,0.4753,0.0,0.15,-0.0053,0.2726,5235.99,1,11.761,180.106,step
2026-08-31T18:37:47.452552+00:00,20.149,0.4771,0.0,0.15,-0.0092,0.2725,5235.99,1,11.7332,180.126,step
2026-08-31T18:37:47.453690+00:00,19.693,0.4787,0.8,0.0,-0.0129,0.2722,5235.99,1,11.7071,180.146,step
2026-08-31T18:37:47.454804+00:00,20.2,0.4802,0.0,0.15,-0.0166,0.2719,5235.99,1,11.6827,180.166,step
2026-08-31T18:37:47.455955+00:00,20.032,0.4819,0.0,0.15,-0.0204,0.2716,5235.99,1,11.6561,180.186,step
2026-08-31T18:37:47.457093+00:00,19.577,0.4834,0.8,0.0,-0.0241,0.2713,5235.99,1,11.6312,180.206,step
2026-08-31T18:37:47.458436+00:00,20.084,0.4848,0.0,0.15,-0.0278,0.2709,5235.99,1,11.6079,180.226,step
2026-08-31T18:37:47.459589+00:00,19.916,0.4863,0.0,0.15,-0.0315,0.2706,5235.99,1,11.5826,180.246,step
2026-08-31T18:37:47.460728+00:00,19.46,0.4878,0.8,0.0,-0.0352,0.2702,5235.99,1,11.5588,180.266,step
2026-08-31T18:37:47.461840+00:00,19.968,0.4891,0.0,0.15,-0.0388,0.2697,5235.99,1,11.5368,180.286,step
2026-08-31T18:37:47.462955+00:00,19.799,0.4905,0.0,0.15,-0.0425,0.2693,5235.99,1,11.5126,180.306,step
2026-08-31T18:37:47.464095+00:00,19.344,0.4919,0.8,0.0,-0.0461,0.2688,5235.99,1,11.49,180.326,step
2026-08-31T18:37:47.465235+00:00,19.852,0.4931,0.0,0.15,-0.0496,0.2683,5235.99,1,11.4692,180.346,step
2026-08-31T18:37:47.466434+00:00,19.683,0.4944,0.0,0.15,-0.0533,0.2678,5235.99,1,11.4461,180.366,step
2026-08-31T18:37:47.467746+00:00,19.227,0.4957,0.8,0.0,-0.0568,0.2673,5235.99,1,11.4245,180.386,step
2026-08-31T18:37:47.468925+00:00,19.737,0.4968,0.0,0.15,-0.0603,0.2667,5235.99,1,11.4047,180.406,step
2026-08-31T18:37:47.470118+00:00,19.567,0.4981,0.0,0.15,-0.0638,0.2661,5235.99,1,11.3828,180.426,step
2026-08-31T18:37:47.471294+00:00,19.111,0.4992,0.8,0.0,-0.0673,0.2656,5235.99,1,11.3624,180.446,step
2026-08-31T18:37:47.472467+00:00,19.621,0.5002,0.0,0.15,-0.0707,0.2649,5235.99,1,11.3436,180.466,step
2026-08-31T18:37:47.473676+00:00,19.451,0.5014,0.0,0.15,-0.0743,0.2643,5235.99,1,11.3227,180.486,step
2026-08-31T18:37:47.474917+00:00,18.995,0.5025,0.8,0.0,-0.0776,0.2637,5235.99,1,11.3033,180.506,step
2026-08-31T18:37:47.476408+00:00,19.505,0.5034,0.0,0.15,-0.081,0.2629,5235.99,1,11.2857,180.526,step
2026-08-31T18:37:47.477632+00:00,19.335,0.5045,0.0,0.15,-0.0845,0.2623,5235.99,1,11.2658,180.546,step
2026-08-31T18:37:47.478854+00:00,18.879,0.5055,0.8,0.0,-0.0878,0.2616,5235.99,1,11.2475,180.566,step
2026-08-31T18:37:47.480073+00:00,19.39,0.5064,0.0,0.15,-0.0911,0.2608,5235.99,1,11.231,180.586,step
2026-08-31T18:37:47.481298+00:00,19.219,0.5074,0.0,0.15,-0.0945,0.2602,5235.99,1,11.2121,180.606,step
2026-08-31T18:37:47.482567+00:00,18.763,0.5083,0.8,0.0,-0.0977,0.2594,5235.99,1,11.1948,180.626,step
2026-08-31T18:37:47.484021+00:00,19.275,0.5091,0.0,0.15,-0.101,0.2586,5235.99,1,11.1791,180.646,step
2026-08-31T18:37:47.485269+00:00,19.103,0.51,0.0,0.15,-0.1043,0.2579,5235.99,1,11.1612,180.666,step
2026-08-31T18:37:47.486521+00:00,18.647,0.5109,0.8,0.0,-0.1075,0.2571,5235.99,1,11.1449,180.686,step
2026-08-31T18:37:47.487784+00:00,19.159,0.5116,0.0,0.15,-0.1107,0.2562,5235.99,1,11.1302,180.706,step
2026-08-31T18:37:47.489145+00:00,18.987,0.5124,0.0,0.15,-0.1139,0.2555,5235.99,1,11.1134,180.726,step
2026-08-31T18:37:47.490378+00:00,18.531,0.5132,0.8,0.0,-0.117,0.2547,5235.99,1,11.0981,180.746,step
2026-08-31T18:37:47.491718+00:00,19.044,0.5138,0.0,0.15,-0.1202,0.2538,5235.99,1,11.0843,180.766,step
2026-08-31T18:37:47.493049+00:00,18.871,0.5146,0.0,0.15,-0.1233,0.253,5235.99,1,11.0684,180.786,step
2026-08-31T18:37:47.494312+00:00,18.415,0.5153,0.8,0.0,-0.1264,0.2521,5235.99,1,11.054,180.806,step
2026-08-31T18:37:47.495560+00:00,18.929,0.5159,0.0,0.15,-0.1294,0.2512,5235.99,1,11.0412,180.826,step
2026-08-31T18:37:47.496808+00:00,18.755,0.5166,0.8,0.0,-0.1325,0.2504,5235.99,1,11.0262,180.846,step
2026-08-31T18:37:47.498024+00:00,19.27,0.5172,0.0,0.15,-0.1356,0.2494,5235.99,1,11.0132,180.866,step
2026-08-31T18:37:47.499236+00:00,19.086,0.5179,0.0,0.15,-0.1387,0.2486,5235.99,1,10.9981,180.886,step
2026-08-31T18:37:47.500672+00:00,18.629,0.5186,0.8,0.0,-0.1417,0.2477,5235.99,1,10.9846,180.906,step
2026-08-31T18:37:47.501884+00:00,19.14,0.519,0.0,0.15,-0.1447,0.2467,5235.99,1,10.973,180.926,step
2026-08-31T18:37:47.503074+00:00,18.968,0.5197,0.0,0.15,-0.1478,0.2458,5235.99,1,10.9592,180.946,step
2026-08-31T18:37:47.504271+00:00,18.512,0.5202,0.8,0.0,-0.1507,0.2448,5235.99,1,10.947,180.966,step
2026-08-31T18:37:47.505430+00:00,19.023,0.5206,0.0,0.15,-0.1536,0.2438,5235.99,1,10.9364,180.986,step
2026-08-31T18:37:47.506613+00:00,18.852,0.5212,0.0,0.15,-0.1566,0.2429,5235.99,1,10.9236,181.006,step
2026-08-31T18:37:47.507850+00:00,18.396,0.5216,0.8,0.0,-0.1595,0.2419,5235.99,1,10.9122,181.026,step
2026-08-31T18:37:47.509128+00:00,18.91,0.522,0.0,0.15,-0.1623,0.2408,5235.99,1,10.9025,181.046,step
2026-08-31T18:37:47.510335+00:00,18.737,0.5225,0.0,0.15,-0.1652,0.2399,5235.99,1,10.8905,181.066,step
2026-08-31T18:37:47.511586+00:00,18.281,0.5229,0.8,0.0,-0.168,0.2389,5235.99,1,10.8799,181.086,step
2026-08-31T18:37:47.512767+00:00,18.796,0.5232,0.0,0.15,-0.1708,0.2378,5235.99,1,10.8709,181.106,step
2026-08-31T18:37:47.513929+00:00,18.621,0.5237,0.0,0.15,-0.1736,0.2369,5235.99,1,10.8597,181.126,step
2026-08-31T18:37:47.515147+00:00,18.165,0.524,0.8,0.0,-0.1763,0.2359,5235.99,1,10.85,181.146,step
2026-08-31T18:37:47.516339+00:00,18.68,0.5243,0.0,0.15,-0.179,0.2348,5235.99,1,10.8418,181.166,step
2026-08-31T18:37:47.517886+00:00,18.505,0.5247,0.0,0.15,-0.1818,0.2338,5235.99,1,10.8314,181.186,step
2026-08-31T18:37:47.519080+00:00,18.049,0.525,0.8,0.0,-0.1844,0.2328,5235.99,1,10.8225,181.206,step
2026-08-31T18:37:47.520287+00:00,18.565,0.5252,0.0,0.15,-0.1871,0.2317,5235.99,1,10.8152,181.226,step
2026-08-31T18:37:47.521442+00:00,18.389,0.5255,0.8,0.0,-0.1898,0.2307,5235.99,1,10.8056,181.246,step
2026-08-31T18:37:47.522592+00:00,18.906,0.5257,0.0,0.15,-0.1924,0.2295,5235.99,1,10.7981,181.266,step
2026-08-31T18:37:47.523751+00:00,18.721,0.5261,0.0,0.15,-0.1951,0.2285,5235.99,1,10.7885,181.286,step
2026-08-31T18:37:47.524947+00:00,18.264,0.5263,0.8,0.0,-0.1977,0.2275,5235.99,1,10.7804,181.306,step
2026-08-31T18:37:47.526219+00:00,18.778,0.5265,0.0,0.15,-0.2003,0.2263,5235.99,1,10.774,181.326,step
2026-08-31T18:37:47.527390+00:00,18.604,0.5268,0.0,0.15,-0.2029,0.2253,5235.99,1,10.7654,181.346,step
2026-08-31T18:37:47.528584+00:00,18.147,0.5269,0.8,0.0,-0.2054,0.2242,5235.99,1,10.7585,181.366,step
2026-08-31T18:37:47.529684+00:00,18.66,0.527,0.0,0.15,-0.2079,0.223,5235.99,1,10.7531,181.386,step
2026-08-31T18:37:47.530880+00:00,18.487,0.5272,0.0,0.15,-0.2104,0.222,5235.99,1,10.7455,181.406,step
2026-08-31T18:37:47.532103+00:00,18.031,0.5274,0.8,0.0,-0.2129,0.2209,5235.99,1,10.7392,181.426,step
2026-08-31T18:37:47.533249+00:00,18.547,0.5274,0.0,0.15,-0.2153,0.2197,5235.99,1,10.7345,181.446,step
2026-08-31T18:37:47.534716+00:00,18.372,0.5276,0.0,0.15,-0.2178,0.2187,5235.99,1,10.7275,181.466,step
2026-08-31T18:37:47.535871+00:00,17.916,0.5277,0.8,0.0,-0.2201,0.2176,5235.99,1,10.722,181.486,step
2026-08-31T18:37:47.537024+00:00,18.433,0.5277,0.0,0.15,-0.2225,0.2164,5235.99,1,10.7181,181.506,step
2026-08-31T18:37:47.538147+00:00,18.256,0.5278,0.8,0.0,-0.2249,0.2153,5235.99,1,10.7119,181.526,step
2026-08-31T18:37:47.539278+00:00,18.773,0.5278,0.0,0.15,-0.2273,0.2142,5235.99,1,10.7078,181.546,step
2026-08-31T18:37:47.540444+00:00,18.587,0.5279,0.0,0.15,-0.2297,0.2131,5235.99,1,10.7015,181.566,step
2026-08-31T18:37:47.541703+00:00,18.131,0.528,0.8,0.0,-0.232,0.212,5235.99,1,10.6967,181.586,step
2026-08-31T18:37:47.543014+00:00,18.645,0.5279,0.0,0.15,-0.2343,0.2108,5235.99,1,10.6937,181.606,step
2026-08-31T18:37:47.544182+00:00,18.47,0.528,0.0,0.15,-0.2366,0.2097,5235.99,1,10.6885,181.626,step
2026-08-31T18:37:47.545395+00:00,18.014,0.528,0.8,0.0,-0.2388,0.2086,5235.99,1,10.6847,181.646,step
2026-08-31T18:37:47.546533+00:00,18.527,0.5279,0.0,0.15,-0.241,0.2074,5235.99,1,10.6826,181.666,step
2026-08-31T18:37:47.547683+00:00,18.354,0.5279,0.0,0.15,-0.2433,0.2063,5235.99,1,10.6783,181.686,step
2026-08-31T18:37:47.548963+00:00,17.898,0.5279,0.8,0.0,-0.2454,0.2051,5235.99,1,10.6752,181.706,step
2026-08-31T18:37:47.550262+00:00,18.415,0.5277,0.0,0.15,-0.2476,0.2039,5235.99,1,10.6737,181.726,step
2026-08-31T18:37:47.551469+00:00,18.238,0.5277,0.0,0.15,-0.2498,0.2028,5235.99,1,10.67,181.746,step
2026-08-31T18:37:47.552664+00:00,17.782,0.5276,0.8,0.0,-0.2518,0.2017,5235.99,1,10.6676,181.766,step
2026-08-31T18:37:47.553881+00:00,18.3,0.5274,0.0,0.15,-0.2539,0.2005,5235.99,1,10.6667,181.786,step
2026-08-31T18:37:47.555046+00:00,18.122,0.5274,0.8,0.0,-0.256,0.1994,5235.99,1,10.6635,181.806,step
2026-08-31T18:37:47.556240+00:00,18.641,0.5272,0.0,0.15,-0.2581,0.1982,5235.99,1,10.6624,181.826,step
2026-08-31T18:37:47.557503+00:00,18.454,0.5272,0.0,0.15,-0.2602,0.1971,5235.99,1,10.6591,181.846,step
2026-08-31T18:37:47.559064+00:00,17.997,0.5271,0.8,0.0,-0.2622,0.196,5235.99,1,10.6573,181.866,step
2026-08-31T18:37:47.560310+00:00,18.512,0.5269,0.0,0.15,-0.2642,0.1948,5235.99,1,10.6573,181.886,step
2026-08-31T18:37:47.561561+00:00,18.336,0.5268,0.0,0.15,-0.2663,0.1937,5235.99,1,10.6551,181.906,step
2026-08-31T18:37:47.562776+00:00,17.88,0.5266,0.8,0.0,-0.2682,0.1925,5235.99,1,10.6544,181.926,step
2026-08-31T18:37:47.563972+00:00,18.394,0.5264,0.0,0.15,-0.2702,0.1913,5235.99,1,10.6554,181.946,step
2026-08-31T18:37:47.565215+00:00,18.22,0.5262,0.0,0.15,-0.2721,0.1902,5235.99,1,10.6539,181.966,step
2026-08-31T18:37:47.566648+00:00,17.764,0.5261,0.8,0.0,-0.274,0.189,5235.99,1,10.6537,181.986,step
2026-08-31T18:37:47.567941+00:00,18.282,0.5258,0.0,0.15,-0.2759,0.1878,5235.99,1,10.6551,182.006,step
2026-08-31T18:37:47.569211+00:00,18.104,0.5256,0.8,0.0,-0.2778,0.1867,5235.99,1,10.6543,182.026,step
2026-08-31T18:37:47.570485+00:00,18.623,0.5253,0.0,0.15,-0.2796,0.1855,5235.99,1,10.6556,182.046,step
2026-08-31T18:37:47.571712+00:00,18.435,0.5252,0.0,0.15,-0.2815,0.1844,5235.99,1,10.6547,182.066,step
2026-08-31T18:37:47.572937+00:00,17.979,0.525,0.8,0.0,-0.2833,0.1833,5235.99,1,10.6551,182.086,step
2026-08-31T18:37:47.574234+00:00,18.494,0.5246,0.0,0.15,-0.2851,0.1821,5235.99,1,10.6574,182.106,step
2026-08-31T18:37:47.575717+00:00,18.318,0.5245,0.0,0.15,-0.287,0.181,5235.99,1,10.6575,182.126,step
2026-08-31T18:37:47.576967+00:00,17.862,0.5242,0.8,0.0,-0.2887,0.1798,5235.99,1,10.6588,182.146,step
2026-08-31T18:37:47.578240+00:00,18.376,0.5238,0.0,0.15,-0.2904,0.1786,5235.99,1,10.6618,182.166,step
2026-08-31T18:37:47.579499+00:00,18.201,0.5236,0.8,0.0,-0.2922,0.1775,5235.99,1,10.6626,182.186,step
2026-08-31T18:37:47.580696+00:00,18.719,0.5232,0.0,0.15,-0.2939,0.1763,5235.99,1,10.6656,182.206,step
2026-08-31T18:37:47.581926+00:00,18.532,0.523,0.0,0.15,-0.2957,0.1752,5235.99,1,10.6662,182.226,step
2026-08-31T18:37:47.583184+00:00,18.076,0.5227,0.8,0.0,-0.2973,0.174,5235.99,1,10.6683,182.246,step
2026-08-31T18:37:47.584589+00:00,18.591,0.5222,0.0,0.15,-0.299,0.1727,5235.99,1,10.6722,182.266,step
2026-08-31T18:37:47.585829+00:00,18.415,0.5219,0.0,0.15,-0.3007,0.1716,5235.99,1,10.6737,182.286,step
2026-08-31T18:37:47.587092+00:00,17.959,0.5215,0.8,0.0,-0.3023,0.1704,5235.99,1,10.6766,182.306,step
2026-08-31T18:37:47.588306+00:00,18.473,0.5211,0.0,0.15,-0.3038,0.1691,5235.99,1,10.6812,182.326,step
2026-08-31T18:37:47.589477+00:00,18.299,0.5207,0.0,0.15,-0.3054,0.168,5235.99,1,10.6834,182.346,step
2026-08-31T18:37:47.590745+00:00,17.843,0.5203,0.8,0.0,-0.307,0.1669,5235.99,1,10.6868,182.366,step
2026-08-31T18:37:47.592021+00:00,18.36,0.5199,0.0,0.15,-0.3085,0.1656,5235.99,1,10.6917,182.386,step
2026-08-31T18:37:47.593319+00:00,18.183,0.5195,0.8,0.0,-0.31,0.1645,5235.99,1,10.6944,182.406,step
2026-08-31T18:37:47.594539+00:00,18.701,0.519,0.0,0.15,-0.3115,0.1633,5235.99,1,10.6993,182.426,step
2026-08-31T18:37:47.595786+00:00,18.514,0.5187,0.0,0.15,-0.3131,0.1622,5235.99,1,10.7018,182.446,step
2026-08-31T18:37:47.596969+00:00,18.058,0.5183,0.8,0.0,-0.3145,0.161,5235.99,1,10.7057,182.466,step
2026-08-31T18:37:47.598213+00:00,18.573,0.5178,0.0,0.15,-0.316,0.1598,5235.99,1,10.7113,182.486,step
2026-08-31T18:37:47.599431+00:00,18.397,0.5174,0.0,0.15,-0.3174,0.1587,5235.99,1,10.7147,182.506,step
2026-08-31T18:37:47.600962+00:00,17.941,0.517,0.8,0.0,-0.3188,0.1576,5235.99,1,10.7193,182.526,step
2026-08-31T18:37:47.602170+00:00,18.454,0.5164,0.0,0.15,-0.3202,0.1563,5235.99,1,10.7256,182.546,step
2026-08-31T18:37:47.603366+00:00,18.28,0.5161,0.8,0.0,-0.3216,0.1552,5235.99,1,10.7296,182.566,step
2026-08-31T18:37:47.604536+00:00,18.797,0.5155,0.0,0.15,-0.323,0.154,5235.99,1,10.7357,182.586,step
2026-08-31T18:37:47.605704+00:00,18.61,0.5151,0.0,0.15,-0.3244,0.153,5235.99,1,10.7396,182.606,step
2026-08-31T18:37:47.606869+00:00,18.154,0.5147,0.8,0.0,-0.3257,0.1518,5235.99,1,10.7448,182.626,step
2026-08-31T18:37:47.608107+00:00,18.669,0.5141,0.0,0.15,-0.327,0.1506,5235.99,1,10.7518,182.646,step
2026-08-31T18:37:47.609456+00:00,18.493,0.5137,0.0,0.15,-0.3283,0.1495,5235.99,1,10.7564,182.666,step
2026-08-31T18:37:47.610637+00:00,18.037,0.5132,0.8,0.0,-0.3296,0.1484,5235.99,1,10.7623,182.686,step
2026-08-31T18:37:47.611776+00:00,18.551,0.5126,0.0,0.15,-0.3308,0.1472,5235.99,1,10.7699,182.706,step
2026-08-31T18:37:47.612938+00:00,18.377,0.5122,0.8,0.0,-0.3321,0.1462,5235.99,1,10.7751,182.726,step
2026-08-31T18:37:47.614061+00:00,18.893,0.5116,0.0,0.15,-0.3333,0.145,5235.99,1,10.7824,182.746,step
2026-08-31T18:37:47.615207+00:00,18.707,0.5112,0.0,0.15,-0.3346,0.1439,5235.99,1,10.7874,182.766,step
2026-08-31T18:37:47.616455+00:00,18.251,0.5107,0.8,0.0,-0.3358,0.1428,5235.99,1,10.7937,182.786,step
2026-08-31T18:37:47.617824+00:00,18.765,0.5101,0.0,0.15,-0.3369,0.1417,5235.99,1,10.8019,182.806,step
2026-08-31T18:37:47.618978+00:00,18.59,0.5097,0.0,0.15,-0.3381,0.1406,5235.99,1,10.8077,182.826,step
2026-08-31T18:37:47.620134+00:00,18.134,0.5091,0.8,0.0,-0.3392,0.1395,5235.99,1,10.8147,182.846,step
2026-08-31T18:37:47.621291+00:00,18.647,0.5085,0.0,0.15,-0.3403,0.1383,5235.99,1,10.8234,182.866,step
2026-08-31T18:37:47.622524+00:00,18.473,0.508,0.8,0.0,-0.3415,0.1373,5235.99,1,10.8298,182.886,step
2026-08-31T18:37:47.623714+00:00,18.989,0.5074,0.0,0.15,-0.3426,0.1362,5235.99,1,10.8383,182.906,step
2026-08-31T18:37:47.624978+00:00,18.804,0.507,0.0,0.15,-0.3437,0.1351,5235.99,1,10.8443,182.926,step
2026-08-31T18:37:47.626173+00:00,18.348,0.5065,0.8,0.0,-0.3447,0.1341,5235.99,1,10.8516,182.946,step
2026-08-31T18:37:47.627394+00:00,18.862,0.5058,0.0,0.15,-0.3458,0.1329,5235.99,1,10.8608,182.966,step
2026-08-31T18:37:47.628559+00:00,18.686,0.5053,0.0,0.15,-0.3468,0.1319,5235.99,1,10.8676,182.986,step
2026-08-31T18:37:47.629754+00:00,18.23,0.5048,0.8,0.0,-0.3478,0.1309,5235.99,1,10.8756,183.006,step
2026-08-31T18:37:47.630955+00:00,18.743,0.5041,0.0,0.15,-0.3488,0.1297,5235.99,1,10.8853,183.026,step
2026-08-31T18:37:47.632200+00:00,18.569,0.5036,0.8,0.0,-0.3498,0.1287,5235.99,1,10.8926,183.046,step
2026-08-31T18:37:47.633564+00:00,19.085,0.503,0.0,0.15,-0.3507,0.1276,5235.99,1,10.9021,183.066,step
2026-08-31T18:37:47.634815+00:00,18.9,0.5025,0.0,0.15,-0.3517,0.1267,5235.99,1,10.9093,183.086,step
2026-08-31T18:37:47.636049+00:00,18.443,0.5019,0.8,0.0,-0.3526,0.1256,5235.99,1,10.9189,183.106,step
2026-08-31T18:37:47.637269+00:00,18.957,0.5013,0.0,0.15,-0.3535,0.1245,5235.99,1,10.9317,183.126,step
2026-08-31T18:37:47.638481+00:00,18.782,0.5008,0.0,0.15,-0.3545,0.1235,5235.99,1,10.9435,183.146,step
2026-08-31T18:37:47.639819+00:00,18.326,0.5002,0.8,0.0,-0.3553,0.1225,5235.99,1,10.9578,183.166,step
2026-08-31T18:37:47.641068+00:00,18.838,0.4995,0.0,0.15,-0.3562,0.1214,5235.99,1,10.9755,183.186,step
2026-08-31T18:37:47.642356+00:00,18.665,0.499,0.8,0.0,-0.357,0.1205,5235.99,1,10.9923,183.206,step
2026-08-31T18:37:47.643655+00:00,19.181,0.4983,0.0,0.15,-0.3579,0.1194,5235.99,1,11.0131,183.226,step
2026-08-31T18:37:47.644877+00:00,18.995,0.4978,0.0,0.15,-0.3587,0.1185,5235.99,1,11.0331,183.246,step
2026-08-31T18:37:47.646146+00:00,18.539,0.4973,0.8,0.0,-0.3595,0.1175,5235.99,1,11.0559,183.266,step
2026-08-31T18:37:47.647406+00:00,19.052,0.4966,0.8,0.0,-0.3603,0.1164,5235.99,1,11.0826,183.286,step
2026-08-31T18:37:47.648685+00:00,19.765,0.4958,0.0,0.15,-0.3611,0.1152,5235.99,1,11.1142,183.306,step
2026-08-31T18:37:47.649926+00:00,19.6,0.4953,0.0,0.15,-0.362,0.1143,5235.99,1,11.1428,183.326,step
2026-08-31T18:37:47.651430+00:00,19.141,0.4947,0.8,0.0,-0.3627,0.1133,5235.99,1,11.1739,183.346,step
2026-08-31T18:37:47.652698+00:00,19.651,0.494,0.0,0.15,-0.3635,0.1123,5235.99,1,11.2102,183.366,step
2026-08-31T18:37:47.653969+00:00,19.478,0.4935,0.0,0.15,-0.3642,0.1113,5235.99,1,11.2461,183.386,step
2026-08-31T18:37:47.655249+00:00,19.022,0.4928,0.8,0.0,-0.3649,0.1104,5235.99,1,11.2852,183.406,step
2026-08-31T18:37:47.656576+00:00,19.527,0.4921,0.8,0.0,-0.3656,0.1093,5235.99,1,11.3293,183.426,step
2026-08-31T18:37:47.657837+00:00,20.237,0.4913,0.0,0.15,-0.3664,0.1081,5235.99,1,11.3798,183.446,step
2026-08-31T18:37:47.659217+00:00,20.084,0.4907,0.0,0.15,-0.3671,0.1072,5235.99,1,11.4272,183.466,step
2026-08-31T18:37:47.660457+00:00,19.625,0.4901,0.8,0.0,-0.3678,0.1063,5235.99,1,11.4774,183.486,step
2026-08-31T18:37:47.661742+00:00,20.137,0.4894,0.0,0.15,-0.3684,0.1052,5235.99,1,11.5339,183.506,step
2026-08-31T18:37:47.663030+00:00,19.963,0.4889,0.8,0.0,-0.3691,0.1043,5235.99,1,11.5906,183.526,step
2026-08-31T18:37:47.664265+00:00,20.467,0.4881,0.0,0.15,-0.3697,0.1033,5235.99,1,11.6543,183.546,step
2026-08-31T18:37:47.665539+00:00,20.293,0.4875,0.8,0.0,-0.3704,0.1023,5235.99,1,11.7187,183.566,step
2026-08-31T18:37:47.667000+00:00,20.798,0.4868,0.0,0.15,-0.371,0.1013,5235.99,1,11.7908,183.586,step
2026-08-31T18:37:47.668235+00:00,20.623,0.4862,0.0,0.15,-0.3716,0.1003,5235.99,1,11.864,183.606,step
2026-08-31T18:37:47.669476+00:00,20.166,0.4855,0.8,0.0,-0.3722,0.0994,5235.99,1,11.9418,183.626,step
2026-08-31T18:37:47.670754+00:00,20.666,0.4847,0.8,0.0,-0.3728,0.0983,5235.99,1,12.0274,183.646,step
2026-08-31T18:37:47.671992+00:00,21.375,0.4837,0.0,0.15,-0.3734,0.0971,5235.99,1,12.124,183.666,step
2026-08-31T18:37:47.673260+00:00,21.227,0.4831,0.8,0.0,-0.374,0.0961,5235.99,1,12.2182,183.686,step
2026-08-31T18:37:47.674501+00:00,21.741,0.4824,0.0,0.15,-0.3745,0.0951,5235.99,1,12.3205,183.706,step
2026-08-31T18:37:47.675922+00:00,21.555,0.4818,0.8,0.0,-0.3751,0.0942,5235.99,1,12.4256,183.726,step
2026-08-31T18:37:47.677156+00:00,22.055,0.481,0.0,0.15,-0.3756,0.0932,5235.99,1,12.5423,183.746,step
2026-08-31T18:37:47.678392+00:00,21.884,0.4804,0.8,0.0,-0.3762,0.0923,5235.99,1,12.6627,183.766,step
2026-08-31T18:37:47.679600+00:00,22.378,0.4796,0.0,0.15,-0.3767,0.0913,5235.99,1,12.7954,183.786,step
2026-08-31T18:37:47.680879+00:00,22.213,0.4789,0.8,0.0,-0.3772,0.0903,5235.99,1,12.9328,183.806,step
2026-08-31T18:37:47.682093+00:00,22.707,0.4781,0.8,0.0,-0.3777,0.0893,5235.99,1,13.0836,183.826,step
2026-08-31T18:37:47.683297+00:00,23.42,0.4771,0.0,0.15,-0.3782,0.0881,5235.99,1,13.254,183.846,step
2026-08-31T18:37:47.684689+00:00,23.264,0.4765,0.8,0.0,-0.3787,0.0872,5235.99,1,13.4239,183.866,step
2026-08-31T18:37:47.685964+00:00,23.763,0.4757,0.8,0.0,-0.3791,0.0862,5235.99,1,13.6084,183.886,step
2026-08-31T18:37:47.687211+00:00,24.478,0.4748,0.0,0.15,-0.3796,0.085,5235.99,1,13.818,183.906,step
2026-08-31T18:37:47.688433+00:00,24.311,0.4742,0.8,0.0,-0.3801,0.0841,5235.99,1,14.0294,183.926,step
2026-08-31T18:37:47.689651+00:00,24.797,0.4734,0.8,0.0,-0.3806,0.0831,5235.99,1,14.2612,183.946,step
2026-08-31T18:37:47.690857+00:00,25.509,0.4724,0.8,0.0,-0.381,0.0819,5235.99,1,14.5257,183.966,step
2026-08-31T18:37:47.692195+00:00,26.232,0.4713,0.8,0.0,-0.3815,0.0806,5235.99,1,14.8172,183.986,step
2026-08-31T18:37:47.693430+00:00,26.958,0.4704,0.0,0.15,-0.382,0.0794,5235.99,1,15.1349,184.006,step
2026-08-31T18:37:47.694638+00:00,26.79,0.4698,0.8,0.0,-0.3825,0.0786,5235.99,1,15.4559,184.026,step
2026-08-31T18:37:47.695821+00:00,27.259,0.4691,0.8,0.0,-0.3829,0.0776,5235.99,1,15.812,184.046,step
2026-08-31T18:37:47.697039+00:00,27.963,0.468,0.8,0.0,-0.3833,0.0763,5235.99,1,16.2267,184.066,step
2026-08-31T18:37:47.698252+00:00,28.68,0.4668,0.8,0.0,-0.3838,0.0749,5235.99,1,16.6908,184.086,step
2026-08-31T18:37:47.699496+00:00,29.399,0.4657,0.8,0.0,-0.3843,0.0736,5235.99,1,17.2062,184.106,step
2026-08-31T18:37:47.700859+00:00,30.117,0.4646,0.15,0.0,-0.3847,0.0723,5235.99,1,17.7777,184.126,step
2026-08-31T18:37:47.702155+00:00,30.433,0.4641,0.15,0.0,-0.3852,0.0716,5235.99,1,18.365,184.146,step
2026-08-31T18:37:47.703373+00:00,30.536,0.4643,0.15,0.0,-0.3855,0.0716,5235.99,1,18.9512,184.166,step
2026-08-31T18:37:47.704610+00:00,30.639,0.4644,0.15,0.0,-0.3858,0.0715,5235.99,1,19.6057,184.186,step
2026-08-31T18:37:47.705833+00:00,30.744,0.4643,0.15,0.0,-0.3861,0.0713,5235.99,1,20.341,184.206,step
2026-08-31T18:37:47.707081+00:00,30.851,0.4642,0.15,0.0,-0.3864,0.071,5235.99,1,21.1634,184.226,step
2026-08-31T18:37:47.708446+00:00,30.959,0.464,0.15,0.0,-0.3866,0.0707,5235.99,1,22.0812,184.246,step
2026-08-31T18:37:47.709749+00:00,31.067,0.4638,0.15,0.0,-0.3868,0.0704,5235.99,1,23.1066,184.266,step
2026-08-31T18:37:47.710991+00:00,31.175,0.4637,0.15,0.0,-0.3871,0.0701,5235.99,1,24.2561,184.286,step
2026-08-31T18:37:47.712241+00:00,31.284,0.4635,0.15,0.0,-0.3873,0.0699,5235.99,1,25.5506,184.306,step
2026-08-31T18:37:47.713460+00:00,31.394,0.4634,0.15,0.0,-0.3875,0.0697,5235.99,1,27.0137,184.326,step
2026-08-31T18:37:47.714775+00:00,31.504,0.4634,0.15,0.0,-0.3877,0.0695,5235.99,1,28.6749,184.346,step
2026-08-31T18:37:47.716025+00:00,31.612,0.4634,0.15,0.0,-0.388,0.0694,5235.99,1,30.5826,184.366,step
2026-08-31T18:37:47.717462+00:00,31.72,0.4633,0.15,0.0,-0.3882,0.0692,5235.99,1,32.8018,184.386,step
2026-08-31T18:37:47.718704+00:00,31.828,0.4633,0.15,0.0,-0.3884,0.0691,5235.99,1,35.4176,184.406,step
2026-08-31T18:37:47.719997+00:00,31.935,0.4632,0.15,0.0,-0.3887,0.0689,5235.99,1,38.5434,184.426,step
2026-08-31T18:37:47.721302+00:00,32.043,0.4631,0.15,0.0,-0.3889,0.0687,5235.99,1,42.3338,184.446,step
2026-08-31T18:37:47.722633+00:00,32.151,0.463,0.15,0.0,-0.3891,0.0685,5235.99,1,47.0138,184.466,step
2026-08-31T18:37:47.723957+00:00,32.26,0.4629,0.8,0.0,-0.3893,0.0682,5235.99,1,52.924,184.486,step
2026-08-31T18:37:47.725195+00:00,32.763,0.4548,0.8,0.0,-0.3894,0.0601,5722.6,1,61.0408,184.506,step
2026-08-31T18:37:47.726849+00:00,33.486,0.4447,0.8,0.0,-0.3894,0.05,6040.26,1,73.324,184.526,step
2026-08-31T18:37:47.728139+00:00,34.269,0.4341,0.8,0.0,-0.3891,0.0395,6343.95,1,92.7364,184.546,step
2026-08-31T18:37:47.729472+00:00,35.092,0.2232,0.8,0.0,-0.3887,0.0288,6672.63,1,127.268,184.566,step
2026-08-31T18:37:47.730807+00:00,35.978,0.2134,0.8,0.0,-0.3882,0.0193,7064.88,1,190.502,184.586,step
2026-08-31T18:37:47.732135+00:00,36.865,0.2062,0.8,0.0,-0.3877,0.0123,7568.45,1,200.0,184.606,step
2026-08-31T18:37:47.733415+00:00,37.745,0.1997,0.8,0.0,-0.3873,0.0061,8263.12,1,200.0,184.626,step
2026-08-31T18:37:47.734996+00:00,38.559,0.1933,0.8,0.0,-0.3868,-0.0001,9396.7,1,200.0,184.646,step
2026-08-31T18:37:47.736358+00:00,39.378,0.1866,0.8,0.0,-0.3862,-0.0065,10717.5,1,200.0,184.666,step
2026-08-31T18:37:47.737659+00:00,40.222,0.1795,0.8,0.0,-0.3855,-0.0133,11959.0,1,200.0,184.686,step
2026-08-31T18:37:47.739009+00:00,41.091,0.172,0.8,0.0,-0.3847,-0.0204,13126.8,1,200.0,184.706,step
2026-08-31T18:37:47.740328+00:00,41.985,0.164,0.8,0.0,-0.3838,-0.0279,14262.0,1,200.0,184.726,step
2026-08-31T18:37:47.741595+00:00,42.904,0.1555,0.8,0.0,-0.3827,-0.0358,15366.7,1,200.0,184.746,step
2026-08-31T18:37:47.743094+00:00,43.847,0.1466,0.8,0.0,-0.3815,-0.0442,16442.3,1,187.648,184.766,step
2026-08-31T18:37:47.744390+00:00,44.808,0.1371,0.8,0.0,-0.3801,-0.053,17488.4,1,156.421,184.786,step
2026-08-31T18:37:47.745643+00:00,45.778,0.1271,0.8,0.0,-0.3786,-0.0622,18492.5,1,133.078,184.806,step
2026-08-31T18:37:47.746890+00:00,46.749,0.1165,0.8,0.0,-0.3769,-0.0719,19426.2,1,114.986,184.826,step
2026-08-31T18:37:47.748175+00:00,47.715,0.1053,0.8,0.0,-0.3749,-0.0821,19669.0,1,100.566,184.846,step
2026-08-31T18:37:47.749407+00:00,48.674,0.0935,0.8,0.0,-0.3728,-0.0928,19615.2,1,88.849,184.866,step
2026-08-31T18:37:47.750790+00:00,49.625,0.0811,0.8,0.0,-0.3704,-0.1041,19572.9,1,79.1654,184.886,step
2026-08-31T18:37:47.751986+00:00,50.565,0.0681,0.8,0.0,-0.3677,-0.1157,19450.1,2,71.0694,184.906,step
2026-08-31T18:37:47.753192+00:00,51.483,0.0546,0.8,0.0,-0.3648,-0.1278,14479.0,2,64.2289,184.926,step
2026-08-31T18:37:47.754427+00:00,52.356,0.0405,0.8,0.0,-0.3616,-0.1403,14457.5,2,58.4088,184.946,step
2026-08-31T18:37:47.755605+00:00,53.188,0.026,0.8,0.0,-0.358,-0.153,9649.97,2,53.4607,184.966,step
2026-08-31T18:37:47.756794+00:00,53.996,0.0114,0.8,0.0,-0.3539,-0.1656,10028.1,2,49.2811,184.986,step
2026-08-31T18:37:47.757934+00:00,54.805,-0.0035,0.8,0.0,-0.3494,-0.1781,10358.3,2,45.6882,185.006,step
2026-08-31T18:37:47.759366+00:00,55.617,-0.2186,0.0,0.15,-0.3444,-0.1907,10674.0,2,42.5448,185.026,step
2026-08-31T18:37:47.760493+00:00,56.216,-0.2322,0.0,0.15,-0.339,-0.2017,8568.73,2,40.1043,185.046,step
2026-08-31T18:37:47.761694+00:00,56.544,-0.2408,0.0,0.15,-0.3334,-0.2075,6933.96,2,38.8384,185.066,step
2026-08-31T18:37:47.762863+00:00,56.328,-0.2437,0.0,0.15,-0.3272,-0.2073,6384.11,2,38.6858,185.086,step
2026-08-31T18:37:47.764030+00:00,55.87,-0.2428,0.0,0.15,-0.3205,-0.203,6319.25,2,39.2934,185.106,step
2026-08-31T18:37:47.765213+00:00,55.407,-0.2398,0.0,0.15,-0.3132,-0.1964,6287.24,2,40.3722,185.126,step
2026-08-31T18:37:47.766372+00:00,54.948,-0.2357,0.0,0.15,-0.3058,-0.1886,6245.17,2,41.7878,185.146,step
2026-08-31T18:37:47.767895+00:00,54.488,-0.2311,0.0,0.15,-0.2983,-0.1803,6196.16,2,43.4406,185.166,step
2026-08-31T18:37:47.769024+00:00,54.024,-0.0264,0.8,0.0,-0.291,-0.1719,6144.41,2,45.2777,185.186,step
2026-08-31T18:37:47.770199+00:00,54.294,-0.0241,0.8,0.0,-0.2837,-0.166,6740.17,2,46.6212,185.206,step
2026-08-31T18:37:47.771336+00:00,54.961,-0.0259,0.8,0.0,-0.276,-0.1639,6892.72,2,46.9328,185.226,step
2026-08-31T18:37:47.772489+00:00,55.693,-0.0287,0.8,0.0,-0.2681,-0.1628,6951.73,2,46.9539,185.246,step
2026-08-31T18:37:47.773659+00:00,56.444,-0.0318,0.8,0.0,-0.26,-0.1618,6984.64,2,46.9399,185.266,step
2026-08-31T18:37:47.774811+00:00,57.186,-0.0348,0.8,0.0,-0.2518,-0.1607,7042.12,2,46.9427,185.286,step
2026-08-31T18:37:47.776151+00:00,57.915,-0.0378,0.8,0.0,-0.2435,-0.1595,7136.48,2,46.9677,185.306,step
2026-08-31T18:37:47.777327+00:00,58.637,-0.0407,0.8,0.0,-0.2351,-0.1583,7262.98,2,47.0205,185.326,step
2026-08-31T18:37:47.778528+00:00,59.358,-0.0435,0.8,0.0,-0.2267,-0.1569,7416.11,2,47.1143,185.346,step
2026-08-31T18:37:47.779666+00:00,60.093,-0.0461,0.8,0.0,-0.2183,-0.1553,7577.96,2,47.2667,185.366,step
2026-08-31T18:37:47.780840+00:00,60.846,-0.0486,0.8,0.0,-0.2098,-0.1535,7740.47,2,47.4846,185.386,step
2026-08-31T18:37:47.782019+00:00,61.618,-0.0508,0.8,0.0,-0.2013,-0.1515,7900.96,2,47.7741,185.406,step
2026-08-31T18:37:47.783177+00:00,62.407,-0.0528,0.8,0.0,-0.1928,-0.1492,8061.86,2,48.1382,185.426,step
2026-08-31T18:37:47.784540+00:00,63.212,-0.0546,0.8,0.0,-0.1843,-0.1468,8228.39,2,48.5777,185.446,step
2026-08-31T18:37:47.785709+00:00,64.032,-0.0563,0.8,0.0,-0.1758,-0.1442,8401.98,2,49.0987,185.466,step
2026-08-31T18:37:47.786876+00:00,64.867,-0.0577,0.8,0.0,-0.1674,-0.1414,8586.07,2,49.7038,185.486,step
2026-08-31T18:37:47.788049+00:00,65.713,-0.0589,0.8,0.0,-0.1589,-0.1384,8785.92,2,50.4051,185.506,step
2026-08-31T18:37:47.789219+00:00,66.569,-0.0599,0.8,0.0,-0.1505,-0.1352,9008.56,2,51.2167,185.526,step
2026-08-31T18:37:47.790370+00:00,67.435,-0.0607,0.8,0.0,-0.1421,-0.1318,9262.03,2,52.1553,185.546,step
2026-08-31T18:37:47.791518+00:00,68.308,-0.0612,0.8,0.0,-0.1338,-0.1281,9550.35,2,53.2475,185.566,step
2026-08-31T18:37:47.792842+00:00,69.186,-0.0614,0.8,0.0,-0.1255,-0.1242,9834.08,2,54.5227,185.586,step
2026-08-31T18:37:47.794024+00:00,70.069,-0.0613,0.8,0.0,-0.1173,-0.12,10105.8,2,56.0151,185.606,step
2026-08-31T18:37:47.795214+00:00,70.954,-0.0609,0.8,0.0,-0.1091,-0.1154,10367.1,2,57.7707,185.626,step
2026-08-31T18:37:47.796382+00:00,71.841,-0.0601,0.8,0.0,-0.101,-0.1106,10618.3,2,59.849,185.646,step
2026-08-31T18:37:47.797583+00:00,72.731,-0.0589,0.8,0.0,-0.0931,-0.1054,10859.7,2,62.32,185.666,step
2026-08-31T18:37:47.798800+00:00,73.624,-0.0573,0.8,0.0,-0.0852,-0.0999,11091.0,2,65.2771,185.686,step
2026-08-31T18:37:47.799977+00:00,74.518,-0.0553,0.8,0.0,-0.0775,-0.0941,11312.5,2,68.8402,185.706,step
2026-08-31T18:37:47.801366+00:00,75.413,-0.0529,0.8,0.0,-0.0699,-0.0878,11524.5,2,73.1733,185.726,step
2026-08-31T18:37:47.802497+00:00,76.31,-0.05,0.8,0.0,-0.0625,-0.0813,11727.7,2,78.5226,185.746,step
2026-08-31T18:37:47.803747+00:00,77.207,-0.0467,0.8,0.0,-0.0553,-0.0744,11923.2,2,85.2397,185.766,step
2026-08-31T18:37:47.804949+00:00,78.101,-0.0429,0.8,0.0,-0.0483,-0.0671,12117.4,2,93.8676,185.786,step
2026-08-31T18:37:47.806175+00:00,78.993,-0.0386,0.8,0.0,-0.0416,-0.0594,12306.4,2,105.267,185.806,step
2026-08-31T18:37:47.807346+00:00,79.883,-0.0339,0.8,0.0,-0.035,-0.0514,12488.9,2,120.913,185.826,step
2026-08-31T18:37:47.808638+00:00,80.773,-0.0286,0.8,0.0,-0.0288,-0.043,12665.3,3,143.554,185.846,step
2026-08-31T18:37:47.810116+00:00,81.644,-0.023,0.8,0.0,-0.0229,-0.0344,10014.5,3,178.364,185.866,step
2026-08-31T18:37:47.811379+00:00,82.311,-0.0182,0.8,0.0,-0.0174,-0.0269,10017.2,3,200.0,185.886,step
2026-08-31T18:37:47.812712+00:00,82.386,-0.0161,0.8,0.0,-0.0128,-0.0225,7543.72,3,200.0,185.906,step
2026-08-31T18:37:47.813981+00:00,82.713,-0.0156,0.8,0.0,-0.009,-0.0201,7985.14,3,200.0,185.926,step
2026-08-31T18:37:47.815266+00:00,83.311,-0.0152,0.8,0.0,-0.0057,-0.0181,8096.61,3,200.0,185.946,step
2026-08-31T18:37:47.816536+00:00,83.954,-0.0147,0.8,0.0,-0.003,-0.0162,8153.76,3,200.0,185.966,step
2026-08-31T18:37:47.817962+00:00,84.611,-0.0144,0.8,0.0,-0.0007,-0.0147,8199.88,3,200.0,185.986,step
2026-08-31T18:37:47.819237+00:00,85.272,-0.0141,0.8,0.0,0.0014,-0.0134,8246.59,3,200.0,186.006,step
2026-08-31T18:37:47.820521+00:00,85.933,-0.014,0.8,0.0,0.0031,-0.0124,8298.66,3,200.0,186.026,step
2026-08-31T18:37:47.821802+00:00,86.595,-0.0138,0.8,0.0,0.0046,-0.0115,8357.31,3,200.0,186.046,step
2026-08-31T18:37:47.823131+00:00,87.258,-0.0137,0.8,0.0,0.006,-0.0107,8421.5,3,200.0,186.066,step
2026-08-31T18:37:47.824407+00:00,87.922,-0.0134,0.8,0.0,0.0072,-0.0098,8491.55,3,200.0,186.086,step
2026-08-31T18:37:47.825735+00:00,88.561,-0.0131,0.8,0.0,0.0082,-0.009,8611.67,3,200.0,186.106,step
2026-08-31T18:37:47.827156+00:00,89.239,-0.0127,0.8,0.0,0.0092,-0.0081,8686.12,3,200.0,186.126,step
2026-08-31T18:37:47.828416+00:00,89.933,-0.0123,0.8,0.0,0.01,-0.0073,8746.21,3,200.0,186.146,step
2026-08-31T18:37:47.829678+00:00,90.633,-0.0118,0.8,0.0,0.0107,-0.0064,8802.81,3,200.0,186.166,step
2026-08-31T18:37:47.830962+00:00,91.338,-0.0113,0.8,0.0,0.0114,-0.0056,8859.33,3,200.0,186.186,step
2026-08-31T18:37:47.832252+00:00,92.044,-0.0109,0.8,0.0,0.012,-0.0049,8919.37,3,200.0,186.206,step
2026-08-31T18:37:47.833597+00:00,92.752,-0.0104,0.8,0.0,0.0125,-0.0041,8984.91,3,200.0,186.226,step
2026-08-31T18:37:47.835019+00:00,93.461,-0.0099,0.8,0.0,0.013,-0.0035,9056.17,3,200.0,186.246,step
2026-08-31T18:37:47.836352+00:00,94.173,-0.0095,0.8,0.0,0.0133,-0.0028,9132.31,3,200.0,186.266,step
2026-08-31T18:37:47.837664+00:00,94.889,-0.009,0.8,0.0,0.0137,-0.0022,9212.67,3,200.0,186.286,step
2026-08-31T18:37:47.838986+00:00,95.609,-0.0086,0.15,0.0,0.0139,-0.0016,9296.0,3,200.0,186.306,step
2026-08-31T18:37:47.840315+00:00,95.964,-0.0081,0.15,0.0,0.0141,-0.0011,8800.26,3,200.0,186.326,step
2026-08-31T18:37:47.841609+00:00,95.988,-0.0077,0.15,0.0,0.0143,-0.0006,8801.35,3,200.0,186.346,step
2026-08-31T18:37:47.843000+00:00,96.014,-0.0073,0.15,0.0,0.0143,-0.0002,8804.71,3,200.0,186.366,step
2026-08-31T18:37:47.844329+00:00,96.039,-0.0069,0.15,0.0,0.0144,0.0003,8809.32,3,200.0,186.386,step
2026-08-31T18:37:47.845614+00:00,96.066,-0.0065,0.15,0.0,0.0144,0.0007,8810.91,3,200.0,186.406,step
2026-08-31T18:37:47.846897+00:00,96.093,-0.0061,0.15,0.0,0.0143,0.0011,8812.45,3,200.0,186.426,step
2026-08-31T18:37:47.848214+00:00,96.12,-0.0056,0.15,0.0,0.0142,0.0015,8814.31,3,200.0,186.446,step
2026-08-31T18:37:47.849502+00:00,96.146,-0.0052,0.15,0.0,0.0141,0.0018,8816.29,3,200.0,186.466,step
2026-08-31T18:37:47.850841+00:00,96.172,-0.0048,0.15,0.0,0.0139,0.0022,8818.35,3,200.0,186.486,step
2026-08-31T18:37:47.852183+00:00,96.198,-0.0044,0.15,0.0,0.0137,0.0025,8820.53,3,200.0,186.506,step
2026-08-31T18:37:47.853463+00:00,96.224,-0.004,0.15,0.0,0.0135,0.0027,8822.86,3,200.0,186.526,step
2026-08-31T18:37:47.854779+00:00,96.249,-0.0037,0.15,0.0,0.0133,0.003,8825.29,3,200.0,186.546,step
2026-08-31T18:37:47.856131+00:00,96.275,-0.0033,0.15,0.0,0.013,0.0032,8827.86,3,200.0,186.566,step
2026-08-31T18:37:47.857474+00:00,96.301,-0.003,0.15,0.0,0.0127,0.0034,8830.38,3,200.0,186.586,step
2026-08-31T18:37:47.858995+00:00,96.327,-0.0027,0.15,0.0,0.0124,0.0036,8832.83,3,200.0,186.606,step
2026-08-31T18:37:47.860296+00:00,96.353,-0.0023,0.15,0.0,0.0121,0.0037,8835.21,3,200.0,186.626,step
2026-08-31T18:37:47.861657+00:00,96.379,-0.002,0.15,0.0,0.0118,0.0039,8837.77,3,200.0,186.646,step
2026-08-31T18:37:47.862935+00:00,96.405,-0.0017,0.15,0.0,0.0114,0.004,8840.21,3,200.0,186.666,step
2026-08-31T18:37:47.864265+00:00,96.431,-0.0014,0.15,0.0,0.0111,0.0041,8842.39,3,200.0,186.686,step
2026-08-31T18:37:47.865540+00:00,96.457,-0.0012,0.15,0.0,0.0107,0.0042,8844.63,3,200.0,186.706,step
2026-08-31T18:37:47.866843+00:00,96.482,-0.0009,0.15,0.0,0.0103,0.0043,8846.88,3,200.0,186.726,step
2026-08-31T18:37:47.868284+00:00,96.508,-0.0006,0.15,0.0,0.01,0.0043,8849.13,3,200.0,186.746,step
2026-08-31T18:37:47.869582+00:00,96.534,-0.0004,0.15,0.0,0.0096,0.0044,8851.42,3,200.0,186.766,step
2026-08-31T18:37:47.870867+00:00,96.559,-0.0002,0.15,0.0,0.0092,0.0044,8853.73,3,200.0,186.786,step
2026-08-31T18:37:47.872179+00:00,96.584,0.0001,0.15,0.0,0.0088,0.0045,8856.07,3,200.0,186.806,step
2026-08-31T18:37:47.873501+00:00,96.609,0.0003,0.15,0.0,0.0084,0.0045,8858.37,3,200.0,186.826,step
2026-08-31T18:37:47.874805+00:00,96.635,0.0005,0.15,0.0,0.008,0.0045,8860.65,3,200.0,186.846,step
2026-08-31T18:37:47.876387+00:00,96.66,0.0007,0.15,0.0,0.0076,0.0045,8862.94,3,200.0,186.866,step
2026-08-31T18:37:47.877691+00:00,96.685,0.0008,0.15,0.0,0.0072,0.0044,8865.24,3,200.0,186.886,step
2026-08-31T18:37:47.879046+00:00,96.709,0.001,0.15,0.0,0.0068,0.0044,8867.53,3,200.0,186.906,step
2026-08-31T18:37:47.880358+00:00,96.735,0.0011,0.15,0.0,0.0064,0.0043,8869.14,3,200.0,186.926,step
2026-08-31T18:37:47.881750+00:00,96.759,0.0013,0.15,0.0,0.006,0.0043,8871.35,3,200.0,186.946,step
2026-08-31T18:37:47.883036+00:00,96.784,0.0014,0.15,0.0,0.0057,0.0042,8873.77,3,200.0,186.966,step
2026-08-31T18:37:47.884446+00:00,96.808,0.0015,0.15,0.0,0.0053,0.0042,8876.33,3,200.0,186.986,step
2026-08-31T18:37:47.885760+00:00,96.832,0.0016,0.15,0.0,0.0049,0.0041,8878.78,3,200.0,187.006,step
2026-08-31T18:37:47.887111+00:00,96.857,0.0017,0.15,0.0,0.0046,0.004,8881.12,3,200.0,187.026,step
2026-08-31T18:37:47.888395+00:00,96.881,0.0018,0.15,0.0,0.0042,0.0039,8883.39,3,200.0,187.046,step
2026-08-31T18:37:47.889751+00:00,96.906,0.0018,0.15,0.0,0.0039,0.0038,8885.6,3,200.0,187.066,step
2026-08-31T18:37:47.891046+00:00,96.93,0.0019,0.15,0.0,0.0035,0.0036,8887.77,3,200.0,187.086,step
2026-08-31T18:37:47.892714+00:00,96.954,0.0019,0.15,0.0,0.0032,0.0035,8889.83,3,200.0,187.106,step
2026-08-31T18:37:47.894039+00:00,96.978,0.002,0.15,0.0,0.0029,0.0034,8891.91,3,200.0,187.126,step
2026-08-31T18:37:47.895393+00:00,97.001,0.002,0.15,0.0,0.0026,0.0033,8894.0,3,200.0,187.146,step
2026-08-31T18:37:47.896703+00:00,97.025,0.002,0.15,0.0,0.0023,0.0032,8896.13,3,200.0,187.166,step
2026-08-31T18:37:47.898060+00:00,97.048,0.0021,0.15,0.0,0.002,0.0031,8898.31,3,200.0,187.186,step
2026-08-31T18:37:47.899340+00:00,97.072,0.0021,0.15,0.0,0.0018,0.003,8898.74,3,200.0,187.206,step
2026-08-31T18:37:47.900786+00:00,97.094,0.0021,0.15,0.0,0.0015,0.0029,8901.03,3,200.0,187.226,step
2026-08-31T18:37:47.902051+00:00,97.117,0.0021,0.15,0.0,0.0012,0.0027,8903.78,3,200.0,187.246,step
2026-08-31T18:37:47.903362+00:00,97.139,0.0021,0.15,0.0,0.001,0.0026,8906.54,3,200.0,187.266,step
2026-08-31T18:37:47.904655+00:00,97.162,0.0021,0.15,0.0,0.0008,0.0025,8909.03,3,200.0,187.286,step
2026-08-31T18:37:47.905977+00:00,97.185,0.0021,0.15,0.0,0.0005,0.0024,8911.29,3,200.0,187.306,step
2026-08-31T18:37:47.907277+00:00,97.208,0.0021,0.15,0.0,0.0003,0.0023,8913.4,3,200.0,187.326,step
2026-08-31T18:37:47.908686+00:00,97.231,0.0021,0.15,0.0,0.0001,0.0022,8915.43,3,200.0,187.346,step
2026-08-31T18:37:47.910112+00:00,97.253,0.0021,0.15,0.0,-0.0001,0.0021,8917.27,3,200.0,187.366,step
2026-08-31T18:37:47.911389+00:00,97.275,0.0021,0.15,0.0,-0.0002,0.002,8919.1,3,200.0,187.386,step
2026-08-31T18:37:47.912743+00:00,97.297,0.0021,0.15,0.0,-0.0004,0.0018,8920.95,3,200.0,187.406,step
2026-08-31T18:37:47.914051+00:00,97.318,0.002,0.15,0.0,-0.0006,0.0017,8922.85,3,200.0,187.426,step
2026-08-31T18:37:47.915361+00:00,97.34,0.002,0.15,0.0,-0.0007,0.0016,8924.82,3,200.0,187.446,step
2026-08-31T18:37:47.916653+00:00,97.362,0.0019,0.15,0.0,-0.0009,0.0015,8924.49,3,200.0,187.466,step
2026-08-31T18:37:47.918201+00:00,97.383,0.0019,0.15,0.0,-0.001,0.0014,8926.16,3,200.0,187.486,step
2026-08-31T18:37:47.919484+00:00,97.403,0.0019,0.15,0.0,-0.0011,0.0013,8928.64,3,200.0,187.506,step
2026-08-31T18:37:47.920812+00:00,97.423,0.0018,0.15,0.0,-0.0012,0.0012,8931.76,3,200.0,187.526,step
2026-08-31T18:37:47.922103+00:00,97.444,0.0017,0.15,0.0,-0.0013,0.0011,8934.5,3,200.0,187.546,step
2026-08-31T18:37:47.923417+00:00,97.464,0.0017,0.15,0.0,-0.0014,0.001,8936.84,3,200.0,187.566,step
2026-08-31T18:37:47.924715+00:00,97.485,0.0016,0.15,0.0,-0.0015,0.0008,8938.88,3,200.0,187.586,step
2026-08-31T18:37:47.926095+00:00,97.506,0.0015,0.15,0.0,-0.0016,0.0007,8940.75,3,200.0,187.606,step
2026-08-31T18:37:47.927381+00:00,97.526,0.0015,0.15,0.0,-0.0017,0.0006,8942.47,3,200.0,187.626,step
2026-08-31T18:37:47.928732+00:00,97.546,0.0014,0.15,0.0,-0.0017,0.0005,8943.94,3,200.0,187.646,step
2026-08-31T18:37:47.929998+00:00,97.566,0.0013,0.15,0.0,-0.0018,0.0005,8945.51,3,200.0,187.666,step
2026-08-31T18:37:47.931330+00:00,97.585,0.0013,0.15,0.0,-0.0018,0.0004,8947.12,3,200.0,187.686,step
2026-08-31T18:37:47.932637+00:00,97.604,0.0012,0.15,0.0,-0.0018,0.0003,8948.81,3,200.0,187.706,step
2026-08-31T18:37:47.934274+00:00,97.622,0.0012,0.15,0.0,-0.0019,0.0003,8950.59,3,200.0,187.726,step
2026-08-31T18:37:47.935529+00:00,97.642,0.0011,0.15,0.0,-0.0019,0.0002,8948.8,3,200.0,187.746,step
2026-08-31T18:37:47.936873+00:00,97.66,0.0011,0.15,0.0,-0.0019,0.0001,8950.84,3,200.0,187.766,step
2026-08-31T18:37:47.938155+00:00,97.677,0.001,0.15,0.0,-0.0019,0.0001,8953.83,3,200.0,187.786,step
2026-08-31T18:37:47.939486+00:00,97.695,0.001,0.15,0.0,-0.0019,0.0,8956.92,3,200.0,187.806,step
2026-08-31T18:37:47.940751+00:00,97.713,0.0009,0.15,0.0,-0.0019,-0.0,8959.44,3,200.0,187.826,step
2026-08-31T18:37:47.942377+00:00,97.731,0.0009,0.15,0.0,-0.0019,-0.0001,8961.48,3,200.0,187.846,step
2026-08-31T18:37:47.943701+00:00,97.749,0.0008,0.15,0.0,-0.0019,-0.0002,8963.21,3,200.0,187.866,step
2026-08-31T18:37:47.944994+00:00,97.768,0.0007,0.15,0.0,-0.0019,-0.0002,8964.75,3,200.0,187.886,step
2026-08-31T18:37:47.946364+00:00,97.785,0.0006,0.15,0.0,-0.0019,-0.0003,8965.92,3,200.0,187.906,step
2026-08-31T18:37:47.947709+00:00,97.802,0.0006,0.15,0.0,-0.0018,-0.0004,8967.14,3,200.0,187.926,step
2026-08-31T18:37:47.948988+00:00,97.818,0.0005,0.15,0.0,-0.0018,-0.0004,8968.41,3,200.0,187.946,step
2026-08-31T18:37:47.950401+00:00,97.834,0.0004,0.15,0.0,-0.0018,-0.0005,8969.76,3,200.0,187.966,step
2026-08-31T18:37:47.951796+00:00,97.85,0.0004,0.15,0.0,-0.0017,-0.0005,8971.22,3,200.0,187.986,step
2026-08-31T18:37:47.953035+00:00,97.867,0.0004,0.15,0.0,-0.0017,-0.0005,8968.65,3,200.0,188.006,step
2026-08-31T18:37:47.954360+00:00,97.882,0.0003,0.15,0.0,-0.0017,-0.0005,8969.91,3,200.0,188.026,step
2026-08-31T18:37:47.955658+00:00,97.896,0.0003,0.15,0.0,-0.0016,-0.0005,8972.31,3,200.0,188.046,step
2026-08-31T18:37:47.956961+00:00,97.91,0.0003,0.15,0.0,-0.0016,-0.0005,8975.7,3,200.0,188.066,step
2026-08-31T18:37:47.958250+00:00,97.924,0.0003,0.15,0.0,-0.0015,-0.0005,8978.48,3,200.0,188.086,step
2026-08-31T18:37:47.959791+00:00,97.939,0.0002,0.15,0.0,-0.0015,-0.0005,8980.61,3,200.0,188.106,step
2026-08-31T18:37:47.961057+00:00,97.955,0.0002,0.15,0.0,-0.0014,-0.0005,8982.23,3,200.0,188.126,step
2026-08-31T18:37:47.962379+00:00,97.97,0.0002,0.15,0.0,-0.0014,-0.0005,8983.55,3,200.0,188.146,step
2026-08-31T18:37:47.963670+00:00,97.985,0.0002,0.15,0.0,-0.0013,-0.0005,8984.58,3,200.0,188.166,step
2026-08-31T18:37:47.964975+00:00,97.999,0.0002,0.15,0.0,-0.0013,-0.0005,8985.31,3,200.0,188.186,step
2026-08-31T18:37:47.966257+00:00,98.012,0.0001,0.15,0.0,-0.0013,-0.0005,8986.19,3,200.0,188.206,step
2026-08-31T18:37:47.967696+00:00,98.024,0.0001,0.15,0.0,-0.0012,-0.0005,8987.15,3,200.0,188.226,step
2026-08-31T18:37:47.968929+00:00,98.037,0.0001,0.15,0.0,-0.0012,-0.0005,8988.23,3,200.0,188.246,step
2026-08-31T18:37:47.970230+00:00,98.049,0.0001,0.15,0.0,-0.0011,-0.0005,8987.9,3,200.0,188.266,step
2026-08-31T18:37:47.971519+00:00,98.063,0.0,0.15,0.0,-0.0011,-0.0005,8985.4,3,200.0,188.286,step
2026-08-31T18:37:47.972865+00:00,98.073,0.0,0.15,0.0,-0.001,-0.0005,8987.16,3,200.0,188.306,step
2026-08-31T18:37:47.974112+00:00,98.084,0.0,0.15,0.0,-0.001,-0.0005,8990.31,3,200.0,188.326,step
2026-08-31T18:37:47.975713+00:00,98.094,-0.0,0.15,0.0,-0.001,-0.0005,8993.39,3,200.0,188.346,step
2026-08-31T18:37:47.977068+00:00,98.105,-0.0,0.15,0.0,-0.0009,-0.0005,8995.67,3,200.0,188.366,step
2026-08-31T18:37:47.978382+00:00,98.117,-0.0001,0.15,0.0,-0.0009,-0.0005,8997.26,3,200.0,188.386,step
2026-08-31T18:37:47.979679+00:00,98.129,-0.0001,0.15,0.0,-0.0008,-0.0005,8998.37,3,200.0,188.406,step
2026-08-31T18:37:47.980999+00:00,98.141,-0.0001,0.15,0.0,-0.0008,-0.0005,8999.24,3,200.0,188.426,step
2026-08-31T18:37:47.982321+00:00,98.152,-0.0001,0.15,0.0,-0.0007,-0.0005,8999.69,3,200.0,188.446,step
2026-08-31T18:37:47.983795+00:00,98.162,-0.0002,0.15,0.0,-0.0007,-0.0005,9000.29,3,200.0,188.466,step
2026-08-31T18:37:47.985061+00:00,98.172,-0.0002,0.15,0.0,-0.0006,-0.0005,9000.97,3,200.0,188.486,step
2026-08-31T18:37:47.986348+00:00,98.182,-0.0002,0.15,0.0,-0.0006,-0.0005,9001.73,3,200.0,188.506,step
2026-08-31T18:37:47.987669+00:00,98.192,-0.0002,0.15,0.0,-0.0006,-0.0005,9002.6,3,200.0,188.526,step
2026-08-31T18:37:47.988990+00:00,98.203,-0.0002,0.15,0.0,-0.0005,-0.0005,8999.59,3,200.0,188.546,step
2026-08-31T18:37:47.990292+00:00,98.212,-0.0003,0.15,0.0,-0.0005,-0.0005,9000.57,3,200.0,188.566,step
2026-08-31T18:37:47.991518+00:00,98.219,-0.0003,0.15,0.0,-0.0004,-0.0005,9002.57,3,200.0,188.586,step
2026-08-31T18:37:47.993010+00:00,98.227,-0.0003,0.15,0.0,-0.0004,-0.0005,9005.19,3,200.0,188.606,step
2026-08-31T18:37:47.994249+00:00,98.236,-0.0003,0.15,0.0,-0.0003,-0.0005,9007.19,3,200.0,188.626,step
2026-08-31T18:37:47.995510+00:00,98.245,-0.0004,0.15,0.0,-0.0003,-0.0005,9008.6,3,200.0,188.646,step
2026-08-31T18:37:47.996787+00:00,98.254,-0.0004,0.15,0.0,-0.0002,-0.0005,9009.59,3,200.0,188.666,step
2026-08-31T18:37:47.998081+00:00,98.264,-0.0004,0.15,0.0,-0.0002,-0.0005,9010.34,3,200.0,188.686,step
2026-08-31T18:37:47.999373+00:00,98.273,-0.0004,0.15,0.0,-0.0002,-0.0005,9010.99,3,200.0,188.706,step
2026-08-31T18:37:48.000779+00:00,98.282,-0.0004,0.15,0.0,-0.0001,-0.0005,9011.5,3,200.0,188.726,step
2026-08-31T18:37:48.002092+00:00,98.291,-0.0005,0.15,0.0,-0.0001,-0.0005,9012.08,3,200.0,188.746,step
2026-08-31T18:37:48.003360+00:00,98.299,-0.0005,0.15,0.0,-0.0,-0.0005,9012.68,3,200.0,188.766,step
2026-08-31T18:37:48.004660+00:00,98.307,-0.0005,0.15,0.0,0.0,-0.0005,9013.34,3,200.0,188.786,step
2026-08-31T18:37:48.005989+00:00,98.315,-0.0005,0.15,0.0,0.0001,-0.0005,9014.06,3,200.0,188.806,step
2026-08-31T18:37:48.007279+00:00,98.324,-0.0005,0.15,0.0,0.0001,-0.0004,9013.02,3,200.0,188.826,step
2026-08-31T18:37:48.008709+00:00,98.332,-0.0005,0.15,0.0,0.0001,-0.0004,9013.6,3,200.0,188.846,step
2026-08-31T18:37:48.009957+00:00,98.339,-0.0005,0.15,0.0,0.0002,-0.0004,9014.8,3,200.0,188.866,step
2026-08-31T18:37:48.011227+00:00,98.347,-0.0005,0.15,0.0,0.0002,-0.0004,9016.47,3,200.0,188.886,step
2026-08-31T18:37:48.012509+00:00,98.354,-0.0005,0.15,0.0,0.0003,-0.0004,9017.83,3,200.0,188.906,step
2026-08-31T18:37:48.013740+00:00,98.362,-0.0005,0.15,0.0,0.0003,-0.0004,9018.88,3,200.0,188.926,step
2026-08-31T18:37:48.014975+00:00,98.37,-0.0005,0.15,0.0,0.0003,-0.0004,9019.7,3,200.0,188.946,step
2026-08-31T18:37:48.016215+00:00,98.378,-0.0005,0.15,0.0,0.0003,-0.0003,9020.39,3,200.0,188.966,step
2026-08-31T18:37:48.017728+00:00,98.386,-0.0005,0.15,0.0,0.0004,-0.0003,9021.01,3,200.0,188.986,step
2026-08-31T18:37:48.019008+00:00,98.393,-0.0005,0.15,0.0,0.0004,-0.0003,9021.55,3,200.0,189.006,step
2026-08-31T18:37:48.020295+00:00,98.4,-0.0005,0.15,0.0,0.0004,-0.0002,9022.07,3,200.0,189.026,step
2026-08-31T18:37:48.021559+00:00,98.408,-0.0005,0.15,0.0,0.0004,-0.0002,9022.59,3,200.0,189.046,step
2026-08-31T18:37:48.022785+00:00,98.415,-0.0005,0.15,0.0,0.0005,-0.0002,9023.16,3,200.0,189.066,step
2026-08-31T18:37:48.023982+00:00,98.421,-0.0005,0.15,0.0,0.0005,-0.0002,9023.78,3,200.0,189.086,step
2026-08-31T18:37:48.025373+00:00,98.429,-0.0005,0.15,0.0,0.0005,-0.0002,9023.09,3,200.0,189.106,step
2026-08-31T18:37:48.026632+00:00,98.436,-0.0005,0.15,0.0,0.0005,-0.0002,9023.17,3,200.0,189.126,step
2026-08-31T18:37:48.027858+00:00,98.442,-0.0005,0.15,0.0,0.0006,-0.0002,9024.13,3,200.0,189.146,step
2026-08-31T18:37:48.029078+00:00,98.448,-0.0005,0.15,0.0,0.0006,-0.0002,9025.6,3,200.0,189.166,step
2026-08-31T18:37:48.030289+00:00,98.454,-0.0005,0.15,0.0,0.0006,-0.0002,9026.87,3,200.0,189.186,step
2026-08-31T18:37:48.031508+00:00,98.46,-0.0005,0.15,0.0,0.0006,-0.0002,9027.83,3,200.0,189.206,step
2026-08-31T18:37:48.032712+00:00,98.467,-0.0005,0.15,0.0,0.0006,-0.0002,9028.57,3,200.0,189.226,step
2026-08-31T18:37:48.034078+00:00,98.474,-0.0005,0.15,0.0,0.0007,-0.0002,9029.16,3,200.0,189.246,step
2026-08-31T18:37:48.035423+00:00,98.481,-0.0005,0.15,0.0,0.0007,-0.0001,9029.69,3,200.0,189.266,step
2026-08-31T18:37:48.036706+00:00,98.487,-0.0005,0.15,0.0,0.0007,-0.0001,9030.15,3,200.0,189.286,step
2026-08-31T18:37:48.037987+00:00,98.493,-0.0005,0.15,0.0,0.0007,-0.0001,9030.55,3,200.0,189.306,step
2026-08-31T18:37:48.039248+00:00,98.499,-0.0005,0.15,0.0,0.0007,-0.0001,9030.97,3,200.0,189.326,step
2026-08-31T18:37:48.040487+00:00,98.505,-0.0005,0.15,0.0,0.0007,-0.0001,9031.43,3,200.0,189.346,step
2026-08-31T18:37:48.041781+00:00,98.51,-0.0005,0.15,0.0,0.0007,-0.0001,9031.93,3,200.0,189.366,step
2026-08-31T18:37:48.043160+00:00,98.516,-0.0005,0.15,0.0,0.0007,-0.0001,9031.92,3,200.0,189.386,step
2026-08-31T18:37:48.044438+00:00,98.522,-0.0005,0.15,0.0,0.0007,-0.0001,9031.19,3,200.0,189.406,step
2026-08-31T18:37:48.045677+00:00,98.527,-0.0005,0.15,0.0,0.0008,-0.0001,9031.95,3,200.0,189.426,step
2026-08-31T18:37:48.046999+00:00,98.532,-0.0005,0.15,0.0,0.0008,-0.0001,9033.22,3,200.0,189.446,step
2026-08-31T18:37:48.048307+00:00,98.537,-0.0005,0.15,0.0,0.0008,-0.0001,9034.4,3,200.0,189.466,step
2026-08-31T18:37:48.049635+00:00,98.543,-0.0005,0.15,0.0,0.0008,-0.0001,9035.28,3,200.0,189.486,step
2026-08-31T18:37:48.050952+00:00,98.548,-0.0005,0.15,0.0,0.0008,-0.0001,9035.94,3,200.0,189.506,step
2026-08-31T18:37:48.052252+00:00,98.553,-0.0005,0.15,0.0,0.0008,-0.0001,9036.44,3,200.0,189.526,step
2026-08-31T18:37:48.053523+00:00,98.559,-0.0005,0.15,0.0,0.0008,-0.0001,9036.88,3,200.0,189.546,step
2026-08-31T18:37:48.054816+00:00,98.564,-0.0005,0.15,0.0,0.0008,-0.0001,9037.27,3,200.0,189.566,step
2026-08-31T18:37:48.056140+00:00,98.57,-0.0005,0.15,0.0,0.0008,-0.0001,9037.57,3,200.0,189.586,step
2026-08-31T18:37:48.057478+00:00,98.574,-0.0005,0.15,0.0,0.0008,-0.0001,9037.89,3,200.0,189.606,step
2026-08-31T18:37:48.059195+00:00,98.579,-0.0005,0.15,0.0,0.0008,-0.0001,9038.24,3,200.0,189.626,step
2026-08-31T18:37:48.060481+00:00,98.584,-0.0005,0.15,0.0,0.0008,-0.0001,9038.64,3,200.0,189.646,step
2026-08-31T18:37:48.061782+00:00,98.588,-0.0005,0.15,0.0,0.0008,-0.0001,9039.08,3,200.0,189.666,step
2026-08-31T18:37:48.063065+00:00,98.593,-0.0005,0.15,0.0,0.0008,-0.0001,9037.8,3,200.0,189.686,step
2026-08-31T18:37:48.064392+00:00,98.597,-0.0005,0.15,0.0,0.0009,-0.0001,9038.37,3,200.0,189.706,step
2026-08-31T18:37:48.065715+00:00,98.601,-0.0005,0.15,0.0,0.0009,-0.0001,9039.43,3,200.0,189.726,step
2026-08-31T18:37:48.067129+00:00,98.605,-0.0005,0.15,0.0,0.0009,-0.0001,9040.53,3,200.0,189.746,step
2026-08-31T18:37:48.068460+00:00,98.609,-0.0005,0.15,0.0,0.0009,-0.0001,9041.34,3,200.0,189.766,step
2026-08-31T18:37:48.069721+00:00,98.614,-0.0005,0.15,0.0,0.0009,-0.0001,9041.92,3,200.0,189.786,step
2026-08-31T18:37:48.071026+00:00,98.618,-0.0005,0.15,0.0,0.0009,-0.0001,9042.34,3,200.0,189.806,step
2026-08-31T18:37:48.072342+00:00,98.623,-0.0005,0.15,0.0,0.0009,-0.0001,9042.69,3,200.0,189.826,step
2026-08-31T18:37:48.073645+00:00,98.627,-0.0005,0.15,0.0,0.0009,-0.0,9043.0,3,200.0,189.846,step
2026-08-31T18:37:48.074958+00:00,98.631,-0.0005,0.15,0.0,0.0009,-0.0,9043.21,3,200.0,189.866,step
2026-08-31T18:37:48.076487+00:00,98.635,-0.0004,0.15,0.0,0.0009,0.0,9043.45,3,200.0,189.886,step
2026-08-31T18:37:48.077781+00:00,98.638,-0.0004,0.15,0.0,0.0009,0.0,9043.7,3,200.0,189.906,step
2026-08-31T18:37:48.079072+00:00,98.642,-0.0004,0.15,0.0,0.0009,0.0,9044.0,3,200.0,189.926,step
2026-08-31T18:37:48.080397+00:00,98.646,-0.0004,0.15,0.0,0.0009,0.0,9044.35,3,200.0,189.946,step
2026-08-31T18:37:48.081710+00:00,98.65,-0.0004,0.15,0.0,0.0009,0.0,9043.1,3,200.0,189.966,step
2026-08-31T18:37:48.083104+00:00,98.653,-0.0004,0.15,0.0,0.0009,0.0,9043.5,3,200.0,189.986,step
2026-08-31T18:37:48.084464+00:00,98.656,-0.0004,0.15,0.0,0.0009,0.0,9044.35,3,200.0,190.006,step
2026-08-31T18:37:48.085754+00:00,98.659,-0.0004,0.15,0.0,0.0009,0.0,9045.37,3,200.0,190.026,step
2026-08-31T18:37:48.087121+00:00,98.662,-0.0004,0.15,0.0,0.0009,0.0,9046.1,3,200.0,190.046,step
2026-08-31T18:37:48.088399+00:00,98.665,-0.0004,0.15,0.0,0.0009,0.0,9046.61,3,200.0,190.066,step
2026-08-31T18:37:48.089674+00:00,98.669,-0.0004,0.15,0.0,0.0009,0.0,9046.96,3,200.0,190.086,step
2026-08-31T18:37:48.090960+00:00,98.672,-0.0004,0.15,0.0,0.0009,0.0,9047.23,3,200.0,190.106,step
2026-08-31T18:37:48.092390+00:00,98.676,-0.0004,0.15,0.0,0.0009,0.0,9047.47,3,200.0,190.126,step
2026-08-31T18:37:48.093660+00:00,98.679,-0.0004,0.15,0.0,0.0009,0.0,9047.61,3,200.0,190.146,step
2026-08-31T18:37:48.094976+00:00,98.682,-0.0004,0.15,0.0,0.0009,0.0,9047.77,3,200.0,190.166,step
2026-08-31T18:37:48.096245+00:00,98.684,-0.0004,0.15,0.0,0.0009,0.0,9047.94,3,200.0,190.186,step
2026-08-31T18:37:48.097529+00:00,98.687,-0.0004,0.15,0.0,0.0009,0.0,9048.14,3,200.0,190.206,step
2026-08-31T18:37:48.098789+00:00,98.69,-0.0004,0.15,0.0,0.0009,0.0,9048.39,3,200.0,190.226,step
2026-08-31T18:37:48.100158+00:00,98.693,-0.0004,0.15,0.0,0.0009,0.0,9047.21,3,200.0,190.246,step
2026-08-31T18:37:48.101621+00:00,98.695,-0.0004,0.15,0.0,0.0009,0.0,9047.44,3,200.0,190.266,step
2026-08-31T18:37:48.102935+00:00,98.697,-0.0004,0.15,0.0,0.0009,0.0,9048.1,3,200.0,190.286,step
2026-08-31T18:37:48.104231+00:00,98.699,-0.0004,0.15,0.0,0.0009,0.0,9049.02,3,200.0,190.306,step
2026-08-31T18:37:48.105493+00:00,98.702,-0.0004,0.15,0.0,0.0009,0.0,9049.69,3,200.0,190.326,step
2026-08-31T18:37:48.106756+00:00,98.704,-0.0004,0.15,0.0,0.0009,0.0,9050.13,3,200.0,190.346,step
2026-08-31T18:37:48.108013+00:00,98.707,-0.0004,0.15,0.0,0.0009,0.0,9050.41,3,200.0,190.366,step
2026-08-31T18:37:48.109434+00:00,98.709,-0.0004,0.15,0.0,0.0009,0.0,9050.61,3,200.0,190.386,step
2026-08-31T18:37:48.110745+00:00,98.712,-0.0004,0.15,0.0,0.0009,0.0,9050.77,3,200.0,190.406,step
2026-08-31T18:37:48.112034+00:00,98.714,-0.0004,0.15,0.0,0.0009,0.0,9050.86,3,200.0,190.426,step
2026-08-31T18:37:48.113328+00:00,98.716,-0.0004,0.15,0.0,0.0009,0.0,9050.94,3,200.0,190.446,step
2026-08-31T18:37:48.114608+00:00,98.718,-0.0004,0.15,0.0,0.0009,0.0,9051.04,3,200.0,190.466,step
2026-08-31T18:37:48.115917+00:00,98.72,-0.0004,0.15,0.0,0.0009,0.0,9051.16,3,200.0,190.486,step
2026-08-31T18:37:48.117315+00:00,98.722,-0.0004,0.15,0.0,0.0009,0.0,9051.33,3,200.0,190.506,step
2026-08-31T18:37:48.118638+00:00,98.724,-0.0004,0.15,0.0,0.0009,0.0,9050.26,3,200.0,190.526,step
2026-08-31T18:37:48.119902+00:00,98.726,-0.0004,0.15,0.0,0.0009,0.0,9050.3,3,200.0,190.546,step
2026-08-31T18:37:48.121152+00:00,98.727,-0.0004,0.15,0.0,0.0009,0.0,9050.78,3,200.0,190.566,step
2026-08-31T18:37:48.122399+00:00,98.728,-0.0004,0.15,0.0,0.0009,0.0,9051.6,3,200.0,190.586,step
2026-08-31T18:37:48.123683+00:00,98.729,-0.0004,0.15,0.0,0.0009,0.0,9052.19,3,200.0,190.606,step
2026-08-31T18:37:48.124959+00:00,98.731,-0.0004,0.15,0.0,0.0009,0.0,9052.57,3,200.0,190.626,step
2026-08-31T18:37:48.126422+00:00,98.733,-0.0004,0.15,0.0,0.0009,0.0,9052.79,3,200.0,190.646,step
2026-08-31T18:37:48.127763+00:00,98.734,-0.0004,0.15,0.0,0.0009,0.0,9052.93,3,200.0,190.666,step
2026-08-31T18:37:48.129059+00:00,98.736,-0.0004,0.15,0.0,0.0009,0.0,9053.03,3,200.0,190.686,step
2026-08-31T18:37:48.130361+00:00,98.738,-0.0004,0.15,0.0,0.0009,0.0,9053.06,3,200.0,190.706,step
2026-08-31T18:37:48.131656+00:00,98.739,-0.0004,0.15,0.0,0.0009,0.0,9053.07,3,200.0,190.726,step
2026-08-31T18:37:48.133012+00:00,98.74,-0.0004,0.15,0.0,0.0009,0.0,9053.1,3,200.0,190.746,step
2026-08-31T18:37:48.134308+00:00,98.741,-0.0004,0.15,0.0,0.0009,0.0,9053.15,3,200.0,190.766,step
2026-08-31T18:37:48.135628+00:00,98.742,-0.0004,0.15,0.0,0.0009,0.0,9053.24,3,200.0,190.786,step
2026-08-31T18:37:48.136874+00:00,98.744,-0.0004,0.15,0.0,0.0009,0.0,9052.38,3,200.0,190.806,step
2026-08-31T18:37:48.138152+00:00,98.745,-0.0004,0.15,0.0,0.0009,0.0,9052.16,3,200.0,190.826,step
2026-08-31T18:37:48.139458+00:00,98.745,-0.0004,0.15,0.0,0.0009,0.0,9052.5,3,200.0,190.846,step
2026-08-31T18:37:48.140737+00:00,98.746,-0.0004,0.15,0.0,0.0009,0.0,9053.19,3,200.0,190.866,step
2026-08-31T18:37:48.142247+00:00,98.746,-0.0004,0.15,0.0,0.0009,0.0,9053.72,3,200.0,190.886,step
2026-08-31T18:37:48.143555+00:00,98.747,-0.0004,0.15,0.0,0.0009,0.0,9054.04,3,200.0,190.906,step
2026-08-31T18:37:48.144871+00:00,98.748,-0.0004,0.15,0.0,0.0009,0.0,9054.21,3,200.0,190.926,step
2026-08-31T18:37:48.146128+00:00,98.749,-0.0004,0.15,0.0,0.0009,0.0,9054.29,3,200.0,190.946,step
2026-08-31T18:37:48.147438+00:00,98.75,-0.0004,0.15,0.0,0.0009,0.0,9054.32,3,200.0,190.966,step
2026-08-31T18:37:48.148748+00:00,98.751,-0.0004,0.15,0.0,0.0009,0.0,9054.31,3,200.0,190.986,step
2026-08-31T18:37:48.150006+00:00,98.752,-0.0004,0.15,0.0,0.0009,0.0,9054.26,3,200.0,191.006,step
2026-08-31T18:37:48.151444+00:00,98.752,-0.0004,0.15,0.0,0.0009,0.0,9054.23,3,200.0,191.026,step
2026-08-31T18:37:48.152717+00:00,98.753,-0.0004,0.15,0.0,0.0009,0.0,9054.22,3,200.0,191.046,step
2026-08-31T18:37:48.154000+00:00,98.753,-0.0004,0.15,0.0,0.0009,0.0,9054.25,3,200.0,191.066,step
2026-08-31T18:37:48.155265+00:00,98.754,-0.0004,0.15,0.0,0.0009,0.0,9053.67,3,200.0,191.086,step
2026-08-31T18:37:48.156543+00:00,98.754,-0.0004,0.15,0.0,0.0009,0.0,9053.13,3,200.0,191.106,step
2026-08-31T18:37:48.157808+00:00,98.754,-0.0004,0.15,0.0,0.0009,0.0,9053.35,3,200.0,191.126,step
2026-08-31T18:37:48.159263+00:00,98.754,-0.0004,0.15,0.0,0.0009,0.0,9053.91,3,200.0,191.146,step
2026-08-31T18:37:48.160542+00:00,98.754,-0.0004,0.15,0.0,0.0009,0.0,9054.37,3,200.0,191.166,step
2026-08-31T18:37:48.161831+00:00,98.754,-0.0004,0.15,0.0,0.0009,0.0,9054.64,3,200.0,191.186,step
2026-08-31T18:37:48.163116+00:00,98.754,-0.0004,0.15,0.0,0.0009,0.0,9054.75,3,200.0,191.206,step
2026-08-31T18:37:48.164416+00:00,98.755,-0.0004,0.15,0.0,0.0009,0.0,9054.78,3,200.0,191.226,step
2026-08-31T18:37:48.165705+00:00,98.755,-0.0004,0.15,0.0,0.0009,0.0,9054.76,3,199.906,191.246,step
2026-08-31T18:37:48.167134+00:00,98.755,-0.0004,0.15,0.0,0.0009,0.0,9054.71,3,199.358,191.266,step
2026-08-31T18:37:48.168453+00:00,98.755,-0.0004,0.15,0.0,0.0009,0.0,9054.61,3,198.809,191.286,step
2026-08-31T18:37:48.169806+00:00,98.755,-0.0004,0.15,0.0,0.0009,0.0,9054.53,3,198.26,191.306,step
2026-08-31T18:37:48.171087+00:00,98.755,-0.0004,0.15,0.0,0.0009,0.0,9054.46,3,197.711,191.326,step
2026-08-31T18:37:48.172386+00:00,98.755,-0.0004,0.15,0.0,0.0009,0.0,9054.43,3,197.163,191.346,step
2026-08-31T18:37:48.173688+00:00,98.754,-0.0004,0.15,0.0,0.0009,0.0,9054.26,3,196.614,191.366,step
2026-08-31T18:37:48.175084+00:00,98.755,-0.0004,0.15,0.0,0.0009,0.0,9053.3,3,196.066,191.386,step
2026-08-31T18:37:48.176451+00:00,98.754,-0.0004,0.15,0.0,0.0009,0.0,9053.42,3,195.517,191.406,step
2026-08-31T18:37:48.177755+00:00,98.753,-0.0004,0.15,0.0,0.0009,0.0,9053.84,3,194.968,191.426,step
2026-08-31T18:37:48.179057+00:00,98.753,-0.0004,0.15,0.0,0.0009,0.0,9054.24,3,194.419,191.446,step
2026-08-31T18:37:48.180325+00:00,98.752,-0.0004,0.15,0.0,0.0009,0.0,9054.45,3,193.871,191.466,step
2026-08-31T18:37:48.181586+00:00,98.752,-0.0004,0.15,0.0,0.0009,0.0,9054.53,3,193.322,191.486,step
2026-08-31T18:37:48.182901+00:00,98.752,-0.0004,0.15,0.0,0.0009,0.0,9054.5,3,192.774,191.506,step
2026-08-31T18:37:48.184615+00:00,98.751,-0.0004,0.15,0.0,0.0009,0.0,9054.44,3,192.225,191.526,step
2026-08-31T18:37:48.185990+00:00,98.751,-0.0004,0.15,0.0,0.0009,0.0,9054.35,3,191.676,191.546,step
2026-08-31T18:37:48.187314+00:00,98.751,-0.0004,0.15,0.0,0.0009,0.0,9054.21,3,191.127,191.566,step
2026-08-31T18:37:48.188604+00:00,98.75,-0.0004,0.15,0.0,0.0009,0.0,9054.08,3,190.579,191.586,step
2026-08-31T18:37:48.189880+00:00,98.749,-0.0004,0.15,0.0,0.0009,0.0,9053.97,3,190.03,191.606,step
2026-08-31T18:37:48.191192+00:00,98.748,-0.0004,0.15,0.0,0.0009,0.0,9053.89,3,189.481,191.626,step
2026-08-31T18:37:48.192707+00:00,98.748,-0.0004,0.15,0.0,0.0009,0.0,9053.83,3,188.932,191.646,step
2026-08-31T18:37:48.194051+00:00,98.747,-0.0004,0.15,0.0,0.0009,0.0,9052.77,3,188.384,191.666,step
2026-08-31T18:37:48.195339+00:00,98.746,-0.0004,0.15,0.0,0.0009,0.0,9052.78,3,187.835,191.686,step
2026-08-31T18:37:48.196580+00:00,98.745,-0.0004,0.15,0.0,0.0009,0.0,9053.08,3,187.287,191.706,step
2026-08-31T18:37:48.197844+00:00,98.744,-0.0004,0.15,0.0,0.0009,0.0,9053.42,3,186.738,191.726,step
2026-08-31T18:37:48.199125+00:00,98.743,-0.0004,0.15,0.0,0.0009,0.0,9053.58,3,186.189,191.746,step
2026-08-31T18:37:48.200615+00:00,98.742,-0.0004,0.15,0.0,0.0009,0.0,9053.61,3,185.64,191.766,step
2026-08-31T18:37:48.202026+00:00,98.741,-0.0004,0.15,0.0,0.0009,0.0,9053.55,3,185.092,191.786,step
2026-08-31T18:37:48.203351+00:00,98.74,-0.0004,0.15,0.0,0.0009,0.0,9053.45,3,184.543,191.806,step
2026-08-31T18:37:48.204664+00:00,98.74,-0.0004,0.15,0.0,0.0009,0.0,9053.33,3,183.994,191.826,step
2026-08-31T18:37:48.205944+00:00,98.739,-0.0004,0.15,0.0,0.0009,0.0,9053.16,3,183.446,191.846,step
2026-08-31T18:37:48.207302+00:00,98.738,-0.0004,0.15,0.0,0.0009,0.0,9052.99,3,182.898,191.866,step
2026-08-31T18:37:48.208823+00:00,98.736,-0.0004,0.15,0.0,0.0009,0.0,9052.84,3,182.349,191.886,step
2026-08-31T18:37:48.210200+00:00,98.735,-0.0004,0.15,0.0,0.0009,0.0,9052.71,3,181.801,191.906,step
2026-08-31T18:37:48.211489+00:00,98.734,-0.0004,0.15,0.0,0.0009,0.0,9052.6,3,181.252,191.926,step
2026-08-31T18:37:48.212804+00:00,98.733,-0.0004,0.15,0.0,0.0008,0.0,9051.62,3,180.704,191.946,step
2026-08-31T18:37:48.214145+00:00,98.732,-0.0004,0.15,0.0,0.0008,0.0,9051.54,3,180.155,191.966,step
2026-08-31T18:37:48.215496+00:00,98.73,-0.0004,0.15,0.0,0.0008,0.0,9051.73,3,179.607,191.986,step
2026-08-31T18:37:48.216899+00:00,98.728,-0.0004,0.15,0.0,0.0008,0.0,9052.0,3,179.059,192.006,step
2026-08-31T18:37:48.218257+00:00,98.727,-0.0004,0.15,0.0,0.0008,0.0,9052.12,3,178.511,192.026,step
2026-08-31T18:37:48.219586+00:00,98.726,-0.0004,0.15,0.0,0.0008,0.0,9052.11,3,177.962,192.046,step
2026-08-31T18:37:48.220872+00:00,98.725,-0.0004,0.15,0.0,0.0008,0.0,9052.02,3,177.414,192.066,step
2026-08-31T18:37:48.222157+00:00,98.723,-0.0004,0.15,0.0,0.0008,0.0,9051.88,3,176.865,192.086,step
2026-08-31T18:37:48.223439+00:00,98.722,-0.0004,0.15,0.0,0.0008,0.0,9051.73,3,176.317,192.106,step
2026-08-31T18:37:48.224784+00:00,98.721,-0.0004,0.15,0.0,0.0008,0.0,9051.52,3,175.768,192.126,step
2026-08-31T18:37:48.226475+00:00,98.719,-0.0004,0.15,0.0,0.0008,0.0,9051.33,3,175.22,192.146,step
2026-08-31T18:37:48.227863+00:00,98.718,-0.0004,0.15,0.0,0.0008,0.0,9051.14,3,174.671,192.166,step
2026-08-31T18:37:48.229181+00:00,98.716,-0.0004,0.15,0.0,0.0008,0.0,9050.98,3,174.123,192.186,step
2026-08-31T18:37:48.230486+00:00,98.714,-0.0004,0.15,0.0,0.0008,0.0,9050.83,3,173.575,192.206,step
2026-08-31T18:37:48.231845+00:00,98.713,-0.0004,0.15,0.0,0.0008,0.0,9049.94,3,173.027,192.226,step
2026-08-31T18:37:48.233271+00:00,98.711,-0.0004,0.15,0.0,0.0008,0.0,9049.78,3,172.478,192.246,step
2026-08-31T18:37:48.234584+00:00,98.709,-0.0004,0.15,0.0,0.0008,0.0,9049.86,3,171.93,192.266,step
2026-08-31T18:37:48.235872+00:00,98.707,-0.0004,0.15,0.0,0.0008,0.0,9050.07,3,171.381,192.286,step
2026-08-31T18:37:48.237166+00:00,98.706,-0.0004,0.15,0.0,0.0008,0.0,9050.14,3,170.833,192.306,step
2026-08-31T18:37:48.238434+00:00,98.704,-0.0004,0.15,0.0,0.0008,0.0,9050.1,3,170.284,192.326,step
2026-08-31T18:37:48.239704+00:00,98.702,-0.0004,0.15,0.0,0.0008,0.0,9049.98,3,169.736,192.346,step
2026-08-31T18:37:48.241066+00:00,98.701,-0.0004,0.15,0.0,0.0008,0.0,9049.82,3,169.187,192.366,step
2026-08-31T18:37:48.242612+00:00,98.699,-0.0004,0.15,0.0,0.0008,0.0,9049.64,3,168.639,192.386,step
2026-08-31T18:37:48.243936+00:00,98.697,-0.0004,0.15,0.0,0.0008,0.0,9049.41,3,168.091,192.406,step
2026-08-31T18:37:48.245259+00:00,98.695,-0.0004,0.15,0.0,0.0008,0.0,9049.2,3,167.543,192.426,step
2026-08-31T18:37:48.246542+00:00,98.694,-0.0004,0.15,0.0,0.0008,0.0,9048.99,3,166.994,192.446,step
2026-08-31T18:37:48.247802+00:00,98.692,-0.0004,0.15,0.0,0.0008,0.0,9048.79,3,166.446,192.466,step
2026-08-31T18:37:48.249191+00:00,98.69,-0.0004,0.15,0.0,0.0008,0.0,9048.61,3,165.897,192.486,step
2026-08-31T18:37:48.250712+00:00,98.688,-0.0004,0.15,0.0,0.0008,0.0,9047.84,3,165.349,192.506,step
2026-08-31T18:37:48.252043+00:00,98.686,-0.0004,0.15,0.0,0.0008,0.0,9047.6,3,164.8,192.526,step
2026-08-31T18:37:48.253347+00:00,98.684,-0.0004,0.15,0.0,0.0008,0.0,9047.59,3,164.252,192.546,step
2026-08-31T18:37:48.254631+00:00,98.682,-0.0004,0.15,0.0,0.0008,0.0,9047.73,3,163.704,192.566,step
2026-08-31T18:37:48.255899+00:00,98.68,-0.0004,0.15,0.0,0.0008,0.0,9047.76,3,163.156,192.586,step
2026-08-31T18:37:48.257251+00:00,98.677,-0.0004,0.15,0.0,0.0008,0.0,9047.69,3,162.608,192.606,step
2026-08-31T18:37:48.258735+00:00,98.676,-0.0004,0.15,0.0,0.0008,0.0,9047.54,3,162.06,192.626,step
2026-08-31T18:37:48.260043+00:00,98.674,-0.0004,0.15,0.0,0.0008,0.0,9047.35,3,161.512,192.646,step
2026-08-31T18:37:48.261326+00:00,98.672,-0.0004,0.15,0.0,0.0008,0.0,9047.15,3,160.964,192.666,step
2026-08-31T18:37:48.262604+00:00,98.67,-0.0004,0.15,0.0,0.0008,0.0,9046.91,3,160.416,192.686,step
2026-08-31T18:37:48.263887+00:00,98.668,-0.0004,0.15,0.0,0.0008,0.0,9046.67,3,159.868,192.706,step
2026-08-31T18:37:48.265175+00:00,98.665,-0.0004,0.15,0.0,0.0008,0.0,9046.44,3,159.319,192.726,step
2026-08-31T18:37:48.266606+00:00,98.663,-0.0004,0.15,0.0,0.0008,0.0,9046.22,3,158.772,192.746,step
2026-08-31T18:37:48.267993+00:00,98.661,-0.0004,0.15,0.0,0.0008,0.0,9046.02,3,158.223,192.766,step
2026-08-31T18:37:48.269305+00:00,98.659,-0.0004,0.15,0.0,0.0008,0.0,9045.41,3,157.675,192.786,step
2026-08-31T18:37:48.270592+00:00,98.657,-0.0004,0.15,0.0,0.0008,0.0,9045.06,3,157.127,192.806,step
2026-08-31T18:37:48.271864+00:00,98.654,-0.0004,0.15,0.0,0.0008,0.0,9044.96,3,156.579,192.826,step
2026-08-31T18:37:48.273122+00:00,98.652,-0.0004,0.15,0.0,0.0008,0.0,9045.03,3,156.031,192.846,step
2026-08-31T18:37:48.274426+00:00,98.65,-0.0004,0.15,0.0,0.0008,0.0,9045.03,3,155.483,192.866,step
2026-08-31T18:37:48.275899+00:00,98.647,-0.0004,0.15,0.0,0.0008,0.0,9044.93,3,154.935,192.886,step
2026-08-31T18:37:48.277186+00:00,98.645,-0.0004,0.15,0.0,0.0008,0.0,9044.76,3,154.387,192.906,step
2026-08-31T18:37:48.278448+00:00,98.643,-0.0004,0.15,0.0,0.0008,0.0,9044.56,3,153.838,192.926,step
2026-08-31T18:37:48.279696+00:00,98.641,-0.0004,0.15,0.0,0.0008,0.0,9044.34,3,153.291,192.946,step
2026-08-31T18:37:48.280976+00:00,98.639,-0.0004,0.15,0.0,0.0008,0.0,9044.1,3,152.742,192.966,step
2026-08-31T18:37:48.282329+00:00,98.636,-0.0004,0.15,0.0,0.0008,0.0,9043.84,3,152.195,192.986,step
2026-08-31T18:37:48.283834+00:00,98.634,-0.0004,0.15,0.0,0.0008,0.0,9043.6,3,151.646,193.006,step
2026-08-31T18:37:48.285286+00:00,98.632,-0.0004,0.15,0.0,0.0008,0.0,9043.36,3,151.098,193.026,step
2026-08-31T18:37:48.286630+00:00,98.629,-0.0004,0.15,0.0,0.0008,0.0,9043.15,3,150.55,193.046,step
2026-08-31T18:37:48.287941+00:00,98.627,-0.0004,0.15,0.0,0.0008,0.0,9042.73,3,150.003,193.066,step
2026-08-31T18:37:48.289168+00:00,98.625,-0.0004,0.15,0.0,0.0008,0.0,9042.25,3,149.454,193.086,step
2026-08-31T18:37:48.290489+00:00,98.622,-0.0004,0.15,0.0,0.0008,0.0,9042.1,3,148.907,193.106,step
2026-08-31T18:37:48.291818+00:00,98.62,-0.0004,0.15,0.0,0.0008,0.0,9042.09,3,148.359,193.126,step
2026-08-31T18:37:48.293274+00:00,98.617,-0.0004,0.15,0.0,0.0008,0.0,9042.04,3,147.811,193.146,step
2026-08-31T18:37:48.294600+00:00,98.615,-0.0004,0.15,0.0,0.0008,0.0,9041.92,3,147.263,193.166,step
2026-08-31T18:37:48.295905+00:00,98.612,-0.0004,0.15,0.0,0.0008,0.0,9041.74,3,146.716,193.186,step
2026-08-31T18:37:48.297216+00:00,98.61,-0.0004,0.15,0.0,0.0008,0.0,9041.52,3,146.168,193.206,step
2026-08-31T18:37:48.298563+00:00,98.608,-0.0004,0.15,0.0,0.0008,0.0,9041.29,3,145.62,193.226,step
2026-08-31T18:37:48.299862+00:00,98.605,-0.0004,0.15,0.0,0.0008,0.0,9041.05,3,145.072,193.246,step
2026-08-31T18:37:48.301344+00:00,98.603,-0.0004,0.15,0.0,0.0008,0.0,9040.79,3,144.525,193.266,step
2026-08-31T18:37:48.302683+00:00,98.6,-0.0004,0.15,0.0,0.0008,0.0,9040.54,3,143.977,193.286,step
2026-08-31T18:37:48.303975+00:00,98.598,-0.0004,0.15,0.0,0.0008,0.0,9040.29,3,143.429,193.306,step
2026-08-31T18:37:48.305232+00:00,98.595,-0.0004,0.15,0.0,0.0008,0.0,9040.06,3,142.881,193.326,step
2026-08-31T18:37:48.306483+00:00,98.593,-0.0004,0.15,0.0,0.0008,0.0,9039.82,3,142.334,193.346,step
2026-08-31T18:37:48.307772+00:00,98.59,-0.0004,0.15,0.0,0.0008,0.0,9039.24,3,141.786,193.366,step
2026-08-31T18:37:48.309181+00:00,98.588,-0.0004,0.15,0.0,0.0008,0.0,9039.05,3,141.238,193.386,step
2026-08-31T18:37:48.310533+00:00,98.585,-0.0004,0.15,0.0,0.0008,0.0,9038.97,3,140.69,193.406,step
2026-08-31T18:37:48.311831+00:00,98.582,-0.0004,0.15,0.0,0.0008,0.0,9038.89,3,140.143,193.426,step
2026-08-31T18:37:48.313081+00:00,98.58,-0.0004,0.15,0.0,0.0008,0.0,9038.74,3,139.594,193.446,step
2026-08-31T18:37:48.314339+00:00,98.577,-0.0004,0.15,0.0,0.0008,0.0,9038.54,3,139.047,193.466,step
2026-08-31T18:37:48.315611+00:00,98.575,-0.0004,0.15,0.0,0.0008,0.0,9038.32,3,138.499,193.486,step
2026-08-31T18:37:48.317075+00:00,98.572,-0.0004,0.15,0.0,0.0008,0.0,9038.1,3,137.952,193.506,step
2026-08-31T18:37:48.318452+00:00,98.57,-0.0004,0.15,0.0,0.0008,0.0,9037.85,3,137.404,193.526,step
2026-08-31T18:37:48.319775+00:00,98.567,-0.0004,0.15,0.0,0.0008,0.0,9037.58,3,136.857,193.546,step
2026-08-31T18:37:48.321081+00:00,98.565,-0.0004,0.15,0.0,0.0008,0.0,9037.33,3,136.309,193.566,step
2026-08-31T18:37:48.322336+00:00,98.562,-0.0004,0.15,0.0,0.0008,0.0,9037.08,3,135.762,193.586,step
2026-08-31T18:37:48.323698+00:00,98.56,-0.0004,0.15,0.0,0.0008,0.0,9036.84,3,135.214,193.606,step
2026-08-31T18:37:48.325062+00:00,98.557,-0.0004,0.15,0.0,0.0008,0.0,9036.6,3,134.667,193.626,step
2026-08-31T18:37:48.326531+00:00,98.555,-0.0004,0.15,0.0,0.0008,0.0,9036.11,3,134.119,193.646,step
2026-08-31T18:37:48.327823+00:00,98.552,-0.0004,0.15,0.0,0.0008,0.0,9035.9,3,133.572,193.666,step
2026-08-31T18:37:48.329083+00:00,98.549,-0.0004,0.15,0.0,0.0008,0.0,9035.75,3,133.024,193.686,step
2026-08-31T18:37:48.330308+00:00,98.547,-0.0004,0.15,0.0,0.0008,0.0,9035.63,3,132.477,193.706,step
2026-08-31T18:37:48.331541+00:00,98.544,-0.0004,0.15,0.0,0.0008,0.0,9035.46,3,131.929,193.726,step
2026-08-31T18:37:48.332814+00:00,98.541,-0.0004,0.15,0.0,0.0008,0.0,9035.25,3,131.382,193.746,step
2026-08-31T18:37:48.334264+00:00,98.539,-0.0004,0.15,0.0,0.0008,0.0,9035.02,3,130.834,193.766,step
2026-08-31T18:37:48.335533+00:00,98.536,-0.0004,0.15,0.0,0.0008,0.0,9034.79,3,130.287,193.786,step
2026-08-31T18:37:48.336814+00:00,98.534,-0.0004,0.15,0.0,0.0008,0.0,9034.54,3,129.739,193.806,step
2026-08-31T18:37:48.338070+00:00,98.531,-0.0004,0.15,0.0,0.0008,0.0,9034.29,3,129.192,193.826,step
2026-08-31T18:37:48.339313+00:00,98.529,-0.0004,0.15,0.0,0.0008,0.0,9034.04,3,128.644,193.846,step
2026-08-31T18:37:48.340559+00:00,98.526,-0.0004,0.15,0.0,0.0008,0.0,9033.79,3,128.097,193.866,step
2026-08-31T18:37:48.341939+00:00,98.523,-0.0004,0.15,0.0,0.0008,0.0,9033.55,3,127.549,193.886,step
2026-08-31T18:37:48.343270+00:00,98.521,-0.0004,0.15,0.0,0.0008,0.0,9033.31,3,127.002,193.906,step
2026-08-31T18:37:48.344544+00:00,98.518,-0.0004,0.15,0.0,0.0008,0.0,9032.95,3,126.455,193.926,step
2026-08-31T18:37:48.345812+00:00,98.516,-0.0004,0.15,0.0,0.0008,0.0,9032.71,3,125.908,193.946,step
2026-08-31T18:37:48.347064+00:00,98.513,-0.0004,0.15,0.0,0.0008,0.0,9032.52,3,125.36,193.966,step
2026-08-31T18:37:48.348335+00:00,98.51,-0.0004,0.15,0.0,0.0008,0.0,9032.35,3,124.813,193.986,step
2026-08-31T18:37:48.349674+00:00,98.508,-0.0004,0.15,0.0,0.0008,0.0,9032.15,3,124.266,194.006,step
2026-08-31T18:37:48.351074+00:00,98.505,-0.0004,0.15,0.0,0.0008,0.0,9031.93,3,123.719,194.026,step
2026-08-31T18:37:48.352336+00:00,98.503,-0.0004,0.15,0.0,0.0008,0.0,9031.71,3,123.172,194.046,step
2026-08-31T18:37:48.353615+00:00,98.5,-0.0004,0.15,0.0,0.0008,0.0,9031.47,3,122.625,194.066,step
2026-08-31T18:37:48.354931+00:00,98.498,-0.0004,0.15,0.0,0.0008,0.0,9031.23,3,122.077,194.086,step
2026-08-31T18:37:48.356202+00:00,98.495,-0.0004,0.15,0.0,0.0008,0.0,9030.99,3,121.53,194.106,step
2026-08-31T18:37:48.357569+00:00,98.493,-0.0004,0.15,0.0,0.0008,0.0,9030.76,3,120.983,194.126,step
2026-08-31T18:37:48.359023+00:00,98.49,-0.0004,0.15,0.0,0.0008,0.0,9030.52,3,120.436,194.146,step
2026-08-31T18:37:48.360313+00:00,98.487,-0.0004,0.0,0.15,0.0008,0.0,9030.29,3,119.889,194.166,step
2026-08-31T18:37:48.361628+00:00,98.099,-0.0004,0.0,0.15,0.0008,-0.0,8843.28,3,119.353,194.186,step
2026-08-31T18:37:48.362905+00:00,97.507,-0.0005,0.0,0.15,0.0008,-0.0001,8785.91,3,118.842,194.206,step
2026-08-31T18:37:48.364170+00:00,96.915,-0.0005,0.0,0.15,0.0008,-0.0001,8729.99,3,118.345,194.226,step
2026-08-31T18:37:48.365523+00:00,96.325,-0.0006,0.0,0.15,0.0008,-0.0002,8676.1,3,117.843,194.246,step
2026-08-31T18:37:48.366931+00:00,95.738,-0.0007,0.0,0.15,0.0008,-0.0003,8623.64,3,117.332,194.266,step
2026-08-31T18:37:48.368280+00:00,95.154,-0.0007,0.0,0.15,0.0008,-0.0003,8572.0,3,116.818,194.286,step
2026-08-31T18:37:48.369547+00:00,94.572,-0.0007,0.0,0.15,0.0008,-0.0003,8520.73,3,116.305,194.306,step
2026-08-31T18:37:48.370816+00:00,93.992,-0.0007,0.0,0.15,0.0008,-0.0003,8469.51,3,115.793,194.326,step
2026-08-31T18:37:48.372128+00:00,93.415,-0.0008,0.0,0.15,0.0008,-0.0003,8418.35,3,115.283,194.346,step
2026-08-31T18:37:48.373542+00:00,92.84,-0.0008,0.0,0.15,0.0008,-0.0004,8367.15,3,114.775,194.366,step
2026-08-31T18:37:48.374826+00:00,92.267,-0.0008,0.0,0.15,0.0009,-0.0004,8316.06,3,114.269,194.386,step
2026-08-31T18:37:48.376335+00:00,91.696,-0.0008,0.15,0.0,0.0009,-0.0004,8265.0,3,113.766,194.406,step
2026-08-31T18:37:48.377602+00:00,91.511,-0.0008,0.15,0.0,0.0009,-0.0004,8396.84,3,113.253,194.426,step
2026-08-31T18:37:48.378910+00:00,91.522,-0.0008,0.15,0.0,0.0009,-0.0004,8396.28,3,112.725,194.446,step
2026-08-31T18:37:48.380165+00:00,91.534,-0.0008,0.15,0.0,0.0009,-0.0003,8395.81,3,112.189,194.466,step
2026-08-31T18:37:48.381430+00:00,91.545,-0.0007,0.15,0.0,0.0009,-0.0002,8395.91,3,111.65,194.486,step
2026-08-31T18:37:48.382678+00:00,91.555,-0.0007,0.15,0.0,0.0009,-0.0002,8396.62,3,111.11,194.506,step
2026-08-31T18:37:48.384008+00:00,91.566,-0.0006,0.15,0.0,0.001,-0.0001,8397.69,3,110.57,194.526,step
2026-08-31T18:37:48.385277+00:00,91.576,-0.0005,0.15,0.0,0.001,-0.0001,8399.1,3,110.031,194.546,step
2026-08-31T18:37:48.386548+00:00,91.586,-0.0005,0.15,0.0,0.001,-0.0,8400.56,3,109.492,194.566,step
2026-08-31T18:37:48.387801+00:00,91.596,-0.0005,0.15,0.0,0.001,0.0,8401.77,3,108.963,194.586,step
2026-08-31T18:37:48.389018+00:00,91.606,-0.0004,0.15,0.0,0.001,0.0,8402.78,3,108.447,194.606,step
2026-08-31T18:37:48.390267+00:00,91.617,-0.0004,0.15,0.0,0.001,0.0,8403.7,3,107.935,194.626,step
2026-08-31T18:37:48.391621+00:00,91.627,-0.0004,0.15,0.0,0.001,0.0001,8404.57,3,107.425,194.646,step
2026-08-31T18:37:48.392923+00:00,91.637,-0.0004,0.15,0.0,0.001,0.0001,8405.43,3,106.915,194.666,step
2026-08-31T18:37:48.394197+00:00,91.647,-0.0004,0.15,0.0,0.001,0.0001,8406.32,3,106.406,194.686,step
2026-08-31T18:37:48.395525+00:00,91.658,-0.0004,0.15,0.0,0.001,0.0001,8407.22,3,105.897,194.706,step
2026-08-31T18:37:48.396788+00:00,91.668,-0.0004,0.15,0.0,0.0009,0.0001,8408.14,3,105.388,194.726,step
2026-08-31T18:37:48.398048+00:00,91.678,-0.0004,0.15,0.0,0.0009,0.0001,8409.07,3,104.878,194.746,step
2026-08-31T18:37:48.399357+00:00,91.688,-0.0004,0.15,0.0,0.0009,0.0001,8410.01,3,104.369,194.766,step
2026-08-31T18:37:48.400771+00:00,91.699,-0.0004,0.15,0.0,0.0009,0.0001,8410.96,3,103.859,194.786,step
2026-08-31T18:37:48.402028+00:00,91.709,-0.0004,0.15,0.0,0.0009,0.0001,8412.13,3,103.35,194.806,step
2026-08-31T18:37:48.403320+00:00,91.719,-0.0004,0.15,0.0,0.0009,0.0001,8413.01,3,102.84,194.826,step
2026-08-31T18:37:48.404560+00:00,91.729,-0.0004,0.15,0.0,0.0009,0.0001,8413.87,3,102.331,194.846,step
2026-08-31T18:37:48.405781+00:00,91.739,-0.0004,0.15,0.0,0.0009,0.0001,8414.75,3,101.821,194.866,step
2026-08-31T18:37:48.406994+00:00,91.749,-0.0004,0.15,0.0,0.0009,0.0001,8415.63,3,101.311,194.886,step
2026-08-31T18:37:48.408232+00:00,91.76,-0.0004,0.15,0.0,0.0009,0.0001,8416.52,3,100.801,194.906,step
2026-08-31T18:37:48.409701+00:00,91.77,-0.0004,0.15,0.0,0.0009,0.0001,8417.41,3,100.291,194.926,step
2026-08-31T18:37:48.410940+00:00,91.78,-0.0004,0.15,0.0,0.0009,0.0001,8418.33,3,99.7814,194.946,step
2026-08-31T18:37:48.412210+00:00,91.79,-0.0004,0.15,0.0,0.0009,0.0001,8419.25,3,99.2714,194.966,step
2026-08-31T18:37:48.413457+00:00,91.8,-0.0004,0.15,0.0,0.0009,0.0001,8420.18,3,98.7614,194.986,step
2026-08-31T18:37:48.414707+00:00,91.81,-0.0004,0.15,0.0,0.0009,0.0001,8421.13,3,98.2514,195.006,step
2026-08-31T18:37:48.415995+00:00,91.82,-0.0004,0.15,0.0,0.0008,0.0001,8422.08,3,97.7414,195.026,step
2026-08-31T18:37:48.417458+00:00,91.83,-0.0004,0.15,0.0,0.0008,0.0001,8423.0,3,97.231,195.046,step
2026-08-31T18:37:48.418704+00:00,91.84,-0.0004,0.15,0.0,0.0008,0.0001,8423.93,3,96.7207,195.066,step
2026-08-31T18:37:48.419966+00:00,91.85,-0.0004,0.15,0.0,0.0008,0.0001,8424.84,3,96.2104,195.086,step
2026-08-31T18:37:48.421228+00:00,91.86,-0.0004,0.15,0.0,0.0008,0.0001,8425.94,3,95.7001,195.106,step
2026-08-31T18:37:48.422452+00:00,91.87,-0.0004,0.15,0.0,0.0008,0.0001,8427.0,3,95.1897,195.126,step
2026-08-31T18:37:48.423698+00:00,91.881,-0.0003,0.15,0.0,0.0008,0.0001,8427.76,3,94.6792,195.146,step
2026-08-31T18:37:48.425093+00:00,91.891,-0.0003,0.15,0.0,0.0008,0.0001,8428.6,3,94.1685,195.166,step
2026-08-31T18:37:48.426364+00:00,91.901,-0.0003,0.15,0.0,0.0008,0.0001,8429.44,3,93.6579,195.186,step
2026-08-31T18:37:48.427606+00:00,91.911,-0.0003,0.15,0.0,0.0008,0.0001,8430.3,3,93.1473,195.206,step
2026-08-31T18:37:48.428859+00:00,91.921,-0.0003,0.15,0.0,0.0008,0.0001,8431.18,3,92.6367,195.226,step
2026-08-31T18:37:48.430076+00:00,91.931,-0.0003,0.15,0.0,0.0008,0.0001,8432.08,3,92.126,195.246,step
2026-08-31T18:37:48.431299+00:00,91.941,-0.0003,0.15,0.0,0.0008,0.0001,8432.99,3,91.6151,195.266,step
2026-08-31T18:37:48.432606+00:00,91.951,-0.0003,0.15,0.0,0.0008,0.0001,8433.93,3,91.1041,195.286,step
2026-08-31T18:37:48.434025+00:00,91.961,-0.0003,0.15,0.0,0.0008,0.0001,8434.87,3,90.5932,195.306,step
2026-08-31T18:37:48.435270+00:00,91.971,-0.0003,0.15,0.0,0.0007,0.0001,8435.82,3,90.0823,195.326,step
2026-08-31T18:37:48.436549+00:00,91.981,-0.0003,0.15,0.0,0.0007,0.0001,8436.76,3,89.5713,195.346,step
2026-08-31T18:37:48.437861+00:00,91.991,-0.0003,0.15,0.0,0.0007,0.0001,8437.67,3,89.0602,195.366,step
2026-08-31T18:37:48.439087+00:00,92.001,-0.0003,0.0,0.15,0.0007,0.0001,8438.58,3,88.549,195.386,step
2026-08-31T18:37:48.440396+00:00,91.626,-0.0003,0.15,0.0,0.0007,0.0001,8264.55,3,88.0307,195.406,step
2026-08-31T18:37:48.441686+00:00,91.441,-0.0003,0.15,0.0,0.0007,0.0001,8390.08,3,87.5111,195.426,step
2026-08-31T18:37:48.443092+00:00,91.452,-0.0002,0.15,0.0,0.0007,0.0001,8389.84,3,86.9993,195.446,step
2026-08-31T18:37:48.444386+00:00,91.463,-0.0002,0.15,0.0,0.0007,0.0001,8390.2,3,86.4901,195.466,step
2026-08-31T18:37:48.445663+00:00,91.475,-0.0002,0.15,0.0,0.0007,0.0001,8390.67,3,85.9812,195.486,step
2026-08-31T18:37:48.446921+00:00,91.486,-0.0002,0.15,0.0,0.0007,0.0001,8391.28,3,85.4732,195.506,step
2026-08-31T18:37:48.448117+00:00,91.497,-0.0002,0.15,0.0,0.0007,0.0001,8392.06,3,84.965,195.526,step
2026-08-31T18:37:48.449354+00:00,91.508,-0.0002,0.15,0.0,0.0007,0.0001,8393.02,3,84.4566,195.546,step
2026-08-31T18:37:48.450689+00:00,91.518,-0.0002,0.15,0.0,0.0007,0.0001,8394.11,3,83.9483,195.566,step
2026-08-31T18:37:48.452051+00:00,91.529,-0.0002,0.15,0.0,0.0007,0.0001,8395.33,3,83.4398,195.586,step
2026-08-31T18:37:48.453308+00:00,91.54,-0.0002,0.15,0.0,0.0007,0.0001,8396.49,3,82.9316,195.606,step
2026-08-31T18:37:48.454592+00:00,91.551,-0.0002,0.15,0.0,0.0006,0.0001,8397.57,3,82.4231,195.626,step
2026-08-31T18:37:48.455859+00:00,91.562,-0.0002,0.15,0.0,0.0006,0.0001,8398.62,3,81.9143,195.646,step
2026-08-31T18:37:48.457086+00:00,91.573,-0.0002,0.15,0.0,0.0006,0.0001,8399.61,3,81.4059,195.666,step
2026-08-31T18:37:48.458312+00:00,91.584,-0.0002,0.15,0.0,0.0006,0.0001,8400.58,3,80.8971,195.686,step
2026-08-31T18:37:48.459626+00:00,91.595,-0.0002,0.15,0.0,0.0006,0.0001,8401.54,3,80.3886,195.706,step
2026-08-31T18:37:48.460839+00:00,91.606,-0.0002,0.15,0.0,0.0006,0.0001,8403.18,3,79.8796,195.726,step
2026-08-31T18:37:48.462076+00:00,91.617,-0.0002,0.15,0.0,0.0006,0.0001,8403.92,3,79.3707,195.746,step
2026-08-31T18:37:48.463297+00:00,91.628,-0.0002,0.15,0.0,0.0006,0.0001,8404.75,3,78.8617,195.766,step
2026-08-31T18:37:48.464508+00:00,91.639,-0.0002,0.15,0.0,0.0006,0.0001,8405.61,3,78.3528,195.786,step
2026-08-31T18:37:48.465815+00:00,91.65,-0.0002,0.15,0.0,0.0006,0.0001,8406.5,3,77.8437,195.806,step
2026-08-31T18:37:48.467258+00:00,91.661,-0.0002,0.15,0.0,0.0006,0.0001,8407.41,3,77.3347,195.826,step
2026-08-31T18:37:48.468496+00:00,91.672,-0.0002,0.15,0.0,0.0006,0.0001,8408.38,3,76.8254,195.846,step
2026-08-31T18:37:48.469767+00:00,91.683,-0.0002,0.15,0.0,0.0006,0.0001,8409.38,3,76.3162,195.866,step
2026-08-31T18:37:48.471036+00:00,91.694,-0.0002,0.15,0.0,0.0006,0.0001,8410.41,3,75.8068,195.886,step
2026-08-31T18:37:48.472282+00:00,91.704,-0.0002,0.15,0.0,0.0005,0.0001,8411.45,3,75.2977,195.906,step
2026-08-31T18:37:48.473586+00:00,91.715,-0.0002,0.15,0.0,0.0005,0.0001,8412.5,3,74.7881,195.926,step
2026-08-31T18:37:48.474923+00:00,91.726,-0.0002,0.15,0.0,0.0005,0.0001,8413.55,3,74.2786,195.946,step
2026-08-31T18:37:48.476423+00:00,91.737,-0.0002,0.15,0.0,0.0005,0.0001,8414.57,3,73.7689,195.966,step
2026-08-31T18:37:48.477702+00:00,91.749,-0.0001,0.15,0.0,0.0005,0.0001,8415.58,3,73.2595,195.986,step
2026-08-31T18:37:48.478974+00:00,91.76,-0.0001,0.15,0.0,0.0005,0.0001,8416.56,3,72.7498,196.006,step
2026-08-31T18:37:48.480228+00:00,91.77,-0.0001,0.15,0.0,0.0005,0.0001,8418.36,3,72.2402,196.026,step
2026-08-31T18:37:48.481427+00:00,91.781,-0.0001,0.15,0.0,0.0005,0.0001,8419.13,3,71.7302,196.046,step
2026-08-31T18:37:48.482656+00:00,91.793,-0.0001,0.15,0.0,0.0005,0.0001,8419.88,3,71.2204,196.066,step
2026-08-31T18:37:48.484173+00:00,91.804,-0.0001,0.15,0.0,0.0005,0.0001,8420.72,3,70.7104,196.086,step
2026-08-31T18:37:48.485430+00:00,91.815,-0.0001,0.15,0.0,0.0005,0.0001,8421.58,3,70.2007,196.106,step
2026-08-31T18:37:48.486671+00:00,91.826,-0.0001,0.15,0.0,0.0005,0.0001,8422.46,3,69.6905,196.126,step
2026-08-31T18:37:48.487925+00:00,91.837,-0.0001,0.15,0.0,0.0005,0.0001,8423.41,3,69.1803,196.146,step
2026-08-31T18:37:48.489157+00:00,91.848,-0.0001,0.15,0.0,0.0005,0.0001,8424.4,3,68.6701,196.166,step
2026-08-31T18:37:48.490393+00:00,91.859,-0.0001,0.15,0.0,0.0005,0.0001,8425.43,3,68.1601,196.186,step
2026-08-31T18:37:48.491723+00:00,91.87,-0.0001,0.15,0.0,0.0004,0.0001,8426.49,3,67.6498,196.206,step
2026-08-31T18:37:48.493228+00:00,91.88,-0.0001,0.15,0.0,0.0004,0.0001,8427.55,3,67.1395,196.226,step
2026-08-31T18:37:48.494528+00:00,91.892,-0.0001,0.15,0.0,0.0004,0.0001,8428.62,3,66.6289,196.246,step
2026-08-31T18:37:48.495784+00:00,91.903,-0.0001,0.15,0.0,0.0004,0.0001,8429.67,3,66.1185,196.266,step
2026-08-31T18:37:48.497042+00:00,91.914,-0.0001,0.15,0.0,0.0004,0.0001,8430.68,3,65.6079,196.286,step
2026-08-31T18:37:48.498265+00:00,91.925,-0.0001,0.15,0.0,0.0004,0.0001,8431.67,3,65.0975,196.306,step
2026-08-31T18:37:48.499612+00:00,91.936,-0.0001,0.15,0.0,0.0004,0.0001,8433.4,3,64.5867,196.326,step
2026-08-31T18:37:48.501050+00:00,91.947,-0.0001,0.15,0.0,0.0004,0.0001,8434.44,3,64.076,196.346,step
2026-08-31T18:37:48.502319+00:00,91.958,-0.0001,0.15,0.0,0.0004,0.0001,8435.11,3,63.5652,196.366,step
2026-08-31T18:37:48.503554+00:00,91.97,-0.0001,0.15,0.0,0.0004,0.0001,8435.92,3,63.0545,196.386,step
2026-08-31T18:37:48.504796+00:00,91.981,-0.0001,0.15,0.0,0.0004,0.0001,8436.75,3,62.5436,196.406,step
2026-08-31T18:37:48.506018+00:00,91.992,-0.0001,0.15,0.0,0.0004,0.0001,8437.62,3,62.0326,196.426,step
2026-08-31T18:37:48.507278+00:00,92.003,-0.0001,0.0,0.15,0.0004,0.0001,8438.55,3,61.5215,196.446,step
2026-08-31T18:37:48.508630+00:00,91.628,-0.0001,0.15,0.0,0.0004,0.0001,8265.32,3,61.0154,196.466,step
2026-08-31T18:37:48.510025+00:00,91.445,-0.0001,0.15,0.0,0.0004,0.0001,8389.8,3,60.5143,196.486,step
2026-08-31T18:37:48.511299+00:00,91.457,-0.0001,0.15,0.0,0.0003,0.0001,8389.89,3,60.0082,196.506,step
2026-08-31T18:37:48.512581+00:00,91.469,-0.0001,0.15,0.0,0.0003,0.0001,8390.52,3,59.5007,196.526,step
2026-08-31T18:37:48.513815+00:00,91.482,-0.0001,0.0,0.15,0.0003,0.0001,8391.29,3,58.9929,196.546,step
2026-08-31T18:37:48.515104+00:00,91.11,-0.0001,0.0,0.15,0.0003,0.0001,8219.06,3,58.4815,196.566,step
2026-08-31T18:37:48.516418+00:00,90.545,-0.0,0.0,0.15,0.0003,0.0001,8164.59,3,57.9649,196.586,step
2026-08-31T18:37:48.517947+00:00,89.979,0.0,0.0,0.15,0.0003,0.0002,8111.16,3,57.4479,196.606,step
2026-08-31T18:37:48.519228+00:00,89.416,0.0001,0.0,0.15,0.0003,0.0002,8059.57,3,56.9332,196.626,step
2026-08-31T18:37:48.520494+00:00,88.857,0.0002,0.0,0.15,0.0003,0.0003,8006.79,3,56.4211,196.646,step
2026-08-31T18:37:48.521826+00:00,88.298,0.0002,0.0,0.15,0.0003,0.0004,7958.36,3,55.9123,196.666,step
2026-08-31T18:37:48.523155+00:00,87.742,0.0003,0.0,0.15,0.0003,0.0004,7910.05,3,55.4071,196.686,step
2026-08-31T18:37:48.524427+00:00,87.188,0.0004,0.0,0.15,0.0002,0.0005,7861.48,3,54.9056,196.706,step
2026-08-31T18:37:48.525884+00:00,86.636,0.0005,0.0,0.15,0.0002,0.0006,7812.63,3,54.4078,196.726,step
