timestamp,speed,steering,throttle,brake,track_position,angle,rpm,gear,track_sensor_center,lap_time,event
2026-09-01T13:13:36.402103+00:00,-0.009,-0.1601,0.8,0.0,0.3334,0.0082,5235.99,1,62.0267,-0.982,step
2026-09-01T13:13:36.403324+00:00,-0.009,-0.1601,0.8,0.0,0.3334,0.0082,5356.17,1,62.0267,-0.962,step
2026-09-01T13:13:36.404091+00:00,-0.009,-0.1601,0.8,0.0,0.3334,0.0082,5479.34,1,62.0267,-0.942,step
2026-09-01T13:13:36.404772+00:00,-0.009,-0.1601,0.8,0.0,0.3334,0.0082,5605.57,1,62.0267,-0.922,step
2026-09-01T13:13:36.405491+00:00,-0.009,-0.1601,0.8,0.0,0.3334,0.0082,5734.92,1,62.0267,-0.902,step
2026-09-01T13:13:36.406163+00:00,-0.009,-0.1601,0.8,0.0,0.3334,0.0082,5867.48,1,62.0267,-0.882,step
2026-09-01T13:13:36.406830+00:00,-0.009,-0.1601,0.8,0.0,0.3334,0.0082,6003.31,1,62.0267,-0.862,step
2026-09-01T13:13:36.407497+00:00,-0.009,-0.1601,0.8,0.0,0.3334,0.0082,6142.48,1,62.0267,-0.842,step
2026-09-01T13:13:36.408150+00:00,-0.009,-0.1601,0.8,0.0,0.3334,0.0082,6285.09,1,62.0267,-0.822,step
2026-09-01T13:13:36.408808+00:00,-0.009,-0.1601,0.8,0.0,0.3334,0.0082,6431.2,1,62.0267,-0.802,step
2026-09-01T13:13:36.409468+00:00,-0.009,-0.1601,0.8,0.0,0.3334,0.0082,6580.9,1,62.0267,-0.782,step
2026-09-01T13:13:36.410103+00:00,-0.009,-0.1601,0.8,0.0,0.3334,0.0082,6734.27,1,62.0267,-0.762,step
2026-09-01T13:13:36.410820+00:00,-0.009,-0.1601,0.8,0.0,0.3334,0.0082,6891.39,1,62.0267,-0.742,step
2026-09-01T13:13:36.411487+00:00,-0.009,-0.1601,0.8,0.0,0.3334,0.0082,7052.35,1,62.0267,-0.722,step
2026-09-01T13:13:36.412142+00:00,-0.009,-0.1601,0.8,0.0,0.3334,0.0082,7217.24,1,62.0267,-0.702,step
2026-09-01T13:13:36.412796+00:00,-0.009,-0.1601,0.8,0.0,0.3334,0.0082,7386.14,1,62.0267,-0.682,step
2026-09-01T13:13:36.413479+00:00,-0.009,-0.1601,0.8,0.0,0.3334,0.0082,7559.14,1,62.0267,-0.662,step
2026-09-01T13:13:36.414130+00:00,-0.009,-0.1601,0.8,0.0,0.3334,0.0082,7736.33,1,62.0267,-0.642,step
2026-09-01T13:13:36.414771+00:00,-0.009,-0.1601,0.8,0.0,0.3334,0.0082,7917.82,1,62.0267,-0.622,step
2026-09-01T13:13:36.415405+00:00,-0.009,-0.1601,0.8,0.0,0.3334,0.0082,8103.68,1,62.0267,-0.602,step
2026-09-01T13:13:36.416053+00:00,-0.009,-0.1601,0.8,0.0,0.3334,0.0082,8294.03,1,62.0267,-0.582,step
2026-09-01T13:13:36.416707+00:00,-0.009,-0.1601,0.8,0.0,0.3334,0.0082,8488.95,1,62.0267,-0.562,step
2026-09-01T13:13:36.417369+00:00,-0.009,-0.1601,0.8,0.0,0.3334,0.0082,8688.55,1,62.0267,-0.542,step
2026-09-01T13:13:36.418020+00:00,-0.009,-0.1601,0.8,0.0,0.3334,0.0082,8892.93,1,62.0267,-0.522,step
2026-09-01T13:13:36.418762+00:00,-0.009,-0.1601,0.8,0.0,0.3334,0.0082,9102.19,1,62.0267,-0.502,step
2026-09-01T13:13:36.419400+00:00,-0.009,-0.1601,0.8,0.0,0.3334,0.0082,9316.43,1,62.0267,-0.482,step
2026-09-01T13:13:36.420026+00:00,-0.009,-0.1601,0.8,0.0,0.3334,0.0082,9535.22,1,62.0267,-0.462,step
2026-09-01T13:13:36.420663+00:00,-0.009,-0.1601,0.8,0.0,0.3334,0.0082,9754.55,1,62.0267,-0.442,step
2026-09-01T13:13:36.421319+00:00,-0.009,-0.1601,0.8,0.0,0.3334,0.0082,9973.62,1,62.0267,-0.422,step
2026-09-01T13:13:36.421960+00:00,-0.009,-0.1601,0.8,0.0,0.3334,0.0082,10192.4,1,62.0267,-0.402,step
2026-09-01T13:13:36.422587+00:00,-0.009,-0.1601,0.8,0.0,0.3334,0.0082,10411.0,1,62.0267,-0.382,step
2026-09-01T13:13:36.423225+00:00,-0.009,-0.1601,0.8,0.0,0.3334,0.0082,10629.3,1,62.0267,-0.362,step
2026-09-01T13:13:36.423882+00:00,-0.009,-0.1601,0.8,0.0,0.3334,0.0082,10847.3,1,62.0267,-0.342,step
2026-09-01T13:13:36.424566+00:00,-0.009,-0.1601,0.8,0.0,0.3334,0.0082,11065.1,1,62.0267,-0.322,step
2026-09-01T13:13:36.425227+00:00,-0.009,-0.1601,0.8,0.0,0.3334,0.0082,11282.6,1,62.0267,-0.302,step
2026-09-01T13:13:36.425872+00:00,-0.009,-0.1601,0.8,0.0,0.3334,0.0082,11499.9,1,62.0267,-0.282,step
2026-09-01T13:13:36.426521+00:00,-0.009,-0.1601,0.8,0.0,0.3334,0.0082,11716.9,1,62.0267,-0.262,step
2026-09-01T13:13:36.427231+00:00,-0.009,-0.1601,0.8,0.0,0.3334,0.0082,11933.7,1,62.0267,-0.242,step
2026-09-01T13:13:36.427857+00:00,-0.009,-0.1601,0.8,0.0,0.3334,0.0082,12150.2,1,62.0267,-0.222,step
2026-09-01T13:13:36.428505+00:00,-0.009,-0.1601,0.8,0.0,0.3334,0.0082,12366.4,1,62.0267,-0.202,step
2026-09-01T13:13:36.429149+00:00,-0.009,-0.1601,0.8,0.0,0.3334,0.0082,12582.4,1,62.0267,-0.182,step
2026-09-01T13:13:36.429809+00:00,-0.009,-0.1601,0.8,0.0,0.3334,0.0082,12798.5,1,62.0267,-0.162,step
2026-09-01T13:13:36.430464+00:00,-0.009,-0.1601,0.8,0.0,0.3334,0.0082,13015.0,1,62.0267,-0.142,step
2026-09-01T13:13:36.431106+00:00,-0.009,-0.1601,0.8,0.0,0.3334,0.0082,13231.9,1,62.0267,-0.122,step
2026-09-01T13:13:36.431733+00:00,-0.009,-0.1601,0.8,0.0,0.3334,0.0082,13449.1,1,62.0267,-0.102,step
2026-09-01T13:13:36.432393+00:00,-0.009,-0.1601,0.8,0.0,0.3334,0.0082,13666.8,1,62.0267,-0.082,step
2026-09-01T13:13:36.433062+00:00,-0.009,-0.1601,0.8,0.0,0.3334,0.0082,13884.9,1,62.0267,-0.062,step
2026-09-01T13:13:36.433694+00:00,-0.009,-0.1601,0.8,0.0,0.3334,0.0082,14103.3,1,62.0267,-0.042,step
2026-09-01T13:13:36.434354+00:00,-0.009,-0.1601,0.8,0.0,0.3334,0.0082,14322.2,1,62.0267,-0.022,step
2026-09-01T13:13:36.435971+00:00,-0.017,-0.1598,0.8,0.0,0.3335,0.0087,14761.1,1,61.8894,0.018,step
2026-09-01T13:13:36.437211+00:00,0.18,-0.1598,0.8,0.0,0.3334,0.0087,5249.36,1,61.8925,0.038,step
2026-09-01T13:13:36.438365+00:00,0.164,-0.1598,0.8,0.0,0.3334,0.0087,5264.23,1,61.8911,0.058,step
2026-09-01T13:13:36.439534+00:00,0.195,-0.1598,0.8,0.0,0.3334,0.0086,5235.99,1,61.9185,0.078,step
2026-09-01T13:13:36.440698+00:00,0.753,-0.1597,0.8,0.0,0.3334,0.0088,5235.99,1,61.8627,0.098,step
2026-09-01T13:13:36.441885+00:00,1.629,-0.1596,0.8,0.0,0.3334,0.0089,5235.99,1,61.8151,0.118,step
2026-09-01T13:13:36.443019+00:00,2.33,-0.1594,0.8,0.0,0.3333,0.0091,5235.99,1,61.7642,0.138,step
2026-09-01T13:13:36.444282+00:00,2.984,-0.1592,0.8,0.0,0.3332,0.0093,5235.99,1,61.6754,0.158,step
2026-09-01T13:13:36.445437+00:00,3.688,-0.1589,0.8,0.0,0.3331,0.0096,5235.99,1,61.5696,0.178,step
2026-09-01T13:13:36.446601+00:00,4.408,-0.1585,0.8,0.0,0.333,0.01,5235.99,1,61.4416,0.198,step
2026-09-01T13:13:36.447760+00:00,5.122,-0.1581,0.8,0.0,0.3329,0.0105,5235.99,1,61.2855,0.218,step
2026-09-01T13:13:36.448900+00:00,5.837,-0.1575,0.8,0.0,0.3327,0.011,5235.99,1,61.1019,0.238,step
2026-09-01T13:13:36.450146+00:00,6.598,-0.1568,0.8,0.0,0.3325,0.0117,5235.99,1,60.8615,0.26,step
2026-09-01T13:13:36.451294+00:00,7.291,-0.1561,0.8,0.0,0.3322,0.0124,5235.99,1,60.6298,0.28,step
2026-09-01T13:13:36.452561+00:00,7.994,-0.1554,0.8,0.0,0.332,0.0132,5235.99,1,60.3771,0.3,step
2026-09-01T13:13:36.453692+00:00,8.703,-0.1546,0.8,0.0,0.3317,0.014,5235.99,1,60.1057,0.32,step
2026-09-01T13:13:36.454851+00:00,9.419,-0.1537,0.8,0.0,0.3313,0.0149,5235.99,1,59.8115,0.34,step
2026-09-01T13:13:36.456001+00:00,10.132,-0.1528,0.8,0.0,0.331,0.0159,5235.99,1,59.497,0.36,step
2026-09-01T13:13:36.457126+00:00,10.841,-0.1517,0.8,0.0,0.3306,0.017,5235.99,1,59.163,0.38,step
2026-09-01T13:13:36.458305+00:00,11.544,-0.1506,0.8,0.0,0.3302,0.0181,5235.99,1,58.8112,0.4,step
2026-09-01T13:13:36.459445+00:00,12.245,-0.1495,0.8,0.0,0.3297,0.0192,5235.99,1,58.4425,0.42,step
2026-09-01T13:13:36.460630+00:00,12.947,-0.1482,0.8,0.0,0.3292,0.0205,5235.99,1,58.0601,0.44,step
2026-09-01T13:13:36.461754+00:00,13.65,-0.1469,0.8,0.0,0.3287,0.0218,5235.99,1,57.6627,0.46,step
2026-09-01T13:13:36.462904+00:00,14.353,-0.1456,0.8,0.0,0.3281,0.0231,5235.99,1,57.2505,0.48,step
2026-09-01T13:13:36.464105+00:00,15.127,-0.144,0.8,0.0,0.3274,0.0246,5235.99,1,56.781,0.502,step
2026-09-01T13:13:36.465235+00:00,15.832,-0.1425,0.8,0.0,0.3267,0.0261,5235.99,1,56.3425,0.522,step
2026-09-01T13:13:36.466368+00:00,16.536,-0.1409,0.8,0.0,0.326,0.0276,5235.99,1,55.8941,0.542,step
2026-09-01T13:13:36.467597+00:00,17.241,-0.1393,0.8,0.0,0.3252,0.0292,5235.99,1,55.4346,0.562,step
2026-09-01T13:13:36.468873+00:00,17.945,-0.1376,0.8,0.0,0.3244,0.0308,5235.99,1,54.9662,0.582,step
2026-09-01T13:13:36.470044+00:00,18.649,-0.1358,0.8,0.0,0.3235,0.0324,5235.99,1,54.4881,0.602,step
2026-09-01T13:13:36.471245+00:00,19.353,-0.134,0.8,0.0,0.3226,0.0341,5235.99,1,54.0028,0.622,step
2026-09-01T13:13:36.472446+00:00,20.057,-0.1321,0.8,0.0,0.3216,0.0358,5235.99,1,53.5111,0.642,step
2026-09-01T13:13:36.473583+00:00,20.76,-0.1302,0.8,0.0,0.3205,0.0376,5235.99,1,53.0142,0.662,step
2026-09-01T13:13:36.474719+00:00,21.464,-0.1282,0.8,0.0,0.3194,0.0394,5235.99,1,52.5121,0.682,step
2026-09-01T13:13:36.475875+00:00,22.167,-0.1261,0.8,0.0,0.3182,0.0412,5235.99,1,52.0061,0.702,step
2026-09-01T13:13:36.477045+00:00,22.871,-0.124,0.8,0.0,0.3169,0.0431,5235.99,1,51.4963,0.722,step
2026-09-01T13:13:36.478339+00:00,23.574,-0.1218,0.8,0.0,0.3156,0.045,5235.99,1,50.9834,0.742,step
2026-09-01T13:13:36.479559+00:00,24.277,-0.1196,0.8,0.0,0.3142,0.0469,5235.99,1,50.4678,0.762,step
2026-09-01T13:13:36.480760+00:00,24.979,-0.1173,0.8,0.0,0.3127,0.0489,5235.99,1,49.9503,0.782,step
2026-09-01T13:13:36.481916+00:00,25.682,-0.1149,0.8,0.0,0.3112,0.0508,5235.99,1,49.4332,0.802,step
2026-09-01T13:13:36.483066+00:00,26.385,-0.1125,0.8,0.0,0.3095,0.0528,5235.99,1,48.9161,0.822,step
2026-09-01T13:13:36.484281+00:00,27.087,-0.1101,0.8,0.0,0.3078,0.0548,5235.99,1,48.3983,0.842,step
2026-09-01T13:13:36.485545+00:00,27.789,-0.1076,0.8,0.0,0.306,0.0568,5235.99,1,47.8824,0.862,step
2026-09-01T13:13:36.486713+00:00,28.491,-0.105,0.8,0.0,0.3041,0.0588,5235.99,1,47.3673,0.882,step
2026-09-01T13:13:36.487892+00:00,29.193,-0.1024,0.8,0.0,0.3021,0.0608,5235.99,1,46.8545,0.902,step
2026-09-01T13:13:36.489057+00:00,29.895,-0.0998,0.8,0.0,0.3001,0.0629,5235.99,1,46.3451,0.922,step
2026-09-01T13:13:36.490195+00:00,30.597,-0.0971,0.8,0.0,0.2979,0.0649,5235.99,1,45.8379,0.942,step
2026-09-01T13:13:36.491403+00:00,31.299,-0.0943,0.8,0.0,0.2957,0.0669,5278.13,1,45.3338,0.962,step
2026-09-01T13:13:36.492586+00:00,32.005,0.1084,0.8,0.0,0.2933,0.0689,5421.14,1,44.8339,0.982,step
2026-09-01T13:13:36.493894+00:00,32.794,0.11,0.8,0.0,0.2908,0.0693,5602.69,1,44.567,1.004,step
2026-09-01T13:13:36.495095+00:00,33.522,0.1094,0.8,0.0,0.2888,0.0672,5798.21,1,44.7062,1.024,step
2026-09-01T13:13:36.496230+00:00,34.278,0.1082,0.15,0.0,0.2869,0.0646,6018.62,1,44.9433,1.044,step
2026-09-01T13:13:36.497384+00:00,34.664,-0.093,0.8,0.0,0.2852,0.0621,5421.9,1,45.1622,1.064,step
2026-09-01T13:13:36.498521+00:00,35.22,-0.0926,0.8,0.0,0.2834,0.0614,6075.41,1,45.0833,1.084,step
2026-09-01T13:13:36.499722+00:00,35.956,0.1099,0.15,0.0,0.2814,0.0632,6448.11,1,44.5917,1.104,step
2026-09-01T13:13:36.500839+00:00,36.413,0.1116,0.15,0.0,0.2792,0.064,5691.27,1,44.2676,1.124,step
2026-09-01T13:13:36.502029+00:00,36.519,0.1111,0.15,0.0,0.2773,0.0622,5708.95,1,44.3556,1.144,step
2026-09-01T13:13:36.503164+00:00,36.63,0.1101,0.15,0.0,0.2756,0.0599,5730.7,1,44.531,1.164,step
2026-09-01T13:13:36.504320+00:00,36.744,0.1089,0.15,0.0,0.274,0.0575,5748.77,1,44.7264,1.184,step
2026-09-01T13:13:36.505508+00:00,36.86,0.1078,0.15,0.0,0.2726,0.0551,5766.14,1,44.9276,1.204,step
2026-09-01T13:13:36.506648+00:00,36.976,-0.0935,0.8,0.0,0.2712,0.0527,5783.45,1,45.1314,1.224,step
2026-09-01T13:13:36.507807+00:00,37.514,-0.0933,0.8,0.0,0.2698,0.052,6635.15,1,45.0514,1.244,step
2026-09-01T13:13:36.508960+00:00,38.255,0.1093,0.15,0.0,0.2679,0.0541,7219.07,1,44.4907,1.264,step
2026-09-01T13:13:36.510159+00:00,38.903,0.1112,0.15,0.0,0.266,0.0552,6048.36,1,44.0899,1.284,step
2026-09-01T13:13:36.511359+00:00,38.998,0.1106,0.15,0.0,0.2643,0.0535,6092.9,1,44.1594,1.304,step
2026-09-01T13:13:36.512508+00:00,39.111,0.1095,0.15,0.0,0.2628,0.0512,6114.4,1,44.3361,1.324,step
2026-09-01T13:13:36.513746+00:00,39.226,0.1082,0.15,0.0,0.2614,0.0487,6135.03,1,44.5428,1.344,step
2026-09-01T13:13:36.514904+00:00,39.343,0.1069,0.15,0.0,0.2602,0.0462,6154.44,1,44.761,1.364,step
2026-09-01T13:13:36.516081+00:00,39.46,0.1054,0.15,0.0,0.259,0.0437,6173.01,1,44.9856,1.384,step
2026-09-01T13:13:36.517320+00:00,39.577,-0.096,0.8,0.0,0.258,0.0412,6191.11,1,45.2125,1.404,step
2026-09-01T13:13:36.518604+00:00,40.13,-0.0964,0.8,0.0,0.2569,0.04,7195.83,1,45.211,1.424,step
2026-09-01T13:13:36.519906+00:00,40.876,0.1055,0.15,0.0,0.2554,0.0416,7992.69,1,44.7168,1.444,step
2026-09-01T13:13:36.521091+00:00,41.621,0.1073,0.15,0.0,0.2539,0.0428,6585.02,1,44.2749,1.464,step
2026-09-01T13:13:36.522289+00:00,41.775,0.1067,0.15,0.0,0.2525,0.0412,6526.69,1,44.3187,1.484,step
2026-09-01T13:13:36.523489+00:00,41.89,0.1054,0.15,0.0,0.2514,0.0389,6548.94,1,44.5086,1.504,step
2026-09-01T13:13:36.524675+00:00,42.009,0.1039,0.15,0.0,0.2504,0.0363,6570.05,1,44.7369,1.524,step
2026-09-01T13:13:36.525882+00:00,42.129,0.1022,0.15,0.0,0.2495,0.0337,6590.0,1,44.9803,1.544,step
2026-09-01T13:13:36.527258+00:00,42.25,-0.0981,0.8,0.0,0.248,0.0324,6609.14,1,45.2231,1.564,step
2026-09-01T13:13:36.528538+00:00,42.812,-0.097,0.8,0.0,0.247,0.0331,7754.05,1,45.1445,1.584,step
2026-09-01T13:13:36.529771+00:00,43.578,0.1068,0.15,0.0,0.2457,0.037,8725.37,1,44.4798,1.604,step
2026-09-01T13:13:36.531016+00:00,44.371,0.1101,0.15,0.0,0.2442,0.0403,7196.14,1,43.9436,1.624,step
2026-09-01T13:13:36.532229+00:00,44.608,0.1109,0.15,0.0,0.2428,0.0403,6969.19,1,43.9845,1.644,step
2026-09-01T13:13:36.533445+00:00,44.691,0.1107,0.15,0.0,0.2416,0.0394,7075.42,1,44.2088,1.664,step
2026-09-01T13:13:36.534658+00:00,44.848,0.1102,0.15,0.0,0.2404,0.038,7016.19,1,44.5253,1.684,step
2026-09-01T13:13:36.535919+00:00,44.97,0.1097,0.15,0.0,0.2393,0.0367,7035.18,1,44.831,1.704,step
2026-09-01T13:13:36.537182+00:00,45.092,-0.0908,0.8,0.0,0.2383,0.0354,7052.76,1,45.1454,1.724,step
2026-09-01T13:13:36.538402+00:00,45.673,-0.0899,0.8,0.0,0.2372,0.0359,8338.71,1,45.1336,1.744,step
2026-09-01T13:13:36.539606+00:00,46.469,0.1138,0.15,0.0,0.2356,0.0396,9468.42,1,44.4993,1.764,step
2026-09-01T13:13:36.540829+00:00,47.301,0.1172,0.0,0.15,0.2339,0.0427,7824.25,1,43.9715,1.784,step
2026-09-01T13:13:36.542120+00:00,47.115,0.118,0.0,0.15,0.2324,0.0427,7207.3,1,44.0412,1.804,step
2026-09-01T13:13:36.543369+00:00,46.587,0.1177,0.15,0.0,0.231,0.0415,7113.51,1,44.3489,1.824,step
2026-09-01T13:13:36.544687+00:00,46.596,0.117,0.15,0.0,0.2297,0.0398,7293.97,1,44.7467,1.844,step
2026-09-01T13:13:36.545954+00:00,46.714,-0.0837,0.8,0.0,0.2286,0.0382,7311.65,1,45.1668,1.864,step
2026-09-01T13:13:36.547216+00:00,47.279,-0.0829,0.8,0.0,0.2273,0.0385,8742.06,1,45.2,1.884,step
2026-09-01T13:13:36.548477+00:00,48.053,0.121,0.0,0.15,0.2255,0.0422,10035.5,1,44.5292,1.904,step
2026-09-01T13:13:36.549744+00:00,48.628,0.1245,0.0,0.15,0.2237,0.0455,7557.76,1,43.9765,1.924,step
2026-09-01T13:13:36.551049+00:00,48.143,0.1255,0.0,0.15,0.222,0.0456,7354.57,1,44.034,1.944,step
2026-09-01T13:13:36.552429+00:00,47.607,0.1252,0.0,0.15,0.2204,0.0442,7262.61,1,44.3928,1.964,step
2026-09-01T13:13:36.553674+00:00,47.082,0.1243,0.0,0.15,0.219,0.0423,7176.37,1,44.892,1.984,step
2026-09-01T13:13:36.555002+00:00,46.511,-0.0769,0.8,0.0,0.2176,0.0398,7087.62,1,45.5188,2.006,step
2026-09-01T13:13:36.556352+00:00,46.976,-0.0762,0.8,0.0,0.2161,0.0398,8987.43,1,45.6441,2.028,step
2026-09-01T13:13:36.557661+00:00,47.794,0.1281,0.0,0.15,0.214,0.0439,10528.2,1,44.9058,2.05,step
2026-09-01T13:13:36.559048+00:00,48.448,0.1317,0.0,0.15,0.2119,0.047,7698.9,1,44.3552,2.072,step
2026-09-01T13:13:36.560378+00:00,47.977,0.1325,0.0,0.15,0.21,0.0469,7338.84,1,44.5012,2.094,step
2026-09-01T13:13:36.561774+00:00,47.381,0.132,0.0,0.15,0.2082,0.0451,7237.69,1,44.9949,2.116,step
2026-09-01T13:13:36.563128+00:00,46.803,-0.0692,0.8,0.0,0.2067,0.0427,7138.93,1,45.663,2.138,step
2026-09-01T13:13:36.564440+00:00,47.281,-0.0685,0.8,0.0,0.2051,0.0425,9025.2,1,45.8539,2.16,step
2026-09-01T13:13:36.565747+00:00,48.109,-0.0644,0.8,0.0,0.203,0.0463,10546.6,1,45.1496,2.182,step
2026-09-01T13:13:36.567118+00:00,49.012,0.1408,0.0,0.15,0.2005,0.0513,11914.1,1,44.1847,2.204,step
2026-09-01T13:13:36.568483+00:00,49.745,0.1449,0.0,0.15,0.1981,0.0549,8814.71,1,43.5567,2.226,step
2026-09-01T13:13:36.569874+00:00,49.661,0.1463,0.0,0.15,0.1957,0.0551,7588.71,1,43.6336,2.248,step
2026-09-01T13:13:36.571260+00:00,49.025,0.1459,0.0,0.15,0.1935,0.0533,7475.81,1,44.1533,2.27,step
2026-09-01T13:13:36.572603+00:00,48.433,0.1445,0.0,0.15,0.1916,0.0504,7377.04,1,44.9558,2.292,step
2026-09-01T13:13:36.573930+00:00,47.852,-0.0573,0.8,0.0,0.1899,0.0471,7286.49,1,45.8943,2.314,step
2026-09-01T13:13:36.575271+00:00,48.321,-0.057,0.8,0.0,0.188,0.0463,9302.07,1,46.2621,2.336,step
2026-09-01T13:13:36.576603+00:00,49.144,-0.0532,0.8,0.0,0.1857,0.0496,10846.5,1,45.6325,2.358,step
2026-09-01T13:13:36.578006+00:00,50.068,0.1518,0.0,0.15,0.1831,0.0542,12158.5,2,44.7256,2.38,step
2026-09-01T13:13:36.579372+00:00,50.845,0.1556,0.0,0.15,0.1804,0.0573,8644.69,2,44.1771,2.402,step
2026-09-01T13:13:36.580688+00:00,50.869,0.1568,0.0,0.15,0.1779,0.0572,8624.6,2,44.3744,2.424,step
2026-09-01T13:13:36.581977+00:00,50.287,0.1565,0.0,0.15,0.1755,0.0553,5728.59,2,44.9751,2.446,step
2026-09-01T13:13:36.583339+00:00,49.731,-0.0448,0.8,0.0,0.1734,0.0524,5665.38,1,45.8868,2.468,step
2026-09-01T13:13:36.584693+00:00,49.701,-0.0444,0.8,0.0,0.1713,0.0515,8049.24,1,46.3342,2.49,step
2026-09-01T13:13:36.586071+00:00,49.659,-0.041,0.8,0.0,0.1687,0.0542,8061.44,1,45.8602,2.512,step
2026-09-01T13:13:36.587346+00:00,49.662,-0.0368,0.8,0.0,0.1658,0.0576,7725.08,1,45.1961,2.534,step
2026-09-01T13:13:36.588607+00:00,50.287,0.1675,0.0,0.15,0.1626,0.0611,9474.41,2,44.5252,2.556,step
2026-09-01T13:13:36.589871+00:00,50.526,0.1704,0.0,0.15,0.1595,0.0626,6702.01,2,44.3207,2.578,step
2026-09-01T13:13:36.591146+00:00,49.96,0.1704,0.0,0.15,0.1567,0.0609,6695.43,1,44.9306,2.6,step
2026-09-01T13:13:36.592437+00:00,49.416,-0.031,0.8,0.0,0.1543,0.0577,7604.3,1,45.9716,2.622,step
2026-09-01T13:13:36.593813+00:00,49.28,-0.0309,0.8,0.0,0.1519,0.0563,7617.85,1,46.595,2.644,step
2026-09-01T13:13:36.595152+00:00,49.252,-0.0278,0.8,0.0,0.1492,0.0585,7664.33,1,46.2418,2.666,step
2026-09-01T13:13:36.596472+00:00,49.869,-0.0239,0.8,0.0,0.1461,0.0615,9424.85,1,45.6688,2.688,step
2026-09-01T13:13:36.597806+00:00,50.749,-0.0197,0.8,0.0,0.1428,0.0647,10855.4,2,45.0419,2.71,step
2026-09-01T13:13:36.599105+00:00,51.69,0.1847,0.0,0.15,0.1394,0.0679,8086.67,2,44.4208,2.732,step
2026-09-01T13:13:36.600417+00:00,51.586,0.1875,0.0,0.15,0.1359,0.0693,8071.01,2,44.2867,2.754,step
2026-09-01T13:13:36.601703+00:00,51.011,0.1877,0.0,0.15,0.1327,0.0676,5810.87,2,44.9477,2.776,step
2026-09-01T13:13:36.603111+00:00,50.443,-0.0137,0.8,0.0,0.1299,0.0641,5739.11,2,46.1562,2.798,step
2026-09-01T13:13:36.604423+00:00,50.806,-0.0139,0.8,0.0,0.1272,0.0621,6343.74,2,47.0134,2.82,step
2026-09-01T13:13:36.605756+00:00,51.502,-0.0111,0.8,0.0,0.1241,0.0637,6429.46,2,46.8356,2.842,step
2026-09-01T13:13:36.607071+00:00,52.259,-0.0075,0.8,0.0,0.1208,0.0661,6417.58,2,46.4122,2.864,step
2026-09-01T13:13:36.608405+00:00,52.993,-0.0037,0.8,0.0,0.1172,0.0686,6446.8,2,45.988,2.886,step
2026-09-01T13:13:36.609787+00:00,53.705,0.0001,0.8,0.0,0.1134,0.071,6526.94,2,45.5973,2.908,step
2026-09-01T13:13:36.611057+00:00,54.414,0.0038,0.8,0.0,0.1094,0.0732,6631.62,2,45.2411,2.93,step
2026-09-01T13:13:36.612352+00:00,55.126,0.2076,0.0,0.15,0.1053,0.0753,6758.13,2,44.9222,2.952,step
2026-09-01T13:13:36.613626+00:00,54.926,0.01,0.8,0.0,0.1012,0.0757,6255.88,2,45.0941,2.974,step
2026-09-01T13:13:36.614894+00:00,55.251,0.0112,0.8,0.0,0.0973,0.0748,6892.29,2,45.6681,2.996,step
2026-09-01T13:13:36.616187+00:00,55.98,0.014,0.8,0.0,0.0932,0.0758,7048.98,2,45.6901,3.018,step
2026-09-01T13:13:36.617545+00:00,56.76,0.0174,0.8,0.0,0.0889,0.0772,7145.11,2,45.5695,3.04,step
2026-09-01T13:13:36.618878+00:00,57.563,0.0208,0.8,0.0,0.0844,0.0788,7218.06,2,45.4416,3.062,step
2026-09-01T13:13:36.620189+00:00,58.377,0.0243,0.8,0.0,0.0797,0.0802,7286.09,2,45.3424,3.084,step
2026-09-01T13:13:36.621459+00:00,59.191,0.0278,0.8,0.0,0.075,0.0816,7368.41,2,45.2785,3.106,step
2026-09-01T13:13:36.622722+00:00,60.004,0.0312,0.8,0.0,0.0701,0.0828,7473.79,2,45.2559,3.128,step
2026-09-01T13:13:36.624012+00:00,60.818,0.0346,0.8,0.0,0.065,0.0839,7601.8,2,45.2801,3.15,step
2026-09-01T13:13:36.625360+00:00,61.635,0.038,0.8,0.0,0.0598,0.0849,7751.79,2,45.3623,3.172,step
2026-09-01T13:13:36.626632+00:00,62.475,0.0412,0.8,0.0,0.0545,0.0856,7894.98,2,45.5091,3.194,step
2026-09-01T13:13:36.628025+00:00,63.341,0.0444,0.8,0.0,0.0491,0.0862,8019.97,2,45.7216,3.216,step
2026-09-01T13:13:36.629308+00:00,64.211,0.0475,0.8,0.0,0.0436,0.0866,8166.25,2,46.008,3.238,step
2026-09-01T13:13:36.630557+00:00,65.087,0.0505,0.8,0.0,0.0379,0.0869,8336.95,2,46.3848,3.26,step
2026-09-01T13:13:36.631792+00:00,65.971,0.0534,0.8,0.0,0.0322,0.0868,8532.19,2,46.8679,3.282,step
2026-09-01T13:13:36.633107+00:00,66.868,0.0561,0.8,0.0,0.0263,0.0866,8748.28,2,47.4646,3.304,step
2026-09-01T13:13:36.634382+00:00,67.78,0.0587,0.8,0.0,0.0204,0.0861,8986.42,2,48.1959,3.326,step
2026-09-01T13:13:36.635719+00:00,68.708,0.061,0.8,0.0,0.0144,0.0853,9251.98,2,49.0986,3.348,step
2026-09-01T13:13:36.637028+00:00,69.65,0.0632,0.8,0.0,0.0083,0.0841,9545.06,2,50.206,3.37,step
2026-09-01T13:13:36.638362+00:00,70.607,0.065,0.8,0.0,0.0021,0.0826,9820.54,2,51.5599,3.392,step
2026-09-01T13:13:36.639618+00:00,71.574,0.0667,0.8,0.0,-0.0042,0.0807,10072.1,2,53.2158,3.414,step
2026-09-01T13:13:36.640889+00:00,72.547,0.068,0.8,0.0,-0.0105,0.0784,10305.4,2,55.2473,3.436,step
2026-09-01T13:13:36.642235+00:00,73.525,0.069,0.8,0.0,-0.0168,0.0757,10524.9,2,57.7457,3.458,step
2026-09-01T13:13:36.643531+00:00,74.507,0.0696,0.8,0.0,-0.0232,0.0725,10729.1,2,60.835,3.48,step
2026-09-01T13:13:36.645104+00:00,75.493,0.0699,0.8,0.0,-0.0296,0.0689,10917.2,2,64.6982,3.502,step
2026-09-01T13:13:36.646424+00:00,76.479,0.0698,0.8,0.0,-0.0359,0.0648,11100.6,2,69.5966,3.524,step
2026-09-01T13:13:36.647678+00:00,77.46,0.0694,0.8,0.0,-0.0423,0.0603,11282.5,2,75.9306,3.546,step
2026-09-01T13:13:36.648997+00:00,78.437,0.0684,0.8,0.0,-0.0485,0.0553,11463.6,2,84.3421,3.568,step
2026-09-01T13:13:36.650363+00:00,79.41,0.0671,0.15,0.0,-0.0546,0.0497,11643.4,2,95.9258,3.59,step
2026-09-01T13:13:36.651716+00:00,80.321,0.0655,0.15,0.0,-0.0606,0.044,9946.82,3,112.042,3.612,step
2026-09-01T13:13:36.653156+00:00,80.606,0.0654,0.8,0.0,-0.0661,0.0404,7799.63,3,128.616,3.634,step
2026-09-01T13:13:36.654530+00:00,80.523,0.0667,0.8,0.0,-0.0709,0.039,7812.61,3,142.914,3.656,step
2026-09-01T13:13:36.655834+00:00,80.465,0.0655,0.8,0.0,-0.075,0.035,7367.54,3,155.738,3.678,step
2026-09-01T13:13:36.657138+00:00,80.874,0.064,0.8,0.0,-0.0785,0.031,7808.03,3,160.946,3.7,step
2026-09-01T13:13:36.658481+00:00,81.511,0.0621,0.8,0.0,-0.0814,0.0267,7891.04,3,164.696,3.722,step
2026-09-01T13:13:36.659735+00:00,82.179,0.06,0.8,0.0,-0.084,0.0225,7940.1,3,167.644,3.744,step
2026-09-01T13:13:36.661118+00:00,82.858,0.0579,0.8,0.0,-0.0861,0.0185,7979.63,3,169.978,3.766,step
2026-09-01T13:13:36.662385+00:00,83.536,0.0559,0.8,0.0,-0.0878,0.0149,8026.34,3,171.838,3.788,step
2026-09-01T13:13:36.663648+00:00,84.211,0.0539,0.8,0.0,-0.0892,0.0116,8084.9,3,173.36,3.81,step
2026-09-01T13:13:36.664908+00:00,84.885,0.0519,0.8,0.0,-0.0903,0.0084,8153.46,3,174.655,3.832,step
2026-09-01T13:13:36.666197+00:00,85.561,0.0498,0.8,0.0,-0.0911,0.0053,8229.46,3,175.803,3.854,step
2026-09-01T13:13:36.667530+00:00,86.241,0.0476,0.8,0.0,-0.0916,0.0023,8308.24,3,176.852,3.876,step
2026-09-01T13:13:36.668831+00:00,86.931,0.0454,0.8,0.0,-0.0918,-0.0007,8384.37,3,177.818,3.898,step
2026-09-01T13:13:36.670119+00:00,87.63,0.043,0.8,0.0,-0.0918,-0.0036,8457.43,3,178.693,3.92,step
2026-09-01T13:13:36.671418+00:00,88.336,0.0406,0.8,0.0,-0.0915,-0.0065,8529.87,3,179.472,3.942,step
2026-09-01T13:13:36.672732+00:00,89.049,0.0381,0.8,0.0,-0.0909,-0.0092,8601.81,3,180.161,3.964,step
2026-09-01T13:13:36.674037+00:00,89.768,0.0356,0.8,0.0,-0.0902,-0.0118,8673.55,3,180.757,3.986,step
2026-09-01T13:13:36.675359+00:00,90.494,0.0331,0.8,0.0,-0.0892,-0.0143,8745.82,3,181.262,4.008,step
2026-09-01T13:13:36.676632+00:00,91.225,0.0306,0.8,0.0,-0.0879,-0.0166,8819.26,3,181.679,4.03,step
2026-09-01T13:13:36.677960+00:00,91.962,0.0282,0.8,0.0,-0.0864,-0.0188,8894.7,3,182.019,4.052,step
2026-09-01T13:13:36.679230+00:00,92.702,0.0257,0.8,0.0,-0.0848,-0.0209,8974.75,3,182.3,4.074,step
2026-09-01T13:13:36.680527+00:00,93.45,0.0232,0.8,0.0,-0.0829,-0.0228,9053.68,3,182.527,4.096,step
2026-09-01T13:13:36.681785+00:00,94.206,0.0207,0.8,0.0,-0.0808,-0.0246,9132.0,3,182.694,4.118,step
2026-09-01T13:13:36.683085+00:00,94.968,0.0183,0.15,0.0,-0.0786,-0.0262,9210.18,3,182.799,4.14,step
2026-09-01T13:13:36.684413+00:00,95.282,0.016,0.15,0.0,-0.0762,-0.0276,8735.66,3,182.795,4.162,step
2026-09-01T13:13:36.685806+00:00,95.282,0.0138,0.15,0.0,-0.0736,-0.0287,8737.35,3,182.664,4.184,step
2026-09-01T13:13:36.687103+00:00,95.284,0.0117,0.15,0.0,-0.0709,-0.0296,8738.8,3,182.477,4.206,step
2026-09-01T13:13:36.688419+00:00,95.286,0.0097,0.15,0.0,-0.0681,-0.0305,8739.42,3,182.246,4.228,step
2026-09-01T13:13:36.689681+00:00,95.289,0.0076,0.15,0.0,-0.0651,-0.0312,8739.53,3,181.969,4.25,step
2026-09-01T13:13:36.690952+00:00,95.292,0.0056,0.15,0.0,-0.0621,-0.0318,8739.48,3,181.643,4.272,step
2026-09-01T13:13:36.692268+00:00,95.294,0.0037,0.15,0.0,-0.0591,-0.0323,8739.45,3,181.263,4.294,step
2026-09-01T13:13:36.693627+00:00,95.297,0.0019,0.15,0.0,-0.056,-0.0326,8739.52,3,180.831,4.316,step
2026-09-01T13:13:36.694971+00:00,95.3,0.0001,0.15,0.0,-0.0528,-0.0329,8739.67,3,180.344,4.338,step
2026-09-01T13:13:36.696318+00:00,95.303,-0.0015,0.15,0.0,-0.0497,-0.033,8740.01,3,179.803,4.36,step
2026-09-01T13:13:36.697606+00:00,95.306,-0.0031,0.15,0.0,-0.0465,-0.0329,8740.26,3,179.211,4.382,step
2026-09-01T13:13:36.698865+00:00,95.308,-0.0046,0.15,0.0,-0.0433,-0.0328,8740.49,3,178.578,4.404,step
2026-09-01T13:13:36.700124+00:00,95.311,-0.006,0.15,0.0,-0.0402,-0.0326,8740.72,3,177.905,4.426,step
2026-09-01T13:13:36.701384+00:00,95.314,-0.0073,0.15,0.0,-0.037,-0.0323,8740.96,3,177.199,4.448,step
2026-09-01T13:13:36.702705+00:00,95.317,-0.0086,0.15,0.0,-0.034,-0.0319,8741.21,3,176.463,4.47,step
2026-09-01T13:13:36.703984+00:00,95.32,-0.0097,0.15,0.0,-0.0309,-0.0315,8741.45,3,175.689,4.492,step
2026-09-01T13:13:36.705244+00:00,95.323,-0.0108,0.15,0.0,-0.0279,-0.0309,8741.7,3,174.882,4.514,step
2026-09-01T13:13:36.706546+00:00,95.325,-0.0118,0.15,0.0,-0.0249,-0.0303,8741.93,3,174.047,4.536,step
2026-09-01T13:13:36.707847+00:00,95.328,-0.0127,0.15,0.0,-0.022,-0.0296,8742.18,3,173.188,4.558,step
2026-09-01T13:13:36.709175+00:00,95.331,-0.0135,0.15,0.0,-0.0192,-0.0289,8742.45,3,172.307,4.58,step
2026-09-01T13:13:36.710535+00:00,95.333,-0.0142,0.15,0.0,-0.0164,-0.0281,8742.7,3,171.413,4.602,step
2026-09-01T13:13:36.711850+00:00,95.336,-0.0149,0.15,0.0,-0.0137,-0.0273,8742.94,3,170.508,4.624,step
2026-09-01T13:13:36.713201+00:00,95.338,-0.0155,0.15,0.0,-0.0112,-0.0264,8743.18,3,169.586,4.646,step
2026-09-01T13:13:36.714492+00:00,95.341,-0.0161,0.15,0.0,-0.0086,-0.0255,8743.62,3,168.647,4.668,step
2026-09-01T13:13:36.715784+00:00,95.344,-0.0165,0.15,0.0,-0.0062,-0.0245,8743.79,3,167.696,4.69,step
2026-09-01T13:13:36.717138+00:00,95.346,-0.0169,0.15,0.0,-0.0039,-0.0235,8743.97,3,166.733,4.712,step
2026-09-01T13:13:36.718403+00:00,95.349,-0.0172,0.15,0.0,-0.0016,-0.0225,8744.15,3,165.761,4.734,step
2026-09-01T13:13:36.719793+00:00,95.351,-0.0174,0.15,0.0,0.0005,-0.0215,8744.35,3,164.788,4.756,step
2026-09-01T13:13:36.721103+00:00,95.354,-0.0176,0.15,0.0,0.0025,-0.0204,8744.57,3,163.817,4.778,step
2026-09-01T13:13:36.722347+00:00,95.356,-0.0177,0.15,0.0,0.0045,-0.0194,8744.81,3,162.84,4.8,step
2026-09-01T13:13:36.723638+00:00,95.359,-0.0178,0.15,0.0,0.0063,-0.0183,8745.03,3,161.857,4.822,step
2026-09-01T13:13:36.724938+00:00,95.361,-0.0177,0.15,0.0,0.008,-0.0172,8745.26,3,160.872,4.844,step
2026-09-01T13:13:36.726268+00:00,95.364,-0.0177,0.15,0.0,0.0096,-0.016,8745.5,3,159.891,4.866,step
2026-09-01T13:13:36.727667+00:00,95.366,-0.0175,0.15,0.0,0.0112,-0.0149,8745.75,3,158.909,4.888,step
2026-09-01T13:13:36.728963+00:00,95.369,-0.0173,0.15,0.0,0.0126,-0.0138,8745.99,3,157.926,4.91,step
2026-09-01T13:13:36.730244+00:00,95.371,-0.0171,0.15,0.0,0.0139,-0.0127,8746.19,3,156.95,4.932,step
2026-09-01T13:13:36.731524+00:00,95.374,-0.0169,0.15,0.0,0.0151,-0.0117,8746.42,3,155.982,4.954,step
2026-09-01T13:13:36.732810+00:00,95.376,-0.0166,0.15,0.0,0.0162,-0.0106,8746.78,3,155.017,4.976,step
2026-09-01T13:13:36.734123+00:00,95.379,-0.0162,0.15,0.0,0.0172,-0.0096,8746.95,3,154.052,4.998,step
2026-09-01T13:13:36.735509+00:00,95.381,-0.0159,0.15,0.0,0.0181,-0.0086,8747.13,3,153.095,5.02,step
2026-09-01T13:13:36.736811+00:00,95.384,-0.0155,0.15,0.0,0.0188,-0.0076,8747.34,3,152.146,5.042,step
2026-09-01T13:13:36.738169+00:00,95.386,-0.0151,0.15,0.0,0.0195,-0.0066,8747.55,3,151.21,5.064,step
2026-09-01T13:13:36.739454+00:00,95.389,-0.0146,0.15,0.0,0.0202,-0.0057,8747.79,3,150.285,5.086,step
2026-09-01T13:13:36.740745+00:00,95.391,-0.0142,0.15,0.0,0.0207,-0.0048,8748.03,3,149.363,5.108,step
2026-09-01T13:13:36.742062+00:00,95.394,-0.0137,0.15,0.0,0.0211,-0.0039,8748.24,3,148.451,5.13,step
2026-09-01T13:13:36.743386+00:00,95.397,-0.0132,0.15,0.0,0.0215,-0.003,8748.48,3,147.549,5.152,step
2026-09-01T13:13:36.744674+00:00,95.399,-0.0126,0.15,0.0,0.0217,-0.0022,8748.73,3,146.659,5.174,step
2026-09-01T13:13:36.745984+00:00,95.402,-0.0121,0.15,0.0,0.0219,-0.0014,8748.98,3,145.779,5.196,step
2026-09-01T13:13:36.747324+00:00,95.404,-0.0115,0.15,0.0,0.022,-0.0006,8749.23,3,144.907,5.218,step
2026-09-01T13:13:36.748604+00:00,95.407,-0.011,0.15,0.0,0.0221,0.0001,8749.46,3,144.045,5.24,step
2026-09-01T13:13:36.749896+00:00,95.41,-0.0104,0.15,0.0,0.022,0.0008,8749.71,3,143.193,5.262,step
2026-09-01T13:13:36.751180+00:00,95.412,-0.0098,0.15,0.0,0.0219,0.0015,8749.97,3,142.359,5.284,step
2026-09-01T13:13:36.752513+00:00,95.415,-0.0092,0.15,0.0,0.0218,0.0021,8750.18,3,141.538,5.306,step
2026-09-01T13:13:36.753812+00:00,95.418,-0.0086,0.15,0.0,0.0215,0.0027,8750.41,3,140.731,5.328,step
2026-09-01T13:13:36.755075+00:00,95.42,-0.008,0.15,0.0,0.0213,0.0033,8750.65,3,139.935,5.35,step
2026-09-01T13:13:36.756359+00:00,95.423,-0.0074,0.15,0.0,0.0209,0.0038,8750.88,3,139.152,5.372,step
2026-09-01T13:13:36.757617+00:00,95.426,-0.0069,0.15,0.0,0.0206,0.0043,8751.12,3,138.389,5.394,step
2026-09-01T13:13:36.758927+00:00,95.428,-0.0063,0.15,0.0,0.0202,0.0047,8751.36,3,137.639,5.416,step
2026-09-01T13:13:36.760322+00:00,95.431,-0.0057,0.15,0.0,0.0197,0.0051,8751.59,3,136.902,5.438,step
2026-09-01T13:13:36.761711+00:00,95.434,-0.0052,0.15,0.0,0.0192,0.0055,8751.83,3,136.173,5.46,step
2026-09-01T13:13:36.763041+00:00,95.436,-0.0046,0.15,0.0,0.0186,0.0059,8752.09,3,135.458,5.482,step
2026-09-01T13:13:36.764405+00:00,95.439,-0.0041,0.15,0.0,0.018,0.0062,8752.34,3,134.755,5.504,step
2026-09-01T13:13:36.765687+00:00,95.442,-0.0035,0.15,0.0,0.0174,0.0065,8752.6,3,134.066,5.526,step
2026-09-01T13:13:36.767012+00:00,95.445,-0.003,0.15,0.0,0.0168,0.0067,8752.85,3,133.388,5.548,step
2026-09-01T13:13:36.768316+00:00,95.447,-0.0025,0.15,0.0,0.0161,0.0069,8753.09,3,132.725,5.57,step
2026-09-01T13:13:36.769818+00:00,95.45,-0.002,0.15,0.0,0.0155,0.0071,8753.34,3,132.072,5.592,step
2026-09-01T13:13:36.771089+00:00,95.453,-0.0016,0.15,0.0,0.0148,0.0073,8753.58,3,131.43,5.614,step
2026-09-01T13:13:36.772350+00:00,95.455,-0.0011,0.15,0.0,0.0141,0.0074,8753.81,3,130.798,5.636,step
2026-09-01T13:13:36.773631+00:00,95.458,-0.0007,0.15,0.0,0.0134,0.0075,8754.05,3,130.178,5.658,step
2026-09-01T13:13:36.774901+00:00,95.461,-0.0002,0.15,0.0,0.0126,0.0076,8754.3,3,129.568,5.68,step
2026-09-01T13:13:36.776143+00:00,95.463,0.0002,0.15,0.0,0.0119,0.0076,8754.54,3,128.969,5.702,step
2026-09-01T13:13:36.777546+00:00,95.466,0.0005,0.15,0.0,0.0112,0.0077,8754.79,3,128.38,5.724,step
2026-09-01T13:13:36.778866+00:00,95.469,0.0009,0.15,0.0,0.0104,0.0076,8755.03,3,127.805,5.746,step
2026-09-01T13:13:36.780148+00:00,95.471,0.0012,0.15,0.0,0.0097,0.0076,8755.28,3,127.24,5.768,step
2026-09-01T13:13:36.781418+00:00,95.474,0.0015,0.15,0.0,0.009,0.0075,8755.51,3,126.679,5.79,step
2026-09-01T13:13:36.782665+00:00,95.477,0.0018,0.15,0.0,0.0083,0.0074,8755.74,3,126.129,5.812,step
2026-09-01T13:13:36.783975+00:00,95.479,0.0021,0.15,0.0,0.0076,0.0073,8756.0,3,125.586,5.834,step
2026-09-01T13:13:36.785350+00:00,95.482,0.0023,0.15,0.0,0.0069,0.0072,8756.23,3,125.045,5.856,step
2026-09-01T13:13:36.786611+00:00,95.484,0.0026,0.15,0.0,0.0062,0.0071,8756.44,3,124.504,5.878,step
2026-09-01T13:13:36.787903+00:00,95.487,0.0028,0.15,0.0,0.0055,0.0069,8756.68,3,123.972,5.9,step
2026-09-01T13:13:36.789139+00:00,95.49,0.003,0.15,0.0,0.0049,0.0068,8756.92,3,123.449,5.922,step
2026-09-01T13:13:36.790404+00:00,95.492,0.0031,0.15,0.0,0.0042,0.0066,8757.18,3,122.928,5.944,step
2026-09-01T13:13:36.791670+00:00,95.495,0.0033,0.15,0.0,0.0036,0.0064,8757.42,3,122.407,5.966,step
2026-09-01T13:13:36.793016+00:00,95.497,0.0035,0.15,0.0,0.003,0.0062,8757.65,3,121.886,5.988,step
2026-09-01T13:13:36.794344+00:00,95.5,0.0036,0.15,0.0,0.0024,0.006,8757.88,3,121.364,6.01,step
2026-09-01T13:13:36.795613+00:00,95.502,0.0037,0.15,0.0,0.0019,0.0058,8758.12,3,120.851,6.032,step
2026-09-01T13:13:36.796927+00:00,95.505,0.0038,0.15,0.0,0.0013,0.0056,8758.36,3,120.344,6.054,step
2026-09-01T13:13:36.798203+00:00,95.508,0.0039,0.0,0.15,0.0008,0.0054,8758.58,3,119.839,6.076,step
2026-09-01T13:13:36.799500+00:00,95.067,0.0039,0.0,0.15,0.0003,0.0051,8571.95,3,119.344,6.098,step
2026-09-01T13:13:36.800825+00:00,94.427,0.0039,0.0,0.15,-0.0002,0.0048,8510.21,3,118.87,6.12,step
2026-09-01T13:13:36.802187+00:00,93.788,0.0039,0.0,0.15,-0.0007,0.0044,8450.44,3,118.409,6.142,step
2026-09-01T13:13:36.803514+00:00,93.152,0.0038,0.0,0.15,-0.0011,0.0041,8392.92,3,117.956,6.164,step
2026-09-01T13:13:36.804796+00:00,92.519,0.0037,0.0,0.15,-0.0015,0.0037,8336.86,3,117.507,6.186,step
2026-09-01T13:13:36.806096+00:00,91.89,0.0036,0.15,0.0,-0.0018,0.0033,8281.18,3,117.061,6.208,step
2026-09-01T13:13:36.807377+00:00,91.706,0.0035,0.15,0.0,-0.0022,0.003,8414.74,3,116.606,6.23,step
2026-09-01T13:13:36.808655+00:00,91.717,0.0034,0.15,0.0,-0.0024,0.0027,8413.79,3,116.123,6.252,step
2026-09-01T13:13:36.809923+00:00,91.728,0.0034,0.15,0.0,-0.0027,0.0025,8413.18,3,115.623,6.274,step
2026-09-01T13:13:36.811358+00:00,91.738,0.0034,0.15,0.0,-0.0029,0.0024,8413.31,3,115.118,6.296,step
2026-09-01T13:13:36.812602+00:00,91.748,0.0033,0.15,0.0,-0.0032,0.0022,8414.13,3,114.61,6.318,step
2026-09-01T13:13:36.813861+00:00,91.758,0.0033,0.15,0.0,-0.0034,0.002,8415.4,3,114.102,6.34,step
2026-09-01T13:13:36.815117+00:00,91.768,0.0032,0.15,0.0,-0.0035,0.0018,8417.04,3,113.595,6.362,step
2026-09-01T13:13:36.816448+00:00,91.778,0.0032,0.15,0.0,-0.0037,0.0017,8418.35,3,113.088,6.384,step
2026-09-01T13:13:36.817720+00:00,91.788,0.0031,0.15,0.0,-0.0038,0.0015,8419.38,3,112.582,6.406,step
2026-09-01T13:13:36.819099+00:00,91.797,0.003,0.15,0.0,-0.004,0.0013,8420.2,3,112.074,6.428,step
2026-09-01T13:13:36.820365+00:00,91.807,0.003,0.15,0.0,-0.0041,0.0011,8421.02,3,111.566,6.45,step
2026-09-01T13:13:36.821649+00:00,91.817,0.0029,0.15,0.0,-0.0042,0.001,8421.82,3,111.057,6.472,step
2026-09-01T13:13:36.822923+00:00,91.827,0.0028,0.15,0.0,-0.0043,0.0008,8422.55,3,110.548,6.494,step
2026-09-01T13:13:36.824170+00:00,91.836,0.0027,0.15,0.0,-0.0043,0.0006,8423.41,3,110.038,6.516,step
2026-09-01T13:13:36.825443+00:00,91.846,0.0025,0.15,0.0,-0.0044,0.0004,8424.3,3,109.528,6.538,step
2026-09-01T13:13:36.826700+00:00,91.856,0.0024,0.15,0.0,-0.0044,0.0002,8425.23,3,109.018,6.56,step
2026-09-01T13:13:36.828151+00:00,91.865,0.0023,0.15,0.0,-0.0045,0.0001,8426.15,3,108.5,6.582,step
2026-09-01T13:13:36.829397+00:00,91.875,0.0022,0.15,0.0,-0.0045,-0.0,8427.06,3,107.975,6.604,step
2026-09-01T13:13:36.830656+00:00,91.884,0.0021,0.15,0.0,-0.0045,-0.0002,8427.96,3,107.448,6.626,step
2026-09-01T13:13:36.831941+00:00,91.894,0.002,0.15,0.0,-0.0044,-0.0003,8428.84,3,106.92,6.648,step
2026-09-01T13:13:36.833219+00:00,91.904,0.0019,0.15,0.0,-0.0044,-0.0004,8429.7,3,106.392,6.67,step
2026-09-01T13:13:36.834559+00:00,91.913,0.0018,0.15,0.0,-0.0043,-0.0005,8430.56,3,105.863,6.692,step
2026-09-01T13:13:36.835924+00:00,91.923,0.0016,0.15,0.0,-0.0043,-0.0006,8431.42,3,105.335,6.714,step
2026-09-01T13:13:36.837211+00:00,91.932,0.0015,0.15,0.0,-0.0042,-0.0007,8432.26,3,104.806,6.736,step
2026-09-01T13:13:36.838496+00:00,91.942,0.0014,0.15,0.0,-0.0041,-0.0009,8433.13,3,104.277,6.758,step
2026-09-01T13:13:36.839755+00:00,91.951,0.0013,0.15,0.0,-0.004,-0.001,8433.97,3,103.741,6.78,step
2026-09-01T13:13:36.841019+00:00,91.96,0.0012,0.15,0.0,-0.004,-0.001,8434.68,3,103.198,6.802,step
2026-09-01T13:13:36.842308+00:00,91.97,0.0011,0.15,0.0,-0.0039,-0.0011,8435.54,3,102.654,6.824,step
2026-09-01T13:13:36.843658+00:00,91.979,0.001,0.15,0.0,-0.0038,-0.0012,8436.45,3,102.11,6.846,step
2026-09-01T13:13:36.844913+00:00,91.988,0.0009,0.15,0.0,-0.0037,-0.0012,8437.38,3,101.565,6.868,step
2026-09-01T13:13:36.846191+00:00,91.998,0.0007,0.15,0.0,-0.0036,-0.0013,8438.27,3,101.02,6.89,step
2026-09-01T13:13:36.847498+00:00,92.007,0.0006,0.0,0.15,-0.0034,-0.0014,8439.13,3,100.475,6.912,step
2026-09-01T13:13:36.848741+00:00,91.574,0.0005,0.15,0.0,-0.0033,-0.0014,8259.59,3,99.937,6.934,step
2026-09-01T13:13:36.850034+00:00,91.388,0.0004,0.15,0.0,-0.0032,-0.0015,8384.94,3,99.3971,6.956,step
2026-09-01T13:13:36.851319+00:00,91.399,0.0003,0.15,0.0,-0.003,-0.0015,8384.68,3,98.8452,6.978,step
2026-09-01T13:13:36.852728+00:00,91.41,0.0002,0.15,0.0,-0.0029,-0.0015,8385.03,3,98.2882,7.0,step
2026-09-01T13:13:36.854043+00:00,91.421,0.0001,0.15,0.0,-0.0028,-0.0016,8385.49,3,97.7299,7.022,step
2026-09-01T13:13:36.855318+00:00,91.431,0.0001,0.15,0.0,-0.0026,-0.0016,8386.13,3,97.171,7.044,step
2026-09-01T13:13:36.856589+00:00,91.441,0.0,0.15,0.0,-0.0025,-0.0016,8386.99,3,96.612,7.066,step
2026-09-01T13:13:36.857859+00:00,91.451,-0.0001,0.15,0.0,-0.0024,-0.0016,8388.01,3,96.053,7.088,step
2026-09-01T13:13:36.859135+00:00,91.462,-0.0001,0.15,0.0,-0.0022,-0.0016,8388.98,3,95.494,7.11,step
2026-09-01T13:13:36.860510+00:00,91.472,-0.0002,0.15,0.0,-0.0021,-0.0016,8390.06,3,94.9352,7.132,step
2026-09-01T13:13:36.861772+00:00,91.482,-0.0003,0.15,0.0,-0.0019,-0.0016,8391.16,3,94.3763,7.154,step
2026-09-01T13:13:36.863060+00:00,91.492,-0.0004,0.15,0.0,-0.0018,-0.0016,8392.16,3,93.8175,7.176,step
2026-09-01T13:13:36.864303+00:00,91.502,-0.0004,0.15,0.0,-0.0016,-0.0016,8393.09,3,93.2586,7.198,step
2026-09-01T13:13:36.865579+00:00,91.512,-0.0005,0.15,0.0,-0.0015,-0.0016,8394.0,3,92.6998,7.22,step
2026-09-01T13:13:36.866889+00:00,91.522,-0.0006,0.15,0.0,-0.0013,-0.0015,8394.87,3,92.134,7.242,step
2026-09-01T13:13:36.868184+00:00,91.532,-0.0006,0.15,0.0,-0.0012,-0.0015,8395.78,3,91.5619,7.264,step
2026-09-01T13:13:36.869456+00:00,91.542,-0.0006,0.15,0.0,-0.0011,-0.0014,8396.69,3,90.9877,7.286,step
2026-09-01T13:13:36.870700+00:00,91.552,-0.0006,0.15,0.0,-0.001,-0.0014,8397.6,3,90.4128,7.308,step
2026-09-01T13:13:36.871990+00:00,91.562,-0.0006,0.15,0.0,-0.0008,-0.0013,8398.5,3,89.8378,7.33,step
2026-09-01T13:13:36.873281+00:00,91.572,-0.0006,0.15,0.0,-0.0007,-0.0012,8399.4,3,89.2628,7.352,step
2026-09-01T13:13:36.874580+00:00,91.582,-0.0006,0.15,0.0,-0.0006,-0.0012,8400.31,3,88.6878,7.374,step
2026-09-01T13:13:36.875874+00:00,91.592,-0.0006,0.15,0.0,-0.0005,-0.0011,8401.22,3,88.1132,7.396,step
2026-09-01T13:13:36.877183+00:00,91.602,-0.0006,0.15,0.0,-0.0004,-0.001,8402.12,3,87.5387,7.418,step
2026-09-01T13:13:36.878433+00:00,91.612,-0.0006,0.15,0.0,-0.0003,-0.001,8402.81,3,86.9642,7.44,step
2026-09-01T13:13:36.879708+00:00,91.622,-0.0006,0.15,0.0,-0.0002,-0.0009,8403.71,3,86.3891,7.462,step
2026-09-01T13:13:36.880939+00:00,91.631,-0.0006,0.15,0.0,-0.0001,-0.0008,8404.71,3,85.8139,7.484,step
2026-09-01T13:13:36.882187+00:00,91.641,-0.0006,0.15,0.0,-0.0001,-0.0008,8405.67,3,85.239,7.506,step
2026-09-01T13:13:36.883480+00:00,91.651,-0.0006,0.15,0.0,-0.0,-0.0007,8406.6,3,84.664,7.528,step
2026-09-01T13:13:36.884721+00:00,91.66,-0.0005,0.15,0.0,0.0001,-0.0006,8407.51,3,84.0892,7.55,step
2026-09-01T13:13:36.886035+00:00,91.67,-0.0005,0.15,0.0,0.0001,-0.0006,8408.39,3,83.5146,7.572,step
2026-09-01T13:13:36.887285+00:00,91.68,-0.0005,0.15,0.0,0.0002,-0.0005,8409.27,3,82.9401,7.594,step
2026-09-01T13:13:36.888559+00:00,91.689,-0.0005,0.15,0.0,0.0002,-0.0005,8410.14,3,82.3711,7.616,step
2026-09-01T13:13:36.889796+00:00,91.699,-0.0005,0.15,0.0,0.0003,-0.0004,8411.0,3,81.8079,7.638,step
2026-09-01T13:13:36.891092+00:00,91.708,-0.0005,0.15,0.0,0.0003,-0.0004,8411.85,3,81.2467,7.66,step
2026-09-01T13:13:36.892401+00:00,91.718,-0.0005,0.15,0.0,0.0004,-0.0004,8412.69,3,80.6807,7.682,step
2026-09-01T13:13:36.893695+00:00,91.727,-0.0005,0.15,0.0,0.0004,-0.0004,8413.54,3,80.1087,7.704,step
2026-09-01T13:13:36.895096+00:00,91.737,-0.0005,0.15,0.0,0.0004,-0.0003,8414.41,3,79.5403,7.726,step
2026-09-01T13:13:36.896355+00:00,91.746,-0.0005,0.15,0.0,0.0004,-0.0003,8415.03,3,78.9767,7.748,step
2026-09-01T13:13:36.897604+00:00,91.756,-0.0005,0.15,0.0,0.0004,-0.0003,8415.91,3,78.4149,7.77,step
2026-09-01T13:13:36.898828+00:00,91.765,-0.0005,0.15,0.0,0.0005,-0.0003,8416.89,3,77.8537,7.792,step
2026-09-01T13:13:36.900080+00:00,91.774,-0.0005,0.15,0.0,0.0005,-0.0003,8417.85,3,77.2927,7.814,step
2026-09-01T13:13:36.901306+00:00,91.783,-0.0005,0.15,0.0,0.0005,-0.0003,8418.75,3,76.7319,7.836,step
2026-09-01T13:13:36.902652+00:00,91.793,-0.0005,0.15,0.0,0.0006,-0.0003,8419.61,3,76.1662,7.858,step
2026-09-01T13:13:36.903917+00:00,91.802,-0.0005,0.15,0.0,0.0006,-0.0002,8420.46,3,75.5951,7.88,step
2026-09-01T13:13:36.905161+00:00,91.811,-0.0005,0.15,0.0,0.0006,-0.0002,8421.29,3,75.0272,7.902,step
2026-09-01T13:13:36.906446+00:00,91.821,-0.0005,0.15,0.0,0.0006,-0.0002,8422.13,3,74.464,7.924,step
2026-09-01T13:13:36.907701+00:00,91.83,-0.0005,0.15,0.0,0.0006,-0.0002,8422.93,3,73.9017,7.946,step
2026-09-01T13:13:36.908985+00:00,91.839,-0.0005,0.15,0.0,0.0007,-0.0002,8423.73,3,73.3399,7.968,step
2026-09-01T13:13:36.910299+00:00,91.848,-0.0005,0.15,0.0,0.0007,-0.0002,8424.55,3,72.7783,7.99,step
2026-09-01T13:13:36.911470+00:00,91.856,-0.0005,0.15,0.0,0.0007,-0.0002,8425.31,3,72.2679,8.01,step
2026-09-01T13:13:36.912684+00:00,91.864,-0.0005,0.15,0.0,0.0007,-0.0002,8426.07,3,71.7574,8.03,step
2026-09-01T13:13:36.913872+00:00,91.873,-0.0005,0.15,0.0,0.0007,-0.0002,8426.66,3,71.247,8.05,step
2026-09-01T13:13:36.915055+00:00,91.881,-0.0005,0.15,0.0,0.0007,-0.0002,8427.29,3,70.7365,8.07,step
2026-09-01T13:13:36.916277+00:00,91.889,-0.0005,0.15,0.0,0.0007,-0.0002,8428.09,3,70.2261,8.09,step
2026-09-01T13:13:36.917464+00:00,91.897,-0.0005,0.15,0.0,0.0007,-0.0001,8428.96,3,69.7116,8.11,step
2026-09-01T13:13:36.918695+00:00,91.905,-0.0005,0.15,0.0,0.0008,-0.0001,8429.8,3,69.197,8.13,step
2026-09-01T13:13:36.919890+00:00,91.913,-0.0005,0.15,0.0,0.0008,-0.0001,8430.58,3,68.6849,8.15,step
2026-09-01T13:13:36.921138+00:00,91.921,-0.0005,0.15,0.0,0.0008,-0.0001,8431.35,3,68.1738,8.17,step
2026-09-01T13:13:36.922335+00:00,91.929,-0.0005,0.15,0.0,0.0008,-0.0001,8432.08,3,67.6632,8.19,step
2026-09-01T13:13:36.923494+00:00,91.937,-0.0005,0.15,0.0,0.0008,-0.0001,8432.78,3,67.1526,8.21,step
2026-09-01T13:13:36.924716+00:00,91.945,-0.0005,0.15,0.0,0.0008,-0.0001,8433.5,3,66.6376,8.23,step
2026-09-01T13:13:36.925953+00:00,91.953,-0.0005,0.15,0.0,0.0008,-0.0001,8434.23,3,66.1224,8.25,step
2026-09-01T13:13:36.927188+00:00,91.961,-0.0005,0.15,0.0,0.0008,-0.0001,8434.93,3,65.6096,8.27,step
2026-09-01T13:13:36.928369+00:00,91.969,-0.0005,0.15,0.0,0.0008,-0.0001,8435.63,3,65.098,8.29,step
2026-09-01T13:13:36.929545+00:00,91.977,-0.0005,0.15,0.0,0.0008,-0.0001,8436.35,3,64.5866,8.31,step
2026-09-01T13:13:36.930721+00:00,91.985,-0.0005,0.15,0.0,0.0008,-0.0001,8437.06,3,64.0755,8.33,step
2026-09-01T13:13:36.931890+00:00,91.993,-0.0005,0.15,0.0,0.0008,-0.0001,8437.79,3,63.5643,8.35,step
2026-09-01T13:13:36.933071+00:00,92.001,-0.0005,0.0,0.15,0.0008,-0.0001,8438.19,3,63.0533,8.37,step
2026-09-01T13:13:36.934261+00:00,91.623,-0.0005,0.15,0.0,0.0008,-0.0,8265.27,3,62.5405,8.39,step
2026-09-01T13:13:36.935497+00:00,91.436,-0.0004,0.15,0.0,0.0009,-0.0,8389.08,3,62.0287,8.41,step
2026-09-01T13:13:36.936751+00:00,91.445,-0.0004,0.15,0.0,0.0009,-0.0,8388.89,3,61.5196,8.43,step
2026-09-01T13:13:36.937946+00:00,91.454,-0.0004,0.15,0.0,0.0009,-0.0,8389.2,3,61.0115,8.45,step
2026-09-01T13:13:36.939136+00:00,91.463,-0.0004,0.15,0.0,0.0009,-0.0,8389.64,3,60.5035,8.47,step
2026-09-01T13:13:36.940325+00:00,91.472,-0.0005,0.15,0.0,0.0009,-0.0,8390.16,3,59.9957,8.49,step
2026-09-01T13:13:36.941533+00:00,91.481,-0.0005,0.15,0.0,0.0009,-0.0,8390.8,3,59.4879,8.51,step
2026-09-01T13:13:36.942705+00:00,91.489,-0.0005,0.0,0.15,0.0009,-0.0,8391.53,3,58.9794,8.53,step
2026-09-01T13:13:36.943959+00:00,91.114,-0.0004,0.0,0.15,0.0009,0.0,8219.41,3,58.4697,8.55,step
2026-09-01T13:13:36.945158+00:00,90.544,-0.0004,0.0,0.15,0.0009,0.0001,8164.28,3,57.9584,8.57,step
2026-09-01T13:13:36.946360+00:00,89.976,-0.0004,0.0,0.15,0.0009,0.0001,8110.52,3,57.4483,8.59,step
2026-09-01T13:13:36.947558+00:00,89.41,-0.0003,0.0,0.15,0.0009,0.0002,8058.75,3,56.9406,8.61,step
2026-09-01T13:13:36.948753+00:00,88.847,-0.0002,0.0,0.15,0.0009,0.0002,8008.37,3,56.436,8.63,step
2026-09-01T13:13:36.949950+00:00,88.286,-0.0002,0.0,0.15,0.0009,0.0003,7958.68,3,55.9346,8.65,step
2026-09-01T13:13:36.951155+00:00,87.727,-0.0001,0.0,0.15,0.0009,0.0004,7909.32,3,55.4365,8.67,step
2026-09-01T13:13:36.952343+00:00,87.17,-0.0001,0.0,0.15,0.0008,0.0004,7861.03,3,54.9419,8.69,step
2026-09-01T13:13:36.953519+00:00,86.615,-0.0,0.0,0.15,0.0008,0.0005,7811.43,3,54.4509,8.71,step
2026-09-01T13:13:36.954726+00:00,86.062,0.0001,0.0,0.15,0.0008,0.0006,7761.74,3,53.9632,8.73,step
2026-09-01T13:13:36.955897+00:00,85.511,0.0001,0.0,0.15,0.0007,0.0006,7712.2,3,53.4791,8.75,step
2026-09-01T13:13:36.957035+00:00,84.962,0.0002,0.0,0.15,0.0007,0.0007,7662.86,3,52.9984,8.77,step
2026-09-01T13:13:36.958239+00:00,84.414,0.0002,0.0,0.15,0.0007,0.0007,7613.71,3,52.5206,8.79,step
2026-09-01T13:13:36.959413+00:00,83.868,0.0003,0.0,0.15,0.0006,0.0008,7564.72,3,52.0463,8.81,step
2026-09-01T13:13:36.960638+00:00,83.323,0.0004,0.0,0.15,0.0006,0.0008,7515.91,3,51.5755,8.83,step
2026-09-01T13:13:36.961802+00:00,82.78,0.0004,0.0,0.15,0.0005,0.0009,7467.32,3,51.1077,8.85,step
2026-09-01T13:13:36.963008+00:00,82.238,0.0005,0.0,0.15,0.0005,0.0009,7418.82,3,50.6434,8.87,step
2026-09-01T13:13:36.964201+00:00,81.698,0.0006,0.0,0.15,0.0004,0.001,7370.51,3,50.1823,8.89,step
2026-09-01T13:13:36.965408+00:00,81.159,0.0006,0.0,0.15,0.0003,0.001,7322.3,3,49.727,8.91,step
2026-09-01T13:13:36.966645+00:00,80.623,0.0006,0.0,0.15,0.0003,0.001,7274.28,3,49.2779,8.93,step
2026-09-01T13:13:36.967840+00:00,80.088,0.0007,0.0,0.15,0.0002,0.001,7226.4,3,48.8329,8.95,step
2026-09-01T13:13:36.969143+00:00,79.555,0.0007,0.0,0.15,0.0002,0.001,7178.58,2,48.3914,8.97,step
2026-09-01T13:13:36.970348+00:00,79.041,0.0007,0.0,0.15,0.0001,0.0009,9023.94,2,47.9538,8.99,step
2026-09-01T13:13:36.971577+00:00,78.542,0.0007,0.0,0.15,0.0,0.0009,9002.69,2,47.5212,9.01,step
2026-09-01T13:13:36.972815+00:00,78.024,0.0007,0.0,0.15,-0.0,0.0009,8842.68,2,47.0928,9.03,step
2026-09-01T13:13:36.974017+00:00,77.437,0.0006,0.0,0.15,-0.0001,0.0008,8772.37,2,46.6733,9.05,step
2026-09-01T13:13:36.975251+00:00,76.851,0.0006,0.0,0.15,-0.0001,0.0006,8705.46,2,46.2612,9.07,step
2026-09-01T13:13:36.976449+00:00,76.268,0.0005,0.0,0.15,-0.0002,0.0005,8639.6,2,45.8534,9.09,step
2026-09-01T13:13:36.977803+00:00,75.687,0.0004,0.0,0.15,-0.0002,0.0004,8574.53,2,45.4466,9.11,step
2026-09-01T13:13:36.979009+00:00,75.11,0.0003,0.0,0.15,-0.0002,0.0002,8510.2,2,45.0405,9.13,step
2026-09-01T13:13:36.980187+00:00,74.535,0.2003,0.0,0.15,-0.0003,0.0001,8446.32,2,44.6362,9.15,step
2026-09-01T13:13:36.981388+00:00,73.976,0.1985,0.0,0.15,-0.0001,-0.0019,8383.58,2,44.4687,9.17,step
2026-09-01T13:13:36.982563+00:00,73.367,0.1934,0.0,0.15,0.0006,-0.0078,8313.93,2,44.7577,9.19,step
2026-09-01T13:13:36.983812+00:00,72.772,-0.0135,0.0,0.15,0.0019,-0.0157,8244.05,2,45.2845,9.21,step
2026-09-01T13:13:36.985071+00:00,72.21,-0.0195,0.0,0.15,0.0035,-0.0223,8181.61,2,45.6548,9.23,step
2026-09-01T13:13:36.986303+00:00,71.637,-0.022,0.0,0.15,0.0049,-0.0244,8122.21,2,45.5069,9.25,step
2026-09-01T13:13:36.987590+00:00,71.074,-0.0229,0.0,0.15,0.0064,-0.0246,8060.52,2,45.1289,9.27,step
2026-09-01T13:13:36.988812+00:00,70.517,0.1769,0.0,0.15,0.0078,-0.024,7998.72,2,44.6656,9.29,step
2026-09-01T13:13:36.990043+00:00,69.977,0.1753,0.0,0.15,0.0093,-0.0251,7937.66,2,44.3989,9.31,step
2026-09-01T13:13:36.991285+00:00,69.388,0.1704,0.0,0.15,0.0114,-0.0299,7871.14,2,44.5591,9.33,step
2026-09-01T13:13:36.992519+00:00,68.816,0.1639,0.0,0.15,0.0139,-0.0365,7804.54,2,44.935,9.35,step
2026-09-01T13:13:36.993781+00:00,68.257,-0.0435,0.8,0.0,0.0169,-0.0437,7740.67,2,45.3944,9.37,step
2026-09-01T13:13:36.994987+00:00,68.574,-0.0492,0.8,0.0,0.0201,-0.049,8769.27,2,45.6169,9.39,step
2026-09-01T13:13:36.996190+00:00,69.298,-0.0514,0.8,0.0,0.0231,-0.0499,9180.61,2,45.3315,9.41,step
2026-09-01T13:13:36.997435+00:00,70.133,0.148,0.0,0.15,0.026,-0.0488,9475.02,2,44.8179,9.43,step
2026-09-01T13:13:36.998645+00:00,70.49,0.1467,0.0,0.15,0.029,-0.0485,8007.93,2,44.3894,9.45,step
2026-09-01T13:13:36.999911+00:00,69.904,0.1432,0.0,0.15,0.0323,-0.0508,7949.71,2,44.2604,9.47,step
2026-09-01T13:13:37.001145+00:00,69.312,0.1381,0.0,0.15,0.036,-0.0549,7869.86,2,44.3305,9.49,step
2026-09-01T13:13:37.002420+00:00,68.739,0.1319,0.0,0.15,0.04,-0.0602,7795.01,2,44.5439,9.51,step
2026-09-01T13:13:37.003790+00:00,68.181,0.1249,0.0,0.15,0.0444,-0.0661,7727.25,2,44.8461,9.53,step
2026-09-01T13:13:37.005013+00:00,67.629,-0.0823,0.8,0.0,0.0491,-0.0722,7664.87,2,45.185,9.55,step
2026-09-01T13:13:37.006226+00:00,67.933,-0.0876,0.8,0.0,0.0538,-0.0758,8689.49,2,45.2455,9.57,step
2026-09-01T13:13:37.007469+00:00,68.631,0.111,0.0,0.15,0.0583,-0.0748,9121.82,2,44.7366,9.59,step
2026-09-01T13:13:37.008763+00:00,68.871,0.1097,0.0,0.15,0.0628,-0.0736,7825.01,2,44.2189,9.61,step
2026-09-01T13:13:37.010012+00:00,68.294,0.1057,0.0,0.15,0.0677,-0.0755,7765.66,2,44.058,9.63,step
2026-09-01T13:13:37.011355+00:00,67.733,0.1005,0.0,0.15,0.0728,-0.0789,7693.79,2,44.0829,9.65,step
2026-09-01T13:13:37.012642+00:00,67.181,0.0946,0.0,0.15,0.0781,-0.083,7624.69,2,44.1972,9.67,step
2026-09-01T13:13:37.013926+00:00,66.631,0.0883,0.0,0.15,0.0837,-0.0873,7559.65,2,44.3493,9.69,step
2026-09-01T13:13:37.015230+00:00,66.089,0.082,0.0,0.15,0.0894,-0.0916,7497.93,2,44.5108,9.71,step
2026-09-01T13:13:37.016560+00:00,65.551,0.0758,0.0,0.15,0.0953,-0.0956,7438.66,2,44.6577,9.73,step
2026-09-01T13:13:37.017848+00:00,65.016,0.0698,0.0,0.15,0.1014,-0.0994,7379.98,2,44.7783,9.75,step
2026-09-01T13:13:37.019265+00:00,64.484,0.064,0.0,0.15,0.1077,-0.1028,7321.47,2,44.8669,9.77,step
2026-09-01T13:13:37.020636+00:00,63.954,0.0616,0.0,0.15,0.114,-0.1018,7262.74,2,44.9225,9.79,step
2026-09-01T13:13:37.021984+00:00,63.426,0.0595,0.0,0.15,0.1201,-0.1006,7203.96,2,44.9533,9.81,step
2026-09-01T13:13:37.023301+00:00,62.901,0.0576,0.0,0.15,0.1261,-0.0992,7145.02,2,44.9688,9.83,step
2026-09-01T13:13:37.024669+00:00,62.375,0.0558,0.0,0.15,0.132,-0.0978,7088.09,2,44.9718,9.85,step
2026-09-01T13:13:37.026040+00:00,61.849,0.0542,0.0,0.15,0.1377,-0.0962,7032.4,2,44.962,9.87,step
2026-09-01T13:13:37.027480+00:00,61.328,0.0527,0.0,0.15,0.1433,-0.0946,6972.97,2,44.9411,9.89,step
2026-09-01T13:13:37.028838+00:00,60.801,0.0513,0.0,0.15,0.1488,-0.0929,6911.92,2,44.9159,9.91,step
2026-09-01T13:13:37.030223+00:00,60.284,0.05,0.0,0.15,0.1542,-0.0912,6852.3,2,44.8889,9.93,step
2026-09-01T13:13:37.031602+00:00,59.769,0.0488,0.0,0.15,0.1594,-0.0895,6793.57,2,44.8567,9.95,step
2026-09-01T13:13:37.033013+00:00,59.256,0.0477,0.0,0.15,0.1644,-0.0877,6735.34,2,44.82,9.97,step
2026-09-01T13:13:37.034428+00:00,58.744,0.0466,0.0,0.15,0.1693,-0.0859,6677.58,2,44.7783,9.99,step
2026-09-01T13:13:37.035881+00:00,58.233,0.0457,0.0,0.15,0.1741,-0.084,6620.04,2,44.7319,10.01,step
2026-09-01T13:13:37.037286+00:00,57.724,0.0449,0.0,0.15,0.1787,-0.0821,6562.73,2,44.6802,10.03,step
2026-09-01T13:13:37.038690+00:00,57.216,0.0442,0.0,0.15,0.1832,-0.0802,6505.54,2,44.6238,10.05,step
2026-09-01T13:13:37.040090+00:00,56.709,0.0436,0.0,0.15,0.1876,-0.0783,6448.64,2,44.5629,10.07,step
2026-09-01T13:13:37.041449+00:00,56.2,0.0431,0.0,0.15,0.1918,-0.0763,6396.66,2,44.4983,10.09,step
2026-09-01T13:13:37.042836+00:00,55.695,0.0426,0.0,0.15,0.1958,-0.0743,6339.22,2,44.4308,10.11,step
2026-09-01T13:13:37.044271+00:00,55.189,0.0422,0.0,0.15,0.1998,-0.0724,6280.73,2,44.3626,10.13,step
2026-09-01T13:13:37.045625+00:00,54.688,0.0419,0.0,0.15,0.2036,-0.0704,6222.04,2,44.2957,10.15,step
2026-09-01T13:13:37.047002+00:00,54.189,0.0416,0.0,0.15,0.2073,-0.0684,6164.62,2,44.2295,10.17,step
2026-09-01T13:13:37.048338+00:00,53.691,0.0414,0.0,0.15,0.2108,-0.0665,6107.87,2,44.1648,10.19,step
2026-09-01T13:13:37.049715+00:00,53.195,0.0413,0.0,0.15,0.2142,-0.0645,6051.64,2,44.0984,10.21,step
2026-09-01T13:13:37.051072+00:00,52.7,0.0412,0.0,0.15,0.2175,-0.0626,5995.73,2,44.0309,10.23,step
2026-09-01T13:13:37.052462+00:00,52.207,0.0411,0.0,0.15,0.2207,-0.0607,5940.02,2,43.9636,10.25,step
2026-09-01T13:13:37.053829+00:00,51.714,0.0412,0.0,0.15,0.2237,-0.0587,5884.44,2,43.8971,10.27,step
2026-09-01T13:13:37.055160+00:00,51.222,0.0412,0.0,0.15,0.2266,-0.0568,5828.95,2,43.8316,10.29,step
2026-09-01T13:13:37.056512+00:00,50.732,0.0413,0.0,0.15,0.2295,-0.0549,5773.55,2,43.767,10.31,step
2026-09-01T13:13:37.057837+00:00,50.241,0.0415,0.0,0.15,0.2321,-0.053,5719.52,2,43.7037,10.33,step
2026-09-01T13:13:37.059208+00:00,49.751,0.0417,0.0,0.15,0.2347,-0.0512,5665.2,1,43.6436,10.35,step
2026-09-01T13:13:37.060620+00:00,49.27,0.0419,0.0,0.15,0.2372,-0.0493,7601.4,1,43.5867,10.37,step
2026-09-01T13:13:37.062028+00:00,48.792,0.0422,0.0,0.15,0.2396,-0.0475,7590.34,1,43.5314,10.39,step
2026-09-01T13:13:37.063417+00:00,48.299,0.0425,0.0,0.15,0.2419,-0.0457,7361.35,1,43.4788,10.41,step
2026-09-01T13:13:37.064753+00:00,47.764,0.0428,0.0,0.15,0.2441,-0.044,7280.61,1,43.433,10.43,step
2026-09-01T13:13:37.066109+00:00,47.232,0.0431,0.0,0.15,0.2462,-0.0423,7200.21,1,43.3937,10.45,step
2026-09-01T13:13:37.067517+00:00,46.703,0.0434,0.15,0.0,0.2481,-0.0407,7120.83,1,43.3582,10.47,step
2026-09-01T13:13:37.068926+00:00,46.689,0.0438,0.15,0.0,0.2501,-0.039,7308.43,1,43.3134,10.49,step
2026-09-01T13:13:37.070268+00:00,46.797,0.0443,0.15,0.0,0.2519,-0.0372,7320.58,1,43.2572,10.51,step
2026-09-01T13:13:37.071614+00:00,46.905,0.0449,0.15,0.0,0.2537,-0.0353,7333.71,1,43.1973,10.53,step
2026-09-01T13:13:37.072989+00:00,47.012,0.0455,0.0,0.15,0.2554,-0.0335,7348.43,1,43.1371,10.55,step
2026-09-01T13:13:37.074288+00:00,46.621,0.0461,0.15,0.0,0.257,-0.0317,7123.33,1,43.0864,10.57,step
2026-09-01T13:13:37.075618+00:00,46.603,0.0467,0.15,0.0,0.2586,-0.03,7288.9,1,43.0435,10.59,step
2026-09-01T13:13:37.076933+00:00,46.71,0.0474,0.15,0.0,0.2601,-0.0282,7304.77,1,42.9976,10.61,step
2026-09-01T13:13:37.078266+00:00,46.816,0.0481,0.15,0.0,0.2615,-0.0265,7320.67,1,42.9531,10.63,step
2026-09-01T13:13:37.079627+00:00,46.922,0.0488,0.15,0.0,0.2628,-0.0247,7337.14,1,42.9122,10.65,step
2026-09-01T13:13:37.081041+00:00,47.028,0.0495,0.0,0.15,0.2641,-0.023,7353.58,1,42.8761,10.67,step
2026-09-01T13:13:37.082389+00:00,46.636,0.0502,0.15,0.0,0.2653,-0.0214,7120.29,1,42.8547,10.69,step
2026-09-01T13:13:37.083737+00:00,46.621,0.0509,0.15,0.0,0.2664,-0.0198,7294.64,1,42.8429,10.71,step
2026-09-01T13:13:37.085054+00:00,46.728,0.0517,0.15,0.0,0.2675,-0.0182,7309.34,1,42.8259,10.73,step
2026-09-01T13:13:37.086438+00:00,46.834,0.0525,0.15,0.0,0.2685,-0.0166,7324.9,1,42.8122,10.75,step
2026-09-01T13:13:37.087790+00:00,46.941,0.0533,0.15,0.0,0.2694,-0.015,7340.47,1,42.8028,10.77,step
2026-09-01T13:13:37.089086+00:00,47.047,0.0542,0.0,0.15,0.2703,-0.0134,7356.3,1,42.7958,10.79,step
2026-09-01T13:13:37.090365+00:00,46.654,0.055,0.15,0.0,0.2711,-0.0118,7124.42,1,42.8033,10.81,step
2026-09-01T13:13:37.091668+00:00,46.641,0.0558,0.15,0.0,0.2718,-0.0104,7297.04,1,42.8235,10.83,step
2026-09-01T13:13:37.092958+00:00,46.748,0.0566,0.15,0.0,0.2725,-0.0089,7312.25,1,42.8403,10.85,step
2026-09-01T13:13:37.094311+00:00,46.855,0.0575,0.15,0.0,0.2732,-0.0074,7327.95,1,42.8602,10.87,step
2026-09-01T13:13:37.095602+00:00,46.962,0.0584,0.15,0.0,0.2737,-0.0059,7343.76,1,42.8861,10.89,step
2026-09-01T13:13:37.096913+00:00,47.068,0.0593,0.0,0.15,0.2742,-0.0045,7361.13,1,42.9155,10.91,step
2026-09-01T13:13:37.098237+00:00,46.677,0.0602,0.15,0.0,0.2747,-0.0031,7125.81,1,42.9616,10.93,step
2026-09-01T13:13:37.099527+00:00,46.664,0.061,0.15,0.0,0.2751,-0.0018,7301.72,1,43.0218,10.95,step
2026-09-01T13:13:37.100877+00:00,46.772,0.062,0.15,0.0,0.2754,-0.0004,7316.6,1,43.0764,10.97,step
2026-09-01T13:13:37.102251+00:00,46.879,0.0629,0.15,0.0,0.2757,0.0009,7332.18,1,43.1347,10.99,step
2026-09-01T13:13:37.103654+00:00,46.986,0.0639,0.15,0.0,0.2759,0.0023,7347.81,1,43.1985,11.01,step
2026-09-01T13:13:37.104979+00:00,47.093,0.0648,0.0,0.15,0.2761,0.0036,7363.83,1,43.2702,11.03,step
2026-09-01T13:13:37.106311+00:00,46.701,0.0658,0.15,0.0,0.2762,0.0048,7131.4,1,43.3642,11.05,step
2026-09-01T13:13:37.107620+00:00,46.691,0.0666,0.15,0.0,0.2763,0.006,7305.1,1,43.476,11.07,step
2026-09-01T13:13:37.108890+00:00,46.799,0.0676,0.15,0.0,0.2763,0.0072,7320.37,1,43.5846,11.09,step
2026-09-01T13:13:37.110239+00:00,46.906,0.0685,0.15,0.0,0.2763,0.0083,7336.17,1,43.6993,11.11,step
2026-09-01T13:13:37.111538+00:00,47.014,0.0695,0.0,0.15,0.2763,0.0095,7352.09,1,43.8218,11.13,step
2026-09-01T13:13:37.112886+00:00,46.622,0.0704,0.15,0.0,0.2762,0.0106,7119.28,1,43.9655,11.15,step
2026-09-01T13:13:37.114203+00:00,46.615,0.0713,0.15,0.0,0.276,0.0116,7293.33,1,44.1252,11.17,step
2026-09-01T13:13:37.115472+00:00,46.721,0.0722,0.15,0.0,0.2758,0.0127,7313.62,1,44.2824,11.19,step
2026-09-01T13:13:37.116788+00:00,46.831,0.0732,0.15,0.0,0.2756,0.0137,7327.25,1,44.4478,11.21,step
2026-09-01T13:13:37.118112+00:00,46.94,0.0741,0.15,0.0,0.2753,0.0147,7342.48,1,44.6216,11.23,step
2026-09-01T13:13:37.119488+00:00,47.048,0.0751,0.0,0.15,0.275,0.0158,7357.95,1,44.8013,11.25,step
2026-09-01T13:13:37.120926+00:00,46.666,-0.1239,0.8,0.0,0.2747,0.0168,7126.09,1,45.005,11.27,step
2026-09-01T13:13:37.122248+00:00,47.07,0.0784,0.0,0.15,0.2741,0.0193,8754.65,1,44.8606,11.29,step
2026-09-01T13:13:37.123548+00:00,47.255,0.0821,0.0,0.15,0.2732,0.0234,7202.34,1,44.3945,11.31,step
2026-09-01T13:13:37.124853+00:00,46.697,0.084,0.15,0.0,0.2723,0.0252,7129.46,1,44.4129,11.33,step
2026-09-01T13:13:37.126177+00:00,46.681,0.0851,0.15,0.0,0.2715,0.026,7304.95,1,44.6362,11.35,step
2026-09-01T13:13:37.127675+00:00,46.789,0.086,0.15,0.0,0.2707,0.0267,7320.01,1,44.9092,11.37,step
2026-09-01T13:13:37.128949+00:00,46.898,-0.1131,0.8,0.0,0.2699,0.0274,7335.71,1,45.1988,11.39,step
2026-09-01T13:13:37.130242+00:00,47.462,-0.1106,0.8,0.0,0.2689,0.0298,8741.89,1,45.0857,11.41,step
2026-09-01T13:13:37.131497+00:00,48.243,0.0948,0.0,0.15,0.2674,0.0357,9985.43,1,44.216,11.43,step
2026-09-01T13:13:37.132813+00:00,48.821,0.1001,0.0,0.15,0.2657,0.0412,7513.3,1,43.4401,11.45,step
2026-09-01T13:13:37.134079+00:00,48.295,0.1028,0.0,0.15,0.264,0.0436,7369.07,1,43.3469,11.47,step
2026-09-01T13:13:37.135409+00:00,47.745,0.1043,0.0,0.15,0.2624,0.0443,7275.69,1,43.6011,11.49,step
2026-09-01T13:13:37.136733+00:00,47.21,0.1051,0.0,0.15,0.2608,0.0444,7189.9,1,44.0239,11.51,step
2026-09-01T13:13:37.138072+00:00,46.689,0.1057,0.15,0.0,0.2593,0.0441,7110.89,1,44.5217,11.53,step
2026-09-01T13:13:37.139346+00:00,46.685,-0.0938,0.8,0.0,0.2578,0.044,7313.99,1,45.0293,11.55,step
2026-09-01T13:13:37.140645+00:00,47.213,-0.0915,0.8,0.0,0.2562,0.0457,8814.69,1,45.0846,11.57,step
2026-09-01T13:13:37.141921+00:00,47.964,0.1137,0.0,0.15,0.2541,0.0509,10149.0,1,44.3379,11.59,step
2026-09-01T13:13:37.143219+00:00,48.567,0.1187,0.0,0.15,0.2517,0.0557,7599.85,1,43.6844,11.61,step
2026-09-01T13:13:37.144744+00:00,48.095,0.1214,0.0,0.15,0.2494,0.0576,7352.44,1,43.7123,11.63,step
2026-09-01T13:13:37.145964+00:00,47.543,0.1227,0.0,0.15,0.2473,0.0579,7257.42,1,44.1082,11.65,step
2026-09-01T13:13:37.147212+00:00,47.01,0.1234,0.0,0.15,0.2452,0.0575,7167.77,1,44.703,11.67,step
2026-09-01T13:13:37.148424+00:00,46.486,-0.0763,0.8,0.0,0.2432,0.0567,7084.18,1,45.4042,11.69,step
2026-09-01T13:13:37.149693+00:00,46.876,-0.0743,0.8,0.0,0.2411,0.0578,8847.97,1,45.6287,11.71,step
2026-09-01T13:13:37.150949+00:00,47.603,0.1308,0.0,0.15,0.2385,0.0626,10251.9,1,44.9487,11.73,step
2026-09-01T13:13:37.152331+00:00,48.147,0.1356,0.0,0.15,0.2357,0.0668,7789.35,1,44.4264,11.75,step
2026-09-01T13:13:37.153585+00:00,47.798,0.1379,0.0,0.15,0.233,0.068,7296.08,1,44.6333,11.77,step
2026-09-01T13:13:37.154833+00:00,47.256,-0.0611,0.8,0.0,0.2305,0.0677,7205.85,1,45.2309,11.79,step
2026-09-01T13:13:37.156104+00:00,47.648,-0.0591,0.8,0.0,0.2278,0.0686,8973.81,1,45.5632,11.81,step
2026-09-01T13:13:37.157341+00:00,48.387,-0.0545,0.8,0.0,0.2248,0.0724,10379.9,1,45.1217,11.83,step
2026-09-01T13:13:37.158635+00:00,49.198,0.1512,0.0,0.15,0.2214,0.0774,11640.2,1,44.3689,11.85,step
2026-09-01T13:13:37.159901+00:00,49.886,0.1564,0.0,0.15,0.2179,0.0817,8819.26,1,43.8525,11.87,step
2026-09-01T13:13:37.161265+00:00,49.855,0.1595,0.0,0.15,0.2144,0.0833,7617.64,1,43.9735,11.89,step
2026-09-01T13:13:37.162555+00:00,49.257,0.1611,0.0,0.15,0.211,0.0833,7515.02,1,44.5452,11.91,step
2026-09-01T13:13:37.163768+00:00,48.705,-0.0384,0.8,0.0,0.2078,0.0819,7420.03,1,45.4926,11.93,step
2026-09-01T13:13:37.165004+00:00,49.106,-0.0367,0.8,0.0,0.2046,0.082,9325.04,1,46.0819,11.95,step
2026-09-01T13:13:37.166213+00:00,49.852,-0.032,0.8,0.0,0.2009,0.0855,10738.9,1,45.7229,11.97,step
2026-09-01T13:13:37.167431+00:00,50.668,-0.0263,0.8,0.0,0.1968,0.0902,11987.0,2,45.0703,11.99,step
2026-09-01T13:13:37.168865+00:00,51.536,0.1798,0.0,0.15,0.1925,0.0951,8922.67,2,44.367,12.01,step
2026-09-01T13:13:37.170086+00:00,52.026,0.1847,0.0,0.15,0.188,0.0984,8902.23,2,44.0926,12.03,step
2026-09-01T13:13:37.171326+00:00,51.519,0.1873,0.0,0.15,0.1837,0.0989,5864.78,2,44.5788,12.05,step
2026-09-01T13:13:37.172575+00:00,51.004,-0.0117,0.8,0.0,0.1796,0.0977,5801.37,2,45.5666,12.07,step
2026-09-01T13:13:37.173806+00:00,51.29,-0.01,0.8,0.0,0.1755,0.0972,6407.65,2,46.3866,12.09,step
2026-09-01T13:13:37.175070+00:00,51.918,-0.0058,0.8,0.0,0.171,0.0996,6522.64,2,46.3995,12.11,step
2026-09-01T13:13:37.176322+00:00,52.595,-0.0007,0.8,0.0,0.1662,0.1029,6571.13,2,46.1223,12.13,step
2026-09-01T13:13:37.177752+00:00,53.292,0.0046,0.8,0.0,0.1611,0.1065,6589.82,2,45.7916,12.15,step
2026-09-01T13:13:37.179015+00:00,53.985,0.0101,0.8,0.0,0.1558,0.11,6621.45,2,45.4903,12.17,step
2026-09-01T13:13:37.180249+00:00,54.665,0.0155,0.8,0.0,0.1503,0.1133,6684.22,2,45.2388,12.19,step
2026-09-01T13:13:37.181469+00:00,55.34,0.021,0.8,0.0,0.1445,0.1165,6770.97,2,45.0426,12.21,step
2026-09-01T13:13:37.182747+00:00,56.017,0.2264,0.0,0.15,0.1385,0.1195,6873.49,2,44.903,12.23,step
2026-09-01T13:13:37.183978+00:00,55.878,0.0306,0.8,0.0,0.1324,0.121,6365.66,2,45.2105,12.25,step
2026-09-01T13:13:37.185294+00:00,56.13,0.0336,0.8,0.0,0.1265,0.1211,7054.88,2,45.9795,12.27,step
2026-09-01T13:13:37.186597+00:00,56.685,0.0378,0.8,0.0,0.1204,0.1225,7473.16,2,46.3627,12.29,step
2026-09-01T13:13:37.187795+00:00,57.359,0.0425,0.8,0.0,0.114,0.1243,7748.32,2,46.6357,12.31,step
2026-09-01T13:13:37.189038+00:00,58.11,0.0472,0.8,0.0,0.1074,0.1261,7937.64,2,46.9359,12.33,step
2026-09-01T13:13:37.190272+00:00,58.915,0.052,0.8,0.0,0.1005,0.1278,8061.37,2,47.2966,12.35,step
2026-09-01T13:13:37.191546+00:00,59.764,0.0567,0.8,0.0,0.0935,0.1294,8126.02,2,47.7361,12.37,step
2026-09-01T13:13:37.192806+00:00,60.638,0.0615,0.8,0.0,0.0863,0.1307,8152.8,2,48.2698,12.39,step
2026-09-01T13:13:37.194165+00:00,61.518,0.0661,0.8,0.0,0.0788,0.1319,8170.2,2,48.9103,12.41,step
2026-09-01T13:13:37.195278+00:00,62.389,0.0682,0.8,0.0,0.0713,0.1297,8205.78,2,49.6781,12.43,step
2026-09-01T13:13:37.196391+00:00,63.244,0.0693,0.8,0.0,0.0638,0.1265,8279.17,2,50.5844,12.45,step
2026-09-01T13:13:37.197519+00:00,64.082,0.0703,0.8,0.0,0.0564,0.1231,8402.9,2,51.6306,12.47,step
2026-09-01T13:13:37.198619+00:00,64.903,0.071,0.8,0.0,0.0491,0.1194,8587.19,2,52.8322,12.49,step
2026-09-01T13:13:37.199729+00:00,65.649,0.0714,0.8,0.0,0.0419,0.1154,8958.43,2,54.2835,12.51,step
2026-09-01T13:13:37.200854+00:00,66.422,0.0715,0.8,0.0,0.0347,0.1111,9360.68,2,55.9918,12.53,step
2026-09-01T13:13:37.201987+00:00,67.239,0.0713,0.8,0.0,0.0277,0.1065,9735.42,2,58.0317,12.55,step
2026-09-01T13:13:37.203117+00:00,68.085,0.0708,0.8,0.0,0.0208,0.1014,10055.1,2,60.479,12.57,step
2026-09-01T13:13:37.204211+00:00,68.955,0.0699,0.8,0.0,0.0139,0.0961,10323.8,2,63.4256,12.59,step
2026-09-01T13:13:37.205314+00:00,69.847,0.0686,0.8,0.0,0.0072,0.0903,10550.0,2,66.9952,12.61,step
2026-09-01T13:13:37.206436+00:00,70.751,0.0671,0.8,0.0,0.0007,0.0842,10746.8,2,71.3544,12.63,step
2026-09-01T13:13:37.207556+00:00,71.661,0.0651,0.8,0.0,-0.0058,0.0778,10928.0,2,76.7391,12.65,step
2026-09-01T13:13:37.208709+00:00,72.57,0.0628,0.8,0.0,-0.012,0.071,11105.1,2,83.5053,12.67,step
2026-09-01T13:13:37.209854+00:00,73.472,0.0602,0.8,0.0,-0.018,0.0639,11285.8,2,92.2295,12.69,step
2026-09-01T13:13:37.211160+00:00,74.365,0.0571,0.8,0.0,-0.0238,0.0564,11475.4,2,103.853,12.71,step
2026-09-01T13:13:37.212350+00:00,75.25,0.0535,0.8,0.0,-0.0294,0.0485,11671.5,2,120.037,12.73,step
2026-09-01T13:13:37.213538+00:00,76.129,0.0495,0.8,0.0,-0.0347,0.0402,11868.1,2,144.061,12.75,step
2026-09-01T13:13:37.214749+00:00,77.006,0.045,0.8,0.0,-0.0397,0.0315,12060.8,2,180.319,12.77,step
2026-09-01T13:13:37.216021+00:00,77.879,0.04,0.8,0.0,-0.0444,0.0223,12248.8,2,188.048,12.79,step
2026-09-01T13:13:37.217285+00:00,78.75,0.0345,0.8,0.0,-0.0487,0.0127,12430.9,2,192.355,12.81,step
2026-09-01T13:13:37.218515+00:00,79.619,0.0285,0.8,0.0,-0.0527,0.0027,12606.3,2,195.687,12.83,step
2026-09-01T13:13:37.219932+00:00,80.484,0.022,0.8,0.0,-0.0562,-0.0077,12777.9,3,198.467,12.85,step
2026-09-01T13:13:37.221155+00:00,81.328,0.015,0.8,0.0,-0.0594,-0.0183,10103.0,3,200.0,12.87,step
2026-09-01T13:13:37.222357+00:00,81.976,0.0087,0.8,0.0,-0.0619,-0.0278,10105.2,3,200.0,12.89,step
2026-09-01T13:13:37.223538+00:00,82.091,0.0047,0.8,0.0,-0.0635,-0.0338,7529.8,3,200.0,12.91,step
2026-09-01T13:13:37.224714+00:00,82.444,0.0022,0.8,0.0,-0.064,-0.0373,8025.48,3,171.388,12.93,step
2026-09-01T13:13:37.225876+00:00,83.036,0.0,0.8,0.0,-0.0638,-0.0399,8132.13,3,160.159,12.95,step
2026-09-01T13:13:37.227212+00:00,83.677,-0.0021,0.8,0.0,-0.063,-0.042,8178.3,3,152.068,12.97,step
2026-09-01T13:13:37.228453+00:00,84.335,-0.004,0.8,0.0,-0.0615,-0.0435,8208.21,3,146.525,12.99,step
2026-09-01T13:13:37.229668+00:00,84.997,-0.0058,0.8,0.0,-0.0596,-0.0444,8237.71,3,143.09,13.01,step
2026-09-01T13:13:37.230862+00:00,85.657,-0.0073,0.8,0.0,-0.0573,-0.0449,8275.1,3,141.311,13.03,step
2026-09-01T13:13:37.232051+00:00,86.312,-0.0087,0.8,0.0,-0.0547,-0.045,8323.6,3,140.693,13.05,step
2026-09-01T13:13:37.233251+00:00,86.966,-0.01,0.8,0.0,-0.0518,-0.0448,8381.87,3,140.868,13.07,step
2026-09-01T13:13:37.234440+00:00,87.619,-0.0112,0.8,0.0,-0.0487,-0.0445,8447.15,3,141.58,13.09,step
2026-09-01T13:13:37.235762+00:00,88.275,-0.0124,0.8,0.0,-0.0456,-0.044,8516.58,3,142.653,13.11,step
2026-09-01T13:13:37.236940+00:00,88.935,-0.0136,0.8,0.0,-0.0423,-0.0434,8587.72,3,144.018,13.13,step
2026-09-01T13:13:37.238145+00:00,89.601,-0.0147,0.8,0.0,-0.039,-0.0428,8658.89,3,145.727,13.15,step
2026-09-01T13:13:37.239322+00:00,90.272,-0.0158,0.8,0.0,-0.0356,-0.042,8730.0,3,147.816,13.17,step
2026-09-01T13:13:37.240489+00:00,90.949,-0.0169,0.8,0.0,-0.0322,-0.0412,8801.46,3,150.287,13.19,step
2026-09-01T13:13:37.241688+00:00,91.632,-0.0178,0.8,0.0,-0.0289,-0.0403,8872.78,3,153.163,13.21,step
2026-09-01T13:13:37.242861+00:00,92.321,-0.0187,0.8,0.0,-0.0255,-0.0393,8943.55,3,156.482,13.23,step
2026-09-01T13:13:37.244115+00:00,93.015,-0.0195,0.8,0.0,-0.0222,-0.0383,9014.44,3,160.295,13.25,step
2026-09-01T13:13:37.245263+00:00,93.714,-0.0202,0.8,0.0,-0.019,-0.0371,9086.09,3,164.665,13.27,step
2026-09-01T13:13:37.246446+00:00,94.418,-0.0209,0.8,0.0,-0.0158,-0.0359,9158.92,3,194.476,13.29,step
2026-09-01T13:13:37.247638+00:00,95.126,-0.0215,0.15,0.0,-0.0126,-0.0347,9233.15,3,193.708,13.31,step
2026-09-01T13:13:37.248836+00:00,95.46,-0.022,0.15,0.0,-0.0096,-0.0335,8752.81,3,192.938,13.33,step
2026-09-01T13:13:37.250058+00:00,95.473,-0.0226,0.15,0.0,-0.0066,-0.0323,8754.23,3,192.177,13.35,step
2026-09-01T13:13:37.251283+00:00,95.488,-0.023,0.15,0.0,-0.0038,-0.0311,8756.89,3,191.403,13.37,step
2026-09-01T13:13:37.252639+00:00,95.504,-0.0233,0.15,0.0,-0.0011,-0.0298,8758.85,3,190.614,13.39,step
2026-09-01T13:13:37.253849+00:00,95.519,-0.0236,0.15,0.0,0.0015,-0.0285,8760.32,3,189.813,13.41,step
2026-09-01T13:13:37.255079+00:00,95.535,-0.0237,0.15,0.0,0.004,-0.0271,8761.53,3,189.0,13.43,step
2026-09-01T13:13:37.256287+00:00,95.551,-0.0238,0.15,0.0,0.0064,-0.0257,8762.69,3,188.176,13.45,step
2026-09-01T13:13:37.257529+00:00,95.567,-0.0238,0.15,0.0,0.0086,-0.0243,8764.21,3,187.348,13.47,step
2026-09-01T13:13:37.258710+00:00,95.582,-0.0237,0.15,0.0,0.0107,-0.0229,8765.64,3,186.515,13.49,step
2026-09-01T13:13:37.259929+00:00,95.598,-0.0236,0.15,0.0,0.0127,-0.0215,8766.83,3,185.679,13.51,step
2026-09-01T13:13:37.261334+00:00,95.614,-0.0234,0.15,0.0,0.0146,-0.0201,8768.1,3,184.84,13.53,step
2026-09-01T13:13:37.262580+00:00,95.629,-0.0232,0.15,0.0,0.0164,-0.0188,8769.41,3,184.005,13.55,step
2026-09-01T13:13:37.263771+00:00,95.645,-0.0229,0.15,0.0,0.018,-0.0174,8770.77,3,183.172,13.57,step
2026-09-01T13:13:37.264967+00:00,95.661,-0.0226,0.15,0.0,0.0195,-0.0161,8772.18,3,182.338,13.59,step
2026-09-01T13:13:37.266184+00:00,95.676,-0.0223,0.15,0.0,0.0209,-0.0148,8773.62,3,181.502,13.61,step
2026-09-01T13:13:37.267450+00:00,95.692,-0.0219,0.15,0.0,0.0222,-0.0135,8775.09,3,180.667,13.63,step
2026-09-01T13:13:37.268732+00:00,95.708,-0.0214,0.15,0.0,0.0233,-0.0122,8776.57,3,179.834,13.65,step
2026-09-01T13:13:37.270065+00:00,95.723,-0.021,0.15,0.0,0.0244,-0.011,8778.06,3,179.005,13.67,step
2026-09-01T13:13:37.271292+00:00,95.739,-0.0205,0.15,0.0,0.0254,-0.0098,8779.51,3,178.18,13.69,step
2026-09-01T13:13:37.272569+00:00,95.755,-0.02,0.15,0.0,0.0262,-0.0086,8780.95,3,177.359,13.71,step
2026-09-01T13:13:37.273770+00:00,95.771,-0.0194,0.15,0.0,0.0269,-0.0074,8782.37,3,176.541,13.73,step
2026-09-01T13:13:37.274996+00:00,95.787,-0.0188,0.15,0.0,0.0276,-0.0063,8783.99,3,175.727,13.75,step
2026-09-01T13:13:37.276262+00:00,95.802,-0.0182,0.15,0.0,0.0281,-0.0052,8786.1,3,174.915,13.77,step
2026-09-01T13:13:37.277595+00:00,95.819,-0.0176,0.15,0.0,0.0285,-0.0041,8787.16,3,174.108,13.79,step
2026-09-01T13:13:37.278862+00:00,95.835,-0.0169,0.15,0.0,0.0289,-0.0031,8788.39,3,173.305,13.81,step
2026-09-01T13:13:37.280100+00:00,95.851,-0.0163,0.15,0.0,0.0292,-0.0021,8789.63,3,172.51,13.83,step
2026-09-01T13:13:37.281326+00:00,95.867,-0.0156,0.15,0.0,0.0293,-0.0011,8790.92,3,171.725,13.85,step
2026-09-01T13:13:37.282532+00:00,95.882,-0.0149,0.15,0.0,0.0294,-0.0002,8792.27,3,170.948,13.87,step
2026-09-01T13:13:37.283751+00:00,95.898,-0.0142,0.15,0.0,0.0294,0.0006,8793.68,3,170.178,13.89,step
2026-09-01T13:13:37.284964+00:00,95.914,-0.0135,0.15,0.0,0.0293,0.0015,8795.14,3,169.421,13.91,step
2026-09-01T13:13:37.286373+00:00,95.93,-0.0128,0.15,0.0,0.0292,0.0022,8796.66,3,168.677,13.93,step
2026-09-01T13:13:37.287602+00:00,95.946,-0.0121,0.15,0.0,0.029,0.003,8798.24,3,167.944,13.95,step
2026-09-01T13:13:37.288815+00:00,95.962,-0.0114,0.15,0.0,0.0287,0.0037,8799.78,3,167.217,13.97,step
2026-09-01T13:13:37.290039+00:00,95.978,-0.0107,0.15,0.0,0.0284,0.0043,8801.29,3,166.5,13.99,step
2026-09-01T13:13:37.291295+00:00,95.995,-0.01,0.15,0.0,0.028,0.005,8802.75,3,165.79,14.01,step
2026-09-01T13:13:37.292507+00:00,96.011,-0.0093,0.15,0.0,0.0275,0.0056,8804.2,3,165.087,14.03,step
2026-09-01T13:13:37.293761+00:00,96.026,-0.0086,0.15,0.0,0.027,0.0061,8807.02,3,164.394,14.05,step
2026-09-01T13:13:37.294965+00:00,96.043,-0.0079,0.15,0.0,0.0265,0.0066,8807.9,3,163.71,14.07,step
2026-09-01T13:13:37.296171+00:00,96.06,-0.0072,0.15,0.0,0.0259,0.0071,8809.05,3,163.034,14.09,step
2026-09-01T13:13:37.297360+00:00,96.076,-0.0066,0.15,0.0,0.0252,0.0076,8810.22,3,162.372,14.11,step
2026-09-01T13:13:37.298550+00:00,96.093,-0.0059,0.15,0.0,0.0246,0.008,8811.47,3,161.719,14.13,step
2026-09-01T13:13:37.299761+00:00,96.109,-0.0052,0.15,0.0,0.0238,0.0084,8812.79,3,161.075,14.15,step
2026-09-01T13:13:37.300957+00:00,96.125,-0.0046,0.15,0.0,0.0231,0.0087,8814.21,3,160.446,14.17,step
2026-09-01T13:13:37.302212+00:00,96.141,-0.004,0.15,0.0,0.0223,0.009,8815.7,3,159.825,14.19,step
2026-09-01T13:13:37.303415+00:00,96.157,-0.0034,0.15,0.0,0.0215,0.0093,8817.29,3,159.214,14.21,step
2026-09-01T13:13:37.304673+00:00,96.174,-0.0028,0.15,0.0,0.0207,0.0095,8818.95,3,158.618,14.23,step
2026-09-01T13:13:37.305912+00:00,96.19,-0.0022,0.15,0.0,0.0199,0.0096,8820.57,3,158.033,14.25,step
2026-09-01T13:13:37.307171+00:00,96.207,-0.0017,0.15,0.0,0.019,0.0098,8822.14,3,157.457,14.27,step
2026-09-01T13:13:37.308394+00:00,96.223,-0.0011,0.15,0.0,0.0181,0.0099,8823.65,3,156.886,14.29,step
2026-09-01T13:13:37.309604+00:00,96.24,-0.0006,0.15,0.0,0.0173,0.01,8825.1,3,156.325,14.31,step
2026-09-01T13:13:37.310926+00:00,96.256,-0.0001,0.15,0.0,0.0164,0.0101,8828.45,3,155.769,14.33,step
2026-09-01T13:13:37.312116+00:00,96.273,0.0004,0.15,0.0,0.0155,0.0101,8829.16,3,155.222,14.35,step
2026-09-01T13:13:37.313324+00:00,96.29,0.0008,0.15,0.0,0.0146,0.0101,8830.21,3,154.682,14.37,step
2026-09-01T13:13:37.314517+00:00,96.307,0.0012,0.15,0.0,0.0137,0.0101,8831.33,3,154.151,14.39,step
2026-09-01T13:13:37.315705+00:00,96.324,0.0016,0.15,0.0,0.0128,0.0101,8832.52,3,153.629,14.41,step
2026-09-01T13:13:37.316911+00:00,96.341,0.002,0.15,0.0,0.0119,0.01,8833.84,3,153.116,14.43,step
2026-09-01T13:13:37.318126+00:00,96.357,0.0024,0.15,0.0,0.011,0.0099,8835.27,3,152.61,14.45,step
2026-09-01T13:13:37.319479+00:00,96.374,0.0028,0.15,0.0,0.0101,0.0098,8836.8,3,152.105,14.47,step
2026-09-01T13:13:37.320728+00:00,96.39,0.0031,0.15,0.0,0.0093,0.0097,8838.43,3,151.606,14.49,step
2026-09-01T13:13:37.321959+00:00,96.407,0.0034,0.15,0.0,0.0084,0.0095,8840.18,3,151.113,14.51,step
2026-09-01T13:13:37.323173+00:00,96.424,0.0037,0.15,0.0,0.0075,0.0093,8841.88,3,150.622,14.53,step
2026-09-01T13:13:37.324415+00:00,96.441,0.004,0.15,0.0,0.0067,0.0092,8843.5,3,150.138,14.55,step
2026-09-01T13:13:37.325603+00:00,96.458,0.0042,0.15,0.0,0.0059,0.009,8845.03,3,149.658,14.57,step
2026-09-01T13:13:37.326869+00:00,96.475,0.0044,0.15,0.0,0.0051,0.0087,8846.52,3,149.179,14.59,step
2026-09-01T13:13:37.328113+00:00,96.491,0.0047,0.15,0.0,0.0043,0.0085,8850.38,3,148.702,14.61,step
2026-09-01T13:13:37.329339+00:00,96.509,0.0048,0.15,0.0,0.0036,0.0083,8850.94,3,148.231,14.63,step
2026-09-01T13:13:37.330522+00:00,96.527,0.005,0.15,0.0,0.0028,0.008,8851.9,3,147.765,14.65,step
2026-09-01T13:13:37.331695+00:00,96.544,0.0051,0.15,0.0,0.0021,0.0077,8852.97,3,147.302,14.67,step
2026-09-01T13:13:37.332873+00:00,96.561,0.0053,0.15,0.0,0.0014,0.0075,8854.13,3,146.838,14.69,step
2026-09-01T13:13:37.334056+00:00,96.579,0.0054,0.15,0.0,0.0008,0.0072,8855.44,3,146.374,14.71,step
2026-09-01T13:13:37.335257+00:00,96.595,0.0055,0.15,0.0,0.0001,0.0069,8856.88,3,145.91,14.73,step
2026-09-01T13:13:37.336536+00:00,96.612,0.0055,0.15,0.0,-0.0005,0.0066,8858.45,3,145.445,14.75,step
2026-09-01T13:13:37.337771+00:00,96.629,0.0056,0.15,0.0,-0.0011,0.0063,8860.14,3,144.984,14.77,step
2026-09-01T13:13:37.339020+00:00,96.646,0.0056,0.15,0.0,-0.0016,0.006,8861.88,3,144.529,14.79,step
2026-09-01T13:13:37.340231+00:00,96.663,0.0056,0.15,0.0,-0.0022,0.0057,8863.55,3,144.075,14.81,step
2026-09-01T13:13:37.341432+00:00,96.68,0.0056,0.15,0.0,-0.0027,0.0053,8865.15,3,143.622,14.83,step
2026-09-01T13:13:37.342618+00:00,96.697,0.0056,0.15,0.0,-0.0032,0.005,8866.69,3,143.169,14.85,step
2026-09-01T13:13:37.343922+00:00,96.713,0.0055,0.15,0.0,-0.0036,0.0047,8868.21,3,142.715,14.87,step
2026-09-01T13:13:37.345198+00:00,96.73,0.0055,0.15,0.0,-0.0041,0.0043,8870.39,3,142.261,14.89,step
2026-09-01T13:13:37.346407+00:00,96.747,0.0054,0.15,0.0,-0.0044,0.004,8871.63,3,141.801,14.91,step
2026-09-01T13:13:37.347569+00:00,96.764,0.0053,0.15,0.0,-0.0047,0.0037,8873.0,3,141.336,14.93,step
2026-09-01T13:13:37.348774+00:00,96.781,0.0052,0.15,0.0,-0.005,0.0034,8874.39,3,140.867,14.95,step
2026-09-01T13:13:37.349970+00:00,96.798,0.0051,0.15,0.0,-0.0053,0.0031,8875.8,3,140.396,14.97,step
2026-09-01T13:13:37.351152+00:00,96.815,0.0051,0.15,0.0,-0.0056,0.0028,8877.26,3,139.925,14.99,step
2026-09-01T13:13:37.352503+00:00,96.832,0.0049,0.15,0.0,-0.0058,0.0026,8878.75,3,139.452,15.01,step
2026-09-01T13:13:37.353741+00:00,96.849,0.0048,0.15,0.0,-0.006,0.0023,8880.29,3,138.979,15.03,step
2026-09-01T13:13:37.355000+00:00,96.865,0.0047,0.15,0.0,-0.0062,0.002,8881.83,3,138.506,15.05,step
2026-09-01T13:13:37.356203+00:00,96.882,0.0045,0.15,0.0,-0.0063,0.0017,8883.37,3,138.032,15.07,step
2026-09-01T13:13:37.357443+00:00,96.898,0.0044,0.15,0.0,-0.0065,0.0014,8884.89,3,137.557,15.09,step
2026-09-01T13:13:37.358686+00:00,96.914,0.0042,0.15,0.0,-0.0066,0.0012,8886.4,3,137.078,15.11,step
2026-09-01T13:13:37.359931+00:00,96.931,0.0041,0.15,0.0,-0.0067,0.0009,8887.92,3,136.592,15.13,step
2026-09-01T13:13:37.361215+00:00,96.947,0.0039,0.15,0.0,-0.0067,0.0007,8889.18,3,136.103,15.15,step
2026-09-01T13:13:37.362416+00:00,96.963,0.0038,0.15,0.0,-0.0068,0.0005,8890.48,3,135.613,15.17,step
2026-09-01T13:13:37.363586+00:00,96.98,0.0036,0.15,0.0,-0.0068,0.0003,8892.02,3,135.122,15.19,step
2026-09-01T13:13:37.364746+00:00,96.996,0.0035,0.15,0.0,-0.0068,0.0001,8893.67,3,134.63,15.21,step
2026-09-01T13:13:37.365913+00:00,97.012,0.0033,0.15,0.0,-0.0068,-0.0001,8895.28,3,134.134,15.23,step
2026-09-01T13:13:37.367126+00:00,97.028,0.0031,0.15,0.0,-0.0068,-0.0003,8896.83,3,133.633,15.25,step
2026-09-01T13:13:37.368324+00:00,97.044,0.003,0.15,0.0,-0.0067,-0.0005,8898.33,3,133.13,15.27,step
2026-09-01T13:13:37.369545+00:00,97.06,0.0028,0.15,0.0,-0.0067,-0.0006,8899.79,3,132.627,15.29,step
2026-09-01T13:13:37.370753+00:00,97.076,0.0026,0.15,0.0,-0.0066,-0.0008,8901.24,3,132.124,15.31,step
2026-09-01T13:13:37.371954+00:00,97.092,0.0025,0.15,0.0,-0.0065,-0.001,8902.7,3,131.62,15.33,step
2026-09-01T13:13:37.373174+00:00,97.109,0.0023,0.15,0.0,-0.0064,-0.0011,8904.18,3,131.112,15.35,step
2026-09-01T13:13:37.374407+00:00,97.125,0.0021,0.15,0.0,-0.0063,-0.0013,8905.64,3,130.599,15.37,step
2026-09-01T13:13:37.375600+00:00,97.141,0.002,0.15,0.0,-0.0061,-0.0014,8907.11,3,130.083,15.39,step
2026-09-01T13:13:37.376826+00:00,97.157,0.0018,0.15,0.0,-0.006,-0.0015,8908.56,3,129.567,15.41,step
2026-09-01T13:13:37.378126+00:00,97.173,0.0017,0.15,0.0,-0.0059,-0.0016,8910.53,3,129.05,15.43,step
2026-09-01T13:13:37.379367+00:00,97.189,0.0015,0.15,0.0,-0.0058,-0.0017,8911.84,3,128.533,15.45,step
2026-09-01T13:13:37.380569+00:00,97.205,0.0014,0.15,0.0,-0.0056,-0.0018,8913.14,3,128.015,15.47,step
2026-09-01T13:13:37.381757+00:00,97.221,0.0012,0.15,0.0,-0.0055,-0.0019,8914.5,3,127.492,15.49,step
2026-09-01T13:13:37.382959+00:00,97.237,0.0011,0.15,0.0,-0.0053,-0.002,8915.85,3,126.966,15.51,step
2026-09-01T13:13:37.384156+00:00,97.253,0.0009,0.15,0.0,-0.0052,-0.002,8917.24,3,126.438,15.53,step
2026-09-01T13:13:37.385387+00:00,97.269,0.0008,0.15,0.0,-0.005,-0.0021,8918.66,3,125.91,15.55,step
2026-09-01T13:13:37.386633+00:00,97.285,0.0007,0.15,0.0,-0.0048,-0.0022,8920.1,3,125.382,15.57,step
2026-09-01T13:13:37.387839+00:00,97.301,0.0005,0.15,0.0,-0.0046,-0.0022,8921.57,3,124.854,15.59,step
2026-09-01T13:13:37.389086+00:00,97.317,0.0004,0.15,0.0,-0.0044,-0.0023,8923.13,3,124.326,15.61,step
2026-09-01T13:13:37.390275+00:00,97.333,0.0002,0.15,0.0,-0.0041,-0.0023,8924.68,3,123.793,15.63,step
2026-09-01T13:13:37.391454+00:00,97.349,0.0001,0.15,0.0,-0.0039,-0.0023,8926.2,3,123.256,15.65,step
2026-09-01T13:13:37.392598+00:00,97.365,-0.0,0.15,0.0,-0.0037,-0.0024,8927.68,3,122.717,15.67,step
2026-09-01T13:13:37.393907+00:00,97.382,-0.0001,0.15,0.0,-0.0035,-0.0024,8929.12,3,122.176,15.69,step
2026-09-01T13:13:37.395083+00:00,97.397,-0.0002,0.15,0.0,-0.0033,-0.0024,8932.13,3,121.634,15.71,step
2026-09-01T13:13:37.396308+00:00,97.414,-0.0003,0.15,0.0,-0.0031,-0.0024,8932.96,3,121.093,15.73,step
2026-09-01T13:13:37.397483+00:00,97.431,-0.0004,0.15,0.0,-0.0029,-0.0024,8934.04,3,120.552,15.75,step
2026-09-01T13:13:37.398649+00:00,97.447,-0.0005,0.15,0.0,-0.0027,-0.0024,8935.19,3,120.011,15.77,step
2026-09-01T13:13:37.399832+00:00,97.463,-0.0006,0.0,0.15,-0.0025,-0.0023,8936.4,3,119.465,15.79,step
2026-09-01T13:13:37.401006+00:00,97.093,-0.0007,0.0,0.15,-0.0023,-0.0023,8754.17,3,118.912,15.81,step
2026-09-01T13:13:37.402282+00:00,96.521,-0.0007,0.0,0.15,-0.0021,-0.0022,8699.05,3,118.353,15.83,step
2026-09-01T13:13:37.403465+00:00,95.949,-0.0007,0.0,0.15,-0.0019,-0.002,8645.18,3,117.793,15.85,step
2026-09-01T13:13:37.404682+00:00,95.385,-0.0006,0.0,0.15,-0.0017,-0.0019,8593.38,3,117.235,15.87,step
2026-09-01T13:13:37.405894+00:00,94.819,-0.0006,0.0,0.15,-0.0015,-0.0017,8542.63,3,116.679,15.89,step
2026-09-01T13:13:37.407079+00:00,94.255,-0.0006,0.0,0.15,-0.0014,-0.0016,8492.48,3,116.127,15.91,step
2026-09-01T13:13:37.408260+00:00,93.693,-0.0005,0.0,0.15,-0.0012,-0.0014,8442.85,3,115.578,15.93,step
2026-09-01T13:13:37.409440+00:00,93.133,-0.0005,0.0,0.15,-0.0011,-0.0013,8393.46,3,115.032,15.95,step
2026-09-01T13:13:37.410678+00:00,92.576,-0.0005,0.0,0.15,-0.0009,-0.0012,8344.16,3,114.495,15.97,step
2026-09-01T13:13:37.411849+00:00,92.027,-0.0004,0.0,0.15,-0.0008,-0.0011,8288.73,3,113.965,15.99,step
2026-09-01T13:13:37.413076+00:00,91.418,-0.0004,0.15,0.0,-0.0007,-0.001,8237.53,3,113.387,16.012,step
2026-09-01T13:13:37.414347+00:00,91.255,-0.0004,0.15,0.0,-0.0006,-0.0009,8373.14,3,112.818,16.034,step
2026-09-01T13:13:37.415605+00:00,91.288,-0.0005,0.15,0.0,-0.0005,-0.0009,8373.92,3,112.257,16.056,step
2026-09-01T13:13:37.416828+00:00,91.32,-0.0005,0.15,0.0,-0.0004,-0.0009,8375.19,3,111.698,16.078,step
2026-09-01T13:13:37.418084+00:00,91.352,-0.0005,0.15,0.0,-0.0003,-0.0008,8377.3,3,111.135,16.1,step
2026-09-01T13:13:37.419488+00:00,91.383,-0.0005,0.15,0.0,-0.0002,-0.0008,8380.11,3,110.568,16.122,step
2026-09-01T13:13:37.420726+00:00,91.413,-0.0005,0.15,0.0,-0.0001,-0.0007,8383.43,3,110.0,16.144,step
2026-09-01T13:13:37.422007+00:00,91.445,-0.0005,0.15,0.0,-0.0001,-0.0007,8387.18,3,109.431,16.166,step
2026-09-01T13:13:37.423239+00:00,91.477,-0.0005,0.15,0.0,0.0,-0.0006,8390.67,3,108.861,16.188,step
2026-09-01T13:13:37.424481+00:00,91.509,-0.0005,0.15,0.0,0.0001,-0.0006,8393.76,3,108.295,16.21,step
2026-09-01T13:13:37.425748+00:00,91.541,-0.0005,0.15,0.0,0.0001,-0.0006,8396.58,3,107.733,16.232,step
2026-09-01T13:13:37.427088+00:00,91.573,-0.0005,0.15,0.0,0.0002,-0.0005,8399.3,3,107.169,16.254,step
2026-09-01T13:13:37.428369+00:00,91.603,-0.0005,0.15,0.0,0.0002,-0.0005,8405.95,3,106.6,16.276,step
2026-09-01T13:13:37.429624+00:00,91.637,-0.0005,0.15,0.0,0.0002,-0.0004,8407.13,3,106.033,16.298,step
2026-09-01T13:13:37.430843+00:00,91.67,-0.0005,0.15,0.0,0.0003,-0.0004,8409.02,3,105.471,16.32,step
2026-09-01T13:13:37.432058+00:00,91.703,-0.0005,0.15,0.0,0.0004,-0.0004,8411.13,3,104.91,16.342,step
2026-09-01T13:13:37.433329+00:00,91.735,-0.0005,0.15,0.0,0.0004,-0.0004,8413.47,3,104.345,16.364,step
2026-09-01T13:13:37.434555+00:00,91.767,-0.0005,0.15,0.0,0.0004,-0.0003,8416.09,3,103.775,16.386,step
2026-09-01T13:13:37.435927+00:00,91.799,-0.0005,0.15,0.0,0.0004,-0.0003,8418.95,3,103.208,16.408,step
2026-09-01T13:13:37.437179+00:00,91.831,-0.0005,0.15,0.0,0.0005,-0.0003,8422.0,3,102.646,16.43,step
2026-09-01T13:13:37.438422+00:00,91.863,-0.0005,0.15,0.0,0.0005,-0.0003,8425.36,3,102.084,16.452,step
2026-09-01T13:13:37.439719+00:00,91.896,-0.0005,0.15,0.0,0.0005,-0.0003,8428.72,3,101.522,16.474,step
2026-09-01T13:13:37.440978+00:00,91.929,-0.0005,0.15,0.0,0.0006,-0.0003,8431.92,3,100.96,16.496,step
2026-09-01T13:13:37.442245+00:00,91.962,-0.0005,0.15,0.0,0.0006,-0.0003,8434.93,3,100.394,16.518,step
2026-09-01T13:13:37.443626+00:00,91.996,-0.0005,0.15,0.0,0.0006,-0.0002,8437.84,3,99.824,16.54,step
2026-09-01T13:13:37.444869+00:00,92.026,-0.0005,0.0,0.15,0.0006,-0.0002,8445.92,3,99.2557,16.562,step
2026-09-01T13:13:37.446133+00:00,91.625,-0.0005,0.15,0.0,0.0006,-0.0002,8256.77,3,98.6956,16.584,step
2026-09-01T13:13:37.447407+00:00,91.46,-0.0005,0.15,0.0,0.0006,-0.0002,8391.82,3,98.1405,16.606,step
2026-09-01T13:13:37.448610+00:00,91.495,-0.0005,0.15,0.0,0.0006,-0.0002,8393.39,3,97.5824,16.628,step
2026-09-01T13:13:37.449848+00:00,91.53,-0.0005,0.15,0.0,0.0007,-0.0002,8395.18,3,97.0198,16.65,step
2026-09-01T13:13:37.451065+00:00,91.565,-0.0005,0.15,0.0,0.0007,-0.0002,8397.41,3,96.4566,16.672,step
2026-09-01T13:13:37.452335+00:00,91.599,-0.0005,0.15,0.0,0.0007,-0.0002,8400.16,3,95.8951,16.694,step
2026-09-01T13:13:37.453595+00:00,91.633,-0.0005,0.15,0.0,0.0007,-0.0002,8403.33,3,95.3346,16.716,step
2026-09-01T13:13:37.454819+00:00,91.667,-0.0005,0.15,0.0,0.0007,-0.0002,8406.95,3,94.7745,16.738,step
2026-09-01T13:13:37.456087+00:00,91.703,-0.0005,0.15,0.0,0.0008,-0.0002,8410.91,3,94.2144,16.76,step
2026-09-01T13:13:37.457361+00:00,91.738,-0.0005,0.15,0.0,0.0008,-0.0001,8414.61,3,93.6501,16.782,step
2026-09-01T13:13:37.458606+00:00,91.774,-0.0005,0.15,0.0,0.0008,-0.0001,8417.98,3,93.0855,16.804,step
2026-09-01T13:13:37.459826+00:00,91.811,-0.0005,0.15,0.0,0.0008,-0.0001,8421.11,3,92.5235,16.826,step
2026-09-01T13:13:37.461148+00:00,91.844,-0.0005,0.15,0.0,0.0008,-0.0001,8429.87,3,91.9618,16.848,step
2026-09-01T13:13:37.462388+00:00,91.882,-0.0005,0.15,0.0,0.0008,-0.0001,8432.05,3,91.3999,16.87,step
2026-09-01T13:13:37.463622+00:00,91.92,-0.0005,0.15,0.0,0.0008,-0.0001,8433.01,3,90.8382,16.892,step
2026-09-01T13:13:37.464860+00:00,91.957,-0.0005,0.15,0.0,0.0008,-0.0001,8434.95,3,90.2767,16.914,step
2026-09-01T13:13:37.466079+00:00,91.994,-0.0005,0.15,0.0,0.0008,-0.0001,8437.15,3,89.7144,16.936,step
2026-09-01T13:13:37.467344+00:00,92.03,-0.0005,0.0,0.15,0.0008,-0.0001,8439.77,3,89.1519,16.958,step
2026-09-01T13:13:37.468676+00:00,91.62,-0.0005,0.15,0.0,0.0008,-0.0001,8266.56,3,88.5871,16.98,step
2026-09-01T13:13:37.469901+00:00,91.464,-0.0005,0.15,0.0,0.0008,-0.0,8389.96,3,88.0236,17.002,step
2026-09-01T13:13:37.471173+00:00,91.501,-0.0004,0.15,0.0,0.0008,-0.0,8392.76,3,87.4634,17.024,step
2026-09-01T13:13:37.472410+00:00,91.539,-0.0005,0.15,0.0,0.0009,-0.0,8396.07,3,86.904,17.046,step
2026-09-01T13:13:37.473633+00:00,91.577,-0.0005,0.15,0.0,0.0009,-0.0,8399.52,3,86.3442,17.068,step
2026-09-01T13:13:37.474865+00:00,91.615,-0.0005,0.15,0.0,0.0009,-0.0,8402.97,3,85.7843,17.09,step
2026-09-01T13:13:37.476085+00:00,91.654,-0.0005,0.15,0.0,0.0009,-0.0,8406.43,3,85.2245,17.112,step
2026-09-01T13:13:37.477372+00:00,91.691,-0.0005,0.15,0.0,0.0009,-0.0,8412.09,3,84.6646,17.134,step
2026-09-01T13:13:37.478656+00:00,91.729,-0.0005,0.15,0.0,0.0009,-0.0,8416.84,3,84.1038,17.156,step
2026-09-01T13:13:37.479874+00:00,91.769,-0.0005,0.15,0.0,0.0009,-0.0,8418.63,3,83.543,17.178,step
2026-09-01T13:13:37.481072+00:00,91.808,-0.0005,0.15,0.0,0.0009,-0.0,8421.19,3,82.9824,17.2,step
2026-09-01T13:13:37.482253+00:00,91.847,-0.0005,0.15,0.0,0.0009,-0.0,8423.88,3,82.4212,17.222,step
2026-09-01T13:13:37.483485+00:00,91.885,-0.0005,0.15,0.0,0.0009,-0.0,8426.81,3,81.8595,17.244,step
2026-09-01T13:13:37.484695+00:00,91.923,-0.0005,0.15,0.0,0.0009,-0.0,8430.04,3,81.298,17.266,step
2026-09-01T13:13:37.485977+00:00,91.961,-0.0005,0.15,0.0,0.0009,-0.0,8433.52,3,80.7365,17.288,step
2026-09-01T13:13:37.487229+00:00,91.998,-0.0005,0.15,0.0,0.0009,-0.0,8437.25,3,80.174,17.31,step
2026-09-01T13:13:37.488448+00:00,92.036,-0.0005,0.0,0.15,0.0009,-0.0,8441.07,3,79.6115,17.332,step
2026-09-01T13:13:37.489726+00:00,91.635,-0.0005,0.15,0.0,0.0009,-0.0001,8264.32,3,79.0524,17.354,step
2026-09-01T13:13:37.490946+00:00,91.475,-0.0005,0.15,0.0,0.0009,-0.0001,8392.01,3,78.4968,17.376,step
2026-09-01T13:13:37.492180+00:00,91.515,-0.0005,0.15,0.0,0.0009,-0.0001,8394.47,3,77.9354,17.398,step
2026-09-01T13:13:37.493420+00:00,91.554,-0.0005,0.15,0.0,0.0009,-0.0,8398.62,3,77.37,17.42,step
2026-09-01T13:13:37.494718+00:00,91.593,-0.0004,0.15,0.0,0.0009,0.0,8401.91,3,76.8057,17.442,step
2026-09-01T13:13:37.495942+00:00,91.633,-0.0004,0.15,0.0,0.0009,0.0,8404.92,3,76.2442,17.464,step
2026-09-01T13:13:37.497129+00:00,91.672,-0.0004,0.15,0.0,0.0009,0.0,8408.02,3,75.6838,17.486,step
2026-09-01T13:13:37.498348+00:00,91.712,-0.0004,0.15,0.0,0.0009,0.0,8411.29,3,75.1231,17.508,step
2026-09-01T13:13:37.499557+00:00,91.751,-0.0004,0.15,0.0,0.0009,0.0,8414.72,3,74.5623,17.53,step
2026-09-01T13:13:37.500746+00:00,91.79,-0.0004,0.15,0.0,0.0009,0.0,8418.28,3,74.0016,17.552,step
2026-09-01T13:13:37.501966+00:00,91.829,-0.0004,0.15,0.0,0.0009,0.0,8421.95,3,73.4407,17.574,step
2026-09-01T13:13:37.503292+00:00,91.867,-0.0004,0.15,0.0,0.0009,0.0,8425.67,3,72.8791,17.596,step
2026-09-01T13:13:37.504526+00:00,91.906,-0.0004,0.15,0.0,0.0009,0.0,8429.36,3,72.3176,17.618,step
2026-09-01T13:13:37.505763+00:00,91.945,-0.0004,0.15,0.0,0.0009,0.0,8432.98,3,71.7561,17.64,step
2026-09-01T13:13:37.506956+00:00,91.984,-0.0004,0.15,0.0,0.0009,0.0,8436.57,3,71.1939,17.662,step
2026-09-01T13:13:37.508184+00:00,92.024,-0.0004,0.0,0.15,0.0009,0.0,8440.07,3,70.6315,17.684,step
2026-09-01T13:13:37.509450+00:00,91.622,-0.0004,0.15,0.0,0.0008,0.0,8260.46,3,70.0727,17.706,step
2026-09-01T13:13:37.510683+00:00,91.464,-0.0004,0.15,0.0,0.0008,-0.0,8391.86,3,69.5171,17.728,step
2026-09-01T13:13:37.511894+00:00,91.505,-0.0004,0.15,0.0,0.0008,-0.0,8394.03,3,68.959,17.75,step
2026-09-01T13:13:37.513107+00:00,91.546,-0.0004,0.15,0.0,0.0009,-0.0,8396.86,3,68.4005,17.772,step
2026-09-01T13:13:37.514314+00:00,91.586,-0.0004,0.15,0.0,0.0008,-0.0,8399.86,3,67.8406,17.794,step
2026-09-01T13:13:37.515507+00:00,91.626,-0.0004,0.15,0.0,0.0008,-0.0,8403.1,3,67.2807,17.816,step
2026-09-01T13:13:37.516735+00:00,91.666,-0.0004,0.15,0.0,0.0008,-0.0,8406.62,3,66.7208,17.838,step
2026-09-01T13:13:37.517944+00:00,91.705,-0.0004,0.15,0.0,0.0009,-0.0,8410.38,3,66.1605,17.86,step
2026-09-01T13:13:37.519323+00:00,91.745,-0.0004,0.15,0.0,0.0008,-0.0,8414.32,3,65.5997,17.882,step
2026-09-01T13:13:37.520593+00:00,91.785,-0.0004,0.15,0.0,0.0008,-0.0,8418.24,3,65.039,17.904,step
2026-09-01T13:13:37.521794+00:00,91.825,-0.0005,0.15,0.0,0.0009,-0.0,8422.02,3,64.4783,17.926,step
2026-09-01T13:13:37.523012+00:00,91.865,-0.0004,0.15,0.0,0.0009,-0.0,8425.69,3,63.9167,17.948,step
2026-09-01T13:13:37.524189+00:00,91.905,-0.0004,0.15,0.0,0.0009,-0.0,8429.26,3,63.3551,17.97,step
2026-09-01T13:13:37.525404+00:00,91.944,-0.0005,0.15,0.0,0.0009,-0.0,8434.13,3,62.7936,17.992,step
2026-09-01T13:13:37.526589+00:00,91.984,-0.0005,0.15,0.0,0.0009,-0.0,8437.44,3,62.2315,18.014,step
2026-09-01T13:13:37.527890+00:00,92.024,-0.0004,0.0,0.15,0.0009,-0.0,8440.58,3,61.669,18.036,step
2026-09-01T13:13:37.529096+00:00,91.621,-0.0005,0.15,0.0,0.0009,-0.0,8263.44,3,61.1099,18.058,step
2026-09-01T13:13:37.530313+00:00,91.467,-0.0005,0.15,0.0,0.0008,-0.0001,8390.76,3,60.5536,18.08,step
2026-09-01T13:13:37.531548+00:00,91.508,-0.0005,0.15,0.0,0.0009,-0.0001,8393.54,3,59.9954,18.102,step
2026-09-01T13:13:37.532776+00:00,91.549,-0.0005,0.0,0.15,0.0009,-0.0001,8396.7,3,59.4367,18.124,step
2026-09-01T13:13:37.534003+00:00,91.145,-0.0005,0.0,0.15,0.0009,-0.0001,8222.1,3,58.8783,18.146,step
2026-09-01T13:13:37.535294+00:00,90.552,-0.0005,0.0,0.15,0.0009,-0.0001,8165.61,3,58.3238,18.168,step
2026-09-01T13:13:37.536553+00:00,89.958,-0.0005,0.0,0.15,0.0009,-0.0001,8110.19,3,57.7731,18.19,step
2026-09-01T13:13:37.537859+00:00,89.366,-0.0005,0.0,0.15,0.0009,-0.0001,8056.44,3,57.2257,18.212,step
2026-09-01T13:13:37.539083+00:00,88.777,-0.0005,0.0,0.15,0.0009,-0.0001,8003.86,3,56.6819,18.234,step
2026-09-01T13:13:37.540300+00:00,88.191,-0.0005,0.0,0.15,0.0009,-0.0001,7951.96,3,56.1414,18.256,step
2026-09-01T13:13:37.541513+00:00,87.609,-0.0005,0.0,0.15,0.0009,-0.0001,7898.14,3,55.6044,18.278,step
2026-09-01T13:13:37.542690+00:00,87.03,-0.0005,0.0,0.15,0.0009,-0.0001,7846.59,3,55.0707,18.3,step
2026-09-01T13:13:37.543997+00:00,86.451,-0.0005,0.0,0.15,0.0009,-0.0001,7796.15,3,54.5405,18.322,step
2026-09-01T13:13:37.545193+00:00,85.874,-0.0005,0.0,0.15,0.0009,-0.0001,7745.26,3,54.0138,18.344,step
2026-09-01T13:13:37.546381+00:00,85.3,-0.0005,0.0,0.15,0.0009,-0.0001,7694.33,3,53.4904,18.366,step
2026-09-01T13:13:37.547566+00:00,84.728,-0.0005,0.0,0.15,0.0009,-0.0001,7643.31,3,52.9705,18.388,step
2026-09-01T13:13:37.548765+00:00,84.157,-0.0005,0.0,0.15,0.0008,-0.0001,7592.19,3,52.4538,18.41,step
2026-09-01T13:13:37.549982+00:00,83.589,-0.0005,0.0,0.15,0.0008,-0.0001,7541.13,3,51.9406,18.432,step
2026-09-01T13:13:37.551186+00:00,83.022,-0.0005,0.0,0.15,0.0008,-0.0001,7490.25,3,51.4327,18.454,step
2026-09-01T13:13:37.552591+00:00,82.46,-0.0005,0.0,0.15,0.0008,-0.0001,7439.66,3,50.9282,18.476,step
2026-09-01T13:13:37.553798+00:00,81.897,-0.0005,0.0,0.15,0.0008,-0.0001,7389.18,3,50.4258,18.498,step
2026-09-01T13:13:37.555014+00:00,81.336,-0.0005,0.0,0.15,0.0008,-0.0001,7338.87,3,49.9262,18.52,step
2026-09-01T13:13:37.556189+00:00,80.777,-0.0005,0.0,0.15,0.0008,-0.0001,7288.78,3,49.4317,18.542,step
2026-09-01T13:13:37.557360+00:00,80.219,-0.0005,0.0,0.15,0.0008,-0.0001,7238.87,3,48.9405,18.564,step
2026-09-01T13:13:37.558589+00:00,79.664,-0.0005,0.0,0.15,0.0008,-0.0001,7188.73,2,48.4513,18.586,step
2026-09-01T13:13:37.559775+00:00,79.133,-0.0005,0.0,0.15,0.0008,-0.0001,9033.92,2,47.9644,18.608,step
2026-09-01T13:13:37.561083+00:00,78.616,-0.0005,0.0,0.15,0.0008,-0.0001,9010.47,2,47.4809,18.63,step
2026-09-01T13:13:37.562281+00:00,78.055,-0.0005,0.0,0.15,0.0008,-0.0,8842.55,2,47.0009,18.652,step
2026-09-01T13:13:37.563477+00:00,77.439,-0.0004,0.0,0.15,0.0008,0.0,8772.85,2,46.5205,18.674,step
2026-09-01T13:13:37.564694+00:00,76.826,-0.0003,0.0,0.15,0.0008,0.0001,8704.28,2,46.0422,18.696,step
2026-09-01T13:13:37.565946+00:00,76.217,-0.0002,0.0,0.15,0.0008,0.0002,8636.25,2,45.5674,18.718,step
2026-09-01T13:13:37.567140+00:00,75.611,-0.0002,0.0,0.15,0.0008,0.0003,8568.75,2,45.0963,18.74,step
2026-09-01T13:13:37.568328+00:00,75.008,0.1999,0.0,0.15,0.0008,0.0004,8501.59,2,44.629,18.762,step
2026-09-01T13:13:37.569684+00:00,74.418,0.1979,0.0,0.15,0.001,-0.0019,8434.98,2,44.3435,18.784,step
2026-09-01T13:13:37.570909+00:00,73.779,0.192,0.0,0.15,0.0019,-0.0088,8361.64,2,44.3803,18.806,step
2026-09-01T13:13:37.572160+00:00,73.159,0.184,0.0,0.15,0.0035,-0.0179,8288.8,2,44.5602,18.828,step
2026-09-01T13:13:37.573346+00:00,72.553,0.1751,0.0,0.15,0.0057,-0.0276,8218.97,2,44.7816,18.85,step
2026-09-01T13:13:37.574563+00:00,71.954,0.1659,0.0,0.15,0.0085,-0.0373,8151.43,2,44.9956,18.872,step
2026-09-01T13:13:37.575779+00:00,71.358,-0.0434,0.0,0.15,0.0119,-0.0468,8085.24,2,45.181,18.894,step
2026-09-01T13:13:37.577043+00:00,70.785,-0.0502,0.0,0.15,0.0156,-0.053,8025.05,2,45.1537,18.916,step
2026-09-01T13:13:37.578279+00:00,70.19,0.1475,0.0,0.15,0.0192,-0.0537,7961.17,2,44.7634,18.938,step
2026-09-01T13:13:37.579496+00:00,69.621,0.1448,0.0,0.15,0.0228,-0.0548,7897.81,2,44.4042,18.96,step
2026-09-01T13:13:37.580711+00:00,69.016,0.1387,0.0,0.15,0.0271,-0.0597,7829.49,2,44.2908,18.982,step
2026-09-01T13:13:37.581905+00:00,68.43,0.1312,0.0,0.15,0.0318,-0.0661,7763.29,2,44.2732,19.004,step
2026-09-01T13:13:37.583128+00:00,67.855,0.1232,0.0,0.15,0.037,-0.0729,7698.87,2,44.2726,19.026,step
2026-09-01T13:13:37.584371+00:00,67.285,0.1152,0.0,0.15,0.0426,-0.0794,7635.44,2,44.2578,19.048,step
2026-09-01T13:13:37.585695+00:00,66.719,0.1073,0.0,0.15,0.0485,-0.0856,7572.59,2,44.2192,19.07,step
2026-09-01T13:13:37.586957+00:00,66.156,0.0996,0.0,0.15,0.0548,-0.0913,7510.01,2,44.1541,19.092,step
2026-09-01T13:13:37.588158+00:00,65.597,0.0921,0.0,0.15,0.0614,-0.0966,7447.58,2,44.064,19.114,step
2026-09-01T13:13:37.589402+00:00,65.04,0.0847,0.0,0.15,0.0682,-0.1014,7385.47,2,43.9495,19.136,step
2026-09-01T13:13:37.590658+00:00,64.487,0.0776,0.0,0.15,0.0753,-0.1059,7323.65,2,43.8119,19.158,step
2026-09-01T13:13:37.591907+00:00,63.937,0.0707,0.0,0.15,0.0826,-0.11,7262.09,2,43.653,19.18,step
2026-09-01T13:13:37.593146+00:00,63.39,0.064,0.0,0.15,0.0901,-0.1137,7200.8,2,43.4733,19.202,step
2026-09-01T13:13:37.594536+00:00,62.844,0.0575,0.0,0.15,0.0977,-0.117,7139.68,2,43.2743,19.224,step
2026-09-01T13:13:37.595783+00:00,62.301,0.0513,0.0,0.15,0.1055,-0.12,7078.88,2,43.0581,19.246,step
2026-09-01T13:13:37.597020+00:00,61.761,-0.3548,0.0,0.15,0.1133,-0.1227,7018.29,2,42.8253,19.268,step
2026-09-01T13:13:37.598237+00:00,61.248,-0.3585,0.0,0.15,0.121,-0.1225,6959.66,2,42.4424,19.29,step
2026-09-01T13:13:37.599486+00:00,60.657,0.0431,0.0,0.15,0.1278,-0.1162,6893.16,2,41.7258,19.312,step
2026-09-01T13:13:37.600731+00:00,60.054,0.0468,0.0,0.15,0.1339,-0.1078,6820.8,2,40.9048,19.334,step
2026-09-01T13:13:37.601989+00:00,59.516,0.0458,0.0,0.15,0.1402,-0.1052,6764.06,2,40.4015,19.356,step
2026-09-01T13:13:37.603284+00:00,58.976,0.042,0.0,0.15,0.1466,-0.1059,6704.28,2,40.079,19.378,step
2026-09-01T13:13:37.604505+00:00,58.448,0.0374,0.0,0.15,0.1531,-0.1076,6645.19,2,39.8062,19.4,step
2026-09-01T13:13:37.605691+00:00,57.923,0.0328,0.0,0.15,0.1596,-0.1093,6586.52,2,39.5391,19.422,step
2026-09-01T13:13:37.606902+00:00,57.4,0.0282,0.0,0.15,0.1662,-0.1108,6527.95,2,39.267,19.444,step
2026-09-01T13:13:37.608110+00:00,56.879,0.0238,0.0,0.15,0.1728,-0.1122,6469.35,2,38.9873,19.466,step
2026-09-01T13:13:37.609300+00:00,56.36,0.0196,0.0,0.15,0.1794,-0.1133,6410.78,2,38.6999,19.488,step
2026-09-01T13:13:37.610637+00:00,55.843,0.0156,0.0,0.15,0.186,-0.1143,6352.26,2,38.406,19.51,step
2026-09-01T13:13:37.611871+00:00,55.328,0.0116,0.0,0.15,0.1926,-0.1151,6294.03,2,38.106,19.532,step
2026-09-01T13:13:37.613122+00:00,54.814,0.0079,0.0,0.15,0.1991,-0.1157,6236.02,2,37.8004,19.554,step
2026-09-01T13:13:37.614362+00:00,54.302,0.0043,0.0,0.15,0.2055,-0.1162,6178.2,2,37.4891,19.576,step
2026-09-01T13:13:37.615621+00:00,53.792,0.0009,0.0,0.15,0.212,-0.1165,6120.58,2,37.1727,19.598,step
2026-09-01T13:13:37.616941+00:00,53.284,-0.0024,0.0,0.15,0.2183,-0.1166,6063.18,2,36.8521,19.62,step
2026-09-01T13:13:37.618194+00:00,52.778,-0.0056,0.0,0.15,0.2246,-0.1166,6005.91,2,36.5286,19.642,step
2026-09-01T13:13:37.619544+00:00,52.272,-0.0086,0.0,0.15,0.2308,-0.1165,5948.77,2,36.2015,19.664,step
2026-09-01T13:13:37.620814+00:00,51.768,-0.0114,0.0,0.15,0.2369,-0.1162,5891.79,2,35.8707,19.686,step
2026-09-01T13:13:37.622050+00:00,51.266,-0.0141,0.0,0.15,0.2429,-0.1158,5834.98,2,35.5383,19.708,step
2026-09-01T13:13:37.623290+00:00,50.765,-0.0167,0.0,0.15,0.2489,-0.1153,5778.33,2,35.2046,19.73,step
2026-09-01T13:13:37.624523+00:00,50.266,-0.0192,0.0,0.15,0.2547,-0.1148,5721.9,2,34.8693,19.752,step
2026-09-01T13:13:37.625789+00:00,49.768,-0.0215,0.0,0.15,0.2604,-0.1141,5665.59,1,34.5334,19.774,step
2026-09-01T13:13:37.627046+00:00,49.279,-0.0237,0.0,0.15,0.2661,-0.1133,7601.3,1,34.1975,19.796,step
2026-09-01T13:13:37.628336+00:00,48.793,-0.0258,0.0,0.15,0.2716,-0.1125,7589.14,1,33.8614,19.818,step
2026-09-01T13:13:37.629586+00:00,48.274,-0.0278,0.0,0.15,0.277,-0.1116,7358.17,1,33.5246,19.84,step
2026-09-01T13:13:37.630803+00:00,47.724,-0.0296,0.0,0.15,0.2823,-0.1106,7275.98,1,33.1872,19.862,step
2026-09-01T13:13:37.632022+00:00,47.178,-0.0314,0.0,0.15,0.2875,-0.1095,7194.43,1,32.8507,19.884,step
2026-09-01T13:13:37.633230+00:00,46.635,-0.033,0.15,0.0,0.2925,-0.1084,7113.31,1,32.5162,19.906,step
2026-09-01T13:13:37.634441+00:00,46.648,-0.0346,0.15,0.0,0.2975,-0.1073,7298.29,1,32.1846,19.928,step
2026-09-01T13:13:37.635756+00:00,46.806,-0.0362,0.15,0.0,0.3024,-0.1062,7319.15,1,31.8531,19.95,step
2026-09-01T13:13:37.636981+00:00,46.964,-0.0377,0.15,0.0,0.3072,-0.1052,7341.22,1,31.5204,19.972,step
2026-09-01T13:13:37.638174+00:00,47.121,-0.0392,0.0,0.15,0.312,-0.104,7364.72,1,31.1859,19.994,step
2026-09-01T13:13:37.639359+00:00,46.719,-0.0406,0.15,0.0,0.3168,-0.1028,7134.65,1,30.8486,20.016,step
2026-09-01T13:13:37.640569+00:00,46.722,-0.0419,0.15,0.0,0.3214,-0.1015,7307.58,1,30.5111,20.038,step
2026-09-01T13:13:37.641816+00:00,46.88,-0.0432,0.15,0.0,0.326,-0.1003,7331.18,1,30.1732,20.06,step
2026-09-01T13:13:37.643036+00:00,47.037,-0.0444,0.0,0.15,0.3305,-0.099,7354.96,1,29.8336,20.082,step
2026-09-01T13:13:37.644419+00:00,46.63,-0.0455,0.15,0.0,0.335,-0.0976,7117.59,1,29.4915,20.104,step
2026-09-01T13:13:37.645670+00:00,46.637,-0.0465,0.15,0.0,0.3394,-0.0961,7295.36,1,29.1493,20.126,step
2026-09-01T13:13:37.646911+00:00,46.795,-0.0475,0.15,0.0,0.3436,-0.0946,7318.11,1,28.8073,20.148,step
2026-09-01T13:13:37.648157+00:00,46.952,-0.0485,0.15,0.0,0.3479,-0.0932,7341.43,1,28.4646,20.17,step
2026-09-01T13:13:37.649412+00:00,47.11,-0.0494,0.0,0.15,0.352,-0.0917,7365.42,1,28.1215,20.192,step
2026-09-01T13:13:37.650690+00:00,46.708,-0.0502,0.15,0.0,0.3561,-0.0902,7130.5,1,27.7764,20.214,step
2026-09-01T13:13:37.652013+00:00,46.709,-0.0509,0.15,0.0,0.3601,-0.0886,7307.09,1,27.4324,20.236,step
2026-09-01T13:13:37.653349+00:00,46.867,-0.0516,0.0,0.15,0.364,-0.087,7330.29,1,27.0886,20.258,step
2026-09-01T13:13:37.654671+00:00,46.462,-0.0498,0.0,0.15,0.3678,-0.0824,7092.03,1,26.7428,20.28,step
2026-09-01T13:13:37.656003+00:00,45.923,-0.0427,0.0,0.15,0.3712,-0.0714,7007.05,1,26.3988,20.302,step
2026-09-01T13:13:37.657294+00:00,45.389,-0.0355,0.0,0.15,0.374,-0.0607,6925.12,1,26.0636,20.324,step
2026-09-01T13:13:37.658602+00:00,44.859,-0.0284,0.0,0.15,0.3763,-0.0503,6845.27,1,25.7404,20.346,step
2026-09-01T13:13:37.659922+00:00,44.334,-0.0213,0.0,0.15,0.3782,-0.0403,6766.64,1,25.4304,20.368,step
2026-09-01T13:13:37.661336+00:00,43.814,-0.0143,0.0,0.15,0.3796,-0.0306,6682.45,1,25.1329,20.39,step
2026-09-01T13:13:37.662709+00:00,43.295,-0.0074,0.0,0.15,0.3807,-0.0213,6607.14,1,24.8469,20.412,step
2026-09-01T13:13:37.664013+00:00,42.779,-0.0005,0.0,0.15,0.3814,-0.0123,6531.82,1,24.5724,20.434,step
2026-09-01T13:13:37.665359+00:00,42.266,0.0063,0.0,0.15,0.3817,-0.0036,6455.9,1,24.3086,20.456,step
2026-09-01T13:13:37.666740+00:00,41.755,0.013,0.0,0.15,0.3816,0.0047,6379.89,1,24.0548,20.478,step
2026-09-01T13:13:37.668080+00:00,41.247,0.0196,0.0,0.15,0.3813,0.0128,6303.73,1,23.8108,20.5,step
2026-09-01T13:13:37.669567+00:00,40.741,0.0261,0.0,0.15,0.3807,0.0205,6227.83,1,23.5767,20.522,step
2026-09-01T13:13:37.670950+00:00,40.237,0.0324,0.0,0.15,0.3798,0.0279,6151.65,1,23.352,20.544,step
2026-09-01T13:13:37.672306+00:00,39.736,0.0387,0.0,0.15,0.3786,0.035,6075.71,1,23.1361,20.566,step
2026-09-01T13:13:37.673606+00:00,39.238,0.0449,0.0,0.15,0.3772,0.0418,6000.13,1,22.9286,20.588,step
2026-09-01T13:13:37.674960+00:00,38.742,0.0508,0.15,0.0,0.3756,0.0483,5925.11,1,22.7293,20.61,step
2026-09-01T13:13:37.676260+00:00,38.807,0.0568,0.0,0.15,0.3738,0.0546,6069.79,1,22.534,20.632,step
2026-09-01T13:13:37.677668+00:00,38.42,0.0627,0.0,0.15,0.3718,0.0608,5878.86,1,22.3432,20.654,step
2026-09-01T13:13:37.678978+00:00,37.928,0.0685,0.0,0.15,0.3696,0.0666,5803.55,1,22.1614,20.676,step
2026-09-01T13:13:37.680298+00:00,37.437,0.0742,0.15,0.0,0.3672,0.0722,5727.73,1,21.987,20.698,step
2026-09-01T13:13:37.681568+00:00,37.508,0.0798,0.0,0.15,0.3646,0.0777,5866.54,1,21.8152,20.72,step
2026-09-01T13:13:37.682863+00:00,37.123,0.0855,0.0,0.15,0.3619,0.083,5680.95,1,21.6473,20.742,step
2026-09-01T13:13:37.684162+00:00,36.635,0.0909,0.15,0.0,0.3591,0.0881,5606.25,1,21.4881,20.764,step
2026-09-01T13:13:37.685532+00:00,36.711,0.0963,0.0,0.15,0.3562,0.093,5740.54,1,21.3315,20.786,step
2026-09-01T13:13:37.686920+00:00,36.325,0.1017,0.0,0.15,0.353,0.0978,5560.57,1,21.1781,20.808,step
2026-09-01T13:13:37.688237+00:00,35.84,0.1069,0.15,0.0,0.3498,0.1023,5486.03,1,21.0336,20.83,step
2026-09-01T13:13:37.689545+00:00,35.92,0.1121,0.0,0.15,0.3465,0.1067,5616.17,1,20.8905,20.852,step
2026-09-01T13:13:37.690903+00:00,35.535,0.1172,0.0,0.15,0.343,0.1109,5440.45,1,20.7508,20.874,step
2026-09-01T13:13:37.692245+00:00,35.052,0.1222,0.15,0.0,0.3395,0.1149,5366.22,1,20.6195,20.896,step
2026-09-01T13:13:37.693650+00:00,35.137,0.1271,0.0,0.15,0.3359,0.1188,5493.2,1,20.4891,20.918,step
2026-09-01T13:13:37.695086+00:00,34.751,0.132,0.0,0.15,0.3322,0.1226,5321.22,1,20.3616,20.94,step
2026-09-01T13:13:37.696512+00:00,34.272,0.1366,0.15,0.0,0.3284,0.126,5247.46,1,20.2426,20.962,step
2026-09-01T13:13:37.697882+00:00,34.36,0.1413,0.0,0.15,0.3245,0.1294,5371.25,1,20.1235,20.984,step
2026-09-01T13:13:37.699286+00:00,33.974,0.1458,0.15,0.0,0.3206,0.1327,5235.99,1,20.007,21.006,step
2026-09-01T13:13:37.700688+00:00,34.062,0.1504,0.0,0.15,0.3166,0.1358,5323.87,1,19.8935,21.028,step
2026-09-01T13:13:37.702090+00:00,33.677,0.1548,0.15,0.0,0.3126,0.1389,5235.99,1,19.7829,21.05,step
2026-09-01T13:13:37.703455+00:00,33.765,0.1592,0.0,0.15,0.3084,0.1418,5277.26,1,19.6746,21.072,step
2026-09-01T13:13:37.704780+00:00,33.38,0.1636,0.15,0.0,0.3042,0.1446,5235.99,1,19.5696,21.094,step
2026-09-01T13:13:37.706093+00:00,33.469,0.1678,0.0,0.15,0.3,0.1473,5235.99,1,19.4673,21.116,step
2026-09-01T13:13:37.707366+00:00,33.082,0.172,0.0,0.15,0.2957,0.1498,5235.99,1,19.3684,21.138,step
2026-09-01T13:13:37.708658+00:00,32.604,0.1759,0.8,0.0,0.2914,0.152,5235.99,1,19.2779,21.16,step
2026-09-01T13:13:37.709965+00:00,33.127,0.1798,0.0,0.15,0.2871,0.1541,5854.6,1,19.1906,21.182,step
2026-09-01T13:13:37.711386+00:00,33.021,0.1837,0.0,0.15,0.2826,0.1562,5235.99,1,19.1019,21.204,step
2026-09-01T13:13:37.712705+00:00,32.543,0.1875,0.0,0.15,0.2781,0.1582,5235.99,1,19.0168,21.226,step
2026-09-01T13:13:37.713988+00:00,32.064,0.1911,0.8,0.0,0.2737,0.16,5235.99,1,18.9362,21.248,step
2026-09-01T13:13:37.715271+00:00,32.588,0.1947,0.0,0.15,0.2692,0.1616,5741.59,1,18.8586,21.27,step
2026-09-01T13:13:37.716579+00:00,32.469,0.1983,0.0,0.15,0.2646,0.1633,5235.99,1,18.7796,21.292,step
2026-09-01T13:13:37.717901+00:00,31.991,0.2019,0.0,0.15,0.2601,0.1649,5235.99,1,18.704,21.314,step
2026-09-01T13:13:37.719324+00:00,31.512,0.2052,0.8,0.0,0.2556,0.1663,5235.99,1,18.6331,21.336,step
2026-09-01T13:13:37.720589+00:00,32.035,0.2085,0.0,0.15,0.2511,0.1675,5632.45,1,18.5647,21.358,step
2026-09-01T13:13:37.721856+00:00,31.906,0.2118,0.0,0.15,0.2465,0.1688,5235.99,1,18.4943,21.38,step
2026-09-01T13:13:37.723144+00:00,31.427,0.215,0.8,0.0,0.2419,0.1699,5235.99,1,18.4275,21.402,step
2026-09-01T13:13:37.724419+00:00,31.959,0.2181,0.0,0.15,0.2373,0.1709,5589.99,1,18.3639,21.424,step
2026-09-01T13:13:37.725720+00:00,31.819,0.2213,0.0,0.15,0.2327,0.172,5235.99,1,18.2985,21.446,step
2026-09-01T13:13:37.727087+00:00,31.338,0.2243,0.0,0.15,0.228,0.1729,5235.99,1,18.2365,21.468,step
2026-09-01T13:13:37.728523+00:00,30.859,0.2272,0.8,0.0,0.2235,0.1737,5235.99,1,18.1791,21.49,step
2026-09-01T13:13:37.729801+00:00,31.38,0.23,0.0,0.15,0.2189,0.1743,5514.29,1,18.1245,21.512,step
2026-09-01T13:13:37.731080+00:00,31.243,0.2329,0.0,0.15,0.2143,0.175,5235.99,1,18.0678,21.534,step
2026-09-01T13:13:37.732352+00:00,30.763,0.2356,0.0,0.15,0.2097,0.1756,5235.99,1,18.0142,21.556,step
2026-09-01T13:13:37.733681+00:00,30.284,0.2383,0.8,0.0,0.2053,0.1761,5235.99,1,17.9646,21.578,step
2026-09-01T13:13:37.734952+00:00,30.811,0.2408,0.0,0.15,0.2008,0.1765,5390.78,1,17.9171,21.6,step
2026-09-01T13:13:37.736331+00:00,30.66,0.2434,0.0,0.15,0.1962,0.1769,5235.99,1,17.8674,21.622,step
2026-09-01T13:13:37.737666+00:00,30.18,0.246,0.8,0.0,0.1917,0.1773,5235.99,1,17.8205,21.644,step
2026-09-01T13:13:37.738955+00:00,30.715,0.2484,0.0,0.15,0.1873,0.1775,5345.88,1,17.7765,21.666,step
2026-09-01T13:13:37.740248+00:00,30.553,0.2509,0.0,0.15,0.1827,0.1778,5235.99,1,17.7303,21.688,step
2026-09-01T13:13:37.741597+00:00,30.071,0.2533,0.8,0.0,0.1783,0.178,5235.99,1,17.6876,21.71,step
2026-09-01T13:13:37.742887+00:00,30.603,0.2555,0.0,0.15,0.1738,0.1781,5336.29,1,17.6482,21.732,step
2026-09-01T13:13:37.744200+00:00,30.443,0.2579,0.0,0.15,0.1693,0.1782,5235.99,1,17.6066,21.754,step
2026-09-01T13:13:37.745502+00:00,29.96,0.2601,0.8,0.0,0.1649,0.1782,5235.99,1,17.5686,21.776,step
2026-09-01T13:13:37.746783+00:00,30.493,0.2622,0.0,0.15,0.1605,0.1781,5320.67,1,17.5336,21.798,step
2026-09-01T13:13:37.748061+00:00,30.333,0.2644,0.0,0.15,0.156,0.178,5235.99,1,17.4965,21.82,step
2026-09-01T13:13:37.749291+00:00,29.851,0.2664,0.0,0.15,0.1517,0.1778,5235.99,1,17.4624,21.842,step
2026-09-01T13:13:37.750590+00:00,29.371,0.2683,0.8,0.0,0.1474,0.1775,5235.99,1,17.432,21.864,step
2026-09-01T13:13:37.751854+00:00,29.901,0.2701,0.0,0.15,0.1432,0.1771,5240.94,1,17.4038,21.886,step
2026-09-01T13:13:37.753347+00:00,29.744,0.272,0.0,0.15,0.1389,0.1768,5235.99,1,17.373,21.908,step
2026-09-01T13:13:37.754680+00:00,29.263,0.2738,0.8,0.0,0.1346,0.1764,5235.99,1,17.345,21.93,step
2026-09-01T13:13:37.755924+00:00,29.802,0.2755,0.0,0.15,0.1305,0.1759,5235.99,1,17.3194,21.952,step
2026-09-01T13:13:37.757219+00:00,29.636,0.2773,0.0,0.15,0.1262,0.1755,5235.99,1,17.2915,21.974,step
2026-09-01T13:13:37.758505+00:00,29.153,0.279,0.8,0.0,0.1221,0.175,5235.99,1,17.2665,21.996,step
2026-09-01T13:13:37.759767+00:00,29.69,0.2806,0.0,0.15,0.118,0.1745,5235.99,1,17.2445,22.018,step
2026-09-01T13:13:37.761163+00:00,29.526,0.2822,0.0,0.15,0.1138,0.1739,5235.99,1,17.2203,22.04,step
2026-09-01T13:13:37.762448+00:00,29.042,0.2838,0.8,0.0,0.1098,0.1733,5235.99,1,17.1994,22.062,step
2026-09-01T13:13:37.763717+00:00,29.579,0.2852,0.0,0.15,0.1058,0.1726,5235.99,1,17.1814,22.084,step
2026-09-01T13:13:37.765037+00:00,29.415,0.2867,0.0,0.15,0.1017,0.172,5235.99,1,17.1609,22.106,step
2026-09-01T13:13:37.766298+00:00,28.932,0.2881,0.8,0.0,0.0978,0.1713,5235.99,1,17.1435,22.128,step
2026-09-01T13:13:37.767682+00:00,29.47,0.2895,0.0,0.15,0.0939,0.1705,5235.99,1,17.1287,22.15,step
2026-09-01T13:13:37.769118+00:00,29.305,0.2909,0.0,0.15,0.0899,0.1698,5235.99,1,17.1115,22.172,step
2026-09-01T13:13:37.770430+00:00,28.822,0.2921,0.8,0.0,0.0861,0.169,5235.99,1,17.0971,22.194,step
2026-09-01T13:13:37.771799+00:00,29.361,0.2933,0.0,0.15,0.0822,0.1681,5235.99,1,17.0858,22.216,step
2026-09-01T13:13:37.773127+00:00,29.196,0.2946,0.8,0.0,0.0784,0.1673,5235.99,1,17.0717,22.238,step
2026-09-01T13:13:37.774437+00:00,29.745,0.2958,0.0,0.15,0.0746,0.1664,5235.99,1,17.0606,22.26,step
2026-09-01T13:13:37.775701+00:00,29.568,0.2971,0.0,0.15,0.0707,0.1655,5235.99,1,17.0471,22.282,step
2026-09-01T13:13:37.777167+00:00,29.082,0.2982,0.8,0.0,0.067,0.1646,5235.99,1,17.0371,22.304,step
2026-09-01T13:13:37.778440+00:00,29.617,0.2991,0.0,0.15,0.0633,0.1635,5235.99,1,17.0307,22.326,step
2026-09-01T13:13:37.779698+00:00,29.455,0.3002,0.0,0.15,0.0595,0.1625,5235.99,1,17.0217,22.348,step
2026-09-01T13:13:37.780968+00:00,28.97,0.3011,0.8,0.0,0.0559,0.1614,5235.99,1,17.0161,22.37,step
2026-09-01T13:13:37.782223+00:00,29.506,0.302,0.0,0.15,0.0524,0.1602,5235.99,1,17.0133,22.392,step
2026-09-01T13:13:37.783500+00:00,29.345,0.3029,0.0,0.15,0.0487,0.1591,5235.99,1,17.0077,22.414,step
2026-09-01T13:13:37.784821+00:00,28.861,0.3037,0.8,0.0,0.0453,0.158,5235.99,1,17.005,22.436,step
2026-09-01T13:13:37.786189+00:00,29.399,0.3045,0.0,0.15,0.0418,0.1567,5235.99,1,17.0054,22.458,step
2026-09-01T13:13:37.787523+00:00,29.236,0.3053,0.0,0.15,0.0384,0.1556,5235.99,1,17.0027,22.48,step
2026-09-01T13:13:37.788821+00:00,28.752,0.306,0.8,0.0,0.035,0.1544,5235.99,1,17.0023,22.502,step
2026-09-01T13:13:37.790079+00:00,29.291,0.3067,0.0,0.15,0.0317,0.1532,5235.99,1,17.0051,22.524,step
2026-09-01T13:13:37.791377+00:00,29.127,0.3074,0.0,0.15,0.0284,0.152,5235.99,1,17.0054,22.546,step
2026-09-01T13:13:37.792699+00:00,28.642,0.308,0.8,0.0,0.0251,0.1508,5235.99,1,17.008,22.568,step
2026-09-01T13:13:37.794036+00:00,29.181,0.3086,0.0,0.15,0.022,0.1494,5235.99,1,17.0136,22.59,step
2026-09-01T13:13:37.795363+00:00,29.017,0.3092,0.8,0.0,0.0188,0.1482,5235.99,1,17.0167,22.612,step
2026-09-01T13:13:37.796658+00:00,29.567,0.3097,0.0,0.15,0.0156,0.1469,5235.99,1,17.0221,22.634,step
2026-09-01T13:13:37.797993+00:00,29.39,0.3104,0.0,0.15,0.0124,0.1457,5235.99,1,17.0253,22.656,step
2026-09-01T13:13:37.799285+00:00,28.904,0.3109,0.8,0.0,0.0094,0.1444,5235.99,1,17.0316,22.678,step
2026-09-01T13:13:37.800595+00:00,29.439,0.3113,0.0,0.15,0.0063,0.143,5235.99,1,17.0418,22.7,step
2026-09-01T13:13:37.801997+00:00,29.277,0.3117,0.0,0.15,0.0033,0.1417,5235.99,1,17.0489,22.722,step
2026-09-01T13:13:37.803363+00:00,28.792,0.3121,0.8,0.0,0.0004,0.1404,5235.99,1,17.0592,22.744,step
2026-09-01T13:13:37.804639+00:00,29.328,0.3124,0.0,0.15,-0.0025,0.1389,5235.99,1,17.0726,22.766,step
2026-09-01T13:13:37.805901+00:00,29.168,0.3127,0.8,0.0,-0.0054,0.1376,5235.99,1,17.0826,22.788,step
2026-09-01T13:13:37.807156+00:00,29.716,0.313,0.0,0.15,-0.0082,0.1361,5235.99,1,17.0952,22.81,step
2026-09-01T13:13:37.808434+00:00,29.541,0.3133,0.0,0.15,-0.0111,0.1347,5235.99,1,17.1053,22.832,step
2026-09-01T13:13:37.809688+00:00,29.055,0.3136,0.8,0.0,-0.0138,0.1333,5235.99,1,17.1183,22.854,step
2026-09-01T13:13:37.811046+00:00,29.589,0.3137,0.0,0.15,-0.0165,0.1318,5235.99,1,17.1351,22.876,step
2026-09-01T13:13:37.812295+00:00,29.428,0.3139,0.0,0.15,-0.0192,0.1304,5235.99,1,17.1489,22.898,step
2026-09-01T13:13:37.813552+00:00,28.943,0.314,0.8,0.0,-0.0218,0.1289,5235.99,1,17.1658,22.92,step
2026-09-01T13:13:37.814820+00:00,29.478,0.314,0.0,0.15,-0.0243,0.1273,5235.99,1,17.1856,22.942,step
2026-09-01T13:13:37.816073+00:00,29.319,0.3142,0.8,0.0,-0.0269,0.1259,5235.99,1,17.2022,22.964,step
2026-09-01T13:13:37.817371+00:00,29.867,0.3142,0.0,0.15,-0.0294,0.1244,5235.99,1,17.2208,22.986,step
2026-09-01T13:13:37.818777+00:00,29.692,0.3144,0.0,0.15,-0.0319,0.123,5235.99,1,17.2367,23.008,step
2026-09-01T13:13:37.820074+00:00,29.206,0.3144,0.8,0.0,-0.0343,0.1215,5235.99,1,17.256,23.03,step
2026-09-01T13:13:37.821342+00:00,29.739,0.3143,0.0,0.15,-0.0366,0.12,5235.99,1,17.279,23.052,step
2026-09-01T13:13:37.822611+00:00,29.58,0.3143,0.8,0.0,-0.039,0.1185,5235.99,1,17.2987,23.074,step
2026-09-01T13:13:37.823931+00:00,30.123,0.3143,0.0,0.15,-0.0413,0.117,5236.95,1,17.3209,23.096,step
2026-09-01T13:13:37.825231+00:00,29.952,0.3143,0.0,0.15,-0.0436,0.1156,5235.99,1,17.3409,23.118,step
2026-09-01T13:13:37.826577+00:00,29.465,0.3142,0.8,0.0,-0.0459,0.1141,5235.99,1,17.364,23.14,step
2026-09-01T13:13:37.827912+00:00,29.997,0.314,0.0,0.15,-0.048,0.1125,5254.18,1,17.3909,23.162,step
2026-09-01T13:13:37.829193+00:00,29.84,0.3139,0.8,0.0,-0.0502,0.111,5235.99,1,17.4145,23.184,step
2026-09-01T13:13:37.830502+00:00,30.382,0.3137,0.0,0.15,-0.0522,0.1095,5280.13,1,17.4413,23.206,step
2026-09-01T13:13:37.831836+00:00,30.213,0.3136,0.0,0.15,-0.0543,0.1081,5235.99,1,17.4651,23.228,step
2026-09-01T13:13:37.833121+00:00,29.726,0.3134,0.8,0.0,-0.0563,0.1065,5235.99,1,17.492,23.25,step
2026-09-01T13:13:37.834383+00:00,30.258,0.313,0.0,0.15,-0.0583,0.1049,5298.18,1,17.5222,23.272,step
2026-09-01T13:13:37.835723+00:00,30.102,0.3128,0.8,0.0,-0.0602,0.1034,5235.99,1,17.5491,23.294,step
2026-09-01T13:13:37.837084+00:00,30.643,0.3125,0.0,0.15,-0.0621,0.1018,5327.51,1,17.579,23.316,step
2026-09-01T13:13:37.838325+00:00,30.477,0.3122,0.0,0.15,-0.064,0.1003,5235.99,1,17.6059,23.338,step
2026-09-01T13:13:37.839623+00:00,29.99,0.3119,0.8,0.0,-0.0658,0.0988,5235.99,1,17.6355,23.36,step
2026-09-01T13:13:37.840940+00:00,30.52,0.3114,0.0,0.15,-0.0675,0.0971,5346.75,1,17.669,23.382,step
2026-09-01T13:13:37.842214+00:00,30.367,0.3111,0.8,0.0,-0.0692,0.0956,5235.99,1,17.699,23.404,step
2026-09-01T13:13:37.843603+00:00,30.908,0.3107,0.0,0.15,-0.0709,0.094,5377.43,1,17.7317,23.426,step
2026-09-01T13:13:37.844833+00:00,30.745,0.3103,0.0,0.15,-0.0725,0.0926,5235.99,1,17.7617,23.448,step
2026-09-01T13:13:37.846128+00:00,30.259,0.3099,0.8,0.0,-0.0741,0.0911,5235.99,1,17.7944,23.47,step
2026-09-01T13:13:37.847372+00:00,30.787,0.3094,0.0,0.15,-0.0756,0.0894,5398.25,1,17.8308,23.492,step
2026-09-01T13:13:37.848649+00:00,30.639,0.3089,0.8,0.0,-0.0772,0.088,5235.99,1,17.8636,23.514,step
2026-09-01T13:13:37.849919+00:00,31.179,0.3084,0.0,0.15,-0.0786,0.0864,5431.42,1,17.8992,23.536,step
2026-09-01T13:13:37.851245+00:00,31.022,0.308,0.0,0.15,-0.0801,0.085,5235.99,1,17.9316,23.558,step
2026-09-01T13:13:37.852620+00:00,30.535,0.3075,0.8,0.0,-0.0814,0.0835,5235.99,1,17.9669,23.58,step
2026-09-01T13:13:37.853921+00:00,31.063,0.3069,0.0,0.15,-0.0827,0.0819,5453.09,1,18.0062,23.602,step
2026-09-01T13:13:37.855206+00:00,30.92,0.3064,0.8,0.0,-0.084,0.0805,5235.99,1,18.042,23.624,step
2026-09-01T13:13:37.856466+00:00,31.46,0.3058,0.0,0.15,-0.0853,0.0789,5488.86,1,18.0798,23.646,step
2026-09-01T13:13:37.857816+00:00,31.309,0.3053,0.0,0.15,-0.0865,0.0776,5235.99,1,18.1147,23.668,step
2026-09-01T13:13:37.859142+00:00,30.822,0.3047,0.8,0.0,-0.0877,0.0761,5235.99,1,18.1522,23.69,step
2026-09-01T13:13:37.860489+00:00,31.349,0.304,0.0,0.15,-0.0888,0.0746,5511.77,1,18.1936,23.712,step
2026-09-01T13:13:37.861788+00:00,31.212,0.3034,0.8,0.0,-0.0899,0.0731,5235.99,1,18.2314,23.734,step
2026-09-01T13:13:37.863061+00:00,31.752,0.3027,0.0,0.15,-0.0909,0.0716,5548.98,1,18.2714,23.756,step
2026-09-01T13:13:37.864357+00:00,31.608,0.3021,0.0,0.15,-0.0919,0.0702,5235.99,1,18.3084,23.778,step
2026-09-01T13:13:37.865615+00:00,31.122,0.3014,0.8,0.0,-0.0929,0.0687,5235.99,1,18.3479,23.8,step
2026-09-01T13:13:37.866921+00:00,31.648,0.3007,0.0,0.15,-0.0938,0.0672,5573.36,1,18.3908,23.822,step
2026-09-01T13:13:37.868243+00:00,31.518,0.3,0.15,0.0,-0.0947,0.0658,5235.99,1,18.4304,23.844,step
2026-09-01T13:13:37.869524+00:00,31.625,0.2995,0.15,0.0,-0.0955,0.0647,5235.99,1,18.4614,23.866,step
2026-09-01T13:13:37.870776+00:00,31.766,0.2992,0.15,0.0,-0.0962,0.0639,5235.99,1,18.4828,23.888,step
2026-09-01T13:13:37.872007+00:00,31.907,0.299,0.0,0.15,-0.0969,0.0631,5235.99,1,18.5036,23.91,step
2026-09-01T13:13:37.873260+00:00,31.513,0.2984,0.15,0.0,-0.0976,0.062,5235.99,1,18.536,23.932,step
2026-09-01T13:13:37.874559+00:00,31.622,0.2979,0.15,0.0,-0.0983,0.0609,5235.99,1,18.569,23.954,step
2026-09-01T13:13:37.875814+00:00,31.764,0.2975,0.15,0.0,-0.0989,0.0601,5235.99,1,18.5927,23.976,step
2026-09-01T13:13:37.877132+00:00,31.905,0.2972,0.15,0.0,-0.0995,0.0593,5235.99,1,18.6156,23.998,step
2026-09-01T13:13:37.878482+00:00,32.047,0.2969,0.15,0.0,-0.1001,0.0586,5235.99,1,18.6377,24.02,step
2026-09-01T13:13:37.879741+00:00,32.189,0.2966,0.0,0.15,-0.1006,0.0579,5235.99,1,18.6595,24.042,step
2026-09-01T13:13:37.881050+00:00,31.795,0.2961,0.15,0.0,-0.1012,0.0568,5235.99,1,18.693,24.064,step
2026-09-01T13:13:37.882302+00:00,31.903,0.2955,0.15,0.0,-0.1017,0.0558,5235.99,1,18.7274,24.086,step
2026-09-01T13:13:37.883627+00:00,32.045,0.2951,0.15,0.0,-0.1022,0.055,5235.99,1,18.7521,24.108,step
2026-09-01T13:13:37.884920+00:00,32.187,0.2947,0.15,0.0,-0.1026,0.0543,5235.99,1,18.7759,24.13,step
2026-09-01T13:13:37.886320+00:00,32.328,0.2944,0.15,0.0,-0.103,0.0536,5235.99,1,18.7996,24.152,step
2026-09-01T13:13:37.887579+00:00,32.47,0.294,0.0,0.15,-0.1034,0.0529,5235.99,1,18.8227,24.174,step
2026-09-01T13:13:37.888862+00:00,32.077,0.2934,0.15,0.0,-0.1038,0.0518,5235.99,1,18.8573,24.196,step
2026-09-01T13:13:37.890116+00:00,32.185,0.2927,0.15,0.0,-0.1042,0.0508,5235.99,1,18.8928,24.218,step
2026-09-01T13:13:37.891400+00:00,32.327,0.2923,0.15,0.0,-0.1045,0.05,5235.99,1,18.9189,24.24,step
2026-09-01T13:13:37.892671+00:00,32.469,0.2918,0.15,0.0,-0.1048,0.0493,5235.99,1,18.9436,24.262,step
2026-09-01T13:13:37.894116+00:00,32.611,0.2914,0.15,0.0,-0.1051,0.0486,5235.99,1,18.9681,24.284,step
2026-09-01T13:13:37.895391+00:00,32.753,0.291,0.0,0.15,-0.1054,0.0479,5235.99,1,18.9919,24.306,step
2026-09-01T13:13:37.896663+00:00,32.361,0.2903,0.15,0.0,-0.1056,0.0469,5235.99,1,19.0271,24.328,step
2026-09-01T13:13:37.897964+00:00,32.467,0.2896,0.15,0.0,-0.1058,0.0459,5235.99,1,19.0634,24.35,step
2026-09-01T13:13:37.899249+00:00,32.61,0.2892,0.15,0.0,-0.106,0.0452,5235.99,1,19.0901,24.372,step
2026-09-01T13:13:37.900552+00:00,32.752,0.2887,0.15,0.0,-0.1062,0.0445,5235.99,1,19.1154,24.394,step
2026-09-01T13:13:37.901830+00:00,32.894,0.2882,0.15,0.0,-0.1063,0.0439,5235.99,1,19.1404,24.416,step
2026-09-01T13:13:37.903261+00:00,33.036,0.2878,0.0,0.15,-0.1064,0.0432,5235.99,1,19.1647,24.438,step
2026-09-01T13:13:37.904551+00:00,32.645,0.2871,0.15,0.0,-0.1065,0.0423,5235.99,1,19.2005,24.46,step
2026-09-01T13:13:37.905846+00:00,32.75,0.2864,0.15,0.0,-0.1066,0.0413,5235.99,1,19.2373,24.482,step
2026-09-01T13:13:37.907140+00:00,32.893,0.2859,0.15,0.0,-0.1067,0.0407,5235.99,1,19.264,24.504,step
2026-09-01T13:13:37.908513+00:00,33.035,0.2854,0.15,0.0,-0.1067,0.0401,5235.99,1,19.2896,24.526,step
2026-09-01T13:13:37.909796+00:00,33.178,0.285,0.15,0.0,-0.1067,0.0395,5235.99,1,19.3144,24.548,step
2026-09-01T13:13:37.911133+00:00,33.32,0.2845,0.0,0.15,-0.1067,0.039,5235.99,1,19.3389,24.57,step
2026-09-01T13:13:37.912482+00:00,32.929,0.2838,0.15,0.0,-0.1067,0.0381,5235.99,1,19.3752,24.592,step
2026-09-01T13:13:37.913799+00:00,33.034,0.2831,0.15,0.0,-0.1067,0.0372,5235.99,1,19.4124,24.614,step
2026-09-01T13:13:37.915123+00:00,33.177,0.2825,0.15,0.0,-0.1066,0.0365,5235.99,1,19.4396,24.636,step
2026-09-01T13:13:37.916404+00:00,33.319,0.282,0.15,0.0,-0.1065,0.0359,5235.99,1,19.4656,24.658,step
2026-09-01T13:13:37.917675+00:00,33.462,0.2815,0.15,0.0,-0.1064,0.0354,5235.99,1,19.4907,24.68,step
2026-09-01T13:13:37.919072+00:00,33.605,0.281,0.0,0.15,-0.1062,0.0348,5251.26,1,19.5148,24.702,step
2026-09-01T13:13:37.920370+00:00,33.215,0.2802,0.15,0.0,-0.1061,0.034,5235.99,1,19.5503,24.724,step
2026-09-01T13:13:37.921647+00:00,33.319,0.2795,0.15,0.0,-0.106,0.0331,5235.99,1,19.5871,24.746,step
2026-09-01T13:13:37.922926+00:00,33.462,0.2789,0.15,0.0,-0.1058,0.0325,5235.99,1,19.6136,24.768,step
2026-09-01T13:13:37.924156+00:00,33.605,0.2784,0.15,0.0,-0.1056,0.032,5252.06,1,19.6387,24.79,step
2026-09-01T13:13:37.925477+00:00,33.748,0.2779,0.15,0.0,-0.1053,0.0315,5274.1,1,19.663,24.812,step
2026-09-01T13:13:37.926753+00:00,33.891,0.2774,0.0,0.15,-0.1051,0.0311,5296.29,1,19.6868,24.834,step
2026-09-01T13:13:37.928175+00:00,33.503,0.2766,0.15,0.0,-0.1048,0.0303,5235.99,1,19.722,24.856,step
2026-09-01T13:13:37.929479+00:00,33.606,0.2759,0.15,0.0,-0.1045,0.0295,5254.21,1,19.7585,24.878,step
2026-09-01T13:13:37.930820+00:00,33.75,0.2753,0.15,0.0,-0.1042,0.029,5275.41,1,19.7848,24.9,step
2026-09-01T13:13:37.932136+00:00,33.893,0.2748,0.15,0.0,-0.1039,0.0285,5297.38,1,19.8092,24.922,step
2026-09-01T13:13:37.933443+00:00,34.037,0.2743,0.15,0.0,-0.1036,0.0281,5319.46,1,19.8331,24.944,step
2026-09-01T13:13:37.934753+00:00,34.181,0.2738,0.0,0.15,-0.1032,0.0277,5341.87,1,19.8562,24.966,step
2026-09-01T13:13:37.936195+00:00,33.793,0.2731,0.15,0.0,-0.1029,0.027,5235.99,1,19.8906,24.988,step
2026-09-01T13:13:37.937539+00:00,33.896,0.2723,0.15,0.0,-0.1026,0.0263,5300.08,1,19.9263,25.01,step
2026-09-01T13:13:37.938831+00:00,34.041,0.2718,0.15,0.0,-0.1022,0.0259,5321.34,1,19.9515,25.032,step
2026-09-01T13:13:37.940101+00:00,34.185,0.2712,0.15,0.0,-0.1017,0.0255,5343.52,1,19.9756,25.054,step
2026-09-01T13:13:37.941367+00:00,34.33,0.2707,0.15,0.0,-0.1013,0.0251,5365.72,1,19.9986,25.076,step
2026-09-01T13:13:37.942719+00:00,34.475,0.2702,0.0,0.15,-0.1009,0.0247,5388.11,1,20.0209,25.098,step
2026-09-01T13:13:37.944010+00:00,34.087,0.2694,0.15,0.0,-0.1004,0.024,5235.99,1,20.0547,25.12,step
2026-09-01T13:13:37.945332+00:00,34.19,0.2686,0.15,0.0,-0.1,0.0233,5346.35,1,20.0892,25.142,step
2026-09-01T13:13:37.946600+00:00,34.335,0.2681,0.15,0.0,-0.0995,0.0229,5367.79,1,20.1136,25.164,step
2026-09-01T13:13:37.947851+00:00,34.481,0.2676,0.15,0.0,-0.099,0.0226,5389.9,1,20.1364,25.186,step
2026-09-01T13:13:37.949135+00:00,34.626,0.267,0.15,0.0,-0.0985,0.0223,5412.2,1,20.1585,25.208,step
2026-09-01T13:13:37.950460+00:00,34.772,0.2665,0.0,0.15,-0.0979,0.022,5434.77,1,20.1808,25.23,step
2026-09-01T13:13:37.951809+00:00,34.384,0.2658,0.15,0.0,-0.0974,0.0214,5265.46,1,20.2179,25.252,step
2026-09-01T13:13:37.953249+00:00,34.486,0.265,0.15,0.0,-0.0969,0.0207,5392.95,1,20.2601,25.274,step
2026-09-01T13:13:37.954551+00:00,34.633,0.2645,0.15,0.0,-0.0963,0.0204,5414.37,1,20.2952,25.296,step
2026-09-01T13:13:37.955858+00:00,34.779,0.264,0.15,0.0,-0.0958,0.0201,5436.74,1,20.332,25.318,step
2026-09-01T13:13:37.957131+00:00,34.925,0.2635,0.15,0.0,-0.0952,0.0199,5459.21,1,20.3718,25.34,step
2026-09-01T13:13:37.958448+00:00,35.071,0.2631,0.15,0.0,-0.0946,0.0197,5481.91,1,20.4152,25.362,step
2026-09-01T13:13:37.959772+00:00,35.218,0.2626,0.15,0.0,-0.094,0.0195,5504.89,1,20.4623,25.384,step
2026-09-01T13:13:37.961165+00:00,35.364,0.2622,0.15,0.0,-0.0934,0.0193,5528.06,1,20.5136,25.406,step
2026-09-01T13:13:37.962486+00:00,35.511,0.2617,0.15,0.0,-0.0928,0.0192,5551.5,1,20.5692,25.428,step
2026-09-01T13:13:37.963788+00:00,35.658,0.2613,0.15,0.0,-0.0922,0.019,5574.73,1,20.6298,25.45,step
2026-09-01T13:13:37.965049+00:00,35.805,0.2608,0.15,0.0,-0.0916,0.0188,5597.92,1,20.6956,25.472,step
2026-09-01T13:13:37.966349+00:00,35.953,0.2603,0.15,0.0,-0.091,0.0186,5621.13,1,20.7668,25.494,step
2026-09-01T13:13:37.967619+00:00,36.1,0.2599,0.15,0.0,-0.0904,0.0184,5644.28,1,20.8433,25.516,step
2026-09-01T13:13:37.968983+00:00,36.248,0.2594,0.15,0.0,-0.0897,0.0182,5667.6,1,20.9256,25.538,step
2026-09-01T13:13:37.970273+00:00,36.397,0.2589,0.15,0.0,-0.0891,0.018,5690.88,1,21.0138,25.56,step
2026-09-01T13:13:37.971600+00:00,36.545,0.2585,0.15,0.0,-0.0885,0.0178,5714.17,1,21.1082,25.582,step
2026-09-01T13:13:37.972865+00:00,36.693,0.258,0.15,0.0,-0.0878,0.0177,5737.22,1,21.2099,25.604,step
2026-09-01T13:13:37.974164+00:00,36.842,0.2576,0.15,0.0,-0.0872,0.0175,5760.65,1,21.3183,25.626,step
2026-09-01T13:13:37.975517+00:00,36.991,0.2572,0.15,0.0,-0.0865,0.0174,5784.06,1,21.4341,25.648,step
2026-09-01T13:13:37.976806+00:00,37.14,0.2567,0.15,0.0,-0.0859,0.0173,5807.48,1,21.5575,25.67,step
2026-09-01T13:13:37.978223+00:00,37.289,0.2563,0.15,0.0,-0.0852,0.0171,5830.93,1,21.6892,25.692,step
2026-09-01T13:13:37.979517+00:00,37.438,0.2559,0.15,0.0,-0.0845,0.017,5854.41,1,21.8291,25.714,step
2026-09-01T13:13:37.980805+00:00,37.588,0.2555,0.15,0.0,-0.0839,0.017,5877.93,1,21.9782,25.736,step
2026-09-01T13:13:37.982097+00:00,37.737,0.2551,0.15,0.0,-0.0832,0.0169,5901.65,1,22.1381,25.758,step
2026-09-01T13:13:37.983438+00:00,37.887,0.2547,0.15,0.0,-0.0825,0.0168,5925.19,1,22.3074,25.78,step
2026-09-01T13:13:37.984785+00:00,38.037,0.2543,0.15,0.0,-0.0819,0.0167,5948.86,1,22.48,25.802,step
2026-09-01T13:13:37.986263+00:00,38.187,0.254,0.15,0.0,-0.0812,0.0167,5972.28,1,22.645,25.824,step
2026-09-01T13:13:37.987511+00:00,38.337,0.2536,0.15,0.0,-0.0805,0.0166,5996.1,1,22.8035,25.846,step
2026-09-01T13:13:37.988781+00:00,38.487,0.2532,0.15,0.0,-0.0799,0.0165,6019.6,1,22.9561,25.868,step
2026-09-01T13:13:37.990089+00:00,38.638,0.2528,0.15,0.0,-0.0792,0.0164,6043.4,1,23.1023,25.89,step
2026-09-01T13:13:37.991432+00:00,38.789,0.2524,0.15,0.0,-0.0785,0.0164,6066.94,1,23.2426,25.912,step
2026-09-01T13:13:37.992716+00:00,38.939,0.252,0.15,0.0,-0.0779,0.0163,6090.79,1,23.3768,25.934,step
2026-09-01T13:13:37.994037+00:00,39.09,0.2516,0.15,0.0,-0.0772,0.0163,6114.38,1,23.5055,25.956,step
2026-09-01T13:13:37.995313+00:00,39.241,0.2512,0.15,0.0,-0.0765,0.0162,6137.88,1,23.63,25.978,step
2026-09-01T13:13:37.996607+00:00,39.392,0.2509,0.15,0.0,-0.0758,0.0162,6161.56,1,23.749,26.0,step
2026-09-01T13:13:37.997957+00:00,39.543,0.2505,0.15,0.0,-0.0752,0.0162,6185.45,1,23.863,26.022,step
2026-09-01T13:13:37.999260+00:00,39.694,0.2502,0.15,0.0,-0.0745,0.0161,6209.08,1,23.9726,26.044,step
2026-09-01T13:13:38.000547+00:00,39.846,0.2498,0.15,0.0,-0.0738,0.0161,6232.81,1,24.0784,26.066,step
2026-09-01T13:13:38.001877+00:00,39.997,0.2495,0.15,0.0,-0.0732,0.0161,6256.53,1,24.18,26.088,step
2026-09-01T13:13:38.003294+00:00,40.148,0.2492,0.15,0.0,-0.0725,0.0162,6280.49,1,24.2778,26.11,step
2026-09-01T13:13:38.004609+00:00,40.3,0.2489,0.15,0.0,-0.0718,0.0162,6304.45,1,24.3719,26.132,step
2026-09-01T13:13:38.005892+00:00,40.451,0.2486,0.15,0.0,-0.0711,0.0162,6328.36,1,24.4632,26.154,step
2026-09-01T13:13:38.007212+00:00,40.603,0.2483,0.15,0.0,-0.0705,0.0163,6352.11,1,24.5512,26.176,step
2026-09-01T13:13:38.008549+00:00,40.754,0.248,0.15,0.0,-0.0698,0.0163,6376.11,1,24.6356,26.198,step
2026-09-01T13:13:38.009840+00:00,40.906,0.2477,0.15,0.0,-0.0692,0.0163,6399.91,1,24.7168,26.22,step
2026-09-01T13:13:38.011260+00:00,41.057,0.2473,0.15,0.0,-0.0685,0.0163,6423.66,1,24.7952,26.242,step
2026-09-01T13:13:38.012533+00:00,41.209,0.247,0.15,0.0,-0.0679,0.0163,6447.51,1,24.8699,26.264,step
2026-09-01T13:13:38.013840+00:00,41.361,0.2467,0.15,0.0,-0.0672,0.0164,6471.56,1,24.9416,26.286,step
2026-09-01T13:13:38.015112+00:00,41.513,0.2464,0.15,0.0,-0.0666,0.0164,6495.29,1,25.0105,26.308,step
2026-09-01T13:13:38.016420+00:00,41.665,0.2461,0.15,0.0,-0.066,0.0164,6518.86,1,25.0765,26.33,step
2026-09-01T13:13:38.017710+00:00,41.817,0.2459,0.15,0.0,-0.0653,0.0165,6542.61,1,25.14,26.352,step
2026-09-01T13:13:38.019181+00:00,41.968,0.2456,0.15,0.0,-0.0647,0.0165,6566.62,1,25.2012,26.374,step
2026-09-01T13:13:38.020500+00:00,42.12,0.2453,0.15,0.0,-0.0641,0.0166,6590.33,1,25.2604,26.396,step
2026-09-01T13:13:38.021823+00:00,42.272,0.2451,0.15,0.0,-0.0634,0.0167,6614.18,1,25.3169,26.418,step
2026-09-01T13:13:38.023154+00:00,42.424,0.2448,0.15,0.0,-0.0628,0.0168,6638.11,1,25.3708,26.44,step
2026-09-01T13:13:38.024443+00:00,42.575,0.2446,0.15,0.0,-0.0622,0.0169,6662.02,1,25.4224,26.462,step
2026-09-01T13:13:38.025794+00:00,42.727,0.2444,0.15,0.0,-0.0616,0.017,6685.98,1,25.4722,26.484,step
2026-09-01T13:13:38.027371+00:00,42.878,0.2441,0.15,0.0,-0.061,0.0171,6710.01,1,25.5193,26.506,step
2026-09-01T13:13:38.028742+00:00,43.03,0.2439,0.15,0.0,-0.0604,0.0172,6733.89,1,25.5641,26.528,step
2026-09-01T13:13:38.030087+00:00,43.182,0.2437,0.15,0.0,-0.0598,0.0173,6757.54,1,25.6068,26.55,step
2026-09-01T13:13:38.031371+00:00,43.333,0.2435,0.15,0.0,-0.0592,0.0173,6781.47,1,25.6477,26.572,step
2026-09-01T13:13:38.032656+00:00,43.485,0.2433,0.15,0.0,-0.0587,0.0174,6805.36,1,25.6862,26.594,step
2026-09-01T13:13:38.033972+00:00,43.636,0.243,0.15,0.0,-0.0581,0.0175,6829.23,1,25.7227,26.616,step
2026-09-01T13:13:38.035320+00:00,43.787,0.2428,0.15,0.0,-0.0575,0.0176,6853.02,1,25.7577,26.638,step
2026-09-01T13:13:38.036640+00:00,43.939,0.2426,0.15,0.0,-0.057,0.0177,6876.77,1,25.7912,26.66,step
2026-09-01T13:13:38.037922+00:00,44.09,0.2424,0.15,0.0,-0.0564,0.0177,6900.02,1,25.8231,26.682,step
2026-09-01T13:13:38.039217+00:00,44.241,0.2422,0.15,0.0,-0.0559,0.0178,6923.87,1,25.8528,26.704,step
2026-09-01T13:13:38.040494+00:00,44.392,0.242,0.0,0.15,-0.0553,0.018,6947.51,1,25.8805,26.726,step
2026-09-01T13:13:38.041805+00:00,43.993,0.2416,0.15,0.0,-0.0548,0.0178,6721.05,1,25.9187,26.748,step
2026-09-01T13:13:38.043096+00:00,44.074,0.2411,0.15,0.0,-0.0543,0.0175,6902.47,1,25.9606,26.77,step
2026-09-01T13:13:38.044547+00:00,44.227,0.2409,0.15,0.0,-0.0538,0.0175,6924.98,1,25.9881,26.792,step
2026-09-01T13:13:38.045852+00:00,44.379,0.2407,0.15,0.0,-0.0532,0.0176,6947.96,1,26.0105,26.814,step
2026-09-01T13:13:38.047146+00:00,44.531,0.2405,0.15,0.0,-0.0527,0.0177,6971.31,1,26.0298,26.836,step
2026-09-01T13:13:38.048459+00:00,44.683,0.2404,0.0,0.15,-0.0522,0.0179,6995.14,1,26.0465,26.858,step
2026-09-01T13:13:38.049793+00:00,44.287,0.238,0.15,0.0,-0.0516,0.0152,6766.19,1,26.0723,26.88,step
2026-09-01T13:13:38.051033+00:00,44.366,0.2318,0.15,0.0,-0.0509,0.008,6950.91,1,26.1012,26.902,step
2026-09-01T13:13:38.052322+00:00,44.522,0.2258,0.15,0.0,-0.0498,0.0012,6973.23,1,26.1136,26.924,step
2026-09-01T13:13:38.053525+00:00,44.678,0.2198,0.15,0.0,-0.0484,-0.0054,6996.17,1,26.1153,26.946,step
2026-09-01T13:13:38.054767+00:00,44.835,0.2139,0.0,0.15,-0.0467,-0.0119,7019.63,1,26.1075,26.968,step
2026-09-01T13:13:38.056024+00:00,44.442,0.2077,0.15,0.0,-0.0448,-0.0184,6786.21,1,26.1017,26.99,step
2026-09-01T13:13:38.057207+00:00,44.521,0.2015,0.15,0.0,-0.0426,-0.0248,6975.0,1,26.0927,27.012,step
2026-09-01T13:13:38.058444+00:00,44.681,0.1955,0.0,0.15,-0.0402,-0.0308,6997.38,1,26.0646,27.034,step
2026-09-01T13:13:38.059670+00:00,44.289,0.1893,0.15,0.0,-0.0376,-0.0368,6763.88,1,26.0347,27.056,step
2026-09-01T13:13:38.060984+00:00,44.368,0.1832,0.15,0.0,-0.0347,-0.0426,6948.94,1,25.9996,27.078,step
2026-09-01T13:13:38.062205+00:00,44.529,0.1773,0.0,0.15,-0.0316,-0.0481,6971.63,1,25.9468,27.1,step
2026-09-01T13:13:38.063453+00:00,44.134,0.1713,0.15,0.0,-0.0282,-0.0535,6742.29,1,25.8932,27.122,step
2026-09-01T13:13:38.064712+00:00,44.215,0.1653,0.0,0.15,-0.0247,-0.0588,6922.11,1,25.8338,27.144,step
2026-09-01T13:13:38.065985+00:00,43.822,0.1594,0.15,0.0,-0.021,-0.0639,6694.09,1,25.7658,27.166,step
2026-09-01T13:13:38.067204+00:00,43.901,0.1535,0.15,0.0,-0.0171,-0.0688,6872.76,1,25.691,27.188,step
2026-09-01T13:13:38.068412+00:00,44.063,0.1478,0.0,0.15,-0.013,-0.0733,6896.14,1,25.6003,27.21,step
2026-09-01T13:13:38.069692+00:00,43.673,0.1421,0.0,0.15,-0.0088,-0.0779,6673.08,1,25.5079,27.232,step
2026-09-01T13:13:38.070899+00:00,43.155,0.1363,0.15,0.0,-0.0044,-0.0824,6591.38,1,25.4184,27.254,step
2026-09-01T13:13:38.072073+00:00,43.232,0.1307,0.15,0.0,0.0001,-0.0866,6767.89,1,25.3163,27.276,step
2026-09-01T13:13:38.073244+00:00,43.396,0.1253,0.0,0.15,0.0048,-0.0904,6790.94,1,25.1988,27.298,step
2026-09-01T13:13:38.074445+00:00,43.005,0.1199,0.0,0.15,0.0096,-0.0942,6572.65,1,25.0791,27.32,step
2026-09-01T13:13:38.075669+00:00,42.49,0.1144,0.15,0.0,0.0144,-0.098,6494.63,1,24.9616,27.342,step
2026-09-01T13:13:38.076876+00:00,42.568,0.1092,0.0,0.15,0.0194,-0.1014,6659.91,1,24.8324,27.364,step
2026-09-01T13:13:38.078099+00:00,42.175,0.104,0.15,0.0,0.0245,-0.1047,6447.63,1,24.696,27.386,step
2026-09-01T13:13:38.079380+00:00,42.25,0.0989,0.0,0.15,0.0297,-0.1078,6610.68,1,24.5542,27.408,step
2026-09-01T13:13:38.080611+00:00,41.861,0.0939,0.0,0.15,0.035,-0.1107,6398.61,1,24.4067,27.43,step
2026-09-01T13:13:38.081842+00:00,41.353,0.0889,0.15,0.0,0.0403,-0.1137,6319.67,1,24.2603,27.452,step
2026-09-01T13:13:38.083117+00:00,41.428,0.0841,0.0,0.15,0.0457,-0.1163,6482.59,1,24.1048,27.474,step
2026-09-01T13:13:38.084405+00:00,41.037,0.0794,0.0,0.15,0.0511,-0.1188,6274.08,1,23.9433,27.496,step
2026-09-01T13:13:38.085743+00:00,40.535,0.0747,0.15,0.0,0.0566,-0.1212,6197.02,1,23.7822,27.518,step
2026-09-01T13:13:38.087011+00:00,40.609,0.0702,0.0,0.15,0.0621,-0.1234,6352.95,1,23.613,27.54,step
2026-09-01T13:13:38.088325+00:00,40.219,0.0658,0.0,0.15,0.0677,-0.1254,6151.09,1,23.4386,27.562,step
2026-09-01T13:13:38.089593+00:00,39.721,0.0614,0.15,0.0,0.0732,-0.1274,6074.44,1,23.2652,27.584,step
2026-09-01T13:13:38.090888+00:00,39.791,0.062,0.0,0.15,0.0787,-0.1233,6224.26,1,23.0843,27.606,step
2026-09-01T13:13:38.092220+00:00,39.403,0.0662,0.0,0.15,0.0839,-0.1148,6027.36,1,22.9019,27.628,step
2026-09-01T13:13:38.093527+00:00,38.907,0.0704,0.0,0.15,0.0887,-0.1065,5950.96,1,22.7269,27.65,step
2026-09-01T13:13:38.094937+00:00,38.412,0.0747,0.15,0.0,0.0931,-0.0985,5874.9,1,22.5579,27.672,step
2026-09-01T13:13:38.096245+00:00,38.483,0.079,0.0,0.15,0.0972,-0.0905,6019.41,1,22.3905,27.694,step
2026-09-01T13:13:38.097549+00:00,38.094,0.0834,0.0,0.15,0.101,-0.0826,5830.83,1,22.2265,27.716,step
2026-09-01T13:13:38.098853+00:00,37.6,0.0878,0.15,0.0,0.1045,-0.075,5756.71,1,22.0709,27.738,step
2026-09-01T13:13:38.100188+00:00,37.676,0.0922,0.0,0.15,0.1077,-0.0674,5889.96,1,21.9166,27.76,step
2026-09-01T13:13:38.101538+00:00,37.284,0.0967,0.0,0.15,0.1106,-0.06,5708.64,1,21.7657,27.782,step
2026-09-01T13:13:38.103006+00:00,36.792,0.101,0.15,0.0,0.1132,-0.0529,5632.33,1,21.6244,27.804,step
2026-09-01T13:13:38.104382+00:00,36.872,0.1055,0.0,0.15,0.1156,-0.0458,5765.53,1,21.4834,27.826,step
2026-09-01T13:13:38.105716+00:00,36.481,0.11,0.15,0.0,0.1178,-0.0389,5584.88,1,21.346,27.848,step
2026-09-01T13:13:38.107035+00:00,36.559,0.1145,0.0,0.15,0.1196,-0.0321,5716.61,1,21.2117,27.87,step
2026-09-01T13:13:38.108371+00:00,36.169,0.119,0.0,0.15,0.1213,-0.0254,5537.69,1,21.0813,27.892,step
2026-09-01T13:13:38.109751+00:00,35.682,0.1234,0.15,0.0,0.1227,-0.019,5462.58,1,20.9597,27.914,step
2026-09-01T13:13:38.111080+00:00,35.761,0.1279,0.0,0.15,0.1239,-0.0127,5593.02,1,20.8377,27.936,step
2026-09-01T13:13:38.112399+00:00,35.371,0.1318,0.15,0.0,0.1249,-0.0071,5416.09,1,20.7191,27.958,step
2026-09-01T13:13:38.113688+00:00,35.451,0.1357,0.0,0.15,0.1258,-0.0018,5544.08,1,20.6034,27.98,step
2026-09-01T13:13:38.115001+00:00,35.06,0.1395,0.0,0.15,0.1264,0.0034,5369.34,1,20.4912,28.002,step
2026-09-01T13:13:38.116298+00:00,34.574,0.1432,0.15,0.0,0.1269,0.0083,5294.37,1,20.3877,28.024,step
2026-09-01T13:13:38.117641+00:00,34.657,0.147,0.15,0.0,0.1272,0.0133,5420.59,1,20.2825,28.046,step
2026-09-01T13:13:38.118985+00:00,34.804,0.151,0.0,0.15,0.1274,0.0183,5441.67,1,20.1741,28.068,step
2026-09-01T13:13:38.120415+00:00,34.411,0.1548,0.0,0.15,0.1274,0.0231,5273.42,1,20.0729,28.09,step
2026-09-01T13:13:38.121739+00:00,33.925,0.1584,0.15,0.0,0.1273,0.0276,5235.99,1,19.9805,28.112,step
2026-09-01T13:13:38.123031+00:00,34.011,0.1622,0.0,0.15,0.127,0.0321,5318.7,1,19.8859,28.134,step
2026-09-01T13:13:38.124331+00:00,33.615,0.1659,0.15,0.0,0.1266,0.0365,5235.99,1,19.7948,28.156,step
2026-09-01T13:13:38.125668+00:00,33.701,0.1696,0.0,0.15,0.1261,0.0408,5271.67,1,19.706,28.178,step
2026-09-01T13:13:38.127147+00:00,33.306,0.1732,0.15,0.0,0.1255,0.0449,5235.99,1,19.6207,28.2,step
2026-09-01T13:13:38.128483+00:00,33.392,0.1769,0.15,0.0,0.1247,0.049,5235.99,1,19.5368,28.222,step
2026-09-01T13:13:38.129811+00:00,33.534,0.1807,0.0,0.15,0.1238,0.0532,5244.17,1,19.4495,28.244,step
2026-09-01T13:13:38.131150+00:00,33.141,0.1843,0.0,0.15,0.1228,0.0571,5235.99,1,19.3699,28.266,step
2026-09-01T13:13:38.132457+00:00,32.654,0.1877,0.8,0.0,0.1217,0.0607,5235.99,1,19.2989,28.288,step
2026-09-01T13:13:38.133819+00:00,33.171,0.1911,0.0,0.15,0.1205,0.0642,5864.93,1,19.2319,28.31,step
2026-09-01T13:13:38.135147+00:00,33.056,0.1942,0.0,0.15,0.1191,0.0672,5235.99,1,19.1636,28.332,step
2026-09-01T13:13:38.136491+00:00,32.569,0.1971,0.8,0.0,0.1177,0.0699,5235.99,1,19.0984,28.354,step
2026-09-01T13:13:38.137776+00:00,33.094,0.1999,0.0,0.15,0.1163,0.0725,5830.05,1,19.0372,28.376,step
2026-09-01T13:13:38.139049+00:00,32.969,0.2028,0.0,0.15,0.1147,0.0752,5235.99,1,18.9747,28.398,step
2026-09-01T13:13:38.140323+00:00,32.48,0.2056,0.0,0.15,0.113,0.0777,5235.99,1,18.9151,28.42,step
2026-09-01T13:13:38.141635+00:00,31.991,0.2083,0.8,0.0,0.1114,0.0801,5235.99,1,18.8601,28.442,step
2026-09-01T13:13:38.142954+00:00,32.507,0.211,0.0,0.15,0.1097,0.0823,5738.43,1,18.8081,28.464,step
2026-09-01T13:13:38.144484+00:00,32.38,0.2138,0.0,0.15,0.1078,0.0846,5235.99,1,18.7541,28.486,step
2026-09-01T13:13:38.145790+00:00,31.89,0.2165,0.8,0.0,0.106,0.0868,5235.99,1,18.7027,28.508,step
2026-09-01T13:13:38.147107+00:00,32.424,0.2191,0.0,0.15,0.1041,0.0889,5668.72,1,18.655,28.53,step
2026-09-01T13:13:38.148389+00:00,32.273,0.2218,0.0,0.15,0.1021,0.091,5235.99,1,18.6058,28.552,step
2026-09-01T13:13:38.149733+00:00,31.783,0.2244,0.0,0.15,0.1001,0.093,5235.99,1,18.56,28.574,step
2026-09-01T13:13:38.151056+00:00,31.294,0.2269,0.8,0.0,0.0981,0.0949,5235.99,1,18.5181,28.596,step
2026-09-01T13:13:38.152425+00:00,31.804,0.2293,0.0,0.15,0.096,0.0966,5611.53,1,18.4799,28.618,step
2026-09-01T13:13:38.153751+00:00,31.668,0.2318,0.0,0.15,0.0939,0.0984,5235.99,1,18.4395,28.64,step
2026-09-01T13:13:38.155082+00:00,31.179,0.2343,0.8,0.0,0.0917,0.1002,5235.99,1,18.4013,28.662,step
2026-09-01T13:13:38.156387+00:00,31.699,0.2367,0.0,0.15,0.0895,0.1018,5554.75,1,18.3671,28.684,step
2026-09-01T13:13:38.157729+00:00,31.549,0.2391,0.0,0.15,0.0872,0.1034,5235.99,1,18.3311,28.706,step
2026-09-01T13:13:38.159001+00:00,31.057,0.2413,0.8,0.0,0.085,0.1047,5235.99,1,18.2976,28.728,step
2026-09-01T13:13:38.160323+00:00,31.576,0.2432,0.0,0.15,0.0827,0.1057,5534.53,1,18.2685,28.75,step
2026-09-01T13:13:38.161630+00:00,31.423,0.2452,0.0,0.15,0.0803,0.1067,5235.99,1,18.2375,28.772,step
2026-09-01T13:13:38.162905+00:00,30.931,0.2471,0.8,0.0,0.078,0.1076,5235.99,1,18.2088,28.794,step
2026-09-01T13:13:38.164172+00:00,31.449,0.2489,0.0,0.15,0.0756,0.1084,5514.71,1,18.1846,28.816,step
2026-09-01T13:13:38.165458+00:00,31.296,0.2507,0.0,0.15,0.0732,0.1092,5235.99,1,18.1583,28.838,step
2026-09-01T13:13:38.166747+00:00,30.803,0.2526,0.8,0.0,0.0709,0.11,5235.99,1,18.1343,28.86,step
2026-09-01T13:13:38.168027+00:00,31.331,0.2543,0.0,0.15,0.0685,0.1106,5463.57,1,18.1145,28.882,step
2026-09-01T13:13:38.169383+00:00,31.164,0.2561,0.0,0.15,0.066,0.1114,5235.99,1,18.092,28.904,step
2026-09-01T13:13:38.170669+00:00,30.67,0.2578,0.8,0.0,0.0636,0.112,5235.99,1,18.0719,28.926,step
2026-09-01T13:13:38.171973+00:00,31.194,0.2594,0.0,0.15,0.0612,0.1125,5451.76,1,18.0565,28.948,step
2026-09-01T13:13:38.173271+00:00,31.029,0.2611,0.0,0.15,0.0588,0.1131,5235.99,1,18.0389,28.97,step
2026-09-01T13:13:38.174609+00:00,30.537,0.2627,0.8,0.0,0.0563,0.1136,5235.99,1,18.0237,28.992,step
2026-09-01T13:13:38.175896+00:00,31.053,0.2642,0.0,0.15,0.0539,0.114,5446.51,1,18.0133,29.014,step
2026-09-01T13:13:38.177257+00:00,30.896,0.2658,0.0,0.15,0.0514,0.1145,5235.99,1,18.0004,29.036,step
2026-09-01T13:13:38.178578+00:00,30.404,0.2674,0.8,0.0,0.049,0.1149,5235.99,1,17.9892,29.058,step
2026-09-01T13:13:38.179859+00:00,30.921,0.2688,0.0,0.15,0.0466,0.1151,5418.88,1,17.9827,29.08,step
2026-09-01T13:13:38.181175+00:00,30.761,0.2704,0.8,0.0,0.0441,0.1155,5235.99,1,17.9739,29.102,step
2026-09-01T13:13:38.182534+00:00,31.292,0.2718,0.0,0.15,0.0416,0.1158,5439.14,1,17.9682,29.124,step
2026-09-01T13:13:38.183819+00:00,31.119,0.2732,0.0,0.15,0.0391,0.1159,5235.99,1,17.9608,29.146,step
2026-09-01T13:13:38.185186+00:00,30.623,0.2743,0.8,0.0,0.0366,0.1158,5235.99,1,17.9557,29.168,step
2026-09-01T13:13:38.186527+00:00,31.137,0.2753,0.0,0.15,0.0341,0.1155,5467.13,1,17.9563,29.19,step
2026-09-01T13:13:38.187816+00:00,30.983,0.2764,0.0,0.15,0.0317,0.1153,5235.99,1,17.9545,29.212,step
2026-09-01T13:13:38.189130+00:00,30.488,0.2774,0.8,0.0,0.0293,0.115,5235.99,1,17.9543,29.234,step
2026-09-01T13:13:38.190387+00:00,31.003,0.2783,0.0,0.15,0.0269,0.1146,5445.72,1,17.9594,29.256,step
2026-09-01T13:13:38.191683+00:00,30.848,0.2793,0.0,0.15,0.0244,0.1143,5235.99,1,17.9617,29.278,step
2026-09-01T13:13:38.192961+00:00,30.353,0.2802,0.8,0.0,0.0221,0.114,5235.99,1,17.9655,29.3,step
2026-09-01T13:13:38.194318+00:00,30.884,0.281,0.0,0.15,0.0197,0.1136,5378.27,1,17.9738,29.322,step
2026-09-01T13:13:38.195618+00:00,30.708,0.2819,0.8,0.0,0.0174,0.1133,5235.99,1,17.9792,29.344,step
2026-09-01T13:13:38.196956+00:00,31.244,0.2827,0.0,0.15,0.015,0.1128,5419.69,1,17.9881,29.366,step
2026-09-01T13:13:38.198285+00:00,31.064,0.2836,0.0,0.15,0.0126,0.1125,5235.99,1,17.9952,29.388,step
2026-09-01T13:13:38.199626+00:00,30.568,0.2845,0.8,0.0,0.0103,0.112,5235.99,1,18.0049,29.41,step
2026-09-01T13:13:38.200952+00:00,31.082,0.2851,0.0,0.15,0.0081,0.1115,5466.14,1,18.0202,29.432,step
2026-09-01T13:13:38.202340+00:00,30.929,0.2859,0.8,0.0,0.0058,0.111,5235.99,1,18.033,29.454,step
2026-09-01T13:13:38.203645+00:00,31.456,0.2866,0.0,0.15,0.0035,0.1104,5492.73,1,18.0493,29.476,step
2026-09-01T13:13:38.204954+00:00,31.293,0.2874,0.0,0.15,0.0012,0.1099,5235.99,1,18.0637,29.498,step
2026-09-01T13:13:38.206251+00:00,30.797,0.2881,0.8,0.0,-0.0011,0.1095,5235.99,1,18.0795,29.52,step
2026-09-01T13:13:38.207559+00:00,31.31,0.2887,0.0,0.15,-0.0033,0.1088,5513.43,1,18.1018,29.542,step
2026-09-01T13:13:38.208861+00:00,31.163,0.2893,0.0,0.15,-0.0055,0.1082,5235.99,1,18.1216,29.564,step
2026-09-01T13:13:38.210174+00:00,30.669,0.2897,0.8,0.0,-0.0077,0.1073,5235.99,1,18.1424,29.586,step
2026-09-01T13:13:38.211431+00:00,31.182,0.2899,0.8,0.0,-0.0098,0.1062,5489.15,1,18.1692,29.608,step
2026-09-01T13:13:38.212705+00:00,31.973,0.2899,0.0,0.15,-0.0119,0.1049,5749.91,1,18.2046,29.63,step
2026-09-01T13:13:38.214027+00:00,31.888,0.2901,0.0,0.15,-0.0141,0.1038,5235.99,1,18.2304,29.652,step
2026-09-01T13:13:38.215364+00:00,31.391,0.2905,0.0,0.15,-0.0162,0.103,5235.99,1,18.2529,29.674,step
2026-09-01T13:13:38.216663+00:00,30.895,0.2907,0.8,0.0,-0.0182,0.102,5235.99,1,18.2798,29.696,step
2026-09-01T13:13:38.217969+00:00,31.399,0.2908,0.8,0.0,-0.0202,0.1009,5561.22,1,18.3135,29.718,step
2026-09-01T13:13:38.219364+00:00,32.201,0.2907,0.0,0.15,-0.0222,0.0994,5825.63,1,18.3563,29.74,step
2026-09-01T13:13:38.220636+00:00,32.131,0.2908,0.0,0.15,-0.0242,0.0984,5235.99,1,18.3893,29.762,step
2026-09-01T13:13:38.221915+00:00,31.634,0.291,0.15,0.0,-0.0262,0.0974,5235.99,1,18.4182,29.784,step
2026-09-01T13:13:38.223206+00:00,31.725,0.2914,0.0,0.15,-0.028,0.0967,5235.99,1,18.4427,29.806,step
2026-09-01T13:13:38.224511+00:00,31.322,0.2917,0.8,0.0,-0.0298,0.0959,5235.99,1,18.4699,29.828,step
2026-09-01T13:13:38.225850+00:00,31.834,0.2916,0.0,0.15,-0.0316,0.0948,5632.62,1,18.5104,29.85,step
2026-09-01T13:13:38.227260+00:00,31.702,0.2917,0.15,0.0,-0.0334,0.0937,5235.99,1,18.5488,29.872,step
2026-09-01T13:13:38.228546+00:00,31.793,0.2919,0.15,0.0,-0.0351,0.093,5235.99,1,18.5773,29.894,step
2026-09-01T13:13:38.229834+00:00,31.923,0.2924,0.15,0.0,-0.0368,0.0925,5235.99,1,18.5979,29.916,step
2026-09-01T13:13:38.231132+00:00,32.053,0.2929,0.0,0.15,-0.0385,0.0921,5235.99,1,18.6184,29.938,step
2026-09-01T13:13:38.232429+00:00,31.652,0.2931,0.15,0.0,-0.0401,0.0914,5235.99,1,18.6507,29.96,step
2026-09-01T13:13:38.233734+00:00,31.744,0.2933,0.15,0.0,-0.0417,0.0906,5235.99,1,18.6844,29.982,step
2026-09-01T13:13:38.234994+00:00,31.874,0.2935,0.15,0.0,-0.0433,0.0898,5235.99,1,18.7104,30.004,step
2026-09-01T13:13:38.236317+00:00,32.004,0.2936,0.15,0.0,-0.0449,0.089,5235.99,1,18.7369,30.026,step
2026-09-01T13:13:38.237590+00:00,32.133,0.2938,0.15,0.0,-0.0464,0.0882,5235.99,1,18.7638,30.048,step
2026-09-01T13:13:38.238855+00:00,32.263,0.2939,0.15,0.0,-0.0479,0.0874,5235.99,1,18.7912,30.07,step
2026-09-01T13:13:38.240141+00:00,32.392,0.294,0.0,0.15,-0.0494,0.0866,5235.99,1,18.8192,30.092,step
2026-09-01T13:13:38.241416+00:00,31.99,0.2939,0.15,0.0,-0.0509,0.0855,5235.99,1,18.8596,30.114,step
2026-09-01T13:13:38.242717+00:00,32.083,0.2937,0.15,0.0,-0.0523,0.0844,5235.99,1,18.9015,30.136,step
2026-09-01T13:13:38.244048+00:00,32.212,0.2937,0.15,0.0,-0.0537,0.0835,5235.99,1,18.9349,30.158,step
2026-09-01T13:13:38.245312+00:00,32.341,0.2937,0.15,0.0,-0.0551,0.0827,5235.99,1,18.9683,30.18,step
2026-09-01T13:13:38.246598+00:00,32.47,0.2938,0.15,0.0,-0.0565,0.0819,5235.99,1,19.0024,30.202,step
2026-09-01T13:13:38.247871+00:00,32.599,0.2938,0.15,0.0,-0.0578,0.0811,5235.99,1,19.0373,30.224,step
2026-09-01T13:13:38.249166+00:00,32.727,0.2938,0.15,0.0,-0.0591,0.0803,5235.99,1,19.0735,30.246,step
2026-09-01T13:13:38.250469+00:00,32.856,0.2938,0.15,0.0,-0.0604,0.0795,5235.99,1,19.1109,30.268,step
2026-09-01T13:13:38.251806+00:00,32.984,0.2938,0.0,0.15,-0.0617,0.0787,5235.99,1,19.1497,30.29,step
2026-09-01T13:13:38.253174+00:00,32.585,0.2935,0.15,0.0,-0.0629,0.0775,5235.99,1,19.2011,30.312,step
2026-09-01T13:13:38.254488+00:00,32.676,0.2932,0.15,0.0,-0.0641,0.0764,5235.99,1,19.2541,30.334,step
2026-09-01T13:13:38.255850+00:00,32.806,0.293,0.15,0.0,-0.0653,0.0755,5235.99,1,19.2985,30.356,step
2026-09-01T13:13:38.257225+00:00,32.935,0.2929,0.15,0.0,-0.0664,0.0747,5235.99,1,19.3426,30.378,step
2026-09-01T13:13:38.258539+00:00,33.064,0.2928,0.15,0.0,-0.0675,0.0738,5235.99,1,19.3871,30.4,step
2026-09-01T13:13:38.259853+00:00,33.193,0.2925,0.15,0.0,-0.0686,0.0727,5235.99,1,19.4322,30.422,step
2026-09-01T13:13:38.261292+00:00,33.321,0.2921,0.15,0.0,-0.0697,0.0716,5235.99,1,19.4775,30.444,step
2026-09-01T13:13:38.262624+00:00,33.45,0.2918,0.15,0.0,-0.0707,0.0705,5241.27,1,19.5237,30.466,step
2026-09-01T13:13:38.263956+00:00,33.578,0.2914,0.15,0.0,-0.0717,0.0695,5261.81,1,19.5713,30.488,step
2026-09-01T13:13:38.265242+00:00,33.706,0.2911,0.15,0.0,-0.0727,0.0684,5282.34,1,19.6201,30.51,step
2026-09-01T13:13:38.266588+00:00,33.835,0.2907,0.15,0.0,-0.0736,0.0673,5302.64,1,19.6703,30.532,step
2026-09-01T13:13:38.267869+00:00,33.964,0.2903,0.15,0.0,-0.0746,0.0662,5321.48,1,19.7219,30.554,step
2026-09-01T13:13:38.269377+00:00,34.093,0.2899,0.15,0.0,-0.0754,0.0652,5341.78,1,19.774,30.576,step
2026-09-01T13:13:38.270667+00:00,34.222,0.2894,0.0,0.15,-0.0763,0.0641,5362.62,1,19.8274,30.598,step
2026-09-01T13:13:38.272021+00:00,33.824,0.2887,0.15,0.0,-0.0771,0.0627,5235.99,1,19.8945,30.62,step
2026-09-01T13:13:38.273334+00:00,33.913,0.288,0.15,0.0,-0.0779,0.0613,5319.37,1,19.9648,30.642,step
2026-09-01T13:13:38.274687+00:00,34.044,0.2874,0.15,0.0,-0.0786,0.0602,5337.23,1,20.0257,30.664,step
2026-09-01T13:13:38.275999+00:00,34.174,0.2869,0.15,0.0,-0.0793,0.0591,5356.63,1,20.0851,30.686,step
2026-09-01T13:13:38.277513+00:00,34.304,0.2864,0.15,0.0,-0.08,0.0581,5376.17,1,20.1448,30.708,step
2026-09-01T13:13:38.278833+00:00,34.434,0.2859,0.15,0.0,-0.0806,0.0571,5396.09,1,20.2043,30.73,step
2026-09-01T13:13:38.280166+00:00,34.565,0.2854,0.15,0.0,-0.0812,0.0561,5416.4,1,20.2643,30.752,step
2026-09-01T13:13:38.281527+00:00,34.695,0.285,0.15,0.0,-0.0818,0.0551,5436.98,1,20.3248,30.774,step
2026-09-01T13:13:38.282827+00:00,34.826,0.2844,0.15,0.0,-0.0823,0.0541,5457.84,1,20.3865,30.796,step
2026-09-01T13:13:38.284145+00:00,34.956,0.2837,0.15,0.0,-0.0828,0.0528,5478.64,1,20.4499,30.818,step
2026-09-01T13:13:38.285524+00:00,35.087,0.2829,0.15,0.0,-0.0833,0.0516,5499.31,1,20.5147,30.84,step
2026-09-01T13:13:38.286817+00:00,35.218,0.2822,0.15,0.0,-0.0838,0.0504,5519.85,1,20.5811,30.862,step
2026-09-01T13:13:38.288126+00:00,35.35,0.2814,0.15,0.0,-0.0842,0.0491,5540.38,1,20.6485,30.884,step
2026-09-01T13:13:38.289405+00:00,35.481,0.2806,0.15,0.0,-0.0845,0.0479,5560.97,1,20.7164,30.906,step
2026-09-01T13:13:38.290730+00:00,35.613,0.2798,0.15,0.0,-0.0848,0.0467,5581.14,1,20.7858,30.928,step
2026-09-01T13:13:38.292049+00:00,35.745,0.279,0.15,0.0,-0.0851,0.0456,5600.78,1,20.8558,30.95,step
2026-09-01T13:13:38.293381+00:00,35.877,0.2782,0.15,0.0,-0.0854,0.0444,5621.62,1,20.9261,30.972,step
2026-09-01T13:13:38.294772+00:00,36.009,0.2774,0.15,0.0,-0.0856,0.0433,5642.91,1,20.9975,30.994,step
2026-09-01T13:13:38.296099+00:00,36.141,0.2766,0.15,0.0,-0.0858,0.0421,5664.43,1,21.0698,31.016,step
2026-09-01T13:13:38.297453+00:00,36.273,0.2758,0.15,0.0,-0.086,0.041,5685.46,1,21.1444,31.038,step
2026-09-01T13:13:38.298755+00:00,36.406,0.2749,0.15,0.0,-0.0861,0.0399,5706.27,1,21.2198,31.06,step
2026-09-01T13:13:38.300076+00:00,36.539,0.2741,0.15,0.0,-0.0861,0.0388,5726.99,1,21.2961,31.082,step
2026-09-01T13:13:38.301411+00:00,36.672,0.2733,0.15,0.0,-0.0862,0.0377,5747.78,1,21.3727,31.104,step
2026-09-01T13:13:38.302772+00:00,36.806,0.2724,0.15,0.0,-0.0862,0.0366,5768.59,1,21.4501,31.126,step
2026-09-01T13:13:38.304121+00:00,36.94,0.2716,0.15,0.0,-0.0862,0.0356,5789.5,1,21.528,31.148,step
2026-09-01T13:13:38.305430+00:00,37.073,0.2707,0.15,0.0,-0.0861,0.0345,5810.46,1,21.6076,31.17,step
2026-09-01T13:13:38.306767+00:00,37.207,0.2696,0.15,0.0,-0.0861,0.0332,5831.37,1,21.6879,31.192,step
2026-09-01T13:13:38.308108+00:00,37.341,0.2685,0.15,0.0,-0.0859,0.032,5852.31,1,21.7697,31.214,step
2026-09-01T13:13:38.309400+00:00,37.475,0.2675,0.15,0.0,-0.0858,0.0307,5873.26,1,21.8518,31.236,step
2026-09-01T13:13:38.310812+00:00,37.609,0.2664,0.15,0.0,-0.0855,0.0295,5894.27,1,21.9343,31.258,step
2026-09-01T13:13:38.312208+00:00,37.744,0.2653,0.15,0.0,-0.0853,0.0283,5915.17,1,22.0172,31.28,step
2026-09-01T13:13:38.313565+00:00,37.879,0.2642,0.15,0.0,-0.085,0.0272,5934.86,1,22.1003,31.302,step
2026-09-01T13:13:38.314865+00:00,38.013,0.2632,0.15,0.0,-0.0847,0.0261,5955.91,1,22.1838,31.324,step
2026-09-01T13:13:38.316226+00:00,38.148,0.2621,0.15,0.0,-0.0843,0.025,5977.3,1,22.2682,31.346,step
2026-09-01T13:13:38.317555+00:00,38.282,0.2611,0.15,0.0,-0.0839,0.0239,5999.11,1,22.3531,31.368,step
2026-09-01T13:13:38.319015+00:00,38.416,0.26,0.15,0.0,-0.0835,0.0228,6020.57,1,22.44,31.39,step
2026-09-01T13:13:38.320341+00:00,38.552,0.2589,0.15,0.0,-0.083,0.0217,6041.88,1,22.5282,31.412,step
2026-09-01T13:13:38.321674+00:00,38.687,0.2578,0.15,0.0,-0.0825,0.0207,6062.92,1,22.6167,31.434,step
2026-09-01T13:13:38.323010+00:00,38.822,0.2567,0.15,0.0,-0.082,0.0197,6084.04,1,22.7055,31.456,step
2026-09-01T13:13:38.324382+00:00,38.958,0.2556,0.15,0.0,-0.0814,0.0187,6105.19,1,22.795,31.478,step
2026-09-01T13:13:38.325787+00:00,39.094,0.2546,0.15,0.0,-0.0808,0.0177,6126.4,1,22.8853,31.5,step
2026-09-01T13:13:38.327227+00:00,39.229,0.2534,0.15,0.0,-0.0801,0.0167,6147.56,1,22.9763,31.522,step
2026-09-01T13:13:38.328500+00:00,39.365,0.2521,0.15,0.0,-0.0794,0.0155,6168.67,1,23.0665,31.544,step
2026-09-01T13:13:38.329866+00:00,39.502,0.2509,0.15,0.0,-0.0787,0.0144,6189.86,1,23.1567,31.566,step
2026-09-01T13:13:38.331190+00:00,39.638,0.2496,0.15,0.0,-0.078,0.0133,6211.05,1,23.2477,31.588,step
2026-09-01T13:13:38.332538+00:00,39.773,0.2484,0.15,0.0,-0.0772,0.0122,6232.28,1,23.3397,31.61,step
2026-09-01T13:13:38.333939+00:00,39.91,0.2471,0.15,0.0,-0.0763,0.0112,6253.54,1,23.4316,31.632,step
2026-09-01T13:13:38.335344+00:00,40.047,0.2459,0.15,0.0,-0.0755,0.0102,6273.55,1,23.5236,31.654,step
2026-09-01T13:13:38.336742+00:00,40.182,0.2446,0.15,0.0,-0.0746,0.0092,6294.91,1,23.6158,31.676,step
2026-09-01T13:13:38.338080+00:00,40.318,0.2434,0.15,0.0,-0.0736,0.0082,6316.68,1,23.7088,31.698,step
2026-09-01T13:13:38.339524+00:00,40.455,0.2422,0.15,0.0,-0.0726,0.0073,6338.44,1,23.8022,31.72,step
2026-09-01T13:13:38.340922+00:00,40.591,0.2409,0.15,0.0,-0.0716,0.0064,6359.89,1,23.8963,31.742,step
2026-09-01T13:13:38.342333+00:00,40.728,0.2397,0.15,0.0,-0.0705,0.0055,6381.33,1,23.9908,31.764,step
2026-09-01T13:13:38.343737+00:00,40.864,0.2385,0.15,0.0,-0.0695,0.0047,6402.66,1,24.0856,31.786,step
2026-09-01T13:13:38.345233+00:00,41.002,0.2373,0.15,0.0,-0.0684,0.0039,6423.84,1,24.1797,31.808,step
2026-09-01T13:13:38.346630+00:00,41.138,0.2361,0.15,0.0,-0.0672,0.0031,6445.2,1,24.2752,31.83,step
2026-09-01T13:13:38.348001+00:00,41.275,0.2349,0.15,0.0,-0.0661,0.0023,6466.49,1,24.3763,31.852,step
2026-09-01T13:13:38.349407+00:00,41.412,0.2335,0.15,0.0,-0.0649,0.0013,6487.8,1,24.4834,31.874,step
2026-09-01T13:13:38.350817+00:00,41.549,0.2322,0.15,0.0,-0.0637,0.0004,6509.13,1,24.5968,31.896,step
2026-09-01T13:13:38.352258+00:00,41.686,0.2308,0.15,0.0,-0.0624,-0.0005,6530.39,1,24.7159,31.918,step
2026-09-01T13:13:38.353611+00:00,41.823,0.2295,0.15,0.0,-0.0611,-0.0013,6551.7,1,24.8414,31.94,step
2026-09-01T13:13:38.355001+00:00,41.96,0.2282,0.15,0.0,-0.0598,-0.0022,6573.09,1,24.9741,31.962,step
2026-09-01T13:13:38.356376+00:00,42.098,0.2269,0.15,0.0,-0.0585,-0.0029,6593.39,1,25.1141,31.984,step
2026-09-01T13:13:38.357770+00:00,42.234,0.2256,0.15,0.0,-0.0571,-0.0037,6614.84,1,25.2607,32.006,step
2026-09-01T13:13:38.359023+00:00,42.359,0.2244,0.15,0.0,-0.0558,-0.0043,6634.62,1,25.401,32.026,step
2026-09-01T13:13:38.360376+00:00,42.483,0.2233,0.15,0.0,-0.0545,-0.005,6654.37,1,25.5479,32.046,step
2026-09-01T13:13:38.361635+00:00,42.608,0.2222,0.15,0.0,-0.0532,-0.0056,6673.89,1,25.7015,32.066,step
2026-09-01T13:13:38.362917+00:00,42.732,0.221,0.15,0.0,-0.0519,-0.0061,6693.49,1,25.8638,32.086,step
2026-09-01T13:13:38.364196+00:00,42.857,0.2199,0.15,0.0,-0.0505,-0.0067,6712.84,1,26.0333,32.106,step
2026-09-01T13:13:38.365455+00:00,42.982,0.2188,0.15,0.0,-0.0492,-0.0072,6732.2,1,26.2107,32.126,step
2026-09-01T13:13:38.366728+00:00,43.107,0.2177,0.15,0.0,-0.0478,-0.0077,6751.59,1,26.396,32.146,step
2026-09-01T13:13:38.367969+00:00,43.231,0.2166,0.15,0.0,-0.0464,-0.0082,6771.02,1,26.5914,32.166,step
2026-09-01T13:13:38.369337+00:00,43.356,0.2154,0.15,0.0,-0.045,-0.0089,6790.4,1,26.7956,32.186,step
2026-09-01T13:13:38.370607+00:00,43.481,0.2142,0.15,0.0,-0.0435,-0.0095,6809.72,1,27.0081,32.206,step
2026-09-01T13:13:38.371924+00:00,43.605,0.213,0.15,0.0,-0.0421,-0.0101,6829.1,1,27.2306,32.226,step
2026-09-01T13:13:38.373198+00:00,43.73,0.2118,0.15,0.0,-0.0406,-0.0106,6848.44,1,27.464,32.246,step
2026-09-01T13:13:38.374516+00:00,43.855,0.2106,0.15,0.0,-0.0391,-0.0112,6867.76,1,27.7082,32.266,step
2026-09-01T13:13:38.375792+00:00,43.979,0.2094,0.15,0.0,-0.0375,-0.0117,6886.4,1,27.9645,32.286,step
2026-09-01T13:13:38.377139+00:00,44.104,0.2083,0.15,0.0,-0.036,-0.0121,6905.73,1,28.2316,32.306,step
2026-09-01T13:13:38.378440+00:00,44.228,0.2072,0.15,0.0,-0.0345,-0.0125,6925.26,1,28.5103,32.326,step
2026-09-01T13:13:38.379708+00:00,44.352,0.2061,0.15,0.0,-0.0329,-0.013,6945.06,1,28.804,32.346,step
2026-09-01T13:13:38.381037+00:00,44.477,0.205,0.15,0.0,-0.0313,-0.0133,6964.53,1,29.1122,32.366,step
2026-09-01T13:13:38.382295+00:00,44.601,0.2039,0.15,0.0,-0.0297,-0.0137,6983.98,1,29.4362,32.386,step
2026-09-01T13:13:38.383603+00:00,44.725,0.2028,0.15,0.0,-0.0281,-0.014,7003.31,1,29.7763,32.406,step
2026-09-01T13:13:38.384924+00:00,44.85,0.2018,0.15,0.0,-0.0265,-0.0143,7022.6,1,30.1327,32.426,step
2026-09-01T13:13:38.386273+00:00,44.974,0.2008,0.15,0.0,-0.0249,-0.0146,7041.96,1,30.5078,32.446,step
2026-09-01T13:13:38.387525+00:00,45.098,0.1997,0.15,0.0,-0.0233,-0.0149,7061.21,1,30.9008,32.466,step
2026-09-01T13:13:38.388814+00:00,45.222,0.1985,0.15,0.0,-0.0216,-0.0153,7080.53,1,31.3148,32.486,step
2026-09-01T13:13:38.390114+00:00,45.346,0.1974,0.15,0.0,-0.02,-0.0157,7099.74,1,31.7496,32.506,step
2026-09-01T13:13:38.391362+00:00,45.471,0.1963,0.15,0.0,-0.0183,-0.0161,7118.95,1,32.206,32.526,step
2026-09-01T13:13:38.392680+00:00,45.595,0.1952,0.15,0.0,-0.0166,-0.0164,7138.16,1,32.6845,32.546,step
2026-09-01T13:13:38.394087+00:00,45.718,0.1941,0.15,0.0,-0.0149,-0.0167,7157.4,1,33.1892,32.566,step
2026-09-01T13:13:38.395388+00:00,45.843,0.193,0.15,0.0,-0.0132,-0.0169,7176.15,1,33.7202,32.586,step
2026-09-01T13:13:38.396716+00:00,45.966,0.192,0.15,0.0,-0.0115,-0.0172,7195.42,1,34.2804,32.606,step
2026-09-01T13:13:38.398002+00:00,46.09,0.191,0.15,0.0,-0.0098,-0.0174,7214.82,1,34.8717,32.626,step
2026-09-01T13:13:38.399323+00:00,46.213,0.19,0.15,0.0,-0.0081,-0.0176,7234.19,1,35.4969,32.646,step
2026-09-01T13:13:38.400633+00:00,46.337,0.189,0.15,0.0,-0.0063,-0.0177,7253.56,1,36.1589,32.666,step
2026-09-01T13:13:38.402017+00:00,46.46,0.188,0.15,0.0,-0.0046,-0.0179,7272.66,1,36.859,32.686,step
2026-09-01T13:13:38.403347+00:00,46.583,0.1871,0.15,0.0,-0.0029,-0.018,7291.89,1,37.601,32.706,step
2026-09-01T13:13:38.404664+00:00,46.707,0.1861,0.15,0.0,-0.0011,-0.018,7311.1,1,38.387,32.726,step
2026-09-01T13:13:38.405998+00:00,46.83,0.1852,0.15,0.0,0.0006,-0.0181,7330.11,1,39.2207,32.746,step
2026-09-01T13:13:38.407321+00:00,46.953,0.1842,0.15,0.0,0.0024,-0.0183,7349.24,1,40.1073,32.766,step
2026-09-01T13:13:38.408638+00:00,47.076,0.1832,0.0,0.15,0.0041,-0.0184,7368.34,1,41.0494,32.786,step
2026-09-01T13:13:38.409950+00:00,46.705,0.182,0.15,0.0,0.0058,-0.0188,7130.01,1,42.0964,32.806,step
2026-09-01T13:13:38.411316+00:00,46.739,0.1808,0.15,0.0,0.0076,-0.0192,7319.62,1,43.2409,32.826,step
2026-09-01T13:13:38.412658+00:00,46.863,0.1798,0.15,0.0,0.0093,-0.0195,7337.06,1,44.4146,32.846,step
2026-09-01T13:13:38.414012+00:00,46.986,-0.0212,0.8,0.0,0.0111,-0.0196,7354.84,1,45.6524,32.866,step
2026-09-01T13:13:38.415395+00:00,47.578,-0.0207,0.8,0.0,0.0127,-0.018,8778.73,1,46.4342,32.886,step
2026-09-01T13:13:38.416766+00:00,48.378,-0.0174,0.8,0.0,0.0138,-0.0132,10051.2,1,46.2494,32.906,step
2026-09-01T13:13:38.418135+00:00,49.239,-0.013,0.8,0.0,0.0145,-0.0072,11239.1,1,45.6999,32.926,step
2026-09-01T13:13:38.419512+00:00,50.141,-0.0081,0.8,0.0,0.015,-0.0007,12316.7,2,45.0539,32.946,step
2026-09-01T13:13:38.420876+00:00,51.063,0.1971,0.0,0.15,0.0152,0.0058,9155.83,2,44.4003,32.966,step
2026-09-01T13:13:38.422250+00:00,51.694,0.2012,0.0,0.15,0.0152,0.011,9133.5,2,44.1883,32.986,step
2026-09-01T13:13:38.423587+00:00,51.177,0.203,0.0,0.15,0.0152,0.0133,5833.13,2,44.8505,33.006,step
2026-09-01T13:13:38.424925+00:00,50.654,0.0032,0.8,0.0,0.0153,0.0136,5765.93,2,46.1375,33.026,step
2026-09-01T13:13:38.426260+00:00,50.969,0.004,0.8,0.0,0.0153,0.0146,6350.58,2,47.233,33.046,step
2026-09-01T13:13:38.427595+00:00,51.602,0.0075,0.8,0.0,0.0148,0.0186,6455.92,2,47.3258,33.066,step
2026-09-01T13:13:38.428920+00:00,52.276,0.0118,0.8,0.0,0.014,0.0236,6505.52,2,47.1446,33.086,step
2026-09-01T13:13:38.430239+00:00,52.964,0.0164,0.8,0.0,0.0129,0.0286,6540.18,2,46.9512,33.106,step
2026-09-01T13:13:38.431549+00:00,53.65,0.021,0.8,0.0,0.0116,0.0335,6583.55,2,46.8035,33.126,step
2026-09-01T13:13:38.432882+00:00,54.329,0.0257,0.8,0.0,0.0099,0.0383,6649.02,2,46.7127,33.146,step
2026-09-01T13:13:38.434234+00:00,55.005,0.0304,0.8,0.0,0.008,0.043,6734.57,2,46.6813,33.166,step
2026-09-01T13:13:38.435648+00:00,55.683,0.0352,0.8,0.0,0.0059,0.0476,6834.66,2,46.7052,33.186,step
2026-09-01T13:13:38.437048+00:00,56.365,0.04,0.8,0.0,0.0035,0.0521,6948.75,2,46.7907,33.206,step
2026-09-01T13:13:38.438408+00:00,57.056,0.0448,0.8,0.0,0.0008,0.0565,7069.65,2,46.9496,33.226,step
2026-09-01T13:13:38.439811+00:00,57.761,0.0496,0.8,0.0,-0.0021,0.0607,7189.96,2,47.1922,33.246,step
2026-09-01T13:13:38.441208+00:00,58.48,0.0544,0.8,0.0,-0.0053,0.0647,7308.73,2,47.5284,33.266,step
2026-09-01T13:13:38.442561+00:00,59.213,0.059,0.8,0.0,-0.0087,0.0683,7426.36,2,47.962,33.286,step
2026-09-01T13:13:38.443961+00:00,59.958,0.0636,0.8,0.0,-0.0123,0.0718,7546.09,2,48.5026,33.306,step
2026-09-01T13:13:38.445321+00:00,60.715,0.0682,0.8,0.0,-0.0162,0.0751,7668.12,2,49.1677,33.326,step
2026-09-01T13:13:38.446694+00:00,61.483,0.0728,0.8,0.0,-0.0203,0.0782,7793.06,2,49.9669,33.346,step
2026-09-01T13:13:38.448037+00:00,62.261,0.0773,0.8,0.0,-0.0247,0.0812,7927.42,2,50.9384,33.366,step
2026-09-01T13:13:38.449454+00:00,63.049,0.0817,0.8,0.0,-0.0292,0.0839,8068.44,2,52.3011,33.386,step
2026-09-01T13:13:38.450841+00:00,63.849,0.0861,0.8,0.0,-0.034,0.0864,8217.92,2,54.5028,33.406,step
2026-09-01T13:13:38.452286+00:00,64.659,0.0905,0.8,0.0,-0.0391,0.0886,8377.91,2,130.07,33.426,step
2026-09-01T13:13:38.453703+00:00,65.481,0.0947,0.8,0.0,-0.0443,0.0906,8551.5,2,127.94,33.446,step
2026-09-01T13:13:38.455131+00:00,66.311,0.0988,0.8,0.0,-0.0498,0.0924,8742.73,2,125.683,33.466,step
2026-09-01T13:13:38.456535+00:00,67.152,0.1008,0.8,0.0,-0.0555,0.0913,8955.55,2,123.289,33.486,step
2026-09-01T13:13:38.457881+00:00,68.001,0.0993,0.8,0.0,-0.0611,0.0859,9195.59,2,120.765,33.506,step
2026-09-01T13:13:38.459275+00:00,68.861,0.0974,0.8,0.0,-0.0665,0.0802,9468.81,2,118.136,33.526,step
2026-09-01T13:13:38.460710+00:00,69.728,0.0952,0.8,0.0,-0.0717,0.0742,9743.44,2,115.421,33.546,step
2026-09-01T13:13:38.462101+00:00,70.609,0.0927,0.8,0.0,-0.0767,0.0679,9988.57,2,112.63,33.566,step
2026-09-01T13:13:38.463485+00:00,71.492,0.0897,0.8,0.0,-0.0816,0.0612,10223.8,2,109.765,33.586,step
2026-09-01T13:13:38.464890+00:00,72.372,0.0865,0.8,0.0,-0.0861,0.0542,10458.4,2,106.829,33.606,step
2026-09-01T13:13:38.466225+00:00,73.247,0.0828,0.8,0.0,-0.0905,0.047,10696.2,2,103.83,33.626,step
2026-09-01T13:13:38.467560+00:00,74.118,0.0787,0.8,0.0,-0.0945,0.0393,10933.5,2,100.769,33.646,step
2026-09-01T13:13:38.468970+00:00,74.988,0.0743,0.8,0.0,-0.0983,0.0314,11166.6,2,97.6453,33.666,step
2026-09-01T13:13:38.470292+00:00,75.856,0.0694,0.8,0.0,-0.1018,0.0231,11393.2,2,94.4702,33.686,step
2026-09-01T13:13:38.471621+00:00,76.724,0.064,0.8,0.0,-0.105,0.0144,11613.3,2,91.2523,33.706,step
2026-09-01T13:13:38.472939+00:00,77.591,0.0583,0.8,0.0,-0.1078,0.0054,11825.8,2,87.9961,33.726,step
2026-09-01T13:13:38.474219+00:00,78.457,0.0521,0.8,0.0,-0.1103,-0.0039,12030.6,2,84.7086,33.746,step
2026-09-01T13:13:38.475569+00:00,79.322,0.0454,0.8,0.0,-0.1124,-0.0136,12227.2,2,81.3895,33.766,step
2026-09-01T13:13:38.476903+00:00,80.185,0.0382,0.15,0.0,-0.1141,-0.0236,12416.1,3,78.0484,33.786,step
2026-09-01T13:13:38.478156+00:00,81.017,0.0307,0.15,0.0,-0.1154,-0.0338,9643.27,3,74.7528,33.806,step
2026-09-01T13:13:38.479418+00:00,81.554,0.0241,0.15,0.0,-0.1159,-0.0423,9647.93,3,71.9791,33.826,step
2026-09-01T13:13:38.480659+00:00,81.578,0.0197,0.15,0.0,-0.1156,-0.0476,7473.03,3,70.1531,33.846,step
2026-09-01T13:13:38.481855+00:00,81.624,0.0166,0.15,0.0,-0.1143,-0.0507,7505.76,3,68.9134,33.866,step
2026-09-01T13:13:38.483081+00:00,81.662,0.0141,0.15,0.0,-0.1123,-0.0526,7501.1,3,68.0022,33.886,step
2026-09-01T13:13:38.484279+00:00,81.698,0.0118,0.15,0.0,-0.1096,-0.0538,7501.31,3,67.2622,33.906,step
2026-09-01T13:13:38.485545+00:00,81.736,0.0095,0.15,0.0,-0.1065,-0.0546,7502.71,3,66.6079,33.926,step
2026-09-01T13:13:38.486718+00:00,81.773,0.0073,0.15,0.0,-0.103,-0.0553,7504.92,3,66.003,33.946,step
2026-09-01T13:13:38.487966+00:00,81.811,0.005,0.15,0.0,-0.0992,-0.0557,7507.53,3,65.4385,33.966,step
2026-09-01T13:13:38.489165+00:00,81.848,0.0028,0.15,0.0,-0.0952,-0.0561,7510.4,3,64.9072,33.986,step
2026-09-01T13:13:38.490337+00:00,81.885,0.0005,0.15,0.0,-0.0911,-0.0563,7513.46,3,64.4024,34.006,step
2026-09-01T13:13:38.491594+00:00,81.923,-0.0016,0.15,0.0,-0.0869,-0.0564,7516.67,3,63.9205,34.026,step
2026-09-01T13:13:38.492815+00:00,81.96,-0.0038,0.15,0.0,-0.0827,-0.0564,7519.98,3,63.4657,34.046,step
2026-09-01T13:13:38.494127+00:00,81.997,-0.0058,0.15,0.0,-0.0785,-0.0563,7523.34,3,63.0376,34.066,step
2026-09-01T13:13:38.495375+00:00,82.034,-0.0078,0.15,0.0,-0.0742,-0.0561,7526.74,3,62.6327,34.086,step
2026-09-01T13:13:38.496595+00:00,82.07,-0.0097,0.15,0.0,-0.0699,-0.0558,7530.12,3,62.2503,34.106,step
2026-09-01T13:13:38.497814+00:00,82.107,-0.0114,0.15,0.0,-0.0657,-0.0554,7533.47,3,61.8902,34.126,step
2026-09-01T13:13:38.499053+00:00,82.144,-0.0132,0.15,0.0,-0.0615,-0.0549,7536.83,3,61.5465,34.146,step
2026-09-01T13:13:38.500343+00:00,82.18,-0.0148,0.15,0.0,-0.0574,-0.0544,7540.12,3,61.2205,34.166,step
2026-09-01T13:13:38.501611+00:00,82.216,-0.0164,0.15,0.0,-0.0532,-0.0537,7542.89,3,60.9142,34.186,step
2026-09-01T13:13:38.502868+00:00,82.252,-0.0178,0.15,0.0,-0.0492,-0.053,7546.13,3,60.6237,34.206,step
2026-09-01T13:13:38.504103+00:00,82.288,-0.0192,0.15,0.0,-0.0452,-0.0523,7549.48,3,60.3495,34.226,step
2026-09-01T13:13:38.505325+00:00,82.323,-0.0205,0.15,0.0,-0.0412,-0.0514,7552.94,3,60.0906,34.246,step
2026-09-01T13:13:38.506546+00:00,82.359,-0.0217,0.15,0.0,-0.0373,-0.0505,7556.34,3,59.8482,34.266,step
2026-09-01T13:13:38.507775+00:00,82.394,-0.0228,0.15,0.0,-0.0336,-0.0495,7559.63,3,59.6215,34.286,step
2026-09-01T13:13:38.508979+00:00,82.429,-0.0239,0.15,0.0,-0.0298,-0.0485,7562.87,3,59.406,34.306,step
2026-09-01T13:13:38.510215+00:00,82.465,-0.0248,0.15,0.0,-0.0262,-0.0474,7566.08,3,59.201,34.326,step
2026-09-01T13:13:38.511561+00:00,82.5,-0.0257,0.15,0.0,-0.0226,-0.0462,7569.27,3,59.0059,34.346,step
2026-09-01T13:13:38.512860+00:00,82.535,-0.0264,0.15,0.0,-0.0192,-0.045,7572.43,3,58.8212,34.366,step
2026-09-01T13:13:38.514106+00:00,82.569,-0.0271,0.15,0.0,-0.0158,-0.0438,7575.57,3,58.6417,34.386,step
2026-09-01T13:13:38.515362+00:00,82.604,-0.0278,0.15,0.0,-0.0125,-0.0426,7578.7,3,58.4672,34.406,step
2026-09-01T13:13:38.516620+00:00,82.638,-0.0283,0.15,0.0,-0.0094,-0.0413,7581.83,3,58.301,34.426,step
2026-09-01T13:13:38.517846+00:00,82.673,-0.0288,0.15,0.0,-0.0063,-0.0399,7584.97,3,58.1388,34.446,step
2026-09-01T13:13:38.519126+00:00,82.707,-0.0292,0.15,0.0,-0.0033,-0.0386,7588.11,3,57.9813,34.466,step
2026-09-01T13:13:38.520371+00:00,82.741,-0.0296,0.15,0.0,-0.0005,-0.0372,7590.86,3,57.8272,34.486,step
2026-09-01T13:13:38.521585+00:00,82.775,-0.0298,0.15,0.0,0.0023,-0.0358,7593.97,3,57.6767,34.506,step
2026-09-01T13:13:38.522833+00:00,82.809,-0.03,0.15,0.0,0.005,-0.0344,7597.17,3,57.5299,34.526,step
2026-09-01T13:13:38.524098+00:00,82.843,-0.0302,0.15,0.0,0.0075,-0.033,7600.44,3,57.3837,34.546,step
2026-09-01T13:13:38.525391+00:00,82.876,-0.0303,0.15,0.0,0.01,-0.0316,7603.64,3,57.2376,34.566,step
2026-09-01T13:13:38.526692+00:00,82.91,-0.0303,0.15,0.0,0.0123,-0.0302,7606.78,3,57.0909,34.586,step
2026-09-01T13:13:38.527970+00:00,82.944,-0.0302,0.15,0.0,0.0145,-0.0287,7609.89,3,56.9437,34.606,step
2026-09-01T13:13:38.529232+00:00,82.977,-0.0302,0.15,0.0,0.0166,-0.0273,7612.95,3,56.7952,34.626,step
2026-09-01T13:13:38.530553+00:00,83.011,-0.03,0.15,0.0,0.0186,-0.0259,7616.02,3,56.6456,34.646,step
2026-09-01T13:13:38.531862+00:00,83.044,-0.0298,0.15,0.0,0.0205,-0.0245,7619.06,3,56.4955,34.666,step
2026-09-01T13:13:38.533182+00:00,83.078,-0.0296,0.15,0.0,0.0223,-0.023,7622.11,3,56.3446,34.686,step
2026-09-01T13:13:38.534503+00:00,83.111,-0.0293,0.15,0.0,0.024,-0.0216,7625.15,3,56.1928,34.706,step
2026-09-01T13:13:38.535840+00:00,83.144,-0.0289,0.15,0.0,0.0255,-0.0202,7628.2,3,56.0352,34.726,step
2026-09-01T13:13:38.537150+00:00,83.177,-0.0285,0.15,0.0,0.027,-0.0188,7631.25,3,55.8725,34.746,step
2026-09-01T13:13:38.538473+00:00,83.21,-0.0281,0.15,0.0,0.0284,-0.0174,7634.28,3,55.7072,34.766,step
2026-09-01T13:13:38.539763+00:00,83.243,-0.0276,0.15,0.0,0.0296,-0.016,7637.14,3,55.5362,34.786,step
2026-09-01T13:13:38.541050+00:00,83.276,-0.0271,0.15,0.0,0.0307,-0.0147,7640.18,3,55.3597,34.806,step
2026-09-01T13:13:38.542331+00:00,83.309,-0.0266,0.15,0.0,0.0318,-0.0134,7643.27,3,55.1762,34.826,step
2026-09-01T13:13:38.543711+00:00,83.342,-0.026,0.15,0.0,0.0327,-0.0121,7646.36,3,54.9878,34.846,step
2026-09-01T13:13:38.545032+00:00,83.375,-0.0254,0.15,0.0,0.0336,-0.0108,7649.41,3,54.7928,34.866,step
2026-09-01T13:13:38.546336+00:00,83.407,-0.0248,0.15,0.0,0.0343,-0.0096,7652.45,3,54.5885,34.886,step
2026-09-01T13:13:38.547639+00:00,83.44,-0.0242,0.15,0.0,0.035,-0.0084,7655.46,3,54.3776,34.906,step
2026-09-01T13:13:38.548974+00:00,83.473,-0.0235,0.0,0.15,0.0356,-0.0072,7658.46,3,54.16,34.926,step
2026-09-01T13:13:38.550333+00:00,83.121,-0.0228,0.0,0.15,0.036,-0.006,7502.81,3,53.945,34.946,step
2026-09-01T13:13:38.551713+00:00,82.59,-0.022,0.15,0.0,0.0364,-0.0047,7452.15,3,53.7453,34.966,step
2026-09-01T13:13:38.553111+00:00,82.434,-0.0212,0.0,0.15,0.0367,-0.0035,7566.31,3,53.5419,34.986,step
2026-09-01T13:13:38.554485+00:00,82.081,-0.0203,0.0,0.15,0.0369,-0.0023,7407.25,3,53.3234,35.006,step
2026-09-01T13:13:38.555798+00:00,81.553,-0.0195,0.15,0.0,0.0371,-0.0012,7358.59,3,53.1064,35.026,step
2026-09-01T13:13:38.557112+00:00,81.405,-0.0186,0.0,0.15,0.0371,-0.0001,7471.93,3,52.8777,35.046,step
2026-09-01T13:13:38.558468+00:00,81.053,-0.0178,0.0,0.15,0.0371,0.001,7315.8,3,52.6341,35.066,step
2026-09-01T13:13:38.559826+00:00,80.53,-0.0169,0.15,0.0,0.037,0.002,7267.37,3,52.3928,35.086,step
2026-09-01T13:13:38.561238+00:00,80.385,-0.016,0.0,0.15,0.0368,0.003,7378.42,3,52.1409,35.106,step
2026-09-01T13:13:38.562639+00:00,80.035,-0.0152,0.0,0.15,0.0365,0.0039,7224.68,3,51.8716,35.126,step
2026-09-01T13:13:38.563998+00:00,79.515,-0.0143,0.0,0.15,0.0362,0.0047,7176.91,2,51.599,35.146,step
2026-09-01T13:13:38.565311+00:00,79.013,-0.0135,0.0,0.15,0.0359,0.0055,9021.8,2,51.3215,35.166,step
2026-09-01T13:13:38.566671+00:00,78.525,-0.0127,0.0,0.15,0.0354,0.0063,9000.57,2,51.0335,35.186,step
2026-09-01T13:13:38.568000+00:00,78.02,-0.0119,0.8,0.0,0.035,0.007,8840.94,2,50.741,35.206,step
2026-09-01T13:13:38.569382+00:00,78.316,-0.011,0.0,0.15,0.0344,0.0077,9953.35,2,50.4463,35.226,step
2026-09-01T13:13:38.570744+00:00,78.372,-0.0102,0.0,0.15,0.0339,0.0084,8891.22,2,50.1423,35.246,step
2026-09-01T13:13:38.572131+00:00,77.794,-0.0094,0.0,0.15,0.0332,0.0091,8822.38,2,49.8339,35.266,step
2026-09-01T13:13:38.573466+00:00,77.218,-0.0085,0.0,0.15,0.0326,0.0097,8752.01,2,49.5189,35.286,step
2026-09-01T13:13:38.574855+00:00,76.644,-0.0077,0.0,0.15,0.0319,0.0103,8683.04,2,49.2021,35.306,step
2026-09-01T13:13:38.576250+00:00,76.073,-0.0069,0.0,0.15,0.0312,0.0108,8616.91,2,48.8837,35.326,step
2026-09-01T13:13:38.577622+00:00,75.505,-0.0061,0.0,0.15,0.0304,0.0114,8553.06,2,48.5599,35.346,step
2026-09-01T13:13:38.578955+00:00,74.94,-0.0054,0.0,0.15,0.0296,0.0118,8490.62,2,48.2291,35.366,step
2026-09-01T13:13:38.580339+00:00,74.379,-0.0046,0.0,0.15,0.0288,0.0122,8428.79,2,47.8904,35.386,step
2026-09-01T13:13:38.581685+00:00,73.822,-0.0039,0.0,0.15,0.028,0.0126,8365.85,2,47.5485,35.406,step
2026-09-01T13:13:38.583024+00:00,73.266,-0.0032,0.0,0.15,0.0271,0.013,8305.19,2,47.2019,35.426,step
2026-09-01T13:13:38.584380+00:00,72.713,-0.0025,0.0,0.15,0.0263,0.0132,8244.31,2,46.8485,35.446,step
2026-09-01T13:13:38.585766+00:00,72.162,-0.0019,0.0,0.15,0.0254,0.0135,8183.37,2,46.4917,35.466,step
2026-09-01T13:13:38.587127+00:00,71.615,-0.0013,0.0,0.15,0.0245,0.0137,8122.47,2,46.1311,35.486,step
2026-09-01T13:13:38.588487+00:00,71.069,-0.0007,0.0,0.15,0.0236,0.0139,8061.61,2,45.7651,35.506,step
2026-09-01T13:13:38.589825+00:00,70.526,-0.0001,0.0,0.15,0.0227,0.014,8000.82,2,45.3964,35.526,step
2026-09-01T13:13:38.591188+00:00,69.986,0.0004,0.0,0.15,0.0218,0.0141,7940.27,2,45.0248,35.546,step
2026-09-01T13:13:38.592578+00:00,69.447,-0.1991,0.0,0.15,0.0209,0.0142,7879.98,2,44.6517,35.566,step
2026-09-01T13:13:38.594058+00:00,68.923,-0.1969,0.0,0.15,0.0199,0.0162,7820.49,2,44.6147,35.586,step
2026-09-01T13:13:38.595477+00:00,68.351,0.0083,0.8,0.0,0.0183,0.0218,7754.95,2,45.2223,35.606,step
2026-09-01T13:13:38.596902+00:00,68.587,0.0135,0.8,0.0,0.0163,0.0271,8678.45,2,45.7789,35.626,step
2026-09-01T13:13:38.598312+00:00,69.312,0.0158,0.8,0.0,0.0146,0.0288,9106.31,2,45.7084,35.646,step
2026-09-01T13:13:38.599760+00:00,70.141,0.0168,0.0,0.15,0.0128,0.029,9430.57,2,45.3785,35.666,step
2026-09-01T13:13:38.601192+00:00,70.466,-0.1856,0.0,0.15,0.0112,0.025,8005.4,2,44.9408,35.686,step
2026-09-01T13:13:38.602700+00:00,69.936,-0.1871,0.0,0.15,0.0097,0.0223,7950.35,2,44.7074,35.706,step
2026-09-01T13:13:38.604217+00:00,69.357,0.014,0.0,0.15,0.008,0.0225,7874.81,2,45.0079,35.726,step
2026-09-01T13:13:38.605692+00:00,68.787,0.0152,0.8,0.0,0.0063,0.023,7799.11,2,45.3667,35.746,step
2026-09-01T13:13:38.607185+00:00,69.034,0.0139,0.8,0.0,0.0049,0.0205,8767.31,2,45.1835,35.766,step
2026-09-01T13:13:38.608733+00:00,69.745,-0.1885,0.0,0.15,0.0038,0.0167,9243.52,2,44.7826,35.786,step
2026-09-01T13:13:38.610246+00:00,69.993,-0.1899,0.0,0.15,0.0028,0.0144,7951.14,2,44.6368,35.806,step
2026-09-01T13:13:38.611781+00:00,69.415,0.0115,0.0,0.15,0.0015,0.0153,7886.36,2,45.0677,35.826,step
2026-09-01T13:13:38.613274+00:00,68.854,0.013,0.8,0.0,0.0002,0.0163,7815.78,2,45.5079,35.846,step
2026-09-01T13:13:38.614788+00:00,69.125,0.0119,0.8,0.0,-0.0008,0.0144,8730.65,2,45.367,35.866,step
2026-09-01T13:13:38.616261+00:00,69.856,-0.1903,0.0,0.15,-0.0016,0.0111,9161.4,2,44.9924,35.886,step
2026-09-01T13:13:38.617808+00:00,70.06,-0.1916,0.0,0.15,-0.0022,0.0091,7958.51,2,44.8576,35.906,step
2026-09-01T13:13:38.619340+00:00,69.485,0.0098,0.8,0.0,-0.0032,0.0103,7893.7,2,45.2859,35.926,step
2026-09-01T13:13:38.620911+00:00,69.725,0.0111,0.8,0.0,-0.0041,0.0113,8801.14,2,45.7144,35.946,step
2026-09-01T13:13:38.622440+00:00,70.466,0.01,0.0,0.15,-0.0048,0.0095,9225.88,2,45.6044,35.966,step
2026-09-01T13:13:38.623990+00:00,70.647,0.0078,0.0,0.15,-0.0053,0.0064,8025.15,2,45.2733,35.986,step
2026-09-01T13:13:38.625512+00:00,70.095,-0.1949,0.0,0.15,-0.0055,0.003,7961.21,2,44.865,36.006,step
2026-09-01T13:13:38.627036+00:00,69.568,-0.196,0.0,0.15,-0.0056,0.0014,7894.38,2,44.7666,36.026,step
2026-09-01T13:13:38.628513+00:00,68.987,0.006,0.8,0.0,-0.0062,0.0036,7824.35,2,45.359,36.046,step
2026-09-01T13:13:38.630046+00:00,69.217,0.008,0.8,0.0,-0.0068,0.0057,8776.96,2,45.9458,36.066,step
2026-09-01T13:13:38.631529+00:00,69.935,0.0071,0.8,0.0,-0.0071,0.0044,9239.88,2,45.9011,36.086,step
2026-09-01T13:13:38.633063+00:00,70.747,0.0051,0.0,0.15,-0.0072,0.002,9613.73,2,45.6227,36.106,step
2026-09-01T13:13:38.634565+00:00,71.119,0.0027,0.0,0.15,-0.007,-0.001,8080.35,2,45.2617,36.126,step
2026-09-01T13:13:38.636128+00:00,70.564,-0.1999,0.0,0.15,-0.0067,-0.0041,8020.76,2,44.8617,36.146,step
2026-09-01T13:13:38.637645+00:00,70.037,-0.2013,0.0,0.15,-0.0064,-0.0057,7950.63,2,44.7579,36.166,step
2026-09-01T13:13:38.639201+00:00,69.454,0.0003,0.8,0.0,-0.0064,-0.0036,7877.58,2,45.3192,36.186,step
2026-09-01T13:13:38.640673+00:00,69.671,0.0022,0.8,0.0,-0.0066,-0.0014,8847.26,2,45.916,36.206,step
2026-09-01T13:13:38.642188+00:00,70.391,0.0015,0.8,0.0,-0.0065,-0.0022,9324.7,2,45.9198,36.226,step
2026-09-01T13:13:38.643691+00:00,71.198,-0.0002,0.0,0.15,-0.0061,-0.0041,9711.94,2,45.7045,36.246,step
2026-09-01T13:13:38.645271+00:00,71.587,-0.0024,0.0,0.15,-0.0056,-0.0065,8136.22,2,45.4045,36.266,step
2026-09-01T13:13:38.646788+00:00,71.032,-0.0049,0.0,0.15,-0.0049,-0.0092,8072.1,2,45.0494,36.286,step
2026-09-01T13:13:38.648306+00:00,70.482,-0.2074,0.0,0.15,-0.0042,-0.0119,8000.6,2,44.6928,36.306,step
2026-09-01T13:13:38.649849+00:00,69.953,-0.2084,0.0,0.15,-0.0034,-0.0127,7934.05,2,44.6963,36.326,step
2026-09-01T13:13:38.651373+00:00,69.368,-0.0062,0.8,0.0,-0.0031,-0.0097,7864.18,2,45.4371,36.346,step
2026-09-01T13:13:38.652965+00:00,69.589,-0.0038,0.8,0.0,-0.0029,-0.0066,8834.51,2,46.187,36.366,step
2026-09-01T13:13:38.654485+00:00,70.306,-0.0042,0.8,0.0,-0.0024,-0.0068,9313.37,2,46.2882,36.386,step
2026-09-01T13:13:38.655976+00:00,71.122,-0.0056,0.0,0.15,-0.0018,-0.0081,9686.01,2,46.1549,36.406,step
2026-09-01T13:13:38.657500+00:00,71.508,-0.0075,0.0,0.15,-0.001,-0.01,8124.92,2,45.9274,36.426,step
2026-09-01T13:13:38.659063+00:00,70.952,-0.0097,0.0,0.15,-0.0001,-0.0122,8064.62,2,45.6215,36.446,step
2026-09-01T13:13:38.660662+00:00,70.402,-0.012,0.0,0.15,0.0008,-0.0145,7992.41,2,45.3072,36.466,step
2026-09-01T13:13:38.662183+00:00,69.856,-0.0142,0.0,0.15,0.0019,-0.0166,7923.95,2,45.0166,36.486,step
2026-09-01T13:13:38.663668+00:00,69.316,-0.2164,0.0,0.15,0.003,-0.0186,7860.18,2,44.7546,36.506,step
2026-09-01T13:13:38.665182+00:00,68.788,-0.2168,0.0,0.15,0.0041,-0.0185,7800.11,2,44.8975,36.526,step
2026-09-01T13:13:38.666664+00:00,68.208,-0.0138,0.8,0.0,0.0047,-0.0144,7734.08,2,45.8287,36.546,step
2026-09-01T13:13:38.668167+00:00,68.433,-0.011,0.8,0.0,0.0051,-0.0105,8670.9,2,46.7367,36.566,step
2026-09-01T13:13:38.669715+00:00,69.152,-0.011,0.8,0.0,0.0057,-0.0101,9113.73,2,46.9436,36.586,step
2026-09-01T13:13:38.671246+00:00,69.975,-0.012,0.8,0.0,0.0065,-0.0109,9450.66,2,46.9044,36.606,step
2026-09-01T13:13:38.672789+00:00,70.871,-0.0134,0.8,0.0,0.0075,-0.0121,9687.82,2,46.783,36.626,step
2026-09-01T13:13:38.674328+00:00,71.809,-0.015,0.0,0.15,0.0085,-0.0135,9849.12,2,46.6289,36.646,step
2026-09-01T13:13:38.675856+00:00,72.267,-0.0168,0.0,0.15,0.0097,-0.015,8207.99,2,46.4358,36.666,step
2026-09-01T13:13:38.677428+00:00,71.695,-0.0189,0.0,0.15,0.0109,-0.0169,8145.08,2,46.1733,36.686,step
2026-09-01T13:13:38.678937+00:00,71.123,-0.0209,0.0,0.15,0.0122,-0.0186,8067.91,2,45.9237,36.706,step
2026-09-01T13:13:38.680468+00:00,70.572,-0.0227,0.0,0.15,0.0135,-0.02,7998.46,2,45.7187,36.726,step
2026-09-01T13:13:38.682004+00:00,70.027,-0.0244,0.8,0.0,0.0148,-0.0212,7935.82,2,45.5556,36.746,step
2026-09-01T13:13:38.683540+00:00,70.308,-0.026,0.0,0.15,0.0162,-0.0223,8945.98,2,45.4188,36.766,step
2026-09-01T13:13:38.685012+00:00,70.335,-0.0275,0.0,0.15,0.0177,-0.0233,7986.27,2,45.3007,36.786,step
2026-09-01T13:13:38.686605+00:00,69.793,-0.0291,0.0,0.15,0.0192,-0.0243,7924.8,2,45.1841,36.806,step
2026-09-01T13:13:38.688129+00:00,69.256,-0.0306,0.8,0.0,0.0207,-0.0253,7861.62,2,45.0804,36.826,step
2026-09-01T13:13:38.689622+00:00,69.559,-0.2321,0.0,0.15,0.0223,-0.0261,8796.46,2,44.9938,36.846,step
2026-09-01T13:13:38.691114+00:00,69.58,-0.0321,0.8,0.0,0.0238,-0.0252,7902.32,2,45.2743,36.866,step
2026-09-01T13:13:38.692654+00:00,69.827,-0.0307,0.8,0.0,0.025,-0.0227,8795.46,2,45.8743,36.886,step
2026-09-01T13:13:38.694199+00:00,70.586,-0.0308,0.8,0.0,0.0264,-0.022,9187.98,2,46.1084,36.906,step
2026-09-01T13:13:38.695687+00:00,71.423,-0.0314,0.0,0.15,0.0279,-0.0219,9512.45,2,46.2096,36.926,step
2026-09-01T13:13:38.697177+00:00,71.712,-0.0324,0.0,0.15,0.0294,-0.0222,8146.05,2,46.2297,36.946,step
2026-09-01T13:13:38.698679+00:00,71.149,-0.0338,0.0,0.15,0.0309,-0.0229,8082.45,2,46.1514,36.966,step
2026-09-01T13:13:38.700217+00:00,70.591,-0.0352,0.8,0.0,0.0325,-0.0237,8009.49,2,46.0749,36.986,step
2026-09-01T13:13:38.701732+00:00,70.868,-0.0364,0.0,0.15,0.034,-0.0243,9003.69,2,46.0355,37.006,step
2026-09-01T13:13:38.703312+00:00,70.895,-0.0376,0.0,0.15,0.0356,-0.0247,8048.91,2,46.0289,37.026,step
2026-09-01T13:13:38.704829+00:00,70.348,-0.0386,0.8,0.0,0.0372,-0.025,7983.02,2,46.025,37.046,step
2026-09-01T13:13:38.706308+00:00,70.643,-0.0396,0.8,0.0,0.0388,-0.0252,8947.13,2,46.0448,37.066,step
2026-09-01T13:13:38.707828+00:00,71.38,-0.0404,0.0,0.15,0.0404,-0.0252,9410.04,2,46.117,37.086,step
2026-09-01T13:13:38.709383+00:00,71.596,-0.0411,0.0,0.15,0.0421,-0.0251,8132.55,2,46.1983,37.106,step
2026-09-01T13:13:38.710974+00:00,71.043,-0.0421,0.8,0.0,0.0437,-0.0253,8070.6,2,46.2248,37.126,step
2026-09-01T13:13:38.712520+00:00,71.346,-0.0431,0.0,0.15,0.0453,-0.0255,9006.22,2,46.2569,37.146,step
2026-09-01T13:13:38.714011+00:00,71.353,-0.044,0.0,0.15,0.047,-0.0256,8102.61,2,46.313,37.166,step
2026-09-01T13:13:38.715558+00:00,70.802,-0.0449,0.8,0.0,0.0486,-0.0257,8035.25,2,46.3682,37.186,step
2026-09-01T13:13:38.717043+00:00,71.089,-0.0456,0.8,0.0,0.0502,-0.0257,9008.82,2,46.4519,37.206,step
2026-09-01T13:13:38.718521+00:00,71.827,-0.0461,0.0,0.15,0.0518,-0.0253,9483.11,2,46.6018,37.226,step
2026-09-01T13:13:38.720067+00:00,72.054,-0.0466,0.0,0.15,0.0535,-0.0248,8184.09,2,46.7676,37.246,step
2026-09-01T13:13:38.721665+00:00,71.497,-0.0472,0.8,0.0,0.0551,-0.0246,8119.78,2,46.8732,37.266,step
2026-09-01T13:13:38.723150+00:00,71.793,-0.0478,0.8,0.0,0.0566,-0.0244,9074.79,2,46.9851,37.286,step
2026-09-01T13:13:38.724650+00:00,72.544,-0.0483,0.8,0.0,0.0582,-0.0239,9533.11,2,47.1666,37.306,step
2026-09-01T13:13:38.726220+00:00,73.368,-0.0485,0.0,0.15,0.0598,-0.0232,9888.64,2,47.4135,37.326,step
2026-09-01T13:13:38.727881+00:00,73.718,-0.0487,0.0,0.15,0.0615,-0.0225,8374.86,2,47.6601,37.346,step
2026-09-01T13:13:38.729454+00:00,73.15,-0.0493,0.8,0.0,0.063,-0.0222,8305.9,2,47.7993,37.366,step
2026-09-01T13:13:38.730971+00:00,73.434,-0.0498,0.8,0.0,0.0645,-0.0219,9302.26,2,47.9449,37.386,step
2026-09-01T13:13:38.732443+00:00,74.189,-0.0499,0.0,0.15,0.066,-0.0212,9775.15,2,48.1837,37.406,step
2026-09-01T13:13:38.734023+00:00,74.419,-0.05,0.8,0.0,0.0675,-0.0204,8450.9,2,48.4499,37.426,step
2026-09-01T13:13:38.735635+00:00,74.719,-0.0503,0.8,0.0,0.0689,-0.0199,9435.15,2,48.6487,37.446,step
2026-09-01T13:13:38.737220+00:00,75.491,-0.0504,0.0,0.15,0.0703,-0.0191,9875.09,2,48.9136,37.466,step
2026-09-01T13:13:38.738748+00:00,75.696,-0.0505,0.0,0.15,0.0716,-0.0183,8594.09,2,49.193,37.486,step
2026-09-01T13:13:38.740304+00:00,75.12,-0.0508,0.8,0.0,0.0729,-0.0179,8522.24,2,49.3937,37.506,step
2026-09-01T13:13:38.741842+00:00,75.402,-0.051,0.8,0.0,0.0742,-0.0174,9575.89,2,49.6173,37.526,step
2026-09-01T13:13:38.743408+00:00,76.156,-0.0508,0.8,0.0,0.0754,-0.0164,10045.0,2,49.9447,37.546,step
2026-09-01T13:13:38.744935+00:00,76.98,-0.0504,0.8,0.0,0.0766,-0.0151,10387.3,2,50.3617,37.566,step
2026-09-01T13:13:38.746497+00:00,77.852,-0.0498,0.8,0.0,0.0778,-0.0136,10639.4,2,50.8469,37.586,step
2026-09-01T13:13:38.748037+00:00,78.759,-0.0491,0.8,0.0,0.079,-0.012,10826.6,2,51.3861,37.606,step
2026-09-01T13:13:38.749624+00:00,79.685,-0.0483,0.15,0.0,0.0803,-0.0102,10976.2,2,51.9702,37.626,step
2026-09-01T13:13:38.751221+00:00,80.519,-0.0475,0.15,0.0,0.0815,-0.0085,9506.73,3,52.5452,37.646,step
2026-09-01T13:13:38.752821+00:00,80.597,-0.0475,0.15,0.0,0.0825,-0.0078,7486.33,3,52.8462,37.666,step
2026-09-01T13:13:38.754386+00:00,80.544,-0.0477,0.15,0.0,0.0833,-0.0075,7498.93,3,53.051,37.686,step
2026-09-01T13:13:38.755909+00:00,80.502,-0.0477,0.15,0.0,0.084,-0.0071,7368.37,3,53.2866,37.706,step
2026-09-01T13:13:38.757475+00:00,80.508,-0.0476,0.15,0.0,0.0846,-0.0066,7390.09,3,53.5383,37.726,step
2026-09-01T13:13:38.759113+00:00,80.544,-0.0475,0.15,0.0,0.0851,-0.0062,7392.9,3,53.7808,37.746,step
2026-09-01T13:13:38.760842+00:00,80.581,-0.0474,0.15,0.0,0.0856,-0.0058,7395.5,3,54.0215,37.766,step
2026-09-01T13:13:38.762422+00:00,80.617,-0.0473,0.15,0.0,0.0859,-0.0055,7398.27,3,54.254,37.786,step
2026-09-01T13:13:38.764039+00:00,80.654,-0.0473,0.15,0.0,0.0862,-0.0052,7401.29,3,54.4788,37.806,step
2026-09-01T13:13:38.765595+00:00,80.69,-0.0472,0.15,0.0,0.0865,-0.0049,7404.37,3,54.7007,37.826,step
2026-09-01T13:13:38.767134+00:00,80.726,-0.0471,0.15,0.0,0.0868,-0.0046,7407.55,3,54.9216,37.846,step
2026-09-01T13:13:38.768756+00:00,80.763,-0.0469,0.15,0.0,0.087,-0.0043,7410.85,3,55.1422,37.866,step
2026-09-01T13:13:38.770391+00:00,80.799,-0.0468,0.15,0.0,0.0872,-0.004,7414.22,3,55.3636,37.886,step
2026-09-01T13:13:38.771937+00:00,80.836,-0.0466,0.15,0.0,0.0874,-0.0037,7417.63,3,55.5885,37.906,step
2026-09-01T13:13:38.773445+00:00,80.872,-0.0465,0.15,0.0,0.0875,-0.0034,7421.09,3,55.8183,37.926,step
2026-09-01T13:13:38.775013+00:00,80.908,-0.0463,0.15,0.0,0.0876,-0.0031,7424.47,3,56.0483,37.946,step
2026-09-01T13:13:38.776544+00:00,80.945,-0.0462,0.15,0.0,0.0877,-0.0029,7427.81,3,56.2788,37.966,step
2026-09-01T13:13:38.778179+00:00,80.981,-0.046,0.15,0.0,0.0878,-0.0026,7431.12,3,56.514,37.986,step
2026-09-01T13:13:38.779715+00:00,81.017,-0.0457,0.15,0.0,0.0879,-0.0022,7434.41,3,56.7543,38.006,step
2026-09-01T13:13:38.781240+00:00,81.053,-0.0455,0.15,0.0,0.0879,-0.0019,7437.7,3,57.0003,38.026,step
2026-09-01T13:13:38.782795+00:00,81.09,-0.0452,0.15,0.0,0.0879,-0.0016,7440.95,3,57.2452,38.046,step
2026-09-01T13:13:38.784367+00:00,81.126,-0.0449,0.15,0.0,0.0879,-0.0012,7444.22,3,57.4887,38.066,step
2026-09-01T13:13:38.785970+00:00,81.162,-0.0447,0.15,0.0,0.0879,-0.0009,7447.51,3,57.7356,38.086,step
2026-09-01T13:13:38.787502+00:00,81.198,-0.0444,0.15,0.0,0.0878,-0.0006,7450.82,3,57.9859,38.106,step
2026-09-01T13:13:38.789063+00:00,81.234,-0.0442,0.15,0.0,0.0877,-0.0004,7454.13,3,58.24,38.126,step
2026-09-01T13:13:38.790583+00:00,81.27,-0.0439,0.15,0.0,0.0876,-0.0,7457.45,3,58.499,38.146,step
2026-09-01T13:13:38.792183+00:00,81.306,-0.0435,0.15,0.0,0.0875,0.0003,7460.75,3,58.7688,38.166,step
2026-09-01T13:13:38.793834+00:00,81.342,-0.0432,0.15,0.0,0.0874,0.0006,7464.05,3,59.0494,38.186,step
2026-09-01T13:13:38.795344+00:00,81.378,-0.0429,0.15,0.0,0.0872,0.0009,7467.27,3,59.3362,38.206,step
2026-09-01T13:13:38.796916+00:00,81.413,-0.0426,0.15,0.0,0.087,0.0012,7470.55,3,59.6285,38.226,step
2026-09-01T13:13:38.798457+00:00,81.449,-0.0422,0.15,0.0,0.0868,0.0015,7473.83,3,59.9338,38.246,step
2026-09-01T13:13:38.800029+00:00,81.485,-0.0419,0.15,0.0,0.0866,0.0017,7477.12,3,60.2438,38.266,step
2026-09-01T13:13:38.801536+00:00,81.521,-0.0416,0.15,0.0,0.0863,0.002,7480.4,3,60.5616,38.286,step
2026-09-01T13:13:38.803078+00:00,81.556,-0.0412,0.15,0.0,0.086,0.0023,7483.67,3,60.8906,38.306,step
2026-09-01T13:13:38.804633+00:00,81.592,-0.0408,0.15,0.0,0.0858,0.0026,7486.93,3,61.2253,38.326,step
2026-09-01T13:13:38.806135+00:00,81.628,-0.0405,0.15,0.0,0.0854,0.0028,7490.12,3,61.568,38.346,step
2026-09-01T13:13:38.807703+00:00,81.663,-0.0401,0.15,0.0,0.0851,0.003,7493.37,3,61.9143,38.366,step
2026-09-01T13:13:38.809270+00:00,81.699,-0.0398,0.15,0.0,0.0848,0.0033,7496.63,3,62.2676,38.386,step
2026-09-01T13:13:38.810944+00:00,81.734,-0.0394,0.15,0.0,0.0844,0.0035,7499.89,3,62.6333,38.406,step
2026-09-01T13:13:38.812451+00:00,81.77,-0.0391,0.15,0.0,0.0841,0.0037,7503.16,3,63.0059,38.426,step
2026-09-01T13:13:38.813970+00:00,81.805,-0.0387,0.15,0.0,0.0837,0.0039,7506.42,3,63.3853,38.446,step
2026-09-01T13:13:38.815475+00:00,81.841,-0.0384,0.15,0.0,0.0833,0.0041,7509.67,3,63.7788,38.466,step
2026-09-01T13:13:38.817017+00:00,81.876,-0.038,0.15,0.0,0.0829,0.0043,7512.86,3,64.1794,38.486,step
2026-09-01T13:13:38.818608+00:00,81.912,-0.0376,0.15,0.0,0.0824,0.0045,7516.04,3,64.5876,38.506,step
2026-09-01T13:13:38.820197+00:00,81.947,-0.0373,0.15,0.0,0.082,0.0046,7519.28,3,65.0107,38.526,step
2026-09-01T13:13:38.821685+00:00,81.982,-0.0369,0.15,0.0,0.0815,0.0048,7522.52,3,65.4415,38.546,step
2026-09-01T13:13:38.823190+00:00,82.017,-0.0366,0.15,0.0,0.0811,0.0049,7525.77,3,65.8811,38.566,step
2026-09-01T13:13:38.824729+00:00,82.052,-0.0362,0.15,0.0,0.0806,0.0051,7529.01,3,66.3356,38.586,step
2026-09-01T13:13:38.826261+00:00,82.088,-0.0359,0.15,0.0,0.0801,0.0053,7532.23,3,66.7983,38.606,step
2026-09-01T13:13:38.827838+00:00,82.123,-0.0355,0.15,0.0,0.0796,0.0054,7535.45,3,67.27,38.626,step
2026-09-01T13:13:38.829371+00:00,82.158,-0.0352,0.15,0.0,0.0791,0.0055,7538.54,3,67.7466,38.646,step
2026-09-01T13:13:38.830954+00:00,82.193,-0.0348,0.15,0.0,0.0786,0.0056,7541.75,3,68.2313,38.666,step
2026-09-01T13:13:38.832498+00:00,82.228,-0.0345,0.15,0.0,0.0781,0.0057,7544.97,3,68.7341,38.686,step
2026-09-01T13:13:38.834003+00:00,82.263,-0.0342,0.15,0.0,0.0776,0.0058,7548.2,3,69.2448,38.706,step
2026-09-01T13:13:38.835526+00:00,82.298,-0.0339,0.15,0.0,0.0771,0.0058,7551.42,3,69.7653,38.726,step
2026-09-01T13:13:38.837048+00:00,82.333,-0.0335,0.15,0.0,0.0765,0.0059,7554.62,3,70.3034,38.746,step
2026-09-01T13:13:38.838607+00:00,82.367,-0.0332,0.15,0.0,0.076,0.006,7557.82,3,70.8624,38.766,step
2026-09-01T13:13:38.840066+00:00,82.402,-0.0329,0.15,0.0,0.0754,0.0061,7560.88,3,71.4321,38.786,step
2026-09-01T13:13:38.841591+00:00,82.437,-0.0325,0.15,0.0,0.0749,0.0061,7564.05,3,72.0115,38.806,step
2026-09-01T13:13:38.843094+00:00,82.472,-0.0322,0.15,0.0,0.0743,0.0062,7567.24,3,72.6126,38.826,step
2026-09-01T13:13:38.844742+00:00,82.506,-0.0319,0.15,0.0,0.0738,0.0062,7570.44,3,73.2232,38.846,step
2026-09-01T13:13:38.846208+00:00,82.541,-0.0316,0.15,0.0,0.0732,0.0062,7573.64,3,73.8457,38.866,step
2026-09-01T13:13:38.847694+00:00,82.575,-0.0313,0.15,0.0,0.0727,0.0063,7576.82,3,74.4899,38.886,step
2026-09-01T13:13:38.849167+00:00,82.61,-0.031,0.15,0.0,0.0721,0.0063,7579.99,3,75.1434,38.906,step
2026-09-01T13:13:38.850651+00:00,82.644,-0.0307,0.15,0.0,0.0716,0.0063,7583.05,3,75.8101,38.926,step
2026-09-01T13:13:38.852231+00:00,82.679,-0.0305,0.15,0.0,0.071,0.0063,7586.15,3,76.4603,38.946,step
2026-09-01T13:13:38.853737+00:00,82.713,-0.0302,0.15,0.0,0.0705,0.0063,7589.31,3,76.9434,38.966,step
2026-09-01T13:13:38.855208+00:00,82.748,-0.03,0.15,0.0,0.0699,0.0062,7592.48,3,77.3063,38.986,step
2026-09-01T13:13:38.856668+00:00,82.782,-0.0297,0.15,0.0,0.0694,0.0062,7595.66,3,77.5888,39.006,step
2026-09-01T13:13:38.858184+00:00,82.816,-0.0294,0.15,0.0,0.0688,0.0062,7598.82,3,77.8129,39.026,step
2026-09-01T13:13:38.859615+00:00,82.85,-0.0292,0.15,0.0,0.0683,0.0062,7601.96,3,77.982,39.046,step
2026-09-01T13:13:38.861156+00:00,82.884,-0.029,0.15,0.0,0.0677,0.0061,7605.08,3,78.1058,39.066,step
2026-09-01T13:13:38.862639+00:00,82.919,-0.0287,0.15,0.0,0.0672,0.0061,7608.05,3,78.1973,39.086,step
2026-09-01T13:13:38.864143+00:00,82.953,-0.0285,0.15,0.0,0.0666,0.006,7611.17,3,78.2617,39.106,step
2026-09-01T13:13:38.865655+00:00,82.987,-0.0283,0.15,0.0,0.0661,0.006,7614.32,3,78.2963,39.126,step
2026-09-01T13:13:38.867129+00:00,83.02,-0.0281,0.15,0.0,0.0656,0.0059,7617.47,3,78.3054,39.146,step
2026-09-01T13:13:38.868655+00:00,83.054,-0.0279,0.15,0.0,0.0651,0.0058,7620.6,3,78.2952,39.166,step
2026-09-01T13:13:38.870190+00:00,83.088,-0.0277,0.15,0.0,0.0646,0.0058,7623.72,3,78.2695,39.186,step
2026-09-01T13:13:38.871652+00:00,83.122,-0.0275,0.15,0.0,0.0641,0.0057,7626.82,3,78.2291,39.206,step
2026-09-01T13:13:38.873110+00:00,83.156,-0.0273,0.15,0.0,0.0636,0.0056,7629.73,3,78.1694,39.226,step
2026-09-01T13:13:38.874593+00:00,83.189,-0.0271,0.15,0.0,0.0631,0.0055,7632.82,3,78.093,39.246,step
2026-09-01T13:13:38.876078+00:00,83.223,-0.0269,0.15,0.0,0.0626,0.0054,7635.92,3,78.0048,39.266,step
2026-09-01T13:13:38.877605+00:00,83.257,-0.0268,0.15,0.0,0.0621,0.0053,7639.05,3,77.9063,39.286,step
2026-09-01T13:13:38.879088+00:00,83.29,-0.0266,0.15,0.0,0.0616,0.0053,7642.16,3,77.7993,39.306,step
2026-09-01T13:13:38.880517+00:00,83.323,-0.0264,0.15,0.0,0.0612,0.0052,7645.24,3,77.6838,39.326,step
2026-09-01T13:13:38.882012+00:00,83.357,-0.0262,0.15,0.0,0.0607,0.0051,7648.31,3,77.5549,39.346,step
2026-09-01T13:13:38.883551+00:00,83.39,-0.0261,0.15,0.0,0.0603,0.005,7651.19,3,77.4134,39.366,step
2026-09-01T13:13:38.885023+00:00,83.424,-0.026,0.15,0.0,0.0598,0.0049,7654.23,3,77.2633,39.386,step
2026-09-01T13:13:38.886593+00:00,83.457,-0.0258,0.15,0.0,0.0594,0.0048,7657.29,3,77.1067,39.406,step
2026-09-01T13:13:38.888105+00:00,83.49,-0.0257,0.15,0.0,0.0589,0.0047,7660.39,3,76.9443,39.426,step
2026-09-01T13:13:38.889530+00:00,83.523,-0.0256,0.15,0.0,0.0585,0.0046,7663.47,3,76.7764,39.446,step
2026-09-01T13:13:38.890949+00:00,83.556,-0.0254,0.15,0.0,0.0581,0.0045,7666.52,3,76.6025,39.466,step
2026-09-01T13:13:38.892415+00:00,83.589,-0.0253,0.15,0.0,0.0577,0.0045,7669.56,3,76.4189,39.486,step
2026-09-01T13:13:38.893887+00:00,83.622,-0.0252,0.15,0.0,0.0573,0.0043,7672.41,3,76.2259,39.506,step
2026-09-01T13:13:38.895438+00:00,83.655,-0.0251,0.15,0.0,0.0569,0.0042,7675.39,3,76.0265,39.526,step
2026-09-01T13:13:38.896915+00:00,83.688,-0.025,0.15,0.0,0.0565,0.0041,7678.42,3,75.8226,39.546,step
2026-09-01T13:13:38.898308+00:00,83.721,-0.0249,0.15,0.0,0.0562,0.004,7681.48,3,75.6147,39.566,step
2026-09-01T13:13:38.899748+00:00,83.753,-0.0248,0.15,0.0,0.0558,0.0039,7684.53,3,75.4026,39.586,step
2026-09-01T13:13:38.901135+00:00,83.786,-0.0247,0.15,0.0,0.0555,0.0038,7687.55,3,75.1862,39.606,step
2026-09-01T13:13:38.902619+00:00,83.819,-0.0246,0.15,0.0,0.0551,0.0037,7690.55,3,74.9661,39.626,step
2026-09-01T13:13:38.904061+00:00,83.851,-0.0245,0.15,0.0,0.0548,0.0036,7693.41,3,74.742,39.646,step
2026-09-01T13:13:38.905499+00:00,83.884,-0.0244,0.15,0.0,0.0544,0.0035,7696.3,3,74.5103,39.666,step
2026-09-01T13:13:38.906958+00:00,83.916,-0.0243,0.15,0.0,0.0541,0.0034,7699.28,3,74.2715,39.686,step
2026-09-01T13:13:38.908419+00:00,83.949,-0.0243,0.15,0.0,0.0538,0.0033,7702.31,3,74.0283,39.706,step
2026-09-01T13:13:38.909821+00:00,83.981,-0.0242,0.15,0.0,0.0535,0.0032,7705.33,3,73.7815,39.726,step
2026-09-01T13:13:38.911333+00:00,84.013,-0.0241,0.15,0.0,0.0532,0.0031,7708.32,3,73.5314,39.746,step
2026-09-01T13:13:38.912743+00:00,84.045,-0.0241,0.15,0.0,0.0529,0.003,7711.29,3,73.2788,39.766,step
2026-09-01T13:13:38.914158+00:00,84.078,-0.024,0.15,0.0,0.0526,0.0029,7714.2,3,73.0229,39.786,step
2026-09-01T13:13:38.915598+00:00,84.11,-0.0239,0.15,0.0,0.0524,0.0028,7716.94,3,72.7641,39.806,step
2026-09-01T13:13:38.917043+00:00,84.142,-0.0239,0.15,0.0,0.0521,0.0027,7719.89,3,72.5027,39.826,step
2026-09-01T13:13:38.918498+00:00,84.174,-0.0238,0.15,0.0,0.0518,0.0026,7722.87,3,72.2386,39.846,step
2026-09-01T13:13:38.919933+00:00,84.206,-0.0238,0.15,0.0,0.0516,0.0025,7725.86,3,71.9717,39.866,step
2026-09-01T13:13:38.921314+00:00,84.237,-0.0237,0.15,0.0,0.0513,0.0024,7728.82,3,71.7025,39.886,step
2026-09-01T13:13:38.922663+00:00,84.269,-0.0236,0.15,0.0,0.0511,0.0024,7731.75,3,71.431,39.906,step
2026-09-01T13:13:38.924060+00:00,84.301,-0.0236,0.15,0.0,0.0508,0.0023,7734.66,3,71.1568,39.926,step
2026-09-01T13:13:38.925492+00:00,84.333,-0.0235,0.15,0.0,0.0506,0.0023,7737.31,3,70.8798,39.946,step
2026-09-01T13:13:38.926917+00:00,84.364,-0.0234,0.15,0.0,0.0504,0.0022,7740.21,3,70.5974,39.966,step
2026-09-01T13:13:38.928280+00:00,84.396,-0.0234,0.15,0.0,0.0502,0.0021,7743.15,3,70.3094,39.986,step
2026-09-01T13:13:38.929697+00:00,84.427,-0.0234,0.15,0.0,0.05,0.002,7746.11,3,70.0186,40.006,step
2026-09-01T13:13:38.931023+00:00,84.458,-0.0234,0.15,0.0,0.0498,0.0019,7749.04,3,69.7253,40.026,step
2026-09-01T13:13:38.932379+00:00,84.49,-0.0233,0.15,0.0,0.0496,0.0018,7751.93,3,69.4299,40.046,step
2026-09-01T13:13:38.933777+00:00,84.521,-0.0233,0.15,0.0,0.0494,0.0017,7754.81,3,69.1321,40.066,step
2026-09-01T13:13:38.935157+00:00,84.552,-0.0233,0.15,0.0,0.0492,0.0017,7757.4,3,68.832,40.086,step
2026-09-01T13:13:38.936622+00:00,84.584,-0.0232,0.15,0.0,0.049,0.0016,7760.26,3,68.5303,40.106,step
2026-09-01T13:13:38.938011+00:00,84.615,-0.0232,0.15,0.0,0.0488,0.0015,7763.16,3,68.2264,40.126,step
2026-09-01T13:13:38.939397+00:00,84.645,-0.0232,0.15,0.0,0.0487,0.0014,7766.09,3,67.9208,40.146,step
2026-09-01T13:13:38.940691+00:00,84.676,-0.0232,0.15,0.0,0.0485,0.0014,7768.98,3,67.6132,40.166,step
2026-09-01T13:13:38.942049+00:00,84.707,-0.0231,0.15,0.0,0.0484,0.0013,7771.84,3,67.304,40.186,step
2026-09-01T13:13:38.943443+00:00,84.738,-0.0231,0.15,0.0,0.0482,0.0013,7774.67,3,66.993,40.206,step
2026-09-01T13:13:38.944825+00:00,84.769,-0.0231,0.15,0.0,0.0481,0.0012,7777.21,3,66.6798,40.226,step
2026-09-01T13:13:38.946248+00:00,84.8,-0.023,0.15,0.0,0.0479,0.0012,7780.01,3,66.3649,40.246,step
2026-09-01T13:13:38.947586+00:00,84.83,-0.023,0.15,0.0,0.0478,0.0011,7782.87,3,66.0496,40.266,step
2026-09-01T13:13:38.948962+00:00,84.861,-0.0229,0.15,0.0,0.0477,0.0011,7785.76,3,65.7335,40.286,step
2026-09-01T13:13:38.950314+00:00,84.891,-0.0229,0.15,0.0,0.0475,0.0011,7788.62,3,65.4158,40.306,step
2026-09-01T13:13:38.951621+00:00,84.922,-0.0228,0.15,0.0,0.0474,0.0011,7791.44,3,65.0968,40.326,step
2026-09-01T13:13:38.953062+00:00,84.952,-0.0227,0.15,0.0,0.0473,0.0011,7794.24,3,64.776,40.346,step
2026-09-01T13:13:38.954421+00:00,84.983,-0.0227,0.15,0.0,0.0471,0.0011,7796.72,3,64.4536,40.366,step
2026-09-01T13:13:38.955777+00:00,85.013,-0.0226,0.15,0.0,0.047,0.0011,7799.48,3,64.1294,40.386,step
2026-09-01T13:13:38.957133+00:00,85.043,-0.0225,0.15,0.0,0.0469,0.0011,7802.3,3,63.8039,40.406,step
2026-09-01T13:13:38.958498+00:00,85.073,-0.0225,0.15,0.0,0.0467,0.0011,7805.15,3,63.4771,40.426,step
2026-09-01T13:13:38.959762+00:00,85.103,-0.0224,0.15,0.0,0.0466,0.0011,7807.97,3,63.1463,40.446,step
2026-09-01T13:13:38.961074+00:00,85.133,-0.0223,0.15,0.0,0.0465,0.0011,7810.75,3,62.8115,40.466,step
2026-09-01T13:13:38.962394+00:00,85.163,-0.0223,0.15,0.0,0.0464,0.0011,7813.51,3,62.4742,40.486,step
2026-09-01T13:13:38.963676+00:00,85.193,-0.0222,0.15,0.0,0.0462,0.0011,7815.94,3,62.1354,40.506,step
2026-09-01T13:13:38.964994+00:00,85.222,-0.0222,0.15,0.0,0.0461,0.0011,7818.6,3,61.7959,40.526,step
2026-09-01T13:13:38.966302+00:00,85.251,-0.0221,0.15,0.0,0.046,0.0011,7821.27,3,61.456,40.546,step
2026-09-01T13:13:38.967607+00:00,85.281,-0.0221,0.15,0.0,0.0459,0.0011,7823.97,3,61.1147,40.566,step
2026-09-01T13:13:38.968851+00:00,85.309,-0.0215,0.15,0.0,0.0457,0.0017,7826.73,3,60.7718,40.586,step
2026-09-01T13:13:38.970086+00:00,85.338,-0.0205,0.15,0.0,0.0455,0.0028,7829.47,3,60.4272,40.606,step
2026-09-01T13:13:38.971287+00:00,85.367,-0.0195,0.15,0.0,0.0452,0.0039,7832.18,3,60.0784,40.626,step
2026-09-01T13:13:38.972449+00:00,85.397,-0.0185,0.15,0.0,0.0448,0.0049,7833.23,3,59.7208,40.646,step
2026-09-01T13:13:38.973628+00:00,85.425,-0.0175,0.15,0.0,0.0444,0.0059,7835.86,3,59.353,40.666,step
2026-09-01T13:13:38.974817+00:00,85.454,-0.0165,0.15,0.0,0.0439,0.0068,7838.88,3,58.9777,40.686,step
2026-09-01T13:13:38.975953+00:00,85.482,-0.0155,0.15,0.0,0.0433,0.0076,7842.19,3,58.5978,40.706,step
2026-09-01T13:13:38.977137+00:00,85.51,-0.0145,0.15,0.0,0.0426,0.0085,7845.24,3,58.2138,40.726,step
2026-09-01T13:13:38.978291+00:00,85.538,-0.0135,0.15,0.0,0.0419,0.0092,7848.06,3,57.8241,40.746,step
2026-09-01T13:13:38.979458+00:00,85.567,-0.0126,0.15,0.0,0.0411,0.01,7850.73,3,57.4281,40.766,step
2026-09-01T13:13:38.980610+00:00,85.596,-0.0116,0.15,0.0,0.0402,0.0107,7853.3,3,57.0263,40.786,step
2026-09-01T13:13:38.981756+00:00,85.624,-0.0106,0.15,0.0,0.0394,0.0113,7855.84,3,56.6192,40.806,step
2026-09-01T13:13:38.982925+00:00,85.653,-0.0097,0.15,0.0,0.0384,0.0119,7858.38,3,56.2066,40.826,step
2026-09-01T13:13:38.984115+00:00,85.681,-0.0087,0.15,0.0,0.0374,0.0125,7860.82,3,55.7885,40.846,step
2026-09-01T13:13:38.985338+00:00,85.709,-0.0078,0.0,0.15,0.0364,0.013,7863.22,3,55.3646,40.866,step
2026-09-01T13:13:38.986535+00:00,85.348,-0.0069,0.0,0.15,0.0354,0.0135,7703.09,3,54.9379,40.886,step
2026-09-01T13:13:38.987748+00:00,84.809,-0.006,0.0,0.15,0.0343,0.014,7651.44,3,54.5122,40.906,step
2026-09-01T13:13:38.988893+00:00,84.27,-0.0051,0.0,0.15,0.0332,0.0144,7600.89,3,54.0859,40.926,step
2026-09-01T13:13:38.990050+00:00,83.733,-0.0042,0.0,0.15,0.0321,0.0148,7551.82,3,53.6576,40.946,step
2026-09-01T13:13:38.991241+00:00,83.194,-0.0034,0.0,0.15,0.0309,0.0151,7509.17,3,53.2264,40.966,step
2026-09-01T13:13:38.992449+00:00,82.661,-0.0026,0.0,0.15,0.0298,0.0154,7460.45,3,52.7921,40.986,step
2026-09-01T13:13:38.993699+00:00,82.131,-0.0018,0.0,0.15,0.0286,0.0156,7411.19,3,52.3569,41.006,step
2026-09-01T13:13:38.994906+00:00,81.602,-0.001,0.0,0.15,0.0274,0.0158,7362.65,3,51.921,41.026,step
2026-09-01T13:13:38.996080+00:00,81.075,-0.0003,0.0,0.15,0.0262,0.016,7314.77,3,51.4834,41.046,step
2026-09-01T13:13:38.997244+00:00,80.549,0.0003,0.0,0.15,0.0251,0.0161,7267.38,3,51.0435,41.066,step
2026-09-01T13:13:38.998376+00:00,80.025,0.001,0.0,0.15,0.0239,0.0161,7220.34,3,50.6031,41.086,step
2026-09-01T13:13:38.999546+00:00,79.502,0.0016,0.0,0.15,0.0227,0.0162,7173.52,2,50.1626,41.106,step
2026-09-01T13:13:39.000724+00:00,78.997,0.0021,0.0,0.15,0.0215,0.0161,9017.74,2,49.7201,41.126,step
2026-09-01T13:13:39.001944+00:00,78.508,0.0027,0.0,0.15,0.0204,0.0161,8996.54,2,49.2759,41.146,step
2026-09-01T13:13:39.003248+00:00,77.999,0.0031,0.0,0.15,0.0192,0.016,8839.01,2,48.8309,41.166,step
2026-09-01T13:13:39.004422+00:00,77.421,0.0036,0.0,0.15,0.0181,0.0158,8769.75,2,48.3824,41.186,step
2026-09-01T13:13:39.005616+00:00,76.844,0.0039,0.0,0.15,0.017,0.0155,8704.91,2,47.9319,41.206,step
2026-09-01T13:13:39.006785+00:00,76.271,0.0042,0.0,0.15,0.0159,0.0152,8640.74,2,47.4817,41.226,step
2026-09-01T13:13:39.007957+00:00,75.7,0.0045,0.0,0.15,0.0148,0.0149,8577.1,2,47.034,41.246,step
2026-09-01T13:13:39.009163+00:00,75.132,0.0048,0.0,0.15,0.0138,0.0146,8513.84,2,46.5879,41.266,step
2026-09-01T13:13:39.010445+00:00,74.566,0.005,0.0,0.15,0.0128,0.0143,8450.91,2,46.1435,41.286,step
2026-09-01T13:13:39.011609+00:00,74.002,0.0052,0.0,0.15,0.0118,0.0139,8391.0,2,45.7024,41.306,step
2026-09-01T13:13:39.012780+00:00,73.442,0.0054,0.0,0.15,0.0109,0.0136,8328.35,2,45.2649,41.326,step
2026-09-01T13:13:39.013966+00:00,72.885,-0.1944,0.0,0.15,0.01,0.0133,8265.07,2,44.8311,41.346,step
2026-09-01T13:13:39.015155+00:00,72.343,-0.1925,0.0,0.15,0.0089,0.0149,8202.88,2,44.5633,41.366,step
2026-09-01T13:13:39.016327+00:00,71.751,-0.1873,0.0,0.15,0.0073,0.0204,8135.3,2,44.6122,41.386,step
2026-09-01T13:13:39.017534+00:00,71.175,-0.1803,0.0,0.15,0.0052,0.0279,8067.39,2,44.8194,41.406,step
2026-09-01T13:13:39.018740+00:00,70.613,0.0276,0.0,0.15,0.0026,0.0361,8002.57,2,45.0849,41.426,step
2026-09-01T13:13:39.020044+00:00,70.078,0.034,0.0,0.15,-0.0002,0.0424,7944.32,2,45.1857,41.446,step
2026-09-01T13:13:39.021257+00:00,69.52,-0.1634,0.0,0.15,-0.0029,0.044,7886.59,2,44.9215,41.466,step
2026-09-01T13:13:39.022428+00:00,68.986,-0.1606,0.0,0.15,-0.0057,0.0456,7827.0,2,44.6649,41.486,step
2026-09-01T13:13:39.023631+00:00,68.416,-0.1551,0.0,0.15,-0.009,0.0504,7762.31,2,44.654,41.506,step
2026-09-01T13:13:39.024845+00:00,67.862,-0.1483,0.0,0.15,-0.0128,0.0567,7698.51,2,44.7532,41.526,step
2026-09-01T13:13:39.026063+00:00,67.32,-0.1409,0.0,0.15,-0.0169,0.0634,7637.07,2,44.8832,41.546,step
2026-09-01T13:13:39.027351+00:00,66.782,0.0667,0.8,0.0,-0.0214,0.07,7576.85,2,45.0077,41.566,step
2026-09-01T13:13:39.028570+00:00,67.026,-0.1277,0.0,0.15,-0.0261,0.0741,8460.63,2,44.9433,41.586,step
2026-09-01T13:13:39.029765+00:00,67.015,-0.124,0.0,0.15,-0.0307,0.0758,7614.5,2,44.6974,41.606,step
2026-09-01T13:13:39.030988+00:00,66.464,-0.1186,0.0,0.15,-0.0357,0.0795,7553.18,2,44.5958,41.626,step
2026-09-01T13:13:39.032172+00:00,65.925,-0.1123,0.0,0.15,-0.041,0.084,7488.02,2,44.5592,41.646,step
2026-09-01T13:13:39.033394+00:00,65.392,-0.1056,0.0,0.15,-0.0465,0.0889,7424.31,2,44.543,41.666,step
2026-09-01T13:13:39.034595+00:00,64.864,-0.0989,0.0,0.15,-0.0523,0.0937,7362.43,2,44.5262,41.686,step
2026-09-01T13:13:39.035935+00:00,64.34,-0.0922,0.0,0.15,-0.0584,0.0983,7302.81,2,44.4976,41.706,step
2026-09-01T13:13:39.037182+00:00,63.818,-0.0856,0.0,0.15,-0.0646,0.1027,7245.23,2,44.4502,41.726,step
2026-09-01T13:13:39.038370+00:00,63.3,-0.0791,0.0,0.15,-0.071,0.1067,7188.12,2,44.3821,41.746,step
2026-09-01T13:13:39.039539+00:00,62.783,-0.0728,0.0,0.15,-0.0776,0.1104,7131.12,2,44.2921,41.766,step
2026-09-01T13:13:39.040708+00:00,62.27,-0.0668,0.0,0.15,-0.0843,0.1139,7074.07,2,44.181,41.786,step
2026-09-01T13:13:39.041946+00:00,61.758,-0.0609,0.0,0.15,-0.0911,0.117,7017.03,2,44.0503,41.806,step
2026-09-01T13:13:39.043181+00:00,61.249,-0.0552,0.0,0.15,-0.0981,0.1198,6960.05,2,43.901,41.826,step
2026-09-01T13:13:39.044515+00:00,60.742,-0.0496,0.0,0.15,-0.1051,0.1223,6903.16,2,43.7341,41.846,step
2026-09-01T13:13:39.045721+00:00,60.236,-0.0443,0.0,0.15,-0.1121,0.1246,6846.34,2,43.5514,41.866,step
2026-09-01T13:13:39.046939+00:00,59.733,-0.0391,0.0,0.15,-0.1193,0.1266,6789.65,2,43.3535,41.886,step
2026-09-01T13:13:39.048134+00:00,59.231,-0.0341,0.0,0.15,-0.1264,0.1284,6733.15,2,43.1415,41.906,step
2026-09-01T13:13:39.049338+00:00,58.731,-0.0293,0.0,0.15,-0.1336,0.1299,6676.85,2,42.9167,41.926,step
2026-09-01T13:13:39.050552+00:00,58.232,-0.0246,0.0,0.15,-0.1408,0.1313,6620.73,2,42.6798,41.946,step
2026-09-01T13:13:39.051805+00:00,57.738,-0.0201,0.0,0.15,-0.1479,0.1324,6564.93,2,42.4324,41.966,step
2026-09-01T13:13:39.053106+00:00,57.243,-0.0158,0.0,0.15,-0.1551,0.1334,6509.17,2,42.1745,41.986,step
2026-09-01T13:13:39.054412+00:00,56.75,-0.0116,0.0,0.15,-0.1622,0.1341,6453.52,2,41.9072,42.006,step
2026-09-01T13:13:39.055650+00:00,56.258,-0.0076,0.0,0.15,-0.1692,0.1347,6398.07,2,41.6318,42.026,step
2026-09-01T13:13:39.056912+00:00,55.767,-0.0037,0.0,0.15,-0.1763,0.1352,6342.82,2,41.3485,42.046,step
2026-09-01T13:13:39.058121+00:00,55.278,-0.0,0.0,0.15,-0.1832,0.1354,6287.78,2,41.0579,42.066,step
2026-09-01T13:13:39.059347+00:00,54.791,0.0035,0.0,0.15,-0.1901,0.1356,6232.91,2,40.7601,42.086,step
2026-09-01T13:13:39.060688+00:00,54.306,0.0069,0.0,0.15,-0.197,0.1355,6178.19,2,40.4555,42.106,step
2026-09-01T13:13:39.061936+00:00,53.823,0.0101,0.0,0.15,-0.2037,0.1354,6123.63,2,40.1453,42.126,step
2026-09-01T13:13:39.063220+00:00,53.342,0.0132,0.0,0.15,-0.2104,0.1351,6067.54,2,39.83,42.146,step
2026-09-01T13:13:39.064517+00:00,52.862,0.0162,0.0,0.15,-0.2169,0.1347,6012.63,2,39.5104,42.166,step
2026-09-01T13:13:39.065735+00:00,52.383,0.019,0.0,0.15,-0.2234,0.1342,5959.57,2,39.1872,42.186,step
2026-09-01T13:13:39.066998+00:00,51.904,0.0217,0.0,0.15,-0.2298,0.1335,5906.16,2,38.8609,42.206,step
2026-09-01T13:13:39.068221+00:00,51.428,0.0243,0.0,0.15,-0.236,0.1328,5852.7,2,38.5316,42.226,step
2026-09-01T13:13:39.069578+00:00,50.952,0.0267,0.0,0.15,-0.2422,0.132,5799.25,2,38.2007,42.246,step
2026-09-01T13:13:39.070793+00:00,50.478,0.0291,0.0,0.15,-0.2483,0.1312,5745.76,2,37.868,42.266,step
2026-09-01T13:13:39.071985+00:00,50.005,0.0313,0.0,0.15,-0.2542,0.1302,5692.27,2,37.5341,42.286,step
2026-09-01T13:13:39.073191+00:00,49.533,0.0334,0.0,0.15,-0.2601,0.1292,5638.77,1,37.1997,42.306,step
2026-09-01T13:13:39.074385+00:00,49.068,0.0354,0.0,0.15,-0.2658,0.1281,7566.34,1,36.8651,42.326,step
2026-09-01T13:13:39.075596+00:00,48.607,0.0373,0.0,0.15,-0.2714,0.127,7555.5,1,36.5304,42.346,step
2026-09-01T13:13:39.076807+00:00,48.13,0.0391,0.0,0.15,-0.2769,0.1259,7336.37,1,36.1957,42.366,step
2026-09-01T13:13:39.078141+00:00,47.611,0.0408,0.0,0.15,-0.2823,0.1246,7258.93,1,35.8596,42.386,step
2026-09-01T13:13:39.079349+00:00,47.096,0.0424,0.0,0.15,-0.2875,0.1233,7181.35,1,35.5234,42.406,step
2026-09-01T13:13:39.080569+00:00,46.583,0.0439,0.15,0.0,-0.2927,0.1219,7104.47,1,35.1886,42.426,step
2026-09-01T13:13:39.081766+00:00,46.587,0.0453,0.15,0.0,-0.2977,0.1206,7290.57,1,34.8573,42.446,step
2026-09-01T13:13:39.082975+00:00,46.711,0.0468,0.15,0.0,-0.3027,0.1193,7305.87,1,34.5285,42.466,step
2026-09-01T13:13:39.084220+00:00,46.835,0.0482,0.15,0.0,-0.3076,0.118,7322.09,1,34.1991,42.486,step
2026-09-01T13:13:39.085484+00:00,46.959,0.0496,0.15,0.0,-0.3124,0.1167,7339.72,1,33.869,42.506,step
2026-09-01T13:13:39.086754+00:00,47.081,0.0509,0.0,0.15,-0.3172,0.1154,7358.53,1,33.5372,42.526,step
2026-09-01T13:13:39.088069+00:00,46.709,0.0522,0.15,0.0,-0.322,0.114,7134.05,1,33.2019,42.546,step
2026-09-01T13:13:39.089394+00:00,46.706,0.0533,0.15,0.0,-0.3266,0.1125,7305.63,1,32.8654,42.566,step
2026-09-01T13:13:39.090651+00:00,46.829,0.0544,0.15,0.0,-0.3312,0.111,7324.2,1,32.5297,42.586,step
2026-09-01T13:13:39.091913+00:00,46.952,0.0535,0.15,0.0,-0.3357,0.1071,7342.47,1,32.1928,42.606,step
2026-09-01T13:13:39.093208+00:00,47.075,0.0495,0.0,0.15,-0.3399,0.0994,7361.13,1,31.8553,42.626,step
2026-09-01T13:13:39.094634+00:00,46.698,0.0453,0.15,0.0,-0.3438,0.0917,7129.38,1,31.5199,42.646,step
2026-09-01T13:13:39.095948+00:00,46.702,0.0411,0.15,0.0,-0.3474,0.0842,7305.59,1,31.1912,42.666,step
2026-09-01T13:13:39.097238+00:00,46.826,0.0368,0.15,0.0,-0.3506,0.0768,7323.34,1,30.8714,42.686,step
2026-09-01T13:13:39.098526+00:00,46.95,0.0325,0.15,0.0,-0.3536,0.0696,7342.54,1,30.5574,42.706,step
2026-09-01T13:13:39.099845+00:00,47.074,0.0281,0.0,0.15,-0.3563,0.0624,7361.31,1,30.2494,42.726,step
2026-09-01T13:13:39.101157+00:00,46.7,0.0236,0.15,0.0,-0.3587,0.0553,7129.4,1,29.9463,42.746,step
2026-09-01T13:13:39.102578+00:00,46.697,0.0191,0.15,0.0,-0.3608,0.0484,7304.56,1,29.65,42.766,step
2026-09-01T13:13:39.103914+00:00,46.821,0.0146,0.15,0.0,-0.3626,0.0416,7322.48,1,29.3616,42.786,step
2026-09-01T13:13:39.105249+00:00,46.946,0.01,0.15,0.0,-0.3642,0.0349,7340.59,1,29.0787,42.806,step
2026-09-01T13:13:39.106574+00:00,47.07,0.0054,0.0,0.15,-0.3655,0.0284,7358.93,1,28.8013,42.826,step
2026-09-01T13:13:39.107910+00:00,46.693,0.0008,0.15,0.0,-0.3665,0.022,7130.4,1,28.5301,42.846,step
2026-09-01T13:13:39.109210+00:00,46.686,-0.0038,0.15,0.0,-0.3673,0.0157,7301.99,1,28.2658,42.866,step
2026-09-01T13:13:39.110549+00:00,46.81,-0.0085,0.15,0.0,-0.3678,0.0095,7320.18,1,28.0078,42.886,step
2026-09-01T13:13:39.111871+00:00,46.934,-0.0131,0.15,0.0,-0.3681,0.0035,7338.71,1,27.7547,42.906,step
2026-09-01T13:13:39.113160+00:00,47.058,-0.0178,0.0,0.15,-0.3682,-0.0024,7357.31,1,27.5063,42.926,step
2026-09-01T13:13:39.114494+00:00,46.681,-0.0225,0.0,0.15,-0.368,-0.0081,7127.87,1,27.2653,42.946,step
2026-09-01T13:13:39.115803+00:00,46.17,-0.0271,0.15,0.0,-0.3676,-0.0136,7045.09,1,27.0348,42.966,step
2026-09-01T13:13:39.117160+00:00,46.152,-0.0317,0.0,0.15,-0.367,-0.0189,7222.06,1,26.8107,42.986,step
2026-09-01T13:13:39.118455+00:00,45.777,-0.0362,0.0,0.15,-0.3662,-0.0241,6987.68,1,26.5923,43.006,step
2026-09-01T13:13:39.119845+00:00,45.272,-0.0407,0.0,0.15,-0.3652,-0.0291,6908.87,1,26.3835,43.026,step
2026-09-01T13:13:39.121174+00:00,44.77,-0.045,0.15,0.0,-0.3641,-0.0338,6832.21,1,26.1834,43.046,step
2026-09-01T13:13:39.122459+00:00,44.754,-0.0494,0.0,0.15,-0.3627,-0.0384,7004.49,1,25.9877,43.066,step
2026-09-01T13:13:39.123769+00:00,44.382,-0.0537,0.0,0.15,-0.3613,-0.043,6779.08,1,25.7957,43.086,step
2026-09-01T13:13:39.125100+00:00,43.885,-0.058,0.0,0.15,-0.3596,-0.0472,6702.44,1,25.613,43.106,step
2026-09-01T13:13:39.126438+00:00,43.391,-0.0621,0.15,0.0,-0.3579,-0.0513,6626.41,1,25.4379,43.126,step
2026-09-01T13:13:39.127729+00:00,43.376,-0.0663,0.0,0.15,-0.356,-0.0553,6788.67,1,25.2656,43.146,step
2026-09-01T13:13:39.129004+00:00,43.006,-0.0704,0.0,0.15,-0.354,-0.0592,6572.34,1,25.0967,43.166,step
2026-09-01T13:13:39.130249+00:00,42.517,-0.0744,0.15,0.0,-0.3519,-0.0629,6496.42,1,24.9365,43.186,step
2026-09-01T13:13:39.131489+00:00,42.502,-0.0784,0.0,0.15,-0.3496,-0.0665,6651.42,1,24.7788,43.206,step
2026-09-01T13:13:39.132796+00:00,42.134,-0.0824,0.15,0.0,-0.3473,-0.07,6441.04,1,24.6245,43.226,step
2026-09-01T13:13:39.134051+00:00,42.12,-0.0863,0.0,0.15,-0.3448,-0.0734,6590.63,1,24.4746,43.246,step
2026-09-01T13:13:39.135377+00:00,41.752,-0.0902,0.0,0.15,-0.3423,-0.0767,6384.04,1,24.3284,43.266,step
2026-09-01T13:13:39.136634+00:00,41.268,-0.0939,0.15,0.0,-0.3397,-0.0797,6307.79,1,24.1915,43.286,step
2026-09-01T13:13:39.137954+00:00,41.252,-0.0976,0.0,0.15,-0.337,-0.0826,6456.45,1,24.0568,43.306,step
2026-09-01T13:13:39.139278+00:00,40.886,-0.1013,0.15,0.0,-0.3342,-0.0855,6251.98,1,23.9251,43.326,step
2026-09-01T13:13:39.140545+00:00,40.871,-0.1049,0.0,0.15,-0.3314,-0.0883,6396.15,1,23.7971,43.346,step
2026-09-01T13:13:39.141852+00:00,40.505,-0.1085,0.15,0.0,-0.3284,-0.0909,6195.12,1,23.6722,43.366,step
2026-09-01T13:13:39.143089+00:00,40.49,-0.1121,0.0,0.15,-0.3255,-0.0935,6336.25,1,23.5516,43.386,step
2026-09-01T13:13:39.144482+00:00,40.125,-0.1155,0.15,0.0,-0.3224,-0.0959,6137.55,1,23.434,43.406,step
2026-09-01T13:13:39.145778+00:00,40.109,-0.119,0.0,0.15,-0.3193,-0.0983,6276.74,1,23.3203,43.426,step
2026-09-01T13:13:39.147036+00:00,39.744,-0.1223,0.15,0.0,-0.3161,-0.1005,6079.65,1,23.2097,43.446,step
2026-09-01T13:13:39.148265+00:00,39.728,-0.1257,0.0,0.15,-0.313,-0.1027,6217.38,1,23.1023,43.466,step
2026-09-01T13:13:39.149500+00:00,39.363,-0.1289,0.15,0.0,-0.3097,-0.1047,6021.81,1,22.998,43.486,step
2026-09-01T13:13:39.150781+00:00,39.346,-0.1321,0.0,0.15,-0.3064,-0.1067,6158.01,1,22.8973,43.506,step
2026-09-01T13:13:39.152080+00:00,38.982,-0.1353,0.15,0.0,-0.3031,-0.1085,5964.08,1,22.7992,43.526,step
2026-09-01T13:13:39.153337+00:00,38.965,-0.1384,0.0,0.15,-0.2997,-0.1103,6098.55,1,22.7043,43.546,step
2026-09-01T13:13:39.154668+00:00,38.602,-0.1414,0.15,0.0,-0.2963,-0.112,5906.4,1,22.6119,43.566,step
2026-09-01T13:13:39.155934+00:00,38.584,-0.1444,0.0,0.15,-0.2929,-0.1136,6039.07,1,22.5226,43.586,step
2026-09-01T13:13:39.157220+00:00,38.221,-0.1474,0.15,0.0,-0.2895,-0.1151,5848.72,1,22.4357,43.606,step
2026-09-01T13:13:39.158553+00:00,38.204,-0.1502,0.15,0.0,-0.286,-0.1166,5979.62,1,22.352,43.626,step
2026-09-01T13:13:39.159891+00:00,38.326,-0.1532,0.0,0.15,-0.2825,-0.1181,5997.22,1,22.2651,43.646,step
2026-09-01T13:13:39.161226+00:00,37.963,-0.156,0.15,0.0,-0.279,-0.1194,5811.06,1,22.1843,43.666,step
2026-09-01T13:13:39.162504+00:00,37.944,-0.1588,0.0,0.15,-0.2755,-0.1207,5938.12,1,22.1069,43.686,step
2026-09-01T13:13:39.163772+00:00,37.581,-0.1615,0.15,0.0,-0.2719,-0.1218,5751.53,1,22.0324,43.706,step
2026-09-01T13:13:39.165051+00:00,37.562,-0.1641,0.15,0.0,-0.2684,-0.1229,5879.69,1,21.9606,43.726,step
2026-09-01T13:13:39.166341+00:00,37.683,-0.1668,0.0,0.15,-0.2648,-0.124,5897.28,1,21.8853,43.746,step
2026-09-01T13:13:39.167636+00:00,37.32,-0.1694,0.15,0.0,-0.2612,-0.125,5712.94,1,21.8166,43.766,step
2026-09-01T13:13:39.168924+00:00,37.3,-0.1719,0.0,0.15,-0.2576,-0.1259,5838.17,1,21.7508,43.786,step
2026-09-01T13:13:39.170182+00:00,36.937,-0.1744,0.15,0.0,-0.254,-0.1267,5653.58,1,21.6876,43.806,step
2026-09-01T13:13:39.171461+00:00,36.917,-0.1767,0.15,0.0,-0.2504,-0.1274,5779.27,1,21.6271,43.826,step
2026-09-01T13:13:39.172683+00:00,37.037,-0.1792,0.0,0.15,-0.2468,-0.1283,5796.68,1,21.5627,43.846,step
2026-09-01T13:13:39.173938+00:00,36.675,-0.1815,0.15,0.0,-0.2432,-0.1289,5614.98,1,21.5046,43.866,step
2026-09-01T13:13:39.175238+00:00,36.654,-0.1838,0.15,0.0,-0.2396,-0.1295,5737.34,1,21.4494,43.886,step
2026-09-01T13:13:39.176447+00:00,36.773,-0.1861,0.0,0.15,-0.236,-0.1301,5755.12,1,21.3902,43.906,step
2026-09-01T13:13:39.177796+00:00,36.411,-0.1883,0.15,0.0,-0.2323,-0.1306,5574.79,1,21.3375,43.926,step
2026-09-01T13:13:39.179041+00:00,36.389,-0.1905,0.15,0.0,-0.2287,-0.131,5696.32,1,21.2875,43.946,step
2026-09-01T13:13:39.180320+00:00,36.508,-0.1927,0.0,0.15,-0.2251,-0.1316,5713.97,1,21.2331,43.966,step
2026-09-01T13:13:39.181600+00:00,36.146,-0.1948,0.15,0.0,-0.2215,-0.1319,5534.19,1,21.1858,43.986,step
2026-09-01T13:13:39.182873+00:00,36.122,-0.1967,0.15,0.0,-0.2179,-0.1321,5655.14,1,21.1416,44.006,step
2026-09-01T13:13:39.184146+00:00,36.241,-0.1988,0.0,0.15,-0.2144,-0.1325,5672.6,1,21.093,44.026,step
2026-09-01T13:13:39.185412+00:00,35.879,-0.2008,0.15,0.0,-0.2108,-0.1327,5493.64,1,21.0512,44.046,step
2026-09-01T13:13:39.186715+00:00,35.855,-0.2026,0.15,0.0,-0.2072,-0.1328,5613.5,1,21.012,44.066,step
2026-09-01T13:13:39.187958+00:00,35.973,-0.2046,0.0,0.15,-0.2037,-0.133,5630.91,1,20.9684,44.086,step
2026-09-01T13:13:39.189203+00:00,35.612,-0.2064,0.15,0.0,-0.2001,-0.133,5452.96,1,20.9316,44.106,step
2026-09-01T13:13:39.190420+00:00,35.587,-0.2081,0.15,0.0,-0.1966,-0.133,5571.68,1,20.897,44.126,step
2026-09-01T13:13:39.191670+00:00,35.705,-0.2099,0.15,0.0,-0.1931,-0.1331,5589.04,1,20.8575,44.146,step
2026-09-01T13:13:39.192945+00:00,35.822,-0.2118,0.0,0.15,-0.1896,-0.1332,5606.3,1,20.8179,44.166,step
2026-09-01T13:13:39.194252+00:00,35.461,-0.2134,0.15,0.0,-0.1861,-0.1331,5430.58,1,20.7861,44.186,step
2026-09-01T13:13:39.195531+00:00,35.435,-0.215,0.15,0.0,-0.1827,-0.1329,5547.81,1,20.7567,44.206,step
2026-09-01T13:13:39.196762+00:00,35.552,-0.2167,0.0,0.15,-0.1792,-0.1329,5565.25,1,20.7224,44.226,step
2026-09-01T13:13:39.198021+00:00,35.19,-0.2182,0.15,0.0,-0.1758,-0.1326,5388.44,1,20.6957,44.246,step
2026-09-01T13:13:39.199280+00:00,35.164,-0.2197,0.15,0.0,-0.1724,-0.1323,5506.35,1,20.6714,44.266,step
2026-09-01T13:13:39.200571+00:00,35.281,-0.2212,0.15,0.0,-0.169,-0.1322,5523.34,1,20.6421,44.286,step
2026-09-01T13:13:39.201796+00:00,35.397,-0.2228,0.0,0.15,-0.1657,-0.132,5540.4,1,20.6123,44.306,step
2026-09-01T13:13:39.203087+00:00,35.036,-0.2242,0.15,0.0,-0.1623,-0.1316,5365.77,1,20.5903,44.326,step
2026-09-01T13:13:39.204343+00:00,35.008,-0.2255,0.15,0.0,-0.159,-0.1312,5481.54,1,20.5706,44.346,step
2026-09-01T13:13:39.205646+00:00,35.124,-0.2269,0.15,0.0,-0.1557,-0.1309,5498.8,1,20.5455,44.366,step
2026-09-01T13:13:39.206903+00:00,35.24,-0.2283,0.0,0.15,-0.1524,-0.1307,5516.1,1,20.5204,44.386,step
2026-09-01T13:13:39.208144+00:00,34.879,-0.2296,0.15,0.0,-0.1491,-0.1302,5341.64,1,20.5032,44.406,step
2026-09-01T13:13:39.209401+00:00,34.85,-0.2307,0.15,0.0,-0.1459,-0.1296,5457.51,1,20.4888,44.426,step
2026-09-01T13:13:39.210669+00:00,34.966,-0.232,0.15,0.0,-0.1427,-0.1292,5474.5,1,20.4691,44.446,step
2026-09-01T13:13:39.211916+00:00,35.082,-0.2333,0.15,0.0,-0.1395,-0.1288,5491.67,1,20.449,44.466,step
2026-09-01T13:13:39.213148+00:00,35.197,-0.2346,0.0,0.15,-0.1363,-0.1284,5509.02,1,20.4289,44.486,step
2026-09-01T13:13:39.214387+00:00,34.836,-0.2357,0.15,0.0,-0.1331,-0.1278,5335.28,1,20.4174,44.506,step
2026-09-01T13:13:39.215666+00:00,34.805,-0.2367,0.15,0.0,-0.13,-0.1271,5450.86,1,20.4087,44.526,step
2026-09-01T13:13:39.216894+00:00,34.921,-0.2378,0.15,0.0,-0.1269,-0.1266,5467.76,1,20.3946,44.546,step
2026-09-01T13:13:39.218115+00:00,35.036,-0.2389,0.0,0.15,-0.1239,-0.126,5485.03,1,20.3802,44.566,step
2026-09-01T13:13:39.219447+00:00,34.675,-0.2398,0.15,0.0,-0.1208,-0.1253,5310.32,1,20.3738,44.586,step
2026-09-01T13:13:39.220702+00:00,34.644,-0.2407,0.15,0.0,-0.1178,-0.1245,5426.1,1,20.37,44.606,step
2026-09-01T13:13:39.221920+00:00,34.76,-0.2417,0.15,0.0,-0.1148,-0.1238,5442.84,1,20.3603,44.626,step
2026-09-01T13:13:39.223179+00:00,34.874,-0.2426,0.15,0.0,-0.1119,-0.1232,5459.81,1,20.3502,44.646,step
2026-09-01T13:13:39.224444+00:00,34.989,-0.2436,0.0,0.15,-0.1089,-0.1226,5476.99,1,20.3401,44.666,step
2026-09-01T13:13:39.225712+00:00,34.629,-0.2444,0.15,0.0,-0.106,-0.1218,5303.69,1,20.3387,44.686,step
2026-09-01T13:13:39.226970+00:00,34.596,-0.2451,0.15,0.0,-0.1031,-0.1209,5418.54,1,20.3393,44.706,step
2026-09-01T13:13:39.228294+00:00,34.712,-0.246,0.15,0.0,-0.1003,-0.1202,5435.35,1,20.334,44.726,step
2026-09-01T13:13:39.229544+00:00,34.826,-0.2468,0.15,0.0,-0.0975,-0.1195,5452.54,1,20.3284,44.746,step
2026-09-01T13:13:39.230789+00:00,34.94,-0.2477,0.0,0.15,-0.0947,-0.1188,5469.83,1,20.3231,44.766,step
2026-09-01T13:13:39.232048+00:00,34.58,-0.2483,0.15,0.0,-0.0919,-0.1178,5295.97,1,20.3265,44.786,step
2026-09-01T13:13:39.233314+00:00,34.546,-0.2489,0.15,0.0,-0.0892,-0.1168,5411.27,1,20.3324,44.806,step
2026-09-01T13:13:39.234590+00:00,34.661,-0.2496,0.15,0.0,-0.0865,-0.116,5427.9,1,20.3321,44.826,step
2026-09-01T13:13:39.235913+00:00,34.775,-0.2503,0.15,0.0,-0.0839,-0.1152,5444.96,1,20.3315,44.846,step
2026-09-01T13:13:39.237130+00:00,34.89,-0.251,0.15,0.0,-0.0812,-0.1145,5462.11,1,20.3307,44.866,step
2026-09-01T13:13:39.238339+00:00,35.004,-0.2516,0.0,0.15,-0.0786,-0.1137,5479.56,1,20.3301,44.886,step
2026-09-01T13:13:39.239570+00:00,34.644,-0.2521,0.15,0.0,-0.076,-0.1126,5305.79,1,20.3387,44.906,step
2026-09-01T13:13:39.240820+00:00,34.609,-0.2525,0.15,0.0,-0.0735,-0.1115,5421.51,1,20.3498,44.926,step
2026-09-01T13:13:39.242101+00:00,34.724,-0.253,0.15,0.0,-0.071,-0.1106,5438.04,1,20.3551,44.946,step
2026-09-01T13:13:39.243402+00:00,34.838,-0.2536,0.15,0.0,-0.0685,-0.1098,5455.11,1,20.3594,44.966,step
2026-09-01T13:13:39.244701+00:00,34.952,-0.2541,0.15,0.0,-0.066,-0.1089,5472.31,1,20.3641,44.986,step
2026-09-01T13:13:39.245929+00:00,35.066,-0.2546,0.0,0.15,-0.0636,-0.108,5489.71,1,20.3687,45.006,step
2026-09-01T13:13:39.247191+00:00,34.706,-0.2549,0.15,0.0,-0.0612,-0.1069,5315.17,1,20.3825,45.026,step
2026-09-01T13:13:39.248434+00:00,34.67,-0.2552,0.15,0.0,-0.0589,-0.1058,5431.46,1,20.399,45.046,step
2026-09-01T13:13:39.249668+00:00,34.785,-0.2556,0.15,0.0,-0.0565,-0.1048,5447.86,1,20.4088,45.066,step
2026-09-01T13:13:39.250926+00:00,34.899,-0.2559,0.15,0.0,-0.0543,-0.1038,5464.93,1,20.418,45.086,step
2026-09-01T13:13:39.252253+00:00,35.013,-0.2563,0.15,0.0,-0.052,-0.1029,5482.07,1,20.4271,45.106,step
2026-09-01T13:13:39.253526+00:00,35.127,-0.2567,0.15,0.0,-0.0498,-0.102,5499.45,1,20.4361,45.126,step
2026-09-01T13:13:39.254772+00:00,35.241,-0.2571,0.0,0.15,-0.0476,-0.1011,5517.16,1,20.4454,45.146,step
2026-09-01T13:13:39.256051+00:00,34.881,-0.2573,0.15,0.0,-0.0454,-0.0999,5341.79,1,20.4642,45.166,step
2026-09-01T13:13:39.257309+00:00,34.844,-0.2573,0.15,0.0,-0.0433,-0.0987,5459.32,1,20.4857,45.186,step
2026-09-01T13:13:39.258609+00:00,34.959,-0.2576,0.15,0.0,-0.0412,-0.0977,5475.61,1,20.5007,45.206,step
2026-09-01T13:13:39.259901+00:00,35.073,-0.2578,0.15,0.0,-0.0391,-0.0967,5492.63,1,20.5151,45.226,step
2026-09-01T13:13:39.261288+00:00,35.187,-0.258,0.15,0.0,-0.0371,-0.0957,5509.76,1,20.5292,45.246,step
2026-09-01T13:13:39.262496+00:00,35.302,-0.2582,0.15,0.0,-0.0351,-0.0947,5527.12,1,20.5433,45.266,step
2026-09-01T13:13:39.263750+00:00,35.416,-0.2585,0.0,0.15,-0.0331,-0.0938,5544.77,1,20.5573,45.286,step
2026-09-01T13:13:39.265004+00:00,35.056,-0.2585,0.15,0.0,-0.0312,-0.0926,5368.44,1,20.5807,45.306,step
2026-09-01T13:13:39.266252+00:00,35.018,-0.2584,0.15,0.0,-0.0293,-0.0913,5486.79,1,20.6069,45.326,step
2026-09-01T13:13:39.267504+00:00,35.133,-0.2585,0.15,0.0,-0.0274,-0.0902,5503.08,1,20.6264,45.346,step
2026-09-01T13:13:39.268827+00:00,35.248,-0.2586,0.15,0.0,-0.0256,-0.0892,5520.08,1,20.6446,45.366,step
2026-09-01T13:13:39.270156+00:00,35.362,-0.2587,0.15,0.0,-0.0238,-0.0882,5537.27,1,20.663,45.386,step
2026-09-01T13:13:39.271386+00:00,35.476,-0.2587,0.15,0.0,-0.022,-0.0872,5554.65,1,20.6816,45.406,step
2026-09-01T13:13:39.272641+00:00,35.591,-0.2588,0.15,0.0,-0.0203,-0.0862,5572.32,1,20.7002,45.426,step
2026-09-01T13:13:39.273882+00:00,35.705,-0.2589,0.0,0.15,-0.0186,-0.0852,5590.28,1,20.7188,45.446,step
2026-09-01T13:13:39.275204+00:00,35.345,-0.2587,0.15,0.0,-0.0169,-0.0839,5412.26,1,20.7475,45.466,step
2026-09-01T13:13:39.276475+00:00,35.305,-0.2585,0.15,0.0,-0.0153,-0.0826,5532.55,1,20.7792,45.486,step
2026-09-01T13:13:39.277827+00:00,35.421,-0.2584,0.15,0.0,-0.0137,-0.0815,5548.61,1,20.8037,45.506,step
2026-09-01T13:13:39.279066+00:00,35.536,-0.2583,0.15,0.0,-0.0121,-0.0805,5565.57,1,20.8264,45.526,step
2026-09-01T13:13:39.280314+00:00,35.651,-0.2583,0.15,0.0,-0.0106,-0.0795,5582.72,1,20.849,45.546,step
2026-09-01T13:13:39.281570+00:00,35.766,-0.2582,0.15,0.0,-0.0091,-0.0785,5600.1,1,20.8713,45.566,step
2026-09-01T13:13:39.282837+00:00,35.881,-0.2582,0.15,0.0,-0.0076,-0.0775,5617.8,1,20.8933,45.586,step
2026-09-01T13:13:39.284111+00:00,35.995,-0.2581,0.15,0.0,-0.0062,-0.0765,5635.79,1,20.9157,45.606,step
2026-09-01T13:13:39.285377+00:00,36.11,-0.258,0.0,0.15,-0.0048,-0.0755,5654.01,1,20.9384,45.626,step
2026-09-01T13:13:39.286651+00:00,35.75,-0.2577,0.15,0.0,-0.0034,-0.0743,5473.71,1,20.9714,45.646,step
2026-09-01T13:13:39.287864+00:00,35.709,-0.2573,0.15,0.0,-0.002,-0.0729,5596.36,1,21.0078,45.666,step
2026-09-01T13:13:39.289108+00:00,35.825,-0.2571,0.15,0.0,-0.0007,-0.0718,5612.25,1,21.0368,45.686,step
2026-09-01T13:13:39.290331+00:00,35.941,-0.2569,0.15,0.0,0.0005,-0.0708,5629.21,1,21.064,45.706,step
2026-09-01T13:13:39.291600+00:00,36.056,-0.2567,0.15,0.0,0.0017,-0.0698,5646.36,1,21.0908,45.726,step
2026-09-01T13:13:39.292846+00:00,36.172,-0.2565,0.15,0.0,0.0029,-0.0688,5663.76,1,21.1172,45.746,step
2026-09-01T13:13:39.294130+00:00,36.287,-0.2563,0.15,0.0,0.0041,-0.0678,5681.48,1,21.1432,45.766,step
2026-09-01T13:13:39.295387+00:00,36.403,-0.2561,0.15,0.0,0.0053,-0.0668,5699.54,1,21.1688,45.786,step
2026-09-01T13:13:39.296629+00:00,36.518,-0.2559,0.0,0.15,0.0064,-0.0658,5717.84,1,21.1949,45.806,step
2026-09-01T13:13:39.297919+00:00,36.157,-0.2554,0.15,0.0,0.0075,-0.0646,5535.68,1,21.2313,45.826,step
2026-09-01T13:13:39.299192+00:00,36.115,-0.2549,0.15,0.0,0.0085,-0.0633,5660.13,1,21.2707,45.846,step
2026-09-01T13:13:39.300470+00:00,36.232,-0.2546,0.15,0.0,0.0095,-0.0623,5676.09,1,21.3028,45.866,step
2026-09-01T13:13:39.301715+00:00,36.348,-0.2542,0.15,0.0,0.0105,-0.0612,5693.09,1,21.3334,45.886,step
2026-09-01T13:13:39.303068+00:00,36.464,-0.2539,0.15,0.0,0.0114,-0.0602,5710.28,1,21.363,45.906,step
2026-09-01T13:13:39.304346+00:00,36.58,-0.2536,0.15,0.0,0.0123,-0.0593,5727.75,1,21.3921,45.926,step
2026-09-01T13:13:39.305599+00:00,36.696,-0.2533,0.15,0.0,0.0132,-0.0583,5745.56,1,21.4207,45.946,step
2026-09-01T13:13:39.306848+00:00,36.812,-0.253,0.15,0.0,0.0141,-0.0574,5763.67,1,21.4492,45.966,step
2026-09-01T13:13:39.308106+00:00,36.928,-0.2527,0.15,0.0,0.0149,-0.0565,5782.04,1,21.4774,45.986,step
2026-09-01T13:13:39.309331+00:00,37.044,-0.2523,0.15,0.0,0.0157,-0.0556,5800.64,1,21.5065,46.006,step
2026-09-01T13:13:39.310714+00:00,37.16,-0.252,0.0,0.15,0.0165,-0.0547,5819.13,1,21.5359,46.026,step
2026-09-01T13:13:39.311952+00:00,36.799,-0.2514,0.15,0.0,0.0173,-0.0535,5633.0,1,21.5753,46.046,step
2026-09-01T13:13:39.313213+00:00,36.756,-0.2508,0.15,0.0,0.018,-0.0523,5760.83,1,21.6181,46.066,step
2026-09-01T13:13:39.314455+00:00,36.873,-0.2503,0.15,0.0,0.0187,-0.0513,5776.61,1,21.653,46.086,step
2026-09-01T13:13:39.315752+00:00,36.99,-0.2499,0.15,0.0,0.0193,-0.0503,5793.65,1,21.686,46.106,step
2026-09-01T13:13:39.317039+00:00,37.107,-0.2495,0.15,0.0,0.0199,-0.0494,5810.88,1,21.7176,46.126,step
2026-09-01T13:13:39.318286+00:00,37.224,-0.249,0.15,0.0,0.0205,-0.0485,5828.39,1,21.7482,46.146,step
2026-09-01T13:13:39.319582+00:00,37.341,-0.2486,0.15,0.0,0.021,-0.0477,5846.33,1,21.7784,46.166,step
2026-09-01T13:13:39.320878+00:00,37.457,-0.2482,0.15,0.0,0.0216,-0.0468,5864.61,1,21.8085,46.186,step
2026-09-01T13:13:39.322198+00:00,37.574,-0.2478,0.15,0.0,0.0221,-0.046,5883.11,1,21.838,46.206,step
2026-09-01T13:13:39.323417+00:00,37.691,-0.2474,0.0,0.15,0.0226,-0.0451,5901.9,1,21.8682,46.226,step
2026-09-01T13:13:39.324683+00:00,37.329,-0.2468,0.15,0.0,0.023,-0.0441,5713.69,1,21.9084,46.246,step
2026-09-01T13:13:39.326033+00:00,37.285,-0.2461,0.15,0.0,0.0234,-0.0429,5843.79,1,21.9526,46.266,step
2026-09-01T13:13:39.327315+00:00,37.404,-0.2455,0.15,0.0,0.0238,-0.042,5859.6,1,21.9889,46.286,step
2026-09-01T13:13:39.328576+00:00,37.521,-0.245,0.15,0.0,0.0242,-0.0411,5876.73,1,22.0224,46.306,step
2026-09-01T13:13:39.329870+00:00,37.638,-0.2445,0.15,0.0,0.0245,-0.0403,5894.04,1,22.0547,46.326,step
2026-09-01T13:13:39.331127+00:00,37.756,-0.244,0.15,0.0,0.0248,-0.0395,5911.66,1,22.0862,46.346,step
2026-09-01T13:13:39.332370+00:00,37.873,-0.2435,0.15,0.0,0.0251,-0.0387,5929.63,1,22.117,46.366,step
2026-09-01T13:13:39.333632+00:00,37.99,-0.243,0.15,0.0,0.0253,-0.038,5947.98,1,22.1476,46.386,step
2026-09-01T13:13:39.334863+00:00,38.108,-0.2426,0.15,0.0,0.0256,-0.0372,5966.55,1,22.1776,46.406,step
2026-09-01T13:13:39.336137+00:00,38.225,-0.2421,0.15,0.0,0.0258,-0.0365,5985.4,1,22.2073,46.426,step
2026-09-01T13:13:39.337410+00:00,38.342,-0.2416,0.0,0.15,0.026,-0.0357,6004.09,1,22.2373,46.446,step
2026-09-01T13:13:39.338670+00:00,37.98,-0.2409,0.15,0.0,0.0262,-0.0348,5812.51,1,22.2779,46.466,step
2026-09-01T13:13:39.339916+00:00,37.935,-0.2401,0.15,0.0,0.0263,-0.0337,5945.6,1,22.3219,46.486,step
2026-09-01T13:13:39.341180+00:00,38.055,-0.2395,0.15,0.0,0.0264,-0.0329,5961.39,1,22.3572,46.506,step
2026-09-01T13:13:39.342455+00:00,38.173,-0.239,0.15,0.0,0.0265,-0.0321,5978.62,1,22.3902,46.526,step
2026-09-01T13:13:39.343780+00:00,38.291,-0.2384,0.15,0.0,0.0266,-0.0314,5995.98,1,22.4219,46.546,step
2026-09-01T13:13:39.345026+00:00,38.409,-0.2379,0.15,0.0,0.0266,-0.0307,6013.67,1,22.452,46.566,step
2026-09-01T13:13:39.346313+00:00,38.527,-0.2374,0.15,0.0,0.0266,-0.0301,6031.78,1,22.4813,46.586,step
2026-09-01T13:13:39.347598+00:00,38.645,-0.2369,0.15,0.0,0.0266,-0.0295,6050.23,1,22.5098,46.606,step
2026-09-01T13:13:39.348903+00:00,38.763,-0.2364,0.15,0.0,0.0266,-0.0288,6068.96,1,22.5383,46.626,step
2026-09-01T13:13:39.350246+00:00,38.881,-0.2358,0.15,0.0,0.0265,-0.0282,6087.92,1,22.5666,46.646,step
2026-09-01T13:13:39.351583+00:00,38.999,-0.2353,0.0,0.15,0.0264,-0.0276,6106.74,1,22.5953,46.666,step
2026-09-01T13:13:39.352960+00:00,38.637,-0.2346,0.15,0.0,0.0263,-0.0268,5912.1,1,22.6337,46.686,step
2026-09-01T13:13:39.354202+00:00,38.591,-0.2338,0.15,0.0,0.0262,-0.0259,6048.11,1,22.6762,46.706,step
2026-09-01T13:13:39.355437+00:00,38.711,-0.2332,0.15,0.0,0.0261,-0.0252,6063.94,1,22.7102,46.726,step
2026-09-01T13:13:39.356683+00:00,38.829,-0.2326,0.15,0.0,0.0259,-0.0245,6081.2,1,22.741,46.746,step
2026-09-01T13:13:39.357962+00:00,38.948,-0.232,0.15,0.0,0.0258,-0.0239,6098.68,1,22.7704,46.766,step
2026-09-01T13:13:39.359209+00:00,39.067,-0.2315,0.15,0.0,0.0256,-0.0234,6116.45,1,22.7983,46.786,step
2026-09-01T13:13:39.360571+00:00,39.186,-0.231,0.15,0.0,0.0254,-0.0229,6134.62,1,22.8246,46.806,step
2026-09-01T13:13:39.361827+00:00,39.304,-0.2305,0.15,0.0,0.0251,-0.0224,6153.18,1,22.8501,46.826,step
2026-09-01T13:13:39.363089+00:00,39.423,-0.23,0.15,0.0,0.0249,-0.0219,6171.98,1,22.875,46.846,step
2026-09-01T13:13:39.364332+00:00,39.542,-0.2295,0.0,0.15,0.0247,-0.0214,6191.06,1,22.8997,46.866,step
2026-09-01T13:13:39.365614+00:00,39.179,-0.2288,0.15,0.0,0.0244,-0.0207,5994.38,1,22.9347,46.886,step
2026-09-01T13:13:39.366911+00:00,39.132,-0.228,0.15,0.0,0.0241,-0.0199,6132.6,1,22.9744,46.906,step
2026-09-01T13:13:39.368189+00:00,39.252,-0.2274,0.15,0.0,0.0238,-0.0193,6148.53,1,23.0055,46.926,step
2026-09-01T13:13:39.369534+00:00,39.371,-0.2268,0.15,0.0,0.0235,-0.0188,6165.86,1,23.0332,46.946,step
2026-09-01T13:13:39.370801+00:00,39.491,-0.2263,0.15,0.0,0.0231,-0.0184,6183.44,1,23.0593,46.966,step
2026-09-01T13:13:39.372059+00:00,39.61,-0.2257,0.15,0.0,0.0228,-0.0179,6201.28,1,23.0837,46.986,step
2026-09-01T13:13:39.373342+00:00,39.729,-0.2252,0.15,0.0,0.0224,-0.0176,6219.53,1,23.1074,47.006,step
2026-09-01T13:13:39.374629+00:00,39.848,-0.2247,0.15,0.0,0.022,-0.0172,6238.11,1,23.1306,47.026,step
2026-09-01T13:13:39.375867+00:00,39.967,-0.2242,0.0,0.15,0.0216,-0.0168,6256.97,1,23.1531,47.046,step
2026-09-01T13:13:39.377210+00:00,39.604,-0.2236,0.15,0.0,0.0212,-0.0162,6059.11,1,23.1849,47.066,step
2026-09-01T13:13:39.378458+00:00,39.557,-0.2228,0.15,0.0,0.0207,-0.0155,6198.7,1,23.221,47.086,step
2026-09-01T13:13:39.379705+00:00,39.677,-0.2222,0.15,0.0,0.0203,-0.0151,6214.83,1,23.2484,47.106,step
2026-09-01T13:13:39.380946+00:00,39.797,-0.2216,0.15,0.0,0.0198,-0.0147,6232.25,1,23.2733,47.126,step
2026-09-01T13:13:39.382226+00:00,39.917,-0.2211,0.15,0.0,0.0193,-0.0143,6249.93,1,23.2964,47.146,step
2026-09-01T13:13:39.383488+00:00,40.036,-0.2206,0.15,0.0,0.0189,-0.014,6267.85,1,23.3176,47.166,step
2026-09-01T13:13:39.384733+00:00,40.156,-0.2201,0.15,0.0,0.0183,-0.0137,6286.16,1,23.3382,47.186,step
2026-09-01T13:13:39.386076+00:00,40.276,-0.2196,0.0,0.15,0.0178,-0.0134,6304.76,1,23.3579,47.206,step
2026-09-01T13:13:39.387367+00:00,39.912,-0.219,0.15,0.0,0.0173,-0.0129,6106.05,1,23.3868,47.226,step
2026-09-01T13:13:39.388681+00:00,39.864,-0.2183,0.15,0.0,0.0168,-0.0124,6246.21,1,23.4191,47.246,step
2026-09-01T13:13:39.389964+00:00,39.985,-0.2178,0.15,0.0,0.0163,-0.012,6262.59,1,23.4426,47.266,step
2026-09-01T13:13:39.391242+00:00,40.105,-0.2172,0.15,0.0,0.0157,-0.0117,6280.17,1,23.464,47.286,step
2026-09-01T13:13:39.392492+00:00,40.225,-0.2168,0.15,0.0,0.0151,-0.0115,6297.94,1,23.4832,47.306,step
2026-09-01T13:13:39.393795+00:00,40.345,-0.2163,0.15,0.0,0.0146,-0.0113,6315.98,1,23.5012,47.326,step
2026-09-01T13:13:39.395180+00:00,40.465,-0.2158,0.15,0.0,0.014,-0.0111,6334.32,1,23.5183,47.346,step
2026-09-01T13:13:39.396424+00:00,40.585,-0.2154,0.0,0.15,0.0134,-0.0109,6353.0,1,23.5341,47.366,step
2026-09-01T13:13:39.397676+00:00,40.221,-0.2148,0.15,0.0,0.0128,-0.0105,6152.82,1,23.5591,47.386,step
2026-09-01T13:13:39.398918+00:00,40.173,-0.2142,0.15,0.0,0.0122,-0.0101,6294.36,1,23.5878,47.406,step
2026-09-01T13:13:39.400217+00:00,40.294,-0.2136,0.15,0.0,0.0116,-0.0098,6310.75,1,23.6086,47.426,step
2026-09-01T13:13:39.401499+00:00,40.414,-0.2132,0.15,0.0,0.011,-0.0096,6328.36,1,23.628,47.446,step
2026-09-01T13:13:39.402775+00:00,40.535,-0.2127,0.15,0.0,0.0104,-0.0094,6346.16,1,23.6494,47.466,step
2026-09-01T13:13:39.404031+00:00,40.655,-0.2123,0.15,0.0,0.0097,-0.0093,6364.23,1,23.6721,47.486,step
2026-09-01T13:13:39.405284+00:00,40.775,-0.2119,0.15,0.0,0.0091,-0.0092,6382.6,1,23.6972,47.506,step
2026-09-01T13:13:39.406563+00:00,40.895,-0.2115,0.15,0.0,0.0085,-0.0091,6401.32,1,23.7245,47.526,step
2026-09-01T13:13:39.407884+00:00,41.015,-0.2111,0.15,0.0,0.0078,-0.009,6420.27,1,23.7552,47.546,step
2026-09-01T13:13:39.409218+00:00,41.135,-0.2108,0.15,0.0,0.0072,-0.009,6439.41,1,23.7891,47.566,step
2026-09-01T13:13:39.410582+00:00,41.254,-0.2104,0.0,0.15,0.0065,-0.0089,6458.47,1,23.8268,47.586,step
2026-09-01T13:13:39.411841+00:00,40.889,-0.2099,0.15,0.0,0.0059,-0.0087,6253.38,1,23.8787,47.606,step
2026-09-01T13:13:39.413132+00:00,40.84,-0.2093,0.15,0.0,0.0053,-0.0083,6399.23,1,23.9396,47.626,step
2026-09-01T13:13:39.414397+00:00,40.962,-0.2088,0.15,0.0,0.0046,-0.0081,6415.24,1,23.995,47.646,step
2026-09-01T13:13:39.415642+00:00,41.082,-0.2084,0.15,0.0,0.004,-0.008,6432.77,1,24.0517,47.666,step
2026-09-01T13:13:39.416916+00:00,41.203,-0.208,0.15,0.0,0.0033,-0.008,6450.45,1,24.1105,47.686,step
2026-09-01T13:13:39.418166+00:00,41.324,-0.2077,0.15,0.0,0.0026,-0.008,6468.48,1,24.1719,47.706,step
2026-09-01T13:13:39.419435+00:00,41.444,-0.2074,0.15,0.0,0.002,-0.008,6486.91,1,24.2373,47.726,step
2026-09-01T13:13:39.420684+00:00,41.564,-0.2071,0.15,0.0,0.0013,-0.008,6505.68,1,24.3058,47.746,step
2026-09-01T13:13:39.421941+00:00,41.684,-0.2068,0.15,0.0,0.0006,-0.008,6524.72,1,24.3793,47.766,step
2026-09-01T13:13:39.423168+00:00,41.804,-0.2065,0.15,0.0,-0.0,-0.0081,6544.02,1,24.458,47.786,step
2026-09-01T13:13:39.424386+00:00,41.924,-0.2062,0.15,0.0,-0.0007,-0.0081,6563.1,1,24.542,47.806,step
2026-09-01T13:13:39.425666+00:00,42.044,-0.2059,0.15,0.0,-0.0013,-0.0082,6582.04,1,24.632,47.826,step
2026-09-01T13:13:39.426968+00:00,42.164,-0.2056,0.15,0.0,-0.002,-0.0082,6600.87,1,24.7283,47.846,step
2026-09-01T13:13:39.428249+00:00,42.284,-0.2053,0.15,0.0,-0.0026,-0.0083,6619.63,1,24.8313,47.866,step
2026-09-01T13:13:39.429504+00:00,42.405,-0.205,0.15,0.0,-0.0033,-0.0083,6638.34,1,24.9403,47.886,step
2026-09-01T13:13:39.430795+00:00,42.525,-0.2048,0.15,0.0,-0.0039,-0.0084,6657.1,1,25.0557,47.906,step
2026-09-01T13:13:39.432055+00:00,42.645,-0.2045,0.15,0.0,-0.0045,-0.0085,6675.85,1,25.1783,47.926,step
2026-09-01T13:13:39.433307+00:00,42.765,-0.2043,0.15,0.0,-0.0052,-0.0086,6694.61,1,25.3088,47.946,step
2026-09-01T13:13:39.434556+00:00,42.885,-0.204,0.15,0.0,-0.0058,-0.0086,6713.34,1,25.4463,47.966,step
2026-09-01T13:13:39.435946+00:00,43.005,-0.2038,0.15,0.0,-0.0064,-0.0087,6732.11,1,25.5914,47.986,step
2026-09-01T13:13:39.437193+00:00,43.125,-0.2036,0.15,0.0,-0.007,-0.0089,6750.9,1,25.745,48.006,step
2026-09-01T13:13:39.438446+00:00,43.245,-0.2033,0.15,0.0,-0.0076,-0.009,6769.68,1,25.9081,48.026,step
2026-09-01T13:13:39.439700+00:00,43.365,-0.2031,0.15,0.0,-0.0083,-0.0091,6788.44,1,26.0799,48.046,step
2026-09-01T13:13:39.440916+00:00,43.485,-0.2029,0.15,0.0,-0.0089,-0.0092,6807.21,1,26.2612,48.066,step
2026-09-01T13:13:39.442182+00:00,43.605,-0.2027,0.15,0.0,-0.0094,-0.0093,6825.97,1,26.4532,48.086,step
2026-09-01T13:13:39.443429+00:00,43.724,-0.2025,0.15,0.0,-0.01,-0.0094,6844.71,1,26.6565,48.106,step
2026-09-01T13:13:39.444777+00:00,43.844,-0.2023,0.15,0.0,-0.0106,-0.0096,6863.44,1,26.8718,48.126,step
2026-09-01T13:13:39.446049+00:00,43.964,-0.2022,0.15,0.0,-0.0112,-0.0097,6882.13,1,27.0986,48.146,step
2026-09-01T13:13:39.447298+00:00,44.083,-0.202,0.15,0.0,-0.0118,-0.0099,6900.84,1,27.3379,48.166,step
2026-09-01T13:13:39.448552+00:00,44.203,-0.2018,0.15,0.0,-0.0123,-0.01,6919.54,1,27.5911,48.186,step
2026-09-01T13:13:39.449861+00:00,44.322,-0.2017,0.15,0.0,-0.0129,-0.0102,6938.23,1,27.859,48.206,step
2026-09-01T13:13:39.451150+00:00,44.442,-0.2015,0.15,0.0,-0.0134,-0.0103,6956.91,1,28.143,48.226,step
2026-09-01T13:13:39.452483+00:00,44.561,-0.2014,0.15,0.0,-0.0139,-0.0105,6975.58,1,28.4438,48.246,step
2026-09-01T13:13:39.453730+00:00,44.681,-0.2013,0.15,0.0,-0.0145,-0.0107,6994.21,1,28.7608,48.266,step
2026-09-01T13:13:39.454958+00:00,44.8,-0.2012,0.15,0.0,-0.015,-0.0108,7012.85,1,29.0958,48.286,step
2026-09-01T13:13:39.456203+00:00,44.919,-0.2011,0.15,0.0,-0.0155,-0.011,7031.49,1,29.4505,48.306,step
2026-09-01T13:13:39.457480+00:00,45.038,-0.201,0.15,0.0,-0.016,-0.0112,7050.12,1,29.8268,48.326,step
2026-09-01T13:13:39.458715+00:00,45.157,-0.2009,0.15,0.0,-0.0165,-0.0114,7068.73,1,30.2258,48.346,step
2026-09-01T13:13:39.459931+00:00,45.276,-0.2008,0.15,0.0,-0.017,-0.0116,7087.32,1,30.6496,48.366,step
2026-09-01T13:13:39.461180+00:00,45.395,-0.2007,0.15,0.0,-0.0174,-0.0117,7105.9,1,31.0995,48.386,step
2026-09-01T13:13:39.462432+00:00,45.514,-0.2006,0.15,0.0,-0.0179,-0.0119,7124.46,1,31.578,48.406,step
2026-09-01T13:13:39.463704+00:00,45.632,-0.2005,0.15,0.0,-0.0184,-0.0121,7143.0,1,32.0869,48.426,step
2026-09-01T13:13:39.464902+00:00,45.751,-0.2004,0.15,0.0,-0.0188,-0.0123,7161.5,1,32.6265,48.446,step
2026-09-01T13:13:39.466146+00:00,45.87,-0.2004,0.15,0.0,-0.0193,-0.0125,7180.01,1,33.1993,48.466,step
2026-09-01T13:13:39.467364+00:00,45.988,-0.2003,0.15,0.0,-0.0197,-0.0127,7198.5,1,33.8099,48.486,step
2026-09-01T13:13:39.468642+00:00,46.106,-0.2003,0.15,0.0,-0.0201,-0.013,7216.99,1,34.4617,48.506,step
2026-09-01T13:13:39.469953+00:00,46.224,-0.2003,0.15,0.0,-0.0205,-0.0132,7235.45,1,35.1579,48.526,step
2026-09-01T13:13:39.471218+00:00,46.342,-0.2003,0.15,0.0,-0.0209,-0.0134,7253.9,1,35.9024,48.546,step
2026-09-01T13:13:39.472444+00:00,46.46,-0.2002,0.15,0.0,-0.0213,-0.0136,7272.33,1,36.7005,48.566,step
2026-09-01T13:13:39.473680+00:00,46.578,-0.2002,0.15,0.0,-0.0217,-0.0138,7290.73,1,37.5558,48.586,step
2026-09-01T13:13:39.474931+00:00,46.696,-0.2002,0.15,0.0,-0.022,-0.014,7309.12,1,38.4749,48.606,step
2026-09-01T13:13:39.476145+00:00,46.813,-0.2002,0.15,0.0,-0.0224,-0.0143,7327.48,1,39.4639,48.626,step
2026-09-01T13:13:39.477399+00:00,46.931,-0.2002,0.15,0.0,-0.0227,-0.0145,7345.82,1,40.5299,48.646,step
2026-09-01T13:13:39.478608+00:00,47.048,-0.2002,0.0,0.15,-0.0231,-0.0147,7364.14,1,41.6815,48.666,step
2026-09-01T13:13:39.479885+00:00,46.672,-0.2001,0.15,0.0,-0.0234,-0.0147,7124.77,1,42.9789,48.686,step
2026-09-01T13:13:39.481111+00:00,46.594,-0.1998,0.15,0.0,-0.0237,-0.0145,7300.32,1,44.4204,48.706,step
2026-09-01T13:13:39.482288+00:00,46.713,0.0003,0.8,0.0,-0.024,-0.0146,7315.2,1,45.9362,48.726,step
2026-09-01T13:13:39.483537+00:00,47.293,-0.0011,0.8,0.0,-0.0241,-0.0164,8748.59,1,46.9824,48.746,step
2026-09-01T13:13:39.484793+00:00,48.086,-0.0052,0.8,0.0,-0.0237,-0.0213,10028.9,1,47.038,48.766,step
2026-09-01T13:13:39.486128+00:00,48.944,-0.0103,0.8,0.0,-0.0229,-0.0272,11219.2,1,46.7633,48.786,step
2026-09-01T13:13:39.487420+00:00,49.846,-0.0158,0.8,0.0,-0.0218,-0.0334,12294.2,1,46.4279,48.806,step
2026-09-01T13:13:39.488680+00:00,50.775,-0.0215,0.8,0.0,-0.0203,-0.0396,13303.5,2,46.1206,48.826,step
2026-09-01T13:13:39.489926+00:00,51.706,-0.0273,0.8,0.0,-0.0186,-0.0457,9883.51,2,45.878,48.846,step
2026-09-01T13:13:39.491202+00:00,52.602,-0.0331,0.8,0.0,-0.0165,-0.0517,9886.91,2,45.7269,48.866,step
2026-09-01T13:13:39.492422+00:00,52.929,-0.0388,0.8,0.0,-0.014,-0.0573,6119.95,2,45.7015,48.886,step
2026-09-01T13:13:39.493692+00:00,53.38,-0.0444,0.8,0.0,-0.0113,-0.0626,6552.87,2,45.7866,48.906,step
2026-09-01T13:13:39.494871+00:00,54.018,-0.05,0.8,0.0,-0.0083,-0.0677,6688.02,2,45.9652,48.926,step
2026-09-01T13:13:39.496096+00:00,54.687,-0.0556,0.8,0.0,-0.0049,-0.0725,6791.06,2,46.2428,48.946,step
2026-09-01T13:13:39.497292+00:00,55.374,-0.0611,0.8,0.0,-0.0013,-0.0772,6881.46,2,46.624,48.966,step
2026-09-01T13:13:39.498458+00:00,56.07,-0.0667,0.8,0.0,0.0026,-0.0818,6972.52,2,47.1059,48.986,step
2026-09-01T13:13:39.499629+00:00,56.776,-0.0723,0.8,0.0,0.0067,-0.0861,7065.29,2,47.6972,49.006,step
2026-09-01T13:13:39.500840+00:00,57.49,-0.0779,0.8,0.0,0.0112,-0.0903,7161.4,2,48.4063,49.026,step
2026-09-01T13:13:39.502067+00:00,58.212,-0.0834,0.8,0.0,0.0159,-0.0944,7263.23,2,49.2489,49.046,step
2026-09-01T13:13:39.503237+00:00,58.941,-0.089,0.8,0.0,0.0209,-0.0982,7372.64,2,50.2432,49.066,step
2026-09-01T13:13:39.504462+00:00,59.677,-0.0946,0.8,0.0,0.0262,-0.1019,7490.68,2,51.4186,49.086,step
2026-09-01T13:13:39.505634+00:00,60.421,-0.1002,0.8,0.0,0.0317,-0.1054,7617.77,2,52.8194,49.106,step
2026-09-01T13:13:39.506786+00:00,61.175,-0.1037,0.8,0.0,0.0375,-0.1062,7753.9,2,54.4891,49.126,step
2026-09-01T13:13:39.507881+00:00,61.939,-0.1031,0.8,0.0,0.0432,-0.1018,7898.88,2,56.4789,49.146,step
2026-09-01T13:13:39.509010+00:00,62.715,-0.1021,0.8,0.0,0.0488,-0.0972,8052.45,2,58.8096,49.166,step
2026-09-01T13:13:39.510147+00:00,63.503,-0.101,0.8,0.0,0.0542,-0.0924,8214.78,2,61.5048,49.186,step
2026-09-01T13:13:39.511285+00:00,64.305,-0.0997,0.8,0.0,0.0594,-0.0874,8387.18,2,64.6297,49.206,step
2026-09-01T13:13:39.512391+00:00,65.119,-0.0981,0.8,0.0,0.0645,-0.0823,8571.73,2,68.2816,49.226,step
2026-09-01T13:13:39.513496+00:00,65.945,-0.0963,0.8,0.0,0.0694,-0.077,8771.99,2,72.5885,49.246,step
2026-09-01T13:13:39.514597+00:00,66.784,-0.0943,0.8,0.0,0.0742,-0.0715,8992.59,2,77.7299,49.266,step
2026-09-01T13:13:39.515690+00:00,67.632,-0.092,0.8,0.0,0.0787,-0.0659,9239.48,2,83.9799,49.286,step
2026-09-01T13:13:39.516834+00:00,68.49,-0.0895,0.8,0.0,0.083,-0.06,9517.25,2,91.7592,49.306,step
2026-09-01T13:13:39.517941+00:00,69.357,-0.0867,0.8,0.0,0.0872,-0.0539,9789.42,2,101.741,49.326,step
2026-09-01T13:13:39.519165+00:00,70.228,-0.0835,0.8,0.0,0.0911,-0.0474,10046.4,2,114.991,49.346,step
2026-09-01T13:13:39.520309+00:00,71.103,-0.08,0.8,0.0,0.0948,-0.0407,10291.3,2,133.343,49.366,step
2026-09-01T13:13:39.521495+00:00,71.98,-0.0761,0.8,0.0,0.0983,-0.0338,10526.0,2,160.296,49.386,step
2026-09-01T13:13:39.522677+00:00,72.858,-0.0719,0.8,0.0,0.1015,-0.0265,10751.7,2,190.581,49.406,step
2026-09-01T13:13:39.523848+00:00,73.736,-0.0674,0.8,0.0,0.1044,-0.0189,10969.4,2,198.786,49.426,step
2026-09-01T13:13:39.525079+00:00,74.615,-0.0625,0.8,0.0,0.1071,-0.0111,11179.5,2,200.0,49.446,step
2026-09-01T13:13:39.526308+00:00,75.493,-0.0572,0.8,0.0,0.1095,-0.003,11382.4,2,200.0,49.466,step
2026-09-01T13:13:39.527640+00:00,76.371,-0.0515,0.8,0.0,0.1115,0.0054,11578.4,2,200.0,49.486,step
2026-09-01T13:13:39.528876+00:00,77.248,-0.0454,0.8,0.0,0.1132,0.014,11768.0,2,200.0,49.506,step
2026-09-01T13:13:39.530100+00:00,78.124,-0.039,0.8,0.0,0.1146,0.0229,11951.6,2,200.0,49.526,step
2026-09-01T13:13:39.531319+00:00,78.998,-0.0321,0.8,0.0,0.1155,0.032,12129.4,2,200.0,49.546,step
2026-09-01T13:13:39.532519+00:00,79.869,-0.0249,0.8,0.0,0.116,0.0414,12302.1,2,161.831,49.566,step
2026-09-01T13:13:39.533741+00:00,80.738,-0.0173,0.8,0.0,0.1161,0.051,12469.9,3,131.439,49.586,step
2026-09-01T13:13:39.534915+00:00,81.58,-0.0094,0.15,0.0,0.1157,0.0606,9859.55,3,110.57,49.606,step
2026-09-01T13:13:39.536133+00:00,82.155,-0.0025,0.15,0.0,0.1147,0.0686,9863.07,3,97.6193,49.626,step
2026-09-01T13:13:39.537295+00:00,82.192,0.0021,0.15,0.0,0.1127,0.073,7528.74,3,91.4748,49.646,step
2026-09-01T13:13:39.538461+00:00,82.176,0.0052,0.15,0.0,0.1098,0.0751,7549.03,3,88.7652,49.666,step
2026-09-01T13:13:39.539624+00:00,82.21,0.0076,0.15,0.0,0.1062,0.0758,7549.55,3,87.635,49.686,step
2026-09-01T13:13:39.540813+00:00,82.246,0.0098,0.15,0.0,0.1019,0.0759,7550.03,3,87.1877,49.706,step
2026-09-01T13:13:39.541965+00:00,82.281,0.0119,0.15,0.0,0.0972,0.0757,7551.6,3,87.085,49.726,step
2026-09-01T13:13:39.543110+00:00,82.315,0.0141,0.15,0.0,0.0922,0.0752,7553.84,3,87.1921,49.746,step
2026-09-01T13:13:39.544364+00:00,82.349,0.0162,0.15,0.0,0.087,0.0746,7556.46,3,87.456,49.766,step
2026-09-01T13:13:39.545526+00:00,82.383,0.0183,0.15,0.0,0.0817,0.0739,7559.23,3,87.8541,49.786,step
2026-09-01T13:13:39.546667+00:00,82.416,0.0203,0.15,0.0,0.0764,0.0731,7562.12,3,88.38,49.806,step
2026-09-01T13:13:39.547822+00:00,82.449,0.0222,0.15,0.0,0.0711,0.0722,7565.09,3,89.0298,49.826,step
2026-09-01T13:13:39.548941+00:00,82.483,0.0241,0.15,0.0,0.0658,0.0713,7568.12,3,89.8069,49.846,step
2026-09-01T13:13:39.550112+00:00,82.515,0.0259,0.15,0.0,0.0605,0.0702,7571.19,3,90.725,49.866,step
2026-09-01T13:13:39.551244+00:00,82.548,0.0276,0.15,0.0,0.0553,0.069,7574.28,3,91.7955,49.886,step
2026-09-01T13:13:39.552424+00:00,82.581,0.0291,0.15,0.0,0.0502,0.0678,7577.33,3,93.0369,49.906,step
2026-09-01T13:13:39.553600+00:00,82.613,0.0306,0.15,0.0,0.0452,0.0665,7580.34,3,94.4387,49.926,step
2026-09-01T13:13:39.554762+00:00,82.645,0.0319,0.15,0.0,0.0402,0.065,7583.32,3,96.021,49.946,step
2026-09-01T13:13:39.555921+00:00,82.678,0.0331,0.15,0.0,0.0354,0.0636,7586.27,3,97.7922,49.966,step
2026-09-01T13:13:39.557076+00:00,82.71,0.0343,0.15,0.0,0.0307,0.062,7589.21,3,99.7468,49.986,step
2026-09-01T13:13:39.558282+00:00,82.742,0.0353,0.15,0.0,0.0261,0.0605,7592.14,3,101.897,50.006,step
2026-09-01T13:13:39.559467+00:00,82.774,0.0363,0.15,0.0,0.0216,0.0588,7595.06,3,104.261,50.026,step
2026-09-01T13:13:39.560695+00:00,82.806,0.0371,0.15,0.0,0.0173,0.0571,7597.98,3,106.862,50.046,step
2026-09-01T13:13:39.561819+00:00,82.838,0.0378,0.15,0.0,0.013,0.0554,7600.9,3,109.73,50.066,step
2026-09-01T13:13:39.563000+00:00,82.869,0.0384,0.15,0.0,0.0089,0.0536,7603.81,3,112.893,50.086,step
2026-09-01T13:13:39.564201+00:00,82.901,0.039,0.15,0.0,0.005,0.0518,7606.72,3,116.354,50.106,step
2026-09-01T13:13:39.565397+00:00,82.933,0.0394,0.8,0.0,0.0012,0.05,7609.63,3,120.149,50.126,step
2026-09-01T13:13:39.566649+00:00,83.319,0.0397,0.8,0.0,-0.0025,0.0481,8004.73,3,124.443,50.146,step
2026-09-01T13:13:39.567851+00:00,83.921,0.0399,0.8,0.0,-0.0061,0.046,8095.04,3,129.601,50.166,step
2026-09-01T13:13:39.569165+00:00,84.557,0.0399,0.8,0.0,-0.0095,0.0439,8146.08,3,135.523,50.186,step
2026-09-01T13:13:39.570393+00:00,85.199,0.0398,0.8,0.0,-0.0129,0.0417,8192.53,3,142.062,50.206,step
2026-09-01T13:13:39.571619+00:00,85.84,0.0397,0.8,0.0,-0.0161,0.0396,8246.63,3,149.194,50.226,step
2026-09-01T13:13:39.572820+00:00,86.478,0.0396,0.8,0.0,-0.0192,0.0375,8310.05,3,157.038,50.246,step
2026-09-01T13:13:39.574059+00:00,87.117,0.0394,0.8,0.0,-0.0222,0.0354,8380.78,3,200.0,50.266,step
2026-09-01T13:13:39.575333+00:00,87.757,0.0391,0.8,0.0,-0.025,0.0333,8457.68,3,200.0,50.286,step
2026-09-01T13:13:39.576526+00:00,88.403,0.0387,0.8,0.0,-0.0277,0.0311,8534.52,3,200.0,50.306,step
2026-09-01T13:13:39.577784+00:00,89.058,0.0382,0.8,0.0,-0.0302,0.0289,8608.28,3,200.0,50.326,step
2026-09-01T13:13:39.579011+00:00,89.721,0.0377,0.8,0.0,-0.0326,0.0267,8679.04,3,200.0,50.346,step
2026-09-01T13:13:39.580238+00:00,90.389,0.037,0.8,0.0,-0.0348,0.0244,8749.0,3,200.0,50.366,step
2026-09-01T13:13:39.581454+00:00,91.064,0.0362,0.8,0.0,-0.0369,0.0222,8818.29,3,200.0,50.386,step
2026-09-01T13:13:39.582723+00:00,91.745,0.0354,0.8,0.0,-0.0389,0.02,8887.08,3,199.118,50.406,step
2026-09-01T13:13:39.584044+00:00,92.431,0.0345,0.8,0.0,-0.0406,0.0178,8956.08,3,197.807,50.426,step
2026-09-01T13:13:39.585343+00:00,93.122,0.0336,0.8,0.0,-0.0422,0.0156,9026.06,3,196.486,50.446,step
2026-09-01T13:13:39.586636+00:00,93.817,0.0326,0.8,0.0,-0.0437,0.0134,9097.51,3,195.154,50.466,step
2026-09-01T13:13:39.587888+00:00,94.517,0.0315,0.8,0.0,-0.0449,0.0113,9170.52,3,193.815,50.486,step
2026-09-01T13:13:39.589126+00:00,95.222,0.0304,0.15,0.0,-0.046,0.0092,9245.02,3,192.471,50.506,step
2026-09-01T13:13:39.590362+00:00,95.552,0.0293,0.15,0.0,-0.0469,0.0073,8761.71,3,191.176,50.526,step
2026-09-01T13:13:39.591612+00:00,95.561,0.0283,0.15,0.0,-0.0477,0.0056,8762.53,3,189.965,50.546,step
2026-09-01T13:13:39.592835+00:00,95.572,0.0273,0.15,0.0,-0.0482,0.004,8764.78,3,188.765,50.566,step
2026-09-01T13:13:39.594104+00:00,95.584,0.0262,0.15,0.0,-0.0486,0.0024,8766.33,3,187.559,50.586,step
2026-09-01T13:13:39.595332+00:00,95.595,0.0251,0.15,0.0,-0.0488,0.0008,8767.38,3,186.353,50.606,step
2026-09-01T13:13:39.596575+00:00,95.607,0.0239,0.15,0.0,-0.0489,-0.0007,8768.21,3,185.154,50.626,step
2026-09-01T13:13:39.597853+00:00,95.619,0.0226,0.15,0.0,-0.0488,-0.0022,8768.99,3,183.97,50.646,step
2026-09-01T13:13:39.599054+00:00,95.631,0.0214,0.15,0.0,-0.0486,-0.0036,8769.83,3,182.806,50.666,step
2026-09-01T13:13:39.600296+00:00,95.642,0.0202,0.15,0.0,-0.0483,-0.005,8770.78,3,181.674,50.686,step
2026-09-01T13:13:39.601550+00:00,95.654,0.019,0.15,0.0,-0.0479,-0.0062,8771.77,3,180.576,50.706,step
2026-09-01T13:13:39.602907+00:00,95.666,0.0178,0.15,0.0,-0.0473,-0.0074,8772.79,3,179.507,50.726,step
2026-09-01T13:13:39.604183+00:00,95.678,0.0166,0.15,0.0,-0.0467,-0.0084,8773.87,3,178.465,50.746,step
2026-09-01T13:13:39.605447+00:00,95.69,0.0154,0.15,0.0,-0.0459,-0.0095,8774.98,3,177.448,50.766,step
2026-09-01T13:13:39.606670+00:00,95.702,0.0142,0.15,0.0,-0.0451,-0.0104,8776.12,3,176.467,50.786,step
2026-09-01T13:13:39.607879+00:00,95.714,0.0131,0.15,0.0,-0.0441,-0.0112,8777.26,3,175.522,50.806,step
2026-09-01T13:13:39.609094+00:00,95.726,0.012,0.15,0.0,-0.0431,-0.012,8778.37,3,174.609,50.826,step
2026-09-01T13:13:39.610348+00:00,95.739,0.0109,0.15,0.0,-0.0421,-0.0127,8779.45,3,173.723,50.846,step
2026-09-01T13:13:39.611535+00:00,95.751,0.0098,0.15,0.0,-0.0409,-0.0134,8780.53,3,172.859,50.866,step
2026-09-01T13:13:39.612775+00:00,95.763,0.0087,0.15,0.0,-0.0397,-0.014,8781.61,3,172.018,50.886,step
2026-09-01T13:13:39.613954+00:00,95.775,0.0076,0.15,0.0,-0.0385,-0.0145,8782.69,3,171.203,50.906,step
2026-09-01T13:13:39.615163+00:00,95.787,0.0066,0.15,0.0,-0.0372,-0.015,8783.78,3,170.415,50.926,step
2026-09-01T13:13:39.616356+00:00,95.799,0.0056,0.15,0.0,-0.0359,-0.0155,8784.86,3,169.655,50.946,step
2026-09-01T13:13:39.617584+00:00,95.811,0.0045,0.15,0.0,-0.0345,-0.0159,8785.95,3,168.923,50.966,step
2026-09-01T13:13:39.618804+00:00,95.823,0.0036,0.15,0.0,-0.0331,-0.0162,8787.04,3,168.217,50.986,step
2026-09-01T13:13:39.620044+00:00,95.835,0.0027,0.15,0.0,-0.0317,-0.0165,8788.14,3,167.541,51.006,step
2026-09-01T13:13:39.621266+00:00,95.847,0.0017,0.15,0.0,-0.0302,-0.0167,8789.24,3,166.895,51.026,step
2026-09-01T13:13:39.622473+00:00,95.859,0.0009,0.15,0.0,-0.0287,-0.0169,8790.33,3,166.281,51.046,step
2026-09-01T13:13:39.623694+00:00,95.871,0.0,0.15,0.0,-0.0272,-0.017,8791.42,3,165.694,51.066,step
2026-09-01T13:13:39.624956+00:00,95.882,-0.0007,0.15,0.0,-0.0257,-0.017,8792.51,3,165.136,51.086,step
2026-09-01T13:13:39.626169+00:00,95.894,-0.0015,0.15,0.0,-0.0243,-0.017,8793.59,3,164.605,51.106,step
2026-09-01T13:13:39.627430+00:00,95.906,-0.0022,0.15,0.0,-0.0228,-0.017,8794.68,3,164.094,51.126,step
2026-09-01T13:13:39.628689+00:00,95.918,-0.0029,0.15,0.0,-0.0213,-0.0169,8795.75,3,163.6,51.146,step
2026-09-01T13:13:39.629888+00:00,95.93,-0.0035,0.15,0.0,-0.0198,-0.0168,8796.83,3,163.131,51.166,step
2026-09-01T13:13:39.631071+00:00,95.942,-0.0041,0.15,0.0,-0.0184,-0.0166,8797.91,3,162.676,51.186,step
2026-09-01T13:13:39.632243+00:00,95.954,-0.0047,0.15,0.0,-0.0169,-0.0164,8798.98,3,162.238,51.206,step
2026-09-01T13:13:39.633429+00:00,95.965,-0.0052,0.15,0.0,-0.0155,-0.0162,8800.05,3,161.819,51.226,step
2026-09-01T13:13:39.634652+00:00,95.977,-0.0057,0.15,0.0,-0.014,-0.0159,8801.12,3,161.413,51.246,step
2026-09-01T13:13:39.635887+00:00,95.989,-0.0062,0.15,0.0,-0.0126,-0.0157,8802.19,3,161.024,51.266,step
2026-09-01T13:13:39.637081+00:00,96.0,-0.0066,0.15,0.0,-0.0113,-0.0153,8803.25,3,160.648,51.286,step
2026-09-01T13:13:39.638297+00:00,96.012,-0.007,0.15,0.0,-0.0099,-0.015,8804.32,3,160.287,51.306,step
2026-09-01T13:13:39.639491+00:00,96.024,-0.0074,0.15,0.0,-0.0086,-0.0146,8805.37,3,159.938,51.326,step
2026-09-01T13:13:39.640714+00:00,96.035,-0.0077,0.15,0.0,-0.0073,-0.0142,8806.43,3,159.59,51.346,step
2026-09-01T13:13:39.641983+00:00,96.047,-0.008,0.15,0.0,-0.0061,-0.0138,8807.49,3,159.253,51.366,step
2026-09-01T13:13:39.643182+00:00,96.058,-0.0082,0.15,0.0,-0.0049,-0.0134,8808.54,3,158.925,51.386,step
2026-09-01T13:13:39.644459+00:00,96.07,-0.0085,0.15,0.0,-0.0037,-0.0129,8809.59,3,158.597,51.406,step
2026-09-01T13:13:39.645699+00:00,96.081,-0.0087,0.15,0.0,-0.0026,-0.0125,8810.64,3,158.268,51.426,step
2026-09-01T13:13:39.646927+00:00,96.093,-0.0088,0.15,0.0,-0.0015,-0.012,8811.68,3,157.947,51.446,step
2026-09-01T13:13:39.648114+00:00,96.104,-0.009,0.15,0.0,-0.0004,-0.0115,8812.72,3,157.635,51.466,step
2026-09-01T13:13:39.649304+00:00,96.115,-0.0091,0.15,0.0,0.0006,-0.011,8813.76,3,157.325,51.486,step
2026-09-01T13:13:39.650501+00:00,96.127,-0.0091,0.15,0.0,0.0015,-0.0105,8814.8,3,157.014,51.506,step
2026-09-01T13:13:39.651727+00:00,96.138,-0.0092,0.15,0.0,0.0025,-0.01,8815.84,3,156.702,51.526,step
2026-09-01T13:13:39.653008+00:00,96.15,-0.0092,0.15,0.0,0.0033,-0.0095,8816.87,3,156.387,51.546,step
2026-09-01T13:13:39.654252+00:00,96.161,-0.0092,0.15,0.0,0.0041,-0.009,8817.91,3,156.07,51.566,step
2026-09-01T13:13:39.655451+00:00,96.172,-0.0092,0.15,0.0,0.0049,-0.0085,8818.93,3,155.75,51.586,step
2026-09-01T13:13:39.656682+00:00,96.183,-0.0092,0.15,0.0,0.0056,-0.0079,8819.96,3,155.429,51.606,step
2026-09-01T13:13:39.657933+00:00,96.195,-0.0091,0.15,0.0,0.0063,-0.0074,8820.98,3,155.105,51.626,step
2026-09-01T13:13:39.659224+00:00,96.206,-0.009,0.15,0.0,0.007,-0.0069,8822.0,3,154.78,51.646,step
2026-09-01T13:13:39.660495+00:00,96.217,-0.0089,0.15,0.0,0.0076,-0.0064,8823.03,3,154.452,51.666,step
2026-09-01T13:13:39.661686+00:00,96.228,-0.0088,0.15,0.0,0.0082,-0.0059,8824.04,3,154.122,51.686,step
2026-09-01T13:13:39.662877+00:00,96.239,-0.0087,0.15,0.0,0.0087,-0.0054,8825.06,3,153.79,51.706,step
2026-09-01T13:13:39.664079+00:00,96.251,-0.0085,0.15,0.0,0.0091,-0.0049,8826.08,3,153.457,51.726,step
2026-09-01T13:13:39.665299+00:00,96.262,-0.0083,0.15,0.0,0.0096,-0.0044,8827.09,3,153.112,51.746,step
2026-09-01T13:13:39.666488+00:00,96.273,-0.0081,0.15,0.0,0.0099,-0.004,8828.11,3,152.758,51.766,step
2026-09-01T13:13:39.667685+00:00,96.284,-0.0079,0.15,0.0,0.0103,-0.0035,8829.12,3,152.398,51.786,step
2026-09-01T13:13:39.668977+00:00,96.295,-0.0077,0.15,0.0,0.0106,-0.003,8830.13,3,152.035,51.806,step
2026-09-01T13:13:39.670195+00:00,96.306,-0.0075,0.15,0.0,0.0108,-0.0026,8831.13,3,151.671,51.826,step
2026-09-01T13:13:39.671399+00:00,96.317,-0.0073,0.15,0.0,0.011,-0.0022,8832.14,3,151.297,51.846,step
2026-09-01T13:13:39.672659+00:00,96.328,-0.007,0.15,0.0,0.0112,-0.0018,8833.14,3,150.913,51.866,step
2026-09-01T13:13:39.673842+00:00,96.339,-0.0068,0.15,0.0,0.0114,-0.0014,8834.15,3,150.525,51.886,step
2026-09-01T13:13:39.675071+00:00,96.35,-0.0065,0.15,0.0,0.0115,-0.001,8835.15,3,150.135,51.906,step
2026-09-01T13:13:39.676280+00:00,96.361,-0.0062,0.15,0.0,0.0116,-0.0006,8836.14,3,149.744,51.926,step
2026-09-01T13:13:39.677522+00:00,96.372,-0.006,0.15,0.0,0.0116,-0.0002,8837.14,3,149.343,51.946,step
2026-09-01T13:13:39.678779+00:00,96.383,-0.0057,0.15,0.0,0.0116,0.0001,8838.14,3,148.935,51.966,step
2026-09-01T13:13:39.679977+00:00,96.394,-0.0054,0.15,0.0,0.0116,0.0005,8839.13,3,148.524,51.986,step
2026-09-01T13:13:39.681159+00:00,96.405,-0.0051,0.15,0.0,0.0115,0.0008,8840.12,3,148.102,52.006,step
2026-09-01T13:13:39.682345+00:00,96.415,-0.0049,0.15,0.0,0.0115,0.0011,8841.11,3,147.67,52.026,step
2026-09-01T13:13:39.683588+00:00,96.426,-0.0046,0.15,0.0,0.0114,0.0014,8842.1,3,147.235,52.046,step
2026-09-01T13:13:39.684836+00:00,96.437,-0.0043,0.15,0.0,0.0112,0.0017,8843.09,3,146.797,52.066,step
2026-09-01T13:13:39.686188+00:00,96.448,-0.004,0.15,0.0,0.0111,0.0019,8844.08,3,146.351,52.086,step
2026-09-01T13:13:39.687417+00:00,96.459,-0.0037,0.15,0.0,0.0109,0.0022,8845.06,3,145.895,52.106,step
2026-09-01T13:13:39.688645+00:00,96.47,-0.0034,0.15,0.0,0.0107,0.0024,8846.04,3,145.435,52.126,step
2026-09-01T13:13:39.689838+00:00,96.48,-0.0032,0.15,0.0,0.0105,0.0026,8847.03,3,144.966,52.146,step
2026-09-01T13:13:39.691069+00:00,96.491,-0.003,0.15,0.0,0.0103,0.0028,8848.0,3,144.488,52.166,step
2026-09-01T13:13:39.692343+00:00,96.502,-0.0027,0.15,0.0,0.01,0.0029,8848.98,3,144.009,52.186,step
2026-09-01T13:13:39.693664+00:00,96.513,-0.0024,0.15,0.0,0.0097,0.0031,8849.96,3,143.53,52.206,step
2026-09-01T13:13:39.694925+00:00,96.523,-0.0021,0.15,0.0,0.0094,0.0032,8850.93,3,143.043,52.226,step
2026-09-01T13:13:39.696193+00:00,96.534,-0.0019,0.15,0.0,0.0091,0.0034,8851.91,3,142.548,52.246,step
2026-09-01T13:13:39.697424+00:00,96.544,-0.0016,0.15,0.0,0.0088,0.0035,8852.88,3,142.05,52.266,step
2026-09-01T13:13:39.698626+00:00,96.555,-0.0014,0.15,0.0,0.0085,0.0036,8853.85,3,141.551,52.286,step
2026-09-01T13:13:39.699866+00:00,96.566,-0.0011,0.15,0.0,0.0082,0.0037,8854.81,3,141.044,52.306,step
2026-09-01T13:13:39.701095+00:00,96.576,-0.0009,0.15,0.0,0.0079,0.0038,8855.78,3,140.529,52.326,step
2026-09-01T13:13:39.702414+00:00,96.587,-0.0007,0.15,0.0,0.0075,0.0038,8856.74,3,140.014,52.346,step
2026-09-01T13:13:39.703675+00:00,96.597,-0.0005,0.15,0.0,0.0072,0.0039,8857.7,3,139.498,52.366,step
2026-09-01T13:13:39.704890+00:00,96.608,-0.0003,0.15,0.0,0.0069,0.0039,8858.66,3,138.974,52.386,step
2026-09-01T13:13:39.706141+00:00,96.618,-0.0001,0.15,0.0,0.0065,0.0039,8859.62,3,138.443,52.406,step
2026-09-01T13:13:39.707355+00:00,96.629,0.0001,0.15,0.0,0.0062,0.0039,8860.57,3,137.908,52.426,step
2026-09-01T13:13:39.708623+00:00,96.639,0.0002,0.15,0.0,0.0058,0.0039,8861.53,3,137.372,52.446,step
2026-09-01T13:13:39.709901+00:00,96.65,0.0004,0.15,0.0,0.0055,0.0039,8862.48,3,136.835,52.466,step
2026-09-01T13:13:39.711075+00:00,96.66,0.0006,0.15,0.0,0.0051,0.0039,8863.43,3,136.298,52.486,step
2026-09-01T13:13:39.712285+00:00,96.671,0.0008,0.15,0.0,0.0047,0.0039,8864.38,3,135.754,52.506,step
2026-09-01T13:13:39.713478+00:00,96.681,0.0009,0.15,0.0,0.0044,0.0039,8865.33,3,135.203,52.526,step
2026-09-01T13:13:39.714691+00:00,96.692,0.0011,0.15,0.0,0.004,0.0038,8866.28,3,134.649,52.546,step
2026-09-01T13:13:39.715909+00:00,96.702,0.0012,0.15,0.0,0.0036,0.0038,8867.22,3,134.093,52.566,step
2026-09-01T13:13:39.717129+00:00,96.712,0.0013,0.15,0.0,0.0033,0.0037,8868.16,3,133.537,52.586,step
2026-09-01T13:13:39.718349+00:00,96.722,0.0015,0.15,0.0,0.0029,0.0036,8869.1,3,132.981,52.606,step
2026-09-01T13:13:39.719688+00:00,96.733,0.0015,0.15,0.0,0.0026,0.0036,8870.04,3,132.424,52.626,step
2026-09-01T13:13:39.720928+00:00,96.743,0.0016,0.15,0.0,0.0024,0.0035,8870.97,3,131.86,52.646,step
2026-09-01T13:13:39.722137+00:00,96.753,0.0017,0.15,0.0,0.0021,0.0034,8871.91,3,131.29,52.666,step
2026-09-01T13:13:39.723328+00:00,96.763,0.0017,0.15,0.0,0.0018,0.0033,8872.84,3,130.719,52.686,step
2026-09-01T13:13:39.724563+00:00,96.774,0.0018,0.15,0.0,0.0015,0.0032,8873.77,3,130.148,52.706,step
2026-09-01T13:13:39.725803+00:00,96.784,0.0019,0.15,0.0,0.0012,0.0031,8874.7,3,129.577,52.726,step
2026-09-01T13:13:39.727052+00:00,96.794,0.0019,0.15,0.0,0.0009,0.0029,8875.63,3,129.007,52.746,step
2026-09-01T13:13:39.728216+00:00,96.804,0.002,0.15,0.0,0.0006,0.0028,8876.55,3,128.436,52.766,step
2026-09-01T13:13:39.729412+00:00,96.814,0.002,0.15,0.0,0.0004,0.0027,8877.48,3,127.865,52.786,step
2026-09-01T13:13:39.730578+00:00,96.824,0.002,0.15,0.0,0.0002,0.0026,8878.4,3,127.293,52.806,step
2026-09-01T13:13:39.731761+00:00,96.835,0.002,0.15,0.0,-0.0001,0.0025,8879.32,3,126.722,52.826,step
2026-09-01T13:13:39.732929+00:00,96.845,0.002,0.15,0.0,-0.0003,0.0024,8880.24,3,126.151,52.846,step
2026-09-01T13:13:39.734131+00:00,96.855,0.0021,0.15,0.0,-0.0005,0.0023,8881.15,3,125.58,52.866,step
2026-09-01T13:13:39.735378+00:00,96.865,0.0021,0.15,0.0,-0.0007,0.0022,8882.07,3,125.009,52.886,step
2026-09-01T13:13:39.736612+00:00,96.875,0.0021,0.15,0.0,-0.0009,0.0021,8882.98,3,124.439,52.906,step
2026-09-01T13:13:39.737801+00:00,96.885,0.0021,0.15,0.0,-0.0011,0.0019,8883.89,3,123.869,52.926,step
2026-09-01T13:13:39.738979+00:00,96.895,0.0021,0.15,0.0,-0.0013,0.0018,8884.8,3,123.298,52.946,step
2026-09-01T13:13:39.740152+00:00,96.904,0.0021,0.15,0.0,-0.0014,0.0017,8885.71,3,122.727,52.966,step
2026-09-01T13:13:39.741330+00:00,96.915,0.0021,0.15,0.0,-0.0015,0.0016,8886.61,3,122.156,52.986,step
2026-09-01T13:13:39.742553+00:00,96.924,0.002,0.15,0.0,-0.0017,0.0015,8887.51,3,121.586,53.006,step
2026-09-01T13:13:39.743790+00:00,96.934,0.002,0.15,0.0,-0.0018,0.0014,8888.42,3,121.015,53.026,step
2026-09-01T13:13:39.744956+00:00,96.944,0.002,0.15,0.0,-0.0019,0.0013,8889.32,3,120.445,53.046,step
2026-09-01T13:13:39.746170+00:00,96.954,0.002,0.0,0.15,-0.0021,0.0012,8890.21,3,119.875,53.066,step
2026-09-01T13:13:39.747343+00:00,96.578,0.0019,0.0,0.15,-0.0022,0.001,8707.33,3,119.3,53.086,step
2026-09-01T13:13:39.748553+00:00,96.001,0.0018,0.0,0.15,-0.0022,0.0009,8651.68,3,118.715,53.106,step
2026-09-01T13:13:39.749751+00:00,95.424,0.0017,0.0,0.15,-0.0023,0.0007,8597.46,3,118.128,53.126,step
2026-09-01T13:13:39.750958+00:00,94.849,0.0016,0.0,0.15,-0.0024,0.0005,8545.13,3,117.541,53.146,step
2026-09-01T13:13:39.752209+00:00,94.278,0.0014,0.0,0.15,-0.0024,0.0002,8494.11,3,116.957,53.166,step
2026-09-01T13:13:39.753388+00:00,93.708,0.0013,0.0,0.15,-0.0025,0.0001,8443.79,3,116.381,53.186,step
2026-09-01T13:13:39.754608+00:00,93.142,0.0012,0.0,0.15,-0.0025,-0.0001,8393.78,3,115.817,53.206,step
2026-09-01T13:13:39.755773+00:00,92.577,0.001,0.0,0.15,-0.0025,-0.0003,8343.84,3,115.259,53.226,step
2026-09-01T13:13:39.756956+00:00,92.015,0.0009,0.0,0.15,-0.0025,-0.0004,8293.9,3,114.706,53.246,step
2026-09-01T13:13:39.758159+00:00,91.454,0.0008,0.15,0.0,-0.0025,-0.0006,8243.99,3,114.158,53.266,step
2026-09-01T13:13:39.759405+00:00,91.282,0.0007,0.15,0.0,-0.0025,-0.0007,8375.34,3,113.619,53.286,step
2026-09-01T13:13:39.760690+00:00,91.303,0.0006,0.15,0.0,-0.0024,-0.0007,8375.76,3,113.091,53.306,step
2026-09-01T13:13:39.761898+00:00,91.324,0.0005,0.15,0.0,-0.0024,-0.0008,8376.3,3,112.566,53.326,step
2026-09-01T13:13:39.763133+00:00,91.344,0.0005,0.15,0.0,-0.0023,-0.0009,8377.39,3,112.042,53.346,step
2026-09-01T13:13:39.764296+00:00,91.365,0.0004,0.15,0.0,-0.0022,-0.0009,8378.99,3,111.524,53.366,step
2026-09-01T13:13:39.765480+00:00,91.385,0.0003,0.15,0.0,-0.0022,-0.0009,8380.99,3,111.013,53.386,step
2026-09-01T13:13:39.766724+00:00,91.405,0.0003,0.15,0.0,-0.0021,-0.0009,8383.32,3,110.505,53.406,step
2026-09-01T13:13:39.767913+00:00,91.424,0.0003,0.15,0.0,-0.002,-0.0009,8385.63,3,109.997,53.426,step
2026-09-01T13:13:39.769366+00:00,91.444,0.0002,0.15,0.0,-0.0019,-0.0009,8387.71,3,109.488,53.446,step
2026-09-01T13:13:39.770596+00:00,91.464,0.0002,0.15,0.0,-0.0019,-0.0009,8389.61,3,108.98,53.466,step
2026-09-01T13:13:39.771749+00:00,91.484,0.0001,0.15,0.0,-0.0018,-0.0009,8391.39,3,108.472,53.486,step
2026-09-01T13:13:39.772943+00:00,91.504,0.0001,0.15,0.0,-0.0017,-0.0009,8393.12,3,107.964,53.506,step
2026-09-01T13:13:39.774125+00:00,91.524,0.0001,0.15,0.0,-0.0017,-0.0009,8394.86,3,107.456,53.526,step
2026-09-01T13:13:39.775325+00:00,91.544,0.0001,0.15,0.0,-0.0016,-0.0009,8397.2,3,106.948,53.546,step
2026-09-01T13:13:39.776501+00:00,91.564,0.0,0.15,0.0,-0.0015,-0.0009,8398.78,3,106.439,53.566,step
2026-09-01T13:13:39.777792+00:00,91.584,-0.0,0.15,0.0,-0.0014,-0.0009,8400.43,3,105.93,53.586,step
2026-09-01T13:13:39.778956+00:00,91.604,-0.0001,0.15,0.0,-0.0013,-0.0009,8402.12,3,105.421,53.606,step
2026-09-01T13:13:39.780151+00:00,91.624,-0.0001,0.15,0.0,-0.0012,-0.0009,8403.83,3,104.912,53.626,step
2026-09-01T13:13:39.781299+00:00,91.644,-0.0002,0.15,0.0,-0.0012,-0.0009,8405.58,3,104.403,53.646,step
2026-09-01T13:13:39.782456+00:00,91.663,-0.0002,0.15,0.0,-0.0011,-0.0009,8407.36,3,103.894,53.666,step
2026-09-01T13:13:39.783638+00:00,91.683,-0.0002,0.15,0.0,-0.001,-0.0009,8409.17,3,103.385,53.686,step
2026-09-01T13:13:39.784823+00:00,91.703,-0.0003,0.15,0.0,-0.001,-0.0009,8411.0,3,102.876,53.706,step
2026-09-01T13:13:39.786049+00:00,91.722,-0.0003,0.15,0.0,-0.0009,-0.0009,8412.84,3,102.366,53.726,step
2026-09-01T13:13:39.787235+00:00,91.742,-0.0004,0.15,0.0,-0.0008,-0.0009,8414.69,3,101.856,53.746,step
2026-09-01T13:13:39.788469+00:00,91.762,-0.0004,0.15,0.0,-0.0007,-0.0009,8416.54,3,101.346,53.766,step
2026-09-01T13:13:39.789665+00:00,91.782,-0.0004,0.15,0.0,-0.0006,-0.0009,8418.36,3,100.837,53.786,step
2026-09-01T13:13:39.790832+00:00,91.802,-0.0005,0.15,0.0,-0.0005,-0.0009,8420.16,3,100.327,53.806,step
2026-09-01T13:13:39.792054+00:00,91.821,-0.0005,0.15,0.0,-0.0005,-0.0009,8421.95,3,99.8171,53.826,step
2026-09-01T13:13:39.793237+00:00,91.841,-0.0005,0.15,0.0,-0.0004,-0.0009,8424.37,3,99.3125,53.846,step
2026-09-01T13:13:39.794446+00:00,91.861,-0.0005,0.15,0.0,-0.0003,-0.0009,8426.34,3,98.8128,53.866,step
2026-09-01T13:13:39.795639+00:00,91.881,-0.0005,0.15,0.0,-0.0003,-0.0008,8427.78,3,98.315,53.886,step
2026-09-01T13:13:39.796836+00:00,91.901,-0.0005,0.15,0.0,-0.0002,-0.0008,8429.38,3,97.8179,53.906,step
2026-09-01T13:13:39.797995+00:00,91.92,-0.0005,0.15,0.0,-0.0001,-0.0007,8431.0,3,97.321,53.926,step
2026-09-01T13:13:39.799215+00:00,91.94,-0.0005,0.15,0.0,-0.0,-0.0006,8432.65,3,96.8242,53.946,step
2026-09-01T13:13:39.800364+00:00,91.96,-0.0005,0.15,0.0,0.0,-0.0006,8434.36,3,96.3221,53.966,step
2026-09-01T13:13:39.801551+00:00,91.979,-0.0005,0.15,0.0,0.0001,-0.0006,8436.13,3,95.8146,53.986,step
2026-09-01T13:13:39.802794+00:00,91.999,-0.0005,0.15,0.0,0.0001,-0.0006,8437.94,3,95.31,54.006,step
2026-09-01T13:13:39.803967+00:00,92.018,-0.0005,0.0,0.15,0.0002,-0.0005,8439.79,3,94.8096,54.026,step
2026-09-01T13:13:39.805173+00:00,91.654,-0.0005,0.15,0.0,0.0002,-0.0005,8267.03,3,94.3024,54.046,step
2026-09-01T13:13:39.806398+00:00,91.478,-0.0005,0.15,0.0,0.0002,-0.0005,8392.65,3,93.7904,54.066,step
2026-09-01T13:13:39.807631+00:00,91.499,-0.0005,0.15,0.0,0.0003,-0.0005,8393.5,3,93.2858,54.086,step
2026-09-01T13:13:39.808815+00:00,91.519,-0.0005,0.15,0.0,0.0003,-0.0005,8394.87,3,92.7871,54.106,step
2026-09-01T13:13:39.809980+00:00,91.54,-0.0005,0.15,0.0,0.0004,-0.0004,8396.36,3,92.2902,54.126,step
2026-09-01T13:13:39.811293+00:00,91.561,-0.0005,0.15,0.0,0.0004,-0.0004,8397.94,3,91.7894,54.146,step
2026-09-01T13:13:39.812428+00:00,91.581,-0.0005,0.15,0.0,0.0004,-0.0003,8400.18,3,91.2837,54.166,step
2026-09-01T13:13:39.813595+00:00,91.602,-0.0005,0.15,0.0,0.0005,-0.0003,8401.98,3,90.776,54.186,step
2026-09-01T13:13:39.814744+00:00,91.622,-0.0005,0.15,0.0,0.0005,-0.0003,8403.8,3,90.2722,54.206,step
2026-09-01T13:13:39.815918+00:00,91.643,-0.0005,0.15,0.0,0.0005,-0.0003,8405.62,3,89.773,54.226,step
2026-09-01T13:13:39.817100+00:00,91.663,-0.0005,0.15,0.0,0.0005,-0.0002,8407.46,3,89.271,54.246,step
2026-09-01T13:13:39.818273+00:00,91.684,-0.0004,0.15,0.0,0.0005,-0.0002,8409.3,3,88.7647,54.266,step
2026-09-01T13:13:39.819522+00:00,91.704,-0.0004,0.15,0.0,0.0005,-0.0002,8411.14,3,88.2565,54.286,step
2026-09-01T13:13:39.820684+00:00,91.724,-0.0005,0.15,0.0,0.0006,-0.0002,8412.99,3,87.7471,54.306,step
2026-09-01T13:13:39.821834+00:00,91.745,-0.0005,0.15,0.0,0.0006,-0.0002,8414.84,3,87.2374,54.326,step
2026-09-01T13:13:39.822972+00:00,91.765,-0.0005,0.15,0.0,0.0006,-0.0002,8416.7,3,86.7276,54.346,step
2026-09-01T13:13:39.824157+00:00,91.785,-0.0005,0.15,0.0,0.0007,-0.0002,8418.57,3,86.2178,54.366,step
2026-09-01T13:13:39.825374+00:00,91.805,-0.0005,0.15,0.0,0.0007,-0.0002,8420.44,3,85.7123,54.386,step
2026-09-01T13:13:39.826557+00:00,91.826,-0.0005,0.15,0.0,0.0007,-0.0002,8422.29,3,85.2072,54.406,step
2026-09-01T13:13:39.827828+00:00,91.846,-0.0005,0.15,0.0,0.0007,-0.0002,8424.14,3,84.6992,54.426,step
2026-09-01T13:13:39.829023+00:00,91.866,-0.0005,0.15,0.0,0.0007,-0.0002,8425.98,3,84.1896,54.446,step
2026-09-01T13:13:39.830225+00:00,91.886,-0.0005,0.15,0.0,0.0007,-0.0002,8428.23,3,83.6792,54.466,step
2026-09-01T13:13:39.831362+00:00,91.906,-0.0005,0.15,0.0,0.0007,-0.0002,8429.94,3,83.1686,54.486,step
2026-09-01T13:13:39.832542+00:00,91.927,-0.0005,0.15,0.0,0.0008,-0.0002,8431.66,3,82.6579,54.506,step
2026-09-01T13:13:39.833781+00:00,91.947,-0.0005,0.15,0.0,0.0008,-0.0001,8433.41,3,82.1514,54.526,step
2026-09-01T13:13:39.835010+00:00,91.967,-0.0005,0.15,0.0,0.0008,-0.0001,8435.16,3,81.6452,54.546,step
2026-09-01T13:13:39.836222+00:00,91.987,-0.0005,0.15,0.0,0.0008,-0.0001,8436.94,3,81.1362,54.566,step
2026-09-01T13:13:39.837368+00:00,92.007,-0.0005,0.0,0.15,0.0008,-0.0001,8438.73,3,80.6262,54.586,step
2026-09-01T13:13:39.838512+00:00,91.641,-0.0004,0.15,0.0,0.0008,-0.0001,8266.13,3,80.1199,54.606,step
2026-09-01T13:13:39.839640+00:00,91.467,-0.0004,0.15,0.0,0.0008,-0.0001,8391.5,3,79.6168,54.626,step
2026-09-01T13:13:39.840774+00:00,91.488,-0.0004,0.15,0.0,0.0008,-0.0,8392.41,3,79.11,54.646,step
2026-09-01T13:13:39.841959+00:00,91.509,-0.0004,0.15,0.0,0.0008,-0.0,8393.85,3,78.6021,54.666,step
2026-09-01T13:13:39.843134+00:00,91.53,-0.0004,0.15,0.0,0.0008,-0.0,8395.38,3,78.094,54.686,step
2026-09-01T13:13:39.844351+00:00,91.551,-0.0004,0.15,0.0,0.0008,-0.0,8397.01,3,77.5855,54.706,step
2026-09-01T13:13:39.845497+00:00,91.572,-0.0004,0.15,0.0,0.0008,-0.0,8398.77,3,77.077,54.726,step
2026-09-01T13:13:39.846640+00:00,91.593,-0.0004,0.15,0.0,0.0008,-0.0,8400.66,3,76.5685,54.746,step
2026-09-01T13:13:39.847806+00:00,91.613,-0.0004,0.15,0.0,0.0008,-0.0,8402.68,3,76.0593,54.766,step
2026-09-01T13:13:39.848919+00:00,91.634,-0.0005,0.15,0.0,0.0008,-0.0,8404.8,3,75.5499,54.786,step
2026-09-01T13:13:39.850114+00:00,91.654,-0.0005,0.15,0.0,0.0009,-0.0,8406.74,3,75.0406,54.806,step
2026-09-01T13:13:39.851259+00:00,91.675,-0.0005,0.15,0.0,0.0009,-0.0,8408.63,3,74.5312,54.826,step
2026-09-01T13:13:39.852531+00:00,91.696,-0.0005,0.15,0.0,0.0009,-0.0,8410.48,3,74.0219,54.846,step
2026-09-01T13:13:39.853675+00:00,91.716,-0.0005,0.15,0.0,0.0009,-0.0,8412.33,3,73.5126,54.866,step
2026-09-01T13:13:39.854803+00:00,91.737,-0.0004,0.15,0.0,0.0008,-0.0,8414.18,3,73.0034,54.886,step
2026-09-01T13:13:39.855955+00:00,91.757,-0.0005,0.15,0.0,0.0008,-0.0,8416.02,3,72.4935,54.906,step
2026-09-01T13:13:39.857114+00:00,91.778,-0.0005,0.15,0.0,0.0009,-0.0,8417.87,3,71.9834,54.926,step
2026-09-01T13:13:39.858304+00:00,91.798,-0.0005,0.15,0.0,0.0009,-0.0,8419.72,3,71.4733,54.946,step
2026-09-01T13:13:39.859455+00:00,91.818,-0.0005,0.15,0.0,0.0009,-0.0,8421.57,3,70.9632,54.966,step
2026-09-01T13:13:39.860767+00:00,91.839,-0.0005,0.15,0.0,0.0009,-0.0,8423.42,3,70.4531,54.986,step
2026-09-01T13:13:39.861921+00:00,91.859,-0.0005,0.15,0.0,0.0009,-0.0,8425.27,3,69.9431,55.006,step
2026-09-01T13:13:39.863092+00:00,91.879,-0.0005,0.15,0.0,0.0009,-0.0,8427.12,3,69.433,55.026,step
2026-09-01T13:13:39.864288+00:00,91.899,-0.0005,0.15,0.0,0.0009,-0.0,8428.97,3,68.9224,55.046,step
2026-09-01T13:13:39.865422+00:00,91.919,-0.0005,0.15,0.0,0.0009,-0.0,8430.81,3,68.4115,55.066,step
2026-09-01T13:13:39.866558+00:00,91.939,-0.0005,0.15,0.0,0.0009,-0.0,8432.54,3,67.9006,55.086,step
2026-09-01T13:13:39.867716+00:00,91.959,-0.0005,0.15,0.0,0.0009,-0.0,8434.37,3,67.3897,55.106,step
2026-09-01T13:13:39.868984+00:00,91.979,-0.0005,0.15,0.0,0.0009,-0.0,8436.23,3,66.8788,55.126,step
2026-09-01T13:13:39.870129+00:00,91.999,-0.0005,0.15,0.0,0.0009,-0.0,8438.1,3,66.3679,55.146,step
2026-09-01T13:13:39.871284+00:00,92.019,-0.0005,0.0,0.15,0.0009,-0.0,8439.95,3,65.8571,55.166,step
2026-09-01T13:13:39.872442+00:00,91.654,-0.0005,0.15,0.0,0.0009,-0.0001,8267.03,3,65.3445,55.186,step
2026-09-01T13:13:39.873587+00:00,91.48,-0.0005,0.15,0.0,0.0009,-0.0001,8392.7,3,64.8322,55.206,step
2026-09-01T13:13:39.874781+00:00,91.501,-0.0005,0.15,0.0,0.0009,-0.0001,8393.58,3,64.326,55.226,step
2026-09-01T13:13:39.875928+00:00,91.522,-0.0005,0.15,0.0,0.0009,-0.0,8395.0,3,63.8242,55.246,step
2026-09-01T13:13:39.877149+00:00,91.542,-0.0004,0.15,0.0,0.0009,0.0,8396.5,3,63.3206,55.266,step
2026-09-01T13:13:39.878310+00:00,91.563,-0.0004,0.15,0.0,0.0009,0.0,8398.09,3,62.814,55.286,step
2026-09-01T13:13:39.879463+00:00,91.584,-0.0004,0.15,0.0,0.0009,0.0,8399.82,3,62.3062,55.306,step
2026-09-01T13:13:39.880653+00:00,91.604,-0.0004,0.15,0.0,0.0009,0.0,8401.67,3,61.798,55.326,step
2026-09-01T13:13:39.881786+00:00,91.625,-0.0004,0.15,0.0,0.0009,0.0,8403.63,3,61.289,55.346,step
2026-09-01T13:13:39.882958+00:00,91.645,-0.0004,0.15,0.0,0.0009,0.0,8405.68,3,60.7797,55.366,step
2026-09-01T13:13:39.884096+00:00,91.666,-0.0004,0.15,0.0,0.0009,0.0,8407.34,3,60.2704,55.386,step
2026-09-01T13:13:39.885285+00:00,91.686,-0.0004,0.15,0.0,0.0009,0.0,8409.22,3,59.761,55.406,step
2026-09-01T13:13:39.886443+00:00,91.706,-0.0004,0.0,0.15,0.0009,0.0,8411.23,3,59.2516,55.426,step
2026-09-01T13:13:39.887601+00:00,91.341,-0.0004,0.0,0.15,0.0009,0.0,8239.09,3,58.745,55.446,step
2026-09-01T13:13:39.888743+00:00,90.783,-0.0004,0.0,0.15,0.0009,0.0001,8185.47,3,58.2455,55.466,step
2026-09-01T13:13:39.889873+00:00,90.225,-0.0003,0.0,0.15,0.0009,0.0002,8133.15,3,57.7509,55.486,step
2026-09-01T13:13:39.891047+00:00,89.67,-0.0003,0.0,0.15,0.0009,0.0002,8082.62,3,57.26,55.506,step
2026-09-01T13:13:39.892202+00:00,89.118,-0.0002,0.0,0.15,0.0009,0.0003,8033.3,3,56.7723,55.526,step
2026-09-01T13:13:39.893336+00:00,88.568,-0.0002,0.0,0.15,0.0009,0.0003,7984.61,3,56.2874,55.546,step
2026-09-01T13:13:39.894567+00:00,88.02,-0.0001,0.0,0.15,0.0008,0.0004,7936.18,3,55.8054,55.566,step
2026-09-01T13:13:39.895755+00:00,87.473,-0.0,0.0,0.15,0.0008,0.0005,7887.75,3,55.3262,55.586,step
2026-09-01T13:13:39.896923+00:00,86.929,0.0,0.0,0.15,0.0008,0.0005,7839.37,3,54.8497,55.606,step
2026-09-01T13:13:39.898073+00:00,86.386,0.0001,0.0,0.15,0.0008,0.0006,7791.02,3,54.3759,55.626,step
2026-09-01T13:13:39.899222+00:00,85.846,0.0002,0.0,0.15,0.0007,0.0006,7742.7,3,53.9048,55.646,step
2026-09-01T13:13:39.900396+00:00,85.308,0.0002,0.0,0.15,0.0007,0.0007,7694.42,3,53.4365,55.666,step
2026-09-01T13:13:39.901539+00:00,84.771,0.0003,0.0,0.15,0.0006,0.0008,7646.25,3,52.9709,55.686,step
2026-09-01T13:13:39.902771+00:00,84.234,0.0004,0.0,0.15,0.0006,0.0008,7599.36,3,52.508,55.706,step
2026-09-01T13:13:39.903925+00:00,83.7,0.0004,0.0,0.15,0.0005,0.0009,7551.46,3,52.0478,55.726,step
2026-09-01T13:13:39.905110+00:00,83.168,0.0005,0.0,0.15,0.0005,0.0009,7503.18,3,51.5902,55.746,step
2026-09-01T13:13:39.906241+00:00,82.637,0.0006,0.0,0.15,0.0004,0.001,7455.21,3,51.1355,55.766,step
2026-09-01T13:13:39.907397+00:00,82.107,0.0006,0.0,0.15,0.0004,0.001,7407.56,3,50.6809,55.786,step
2026-09-01T13:13:39.908561+00:00,81.579,0.0006,0.0,0.15,0.0003,0.001,7360.19,3,50.2265,55.806,step
2026-09-01T13:13:39.909743+00:00,81.053,0.0007,0.0,0.15,0.0002,0.001,7313.05,3,49.7739,55.826,step
2026-09-01T13:13:39.910943+00:00,80.529,0.0007,0.0,0.15,0.0002,0.001,7266.08,3,49.3236,55.846,step
2026-09-01T13:13:39.912104+00:00,80.006,0.0007,0.0,0.15,0.0001,0.001,7219.25,3,48.8761,55.866,step
2026-09-01T13:13:39.913279+00:00,79.485,0.0007,0.0,0.15,0.0001,0.0009,7172.55,2,48.4314,55.886,step
2026-09-01T13:13:39.914459+00:00,78.983,0.0007,0.0,0.15,0.0,0.0009,9016.54,2,47.9887,55.906,step
2026-09-01T13:13:39.915621+00:00,78.494,0.0007,0.0,0.15,-0.0,0.0009,8995.35,2,47.5465,55.926,step
2026-09-01T13:13:39.916813+00:00,77.988,0.0007,0.0,0.15,-0.0001,0.0008,8838.25,2,47.1061,55.946,step
2026-09-01T13:13:39.917992+00:00,77.413,0.0007,0.0,0.15,-0.0002,0.0007,8769.25,2,46.6635,55.966,step
2026-09-01T13:13:39.919207+00:00,76.839,0.0006,0.0,0.15,-0.0002,0.0006,8704.48,2,46.2206,55.986,step
2026-09-01T13:13:39.920385+00:00,76.267,0.0005,0.0,0.15,-0.0002,0.0004,8640.41,2,45.7796,56.006,step
2026-09-01T13:13:39.921589+00:00,75.698,0.0004,0.0,0.15,-0.0003,0.0003,8576.92,2,45.3441,56.026,step
2026-09-01T13:13:39.922760+00:00,75.132,-0.1997,0.0,0.15,-0.0003,0.0002,8513.89,2,44.9141,56.046,step
2026-09-01T13:13:39.923948+00:00,74.581,-0.198,0.0,0.15,-0.0005,0.0021,8453.98,2,44.7034,56.066,step
2026-09-01T13:13:39.925142+00:00,73.979,-0.193,0.0,0.15,-0.0013,0.0079,8385.49,2,44.9159,56.086,step
2026-09-01T13:13:39.926269+00:00,73.393,0.0139,0.0,0.15,-0.0026,0.0158,8315.76,2,45.3497,56.106,step
2026-09-01T13:13:39.927521+00:00,72.841,0.02,0.0,0.15,-0.0042,0.0223,8253.24,2,45.6406,56.126,step
2026-09-01T13:13:39.928677+00:00,72.276,0.0224,0.0,0.15,-0.0057,0.0244,8194.29,2,45.4616,56.146,step
2026-09-01T13:13:39.929855+00:00,71.722,0.0233,0.0,0.15,-0.0072,0.0246,8133.43,2,45.0762,56.166,step
2026-09-01T13:13:39.931010+00:00,71.174,-0.1765,0.0,0.15,-0.0086,0.024,8072.46,2,44.6151,56.186,step
2026-09-01T13:13:39.932176+00:00,70.643,-0.1748,0.0,0.15,-0.0102,0.0251,8012.24,2,44.3329,56.206,step
2026-09-01T13:13:39.933358+00:00,70.063,-0.1699,0.0,0.15,-0.0123,0.0299,7946.95,2,44.4358,56.226,step
2026-09-01T13:13:39.934557+00:00,69.499,-0.1633,0.0,0.15,-0.0149,0.0366,7881.31,2,44.7316,56.246,step
2026-09-01T13:13:39.935874+00:00,68.948,0.0441,0.8,0.0,-0.0179,0.0439,7818.39,2,45.0986,56.266,step
2026-09-01T13:13:39.937088+00:00,69.187,0.0498,0.8,0.0,-0.0211,0.049,8752.61,2,45.2366,56.286,step
2026-09-01T13:13:39.938274+00:00,69.908,-0.1482,0.0,0.15,-0.0241,0.0497,9190.67,2,44.9165,56.306,step
2026-09-01T13:13:39.939490+00:00,70.12,-0.1461,0.0,0.15,-0.0272,0.0504,7966.59,2,44.5909,56.326,step
2026-09-01T13:13:39.940668+00:00,69.549,-0.1417,0.0,0.15,-0.0307,0.0536,7905.95,2,44.529,56.346,step
2026-09-01T13:13:39.941881+00:00,68.984,-0.136,0.0,0.15,-0.0346,0.0583,7832.99,2,44.6135,56.366,step
2026-09-01T13:13:39.943101+00:00,68.43,-0.1295,0.0,0.15,-0.0388,0.0639,7763.29,2,44.7811,56.386,step
2026-09-01T13:13:39.944365+00:00,67.887,-0.1225,0.0,0.15,-0.0434,0.0698,7698.42,2,44.9838,56.406,step
2026-09-01T13:13:39.945609+00:00,67.348,0.0847,0.8,0.0,-0.0483,0.0757,7637.29,2,45.1875,56.426,step
2026-09-01T13:13:39.946786+00:00,67.597,0.0898,0.8,0.0,-0.0532,0.079,8547.35,2,45.142,56.446,step
2026-09-01T13:13:39.947968+00:00,68.307,-0.1088,0.0,0.15,-0.0579,0.0777,8949.52,2,44.6389,56.466,step
2026-09-01T13:13:39.949141+00:00,68.489,-0.1075,0.0,0.15,-0.0626,0.0765,7783.55,2,44.1388,56.486,step
2026-09-01T13:13:39.950314+00:00,67.927,-0.1035,0.0,0.15,-0.0676,0.0783,7724.18,2,43.9335,56.506,step
2026-09-01T13:13:39.951491+00:00,67.378,-0.0982,0.0,0.15,-0.0729,0.0817,7653.66,2,43.8742,56.526,step
2026-09-01T13:13:39.952737+00:00,66.838,-0.0923,0.0,0.15,-0.0784,0.0857,7586.44,2,43.8802,56.546,step
2026-09-01T13:13:39.953903+00:00,66.306,-0.0861,0.0,0.15,-0.084,0.0898,7523.4,2,43.9051,56.566,step
2026-09-01T13:13:39.955075+00:00,65.777,-0.0799,0.0,0.15,-0.0899,0.094,7463.49,2,43.9242,56.586,step
2026-09-01T13:13:39.956265+00:00,65.252,-0.0737,0.0,0.15,-0.096,0.0979,7405.4,2,43.925,56.606,step
2026-09-01T13:13:39.957430+00:00,64.729,-0.0677,0.0,0.15,-0.1022,0.1015,7348.1,2,43.9017,56.626,step
2026-09-01T13:13:39.958662+00:00,64.209,-0.0619,0.0,0.15,-0.1085,0.1048,7291.0,2,43.8517,56.646,step
2026-09-01T13:13:39.959893+00:00,63.692,-0.0562,0.0,0.15,-0.115,0.1078,7233.81,2,43.7749,56.666,step
2026-09-01T13:13:39.961149+00:00,63.177,-0.0508,0.0,0.15,-0.1216,0.1105,7176.51,2,43.6717,56.686,step
2026-09-01T13:13:39.962401+00:00,62.664,-0.0455,0.0,0.15,-0.1282,0.113,7119.25,2,43.5448,56.706,step
2026-09-01T13:13:39.963624+00:00,62.152,-0.0404,0.0,0.15,-0.1349,0.1152,7061.94,2,43.3968,56.726,step
2026-09-01T13:13:39.964872+00:00,61.642,-0.0355,0.0,0.15,-0.1417,0.1171,7004.76,2,43.2277,56.746,step
2026-09-01T13:13:39.966152+00:00,61.135,-0.0307,0.0,0.15,-0.1485,0.1188,6947.77,2,43.0383,56.766,step
2026-09-01T13:13:39.967484+00:00,60.63,-0.0261,0.0,0.15,-0.1554,0.1203,6890.9,2,42.8315,56.786,step
2026-09-01T13:13:39.968841+00:00,60.126,-0.0217,0.0,0.15,-0.1622,0.1215,6834.19,2,42.6084,56.806,step
2026-09-01T13:13:39.970091+00:00,59.624,-0.02,0.0,0.15,-0.169,0.1194,6777.67,2,42.3702,56.826,step
2026-09-01T13:13:39.971405+00:00,59.124,-0.0195,0.0,0.15,-0.1755,0.116,6721.31,2,42.1215,56.846,step
2026-09-01T13:13:39.972700+00:00,58.625,-0.0191,0.0,0.15,-0.1818,0.1125,6665.12,2,41.8674,56.866,step
2026-09-01T13:13:39.974005+00:00,58.128,-0.0188,0.0,0.15,-0.1878,0.1091,6609.1,2,41.6121,56.886,step
2026-09-01T13:13:39.975362+00:00,57.631,-0.0187,0.0,0.15,-0.1936,0.1056,6554.82,2,41.3574,56.906,step
2026-09-01T13:13:39.976649+00:00,57.136,-0.0186,0.0,0.15,-0.1992,0.1022,6499.15,2,41.104,56.926,step
2026-09-01T13:13:39.978034+00:00,56.644,-0.0187,0.0,0.15,-0.2046,0.0988,6443.05,2,40.8522,56.946,step
2026-09-01T13:13:39.979351+00:00,56.153,-0.0188,0.0,0.15,-0.2097,0.0954,6387.03,2,40.6022,56.966,step
2026-09-01T13:13:39.980634+00:00,55.664,-0.019,0.0,0.15,-0.2146,0.0921,6331.43,2,40.3539,56.986,step
2026-09-01T13:13:39.981937+00:00,55.176,-0.0193,0.0,0.15,-0.2193,0.0888,6276.2,2,40.1074,57.006,step
2026-09-01T13:13:39.983250+00:00,54.689,-0.0197,0.0,0.15,-0.2238,0.0855,6221.22,2,39.8625,57.026,step
2026-09-01T13:13:39.984568+00:00,54.204,-0.0201,0.0,0.15,-0.2281,0.0822,6166.48,2,39.6211,57.046,step
2026-09-01T13:13:39.985961+00:00,53.721,-0.0207,0.0,0.15,-0.2322,0.079,6111.98,2,39.3825,57.066,step
2026-09-01T13:13:39.987296+00:00,53.239,-0.0212,0.0,0.15,-0.2362,0.0759,6057.58,2,39.1473,57.086,step
2026-09-01T13:13:39.988650+00:00,52.758,-0.0219,0.0,0.15,-0.2399,0.0728,6003.3,2,38.9148,57.106,step
2026-09-01T13:13:39.989930+00:00,52.279,-0.0226,0.0,0.15,-0.2434,0.0697,5949.12,2,38.6855,57.126,step
2026-09-01T13:13:39.991234+00:00,51.801,-0.0233,0.0,0.15,-0.2468,0.0666,5895.05,2,38.4604,57.146,step
2026-09-01T13:13:39.992509+00:00,51.324,-0.0242,0.0,0.15,-0.25,0.0635,5841.1,2,38.2382,57.166,step
2026-09-01T13:13:39.993850+00:00,50.848,-0.0251,0.0,0.15,-0.253,0.0605,5787.28,2,38.0193,57.186,step
2026-09-01T13:13:39.995117+00:00,50.374,-0.026,0.0,0.15,-0.2559,0.0576,5733.58,2,37.8044,57.206,step
2026-09-01T13:13:39.996433+00:00,49.9,-0.027,0.0,0.15,-0.2586,0.0547,5680.66,1,37.5936,57.226,step
2026-09-01T13:13:39.997744+00:00,49.433,-0.028,0.0,0.15,-0.2611,0.0518,7622.52,1,37.3868,57.246,step
2026-09-01T13:13:39.999048+00:00,48.97,-0.029,0.0,0.15,-0.2636,0.0491,7611.33,1,37.1838,57.266,step
2026-09-01T13:13:40.000386+00:00,48.492,-0.03,0.0,0.15,-0.2658,0.0463,7391.29,1,36.9849,57.286,step
2026-09-01T13:13:40.001728+00:00,47.971,-0.0311,0.0,0.15,-0.268,0.0437,7312.85,1,36.7928,57.306,step
2026-09-01T13:13:40.003184+00:00,47.452,-0.0321,0.0,0.15,-0.27,0.0412,7234.55,1,36.6059,57.326,step
2026-09-01T13:13:40.004499+00:00,46.937,-0.0331,0.15,0.0,-0.2718,0.0387,7157.16,1,36.4232,57.346,step
2026-09-01T13:13:40.005774+00:00,46.911,-0.0343,0.15,0.0,-0.2736,0.0362,7341.53,1,36.2395,57.366,step
2026-09-01T13:13:40.007053+00:00,47.035,-0.0355,0.0,0.15,-0.2753,0.0336,7356.47,1,36.0516,57.386,step
2026-09-01T13:13:40.008407+00:00,46.656,-0.0367,0.15,0.0,-0.2768,0.0311,7125.25,1,35.8675,57.406,step
2026-09-01T13:13:40.009749+00:00,46.632,-0.0379,0.15,0.0,-0.2783,0.0287,7292.3,1,35.6875,57.426,step
2026-09-01T13:13:40.011177+00:00,46.754,-0.0392,0.15,0.0,-0.2796,0.0262,7310.33,1,35.5054,57.446,step
2026-09-01T13:13:40.012460+00:00,46.877,-0.0406,0.15,0.0,-0.2809,0.0237,7328.53,1,35.3235,57.466,step
2026-09-01T13:13:40.013714+00:00,46.998,-0.0419,0.15,0.0,-0.2821,0.0213,7347.24,1,35.1432,57.486,step
2026-09-01T13:13:40.014973+00:00,47.12,-0.0434,0.0,0.15,-0.2832,0.0188,7366.32,1,34.9645,57.506,step
2026-09-01T13:13:40.016250+00:00,46.743,-0.0448,0.15,0.0,-0.2841,0.0164,7136.73,1,34.792,57.526,step
2026-09-01T13:13:40.017535+00:00,46.712,-0.0462,0.15,0.0,-0.285,0.0141,7307.96,1,34.6256,57.546,step
2026-09-01T13:13:40.018816+00:00,46.834,-0.0476,0.15,0.0,-0.2858,0.0118,7325.22,1,34.4578,57.566,step
2026-09-01T13:13:40.020169+00:00,46.956,-0.0491,0.15,0.0,-0.2865,0.0096,7343.13,1,34.2913,57.586,step
2026-09-01T13:13:40.021457+00:00,47.077,-0.0506,0.0,0.15,-0.2871,0.0073,7360.15,1,34.126,57.606,step
2026-09-01T13:13:40.022757+00:00,46.696,-0.0521,0.15,0.0,-0.2876,0.0051,7131.56,1,33.9677,57.626,step
2026-09-01T13:13:40.024049+00:00,46.667,-0.0536,0.15,0.0,-0.288,0.0031,7299.76,1,33.8146,57.646,step
2026-09-01T13:13:40.025339+00:00,46.789,-0.0551,0.15,0.0,-0.2883,0.001,7317.47,1,33.6597,57.666,step
2026-09-01T13:13:40.026696+00:00,46.91,-0.0566,0.15,0.0,-0.2886,-0.0011,7335.68,1,33.5053,57.686,step
2026-09-01T13:13:40.027979+00:00,47.031,-0.0581,0.0,0.15,-0.2888,-0.0031,7353.96,1,33.3523,57.706,step
2026-09-01T13:13:40.029248+00:00,46.654,-0.0596,0.15,0.0,-0.2889,-0.0051,7123.43,1,33.2063,57.726,step
2026-09-01T13:13:40.030566+00:00,46.62,-0.0611,0.15,0.0,-0.2889,-0.0069,7293.56,1,33.0657,57.746,step
2026-09-01T13:13:40.031827+00:00,46.741,-0.0626,0.15,0.0,-0.2888,-0.0088,7310.8,1,32.9227,57.766,step
2026-09-01T13:13:40.033140+00:00,46.863,-0.0642,0.15,0.0,-0.2887,-0.0107,7328.71,1,32.7805,57.786,step
2026-09-01T13:13:40.034473+00:00,46.984,-0.0658,0.15,0.0,-0.2885,-0.0125,7346.7,1,32.6392,57.806,step
2026-09-01T13:13:40.035821+00:00,47.104,-0.0674,0.0,0.15,-0.2882,-0.0143,7364.98,1,32.4993,57.826,step
2026-09-01T13:13:40.037127+00:00,46.726,-0.0689,0.15,0.0,-0.2879,-0.016,7134.85,1,32.3668,57.846,step
2026-09-01T13:13:40.038375+00:00,46.689,-0.0704,0.15,0.0,-0.2875,-0.0177,7304.57,1,32.2401,57.866,step
2026-09-01T13:13:40.039657+00:00,46.81,-0.072,0.15,0.0,-0.287,-0.0194,7321.81,1,32.1103,57.886,step
2026-09-01T13:13:40.040944+00:00,46.931,-0.0736,0.15,0.0,-0.2865,-0.0211,7339.76,1,31.9812,57.906,step
2026-09-01T13:13:40.042248+00:00,47.051,-0.0752,0.0,0.15,-0.2859,-0.0227,7357.78,1,31.8541,57.926,step
2026-09-01T13:13:40.043617+00:00,46.673,-0.0768,0.15,0.0,-0.2852,-0.0242,7126.48,1,31.7344,57.946,step
2026-09-01T13:13:40.044876+00:00,46.635,-0.0783,0.15,0.0,-0.2845,-0.0257,7295.13,1,31.6205,57.966,step
2026-09-01T13:13:40.046116+00:00,46.755,-0.0799,0.15,0.0,-0.2837,-0.0271,7312.67,1,31.5028,57.986,step
2026-09-01T13:13:40.047355+00:00,46.876,-0.0814,0.15,0.0,-0.2829,-0.0286,7330.57,1,31.3855,58.006,step
2026-09-01T13:13:40.048579+00:00,46.996,-0.083,0.15,0.0,-0.282,-0.0301,7348.67,1,31.2691,58.026,step
2026-09-01T13:13:40.049839+00:00,47.115,-0.0847,0.0,0.15,-0.2811,-0.0315,7367.08,1,31.1539,58.046,step
2026-09-01T13:13:40.051089+00:00,46.737,-0.0862,0.15,0.0,-0.2801,-0.0327,7136.14,1,31.0477,58.066,step
2026-09-01T13:13:40.052405+00:00,46.694,-0.0876,0.15,0.0,-0.279,-0.0339,7306.38,1,30.9475,58.086,step
2026-09-01T13:13:40.053627+00:00,46.815,-0.0891,0.15,0.0,-0.2779,-0.0351,7323.34,1,30.844,58.106,step
2026-09-01T13:13:40.054902+00:00,46.935,-0.0906,0.15,0.0,-0.2768,-0.0363,7341.09,1,30.7406,58.126,step
2026-09-01T13:13:40.056188+00:00,47.055,-0.0922,0.0,0.15,-0.2756,-0.0375,7358.94,1,30.6384,58.146,step
2026-09-01T13:13:40.057495+00:00,46.675,-0.0936,0.15,0.0,-0.2744,-0.0385,7126.86,1,30.5442,58.166,step
2026-09-01T13:13:40.058829+00:00,46.632,-0.095,0.15,0.0,-0.2732,-0.0395,7296.71,1,30.4559,58.186,step
2026-09-01T13:13:40.060140+00:00,46.752,-0.0964,0.15,0.0,-0.2719,-0.0405,7313.64,1,30.3632,58.206,step
2026-09-01T13:13:40.061537+00:00,46.872,-0.0979,0.15,0.0,-0.2706,-0.0415,7331.27,1,30.2696,58.226,step
2026-09-01T13:13:40.062829+00:00,46.991,-0.0994,0.15,0.0,-0.2692,-0.0425,7349.06,1,30.1768,58.246,step
2026-09-01T13:13:40.064096+00:00,47.111,-0.1009,0.0,0.15,-0.2678,-0.0435,7367.13,1,30.0848,58.266,step
2026-09-01T13:13:40.065339+00:00,46.732,-0.1023,0.15,0.0,-0.2664,-0.0444,7135.65,1,30.0015,58.286,step
2026-09-01T13:13:40.066628+00:00,46.684,-0.1037,0.15,0.0,-0.265,-0.0452,7305.49,1,29.9244,58.306,step
2026-09-01T13:13:40.067911+00:00,46.804,-0.1051,0.15,0.0,-0.2635,-0.046,7322.29,1,29.8434,58.326,step
2026-09-01T13:13:40.069257+00:00,46.923,-0.1065,0.15,0.0,-0.262,-0.0469,7339.23,1,29.7621,58.346,step
2026-09-01T13:13:40.070476+00:00,47.042,-0.1079,0.0,0.15,-0.2604,-0.0477,7357.01,1,29.6817,58.366,step
2026-09-01T13:13:40.071750+00:00,46.662,-0.1092,0.15,0.0,-0.2588,-0.0483,7125.49,1,29.6099,58.386,step
2026-09-01T13:13:40.073009+00:00,46.614,-0.1105,0.15,0.0,-0.2573,-0.0489,7294.61,1,29.5436,58.406,step
2026-09-01T13:13:40.074233+00:00,46.734,-0.1118,0.15,0.0,-0.2556,-0.0495,7311.39,1,29.4717,58.426,step
2026-09-01T13:13:40.075463+00:00,46.853,-0.1131,0.15,0.0,-0.254,-0.0502,7329.06,1,29.3998,58.446,step
2026-09-01T13:13:40.076707+00:00,46.971,-0.1145,0.15,0.0,-0.2524,-0.0508,7346.8,1,29.3283,58.466,step
2026-09-01T13:13:40.077979+00:00,47.09,-0.1158,0.0,0.15,-0.2507,-0.0514,7364.79,1,29.2569,58.486,step
2026-09-01T13:13:40.079246+00:00,46.711,-0.117,0.15,0.0,-0.249,-0.0519,7132.28,1,29.195,58.506,step
2026-09-01T13:13:40.080511+00:00,46.659,-0.1181,0.15,0.0,-0.2473,-0.0522,7302.54,1,29.1396,58.526,step
2026-09-01T13:13:40.081769+00:00,46.778,-0.1193,0.15,0.0,-0.2456,-0.0526,7319.02,1,29.0788,58.546,step
2026-09-01T13:13:40.083046+00:00,46.897,-0.1205,0.15,0.0,-0.2439,-0.0531,7336.52,1,29.017,58.566,step
2026-09-01T13:13:40.084324+00:00,47.015,-0.1217,0.0,0.15,-0.2421,-0.0535,7354.13,1,28.9559,58.586,step
2026-09-01T13:13:40.085580+00:00,46.636,-0.1228,0.15,0.0,-0.2404,-0.0537,7120.97,1,28.9039,58.606,step
2026-09-01T13:13:40.086801+00:00,46.583,-0.1239,0.15,0.0,-0.2386,-0.054,7290.88,1,28.8574,58.626,step
2026-09-01T13:13:40.088037+00:00,46.702,-0.125,0.15,0.0,-0.2369,-0.0543,7307.36,1,28.8051,58.646,step
2026-09-01T13:13:40.089310+00:00,46.82,-0.1262,0.15,0.0,-0.2351,-0.0546,7324.75,1,28.7515,58.666,step
2026-09-01T13:13:40.090595+00:00,46.939,-0.1273,0.15,0.0,-0.2333,-0.055,7342.27,1,28.6978,58.686,step
2026-09-01T13:13:40.091902+00:00,47.057,-0.1285,0.0,0.15,-0.2316,-0.0553,7360.0,1,28.6442,58.706,step
2026-09-01T13:13:40.093248+00:00,46.678,-0.1295,0.15,0.0,-0.2298,-0.0555,7128.22,1,28.5995,58.726,step
2026-09-01T13:13:40.094815+00:00,46.621,-0.1304,0.15,0.0,-0.228,-0.0555,7296.98,1,28.5615,58.746,step
2026-09-01T13:13:40.096069+00:00,46.74,-0.1315,0.15,0.0,-0.2262,-0.0557,7313.56,1,28.5177,58.766,step
2026-09-01T13:13:40.097384+00:00,46.858,-0.1325,0.15,0.0,-0.2244,-0.0559,7331.05,1,28.4723,58.786,step
2026-09-01T13:13:40.098655+00:00,46.976,-0.1335,0.15,0.0,-0.2226,-0.056,7348.69,1,28.4269,58.806,step
2026-09-01T13:13:40.100128+00:00,47.094,-0.1345,0.0,0.15,-0.2208,-0.0562,7366.52,1,28.3827,58.826,step
2026-09-01T13:13:40.101810+00:00,46.715,-0.1354,0.15,0.0,-0.219,-0.0561,7132.62,1,28.3483,58.846,step
2026-09-01T13:13:40.103539+00:00,46.656,-0.1362,0.15,0.0,-0.2172,-0.056,7303.49,1,28.3195,58.866,step
2026-09-01T13:13:40.105032+00:00,46.775,-0.1371,0.15,0.0,-0.2154,-0.056,7319.58,1,28.2841,58.886,step
2026-09-01T13:13:40.106418+00:00,46.892,-0.138,0.15,0.0,-0.2137,-0.056,7336.87,1,28.2473,58.906,step
2026-09-01T13:13:40.107816+00:00,47.01,-0.1389,0.0,0.15,-0.2119,-0.056,7354.27,1,28.2106,58.926,step
2026-09-01T13:13:40.109162+00:00,46.631,-0.1396,0.15,0.0,-0.2101,-0.0558,7120.2,1,28.1828,58.946,step
2026-09-01T13:13:40.110778+00:00,46.572,-0.1403,0.15,0.0,-0.2084,-0.0556,7290.36,1,28.161,58.966,step
2026-09-01T13:13:40.112271+00:00,46.69,-0.1411,0.15,0.0,-0.2066,-0.0555,7306.53,1,28.1319,58.986,step
2026-09-01T13:13:40.113634+00:00,46.808,-0.1419,0.15,0.0,-0.2049,-0.0554,7323.77,1,28.101,59.006,step
2026-09-01T13:13:40.114996+00:00,46.925,-0.1427,0.15,0.0,-0.2032,-0.0554,7341.14,1,28.0698,59.026,step
2026-09-01T13:13:40.116331+00:00,47.043,-0.1436,0.0,0.15,-0.2015,-0.0554,7358.83,1,28.0387,59.046,step
2026-09-01T13:13:40.117778+00:00,46.664,-0.1443,0.15,0.0,-0.1998,-0.0552,7125.3,1,28.0172,59.066,step
2026-09-01T13:13:40.119527+00:00,46.602,-0.1449,0.15,0.0,-0.1981,-0.0549,7295.16,1,28.0016,59.086,step
2026-09-01T13:13:40.120899+00:00,46.72,-0.1456,0.15,0.0,-0.1964,-0.0547,7311.41,1,27.9792,59.106,step
2026-09-01T13:13:40.122232+00:00,46.838,-0.1463,0.15,0.0,-0.1947,-0.0545,7328.75,1,27.9556,59.126,step
2026-09-01T13:13:40.123531+00:00,46.955,-0.147,0.15,0.0,-0.1931,-0.0544,7346.16,1,27.9312,59.146,step
2026-09-01T13:13:40.124804+00:00,47.072,-0.1477,0.0,0.15,-0.1914,-0.0542,7363.83,1,27.9065,59.166,step
2026-09-01T13:13:40.126137+00:00,46.693,-0.1482,0.15,0.0,-0.1898,-0.0539,7129.47,1,27.8916,59.186,step
2026-09-01T13:13:40.128519+00:00,46.63,-0.1487,0.15,0.0,-0.1881,-0.0535,7300.4,1,27.8826,59.206,step
2026-09-01T13:13:40.129863+00:00,46.748,-0.1493,0.15,0.0,-0.1865,-0.0532,7316.32,1,27.8667,59.226,step
2026-09-01T13:13:40.131245+00:00,46.865,-0.1498,0.15,0.0,-0.185,-0.0529,7333.47,1,27.8485,59.246,step
2026-09-01T13:13:40.132552+00:00,46.983,-0.1504,0.15,0.0,-0.1834,-0.0526,7350.77,1,27.8296,59.266,step
2026-09-01T13:13:40.133858+00:00,47.1,-0.151,0.0,0.15,-0.1818,-0.0524,7368.31,1,27.8098,59.286,step
2026-09-01T13:13:40.135615+00:00,46.721,-0.1514,0.15,0.0,-0.1803,-0.052,7133.73,1,27.7993,59.306,step
2026-09-01T13:13:40.137125+00:00,46.656,-0.1518,0.15,0.0,-0.1788,-0.0515,7304.67,1,27.7945,59.326,step
2026-09-01T13:13:40.138441+00:00,46.774,-0.1522,0.15,0.0,-0.1773,-0.0511,7320.57,1,27.7828,59.346,step
2026-09-01T13:13:40.139700+00:00,46.891,-0.1527,0.15,0.0,-0.1758,-0.0508,7337.7,1,27.7687,59.366,step
2026-09-01T13:13:40.141094+00:00,47.008,-0.1533,0.0,0.15,-0.1743,-0.0505,7354.98,1,27.7539,59.386,step
2026-09-01T13:13:40.142400+00:00,46.629,-0.1537,0.15,0.0,-0.1729,-0.0501,7119.81,1,27.748,59.406,step
2026-09-01T13:13:40.143907+00:00,46.565,-0.154,0.15,0.0,-0.1714,-0.0496,7290.58,1,27.7477,59.426,step
2026-09-01T13:13:40.145488+00:00,46.683,-0.1544,0.15,0.0,-0.17,-0.0492,7306.44,1,27.7397,59.446,step
2026-09-01T13:13:40.146823+00:00,46.8,-0.1548,0.15,0.0,-0.1686,-0.0489,7323.4,1,27.7288,59.466,step
2026-09-01T13:13:40.148162+00:00,46.917,-0.1552,0.15,0.0,-0.1673,-0.0486,7340.62,1,27.7169,59.486,step
2026-09-01T13:13:40.149481+00:00,47.034,-0.1557,0.0,0.15,-0.1659,-0.0483,7358.16,1,27.7041,59.506,step
2026-09-01T13:13:40.150839+00:00,46.655,-0.156,0.15,0.0,-0.1646,-0.0478,7124.03,1,27.7008,59.526,step
2026-09-01T13:13:40.152454+00:00,46.59,-0.1562,0.15,0.0,-0.1633,-0.0472,7294.64,1,27.7038,59.546,step
2026-09-01T13:13:40.153790+00:00,46.707,-0.1565,0.15,0.0,-0.162,-0.0468,7310.47,1,27.6985,59.566,step
2026-09-01T13:13:40.155087+00:00,46.825,-0.1568,0.15,0.0,-0.1607,-0.0464,7327.57,1,27.6903,59.586,step
2026-09-01T13:13:40.156401+00:00,46.941,-0.1571,0.15,0.0,-0.1594,-0.046,7344.86,1,27.6813,59.606,step
2026-09-01T13:13:40.157773+00:00,47.058,-0.1574,0.0,0.15,-0.1582,-0.0457,7362.35,1,27.6714,59.626,step
2026-09-01T13:13:40.159146+00:00,46.68,-0.1576,0.15,0.0,-0.157,-0.0452,7127.43,1,27.6702,59.646,step
2026-09-01T13:13:40.160762+00:00,46.613,-0.1577,0.15,0.0,-0.1558,-0.0445,7298.54,1,27.6751,59.666,step
2026-09-01T13:13:40.162147+00:00,46.731,-0.1579,0.15,0.0,-0.1546,-0.0441,7314.27,1,27.6724,59.686,step
2026-09-01T13:13:40.163526+00:00,46.848,-0.1581,0.15,0.0,-0.1535,-0.0436,7331.34,1,27.6667,59.706,step
2026-09-01T13:13:40.164921+00:00,46.965,-0.1584,0.15,0.0,-0.1524,-0.0432,7348.53,1,27.6593,59.726,step
2026-09-01T13:13:40.166249+00:00,47.082,-0.1587,0.0,0.15,-0.1513,-0.0429,7366.0,1,27.6504,59.746,step
2026-09-01T13:13:40.167571+00:00,46.703,-0.1588,0.15,0.0,-0.1502,-0.0424,7131.0,1,27.651,59.766,step
2026-09-01T13:13:40.169128+00:00,46.636,-0.1589,0.15,0.0,-0.1491,-0.0418,7302.15,1,27.6574,59.786,step
2026-09-01T13:13:40.170448+00:00,46.754,-0.1591,0.15,0.0,-0.1481,-0.0414,7317.87,1,27.6557,59.806,step
2026-09-01T13:13:40.171815+00:00,46.871,-0.1593,0.15,0.0,-0.147,-0.041,7334.94,1,27.6509,59.826,step
2026-09-01T13:13:40.173113+00:00,46.987,-0.1595,0.15,0.0,-0.146,-0.0407,7352.28,1,27.6445,59.846,step
2026-09-01T13:13:40.174382+00:00,47.104,-0.1597,0.0,0.15,-0.1451,-0.0403,7369.77,1,27.6374,59.866,step
2026-09-01T13:13:40.175706+00:00,46.725,-0.1598,0.15,0.0,-0.1441,-0.0398,7134.24,1,27.6396,59.886,step
2026-09-01T13:13:40.177227+00:00,46.658,-0.1598,0.15,0.0,-0.1431,-0.0392,7305.75,1,27.6471,59.906,step
2026-09-01T13:13:40.178626+00:00,46.776,-0.1599,0.15,0.0,-0.1422,-0.0387,7321.4,1,27.6461,59.926,step
2026-09-01T13:13:40.179927+00:00,46.892,-0.16,0.15,0.0,-0.1413,-0.0383,7338.44,1,27.6419,59.946,step
2026-09-01T13:13:40.181235+00:00,47.009,-0.1601,0.0,0.15,-0.1404,-0.0379,7355.61,1,27.6358,59.966,step
2026-09-01T13:13:40.182559+00:00,46.631,-0.1601,0.15,0.0,-0.1395,-0.0374,7120.04,1,27.6378,59.986,step
2026-09-01T13:13:40.183937+00:00,46.564,-0.1601,0.15,0.0,-0.1387,-0.0368,7290.91,1,27.6444,60.006,step
2026-09-01T13:13:40.185272+00:00,46.682,-0.1601,0.15,0.0,-0.1379,-0.0363,7306.71,1,27.6423,60.026,step
2026-09-01T13:13:40.186778+00:00,46.799,-0.1602,0.15,0.0,-0.1371,-0.0359,7323.72,1,27.6368,60.046,step
2026-09-01T13:13:40.188069+00:00,46.916,-0.1602,0.15,0.0,-0.1363,-0.0355,7340.89,1,27.6294,60.066,step
2026-09-01T13:13:40.189361+00:00,47.033,-0.1603,0.0,0.15,-0.1356,-0.0351,7358.4,1,27.6204,60.086,step
2026-09-01T13:13:40.190641+00:00,46.655,-0.1603,0.15,0.0,-0.1348,-0.0346,7123.86,1,27.6198,60.106,step
2026-09-01T13:13:40.191949+00:00,46.588,-0.1602,0.15,0.0,-0.1341,-0.0341,7294.67,1,27.6246,60.126,step
2026-09-01T13:13:40.193238+00:00,46.706,-0.1603,0.15,0.0,-0.1334,-0.0337,7310.44,1,27.6211,60.146,step
2026-09-01T13:13:40.194648+00:00,46.823,-0.1604,0.15,0.0,-0.1327,-0.0334,7327.54,1,27.6144,60.166,step
2026-09-01T13:13:40.195952+00:00,46.94,-0.1605,0.15,0.0,-0.132,-0.0331,7344.77,1,27.6059,60.186,step
2026-09-01T13:13:40.197219+00:00,47.057,-0.1606,0.0,0.15,-0.1314,-0.0328,7362.27,1,27.596,60.206,step
2026-09-01T13:13:40.198483+00:00,46.678,-0.1606,0.15,0.0,-0.1307,-0.0324,7126.68,1,27.5951,60.226,step
2026-09-01T13:13:40.199738+00:00,46.611,-0.1604,0.15,0.0,-0.1301,-0.0318,7298.77,1,27.6001,60.246,step
2026-09-01T13:13:40.200973+00:00,46.729,-0.1604,0.15,0.0,-0.1295,-0.0314,7314.25,1,27.5956,60.266,step
2026-09-01T13:13:40.202266+00:00,46.846,-0.1604,0.15,0.0,-0.1289,-0.0311,7331.25,1,27.5873,60.286,step
2026-09-01T13:13:40.203532+00:00,46.963,-0.1605,0.15,0.0,-0.1283,-0.0308,7348.38,1,27.5769,60.306,step
2026-09-01T13:13:40.204786+00:00,47.08,-0.1606,0.0,0.15,-0.1278,-0.0305,7365.82,1,27.5645,60.326,step
2026-09-01T13:13:40.206067+00:00,46.701,-0.1605,0.15,0.0,-0.1272,-0.0301,7130.9,1,27.5613,60.346,step
2026-09-01T13:13:40.207327+00:00,46.634,-0.1603,0.15,0.0,-0.1267,-0.0296,7301.86,1,27.5628,60.366,step
2026-09-01T13:13:40.208630+00:00,46.752,-0.1603,0.15,0.0,-0.1262,-0.0292,7317.68,1,27.5551,60.386,step
2026-09-01T13:13:40.209875+00:00,46.869,-0.1602,0.15,0.0,-0.1257,-0.0289,7334.81,1,27.544,60.406,step
2026-09-01T13:13:40.211206+00:00,46.987,-0.1602,0.15,0.0,-0.1252,-0.0286,7352.07,1,27.531,60.426,step
2026-09-01T13:13:40.212521+00:00,47.103,-0.1603,0.0,0.15,-0.1248,-0.0283,7369.59,1,27.5164,60.446,step
2026-09-01T13:13:40.213769+00:00,46.725,-0.1601,0.15,0.0,-0.1243,-0.0279,7134.25,1,27.5102,60.466,step
2026-09-01T13:13:40.215012+00:00,46.658,-0.16,0.15,0.0,-0.1239,-0.0274,7305.7,1,27.5089,60.486,step
2026-09-01T13:13:40.216289+00:00,46.776,-0.1599,0.15,0.0,-0.1235,-0.0271,7321.42,1,27.4993,60.506,step
2026-09-01T13:13:40.217569+00:00,46.893,-0.1599,0.15,0.0,-0.1231,-0.0268,7338.52,1,27.4865,60.526,step
2026-09-01T13:13:40.218847+00:00,47.011,-0.16,0.0,0.15,-0.1227,-0.0266,7355.74,1,27.4717,60.546,step
2026-09-01T13:13:40.220138+00:00,46.632,-0.1599,0.15,0.0,-0.1223,-0.0263,7120.22,1,27.4642,60.566,step
2026-09-01T13:13:40.221402+00:00,46.566,-0.1597,0.15,0.0,-0.1219,-0.0258,7291.52,1,27.4614,60.586,step
2026-09-01T13:13:40.222602+00:00,46.684,-0.1597,0.15,0.0,-0.1216,-0.0256,7307.57,1,27.4499,60.606,step
2026-09-01T13:13:40.223851+00:00,46.802,-0.1596,0.15,0.0,-0.1212,-0.0253,7324.5,1,27.4349,60.626,step
2026-09-01T13:13:40.225079+00:00,46.919,-0.1596,0.15,0.0,-0.1209,-0.0251,7341.59,1,27.4177,60.646,step
2026-09-01T13:13:40.226335+00:00,47.036,-0.1596,0.0,0.15,-0.1206,-0.0249,7359.0,1,27.3984,60.666,step
2026-09-01T13:13:40.227700+00:00,46.658,-0.1595,0.15,0.0,-0.1203,-0.0246,7124.58,1,27.3867,60.686,step
2026-09-01T13:13:40.228958+00:00,46.592,-0.1593,0.15,0.0,-0.12,-0.0242,7295.15,1,27.3798,60.706,step
2026-09-01T13:13:40.230205+00:00,46.71,-0.1593,0.15,0.0,-0.1197,-0.0239,7311.0,1,27.3639,60.726,step
2026-09-01T13:13:40.231450+00:00,46.828,-0.1592,0.15,0.0,-0.1195,-0.0237,7328.16,1,27.3442,60.746,step
2026-09-01T13:13:40.232747+00:00,46.945,-0.1592,0.15,0.0,-0.1192,-0.0235,7345.48,1,27.322,60.766,step
2026-09-01T13:13:40.234021+00:00,47.062,-0.1592,0.0,0.15,-0.119,-0.0234,7363.07,1,27.2982,60.786,step
2026-09-01T13:13:40.235370+00:00,46.684,-0.1591,0.15,0.0,-0.1187,-0.0231,7128.14,1,27.2822,60.806,step
2026-09-01T13:13:40.236672+00:00,46.618,-0.1589,0.15,0.0,-0.1185,-0.0227,7299.37,1,27.2711,60.826,step
2026-09-01T13:13:40.237978+00:00,46.736,-0.1588,0.15,0.0,-0.1183,-0.0224,7315.16,1,27.2515,60.846,step
2026-09-01T13:13:40.239237+00:00,46.854,-0.1587,0.15,0.0,-0.1181,-0.0222,7332.3,1,27.2289,60.866,step
2026-09-01T13:13:40.240491+00:00,46.971,-0.1587,0.0,0.15,-0.1179,-0.022,7349.57,1,27.2041,60.886,step
2026-09-01T13:13:40.241779+00:00,46.593,-0.1585,0.15,0.0,-0.1177,-0.0217,7114.39,1,27.1874,60.906,step
2026-09-01T13:13:40.243074+00:00,46.528,-0.1583,0.15,0.0,-0.1175,-0.0213,7285.11,1,27.1777,60.926,step
2026-09-01T13:13:40.244421+00:00,46.647,-0.1581,0.15,0.0,-0.1174,-0.021,7300.98,1,27.1614,60.946,step
2026-09-01T13:13:40.245669+00:00,46.764,-0.1581,0.15,0.0,-0.1172,-0.0209,7318.5,1,27.1443,60.966,step
2026-09-01T13:13:40.246888+00:00,46.882,-0.158,0.0,0.15,-0.1171,-0.0207,7335.94,1,27.1279,60.986,step
2026-09-01T13:13:40.248148+00:00,46.505,-0.1578,0.15,0.0,-0.117,-0.0204,7100.8,1,27.1223,61.006,step
2026-09-01T13:13:40.249420+00:00,46.44,-0.1576,0.15,0.0,-0.1168,-0.02,7271.5,1,27.1242,61.026,step
2026-09-01T13:13:40.250697+00:00,46.559,-0.1575,0.15,0.0,-0.1167,-0.0198,7287.39,1,27.1205,61.046,step
2026-09-01T13:13:40.252004+00:00,46.677,-0.1574,0.15,0.0,-0.1166,-0.0196,7304.43,1,27.1158,61.066,step
2026-09-01T13:13:40.253264+00:00,46.795,-0.1573,0.15,0.0,-0.1166,-0.0195,7321.67,1,27.1115,61.086,step
2026-09-01T13:13:40.254546+00:00,46.913,-0.1573,0.15,0.0,-0.1165,-0.0194,7339.3,1,27.1084,61.106,step
2026-09-01T13:13:40.255828+00:00,47.03,-0.1573,0.0,0.15,-0.1164,-0.0193,7357.33,1,27.1074,61.126,step
2026-09-01T13:13:40.257112+00:00,46.653,-0.1571,0.15,0.0,-0.1163,-0.0191,7123.28,1,27.1189,61.146,step
2026-09-01T13:13:40.258389+00:00,46.587,-0.1569,0.15,0.0,-0.1162,-0.0188,7294.57,1,27.1401,61.166,step
2026-09-01T13:13:40.259611+00:00,46.706,-0.1568,0.15,0.0,-0.1162,-0.0186,7310.43,1,27.1565,61.186,step
2026-09-01T13:13:40.261040+00:00,46.824,-0.1568,0.15,0.0,-0.1161,-0.0186,7327.54,1,27.1735,61.206,step
2026-09-01T13:13:40.262319+00:00,46.941,-0.1569,0.15,0.0,-0.1161,-0.0187,7344.88,1,27.1919,61.226,step
2026-09-01T13:13:40.263564+00:00,47.059,-0.157,0.0,0.15,-0.116,-0.0188,7362.46,1,27.2124,61.246,step
2026-09-01T13:13:40.264834+00:00,46.681,-0.157,0.15,0.0,-0.116,-0.0187,7127.65,1,27.2465,61.266,step
2026-09-01T13:13:40.266101+00:00,46.616,-0.1569,0.15,0.0,-0.1159,-0.0186,7298.74,1,27.2906,61.286,step
2026-09-01T13:13:40.267343+00:00,46.734,-0.1569,0.15,0.0,-0.1159,-0.0186,7314.92,1,27.3294,61.306,step
2026-09-01T13:13:40.268617+00:00,46.852,-0.157,0.15,0.0,-0.1158,-0.0186,7332.04,1,27.3691,61.326,step
2026-09-01T13:13:40.269990+00:00,46.97,-0.1571,0.15,0.0,-0.1158,-0.0187,7349.31,1,27.4109,61.346,step
2026-09-01T13:13:40.271248+00:00,47.088,-0.1572,0.0,0.15,-0.1157,-0.0188,7366.88,1,27.4551,61.366,step
2026-09-01T13:13:40.272498+00:00,46.71,-0.1572,0.15,0.0,-0.1156,-0.0188,7132.09,1,27.5146,61.386,step
2026-09-01T13:13:40.273740+00:00,46.644,-0.1571,0.15,0.0,-0.1156,-0.0186,7303.17,1,27.5854,61.406,step
2026-09-01T13:13:40.274979+00:00,46.763,-0.1572,0.15,0.0,-0.1155,-0.0186,7319.09,1,27.6509,61.426,step
2026-09-01T13:13:40.276248+00:00,46.881,-0.1572,0.15,0.0,-0.1155,-0.0187,7336.31,1,27.7179,61.446,step
2026-09-01T13:13:40.277655+00:00,46.998,-0.1573,0.15,0.0,-0.1154,-0.0188,7353.65,1,27.7882,61.466,step
2026-09-01T13:13:40.278915+00:00,47.116,-0.1574,0.0,0.15,-0.1153,-0.0189,7371.27,1,27.8622,61.486,step
2026-09-01T13:13:40.280161+00:00,46.738,-0.1574,0.15,0.0,-0.1153,-0.0188,7136.25,1,27.9535,61.506,step
2026-09-01T13:13:40.281351+00:00,46.672,-0.1575,0.15,0.0,-0.1152,-0.0189,7307.61,1,28.0578,61.526,step
2026-09-01T13:13:40.282557+00:00,46.791,-0.1577,0.15,0.0,-0.1151,-0.0191,7323.51,1,28.157,61.546,step
2026-09-01T13:13:40.283800+00:00,46.908,-0.158,0.15,0.0,-0.1151,-0.0194,7340.74,1,28.2598,61.566,step
2026-09-01T13:13:40.285061+00:00,47.026,-0.1582,0.0,0.15,-0.115,-0.0197,7358.07,1,28.3677,61.586,step
2026-09-01T13:13:40.286312+00:00,46.648,-0.1584,0.15,0.0,-0.1149,-0.0198,7122.58,1,28.4947,61.606,step
2026-09-01T13:13:40.287540+00:00,46.583,-0.1585,0.15,0.0,-0.1148,-0.0198,7293.65,1,28.6361,61.626,step
2026-09-01T13:13:40.288744+00:00,46.702,-0.1587,0.15,0.0,-0.1147,-0.02,7309.57,1,28.7722,61.646,step
2026-09-01T13:13:40.289974+00:00,46.819,-0.159,0.15,0.0,-0.1145,-0.0203,7326.74,1,28.913,61.666,step
2026-09-01T13:13:40.291261+00:00,46.937,-0.1592,0.15,0.0,-0.1144,-0.0205,7344.03,1,29.0607,61.686,step
2026-09-01T13:13:40.292484+00:00,47.054,-0.1595,0.0,0.15,-0.1143,-0.0208,7361.64,1,29.2148,61.706,step
2026-09-01T13:13:40.293770+00:00,46.676,-0.1597,0.15,0.0,-0.1142,-0.0209,7127.13,1,29.3933,61.726,step
2026-09-01T13:13:40.295026+00:00,46.61,-0.1597,0.15,0.0,-0.114,-0.0209,7298.14,1,29.5914,61.746,step
2026-09-01T13:13:40.296257+00:00,46.728,-0.1599,0.15,0.0,-0.1139,-0.0211,7314.0,1,29.7858,61.766,step
2026-09-01T13:13:40.297502+00:00,46.846,-0.1602,0.15,0.0,-0.1137,-0.0213,7331.19,1,29.9863,61.786,step
2026-09-01T13:13:40.298751+00:00,46.964,-0.1604,0.15,0.0,-0.1136,-0.0215,7348.52,1,30.1948,61.806,step
2026-09-01T13:13:40.300049+00:00,47.081,-0.1607,0.0,0.15,-0.1134,-0.0218,7366.11,1,30.4125,61.826,step
2026-09-01T13:13:40.301254+00:00,46.703,-0.161,0.15,0.0,-0.1132,-0.0219,7130.97,1,30.6598,61.846,step
2026-09-01T13:13:40.302502+00:00,46.636,-0.1612,0.15,0.0,-0.113,-0.0222,7302.38,1,30.9309,61.866,step
2026-09-01T13:13:40.303691+00:00,46.754,-0.1616,0.15,0.0,-0.1128,-0.0225,7318.16,1,31.2,61.886,step
2026-09-01T13:13:40.304871+00:00,46.872,-0.1621,0.15,0.0,-0.1126,-0.0229,7335.34,1,31.4794,61.906,step
2026-09-01T13:13:40.306068+00:00,46.989,-0.1625,0.15,0.0,-0.1124,-0.0234,7352.62,1,31.772,61.926,step
2026-09-01T13:13:40.307267+00:00,47.106,-0.163,0.0,0.15,-0.1121,-0.0238,7370.06,1,32.0799,61.946,step
2026-09-01T13:13:40.308473+00:00,46.728,-0.1633,0.15,0.0,-0.1119,-0.0241,7135.1,1,32.4253,61.966,step
2026-09-01T13:13:40.309684+00:00,46.66,-0.1636,0.15,0.0,-0.1116,-0.0243,7306.08,1,32.8001,61.986,step
2026-09-01T13:13:40.311021+00:00,46.778,-0.164,0.15,0.0,-0.1113,-0.0246,7321.99,1,33.1774,62.006,step
2026-09-01T13:13:40.312228+00:00,46.895,-0.1644,0.15,0.0,-0.111,-0.0249,7339.14,1,33.5698,62.026,step
2026-09-01T13:13:40.313436+00:00,47.013,-0.1648,0.0,0.15,-0.1107,-0.0253,7356.46,1,33.9807,62.046,step
2026-09-01T13:13:40.314682+00:00,46.634,-0.1652,0.15,0.0,-0.1104,-0.0255,7120.35,1,34.4386,62.066,step
2026-09-01T13:13:40.315940+00:00,46.567,-0.1654,0.15,0.0,-0.1101,-0.0256,7291.87,1,34.9356,62.086,step
2026-09-01T13:13:40.317175+00:00,46.685,-0.1658,0.15,0.0,-0.1098,-0.0258,7307.57,1,35.4361,62.106,step
2026-09-01T13:13:40.318429+00:00,46.802,-0.1662,0.15,0.0,-0.1094,-0.0261,7324.61,1,35.9588,62.126,step
2026-09-01T13:13:40.319887+00:00,46.919,-0.1666,0.15,0.0,-0.1091,-0.0264,7341.79,1,36.5084,62.146,step
2026-09-01T13:13:40.321137+00:00,47.036,-0.167,0.0,0.15,-0.1088,-0.0268,7359.33,1,37.0886,62.166,step
2026-09-01T13:13:40.322367+00:00,46.658,-0.1676,0.15,0.0,-0.1084,-0.0272,7124.35,1,37.7339,62.186,step
2026-09-01T13:13:40.323530+00:00,46.589,-0.168,0.15,0.0,-0.108,-0.0275,7295.59,1,38.4371,62.206,step
2026-09-01T13:13:40.324733+00:00,46.706,-0.1686,0.15,0.0,-0.1076,-0.028,7311.31,1,39.1561,62.226,step
2026-09-01T13:13:40.325924+00:00,46.823,-0.1692,0.15,0.0,-0.1072,-0.0285,7328.38,1,39.913,62.246,step
2026-09-01T13:13:40.327169+00:00,46.94,-0.1698,0.15,0.0,-0.1067,-0.029,7345.59,1,40.7149,62.266,step
2026-09-01T13:13:40.328428+00:00,47.057,-0.1705,0.0,0.15,-0.1063,-0.0295,7362.57,1,41.5677,62.286,step
2026-09-01T13:13:40.329671+00:00,46.678,-0.171,0.15,0.0,-0.1058,-0.0299,7127.76,1,42.5175,62.306,step
2026-09-01T13:13:40.330860+00:00,46.608,-0.1714,0.15,0.0,-0.1053,-0.0301,7298.59,1,43.557,62.326,step
2026-09-01T13:13:40.332076+00:00,46.725,-0.172,0.15,0.0,-0.1048,-0.0305,7314.36,1,44.6319,62.346,step
2026-09-01T13:13:40.333274+00:00,46.842,0.0274,0.8,0.0,-0.1043,-0.0309,7331.44,1,45.7737,62.366,step
2026-09-01T13:13:40.334577+00:00,47.424,0.0254,0.8,0.0,-0.1036,-0.033,8749.5,1,46.4626,62.386,step
2026-09-01T13:13:40.335867+00:00,48.219,0.0205,0.8,0.0,-0.1023,-0.0383,10011.9,1,46.2226,62.406,step
2026-09-01T13:13:40.337108+00:00,49.078,0.0146,0.8,0.0,-0.1007,-0.0447,11192.0,1,45.6548,62.426,step
2026-09-01T13:13:40.338332+00:00,49.979,0.0082,0.8,0.0,-0.0986,-0.0514,12263.2,1,45.0154,62.446,step
2026-09-01T13:13:40.339583+00:00,50.905,-0.1984,0.0,0.15,-0.0963,-0.0582,13271.6,2,44.392,62.466,step
2026-09-01T13:13:40.340816+00:00,51.666,-0.2041,0.0,0.15,-0.0938,-0.0637,9450.33,2,44.1578,62.486,step
2026-09-01T13:13:40.342009+00:00,52.166,-0.208,0.0,0.15,-0.0911,-0.0669,9425.55,2,44.7177,62.506,step
2026-09-01T13:13:40.343257+00:00,51.667,-0.0107,0.8,0.0,-0.0885,-0.0686,5885.36,2,45.7705,62.526,step
2026-09-01T13:13:40.344635+00:00,51.888,-0.0138,0.8,0.0,-0.0857,-0.0708,6421.74,2,46.7227,62.546,step
2026-09-01T13:13:40.345817+00:00,52.512,-0.0193,0.8,0.0,-0.0824,-0.0756,6551.59,2,46.8729,62.566,step
2026-09-01T13:13:40.346980+00:00,53.183,-0.0254,0.8,0.0,-0.0788,-0.0811,6617.36,2,46.8279,62.586,step
2026-09-01T13:13:40.348142+00:00,53.869,-0.0318,0.8,0.0,-0.0748,-0.0865,6665.97,2,46.7941,62.606,step
2026-09-01T13:13:40.349305+00:00,54.557,-0.0382,0.8,0.0,-0.0705,-0.0919,6721.54,2,46.8268,62.626,step
2026-09-01T13:13:40.350438+00:00,55.243,-0.0447,0.8,0.0,-0.0658,-0.097,6792.89,2,46.9349,62.646,step
2026-09-01T13:13:40.351617+00:00,55.929,-0.0512,0.8,0.0,-0.0609,-0.1021,6880.76,2,47.1244,62.666,step
2026-09-01T13:13:40.352894+00:00,56.617,-0.0577,0.8,0.0,-0.0556,-0.1069,6982.27,2,47.4044,62.686,step
2026-09-01T13:13:40.354045+00:00,57.309,-0.0642,0.8,0.0,-0.05,-0.1116,7096.25,2,47.7902,62.706,step
2026-09-01T13:13:40.355229+00:00,58.01,-0.0707,0.8,0.0,-0.0442,-0.116,7218.97,2,48.2972,62.726,step
2026-09-01T13:13:40.356364+00:00,58.723,-0.0771,0.8,0.0,-0.038,-0.1202,7344.34,2,48.9468,62.746,step
2026-09-01T13:13:40.357549+00:00,59.449,-0.0835,0.8,0.0,-0.0315,-0.1241,7470.46,2,49.7582,62.766,step
2026-09-01T13:13:40.358692+00:00,60.188,-0.0847,0.8,0.0,-0.0249,-0.1215,7598.18,2,50.752,62.786,step
2026-09-01T13:13:40.359789+00:00,60.94,-0.0851,0.8,0.0,-0.0184,-0.1179,7729.46,2,51.9281,62.806,step
2026-09-01T13:13:40.360950+00:00,61.705,-0.0854,0.8,0.0,-0.012,-0.1142,7863.95,2,53.2711,62.826,step
2026-09-01T13:13:40.362065+00:00,62.483,-0.0854,0.8,0.0,-0.0057,-0.1104,8002.15,2,54.7799,62.846,step
2026-09-01T13:13:40.363172+00:00,63.277,-0.0854,0.8,0.0,0.0005,-0.1064,8137.81,2,56.4691,62.866,step
2026-09-01T13:13:40.364308+00:00,64.083,-0.0851,0.8,0.0,0.0066,-0.1023,8279.74,2,58.3664,62.886,step
2026-09-01T13:13:40.365399+00:00,64.897,-0.0847,0.8,0.0,0.0125,-0.0981,8435.42,2,60.5089,62.906,step
2026-09-01T13:13:40.366490+00:00,65.72,-0.0841,0.8,0.0,0.0183,-0.0937,8609.32,2,62.9501,62.926,step
2026-09-01T13:13:40.367600+00:00,66.55,-0.0833,0.8,0.0,0.024,-0.0892,8805.34,2,65.7529,62.946,step
2026-09-01T13:13:40.368714+00:00,67.388,-0.0824,0.8,0.0,0.0295,-0.0845,9027.36,2,69.0018,62.966,step
2026-09-01T13:13:40.369804+00:00,68.235,-0.0811,0.8,0.0,0.0349,-0.0796,9279.79,2,72.8222,62.986,step
2026-09-01T13:13:40.370900+00:00,69.091,-0.0796,0.8,0.0,0.0401,-0.0745,9561.52,2,77.3966,63.006,step
2026-09-01T13:13:40.372017+00:00,69.956,-0.0779,0.8,0.0,0.0452,-0.0691,9831.31,2,82.987,63.026,step
2026-09-01T13:13:40.373127+00:00,70.828,-0.0758,0.8,0.0,0.0501,-0.0634,10083.7,2,89.9426,63.046,step
2026-09-01T13:13:40.374243+00:00,71.705,-0.0733,0.8,0.0,0.0547,-0.0575,10320.9,2,98.7746,63.066,step
2026-09-01T13:13:40.375373+00:00,72.585,-0.0706,0.8,0.0,0.0592,-0.0512,10544.8,2,110.27,63.086,step
2026-09-01T13:13:40.376551+00:00,73.469,-0.0675,0.8,0.0,0.0635,-0.0447,10757.2,2,123.471,63.106,step
2026-09-01T13:13:40.377767+00:00,74.355,-0.0641,0.8,0.0,0.0676,-0.0379,10959.7,2,132.893,63.126,step
2026-09-01T13:13:40.378986+00:00,75.242,-0.0603,0.8,0.0,0.0714,-0.0308,11154.0,2,140.782,63.146,step
2026-09-01T13:13:40.380161+00:00,76.129,-0.0562,0.8,0.0,0.0749,-0.0234,11341.5,2,147.931,63.166,step
2026-09-01T13:13:40.381338+00:00,77.014,-0.0517,0.8,0.0,0.0781,-0.0158,11523.6,2,154.642,63.186,step
2026-09-01T13:13:40.382526+00:00,77.898,-0.0468,0.8,0.0,0.0811,-0.0079,11700.8,2,161.075,63.206,step
2026-09-01T13:13:40.383742+00:00,78.783,-0.0416,0.8,0.0,0.0837,0.0003,11869.4,2,167.317,63.226,step
2026-09-01T13:13:40.384966+00:00,79.671,-0.036,0.8,0.0,0.0859,0.0086,12024.6,2,173.409,63.246,step
2026-09-01T13:13:40.386300+00:00,80.557,-0.0301,0.8,0.0,0.0878,0.0172,12176.1,3,179.377,63.266,step
2026-09-01T13:13:40.387512+00:00,81.41,-0.0239,0.8,0.0,0.0892,0.0258,9626.36,3,185.116,63.286,step
2026-09-01T13:13:40.388755+00:00,81.908,-0.0189,0.8,0.0,0.09,0.0327,9631.11,3,189.436,63.306,step
2026-09-01T13:13:40.390006+00:00,81.886,-0.0159,0.8,0.0,0.09,0.0364,7496.31,3,191.516,63.326,step
2026-09-01T13:13:40.391210+00:00,82.202,-0.0137,0.8,0.0,0.0892,0.0386,7931.46,3,192.499,63.346,step
2026-09-01T13:13:40.392422+00:00,82.784,-0.0115,0.8,0.0,0.0877,0.0404,8034.85,3,193.268,63.366,step
2026-09-01T13:13:40.393677+00:00,83.409,-0.0093,0.8,0.0,0.0858,0.0421,8084.43,3,193.891,63.386,step
2026-09-01T13:13:40.395030+00:00,84.046,-0.0071,0.8,0.0,0.0835,0.0434,8124.18,3,194.285,63.406,step
2026-09-01T13:13:40.396293+00:00,84.686,-0.005,0.8,0.0,0.0809,0.0443,8165.14,3,194.441,63.426,step
2026-09-01T13:13:40.397524+00:00,85.325,-0.003,0.8,0.0,0.078,0.045,8212.78,3,194.393,63.446,step
2026-09-01T13:13:40.398764+00:00,85.963,-0.0011,0.8,0.0,0.0749,0.0454,8268.42,3,194.184,63.466,step
2026-09-01T13:13:40.399976+00:00,86.601,0.0007,0.8,0.0,0.0717,0.0456,8330.93,3,193.855,63.486,step
2026-09-01T13:13:40.401204+00:00,87.241,0.0025,0.8,0.0,0.0683,0.0457,8398.42,3,193.43,63.506,step
2026-09-01T13:13:40.402518+00:00,87.884,0.0042,0.8,0.0,0.0648,0.0457,8469.25,3,192.936,63.526,step
2026-09-01T13:13:40.403725+00:00,88.536,0.0059,0.8,0.0,0.0612,0.0456,8536.23,3,192.381,63.546,step
2026-09-01T13:13:40.404996+00:00,89.191,0.0075,0.8,0.0,0.0576,0.0454,8605.15,3,191.755,63.566,step
2026-09-01T13:13:40.406258+00:00,89.851,0.0091,0.8,0.0,0.054,0.0451,8675.67,3,191.051,63.586,step
2026-09-01T13:13:40.407511+00:00,90.516,0.0106,0.8,0.0,0.0503,0.0447,8746.58,3,190.281,63.606,step
2026-09-01T13:13:40.408737+00:00,91.187,0.0121,0.8,0.0,0.0466,0.0442,8817.47,3,189.442,63.626,step
2026-09-01T13:13:40.409952+00:00,91.864,0.0134,0.8,0.0,0.043,0.0436,8888.19,3,188.536,63.646,step
2026-09-01T13:13:40.411261+00:00,92.546,0.0147,0.8,0.0,0.0393,0.0429,8958.9,3,187.576,63.666,step
2026-09-01T13:13:40.412547+00:00,93.234,0.0159,0.8,0.0,0.0356,0.0421,9029.96,3,186.552,63.686,step
2026-09-01T13:13:40.413824+00:00,93.926,0.017,0.8,0.0,0.032,0.0413,9101.63,3,185.463,63.706,step
2026-09-01T13:13:40.415023+00:00,94.624,0.018,0.8,0.0,0.0284,0.0403,9174.01,3,184.316,63.726,step
2026-09-01T13:13:40.416265+00:00,95.327,0.0189,0.15,0.0,0.0249,0.0393,9247.24,3,183.115,63.746,step
2026-09-01T13:13:40.417510+00:00,95.65,0.0198,0.15,0.0,0.0214,0.0382,8769.91,3,181.899,63.766,step
2026-09-01T13:13:40.418820+00:00,95.656,0.0207,0.15,0.0,0.0181,0.0372,8770.98,3,180.7,63.786,step
2026-09-01T13:13:40.420082+00:00,95.663,0.0214,0.15,0.0,0.0148,0.0361,8773.01,3,179.459,63.806,step
2026-09-01T13:13:40.421311+00:00,95.671,0.0221,0.15,0.0,0.0117,0.0349,8773.93,3,178.176,63.826,step
2026-09-01T13:13:40.422533+00:00,95.679,0.0226,0.15,0.0,0.0086,0.0337,8774.84,3,176.854,63.846,step
2026-09-01T13:13:40.423760+00:00,95.687,0.0231,0.15,0.0,0.0057,0.0324,8775.47,3,175.49,63.866,step
2026-09-01T13:13:40.424947+00:00,95.695,0.0234,0.15,0.0,0.0028,0.0311,8776.01,3,174.099,63.886,step
2026-09-01T13:13:40.426173+00:00,95.703,0.0237,0.15,0.0,0.0001,0.0297,8776.55,3,172.701,63.906,step
2026-09-01T13:13:40.427430+00:00,95.711,0.0239,0.15,0.0,-0.0025,0.0284,8777.14,3,171.289,63.926,step
2026-09-01T13:13:40.428661+00:00,95.719,0.024,0.15,0.0,-0.0049,0.027,8777.8,3,169.864,63.946,step
2026-09-01T13:13:40.429919+00:00,95.727,0.0241,0.15,0.0,-0.0073,0.0256,8778.48,3,168.436,63.966,step
2026-09-01T13:13:40.431206+00:00,95.734,0.0241,0.15,0.0,-0.0095,0.0242,8779.18,3,167.009,63.986,step
2026-09-01T13:13:40.432532+00:00,95.743,0.0241,0.15,0.0,-0.0118,0.0227,8779.97,3,165.44,64.008,step
2026-09-01T13:13:40.433845+00:00,95.752,0.0239,0.15,0.0,-0.014,0.0212,8780.78,3,163.871,64.03,step
2026-09-01T13:13:40.435200+00:00,95.76,0.0237,0.15,0.0,-0.016,0.0196,8781.59,3,162.302,64.052,step
2026-09-01T13:13:40.436642+00:00,95.769,0.0234,0.15,0.0,-0.0179,0.0181,8782.38,3,160.733,64.074,step
2026-09-01T13:13:40.437993+00:00,95.777,0.0231,0.15,0.0,-0.0196,0.0166,8782.95,3,159.179,64.096,step
2026-09-01T13:13:40.439295+00:00,95.786,0.0227,0.15,0.0,-0.0212,0.0152,8783.72,3,157.643,64.118,step
2026-09-01T13:13:40.440593+00:00,95.794,0.0223,0.15,0.0,-0.0226,0.0137,8784.54,3,156.112,64.14,step
2026-09-01T13:13:40.441875+00:00,95.803,0.0218,0.15,0.0,-0.0239,0.0123,8785.38,3,154.6,64.162,step
2026-09-01T13:13:40.443191+00:00,95.811,0.0212,0.15,0.0,-0.0251,0.0109,8786.19,3,153.106,64.184,step
2026-09-01T13:13:40.444586+00:00,95.82,0.0206,0.15,0.0,-0.0261,0.0095,8786.98,3,151.635,64.206,step
2026-09-01T13:13:40.445901+00:00,95.828,0.02,0.15,0.0,-0.027,0.0081,8787.76,3,150.183,64.228,step
2026-09-01T13:13:40.447224+00:00,95.837,0.0194,0.15,0.0,-0.0277,0.0068,8788.52,3,148.757,64.25,step
2026-09-01T13:13:40.448497+00:00,95.845,0.0187,0.15,0.0,-0.0284,0.0056,8789.28,3,147.367,64.272,step
2026-09-01T13:13:40.449793+00:00,95.853,0.018,0.15,0.0,-0.0289,0.0044,8790.04,3,146.003,64.294,step
2026-09-01T13:13:40.451046+00:00,95.862,0.0172,0.15,0.0,-0.0293,0.0032,8790.8,3,144.664,64.316,step
2026-09-01T13:13:40.452410+00:00,95.87,0.0165,0.15,0.0,-0.0296,0.0021,8791.57,3,143.364,64.338,step
2026-09-01T13:13:40.453666+00:00,95.879,0.0157,0.15,0.0,-0.0298,0.0011,8792.25,3,142.107,64.36,step
2026-09-01T13:13:40.454931+00:00,95.887,0.015,0.15,0.0,-0.0298,0.0001,8792.99,3,140.878,64.382,step
2026-09-01T13:13:40.456246+00:00,95.896,0.0142,0.15,0.0,-0.0298,-0.0009,8793.79,3,139.676,64.404,step
2026-09-01T13:13:40.457478+00:00,95.904,0.0134,0.15,0.0,-0.0297,-0.0018,8794.62,3,138.512,64.426,step
2026-09-01T13:13:40.458761+00:00,95.913,0.0126,0.15,0.0,-0.0295,-0.0026,8795.42,3,137.391,64.448,step
2026-09-01T13:13:40.460014+00:00,95.921,0.0119,0.15,0.0,-0.0292,-0.0034,8796.21,3,136.295,64.47,step
2026-09-01T13:13:40.461375+00:00,95.93,0.0111,0.15,0.0,-0.0289,-0.0042,8796.97,3,135.217,64.492,step
2026-09-01T13:13:40.462680+00:00,95.938,0.0103,0.15,0.0,-0.0285,-0.0049,8797.76,3,134.173,64.514,step
2026-09-01T13:13:40.463979+00:00,95.947,0.0095,0.15,0.0,-0.028,-0.0056,8798.52,3,133.165,64.536,step
2026-09-01T13:13:40.465279+00:00,95.955,0.0087,0.15,0.0,-0.0274,-0.0062,8799.28,3,132.197,64.558,step
2026-09-01T13:13:40.466561+00:00,95.964,0.008,0.15,0.0,-0.0268,-0.0068,8800.04,3,131.253,64.58,step
2026-09-01T13:13:40.467909+00:00,95.972,0.0072,0.15,0.0,-0.0261,-0.0073,8800.81,3,130.331,64.602,step
2026-09-01T13:13:40.469205+00:00,95.981,0.0064,0.15,0.0,-0.0254,-0.0078,8801.58,3,129.445,64.624,step
2026-09-01T13:13:40.470493+00:00,95.989,0.0057,0.15,0.0,-0.0246,-0.0082,8802.3,3,128.597,64.646,step
2026-09-01T13:13:40.471765+00:00,95.998,0.005,0.15,0.0,-0.0238,-0.0086,8803.07,3,127.771,64.668,step
2026-09-01T13:13:40.473027+00:00,96.006,0.0043,0.15,0.0,-0.023,-0.009,8803.87,3,126.968,64.69,step
2026-09-01T13:13:40.474317+00:00,96.014,0.0036,0.15,0.0,-0.0221,-0.0093,8804.66,3,126.198,64.712,step
2026-09-01T13:13:40.475566+00:00,96.023,0.003,0.15,0.0,-0.0212,-0.0095,8805.43,3,125.453,64.734,step
2026-09-01T13:13:40.476851+00:00,96.031,0.0023,0.15,0.0,-0.0202,-0.0097,8806.2,3,124.733,64.756,step
2026-09-01T13:13:40.478334+00:00,96.04,0.0017,0.15,0.0,-0.0192,-0.0099,8806.97,3,124.046,64.778,step
2026-09-01T13:13:40.479613+00:00,96.048,0.0011,0.15,0.0,-0.0183,-0.01,8807.73,3,123.377,64.8,step
2026-09-01T13:13:40.480888+00:00,96.057,0.0005,0.15,0.0,-0.0173,-0.0101,8808.49,3,122.729,64.822,step
2026-09-01T13:13:40.482161+00:00,96.065,-0.0,0.15,0.0,-0.0163,-0.0102,8809.25,3,122.098,64.844,step
2026-09-01T13:13:40.483398+00:00,96.073,-0.0006,0.15,0.0,-0.0153,-0.0103,8810.01,3,121.484,64.866,step
2026-09-01T13:13:40.484684+00:00,96.082,-0.0011,0.15,0.0,-0.0143,-0.0103,8810.77,3,120.902,64.888,step
2026-09-01T13:13:40.486038+00:00,96.09,-0.0015,0.15,0.0,-0.0133,-0.0102,8811.55,3,120.343,64.91,step
2026-09-01T13:13:40.487264+00:00,96.098,-0.002,0.0,0.15,-0.0123,-0.0101,8812.3,3,119.807,64.932,step
2026-09-01T13:13:40.488543+00:00,95.663,-0.0024,0.0,0.15,-0.0113,-0.01,8625.1,3,119.302,64.954,step
2026-09-01T13:13:40.489767+00:00,95.027,-0.0027,0.0,0.15,-0.0103,-0.0098,8563.91,3,118.831,64.976,step
2026-09-01T13:13:40.490966+00:00,94.392,-0.003,0.0,0.15,-0.0094,-0.0095,8504.67,3,118.392,64.998,step
2026-09-01T13:13:40.492245+00:00,93.76,-0.0032,0.0,0.15,-0.0085,-0.0093,8447.57,3,117.978,65.02,step
2026-09-01T13:13:40.493588+00:00,93.132,-0.0034,0.0,0.15,-0.0076,-0.009,8391.76,3,117.575,65.042,step
2026-09-01T13:13:40.494888+00:00,92.506,-0.0036,0.0,0.15,-0.0067,-0.0087,8336.55,3,117.177,65.064,step
2026-09-01T13:13:40.496194+00:00,91.883,-0.0037,0.15,0.0,-0.0059,-0.0084,8281.5,3,116.796,65.086,step
2026-09-01T13:13:40.497487+00:00,91.708,-0.0039,0.15,0.0,-0.0051,-0.008,8414.43,3,116.413,65.108,step
2026-09-01T13:13:40.498731+00:00,91.725,-0.004,0.15,0.0,-0.0043,-0.0078,8414.2,3,116.004,65.13,step
2026-09-01T13:13:40.500015+00:00,91.743,-0.0042,0.15,0.0,-0.0036,-0.0075,8414.34,3,115.579,65.152,step
2026-09-01T13:13:40.501336+00:00,91.76,-0.0044,0.15,0.0,-0.0029,-0.0073,8415.25,3,115.145,65.174,step
2026-09-01T13:13:40.502676+00:00,91.778,-0.0045,0.15,0.0,-0.0022,-0.0071,8416.81,3,114.704,65.196,step
2026-09-01T13:13:40.503921+00:00,91.794,-0.0047,0.15,0.0,-0.0016,-0.0068,8418.75,3,114.274,65.218,step
2026-09-01T13:13:40.505187+00:00,91.811,-0.0048,0.15,0.0,-0.001,-0.0066,8420.93,3,113.858,65.24,step
2026-09-01T13:13:40.506412+00:00,91.828,-0.0048,0.15,0.0,-0.0004,-0.0063,8422.81,3,113.45,65.262,step
2026-09-01T13:13:40.507638+00:00,91.845,-0.0049,0.15,0.0,0.0002,-0.006,8424.44,3,113.044,65.284,step
2026-09-01T13:13:40.508870+00:00,91.862,-0.0049,0.15,0.0,0.0007,-0.0057,8425.91,3,112.64,65.306,step
2026-09-01T13:13:40.510160+00:00,91.878,-0.005,0.15,0.0,0.0012,-0.0054,8427.34,3,112.236,65.328,step
2026-09-01T13:13:40.511493+00:00,91.895,-0.005,0.15,0.0,0.0017,-0.0051,8428.79,3,111.83,65.35,step
2026-09-01T13:13:40.512785+00:00,91.912,-0.005,0.15,0.0,0.0022,-0.0048,8430.27,3,111.423,65.372,step
2026-09-01T13:13:40.514091+00:00,91.928,-0.005,0.15,0.0,0.0027,-0.0045,8431.76,3,111.017,65.394,step
2026-09-01T13:13:40.515326+00:00,91.945,-0.0049,0.15,0.0,0.003,-0.0042,8433.26,3,110.609,65.416,step
2026-09-01T13:13:40.516558+00:00,91.962,-0.0049,0.15,0.0,0.0034,-0.004,8434.78,3,110.199,65.438,step
2026-09-01T13:13:40.517828+00:00,91.978,-0.0048,0.15,0.0,0.0038,-0.0037,8436.49,3,109.789,65.46,step
2026-09-01T13:13:40.519165+00:00,91.995,-0.0048,0.15,0.0,0.0041,-0.0034,8438.01,3,109.378,65.482,step
2026-09-01T13:13:40.520453+00:00,92.011,-0.0047,0.0,0.15,0.0044,-0.0031,8439.46,3,108.965,65.504,step
2026-09-01T13:13:40.521683+00:00,91.586,-0.0046,0.15,0.0,0.0047,-0.0028,8260.51,3,108.566,65.526,step
2026-09-01T13:13:40.522920+00:00,91.407,-0.0044,0.15,0.0,0.005,-0.0024,8386.35,3,108.179,65.548,step
2026-09-01T13:13:40.524180+00:00,91.425,-0.0043,0.15,0.0,0.0052,-0.0021,8386.81,3,107.767,65.57,step
2026-09-01T13:13:40.525408+00:00,91.443,-0.0042,0.15,0.0,0.0054,-0.0019,8387.86,3,107.336,65.592,step
2026-09-01T13:13:40.526668+00:00,91.461,-0.0041,0.15,0.0,0.0055,-0.0016,8389.01,3,106.895,65.614,step
2026-09-01T13:13:40.528025+00:00,91.479,-0.004,0.15,0.0,0.0057,-0.0014,8390.36,3,106.45,65.636,step
2026-09-01T13:13:40.529308+00:00,91.496,-0.0038,0.15,0.0,0.0058,-0.0012,8391.93,3,106.001,65.658,step
2026-09-01T13:13:40.530616+00:00,91.514,-0.0037,0.15,0.0,0.0059,-0.001,8393.66,3,105.552,65.68,step
2026-09-01T13:13:40.531832+00:00,91.532,-0.0036,0.15,0.0,0.0059,-0.0007,8395.51,3,105.102,65.702,step
2026-09-01T13:13:40.533070+00:00,91.549,-0.0034,0.15,0.0,0.006,-0.0005,8397.26,3,104.65,65.724,step
2026-09-01T13:13:40.534357+00:00,91.567,-0.0033,0.15,0.0,0.0061,-0.0003,8399.66,3,104.186,65.746,step
2026-09-01T13:13:40.535684+00:00,91.585,-0.0032,0.15,0.0,0.0061,-0.0001,8401.05,3,103.715,65.768,step
2026-09-01T13:13:40.536901+00:00,91.603,-0.003,0.15,0.0,0.0061,0.0,8402.38,3,103.242,65.79,step
2026-09-01T13:13:40.538159+00:00,91.621,-0.0029,0.15,0.0,0.0061,0.0002,8403.82,3,102.767,65.812,step
2026-09-01T13:13:40.539380+00:00,91.638,-0.0027,0.15,0.0,0.0061,0.0004,8405.27,3,102.29,65.834,step
2026-09-01T13:13:40.540597+00:00,91.656,-0.0026,0.15,0.0,0.0061,0.0006,8406.76,3,101.813,65.856,step
2026-09-01T13:13:40.541832+00:00,91.673,-0.0024,0.15,0.0,0.006,0.0007,8408.32,3,101.336,65.878,step
2026-09-01T13:13:40.543089+00:00,91.691,-0.0022,0.15,0.0,0.0059,0.0009,8409.94,3,100.847,65.9,step
2026-09-01T13:13:40.544399+00:00,91.708,-0.0021,0.15,0.0,0.0059,0.001,8411.63,3,100.345,65.922,step
2026-09-01T13:13:40.545670+00:00,91.726,-0.002,0.15,0.0,0.0058,0.0011,8413.34,3,99.8393,65.944,step
2026-09-01T13:13:40.546934+00:00,91.744,-0.0018,0.15,0.0,0.0057,0.0013,8415.0,3,99.3322,65.966,step
2026-09-01T13:13:40.548171+00:00,91.762,-0.0017,0.15,0.0,0.0055,0.0014,8416.62,3,98.8257,65.988,step
2026-09-01T13:13:40.549415+00:00,91.779,-0.0015,0.15,0.0,0.0054,0.0015,8418.22,3,98.3185,66.01,step
2026-09-01T13:13:40.550649+00:00,91.796,-0.0013,0.15,0.0,0.0053,0.0016,8420.81,3,97.8106,66.032,step
2026-09-01T13:13:40.551967+00:00,91.815,-0.0012,0.15,0.0,0.0051,0.0017,8422.0,3,97.2915,66.054,step
2026-09-01T13:13:40.553206+00:00,91.833,-0.0011,0.15,0.0,0.005,0.0018,8423.35,3,96.7638,66.076,step
2026-09-01T13:13:40.554486+00:00,91.85,-0.0009,0.15,0.0,0.0048,0.0019,8424.74,3,96.2342,66.098,step
2026-09-01T13:13:40.555754+00:00,91.868,-0.0007,0.15,0.0,0.0046,0.0019,8426.18,3,95.7032,66.12,step
2026-09-01T13:13:40.556962+00:00,91.886,-0.0006,0.15,0.0,0.0044,0.002,8427.69,3,95.1702,66.142,step
2026-09-01T13:13:40.558193+00:00,91.903,-0.0005,0.15,0.0,0.0042,0.0021,8429.28,3,94.637,66.164,step
2026-09-01T13:13:40.559449+00:00,91.921,-0.0004,0.15,0.0,0.0041,0.0021,8430.91,3,94.0923,66.186,step
2026-09-01T13:13:40.560806+00:00,91.938,-0.0003,0.15,0.0,0.0039,0.0021,8432.63,3,93.5365,66.208,step
2026-09-01T13:13:40.562067+00:00,91.956,-0.0002,0.15,0.0,0.0037,0.0021,8434.29,3,92.9764,66.23,step
2026-09-01T13:13:40.563374+00:00,91.973,-0.0,0.15,0.0,0.0035,0.0021,8435.94,3,92.4164,66.252,step
2026-09-01T13:13:40.564664+00:00,91.991,0.0001,0.15,0.0,0.0033,0.0021,8437.54,3,91.8544,66.274,step
2026-09-01T13:13:40.565928+00:00,92.009,0.0002,0.0,0.15,0.0031,0.0021,8439.13,3,91.292,66.296,step
2026-09-01T13:13:40.567156+00:00,91.585,0.0002,0.15,0.0,0.0029,0.0021,8259.25,3,90.721,66.318,step
2026-09-01T13:13:40.568401+00:00,91.406,0.0003,0.15,0.0,0.0027,0.0021,8386.53,3,90.1495,66.34,step
2026-09-01T13:13:40.569681+00:00,91.426,0.0004,0.15,0.0,0.0024,0.0021,8386.98,3,89.5873,66.362,step
2026-09-01T13:13:40.570991+00:00,91.445,0.0005,0.15,0.0,0.0022,0.002,8388.03,3,89.0278,66.384,step
2026-09-01T13:13:40.572232+00:00,91.463,0.0006,0.15,0.0,0.002,0.002,8389.19,3,88.4582,66.406,step
2026-09-01T13:13:40.573479+00:00,91.482,0.0006,0.15,0.0,0.0019,0.002,8390.57,3,87.8775,66.428,step
2026-09-01T13:13:40.574748+00:00,91.501,0.0007,0.15,0.0,0.0017,0.0019,8392.19,3,87.294,66.45,step
2026-09-01T13:13:40.575995+00:00,91.519,0.0007,0.15,0.0,0.0016,0.0018,8393.98,3,86.7094,66.472,step
2026-09-01T13:13:40.577344+00:00,91.538,0.0007,0.15,0.0,0.0014,0.0018,8395.94,3,86.1231,66.494,step
2026-09-01T13:13:40.578642+00:00,91.556,0.0007,0.15,0.0,0.0013,0.0017,8397.8,3,85.5381,66.516,step
2026-09-01T13:13:40.579928+00:00,91.575,0.0008,0.15,0.0,0.0011,0.0017,8399.56,3,84.9539,66.538,step
2026-09-01T13:13:40.581165+00:00,91.593,0.0008,0.15,0.0,0.0009,0.0016,8401.25,3,84.369,66.56,step
2026-09-01T13:13:40.582415+00:00,91.612,0.0008,0.15,0.0,0.0007,0.0015,8403.01,3,83.7837,66.582,step
2026-09-01T13:13:40.583652+00:00,91.63,0.0009,0.15,0.0,0.0006,0.0015,8404.7,3,83.1989,66.604,step
2026-09-01T13:13:40.584941+00:00,91.648,0.0009,0.15,0.0,0.0004,0.0014,8406.29,3,82.6139,66.626,step
2026-09-01T13:13:40.586275+00:00,91.667,0.0009,0.15,0.0,0.0003,0.0013,8407.9,3,82.0281,66.648,step
2026-09-01T13:13:40.587547+00:00,91.685,0.0009,0.15,0.0,0.0002,0.0013,8409.52,3,81.4427,66.67,step
2026-09-01T13:13:40.588782+00:00,91.703,0.0009,0.15,0.0,0.0001,0.0012,8411.15,3,80.8578,66.692,step
2026-09-01T13:13:40.590004+00:00,91.722,0.0009,0.15,0.0,0.0,0.0011,8412.8,3,80.272,66.714,step
2026-09-01T13:13:40.591260+00:00,91.74,0.0009,0.15,0.0,-0.0,0.0011,8414.47,3,79.6864,66.736,step
2026-09-01T13:13:40.592525+00:00,91.758,0.0009,0.15,0.0,-0.0002,0.001,8416.14,3,79.1027,66.758,step
2026-09-01T13:13:40.593820+00:00,91.776,0.0009,0.15,0.0,-0.0003,0.0009,8417.8,3,78.5187,66.78,step
2026-09-01T13:13:40.595056+00:00,91.794,0.0009,0.15,0.0,-0.0004,0.0009,8419.46,3,77.9344,66.802,step
2026-09-01T13:13:40.596310+00:00,91.812,0.0009,0.15,0.0,-0.0005,0.0008,8421.11,3,77.3502,66.824,step
2026-09-01T13:13:40.597600+00:00,91.83,0.0009,0.15,0.0,-0.0006,0.0007,8422.76,3,76.7659,66.846,step
2026-09-01T13:13:40.598881+00:00,91.848,0.0008,0.15,0.0,-0.0006,0.0007,8424.26,3,76.1814,66.868,step
2026-09-01T13:13:40.600176+00:00,91.866,0.0008,0.15,0.0,-0.0007,0.0006,8425.88,3,75.5969,66.89,step
2026-09-01T13:13:40.601401+00:00,91.883,0.0008,0.15,0.0,-0.0007,0.0005,8427.54,3,75.0127,66.912,step
2026-09-01T13:13:40.602732+00:00,91.901,0.0008,0.15,0.0,-0.0008,0.0005,8429.23,3,74.4278,66.934,step
2026-09-01T13:13:40.603972+00:00,91.919,0.0007,0.15,0.0,-0.0008,0.0004,8430.89,3,73.8427,66.956,step
2026-09-01T13:13:40.605225+00:00,91.937,0.0007,0.15,0.0,-0.0008,0.0003,8432.52,3,73.2585,66.978,step
2026-09-01T13:13:40.606445+00:00,91.954,0.0006,0.15,0.0,-0.0008,0.0003,8434.14,3,72.6746,67.0,step
2026-09-01T13:13:40.607665+00:00,91.972,0.0006,0.15,0.0,-0.0009,0.0002,8435.74,3,72.0908,67.022,step
2026-09-01T13:13:40.608900+00:00,91.99,0.0006,0.15,0.0,-0.0009,0.0001,8437.33,3,71.5073,67.044,step
2026-09-01T13:13:40.610195+00:00,92.007,0.0005,0.0,0.15,-0.0009,0.0001,8438.9,3,70.924,67.066,step
2026-09-01T13:13:40.611466+00:00,91.581,0.0005,0.15,0.0,-0.001,-0.0,8260.32,3,70.3357,67.088,step
2026-09-01T13:13:40.612725+00:00,91.404,0.0004,0.15,0.0,-0.001,-0.0001,8385.99,3,69.7558,67.11,step
2026-09-01T13:13:40.614003+00:00,91.423,0.0004,0.15,0.0,-0.001,-0.0001,8386.56,3,69.1903,67.132,step
2026-09-01T13:13:40.615218+00:00,91.442,0.0004,0.15,0.0,-0.001,-0.0001,8387.29,3,68.6293,67.154,step
2026-09-01T13:13:40.616452+00:00,91.46,0.0004,0.15,0.0,-0.001,-0.0001,8388.56,3,68.0699,67.176,step
2026-09-01T13:13:40.617662+00:00,91.479,0.0004,0.15,0.0,-0.001,-0.0001,8390.09,3,67.5114,67.198,step
2026-09-01T13:13:40.618899+00:00,91.497,0.0004,0.15,0.0,-0.001,-0.0001,8391.85,3,66.952,67.22,step
2026-09-01T13:13:40.620154+00:00,91.515,0.0004,0.15,0.0,-0.001,-0.0001,8393.8,3,66.3921,67.242,step
2026-09-01T13:13:40.621441+00:00,91.533,0.0004,0.15,0.0,-0.0009,-0.0001,8395.71,3,65.8325,67.264,step
2026-09-01T13:13:40.622730+00:00,91.552,0.0004,0.15,0.0,-0.0009,-0.0001,8397.47,3,65.2732,67.286,step
2026-09-01T13:13:40.623939+00:00,91.57,0.0004,0.15,0.0,-0.001,-0.0001,8399.15,3,64.7146,67.308,step
2026-09-01T13:13:40.625151+00:00,91.588,0.0004,0.15,0.0,-0.0009,-0.0001,8400.71,3,64.1549,67.33,step
2026-09-01T13:13:40.626394+00:00,91.606,0.0004,0.15,0.0,-0.0009,-0.0001,8402.29,3,63.5953,67.352,step
2026-09-01T13:13:40.627669+00:00,91.623,0.0004,0.15,0.0,-0.0009,-0.0001,8403.88,3,63.0353,67.374,step
2026-09-01T13:13:40.628897+00:00,91.641,0.0004,0.15,0.0,-0.0009,-0.0001,8405.47,3,62.4757,67.396,step
2026-09-01T13:13:40.630197+00:00,91.659,0.0004,0.15,0.0,-0.0009,-0.0001,8407.08,3,61.9152,67.418,step
2026-09-01T13:13:40.631376+00:00,91.677,0.0003,0.15,0.0,-0.0008,-0.0001,8407.98,3,61.3542,67.44,step
2026-09-01T13:13:40.632608+00:00,91.694,0.0003,0.15,0.0,-0.0008,-0.0001,8409.67,3,60.7935,67.462,step
2026-09-01T13:13:40.633823+00:00,91.711,0.0003,0.15,0.0,-0.0009,-0.0001,8411.58,3,60.234,67.484,step
2026-09-01T13:13:40.635057+00:00,91.728,0.0003,0.15,0.0,-0.0009,-0.0001,8413.45,3,59.6743,67.506,step
2026-09-01T13:13:40.636293+00:00,91.746,0.0003,0.0,0.15,-0.0009,-0.0001,8415.17,3,59.1137,67.528,step
2026-09-01T13:13:40.637515+00:00,91.321,0.0003,0.0,0.15,-0.0009,-0.0001,8236.62,3,58.5494,67.55,step
2026-09-01T13:13:40.638786+00:00,90.702,0.0003,0.0,0.15,-0.0008,-0.0002,8177.27,3,57.9791,67.572,step
2026-09-01T13:13:40.640109+00:00,90.082,0.0002,0.0,0.15,-0.0008,-0.0002,8119.75,3,57.4093,67.594,step
2026-09-01T13:13:40.641402+00:00,89.467,0.0002,0.0,0.15,-0.0008,-0.0003,8064.28,3,56.8428,67.616,step
2026-09-01T13:13:40.642719+00:00,88.856,0.0001,0.0,0.15,-0.0008,-0.0004,8010.09,3,56.2798,67.638,step
2026-09-01T13:13:40.644053+00:00,88.248,-0.0009,0.0,0.15,-0.0008,-0.0016,7956.31,3,55.7213,67.66,step
2026-09-01T13:13:40.645409+00:00,87.641,-0.0027,0.0,0.15,-0.0005,-0.0037,7902.61,3,55.1729,67.682,step
2026-09-01T13:13:40.646782+00:00,87.038,-0.0045,0.0,0.15,-0.0001,-0.0057,7848.88,3,54.649,67.704,step
2026-09-01T13:13:40.648088+00:00,86.434,-0.0063,0.0,0.15,0.0004,-0.0076,7797.17,3,54.1559,67.726,step
2026-09-01T13:13:40.649439+00:00,85.835,-0.0081,0.0,0.15,0.0011,-0.0094,7743.1,3,53.6907,67.748,step
2026-09-01T13:13:40.650743+00:00,85.238,-0.0099,0.0,0.15,0.002,-0.0111,7688.55,3,53.2531,67.77,step
2026-09-01T13:13:40.652161+00:00,84.642,-0.0116,0.0,0.15,0.003,-0.0126,7634.51,3,52.8475,67.792,step
2026-09-01T13:13:40.653520+00:00,84.048,-0.0133,0.0,0.15,0.0041,-0.014,7580.93,3,52.4846,67.814,step
2026-09-01T13:13:40.654872+00:00,83.456,-0.0148,0.0,0.15,0.0053,-0.0152,7527.79,3,52.1581,67.836,step
2026-09-01T13:13:40.656175+00:00,82.865,-0.0164,0.0,0.15,0.0067,-0.0163,7474.97,3,51.8596,67.858,step
2026-09-01T13:13:40.657510+00:00,82.277,-0.0178,0.0,0.15,0.008,-0.0173,7422.38,3,51.5866,67.88,step
2026-09-01T13:13:40.658845+00:00,81.691,-0.0193,0.0,0.15,0.0095,-0.0182,7369.96,3,51.3373,67.902,step
2026-09-01T13:13:40.660219+00:00,81.105,-0.0207,0.0,0.15,0.011,-0.0189,7317.58,3,51.1102,67.924,step
2026-09-01T13:13:40.661635+00:00,80.522,-0.022,0.0,0.15,0.0126,-0.0196,7265.47,3,50.9076,67.946,step
2026-09-01T13:13:40.663016+00:00,79.942,-0.0233,0.0,0.15,0.0142,-0.0202,7213.5,2,50.7259,67.968,step
2026-09-01T13:13:40.664356+00:00,79.385,-0.0245,0.0,0.15,0.0159,-0.0207,9065.48,2,50.5582,67.99,step
2026-09-01T13:13:40.665689+00:00,78.843,-0.0257,0.0,0.15,0.0175,-0.0212,9041.74,2,50.3993,68.012,step
2026-09-01T13:13:40.667047+00:00,78.257,-0.0269,0.0,0.15,0.0192,-0.0216,8864.16,2,50.26,68.034,step
2026-09-01T13:13:40.668416+00:00,77.614,-0.0279,0.0,0.15,0.0209,-0.0218,8793.19,2,50.1548,68.056,step
2026-09-01T13:13:40.669783+00:00,76.975,-0.0289,0.8,0.0,0.0226,-0.022,8720.43,2,50.0723,68.078,step
2026-09-01T13:13:40.671136+00:00,77.327,-0.0298,0.0,0.15,0.0243,-0.022,9879.8,2,50.0085,68.1,step
2026-09-01T13:13:40.672450+00:00,77.343,-0.0307,0.0,0.15,0.026,-0.022,8775.25,2,49.9613,68.122,step
2026-09-01T13:13:40.673772+00:00,76.704,-0.0316,0.8,0.0,0.0278,-0.0221,8700.7,2,49.8975,68.144,step
2026-09-01T13:13:40.675064+00:00,77.071,-0.0324,0.0,0.15,0.0295,-0.0221,9812.21,2,49.8471,68.166,step
2026-09-01T13:13:40.676395+00:00,77.073,-0.0332,0.0,0.15,0.0312,-0.022,8745.04,2,49.8157,68.188,step
2026-09-01T13:13:40.677742+00:00,76.432,-0.0341,0.8,0.0,0.0329,-0.022,8665.92,2,49.7709,68.21,step
2026-09-01T13:13:40.679126+00:00,76.784,-0.0348,0.0,0.15,0.0346,-0.0219,9801.12,2,49.7509,68.232,step
2026-09-01T13:13:40.680486+00:00,76.795,-0.0355,0.0,0.15,0.0363,-0.0217,8712.71,2,49.7605,68.254,step
2026-09-01T13:13:40.681832+00:00,76.155,-0.0362,0.8,0.0,0.0379,-0.0215,8633.9,2,49.756,68.276,step
2026-09-01T13:13:40.683167+00:00,76.509,-0.0367,0.8,0.0,0.0396,-0.0212,9767.02,2,49.7748,68.298,step
2026-09-01T13:13:40.684558+00:00,77.35,-0.0371,0.0,0.15,0.0412,-0.0206,10247.2,2,49.8654,68.32,step
2026-09-01T13:13:40.686007+00:00,77.564,-0.0374,0.0,0.15,0.0429,-0.02,8804.82,2,49.9631,68.342,step
2026-09-01T13:13:40.687370+00:00,76.917,-0.038,0.0,0.15,0.0445,-0.0197,8726.37,2,49.9801,68.364,step
2026-09-01T13:13:40.688736+00:00,76.277,-0.0386,0.8,0.0,0.046,-0.0195,8643.68,2,50.0029,68.386,step
2026-09-01T13:13:40.690056+00:00,76.617,-0.039,0.8,0.0,0.0475,-0.019,9798.93,2,50.0667,68.408,step
2026-09-01T13:13:40.691351+00:00,77.455,-0.0391,0.0,0.15,0.049,-0.0182,10281.8,2,50.2103,68.43,step
2026-09-01T13:13:40.692690+00:00,77.679,-0.0392,0.0,0.15,0.0505,-0.0174,8817.59,2,50.3591,68.452,step
2026-09-01T13:13:40.694059+00:00,77.031,-0.0396,0.8,0.0,0.0519,-0.017,8738.32,2,50.4155,68.474,step
2026-09-01T13:13:40.695335+00:00,77.387,-0.0399,0.8,0.0,0.0532,-0.0166,9856.28,2,50.4816,68.496,step
2026-09-01T13:13:40.696673+00:00,78.234,-0.0399,0.0,0.15,0.0546,-0.0158,10320.5,2,50.6309,68.518,step
2026-09-01T13:13:40.698014+00:00,78.432,-0.0399,0.0,0.15,0.0559,-0.015,8901.28,2,50.7881,68.54,step
2026-09-01T13:13:40.699371+00:00,77.779,-0.0402,0.8,0.0,0.0571,-0.0145,8818.57,2,50.8595,68.562,step
2026-09-01T13:13:40.700663+00:00,78.124,-0.0404,0.8,0.0,0.0583,-0.0141,9959.72,2,50.9445,68.584,step
2026-09-01T13:13:40.702033+00:00,78.965,-0.0403,0.0,0.15,0.0595,-0.0132,10431.6,2,51.1149,68.606,step
2026-09-01T13:13:40.703402+00:00,79.173,-0.0402,0.0,0.15,0.0606,-0.0123,8984.63,2,51.2936,68.628,step
2026-09-01T13:13:40.704790+00:00,78.515,-0.0403,0.8,0.0,0.0617,-0.0119,8901.09,2,51.3797,68.65,step
2026-09-01T13:13:40.706184+00:00,78.862,-0.0404,0.8,0.0,0.0627,-0.0114,10042.0,2,51.4777,68.672,step
2026-09-01T13:13:40.707525+00:00,79.706,-0.0402,0.0,0.15,0.0636,-0.0105,10506.9,2,51.6629,68.694,step
2026-09-01T13:13:40.708893+00:00,79.906,-0.04,0.0,0.15,0.0646,-0.0096,9066.88,2,51.8532,68.716,step
2026-09-01T13:13:40.710270+00:00,79.246,-0.04,0.8,0.0,0.0655,-0.0091,8982.57,2,51.9465,68.738,step
2026-09-01T13:13:40.711609+00:00,79.59,-0.04,0.15,0.0,0.0663,-0.0086,10127.9,2,52.0507,68.76,step
2026-09-01T13:13:40.712954+00:00,80.091,-0.0399,0.15,0.0,0.067,-0.008,9278.22,3,52.1914,68.782,step
2026-09-01T13:13:40.714314+00:00,80.064,-0.0399,0.15,0.0,0.0677,-0.0076,7363.91,3,52.2559,68.804,step
2026-09-01T13:13:40.715636+00:00,80.0,-0.0399,0.15,0.0,0.0683,-0.0073,7378.07,3,52.3297,68.826,step
2026-09-01T13:13:40.716963+00:00,79.961,-0.0399,0.15,0.0,0.0688,-0.0069,7319.16,2,52.4149,68.848,step
2026-09-01T13:13:40.718279+00:00,79.913,-0.0398,0.15,0.0,0.0693,-0.0065,9226.8,2,52.4984,68.87,step
2026-09-01T13:13:40.719720+00:00,79.85,-0.0397,0.15,0.0,0.0697,-0.006,9234.2,2,52.596,68.892,step
2026-09-01T13:13:40.721089+00:00,79.803,-0.0395,0.15,0.0,0.0702,-0.0056,9201.0,2,52.7001,68.914,step
2026-09-01T13:13:40.722415+00:00,79.813,-0.0394,0.15,0.0,0.0705,-0.0052,9242.12,2,52.7791,68.936,step
2026-09-01T13:13:40.723759+00:00,79.859,-0.0395,0.15,0.0,0.0709,-0.005,9246.89,2,52.8185,68.958,step
2026-09-01T13:13:40.725144+00:00,79.905,-0.0395,0.15,0.0,0.0712,-0.0049,9251.71,2,52.842,68.98,step
2026-09-01T13:13:40.726650+00:00,79.95,-0.0396,0.15,0.0,0.0715,-0.0048,9256.69,2,52.8648,69.002,step
2026-09-01T13:13:40.728005+00:00,79.996,-0.0396,0.15,0.0,0.0718,-0.0047,9261.84,2,52.8907,69.024,step
2026-09-01T13:13:40.729421+00:00,80.041,-0.0396,0.15,0.0,0.072,-0.0045,9267.09,3,52.9169,69.046,step
2026-09-01T13:13:40.730774+00:00,80.013,-0.0396,0.15,0.0,0.0723,-0.0043,7358.37,3,52.962,69.068,step
2026-09-01T13:13:40.732136+00:00,79.95,-0.0394,0.15,0.0,0.0725,-0.004,7372.54,2,53.0471,69.09,step
2026-09-01T13:13:40.733464+00:00,79.897,-0.0392,0.15,0.0,0.0727,-0.0036,9222.26,2,53.143,69.112,step
2026-09-01T13:13:40.734887+00:00,79.834,-0.039,0.15,0.0,0.0729,-0.0032,9229.68,2,53.2399,69.134,step
2026-09-01T13:13:40.736273+00:00,79.775,-0.0387,0.15,0.0,0.073,-0.0027,9196.41,2,53.3406,69.156,step
2026-09-01T13:13:40.737566+00:00,79.785,-0.0385,0.15,0.0,0.0732,-0.0024,9238.85,2,53.4146,69.178,step
2026-09-01T13:13:40.738848+00:00,79.831,-0.0385,0.15,0.0,0.0733,-0.0023,9243.65,2,53.4549,69.2,step
2026-09-01T13:13:40.740132+00:00,79.877,-0.0384,0.15,0.0,0.0734,-0.0022,9248.5,2,53.4776,69.222,step
2026-09-01T13:13:40.741431+00:00,79.923,-0.0384,0.15,0.0,0.0734,-0.0021,9253.5,2,53.4899,69.244,step
2026-09-01T13:13:40.742756+00:00,79.968,-0.0384,0.15,0.0,0.0735,-0.0021,9258.67,2,53.4984,69.266,step
2026-09-01T13:13:40.744199+00:00,80.014,-0.0384,0.15,0.0,0.0736,-0.002,9263.94,3,53.5068,69.288,step
2026-09-01T13:13:40.745553+00:00,79.986,-0.0383,0.15,0.0,0.0736,-0.0019,7355.88,2,53.5314,69.31,step
2026-09-01T13:13:40.746909+00:00,79.923,-0.0382,0.15,0.0,0.0737,-0.0017,7370.06,2,53.5939,69.332,step
2026-09-01T13:13:40.748321+00:00,79.871,-0.0379,0.15,0.0,0.0737,-0.0014,9219.2,2,53.6718,69.354,step
2026-09-01T13:13:40.749751+00:00,79.808,-0.0377,0.15,0.0,0.0737,-0.0011,9226.63,2,53.7564,69.376,step
2026-09-01T13:13:40.751105+00:00,79.749,-0.0374,0.15,0.0,0.0737,-0.0007,9193.41,2,53.8456,69.398,step
2026-09-01T13:13:40.752484+00:00,79.76,-0.0372,0.15,0.0,0.0737,-0.0005,9235.9,2,53.9041,69.42,step
2026-09-01T13:13:40.753875+00:00,79.806,-0.0371,0.15,0.0,0.0736,-0.0004,9240.72,2,53.9232,69.442,step
2026-09-01T13:13:40.755191+00:00,79.852,-0.0371,0.15,0.0,0.0736,-0.0004,9245.81,2,53.9323,69.464,step
2026-09-01T13:13:40.756514+00:00,79.898,-0.0371,0.15,0.0,0.0735,-0.0004,9250.93,2,53.9418,69.486,step
2026-09-01T13:13:40.757797+00:00,79.944,-0.037,0.15,0.0,0.0734,-0.0004,9256.05,2,53.9538,69.508,step
2026-09-01T13:13:40.759129+00:00,79.989,-0.037,0.15,0.0,0.0733,-0.0004,9261.27,2,53.9696,69.53,step
2026-09-01T13:13:40.760581+00:00,80.035,-0.037,0.15,0.0,0.0733,-0.0004,9266.53,3,53.9904,69.552,step
2026-09-01T13:13:40.761925+00:00,80.007,-0.0369,0.15,0.0,0.0732,-0.0004,7357.92,3,54.0343,69.574,step
2026-09-01T13:13:40.763272+00:00,79.945,-0.0367,0.15,0.0,0.0731,-0.0002,7372.1,2,54.1242,69.596,step
2026-09-01T13:13:40.764611+00:00,79.892,-0.0364,0.15,0.0,0.073,0.0001,9221.68,2,54.2367,69.618,step
2026-09-01T13:13:40.765959+00:00,79.83,-0.0362,0.15,0.0,0.0729,0.0003,9229.1,2,54.357,69.64,step
2026-09-01T13:13:40.767287+00:00,79.771,-0.0359,0.15,0.0,0.0728,0.0006,9195.89,2,54.4834,69.662,step
2026-09-01T13:13:40.768652+00:00,79.783,-0.0358,0.15,0.0,0.0727,0.0007,9238.45,2,54.5862,69.684,step
2026-09-01T13:13:40.770099+00:00,79.829,-0.0357,0.15,0.0,0.0725,0.0007,9243.33,2,54.6586,69.706,step
2026-09-01T13:13:40.771461+00:00,79.875,-0.0357,0.15,0.0,0.0724,0.0007,9248.27,2,54.7241,69.728,step
2026-09-01T13:13:40.772808+00:00,79.921,-0.0356,0.15,0.0,0.0722,0.0006,9253.36,2,54.7907,69.75,step
2026-09-01T13:13:40.774181+00:00,79.967,-0.0356,0.15,0.0,0.0721,0.0005,9258.58,2,54.8626,69.772,step
2026-09-01T13:13:40.775499+00:00,80.013,-0.0356,0.15,0.0,0.0719,0.0005,9263.89,3,54.9402,69.794,step
2026-09-01T13:13:40.776913+00:00,79.986,-0.0355,0.15,0.0,0.0718,0.0005,7355.84,2,55.0453,69.816,step
2026-09-01T13:13:40.778296+00:00,79.923,-0.0353,0.15,0.0,0.0717,0.0006,7370.02,2,55.2052,69.838,step
2026-09-01T13:13:40.779646+00:00,79.872,-0.0351,0.15,0.0,0.0715,0.0008,9219.3,2,55.3857,69.86,step
2026-09-01T13:13:40.780976+00:00,79.809,-0.0349,0.15,0.0,0.0714,0.001,9226.73,2,55.5746,69.882,step
2026-09-01T13:13:40.782252+00:00,79.751,-0.0347,0.15,0.0,0.0712,0.0012,9193.61,2,55.7754,69.904,step
2026-09-01T13:13:40.783506+00:00,79.763,-0.0345,0.15,0.0,0.0711,0.0012,9236.21,2,55.9543,69.926,step
2026-09-01T13:13:40.784803+00:00,79.81,-0.0345,0.15,0.0,0.0709,0.0012,9241.05,2,56.1004,69.948,step
2026-09-01T13:13:40.786195+00:00,79.857,-0.0345,0.15,0.0,0.0707,0.0011,9245.97,2,56.2336,69.97,step
2026-09-01T13:13:40.787550+00:00,79.903,-0.0345,0.15,0.0,0.0705,0.0009,9251.07,2,56.362,69.992,step
2026-09-01T13:13:40.788862+00:00,79.949,-0.0345,0.15,0.0,0.0704,0.0008,9256.34,2,56.5017,70.014,step
2026-09-01T13:13:40.790200+00:00,79.995,-0.0346,0.15,0.0,0.0702,0.0007,9261.76,2,56.6566,70.036,step
2026-09-01T13:13:40.791533+00:00,80.041,-0.0346,0.15,0.0,0.07,0.0006,9267.3,3,56.8201,70.058,step
2026-09-01T13:13:40.792860+00:00,80.014,-0.0346,0.15,0.0,0.0699,0.0005,7358.55,3,57.0173,70.08,step
2026-09-01T13:13:40.794228+00:00,79.952,-0.0344,0.15,0.0,0.0697,0.0006,7372.72,2,57.2792,70.102,step
2026-09-01T13:13:40.795555+00:00,79.9,-0.0343,0.15,0.0,0.0696,0.0007,9222.56,2,57.5667,70.124,step
2026-09-01T13:13:40.796930+00:00,79.839,-0.0341,0.15,0.0,0.0694,0.0008,9229.98,2,57.8695,70.146,step
2026-09-01T13:13:40.798232+00:00,79.781,-0.0339,0.15,0.0,0.0693,0.0009,9197.19,2,58.1905,70.168,step
2026-09-01T13:13:40.799558+00:00,79.794,-0.0338,0.15,0.0,0.0692,0.0009,9240.38,2,58.492,70.19,step
2026-09-01T13:13:40.800859+00:00,79.841,-0.0338,0.15,0.0,0.0691,0.0009,9245.06,2,58.7586,70.212,step
2026-09-01T13:13:40.802190+00:00,79.888,-0.0339,0.15,0.0,0.0689,0.0007,9249.79,2,59.0197,70.234,step
2026-09-01T13:13:40.803471+00:00,79.935,-0.0339,0.15,0.0,0.0688,0.0006,9254.71,2,59.2852,70.256,step
2026-09-01T13:13:40.804818+00:00,79.981,-0.034,0.15,0.0,0.0686,0.0004,9259.88,2,59.5587,70.278,step
2026-09-01T13:13:40.806075+00:00,80.028,-0.034,0.15,0.0,0.0685,0.0002,9265.25,3,59.8446,70.3,step
2026-09-01T13:13:40.807380+00:00,80.001,-0.0341,0.15,0.0,0.0684,0.0001,7356.92,3,60.1716,70.322,step
2026-09-01T13:13:40.808679+00:00,79.939,-0.034,0.15,0.0,0.0683,0.0002,7371.1,2,60.5762,70.344,step
2026-09-01T13:13:40.810006+00:00,79.887,-0.0339,0.15,0.0,0.0682,0.0002,9221.03,2,61.026,70.366,step
2026-09-01T13:13:40.811468+00:00,79.826,-0.0338,0.15,0.0,0.0681,0.0003,9228.46,2,61.5083,70.388,step
2026-09-01T13:13:40.812822+00:00,79.768,-0.0336,0.15,0.0,0.068,0.0004,9195.56,2,62.0156,70.41,step
2026-09-01T13:13:40.814173+00:00,79.782,-0.0336,0.15,0.0,0.0679,0.0005,9238.41,2,62.4994,70.432,step
2026-09-01T13:13:40.815500+00:00,79.829,-0.0336,0.15,0.0,0.0678,0.0003,9243.41,2,62.9468,70.454,step
2026-09-01T13:13:40.816824+00:00,79.877,-0.0337,0.15,0.0,0.0677,0.0002,9248.42,2,63.3969,70.476,step
2026-09-01T13:13:40.818156+00:00,79.924,-0.0337,0.15,0.0,0.0676,0.0001,9253.56,2,63.8611,70.498,step
2026-09-01T13:13:40.819527+00:00,79.97,-0.0338,0.15,0.0,0.0675,-0.0001,9260.4,2,64.3459,70.52,step
2026-09-01T13:13:40.820848+00:00,80.018,-0.0339,0.15,0.0,0.0674,-0.0002,9265.32,3,64.8578,70.542,step
2026-09-01T13:13:40.822127+00:00,79.992,-0.0339,0.15,0.0,0.0673,-0.0003,7356.94,2,65.4289,70.564,step
2026-09-01T13:13:40.823411+00:00,79.93,-0.0339,0.15,0.0,0.0672,-0.0003,7371.12,2,66.1018,70.586,step
2026-09-01T13:13:40.824722+00:00,79.88,-0.0338,0.15,0.0,0.0672,-0.0002,9220.11,2,66.8381,70.608,step
2026-09-01T13:13:40.825983+00:00,79.818,-0.0337,0.15,0.0,0.0671,-0.0001,9227.54,2,67.623,70.63,step
2026-09-01T13:13:40.827312+00:00,79.761,-0.0336,0.15,0.0,0.0671,-0.0,9194.71,2,68.4533,70.652,step
2026-09-01T13:13:40.828656+00:00,79.775,-0.0335,0.15,0.0,0.067,0.0,9237.43,2,69.266,70.674,step
2026-09-01T13:13:40.830006+00:00,79.823,-0.0335,0.15,0.0,0.0669,-0.0001,9242.45,2,70.0356,70.696,step
2026-09-01T13:13:40.831347+00:00,79.87,-0.0336,0.15,0.0,0.0669,-0.0002,9247.52,2,70.8147,70.718,step
2026-09-01T13:13:40.832732+00:00,79.918,-0.0337,0.15,0.0,0.0668,-0.0004,9252.8,2,71.6153,70.74,step
2026-09-01T13:13:40.834147+00:00,79.965,-0.0338,0.15,0.0,0.0667,-0.0006,9258.29,2,72.4405,70.762,step
2026-09-01T13:13:40.835547+00:00,80.013,-0.034,0.15,0.0,0.0667,-0.0008,9263.92,3,73.3044,70.784,step
2026-09-01T13:13:40.836900+00:00,79.987,-0.034,0.15,0.0,0.0667,-0.0009,7355.88,2,74.2631,70.806,step
2026-09-01T13:13:40.838269+00:00,79.926,-0.034,0.15,0.0,0.0667,-0.0009,7370.06,2,75.3861,70.828,step
2026-09-01T13:13:40.839621+00:00,79.876,-0.0339,0.15,0.0,0.0666,-0.0008,9219.63,2,76.6232,70.85,step
2026-09-01T13:13:40.840954+00:00,79.816,-0.0339,0.15,0.0,0.0667,-0.0007,9227.06,2,77.9579,70.872,step
2026-09-01T13:13:40.842276+00:00,79.759,-0.0337,0.15,0.0,0.0666,-0.0005,9194.66,2,79.392,70.894,step
2026-09-01T13:13:40.843551+00:00,79.774,-0.0337,0.15,0.0,0.0666,-0.0005,9237.89,2,80.8148,70.916,step
2026-09-01T13:13:40.844862+00:00,79.822,-0.0338,0.15,0.0,0.0666,-0.0006,9242.58,2,82.189,70.938,step
2026-09-01T13:13:40.846182+00:00,79.871,-0.0338,0.15,0.0,0.0666,-0.0007,9247.41,2,83.59,70.96,step
2026-09-01T13:13:40.847469+00:00,79.919,-0.034,0.15,0.0,0.0665,-0.0009,9252.54,2,85.0449,70.982,step
2026-09-01T13:13:40.848786+00:00,79.966,-0.0341,0.15,0.0,0.0665,-0.001,9257.96,2,86.5688,71.004,step
2026-09-01T13:13:40.850087+00:00,80.014,-0.0342,0.15,0.0,0.0665,-0.0012,9263.6,3,88.1763,71.026,step
2026-09-01T13:13:40.851437+00:00,79.988,-0.0343,0.15,0.0,0.0665,-0.0013,7355.64,2,89.9534,71.048,step
2026-09-01T13:13:40.852912+00:00,79.927,-0.0343,0.15,0.0,0.0665,-0.0013,7369.82,2,92.0187,71.07,step
2026-09-01T13:13:40.854330+00:00,79.878,-0.0342,0.15,0.0,0.0666,-0.0012,9219.8,2,94.2804,71.092,step
2026-09-01T13:13:40.855754+00:00,79.818,-0.0342,0.15,0.0,0.0666,-0.0011,9227.23,2,96.7148,71.114,step
2026-09-01T13:13:40.857106+00:00,79.762,-0.0341,0.15,0.0,0.0666,-0.001,9194.82,2,99.3412,71.136,step
2026-09-01T13:13:40.858469+00:00,79.777,-0.0341,0.15,0.0,0.0666,-0.001,9237.86,2,102.015,71.158,step
2026-09-01T13:13:40.859841+00:00,79.826,-0.0342,0.15,0.0,0.0667,-0.0011,9242.99,2,104.68,71.18,step
2026-09-01T13:13:40.861290+00:00,79.875,-0.0343,0.15,0.0,0.0667,-0.0013,9248.14,2,107.464,71.202,step
2026-09-01T13:13:40.862662+00:00,79.923,-0.0345,0.15,0.0,0.0667,-0.0014,9255.56,2,110.442,71.224,step
2026-09-01T13:13:40.863953+00:00,79.972,-0.0346,0.15,0.0,0.0667,-0.0015,9260.32,2,113.638,71.246,step
2026-09-01T13:13:40.865239+00:00,80.021,-0.0347,0.15,0.0,0.0667,-0.0017,9265.43,3,117.107,71.268,step
2026-09-01T13:13:40.866571+00:00,79.997,-0.0347,0.8,0.0,0.0668,-0.0017,7357.04,2,121.028,71.29,step
2026-09-01T13:13:40.867922+00:00,79.937,-0.0347,0.8,0.0,0.0668,-0.0016,7371.22,2,125.618,71.312,step
2026-09-01T13:13:40.869311+00:00,79.888,-0.0346,0.8,0.0,0.0669,-0.0015,9220.88,2,130.78,71.334,step
2026-09-01T13:13:40.870650+00:00,79.828,-0.0345,0.8,0.0,0.0669,-0.0013,9228.3,2,136.518,71.356,step
2026-09-01T13:13:40.871981+00:00,79.772,-0.0344,0.8,0.0,0.067,-0.0012,9195.94,2,142.899,71.378,step
2026-09-01T13:13:40.873331+00:00,80.326,-0.0343,0.8,0.0,0.067,-0.001,10195.1,3,150.012,71.4,step
2026-09-01T13:13:40.874719+00:00,80.817,-0.0341,0.8,0.0,0.067,-0.0008,8088.21,3,158.272,71.422,step
2026-09-01T13:13:40.876159+00:00,80.754,-0.0341,0.8,0.0,0.0671,-0.0007,8100.28,3,166.648,71.444,step
2026-09-01T13:13:40.877624+00:00,80.717,-0.0342,0.8,0.0,0.0671,-0.0007,7387.38,3,175.762,71.466,step
2026-09-01T13:13:40.879039+00:00,81.133,-0.0342,0.8,0.0,0.0671,-0.0008,7789.61,3,185.95,71.488,step
2026-09-01T13:13:40.880489+00:00,81.782,-0.0342,0.8,0.0,0.0672,-0.0007,7877.72,3,200.0,71.51,step
2026-09-01T13:13:40.881847+00:00,82.46,-0.0342,0.8,0.0,0.0672,-0.0007,7934.58,3,200.0,71.532,step
2026-09-01T13:13:40.883188+00:00,83.141,-0.0341,0.8,0.0,0.0673,-0.0006,7994.43,3,200.0,71.554,step
2026-09-01T13:13:40.884541+00:00,83.816,-0.0342,0.8,0.0,0.0673,-0.0006,8072.04,3,200.0,71.576,step
2026-09-01T13:13:40.885934+00:00,84.503,-0.0342,0.8,0.0,0.0674,-0.0006,8140.45,3,200.0,71.598,step
2026-09-01T13:13:40.887275+00:00,85.198,-0.0342,0.8,0.0,0.0675,-0.0006,8206.92,3,200.0,71.62,step
2026-09-01T13:13:40.888673+00:00,85.898,-0.0342,0.8,0.0,0.0676,-0.0006,8274.29,3,200.0,71.642,step
2026-09-01T13:13:40.889981+00:00,86.602,-0.0343,0.8,0.0,0.0677,-0.0005,8343.68,3,200.0,71.664,step
2026-09-01T13:13:40.891354+00:00,87.311,-0.0343,0.8,0.0,0.0678,-0.0005,8415.44,3,200.0,71.686,step
2026-09-01T13:13:40.892749+00:00,88.025,-0.0343,0.8,0.0,0.0679,-0.0005,8489.28,3,200.0,71.708,step
2026-09-01T13:13:40.894181+00:00,88.744,-0.0344,0.8,0.0,0.068,-0.0004,8564.83,3,200.0,71.73,step
2026-09-01T13:13:40.895568+00:00,89.469,-0.0344,0.8,0.0,0.0682,-0.0004,8641.57,3,200.0,71.752,step
2026-09-01T13:13:40.896944+00:00,90.201,-0.0345,0.8,0.0,0.0683,-0.0004,8720.15,3,200.0,71.774,step
2026-09-01T13:13:40.898286+00:00,90.939,-0.0345,0.8,0.0,0.0685,-0.0004,8800.71,3,200.0,71.796,step
2026-09-01T13:13:40.899627+00:00,91.683,-0.0342,0.8,0.0,0.0686,0.0002,8881.94,3,200.0,71.818,step
2026-09-01T13:13:40.900944+00:00,92.434,-0.0324,0.8,0.0,0.0686,0.0024,8962.37,3,200.0,71.84,step
2026-09-01T13:13:40.902309+00:00,93.194,-0.0306,0.8,0.0,0.0685,0.0046,9041.15,3,200.0,71.862,step
2026-09-01T13:13:40.903611+00:00,93.922,-0.0286,0.8,0.0,0.0681,0.0068,9181.3,3,200.0,71.884,step
2026-09-01T13:13:40.904935+00:00,94.693,-0.0265,0.15,0.0,0.0676,0.0091,9275.05,3,200.0,71.906,step
2026-09-01T13:13:40.906222+00:00,95.077,-0.0245,0.15,0.0,0.0668,0.0111,8719.77,3,200.0,71.928,step
2026-09-01T13:13:40.907511+00:00,95.089,-0.0227,0.15,0.0,0.0659,0.0128,8719.67,3,200.0,71.95,step
2026-09-01T13:13:40.908827+00:00,95.103,-0.0209,0.15,0.0,0.0647,0.0143,8721.78,3,200.0,71.972,step
2026-09-01T13:13:40.910100+00:00,95.118,-0.019,0.15,0.0,0.0633,0.0158,8723.34,3,200.0,71.994,step
2026-09-01T13:13:40.911447+00:00,95.132,-0.0172,0.15,0.0,0.0618,0.0171,8724.58,3,200.0,72.016,step
2026-09-01T13:13:40.912794+00:00,95.147,-0.0155,0.15,0.0,0.0602,0.0183,8725.72,3,200.0,72.038,step
2026-09-01T13:13:40.914073+00:00,95.161,-0.0137,0.15,0.0,0.0584,0.0194,8726.93,3,199.245,72.06,step
2026-09-01T13:13:40.915347+00:00,95.177,-0.0121,0.15,0.0,0.0566,0.0203,8728.4,3,198.025,72.082,step
2026-09-01T13:13:40.916651+00:00,95.193,-0.0105,0.15,0.0,0.0546,0.0211,8729.9,3,196.875,72.104,step
2026-09-01T13:13:40.917958+00:00,95.209,-0.0089,0.15,0.0,0.0526,0.0218,8731.39,3,195.791,72.126,step
2026-09-01T13:13:40.919275+00:00,95.226,-0.0073,0.15,0.0,0.0505,0.0224,8732.81,3,194.759,72.148,step
2026-09-01T13:13:40.920526+00:00,95.24,-0.0059,0.15,0.0,0.0483,0.0229,8738.72,3,193.786,72.17,step
2026-09-01T13:13:40.921826+00:00,95.258,-0.0044,0.15,0.0,0.0461,0.0233,8738.98,3,192.859,72.192,step
2026-09-01T13:13:40.923112+00:00,95.276,-0.003,0.15,0.0,0.0438,0.0237,8738.91,3,192.001,72.214,step
2026-09-01T13:13:40.924404+00:00,95.293,-0.0016,0.15,0.0,0.0416,0.0239,8739.43,3,191.219,72.236,step
2026-09-01T13:13:40.925704+00:00,95.31,-0.0004,0.15,0.0,0.0393,0.0241,8740.12,3,190.499,72.258,step
2026-09-01T13:13:40.926996+00:00,95.327,0.0009,0.15,0.0,0.037,0.0242,8741.13,3,189.848,72.28,step
2026-09-01T13:13:40.928307+00:00,95.343,0.002,0.15,0.0,0.0347,0.0242,8742.46,3,189.268,72.302,step
2026-09-01T13:13:40.929659+00:00,95.359,0.0031,0.15,0.0,0.0324,0.0241,8744.04,3,188.742,72.324,step
2026-09-01T13:13:40.930943+00:00,95.376,0.0042,0.15,0.0,0.0301,0.024,8745.85,3,188.267,72.346,step
2026-09-01T13:13:40.932221+00:00,95.392,0.0052,0.15,0.0,0.0277,0.0238,8747.79,3,187.834,72.368,step
2026-09-01T13:13:40.933537+00:00,95.409,0.0061,0.15,0.0,0.0254,0.0235,8749.62,3,187.439,72.39,step
2026-09-01T13:13:40.934822+00:00,95.427,0.007,0.15,0.0,0.0232,0.0232,8751.31,3,187.085,72.412,step
2026-09-01T13:13:40.936256+00:00,95.445,0.0078,0.15,0.0,0.021,0.0229,8752.85,3,186.777,72.434,step
2026-09-01T13:13:40.937639+00:00,95.462,0.0086,0.15,0.0,0.0188,0.0224,8755.22,3,186.514,72.456,step
2026-09-01T13:13:40.938954+00:00,95.478,0.0092,0.15,0.0,0.0167,0.0219,8759.04,3,186.297,72.478,step
2026-09-01T13:13:40.940228+00:00,95.498,0.0098,0.15,0.0,0.0146,0.0214,8759.07,3,186.101,72.5,step
2026-09-01T13:13:40.941520+00:00,95.516,0.0103,0.15,0.0,0.0126,0.0208,8759.83,3,185.921,72.522,step
2026-09-01T13:13:40.942889+00:00,95.534,0.0109,0.15,0.0,0.0106,0.0202,8760.69,3,185.746,72.544,step
2026-09-01T13:13:40.944194+00:00,95.551,0.0113,0.15,0.0,0.0087,0.0195,8761.79,3,185.583,72.566,step
2026-09-01T13:13:40.945499+00:00,95.569,0.0117,0.15,0.0,0.0068,0.0189,8763.16,3,185.427,72.588,step
2026-09-01T13:13:40.946838+00:00,95.586,0.012,0.15,0.0,0.005,0.0182,8764.75,3,185.283,72.61,step
2026-09-01T13:13:40.948174+00:00,95.603,0.0123,0.15,0.0,0.0033,0.0175,8766.53,3,185.144,72.632,step
2026-09-01T13:13:40.949481+00:00,95.62,0.0126,0.15,0.0,0.0016,0.0167,8768.46,3,184.997,72.654,step
2026-09-01T13:13:40.950818+00:00,95.638,0.0127,0.15,0.0,0.0001,0.016,8770.33,3,184.854,72.676,step
2026-09-01T13:13:40.952129+00:00,95.656,0.0129,0.15,0.0,-0.0014,0.0152,8772.1,3,184.714,72.698,step
2026-09-01T13:13:40.953458+00:00,95.674,0.013,0.15,0.0,-0.0029,0.0144,8773.73,3,184.57,72.72,step
2026-09-01T13:13:40.954825+00:00,95.692,0.013,0.15,0.0,-0.0043,0.0136,8775.29,3,184.423,72.742,step
2026-09-01T13:13:40.956125+00:00,95.709,0.013,0.15,0.0,-0.0055,0.0128,8779.63,3,184.274,72.764,step
2026-09-01T13:13:40.957425+00:00,95.728,0.013,0.15,0.0,-0.0068,0.012,8780.03,3,184.122,72.786,step
2026-09-01T13:13:40.958742+00:00,95.747,0.0129,0.15,0.0,-0.0079,0.0112,8780.95,3,183.959,72.808,step
2026-09-01T13:13:40.960014+00:00,95.766,0.0128,0.15,0.0,-0.009,0.0104,8782.0,3,183.785,72.83,step
2026-09-01T13:13:40.961335+00:00,95.784,0.0127,0.15,0.0,-0.01,0.0096,8783.19,3,183.599,72.852,step
2026-09-01T13:13:40.962684+00:00,95.802,0.0125,0.15,0.0,-0.0109,0.0088,8784.59,3,183.403,72.874,step
2026-09-01T13:13:40.963984+00:00,95.82,0.0123,0.15,0.0,-0.0117,0.008,8786.18,3,183.199,72.896,step
2026-09-01T13:13:40.965303+00:00,95.838,0.012,0.15,0.0,-0.0125,0.0072,8787.92,3,182.98,72.918,step
2026-09-01T13:13:40.966593+00:00,95.855,0.0118,0.15,0.0,-0.0132,0.0065,8789.8,3,182.743,72.94,step
2026-09-01T13:13:40.967966+00:00,95.874,0.0115,0.15,0.0,-0.0137,0.0058,8791.69,3,182.495,72.962,step
2026-09-01T13:13:40.969324+00:00,95.892,0.0112,0.15,0.0,-0.0143,0.0051,8793.48,3,182.23,72.984,step
2026-09-01T13:13:40.970623+00:00,95.91,0.0109,0.15,0.0,-0.0147,0.0044,8795.18,3,181.949,73.006,step
2026-09-01T13:13:40.971973+00:00,95.929,0.0105,0.15,0.0,-0.0151,0.0037,8796.81,3,181.664,73.028,step
2026-09-01T13:13:40.973258+00:00,95.946,0.0101,0.15,0.0,-0.0155,0.003,8800.41,3,181.375,73.05,step
2026-09-01T13:13:40.974570+00:00,95.966,0.0097,0.15,0.0,-0.0157,0.0023,8801.36,3,181.075,73.072,step
2026-09-01T13:13:40.975871+00:00,95.985,0.0093,0.15,0.0,-0.0159,0.0017,8802.44,3,180.761,73.094,step
2026-09-01T13:13:40.977179+00:00,96.004,0.0089,0.15,0.0,-0.0161,0.0011,8803.69,3,180.427,73.116,step
2026-09-01T13:13:40.978512+00:00,96.022,0.0085,0.15,0.0,-0.0162,0.0005,8805.02,3,180.077,73.138,step
2026-09-01T13:13:40.979854+00:00,96.04,0.0081,0.15,0.0,-0.0162,-0.0,8806.48,3,179.719,73.16,step
2026-09-01T13:13:40.981147+00:00,96.059,0.0077,0.15,0.0,-0.0162,-0.0006,8808.09,3,179.348,73.182,step
2026-09-01T13:13:40.982461+00:00,96.077,0.0072,0.15,0.0,-0.0162,-0.0011,8809.81,3,178.964,73.204,step
2026-09-01T13:13:40.983755+00:00,96.095,0.0068,0.15,0.0,-0.016,-0.0015,8811.63,3,178.564,73.226,step
2026-09-01T13:13:40.985199+00:00,96.114,0.0063,0.15,0.0,-0.0159,-0.002,8813.47,3,178.151,73.248,step
2026-09-01T13:13:40.986534+00:00,96.132,0.0059,0.15,0.0,-0.0156,-0.0024,8815.25,3,177.723,73.27,step
2026-09-01T13:13:40.987881+00:00,96.15,0.0055,0.15,0.0,-0.0154,-0.0028,8816.97,3,177.284,73.292,step
2026-09-01T13:13:40.989183+00:00,96.169,0.0051,0.15,0.0,-0.0151,-0.0031,8818.63,3,176.831,73.314,step
2026-09-01T13:13:40.990490+00:00,96.187,0.0046,0.15,0.0,-0.0148,-0.0034,8821.19,3,176.367,73.336,step
2026-09-01T13:13:40.991811+00:00,96.206,0.0042,0.15,0.0,-0.0144,-0.0038,8822.77,3,175.898,73.358,step
2026-09-01T13:13:40.993090+00:00,96.225,0.0038,0.15,0.0,-0.0141,-0.004,8824.06,3,175.417,73.38,step
2026-09-01T13:13:40.994436+00:00,96.243,0.0034,0.15,0.0,-0.0137,-0.0043,8825.5,3,174.925,73.402,step
2026-09-01T13:13:40.995727+00:00,96.262,0.003,0.15,0.0,-0.0132,-0.0045,8826.97,3,174.418,73.424,step
2026-09-01T13:13:40.997021+00:00,96.281,0.0026,0.15,0.0,-0.0128,-0.0047,8828.51,3,173.899,73.446,step
2026-09-01T13:13:40.998345+00:00,96.299,0.0023,0.15,0.0,-0.0124,-0.0049,8830.13,3,173.378,73.468,step
2026-09-01T13:13:40.999688+00:00,96.317,0.0019,0.15,0.0,-0.0119,-0.005,8831.81,3,172.847,73.49,step
2026-09-01T13:13:41.001062+00:00,96.335,0.0015,0.15,0.0,-0.0114,-0.0052,8833.55,3,172.308,73.512,step
2026-09-01T13:13:41.002557+00:00,96.354,0.0012,0.15,0.0,-0.0108,-0.0053,8835.3,3,171.764,73.534,step
2026-09-01T13:13:41.003968+00:00,96.372,0.0008,0.15,0.0,-0.0103,-0.0054,8837.01,3,171.211,73.556,step
2026-09-01T13:13:41.005346+00:00,96.39,0.0005,0.15,0.0,-0.0098,-0.0055,8838.7,3,170.648,73.578,step
2026-09-01T13:13:41.006708+00:00,96.408,0.0002,0.15,0.0,-0.0092,-0.0055,8840.36,3,170.084,73.6,step
2026-09-01T13:13:41.008084+00:00,96.426,-0.0001,0.15,0.0,-0.0087,-0.0056,8842.08,3,169.509,73.622,step
2026-09-01T13:13:41.009410+00:00,96.445,-0.0004,0.15,0.0,-0.0083,-0.0056,8843.88,3,168.925,73.644,step
2026-09-01T13:13:41.010781+00:00,96.463,-0.0006,0.15,0.0,-0.0078,-0.0056,8845.42,3,168.337,73.666,step
2026-09-01T13:13:41.012059+00:00,96.481,-0.0008,0.15,0.0,-0.0073,-0.0056,8847.0,3,167.738,73.688,step
2026-09-01T13:13:41.013345+00:00,96.499,-0.0011,0.15,0.0,-0.0067,-0.0055,8848.58,3,167.13,73.71,step
2026-09-01T13:13:41.014654+00:00,96.517,-0.0013,0.15,0.0,-0.0061,-0.0055,8850.19,3,166.519,73.732,step
2026-09-01T13:13:41.015949+00:00,96.535,-0.0015,0.15,0.0,-0.0056,-0.0054,8851.82,3,165.906,73.754,step
2026-09-01T13:13:41.017290+00:00,96.553,-0.0018,0.15,0.0,-0.005,-0.0053,8853.45,3,165.284,73.776,step
2026-09-01T13:13:41.018620+00:00,96.571,-0.0019,0.15,0.0,-0.0045,-0.0052,8855.09,3,164.653,73.798,step
2026-09-01T13:13:41.020055+00:00,96.588,-0.002,0.15,0.0,-0.004,-0.0051,8856.71,3,164.021,73.82,step
2026-09-01T13:13:41.021355+00:00,96.606,-0.0022,0.15,0.0,-0.0036,-0.005,8858.31,3,163.388,73.842,step
2026-09-01T13:13:41.022679+00:00,96.624,-0.0023,0.15,0.0,-0.0031,-0.0048,8859.92,3,162.755,73.864,step
2026-09-01T13:13:41.023962+00:00,96.641,-0.0024,0.15,0.0,-0.0027,-0.0047,8861.54,3,162.122,73.886,step
2026-09-01T13:13:41.025293+00:00,96.659,-0.0025,0.15,0.0,-0.0023,-0.0046,8863.14,3,161.489,73.908,step
2026-09-01T13:13:41.026574+00:00,96.676,-0.0026,0.15,0.0,-0.0019,-0.0044,8864.33,3,160.847,73.93,step
2026-09-01T13:13:41.027966+00:00,96.694,-0.0027,0.15,0.0,-0.0015,-0.0043,8865.97,3,160.197,73.952,step
2026-09-01T13:13:41.029242+00:00,96.711,-0.0028,0.15,0.0,-0.001,-0.0041,8867.72,3,159.545,73.974,step
2026-09-01T13:13:41.030556+00:00,96.728,-0.0028,0.15,0.0,-0.0006,-0.0039,8869.46,3,158.891,73.996,step
2026-09-01T13:13:41.031893+00:00,96.745,-0.0028,0.15,0.0,-0.0003,-0.0037,8871.1,3,158.237,74.018,step
2026-09-01T13:13:41.033172+00:00,96.763,-0.0029,0.15,0.0,0.0001,-0.0035,8872.69,3,157.584,74.04,step
2026-09-01T13:13:41.034522+00:00,96.78,-0.0029,0.15,0.0,0.0005,-0.0033,8874.26,3,156.931,74.062,step
2026-09-01T13:13:41.035956+00:00,96.797,-0.003,0.15,0.0,0.0009,-0.0032,8875.8,3,156.278,74.084,step
2026-09-01T13:13:41.037265+00:00,96.814,-0.003,0.15,0.0,0.0012,-0.003,8877.32,3,155.623,74.106,step
2026-09-01T13:13:41.038567+00:00,96.831,-0.0029,0.15,0.0,0.0014,-0.0028,8878.78,3,154.968,74.128,step
2026-09-01T13:13:41.039891+00:00,96.847,-0.0029,0.15,0.0,0.0016,-0.0026,8880.26,3,154.313,74.15,step
2026-09-01T13:13:41.041189+00:00,96.864,-0.0029,0.15,0.0,0.0019,-0.0024,8881.75,3,153.659,74.172,step
2026-09-01T13:13:41.042540+00:00,96.88,-0.0028,0.15,0.0,0.0021,-0.0022,8883.28,3,153.005,74.194,step
2026-09-01T13:13:41.043882+00:00,96.897,-0.0028,0.15,0.0,0.0023,-0.002,8883.85,3,152.351,74.216,step
2026-09-01T13:13:41.045207+00:00,96.913,-0.0027,0.15,0.0,0.0025,-0.0019,8885.42,3,151.697,74.238,step
2026-09-01T13:13:41.046485+00:00,96.929,-0.0027,0.15,0.0,0.0027,-0.0017,8887.32,3,151.045,74.26,step
2026-09-01T13:13:41.047803+00:00,96.945,-0.0027,0.15,0.0,0.0029,-0.0015,8889.2,3,150.392,74.282,step
2026-09-01T13:13:41.049149+00:00,96.961,-0.0026,0.15,0.0,0.0031,-0.0013,8890.88,3,149.74,74.304,step
2026-09-01T13:13:41.050438+00:00,96.978,-0.0025,0.15,0.0,0.0032,-0.0011,8892.43,3,149.085,74.326,step
2026-09-01T13:13:41.051769+00:00,96.994,-0.0024,0.15,0.0,0.0033,-0.0009,8893.89,3,148.431,74.348,step
2026-09-01T13:13:41.053116+00:00,97.01,-0.0023,0.15,0.0,0.0033,-0.0008,8895.32,3,147.785,74.37,step
2026-09-01T13:13:41.054436+00:00,97.026,-0.0022,0.15,0.0,0.0034,-0.0006,8896.69,3,147.148,74.392,step
2026-09-01T13:13:41.055750+00:00,97.041,-0.0021,0.15,0.0,0.0034,-0.0005,8898.0,3,146.513,74.414,step
2026-09-01T13:13:41.057077+00:00,97.057,-0.0021,0.15,0.0,0.0035,-0.0004,8899.33,3,145.879,74.436,step
2026-09-01T13:13:41.058351+00:00,97.072,-0.002,0.15,0.0,0.0035,-0.0003,8900.69,3,145.245,74.458,step
2026-09-01T13:13:41.059651+00:00,97.087,-0.0019,0.15,0.0,0.0035,-0.0001,8902.1,3,144.611,74.48,step
2026-09-01T13:13:41.061079+00:00,97.103,-0.0018,0.15,0.0,0.0035,-0.0,8902.02,3,143.979,74.502,step
2026-09-01T13:13:41.062381+00:00,97.118,-0.0017,0.15,0.0,0.0036,0.0001,8903.47,3,143.346,74.524,step
2026-09-01T13:13:41.063689+00:00,97.132,-0.0016,0.15,0.0,0.0036,0.0002,8905.43,3,142.715,74.546,step
2026-09-01T13:13:41.065005+00:00,97.146,-0.0015,0.15,0.0,0.0036,0.0003,8907.46,3,142.083,74.568,step
2026-09-01T13:13:41.066312+00:00,97.161,-0.0014,0.15,0.0,0.0036,0.0005,8909.17,3,141.45,74.59,step
2026-09-01T13:13:41.067579+00:00,97.176,-0.0013,0.15,0.0,0.0035,0.0006,8910.65,3,140.826,74.612,step
2026-09-01T13:13:41.068951+00:00,97.191,-0.0013,0.15,0.0,0.0035,0.0006,8912.0,3,140.209,74.634,step
2026-09-01T13:13:41.070282+00:00,97.206,-0.0012,0.15,0.0,0.0035,0.0007,8913.28,3,139.594,74.656,step
2026-09-01T13:13:41.071593+00:00,97.22,-0.0011,0.15,0.0,0.0035,0.0008,8914.48,3,138.978,74.678,step
2026-09-01T13:13:41.072893+00:00,97.234,-0.0011,0.15,0.0,0.0035,0.0008,8915.61,3,138.363,74.7,step
2026-09-01T13:13:41.074216+00:00,97.248,-0.001,0.15,0.0,0.0034,0.0009,8916.75,3,137.747,74.722,step
2026-09-01T13:13:41.075516+00:00,97.262,-0.0009,0.15,0.0,0.0034,0.001,8917.95,3,137.13,74.744,step
2026-09-01T13:13:41.076914+00:00,97.275,-0.0008,0.15,0.0,0.0033,0.0011,8919.21,3,136.515,74.766,step
2026-09-01T13:13:41.078200+00:00,97.29,-0.0007,0.15,0.0,0.0032,0.0011,8918.5,3,135.899,74.788,step
2026-09-01T13:13:41.079464+00:00,97.303,-0.0006,0.15,0.0,0.0032,0.0012,8919.76,3,135.284,74.81,step
2026-09-01T13:13:41.080758+00:00,97.315,-0.0005,0.15,0.0,0.003,0.0013,8921.73,3,134.668,74.832,step
2026-09-01T13:13:41.082017+00:00,97.328,-0.0004,0.15,0.0,0.0028,0.0013,8923.87,3,134.061,74.854,step
2026-09-01T13:13:41.083312+00:00,97.341,-0.0003,0.15,0.0,0.0028,0.0013,8925.59,3,133.462,74.876,step
2026-09-01T13:13:41.084589+00:00,97.354,-0.0003,0.15,0.0,0.0027,0.0013,8927.0,3,132.866,74.898,step
2026-09-01T13:13:41.085941+00:00,97.367,-0.0002,0.15,0.0,0.0026,0.0013,8928.2,3,132.27,74.92,step
2026-09-01T13:13:41.087211+00:00,97.38,-0.0002,0.15,0.0,0.0025,0.0013,8929.31,3,131.675,74.942,step
2026-09-01T13:13:41.088487+00:00,97.393,-0.0001,0.15,0.0,0.0024,0.0013,8930.33,3,131.081,74.964,step
2026-09-01T13:13:41.089770+00:00,97.405,-0.0001,0.15,0.0,0.0023,0.0013,8931.24,3,130.486,74.986,step
2026-09-01T13:13:41.091086+00:00,97.417,-0.0,0.15,0.0,0.0022,0.0013,8932.17,3,129.891,75.008,step
2026-09-01T13:13:41.092425+00:00,97.429,-0.0,0.15,0.0,0.0021,0.0013,8933.17,3,129.296,75.03,step
2026-09-01T13:13:41.093782+00:00,97.441,0.0,0.15,0.0,0.002,0.0013,8934.25,3,128.702,75.052,step
2026-09-01T13:13:41.095101+00:00,97.454,0.0001,0.15,0.0,0.0019,0.0013,8932.9,3,128.107,75.074,step
2026-09-01T13:13:41.096385+00:00,97.464,0.0002,0.15,0.0,0.0018,0.0013,8933.96,3,127.511,75.096,step
2026-09-01T13:13:41.097651+00:00,97.475,0.0002,0.15,0.0,0.0017,0.0013,8935.89,3,126.915,75.118,step
2026-09-01T13:13:41.098914+00:00,97.485,0.0003,0.15,0.0,0.0015,0.0013,8938.11,3,126.319,75.14,step
2026-09-01T13:13:41.100207+00:00,97.496,0.0004,0.15,0.0,0.0014,0.0013,8939.83,3,125.723,75.162,step
2026-09-01T13:13:41.101434+00:00,97.507,0.0004,0.15,0.0,0.0013,0.0013,8941.12,3,125.127,75.184,step
2026-09-01T13:13:41.102815+00:00,97.519,0.0005,0.15,0.0,0.0011,0.0013,8942.16,3,124.531,75.206,step
2026-09-01T13:13:41.104087+00:00,97.53,0.0006,0.15,0.0,0.001,0.0013,8943.07,3,123.935,75.228,step
2026-09-01T13:13:41.105344+00:00,97.541,0.0006,0.15,0.0,0.0009,0.0013,8943.91,3,123.347,75.25,step
2026-09-01T13:13:41.106687+00:00,97.552,0.0006,0.15,0.0,0.0007,0.0012,8944.67,3,122.766,75.272,step
2026-09-01T13:13:41.107949+00:00,97.562,0.0006,0.15,0.0,0.0006,0.0012,8945.46,3,122.188,75.294,step
2026-09-01T13:13:41.109223+00:00,97.572,0.0007,0.15,0.0,0.0005,0.0011,8946.31,3,121.611,75.316,step
2026-09-01T13:13:41.110562+00:00,97.582,0.0007,0.15,0.0,0.0003,0.001,8947.22,3,121.034,75.338,step
2026-09-01T13:13:41.111844+00:00,97.593,0.0007,0.15,0.0,0.0002,0.001,8946.34,3,120.456,75.36,step
2026-09-01T13:13:41.113188+00:00,97.602,0.0006,0.0,0.15,0.0001,0.0009,8947.19,3,119.878,75.382,step
2026-09-01T13:13:41.114549+00:00,97.165,0.0006,0.0,0.15,0.0001,0.0008,8762.5,3,119.308,75.404,step
2026-09-01T13:13:41.115964+00:00,96.529,0.0005,0.0,0.15,-0.0,0.0007,8699.18,3,118.754,75.426,step
2026-09-01T13:13:41.117263+00:00,95.892,0.0005,0.0,0.15,-0.0001,0.0005,8638.39,3,118.208,75.448,step
2026-09-01T13:13:41.118578+00:00,95.26,0.0004,0.0,0.15,-0.0001,0.0004,8580.58,3,117.66,75.47,step
2026-09-01T13:13:41.120043+00:00,94.629,0.0003,0.0,0.15,-0.0002,0.0003,8524.67,3,117.11,75.492,step
2026-09-01T13:13:41.121407+00:00,94.003,0.0003,0.0,0.15,-0.0003,0.0002,8469.6,3,116.56,75.514,step
2026-09-01T13:13:41.122713+00:00,93.377,0.0002,0.0,0.15,-0.0003,0.0001,8414.74,3,116.012,75.536,step
2026-09-01T13:13:41.124007+00:00,92.754,0.0001,0.0,0.15,-0.0003,-0.0,8359.83,3,115.467,75.558,step
2026-09-01T13:13:41.125327+00:00,92.135,0.0001,0.0,0.15,-0.0003,-0.0001,8304.98,3,114.925,75.58,step
2026-09-01T13:13:41.126695+00:00,91.519,0.0,0.15,0.0,-0.0003,-0.0002,8250.05,3,114.385,75.602,step
2026-09-01T13:13:41.128079+00:00,91.35,-0.0,0.15,0.0,-0.0003,-0.0003,8381.36,3,113.841,75.624,step
2026-09-01T13:13:41.129377+00:00,91.372,-0.0,0.15,0.0,-0.0004,-0.0003,8381.55,3,113.287,75.646,step
2026-09-01T13:13:41.130725+00:00,91.395,-0.0,0.15,0.0,-0.0004,-0.0003,8381.52,3,112.73,75.668,step
2026-09-01T13:13:41.132056+00:00,91.417,-0.0,0.15,0.0,-0.0004,-0.0003,8383.08,3,112.171,75.69,step
2026-09-01T13:13:41.133387+00:00,91.439,-0.0,0.15,0.0,-0.0004,-0.0003,8385.34,3,111.612,75.712,step
2026-09-01T13:13:41.134741+00:00,91.46,-0.0,0.15,0.0,-0.0004,-0.0003,8388.21,3,111.052,75.734,step
2026-09-01T13:13:41.136221+00:00,91.481,-0.0001,0.15,0.0,-0.0003,-0.0003,8390.91,3,110.493,75.756,step
2026-09-01T13:13:41.137488+00:00,91.503,-0.0001,0.15,0.0,-0.0002,-0.0003,8393.21,3,109.934,75.778,step
2026-09-01T13:13:41.138785+00:00,91.525,-0.0001,0.15,0.0,-0.0002,-0.0003,8395.23,3,109.375,75.8,step
2026-09-01T13:13:41.140094+00:00,91.546,-0.0002,0.15,0.0,-0.0001,-0.0003,8397.1,3,108.817,75.822,step
2026-09-01T13:13:41.141391+00:00,91.568,-0.0002,0.15,0.0,-0.0001,-0.0003,8398.9,3,108.257,75.844,step
2026-09-01T13:13:41.142762+00:00,91.589,-0.0002,0.15,0.0,-0.0001,-0.0003,8400.69,3,107.697,75.866,step
2026-09-01T13:13:41.144201+00:00,91.61,-0.0002,0.15,0.0,-0.0001,-0.0003,8402.5,3,107.137,75.888,step
2026-09-01T13:13:41.145534+00:00,91.631,-0.0002,0.15,0.0,-0.0,-0.0003,8404.35,3,106.577,75.91,step
2026-09-01T13:13:41.146870+00:00,91.651,-0.0002,0.15,0.0,-0.0,-0.0003,8406.25,3,106.017,75.932,step
2026-09-01T13:13:41.148168+00:00,91.672,-0.0002,0.15,0.0,-0.0,-0.0003,8407.69,3,105.457,75.954,step
2026-09-01T13:13:41.149467+00:00,91.693,-0.0002,0.15,0.0,-0.0,-0.0003,8409.16,3,104.896,75.976,step
2026-09-01T13:13:41.150773+00:00,91.713,-0.0002,0.15,0.0,-0.0,-0.0003,8411.28,3,104.335,75.998,step
2026-09-01T13:13:41.152162+00:00,91.734,-0.0002,0.15,0.0,-0.0001,-0.0003,8413.64,3,103.774,76.02,step
2026-09-01T13:13:41.153454+00:00,91.754,-0.0002,0.15,0.0,-0.0001,-0.0003,8415.82,3,103.213,76.042,step
2026-09-01T13:13:41.154746+00:00,91.775,-0.0002,0.15,0.0,-0.0,-0.0003,8417.82,3,102.653,76.064,step
2026-09-01T13:13:41.156040+00:00,91.795,-0.0003,0.15,0.0,0.0001,-0.0003,8419.7,3,102.093,76.086,step
2026-09-01T13:13:41.157274+00:00,91.816,-0.0003,0.15,0.0,0.0001,-0.0003,8421.53,3,101.532,76.108,step
2026-09-01T13:13:41.158562+00:00,91.836,-0.0003,0.15,0.0,0.0002,-0.0003,8423.34,3,100.971,76.13,step
2026-09-01T13:13:41.159865+00:00,91.856,-0.0003,0.15,0.0,0.0002,-0.0003,8425.14,3,100.41,76.152,step
2026-09-01T13:13:41.161288+00:00,91.876,-0.0004,0.15,0.0,0.0003,-0.0003,8426.89,3,99.8485,76.174,step
2026-09-01T13:13:41.162616+00:00,91.896,-0.0004,0.15,0.0,0.0003,-0.0003,8428.64,3,99.2875,76.196,step
2026-09-01T13:13:41.163910+00:00,91.916,-0.0004,0.15,0.0,0.0004,-0.0003,8430.43,3,98.7259,76.218,step
2026-09-01T13:13:41.165190+00:00,91.936,-0.0004,0.15,0.0,0.0004,-0.0003,8432.24,3,98.1638,76.24,step
2026-09-01T13:13:41.166457+00:00,91.956,-0.0004,0.15,0.0,0.0004,-0.0003,8433.32,3,97.6017,76.262,step
2026-09-01T13:13:41.167737+00:00,91.975,-0.0004,0.15,0.0,0.0004,-0.0003,8434.95,3,97.0395,76.284,step
2026-09-01T13:13:41.169063+00:00,91.994,-0.0004,0.15,0.0,0.0004,-0.0003,8436.99,3,96.4774,76.306,step
2026-09-01T13:13:41.170362+00:00,92.013,-0.0004,0.0,0.15,0.0004,-0.0003,8439.23,3,95.9152,76.328,step
2026-09-01T13:13:41.171683+00:00,91.59,-0.0005,0.15,0.0,0.0004,-0.0003,8260.87,3,95.3589,76.35,step
2026-09-01T13:13:41.173019+00:00,91.415,-0.0005,0.15,0.0,0.0004,-0.0003,8387.06,3,94.8066,76.372,step
2026-09-01T13:13:41.174327+00:00,91.436,-0.0005,0.15,0.0,0.0005,-0.0003,8387.79,3,94.25,76.394,step
2026-09-01T13:13:41.175675+00:00,91.456,-0.0005,0.15,0.0,0.0005,-0.0003,8389.1,3,93.6865,76.416,step
2026-09-01T13:13:41.177011+00:00,91.477,-0.0005,0.15,0.0,0.0006,-0.0003,8390.55,3,93.1171,76.438,step
2026-09-01T13:13:41.178301+00:00,91.497,-0.0005,0.15,0.0,0.0006,-0.0002,8392.1,3,92.5458,76.46,step
2026-09-01T13:13:41.179566+00:00,91.517,-0.0005,0.15,0.0,0.0007,-0.0002,8393.78,3,91.979,76.482,step
2026-09-01T13:13:41.180839+00:00,91.537,-0.0005,0.15,0.0,0.0008,-0.0002,8395.61,3,91.4175,76.504,step
2026-09-01T13:13:41.182094+00:00,91.557,-0.0005,0.15,0.0,0.0008,-0.0001,8397.55,3,90.8521,76.526,step
2026-09-01T13:13:41.183345+00:00,91.577,-0.0005,0.15,0.0,0.0008,-0.0001,8399.55,3,90.2867,76.548,step
2026-09-01T13:13:41.184596+00:00,91.597,-0.0005,0.15,0.0,0.0008,-0.0001,8400.53,3,89.7249,76.57,step
2026-09-01T13:13:41.186011+00:00,91.617,-0.0005,0.15,0.0,0.0008,-0.0001,8402.34,3,89.1646,76.592,step
2026-09-01T13:13:41.187281+00:00,91.636,-0.0005,0.15,0.0,0.0009,-0.0001,8404.48,3,88.6047,76.614,step
2026-09-01T13:13:41.188541+00:00,91.655,-0.0005,0.15,0.0,0.0009,-0.0001,8406.65,3,88.045,76.636,step
2026-09-01T13:13:41.189812+00:00,91.675,-0.0005,0.15,0.0,0.0009,-0.0001,8408.62,3,87.4796,76.658,step
2026-09-01T13:13:41.191059+00:00,91.694,-0.0005,0.15,0.0,0.0009,-0.0,8410.48,3,86.9138,76.68,step
2026-09-01T13:13:41.192337+00:00,91.713,-0.0004,0.15,0.0,0.0009,-0.0,8412.25,3,86.3512,76.702,step
2026-09-01T13:13:41.193680+00:00,91.733,-0.0004,0.15,0.0,0.0008,-0.0,8414.0,3,85.7898,76.724,step
2026-09-01T13:13:41.195013+00:00,91.752,-0.0004,0.15,0.0,0.0008,-0.0,8415.73,3,85.2288,76.746,step
2026-09-01T13:13:41.196283+00:00,91.772,-0.0004,0.15,0.0,0.0008,-0.0,8417.42,3,84.6681,76.768,step
2026-09-01T13:13:41.197542+00:00,91.791,-0.0004,0.15,0.0,0.0008,-0.0,8419.08,3,84.1065,76.79,step
2026-09-01T13:13:41.198823+00:00,91.809,-0.0004,0.15,0.0,0.0007,-0.0,8420.76,3,83.5449,76.812,step
2026-09-01T13:13:41.200044+00:00,91.828,-0.0004,0.15,0.0,0.0007,-0.0,8422.46,3,82.9833,76.834,step
2026-09-01T13:13:41.201313+00:00,91.847,-0.0004,0.15,0.0,0.0007,-0.0,8424.2,3,82.4226,76.856,step
2026-09-01T13:13:41.202616+00:00,91.866,-0.0004,0.15,0.0,0.0008,-0.0,8425.02,3,81.8619,76.878,step
2026-09-01T13:13:41.203893+00:00,91.884,-0.0004,0.15,0.0,0.0008,-0.0,8426.75,3,81.3013,76.9,step
2026-09-01T13:13:41.205153+00:00,91.903,-0.0004,0.15,0.0,0.0009,-0.0,8428.79,3,80.7401,76.922,step
2026-09-01T13:13:41.206363+00:00,91.921,-0.0004,0.15,0.0,0.0009,-0.0,8430.89,3,80.1783,76.944,step
2026-09-01T13:13:41.207581+00:00,91.939,-0.0005,0.15,0.0,0.0009,-0.0,8432.8,3,79.6164,76.966,step
2026-09-01T13:13:41.208834+00:00,91.957,-0.0005,0.15,0.0,0.0009,-0.0,8434.56,3,79.0547,76.988,step
2026-09-01T13:13:41.210080+00:00,91.976,-0.0005,0.15,0.0,0.0009,-0.0,8436.24,3,78.4928,77.01,step
2026-09-01T13:13:41.211450+00:00,91.994,-0.0005,0.15,0.0,0.0009,-0.0,8437.88,3,77.931,77.032,step
2026-09-01T13:13:41.212724+00:00,92.013,-0.0005,0.0,0.15,0.0009,-0.0,8439.51,3,77.3691,77.054,step
2026-09-01T13:13:41.214001+00:00,91.585,-0.0005,0.15,0.0,0.0009,0.0,8260.65,3,76.8048,77.076,step
2026-09-01T13:13:41.215253+00:00,91.411,-0.0004,0.15,0.0,0.0009,0.0,8386.49,3,76.2414,77.098,step
2026-09-01T13:13:41.216513+00:00,91.431,-0.0004,0.15,0.0,0.0009,0.0,8387.15,3,75.6812,77.12,step
2026-09-01T13:13:41.217833+00:00,91.45,-0.0004,0.15,0.0,0.0008,0.0,8388.34,3,75.1213,77.142,step
2026-09-01T13:13:41.219167+00:00,91.469,-0.0004,0.15,0.0,0.0008,0.0,8389.64,3,74.5615,77.164,step
2026-09-01T13:13:41.220449+00:00,91.488,-0.0003,0.15,0.0,0.0008,0.0,8390.18,3,74.0019,77.186,step
2026-09-01T13:13:41.221702+00:00,91.507,-0.0003,0.15,0.0,0.0007,0.0,8391.91,3,73.4424,77.208,step
2026-09-01T13:13:41.222978+00:00,91.525,-0.0003,0.15,0.0,0.0007,0.0,8394.06,3,72.8836,77.23,step
2026-09-01T13:13:41.224254+00:00,91.543,-0.0004,0.15,0.0,0.0008,0.0,8396.37,3,72.3251,77.252,step
2026-09-01T13:13:41.225510+00:00,91.561,-0.0004,0.15,0.0,0.0008,0.0,8398.39,3,71.7656,77.274,step
2026-09-01T13:13:41.226780+00:00,91.58,-0.0004,0.15,0.0,0.0008,0.0,8400.21,3,71.2061,77.296,step
2026-09-01T13:13:41.228173+00:00,91.599,-0.0004,0.15,0.0,0.0008,0.0,8401.9,3,70.6466,77.318,step
2026-09-01T13:13:41.229442+00:00,91.617,-0.0004,0.15,0.0,0.0009,0.0,8403.52,3,70.0871,77.34,step
2026-09-01T13:13:41.230752+00:00,91.636,-0.0004,0.15,0.0,0.0009,0.0,8405.13,3,69.5276,77.362,step
2026-09-01T13:13:41.232069+00:00,91.654,-0.0004,0.15,0.0,0.0009,0.0,8406.7,3,68.9682,77.384,step
2026-09-01T13:13:41.233401+00:00,91.672,-0.0004,0.15,0.0,0.0009,0.0,8408.25,3,68.4078,77.406,step
2026-09-01T13:13:41.234715+00:00,91.69,-0.0004,0.15,0.0,0.0009,0.0,8409.84,3,67.8474,77.428,step
2026-09-01T13:13:41.236138+00:00,91.708,-0.0004,0.15,0.0,0.0009,0.0,8411.47,3,67.2867,77.45,step
2026-09-01T13:13:41.237402+00:00,91.725,-0.0004,0.15,0.0,0.0009,0.0,8413.14,3,66.7261,77.472,step
2026-09-01T13:13:41.238708+00:00,91.743,-0.0004,0.15,0.0,0.0008,0.0,8413.83,3,66.1654,77.494,step
2026-09-01T13:13:41.240006+00:00,91.761,-0.0004,0.15,0.0,0.0008,0.0,8415.58,3,65.6047,77.516,step
2026-09-01T13:13:41.241318+00:00,91.778,-0.0004,0.15,0.0,0.0008,0.0,8417.62,3,65.0439,77.538,step
2026-09-01T13:13:41.242568+00:00,91.796,-0.0003,0.15,0.0,0.0007,0.0,8419.58,3,64.4821,77.56,step
2026-09-01T13:13:41.243851+00:00,91.813,-0.0003,0.15,0.0,0.0007,0.0,8421.35,3,63.9203,77.582,step
2026-09-01T13:13:41.245110+00:00,91.83,-0.0003,0.15,0.0,0.0006,0.0,8423.01,3,63.3585,77.604,step
2026-09-01T13:13:41.246368+00:00,91.848,-0.0003,0.15,0.0,0.0006,0.0,8424.58,3,62.7974,77.626,step
2026-09-01T13:13:41.247608+00:00,91.865,-0.0003,0.15,0.0,0.0007,0.0,8426.13,3,62.2368,77.648,step
2026-09-01T13:13:41.248864+00:00,91.883,-0.0003,0.15,0.0,0.0007,0.0,8427.67,3,61.6762,77.67,step
2026-09-01T13:13:41.250168+00:00,91.9,-0.0003,0.15,0.0,0.0008,0.0,8429.15,3,61.115,77.692,step
2026-09-01T13:13:41.251478+00:00,91.917,-0.0004,0.15,0.0,0.0008,0.0,8430.63,3,60.5533,77.714,step
2026-09-01T13:13:41.252903+00:00,91.934,-0.0004,0.15,0.0,0.0008,0.0,8432.14,3,59.9914,77.736,step
2026-09-01T13:13:41.254192+00:00,91.951,-0.0004,0.0,0.15,0.0008,0.0,8433.69,3,59.4296,77.758,step
2026-09-01T13:13:41.255462+00:00,91.525,-0.0003,0.0,0.15,0.0008,0.0001,8255.77,3,58.8659,77.78,step
2026-09-01T13:13:41.256684+00:00,90.903,-0.0003,0.0,0.15,0.0008,0.0001,8198.28,3,58.3014,77.802,step
2026-09-01T13:13:41.257915+00:00,90.285,-0.0002,0.0,0.15,0.0008,0.0002,8139.44,3,57.739,77.824,step
2026-09-01T13:13:41.259171+00:00,89.67,-0.0002,0.0,0.15,0.0008,0.0003,8082.83,3,57.1803,77.846,step
2026-09-01T13:13:41.260529+00:00,89.057,-0.0001,0.0,0.15,0.0008,0.0003,8027.82,3,56.6252,77.868,step
2026-09-01T13:13:41.261758+00:00,88.448,-0.0,0.0,0.15,0.0007,0.0004,7973.67,3,56.0742,77.89,step
2026-09-01T13:13:41.263026+00:00,87.841,0.0,0.0,0.15,0.0007,0.0005,7919.88,3,55.5271,77.912,step
2026-09-01T13:13:41.264266+00:00,87.236,0.0001,0.0,0.15,0.0007,0.0005,7866.2,3,54.984,77.934,step
2026-09-01T13:13:41.265493+00:00,86.633,0.0002,0.0,0.15,0.0007,0.0006,7812.56,3,54.4449,77.956,step
2026-09-01T13:13:41.266747+00:00,86.032,0.0002,0.0,0.15,0.0006,0.0007,7758.95,3,53.91,77.978,step
2026-09-01T13:13:41.268008+00:00,85.432,0.0003,0.0,0.15,0.0006,0.0007,7705.32,3,53.3788,78.0,step
2026-09-01T13:13:41.269490+00:00,84.835,0.0004,0.0,0.15,0.0005,0.0008,7651.99,3,52.8518,78.022,step
2026-09-01T13:13:41.270782+00:00,84.241,0.0004,0.0,0.15,0.0005,0.0009,7598.75,3,52.3291,78.044,step
2026-09-01T13:13:41.272132+00:00,83.649,0.0005,0.0,0.15,0.0004,0.0009,7545.65,3,51.8099,78.066,step
2026-09-01T13:13:41.273429+00:00,83.058,0.0006,0.0,0.15,0.0004,0.0009,7492.71,3,51.2974,78.088,step
2026-09-01T13:13:41.274729+00:00,82.468,0.0006,0.0,0.15,0.0003,0.0009,7441.77,3,50.7915,78.11,step
2026-09-01T13:13:41.276005+00:00,81.881,0.0006,0.0,0.15,0.0002,0.0009,7389.17,3,50.2903,78.132,step
2026-09-01T13:13:41.277466+00:00,81.296,0.0007,0.0,0.15,0.0001,0.0009,7335.88,3,49.7933,78.154,step
2026-09-01T13:13:41.278738+00:00,80.713,0.0007,0.0,0.15,0.0001,0.0009,7282.86,3,49.3003,78.176,step
2026-09-01T13:13:41.280037+00:00,80.132,0.0007,0.0,0.15,0.0,0.0009,7230.35,3,48.8108,78.198,step
2026-09-01T13:13:41.281331+00:00,79.553,0.0007,0.0,0.15,-0.0,0.0009,7178.28,2,48.3249,78.22,step
2026-09-01T13:13:41.282641+00:00,78.996,0.0007,0.0,0.15,-0.0001,0.0009,9021.5,2,47.8434,78.242,step
2026-09-01T13:13:41.283903+00:00,78.455,0.0007,0.0,0.15,-0.0002,0.0008,8998.16,2,47.3674,78.264,step
2026-09-01T13:13:41.285298+00:00,77.87,0.0007,0.0,0.15,-0.0002,0.0007,8821.03,2,46.8968,78.286,step
2026-09-01T13:13:41.286527+00:00,77.231,0.0006,0.0,0.15,-0.0003,0.0006,8747.8,2,46.4362,78.308,step
2026-09-01T13:13:41.287798+00:00,76.593,0.0005,0.0,0.15,-0.0003,0.0005,8676.25,2,45.9821,78.33,step
2026-09-01T13:13:41.289101+00:00,75.96,0.0004,0.0,0.15,-0.0004,0.0003,8605.74,2,45.5325,78.352,step
2026-09-01T13:13:41.290372+00:00,75.331,0.0003,0.0,0.15,-0.0004,0.0002,8535.83,2,45.0842,78.374,step
2026-09-01T13:13:41.291611+00:00,74.705,0.2003,0.0,0.15,-0.0004,0.0001,8466.26,2,44.6371,78.396,step
2026-09-01T13:13:41.292901+00:00,74.092,0.1981,0.0,0.15,-0.0002,-0.0025,8397.52,2,44.4389,78.418,step
2026-09-01T13:13:41.294280+00:00,73.429,0.1921,0.0,0.15,0.0007,-0.0094,8320.81,2,44.6833,78.44,step
2026-09-01T13:13:41.295531+00:00,72.786,-0.0159,0.0,0.15,0.0022,-0.0185,8246.84,2,45.1305,78.462,step
2026-09-01T13:13:41.296838+00:00,72.174,-0.0225,0.0,0.15,0.0042,-0.0255,8181.53,2,45.3761,78.484,step
2026-09-01T13:13:41.298121+00:00,71.551,-0.0249,0.0,0.15,0.006,-0.0273,8115.27,2,45.1183,78.506,step
2026-09-01T13:13:41.299381+00:00,70.942,0.1744,0.0,0.15,0.0078,-0.0272,8047.05,2,44.6622,78.528,step
2026-09-01T13:13:41.300684+00:00,70.348,0.1722,0.0,0.15,0.0097,-0.0287,7979.8,2,44.3785,78.55,step
2026-09-01T13:13:41.302089+00:00,69.708,0.1663,0.0,0.15,0.0123,-0.0344,7906.02,2,44.4922,78.572,step
2026-09-01T13:13:41.303398+00:00,69.088,0.1587,0.0,0.15,0.0154,-0.0419,7834.22,2,44.779,78.594,step
2026-09-01T13:13:41.304662+00:00,68.481,-0.0495,0.8,0.0,0.0191,-0.05,7765.4,2,45.115,78.616,step
2026-09-01T13:13:41.305950+00:00,68.874,-0.0558,0.8,0.0,0.023,-0.0553,8846.84,2,45.1924,78.638,step
2026-09-01T13:13:41.307228+00:00,69.697,0.1422,0.0,0.15,0.0267,-0.0556,9287.75,2,44.7919,78.66,step
2026-09-01T13:13:41.308562+00:00,69.92,0.14,0.0,0.15,0.0304,-0.056,7946.53,2,44.3953,78.682,step
2026-09-01T13:13:41.309883+00:00,69.287,0.1353,0.0,0.15,0.0346,-0.0592,7876.15,2,44.2641,78.704,step
2026-09-01T13:13:41.311321+00:00,68.656,0.129,0.0,0.15,0.0393,-0.0642,7793.75,2,44.2904,78.726,step
2026-09-01T13:13:41.312640+00:00,68.046,0.1217,0.0,0.15,0.0443,-0.0701,7717.62,2,44.4066,78.748,step
2026-09-01T13:13:41.313992+00:00,67.446,0.114,0.0,0.15,0.0497,-0.0764,7647.69,2,44.5522,78.77,step
2026-09-01T13:13:41.315303+00:00,66.852,0.1062,0.0,0.15,0.0555,-0.0826,7581.67,2,44.6878,78.792,step
2026-09-01T13:13:41.316598+00:00,66.263,0.0985,0.0,0.15,0.0616,-0.0884,7517.46,2,44.7927,78.814,step
2026-09-01T13:13:41.317939+00:00,65.678,0.091,0.0,0.15,0.068,-0.0938,7453.7,2,44.8583,78.836,step
2026-09-01T13:13:41.319378+00:00,65.095,0.0837,0.0,0.15,0.0746,-0.0987,7389.79,2,44.8846,78.858,step
2026-09-01T13:13:41.320758+00:00,64.515,0.0767,0.0,0.15,0.0815,-0.1032,7327.5,2,44.8742,78.88,step
2026-09-01T13:13:41.322086+00:00,63.938,0.0699,0.0,0.15,0.0886,-0.1072,7263.25,2,44.8275,78.902,step
2026-09-01T13:13:41.323413+00:00,63.365,0.0634,0.0,0.15,0.0959,-0.1109,7198.44,2,44.7487,78.924,step
2026-09-01T13:13:41.324771+00:00,62.795,0.057,0.0,0.15,0.1033,-0.1141,7133.62,2,44.6399,78.946,step
2026-09-01T13:13:41.326111+00:00,62.227,0.0509,0.0,0.15,0.1109,-0.1171,7069.39,2,44.504,78.968,step
2026-09-01T13:13:41.327484+00:00,61.66,0.045,0.0,0.15,0.1185,-0.1197,7005.64,2,44.344,78.99,step
2026-09-01T13:13:41.328817+00:00,61.096,0.0393,0.0,0.15,0.1262,-0.122,6942.37,2,44.161,79.012,step
2026-09-01T13:13:41.330165+00:00,60.534,0.0338,0.0,0.15,0.134,-0.124,6879.39,2,43.9555,79.034,step
2026-09-01T13:13:41.331491+00:00,59.975,0.0285,0.0,0.15,0.1418,-0.1258,6816.65,2,43.7301,79.056,step
2026-09-01T13:13:41.332819+00:00,59.418,0.0234,0.0,0.15,0.1495,-0.1273,6754.13,2,43.4852,79.078,step
2026-09-01T13:13:41.334181+00:00,58.863,0.0185,0.0,0.15,0.1573,-0.1285,6691.81,2,43.222,79.1,step
2026-09-01T13:13:41.335721+00:00,58.311,0.0139,0.0,0.15,0.1651,-0.1295,6629.64,2,42.944,79.122,step
2026-09-01T13:13:41.337070+00:00,57.76,0.0094,0.0,0.15,0.1728,-0.1303,6567.64,2,42.6516,79.144,step
2026-09-01T13:13:41.338503+00:00,57.211,0.0051,0.0,0.15,0.1805,-0.1308,6505.77,2,42.3447,79.166,step
2026-09-01T13:13:41.339861+00:00,56.664,0.001,0.0,0.15,0.1881,-0.1312,6444.2,2,42.0251,79.188,step
2026-09-01T13:13:41.341262+00:00,56.12,-0.0029,0.0,0.15,0.1957,-0.1314,6382.78,2,41.6946,79.21,step
2026-09-01T13:13:41.342666+00:00,55.577,-0.0067,0.0,0.15,0.2031,-0.1314,6321.51,2,41.3541,79.232,step
2026-09-01T13:13:41.344205+00:00,55.036,-0.0099,0.0,0.15,0.2105,-0.1308,6260.42,2,41.004,79.254,step
2026-09-01T13:13:41.345631+00:00,54.497,-0.0094,0.0,0.15,0.2176,-0.1258,6199.49,2,40.6448,79.276,step
2026-09-01T13:13:41.347099+00:00,53.959,-0.0088,0.0,0.15,0.2243,-0.1207,6138.77,2,40.2853,79.298,step
2026-09-01T13:13:41.348531+00:00,53.423,-0.008,0.0,0.15,0.2307,-0.1158,6078.22,2,39.9293,79.32,step
2026-09-01T13:13:41.349952+00:00,52.889,-0.0071,0.0,0.15,0.2368,-0.1108,6018.37,2,39.5788,79.342,step
2026-09-01T13:13:41.351423+00:00,52.355,-0.0061,0.0,0.15,0.2426,-0.106,5958.49,2,39.2346,79.364,step
2026-09-01T13:13:41.352975+00:00,51.825,-0.005,0.0,0.15,0.248,-0.1012,5898.18,2,38.8971,79.386,step
2026-09-01T13:13:41.354421+00:00,51.296,-0.0039,0.0,0.15,0.2532,-0.0966,5837.99,2,38.5659,79.408,step
2026-09-01T13:13:41.355921+00:00,50.768,-0.0026,0.0,0.15,0.2581,-0.092,5778.08,2,38.241,79.43,step
2026-09-01T13:13:41.357435+00:00,50.242,-0.0013,0.0,0.15,0.2626,-0.0875,5718.46,2,37.9225,79.452,step
2026-09-01T13:13:41.358952+00:00,49.718,0.0001,0.0,0.15,0.267,-0.0831,5659.07,1,37.6115,79.474,step
2026-09-01T13:13:41.360508+00:00,49.201,0.0015,0.0,0.15,0.271,-0.0788,7592.3,1,37.3076,79.496,step
2026-09-01T13:13:41.362013+00:00,48.689,0.003,0.0,0.15,0.2748,-0.0745,7580.2,1,37.01,79.518,step
2026-09-01T13:13:41.363445+00:00,48.143,0.0046,0.0,0.15,0.2784,-0.0702,7338.24,1,36.7189,79.54,step
2026-09-01T13:13:41.364843+00:00,47.567,0.0063,0.0,0.15,0.2818,-0.0661,7251.52,1,36.434,79.562,step
2026-09-01T13:13:41.366269+00:00,46.996,0.0079,0.15,0.0,0.2849,-0.062,7165.65,1,36.1557,79.584,step
2026-09-01T13:13:41.367693+00:00,46.986,0.0097,0.15,0.0,0.2878,-0.0581,7352.51,1,35.8838,79.606,step
2026-09-01T13:13:41.369176+00:00,47.118,0.0114,0.0,0.15,0.2905,-0.0542,7368.97,1,35.6151,79.628,step
2026-09-01T13:13:41.370674+00:00,46.686,0.0132,0.15,0.0,0.293,-0.0503,7129.51,1,35.351,79.65,step
2026-09-01T13:13:41.372115+00:00,46.686,0.0151,0.15,0.0,0.2954,-0.0466,7300.81,1,35.0928,79.672,step
2026-09-01T13:13:41.373612+00:00,46.817,0.017,0.15,0.0,0.2976,-0.0428,7319.84,1,34.8351,79.694,step
2026-09-01T13:13:41.375055+00:00,46.948,0.0189,0.15,0.0,0.2996,-0.0391,7339.33,1,34.5798,79.716,step
2026-09-01T13:13:41.376508+00:00,47.078,0.0209,0.0,0.15,0.3015,-0.0354,7359.3,1,34.3274,79.738,step
2026-09-01T13:13:41.378107+00:00,46.645,0.0229,0.15,0.0,0.3032,-0.0319,7121.66,1,34.0816,79.76,step
2026-09-01T13:13:41.379513+00:00,46.645,0.0249,0.15,0.0,0.3047,-0.0284,7296.47,1,33.843,79.782,step
2026-09-01T13:13:41.380960+00:00,46.776,0.027,0.15,0.0,0.3061,-0.0249,7314.88,1,33.6045,79.804,step
2026-09-01T13:13:41.382358+00:00,46.907,0.0292,0.15,0.0,0.3074,-0.0214,7334.17,1,33.3682,79.826,step
2026-09-01T13:13:41.383780+00:00,47.038,0.0315,0.0,0.15,0.3085,-0.0179,7353.58,1,33.1343,79.848,step
2026-09-01T13:13:41.385314+00:00,46.604,0.0337,0.15,0.0,0.3094,-0.0145,7115.5,1,32.9072,79.87,step
2026-09-01T13:13:41.386748+00:00,46.607,0.0359,0.15,0.0,0.3102,-0.0113,7290.6,1,32.6886,79.892,step
2026-09-01T13:13:41.388164+00:00,46.739,0.0381,0.15,0.0,0.3108,-0.0081,7308.88,1,32.4694,79.914,step
2026-09-01T13:13:41.389611+00:00,46.869,0.0404,0.15,0.0,0.3113,-0.0049,7328.04,1,32.2519,79.936,step
2026-09-01T13:13:41.391057+00:00,47.0,0.0427,0.15,0.0,0.3117,-0.0018,7347.35,1,32.0364,79.958,step
2026-09-01T13:13:41.392521+00:00,47.13,0.0451,0.0,0.15,0.3119,0.0013,7367.01,1,31.8242,79.98,step
2026-09-01T13:13:41.393970+00:00,46.697,0.0473,0.15,0.0,0.312,0.0042,7129.37,1,31.6202,80.002,step
2026-09-01T13:13:41.395459+00:00,46.702,0.0496,0.15,0.0,0.312,0.007,7304.44,1,31.4236,80.024,step
2026-09-01T13:13:41.396901+00:00,46.833,0.0519,0.15,0.0,0.3119,0.0098,7322.9,1,31.2258,80.046,step
2026-09-01T13:13:41.398303+00:00,46.963,0.0543,0.15,0.0,0.3116,0.0126,7342.09,1,31.0299,80.068,step
2026-09-01T13:13:41.399726+00:00,47.093,0.0568,0.0,0.15,0.3112,0.0155,7361.43,1,30.8361,80.09,step
2026-09-01T13:13:41.401180+00:00,46.658,0.0592,0.15,0.0,0.3107,0.0181,7123.61,1,30.651,80.112,step
2026-09-01T13:13:41.402716+00:00,46.667,0.0615,0.15,0.0,0.3101,0.0207,7298.4,1,30.4736,80.134,step
2026-09-01T13:13:41.404083+00:00,46.797,0.0639,0.15,0.0,0.3094,0.0233,7316.93,1,30.293,80.156,step
2026-09-01T13:13:41.405506+00:00,46.927,0.0663,0.15,0.0,0.3086,0.0258,7336.23,1,30.1148,80.178,step
2026-09-01T13:13:41.406941+00:00,47.057,0.0688,0.0,0.15,0.3076,0.0283,7355.48,1,29.9381,80.2,step
2026-09-01T13:13:41.408343+00:00,46.622,0.0711,0.15,0.0,0.3066,0.0305,7118.29,1,29.7712,80.222,step
2026-09-01T13:13:41.409837+00:00,46.634,0.0734,0.15,0.0,0.3054,0.0327,7292.81,1,29.6116,80.244,step
2026-09-01T13:13:41.411246+00:00,46.763,0.0758,0.15,0.0,0.3042,0.0349,7311.35,1,29.4484,80.266,step
2026-09-01T13:13:41.412658+00:00,46.892,0.0782,0.15,0.0,0.3029,0.037,7330.34,1,29.287,80.288,step
2026-09-01T13:13:41.414073+00:00,47.021,0.0806,0.0,0.15,0.3015,0.0392,7349.55,1,29.1273,80.31,step
2026-09-01T13:13:41.415451+00:00,46.587,0.0829,0.15,0.0,0.3,0.0411,7112.87,1,28.9774,80.332,step
2026-09-01T13:13:41.416795+00:00,46.6,0.0851,0.15,0.0,0.2985,0.043,7287.31,1,28.8353,80.354,step
2026-09-01T13:13:41.418192+00:00,46.729,0.0875,0.15,0.0,0.2968,0.0449,7305.72,1,28.6882,80.376,step
2026-09-01T13:13:41.419738+00:00,46.858,0.0899,0.15,0.0,0.2951,0.0469,7324.68,1,28.543,80.398,step
2026-09-01T13:13:41.421152+00:00,46.986,0.0923,0.15,0.0,0.2933,0.0487,7343.76,1,28.3994,80.42,step
2026-09-01T13:13:41.422539+00:00,47.114,0.0947,0.0,0.15,0.2914,0.0506,7363.03,1,28.2571,80.442,step
2026-09-01T13:13:41.423933+00:00,46.678,0.097,0.15,0.0,0.2895,0.0522,7127.0,1,28.1254,80.464,step
2026-09-01T13:13:41.425346+00:00,46.694,0.0991,0.15,0.0,0.2875,0.0536,7301.75,1,28.0019,80.486,step
2026-09-01T13:13:41.426874+00:00,46.822,0.1014,0.15,0.0,0.2855,0.0551,7319.88,1,27.8737,80.508,step
2026-09-01T13:13:41.428281+00:00,46.949,0.1036,0.15,0.0,0.2833,0.0566,7338.73,1,27.7451,80.53,step
2026-09-01T13:13:41.429690+00:00,47.076,0.1059,0.0,0.15,0.2811,0.0581,7357.69,1,27.6188,80.552,step
2026-09-01T13:13:41.431071+00:00,46.64,0.108,0.15,0.0,0.2789,0.0593,7120.58,1,27.5028,80.574,step
2026-09-01T13:13:41.432477+00:00,46.658,0.11,0.15,0.0,0.2767,0.0604,7295.85,1,27.394,80.596,step
2026-09-01T13:13:41.433819+00:00,46.785,0.1121,0.15,0.0,0.2744,0.0617,7314.04,1,27.2793,80.618,step
2026-09-01T13:13:41.435193+00:00,46.912,0.1144,0.0,0.15,0.272,0.063,7332.71,1,27.1648,80.64,step
2026-09-01T13:13:41.436664+00:00,46.476,0.1164,0.15,0.0,0.2696,0.0641,7095.73,1,27.0594,80.662,step
2026-09-01T13:13:41.438070+00:00,46.496,0.1184,0.0,0.15,0.2672,0.065,7270.27,1,26.9607,80.684,step
2026-09-01T13:13:41.439452+00:00,46.061,0.1204,0.15,0.0,0.2647,0.0659,7030.69,1,26.8643,80.706,step
2026-09-01T13:13:41.440823+00:00,46.084,0.1222,0.0,0.15,0.2622,0.0667,7206.18,1,26.773,80.728,step
2026-09-01T13:13:41.442213+00:00,45.649,0.1241,0.15,0.0,0.2598,0.0675,6969.62,1,26.6834,80.75,step
2026-09-01T13:13:41.443691+00:00,45.676,0.1258,0.15,0.0,0.2573,0.0681,7142.79,1,26.5982,80.772,step
2026-09-01T13:13:41.445093+00:00,45.803,0.1277,0.0,0.15,0.2548,0.0689,7160.54,1,26.5063,80.794,step
2026-09-01T13:13:41.446515+00:00,45.368,0.1295,0.15,0.0,0.2523,0.0695,6929.79,1,26.4223,80.816,step
2026-09-01T13:13:41.447888+00:00,45.396,0.1311,0.0,0.15,0.2498,0.07,7098.05,1,26.3428,80.838,step
2026-09-01T13:13:41.449282+00:00,44.963,0.1328,0.15,0.0,0.2472,0.0705,6866.51,1,26.2642,80.86,step
2026-09-01T13:13:41.450746+00:00,44.992,0.1343,0.15,0.0,0.2447,0.0708,7036.04,1,26.1907,80.882,step
2026-09-01T13:13:41.452116+00:00,45.119,0.1361,0.0,0.15,0.2422,0.0715,7053.98,1,26.1087,80.904,step
2026-09-01T13:13:41.453463+00:00,44.687,0.1377,0.15,0.0,0.2396,0.072,6826.64,1,26.0344,80.926,step
2026-09-01T13:13:41.454841+00:00,44.717,0.1393,0.0,0.15,0.2371,0.0723,6992.25,1,25.9658,80.948,step
2026-09-01T13:13:41.456239+00:00,44.285,0.1408,0.15,0.0,0.2346,0.0727,6764.27,1,25.8983,80.97,step
2026-09-01T13:13:41.457571+00:00,44.318,0.1423,0.15,0.0,0.2321,0.0729,6930.6,1,25.8351,80.992,step
2026-09-01T13:13:41.458939+00:00,44.444,0.1439,0.0,0.15,0.2295,0.0733,6947.58,1,25.763,81.014,step
2026-09-01T13:13:41.460375+00:00,44.011,0.1454,0.15,0.0,0.227,0.0736,6726.19,1,25.6989,81.036,step
2026-09-01T13:13:41.461760+00:00,44.046,0.1468,0.15,0.0,0.2245,0.0737,6887.09,1,25.6394,81.058,step
2026-09-01T13:13:41.463165+00:00,44.172,0.1483,0.0,0.15,0.2219,0.074,6905.39,1,25.5721,81.08,step
2026-09-01T13:13:41.464539+00:00,43.739,0.1496,0.15,0.0,0.2194,0.0741,6683.51,1,25.5137,81.102,step
2026-09-01T13:13:41.465876+00:00,43.776,0.1508,0.15,0.0,0.2169,0.0741,6845.59,1,25.4599,81.124,step
2026-09-01T13:13:41.467248+00:00,43.901,0.1522,0.0,0.15,0.2144,0.0743,6863.73,1,25.3979,81.146,step
2026-09-01T13:13:41.468695+00:00,43.471,0.1535,0.15,0.0,0.2119,0.0743,6642.68,1,25.3439,81.168,step
2026-09-01T13:13:41.470055+00:00,43.507,0.1546,0.0,0.15,0.2095,0.0742,6803.84,1,25.2942,81.19,step
2026-09-01T13:13:41.471444+00:00,43.077,0.1559,0.15,0.0,0.207,0.0742,6581.84,1,25.2457,81.212,step
2026-09-01T13:13:41.472805+00:00,43.115,0.157,0.15,0.0,0.2046,0.0741,6743.17,1,25.2009,81.234,step
2026-09-01T13:13:41.474117+00:00,43.24,0.1583,0.15,0.0,0.2022,0.0743,6760.77,1,25.1463,81.256,step
2026-09-01T13:13:41.475468+00:00,43.365,0.1596,0.0,0.15,0.1998,0.0744,6778.62,1,25.0895,81.278,step
2026-09-01T13:13:41.476876+00:00,42.934,0.1608,0.15,0.0,0.1974,0.0743,6565.17,1,25.043,81.3,step
2026-09-01T13:13:41.478356+00:00,42.973,0.1618,0.15,0.0,0.195,0.0742,6718.72,1,25.0005,81.322,step
2026-09-01T13:13:41.479767+00:00,43.097,0.163,0.0,0.15,0.1926,0.0742,6737.27,1,24.9496,81.344,step
2026-09-01T13:13:41.481213+00:00,42.665,0.164,0.15,0.0,0.1903,0.074,6521.09,1,24.9082,81.366,step
2026-09-01T13:13:41.482559+00:00,42.707,0.165,0.15,0.0,0.188,0.0737,6679.32,1,24.8714,81.388,step
2026-09-01T13:13:41.483938+00:00,42.831,0.166,0.0,0.15,0.1857,0.0736,6697.04,1,24.8256,81.41,step
2026-09-01T13:13:41.485416+00:00,42.401,0.1669,0.15,0.0,0.1834,0.0732,6481.16,1,24.7883,81.432,step
2026-09-01T13:13:41.486755+00:00,42.443,0.1677,0.15,0.0,0.1811,0.0729,6638.02,1,24.7549,81.454,step
2026-09-01T13:13:41.488161+00:00,42.566,0.1687,0.0,0.15,0.1789,0.0727,6655.72,1,24.7116,81.476,step
2026-09-01T13:13:41.489512+00:00,42.138,0.1696,0.15,0.0,0.1767,0.0724,6441.77,1,24.677,81.498,step
2026-09-01T13:13:41.490860+00:00,42.179,0.1704,0.15,0.0,0.1745,0.0721,6596.72,1,24.6457,81.52,step
2026-09-01T13:13:41.492216+00:00,42.303,0.1714,0.15,0.0,0.1723,0.072,6614.64,1,24.605,81.542,step
2026-09-01T13:13:41.493567+00:00,42.426,0.1725,0.0,0.15,0.1701,0.0719,6632.56,1,24.562,81.564,step
2026-09-01T13:13:41.494948+00:00,41.997,0.1733,0.15,0.0,0.168,0.0716,6421.27,1,24.5295,81.586,step
2026-09-01T13:13:41.496330+00:00,42.039,0.1741,0.15,0.0,0.1658,0.0712,6573.15,1,24.5005,81.608,step
2026-09-01T13:13:41.497684+00:00,42.162,0.175,0.0,0.15,0.1637,0.071,6591.39,1,24.4625,81.63,step
2026-09-01T13:13:41.499034+00:00,41.731,0.1757,0.15,0.0,0.1616,0.0706,6380.7,1,24.4342,81.652,step
2026-09-01T13:13:41.500410+00:00,41.776,0.1763,0.15,0.0,0.1595,0.0701,6534.14,1,24.4102,81.674,step
2026-09-01T13:13:41.501783+00:00,41.898,0.1771,0.15,0.0,0.1575,0.0698,6551.75,1,24.3771,81.696,step
2026-09-01T13:13:41.503245+00:00,42.02,0.1779,0.0,0.15,0.1555,0.0696,6569.88,1,24.3418,81.718,step
2026-09-01T13:13:41.504667+00:00,41.591,0.1785,0.15,0.0,0.1535,0.0691,6359.7,1,24.3167,81.74,step
2026-09-01T13:13:41.506011+00:00,41.635,0.179,0.15,0.0,0.1516,0.0685,6512.65,1,24.2954,81.762,step
2026-09-01T13:13:41.507377+00:00,41.758,0.1797,0.0,0.15,0.1497,0.0682,6530.09,1,24.264,81.784,step
2026-09-01T13:13:41.508704+00:00,41.329,0.1803,0.15,0.0,0.1478,0.0677,6319.12,1,24.2417,81.806,step
2026-09-01T13:13:41.510092+00:00,41.374,0.1809,0.15,0.0,0.1459,0.0672,6472.39,1,24.2224,81.828,step
2026-09-01T13:13:41.511512+00:00,41.496,0.1816,0.15,0.0,0.144,0.067,6489.66,1,24.1937,81.85,step
2026-09-01T13:13:41.512845+00:00,41.618,0.1823,0.0,0.15,0.1422,0.0668,6507.44,1,24.164,81.872,step
2026-09-01T13:13:41.514198+00:00,41.189,0.1829,0.15,0.0,0.1404,0.0663,6299.25,1,24.144,81.894,step
2026-09-01T13:13:41.515535+00:00,41.235,0.1833,0.15,0.0,0.1386,0.0658,6447.95,1,24.1276,81.916,step
2026-09-01T13:13:41.516848+00:00,41.356,0.184,0.15,0.0,0.1368,0.0655,6466.11,1,24.101,81.938,step
2026-09-01T13:13:41.518205+00:00,41.477,0.1847,0.0,0.15,0.1351,0.0652,6484.44,1,24.073,81.96,step
2026-09-01T13:13:41.519698+00:00,41.045,0.1851,0.15,0.0,0.1333,0.0647,6277.49,1,24.0569,81.982,step
2026-09-01T13:13:41.521090+00:00,41.093,0.1854,0.15,0.0,0.1316,0.0641,6428.82,1,24.0448,82.004,step
2026-09-01T13:13:41.522455+00:00,41.215,0.186,0.15,0.0,0.13,0.0637,6446.03,1,24.0224,82.026,step
2026-09-01T13:13:41.523798+00:00,41.335,0.1865,0.0,0.15,0.1283,0.0633,6464.05,1,23.9984,82.048,step
2026-09-01T13:13:41.525139+00:00,40.907,0.1869,0.15,0.0,0.1267,0.0628,6255.87,1,23.9853,82.07,step
2026-09-01T13:13:41.526527+00:00,40.953,0.1871,0.15,0.0,0.1251,0.0621,6407.46,1,23.9752,82.092,step
2026-09-01T13:13:41.528017+00:00,41.074,0.1876,0.15,0.0,0.1235,0.0617,6424.7,1,23.9549,82.114,step
2026-09-01T13:13:41.529433+00:00,41.194,0.1882,0.0,0.15,0.122,0.0615,6442.54,1,23.9334,82.136,step
2026-09-01T13:13:41.530841+00:00,40.766,0.1886,0.15,0.0,0.1204,0.061,6235.05,1,23.9223,82.158,step
2026-09-01T13:13:41.532140+00:00,40.812,0.1889,0.15,0.0,0.1189,0.0605,6385.61,1,23.9147,82.18,step
2026-09-01T13:13:41.533470+00:00,40.933,0.1894,0.15,0.0,0.1174,0.0601,6402.96,1,23.8977,82.202,step
2026-09-01T13:13:41.534847+00:00,41.053,0.1899,0.15,0.0,0.116,0.0599,6420.8,1,23.8791,82.224,step
2026-09-01T13:13:41.536315+00:00,41.173,0.1904,0.0,0.15,0.1145,0.0596,6436.99,1,23.8598,82.246,step
2026-09-01T13:13:41.537679+00:00,40.742,0.1908,0.15,0.0,0.1131,0.0591,6233.17,1,23.8515,82.268,step
2026-09-01T13:13:41.539048+00:00,40.79,0.191,0.15,0.0,0.1116,0.0585,6381.69,1,23.8474,82.29,step
2026-09-01T13:13:41.540393+00:00,40.91,0.1914,0.15,0.0,0.1103,0.0581,6399.56,1,23.8345,82.312,step
2026-09-01T13:13:41.541747+00:00,41.029,0.1918,0.0,0.15,0.1089,0.0578,6417.6,1,23.8202,82.334,step
2026-09-01T13:13:41.543113+00:00,40.599,0.192,0.15,0.0,0.1076,0.0572,6209.19,1,23.8169,82.356,step
2026-09-01T13:13:41.544616+00:00,40.648,0.1921,0.15,0.0,0.1062,0.0565,6361.61,1,23.8168,82.378,step
2026-09-01T13:13:41.546017+00:00,40.768,0.1924,0.15,0.0,0.1049,0.0561,6378.37,1,23.8063,82.4,step
2026-09-01T13:13:41.547378+00:00,40.887,0.1928,0.15,0.0,0.1037,0.0557,6395.98,1,23.7939,82.422,step
2026-09-01T13:13:41.548715+00:00,41.007,0.1932,0.0,0.15,0.1024,0.0555,6414.01,1,23.781,82.444,step
2026-09-01T13:13:41.550062+00:00,40.578,0.1935,0.15,0.0,0.1012,0.0551,6206.99,1,23.7792,82.466,step
2026-09-01T13:13:41.551435+00:00,40.625,0.1937,0.15,0.0,0.0999,0.0546,6358.27,1,23.7807,82.488,step
2026-09-01T13:13:41.552802+00:00,40.744,0.1941,0.15,0.0,0.0987,0.0543,6375.16,1,23.7735,82.51,step
2026-09-01T13:13:41.554120+00:00,40.863,0.1945,0.15,0.0,0.0976,0.054,6393.09,1,23.7652,82.532,step
2026-09-01T13:13:41.555485+00:00,40.983,0.1949,0.0,0.15,0.0964,0.0538,6408.75,1,23.7563,82.554,step
2026-09-01T13:13:41.556843+00:00,40.551,0.195,0.15,0.0,0.0952,0.0533,6204.6,1,23.7592,82.576,step
2026-09-01T13:13:41.558143+00:00,40.6,0.1952,0.15,0.0,0.0941,0.0528,6353.43,1,23.7654,82.598,step
2026-09-01T13:13:41.559532+00:00,40.718,0.1955,0.15,0.0,0.093,0.0525,6371.25,1,23.7621,82.62,step
2026-09-01T13:13:41.560996+00:00,40.837,0.1958,0.15,0.0,0.0919,0.0522,6389.2,1,23.7581,82.642,step
2026-09-01T13:13:41.562347+00:00,40.955,0.1961,0.0,0.15,0.0908,0.0519,6407.44,1,23.7542,82.664,step
2026-09-01T13:13:41.563756+00:00,40.525,0.1962,0.15,0.0,0.0898,0.0513,6198.58,1,23.762,82.686,step
2026-09-01T13:13:41.565094+00:00,40.573,0.1962,0.15,0.0,0.0887,0.0507,6352.0,1,23.7729,82.708,step
2026-09-01T13:13:41.566452+00:00,40.692,0.1964,0.15,0.0,0.0877,0.0504,6368.62,1,23.7737,82.73,step
2026-09-01T13:13:41.567775+00:00,40.81,0.1967,0.15,0.0,0.0867,0.0501,6386.26,1,23.7729,82.752,step
2026-09-01T13:13:41.569221+00:00,40.928,0.1971,0.15,0.0,0.0857,0.0499,6404.18,1,23.772,82.774,step
2026-09-01T13:13:41.570588+00:00,41.046,0.1975,0.0,0.15,0.0847,0.0498,6422.29,1,23.7711,82.796,step
2026-09-01T13:13:41.572006+00:00,40.617,0.1977,0.15,0.0,0.0838,0.0495,6212.86,1,23.7822,82.818,step
2026-09-01T13:13:41.573351+00:00,40.663,0.1978,0.15,0.0,0.0828,0.049,6367.44,1,23.7978,82.84,step
2026-09-01T13:13:41.574676+00:00,40.782,0.1981,0.15,0.0,0.0818,0.0488,6383.9,1,23.8042,82.862,step
2026-09-01T13:13:41.576043+00:00,40.9,0.1984,0.15,0.0,0.0809,0.0486,6398.96,1,23.8093,82.884,step
2026-09-01T13:13:41.577440+00:00,41.017,0.1987,0.15,0.0,0.08,0.0484,6416.8,1,23.8134,82.906,step
2026-09-01T13:13:41.578799+00:00,41.134,0.1991,0.0,0.15,0.0791,0.0483,6435.33,1,23.8181,82.928,step
2026-09-01T13:13:41.580204+00:00,40.701,0.1992,0.15,0.0,0.0782,0.0478,6225.87,1,23.8363,82.95,step
2026-09-01T13:13:41.581596+00:00,40.75,0.1992,0.15,0.0,0.0773,0.0473,6381.87,1,23.8591,82.972,step
2026-09-01T13:13:41.582894+00:00,40.868,0.1994,0.15,0.0,0.0764,0.047,6398.47,1,23.8719,82.994,step
2026-09-01T13:13:41.584249+00:00,40.985,0.1996,0.15,0.0,0.0756,0.0468,6415.97,1,23.8831,83.016,step
2026-09-01T13:13:41.585622+00:00,41.102,0.1998,0.15,0.0,0.0748,0.0465,6433.8,1,23.8943,83.038,step
2026-09-01T13:13:41.587078+00:00,41.22,0.2001,0.15,0.0,0.0739,0.0463,6451.83,1,23.9059,83.06,step
2026-09-01T13:13:41.588425+00:00,41.337,0.2004,0.0,0.15,0.0731,0.0462,6470.25,1,23.9172,83.082,step
2026-09-01T13:13:41.589738+00:00,40.908,0.2006,0.15,0.0,0.0723,0.0459,6256.58,1,23.9411,83.104,step
2026-09-01T13:13:41.591079+00:00,40.952,0.2007,0.15,0.0,0.0715,0.0456,6415.56,1,23.9702,83.126,step
2026-09-01T13:13:41.592399+00:00,41.069,0.201,0.15,0.0,0.0707,0.0454,6431.74,1,23.9904,83.148,step
2026-09-01T13:13:41.593831+00:00,41.186,0.2013,0.15,0.0,0.0699,0.0454,6449.16,1,24.0094,83.17,step
2026-09-01T13:13:41.595175+00:00,41.304,0.2017,0.15,0.0,0.0691,0.0453,6464.91,1,24.0283,83.192,step
2026-09-01T13:13:41.596548+00:00,41.42,0.202,0.15,0.0,0.0683,0.0452,6481.66,1,24.0473,83.214,step
2026-09-01T13:13:41.597884+00:00,41.536,0.2023,0.15,0.0,0.0676,0.0452,6500.04,1,24.0667,83.236,step
2026-09-01T13:13:41.599227+00:00,41.651,0.2027,0.0,0.15,0.0668,0.0451,6520.02,1,24.0875,83.258,step
2026-09-01T13:13:41.600681+00:00,41.217,0.2028,0.15,0.0,0.066,0.0447,6303.28,1,24.1241,83.28,step
2026-09-01T13:13:41.602186+00:00,41.263,0.2028,0.15,0.0,0.0653,0.0443,6466.27,1,24.166,83.302,step
2026-09-01T13:13:41.603521+00:00,41.381,0.2029,0.15,0.0,0.0646,0.044,6482.05,1,24.1978,83.324,step
2026-09-01T13:13:41.604956+00:00,41.497,0.2032,0.15,0.0,0.0638,0.0439,6498.99,1,24.2279,83.346,step
2026-09-01T13:13:41.606307+00:00,41.613,0.2034,0.15,0.0,0.0631,0.0437,6516.43,1,24.2573,83.368,step
2026-09-01T13:13:41.607661+00:00,41.729,0.2037,0.15,0.0,0.0624,0.0436,6534.02,1,24.2864,83.39,step
2026-09-01T13:13:41.608997+00:00,41.844,0.2039,0.15,0.0,0.0617,0.0435,6552.15,1,24.3168,83.412,step
2026-09-01T13:13:41.610420+00:00,41.96,0.2042,0.15,0.0,0.061,0.0434,6570.36,1,24.3482,83.434,step
2026-09-01T13:13:41.611738+00:00,42.075,0.2044,0.15,0.0,0.0603,0.0432,6589.06,1,24.3811,83.456,step
2026-09-01T13:13:41.613130+00:00,42.189,0.2047,0.0,0.15,0.0596,0.0431,6607.34,1,24.4156,83.478,step
2026-09-01T13:13:41.614483+00:00,41.757,0.2047,0.15,0.0,0.0589,0.0427,6384.32,1,24.4649,83.5,step
2026-09-01T13:13:41.615832+00:00,41.8,0.2047,0.15,0.0,0.0582,0.0422,6547.21,1,24.519,83.522,step
2026-09-01T13:13:41.617196+00:00,41.915,0.2048,0.15,0.0,0.0576,0.042,6564.27,1,24.5627,83.544,step
2026-09-01T13:13:41.618569+00:00,42.029,0.2049,0.15,0.0,0.0569,0.0418,6581.71,1,24.6058,83.566,step
2026-09-01T13:13:41.619968+00:00,42.144,0.2051,0.15,0.0,0.0563,0.0416,6599.7,1,24.6496,83.588,step
2026-09-01T13:13:41.621323+00:00,42.258,0.2052,0.15,0.0,0.0557,0.0414,6617.7,1,24.6945,83.61,step
2026-09-01T13:13:41.622667+00:00,42.372,0.2054,0.15,0.0,0.0551,0.0412,6635.71,1,24.7401,83.632,step
2026-09-01T13:13:41.624002+00:00,42.487,0.2056,0.15,0.0,0.0545,0.041,6653.9,1,24.7865,83.654,step
2026-09-01T13:13:41.625375+00:00,42.601,0.2057,0.15,0.0,0.0539,0.0408,6672.14,1,24.8351,83.676,step
2026-09-01T13:13:41.626751+00:00,42.715,0.2059,0.15,0.0,0.0533,0.0406,6690.32,1,24.8854,83.698,step
2026-09-01T13:13:41.628134+00:00,42.83,0.2058,0.15,0.0,0.0527,0.0402,6708.17,1,24.9372,83.72,step
2026-09-01T13:13:41.629493+00:00,42.944,0.2057,0.15,0.0,0.0521,0.0397,6725.9,1,24.9907,83.742,step
2026-09-01T13:13:41.630805+00:00,43.058,0.2056,0.15,0.0,0.0515,0.0392,6743.99,1,25.0459,83.764,step
2026-09-01T13:13:41.632152+00:00,43.172,0.2054,0.15,0.0,0.051,0.0387,6761.67,1,25.103,83.786,step
2026-09-01T13:13:41.633493+00:00,43.286,0.2053,0.15,0.0,0.0505,0.0382,6779.49,1,25.1608,83.808,step
2026-09-01T13:13:41.634841+00:00,43.401,0.2051,0.15,0.0,0.05,0.0377,6795.69,1,25.2195,83.83,step
2026-09-01T13:13:41.636297+00:00,43.514,0.205,0.15,0.0,0.0495,0.0372,6813.47,1,25.279,83.852,step
2026-09-01T13:13:41.637666+00:00,43.627,0.2049,0.15,0.0,0.0491,0.0367,6831.92,1,25.3401,83.874,step
2026-09-01T13:13:41.639059+00:00,43.74,0.2047,0.15,0.0,0.0486,0.0362,6850.42,1,25.4038,83.896,step
2026-09-01T13:13:41.640428+00:00,43.854,0.2045,0.15,0.0,0.0482,0.0357,6868.63,1,25.4698,83.918,step
2026-09-01T13:13:41.641752+00:00,43.968,0.2043,0.15,0.0,0.0478,0.0352,6886.49,1,25.5367,83.94,step
2026-09-01T13:13:41.643169+00:00,44.081,0.2041,0.15,0.0,0.0474,0.0348,6904.36,1,25.6045,83.962,step
2026-09-01T13:13:41.644706+00:00,44.195,0.2039,0.15,0.0,0.047,0.0343,6922.14,1,25.6737,83.984,step
2026-09-01T13:13:41.646102+00:00,44.308,0.2037,0.15,0.0,0.0467,0.0338,6939.74,1,25.7444,84.006,step
2026-09-01T13:13:41.647498+00:00,44.421,0.2033,0.15,0.0,0.0464,0.0331,6957.44,1,25.817,84.028,step
2026-09-01T13:13:41.648845+00:00,44.535,0.2029,0.15,0.0,0.0461,0.0324,6975.31,1,25.8901,84.05,step
2026-09-01T13:13:41.650203+00:00,44.648,0.2024,0.15,0.0,0.0458,0.0317,6992.83,1,25.9645,84.072,step
2026-09-01T13:13:41.651574+00:00,44.761,0.202,0.15,0.0,0.0455,0.0309,7010.36,1,26.04,84.094,step
2026-09-01T13:13:41.653048+00:00,44.874,0.2015,0.15,0.0,0.0453,0.0302,7027.99,1,26.1167,84.116,step
2026-09-01T13:13:41.654425+00:00,44.988,0.2011,0.15,0.0,0.0451,0.0296,7044.04,1,26.1947,84.138,step
2026-09-01T13:13:41.655753+00:00,45.1,0.2006,0.15,0.0,0.045,0.0289,7061.93,1,26.2734,84.16,step
2026-09-01T13:13:41.657116+00:00,45.213,0.2002,0.15,0.0,0.0448,0.0282,7080.37,1,26.354,84.182,step
2026-09-01T13:13:41.658497+00:00,45.325,0.1997,0.15,0.0,0.0447,0.0276,7098.51,1,26.4367,84.204,step
2026-09-01T13:13:41.659879+00:00,45.438,0.1992,0.15,0.0,0.0446,0.0269,7116.15,1,26.5213,84.226,step
2026-09-01T13:13:41.661356+00:00,45.55,0.1987,0.15,0.0,0.0446,0.0262,7133.83,1,26.6066,84.248,step
2026-09-01T13:13:41.662778+00:00,45.663,0.1982,0.15,0.0,0.0445,0.0256,7151.55,1,26.6929,84.27,step
2026-09-01T13:13:41.664181+00:00,45.775,0.1977,0.15,0.0,0.0445,0.025,7169.04,1,26.7798,84.292,step
2026-09-01T13:13:41.665517+00:00,45.888,0.1971,0.15,0.0,0.0445,0.0243,7186.49,1,26.8676,84.314,step
2026-09-01T13:13:41.666844+00:00,46.0,0.1965,0.15,0.0,0.0446,0.0234,7203.92,1,26.9562,84.336,step
2026-09-01T13:13:41.668215+00:00,46.113,0.1958,0.15,0.0,0.0446,0.0226,7221.53,1,27.0452,84.358,step
2026-09-01T13:13:41.669686+00:00,46.225,0.1951,0.15,0.0,0.0448,0.0218,7239.04,1,27.1357,84.38,step
2026-09-01T13:13:41.671080+00:00,46.337,0.1944,0.15,0.0,0.0449,0.021,7256.42,1,27.2272,84.402,step
2026-09-01T13:13:41.672502+00:00,46.45,0.1937,0.15,0.0,0.0451,0.0203,7272.17,1,27.3189,84.424,step
2026-09-01T13:13:41.673864+00:00,46.561,0.193,0.15,0.0,0.0453,0.0196,7289.66,1,27.4114,84.446,step
2026-09-01T13:13:41.675264+00:00,46.672,0.1923,0.15,0.0,0.0455,0.0188,7307.71,1,27.5052,84.468,step
2026-09-01T13:13:41.676736+00:00,46.784,0.1916,0.15,0.0,0.0458,0.0181,7325.67,1,27.6007,84.49,step
2026-09-01T13:13:41.678234+00:00,46.895,0.1909,0.15,0.0,0.0461,0.0174,7343.45,1,27.6979,84.512,step
2026-09-01T13:13:41.679636+00:00,47.006,0.1902,0.0,0.15,0.0464,0.0167,7360.79,1,27.7958,84.534,step
2026-09-01T13:13:41.681011+00:00,46.563,0.1893,0.15,0.0,0.0467,0.0158,7107.37,1,27.909,84.556,step
2026-09-01T13:13:41.682394+00:00,46.586,0.1883,0.15,0.0,0.0471,0.0149,7301.11,1,28.0288,84.578,step
2026-09-01T13:13:41.683737+00:00,46.7,0.1874,0.15,0.0,0.0475,0.014,7315.68,1,28.1347,84.6,step
2026-09-01T13:13:41.685223+00:00,46.812,0.1865,0.15,0.0,0.0479,0.0131,7331.44,1,28.2362,84.622,step
2026-09-01T13:13:41.686587+00:00,46.925,0.1856,0.15,0.0,0.0485,0.0123,7347.49,1,28.337,84.644,step
2026-09-01T13:13:41.688005+00:00,47.037,0.1848,0.0,0.15,0.049,0.0116,7364.12,1,28.4369,84.666,step
2026-09-01T13:13:41.689373+00:00,46.593,0.1837,0.15,0.0,0.0495,0.0106,7113.82,1,28.5512,84.688,step
2026-09-01T13:13:41.690724+00:00,46.616,0.1826,0.15,0.0,0.0501,0.0096,7301.91,1,28.671,84.71,step
2026-09-01T13:13:41.692089+00:00,46.728,0.1817,0.15,0.0,0.0507,0.0088,7318.1,1,28.7769,84.732,step
2026-09-01T13:13:41.693487+00:00,46.841,0.1808,0.15,0.0,0.0514,0.0082,7334.79,1,28.8799,84.754,step
2026-09-01T13:13:41.694977+00:00,46.953,0.1799,0.15,0.0,0.0521,0.0075,7351.5,1,28.9821,84.776,step
2026-09-01T13:13:41.696381+00:00,47.065,0.1791,0.0,0.15,0.0529,0.0069,7368.35,1,29.0832,84.798,step
2026-09-01T13:13:41.697814+00:00,46.62,0.1781,0.15,0.0,0.0536,0.0061,7117.36,1,29.1992,84.82,step
2026-09-01T13:13:41.699217+00:00,46.642,0.177,0.15,0.0,0.0544,0.0053,7307.95,1,29.3207,84.842,step
2026-09-01T13:13:41.700635+00:00,46.756,0.1761,0.15,0.0,0.0552,0.0047,7323.18,1,29.4279,84.864,step
2026-09-01T13:13:41.702025+00:00,46.869,0.1752,0.15,0.0,0.056,0.004,7339.11,1,29.5309,84.886,step
2026-09-01T13:13:41.703407+00:00,46.982,0.1742,0.15,0.0,0.0569,0.0033,7355.42,1,29.6317,84.908,step
2026-09-01T13:13:41.704849+00:00,47.094,0.1733,0.0,0.15,0.0578,0.0027,7372.25,1,29.7307,84.93,step
2026-09-01T13:13:41.706293+00:00,46.65,0.1722,0.15,0.0,0.0587,0.0019,7122.07,1,29.8441,84.952,step
2026-09-01T13:13:41.707642+00:00,46.669,0.171,0.15,0.0,0.0596,0.001,7311.66,1,29.9631,84.974,step
2026-09-01T13:13:41.709065+00:00,46.784,0.17,0.15,0.0,0.0606,0.0004,7325.32,1,30.0675,84.996,step
2026-09-01T13:13:41.710476+00:00,46.896,0.1691,0.15,0.0,0.0616,-0.0001,7341.75,1,30.1679,85.018,step
2026-09-01T13:13:41.711966+00:00,47.009,0.1682,0.0,0.15,0.0627,-0.0006,7358.57,1,30.2663,85.04,step
2026-09-01T13:13:41.713421+00:00,46.562,0.1671,0.15,0.0,0.0637,-0.0013,7108.99,1,30.3797,85.062,step
2026-09-01T13:13:41.714827+00:00,46.584,0.166,0.15,0.0,0.0647,-0.002,7297.45,1,30.4983,85.084,step
2026-09-01T13:13:41.716266+00:00,46.698,0.1651,0.15,0.0,0.0658,-0.0025,7312.68,1,30.602,85.106,step
2026-09-01T13:13:41.717756+00:00,46.811,0.1642,0.15,0.0,0.067,-0.0029,7328.95,1,30.7011,85.128,step
2026-09-01T13:13:41.719297+00:00,46.924,0.1634,0.15,0.0,0.0681,-0.0032,7345.46,1,30.7974,85.15,step
2026-09-01T13:13:41.720695+00:00,47.037,0.1624,0.0,0.15,0.0692,-0.0037,7362.33,1,30.8918,85.172,step
2026-09-01T13:13:41.722110+00:00,46.593,0.1613,0.15,0.0,0.0704,-0.0043,7113.71,1,30.9998,85.194,step
2026-09-01T13:13:41.723467+00:00,46.61,0.1602,0.15,0.0,0.0716,-0.005,7301.24,1,31.113,85.216,step
2026-09-01T13:13:41.724831+00:00,46.724,0.1592,0.15,0.0,0.0728,-0.0055,7316.58,1,31.2121,85.238,step
2026-09-01T13:13:41.726290+00:00,46.838,0.1582,0.15,0.0,0.074,-0.0059,7332.51,1,31.307,85.26,step
2026-09-01T13:13:41.727824+00:00,46.951,0.1573,0.15,0.0,0.0753,-0.0063,7347.84,1,31.3989,85.282,step
2026-09-01T13:13:41.729215+00:00,47.064,0.1565,0.0,0.15,0.0765,-0.0066,7364.88,1,31.4887,85.304,step
2026-09-01T13:13:41.730634+00:00,46.616,0.1555,0.15,0.0,0.0778,-0.0071,7117.54,1,31.5933,85.326,step
2026-09-01T13:13:41.732062+00:00,46.635,0.1544,0.15,0.0,0.0791,-0.0076,7304.45,1,31.7029,85.348,step
2026-09-01T13:13:41.733455+00:00,46.749,0.1535,0.15,0.0,0.0803,-0.0079,7319.75,1,31.7979,85.37,step
2026-09-01T13:13:41.734884+00:00,46.862,0.1527,0.15,0.0,0.0816,-0.0082,7336.02,1,31.8895,85.392,step
2026-09-01T13:13:41.736405+00:00,46.975,0.1518,0.15,0.0,0.083,-0.0084,7352.64,1,31.9795,85.414,step
2026-09-01T13:13:41.737801+00:00,47.088,0.151,0.0,0.15,0.0843,-0.0085,7369.54,1,32.067,85.436,step
2026-09-01T13:13:41.739271+00:00,46.643,0.15,0.15,0.0,0.0856,-0.009,7120.96,1,32.168,85.458,step
2026-09-01T13:13:41.740649+00:00,46.658,0.1489,0.15,0.0,0.087,-0.0096,7307.79,1,32.2735,85.48,step
2026-09-01T13:13:41.742085+00:00,46.772,0.1479,0.15,0.0,0.0883,-0.0099,7323.07,1,32.3645,85.502,step
2026-09-01T13:13:41.743545+00:00,46.885,0.147,0.15,0.0,0.0897,-0.0101,7339.26,1,32.4508,85.524,step
2026-09-01T13:13:41.744951+00:00,46.999,0.1462,0.15,0.0,0.0911,-0.0103,7354.63,1,32.5342,85.546,step
2026-09-01T13:13:41.746392+00:00,47.111,0.1454,0.0,0.15,0.0925,-0.0105,7371.35,1,32.6147,85.568,step
2026-09-01T13:13:41.747881+00:00,46.664,0.1444,0.15,0.0,0.0939,-0.0108,7125.4,1,32.7089,85.59,step
2026-09-01T13:13:41.749309+00:00,46.679,0.1435,0.15,0.0,0.0952,-0.0112,7310.1,1,32.8075,85.612,step
2026-09-01T13:13:41.750721+00:00,46.793,0.1426,0.15,0.0,0.0966,-0.0113,7325.6,1,32.892,85.634,step
2026-09-01T13:13:41.752218+00:00,46.906,0.1419,0.15,0.0,0.0981,-0.0114,7342.06,1,32.9732,85.656,step
2026-09-01T13:13:41.753633+00:00,47.019,0.1411,0.0,0.15,0.0995,-0.0115,7358.69,1,33.0523,85.678,step
2026-09-01T13:13:41.755117+00:00,46.573,0.1402,0.15,0.0,0.1009,-0.0117,7110.32,1,33.1442,85.7,step
2026-09-01T13:13:41.756525+00:00,46.587,0.1393,0.15,0.0,0.1023,-0.0119,7295.8,1,33.2389,85.722,step
2026-09-01T13:13:41.757940+00:00,46.701,0.1385,0.15,0.0,0.1037,-0.0121,7311.24,1,33.3185,85.744,step
2026-09-01T13:13:41.759335+00:00,46.815,0.1377,0.15,0.0,0.1051,-0.0122,7327.41,1,33.3931,85.766,step
2026-09-01T13:13:41.760848+00:00,46.928,0.1369,0.15,0.0,0.1065,-0.0123,7343.7,1,33.4661,85.788,step
2026-09-01T13:13:41.762249+00:00,47.04,0.1361,0.0,0.15,0.108,-0.0123,7360.61,1,33.5372,85.81,step
2026-09-01T13:13:41.763724+00:00,46.593,0.1353,0.15,0.0,0.1094,-0.0125,7115.76,1,33.6213,85.832,step
2026-09-01T13:13:41.765159+00:00,46.606,0.1344,0.15,0.0,0.1108,-0.0128,7297.16,1,33.7088,85.854,step
2026-09-01T13:13:41.766634+00:00,46.72,0.1337,0.15,0.0,0.1122,-0.0128,7313.11,1,33.7818,85.876,step
2026-09-01T13:13:41.768106+00:00,46.833,0.133,0.15,0.0,0.1136,-0.0128,7329.71,1,33.8521,85.898,step
2026-09-01T13:13:41.769742+00:00,46.945,0.1323,0.15,0.0,0.1151,-0.0127,7346.47,1,33.9208,85.92,step
2026-09-01T13:13:41.771236+00:00,47.058,0.1317,0.0,0.15,0.1165,-0.0126,7363.34,1,33.9863,85.942,step
2026-09-01T13:13:41.772721+00:00,46.611,0.1309,0.15,0.0,0.1179,-0.0127,7116.2,1,34.0662,85.964,step
2026-09-01T13:13:41.774180+00:00,46.623,0.1301,0.15,0.0,0.1193,-0.0128,7300.74,1,34.15,85.986,step
2026-09-01T13:13:41.775599+00:00,46.736,0.1294,0.15,0.0,0.1207,-0.0128,7315.93,1,34.2191,86.008,step
2026-09-01T13:13:41.777197+00:00,46.849,0.1287,0.15,0.0,0.1221,-0.0128,7332.28,1,34.2832,86.03,step
2026-09-01T13:13:41.778632+00:00,46.962,0.1281,0.15,0.0,0.1235,-0.0127,7348.7,1,34.3452,86.052,step
2026-09-01T13:13:41.780040+00:00,47.074,0.1274,0.0,0.15,0.1249,-0.0126,7365.42,1,34.4054,86.074,step
2026-09-01T13:13:41.781478+00:00,46.627,0.1267,0.15,0.0,0.1263,-0.0127,7119.15,1,34.4779,86.096,step
2026-09-01T13:13:41.782876+00:00,46.638,0.1259,0.15,0.0,0.1276,-0.0128,7300.96,1,34.5547,86.118,step
2026-09-01T13:13:41.784334+00:00,46.751,0.1253,0.15,0.0,0.129,-0.0127,7317.2,1,34.6179,86.14,step
2026-09-01T13:13:41.785973+00:00,46.864,0.1247,0.15,0.0,0.1304,-0.0126,7333.57,1,34.6762,86.162,step
2026-09-01T13:13:41.787438+00:00,46.976,0.1242,0.15,0.0,0.1318,-0.0125,7350.3,1,34.7335,86.184,step
2026-09-01T13:13:41.788923+00:00,47.088,0.1236,0.0,0.15,0.1331,-0.0123,7367.22,1,34.7886,86.206,step
2026-09-01T13:13:41.790341+00:00,46.639,0.123,0.15,0.0,0.1345,-0.0122,7120.52,1,34.8583,86.228,step
2026-09-01T13:13:41.791818+00:00,46.649,0.1223,0.15,0.0,0.1358,-0.0122,7304.38,1,34.9312,86.25,step
2026-09-01T13:13:41.793344+00:00,46.763,0.1218,0.15,0.0,0.1371,-0.012,7319.41,1,34.9892,86.272,step
2026-09-01T13:13:41.794798+00:00,46.875,0.1212,0.15,0.0,0.1385,-0.0119,7335.79,1,35.0442,86.294,step
2026-09-01T13:13:41.796273+00:00,46.988,0.1207,0.15,0.0,0.1398,-0.0118,7352.12,1,35.0961,86.316,step
2026-09-01T13:13:41.797722+00:00,47.099,0.1201,0.0,0.15,0.1411,-0.0116,7368.85,1,35.1466,86.338,step
2026-09-01T13:13:41.799148+00:00,46.652,0.1195,0.15,0.0,0.1424,-0.0116,7122.63,1,35.2102,86.36,step
2026-09-01T13:13:41.800614+00:00,46.66,0.1189,0.15,0.0,0.1437,-0.0116,7305.31,1,35.2761,86.382,step
2026-09-01T13:13:41.802158+00:00,46.773,0.1183,0.15,0.0,0.145,-0.0115,7319.91,1,35.329,86.404,step
2026-09-01T13:13:41.803624+00:00,46.885,0.1179,0.15,0.0,0.1462,-0.0113,7336.24,1,35.3778,86.426,step
2026-09-01T13:13:41.805060+00:00,46.997,0.1174,0.15,0.0,0.1475,-0.011,7352.9,1,35.4244,86.448,step
2026-09-01T13:13:41.806531+00:00,47.109,0.117,0.0,0.15,0.1488,-0.0108,7369.93,1,35.47,86.47,step
2026-09-01T13:13:41.807965+00:00,46.659,0.1165,0.15,0.0,0.15,-0.0107,7123.57,1,35.5293,86.492,step
2026-09-01T13:13:41.809472+00:00,46.667,0.1159,0.15,0.0,0.1512,-0.0106,7306.59,1,35.5914,86.514,step
2026-09-01T13:13:41.811049+00:00,46.78,0.1155,0.15,0.0,0.1524,-0.0103,7321.77,1,35.6409,86.536,step
2026-09-01T13:13:41.812533+00:00,46.892,0.1151,0.15,0.0,0.1537,-0.0101,7337.87,1,35.6878,86.558,step
2026-09-01T13:13:41.813979+00:00,47.004,0.1147,0.0,0.15,0.1548,-0.0099,7354.28,1,35.7316,86.58,step
2026-09-01T13:13:41.815394+00:00,46.556,0.1141,0.15,0.0,0.156,-0.0098,7108.47,1,35.7886,86.602,step
2026-09-01T13:13:41.816840+00:00,46.563,0.1136,0.15,0.0,0.1572,-0.0098,7289.87,1,35.8481,86.624,step
2026-09-01T13:13:41.818258+00:00,46.676,0.1131,0.15,0.0,0.1583,-0.0096,7305.05,1,35.8947,86.646,step
2026-09-01T13:13:41.819812+00:00,46.788,0.1127,0.15,0.0,0.1595,-0.0094,7321.1,1,35.9371,86.668,step
2026-09-01T13:13:41.821254+00:00,46.9,0.1124,0.15,0.0,0.1606,-0.0092,7337.0,1,35.9776,86.69,step
2026-09-01T13:13:41.822697+00:00,47.011,0.112,0.0,0.15,0.1618,-0.0089,7353.71,1,36.0152,86.712,step
2026-09-01T13:13:41.824153+00:00,46.561,0.1116,0.15,0.0,0.1629,-0.0087,7109.32,1,36.0667,86.734,step
2026-09-01T13:13:41.825588+00:00,46.568,0.1111,0.15,0.0,0.164,-0.0086,7290.76,1,36.1236,86.756,step
2026-09-01T13:13:41.827069+00:00,46.681,0.1107,0.15,0.0,0.1651,-0.0084,7305.72,1,36.1672,86.778,step
2026-09-01T13:13:41.828638+00:00,46.792,0.1104,0.15,0.0,0.1661,-0.0081,7322.0,1,36.207,86.8,step
2026-09-01T13:13:41.830095+00:00,46.904,0.1102,0.15,0.0,0.1672,-0.0078,7338.5,1,36.2445,86.822,step
2026-09-01T13:13:41.831532+00:00,47.015,0.1099,0.0,0.15,0.1683,-0.0074,7355.08,1,36.28,86.844,step
2026-09-01T13:13:41.832978+00:00,46.567,0.1095,0.15,0.0,0.1693,-0.0073,7109.6,1,36.3297,86.866,step
2026-09-01T13:13:41.834451+00:00,46.572,0.109,0.15,0.0,0.1703,-0.0073,7291.06,1,36.3821,86.888,step
2026-09-01T13:13:41.836010+00:00,46.684,0.1086,0.15,0.0,0.1713,-0.0071,7306.25,1,36.4223,86.91,step
2026-09-01T13:13:41.837443+00:00,46.796,0.1083,0.15,0.0,0.1723,-0.0069,7322.25,1,36.4595,86.932,step
2026-09-01T13:13:41.838887+00:00,46.907,0.1081,0.15,0.0,0.1733,-0.0066,7338.0,1,36.4943,86.954,step
2026-09-01T13:13:41.840373+00:00,47.018,0.1078,0.0,0.15,0.1743,-0.0063,7354.62,1,36.5275,86.976,step
2026-09-01T13:13:41.841810+00:00,46.568,0.1074,0.15,0.0,0.1753,-0.0062,7110.73,1,36.5744,86.998,step
2026-09-01T13:13:41.843292+00:00,46.573,0.1071,0.15,0.0,0.1762,-0.006,7290.74,1,36.6245,87.02,step
2026-09-01T13:13:41.844834+00:00,46.685,0.1068,0.15,0.0,0.1772,-0.0058,7306.01,1,36.662,87.042,step
2026-09-01T13:13:41.846263+00:00,46.796,0.1066,0.15,0.0,0.1781,-0.0055,7322.44,1,36.6978,87.064,step
2026-09-01T13:13:41.847709+00:00,46.908,0.1063,0.15,0.0,0.179,-0.0052,7338.64,1,36.7322,87.086,step
2026-09-01T13:13:41.849152+00:00,47.019,0.1062,0.0,0.15,0.1799,-0.0048,7355.3,1,36.7641,87.108,step
2026-09-01T13:13:41.850587+00:00,46.569,0.1059,0.15,0.0,0.1808,-0.0047,7110.21,1,36.8085,87.13,step
2026-09-01T13:13:41.852044+00:00,46.573,0.1055,0.15,0.0,0.1816,-0.0046,7291.13,1,36.8579,87.152,step
2026-09-01T13:13:41.853560+00:00,46.685,0.1052,0.15,0.0,0.1825,-0.0044,7306.24,1,36.8946,87.174,step
2026-09-01T13:13:41.854974+00:00,46.796,0.105,0.15,0.0,0.1834,-0.0042,7322.12,1,36.9268,87.196,step
2026-09-01T13:13:41.856424+00:00,46.907,0.1047,0.15,0.0,0.1842,-0.0039,7338.37,1,36.9583,87.218,step
2026-09-01T13:13:41.857843+00:00,47.018,0.1045,0.0,0.15,0.1851,-0.0037,7354.55,1,36.9905,87.24,step
2026-09-01T13:13:41.859324+00:00,46.567,0.1042,0.15,0.0,0.1859,-0.0036,7110.76,1,37.0391,87.262,step
2026-09-01T13:13:41.860913+00:00,46.572,0.1039,0.15,0.0,0.1867,-0.0035,7290.09,1,37.0937,87.284,step
2026-09-01T13:13:41.862345+00:00,46.683,0.1037,0.15,0.0,0.1874,-0.0032,7305.45,1,37.1388,87.306,step
2026-09-01T13:13:41.863822+00:00,46.794,0.1035,0.15,0.0,0.1882,-0.003,7321.77,1,37.1848,87.328,step
2026-09-01T13:13:41.865232+00:00,46.905,0.1033,0.15,0.0,0.189,-0.0027,7338.11,1,37.2336,87.35,step
2026-09-01T13:13:41.866688+00:00,47.015,0.1032,0.0,0.15,0.1898,-0.0024,7354.56,1,37.2819,87.372,step
2026-09-01T13:13:41.868130+00:00,46.565,0.103,0.15,0.0,0.1905,-0.0022,7109.58,1,37.3475,87.394,step
2026-09-01T13:13:41.869669+00:00,46.568,0.1027,0.15,0.0,0.1913,-0.0021,7290.15,1,37.4217,87.416,step
2026-09-01T13:13:41.871074+00:00,46.68,0.1025,0.15,0.0,0.192,-0.0019,7305.09,1,37.4871,87.438,step
2026-09-01T13:13:41.872498+00:00,46.791,0.1023,0.15,0.0,0.1927,-0.0017,7321.24,1,37.5518,87.46,step
2026-09-01T13:13:41.873913+00:00,46.901,0.1021,0.15,0.0,0.1934,-0.0015,7337.25,1,37.617,87.482,step
2026-09-01T13:13:41.875352+00:00,47.012,0.1019,0.0,0.15,0.1941,-0.0012,7353.78,1,37.6853,87.504,step
2026-09-01T13:13:41.876812+00:00,46.561,0.1017,0.15,0.0,0.1948,-0.0011,7109.82,1,37.7734,87.526,step
2026-09-01T13:13:41.878344+00:00,46.564,0.1014,0.15,0.0,0.1955,-0.0011,7289.02,1,37.871,87.548,step
2026-09-01T13:13:41.879788+00:00,46.675,0.1012,0.15,0.0,0.1962,-0.0009,7304.13,1,37.9578,87.57,step
2026-09-01T13:13:41.881261+00:00,46.786,0.1011,0.15,0.0,0.1968,-0.0006,7320.11,1,38.0442,87.592,step
2026-09-01T13:13:41.882671+00:00,46.897,0.101,0.15,0.0,0.1975,-0.0003,7336.43,1,38.1339,87.614,step
2026-09-01T13:13:41.884116+00:00,47.007,0.1009,0.0,0.15,0.1981,-0.0001,7352.98,1,38.2274,87.636,step
2026-09-01T13:13:41.885657+00:00,46.556,0.1007,0.15,0.0,0.1987,0.0001,7108.19,1,38.3425,87.658,step
2026-09-01T13:13:41.887129+00:00,46.558,0.1005,0.15,0.0,0.1994,0.0002,7288.43,1,38.4681,87.68,step
2026-09-01T13:13:41.888541+00:00,46.67,0.1003,0.15,0.0,0.2,0.0003,7303.29,1,38.5821,87.702,step
2026-09-01T13:13:41.889927+00:00,46.781,0.1001,0.15,0.0,0.2005,0.0005,7319.2,1,38.6957,87.724,step
2026-09-01T13:13:41.891298+00:00,46.891,0.1,0.15,0.0,0.2011,0.0007,7335.48,1,38.8135,87.746,step
2026-09-01T13:13:41.892732+00:00,47.001,0.0999,0.0,0.15,0.2017,0.0009,7351.99,1,38.9361,87.768,step
2026-09-01T13:13:41.894239+00:00,46.55,0.0996,0.15,0.0,0.2023,0.001,7107.49,1,39.0824,87.79,step
2026-09-01T13:13:41.895667+00:00,46.552,0.0994,0.15,0.0,0.2029,0.001,7286.97,1,39.2399,87.812,step
2026-09-01T13:13:41.897106+00:00,46.663,0.0992,0.15,0.0,0.2034,0.0012,7301.97,1,39.3858,87.834,step
2026-09-01T13:13:41.898563+00:00,46.774,0.0991,0.15,0.0,0.204,0.0014,7318.03,1,39.5323,87.856,step
2026-09-01T13:13:41.900001+00:00,46.884,0.099,0.15,0.0,0.2045,0.0016,7334.21,1,39.6838,87.878,step
2026-09-01T13:13:41.901401+00:00,46.994,0.099,0.15,0.0,0.205,0.0018,7350.89,1,39.8414,87.9,step
2026-09-01T13:13:41.902914+00:00,47.104,0.0989,0.0,0.15,0.2056,0.0021,7367.81,1,40.0057,87.922,step
2026-09-01T13:13:41.904385+00:00,46.652,0.0987,0.15,0.0,0.2061,0.0022,7122.34,1,40.1963,87.944,step
2026-09-01T13:13:41.905773+00:00,46.653,0.0985,0.15,0.0,0.2066,0.0022,7303.54,1,40.4021,87.966,step
2026-09-01T13:13:41.907150+00:00,46.765,0.0983,0.15,0.0,0.2071,0.0023,7317.94,1,40.5947,87.988,step
2026-09-01T13:13:41.908577+00:00,46.875,0.0982,0.15,0.0,0.2075,0.0025,7333.95,1,40.7892,88.01,step
2026-09-01T13:13:41.910025+00:00,46.985,0.0981,0.15,0.0,0.208,0.0026,7349.97,1,40.9904,88.032,step
2026-09-01T13:13:41.911464+00:00,47.095,0.098,0.0,0.15,0.2085,0.0028,7366.42,1,41.1985,88.054,step
2026-09-01T13:13:41.912894+00:00,46.643,0.0978,0.15,0.0,0.209,0.0028,7121.88,1,41.4369,88.076,step
2026-09-01T13:13:41.914321+00:00,46.645,0.0975,0.15,0.0,0.2094,0.0028,7301.24,1,41.6905,88.098,step
2026-09-01T13:13:41.915754+00:00,46.755,0.0974,0.15,0.0,0.2099,0.0029,7316.36,1,41.9356,88.12,step
2026-09-01T13:13:41.917224+00:00,46.866,0.0973,0.15,0.0,0.2104,0.0031,7332.13,1,42.1824,88.142,step
2026-09-01T13:13:41.918645+00:00,46.976,0.0972,0.15,0.0,0.2108,0.0033,7348.27,1,42.4344,88.164,step
2026-09-01T13:13:41.920141+00:00,47.085,0.0972,0.0,0.15,0.2112,0.0035,7364.82,1,42.6957,88.186,step
2026-09-01T13:13:41.921633+00:00,46.634,0.097,0.15,0.0,0.2116,0.0036,7119.96,1,42.9913,88.208,step
2026-09-01T13:13:41.923076+00:00,46.634,0.0968,0.15,0.0,0.212,0.0036,7299.83,1,43.3054,88.23,step
2026-09-01T13:13:41.924475+00:00,46.745,0.0967,0.15,0.0,0.2125,0.0037,7314.74,1,43.6108,88.252,step
2026-09-01T13:13:41.925882+00:00,46.855,0.0966,0.15,0.0,0.2129,0.0038,7330.78,1,43.9237,88.274,step
2026-09-01T13:13:41.927361+00:00,46.965,0.0964,0.15,0.0,0.2133,0.0039,7346.8,1,44.2474,88.296,step
2026-09-01T13:13:41.928732+00:00,47.075,0.0963,0.0,0.15,0.2138,0.004,7363.26,1,44.5792,88.318,step
2026-09-01T13:13:41.930162+00:00,46.624,0.0961,0.15,0.0,0.2142,0.004,7118.67,1,44.9475,88.34,step
2026-09-01T13:13:41.931552+00:00,46.624,-0.1041,0.8,0.0,0.2145,0.004,7297.67,1,45.3376,88.362,step
2026-09-01T13:13:41.932954+00:00,47.235,-0.1023,0.8,0.0,0.2147,0.0062,8846.13,1,45.2356,88.384,step
2026-09-01T13:13:41.934386+00:00,48.071,0.1028,0.0,0.15,0.2143,0.0124,10268.4,1,44.2894,88.406,step
2026-09-01T13:13:41.935947+00:00,48.684,0.1075,0.0,0.15,0.2138,0.0179,7516.27,1,43.5186,88.428,step
2026-09-01T13:13:41.937324+00:00,48.097,0.1091,0.0,0.15,0.2132,0.0196,7350.78,1,43.541,88.45,step
2026-09-01T13:13:41.938758+00:00,47.49,0.1093,0.0,0.15,0.2128,0.0196,7245.89,1,43.9072,88.472,step
2026-09-01T13:13:41.940172+00:00,46.896,0.109,0.15,0.0,0.2125,0.0191,7146.96,1,44.4059,88.494,step
2026-09-01T13:13:41.941544+00:00,46.895,0.1087,0.15,0.0,0.2122,0.0185,7348.64,1,44.9318,88.516,step
2026-09-01T13:13:41.942938+00:00,47.006,-0.0915,0.8,0.0,0.2119,0.0181,7359.44,1,45.4466,88.538,step
2026-09-01T13:13:41.944386+00:00,47.615,-0.0898,0.8,0.0,0.2114,0.0198,8946.77,1,45.4519,88.56,step
2026-09-01T13:13:41.945771+00:00,48.459,0.1152,0.0,0.15,0.2104,0.0255,10367.3,1,44.5612,88.582,step
2026-09-01T13:13:41.947226+00:00,49.089,0.1198,0.0,0.15,0.2092,0.0305,7574.66,1,43.8529,88.604,step
2026-09-01T13:13:41.948628+00:00,48.497,0.1213,0.0,0.15,0.2082,0.0318,7412.25,1,43.9689,88.626,step
2026-09-01T13:13:41.949995+00:00,47.883,0.1215,0.0,0.15,0.2072,0.0314,7305.35,1,44.4611,88.648,step
2026-09-01T13:13:41.951377+00:00,47.285,-0.0789,0.8,0.0,0.2063,0.0304,7204.71,1,45.1212,88.67,step
2026-09-01T13:13:41.952836+00:00,47.711,-0.0774,0.8,0.0,0.2052,0.0315,9185.95,1,45.2761,88.692,step
2026-09-01T13:13:41.954236+00:00,48.496,0.1276,0.0,0.15,0.2037,0.0368,10758.2,1,44.4607,88.714,step
2026-09-01T13:13:41.955734+00:00,49.105,0.132,0.0,0.15,0.2019,0.0413,7925.14,1,43.863,88.736,step
2026-09-01T13:13:41.957119+00:00,48.669,0.1335,0.0,0.15,0.2004,0.0421,7437.58,1,44.0982,88.758,step
2026-09-01T13:13:41.958489+00:00,48.057,0.1336,0.0,0.15,0.1989,0.0413,7332.5,1,44.731,88.78,step
2026-09-01T13:13:41.959903+00:00,47.456,-0.0669,0.8,0.0,0.1976,0.0398,7232.4,1,45.5455,88.802,step
2026-09-01T13:13:41.961365+00:00,47.894,-0.0657,0.8,0.0,0.1962,0.0405,9210.95,1,45.8417,88.824,step
2026-09-01T13:13:41.962730+00:00,48.687,-0.0609,0.8,0.0,0.1942,0.0452,10767.3,1,45.1148,88.846,step
2026-09-01T13:13:41.964089+00:00,49.577,0.1452,0.0,0.15,0.1919,0.0514,12104.0,1,44.0591,88.868,step
2026-09-01T13:13:41.965442+00:00,50.313,0.15,0.0,0.15,0.1895,0.056,8906.47,2,43.4062,88.89,step
2026-09-01T13:13:41.966871+00:00,50.229,0.152,0.0,0.15,0.1872,0.057,6406.69,2,43.6159,88.912,step
2026-09-01T13:13:41.968279+00:00,49.661,0.1523,0.0,0.15,0.185,0.056,6401.69,1,44.3026,88.934,step
2026-09-01T13:13:41.969799+00:00,49.108,-0.0482,0.8,0.0,0.183,0.0541,7558.94,1,45.2627,88.956,step
2026-09-01T13:13:41.971176+00:00,48.954,-0.0471,0.8,0.0,0.1809,0.0542,7572.6,1,45.7471,88.978,step
2026-09-01T13:13:41.972577+00:00,48.905,-0.0428,0.8,0.0,0.1783,0.058,7613.08,1,45.2573,89.0,step
2026-09-01T13:13:41.973925+00:00,49.485,0.1625,0.0,0.15,0.1753,0.0627,9379.04,1,44.5277,89.022,step
2026-09-01T13:13:41.975303+00:00,49.692,0.1663,0.0,0.15,0.1722,0.0655,7574.28,1,44.2785,89.044,step
2026-09-01T13:13:41.976654+00:00,49.041,0.1671,0.0,0.15,0.1694,0.0648,7485.72,1,44.9582,89.066,step
2026-09-01T13:13:41.978136+00:00,48.425,-0.0335,0.8,0.0,0.167,0.0625,7381.89,1,46.0859,89.088,step
2026-09-01T13:13:41.979521+00:00,48.882,-0.0326,0.8,0.0,0.1645,0.062,9395.75,1,46.7802,89.11,step
2026-09-01T13:13:41.980822+00:00,49.696,-0.0286,0.8,0.0,0.1615,0.0652,10918.2,1,46.4148,89.132,step
2026-09-01T13:13:41.982196+00:00,50.598,-0.0234,0.8,0.0,0.1582,0.0697,12227.0,2,45.6973,89.154,step
2026-09-01T13:13:41.983516+00:00,51.568,0.1823,0.0,0.15,0.1547,0.0745,9095.24,2,44.9085,89.176,step
2026-09-01T13:13:41.984940+00:00,51.97,0.1864,0.0,0.15,0.151,0.0774,9071.24,2,44.6584,89.198,step
2026-09-01T13:13:41.986296+00:00,51.356,-0.0123,0.8,0.0,0.1475,0.0768,5853.9,2,45.3725,89.22,step
2026-09-01T13:13:41.987733+00:00,51.695,-0.0108,0.8,0.0,0.1441,0.0766,6400.58,2,46.018,89.242,step
2026-09-01T13:13:41.989083+00:00,52.369,-0.0067,0.8,0.0,0.1403,0.0793,6507.18,2,45.8305,89.264,step
2026-09-01T13:13:41.990450+00:00,53.082,-0.0019,0.8,0.0,0.1361,0.0827,6566.03,2,45.4331,89.286,step
2026-09-01T13:13:41.991764+00:00,53.802,0.0031,0.8,0.0,0.1317,0.0861,6623.43,2,45.044,89.308,step
2026-09-01T13:13:41.993106+00:00,54.524,0.208,0.0,0.15,0.127,0.0894,6688.94,2,44.7074,89.33,step
2026-09-01T13:13:41.994485+00:00,54.299,0.2114,0.0,0.15,0.1222,0.0906,6189.32,2,44.9278,89.352,step
2026-09-01T13:13:41.995838+00:00,53.697,0.0119,0.8,0.0,0.1179,0.0885,6112.04,2,46.1566,89.374,step
2026-09-01T13:13:41.997120+00:00,54.037,0.0127,0.8,0.0,0.1137,0.087,6778.69,2,47.3168,89.396,step
2026-09-01T13:13:41.998431+00:00,54.744,0.0163,0.8,0.0,0.1092,0.0886,6917.48,2,47.5125,89.418,step
2026-09-01T13:13:41.999796+00:00,55.506,0.0206,0.8,0.0,0.1043,0.0909,6981.57,2,47.4537,89.44,step
2026-09-01T13:13:42.001223+00:00,56.295,0.0251,0.8,0.0,0.0993,0.0934,7005.03,2,47.3813,89.462,step
2026-09-01T13:13:42.002680+00:00,57.083,0.0296,0.8,0.0,0.094,0.0957,7036.84,2,47.3515,89.484,step
2026-09-01T13:13:42.004055+00:00,57.853,0.0341,0.8,0.0,0.0885,0.0979,7107.93,2,47.3805,89.506,step
2026-09-01T13:13:42.005405+00:00,58.616,0.0385,0.8,0.0,0.0829,0.1,7211.72,2,47.472,89.528,step
2026-09-01T13:13:42.006719+00:00,59.378,0.043,0.8,0.0,0.077,0.1019,7339.82,2,47.6379,89.55,step
2026-09-01T13:13:42.007988+00:00,60.149,0.0473,0.8,0.0,0.071,0.1035,7483.53,2,47.8902,89.572,step
2026-09-01T13:13:42.009315+00:00,60.935,0.0515,0.8,0.0,0.0649,0.1049,7629.88,2,48.2368,89.594,step
2026-09-01T13:13:42.010702+00:00,61.741,0.0557,0.8,0.0,0.0585,0.1061,7774.45,2,48.6935,89.616,step
2026-09-01T13:13:42.012013+00:00,62.566,0.0597,0.8,0.0,0.052,0.1071,7917.8,2,49.2746,89.638,step
2026-09-01T13:13:42.013319+00:00,63.403,0.0636,0.8,0.0,0.0454,0.1078,8068.51,2,49.991,89.66,step
2026-09-01T13:13:42.014619+00:00,64.258,0.0673,0.8,0.0,0.0386,0.1083,8222.31,2,50.8608,89.682,step
2026-09-01T13:13:42.015922+00:00,65.129,0.071,0.8,0.0,0.0317,0.1085,8379.75,2,51.9041,89.704,step
2026-09-01T13:13:42.017185+00:00,66.016,0.0745,0.8,0.0,0.0246,0.1085,8542.76,2,53.1493,89.726,step
2026-09-01T13:13:42.018469+00:00,66.918,0.0779,0.8,0.0,0.0174,0.1082,8716.93,2,54.6391,89.748,step
2026-09-01T13:13:42.019898+00:00,67.831,0.0811,0.8,0.0,0.0101,0.1076,8908.35,2,56.4166,89.77,step
2026-09-01T13:13:42.021176+00:00,68.755,0.081,0.8,0.0,0.0028,0.103,9123.77,2,58.5434,89.792,step
2026-09-01T13:13:42.022425+00:00,69.69,0.0805,0.8,0.0,-0.0043,0.098,9369.76,2,61.0796,89.814,step
2026-09-01T13:13:42.023649+00:00,70.634,0.0797,0.8,0.0,-0.0112,0.0927,9634.85,2,64.1087,89.836,step
2026-09-01T13:13:42.024840+00:00,71.599,0.0786,0.8,0.0,-0.0179,0.0871,9859.78,2,67.7453,89.858,step
2026-09-01T13:13:42.026048+00:00,72.57,0.0772,0.8,0.0,-0.0245,0.0812,10068.4,2,72.1527,89.88,step
2026-09-01T13:13:42.027327+00:00,73.538,0.0754,0.8,0.0,-0.0308,0.0751,10277.5,2,77.5541,89.902,step
2026-09-01T13:13:42.028539+00:00,74.5,0.0733,0.8,0.0,-0.0368,0.0686,10491.9,2,84.278,89.924,step
2026-09-01T13:13:42.029745+00:00,75.457,0.0708,0.8,0.0,-0.0426,0.0619,10707.4,2,92.8444,89.946,step
2026-09-01T13:13:42.030988+00:00,76.414,0.068,0.8,0.0,-0.0481,0.0549,10917.3,2,104.093,89.968,step
2026-09-01T13:13:42.032236+00:00,77.372,0.0647,0.8,0.0,-0.0533,0.0476,11119.3,2,119.415,89.99,step
2026-09-01T13:13:42.033501+00:00,78.331,0.0611,0.8,0.0,-0.0582,0.04,11312.8,2,141.364,90.012,step
2026-09-01T13:13:42.034741+00:00,79.291,0.057,0.8,0.0,-0.0627,0.0321,11497.3,2,175.143,90.034,step
2026-09-01T13:13:42.036090+00:00,80.253,0.0526,0.8,0.0,-0.0668,0.024,11672.2,3,200.0,90.056,step
2026-09-01T13:13:42.037381+00:00,81.153,0.0479,0.8,0.0,-0.0705,0.0158,9229.45,3,200.0,90.078,step
2026-09-01T13:13:42.038668+00:00,81.362,0.0446,0.8,0.0,-0.0735,0.0098,9236.83,3,200.0,90.1,step
2026-09-01T13:13:42.039966+00:00,81.288,0.0425,0.8,0.0,-0.0755,0.0059,7443.02,3,200.0,90.122,step
2026-09-01T13:13:42.041238+00:00,81.677,0.0406,0.8,0.0,-0.0768,0.0027,7900.55,3,200.0,90.144,step
2026-09-01T13:13:42.042508+00:00,82.307,0.0384,0.8,0.0,-0.0776,-0.0006,7987.22,3,200.0,90.166,step
2026-09-01T13:13:42.043884+00:00,82.972,0.0361,0.8,0.0,-0.0781,-0.0036,8031.93,3,200.0,90.188,step
2026-09-01T13:13:42.045135+00:00,83.687,0.034,0.8,0.0,-0.0781,-0.0063,8003.19,3,200.0,90.21,step
2026-09-01T13:13:42.046453+00:00,84.354,0.0322,0.8,0.0,-0.0778,-0.0084,8045.07,3,200.0,90.232,step
2026-09-01T13:13:42.047695+00:00,85.005,0.0304,0.8,0.0,-0.0771,-0.0103,8118.26,3,200.0,90.254,step
2026-09-01T13:13:42.048938+00:00,85.65,0.0285,0.8,0.0,-0.0763,-0.012,8211.11,3,200.0,90.276,step
2026-09-01T13:13:42.050170+00:00,86.305,0.0265,0.8,0.0,-0.0752,-0.0138,8303.66,3,200.0,90.298,step
2026-09-01T13:13:42.051437+00:00,86.975,0.0245,0.8,0.0,-0.074,-0.0156,8387.48,3,200.0,90.32,step
2026-09-01T13:13:42.052754+00:00,87.658,0.0224,0.8,0.0,-0.0725,-0.0174,8462.22,3,200.0,90.342,step
2026-09-01T13:13:42.054066+00:00,88.352,0.0203,0.8,0.0,-0.0709,-0.019,8531.06,3,200.0,90.364,step
2026-09-01T13:13:42.055342+00:00,89.052,0.0182,0.8,0.0,-0.0692,-0.0205,8598.43,3,200.0,90.386,step
2026-09-01T13:13:42.056580+00:00,89.758,0.0161,0.8,0.0,-0.0673,-0.0219,8665.15,3,200.0,90.408,step
2026-09-01T13:13:42.057845+00:00,90.471,0.0141,0.8,0.0,-0.0652,-0.0232,8731.27,3,200.0,90.43,step
2026-09-01T13:13:42.059097+00:00,91.188,0.0121,0.8,0.0,-0.063,-0.0243,8799.03,3,200.0,90.452,step
2026-09-01T13:13:42.060415+00:00,91.909,0.0101,0.8,0.0,-0.0607,-0.0253,8869.83,3,200.0,90.474,step
2026-09-01T13:13:42.061697+00:00,92.634,0.0082,0.8,0.0,-0.0583,-0.0262,8944.0,3,200.0,90.496,step
2026-09-01T13:13:42.062956+00:00,93.384,0.0063,0.8,0.0,-0.0558,-0.027,8987.33,3,200.0,90.518,step
2026-09-01T13:13:42.064222+00:00,94.121,0.0045,0.8,0.0,-0.0532,-0.0276,9057.81,3,200.0,90.54,step
2026-09-01T13:13:42.065441+00:00,94.852,0.0028,0.8,0.0,-0.0505,-0.0281,9145.51,3,200.0,90.562,step
2026-09-01T13:13:42.066652+00:00,95.586,0.0011,0.15,0.0,-0.0478,-0.0285,9241.33,3,200.0,90.584,step
2026-09-01T13:13:42.067910+00:00,95.865,-0.0005,0.15,0.0,-0.0449,-0.0288,8789.15,3,200.0,90.606,step
2026-09-01T13:13:42.069215+00:00,95.847,-0.002,0.15,0.0,-0.0421,-0.0288,8789.6,3,200.0,90.628,step
2026-09-01T13:13:42.070474+00:00,95.831,-0.0034,0.15,0.0,-0.0393,-0.0288,8789.54,3,200.0,90.65,step
2026-09-01T13:13:42.071753+00:00,95.815,-0.0048,0.15,0.0,-0.0364,-0.0287,8788.36,3,200.0,90.672,step
2026-09-01T13:13:42.073041+00:00,95.8,-0.006,0.15,0.0,-0.0335,-0.0285,8786.76,3,200.0,90.694,step
2026-09-01T13:13:42.074321+00:00,95.784,-0.0072,0.15,0.0,-0.0306,-0.0282,8785.02,3,200.0,90.716,step
2026-09-01T13:13:42.075560+00:00,95.769,-0.0083,0.15,0.0,-0.0278,-0.0278,8783.21,3,200.0,90.738,step
2026-09-01T13:13:42.076791+00:00,95.754,-0.0093,0.15,0.0,-0.0251,-0.0274,8781.55,3,200.0,90.76,step
2026-09-01T13:13:42.078208+00:00,95.739,-0.0103,0.15,0.0,-0.0224,-0.0269,8780.29,3,200.0,90.782,step
2026-09-01T13:13:42.079480+00:00,95.723,-0.0112,0.15,0.0,-0.0197,-0.0263,8779.55,3,200.0,90.804,step
2026-09-01T13:13:42.080757+00:00,95.708,-0.012,0.15,0.0,-0.0171,-0.0257,8777.77,3,200.0,90.826,step
2026-09-01T13:13:42.081993+00:00,95.693,-0.0127,0.15,0.0,-0.0146,-0.025,8776.06,3,200.0,90.848,step
2026-09-01T13:13:42.083225+00:00,95.678,-0.0133,0.15,0.0,-0.0121,-0.0242,8774.48,3,200.0,90.87,step
2026-09-01T13:13:42.084490+00:00,95.663,-0.0139,0.15,0.0,-0.0097,-0.0235,8772.91,3,200.0,90.892,step
2026-09-01T13:13:42.085844+00:00,95.647,-0.0145,0.15,0.0,-0.0074,-0.0227,8771.43,3,200.0,90.914,step
2026-09-01T13:13:42.087129+00:00,95.632,-0.0149,0.15,0.0,-0.0051,-0.0219,8770.07,3,200.0,90.936,step
2026-09-01T13:13:42.088377+00:00,95.616,-0.0153,0.15,0.0,-0.003,-0.021,8768.68,3,200.0,90.958,step
2026-09-01T13:13:42.089701+00:00,95.601,-0.0157,0.15,0.0,-0.0009,-0.0201,8767.54,3,200.0,90.98,step
2026-09-01T13:13:42.091020+00:00,95.586,-0.0159,0.15,0.0,0.0011,-0.0192,8766.26,3,200.0,91.002,step
2026-09-01T13:13:42.092286+00:00,95.572,-0.0161,0.15,0.0,0.003,-0.0183,8765.04,3,200.0,91.024,step
2026-09-01T13:13:42.093594+00:00,95.557,-0.0163,0.15,0.0,0.0048,-0.0174,8763.63,3,200.0,91.046,step
2026-09-01T13:13:42.094839+00:00,95.542,-0.0164,0.15,0.0,0.0065,-0.0164,8763.97,3,200.0,91.068,step
2026-09-01T13:13:42.096137+00:00,95.528,-0.0164,0.15,0.0,0.0082,-0.0154,8762.54,3,200.0,91.09,step
2026-09-01T13:13:42.097389+00:00,95.514,-0.0164,0.15,0.0,0.0097,-0.0144,8760.48,3,200.0,91.112,step
2026-09-01T13:13:42.098638+00:00,95.5,-0.0163,0.15,0.0,0.0111,-0.0134,8758.65,3,200.0,91.134,step
2026-09-01T13:13:42.099864+00:00,95.485,-0.0162,0.15,0.0,0.0125,-0.0125,8756.96,3,200.0,91.156,step
2026-09-01T13:13:42.101123+00:00,95.471,-0.0161,0.15,0.0,0.0137,-0.0115,8755.33,3,200.0,91.178,step
2026-09-01T13:13:42.102488+00:00,95.457,-0.0159,0.15,0.0,0.0149,-0.0105,8753.94,3,200.0,91.2,step
2026-09-01T13:13:42.103746+00:00,95.442,-0.0156,0.15,0.0,0.0159,-0.0096,8752.6,3,200.0,91.222,step
2026-09-01T13:13:42.105054+00:00,95.427,-0.0153,0.15,0.0,0.0169,-0.0086,8751.46,3,200.0,91.244,step
2026-09-01T13:13:42.106322+00:00,95.413,-0.015,0.15,0.0,0.0178,-0.0077,8750.22,3,200.0,91.266,step
2026-09-01T13:13:42.107631+00:00,95.398,-0.0147,0.15,0.0,0.0186,-0.0067,8749.06,3,200.0,91.288,step
2026-09-01T13:13:42.108921+00:00,95.384,-0.0143,0.15,0.0,0.0193,-0.0058,8747.66,3,200.0,91.31,step
2026-09-01T13:13:42.110267+00:00,95.369,-0.0139,0.15,0.0,0.0199,-0.005,8746.42,3,200.0,91.332,step
2026-09-01T13:13:42.111527+00:00,95.355,-0.0135,0.15,0.0,0.0204,-0.0041,8745.05,3,200.0,91.354,step
2026-09-01T13:13:42.112796+00:00,95.341,-0.0131,0.15,0.0,0.0208,-0.0033,8743.74,3,200.0,91.376,step
2026-09-01T13:13:42.114069+00:00,95.326,-0.0126,0.15,0.0,0.0212,-0.0025,8742.38,3,200.0,91.398,step
2026-09-01T13:13:42.115311+00:00,95.312,-0.0121,0.15,0.0,0.0215,-0.0017,8741.1,3,200.0,91.42,step
2026-09-01T13:13:42.116538+00:00,95.298,-0.0116,0.15,0.0,0.0217,-0.001,8739.86,3,200.0,91.442,step
2026-09-01T13:13:42.117794+00:00,95.283,-0.0111,0.15,0.0,0.0218,-0.0002,8738.47,3,200.0,91.464,step
2026-09-01T13:13:42.119208+00:00,95.269,-0.0106,0.15,0.0,0.0219,0.0005,8737.22,3,200.0,91.486,step
2026-09-01T13:13:42.120518+00:00,95.255,-0.0101,0.15,0.0,0.0219,0.0011,8735.94,3,200.0,91.508,step
2026-09-01T13:13:42.121876+00:00,95.241,-0.0095,0.15,0.0,0.0218,0.0018,8734.61,3,200.0,91.53,step
2026-09-01T13:13:42.123225+00:00,95.227,-0.009,0.15,0.0,0.0217,0.0024,8733.32,3,200.0,91.552,step
2026-09-01T13:13:42.124557+00:00,95.213,-0.0084,0.15,0.0,0.0216,0.0029,8732.08,3,200.0,91.574,step
2026-09-01T13:13:42.125891+00:00,95.198,-0.0079,0.15,0.0,0.0213,0.0035,8730.73,3,200.0,91.596,step
2026-09-01T13:13:42.127320+00:00,95.184,-0.0074,0.15,0.0,0.021,0.004,8729.45,3,200.0,91.618,step
2026-09-01T13:13:42.128603+00:00,95.17,-0.0068,0.15,0.0,0.0207,0.0044,8728.2,3,200.0,91.64,step
2026-09-01T13:13:42.129920+00:00,95.156,-0.0063,0.15,0.0,0.0204,0.0048,8726.93,3,200.0,91.662,step
2026-09-01T13:13:42.131211+00:00,95.142,-0.0058,0.15,0.0,0.02,0.0052,8725.71,3,200.0,91.684,step
2026-09-01T13:13:42.132483+00:00,95.129,-0.0053,0.15,0.0,0.0195,0.0056,8724.38,3,200.0,91.706,step
2026-09-01T13:13:42.133763+00:00,95.115,-0.0047,0.15,0.0,0.019,0.006,8723.12,3,200.0,91.728,step
2026-09-01T13:13:42.135004+00:00,95.101,-0.0042,0.15,0.0,0.0185,0.0063,8721.89,3,200.0,91.75,step
2026-09-01T13:13:42.136390+00:00,95.087,-0.0037,0.15,0.0,0.0179,0.0066,8720.65,3,200.0,91.772,step
2026-09-01T13:13:42.137726+00:00,95.073,-0.0032,0.15,0.0,0.0173,0.0068,8719.39,3,200.0,91.794,step
2026-09-01T13:13:42.139043+00:00,95.059,-0.0028,0.15,0.0,0.0168,0.007,8718.11,3,200.0,91.816,step
2026-09-01T13:13:42.140348+00:00,95.046,-0.0023,0.15,0.0,0.0161,0.0072,8716.89,3,200.0,91.838,step
2026-09-01T13:13:42.141629+00:00,95.032,-0.0019,0.15,0.0,0.0155,0.0073,8715.66,3,200.0,91.86,step
2026-09-01T13:13:42.142910+00:00,95.019,-0.0015,0.15,0.0,0.0148,0.0075,8714.42,3,200.0,91.882,step
2026-09-01T13:13:42.144345+00:00,95.005,-0.0011,0.15,0.0,0.0142,0.0075,8713.15,3,200.0,91.904,step
2026-09-01T13:13:42.145601+00:00,94.991,-0.0007,0.8,0.0,0.0135,0.0076,8711.89,3,200.0,91.926,step
2026-09-01T13:13:42.146898+00:00,95.436,-0.0003,0.15,0.0,0.0129,0.0077,9227.48,3,200.0,91.948,step
2026-09-01T13:13:42.148164+00:00,95.716,0.0001,0.15,0.0,0.0122,0.0077,8776.8,3,200.0,91.97,step
2026-09-01T13:13:42.149451+00:00,95.7,0.0004,0.15,0.0,0.0114,0.0077,8774.57,3,200.0,91.992,step
2026-09-01T13:13:42.150747+00:00,95.684,0.0008,0.15,0.0,0.0107,0.0077,8774.32,3,200.0,92.014,step
2026-09-01T13:13:42.152089+00:00,95.669,0.0011,0.15,0.0,0.01,0.0076,8773.81,3,200.0,92.036,step
2026-09-01T13:13:42.153374+00:00,95.654,0.0014,0.15,0.0,0.0094,0.0076,8772.78,3,200.0,92.058,step
2026-09-01T13:13:42.154712+00:00,95.639,0.0016,0.15,0.0,0.0087,0.0075,8771.45,3,200.0,92.08,step
2026-09-01T13:13:42.156078+00:00,95.624,0.0019,0.15,0.0,0.0081,0.0074,8770.0,3,200.0,92.102,step
2026-09-01T13:13:42.157421+00:00,95.609,0.0021,0.15,0.0,0.0074,0.0073,8768.53,3,200.0,92.124,step
2026-09-01T13:13:42.158702+00:00,95.595,0.0024,0.15,0.0,0.0068,0.0072,8767.08,3,200.0,92.146,step
2026-09-01T13:13:42.159971+00:00,95.58,0.0026,0.15,0.0,0.0061,0.007,8765.69,3,200.0,92.168,step
2026-09-01T13:13:42.161306+00:00,95.565,0.0027,0.15,0.0,0.0055,0.0069,8764.37,3,200.0,92.19,step
2026-09-01T13:13:42.162556+00:00,95.551,0.0029,0.15,0.0,0.005,0.0067,8763.0,3,200.0,92.212,step
2026-09-01T13:13:42.163841+00:00,95.536,0.003,0.15,0.0,0.0044,0.0065,8761.64,3,200.0,92.234,step
2026-09-01T13:13:42.165094+00:00,95.522,0.0032,0.15,0.0,0.0038,0.0063,8760.31,3,200.0,92.256,step
2026-09-01T13:13:42.166369+00:00,95.507,0.0033,0.15,0.0,0.0032,0.0061,8759.03,3,200.0,92.278,step
2026-09-01T13:13:42.167622+00:00,95.493,0.0034,0.15,0.0,0.0027,0.0059,8757.73,3,200.0,92.3,step
2026-09-01T13:13:42.168931+00:00,95.478,0.0035,0.15,0.0,0.0022,0.0057,8756.42,3,200.0,92.322,step
2026-09-01T13:13:42.170249+00:00,95.464,0.0036,0.15,0.0,0.0017,0.0056,8755.07,3,200.0,92.344,step
2026-09-01T13:13:42.171534+00:00,95.449,0.0037,0.15,0.0,0.0012,0.0053,8753.74,3,200.0,92.366,step
2026-09-01T13:13:42.172845+00:00,95.435,0.0037,0.15,0.0,0.0008,0.0051,8752.46,3,200.0,92.388,step
2026-09-01T13:13:42.174158+00:00,95.421,0.0037,0.15,0.0,0.0004,0.0049,8751.15,3,200.0,92.41,step
2026-09-01T13:13:42.175456+00:00,95.406,0.0037,0.15,0.0,-0.0,0.0046,8749.83,3,200.0,92.432,step
2026-09-01T13:13:42.176736+00:00,95.392,0.0037,0.15,0.0,-0.0005,0.0044,8748.53,3,200.0,92.454,step
2026-09-01T13:13:42.178118+00:00,95.378,0.0037,0.15,0.0,-0.0008,0.0041,8747.27,3,200.0,92.476,step
2026-09-01T13:13:42.179411+00:00,95.364,0.0037,0.15,0.0,-0.0012,0.0039,8745.99,3,200.0,92.498,step
2026-09-01T13:13:42.180726+00:00,95.349,0.0037,0.15,0.0,-0.0015,0.0036,8744.67,3,200.0,92.52,step
2026-09-01T13:13:42.181959+00:00,95.335,0.0036,0.15,0.0,-0.0019,0.0034,8743.33,3,200.0,92.542,step
2026-09-01T13:13:42.183226+00:00,95.321,0.0036,0.15,0.0,-0.0022,0.0031,8742.04,3,200.0,92.564,step
2026-09-01T13:13:42.184499+00:00,95.307,0.0035,0.15,0.0,-0.0024,0.0029,8740.82,3,200.0,92.586,step
2026-09-01T13:13:42.185869+00:00,95.293,0.0034,0.15,0.0,-0.0026,0.0026,8739.48,3,200.0,92.608,step
2026-09-01T13:13:42.187123+00:00,95.279,0.0033,0.15,0.0,-0.0028,0.0024,8738.19,3,200.0,92.63,step
2026-09-01T13:13:42.188427+00:00,95.265,0.0032,0.15,0.0,-0.003,0.0022,8736.89,3,200.0,92.652,step
2026-09-01T13:13:42.189702+00:00,95.251,0.0032,0.15,0.0,-0.0031,0.002,8735.74,3,200.0,92.674,step
2026-09-01T13:13:42.190999+00:00,95.237,0.0031,0.15,0.0,-0.0032,0.0018,8734.42,3,200.0,92.696,step
2026-09-01T13:13:42.192290+00:00,95.223,0.003,0.15,0.0,-0.0033,0.0016,8733.17,3,200.0,92.718,step
2026-09-01T13:13:42.193681+00:00,95.21,0.0029,0.15,0.0,-0.0034,0.0014,8731.86,3,200.0,92.74,step
2026-09-01T13:13:42.194996+00:00,95.196,0.0028,0.15,0.0,-0.0035,0.0013,8730.59,3,200.0,92.762,step
2026-09-01T13:13:42.196264+00:00,95.182,0.0026,0.15,0.0,-0.0035,0.0011,8729.41,3,200.0,92.784,step
2026-09-01T13:13:42.197563+00:00,95.168,0.0025,0.15,0.0,-0.0036,0.0009,8728.13,3,200.0,92.806,step
2026-09-01T13:13:42.198826+00:00,95.154,0.0024,0.15,0.0,-0.0036,0.0007,8726.84,3,200.0,92.828,step
2026-09-01T13:13:42.200104+00:00,95.141,0.0023,0.15,0.0,-0.0036,0.0006,8725.57,3,200.0,92.85,step
2026-09-01T13:13:42.201373+00:00,95.127,0.0022,0.15,0.0,-0.0036,0.0004,8724.32,3,200.0,92.872,step
2026-09-01T13:13:42.202721+00:00,95.114,0.0021,0.15,0.0,-0.0036,0.0003,8723.08,3,200.0,92.894,step
2026-09-01T13:13:42.204003+00:00,95.1,0.0019,0.15,0.0,-0.0036,0.0002,8721.89,3,200.0,92.916,step
2026-09-01T13:13:42.205311+00:00,95.086,0.0018,0.15,0.0,-0.0035,0.0001,8720.63,3,200.0,92.938,step
2026-09-01T13:13:42.206624+00:00,95.073,0.0017,0.15,0.0,-0.0034,-0.0001,8719.37,3,200.0,92.96,step
2026-09-01T13:13:42.207900+00:00,95.059,0.0015,0.15,0.0,-0.0034,-0.0002,8718.12,3,200.0,92.982,step
2026-09-01T13:13:42.209176+00:00,95.046,0.0014,0.15,0.0,-0.0033,-0.0003,8716.88,3,200.0,93.004,step
2026-09-01T13:13:42.210547+00:00,95.032,0.0013,0.15,0.0,-0.0033,-0.0005,8715.66,3,200.0,93.026,step
2026-09-01T13:13:42.211893+00:00,95.019,0.0011,0.15,0.0,-0.0031,-0.0005,8714.54,3,200.0,93.048,step
2026-09-01T13:13:42.213182+00:00,95.005,0.001,0.15,0.0,-0.003,-0.0006,8713.25,3,200.0,93.07,step
2026-09-01T13:13:42.214478+00:00,94.992,0.0009,0.15,0.0,-0.0029,-0.0007,8712.05,3,200.0,93.092,step
2026-09-01T13:13:42.215699+00:00,94.979,0.0008,0.8,0.0,-0.0028,-0.0007,8710.81,3,200.0,93.114,step
2026-09-01T13:13:42.216974+00:00,95.424,0.0007,0.15,0.0,-0.0027,-0.0008,9226.57,3,200.0,93.136,step
2026-09-01T13:13:42.218200+00:00,95.705,0.0006,0.15,0.0,-0.0026,-0.0009,8775.78,3,200.0,93.158,step
2026-09-01T13:13:42.219543+00:00,95.689,0.0005,0.15,0.0,-0.0025,-0.001,8773.59,3,200.0,93.18,step
2026-09-01T13:13:42.220830+00:00,95.673,0.0004,0.15,0.0,-0.0024,-0.001,8773.27,3,200.0,93.202,step
2026-09-01T13:13:42.222122+00:00,95.658,0.0003,0.15,0.0,-0.0022,-0.001,8772.73,3,200.0,93.224,step
2026-09-01T13:13:42.223397+00:00,95.643,0.0002,0.15,0.0,-0.0021,-0.001,8771.75,3,200.0,93.246,step
2026-09-01T13:13:42.224660+00:00,95.629,0.0002,0.15,0.0,-0.002,-0.001,8770.47,3,200.0,93.268,step
2026-09-01T13:13:42.225948+00:00,95.614,0.0001,0.15,0.0,-0.0018,-0.001,8769.05,3,200.0,93.29,step
2026-09-01T13:13:42.227249+00:00,95.599,0.0,0.15,0.0,-0.0017,-0.001,8767.58,3,200.0,93.312,step
2026-09-01T13:13:42.228603+00:00,95.585,-0.0,0.15,0.0,-0.0016,-0.001,8766.15,3,200.0,93.334,step
2026-09-01T13:13:42.229906+00:00,95.57,-0.0001,0.15,0.0,-0.0015,-0.001,8764.78,3,200.0,93.356,step
2026-09-01T13:13:42.231159+00:00,95.556,-0.0001,0.15,0.0,-0.0014,-0.001,8763.4,3,200.0,93.378,step
2026-09-01T13:13:42.232428+00:00,95.541,-0.0002,0.15,0.0,-0.0013,-0.001,8762.13,3,200.0,93.4,step
2026-09-01T13:13:42.233693+00:00,95.527,-0.0002,0.15,0.0,-0.0012,-0.001,8760.79,3,200.0,93.422,step
2026-09-01T13:13:42.234956+00:00,95.512,-0.0003,0.15,0.0,-0.001,-0.001,8759.46,3,200.0,93.444,step
2026-09-01T13:13:42.236309+00:00,95.498,-0.0004,0.15,0.0,-0.0009,-0.001,8758.13,3,200.0,93.466,step
2026-09-01T13:13:42.237638+00:00,95.483,-0.0004,0.15,0.0,-0.0008,-0.001,8756.81,3,200.0,93.488,step
2026-09-01T13:13:42.238952+00:00,95.469,-0.0005,0.15,0.0,-0.0006,-0.001,8755.5,3,200.0,93.51,step
2026-09-01T13:13:42.240204+00:00,95.455,-0.0005,0.15,0.0,-0.0005,-0.001,8754.21,3,200.0,93.532,step
2026-09-01T13:13:42.241500+00:00,95.44,-0.0006,0.15,0.0,-0.0004,-0.001,8752.87,3,200.0,93.554,step
2026-09-01T13:13:42.242833+00:00,95.426,-0.0006,0.15,0.0,-0.0003,-0.0009,8751.62,3,200.0,93.576,step
2026-09-01T13:13:42.244193+00:00,95.412,-0.0006,0.15,0.0,-0.0003,-0.0009,8750.27,3,200.0,93.598,step
2026-09-01T13:13:42.245473+00:00,95.398,-0.0005,0.15,0.0,-0.0002,-0.0008,8748.99,3,200.0,93.62,step
2026-09-01T13:13:42.246784+00:00,95.383,-0.0005,0.15,0.0,-0.0001,-0.0007,8747.67,3,200.0,93.642,step
2026-09-01T13:13:42.248084+00:00,95.369,-0.0005,0.15,0.0,-0.0001,-0.0007,8746.37,3,200.0,93.664,step
2026-09-01T13:13:42.249376+00:00,95.355,-0.0005,0.15,0.0,-0.0,-0.0006,8745.1,3,200.0,93.686,step
2026-09-01T13:13:42.250653+00:00,95.341,-0.0005,0.15,0.0,0.0001,-0.0006,8743.88,3,200.0,93.708,step
2026-09-01T13:13:42.251944+00:00,95.327,-0.0006,0.15,0.0,0.0002,-0.0006,8742.57,3,200.0,93.73,step
2026-09-01T13:13:42.253234+00:00,95.313,-0.0006,0.15,0.0,0.0003,-0.0005,8741.3,3,200.0,93.752,step
2026-09-01T13:13:42.254520+00:00,95.299,-0.0006,0.15,0.0,0.0004,-0.0005,8740.03,3,200.0,93.774,step
2026-09-01T13:13:42.255791+00:00,95.285,-0.0006,0.15,0.0,0.0004,-0.0004,8738.71,3,200.0,93.796,step
2026-09-01T13:13:42.257080+00:00,95.271,-0.0005,0.15,0.0,0.0005,-0.0004,8737.44,3,200.0,93.818,step
2026-09-01T13:13:42.258406+00:00,95.257,-0.0005,0.15,0.0,0.0005,-0.0003,8736.14,3,200.0,93.84,step
2026-09-01T13:13:42.259717+00:00,95.243,-0.0005,0.15,0.0,0.0006,-0.0002,8734.89,3,200.0,93.862,step
2026-09-01T13:13:42.261158+00:00,95.229,-0.0005,0.15,0.0,0.0007,-0.0002,8733.61,3,200.0,93.884,step
2026-09-01T13:13:42.262445+00:00,95.215,-0.0005,0.15,0.0,0.0007,-0.0002,8732.33,3,200.0,93.906,step
2026-09-01T13:13:42.263746+00:00,95.201,-0.0005,0.15,0.0,0.0007,-0.0001,8731.1,3,200.0,93.928,step
2026-09-01T13:13:42.265018+00:00,95.188,-0.0004,0.15,0.0,0.0007,-0.0001,8729.87,3,200.0,93.95,step
2026-09-01T13:13:42.266282+00:00,95.174,-0.0004,0.15,0.0,0.0007,-0.0001,8728.6,3,200.0,93.972,step
2026-09-01T13:13:42.267539+00:00,95.16,-0.0004,0.15,0.0,0.0007,-0.0001,8727.33,3,200.0,93.994,step
2026-09-01T13:13:42.268897+00:00,95.147,-0.0004,0.15,0.0,0.0006,-0.0001,8726.09,3,200.0,94.016,step
2026-09-01T13:13:42.270226+00:00,95.133,-0.0004,0.15,0.0,0.0006,-0.0001,8724.82,3,200.0,94.038,step
2026-09-01T13:13:42.271556+00:00,95.119,-0.0004,0.15,0.0,0.0007,-0.0001,8723.62,3,200.0,94.06,step
2026-09-01T13:13:42.272828+00:00,95.106,-0.0004,0.15,0.0,0.0007,-0.0001,8722.35,3,200.0,94.082,step
2026-09-01T13:13:42.274137+00:00,95.092,-0.0005,0.15,0.0,0.0008,-0.0001,8721.12,3,200.0,94.104,step
2026-09-01T13:13:42.275403+00:00,95.078,-0.0005,0.15,0.0,0.0009,-0.0001,8719.86,3,200.0,94.126,step
2026-09-01T13:13:42.276878+00:00,95.065,-0.0005,0.15,0.0,0.0009,-0.0001,8718.65,3,200.0,94.148,step
2026-09-01T13:13:42.278194+00:00,95.051,-0.0005,0.15,0.0,0.0009,-0.0001,8717.42,3,200.0,94.17,step
2026-09-01T13:13:42.279483+00:00,95.038,-0.0004,0.15,0.0,0.0009,-0.0,8716.17,3,200.0,94.192,step
2026-09-01T13:13:42.280803+00:00,95.024,-0.0004,0.15,0.0,0.0008,-0.0,8714.91,3,200.0,94.214,step
2026-09-01T13:13:42.282092+00:00,95.011,-0.0004,0.15,0.0,0.0008,-0.0,8713.69,3,200.0,94.236,step
2026-09-01T13:13:42.283343+00:00,94.998,-0.0004,0.15,0.0,0.0008,-0.0,8712.49,3,200.0,94.258,step
2026-09-01T13:13:42.284605+00:00,94.984,-0.0004,0.8,0.0,0.0008,-0.0,8711.26,3,200.0,94.28,step
2026-09-01T13:13:42.285950+00:00,95.429,-0.0004,0.15,0.0,0.0008,-0.0,9227.13,3,200.0,94.302,step
2026-09-01T13:13:42.287269+00:00,95.71,-0.0004,0.15,0.0,0.0008,-0.0,8776.25,3,200.0,94.324,step
2026-09-01T13:13:42.288562+00:00,95.694,-0.0004,0.15,0.0,0.0009,-0.0,8774.03,3,200.0,94.346,step
2026-09-01T13:13:42.289872+00:00,95.678,-0.0004,0.15,0.0,0.0009,-0.0,8773.73,3,200.0,94.368,step
2026-09-01T13:13:42.291173+00:00,95.663,-0.0004,0.15,0.0,0.0008,-0.0,8773.11,3,200.0,94.39,step
2026-09-01T13:13:42.292506+00:00,95.648,-0.0004,0.15,0.0,0.0008,-0.0,8772.08,3,200.0,94.412,step
2026-09-01T13:13:42.293870+00:00,95.632,-0.0004,0.15,0.0,0.0008,-0.0,8770.78,3,200.0,94.434,step
2026-09-01T13:13:42.295184+00:00,95.618,-0.0004,0.15,0.0,0.0008,-0.0,8769.33,3,200.0,94.456,step
2026-09-01T13:13:42.296490+00:00,95.603,-0.0004,0.15,0.0,0.0007,-0.0,8767.05,3,200.0,94.478,step
2026-09-01T13:13:42.297813+00:00,95.588,-0.0004,0.15,0.0,0.0007,-0.0,8765.72,3,200.0,94.5,step
2026-09-01T13:13:42.299133+00:00,95.572,-0.0004,0.15,0.0,0.0008,-0.0,8764.61,3,200.0,94.522,step
2026-09-01T13:13:42.300466+00:00,95.557,-0.0004,0.15,0.0,0.0008,-0.0,8763.45,3,200.0,94.544,step
2026-09-01T13:13:42.301751+00:00,95.542,-0.0004,0.15,0.0,0.0009,-0.0,8762.24,3,200.0,94.566,step
2026-09-01T13:13:42.303121+00:00,95.527,-0.0004,0.15,0.0,0.0009,-0.0,8760.98,3,200.0,94.588,step
2026-09-01T13:13:42.304439+00:00,95.512,-0.0004,0.15,0.0,0.0008,-0.0,8759.6,3,200.0,94.61,step
2026-09-01T13:13:42.305725+00:00,95.497,-0.0004,0.15,0.0,0.0008,-0.0,8758.17,3,199.644,94.632,step
2026-09-01T13:13:42.307031+00:00,95.482,-0.0004,0.15,0.0,0.0008,-0.0,8756.7,3,199.061,94.654,step
2026-09-01T13:13:42.308370+00:00,95.467,-0.0004,0.15,0.0,0.0008,-0.0,8755.24,3,198.477,94.676,step
2026-09-01T13:13:42.309663+00:00,95.452,-0.0004,0.15,0.0,0.0007,-0.0,8753.81,3,197.893,94.698,step
2026-09-01T13:13:42.311104+00:00,95.436,-0.0004,0.15,0.0,0.0007,-0.0,8752.4,3,197.309,94.72,step
2026-09-01T13:13:42.312376+00:00,95.421,-0.0004,0.15,0.0,0.0008,-0.0,8750.09,3,196.727,94.742,step
2026-09-01T13:13:42.313694+00:00,95.406,-0.0004,0.15,0.0,0.0008,-0.0,8748.55,3,196.144,94.764,step
2026-09-01T13:13:42.315016+00:00,95.39,-0.0004,0.15,0.0,0.0009,-0.0,8747.47,3,195.561,94.786,step
2026-09-01T13:13:42.316317+00:00,95.374,-0.0004,0.15,0.0,0.0009,-0.0,8746.68,3,194.979,94.808,step
2026-09-01T13:13:42.317670+00:00,95.359,-0.0004,0.15,0.0,0.0008,-0.0,8745.59,3,194.396,94.83,step
2026-09-01T13:13:42.319051+00:00,95.344,-0.0004,0.15,0.0,0.0008,-0.0,8744.32,3,193.813,94.852,step
2026-09-01T13:13:42.320372+00:00,95.329,-0.0004,0.15,0.0,0.0008,-0.0,8742.93,3,193.23,94.874,step
2026-09-01T13:13:42.321660+00:00,95.314,-0.0004,0.15,0.0,0.0008,-0.0,8741.5,3,192.648,94.896,step
2026-09-01T13:13:42.322960+00:00,95.298,-0.0004,0.15,0.0,0.0008,-0.0,8740.01,3,192.065,94.918,step
2026-09-01T13:13:42.324237+00:00,95.283,-0.0004,0.15,0.0,0.0007,-0.0,8738.54,3,191.482,94.94,step
2026-09-01T13:13:42.325543+00:00,95.267,-0.0004,0.15,0.0,0.0007,-0.0,8737.13,3,190.9,94.962,step
2026-09-01T13:13:42.326795+00:00,95.252,-0.0004,0.15,0.0,0.0008,-0.0,8735.72,3,190.318,94.984,step
2026-09-01T13:13:42.328189+00:00,95.237,-0.0004,0.15,0.0,0.0009,-0.0,8734.28,3,189.737,95.006,step
2026-09-01T13:13:42.329539+00:00,95.222,-0.0004,0.15,0.0,0.0009,-0.0,8732.29,3,189.155,95.028,step
2026-09-01T13:13:42.330806+00:00,95.206,-0.0004,0.15,0.0,0.0008,-0.0,8730.99,3,188.573,95.05,step
2026-09-01T13:13:42.332064+00:00,95.191,-0.0004,0.15,0.0,0.0008,-0.0,8729.9,3,187.991,95.072,step
2026-09-01T13:13:42.333351+00:00,95.175,-0.0004,0.15,0.0,0.0008,-0.0,8728.71,3,187.409,95.094,step
2026-09-01T13:13:42.334604+00:00,95.16,-0.0004,0.15,0.0,0.0008,-0.0,8727.42,3,186.828,95.116,step
2026-09-01T13:13:42.335965+00:00,95.145,-0.0004,0.15,0.0,0.0008,-0.0,8726.06,3,186.246,95.138,step
2026-09-01T13:13:42.337255+00:00,95.13,-0.0004,0.15,0.0,0.0007,-0.0,8724.66,3,185.664,95.16,step
2026-09-01T13:13:42.338556+00:00,95.115,-0.0004,0.15,0.0,0.0007,-0.0,8723.26,3,185.082,95.182,step
2026-09-01T13:13:42.339875+00:00,95.099,-0.0004,0.15,0.0,0.0008,-0.0,8721.89,3,184.502,95.204,step
2026-09-01T13:13:42.341155+00:00,95.084,-0.0004,0.15,0.0,0.0009,-0.0,8720.46,3,183.921,95.226,step
2026-09-01T13:13:42.342416+00:00,95.069,-0.0004,0.15,0.0,0.0009,-0.0,8719.08,3,183.34,95.248,step
2026-09-01T13:13:42.343798+00:00,95.054,-0.0004,0.15,0.0,0.0008,-0.0,8717.7,3,182.76,95.27,step
2026-09-01T13:13:42.345094+00:00,95.039,-0.0004,0.15,0.0,0.0008,-0.0,8716.14,3,182.179,95.292,step
2026-09-01T13:13:42.346363+00:00,95.024,-0.0004,0.15,0.0,0.0008,-0.0,8714.75,3,181.598,95.314,step
2026-09-01T13:13:42.347680+00:00,95.009,-0.0004,0.15,0.0,0.0008,-0.0,8713.42,3,181.017,95.336,step
2026-09-01T13:13:42.348939+00:00,94.994,-0.0004,0.8,0.0,0.0008,-0.0,8712.12,3,180.436,95.358,step
2026-09-01T13:13:42.350210+00:00,95.437,-0.0004,0.15,0.0,0.0008,-0.0,9227.73,3,179.854,95.38,step
2026-09-01T13:13:42.351472+00:00,95.716,-0.0004,0.15,0.0,0.0008,-0.0,8776.88,3,179.27,95.402,step
2026-09-01T13:13:42.352923+00:00,95.699,-0.0004,0.15,0.0,0.0008,-0.0,8774.53,3,178.685,95.424,step
2026-09-01T13:13:42.354183+00:00,95.681,-0.0004,0.15,0.0,0.0008,-0.0,8774.15,3,178.101,95.446,step
2026-09-01T13:13:42.355515+00:00,95.665,-0.0004,0.15,0.0,0.0008,-0.0,8773.46,3,177.516,95.468,step
2026-09-01T13:13:42.356851+00:00,95.649,-0.0004,0.15,0.0,0.0008,-0.0,8772.32,3,176.931,95.49,step
2026-09-01T13:13:42.358105+00:00,95.632,-0.0004,0.15,0.0,0.0007,-0.0,8770.89,3,176.346,95.512,step
2026-09-01T13:13:42.359434+00:00,95.616,-0.0004,0.15,0.0,0.0007,-0.0,8769.32,3,175.762,95.534,step
2026-09-01T13:13:42.360701+00:00,95.6,-0.0003,0.15,0.0,0.0007,-0.0,8768.04,3,175.177,95.556,step
2026-09-01T13:13:42.361984+00:00,95.584,-0.0004,0.15,0.0,0.0007,-0.0,8766.56,3,174.593,95.578,step
2026-09-01T13:13:42.363280+00:00,95.568,-0.0004,0.15,0.0,0.0008,-0.0,8764.87,3,174.009,95.6,step
2026-09-01T13:13:42.364572+00:00,95.553,-0.0004,0.15,0.0,0.0008,-0.0,8763.26,3,173.426,95.622,step
2026-09-01T13:13:42.365825+00:00,95.537,-0.0004,0.15,0.0,0.0009,-0.0,8761.7,3,172.842,95.644,step
2026-09-01T13:13:42.367085+00:00,95.521,-0.0004,0.15,0.0,0.0008,-0.0,8760.2,3,172.259,95.666,step
2026-09-01T13:13:42.368353+00:00,95.505,-0.0004,0.15,0.0,0.0008,-0.0,8758.74,3,171.675,95.688,step
2026-09-01T13:13:42.369658+00:00,95.489,-0.0004,0.15,0.0,0.0008,-0.0,8757.31,3,171.091,95.71,step
2026-09-01T13:13:42.370920+00:00,95.474,-0.0004,0.15,0.0,0.0008,-0.0,8755.92,3,170.507,95.732,step
2026-09-01T13:13:42.372194+00:00,95.458,-0.0004,0.15,0.0,0.0007,-0.0,8754.59,3,169.923,95.754,step
2026-09-01T13:13:42.373476+00:00,95.443,-0.0004,0.15,0.0,0.0007,-0.0,8753.23,3,169.34,95.776,step
2026-09-01T13:13:42.374794+00:00,95.427,-0.0004,0.15,0.0,0.0007,-0.0,8751.87,3,168.756,95.798,step
2026-09-01T13:13:42.376159+00:00,95.412,-0.0004,0.15,0.0,0.0008,-0.0,8750.45,3,168.174,95.82,step
2026-09-01T13:13:42.377505+00:00,95.397,-0.0004,0.15,0.0,0.0008,-0.0,8750.12,3,167.591,95.842,step
2026-09-01T13:13:42.378721+00:00,95.382,-0.0004,0.15,0.0,0.0009,-0.0,8748.27,3,167.009,95.864,step
2026-09-01T13:13:42.379969+00:00,95.367,-0.0004,0.15,0.0,0.0008,-0.0,8746.61,3,166.426,95.886,step
2026-09-01T13:13:42.381210+00:00,95.352,-0.0004,0.15,0.0,0.0008,-0.0,8744.98,3,165.843,95.908,step
2026-09-01T13:13:42.382463+00:00,95.338,-0.0004,0.15,0.0,0.0008,-0.0,8743.41,3,165.26,95.93,step
2026-09-01T13:13:42.383729+00:00,95.323,-0.0004,0.15,0.0,0.0008,-0.0,8741.94,3,164.678,95.952,step
2026-09-01T13:13:42.384988+00:00,95.308,-0.0004,0.15,0.0,0.0007,-0.0,8740.56,3,164.095,95.974,step
2026-09-01T13:13:42.386348+00:00,95.293,-0.0004,0.15,0.0,0.0007,-0.0,8739.27,3,163.512,95.996,step
2026-09-01T13:13:42.387648+00:00,95.278,-0.0004,0.15,0.0,0.0007,-0.0,8738.12,3,162.929,96.018,step
2026-09-01T13:13:42.388947+00:00,95.264,-0.0004,0.15,0.0,0.0007,-0.0,8736.96,3,162.347,96.04,step
2026-09-01T13:13:42.390222+00:00,95.249,-0.0004,0.15,0.0,0.0008,-0.0,8735.69,3,161.766,96.062,step
2026-09-01T13:13:42.391490+00:00,95.236,-0.0004,0.15,0.0,0.0009,-0.0,8734.34,3,161.184,96.084,step
2026-09-01T13:13:42.392803+00:00,95.22,-0.0004,0.15,0.0,0.0008,-0.0,8734.97,3,160.602,96.106,step
2026-09-01T13:13:42.394219+00:00,95.207,-0.0004,0.15,0.0,0.0008,-0.0,8733.04,3,160.021,96.128,step
2026-09-01T13:13:42.395453+00:00,95.194,-0.0004,0.15,0.0,0.0008,-0.0,8731.13,3,159.439,96.15,step
2026-09-01T13:13:42.396757+00:00,95.18,-0.0004,0.15,0.0,0.0008,-0.0,8729.44,3,158.857,96.172,step
2026-09-01T13:13:42.397992+00:00,95.167,-0.0004,0.15,0.0,0.0008,-0.0,8727.82,3,158.275,96.194,step
2026-09-01T13:13:42.399263+00:00,95.153,-0.0004,0.15,0.0,0.0007,-0.0,8726.34,3,157.693,96.216,step
2026-09-01T13:13:42.400539+00:00,95.139,-0.0004,0.15,0.0,0.0007,-0.0,8725.01,3,157.112,96.238,step
2026-09-01T13:13:42.401831+00:00,95.125,-0.0004,0.15,0.0,0.0007,-0.0,8723.8,3,156.53,96.26,step
2026-09-01T13:13:42.403206+00:00,95.112,-0.0004,0.15,0.0,0.0007,-0.0,8722.86,3,155.949,96.282,step
2026-09-01T13:13:42.404516+00:00,95.098,-0.0004,0.15,0.0,0.0008,-0.0,8721.87,3,155.368,96.304,step
2026-09-01T13:13:42.405840+00:00,95.085,-0.0004,0.15,0.0,0.0009,-0.0,8720.77,3,154.787,96.326,step
2026-09-01T13:13:42.407175+00:00,95.073,-0.0004,0.15,0.0,0.0009,-0.0,8719.63,3,154.207,96.348,step
2026-09-01T13:13:42.408453+00:00,95.06,-0.0004,0.15,0.0,0.0008,-0.0,8718.65,3,153.626,96.37,step
2026-09-01T13:13:42.409743+00:00,95.047,-0.0004,0.15,0.0,0.0008,-0.0,8719.47,3,153.045,96.392,step
2026-09-01T13:13:42.411058+00:00,95.035,-0.0004,0.15,0.0,0.0008,-0.0,8717.18,3,152.464,96.414,step
2026-09-01T13:13:42.412307+00:00,95.023,-0.0004,0.15,0.0,0.0008,-0.0,8715.44,3,151.883,96.436,step
2026-09-01T13:13:42.413574+00:00,95.011,-0.0004,0.15,0.0,0.0008,-0.0,8713.76,3,151.302,96.458,step
2026-09-01T13:13:42.414803+00:00,94.999,-0.0004,0.15,0.0,0.0008,-0.0,8712.25,3,150.722,96.48,step
2026-09-01T13:13:42.416069+00:00,94.986,-0.0004,0.8,0.0,0.0007,-0.0,8710.95,3,150.141,96.502,step
2026-09-01T13:13:42.417358+00:00,95.437,-0.0004,0.15,0.0,0.0007,-0.0,9221.93,3,149.56,96.524,step
2026-09-01T13:13:42.418691+00:00,95.716,-0.0004,0.15,0.0,0.0008,-0.0,8776.34,3,148.976,96.546,step
2026-09-01T13:13:42.419992+00:00,95.701,-0.0004,0.15,0.0,0.0008,-0.0,8774.71,3,148.391,96.568,step
2026-09-01T13:13:42.421266+00:00,95.688,-0.0004,0.15,0.0,0.0008,-0.0,8774.95,3,147.806,96.59,step
2026-09-01T13:13:42.422577+00:00,95.674,-0.0004,0.15,0.0,0.0008,-0.0,8774.59,3,147.222,96.612,step
2026-09-01T13:13:42.423840+00:00,95.662,-0.0004,0.15,0.0,0.0008,-0.0,8773.68,3,146.637,96.634,step
2026-09-01T13:13:42.425119+00:00,95.648,-0.0004,0.15,0.0,0.0007,-0.0,8776.03,3,146.052,96.656,step
2026-09-01T13:13:42.426423+00:00,95.637,-0.0004,0.15,0.0,0.0007,-0.0,8773.3,3,145.467,96.678,step
2026-09-01T13:13:42.427797+00:00,95.625,-0.0004,0.15,0.0,0.0007,-0.0,8770.99,3,144.883,96.7,step
2026-09-01T13:13:42.429048+00:00,95.614,-0.0003,0.15,0.0,0.0007,-0.0,8769.09,3,144.298,96.722,step
2026-09-01T13:13:42.430312+00:00,95.602,-0.0003,0.15,0.0,0.0006,-0.0,8767.34,3,143.713,96.744,step
2026-09-01T13:13:42.431557+00:00,95.589,-0.0003,0.15,0.0,0.0006,-0.0,8765.85,3,143.129,96.766,step
2026-09-01T13:13:42.432790+00:00,95.577,-0.0003,0.15,0.0,0.0007,-0.0,8764.66,3,142.545,96.788,step
2026-09-01T13:13:42.434051+00:00,95.565,-0.0004,0.15,0.0,0.0007,-0.0,8763.64,3,141.962,96.81,step
2026-09-01T13:13:42.435405+00:00,95.553,-0.0004,0.15,0.0,0.0008,-0.0,8763.02,3,141.378,96.832,step
2026-09-01T13:13:42.436712+00:00,95.542,-0.0004,0.15,0.0,0.0008,-0.0,8762.33,3,140.795,96.854,step
2026-09-01T13:13:42.437978+00:00,95.531,-0.0004,0.15,0.0,0.0008,-0.0,8761.5,3,140.211,96.876,step
2026-09-01T13:13:42.439255+00:00,95.52,-0.0004,0.15,0.0,0.0008,-0.0,8760.46,3,139.627,96.898,step
2026-09-01T13:13:42.440501+00:00,95.508,-0.0004,0.15,0.0,0.0008,-0.0,8762.75,3,139.044,96.92,step
2026-09-01T13:13:42.441726+00:00,95.498,-0.0004,0.15,0.0,0.0008,-0.0,8761.52,3,138.46,96.942,step
2026-09-01T13:13:42.443050+00:00,95.489,-0.0004,0.15,0.0,0.0007,-0.0,8758.97,3,137.876,96.964,step
2026-09-01T13:13:42.444263+00:00,95.479,-0.0004,0.15,0.0,0.0007,-0.0,8757.1,3,137.292,96.986,step
2026-09-01T13:13:42.445540+00:00,95.469,-0.0004,0.15,0.0,0.0007,-0.0,8755.37,3,136.708,97.008,step
2026-09-01T13:13:42.446791+00:00,95.459,-0.0003,0.15,0.0,0.0007,-0.0,8753.92,3,136.125,97.03,step
2026-09-01T13:13:42.448045+00:00,95.449,-0.0003,0.15,0.0,0.0006,-0.0,8752.79,3,135.541,97.052,step
2026-09-01T13:13:42.449289+00:00,95.438,-0.0003,0.15,0.0,0.0006,-0.0,8751.9,3,134.957,97.074,step
2026-09-01T13:13:42.450572+00:00,95.428,-0.0003,0.15,0.0,0.0006,-0.0,8751.42,3,134.374,97.096,step
2026-09-01T13:13:42.451915+00:00,95.418,-0.0004,0.15,0.0,0.0007,-0.0,8750.95,3,133.792,97.118,step
2026-09-01T13:13:42.453175+00:00,95.409,-0.0004,0.15,0.0,0.0007,-0.0,8750.32,3,133.209,97.14,step
2026-09-01T13:13:42.454434+00:00,95.4,-0.0004,0.15,0.0,0.0008,-0.0,8749.5,3,132.627,97.162,step
2026-09-01T13:13:42.455707+00:00,95.392,-0.0004,0.15,0.0,0.0009,-0.0,8748.58,3,132.045,97.184,step
2026-09-01T13:13:42.456947+00:00,95.381,-0.0004,0.15,0.0,0.0009,-0.0,8751.42,3,131.462,97.206,step
2026-09-01T13:13:42.458203+00:00,95.374,-0.0004,0.15,0.0,0.0008,-0.0,8748.84,3,130.88,97.228,step
2026-09-01T13:13:42.459460+00:00,95.366,-0.0004,0.15,0.0,0.0008,-0.0,8747.09,3,130.297,97.25,step
2026-09-01T13:13:42.460709+00:00,95.358,-0.0004,0.15,0.0,0.0008,-0.0,8745.48,3,129.715,97.272,step
2026-09-01T13:13:42.461916+00:00,95.35,-0.0004,0.15,0.0,0.0008,-0.0,8744.1,3,129.132,97.294,step
2026-09-01T13:13:42.463144+00:00,95.341,-0.0004,0.15,0.0,0.0008,-0.0,8743.03,3,128.55,97.316,step
2026-09-01T13:13:42.464408+00:00,95.333,-0.0004,0.15,0.0,0.0007,-0.0,8742.23,3,127.967,97.338,step
2026-09-01T13:13:42.465621+00:00,95.324,-0.0004,0.15,0.0,0.0007,-0.0,8741.61,3,127.385,97.36,step
2026-09-01T13:13:42.466877+00:00,95.315,-0.0004,0.15,0.0,0.0007,-0.0,8741.26,3,126.802,97.382,step
2026-09-01T13:13:42.468172+00:00,95.307,-0.0004,0.15,0.0,0.0007,-0.0,8740.82,3,126.22,97.404,step
2026-09-01T13:13:42.469407+00:00,95.3,-0.0003,0.15,0.0,0.0006,-0.0,8740.24,3,125.638,97.426,step
2026-09-01T13:13:42.470688+00:00,95.292,-0.0003,0.15,0.0,0.0006,-0.0,8739.53,3,125.056,97.448,step
2026-09-01T13:13:42.471949+00:00,95.285,-0.0003,0.15,0.0,0.0006,-0.0,8739.09,3,124.474,97.47,step
2026-09-01T13:13:42.473198+00:00,95.277,-0.0003,0.15,0.0,0.0006,-0.0,8740.57,3,123.892,97.492,step
2026-09-01T13:13:42.474419+00:00,95.27,-0.0004,0.15,0.0,0.0007,-0.0,8738.67,3,123.311,97.514,step
2026-09-01T13:13:42.475668+00:00,95.264,-0.0004,0.15,0.0,0.0007,-0.0,8737.33,3,122.731,97.536,step
2026-09-01T13:13:42.476911+00:00,95.257,-0.0004,0.15,0.0,0.0008,-0.0001,8736.07,3,122.15,97.558,step
2026-09-01T13:13:42.478241+00:00,95.25,-0.0005,0.15,0.0,0.0008,-0.0001,8735.0,3,121.569,97.58,step
2026-09-01T13:13:42.479468+00:00,95.243,-0.0005,0.15,0.0,0.0009,-0.0001,8734.16,3,120.989,97.602,step
2026-09-01T13:13:42.480688+00:00,95.235,-0.0005,0.15,0.0,0.001,-0.0,8733.49,3,120.403,97.624,step
2026-09-01T13:13:42.481924+00:00,95.228,-0.0005,0.0,0.15,0.001,0.0,8733.03,3,119.813,97.646,step
2026-09-01T13:13:42.483130+00:00,94.783,-0.0005,0.0,0.15,0.001,0.0,8546.54,3,119.23,97.668,step
2026-09-01T13:13:42.484420+00:00,94.135,-0.0005,0.0,0.15,0.001,-0.0,8483.37,3,118.663,97.69,step
2026-09-01T13:13:42.485771+00:00,93.486,-0.0006,0.0,0.15,0.001,-0.0001,8422.19,3,118.1,97.712,step
2026-09-01T13:13:42.487048+00:00,92.84,-0.0006,0.0,0.15,0.001,-0.0001,8363.72,3,117.539,97.734,step
2026-09-01T13:13:42.488295+00:00,92.198,-0.0006,0.0,0.15,0.001,-0.0002,8305.2,3,116.979,97.756,step
2026-09-01T13:13:42.489559+00:00,91.564,-0.0006,0.15,0.0,0.001,-0.0002,8245.23,3,116.422,97.778,step
2026-09-01T13:13:42.490762+00:00,91.367,-0.0006,0.15,0.0,0.001,-0.0002,8385.45,3,115.863,97.8,step
2026-09-01T13:13:42.492010+00:00,91.37,-0.0006,0.15,0.0,0.0009,-0.0002,8383.09,3,115.298,97.822,step
2026-09-01T13:13:42.493273+00:00,91.372,-0.0005,0.15,0.0,0.0009,-0.0001,8380.98,3,114.729,97.844,step
2026-09-01T13:13:42.494536+00:00,91.374,-0.0005,0.15,0.0,0.0008,-0.0,8379.91,3,114.161,97.866,step
2026-09-01T13:13:42.495785+00:00,91.376,-0.0004,0.15,0.0,0.0008,-0.0,8379.76,3,113.596,97.888,step
2026-09-01T13:13:42.497074+00:00,91.377,-0.0004,0.15,0.0,0.0008,-0.0,8380.24,3,113.036,97.91,step
2026-09-01T13:13:42.498308+00:00,91.377,-0.0004,0.15,0.0,0.0007,-0.0,8381.28,3,112.478,97.932,step
2026-09-01T13:13:42.499520+00:00,91.379,-0.0004,0.15,0.0,0.0007,-0.0,8382.12,3,111.921,97.954,step
2026-09-01T13:13:42.500757+00:00,91.381,-0.0004,0.15,0.0,0.0007,-0.0,8382.65,3,111.364,97.976,step
2026-09-01T13:13:42.502008+00:00,91.383,-0.0003,0.15,0.0,0.0006,-0.0,8382.9,3,110.807,97.998,step
2026-09-01T13:13:42.503211+00:00,91.385,-0.0003,0.15,0.0,0.0006,-0.0001,8382.94,3,110.25,98.02,step
2026-09-01T13:13:42.504449+00:00,91.387,-0.0003,0.15,0.0,0.0005,-0.0001,8382.95,3,109.693,98.042,step
2026-09-01T13:13:42.505666+00:00,91.388,-0.0003,0.15,0.0,0.0005,-0.0001,8385.18,3,109.136,98.064,step
2026-09-01T13:13:42.506887+00:00,91.391,-0.0003,0.15,0.0,0.0005,-0.0001,8384.4,3,108.579,98.086,step
2026-09-01T13:13:42.508083+00:00,91.394,-0.0003,0.15,0.0,0.0005,-0.0001,8384.0,3,108.022,98.108,step
2026-09-01T13:13:42.509336+00:00,91.396,-0.0004,0.15,0.0,0.0006,-0.0001,8383.72,3,107.465,98.13,step
2026-09-01T13:13:42.510582+00:00,91.399,-0.0004,0.15,0.0,0.0006,-0.0001,8383.6,3,106.909,98.152,step
2026-09-01T13:13:42.511773+00:00,91.401,-0.0004,0.15,0.0,0.0006,-0.0001,8383.64,3,106.352,98.174,step
2026-09-01T13:13:42.513001+00:00,91.403,-0.0005,0.15,0.0,0.0007,-0.0001,8383.81,3,105.796,98.196,step
2026-09-01T13:13:42.514224+00:00,91.405,-0.0005,0.15,0.0,0.0007,-0.0002,8384.09,3,105.239,98.218,step
2026-09-01T13:13:42.515465+00:00,91.407,-0.0005,0.15,0.0,0.0008,-0.0002,8384.5,3,104.682,98.24,step
2026-09-01T13:13:42.516742+00:00,91.41,-0.0005,0.15,0.0,0.0008,-0.0002,8384.93,3,104.122,98.262,step
2026-09-01T13:13:42.518085+00:00,91.412,-0.0005,0.15,0.0,0.0009,-0.0001,8385.26,3,103.557,98.284,step
2026-09-01T13:13:42.519431+00:00,91.415,-0.0005,0.15,0.0,0.0009,-0.0001,8385.49,3,102.991,98.306,step
2026-09-01T13:13:42.520651+00:00,91.418,-0.0005,0.15,0.0,0.0009,-0.0,8385.71,3,102.425,98.328,step
2026-09-01T13:13:42.521875+00:00,91.42,-0.0005,0.15,0.0,0.001,0.0,8387.44,3,101.862,98.35,step
2026-09-01T13:13:42.523104+00:00,91.423,-0.0005,0.15,0.0,0.001,0.0,8387.51,3,101.303,98.372,step
2026-09-01T13:13:42.524321+00:00,91.427,-0.0005,0.15,0.0,0.0011,0.0,8387.11,3,100.745,98.394,step
2026-09-01T13:13:42.525574+00:00,91.43,-0.0005,0.15,0.0,0.0011,0.0,8387.0,3,100.184,98.416,step
2026-09-01T13:13:42.526841+00:00,91.433,-0.0005,0.15,0.0,0.0011,0.0001,8386.92,3,99.619,98.438,step
2026-09-01T13:13:42.528070+00:00,91.436,-0.0005,0.15,0.0,0.0012,0.0001,8386.94,3,99.0532,98.46,step
2026-09-01T13:13:42.529324+00:00,91.439,-0.0005,0.15,0.0,0.0012,0.0001,8387.13,3,98.491,98.482,step
2026-09-01T13:13:42.530550+00:00,91.442,-0.0005,0.15,0.0,0.0013,0.0002,8387.43,3,97.9288,98.504,step
2026-09-01T13:13:42.531764+00:00,91.445,-0.0005,0.15,0.0,0.0013,0.0002,8387.81,3,97.3642,98.526,step
2026-09-01T13:13:42.532988+00:00,91.448,-0.0005,0.15,0.0,0.0013,0.0002,8388.24,3,96.8026,98.548,step
2026-09-01T13:13:42.534231+00:00,91.451,-0.0005,0.15,0.0,0.0014,0.0002,8388.66,3,96.2447,98.57,step
2026-09-01T13:13:42.535508+00:00,91.454,-0.0005,0.15,0.0,0.0014,0.0002,8389.02,3,95.6835,98.592,step
2026-09-01T13:13:42.536770+00:00,91.457,-0.0005,0.15,0.0,0.0015,0.0003,8389.3,3,95.1196,98.614,step
2026-09-01T13:13:42.538067+00:00,91.461,-0.0005,0.15,0.0,0.0015,0.0003,8389.58,3,94.5547,98.636,step
2026-09-01T13:13:42.539290+00:00,91.464,-0.0005,0.15,0.0,0.0015,0.0003,8391.28,3,93.9929,98.658,step
2026-09-01T13:13:42.540480+00:00,91.468,-0.0005,0.15,0.0,0.0016,0.0003,8390.87,3,93.4345,98.68,step
2026-09-01T13:13:42.541692+00:00,91.472,-0.0005,0.15,0.0,0.0016,0.0004,8390.87,3,92.8729,98.702,step
2026-09-01T13:13:42.542987+00:00,91.475,-0.0005,0.15,0.0,0.0017,0.0004,8390.87,3,92.3084,98.724,step
2026-09-01T13:13:42.544262+00:00,91.479,-0.0005,0.15,0.0,0.0017,0.0005,8390.93,3,91.7433,98.746,step
2026-09-01T13:13:42.545473+00:00,91.482,-0.0004,0.15,0.0,0.0017,0.0005,8391.09,3,91.1808,98.768,step
2026-09-01T13:13:42.546746+00:00,91.486,-0.0004,0.15,0.0,0.0016,0.0005,8391.38,3,90.6216,98.79,step
2026-09-01T13:13:42.547966+00:00,91.489,-0.0004,0.15,0.0,0.0016,0.0005,8391.79,3,90.0629,98.812,step
2026-09-01T13:13:42.549183+00:00,91.492,-0.0004,0.15,0.0,0.0015,0.0005,8392.26,3,89.5044,98.834,step
2026-09-01T13:13:42.550406+00:00,91.496,-0.0004,0.15,0.0,0.0015,0.0005,8392.72,3,88.9461,98.856,step
2026-09-01T13:13:42.551645+00:00,91.5,-0.0004,0.15,0.0,0.0015,0.0005,8393.1,3,88.3877,98.878,step
2026-09-01T13:13:42.552869+00:00,91.504,-0.0003,0.15,0.0,0.0014,0.0004,8393.5,3,87.8295,98.9,step
2026-09-01T13:13:42.554097+00:00,91.507,-0.0003,0.15,0.0,0.0014,0.0004,8393.79,3,87.2712,98.922,step
2026-09-01T13:13:42.555305+00:00,91.511,-0.0003,0.15,0.0,0.0013,0.0004,8395.33,3,86.7128,98.944,step
2026-09-01T13:13:42.556532+00:00,91.515,-0.0003,0.15,0.0,0.0013,0.0004,8395.22,3,86.1542,98.966,step
2026-09-01T13:13:42.557689+00:00,91.519,-0.0003,0.15,0.0,0.0013,0.0004,8395.21,3,85.5955,98.988,step
2026-09-01T13:13:42.558892+00:00,91.523,-0.0003,0.15,0.0,0.0012,0.0004,8395.3,3,85.037,99.01,step
2026-09-01T13:13:42.560072+00:00,91.527,-0.0003,0.15,0.0,0.0012,0.0004,8395.43,3,84.4786,99.032,step
2026-09-01T13:13:42.561404+00:00,91.531,-0.0002,0.15,0.0,0.0011,0.0004,8395.66,3,83.9202,99.054,step
2026-09-01T13:13:42.562605+00:00,91.535,-0.0002,0.15,0.0,0.0011,0.0004,8395.95,3,83.3619,99.076,step
2026-09-01T13:13:42.563821+00:00,91.539,-0.0002,0.15,0.0,0.0011,0.0004,8396.38,3,82.8037,99.098,step
2026-09-01T13:13:42.565026+00:00,91.543,-0.0002,0.15,0.0,0.001,0.0004,8396.8,3,82.2454,99.12,step
2026-09-01T13:13:42.566246+00:00,91.547,-0.0002,0.15,0.0,0.001,0.0004,8397.28,3,81.6875,99.142,step
2026-09-01T13:13:42.567499+00:00,91.551,-0.0003,0.15,0.0,0.0011,0.0004,8397.69,3,81.1296,99.164,step
2026-09-01T13:13:42.568781+00:00,91.555,-0.0003,0.15,0.0,0.0011,0.0004,8398.12,3,80.5717,99.186,step
2026-09-01T13:13:42.569998+00:00,91.559,-0.0003,0.15,0.0,0.0012,0.0003,8398.45,3,80.0138,99.208,step
2026-09-01T13:13:42.571196+00:00,91.563,-0.0003,0.15,0.0,0.0012,0.0003,8399.02,3,79.4557,99.23,step
2026-09-01T13:13:42.572397+00:00,91.567,-0.0004,0.15,0.0,0.0012,0.0003,8399.89,3,78.8974,99.252,step
2026-09-01T13:13:42.573571+00:00,91.572,-0.0004,0.15,0.0,0.0013,0.0003,8399.97,3,78.3392,99.274,step
2026-09-01T13:13:42.574708+00:00,91.576,-0.0004,0.15,0.0,0.0013,0.0003,8400.13,3,77.781,99.296,step
2026-09-01T13:13:42.575900+00:00,91.58,-0.0004,0.15,0.0,0.0014,0.0003,8400.31,3,77.2229,99.318,step
2026-09-01T13:13:42.577130+00:00,91.584,-0.0005,0.15,0.0,0.0014,0.0003,8400.58,3,76.6649,99.34,step
2026-09-01T13:13:42.578306+00:00,91.588,-0.0005,0.15,0.0,0.0014,0.0003,8400.92,3,76.1068,99.362,step
2026-09-01T13:13:42.579545+00:00,91.593,-0.0005,0.15,0.0,0.0015,0.0003,8401.3,3,75.549,99.384,step
2026-09-01T13:13:42.580739+00:00,91.597,-0.0005,0.15,0.0,0.0015,0.0003,8401.74,3,74.9881,99.406,step
2026-09-01T13:13:42.581949+00:00,91.601,-0.0005,0.15,0.0,0.0015,0.0003,8402.2,3,74.425,99.428,step
2026-09-01T13:13:42.583167+00:00,91.605,-0.0005,0.15,0.0,0.0016,0.0004,8402.64,3,73.8613,99.45,step
2026-09-01T13:13:42.584390+00:00,91.609,-0.0005,0.15,0.0,0.0016,0.0004,8403.1,3,73.3004,99.472,step
2026-09-01T13:13:42.585692+00:00,91.614,-0.0005,0.15,0.0,0.0017,0.0004,8403.42,3,72.7389,99.494,step
2026-09-01T13:13:42.586926+00:00,91.618,-0.0005,0.15,0.0,0.0017,0.0004,8403.84,3,72.1757,99.516,step
2026-09-01T13:13:42.588100+00:00,91.622,-0.0005,0.15,0.0,0.0017,0.0005,8404.83,3,71.6147,99.538,step
2026-09-01T13:13:42.589301+00:00,91.626,-0.0005,0.15,0.0,0.0018,0.0005,8404.91,3,71.0532,99.56,step
2026-09-01T13:13:42.590462+00:00,91.631,-0.0005,0.15,0.0,0.0018,0.0005,8405.17,3,70.49,99.582,step
2026-09-01T13:13:42.591616+00:00,91.635,-0.0005,0.15,0.0,0.0018,0.0005,8405.44,3,69.9293,99.604,step
2026-09-01T13:13:42.592840+00:00,91.64,-0.0005,0.15,0.0,0.0019,0.0005,8405.69,3,69.368,99.626,step
2026-09-01T13:13:42.594085+00:00,91.644,-0.0005,0.15,0.0,0.0019,0.0006,8406.07,3,68.8051,99.648,step
2026-09-01T13:13:42.595316+00:00,91.648,-0.0005,0.15,0.0,0.002,0.0006,8406.45,3,68.2446,99.67,step
2026-09-01T13:13:42.596506+00:00,91.653,-0.0005,0.15,0.0,0.002,0.0006,8406.85,3,67.6837,99.692,step
2026-09-01T13:13:42.597699+00:00,91.657,-0.0005,0.15,0.0,0.002,0.0007,8407.32,3,67.1211,99.714,step
2026-09-01T13:13:42.598885+00:00,91.661,-0.0005,0.15,0.0,0.0021,0.0007,8407.74,3,66.5608,99.736,step
2026-09-01T13:13:42.600084+00:00,91.665,-0.0005,0.15,0.0,0.0021,0.0007,8408.04,3,65.9995,99.758,step
2026-09-01T13:13:42.601332+00:00,91.67,-0.0005,0.15,0.0,0.002,0.0007,8408.44,3,65.4385,99.78,step
2026-09-01T13:13:42.602580+00:00,91.674,-0.0004,0.15,0.0,0.002,0.0007,8408.88,3,64.8792,99.802,step
2026-09-01T13:13:42.603848+00:00,91.678,-0.0004,0.15,0.0,0.002,0.0007,8409.51,3,64.3201,99.824,step
2026-09-01T13:13:42.605009+00:00,91.683,-0.0004,0.15,0.0,0.0019,0.0007,8409.84,3,63.7611,99.846,step
2026-09-01T13:13:42.606209+00:00,91.687,-0.0004,0.15,0.0,0.0019,0.0007,8410.18,3,63.2021,99.868,step
2026-09-01T13:13:42.607389+00:00,91.691,-0.0004,0.15,0.0,0.0019,0.0006,8410.53,3,62.6435,99.89,step
2026-09-01T13:13:42.608549+00:00,91.696,-0.0005,0.15,0.0,0.0019,0.0006,8410.9,3,62.0849,99.912,step
2026-09-01T13:13:42.609725+00:00,91.7,-0.0005,0.15,0.0,0.002,0.0006,8411.21,3,61.5263,99.934,step
2026-09-01T13:13:42.610984+00:00,91.704,-0.0005,0.15,0.0,0.002,0.0006,8411.63,3,60.9677,99.956,step
2026-09-01T13:13:42.612173+00:00,91.709,-0.0005,0.15,0.0,0.0021,0.0006,8412.02,3,60.4067,99.978,step
2026-09-01T13:13:42.613393+00:00,91.713,-0.0005,0.15,0.0,0.0021,0.0007,8412.45,3,59.8437,100.0,step
2026-09-01T13:13:42.614628+00:00,91.717,-0.0005,0.0,0.15,0.0021,0.0007,8412.84,3,59.2804,100.022,step
2026-09-01T13:13:42.615881+00:00,91.279,-0.0005,0.0,0.15,0.0022,0.0007,8233.37,3,58.7198,100.044,step
2026-09-01T13:13:42.617087+00:00,90.648,-0.0005,0.0,0.15,0.0022,0.0007,8172.49,3,58.1657,100.066,step
2026-09-01T13:13:42.618278+00:00,90.018,-0.0006,0.0,0.15,0.0022,0.0007,8113.57,3,57.6156,100.088,step
2026-09-01T13:13:42.619494+00:00,89.391,-0.0006,0.0,0.15,0.0023,0.0007,8056.69,3,57.0688,100.11,step
2026-09-01T13:13:42.620682+00:00,88.766,-0.0006,0.0,0.15,0.0023,0.0007,8001.2,3,56.5252,100.132,step
2026-09-01T13:13:42.621881+00:00,88.145,-0.0006,0.0,0.15,0.0023,0.0007,7946.22,3,55.9851,100.154,step
2026-09-01T13:13:42.623084+00:00,87.526,-0.0006,0.0,0.15,0.0023,0.0007,7891.56,3,55.4488,100.176,step
2026-09-01T13:13:42.624250+00:00,86.91,-0.0006,0.0,0.15,0.0024,0.0007,7836.77,3,54.9163,100.198,step
2026-09-01T13:13:42.625407+00:00,86.295,-0.0006,0.0,0.15,0.0024,0.0007,7782.05,3,54.3874,100.22,step
2026-09-01T13:13:42.626585+00:00,85.683,-0.0006,0.0,0.15,0.0024,0.0007,7727.35,3,53.8623,100.242,step
2026-09-01T13:13:42.627840+00:00,85.074,-0.0006,0.0,0.15,0.0025,0.0007,7672.67,3,53.3411,100.264,step
2026-09-01T13:13:42.629060+00:00,84.466,-0.0007,0.0,0.15,0.0025,0.0007,7618.3,3,52.8234,100.286,step
2026-09-01T13:13:42.630273+00:00,83.859,-0.0007,0.0,0.15,0.0026,0.0008,7563.95,3,52.3097,100.308,step
2026-09-01T13:13:42.631470+00:00,83.255,-0.0007,0.0,0.15,0.0026,0.0008,7509.78,3,51.7994,100.33,step
2026-09-01T13:13:42.632669+00:00,82.653,-0.0007,0.0,0.15,0.0026,0.0008,7455.91,3,51.2925,100.352,step
2026-09-01T13:13:42.633871+00:00,82.053,-0.0007,0.0,0.15,0.0027,0.0008,7402.22,3,50.7889,100.374,step
2026-09-01T13:13:42.635106+00:00,81.455,-0.0007,0.0,0.15,0.0027,0.0008,7348.63,3,50.2891,100.396,step
2026-09-01T13:13:42.636313+00:00,80.859,-0.0007,0.0,0.15,0.0027,0.0008,7295.24,3,49.7927,100.418,step
2026-09-01T13:13:42.637483+00:00,80.265,-0.0007,0.0,0.15,0.0028,0.0009,7242.56,3,49.2998,100.44,step
2026-09-01T13:13:42.638630+00:00,79.673,-0.0007,0.0,0.15,0.0028,0.0009,7189.28,2,48.8107,100.462,step
2026-09-01T13:13:42.639797+00:00,79.104,-0.0007,0.0,0.15,0.0029,0.0009,9035.12,2,48.3246,100.484,step
2026-09-01T13:13:42.640973+00:00,78.55,-0.0007,0.0,0.15,0.0029,0.001,9011.66,2,47.8401,100.506,step
2026-09-01T13:13:42.642143+00:00,77.952,-0.0006,0.0,0.15,0.0029,0.001,8829.2,2,47.3578,100.528,step
2026-09-01T13:13:42.643315+00:00,77.301,-0.0006,0.0,0.15,0.003,0.0012,8754.14,2,46.8749,100.55,step
2026-09-01T13:13:42.644578+00:00,76.652,-0.0004,0.0,0.15,0.003,0.0013,8681.17,2,46.3934,100.572,step
2026-09-01T13:13:42.645752+00:00,76.007,-0.0003,0.0,0.15,0.003,0.0015,8609.02,2,45.9169,100.594,step
2026-09-01T13:13:42.646996+00:00,75.365,-0.0002,0.0,0.15,0.003,0.0016,8537.76,2,45.4461,100.616,step
2026-09-01T13:13:42.648230+00:00,74.726,0.1999,0.0,0.15,0.003,0.0017,8466.96,2,44.9798,100.638,step
2026-09-01T13:13:42.649488+00:00,74.101,0.1979,0.0,0.15,0.0033,-0.0006,8397.5,2,44.6959,100.66,step
2026-09-01T13:13:42.650759+00:00,73.432,0.192,0.0,0.15,0.0042,-0.0074,8322.56,2,44.7304,100.682,step
2026-09-01T13:13:42.652029+00:00,72.784,0.1842,0.0,0.15,0.0057,-0.0161,8245.79,2,44.9015,100.704,step
2026-09-01T13:13:42.653232+00:00,72.149,-0.0244,0.0,0.15,0.0079,-0.0256,8170.37,2,45.1109,100.726,step
2026-09-01T13:13:42.654491+00:00,71.538,-0.0313,0.0,0.15,0.0104,-0.0326,8101.86,2,45.147,100.748,step
2026-09-01T13:13:42.655740+00:00,70.9,0.1661,0.0,0.15,0.0127,-0.0344,8033.62,2,44.8316,100.77,step
2026-09-01T13:13:42.656930+00:00,70.288,0.1631,0.0,0.15,0.0153,-0.0366,7968.34,2,44.5434,100.792,step
2026-09-01T13:13:42.658078+00:00,69.645,0.1568,0.0,0.15,0.0185,-0.0424,7898.39,2,44.4982,100.814,step
2026-09-01T13:13:42.659274+00:00,69.022,0.1491,0.0,0.15,0.0222,-0.0497,7827.74,2,44.5442,100.836,step
2026-09-01T13:13:42.660507+00:00,68.41,0.1409,0.0,0.15,0.0264,-0.0573,7757.69,2,44.6064,100.858,step
2026-09-01T13:13:42.661644+00:00,67.805,0.1327,0.0,0.15,0.0312,-0.0647,7688.29,2,44.6551,100.88,step
2026-09-01T13:13:42.662850+00:00,67.202,0.1244,0.0,0.15,0.0363,-0.0718,7620.15,2,44.6803,100.902,step
2026-09-01T13:13:42.664024+00:00,66.603,0.1164,0.0,0.15,0.0418,-0.0784,7553.32,2,44.6777,100.924,step
2026-09-01T13:13:42.665210+00:00,66.008,0.1085,0.0,0.15,0.0477,-0.0846,7487.2,2,44.6465,100.946,step
2026-09-01T13:13:42.666422+00:00,65.415,0.1007,0.0,0.15,0.0539,-0.0904,7421.85,2,44.588,100.968,step
2026-09-01T13:13:42.667594+00:00,64.827,0.0932,0.0,0.15,0.0604,-0.0957,7356.82,2,44.5039,100.99,step
2026-09-01T13:13:42.668821+00:00,64.242,0.0859,0.0,0.15,0.0673,-0.1006,7292.01,2,44.3951,101.012,step
2026-09-01T13:13:42.670025+00:00,63.659,0.0788,0.0,0.15,0.0743,-0.1051,7227.38,2,44.263,101.034,step
2026-09-01T13:13:42.671248+00:00,63.079,0.0719,0.0,0.15,0.0816,-0.1091,7163.01,2,44.1098,101.056,step
2026-09-01T13:13:42.672468+00:00,62.504,0.0652,0.0,0.15,0.089,-0.1129,7098.88,2,43.9364,101.078,step
2026-09-01T13:13:42.673650+00:00,61.931,0.0588,0.0,0.15,0.0966,-0.1162,7034.96,2,43.7435,101.1,step
2026-09-01T13:13:42.674866+00:00,61.361,-0.3475,0.0,0.15,0.1042,-0.1192,6971.11,2,43.5333,101.122,step
2026-09-01T13:13:42.676083+00:00,60.819,-0.3515,0.0,0.15,0.1118,-0.1195,6908.92,2,43.1763,101.144,step
2026-09-01T13:13:42.677285+00:00,60.187,0.0499,0.0,0.15,0.1186,-0.1135,6836.8,2,42.4813,101.166,step
2026-09-01T13:13:42.678465+00:00,59.551,0.0535,0.0,0.15,0.1246,-0.1052,6761.88,2,41.6699,101.188,step
2026-09-01T13:13:42.679687+00:00,58.98,0.0522,0.0,0.15,0.1308,-0.103,6707.5,2,41.1905,101.21,step
2026-09-01T13:13:42.680887+00:00,58.413,0.0481,0.0,0.15,0.1372,-0.1041,6645.43,2,40.8885,101.232,step
2026-09-01T13:13:42.682024+00:00,57.856,0.0434,0.0,0.15,0.1437,-0.1059,6581.43,2,40.6317,101.254,step
2026-09-01T13:13:42.683200+00:00,57.303,0.0386,0.0,0.15,0.1502,-0.1078,6516.53,2,40.3799,101.276,step
2026-09-01T13:13:42.684435+00:00,56.75,0.0339,0.0,0.15,0.1568,-0.1096,6452.5,2,40.124,101.298,step
2026-09-01T13:13:42.685748+00:00,56.198,-0.3706,0.0,0.15,0.1634,-0.1111,6389.57,2,39.8611,101.32,step
2026-09-01T13:13:42.686940+00:00,55.671,0.0269,0.0,0.15,0.1698,-0.1103,6328.17,2,39.4759,101.342,step
2026-09-01T13:13:42.688143+00:00,55.047,0.0279,0.0,0.15,0.1755,-0.1054,6256.88,2,38.8911,101.364,step
2026-09-01T13:13:42.689333+00:00,54.496,0.026,0.0,0.15,0.1813,-0.1041,6199.48,2,38.4939,101.386,step
2026-09-01T13:13:42.690547+00:00,53.951,0.0227,0.0,0.15,0.1872,-0.1047,6138.81,2,38.19,101.408,step
2026-09-01T13:13:42.691785+00:00,53.409,0.019,0.0,0.15,0.1931,-0.1055,6077.67,2,37.9058,101.43,step
2026-09-01T13:13:42.692978+00:00,52.87,0.0154,0.0,0.15,0.199,-0.1063,6015.98,2,37.6222,101.452,step
2026-09-01T13:13:42.694210+00:00,52.332,0.0119,0.0,0.15,0.2049,-0.107,5954.59,2,37.335,101.474,step
2026-09-01T13:13:42.695396+00:00,51.795,0.0086,0.0,0.15,0.2107,-0.1076,5893.72,2,37.0439,101.496,step
2026-09-01T13:13:42.696607+00:00,51.258,0.0053,0.0,0.15,0.2165,-0.108,5832.95,2,36.7499,101.518,step
2026-09-01T13:13:42.697822+00:00,50.724,0.0023,0.0,0.15,0.2223,-0.1083,5772.64,2,36.4522,101.54,step
2026-09-01T13:13:42.699031+00:00,50.192,-0.0007,0.0,0.15,0.228,-0.1084,5712.63,2,36.1512,101.562,step
2026-09-01T13:13:42.700210+00:00,49.661,-0.0035,0.0,0.15,0.2336,-0.1084,5652.7,1,35.8479,101.584,step
2026-09-01T13:13:42.701466+00:00,49.139,-0.0062,0.0,0.15,0.2391,-0.1083,7583.78,1,35.5423,101.606,step
2026-09-01T13:13:42.702665+00:00,48.62,-0.0088,0.0,0.15,0.2446,-0.1081,7571.74,1,35.2358,101.628,step
2026-09-01T13:13:42.703861+00:00,48.067,-0.0112,0.0,0.15,0.2499,-0.1078,7327.03,1,34.9279,101.65,step
2026-09-01T13:13:42.705119+00:00,47.486,-0.0135,0.0,0.15,0.2552,-0.1074,7239.33,1,34.6185,101.672,step
2026-09-01T13:13:42.706297+00:00,46.908,-0.0157,0.15,0.0,0.2604,-0.1069,7152.35,1,34.3083,101.694,step
2026-09-01T13:13:42.707469+00:00,46.887,-0.0178,0.15,0.0,0.2655,-0.1064,7337.75,1,33.9982,101.716,step
2026-09-01T13:13:42.708644+00:00,47.012,-0.0199,0.0,0.15,0.2706,-0.1058,7350.91,1,33.687,101.738,step
2026-09-01T13:13:42.709815+00:00,46.571,-0.022,0.15,0.0,0.2756,-0.1052,7114.33,1,33.3744,101.76,step
2026-09-01T13:13:42.710995+00:00,46.552,-0.0239,0.15,0.0,0.2806,-0.1045,7279.26,1,33.0616,101.782,step
2026-09-01T13:13:42.712221+00:00,46.675,-0.0258,0.15,0.0,0.2855,-0.1038,7297.73,1,32.7469,101.804,step
2026-09-01T13:13:42.713406+00:00,46.798,-0.0276,0.15,0.0,0.2903,-0.103,7316.38,1,32.4295,101.826,step
2026-09-01T13:13:42.714582+00:00,46.921,-0.0294,0.15,0.0,0.2952,-0.1022,7335.56,1,32.1092,101.848,step
2026-09-01T13:13:42.715718+00:00,47.043,-0.0311,0.0,0.15,0.3,-0.1014,7354.88,1,31.7867,101.87,step
2026-09-01T13:13:42.716912+00:00,46.603,-0.0327,0.15,0.0,0.3047,-0.1004,7114.06,1,31.4611,101.892,step
2026-09-01T13:13:42.718070+00:00,46.577,-0.0342,0.15,0.0,0.3094,-0.0994,7287.7,1,31.1343,101.914,step
2026-09-01T13:13:42.719256+00:00,46.701,-0.0357,0.15,0.0,0.314,-0.0983,7304.32,1,30.8067,101.936,step
2026-09-01T13:13:42.720481+00:00,46.824,-0.0371,0.15,0.0,0.3186,-0.0972,7322.19,1,30.4774,101.958,step
2026-09-01T13:13:42.721670+00:00,46.946,-0.0384,0.15,0.0,0.3231,-0.0961,7340.1,1,30.1466,101.98,step
2026-09-01T13:13:42.722903+00:00,47.068,-0.0398,0.0,0.15,0.3276,-0.095,7358.56,1,29.8145,102.002,step
2026-09-01T13:13:42.724074+00:00,46.626,-0.041,0.15,0.0,0.3319,-0.0937,7119.34,1,29.4797,102.024,step
2026-09-01T13:13:42.725298+00:00,46.599,-0.0421,0.15,0.0,0.3362,-0.0924,7290.47,1,29.1449,102.046,step
2026-09-01T13:13:42.726488+00:00,46.721,-0.0431,0.15,0.0,0.3405,-0.0911,7307.29,1,28.8103,102.068,step
2026-09-01T13:13:42.727845+00:00,46.844,-0.0442,0.15,0.0,0.3446,-0.0898,7325.25,1,28.4751,102.09,step
2026-09-01T13:13:42.729093+00:00,46.966,-0.0452,0.15,0.0,0.3487,-0.0885,7343.3,1,28.1388,102.112,step
2026-09-01T13:13:42.730335+00:00,47.087,-0.0461,0.0,0.15,0.3528,-0.0871,7361.62,1,27.8012,102.134,step
2026-09-01T13:13:42.731573+00:00,46.641,-0.0469,0.15,0.0,0.3568,-0.0857,7121.6,1,27.4615,102.156,step
2026-09-01T13:13:42.732769+00:00,46.614,-0.0476,0.0,0.15,0.3606,-0.0842,7292.66,1,27.1221,102.178,step
2026-09-01T13:13:42.734020+00:00,46.17,-0.0469,0.0,0.15,0.3644,-0.0809,7047.21,1,26.7829,102.2,step
2026-09-01T13:13:42.735376+00:00,45.597,-0.0402,0.0,0.15,0.3678,-0.0703,6956.97,1,26.4448,102.222,step
2026-09-01T13:13:42.736677+00:00,45.028,-0.0333,0.0,0.15,0.3707,-0.06,6869.89,1,26.1153,102.244,step
2026-09-01T13:13:42.737914+00:00,44.463,-0.0266,0.0,0.15,0.3731,-0.05,6784.98,1,25.7976,102.266,step
2026-09-01T13:13:42.739193+00:00,43.9,-0.0198,0.0,0.15,0.375,-0.0404,6700.93,1,25.4918,102.288,step
2026-09-01T13:13:42.740445+00:00,43.341,-0.0131,0.0,0.15,0.3766,-0.031,6616.93,1,25.1979,102.31,step
2026-09-01T13:13:42.741665+00:00,42.784,-0.0065,0.0,0.15,0.3777,-0.0221,6534.92,1,24.9158,102.332,step
2026-09-01T13:13:42.742945+00:00,42.23,0.0,0.0,0.15,0.3785,-0.0134,6452.43,1,24.6446,102.354,step
2026-09-01T13:13:42.744250+00:00,41.678,0.0065,0.0,0.15,0.379,-0.0051,6369.96,1,24.384,102.376,step
2026-09-01T13:13:42.745530+00:00,41.129,0.0128,0.15,0.0,0.3791,0.0029,6287.41,1,24.1336,102.398,step
2026-09-01T13:13:42.746803+00:00,41.137,0.0191,0.0,0.15,0.3789,0.0107,6436.13,1,23.8916,102.42,step
2026-09-01T13:13:42.748046+00:00,40.704,0.0253,0.0,0.15,0.3785,0.0182,6226.81,1,23.657,102.442,step
2026-09-01T13:13:42.749323+00:00,40.159,0.0315,0.0,0.15,0.3777,0.0254,6142.98,1,23.4315,102.464,step
2026-09-01T13:13:42.750583+00:00,39.619,0.0375,0.0,0.15,0.3768,0.0324,6058.78,1,23.2144,102.486,step
2026-09-01T13:13:42.751948+00:00,39.08,0.0434,0.15,0.0,0.3756,0.039,5975.69,1,23.0061,102.508,step
2026-09-01T13:13:42.753259+00:00,39.096,0.0494,0.0,0.15,0.3741,0.0455,6118.06,1,22.8022,102.53,step
2026-09-01T13:13:42.754533+00:00,38.667,0.0552,0.0,0.15,0.3725,0.0518,5916.77,1,22.6037,102.552,step
2026-09-01T13:13:42.755810+00:00,38.13,0.0609,0.15,0.0,0.3707,0.0578,5834.14,1,22.4144,102.574,step
2026-09-01T13:13:42.757143+00:00,38.155,0.0666,0.0,0.15,0.3686,0.0637,5969.56,1,22.229,102.596,step
2026-09-01T13:13:42.758449+00:00,37.725,0.0723,0.0,0.15,0.3665,0.0694,5774.5,1,22.049,102.618,step
2026-09-01T13:13:42.759746+00:00,37.192,0.0777,0.15,0.0,0.3641,0.0747,5692.01,1,21.8776,102.64,step
2026-09-01T13:13:42.761020+00:00,37.223,0.0832,0.0,0.15,0.3616,0.08,5823.55,1,21.7092,102.662,step
2026-09-01T13:13:42.762330+00:00,36.794,0.0886,0.0,0.15,0.3589,0.085,5632.97,1,21.545,102.684,step
2026-09-01T13:13:42.763679+00:00,36.266,0.0938,0.15,0.0,0.3562,0.0898,5551.18,1,21.3895,102.706,step
2026-09-01T13:13:42.764943+00:00,36.301,0.099,0.0,0.15,0.3532,0.0945,5679.17,1,21.2356,102.728,step
2026-09-01T13:13:42.766196+00:00,35.874,0.1042,0.15,0.0,0.3502,0.0991,5492.74,1,21.0858,102.75,step
2026-09-01T13:13:42.767423+00:00,35.908,0.1092,0.0,0.15,0.347,0.1034,5621.76,1,20.9401,102.772,step
2026-09-01T13:13:42.768717+00:00,35.486,0.1143,0.0,0.15,0.3437,0.1077,5431.51,1,20.7981,102.794,step
2026-09-01T13:13:42.770094+00:00,34.961,0.1191,0.15,0.0,0.3404,0.1116,5351.61,1,20.6643,102.816,step
2026-09-01T13:13:42.771356+00:00,35.0,0.1239,0.15,0.0,0.3369,0.1155,5476.88,1,20.5316,102.838,step
2026-09-01T13:13:42.772594+00:00,35.113,0.1288,0.0,0.15,0.3334,0.1194,5490.89,1,20.3973,102.86,step
2026-09-01T13:13:42.773835+00:00,34.684,0.1336,0.0,0.15,0.3297,0.1231,5314.03,1,20.2698,102.882,step
2026-09-01T13:13:42.775092+00:00,34.162,0.1381,0.15,0.0,0.326,0.1264,5235.99,1,20.1509,102.904,step
2026-09-01T13:13:42.776463+00:00,34.206,0.1427,0.0,0.15,0.3222,0.1297,5351.23,1,20.032,102.926,step
2026-09-01T13:13:42.777764+00:00,33.778,0.1471,0.15,0.0,0.3184,0.1329,5235.99,1,19.9163,102.948,step
2026-09-01T13:13:42.779022+00:00,33.822,0.1515,0.0,0.15,0.3145,0.136,5291.21,1,19.8033,102.97,step
2026-09-01T13:13:42.780359+00:00,33.395,0.1559,0.15,0.0,0.3105,0.1389,5235.99,1,19.6937,102.992,step
2026-09-01T13:13:42.781609+00:00,33.439,0.1601,0.0,0.15,0.3065,0.1418,5235.99,1,19.5864,103.014,step
2026-09-01T13:13:42.782886+00:00,33.01,0.1643,0.8,0.0,0.3025,0.1445,5235.99,1,19.4823,103.036,step
2026-09-01T13:13:42.784178+00:00,33.494,0.1684,0.0,0.15,0.2983,0.1469,5916.36,1,19.3848,103.058,step
2026-09-01T13:13:42.785572+00:00,33.346,0.1724,0.0,0.15,0.2941,0.1493,5235.99,1,19.2866,103.08,step
2026-09-01T13:13:42.786894+00:00,32.824,0.1764,0.0,0.15,0.2898,0.1516,5235.99,1,19.1928,103.102,step
2026-09-01T13:13:42.788210+00:00,32.302,0.1801,0.8,0.0,0.2856,0.1536,5235.99,1,19.1039,103.124,step
2026-09-01T13:13:42.789431+00:00,32.774,0.1838,0.0,0.15,0.2813,0.1556,5808.42,1,19.0183,103.146,step
2026-09-01T13:13:42.790669+00:00,32.625,0.1875,0.0,0.15,0.2769,0.1575,5235.99,1,18.9318,103.168,step
2026-09-01T13:13:42.791935+00:00,32.104,0.1912,0.8,0.0,0.2726,0.1593,5235.99,1,18.8491,103.19,step
2026-09-01T13:13:42.793197+00:00,32.59,0.1947,0.0,0.15,0.2682,0.161,5732.34,1,18.7693,103.212,step
2026-09-01T13:13:42.794483+00:00,32.422,0.1983,0.0,0.15,0.2637,0.1626,5235.99,1,18.6883,103.234,step
2026-09-01T13:13:42.795744+00:00,31.9,0.2017,0.0,0.15,0.2592,0.1642,5235.99,1,18.6113,103.256,step
2026-09-01T13:13:42.797012+00:00,31.379,0.205,0.8,0.0,0.2548,0.1655,5235.99,1,18.5386,103.278,step
2026-09-01T13:13:42.798257+00:00,31.841,0.2082,0.0,0.15,0.2504,0.1668,5649.27,1,18.4693,103.3,step
2026-09-01T13:13:42.799470+00:00,31.686,0.2115,0.0,0.15,0.2459,0.168,5235.99,1,18.3981,103.322,step
2026-09-01T13:13:42.800731+00:00,31.165,0.2146,0.8,0.0,0.2415,0.1692,5235.99,1,18.3297,103.344,step
2026-09-01T13:13:42.802016+00:00,31.646,0.2177,0.0,0.15,0.237,0.1702,5552.22,1,18.2648,103.366,step
2026-09-01T13:13:42.803326+00:00,31.464,0.2208,0.0,0.15,0.2325,0.1713,5235.99,1,18.1984,103.388,step
2026-09-01T13:13:42.804559+00:00,30.941,0.2238,0.8,0.0,0.228,0.1723,5235.99,1,18.1354,103.41,step
2026-09-01T13:13:42.805753+00:00,31.427,0.2267,0.0,0.15,0.2236,0.1731,5497.84,1,18.0756,103.432,step
2026-09-01T13:13:42.806954+00:00,31.237,0.2296,0.0,0.15,0.219,0.1739,5235.99,1,18.0143,103.454,step
2026-09-01T13:13:42.808178+00:00,30.713,0.2324,0.0,0.15,0.2146,0.1746,5235.99,1,17.9566,103.476,step
2026-09-01T13:13:42.809464+00:00,30.192,0.2351,0.8,0.0,0.2102,0.1752,5235.99,1,17.9026,103.498,step
2026-09-01T13:13:42.810773+00:00,30.664,0.2377,0.0,0.15,0.2058,0.1757,5396.41,1,17.8509,103.52,step
2026-09-01T13:13:42.812046+00:00,30.479,0.2403,0.0,0.15,0.2013,0.1763,5235.99,1,17.7976,103.542,step
2026-09-01T13:13:42.813318+00:00,29.956,0.2429,0.8,0.0,0.197,0.1767,5235.99,1,17.7472,103.564,step
2026-09-01T13:13:42.814582+00:00,30.445,0.2453,0.0,0.15,0.1926,0.177,5312.47,1,17.6993,103.586,step
2026-09-01T13:13:42.815813+00:00,30.24,0.2478,0.0,0.15,0.1882,0.1774,5235.99,1,17.6496,103.608,step
2026-09-01T13:13:42.817075+00:00,29.716,0.2502,0.8,0.0,0.1838,0.1777,5235.99,1,17.6033,103.63,step
2026-09-01T13:13:42.818348+00:00,30.204,0.2525,0.0,0.15,0.1795,0.1779,5275.73,1,17.5596,103.652,step
2026-09-01T13:13:42.819667+00:00,29.999,0.2549,0.0,0.15,0.1751,0.1781,5235.99,1,17.5143,103.674,step
2026-09-01T13:13:42.820960+00:00,29.475,0.2571,0.8,0.0,0.1708,0.1782,5235.99,1,17.4723,103.696,step
2026-09-01T13:13:42.822205+00:00,29.961,0.2593,0.0,0.15,0.1666,0.1782,5245.13,1,17.4331,103.718,step
2026-09-01T13:13:42.823449+00:00,29.759,0.2615,0.0,0.15,0.1622,0.1782,5235.99,1,17.3916,103.74,step
2026-09-01T13:13:42.824682+00:00,29.234,0.2636,0.8,0.0,0.158,0.1782,5235.99,1,17.3533,103.762,step
2026-09-01T13:13:42.825931+00:00,29.722,0.2655,0.0,0.15,0.1538,0.178,5235.99,1,17.3182,103.784,step
2026-09-01T13:13:42.827186+00:00,29.518,0.2676,0.0,0.15,0.1496,0.1779,5235.99,1,17.2813,103.806,step
2026-09-01T13:13:42.828445+00:00,28.994,0.2695,0.8,0.0,0.1454,0.1777,5235.99,1,17.2472,103.828,step
2026-09-01T13:13:42.829708+00:00,29.484,0.2713,0.0,0.15,0.1413,0.1774,5235.99,1,17.2157,103.85,step
2026-09-01T13:13:42.830944+00:00,29.279,0.2732,0.8,0.0,0.1371,0.1772,5235.99,1,17.1823,103.872,step
2026-09-01T13:13:42.832167+00:00,29.788,0.2751,0.0,0.15,0.133,0.1769,5235.99,1,17.1531,103.894,step
2026-09-01T13:13:42.833388+00:00,29.562,0.2769,0.0,0.15,0.1288,0.1767,5235.99,1,17.1238,103.916,step
2026-09-01T13:13:42.834623+00:00,29.035,0.2787,0.8,0.0,0.1247,0.1763,5235.99,1,17.0996,103.938,step
2026-09-01T13:13:42.835865+00:00,29.525,0.2803,0.0,0.15,0.1206,0.1758,5235.99,1,17.0805,103.96,step
2026-09-01T13:13:42.837073+00:00,29.321,0.282,0.0,0.15,0.1166,0.1754,5235.99,1,17.0606,103.982,step
2026-09-01T13:13:42.838305+00:00,28.796,0.2836,0.8,0.0,0.1126,0.1748,5235.99,1,17.0455,104.004,step
2026-09-01T13:13:42.839517+00:00,29.283,0.2851,0.0,0.15,0.1086,0.1742,5235.99,1,17.0354,104.026,step
2026-09-01T13:13:42.840741+00:00,29.082,0.2866,0.8,0.0,0.1046,0.1737,5235.99,1,17.025,104.048,step
2026-09-01T13:13:42.841955+00:00,29.59,0.2881,0.0,0.15,0.1007,0.173,5235.99,1,17.019,104.07,step
2026-09-01T13:13:42.843182+00:00,29.367,0.2896,0.0,0.15,0.0967,0.1725,5235.99,1,17.0134,104.092,step
2026-09-01T13:13:42.844521+00:00,28.841,0.291,0.8,0.0,0.0928,0.1718,5235.99,1,17.0131,104.114,step
2026-09-01T13:13:42.845744+00:00,29.33,0.2923,0.0,0.15,0.089,0.171,5235.99,1,17.0188,104.136,step
2026-09-01T13:13:42.847009+00:00,29.128,0.2937,0.8,0.0,0.0851,0.1703,5235.99,1,17.0238,104.158,step
2026-09-01T13:13:42.848196+00:00,29.633,0.295,0.0,0.15,0.0813,0.1695,5235.99,1,17.0352,104.18,step
2026-09-01T13:13:42.849431+00:00,29.412,0.2963,0.0,0.15,0.0775,0.1688,5235.99,1,17.0472,104.202,step
2026-09-01T13:13:42.850700+00:00,28.886,0.2975,0.8,0.0,0.0737,0.1679,5235.99,1,17.0648,104.224,step
2026-09-01T13:13:42.851987+00:00,29.375,0.2986,0.8,0.0,0.07,0.167,5235.99,1,17.089,104.246,step
2026-09-01T13:13:42.853324+00:00,30.13,0.2996,0.0,0.15,0.0662,0.1659,5286.96,1,17.1217,104.268,step
2026-09-01T13:13:42.854608+00:00,29.939,0.3008,0.0,0.15,0.0624,0.165,5235.99,1,17.1507,104.29,step
2026-09-01T13:13:42.855912+00:00,29.41,0.3019,0.8,0.0,0.0587,0.1641,5235.99,1,17.1837,104.312,step
2026-09-01T13:13:42.857157+00:00,29.899,0.3029,0.0,0.15,0.0551,0.163,5240.14,1,17.2257,104.334,step
2026-09-01T13:13:42.858433+00:00,29.698,0.3039,0.8,0.0,0.0515,0.162,5235.99,1,17.2685,104.356,step
2026-09-01T13:13:42.859686+00:00,30.195,0.3049,0.0,0.15,0.0478,0.161,5257.67,1,17.3187,104.378,step
2026-09-01T13:13:42.861013+00:00,29.983,0.3059,0.8,0.0,0.0442,0.16,5235.99,1,17.3712,104.4,step
2026-09-01T13:13:42.862256+00:00,30.484,0.3068,0.0,0.15,0.0405,0.1588,5294.56,1,17.4322,104.422,step
2026-09-01T13:13:42.863543+00:00,30.269,0.3077,0.0,0.15,0.0369,0.1578,5235.99,1,17.496,104.444,step
2026-09-01T13:13:42.864752+00:00,29.742,0.3086,0.8,0.0,0.0335,0.1566,5235.99,1,17.5673,104.466,step
2026-09-01T13:13:42.865966+00:00,30.222,0.3093,0.8,0.0,0.03,0.1554,5320.05,1,17.649,104.488,step
2026-09-01T13:13:42.867176+00:00,30.979,0.3099,0.0,0.15,0.0264,0.1539,5504.35,1,17.7446,104.51,step
2026-09-01T13:13:42.868420+00:00,30.822,0.3107,0.8,0.0,0.0229,0.1527,5235.99,1,17.8369,104.532,step
2026-09-01T13:13:42.869688+00:00,31.347,0.3115,0.0,0.15,0.0195,0.1515,5380.54,1,17.9362,104.554,step
2026-09-01T13:13:42.870905+00:00,31.113,0.3123,0.8,0.0,0.016,0.1504,5235.99,1,18.0399,104.576,step
2026-09-01T13:13:42.872101+00:00,31.616,0.313,0.0,0.15,0.0126,0.1491,5507.67,1,18.1579,104.598,step
2026-09-01T13:13:42.873346+00:00,31.416,0.3137,0.15,0.0,0.0092,0.1478,5235.99,1,18.282,104.62,step
2026-09-01T13:13:42.874533+00:00,31.477,0.3145,0.15,0.0,0.0059,0.1468,5235.99,1,18.4044,104.642,step
2026-09-01T13:13:42.875729+00:00,31.575,0.3155,0.15,0.0,0.0026,0.146,5235.99,1,18.5243,104.664,step
2026-09-01T13:13:42.876972+00:00,31.672,0.3165,0.15,0.0,-0.0006,0.1453,5235.99,1,18.6522,104.686,step
2026-09-01T13:13:42.878193+00:00,31.77,0.3175,0.15,0.0,-0.0038,0.1445,5235.99,1,18.7892,104.708,step
2026-09-01T13:13:42.879397+00:00,31.868,0.3185,0.15,0.0,-0.007,0.1437,5235.99,1,18.936,104.73,step
2026-09-01T13:13:42.880620+00:00,31.965,0.3194,0.15,0.0,-0.0102,0.1429,5235.99,1,19.0925,104.752,step
2026-09-01T13:13:42.881825+00:00,32.063,0.3204,0.15,0.0,-0.0133,0.1421,5235.99,1,19.2597,104.774,step
2026-09-01T13:13:42.883047+00:00,32.16,0.3213,0.15,0.0,-0.0165,0.1413,5235.99,1,19.4389,104.796,step
2026-09-01T13:13:42.884265+00:00,32.255,0.3221,0.15,0.0,-0.0196,0.1404,5235.99,1,19.6325,104.818,step
2026-09-01T13:13:42.885589+00:00,32.352,0.323,0.15,0.0,-0.0227,0.1395,5235.99,1,19.8409,104.84,step
2026-09-01T13:13:42.886834+00:00,32.448,0.3237,0.15,0.0,-0.0257,0.1386,5235.99,1,20.0643,104.862,step
2026-09-01T13:13:42.888120+00:00,32.544,0.3245,0.15,0.0,-0.0287,0.1377,5235.99,1,20.3036,104.884,step
2026-09-01T13:13:42.889387+00:00,32.641,0.3252,0.15,0.0,-0.0318,0.1367,5235.99,1,20.559,104.906,step
2026-09-01T13:13:42.890678+00:00,32.737,0.326,0.15,0.0,-0.0347,0.1357,5235.99,1,20.8324,104.928,step
2026-09-01T13:13:42.891966+00:00,32.833,0.3266,0.15,0.0,-0.0377,0.1347,5235.99,1,21.1255,104.95,step
2026-09-01T13:13:42.893355+00:00,32.929,0.3273,0.15,0.0,-0.0406,0.1337,5235.99,1,21.4401,104.972,step
2026-09-01T13:13:42.894557+00:00,33.025,0.3279,0.15,0.0,-0.0435,0.1327,5235.99,1,21.7771,104.994,step
2026-09-01T13:13:42.895804+00:00,33.12,0.3285,0.15,0.0,-0.0464,0.1316,5235.99,1,22.139,105.016,step
2026-09-01T13:13:42.897039+00:00,33.215,0.3291,0.15,0.0,-0.0493,0.1305,5235.99,1,22.5272,105.038,step
2026-09-01T13:13:42.898301+00:00,33.31,0.3296,0.15,0.0,-0.0521,0.1294,5235.99,1,22.9451,105.06,step
2026-09-01T13:13:42.899527+00:00,33.405,0.3301,0.15,0.0,-0.0549,0.1283,5240.35,1,23.395,105.082,step
2026-09-01T13:13:42.900802+00:00,33.5,0.3306,0.15,0.0,-0.0577,0.1272,5255.5,1,23.8796,105.104,step
2026-09-01T13:13:42.902092+00:00,33.597,0.331,0.15,0.0,-0.0604,0.126,5265.07,1,24.402,105.126,step
2026-09-01T13:13:42.903308+00:00,33.691,0.3314,0.15,0.0,-0.0631,0.1249,5281.47,1,24.9622,105.148,step
2026-09-01T13:13:42.904519+00:00,33.786,0.3318,0.15,0.0,-0.0657,0.1237,5297.39,1,25.566,105.17,step
2026-09-01T13:13:42.905767+00:00,33.88,0.3322,0.15,0.0,-0.0684,0.1226,5314.0,1,26.2215,105.192,step
2026-09-01T13:13:42.906974+00:00,33.975,0.3326,0.15,0.0,-0.0709,0.1214,5330.05,1,26.934,105.214,step
2026-09-01T13:13:42.908188+00:00,34.071,0.3328,0.15,0.0,-0.0735,0.1201,5345.68,1,27.7104,105.236,step
2026-09-01T13:13:42.909451+00:00,34.167,0.3331,0.15,0.0,-0.076,0.1189,5360.9,1,28.5559,105.258,step
2026-09-01T13:13:42.910667+00:00,34.264,0.3334,0.15,0.0,-0.0785,0.1176,5375.93,1,29.4774,105.28,step
2026-09-01T13:13:42.911904+00:00,34.361,0.3336,0.15,0.0,-0.081,0.1164,5391.18,1,30.4846,105.302,step
2026-09-01T13:13:42.913092+00:00,34.458,0.3338,0.15,0.0,-0.0834,0.1151,5406.54,1,31.5905,105.324,step
2026-09-01T13:13:42.914335+00:00,34.555,0.3339,0.15,0.0,-0.0858,0.1138,5421.74,1,32.8084,105.346,step
2026-09-01T13:13:42.915591+00:00,34.653,0.3341,0.15,0.0,-0.0881,0.1125,5437.23,1,34.1524,105.368,step
2026-09-01T13:13:42.916874+00:00,34.75,0.3342,0.15,0.0,-0.0904,0.1112,5452.47,1,35.6425,105.39,step
2026-09-01T13:13:42.918121+00:00,34.848,0.3343,0.15,0.0,-0.0927,0.1099,5467.68,1,37.3014,105.412,step
2026-09-01T13:13:42.919431+00:00,34.947,0.3343,0.15,0.0,-0.0949,0.1086,5482.94,1,39.1545,105.434,step
2026-09-01T13:13:42.920716+00:00,35.045,0.3344,0.15,0.0,-0.0971,0.1073,5498.23,1,41.2356,105.456,step
2026-09-01T13:13:42.921979+00:00,35.144,0.3344,0.15,0.0,-0.0993,0.106,5513.69,1,43.5874,105.478,step
2026-09-01T13:13:42.923256+00:00,35.243,0.1345,0.8,0.0,-0.1014,0.1047,5529.1,1,46.2649,105.5,step
2026-09-01T13:13:42.924515+00:00,35.852,0.136,0.8,0.0,-0.1037,0.1051,6348.84,1,48.5677,105.522,step
2026-09-01T13:13:42.925747+00:00,36.676,0.1392,0.8,0.0,-0.1065,0.1074,6854.55,1,50.0111,105.544,step
2026-09-01T13:13:42.926964+00:00,37.578,0.138,0.8,0.0,-0.1095,0.104,7369.78,1,51.4588,105.566,step
2026-09-01T13:13:42.928134+00:00,38.542,0.1366,0.8,0.0,-0.1126,0.1004,7950.61,1,53.1057,105.588,step
2026-09-01T13:13:42.929354+00:00,39.546,0.1351,0.8,0.0,-0.1157,0.0966,8687.46,1,54.998,105.61,step
2026-09-01T13:13:42.930574+00:00,40.566,0.1335,0.8,0.0,-0.1187,0.0926,9697.13,1,57.1771,105.632,step
2026-09-01T13:13:42.931773+00:00,41.587,0.1316,0.8,0.0,-0.1218,0.0884,10801.4,1,59.7034,105.654,step
2026-09-01T13:13:42.932962+00:00,42.601,0.1295,0.8,0.0,-0.1248,0.0839,11898.9,1,62.6675,105.676,step
2026-09-01T13:13:42.934143+00:00,43.6,0.1272,0.8,0.0,-0.1278,0.0791,13009.8,1,66.2036,105.698,step
2026-09-01T13:13:42.935360+00:00,44.589,0.1246,0.8,0.0,-0.1307,0.0741,14165.3,1,70.2175,105.72,step
2026-09-01T13:13:42.936622+00:00,45.582,0.1218,0.8,0.0,-0.1336,0.0687,15342.6,1,73.5111,105.742,step
2026-09-01T13:13:42.937850+00:00,46.59,0.1186,0.8,0.0,-0.1363,0.0631,16517.7,1,76.3607,105.764,step
2026-09-01T13:13:42.939066+00:00,47.62,0.1152,0.8,0.0,-0.139,0.0571,17659.2,1,78.9819,105.786,step
2026-09-01T13:13:42.940295+00:00,48.67,0.1114,0.8,0.0,-0.1416,0.0507,18733.1,1,81.4702,105.808,step
2026-09-01T13:13:42.941487+00:00,49.736,0.1072,0.8,0.0,-0.1441,0.0439,19652.8,1,83.8846,105.83,step
2026-09-01T13:13:42.942718+00:00,50.808,0.1027,0.8,0.0,-0.1465,0.0368,19107.0,2,86.2661,105.852,step
2026-09-01T13:13:42.944013+00:00,51.863,0.0977,0.8,0.0,-0.1487,0.0292,14373.0,2,88.631,105.874,step
2026-09-01T13:13:42.945222+00:00,52.87,0.0923,0.8,0.0,-0.1508,0.0212,14350.0,2,90.9749,105.896,step
2026-09-01T13:13:42.946470+00:00,53.833,0.0867,0.8,0.0,-0.1526,0.013,8800.33,2,93.3027,105.918,step
2026-09-01T13:13:42.947711+00:00,54.761,0.0809,0.8,0.0,-0.1542,0.0047,9001.06,2,95.7469,105.94,step
2026-09-01T13:13:42.948919+00:00,55.68,0.0749,0.8,0.0,-0.1554,-0.0035,9277.46,2,98.3572,105.962,step
2026-09-01T13:13:42.950130+00:00,56.596,0.0687,0.8,0.0,-0.1563,-0.0118,9613.75,2,101.181,105.984,step
2026-09-01T13:13:42.951411+00:00,57.515,0.0622,0.8,0.0,-0.1569,-0.0203,9946.59,2,104.262,106.006,step
2026-09-01T13:13:42.952703+00:00,58.439,0.0554,0.8,0.0,-0.1571,-0.0289,10265.8,2,107.636,106.028,step
2026-09-01T13:13:42.953969+00:00,59.366,0.0484,0.8,0.0,-0.1569,-0.0376,10574.0,2,111.328,106.05,step
2026-09-01T13:13:42.955237+00:00,60.295,0.0411,0.8,0.0,-0.1565,-0.0465,10871.0,2,115.406,106.072,step
2026-09-01T13:13:42.956512+00:00,61.227,0.0334,0.8,0.0,-0.1556,-0.0555,11154.9,2,119.901,106.094,step
2026-09-01T13:13:42.957763+00:00,62.163,0.0253,0.8,0.0,-0.1543,-0.0648,11424.9,2,124.633,106.116,step
2026-09-01T13:13:42.958990+00:00,63.103,0.0168,0.8,0.0,-0.1526,-0.0743,11681.5,2,129.583,106.138,step
2026-09-01T13:13:42.960272+00:00,64.044,0.008,0.8,0.0,-0.1505,-0.0841,11927.4,2,134.755,106.16,step
2026-09-01T13:13:42.961489+00:00,64.987,-0.0013,0.8,0.0,-0.148,-0.0941,12162.2,2,140.139,106.182,step
2026-09-01T13:13:42.962748+00:00,65.873,-0.0109,0.8,0.0,-0.145,-0.1043,12492.1,2,145.708,106.204,step
2026-09-01T13:13:42.963963+00:00,66.765,-0.021,0.8,0.0,-0.1416,-0.1147,12802.3,2,59.8544,106.226,step
2026-09-01T13:13:42.965119+00:00,67.674,-0.0314,0.8,0.0,-0.1377,-0.1253,13079.0,2,54.6106,106.248,step
2026-09-01T13:13:42.966227+00:00,68.594,-0.0423,0.8,0.0,-0.1333,-0.1362,13334.4,2,50.0912,106.27,step
2026-09-01T13:13:42.967396+00:00,69.524,-0.0536,0.8,0.0,-0.1283,-0.1472,13567.3,2,46.1636,106.292,step
2026-09-01T13:13:42.968549+00:00,70.461,-0.2653,0.0,0.15,-0.1228,-0.1583,13784.4,2,42.7293,106.314,step
2026-09-01T13:13:42.969712+00:00,71.171,-0.2755,0.0,0.15,-0.1169,-0.1674,11178.6,2,40.2098,106.336,step
2026-09-01T13:13:42.970910+00:00,71.574,-0.2812,0.0,0.15,-0.1108,-0.1707,9065.07,2,39.2315,106.358,step
2026-09-01T13:13:42.972106+00:00,71.43,-0.2814,0.0,0.15,-0.1043,-0.167,8109.94,2,39.8687,106.38,step
2026-09-01T13:13:42.973221+00:00,70.873,-0.2775,0.0,0.15,-0.0971,-0.1576,7999.17,2,41.9489,106.402,step
2026-09-01T13:13:42.974388+00:00,70.291,-0.0715,0.0,0.15,-0.0897,-0.1454,7950.56,2,45.122,106.424,step
2026-09-01T13:13:42.975591+00:00,69.745,-0.0668,0.8,0.0,-0.082,-0.1347,7905.11,2,48.3326,106.446,step
2026-09-01T13:13:42.976803+00:00,70.04,-0.0662,0.8,0.0,-0.0739,-0.129,8899.85,2,50.0906,106.468,step
2026-09-01T13:13:42.978063+00:00,70.872,-0.0673,0.8,0.0,-0.0655,-0.1251,9348.81,2,51.2358,106.49,step
2026-09-01T13:13:42.979323+00:00,71.833,-0.0687,0.8,0.0,-0.057,-0.1215,9626.69,2,52.3246,106.512,step
2026-09-01T13:13:42.980519+00:00,72.867,-0.0701,0.8,0.0,-0.0484,-0.1178,9770.93,2,53.5159,106.534,step
2026-09-01T13:13:42.981729+00:00,73.925,-0.0713,0.8,0.0,-0.0397,-0.114,9866.39,2,54.8784,106.556,step
2026-09-01T13:13:42.982932+00:00,74.971,-0.0724,0.8,0.0,-0.0311,-0.11,9976.17,2,56.8879,106.578,step
2026-09-01T13:13:42.984139+00:00,75.977,-0.0733,0.8,0.0,-0.0225,-0.1057,10145.4,2,138.418,106.6,step
2026-09-01T13:13:42.985400+00:00,76.955,-0.0737,0.8,0.0,-0.0141,-0.101,10357.7,2,135.285,106.622,step
2026-09-01T13:13:42.986617+00:00,77.919,-0.0737,0.8,0.0,-0.0057,-0.0957,10587.1,2,131.889,106.644,step
2026-09-01T13:13:42.987878+00:00,78.886,-0.0732,0.8,0.0,0.0024,-0.0899,10803.7,2,128.235,106.666,step
2026-09-01T13:13:42.989126+00:00,79.862,-0.0721,0.8,0.0,0.0103,-0.0836,10996.1,2,124.366,106.688,step
2026-09-01T13:13:42.990362+00:00,80.847,-0.0705,0.8,0.0,0.018,-0.0769,11166.4,3,120.333,106.71,step
2026-09-01T13:13:42.991606+00:00,81.701,-0.0688,0.15,0.0,0.0254,-0.0701,8829.15,3,116.358,106.732,step
2026-09-01T13:13:42.992854+00:00,81.695,-0.0682,0.15,0.0,0.0322,-0.0652,8838.36,3,113.37,106.754,step
2026-09-01T13:13:42.994127+00:00,81.632,-0.068,0.15,0.0,0.0382,-0.0612,7471.18,3,110.896,106.776,step
2026-09-01T13:13:42.995406+00:00,81.608,-0.0678,0.15,0.0,0.0437,-0.0574,7487.71,3,108.578,106.798,step
2026-09-01T13:13:42.996706+00:00,81.621,-0.0674,0.15,0.0,0.0486,-0.0538,7488.92,3,106.336,106.82,step
2026-09-01T13:13:42.997958+00:00,81.636,-0.0667,0.15,0.0,0.0531,-0.0501,7489.65,3,104.105,106.842,step
2026-09-01T13:13:42.999219+00:00,81.65,-0.0659,0.15,0.0,0.0573,-0.0465,7490.47,3,101.92,106.864,step
2026-09-01T13:13:43.000471+00:00,81.665,-0.0649,0.15,0.0,0.0611,-0.043,7491.56,3,99.8086,106.886,step
2026-09-01T13:13:43.001735+00:00,81.68,-0.0639,0.15,0.0,0.0645,-0.0396,7492.84,3,97.7975,106.908,step
2026-09-01T13:13:43.003149+00:00,81.695,-0.0628,0.15,0.0,0.0677,-0.0362,7494.19,3,95.8823,106.93,step
2026-09-01T13:13:43.004424+00:00,81.711,-0.0617,0.15,0.0,0.0706,-0.033,7493.95,3,94.0595,106.952,step
2026-09-01T13:13:43.005659+00:00,81.725,-0.0605,0.15,0.0,0.0732,-0.0299,7495.48,3,92.3268,106.974,step
2026-09-01T13:13:43.006908+00:00,81.739,-0.0593,0.15,0.0,0.0755,-0.0269,7497.57,3,90.6532,106.996,step
2026-09-01T13:13:43.008130+00:00,81.754,-0.0579,0.15,0.0,0.0776,-0.0238,7499.61,3,89.0288,107.018,step
2026-09-01T13:13:43.009356+00:00,81.768,-0.0564,0.15,0.0,0.0794,-0.0209,7501.41,3,87.4492,107.04,step
2026-09-01T13:13:43.010677+00:00,81.783,-0.0549,0.15,0.0,0.081,-0.0179,7502.89,3,85.9195,107.062,step
2026-09-01T13:13:43.011900+00:00,81.797,-0.0532,0.15,0.0,0.0824,-0.015,7504.32,3,84.4405,107.084,step
2026-09-01T13:13:43.013165+00:00,81.812,-0.0515,0.15,0.0,0.0835,-0.0122,7505.59,3,83.0146,107.106,step
2026-09-01T13:13:43.014364+00:00,81.827,-0.0498,0.15,0.0,0.0844,-0.0095,7506.89,3,81.6393,107.128,step
2026-09-01T13:13:43.015596+00:00,81.841,-0.048,0.15,0.0,0.0851,-0.0069,7508.16,3,80.3138,107.15,step
2026-09-01T13:13:43.016823+00:00,81.855,-0.0462,0.15,0.0,0.0855,-0.0043,7509.31,3,79.0223,107.172,step
2026-09-01T13:13:43.018087+00:00,81.868,-0.0443,0.15,0.0,0.0858,-0.0017,7510.33,3,77.7717,107.194,step
2026-09-01T13:13:43.019476+00:00,81.881,-0.0424,0.15,0.0,0.0858,0.0007,7511.49,3,76.5757,107.216,step
2026-09-01T13:13:43.020683+00:00,81.894,-0.0405,0.15,0.0,0.0857,0.0029,7512.74,3,75.4342,107.238,step
2026-09-01T13:13:43.021975+00:00,81.906,-0.0386,0.15,0.0,0.0854,0.0051,7514.22,3,74.3436,107.26,step
2026-09-01T13:13:43.023200+00:00,81.919,-0.0367,0.15,0.0,0.0848,0.0071,7514.46,3,73.2937,107.282,step
2026-09-01T13:13:43.024407+00:00,81.933,-0.0349,0.15,0.0,0.0842,0.009,7513.48,3,72.2932,107.304,step
2026-09-01T13:13:43.025648+00:00,81.944,-0.033,0.15,0.0,0.0834,0.0108,7515.32,3,71.3349,107.326,step
2026-09-01T13:13:43.026937+00:00,81.955,-0.0312,0.15,0.0,0.0824,0.0125,7518.1,3,70.4056,107.348,step
2026-09-01T13:13:43.028189+00:00,81.967,-0.0293,0.15,0.0,0.0813,0.0141,7520.32,3,69.4997,107.37,step
2026-09-01T13:13:43.029444+00:00,81.979,-0.0275,0.15,0.0,0.08,0.0157,7522.06,3,68.6193,107.392,step
2026-09-01T13:13:43.030664+00:00,81.992,-0.0256,0.15,0.0,0.0787,0.0172,7523.47,3,67.7673,107.414,step
2026-09-01T13:13:43.031873+00:00,82.005,-0.0238,0.15,0.0,0.0772,0.0186,7524.58,3,66.9398,107.436,step
2026-09-01T13:13:43.033132+00:00,82.018,-0.0219,0.15,0.0,0.0757,0.0199,7525.57,3,66.1367,107.458,step
2026-09-01T13:13:43.034414+00:00,82.031,-0.0201,0.15,0.0,0.074,0.0211,7526.71,3,65.3618,107.48,step
2026-09-01T13:13:43.035697+00:00,82.043,-0.0184,0.15,0.0,0.0722,0.0222,7527.81,3,64.6127,107.502,step
2026-09-01T13:13:43.036950+00:00,82.054,-0.0166,0.15,0.0,0.0704,0.0233,7528.56,3,63.8807,107.524,step
2026-09-01T13:13:43.038275+00:00,82.065,-0.0148,0.15,0.0,0.0684,0.0242,7529.31,3,63.1689,107.546,step
2026-09-01T13:13:43.039495+00:00,82.075,-0.0131,0.15,0.0,0.0664,0.0251,7530.31,3,62.4822,107.568,step
2026-09-01T13:13:43.040741+00:00,82.085,-0.0115,0.15,0.0,0.0644,0.0259,7531.5,3,61.8224,107.59,step
2026-09-01T13:13:43.041974+00:00,82.095,-0.0099,0.15,0.0,0.0623,0.0265,7532.89,3,61.1897,107.612,step
2026-09-01T13:13:43.043224+00:00,82.108,-0.0084,0.15,0.0,0.0601,0.027,7529.1,3,60.5779,107.634,step
2026-09-01T13:13:43.044423+00:00,82.116,-0.0069,0.15,0.0,0.0579,0.0275,7530.33,3,59.9906,107.656,step
2026-09-01T13:13:43.045659+00:00,82.124,-0.0055,0.15,0.0,0.0556,0.0278,7532.83,3,59.4185,107.678,step
2026-09-01T13:13:43.046832+00:00,82.132,-0.0041,0.15,0.0,0.0533,0.0282,7535.79,3,58.8539,107.7,step
2026-09-01T13:13:43.048034+00:00,82.141,-0.0028,0.15,0.0,0.051,0.0284,7537.98,3,58.3023,107.722,step
2026-09-01T13:13:43.049230+00:00,82.151,-0.0014,0.15,0.0,0.0486,0.0286,7539.43,3,57.7642,107.744,step
2026-09-01T13:13:43.050424+00:00,82.161,-0.0002,0.15,0.0,0.0463,0.0287,7540.41,3,57.2417,107.766,step
2026-09-01T13:13:43.051654+00:00,82.171,0.001,0.15,0.0,0.044,0.0288,7541.16,3,56.7339,107.788,step
2026-09-01T13:13:43.052903+00:00,82.181,0.0022,0.15,0.0,0.0416,0.0287,7541.86,3,56.2374,107.81,step
2026-09-01T13:13:43.054114+00:00,82.191,0.0033,0.15,0.0,0.0393,0.0287,7542.62,3,55.751,107.832,step
2026-09-01T13:13:43.055379+00:00,82.2,0.0043,0.15,0.0,0.037,0.0285,7543.07,3,55.2738,107.854,step
2026-09-01T13:13:43.056613+00:00,82.207,0.0054,0.15,0.0,0.0346,0.0283,7543.35,3,54.8058,107.876,step
2026-09-01T13:13:43.057856+00:00,82.215,0.0063,0.15,0.0,0.0323,0.0281,7543.82,3,54.348,107.898,step
2026-09-01T13:13:43.059101+00:00,82.221,0.0072,0.15,0.0,0.0301,0.0278,7544.48,3,53.9005,107.92,step
2026-09-01T13:13:43.060306+00:00,82.227,0.008,0.15,0.0,0.0279,0.0275,7545.37,3,53.4615,107.942,step
2026-09-01T13:13:43.061632+00:00,82.234,0.0088,0.0,0.15,0.0257,0.0271,7545.12,3,53.0302,107.964,step
2026-09-01T13:13:43.062851+00:00,81.794,0.0096,0.0,0.15,0.0235,0.0266,7396.28,3,52.6105,107.986,step
2026-09-01T13:13:43.064116+00:00,81.182,0.0102,0.0,0.15,0.0214,0.0261,7334.91,3,52.209,108.008,step
2026-09-01T13:13:43.065347+00:00,80.572,0.0108,0.0,0.15,0.0193,0.0255,7271.66,3,51.8163,108.03,step
2026-09-01T13:13:43.066560+00:00,79.966,0.0113,0.0,0.15,0.0173,0.0249,7211.81,2,51.4346,108.052,step
2026-09-01T13:13:43.067811+00:00,79.382,0.0117,0.0,0.15,0.0154,0.0243,9062.71,2,51.062,108.074,step
2026-09-01T13:13:43.069074+00:00,78.815,0.0121,0.0,0.15,0.0135,0.0236,9039.0,2,50.6942,108.096,step
2026-09-01T13:13:43.070292+00:00,78.205,0.0125,0.0,0.15,0.0118,0.0229,8850.4,2,50.3342,108.118,step
2026-09-01T13:13:43.071560+00:00,77.539,0.0127,0.0,0.15,0.01,0.0222,8774.55,2,49.9872,108.14,step
2026-09-01T13:13:43.072774+00:00,76.876,0.0129,0.0,0.15,0.0084,0.0214,8701.51,2,49.6521,108.162,step
2026-09-01T13:13:43.074033+00:00,76.212,0.0131,0.0,0.15,0.0068,0.0206,8628.94,2,49.3264,108.184,step
2026-09-01T13:13:43.075306+00:00,75.539,0.0132,0.0,0.15,0.0053,0.0197,8555.8,2,49.0052,108.206,step
2026-09-01T13:13:43.076624+00:00,74.886,0.0132,0.8,0.0,0.0038,0.0189,8485.04,2,48.6902,108.228,step
2026-09-01T13:13:43.077927+00:00,75.243,0.0132,0.0,0.15,0.0025,0.018,9649.39,2,48.3802,108.25,step
2026-09-01T13:13:43.079236+00:00,75.235,0.0132,0.0,0.15,0.0011,0.0172,8542.72,2,48.0631,108.272,step
2026-09-01T13:13:43.080547+00:00,74.583,0.0133,0.0,0.15,-0.0002,0.0165,8466.64,2,47.7207,108.294,step
2026-09-01T13:13:43.081761+00:00,73.937,0.0133,0.0,0.15,-0.0013,0.0157,8384.86,2,47.3897,108.316,step
2026-09-01T13:13:43.083009+00:00,73.272,0.0132,0.0,0.15,-0.0025,0.015,8330.25,2,47.0632,108.338,step
2026-09-01T13:13:43.084238+00:00,72.621,0.0132,0.0,0.15,-0.0035,0.0143,8251.44,2,46.7379,108.36,step
2026-09-01T13:13:43.085530+00:00,71.979,0.0131,0.0,0.15,-0.0045,0.0136,8167.7,2,46.4174,108.382,step
2026-09-01T13:13:43.086798+00:00,71.341,0.0129,0.0,0.15,-0.0054,0.0128,8088.05,2,46.1029,108.404,step
2026-09-01T13:13:43.088059+00:00,70.707,0.0127,0.0,0.15,-0.0062,0.0121,8013.04,2,45.7944,108.426,step
2026-09-01T13:13:43.089309+00:00,70.074,0.0125,0.0,0.15,-0.007,0.0113,7941.78,2,45.489,108.448,step
2026-09-01T13:13:43.090681+00:00,69.444,0.0123,0.8,0.0,-0.0077,0.0105,7872.19,2,45.1869,108.47,step
2026-09-01T13:13:43.091900+00:00,69.766,0.212,0.0,0.15,-0.0084,0.0098,8939.69,2,44.884,108.492,step
2026-09-01T13:13:43.093122+00:00,69.756,0.21,0.0,0.15,-0.0089,0.0069,7924.63,2,44.9218,108.514,step
2026-09-01T13:13:43.094463+00:00,69.086,0.0048,0.8,0.0,-0.0087,0.0006,7847.09,2,45.5545,108.536,step
2026-09-01T13:13:43.095702+00:00,69.433,-0.0002,0.8,0.0,-0.0081,-0.0053,8877.26,2,46.164,108.558,step
2026-09-01T13:13:43.096957+00:00,70.243,-0.0024,0.8,0.0,-0.0076,-0.0078,9290.43,2,46.1831,108.58,step
2026-09-01T13:13:43.098189+00:00,71.163,-0.0035,0.0,0.15,-0.0072,-0.0089,9579.1,2,45.9392,108.602,step
2026-09-01T13:13:43.099424+00:00,71.369,-0.0041,0.0,0.15,-0.0067,-0.0093,8115.83,2,45.5677,108.624,step
2026-09-01T13:13:43.100686+00:00,70.722,-0.0042,0.0,0.15,-0.0062,-0.0091,8038.23,2,45.1061,108.646,step
2026-09-01T13:13:43.101964+00:00,70.088,0.1957,0.0,0.15,-0.0056,-0.0089,7953.75,2,44.6304,108.668,step
2026-09-01T13:13:43.103294+00:00,69.467,0.1937,0.0,0.15,-0.0048,-0.0109,7875.45,2,44.5599,108.69,step
2026-09-01T13:13:43.104576+00:00,68.793,-0.0121,0.8,0.0,-0.0034,-0.0172,7794.0,2,45.2689,108.712,step
2026-09-01T13:13:43.105822+00:00,69.19,-0.0176,0.8,0.0,-0.0016,-0.023,8745.86,2,45.9275,108.734,step
2026-09-01T13:13:43.107045+00:00,70.108,-0.0197,0.8,0.0,-0.0,-0.0246,8900.63,2,45.8029,108.756,step
2026-09-01T13:13:43.108304+00:00,71.092,-0.0204,0.0,0.15,0.0016,-0.0246,8964.62,2,45.3562,108.778,step
2026-09-01T13:13:43.109581+00:00,70.992,0.1793,0.0,0.15,0.0032,-0.0239,8084.7,2,44.7898,108.8,step
2026-09-01T13:13:43.110880+00:00,70.37,0.1776,0.0,0.15,0.0049,-0.0249,7994.06,2,44.5447,108.822,step
2026-09-01T13:13:43.112139+00:00,69.69,-0.0274,0.0,0.15,0.0072,-0.0298,7900.64,2,45.0398,108.844,step
2026-09-01T13:13:43.113383+00:00,69.041,-0.0324,0.8,0.0,0.0097,-0.0345,7815.84,2,45.5328,108.866,step
2026-09-01T13:13:43.114633+00:00,69.323,-0.0341,0.8,0.0,0.0121,-0.0351,8965.07,2,45.2343,108.888,step
2026-09-01T13:13:43.115892+00:00,70.075,0.1655,0.0,0.15,0.0144,-0.0341,9507.15,2,44.6025,108.91,step
2026-09-01T13:13:43.117161+00:00,70.338,0.1638,0.0,0.15,0.0168,-0.0347,7992.21,2,44.2897,108.932,step
2026-09-01T13:13:43.118418+00:00,69.656,0.159,0.0,0.15,0.0198,-0.0389,7916.5,2,44.692,108.954,step
2026-09-01T13:13:43.119737+00:00,68.971,-0.0477,0.8,0.0,0.0232,-0.0451,7829.2,2,45.5321,108.976,step
2026-09-01T13:13:43.121061+00:00,69.329,-0.053,0.8,0.0,0.0268,-0.0495,8885.22,2,46.0412,108.998,step
2026-09-01T13:13:43.122392+00:00,70.121,-0.0541,0.0,0.15,0.0301,-0.0488,9307.56,2,45.464,109.02,step
2026-09-01T13:13:43.123697+00:00,70.239,0.1461,0.0,0.15,0.0333,-0.0465,7985.26,2,44.5518,109.042,step
2026-09-01T13:13:43.125062+00:00,69.609,0.1467,0.0,0.15,0.0365,-0.0439,7911.75,2,44.0818,109.064,step
2026-09-01T13:13:43.126437+00:00,68.943,0.1454,0.0,0.15,0.0398,-0.0434,7825.12,2,44.4689,109.086,step
2026-09-01T13:13:43.127849+00:00,68.291,-0.0576,0.8,0.0,0.0433,-0.0449,7741.75,2,45.3112,109.108,step
2026-09-01T13:13:43.129220+00:00,68.65,-0.0592,0.8,0.0,0.0467,-0.0448,8733.09,2,45.8282,109.13,step
2026-09-01T13:13:43.130562+00:00,69.598,-0.0569,0.8,0.0,0.0496,-0.0401,8800.93,2,45.3474,109.152,step
2026-09-01T13:13:43.131867+00:00,70.59,0.1472,0.0,0.15,0.0519,-0.0336,8801.64,2,44.4609,109.174,step
2026-09-01T13:13:43.133170+00:00,70.444,0.1501,0.0,0.15,0.0541,-0.0286,8025.01,2,43.9311,109.196,step
2026-09-01T13:13:43.134572+00:00,69.766,0.1498,0.0,0.15,0.0563,-0.0275,7927.24,2,44.2265,109.218,step
2026-09-01T13:13:43.136025+00:00,69.073,-0.0524,0.8,0.0,0.0587,-0.0288,7830.78,2,45.0916,109.24,step
2026-09-01T13:13:43.137371+00:00,69.379,-0.0534,0.8,0.0,0.061,-0.0286,8982.86,2,45.6499,109.262,step
2026-09-01T13:13:43.138773+00:00,70.128,-0.0501,0.0,0.15,0.0626,-0.0235,9498.48,2,45.0652,109.284,step
2026-09-01T13:13:43.140182+00:00,70.341,0.1546,0.0,0.15,0.0638,-0.0169,7992.49,2,44.1363,109.306,step
2026-09-01T13:13:43.141547+00:00,69.703,0.1578,0.0,0.15,0.0647,-0.0123,7919.34,2,43.6825,109.328,step
2026-09-01T13:13:43.142947+00:00,69.028,0.1575,0.0,0.15,0.0659,-0.0119,7832.37,2,44.1898,109.35,step
2026-09-01T13:13:43.144414+00:00,68.363,-0.0446,0.8,0.0,0.0672,-0.0138,7748.42,2,45.2572,109.372,step
2026-09-01T13:13:43.145836+00:00,68.731,-0.0455,0.8,0.0,0.0685,-0.0141,8717.42,2,46.0171,109.394,step
2026-09-01T13:13:43.147247+00:00,69.624,-0.0426,0.8,0.0,0.0692,-0.01,8877.26,2,45.6715,109.416,step
2026-09-01T13:13:43.148569+00:00,70.594,0.162,0.0,0.15,0.0694,-0.0041,8928.54,2,44.8889,109.438,step
2026-09-01T13:13:43.149929+00:00,70.51,0.1654,0.0,0.15,0.0695,0.0002,8031.83,2,44.491,109.46,step
2026-09-01T13:13:43.151265+00:00,69.822,-0.0342,0.0,0.15,0.0697,0.0009,7933.5,2,45.0308,109.482,step
2026-09-01T13:13:43.152795+00:00,69.142,-0.0336,0.8,0.0,0.0699,0.0016,7837.95,2,45.5567,109.504,step
2026-09-01T13:13:43.154252+00:00,69.426,-0.0299,0.0,0.15,0.0696,0.0061,8951.69,2,45.1183,109.526,step
2026-09-01T13:13:43.155677+00:00,69.395,0.175,0.0,0.15,0.0688,0.0118,7880.93,2,44.3728,109.548,step
2026-09-01T13:13:43.157083+00:00,68.757,0.1783,0.0,0.15,0.0679,0.0153,7803.72,2,44.1801,109.57,step
2026-09-01T13:13:43.158494+00:00,68.074,-0.0221,0.8,0.0,0.0673,0.0144,7719.75,2,45.1352,109.592,step
2026-09-01T13:13:43.159908+00:00,68.365,-0.0222,0.8,0.0,0.0666,0.0139,8808.95,2,46.034,109.614,step
2026-09-01T13:13:43.161228+00:00,69.12,-0.0191,0.8,0.0,0.0655,0.017,9269.18,2,45.9464,109.636,step
2026-09-01T13:13:43.162555+00:00,70.064,-0.0147,0.0,0.15,0.0639,0.0215,9470.12,2,45.4956,109.658,step
2026-09-01T13:13:43.163916+00:00,70.28,0.1902,0.0,0.15,0.062,0.0265,8004.7,2,44.9249,109.68,step
2026-09-01T13:13:43.165234+00:00,69.633,0.1939,0.0,0.15,0.06,0.0299,7922.49,2,44.7858,109.702,step
2026-09-01T13:13:43.166555+00:00,68.935,-0.0056,0.8,0.0,0.0582,0.0294,7825.1,2,45.6916,109.724,step
2026-09-01T13:13:43.167915+00:00,69.204,-0.0053,0.8,0.0,0.0565,0.0287,8935.77,2,46.6771,109.746,step
2026-09-01T13:13:43.169346+00:00,69.954,-0.0021,0.8,0.0,0.0543,0.0313,9437.87,2,46.78,109.768,step
2026-09-01T13:13:43.170707+00:00,70.808,0.002,0.8,0.0,0.0517,0.0349,9807.35,2,46.5891,109.79,step
2026-09-01T13:13:43.172095+00:00,71.739,0.0066,0.0,0.15,0.0488,0.0387,10034.9,2,46.3386,109.812,step
2026-09-01T13:13:43.173446+00:00,72.147,0.0113,0.0,0.15,0.0456,0.0427,8197.17,2,46.0682,109.834,step
2026-09-01T13:13:43.174762+00:00,71.461,0.0164,0.0,0.15,0.0422,0.0469,8119.65,2,45.7153,109.856,step
2026-09-01T13:13:43.176102+00:00,70.796,0.0214,0.0,0.15,0.0386,0.0509,8028.77,2,45.4363,109.878,step
2026-09-01T13:13:43.177505+00:00,70.138,0.0262,0.0,0.15,0.0348,0.0545,7944.55,2,45.2543,109.9,step
2026-09-01T13:13:43.178837+00:00,69.484,0.0307,0.8,0.0,0.0309,0.0577,7866.5,2,45.1657,109.922,step
2026-09-01T13:13:43.180172+00:00,69.754,0.035,0.0,0.15,0.0267,0.0605,8994.39,2,45.1775,109.944,step
2026-09-01T13:13:43.181508+00:00,69.728,0.0393,0.0,0.15,0.0224,0.0631,7919.93,2,45.2607,109.966,step
2026-09-01T13:13:43.182833+00:00,69.072,0.0436,0.8,0.0,0.0179,0.0657,7844.34,2,45.3383,109.988,step
2026-09-01T13:13:43.184176+00:00,69.4,0.0478,0.8,0.0,0.0132,0.068,8838.73,2,45.5029,110.01,step
2026-09-01T13:13:43.185576+00:00,70.184,0.0517,0.8,0.0,0.0084,0.0698,9254.46,2,45.811,110.032,step
2026-09-01T13:13:43.186954+00:00,71.081,0.0554,0.8,0.0,0.0033,0.0713,9541.96,2,46.2393,110.054,step
2026-09-01T13:13:43.188371+00:00,72.053,0.059,0.0,0.15,-0.002,0.0725,9701.73,2,46.7767,110.076,step
2026-09-01T13:13:43.189699+00:00,72.278,0.0628,0.8,0.0,-0.0075,0.0738,8219.62,2,47.2818,110.098,step
2026-09-01T13:13:43.191010+00:00,72.646,0.067,0.8,0.0,-0.0131,0.0756,9152.97,2,47.674,110.12,step
2026-09-01T13:13:43.192381+00:00,73.47,0.0707,0.8,0.0,-0.0188,0.0766,9549.24,2,48.3149,110.142,step
2026-09-01T13:13:43.193761+00:00,74.293,0.0738,0.8,0.0,-0.0246,0.0769,9970.28,2,49.2282,110.164,step
2026-09-01T13:13:43.195094+00:00,75.087,0.0764,0.8,0.0,-0.0306,0.0764,10431.0,2,50.4334,110.186,step
2026-09-01T13:13:43.196446+00:00,75.959,0.0786,0.8,0.0,-0.0369,0.0752,10745.7,2,51.9228,110.208,step
2026-09-01T13:13:43.197755+00:00,76.88,0.0803,0.8,0.0,-0.0432,0.0733,10965.1,2,53.7145,110.23,step
2026-09-01T13:13:43.199045+00:00,77.845,0.0816,0.8,0.0,-0.0498,0.0709,11098.6,2,55.8201,110.252,step
2026-09-01T13:13:43.200367+00:00,78.848,0.0827,0.8,0.0,-0.0564,0.0681,11173.8,2,58.172,110.274,step
2026-09-01T13:13:43.201733+00:00,79.854,0.0839,0.15,0.0,-0.0632,0.0653,11232.0,2,60.6371,110.296,step
2026-09-01T13:13:43.203058+00:00,80.722,0.0854,0.15,0.0,-0.07,0.063,9580.82,3,63.0719,110.318,step
2026-09-01T13:13:43.204363+00:00,80.749,0.0862,0.15,0.0,-0.0764,0.06,7543.59,3,64.6543,110.34,step
2026-09-01T13:13:43.205708+00:00,80.624,0.0855,0.15,0.0,-0.0821,0.0556,7557.29,3,65.9951,110.362,step
2026-09-01T13:13:43.206992+00:00,80.525,0.0842,0.15,0.0,-0.087,0.0508,7374.12,3,67.5305,110.384,step
2026-09-01T13:13:43.208252+00:00,80.501,0.0821,0.15,0.0,-0.0913,0.0456,7429.26,3,69.3509,110.406,step
2026-09-01T13:13:43.209605+00:00,80.498,0.0796,0.15,0.0,-0.0952,0.0401,7405.18,3,71.3301,110.428,step
2026-09-01T13:13:43.210834+00:00,80.486,0.0773,0.15,0.0,-0.0986,0.0351,7394.93,3,73.1355,110.45,step
2026-09-01T13:13:43.212079+00:00,80.471,0.0752,0.15,0.0,-0.1014,0.0306,7388.74,3,74.7342,110.472,step
2026-09-01T13:13:43.213385+00:00,80.456,0.0732,0.15,0.0,-0.1038,0.0265,7384.21,3,76.1669,110.494,step
2026-09-01T13:13:43.214705+00:00,80.44,0.0711,0.15,0.0,-0.1059,0.0228,7381.22,3,77.4869,110.516,step
2026-09-01T13:13:43.215979+00:00,80.424,0.0691,0.15,0.0,-0.1075,0.0192,7379.43,3,78.74,110.538,step
2026-09-01T13:13:43.217282+00:00,80.408,0.067,0.15,0.0,-0.1088,0.0157,7378.43,3,79.9564,110.56,step
2026-09-01T13:13:43.218617+00:00,80.392,0.0648,0.15,0.0,-0.1098,0.0123,7378.04,3,81.1504,110.582,step
2026-09-01T13:13:43.219927+00:00,80.379,0.0626,0.15,0.0,-0.1105,0.0091,7377.82,3,82.267,110.604,step
2026-09-01T13:13:43.221281+00:00,80.368,0.0603,0.15,0.0,-0.111,0.0061,7377.39,3,83.3157,110.626,step
2026-09-01T13:13:43.222590+00:00,80.358,0.0581,0.15,0.0,-0.1112,0.0031,7376.54,3,84.3263,110.648,step
2026-09-01T13:13:43.223868+00:00,80.347,0.0558,0.15,0.0,-0.1112,0.0002,7375.37,3,85.3267,110.67,step
2026-09-01T13:13:43.225186+00:00,80.338,0.0533,0.15,0.0,-0.1109,-0.0027,7374.08,3,86.3212,110.692,step
2026-09-01T13:13:43.226502+00:00,80.326,0.0508,0.15,0.0,-0.1104,-0.0055,7378.33,3,87.2875,110.714,step
2026-09-01T13:13:43.227932+00:00,80.316,0.0482,0.15,0.0,-0.1097,-0.0084,7382.07,3,88.2928,110.736,step
2026-09-01T13:13:43.229283+00:00,80.312,0.0455,0.15,0.0,-0.1088,-0.0111,7375.87,3,89.2472,110.758,step
2026-09-01T13:13:43.230602+00:00,80.306,0.0429,0.15,0.0,-0.1077,-0.0137,7372.54,3,90.1027,110.78,step
2026-09-01T13:13:43.231868+00:00,80.299,0.0404,0.15,0.0,-0.1064,-0.0161,7369.72,3,90.854,110.802,step
2026-09-01T13:13:43.233174+00:00,80.292,0.0379,0.15,0.0,-0.1049,-0.0182,7367.74,3,91.5012,110.824,step
2026-09-01T13:13:43.234522+00:00,80.284,0.0355,0.15,0.0,-0.1033,-0.0202,7366.54,3,92.0699,110.846,step
2026-09-01T13:13:43.235897+00:00,80.276,0.033,0.15,0.0,-0.1014,-0.0221,7365.89,3,92.5772,110.868,step
2026-09-01T13:13:43.237227+00:00,80.268,0.0307,0.15,0.0,-0.0995,-0.0238,7365.77,3,93.0361,110.89,step
2026-09-01T13:13:43.238586+00:00,80.26,0.0283,0.15,0.0,-0.0973,-0.0255,7365.71,3,93.4548,110.912,step
2026-09-01T13:13:43.239911+00:00,80.253,0.026,0.15,0.0,-0.0951,-0.027,7365.46,3,93.8149,110.934,step
2026-09-01T13:13:43.241244+00:00,80.246,0.0237,0.15,0.0,-0.0928,-0.0284,7365.0,3,94.1176,110.956,step
2026-09-01T13:13:43.242546+00:00,80.24,0.0214,0.15,0.0,-0.0903,-0.0297,7364.45,3,94.369,110.978,step
2026-09-01T13:13:43.243892+00:00,80.233,0.0192,0.15,0.0,-0.0878,-0.0308,7363.73,3,94.5604,111.0,step
2026-09-01T13:13:43.245204+00:00,80.227,0.0171,0.15,0.0,-0.0852,-0.0319,7363.0,3,94.6865,111.022,step
2026-09-01T13:13:43.246549+00:00,80.22,0.015,0.15,0.0,-0.0825,-0.0328,7364.65,3,94.7571,111.044,step
2026-09-01T13:13:43.247865+00:00,80.215,0.0129,0.15,0.0,-0.0797,-0.0337,7363.15,3,94.7764,111.066,step
2026-09-01T13:13:43.249141+00:00,80.21,0.0109,0.15,0.0,-0.0769,-0.0344,7361.98,3,94.734,111.088,step
2026-09-01T13:13:43.250412+00:00,80.204,0.0089,0.15,0.0,-0.074,-0.0351,7360.92,3,94.63,111.11,step
2026-09-01T13:13:43.251739+00:00,80.198,0.007,0.15,0.0,-0.0711,-0.0356,7360.04,3,94.4631,111.132,step
2026-09-01T13:13:43.253081+00:00,80.193,0.0052,0.15,0.0,-0.0681,-0.0361,7359.26,3,94.2331,111.154,step
2026-09-01T13:13:43.254427+00:00,80.187,0.0035,0.15,0.0,-0.0652,-0.0364,7358.65,3,93.94,111.176,step
2026-09-01T13:13:43.255818+00:00,80.181,0.0018,0.15,0.0,-0.0622,-0.0366,7358.16,3,93.5857,111.198,step
2026-09-01T13:13:43.257148+00:00,80.175,0.0002,0.15,0.0,-0.0593,-0.0368,7357.81,3,93.1838,111.22,step
2026-09-01T13:13:43.258474+00:00,80.168,-0.0013,0.15,0.0,-0.0563,-0.0368,7357.2,3,92.7323,111.242,step
2026-09-01T13:13:43.259884+00:00,80.161,-0.0028,0.15,0.0,-0.0533,-0.0368,7356.41,3,92.2359,111.264,step
2026-09-01T13:13:43.261260+00:00,80.154,-0.0042,0.15,0.0,-0.0503,-0.0367,7355.69,3,91.691,111.286,step
2026-09-01T13:13:43.262621+00:00,80.146,-0.0056,0.15,0.0,-0.0474,-0.0366,7355.01,3,91.1057,111.308,step
2026-09-01T13:13:43.263953+00:00,80.138,-0.0069,0.15,0.0,-0.0444,-0.0363,7354.45,3,90.4755,111.33,step
2026-09-01T13:13:43.265281+00:00,80.13,-0.0081,0.15,0.0,-0.0414,-0.036,7353.84,3,89.8079,111.352,step
2026-09-01T13:13:43.266628+00:00,80.124,-0.0093,0.15,0.0,-0.0385,-0.0357,7349.54,3,89.1114,111.374,step
2026-09-01T13:13:43.267944+00:00,80.114,-0.0104,0.15,0.0,-0.0357,-0.0352,7349.08,3,88.393,111.396,step
2026-09-01T13:13:43.269482+00:00,80.105,-0.0114,0.15,0.0,-0.0328,-0.0348,7349.65,3,87.6496,111.418,step
2026-09-01T13:13:43.270841+00:00,80.095,-0.0124,0.15,0.0,-0.0301,-0.0343,7350.34,3,86.8761,111.44,step
2026-09-01T13:13:43.272213+00:00,80.086,-0.0133,0.15,0.0,-0.0273,-0.0337,7350.32,3,86.0754,111.462,step
2026-09-01T13:13:43.273536+00:00,80.078,-0.0142,0.15,0.0,-0.0246,-0.0331,7349.88,3,85.2494,111.484,step
2026-09-01T13:13:43.274856+00:00,80.069,-0.0149,0.15,0.0,-0.022,-0.0324,7349.0,3,84.3983,111.506,step
2026-09-01T13:13:43.276253+00:00,80.061,-0.0156,0.15,0.0,-0.0194,-0.0317,7348.12,3,83.5265,111.528,step
2026-09-01T13:13:43.277713+00:00,80.053,-0.0162,0.15,0.0,-0.0169,-0.0309,7347.11,3,82.6356,111.55,step
2026-09-01T13:13:43.279130+00:00,80.044,-0.0168,0.15,0.0,-0.0145,-0.0301,7346.17,3,81.7339,111.572,step
2026-09-01T13:13:43.280502+00:00,80.035,-0.0173,0.15,0.0,-0.0121,-0.0292,7345.21,3,80.8234,111.594,step
2026-09-01T13:13:43.281837+00:00,80.026,-0.0178,0.15,0.0,-0.0098,-0.0284,7344.28,3,79.9091,111.616,step
2026-09-01T13:13:43.283235+00:00,80.017,-0.0173,0.15,0.0,-0.0076,-0.0264,7343.43,3,78.9907,111.638,step
2026-09-01T13:13:43.284673+00:00,80.008,-0.0166,0.15,0.0,-0.0056,-0.0242,7342.59,3,78.0816,111.66,step
2026-09-01T13:13:43.286241+00:00,79.999,-0.0158,0.15,0.0,-0.0038,-0.0221,7341.73,2,77.1877,111.682,step
2026-09-01T13:13:43.287729+00:00,79.929,-0.0149,0.15,0.0,-0.0021,-0.02,9269.47,2,76.3044,111.704,step
2026-09-01T13:13:43.289163+00:00,79.823,-0.0139,0.8,0.0,-0.0006,-0.0178,9276.65,2,75.4222,111.726,step
2026-09-01T13:13:43.290521+00:00,79.734,-0.0129,0.8,0.0,0.0007,-0.0157,9194.04,2,74.5614,111.748,step
2026-09-01T13:13:43.291943+00:00,80.252,-0.0118,0.15,0.0,0.0019,-0.0136,10186.1,3,73.7248,111.77,step
2026-09-01T13:13:43.293397+00:00,80.624,-0.0107,0.15,0.0,0.0029,-0.0116,7910.91,3,72.9007,111.792,step
2026-09-01T13:13:43.294833+00:00,80.514,-0.0096,0.15,0.0,0.0037,-0.0096,7923.56,3,72.1228,111.814,step
2026-09-01T13:13:43.296235+00:00,80.431,-0.0084,0.15,0.0,0.0044,-0.0077,7362.35,3,71.3767,111.836,step
2026-09-01T13:13:43.297655+00:00,80.408,-0.0072,0.15,0.0,0.005,-0.0059,7379.92,3,70.6795,111.858,step
2026-09-01T13:13:43.299089+00:00,80.399,-0.0061,0.15,0.0,0.0054,-0.0043,7379.16,3,70.0222,111.88,step
2026-09-01T13:13:43.300521+00:00,80.39,-0.0049,0.15,0.0,0.0057,-0.0026,7378.42,3,69.3937,111.902,step
2026-09-01T13:13:43.302001+00:00,80.382,-0.0038,0.15,0.0,0.0058,-0.0011,7377.67,3,68.7887,111.924,step
2026-09-01T13:13:43.303483+00:00,80.374,-0.0025,0.15,0.0,0.0058,0.0005,7376.86,3,68.2036,111.946,step
2026-09-01T13:13:43.304921+00:00,80.367,-0.0013,0.15,0.0,0.0057,0.0019,7375.99,3,67.6385,111.968,step
2026-09-01T13:13:43.306341+00:00,80.359,-0.0001,0.15,0.0,0.0054,0.0033,7375.07,3,67.1024,111.99,step
2026-09-01T13:13:43.307755+00:00,80.352,0.0011,0.15,0.0,0.0051,0.0046,7374.31,3,66.595,112.012,step
2026-09-01T13:13:43.309150+00:00,80.343,0.0024,0.15,0.0,0.0047,0.0059,7378.54,3,66.1093,112.034,step
2026-09-01T13:13:43.310636+00:00,80.338,0.0036,0.15,0.0,0.0042,0.0071,7375.42,3,65.6439,112.056,step
2026-09-01T13:13:43.311978+00:00,80.332,0.0048,0.15,0.0,0.0036,0.0082,7373.59,3,65.2056,112.078,step
2026-09-01T13:13:43.313385+00:00,80.326,0.006,0.15,0.0,0.0029,0.0093,7371.93,3,64.7932,112.1,step
2026-09-01T13:13:43.314755+00:00,80.319,0.0072,0.15,0.0,0.002,0.0103,7370.66,3,64.4019,112.122,step
2026-09-01T13:13:43.316107+00:00,80.312,0.0084,0.15,0.0,0.0012,0.0113,7369.65,3,64.0284,112.144,step
2026-09-01T13:13:43.317498+00:00,80.305,0.0096,0.15,0.0,0.0003,0.0122,7369.02,3,63.6748,112.166,step
2026-09-01T13:13:43.318927+00:00,80.297,0.0108,0.15,0.0,-0.0007,0.013,7368.7,3,63.347,112.188,step
2026-09-01T13:13:43.320317+00:00,80.29,0.0119,0.15,0.0,-0.0018,0.0138,7368.4,3,63.0441,112.21,step
2026-09-01T13:13:43.321764+00:00,80.283,0.013,0.15,0.0,-0.0029,0.0145,7368.08,3,62.7626,112.232,step
2026-09-01T13:13:43.323166+00:00,80.277,0.0142,0.15,0.0,-0.0041,0.0152,7367.69,3,62.4962,112.254,step
2026-09-01T13:13:43.324556+00:00,80.271,0.0153,0.15,0.0,-0.0053,0.0158,7367.17,3,62.2488,112.276,step
2026-09-01T13:13:43.325954+00:00,80.265,0.0163,0.15,0.0,-0.0066,0.0163,7366.58,3,62.0219,112.298,step
2026-09-01T13:13:43.327350+00:00,80.259,0.0174,0.15,0.0,-0.0079,0.0168,7365.95,3,61.8151,112.32,step
2026-09-01T13:13:43.328742+00:00,80.253,0.0184,0.15,0.0,-0.0092,0.0173,7365.36,3,61.63,112.342,step
2026-09-01T13:13:43.330095+00:00,80.246,0.0194,0.15,0.0,-0.0106,0.0176,7367.46,3,61.4688,112.364,step
2026-09-01T13:13:43.331475+00:00,80.242,0.0204,0.15,0.0,-0.012,0.018,7365.69,3,61.3296,112.386,step
2026-09-01T13:13:43.332807+00:00,80.237,0.0213,0.15,0.0,-0.0134,0.0182,7364.48,3,61.2095,112.408,step
2026-09-01T13:13:43.334159+00:00,80.232,0.0222,0.15,0.0,-0.0149,0.0185,7363.38,3,61.1063,112.43,step
2026-09-01T13:13:43.335574+00:00,80.226,0.0231,0.15,0.0,-0.0163,0.0187,7362.45,3,61.0224,112.452,step
2026-09-01T13:13:43.336939+00:00,80.22,0.0239,0.15,0.0,-0.0178,0.0188,7361.72,3,60.9587,112.474,step
2026-09-01T13:13:43.338298+00:00,80.215,0.0247,0.15,0.0,-0.0192,0.0189,7361.21,3,60.9146,112.496,step
2026-09-01T13:13:43.339700+00:00,80.209,0.0255,0.15,0.0,-0.0207,0.0189,7360.85,3,60.894,112.518,step
2026-09-01T13:13:43.341086+00:00,80.203,0.0262,0.15,0.0,-0.0222,0.0189,7360.54,3,60.898,112.54,step
2026-09-01T13:13:43.342524+00:00,80.197,0.0269,0.15,0.0,-0.0237,0.0189,7360.2,3,60.9154,112.562,step
2026-09-01T13:13:43.343929+00:00,80.191,0.0276,0.15,0.0,-0.0251,0.0188,7359.75,3,60.9499,112.584,step
2026-09-01T13:13:43.345338+00:00,80.185,0.0282,0.15,0.0,-0.0266,0.0187,7359.23,3,61.0071,112.606,step
2026-09-01T13:13:43.346750+00:00,80.18,0.0289,0.15,0.0,-0.028,0.0186,7358.75,3,61.0811,112.628,step
2026-09-01T13:13:43.348106+00:00,80.174,0.0294,0.15,0.0,-0.0294,0.0184,7358.16,3,61.1747,112.65,step
2026-09-01T13:13:43.349483+00:00,80.169,0.03,0.15,0.0,-0.0308,0.0182,7357.56,3,61.2837,112.672,step
2026-09-01T13:13:43.350838+00:00,80.163,0.0305,0.15,0.0,-0.0322,0.018,7357.75,3,61.4152,112.694,step
2026-09-01T13:13:43.352279+00:00,80.158,0.031,0.15,0.0,-0.0336,0.0177,7356.96,3,61.5642,112.716,step
2026-09-01T13:13:43.353666+00:00,80.152,0.0314,0.15,0.0,-0.0349,0.0174,7356.29,3,61.7337,112.738,step
2026-09-01T13:13:43.355040+00:00,80.147,0.0318,0.15,0.0,-0.0362,0.0171,7355.62,3,61.9202,112.76,step
2026-09-01T13:13:43.356400+00:00,80.141,0.0322,0.15,0.0,-0.0375,0.0168,7355.03,3,62.128,112.782,step
2026-09-01T13:13:43.357730+00:00,80.136,0.0326,0.15,0.0,-0.0388,0.0165,7354.48,3,62.3551,112.804,step
2026-09-01T13:13:43.359126+00:00,80.13,0.0329,0.15,0.0,-0.04,0.0161,7353.96,3,62.6061,112.826,step
2026-09-01T13:13:43.360561+00:00,80.124,0.0332,0.15,0.0,-0.0412,0.0157,7353.51,3,62.879,112.848,step
2026-09-01T13:13:43.361945+00:00,80.119,0.0334,0.15,0.0,-0.0424,0.0153,7353.05,3,63.1689,112.87,step
2026-09-01T13:13:43.363418+00:00,80.113,0.0337,0.15,0.0,-0.0435,0.0149,7352.5,3,63.4761,112.892,step
2026-09-01T13:13:43.364814+00:00,80.107,0.0338,0.15,0.0,-0.0446,0.0144,7351.9,3,63.8137,112.914,step
2026-09-01T13:13:43.366234+00:00,80.101,0.034,0.15,0.0,-0.0457,0.014,7351.41,3,64.1758,112.936,step
2026-09-01T13:13:43.367639+00:00,80.095,0.0341,0.15,0.0,-0.0467,0.0135,7350.81,3,64.5557,112.958,step
2026-09-01T13:13:43.369062+00:00,80.089,0.0343,0.15,0.0,-0.0477,0.013,7350.26,3,64.9508,112.98,step
2026-09-01T13:13:43.370463+00:00,80.082,0.0344,0.15,0.0,-0.0486,0.0126,7349.82,3,65.3617,113.002,step
2026-09-01T13:13:43.371845+00:00,80.077,0.0344,0.15,0.0,-0.0495,0.0121,7348.1,3,65.7868,113.024,step
2026-09-01T13:13:43.373231+00:00,80.07,0.0345,0.15,0.0,-0.0503,0.0117,7347.65,3,66.2242,113.046,step
2026-09-01T13:13:43.374588+00:00,80.064,0.0346,0.15,0.0,-0.0512,0.0112,7347.54,3,66.6952,113.068,step
2026-09-01T13:13:43.376001+00:00,80.057,0.0346,0.15,0.0,-0.052,0.0107,7347.32,3,67.204,113.09,step
2026-09-01T13:13:43.377449+00:00,80.05,0.0345,0.15,0.0,-0.0527,0.0102,7347.0,3,67.7431,113.112,step
2026-09-01T13:13:43.378837+00:00,80.044,0.0345,0.15,0.0,-0.0534,0.0097,7346.51,3,68.3102,113.134,step
2026-09-01T13:13:43.380249+00:00,80.038,0.0344,0.15,0.0,-0.0541,0.0092,7345.87,3,68.8908,113.156,step
2026-09-01T13:13:43.381612+00:00,80.032,0.0344,0.15,0.0,-0.0547,0.0088,7345.27,3,69.4852,113.178,step
2026-09-01T13:13:43.383010+00:00,80.026,0.0343,0.15,0.0,-0.0553,0.0083,7344.66,3,70.101,113.2,step
2026-09-01T13:13:43.384416+00:00,80.019,0.0342,0.15,0.0,-0.0559,0.0078,7343.94,3,70.7542,113.222,step
2026-09-01T13:13:43.385904+00:00,80.012,0.034,0.15,0.0,-0.0564,0.0073,7343.17,3,71.453,113.244,step
2026-09-01T13:13:43.387354+00:00,80.005,0.0339,0.15,0.0,-0.0568,0.0068,7342.4,3,72.1816,113.266,step
2026-09-01T13:13:43.388760+00:00,79.997,0.0337,0.15,0.0,-0.0573,0.0064,7341.69,2,72.934,113.288,step
2026-09-01T13:13:43.390156+00:00,79.93,0.0335,0.15,0.0,-0.0577,0.0058,9269.87,2,73.7487,113.31,step
2026-09-01T13:13:43.391565+00:00,79.825,0.0332,0.15,0.0,-0.058,0.0052,9277.05,2,74.6939,113.332,step
2026-09-01T13:13:43.393005+00:00,79.737,0.0328,0.15,0.0,-0.0583,0.0046,9193.36,2,75.6888,113.354,step
2026-09-01T13:13:43.394505+00:00,79.735,0.0325,0.15,0.0,-0.0586,0.004,9230.86,2,76.6331,113.376,step
2026-09-01T13:13:43.395865+00:00,79.739,0.0323,0.15,0.0,-0.0588,0.0036,9232.2,2,77.5312,113.398,step
2026-09-01T13:13:43.397289+00:00,79.743,0.0321,0.15,0.0,-0.059,0.0033,9233.8,2,78.4379,113.42,step
2026-09-01T13:13:43.398670+00:00,79.747,0.0319,0.15,0.0,-0.0591,0.0029,9234.95,2,79.3741,113.442,step
2026-09-01T13:13:43.400055+00:00,79.752,0.0317,0.15,0.0,-0.0593,0.0025,9235.8,2,80.3563,113.464,step
2026-09-01T13:13:43.401527+00:00,79.757,0.0314,0.15,0.0,-0.0594,0.0022,9236.34,2,81.4231,113.486,step
2026-09-01T13:13:43.402985+00:00,79.761,0.0312,0.15,0.0,-0.0594,0.0018,9236.75,2,82.5877,113.508,step
2026-09-01T13:13:43.404436+00:00,79.766,0.031,0.15,0.0,-0.0595,0.0015,9237.2,2,83.87,113.53,step
2026-09-01T13:13:43.405904+00:00,79.77,0.0307,0.15,0.0,-0.0595,0.0012,9237.45,2,85.3371,113.552,step
2026-09-01T13:13:43.407379+00:00,79.773,0.0304,0.15,0.0,-0.0595,0.0008,9237.51,2,87.086,113.574,step
2026-09-01T13:13:43.408878+00:00,79.776,0.0301,0.15,0.0,-0.0594,0.0005,9237.54,2,89.1076,113.596,step
2026-09-01T13:13:43.410402+00:00,79.779,0.0298,0.15,0.0,-0.0593,0.0002,9237.8,2,91.505,113.618,step
2026-09-01T13:13:43.411868+00:00,79.781,0.0296,0.15,0.0,-0.0592,-0.0001,9238.24,2,94.5441,113.64,step
2026-09-01T13:13:43.413323+00:00,79.784,0.0293,0.15,0.0,-0.0591,-0.0003,9238.91,2,98.9239,113.662,step
2026-09-01T13:13:43.414841+00:00,79.788,0.0291,0.15,0.0,-0.059,-0.0005,9233.72,2,112.018,113.684,step
2026-09-01T13:13:43.416360+00:00,79.789,0.0289,0.8,0.0,-0.0588,-0.0007,9234.14,2,120.566,113.706,step
2026-09-01T13:13:43.417802+00:00,80.367,0.0286,0.8,0.0,-0.0587,-0.0009,10123.6,3,125.861,113.728,step
2026-09-01T13:13:43.419275+00:00,80.772,0.0283,0.8,0.0,-0.0586,-0.0013,8024.43,3,130.476,113.75,step
2026-09-01T13:13:43.420744+00:00,80.66,0.0279,0.8,0.0,-0.0583,-0.0016,8036.71,3,134.214,113.772,step
2026-09-01T13:13:43.422231+00:00,80.575,0.0276,0.8,0.0,-0.0582,-0.0019,7376.09,3,137.548,113.794,step
2026-09-01T13:13:43.423666+00:00,80.956,0.0272,0.8,0.0,-0.0579,-0.0022,7784.55,3,140.62,113.816,step
2026-09-01T13:13:43.425108+00:00,81.565,0.0268,0.8,0.0,-0.0577,-0.0026,7855.58,3,143.554,113.838,step
2026-09-01T13:13:43.426594+00:00,82.2,0.0264,0.8,0.0,-0.0574,-0.0029,7897.04,3,146.297,113.86,step
2026-09-01T13:13:43.428176+00:00,82.835,0.026,0.8,0.0,-0.0572,-0.0032,7936.56,3,148.818,113.882,step
2026-09-01T13:13:43.429678+00:00,83.471,0.0257,0.8,0.0,-0.0569,-0.0035,7982.26,3,151.208,113.904,step
2026-09-01T13:13:43.431251+00:00,84.103,0.0253,0.8,0.0,-0.0566,-0.0037,8038.21,3,153.448,113.926,step
2026-09-01T13:13:43.432726+00:00,84.735,0.025,0.8,0.0,-0.0562,-0.0039,8103.21,3,155.584,113.948,step
2026-09-01T13:13:43.434275+00:00,85.366,0.0247,0.8,0.0,-0.0559,-0.004,8176.21,3,157.739,113.97,step
2026-09-01T13:13:43.435897+00:00,86.002,0.0244,0.8,0.0,-0.0555,-0.0042,8253.42,3,159.968,113.992,step
2026-09-01T13:13:43.437446+00:00,86.694,0.0242,0.8,0.0,-0.0552,-0.0042,8250.04,3,162.188,114.014,step
2026-09-01T13:13:43.438956+00:00,87.342,0.0241,0.8,0.0,-0.0548,-0.0042,8312.84,3,164.293,114.036,step
2026-09-01T13:13:43.440436+00:00,87.977,0.0239,0.8,0.0,-0.0544,-0.0041,8404.64,3,166.454,114.058,step
2026-09-01T13:13:43.441900+00:00,88.615,0.0237,0.8,0.0,-0.0541,-0.0041,8506.01,3,168.814,114.08,step
2026-09-01T13:13:43.443456+00:00,89.268,0.0235,0.8,0.0,-0.0537,-0.0042,8598.91,3,171.433,114.102,step
2026-09-01T13:13:43.444928+00:00,89.938,0.0232,0.8,0.0,-0.0533,-0.0043,8680.65,3,174.304,114.124,step
2026-09-01T13:13:43.446472+00:00,90.62,0.023,0.8,0.0,-0.053,-0.0044,8752.89,3,177.344,114.146,step
2026-09-01T13:13:43.448035+00:00,91.313,0.0227,0.8,0.0,-0.0526,-0.0045,8818.6,3,180.519,114.168,step
2026-09-01T13:13:43.449556+00:00,92.008,0.0224,0.8,0.0,-0.0523,-0.0046,8883.23,3,183.941,114.19,step
2026-09-01T13:13:43.451126+00:00,92.713,0.0221,0.8,0.0,-0.0519,-0.0048,8942.39,3,187.691,114.212,step
2026-09-01T13:13:43.452725+00:00,93.423,0.0218,0.8,0.0,-0.0515,-0.005,9002.39,3,191.568,114.234,step
2026-09-01T13:13:43.454272+00:00,94.133,0.0215,0.8,0.0,-0.0511,-0.0051,9067.8,3,195.523,114.256,step
2026-09-01T13:13:43.455801+00:00,94.844,0.0213,0.15,0.0,-0.0507,-0.0051,9140.49,3,199.563,114.278,step
2026-09-01T13:13:43.457362+00:00,95.079,0.0212,0.15,0.0,-0.0503,-0.005,8709.0,3,200.0,114.3,step
2026-09-01T13:13:43.458949+00:00,95.029,0.0213,0.15,0.0,-0.0499,-0.0046,8707.29,3,200.0,114.322,step
2026-09-01T13:13:43.460575+00:00,94.981,0.0213,0.15,0.0,-0.0495,-0.0043,8708.06,3,200.0,114.344,step
2026-09-01T13:13:43.462103+00:00,94.934,0.0214,0.15,0.0,-0.0491,-0.004,8707.83,3,200.0,114.366,step
2026-09-01T13:13:43.463627+00:00,94.889,0.0214,0.15,0.0,-0.0488,-0.0038,8705.68,3,200.0,114.388,step
2026-09-01T13:13:43.465126+00:00,94.845,0.0213,0.15,0.0,-0.0484,-0.0036,8702.08,3,200.0,114.41,step
2026-09-01T13:13:43.466628+00:00,94.801,0.0213,0.15,0.0,-0.0481,-0.0034,8697.71,3,200.0,114.432,step
2026-09-01T13:13:43.468221+00:00,94.758,0.0213,0.15,0.0,-0.0478,-0.0033,8693.11,3,200.0,114.454,step
2026-09-01T13:13:43.469764+00:00,94.713,0.0212,0.8,0.0,-0.0475,-0.0031,8687.94,3,200.0,114.476,step
2026-09-01T13:13:43.471387+00:00,95.126,0.0211,0.15,0.0,-0.0472,-0.0031,9195.85,3,200.0,114.498,step
2026-09-01T13:13:43.472909+00:00,95.371,0.021,0.15,0.0,-0.047,-0.0031,8744.52,3,200.0,114.52,step
2026-09-01T13:13:43.474435+00:00,95.32,0.021,0.15,0.0,-0.0467,-0.003,8739.55,3,200.0,114.542,step
2026-09-01T13:13:43.476035+00:00,95.269,0.021,0.15,0.0,-0.0464,-0.0028,8736.34,3,200.0,114.564,step
2026-09-01T13:13:43.477629+00:00,95.222,0.0211,0.15,0.0,-0.0462,-0.0025,8723.94,3,200.0,114.586,step
2026-09-01T13:13:43.479159+00:00,95.168,0.0212,0.15,0.0,-0.046,-0.0022,8720.7,3,200.0,114.608,step
2026-09-01T13:13:43.480645+00:00,95.114,0.0214,0.15,0.0,-0.0457,-0.0018,8720.21,3,200.0,114.63,step
2026-09-01T13:13:43.482117+00:00,95.061,0.0215,0.15,0.0,-0.0456,-0.0016,8719.18,3,200.0,114.652,step
2026-09-01T13:13:43.483670+00:00,95.009,0.0216,0.15,0.0,-0.0454,-0.0014,8716.51,3,200.0,114.674,step
2026-09-01T13:13:43.485217+00:00,94.959,0.0217,0.15,0.0,-0.0453,-0.0012,8712.45,3,200.0,114.696,step
2026-09-01T13:13:43.486718+00:00,94.909,0.0217,0.15,0.0,-0.0452,-0.0011,8707.71,3,200.0,114.718,step
2026-09-01T13:13:43.488262+00:00,94.86,0.0217,0.15,0.0,-0.0451,-0.001,8702.45,3,200.0,114.74,step
2026-09-01T13:13:43.489828+00:00,94.808,0.0217,0.15,0.0,-0.045,-0.001,8696.68,3,200.0,114.762,step
2026-09-01T13:13:43.491391+00:00,94.755,0.0217,0.15,0.0,-0.0449,-0.001,8691.17,3,200.0,114.784,step
2026-09-01T13:13:43.492968+00:00,94.701,0.0211,0.8,0.0,-0.0448,-0.0016,8685.83,3,200.0,114.806,step
2026-09-01T13:13:43.494405+00:00,95.114,0.0199,0.15,0.0,-0.0446,-0.0031,9187.12,3,200.0,114.828,step
2026-09-01T13:13:43.495830+00:00,95.348,0.0186,0.15,0.0,-0.0443,-0.0045,8741.13,3,200.0,114.85,step
2026-09-01T13:13:43.497288+00:00,95.293,0.0174,0.15,0.0,-0.0439,-0.0056,8730.56,3,200.0,114.872,step
2026-09-01T13:13:43.498686+00:00,95.234,0.0163,0.15,0.0,-0.0433,-0.0066,8727.32,3,200.0,114.894,step
2026-09-01T13:13:43.500088+00:00,95.175,0.0152,0.15,0.0,-0.0426,-0.0076,8726.81,3,200.0,114.916,step
2026-09-01T13:13:43.501470+00:00,95.117,0.0141,0.15,0.0,-0.0418,-0.0085,8724.99,3,200.0,114.938,step
2026-09-01T13:13:43.502910+00:00,95.061,0.013,0.15,0.0,-0.0409,-0.0094,8721.5,3,200.0,114.96,step
2026-09-01T13:13:43.504314+00:00,95.006,0.0118,0.15,0.0,-0.04,-0.0102,8716.85,3,200.0,114.982,step
2026-09-01T13:13:43.505715+00:00,94.952,0.0107,0.15,0.0,-0.039,-0.011,8711.41,3,200.0,115.004,step
2026-09-01T13:13:43.507101+00:00,94.897,0.0096,0.15,0.0,-0.038,-0.0117,8705.81,3,200.0,115.026,step
2026-09-01T13:13:43.508531+00:00,94.842,0.0084,0.8,0.0,-0.0368,-0.0124,8700.03,3,200.0,115.048,step
2026-09-01T13:13:43.509955+00:00,95.244,0.0073,0.15,0.0,-0.0355,-0.0131,9211.99,3,200.0,115.07,step
2026-09-01T13:13:43.511462+00:00,95.483,0.0062,0.15,0.0,-0.0343,-0.0136,8755.39,3,200.0,115.092,step
2026-09-01T13:13:43.512875+00:00,95.424,0.0052,0.15,0.0,-0.0329,-0.0141,8749.49,3,200.0,115.114,step
2026-09-01T13:13:43.514272+00:00,95.365,0.0043,0.15,0.0,-0.0316,-0.0144,8745.38,3,200.0,115.136,step
2026-09-01T13:13:43.515686+00:00,95.308,0.0033,0.15,0.0,-0.0302,-0.0147,8736.38,3,200.0,115.158,step
2026-09-01T13:13:43.517087+00:00,95.248,0.0024,0.15,0.0,-0.0287,-0.0149,8731.91,3,200.0,115.18,step
2026-09-01T13:13:43.518503+00:00,95.188,0.0016,0.15,0.0,-0.0273,-0.0151,8729.04,3,200.0,115.202,step
2026-09-01T13:13:43.520075+00:00,95.128,0.0008,0.15,0.0,-0.0258,-0.0152,8725.71,3,200.0,115.224,step
2026-09-01T13:13:43.521506+00:00,95.07,-0.0001,0.15,0.0,-0.0244,-0.0153,8721.25,3,200.0,115.246,step
2026-09-01T13:13:43.522980+00:00,95.012,-0.0008,0.15,0.0,-0.0229,-0.0153,8716.13,3,200.0,115.268,step
2026-09-01T13:13:43.524395+00:00,94.954,-0.0016,0.8,0.0,-0.0214,-0.0153,8710.81,3,200.0,115.29,step
2026-09-01T13:13:43.525813+00:00,95.349,-0.0022,0.15,0.0,-0.0199,-0.0153,9228.0,3,200.0,115.312,step
2026-09-01T13:13:43.527307+00:00,95.59,-0.0029,0.15,0.0,-0.0184,-0.0152,8766.42,3,200.0,115.334,step
2026-09-01T13:13:43.528741+00:00,95.529,-0.0035,0.15,0.0,-0.017,-0.015,8759.81,3,200.0,115.356,step
2026-09-01T13:13:43.530253+00:00,95.468,-0.0041,0.15,0.0,-0.0155,-0.0148,8755.02,3,200.0,115.378,step
2026-09-01T13:13:43.531681+00:00,95.406,-0.0046,0.15,0.0,-0.0141,-0.0146,8750.51,3,200.0,115.4,step
2026-09-01T13:13:43.533116+00:00,95.346,-0.0051,0.15,0.0,-0.0127,-0.0143,8745.6,3,200.0,115.422,step
2026-09-01T13:13:43.534550+00:00,95.285,-0.0056,0.15,0.0,-0.0113,-0.014,8739.3,3,200.0,115.444,step
2026-09-01T13:13:43.536041+00:00,95.226,-0.006,0.15,0.0,-0.01,-0.0137,8730.75,3,200.0,115.466,step
2026-09-01T13:13:43.537490+00:00,95.164,-0.0064,0.15,0.0,-0.0087,-0.0134,8725.97,3,200.0,115.488,step
2026-09-01T13:13:43.538931+00:00,95.102,-0.0067,0.15,0.0,-0.0074,-0.013,8722.25,3,200.0,115.51,step
2026-09-01T13:13:43.540330+00:00,95.041,-0.007,0.15,0.0,-0.0062,-0.0126,8717.91,3,200.0,115.532,step
2026-09-01T13:13:43.541788+00:00,94.981,-0.0073,0.15,0.0,-0.005,-0.0122,8713.0,3,200.0,115.554,step
2026-09-01T13:13:43.543219+00:00,94.921,-0.0075,0.15,0.0,-0.0038,-0.0118,8707.58,3,200.0,115.576,step
2026-09-01T13:13:43.544755+00:00,94.861,-0.0077,0.8,0.0,-0.0027,-0.0113,8702.15,3,200.0,115.598,step
2026-09-01T13:13:43.546230+00:00,95.255,-0.0079,0.15,0.0,-0.0016,-0.0108,9216.02,3,200.0,115.62,step
2026-09-01T13:13:43.547725+00:00,95.491,-0.008,0.15,0.0,-0.0006,-0.0103,8757.11,3,200.0,115.642,step
2026-09-01T13:13:43.549225+00:00,95.428,-0.0081,0.15,0.0,0.0004,-0.0098,8750.5,3,200.0,115.664,step
2026-09-01T13:13:43.550770+00:00,95.365,-0.0081,0.15,0.0,0.0014,-0.0093,8745.66,3,200.0,115.686,step
2026-09-01T13:13:43.552269+00:00,95.302,-0.0082,0.15,0.0,0.0022,-0.0088,8741.21,3,200.0,115.708,step
2026-09-01T13:13:43.553782+00:00,95.239,-0.0082,0.15,0.0,0.0031,-0.0083,8736.17,3,200.0,115.73,step
2026-09-01T13:13:43.555283+00:00,95.179,-0.0082,0.15,0.0,0.0039,-0.0078,8727.38,3,200.0,115.752,step
2026-09-01T13:13:43.556733+00:00,95.116,-0.0082,0.15,0.0,0.0046,-0.0074,8722.06,3,200.0,115.774,step
2026-09-01T13:13:43.558211+00:00,95.052,-0.0082,0.15,0.0,0.0053,-0.0069,8717.64,3,200.0,115.796,step
2026-09-01T13:13:43.559686+00:00,94.99,-0.0081,0.15,0.0,0.006,-0.0064,8713.05,3,200.0,115.818,step
2026-09-01T13:13:43.561288+00:00,94.928,-0.008,0.15,0.0,0.0066,-0.0059,8707.92,3,200.0,115.84,step
2026-09-01T13:13:43.562789+00:00,94.866,-0.0079,0.8,0.0,0.0071,-0.0055,8702.55,3,200.0,115.862,step
2026-09-01T13:13:43.564288+00:00,95.258,-0.0078,0.15,0.0,0.0076,-0.0049,9216.68,3,200.0,115.884,step
2026-09-01T13:13:43.565765+00:00,95.494,-0.0076,0.15,0.0,0.0081,-0.0044,8757.56,3,200.0,115.906,step
2026-09-01T13:13:43.567268+00:00,95.43,-0.0074,0.15,0.0,0.0085,-0.0039,8751.02,3,200.0,115.928,step
2026-09-01T13:13:43.568882+00:00,95.365,-0.0072,0.15,0.0,0.0089,-0.0035,8746.23,3,200.0,115.95,step
2026-09-01T13:13:43.570390+00:00,95.302,-0.007,0.15,0.0,0.0092,-0.003,8741.39,3,200.0,115.972,step
2026-09-01T13:13:43.571904+00:00,95.238,-0.0068,0.15,0.0,0.0095,-0.0026,8736.07,3,200.0,115.994,step
2026-09-01T13:13:43.573399+00:00,95.175,-0.0066,0.15,0.0,0.0097,-0.0022,8730.48,3,200.0,116.016,step
2026-09-01T13:13:43.574901+00:00,95.112,-0.0063,0.15,0.0,0.0099,-0.0017,8724.05,3,200.0,116.038,step
2026-09-01T13:13:43.576368+00:00,95.049,-0.0061,0.15,0.0,0.0101,-0.0013,8716.71,3,200.0,116.06,step
2026-09-01T13:13:43.577915+00:00,94.986,-0.0059,0.15,0.0,0.0102,-0.001,8711.24,3,200.0,116.082,step
2026-09-01T13:13:43.579434+00:00,94.922,-0.0056,0.8,0.0,0.0103,-0.0006,8706.41,3,200.0,116.104,step
2026-09-01T13:13:43.580955+00:00,95.317,-0.0053,0.15,0.0,0.0103,-0.0002,9213.37,3,200.0,116.126,step
2026-09-01T13:13:43.582503+00:00,95.546,-0.005,0.15,0.0,0.0103,0.0002,8761.97,3,200.0,116.148,step
2026-09-01T13:13:43.583999+00:00,95.48,-0.0048,0.15,0.0,0.0103,0.0005,8755.86,3,200.0,116.17,step
2026-09-01T13:13:43.585500+00:00,95.416,-0.0045,0.15,0.0,0.0103,0.0008,8751.38,3,200.0,116.192,step
2026-09-01T13:13:43.587005+00:00,95.351,-0.0042,0.15,0.0,0.0102,0.0011,8746.49,3,200.0,116.214,step
2026-09-01T13:13:43.588521+00:00,95.287,-0.004,0.15,0.0,0.0101,0.0013,8740.88,3,200.0,116.236,step
2026-09-01T13:13:43.590048+00:00,95.224,-0.0037,0.15,0.0,0.0099,0.0016,8735.06,3,200.0,116.258,step
2026-09-01T13:13:43.591529+00:00,95.16,-0.0034,0.15,0.0,0.0098,0.0018,8729.09,3,200.0,116.28,step
2026-09-01T13:13:43.593048+00:00,95.096,-0.0031,0.15,0.0,0.0096,0.0021,8723.12,3,200.0,116.302,step
2026-09-01T13:13:43.594623+00:00,95.033,-0.0029,0.15,0.0,0.0094,0.0022,8717.21,3,200.0,116.324,step
2026-09-01T13:13:43.596110+00:00,94.97,-0.0026,0.15,0.0,0.0092,0.0024,8710.44,3,200.0,116.346,step
2026-09-01T13:13:43.597654+00:00,94.906,-0.0024,0.8,0.0,0.0089,0.0026,8704.57,3,200.0,116.368,step
2026-09-01T13:13:43.599185+00:00,95.305,-0.0021,0.15,0.0,0.0087,0.0028,9206.99,3,200.0,116.39,step
2026-09-01T13:13:43.600751+00:00,95.531,-0.0019,0.15,0.0,0.0084,0.0029,8759.77,3,200.0,116.412,step
2026-09-01T13:13:43.602286+00:00,95.464,-0.0016,0.15,0.0,0.0081,0.003,8753.91,3,200.0,116.434,step
2026-09-01T13:13:43.603874+00:00,95.398,-0.0014,0.15,0.0,0.0078,0.0031,8749.59,3,199.836,116.456,step
2026-09-01T13:13:43.605401+00:00,95.334,-0.0012,0.15,0.0,0.0075,0.0032,8744.75,3,199.324,116.478,step
2026-09-01T13:13:43.606990+00:00,95.269,-0.0009,0.15,0.0,0.0072,0.0033,8739.44,3,198.8,116.5,step
2026-09-01T13:13:43.608617+00:00,95.205,-0.0007,0.15,0.0,0.0069,0.0034,8733.54,3,198.272,116.522,step
2026-09-01T13:13:43.610282+00:00,95.14,-0.0005,0.15,0.0,0.0066,0.0035,8727.02,3,197.744,116.544,step
2026-09-01T13:13:43.611952+00:00,95.074,-0.0003,0.15,0.0,0.0062,0.0035,8720.64,3,197.217,116.566,step
2026-09-01T13:13:43.613536+00:00,95.007,-0.0006,0.15,0.0,0.0059,0.003,8714.41,3,196.668,116.588,step
2026-09-01T13:13:43.615104+00:00,94.941,-0.0014,0.8,0.0,0.0057,0.0018,8708.43,3,196.118,116.61,step
2026-09-01T13:13:43.616723+00:00,95.34,-0.0022,0.15,0.0,0.0055,0.0007,9200.64,3,195.587,116.632,step
2026-09-01T13:13:43.618357+00:00,95.56,-0.0031,0.15,0.0,0.0055,-0.0004,8756.41,3,195.074,116.654,step
2026-09-01T13:13:43.619981+00:00,95.488,-0.004,0.15,0.0,0.0056,-0.0015,8751.65,3,194.588,116.676,step
2026-09-01T13:13:43.621645+00:00,95.417,-0.005,0.15,0.0,0.0058,-0.0026,8749.07,3,194.138,116.698,step
2026-09-01T13:13:43.623250+00:00,95.347,-0.0059,0.15,0.0,0.0061,-0.0035,8745.68,3,193.737,116.72,step
2026-09-01T13:13:43.624855+00:00,95.279,-0.0068,0.15,0.0,0.0065,-0.0044,8741.26,3,193.38,116.742,step
2026-09-01T13:13:43.626495+00:00,95.211,-0.0077,0.15,0.0,0.0069,-0.0053,8735.37,3,193.073,116.764,step
2026-09-01T13:13:43.628274+00:00,95.143,-0.0086,0.15,0.0,0.0075,-0.006,8728.78,3,192.826,116.786,step
2026-09-01T13:13:43.630036+00:00,95.074,-0.0094,0.15,0.0,0.0081,-0.0067,8721.55,3,192.645,116.808,step
2026-09-01T13:13:43.631773+00:00,95.004,-0.0102,0.15,0.0,0.0087,-0.0073,8714.67,3,192.49,116.83,step
2026-09-01T13:13:43.633375+00:00,94.933,-0.0111,0.15,0.0,0.0095,-0.0079,8708.0,3,192.356,116.852,step
2026-09-01T13:13:43.634987+00:00,94.863,-0.0119,0.15,0.0,0.0103,-0.0085,8701.52,3,192.252,116.874,step
2026-09-01T13:13:43.636579+00:00,94.796,-0.0128,0.8,0.0,0.0111,-0.009,8688.73,3,192.175,116.896,step
2026-09-01T13:13:43.638196+00:00,95.233,-0.0136,0.15,0.0,0.012,-0.0095,9115.5,3,192.127,116.918,step
2026-09-01T13:13:43.639761+00:00,95.398,-0.0144,0.15,0.0,0.0129,-0.01,8743.15,3,192.126,116.94,step
2026-09-01T13:13:43.641337+00:00,95.322,-0.0152,0.15,0.0,0.0139,-0.0104,8740.2,3,192.119,116.962,step
2026-09-01T13:13:43.642983+00:00,95.248,-0.0161,0.15,0.0,0.0149,-0.0108,8736.8,3,192.155,116.984,step
2026-09-01T13:13:43.644695+00:00,95.175,-0.0168,0.15,0.0,0.0159,-0.0111,8732.0,3,192.258,117.006,step
2026-09-01T13:13:43.646351+00:00,95.103,-0.0176,0.15,0.0,0.017,-0.0113,8726.06,3,192.425,117.028,step
2026-09-01T13:13:43.647993+00:00,95.032,-0.0182,0.15,0.0,0.0181,-0.0115,8719.14,3,192.648,117.05,step
2026-09-01T13:13:43.649605+00:00,94.961,-0.0189,0.15,0.0,0.0192,-0.0116,8712.17,3,192.909,117.072,step
2026-09-01T13:13:43.651257+00:00,94.89,-0.0195,0.15,0.0,0.0204,-0.0116,8705.2,3,193.204,117.094,step
2026-09-01T13:13:43.653019+00:00,94.819,-0.0201,0.15,0.0,0.0215,-0.0117,8698.41,3,193.524,117.116,step
2026-09-01T13:13:43.654637+00:00,94.748,-0.0207,0.8,0.0,0.0226,-0.0117,8691.82,3,193.875,117.138,step
2026-09-01T13:13:43.656199+00:00,95.132,-0.0212,0.15,0.0,0.0238,-0.0116,9200.05,3,194.304,117.16,step
2026-09-01T13:13:43.657775+00:00,95.355,-0.0216,0.15,0.0,0.0249,-0.0115,8744.29,3,194.798,117.182,step
2026-09-01T13:13:43.659369+00:00,95.281,-0.0221,0.15,0.0,0.026,-0.0114,8737.22,3,195.256,117.204,step
2026-09-01T13:13:43.660982+00:00,95.207,-0.0226,0.15,0.0,0.0271,-0.0113,8732.02,3,195.732,117.226,step
2026-09-01T13:13:43.662562+00:00,95.134,-0.023,0.15,0.0,0.0282,-0.0111,8726.64,3,196.258,117.248,step
2026-09-01T13:13:43.664216+00:00,95.062,-0.0234,0.15,0.0,0.0293,-0.0109,8720.67,3,196.835,117.27,step
2026-09-01T13:13:43.665822+00:00,94.991,-0.0238,0.15,0.0,0.0304,-0.0107,8714.42,3,197.429,117.292,step
2026-09-01T13:13:43.667427+00:00,94.922,-0.0241,0.15,0.0,0.0314,-0.0105,8708.59,3,198.001,117.314,step
2026-09-01T13:13:43.669040+00:00,94.854,-0.0245,0.15,0.0,0.0325,-0.0104,8702.52,3,198.577,117.336,step
2026-09-01T13:13:43.670611+00:00,94.786,-0.0249,0.15,0.0,0.0335,-0.0102,8696.05,3,199.2,117.358,step
2026-09-01T13:13:43.672253+00:00,94.719,-0.0251,0.15,0.0,0.0345,-0.0099,8689.71,3,199.895,117.38,step
2026-09-01T13:13:43.673790+00:00,94.645,-0.0253,0.8,0.0,0.0354,-0.0095,8695.58,3,200.0,117.402,step
2026-09-01T13:13:43.675354+00:00,94.974,-0.0254,0.15,0.0,0.0364,-0.009,9296.65,3,200.0,117.424,step
2026-09-01T13:13:43.676899+00:00,95.266,-0.0253,0.15,0.0,0.0373,-0.0084,8747.63,3,132.643,117.446,step
2026-09-01T13:13:43.678409+00:00,95.202,-0.0254,0.15,0.0,0.0382,-0.0079,8731.53,3,129.179,117.468,step
2026-09-01T13:13:43.679922+00:00,95.134,-0.0255,0.15,0.0,0.039,-0.0076,8724.49,3,125.98,117.49,step
2026-09-01T13:13:43.681453+00:00,95.066,-0.0256,0.15,0.0,0.0397,-0.0072,8718.24,3,122.904,117.512,step
2026-09-01T13:13:43.683002+00:00,94.997,-0.0257,0.0,0.15,0.0405,-0.0068,8712.69,3,119.903,117.534,step
2026-09-01T13:13:43.684547+00:00,94.539,-0.0257,0.0,0.15,0.0411,-0.0065,8523.08,3,117.091,117.556,step
2026-09-01T13:13:43.686219+00:00,93.865,-0.0259,0.0,0.15,0.0418,-0.0062,8453.5,3,114.476,117.578,step
2026-09-01T13:13:43.687739+00:00,93.147,-0.0259,0.0,0.15,0.0425,-0.0059,8383.09,3,111.925,117.6,step
2026-09-01T13:13:43.689304+00:00,92.421,-0.0259,0.0,0.15,0.0431,-0.0055,8315.96,3,109.299,117.622,step
2026-09-01T13:13:43.690822+00:00,91.713,-0.0257,0.15,0.0,0.0437,-0.0049,8253.61,3,106.567,117.644,step
2026-09-01T13:13:43.692290+00:00,91.428,-0.0253,0.15,0.0,0.0442,-0.0039,8435.17,3,103.592,117.666,step
2026-09-01T13:13:43.693876+00:00,91.389,-0.0247,0.15,0.0,0.0448,-0.0028,8410.83,3,100.529,117.688,step
2026-09-01T13:13:43.695348+00:00,91.35,-0.0242,0.15,0.0,0.0452,-0.002,8389.33,3,97.8515,117.71,step
2026-09-01T13:13:43.696831+00:00,91.303,-0.0239,0.15,0.0,0.0455,-0.0014,8376.64,3,95.5435,117.732,step
2026-09-01T13:13:43.698226+00:00,91.253,-0.0237,0.15,0.0,0.0458,-0.001,8368.12,3,93.5167,117.754,step
2026-09-01T13:13:43.699696+00:00,91.2,-0.0236,0.15,0.0,0.046,-0.0008,8362.11,3,91.652,117.776,step
2026-09-01T13:13:43.701198+00:00,91.147,-0.0235,0.15,0.0,0.0461,-0.0006,8357.76,3,89.8682,117.798,step
2026-09-01T13:13:43.702736+00:00,91.098,-0.0235,0.15,0.0,0.0462,-0.0005,8355.8,3,88.2857,117.82,step
2026-09-01T13:13:43.704193+00:00,91.052,-0.0238,0.15,0.0,0.0463,-0.0008,8355.15,3,86.961,117.842,step
2026-09-01T13:13:43.705660+00:00,91.011,-0.0235,0.15,0.0,0.0464,-0.0004,8352.91,3,85.6895,117.864,step
2026-09-01T13:13:43.707120+00:00,90.971,-0.0217,0.15,0.0,0.0463,0.0018,8349.36,3,84.2825,117.886,step
2026-09-01T13:13:43.708543+00:00,90.932,-0.0197,0.15,0.0,0.0461,0.0041,8344.59,3,82.7678,117.908,step
2026-09-01T13:13:43.710042+00:00,90.827,-0.0174,0.15,0.0,0.0456,0.0067,8446.82,3,81.121,117.93,step
2026-09-01T13:13:43.711477+00:00,90.819,-0.0148,0.15,0.0,0.0449,0.0096,8401.58,3,79.3279,117.952,step
2026-09-01T13:13:43.712907+00:00,90.819,-0.0123,0.15,0.0,0.0441,0.0122,8347.39,3,77.7483,117.974,step
2026-09-01T13:13:43.714342+00:00,90.79,-0.0099,0.15,0.0,0.043,0.0144,8331.84,3,76.4444,117.996,step
2026-09-01T13:13:43.715716+00:00,90.755,-0.0077,0.15,0.0,0.0417,0.0164,8323.01,3,75.3713,118.018,step
2026-09-01T13:13:43.717136+00:00,90.718,-0.0056,0.15,0.0,0.0402,0.0181,8317.35,3,74.4515,118.04,step
2026-09-01T13:13:43.718512+00:00,90.678,-0.0035,0.15,0.0,0.0385,0.0197,8313.7,3,73.6319,118.062,step
2026-09-01T13:13:43.719951+00:00,90.639,-0.0014,0.15,0.0,0.0366,0.0211,8311.47,3,72.887,118.084,step
2026-09-01T13:13:43.721390+00:00,90.604,0.0006,0.15,0.0,0.0347,0.0224,8311.76,3,72.2358,118.106,step
2026-09-01T13:13:43.722839+00:00,90.573,0.0026,0.15,0.0,0.0325,0.0236,8311.76,3,71.657,118.128,step
2026-09-01T13:13:43.724260+00:00,90.546,0.0046,0.15,0.0,0.0303,0.0247,8310.62,3,71.135,118.15,step
2026-09-01T13:13:43.725650+00:00,90.52,0.0066,0.15,0.0,0.028,0.0257,8307.8,3,70.6804,118.172,step
2026-09-01T13:13:43.727017+00:00,90.495,0.0085,0.15,0.0,0.0256,0.0266,8304.18,3,70.3082,118.194,step
2026-09-01T13:13:43.728437+00:00,90.413,0.0103,0.15,0.0,0.0231,0.0273,8390.1,3,70.0337,118.216,step
2026-09-01T13:13:43.729866+00:00,90.418,0.0119,0.15,0.0,0.0206,0.0278,8351.62,3,69.8887,118.238,step
2026-09-01T13:13:43.731227+00:00,90.424,0.0135,0.15,0.0,0.018,0.0281,8308.66,3,69.81,118.26,step
2026-09-01T13:13:43.732635+00:00,90.407,0.0151,0.15,0.0,0.0154,0.0285,8295.99,3,69.7699,118.282,step
2026-09-01T13:13:43.734048+00:00,90.385,0.0166,0.15,0.0,0.0127,0.0288,8288.83,3,69.7543,118.304,step
2026-09-01T13:13:43.735505+00:00,90.36,0.0182,0.15,0.0,0.0101,0.029,8284.57,3,69.7646,118.326,step
2026-09-01T13:13:43.736953+00:00,90.334,0.0197,0.15,0.0,0.0074,0.0292,8282.22,3,69.8209,118.348,step
2026-09-01T13:13:43.738450+00:00,90.308,0.0211,0.15,0.0,0.0048,0.0293,8281.18,3,69.9414,118.37,step
2026-09-01T13:13:43.739872+00:00,90.285,0.0225,0.15,0.0,0.0021,0.0295,8282.22,3,70.0608,118.392,step
2026-09-01T13:13:43.741320+00:00,90.265,0.024,0.15,0.0,-0.0006,0.0296,8282.65,3,70.1713,118.414,step
2026-09-01T13:13:43.742838+00:00,90.247,0.0254,0.15,0.0,-0.0033,0.0297,8282.19,3,70.3348,118.436,step
2026-09-01T13:13:43.744249+00:00,90.231,0.0267,0.15,0.0,-0.006,0.0296,8280.43,3,70.6155,118.458,step
2026-09-01T13:13:43.745683+00:00,90.215,0.0278,0.15,0.0,-0.0087,0.0293,8277.97,3,71.0525,118.48,step
2026-09-01T13:13:43.747084+00:00,90.168,0.0287,0.15,0.0,-0.0114,0.0287,8329.5,3,71.7403,118.502,step
2026-09-01T13:13:43.748446+00:00,90.177,0.0292,0.15,0.0,-0.014,0.0278,8295.37,3,72.694,118.524,step
2026-09-01T13:13:43.749828+00:00,90.172,0.0298,0.15,0.0,-0.0166,0.0269,8280.58,3,73.682,118.546,step
2026-09-01T13:13:43.751265+00:00,90.16,0.0304,0.15,0.0,-0.0191,0.0261,8272.97,3,74.6674,118.568,step
2026-09-01T13:13:43.752759+00:00,90.147,0.031,0.15,0.0,-0.0215,0.0253,8267.91,3,75.6391,118.59,step
2026-09-01T13:13:43.754152+00:00,90.132,0.0316,0.15,0.0,-0.0238,0.0246,8264.9,3,76.6216,118.612,step
2026-09-01T13:13:43.755585+00:00,90.115,0.0322,0.15,0.0,-0.0261,0.0239,8263.35,3,77.6677,118.634,step
2026-09-01T13:13:43.757015+00:00,90.098,0.0327,0.15,0.0,-0.0282,0.0232,8262.85,3,78.7939,118.656,step
2026-09-01T13:13:43.758515+00:00,90.083,0.0332,0.15,0.0,-0.0303,0.0226,8263.73,3,79.9298,118.678,step
2026-09-01T13:13:43.759947+00:00,90.071,0.0337,0.15,0.0,-0.0324,0.0219,8264.25,3,81.0733,118.7,step
2026-09-01T13:13:43.761457+00:00,90.06,0.0342,0.15,0.0,-0.0343,0.0213,8263.91,3,82.3132,118.722,step
2026-09-01T13:13:43.762883+00:00,90.049,0.0346,0.15,0.0,-0.0363,0.0205,8262.84,3,83.7255,118.744,step
2026-09-01T13:13:43.764361+00:00,90.04,0.0348,0.15,0.0,-0.0381,0.0197,8261.41,3,85.3598,118.766,step
2026-09-01T13:13:43.765798+00:00,90.017,0.0348,0.15,0.0,-0.0399,0.0186,8283.23,3,87.3303,118.788,step
2026-09-01T13:13:43.767253+00:00,90.018,0.0346,0.15,0.0,-0.0415,0.0173,8269.84,3,89.6628,118.81,step
2026-09-01T13:13:43.768700+00:00,90.013,0.0345,0.15,0.0,-0.0431,0.0161,8262.97,3,92.1266,118.832,step
2026-09-01T13:13:43.770192+00:00,90.007,0.0343,0.15,0.0,-0.0446,0.015,8258.43,3,94.6395,118.854,step
2026-09-01T13:13:43.771621+00:00,89.999,0.0342,0.15,0.0,-0.046,0.014,8255.19,3,97.1853,118.876,step
2026-09-01T13:13:43.773090+00:00,89.989,0.0341,0.8,0.0,-0.0473,0.013,8253.15,3,161.73,118.898,step
2026-09-01T13:13:43.774497+00:00,90.444,0.0339,0.8,0.0,-0.0485,0.0121,8696.51,3,159.783,118.92,step
2026-09-01T13:13:43.775999+00:00,91.138,0.0337,0.8,0.0,-0.0496,0.0111,8786.62,3,157.793,118.942,step
2026-09-01T13:13:43.777587+00:00,91.863,0.0334,0.8,0.0,-0.0506,0.0101,8847.79,3,155.847,118.964,step
2026-09-01T13:13:43.779064+00:00,92.586,0.0332,0.8,0.0,-0.0516,0.0092,8916.19,3,154.0,118.986,step
2026-09-01T13:13:43.780586+00:00,93.308,0.033,0.8,0.0,-0.0526,0.0085,8996.13,3,152.218,119.008,step
2026-09-01T13:13:43.782037+00:00,94.029,0.0329,0.8,0.0,-0.0534,0.0077,9086.56,3,150.443,119.03,step
2026-09-01T13:13:43.783491+00:00,94.759,0.0325,0.15,0.0,-0.0543,0.0068,9176.31,3,148.628,119.052,step
2026-09-01T13:13:43.784957+00:00,95.037,0.0322,0.15,0.0,-0.055,0.0058,8726.6,3,146.799,119.074,step
2026-09-01T13:13:43.786559+00:00,95.025,0.0318,0.15,0.0,-0.0556,0.0049,8718.9,3,145.023,119.096,step
2026-09-01T13:13:43.788025+00:00,95.01,0.0313,0.15,0.0,-0.0562,0.004,8716.39,3,143.266,119.118,step
2026-09-01T13:13:43.789464+00:00,94.994,0.0308,0.15,0.0,-0.0566,0.0031,8713.78,3,141.543,119.14,step
2026-09-01T13:13:43.790897+00:00,94.978,0.0303,0.15,0.0,-0.057,0.0023,8711.66,3,139.858,119.162,step
2026-09-01T13:13:43.792371+00:00,94.962,0.0298,0.15,0.0,-0.0572,0.0015,8709.62,3,138.22,119.184,step
2026-09-01T13:13:43.793989+00:00,94.946,0.0292,0.15,0.0,-0.0574,0.0007,8707.79,3,136.627,119.206,step
2026-09-01T13:13:43.795491+00:00,94.93,0.0287,0.15,0.0,-0.0575,-0.0,8706.09,3,135.081,119.228,step
2026-09-01T13:13:43.796983+00:00,94.914,0.0282,0.15,0.0,-0.0575,-0.0007,8704.61,3,133.573,119.25,step
2026-09-01T13:13:43.798507+00:00,94.898,0.0277,0.15,0.0,-0.0575,-0.0013,8703.29,3,132.104,119.272,step
2026-09-01T13:13:43.799983+00:00,94.882,0.0271,0.15,0.0,-0.0574,-0.0019,8702.08,3,130.668,119.294,step
2026-09-01T13:13:43.801460+00:00,94.866,0.0266,0.15,0.0,-0.0572,-0.0025,8700.71,3,129.266,119.316,step
2026-09-01T13:13:43.802941+00:00,94.851,0.0261,0.15,0.0,-0.057,-0.003,8698.9,3,127.894,119.338,step
2026-09-01T13:13:43.804445+00:00,94.835,0.0256,0.15,0.0,-0.0567,-0.0035,8697.49,3,126.556,119.36,step
2026-09-01T13:13:43.805927+00:00,94.819,0.0251,0.15,0.0,-0.0564,-0.0039,8696.22,3,125.244,119.382,step
2026-09-01T13:13:43.807375+00:00,94.803,0.0246,0.15,0.0,-0.056,-0.0043,8694.94,3,123.958,119.404,step
2026-09-01T13:13:43.808837+00:00,94.788,0.024,0.15,0.0,-0.0556,-0.0047,8693.63,3,122.695,119.426,step
2026-09-01T13:13:43.810301+00:00,94.772,0.0235,0.15,0.0,-0.0552,-0.005,8692.26,3,121.457,119.448,step
2026-09-01T13:13:43.811836+00:00,94.757,0.0231,0.15,0.0,-0.0547,-0.0054,8690.77,3,120.241,119.47,step
2026-09-01T13:13:43.813308+00:00,94.741,0.0226,0.0,0.15,-0.0542,-0.0057,8689.34,3,119.05,119.492,step
2026-09-01T13:13:43.814806+00:00,94.266,0.022,0.0,0.15,-0.0537,-0.006,8501.45,3,117.845,119.514,step
2026-09-01T13:13:43.816296+00:00,93.611,0.0214,0.0,0.15,-0.0531,-0.0064,8437.98,3,116.622,119.536,step
2026-09-01T13:13:43.817740+00:00,92.959,0.0208,0.0,0.15,-0.0525,-0.0069,8376.62,3,115.414,119.558,step
2026-09-01T13:13:43.819289+00:00,92.308,0.0201,0.0,0.15,-0.0519,-0.0073,8317.18,3,114.229,119.58,step
2026-09-01T13:13:43.820760+00:00,91.66,0.0195,0.15,0.0,-0.0513,-0.0077,8258.85,3,113.077,119.602,step
2026-09-01T13:13:43.822169+00:00,91.454,0.019,0.15,0.0,-0.0507,-0.008,8386.82,3,111.993,119.624,step
2026-09-01T13:13:43.823622+00:00,91.441,0.0186,0.15,0.0,-0.05,-0.008,8384.55,3,110.987,119.646,step
2026-09-01T13:13:43.825010+00:00,91.427,0.0182,0.15,0.0,-0.0493,-0.008,8383.63,3,110.019,119.668,step
2026-09-01T13:13:43.826475+00:00,91.414,0.018,0.15,0.0,-0.0486,-0.0079,8383.8,3,109.078,119.69,step
2026-09-01T13:13:43.827867+00:00,91.401,0.0177,0.15,0.0,-0.0478,-0.0078,8384.15,3,108.152,119.712,step
2026-09-01T13:13:43.829312+00:00,91.389,0.0174,0.15,0.0,-0.0471,-0.0077,8383.94,3,107.231,119.734,step
2026-09-01T13:13:43.830726+00:00,91.377,0.0172,0.15,0.0,-0.0464,-0.0075,8383.13,3,106.32,119.756,step
2026-09-01T13:13:43.832124+00:00,91.365,0.017,0.15,0.0,-0.0457,-0.0074,8381.91,3,105.418,119.778,step
2026-09-01T13:13:43.833528+00:00,91.353,0.0168,0.15,0.0,-0.0451,-0.0072,8380.38,3,104.515,119.8,step
2026-09-01T13:13:43.835008+00:00,91.34,0.0165,0.15,0.0,-0.0444,-0.0071,8378.95,3,103.613,119.822,step
2026-09-01T13:13:43.836394+00:00,91.327,0.0158,0.15,0.0,-0.0437,-0.0076,8377.58,3,102.718,119.844,step
2026-09-01T13:13:43.837805+00:00,91.314,0.0146,0.15,0.0,-0.0429,-0.0086,8376.32,3,101.837,119.866,step
2026-09-01T13:13:43.839161+00:00,91.301,0.0134,0.15,0.0,-0.0421,-0.0095,8374.51,3,100.979,119.888,step
2026-09-01T13:13:43.840434+00:00,91.289,0.0123,0.15,0.0,-0.0412,-0.0104,8371.61,3,100.157,119.91,step
2026-09-01T13:13:43.841741+00:00,91.275,0.0112,0.15,0.0,-0.0402,-0.0111,8370.79,3,99.3684,119.932,step
2026-09-01T13:13:43.843006+00:00,91.261,0.0101,0.15,0.0,-0.0391,-0.0118,8370.71,3,98.5985,119.954,step
2026-09-01T13:13:43.844326+00:00,91.247,0.0091,0.15,0.0,-0.038,-0.0124,8370.3,3,97.8455,119.976,step
2026-09-01T13:13:43.845644+00:00,91.234,0.008,0.15,0.0,-0.0368,-0.013,8369.51,3,97.1104,119.998,step
2026-09-01T13:13:43.846918+00:00,91.221,0.007,0.15,0.0,-0.0356,-0.0135,8368.44,3,96.3922,120.02,step
2026-09-01T13:13:43.848219+00:00,91.208,0.006,0.15,0.0,-0.0343,-0.014,8367.25,3,95.6934,120.042,step
2026-09-01T13:13:43.849513+00:00,91.196,0.005,0.15,0.0,-0.033,-0.0144,8366.01,3,95.0146,120.064,step
2026-09-01T13:13:43.850841+00:00,91.184,0.0041,0.15,0.0,-0.0317,-0.0147,8365.06,3,94.3564,120.086,step
2026-09-01T13:13:43.852185+00:00,91.173,0.0032,0.15,0.0,-0.0303,-0.015,8364.08,3,93.7183,120.108,step
2026-09-01T13:13:43.853533+00:00,91.163,0.0023,0.15,0.0,-0.0289,-0.0152,8363.02,3,93.0975,120.13,step
2026-09-01T13:13:43.854834+00:00,91.152,0.0014,0.15,0.0,-0.0275,-0.0154,8361.91,3,92.4936,120.152,step
2026-09-01T13:13:43.856093+00:00,91.14,0.0006,0.15,0.0,-0.026,-0.0155,8364.15,3,91.905,120.174,step
2026-09-01T13:13:43.857379+00:00,91.129,-0.0002,0.15,0.0,-0.0245,-0.0155,8364.74,3,91.3253,120.196,step
2026-09-01T13:13:43.858657+00:00,91.121,-0.0009,0.15,0.0,-0.0231,-0.0156,8361.34,3,90.7546,120.218,step
2026-09-01T13:13:43.859946+00:00,91.112,-0.0017,0.15,0.0,-0.0216,-0.0156,8359.08,3,90.1992,120.24,step
2026-09-01T13:13:43.861353+00:00,91.103,-0.0023,0.15,0.0,-0.0202,-0.0155,8357.13,3,89.6636,120.262,step
2026-09-01T13:13:43.862660+00:00,91.093,-0.0029,0.15,0.0,-0.0188,-0.0154,8355.46,3,89.1382,120.284,step
2026-09-01T13:13:43.863933+00:00,91.082,-0.0035,0.15,0.0,-0.0174,-0.0153,8354.22,3,88.6218,120.306,step
2026-09-01T13:13:43.865196+00:00,91.072,-0.0041,0.15,0.0,-0.016,-0.0151,8353.35,3,88.1193,120.328,step
2026-09-01T13:13:43.866507+00:00,91.062,-0.0046,0.15,0.0,-0.0146,-0.0149,8352.8,3,87.6226,120.35,step
2026-09-01T13:13:43.867812+00:00,91.052,-0.0051,0.15,0.0,-0.0132,-0.0146,8352.45,3,87.132,120.372,step
2026-09-01T13:13:43.869145+00:00,91.043,-0.0055,0.15,0.0,-0.0119,-0.0144,8352.03,3,86.6497,120.394,step
2026-09-01T13:13:43.870434+00:00,91.034,-0.0059,0.15,0.0,-0.0106,-0.0141,8351.22,3,86.1759,120.416,step
2026-09-01T13:13:43.871741+00:00,91.025,-0.0063,0.15,0.0,-0.0093,-0.0137,8350.31,3,85.7106,120.438,step
2026-09-01T13:13:43.872994+00:00,91.015,-0.0067,0.15,0.0,-0.0081,-0.0134,8352.1,3,85.2483,120.46,step
2026-09-01T13:13:43.874233+00:00,91.007,-0.007,0.15,0.0,-0.0069,-0.013,8351.75,3,84.7964,120.482,step
2026-09-01T13:13:43.875507+00:00,91.0,-0.0072,0.15,0.0,-0.0057,-0.0126,8349.37,3,84.3514,120.504,step
2026-09-01T13:13:43.876770+00:00,90.992,-0.0075,0.15,0.0,-0.0045,-0.0122,8347.71,3,83.9073,120.526,step
2026-09-01T13:13:43.878136+00:00,90.984,-0.0077,0.15,0.0,-0.0034,-0.0117,8346.16,3,83.4628,120.548,step
2026-09-01T13:13:43.879428+00:00,90.976,-0.0078,0.15,0.0,-0.0024,-0.0113,8344.96,3,83.0234,120.57,step
2026-09-01T13:13:43.880705+00:00,90.967,-0.008,0.15,0.0,-0.0014,-0.0108,8343.96,3,82.5877,120.592,step
2026-09-01T13:13:43.881958+00:00,90.959,-0.0081,0.15,0.0,-0.0004,-0.0104,8343.28,3,82.1534,120.614,step
2026-09-01T13:13:43.883220+00:00,90.95,-0.0082,0.15,0.0,0.0005,-0.0099,8342.82,3,81.7186,120.636,step
2026-09-01T13:13:43.884525+00:00,90.942,-0.0083,0.15,0.0,0.0014,-0.0094,8342.32,3,81.2824,120.658,step
2026-09-01T13:13:43.885879+00:00,90.934,-0.0083,0.15,0.0,0.0023,-0.009,8341.9,3,80.8464,120.68,step
2026-09-01T13:13:43.887174+00:00,90.926,-0.0083,0.15,0.0,0.0031,-0.0085,8341.19,3,80.4107,120.702,step
2026-09-01T13:13:43.888471+00:00,90.919,-0.0084,0.15,0.0,0.0039,-0.008,8340.42,3,79.9746,120.724,step
2026-09-01T13:13:43.889768+00:00,90.91,-0.0083,0.15,0.0,0.0046,-0.0076,8341.2,3,79.5394,120.746,step
2026-09-01T13:13:43.891035+00:00,90.903,-0.0083,0.15,0.0,0.0052,-0.0071,8340.43,3,79.105,120.768,step
2026-09-01T13:13:43.892319+00:00,90.896,-0.0082,0.15,0.0,0.0059,-0.0066,8338.97,3,78.6695,120.79,step
2026-09-01T13:13:43.893746+00:00,90.889,-0.0081,0.15,0.0,0.0065,-0.0061,8337.91,3,78.2341,120.812,step
2026-09-01T13:13:43.895038+00:00,90.882,-0.008,0.15,0.0,0.007,-0.0057,8336.86,3,77.797,120.834,step
2026-09-01T13:13:43.896383+00:00,90.874,-0.0079,0.15,0.0,0.0075,-0.0052,8335.88,3,77.3585,120.856,step
2026-09-01T13:13:43.897716+00:00,90.867,-0.0077,0.15,0.0,0.008,-0.0047,8335.15,3,76.92,120.878,step
2026-09-01T13:13:43.899010+00:00,90.859,-0.0076,0.15,0.0,0.0084,-0.0042,8334.46,3,76.4809,120.9,step
2026-09-01T13:13:43.900353+00:00,90.852,-0.0074,0.15,0.0,0.0087,-0.0038,8333.95,3,76.0408,120.922,step
2026-09-01T13:13:43.901745+00:00,90.844,-0.0072,0.15,0.0,0.0091,-0.0033,8333.39,3,75.5955,120.944,step
2026-09-01T13:13:43.903091+00:00,90.837,-0.007,0.15,0.0,0.0093,-0.0029,8332.77,3,75.1438,120.966,step
2026-09-01T13:13:43.904429+00:00,90.829,-0.0068,0.15,0.0,0.0096,-0.0025,8332.07,3,74.69,120.988,step
2026-09-01T13:13:43.905715+00:00,90.822,-0.0066,0.15,0.0,0.0098,-0.0021,8331.42,3,74.237,121.01,step
2026-09-01T13:13:43.907003+00:00,90.815,-0.0063,0.15,0.0,0.01,-0.0016,8330.76,3,73.783,121.032,step
2026-09-01T13:13:43.908290+00:00,90.807,-0.0061,0.15,0.0,0.0101,-0.0012,8330.08,3,73.3216,121.054,step
2026-09-01T13:13:43.909599+00:00,90.8,-0.0058,0.15,0.0,0.0102,-0.0009,8329.49,3,72.8548,121.076,step
2026-09-01T13:13:43.910912+00:00,90.793,-0.0055,0.15,0.0,0.0103,-0.0005,8328.78,3,72.3852,121.098,step
2026-09-01T13:13:43.912196+00:00,90.785,-0.0053,0.15,0.0,0.0103,-0.0002,8328.04,3,71.9139,121.12,step
2026-09-01T13:13:43.913569+00:00,90.778,-0.005,0.15,0.0,0.0103,0.0002,8327.4,3,71.4354,121.142,step
2026-09-01T13:13:43.914848+00:00,90.771,-0.0048,0.15,0.0,0.0103,0.0005,8326.73,3,70.9521,121.164,step
2026-09-01T13:13:43.916176+00:00,90.764,-0.0045,0.15,0.0,0.0102,0.0008,8326.04,3,70.4657,121.186,step
2026-09-01T13:13:43.917563+00:00,90.756,-0.0042,0.15,0.0,0.0101,0.0011,8325.36,3,69.9779,121.208,step
2026-09-01T13:13:43.918995+00:00,90.749,-0.004,0.15,0.0,0.01,0.0013,8324.62,3,69.4838,121.23,step
2026-09-01T13:13:43.920290+00:00,90.741,-0.0037,0.15,0.0,0.0099,0.0016,8323.89,3,68.9846,121.252,step
2026-09-01T13:13:43.921620+00:00,90.733,-0.0034,0.15,0.0,0.0097,0.0018,8323.13,3,68.483,121.274,step
2026-09-01T13:13:43.922909+00:00,90.725,-0.0032,0.15,0.0,0.0095,0.002,8322.46,3,67.9738,121.296,step
2026-09-01T13:13:43.924199+00:00,90.718,-0.0029,0.15,0.0,0.0094,0.0022,8320.94,3,67.4593,121.318,step
2026-09-01T13:13:43.925532+00:00,90.71,-0.0027,0.15,0.0,0.0092,0.0023,8319.83,3,66.9429,121.34,step
2026-09-01T13:13:43.926951+00:00,90.702,-0.0025,0.15,0.0,0.009,0.0025,8319.37,3,66.4261,121.362,step
2026-09-01T13:13:43.928237+00:00,90.694,-0.0022,0.15,0.0,0.0087,0.0027,8319.3,3,65.9048,121.384,step
2026-09-01T13:13:43.929547+00:00,90.685,-0.002,0.15,0.0,0.0085,0.0028,8318.96,3,65.3782,121.406,step
2026-09-01T13:13:43.930818+00:00,90.677,-0.0018,0.15,0.0,0.0082,0.0029,8318.39,3,64.85,121.428,step
2026-09-01T13:13:43.932102+00:00,90.67,-0.0015,0.15,0.0,0.0079,0.003,8317.71,3,64.3212,121.45,step
2026-09-01T13:13:43.933428+00:00,90.662,-0.0013,0.15,0.0,0.0076,0.0031,8316.96,3,63.7921,121.472,step
2026-09-01T13:13:43.934825+00:00,90.654,-0.0011,0.15,0.0,0.0073,0.0032,8316.16,3,63.2575,121.494,step
2026-09-01T13:13:43.936139+00:00,90.645,-0.0009,0.15,0.0,0.0071,0.0033,8315.19,3,62.7184,121.516,step
2026-09-01T13:13:43.937455+00:00,90.637,-0.0007,0.15,0.0,0.0068,0.0034,8314.28,3,62.1779,121.538,step
2026-09-01T13:13:43.938808+00:00,90.628,-0.0005,0.15,0.0,0.0065,0.0035,8313.39,3,61.6368,121.56,step
2026-09-01T13:13:43.940064+00:00,90.619,-0.0003,0.15,0.0,0.0062,0.0035,8312.66,3,61.0972,121.582,step
2026-09-01T13:13:43.941361+00:00,90.61,-0.0001,0.15,0.0,0.0058,0.0036,8310.23,3,60.5521,121.604,step
2026-09-01T13:13:43.942638+00:00,90.601,0.0001,0.15,0.0,0.0055,0.0036,8308.61,3,60.0018,121.626,step
2026-09-01T13:13:43.943981+00:00,90.591,0.0003,0.15,0.0,0.0051,0.0036,8308.33,3,59.4496,121.648,step
2026-09-01T13:13:43.945257+00:00,90.581,0.0005,0.15,0.0,0.0048,0.0036,8308.68,3,58.8966,121.67,step
2026-09-01T13:13:43.946496+00:00,90.571,0.0006,0.0,0.15,0.0044,0.0036,8308.58,3,58.3435,121.692,step
2026-09-01T13:13:43.947793+00:00,90.121,0.0008,0.0,0.15,0.0041,0.0036,8128.89,3,57.7898,121.714,step
2026-09-01T13:13:43.949064+00:00,89.48,0.001,0.0,0.15,0.0038,0.0036,8066.47,3,57.2412,121.736,step
2026-09-01T13:13:43.950403+00:00,88.839,0.0011,0.0,0.15,0.0035,0.0036,8006.27,3,56.6971,121.758,step
2026-09-01T13:13:43.951729+00:00,88.192,0.0013,0.0,0.15,0.0032,0.0036,7948.36,3,56.1567,121.78,step
2026-09-01T13:13:43.953093+00:00,87.556,0.0014,0.0,0.15,0.0029,0.0036,7892.22,3,55.6196,121.802,step
2026-09-01T13:13:43.954452+00:00,86.924,0.0016,0.0,0.15,0.0025,0.0036,7836.95,3,55.0862,121.824,step
2026-09-01T13:13:43.955752+00:00,86.294,0.0017,0.0,0.15,0.0022,0.0036,7781.26,3,54.5519,121.846,step
2026-09-01T13:13:43.957063+00:00,85.667,0.0018,0.0,0.15,0.002,0.0035,7725.48,3,54.0166,121.868,step
2026-09-01T13:13:43.958427+00:00,85.042,0.0019,0.0,0.15,0.0017,0.0034,7669.54,3,53.4837,121.89,step
2026-09-01T13:13:43.959757+00:00,84.412,0.002,0.0,0.15,0.0014,0.0034,7621.22,3,52.9541,121.912,step
2026-09-01T13:13:43.961184+00:00,83.789,0.0021,0.0,0.15,0.0011,0.0033,7564.18,3,52.4285,121.934,step
2026-09-01T13:13:43.962511+00:00,83.169,0.0022,0.0,0.15,0.0009,0.0032,7504.83,3,51.9067,121.956,step
2026-09-01T13:13:43.963843+00:00,82.551,0.0022,0.0,0.15,0.0006,0.0032,7446.35,3,51.3882,121.978,step
2026-09-01T13:13:43.965186+00:00,81.933,0.0023,0.0,0.15,0.0003,0.0031,7389.69,3,50.8735,122.0,step
2026-09-01T13:13:43.966473+00:00,81.318,0.0024,0.0,0.15,0.0001,0.003,7334.17,3,50.3623,122.022,step
2026-09-01T13:13:43.967839+00:00,80.705,0.0024,0.0,0.15,-0.0001,0.0029,7279.43,3,49.8548,122.044,step
2026-09-01T13:13:43.969177+00:00,80.094,0.0025,0.0,0.15,-0.0004,0.0029,7225.09,3,49.351,122.066,step
2026-09-01T13:13:43.970519+00:00,79.473,0.0025,0.0,0.15,-0.0006,0.0028,7170.34,2,48.8509,122.088,step
2026-09-01T13:13:43.971857+00:00,78.885,0.0025,0.0,0.15,-0.0008,0.0027,9011.22,2,48.3487,122.11,step
2026-09-01T13:13:43.973174+00:00,78.315,0.0025,0.0,0.15,-0.001,0.0025,8987.97,2,47.8433,122.132,step
2026-09-01T13:13:43.974493+00:00,77.7,0.0024,0.0,0.15,-0.0012,0.0023,8802.53,2,47.3376,122.154,step
2026-09-01T13:13:43.975822+00:00,77.034,0.0023,0.0,0.15,-0.0013,0.0021,8725.32,2,46.8304,122.176,step
2026-09-01T13:13:43.977190+00:00,76.369,0.0022,0.0,0.15,-0.0015,0.0019,8649.65,2,46.3277,122.198,step
2026-09-01T13:13:43.978585+00:00,75.701,0.0021,0.0,0.15,-0.0016,0.0017,8586.65,2,45.8294,122.22,step
2026-09-01T13:13:43.979906+00:00,75.037,0.002,0.0,0.15,-0.0017,0.0015,8515.48,2,45.3368,122.242,step
2026-09-01T13:13:43.981226+00:00,74.38,-0.1981,0.0,0.15,-0.0019,0.0012,8437.72,2,44.8502,122.264,step
2026-09-01T13:13:43.982572+00:00,73.739,-0.1962,0.0,0.15,-0.0022,0.0034,8359.35,2,44.7179,122.286,step
2026-09-01T13:13:43.983872+00:00,73.048,0.0095,0.0,0.15,-0.0032,0.0099,8275.88,2,45.2654,122.308,step
2026-09-01T13:13:43.985264+00:00,72.392,0.0151,0.0,0.15,-0.0045,0.0161,8199.43,2,45.7881,122.33,step
2026-09-01T13:13:43.986595+00:00,71.738,0.0172,0.0,0.15,-0.0057,0.018,8129.83,2,45.6459,122.352,step
2026-09-01T13:13:43.987893+00:00,71.096,0.0179,0.0,0.15,-0.0069,0.0181,8059.5,2,45.2251,122.374,step
2026-09-01T13:13:43.989239+00:00,70.459,-0.182,0.0,0.15,-0.008,0.0176,7989.29,2,44.7074,122.396,step
2026-09-01T13:13:43.990607+00:00,69.836,-0.18,0.0,0.15,-0.0093,0.0191,7919.52,2,44.5268,122.418,step
2026-09-01T13:13:43.992012+00:00,69.147,0.0257,0.8,0.0,-0.0113,0.025,7841.78,2,45.0476,122.44,step
2026-09-01T13:13:43.993350+00:00,69.416,0.0309,0.8,0.0,-0.0135,0.0302,8844.55,2,45.4759,122.462,step
2026-09-01T13:13:43.994732+00:00,70.203,0.0325,0.0,0.15,-0.0156,0.0309,9287.99,2,45.1624,122.484,step
2026-09-01T13:13:43.996089+00:00,70.327,-0.1672,0.0,0.15,-0.0176,0.03,7997.53,2,44.5911,122.506,step
2026-09-01T13:13:43.997445+00:00,69.705,-0.1655,0.0,0.15,-0.0197,0.0308,7925.53,2,44.2838,122.528,step
2026-09-01T13:13:43.998785+00:00,69.04,-0.1607,0.0,0.15,-0.0223,0.0352,7838.22,2,44.5846,122.55,step
2026-09-01T13:13:44.000117+00:00,68.383,0.0459,0.8,0.0,-0.0254,0.0415,7753.25,2,45.26,122.572,step
2026-09-01T13:13:44.001473+00:00,68.683,0.0513,0.8,0.0,-0.0288,0.0461,8643.6,2,45.6528,122.594,step
2026-09-01T13:13:44.002859+00:00,69.504,0.0528,0.8,0.0,-0.0319,0.046,8962.32,2,45.2114,122.616,step
2026-09-01T13:13:44.004208+00:00,70.422,-0.1473,0.0,0.15,-0.0349,0.044,9173.48,2,44.4334,122.638,step
2026-09-01T13:13:44.005550+00:00,70.496,-0.1461,0.0,0.15,-0.038,0.0436,8022.79,2,43.9329,122.66,step
2026-09-01T13:13:44.006894+00:00,69.824,-0.1416,0.0,0.15,-0.0415,0.047,7933.22,2,44.0919,122.682,step
2026-09-01T13:13:44.008248+00:00,69.163,-0.1353,0.0,0.15,-0.0454,0.0525,7843.42,2,44.6397,122.704,step
2026-09-01T13:13:44.009630+00:00,68.52,0.0721,0.8,0.0,-0.0498,0.059,7761.96,2,45.4189,122.726,step
2026-09-01T13:13:44.011050+00:00,68.755,0.0775,0.8,0.0,-0.0542,0.063,8801.09,2,45.7599,122.748,step
2026-09-01T13:13:44.012366+00:00,69.494,0.0786,0.0,0.15,-0.0584,0.0618,9315.62,2,45.1133,122.77,step
2026-09-01T13:13:44.013806+00:00,69.675,-0.1219,0.0,0.15,-0.0623,0.0587,7917.97,2,44.1027,122.792,step
2026-09-01T13:13:44.015186+00:00,69.001,-0.1205,0.0,0.15,-0.0663,0.0579,7843.92,2,43.5361,122.814,step
2026-09-01T13:13:44.016612+00:00,68.34,-0.115,0.0,0.15,-0.0708,0.062,7760.86,2,43.865,122.836,step
2026-09-01T13:13:44.018099+00:00,67.706,-0.108,0.0,0.15,-0.0757,0.0677,7682.57,2,44.5225,122.858,step
2026-09-01T13:13:44.019642+00:00,67.077,0.0993,0.8,0.0,-0.0809,0.0735,7608.72,2,45.2558,122.88,step
2026-09-01T13:13:44.021098+00:00,67.345,0.0992,0.8,0.0,-0.086,0.0702,8561.42,2,45.3979,122.902,step
2026-09-01T13:13:44.022575+00:00,68.087,-0.1059,0.0,0.15,-0.0903,0.0612,8990.1,2,44.4989,122.924,step
2026-09-01T13:13:44.024000+00:00,68.212,-0.1109,0.0,0.15,-0.0941,0.0525,7756.39,2,43.7041,122.946,step
2026-09-01T13:13:44.025520+00:00,67.54,-0.1131,0.0,0.15,-0.0977,0.0475,7701.97,2,43.6176,122.968,step
2026-09-01T13:13:44.027167+00:00,66.86,-0.1139,0.0,0.15,-0.1012,0.0444,7620.0,2,43.8881,122.99,step
2026-09-01T13:13:44.028718+00:00,66.204,-0.1137,0.0,0.15,-0.1046,0.0426,7528.83,2,44.4462,123.012,step
2026-09-01T13:13:44.030254+00:00,65.575,0.0872,0.8,0.0,-0.1079,0.0415,7444.07,2,45.1982,123.034,step
2026-09-01T13:13:44.031758+00:00,65.833,0.0856,0.8,0.0,-0.1108,0.0377,8373.06,2,45.3754,123.056,step
2026-09-01T13:13:44.033228+00:00,66.559,-0.1202,0.0,0.15,-0.1129,0.0291,8778.05,2,44.4713,123.078,step
2026-09-01T13:13:44.034723+00:00,66.649,-0.125,0.0,0.15,-0.1146,0.0222,7578.89,2,43.7663,123.1,step
2026-09-01T13:13:44.036194+00:00,65.991,-0.1265,0.0,0.15,-0.1162,0.0193,7499.53,2,43.9045,123.122,step
2026-09-01T13:13:44.037704+00:00,65.345,-0.1265,0.0,0.15,-0.1179,0.0183,7416.66,2,44.4595,123.144,step
2026-09-01T13:13:44.039193+00:00,64.688,0.0742,0.8,0.0,-0.1195,0.0181,7360.4,2,45.223,123.166,step
2026-09-01T13:13:44.040652+00:00,64.994,0.0729,0.8,0.0,-0.1209,0.0155,8131.2,2,45.4766,123.188,step
2026-09-01T13:13:44.042167+00:00,65.762,-0.1325,0.0,0.15,-0.1216,0.0084,8388.92,2,44.6894,123.21,step
2026-09-01T13:13:44.043668+00:00,65.682,-0.1372,0.0,0.15,-0.1219,0.0023,7478.9,2,44.1494,123.232,step
2026-09-01T13:13:44.045178+00:00,65.02,-0.1386,0.0,0.15,-0.1223,0.0003,7391.95,2,44.5308,123.254,step
2026-09-01T13:13:44.046661+00:00,64.376,0.0619,0.8,0.0,-0.1228,0.0006,7307.44,2,45.3976,123.276,step
2026-09-01T13:13:44.048118+00:00,64.609,0.0612,0.8,0.0,-0.1231,-0.0005,8215.27,2,45.8572,123.298,step
2026-09-01T13:13:44.049605+00:00,65.328,0.0566,0.8,0.0,-0.1228,-0.006,8596.11,2,45.2596,123.32,step
2026-09-01T13:13:44.051057+00:00,66.163,-0.1495,0.0,0.15,-0.122,-0.0131,8849.08,2,44.2896,123.342,step
2026-09-01T13:13:44.052560+00:00,66.32,-0.1544,0.0,0.15,-0.1209,-0.0185,7557.26,2,43.7316,123.364,step
2026-09-01T13:13:44.054014+00:00,65.644,-0.1562,0.0,0.15,-0.1199,-0.0201,7472.37,2,44.0575,123.386,step
2026-09-01T13:13:44.055538+00:00,64.978,-0.1561,0.0,0.15,-0.1191,-0.0196,7381.05,2,44.9374,123.408,step
2026-09-01T13:13:44.056985+00:00,64.331,0.0451,0.8,0.0,-0.1184,-0.0176,7295.78,2,46.2328,123.43,step
2026-09-01T13:13:44.058479+00:00,64.54,0.0446,0.8,0.0,-0.1176,-0.0178,8235.56,2,47.0474,123.452,step
2026-09-01T13:13:44.059913+00:00,65.248,0.0404,0.8,0.0,-0.1162,-0.0221,8645.33,2,46.6533,123.474,step
2026-09-01T13:13:44.061488+00:00,66.081,0.035,0.8,0.0,-0.1143,-0.0277,8916.62,2,45.8466,123.496,step
2026-09-01T13:13:44.062978+00:00,67.013,-0.171,0.0,0.15,-0.1121,-0.0338,9062.18,2,44.949,123.518,step
2026-09-01T13:13:44.064517+00:00,67.235,-0.1755,0.0,0.15,-0.1097,-0.0379,7654.21,2,44.5693,123.54,step
2026-09-01T13:13:44.066004+00:00,66.549,0.0231,0.8,0.0,-0.1074,-0.0383,7568.2,2,45.1617,123.562,step
2026-09-01T13:13:44.067553+00:00,66.788,0.0216,0.8,0.0,-0.1051,-0.0387,8468.65,2,45.7897,123.584,step
2026-09-01T13:13:44.069066+00:00,67.532,0.0175,0.8,0.0,-0.1024,-0.0421,8870.8,2,45.6112,123.606,step
2026-09-01T13:13:44.070511+00:00,68.37,0.0123,0.8,0.0,-0.0993,-0.0467,9190.35,2,45.117,123.628,step
2026-09-01T13:13:44.072009+00:00,69.271,-0.1934,0.0,0.15,-0.0957,-0.0515,9462.02,2,44.5465,123.65,step
2026-09-01T13:13:44.073394+00:00,69.559,-0.1973,0.0,0.15,-0.0921,-0.0541,7907.11,2,44.4907,123.672,step
2026-09-01T13:13:44.074799+00:00,68.851,0.0019,0.8,0.0,-0.0886,-0.053,7823.05,2,45.4557,123.694,step
2026-09-01T13:13:44.076235+00:00,69.081,0.0011,0.8,0.0,-0.0853,-0.052,8791.85,2,46.4841,123.716,step
2026-09-01T13:13:44.077666+00:00,69.752,-0.0024,0.8,0.0,-0.0816,-0.054,9422.52,2,46.6202,123.738,step
2026-09-01T13:13:44.079064+00:00,70.536,-0.0068,0.8,0.0,-0.0775,-0.057,9926.02,2,46.4746,123.76,step
2026-09-01T13:13:44.080545+00:00,71.414,-0.0116,0.0,0.15,-0.0731,-0.0602,10264.4,2,46.281,123.782,step
2026-09-01T13:13:44.081954+00:00,71.986,-0.0165,0.0,0.15,-0.0684,-0.0634,8203.47,2,46.09,123.804,step
2026-09-01T13:13:44.083394+00:00,71.316,-0.0216,0.0,0.15,-0.0636,-0.0667,8104.73,2,45.8407,123.826,step
2026-09-01T13:13:44.084827+00:00,70.63,-0.0265,0.0,0.15,-0.0585,-0.0697,8011.74,2,45.6376,123.848,step
2026-09-01T13:13:44.086307+00:00,69.972,-0.031,0.8,0.0,-0.0535,-0.0721,7928.07,2,45.556,123.87,step
2026-09-01T13:13:44.087749+00:00,70.239,-0.0351,0.0,0.15,-0.0483,-0.0741,9017.8,2,45.6067,123.892,step
2026-09-01T13:13:44.089189+00:00,70.211,-0.0391,0.8,0.0,-0.0429,-0.0757,7951.91,2,45.7814,123.914,step
2026-09-01T13:13:44.090615+00:00,70.432,-0.043,0.8,0.0,-0.0375,-0.0772,9135.65,2,46.0311,123.936,step
2026-09-01T13:13:44.092049+00:00,71.149,-0.0467,0.8,0.0,-0.0319,-0.0783,9765.01,2,46.4129,123.958,step
2026-09-01T13:13:44.093499+00:00,72.013,-0.0503,0.8,0.0,-0.026,-0.0791,10147.3,2,46.8892,123.98,step
2026-09-01T13:13:44.094895+00:00,72.984,-0.0539,0.8,0.0,-0.02,-0.0799,10327.9,2,47.4597,124.002,step
2026-09-01T13:13:44.096330+00:00,74.022,-0.0573,0.8,0.0,-0.0137,-0.0802,10377.6,2,48.1768,124.024,step
2026-09-01T13:13:44.097734+00:00,75.09,-0.0602,0.8,0.0,-0.0073,-0.0798,10370.1,2,49.1223,124.046,step
2026-09-01T13:13:44.099114+00:00,76.157,-0.0628,0.8,0.0,-0.0007,-0.079,10366.4,2,50.3547,124.068,step
2026-09-01T13:13:44.100531+00:00,76.975,-0.0649,0.8,0.0,0.0059,-0.0775,10815.9,2,52.0065,124.09,step
2026-09-01T13:13:44.101959+00:00,77.601,-0.0663,0.8,0.0,0.0126,-0.075,11587.1,2,54.3146,124.112,step
2026-09-01T13:13:44.103506+00:00,78.374,-0.0674,0.8,0.0,0.0194,-0.0721,12114.2,2,57.0944,124.134,step
2026-09-01T13:13:44.104966+00:00,79.233,-0.0687,0.15,0.0,0.0265,-0.0694,12479.6,2,84.941,124.156,step
2026-09-01T13:13:44.106431+00:00,80.12,-0.07,0.15,0.0,0.0336,-0.0665,10747.6,3,84.0394,124.178,step
2026-09-01T13:13:44.107856+00:00,80.779,-0.0713,0.15,0.0,0.0406,-0.0638,8408.45,3,83.153,124.2,step
2026-09-01T13:13:44.109366+00:00,80.701,-0.074,0.15,0.0,0.0471,-0.063,8419.37,3,82.3835,124.222,step
2026-09-01T13:13:44.110862+00:00,80.621,-0.0766,0.15,0.0,0.0531,-0.0625,7385.49,3,81.6288,124.244,step
2026-09-01T13:13:44.112312+00:00,80.544,-0.0778,0.15,0.0,0.0588,-0.0605,7471.13,3,80.7618,124.266,step
2026-09-01T13:13:44.113810+00:00,80.574,-0.0782,0.15,0.0,0.0644,-0.0575,7434.93,3,79.8214,124.288,step
2026-09-01T13:13:44.115209+00:00,80.6,-0.0796,0.15,0.0,0.0699,-0.0558,7411.63,3,78.9642,124.31,step
2026-09-01T13:13:44.116634+00:00,80.615,-0.0817,0.15,0.0,0.075,-0.0552,7403.39,3,78.1791,124.332,step
2026-09-01T13:13:44.118087+00:00,80.627,-0.0822,0.15,0.0,0.0799,-0.0529,7399.53,3,77.4192,124.354,step
2026-09-01T13:13:44.119447+00:00,80.638,-0.0815,0.15,0.0,0.0843,-0.0492,7398.12,3,76.6501,124.376,step
2026-09-01T13:13:44.120776+00:00,80.649,-0.0803,0.15,0.0,0.0882,-0.0453,7398.35,3,75.8638,124.398,step
2026-09-01T13:13:44.122193+00:00,80.642,-0.0786,0.15,0.0,0.0916,-0.041,7434.5,3,75.0337,124.42,step
2026-09-01T13:13:44.123558+00:00,80.671,-0.0763,0.15,0.0,0.0948,-0.0361,7419.03,3,74.1609,124.442,step
2026-09-01T13:13:44.124936+00:00,80.694,-0.0741,0.15,0.0,0.0976,-0.0316,7412.48,3,73.3088,124.464,step
2026-09-01T13:13:44.126338+00:00,80.714,-0.0721,0.15,0.0,0.1,-0.0276,7409.99,3,72.4855,124.486,step
2026-09-01T13:13:44.127712+00:00,80.733,-0.0701,0.15,0.0,0.1021,-0.0238,7408.85,3,71.6841,124.508,step
2026-09-01T13:13:44.128980+00:00,80.751,-0.0681,0.15,0.0,0.1038,-0.0202,7409.01,3,70.8966,124.53,step
2026-09-01T13:13:44.130336+00:00,80.769,-0.066,0.15,0.0,0.1052,-0.0168,7410.21,3,70.1167,124.552,step
2026-09-01T13:13:44.131624+00:00,80.785,-0.0639,0.15,0.0,0.1063,-0.0135,7414.93,3,69.3403,124.574,step
2026-09-01T13:13:44.132906+00:00,80.803,-0.0616,0.15,0.0,0.1071,-0.0101,7418.06,3,68.5602,124.596,step
2026-09-01T13:13:44.134219+00:00,80.823,-0.0592,0.15,0.0,0.1076,-0.0068,7419.0,3,67.7839,124.618,step
2026-09-01T13:13:44.135525+00:00,80.844,-0.0569,0.15,0.0,0.1079,-0.0037,7420.21,3,67.0222,124.64,step
2026-09-01T13:13:44.136836+00:00,80.866,-0.0545,0.15,0.0,0.1079,-0.0007,7421.78,3,66.2727,124.662,step
2026-09-01T13:13:44.138138+00:00,80.887,-0.0522,0.15,0.0,0.1077,0.0021,7423.45,3,65.5315,124.684,step
2026-09-01T13:13:44.139453+00:00,80.909,-0.0498,0.15,0.0,0.1073,0.0049,7425.09,3,64.798,124.706,step
2026-09-01T13:13:44.140747+00:00,80.93,-0.0473,0.15,0.0,0.1067,0.0075,7426.8,3,64.0723,124.728,step
2026-09-01T13:13:44.142072+00:00,80.95,-0.0449,0.15,0.0,0.1058,0.01,7433.53,3,63.3539,124.75,step
2026-09-01T13:13:44.143461+00:00,80.974,-0.0424,0.15,0.0,0.1048,0.0125,7433.63,3,62.6404,124.772,step
2026-09-01T13:13:44.144822+00:00,80.998,-0.0399,0.15,0.0,0.1035,0.0148,7434.49,3,61.9415,124.794,step
2026-09-01T13:13:44.146152+00:00,81.022,-0.0375,0.15,0.0,0.1021,0.0169,7435.93,3,61.2588,124.816,step
2026-09-01T13:13:44.147468+00:00,81.047,-0.0351,0.15,0.0,0.1006,0.0189,7437.53,3,60.5877,124.838,step
2026-09-01T13:13:44.148731+00:00,81.071,-0.0328,0.15,0.0,0.0988,0.0208,7439.35,3,59.9275,124.86,step
2026-09-01T13:13:44.150009+00:00,81.096,-0.0304,0.15,0.0,0.0969,0.0225,7441.37,3,59.2768,124.882,step
2026-09-01T13:13:44.151317+00:00,81.12,-0.0281,0.15,0.0,0.0949,0.0242,7443.51,3,58.6364,124.904,step
2026-09-01T13:13:44.152643+00:00,81.143,-0.0258,0.15,0.0,0.0928,0.0257,7450.58,3,58.0035,124.926,step
2026-09-01T13:13:44.153950+00:00,81.17,-0.0235,0.15,0.0,0.0905,0.0272,7450.86,3,57.3785,124.948,step
2026-09-01T13:13:44.155239+00:00,81.197,-0.0213,0.15,0.0,0.0882,0.0285,7452.26,3,56.7666,124.97,step
2026-09-01T13:13:44.156547+00:00,81.224,-0.0191,0.15,0.0,0.0857,0.0297,7454.02,3,56.1683,124.992,step
2026-09-01T13:13:44.157796+00:00,81.252,-0.017,0.15,0.0,0.0832,0.0307,7455.96,3,55.5816,125.014,step
2026-09-01T13:13:44.159108+00:00,81.279,-0.0149,0.15,0.0,0.0806,0.0317,7458.06,3,55.0043,125.036,step
2026-09-01T13:13:44.160437+00:00,81.306,-0.0129,0.15,0.0,0.0779,0.0325,7460.35,3,54.4352,125.058,step
2026-09-01T13:13:44.161690+00:00,81.33,-0.0109,0.15,0.0,0.0751,0.0333,7467.75,3,53.8746,125.08,step
2026-09-01T13:13:44.162957+00:00,81.359,-0.009,0.15,0.0,0.0723,0.0339,7469.49,3,53.321,125.102,step
2026-09-01T13:13:44.164253+00:00,81.389,-0.0071,0.0,0.15,0.0694,0.0345,7470.27,3,52.7765,125.124,step
2026-09-01T13:13:44.165547+00:00,80.99,-0.0053,0.0,0.15,0.0665,0.035,7309.74,3,52.2414,125.146,step
2026-09-01T13:13:44.166843+00:00,80.399,-0.0035,0.0,0.15,0.0637,0.0354,7254.67,3,51.7152,125.168,step
2026-09-01T13:13:44.168136+00:00,79.808,-0.0018,0.0,0.15,0.0608,0.0357,7200.08,2,51.1985,125.19,step
2026-09-01T13:13:44.169433+00:00,79.242,-0.0002,0.0,0.15,0.0579,0.036,9048.56,2,50.6929,125.212,step
2026-09-01T13:13:44.170711+00:00,78.695,0.0014,0.0,0.15,0.055,0.0361,9024.97,2,50.2012,125.234,step
2026-09-01T13:13:44.172017+00:00,78.118,0.0028,0.0,0.15,0.0521,0.0361,8826.17,2,49.7197,125.256,step
2026-09-01T13:13:44.173290+00:00,77.473,0.0042,0.0,0.15,0.0493,0.0361,8760.25,2,49.2456,125.278,step
2026-09-01T13:13:44.174588+00:00,76.84,0.0056,0.0,0.15,0.0465,0.036,8696.59,2,48.7795,125.3,step
2026-09-01T13:13:44.175936+00:00,76.204,0.0068,0.0,0.15,0.0437,0.0359,8629.31,2,48.3231,125.322,step
2026-09-01T13:13:44.177285+00:00,75.569,0.008,0.0,0.15,0.041,0.0357,8561.34,2,47.8765,125.344,step
2026-09-01T13:13:44.178535+00:00,74.936,0.0091,0.0,0.15,0.0383,0.0354,8492.47,2,47.4387,125.366,step
2026-09-01T13:13:44.179802+00:00,74.308,0.0102,0.0,0.15,0.0357,0.035,8423.37,2,47.0094,125.388,step
2026-09-01T13:13:44.181084+00:00,73.685,0.0111,0.0,0.15,0.0331,0.0346,8354.02,2,46.5883,125.41,step
2026-09-01T13:13:44.182356+00:00,73.079,0.012,0.0,0.15,0.0306,0.0342,8265.21,2,46.1751,125.432,step
2026-09-01T13:13:44.183638+00:00,72.463,0.0128,0.0,0.15,0.0281,0.0336,8203.38,2,45.7706,125.454,step
2026-09-01T13:13:44.184909+00:00,71.858,0.0135,0.0,0.15,0.0257,0.033,8142.22,2,45.3723,125.476,step
2026-09-01T13:13:44.186325+00:00,71.251,0.2142,0.0,0.15,0.0234,0.0324,8077.82,2,44.9795,125.498,step
2026-09-01T13:13:44.187630+00:00,70.659,0.213,0.0,0.15,0.0213,0.0296,8013.3,2,44.7411,125.52,step
2026-09-01T13:13:44.188929+00:00,70.01,0.2083,0.0,0.15,0.0199,0.0228,7940.37,2,44.7811,125.542,step
2026-09-01T13:13:44.190170+00:00,69.375,0.2015,0.0,0.15,0.0192,0.0139,7866.69,2,44.9568,125.564,step
2026-09-01T13:13:44.191461+00:00,68.759,-0.0064,0.8,0.0,0.0192,0.004,7795.68,2,45.1804,125.586,step
2026-09-01T13:13:44.192804+00:00,69.163,-0.0124,0.8,0.0,0.0194,-0.0034,8904.08,2,45.2313,125.608,step
2026-09-01T13:13:44.194132+00:00,69.937,0.1854,0.0,0.15,0.0196,-0.0061,9474.2,2,44.969,125.63,step
2026-09-01T13:13:44.195437+00:00,70.241,0.1829,0.0,0.15,0.0199,-0.0089,7979.99,2,44.7126,125.652,step
2026-09-01T13:13:44.196795+00:00,69.634,0.1785,0.0,0.15,0.0208,-0.0139,7908.48,2,44.5841,125.674,step
2026-09-01T13:13:44.198086+00:00,69.006,0.1729,0.0,0.15,0.0223,-0.02,7829.63,2,44.5219,125.696,step
2026-09-01T13:13:44.199343+00:00,68.374,0.1662,0.0,0.15,0.0243,-0.0271,7752.23,2,44.5153,125.718,step
2026-09-01T13:13:44.200595+00:00,67.759,0.1585,0.0,0.15,0.0269,-0.035,7680.75,2,44.5476,125.74,step
2026-09-01T13:13:44.201895+00:00,67.158,0.1504,0.0,0.15,0.0299,-0.0432,7613.7,2,44.59,125.762,step
2026-09-01T13:13:44.203240+00:00,66.566,0.1422,0.0,0.15,0.0335,-0.0513,7549.36,2,44.6185,125.784,step
2026-09-01T13:13:44.204529+00:00,65.979,0.134,0.0,0.15,0.0376,-0.059,7485.7,2,44.6202,125.806,step
2026-09-01T13:13:44.205825+00:00,65.41,0.1259,0.0,0.15,0.0422,-0.0663,7404.96,2,44.5975,125.828,step
2026-09-01T13:13:44.207087+00:00,64.83,0.1179,0.0,0.15,0.0471,-0.0733,7349.39,2,44.5505,125.85,step
2026-09-01T13:13:44.208375+00:00,64.264,0.1101,0.0,0.15,0.0523,-0.0796,7291.06,2,44.4702,125.872,step
2026-09-01T13:13:44.209722+00:00,63.696,0.1028,0.0,0.15,0.058,-0.0853,7230.93,2,44.3551,125.894,step
2026-09-01T13:13:44.211022+00:00,63.127,-0.3043,0.0,0.15,0.0639,-0.0904,7169.49,2,44.2128,125.916,step
2026-09-01T13:13:44.212339+00:00,62.592,-0.3091,0.0,0.15,0.0699,-0.0927,7110.07,2,43.9368,125.938,step
2026-09-01T13:13:44.213624+00:00,61.986,-0.3084,0.0,0.15,0.0752,-0.0885,7044.47,2,43.3561,125.96,step
2026-09-01T13:13:44.214904+00:00,61.346,0.0963,0.0,0.15,0.0797,-0.0798,6968.47,2,42.5712,125.982,step
2026-09-01T13:13:44.216203+00:00,60.778,0.1013,0.0,0.15,0.0836,-0.0711,6901.8,2,41.7865,126.004,step
2026-09-01T13:13:44.217468+00:00,60.209,0.1005,0.0,0.15,0.0878,-0.0695,6839.97,2,41.3438,126.026,step
2026-09-01T13:13:44.218735+00:00,59.643,0.0961,0.0,0.15,0.0923,-0.0721,6766.82,2,41.0998,126.048,step
2026-09-01T13:13:44.220093+00:00,59.09,0.0906,0.0,0.15,0.0971,-0.0761,6710.2,2,40.9192,126.07,step
2026-09-01T13:13:44.221431+00:00,58.551,0.0848,0.0,0.15,0.1021,-0.0802,6652.81,2,40.746,126.092,step
2026-09-01T13:13:44.222727+00:00,58.01,-0.3209,0.0,0.15,0.1073,-0.084,6594.2,2,40.5621,126.114,step
2026-09-01T13:13:44.223992+00:00,57.502,-0.3245,0.0,0.15,0.1125,-0.0853,6537.13,2,40.2667,126.136,step
2026-09-01T13:13:44.225261+00:00,56.918,0.0769,0.0,0.15,0.1169,-0.0808,6473.52,2,39.7179,126.158,step
2026-09-01T13:13:44.226537+00:00,56.316,0.0801,0.0,0.15,0.1208,-0.0743,6402.44,2,39.0886,126.18,step
2026-09-01T13:13:44.227902+00:00,55.768,0.0789,0.0,0.15,0.1248,-0.0733,6343.88,2,38.7029,126.202,step
2026-09-01T13:13:44.229161+00:00,55.224,0.075,0.0,0.15,0.1292,-0.0755,6281.63,2,38.4563,126.224,step
2026-09-01T13:13:44.230430+00:00,54.693,0.0704,0.0,0.15,0.1338,-0.0784,6221.56,2,38.2466,126.246,step
2026-09-01T13:13:44.231696+00:00,54.17,0.0657,0.0,0.15,0.1385,-0.0814,6156.87,2,38.0396,126.268,step
2026-09-01T13:13:44.232941+00:00,53.651,0.061,0.0,0.15,0.1433,-0.0842,6095.1,2,37.8294,126.29,step
2026-09-01T13:13:44.234245+00:00,53.128,0.0564,0.0,0.15,0.1482,-0.0868,6040.93,2,37.6124,126.312,step
2026-09-01T13:13:44.235590+00:00,52.615,0.052,0.0,0.15,0.1532,-0.0892,5984.95,2,37.3872,126.334,step
2026-09-01T13:13:44.236878+00:00,52.099,0.0478,0.0,0.15,0.1583,-0.0913,5928.14,2,37.154,126.356,step
2026-09-01T13:13:44.238180+00:00,51.582,0.0437,0.0,0.15,0.1634,-0.0933,5870.61,2,36.9151,126.378,step
2026-09-01T13:13:44.239475+00:00,51.065,0.0397,0.0,0.15,0.1685,-0.095,5812.45,2,36.6718,126.4,step
2026-09-01T13:13:44.240712+00:00,50.55,0.0359,0.0,0.15,0.1737,-0.0966,5754.29,2,36.4247,126.422,step
2026-09-01T13:13:44.241994+00:00,50.039,0.0321,0.0,0.15,0.1788,-0.0981,5696.38,2,36.174,126.444,step
2026-09-01T13:13:44.243287+00:00,49.53,0.0285,0.0,0.15,0.184,-0.0994,5638.71,1,35.9197,126.466,step
2026-09-01T13:13:44.244650+00:00,49.031,0.025,0.0,0.15,0.1891,-0.1005,7565.21,1,35.6625,126.488,step
2026-09-01T13:13:44.245919+00:00,48.535,0.0217,0.0,0.15,0.1943,-0.1015,7553.3,1,35.4024,126.51,step
2026-09-01T13:13:44.247156+00:00,48.01,0.0184,0.0,0.15,0.1994,-0.1024,7311.4,1,35.1405,126.532,step
2026-09-01T13:13:44.248389+00:00,47.458,0.0152,0.0,0.15,0.2045,-0.1031,7221.46,1,34.8778,126.554,step
2026-09-01T13:13:44.249656+00:00,46.902,0.0122,0.15,0.0,0.2096,-0.1038,7145.8,1,34.6135,126.576,step
2026-09-01T13:13:44.250947+00:00,46.92,0.0093,0.15,0.0,0.2146,-0.1043,7343.84,1,34.345,126.598,step
2026-09-01T13:13:44.252260+00:00,47.071,0.0065,0.0,0.15,0.2196,-0.1046,7361.34,1,34.0701,126.62,step
2026-09-01T13:13:44.253533+00:00,46.666,0.0038,0.15,0.0,0.2247,-0.1048,7126.98,1,33.7923,126.642,step
2026-09-01T13:13:44.254805+00:00,46.672,0.0012,0.15,0.0,0.2296,-0.105,7297.31,1,33.5131,126.664,step
2026-09-01T13:13:44.256046+00:00,46.821,-0.0014,0.15,0.0,0.2347,-0.1051,7319.69,1,33.2302,126.686,step
2026-09-01T13:13:44.257295+00:00,46.971,-0.0039,0.15,0.0,0.2397,-0.1051,7342.52,1,32.9437,126.708,step
2026-09-01T13:13:44.258573+00:00,47.12,-0.0064,0.0,0.15,0.2447,-0.105,7365.79,1,32.6535,126.73,step
2026-09-01T13:13:44.259861+00:00,46.704,-0.0087,0.15,0.0,0.2497,-0.1048,7129.86,1,32.3606,126.752,step
2026-09-01T13:13:44.261249+00:00,46.716,-0.011,0.15,0.0,0.2547,-0.1045,7307.28,1,32.0665,126.774,step
2026-09-01T13:13:44.262512+00:00,46.867,-0.0132,0.15,0.0,0.2596,-0.1042,7328.87,1,31.7696,126.796,step
2026-09-01T13:13:44.263806+00:00,47.018,-0.0153,0.0,0.15,0.2645,-0.1039,7354.27,1,31.47,126.818,step
2026-09-01T13:13:44.265052+00:00,46.613,-0.0174,0.15,0.0,0.2694,-0.1034,7102.5,1,31.1681,126.84,step
2026-09-01T13:13:44.266266+00:00,46.615,-0.0194,0.15,0.0,0.2742,-0.1028,7297.28,1,30.8655,126.862,step
2026-09-01T13:13:44.267541+00:00,46.769,-0.0213,0.15,0.0,0.279,-0.1023,7316.56,1,30.5613,126.884,step
2026-09-01T13:13:44.268971+00:00,46.923,-0.0232,0.15,0.0,0.2837,-0.1017,7337.41,1,30.2549,126.906,step
2026-09-01T13:13:44.270238+00:00,47.076,-0.025,0.0,0.15,0.2884,-0.101,7359.38,1,29.9461,126.928,step
2026-09-01T13:13:44.271539+00:00,46.672,-0.0268,0.15,0.0,0.2931,-0.1003,7127.4,1,29.6351,126.95,step
2026-09-01T13:13:44.272769+00:00,46.674,-0.0284,0.15,0.0,0.2977,-0.0994,7299.58,1,29.3236,126.972,step
2026-09-01T13:13:44.274023+00:00,46.827,-0.03,0.15,0.0,0.3023,-0.0986,7322.41,1,29.011,126.994,step
2026-09-01T13:13:44.275312+00:00,46.98,-0.0315,0.15,0.0,0.3068,-0.0977,7345.49,1,28.6961,127.016,step
2026-09-01T13:13:44.276567+00:00,47.134,-0.033,0.0,0.15,0.3113,-0.0967,7368.79,1,28.3788,127.038,step
2026-09-01T13:13:44.277975+00:00,46.722,-0.0344,0.15,0.0,0.3157,-0.0957,7132.66,1,28.0594,127.06,step
2026-09-01T13:13:44.279236+00:00,46.731,-0.0357,0.15,0.0,0.3201,-0.0946,7309.07,1,27.7407,127.082,step
2026-09-01T13:13:44.280533+00:00,46.886,-0.0369,0.0,0.15,0.3243,-0.0935,7331.68,1,27.4214,127.104,step
2026-09-01T13:13:44.281771+00:00,46.484,-0.0381,0.0,0.15,0.3285,-0.0923,7080.25,1,27.1006,127.126,step
2026-09-01T13:13:44.283017+00:00,45.942,-0.0391,0.0,0.15,0.3327,-0.091,7000.49,1,26.7797,127.148,step
2026-09-01T13:13:44.284340+00:00,45.402,-0.04,0.0,0.15,0.3367,-0.0896,6923.3,1,26.4612,127.17,step
2026-09-01T13:13:44.285650+00:00,44.887,-0.0409,0.0,0.15,0.3406,-0.0883,6847.09,1,26.1464,127.192,step
2026-09-01T13:13:44.286943+00:00,44.362,-0.0417,0.0,0.15,0.3443,-0.0869,6769.82,1,25.8352,127.214,step
2026-09-01T13:13:44.288241+00:00,43.832,-0.0425,0.0,0.15,0.348,-0.0856,6690.3,1,25.5278,127.236,step
2026-09-01T13:13:44.289533+00:00,43.304,-0.0432,0.0,0.15,0.3516,-0.0842,6611.34,1,25.224,127.258,step
2026-09-01T13:13:44.290840+00:00,42.782,-0.0438,0.0,0.15,0.355,-0.0828,6533.8,1,24.9232,127.28,step
2026-09-01T13:13:44.292186+00:00,42.267,-0.0443,0.0,0.15,0.3584,-0.0814,6456.93,1,24.6252,127.302,step
2026-09-01T13:13:44.293535+00:00,41.757,-0.0404,0.0,0.15,0.3616,-0.0746,6380.71,1,24.3307,127.324,step
2026-09-01T13:13:44.294911+00:00,41.251,-0.0339,0.0,0.15,0.3643,-0.0647,6304.68,1,24.0422,127.346,step
2026-09-01T13:13:44.296251+00:00,40.75,-0.0274,0.0,0.15,0.3666,-0.0551,6228.85,1,23.7618,127.368,step
2026-09-01T13:13:44.297605+00:00,40.253,-0.0209,0.0,0.15,0.3685,-0.0458,6153.35,1,23.4904,127.39,step
2026-09-01T13:13:44.298997+00:00,39.76,-0.0145,0.0,0.15,0.3701,-0.0368,6078.41,1,23.2276,127.412,step
2026-09-01T13:13:44.300343+00:00,39.283,-0.0082,0.0,0.15,0.3713,-0.0282,5977.67,1,22.9739,127.434,step
2026-09-01T13:13:44.301714+00:00,38.815,-0.0019,0.0,0.15,0.3721,-0.0198,5895.31,1,22.7277,127.456,step
2026-09-01T13:13:44.303198+00:00,38.347,0.0044,0.0,0.15,0.3727,-0.0116,5848.92,1,22.487,127.478,step
2026-09-01T13:13:44.304571+00:00,37.869,0.0106,0.0,0.15,0.373,-0.0037,5783.27,1,22.2532,127.5,step
2026-09-01T13:13:44.305925+00:00,37.371,0.0167,0.15,0.0,0.373,0.0039,5712.92,1,22.0282,127.522,step
2026-09-01T13:13:44.307305+00:00,37.419,0.0227,0.0,0.15,0.3727,0.0113,5851.33,1,21.81,127.544,step
2026-09-01T13:13:44.308675+00:00,37.046,0.0287,0.0,0.15,0.3722,0.0185,5670.55,1,21.5952,127.566,step
2026-09-01T13:13:44.310055+00:00,36.568,0.0345,0.0,0.15,0.3715,0.0253,5598.62,1,21.3883,127.588,step
2026-09-01T13:13:44.311505+00:00,36.096,0.0403,0.0,0.15,0.3706,0.032,5525.39,1,21.1883,127.61,step
2026-09-01T13:13:44.312839+00:00,35.629,0.0463,0.15,0.0,0.3695,0.0389,5452.39,1,20.9944,127.632,step
2026-09-01T13:13:44.314160+00:00,35.715,0.0524,0.0,0.15,0.3681,0.0456,5580.92,1,20.803,127.654,step
2026-09-01T13:13:44.315489+00:00,35.347,0.0584,0.0,0.15,0.3666,0.0521,5409.73,1,20.6149,127.676,step
2026-09-01T13:13:44.316783+00:00,34.887,0.0643,0.0,0.15,0.3648,0.0583,5338.02,1,20.4342,127.698,step
2026-09-01T13:13:44.318174+00:00,34.429,0.07,0.0,0.15,0.3629,0.0643,5267.12,1,20.2593,127.72,step
2026-09-01T13:13:44.319661+00:00,33.973,0.0756,0.8,0.0,0.3609,0.0701,5235.99,1,20.0899,127.742,step
2026-09-01T13:13:44.321001+00:00,34.264,0.0813,0.0,0.15,0.3587,0.0758,6735.07,1,19.9214,127.764,step
2026-09-01T13:13:44.322410+00:00,34.498,0.0873,0.0,0.15,0.3562,0.0817,5316.31,1,19.7457,127.786,step
2026-09-01T13:13:44.323770+00:00,34.099,0.0929,0.0,0.15,0.3536,0.0872,5235.99,1,19.5816,127.808,step
2026-09-01T13:13:44.325120+00:00,33.643,0.0985,0.0,0.15,0.3509,0.0925,5235.99,1,19.4204,127.83,step
2026-09-01T13:13:44.326481+00:00,33.138,0.1039,0.0,0.15,0.348,0.0974,5235.99,1,19.2673,127.852,step
2026-09-01T13:13:44.327875+00:00,32.648,0.1091,0.0,0.15,0.3451,0.102,5235.99,1,19.1215,127.874,step
2026-09-01T13:13:44.329258+00:00,32.19,0.1141,0.8,0.0,0.3421,0.1064,5235.99,1,18.9798,127.896,step
2026-09-01T13:13:44.330630+00:00,32.746,0.1192,0.0,0.15,0.339,0.1109,5700.77,1,18.8363,127.918,step
2026-09-01T13:13:44.331990+00:00,32.63,0.1244,0.0,0.15,0.3358,0.1154,5235.99,1,18.6921,127.94,step
2026-09-01T13:13:44.333260+00:00,32.175,0.1297,0.0,0.15,0.3324,0.12,5235.99,1,18.555,127.962,step
2026-09-01T13:13:44.334568+00:00,31.723,0.1349,0.0,0.15,0.329,0.1243,5235.99,1,18.4226,127.984,step
2026-09-01T13:13:44.335944+00:00,31.271,0.14,0.0,0.15,0.3255,0.1284,5235.99,1,18.2948,128.006,step
2026-09-01T13:13:44.337179+00:00,30.86,0.1445,0.8,0.0,0.3223,0.132,5235.99,1,18.1821,128.026,step
2026-09-01T13:13:44.338402+00:00,31.328,0.149,0.0,0.15,0.319,0.1357,5444.84,1,18.0677,128.046,step
2026-09-01T13:13:44.339653+00:00,31.247,0.1537,0.0,0.15,0.3156,0.1394,5235.99,1,17.9519,128.066,step
2026-09-01T13:13:44.340927+00:00,30.837,0.1581,0.0,0.15,0.3122,0.1428,5235.99,1,17.8422,128.086,step
2026-09-01T13:13:44.342232+00:00,30.427,0.1624,0.0,0.15,0.3087,0.1459,5235.99,1,17.7362,128.106,step
2026-09-01T13:13:44.343513+00:00,30.03,0.1666,0.0,0.15,0.3051,0.1489,5235.99,1,17.6343,128.126,step
2026-09-01T13:13:44.344748+00:00,29.618,0.1706,0.8,0.0,0.3016,0.1518,5235.99,1,17.5347,128.146,step
2026-09-01T13:13:44.346029+00:00,30.053,0.1748,0.0,0.15,0.298,0.1548,5281.71,1,17.4333,128.166,step
2026-09-01T13:13:44.347338+00:00,29.995,0.1791,0.0,0.15,0.2943,0.1578,5235.99,1,17.3294,128.186,step
2026-09-01T13:13:44.348577+00:00,29.581,0.1831,0.0,0.15,0.2906,0.1605,5235.99,1,17.2313,128.206,step
2026-09-01T13:13:44.349822+00:00,29.162,0.1871,0.0,0.15,0.2868,0.1631,5235.99,1,17.1368,128.226,step
2026-09-01T13:13:44.351080+00:00,28.747,0.1908,0.8,0.0,0.2831,0.1655,5235.99,1,17.0457,128.246,step
2026-09-01T13:13:44.352374+00:00,29.244,0.1947,0.0,0.15,0.2794,0.168,5235.99,1,16.9528,128.266,step
2026-09-01T13:13:44.353674+00:00,29.132,0.1986,0.0,0.15,0.2755,0.1705,5235.99,1,16.8586,128.286,step
2026-09-01T13:13:44.354934+00:00,28.718,0.2023,0.0,0.15,0.2717,0.1727,5235.99,1,16.7699,128.306,step
2026-09-01T13:13:44.356196+00:00,28.307,0.2059,0.8,0.0,0.2678,0.1747,5235.99,1,16.6842,128.326,step
2026-09-01T13:13:44.357388+00:00,28.797,0.2098,0.0,0.15,0.264,0.1772,5235.99,1,16.5967,128.346,step
2026-09-01T13:13:44.358632+00:00,28.696,0.2138,0.0,0.15,0.26,0.1798,5235.99,1,16.5076,128.366,step
2026-09-01T13:13:44.359900+00:00,28.282,0.2177,0.0,0.15,0.256,0.1821,5235.99,1,16.424,128.386,step
2026-09-01T13:13:44.361239+00:00,27.869,0.2213,0.0,0.15,0.252,0.1842,5235.99,1,16.3436,128.406,step
2026-09-01T13:13:44.362517+00:00,27.459,0.2249,0.8,0.0,0.2481,0.1862,5235.99,1,16.2656,128.426,step
2026-09-01T13:13:44.363832+00:00,27.949,0.2285,0.0,0.15,0.2441,0.1882,5235.99,1,16.1858,128.446,step
2026-09-01T13:13:44.365069+00:00,27.849,0.2323,0.0,0.15,0.24,0.1903,5235.99,1,16.1045,128.466,step
2026-09-01T13:13:44.366266+00:00,27.435,0.2357,0.0,0.15,0.236,0.1922,5235.99,1,16.0282,128.486,step
2026-09-01T13:13:44.367491+00:00,27.024,0.2391,0.8,0.0,0.232,0.1939,5235.99,1,15.9547,128.506,step
2026-09-01T13:13:44.368757+00:00,27.484,0.2425,0.0,0.15,0.2279,0.1956,5235.99,1,15.8798,128.526,step
2026-09-01T13:13:44.369999+00:00,27.418,0.2461,0.0,0.15,0.2238,0.1975,5235.99,1,15.8028,128.546,step
2026-09-01T13:13:44.371252+00:00,27.005,0.2494,0.0,0.15,0.2197,0.199,5235.99,1,15.7309,128.566,step
2026-09-01T13:13:44.372515+00:00,26.59,0.2525,0.8,0.0,0.2156,0.2004,5235.99,1,15.6616,128.586,step
2026-09-01T13:13:44.373750+00:00,27.084,0.2558,0.0,0.15,0.2115,0.2019,5235.99,1,15.5907,128.606,step
2026-09-01T13:13:44.375031+00:00,26.98,0.2591,0.0,0.15,0.2073,0.2035,5235.99,1,15.5181,128.626,step
2026-09-01T13:13:44.376291+00:00,26.561,0.2622,0.0,0.15,0.2032,0.2047,5235.99,1,15.4505,128.646,step
2026-09-01T13:13:44.377596+00:00,26.147,0.2651,0.0,0.15,0.1991,0.2059,5235.99,1,15.3854,128.666,step
2026-09-01T13:13:44.378863+00:00,25.736,0.268,0.8,0.0,0.1951,0.2069,5235.99,1,15.3226,128.686,step
2026-09-01T13:13:44.380142+00:00,26.244,0.2709,0.0,0.15,0.1911,0.208,5235.99,1,15.2578,128.706,step
2026-09-01T13:13:44.381416+00:00,26.128,0.2739,0.0,0.15,0.1869,0.2092,5235.99,1,15.1915,128.726,step
2026-09-01T13:13:44.382657+00:00,25.713,0.2767,0.0,0.15,0.1829,0.2101,5235.99,1,15.1298,128.746,step
2026-09-01T13:13:44.383880+00:00,25.301,0.2794,0.8,0.0,0.1788,0.211,5235.99,1,15.0702,128.766,step
2026-09-01T13:13:44.385093+00:00,25.809,0.2824,0.0,0.15,0.1748,0.2123,5235.99,1,15.0088,128.786,step
2026-09-01T13:13:44.386367+00:00,25.694,0.2856,0.0,0.15,0.1707,0.2137,5235.99,1,14.9456,128.806,step
2026-09-01T13:13:44.387620+00:00,25.276,0.2885,0.8,0.0,0.1666,0.2148,5235.99,1,14.8871,128.826,step
2026-09-01T13:13:44.388897+00:00,25.784,0.2915,0.0,0.15,0.1625,0.2159,5235.99,1,14.8274,128.846,step
2026-09-01T13:13:44.390114+00:00,25.667,0.2945,0.0,0.15,0.1584,0.2171,5235.99,1,14.7659,128.866,step
2026-09-01T13:13:44.391321+00:00,25.246,0.2973,0.0,0.15,0.1542,0.2181,5235.99,1,14.7093,128.886,step
2026-09-01T13:13:44.392549+00:00,24.831,0.3,0.8,0.0,0.1502,0.2189,5235.99,1,14.6552,128.906,step
2026-09-01T13:13:44.393747+00:00,25.338,0.3028,0.0,0.15,0.1461,0.2198,5235.99,1,14.5996,128.926,step
2026-09-01T13:13:44.395004+00:00,25.221,0.3056,0.0,0.15,0.142,0.2207,5235.99,1,14.5424,128.946,step
2026-09-01T13:13:44.396222+00:00,24.801,0.3082,0.0,0.15,0.1379,0.2214,5235.99,1,14.4898,128.966,step
2026-09-01T13:13:44.397491+00:00,24.389,0.3107,0.8,0.0,0.1339,0.222,5235.99,1,14.4392,128.986,step
2026-09-01T13:13:44.398691+00:00,24.893,0.3132,0.0,0.15,0.1299,0.2227,5235.99,1,14.387,129.006,step
2026-09-01T13:13:44.399953+00:00,24.778,0.3159,0.0,0.15,0.1258,0.2234,5235.99,1,14.3332,129.026,step
2026-09-01T13:13:44.401236+00:00,24.359,0.3183,0.0,0.15,0.1217,0.2239,5235.99,1,14.2837,129.046,step
2026-09-01T13:13:44.402569+00:00,23.945,0.3206,0.8,0.0,0.1178,0.2243,5235.99,1,14.236,129.066,step
2026-09-01T13:13:44.403780+00:00,24.462,0.323,0.0,0.15,0.1138,0.2248,5235.99,1,14.1871,129.086,step
2026-09-01T13:13:44.404998+00:00,24.336,0.3254,0.0,0.15,0.1098,0.2254,5235.99,1,14.1363,129.106,step
2026-09-01T13:13:44.406214+00:00,23.916,0.3276,0.8,0.0,0.1058,0.2257,5235.99,1,14.0896,129.126,step
2026-09-01T13:13:44.407438+00:00,24.435,0.3299,0.0,0.15,0.1018,0.2261,5235.99,1,14.0418,129.146,step
2026-09-01T13:13:44.408646+00:00,24.306,0.3323,0.0,0.15,0.0978,0.2265,5235.99,1,13.9923,129.166,step
2026-09-01T13:13:44.409949+00:00,23.883,0.3345,0.0,0.15,0.0939,0.2267,5235.99,1,13.9466,129.186,step
2026-09-01T13:13:44.411201+00:00,23.467,0.3365,0.8,0.0,0.09,0.2269,5235.99,1,13.9029,129.206,step
2026-09-01T13:13:44.412427+00:00,23.98,0.3386,0.0,0.15,0.0861,0.2271,5235.99,1,13.858,129.226,step
2026-09-01T13:13:44.413683+00:00,23.855,0.3408,0.0,0.15,0.0821,0.2273,5235.99,1,13.8113,129.246,step
2026-09-01T13:13:44.414844+00:00,23.433,0.3429,0.0,0.15,0.0783,0.2275,5235.99,1,13.7683,129.266,step
2026-09-01T13:13:44.416040+00:00,23.018,0.345,0.8,0.0,0.0745,0.2278,5235.99,1,13.727,129.286,step
2026-09-01T13:13:44.417200+00:00,23.536,0.3473,0.0,0.15,0.0707,0.2283,5235.99,1,13.6844,129.306,step
2026-09-01T13:13:44.418410+00:00,23.406,0.3496,0.0,0.15,0.0668,0.2288,5235.99,1,13.64,129.326,step
2026-09-01T13:13:44.419668+00:00,22.984,0.3517,0.8,0.0,0.063,0.229,5235.99,1,13.5993,129.346,step
2026-09-01T13:13:44.420882+00:00,23.508,0.3539,0.0,0.15,0.0592,0.2293,5235.99,1,13.5576,129.366,step
2026-09-01T13:13:44.422079+00:00,23.372,0.3561,0.0,0.15,0.0554,0.2297,5235.99,1,13.5141,129.386,step
2026-09-01T13:13:44.423272+00:00,22.948,0.3581,0.0,0.15,0.0516,0.2299,5235.99,1,13.4743,129.406,step
2026-09-01T13:13:44.424455+00:00,22.531,0.3601,0.8,0.0,0.0479,0.23,5235.99,1,13.4362,129.426,step
2026-09-01T13:13:44.425691+00:00,23.048,0.3621,0.0,0.15,0.0441,0.2302,5235.99,1,13.3971,129.446,step
2026-09-01T13:13:44.426918+00:00,22.917,0.3641,0.0,0.15,0.0404,0.2304,5235.99,1,13.3562,129.466,step
2026-09-01T13:13:44.428159+00:00,22.494,0.366,0.8,0.0,0.0367,0.2304,5235.99,1,13.3188,129.486,step
2026-09-01T13:13:44.429351+00:00,23.023,0.3679,0.0,0.15,0.033,0.2305,5235.99,1,13.2804,129.506,step
2026-09-01T13:13:44.430571+00:00,22.878,0.3699,0.0,0.15,0.0292,0.2306,5235.99,1,13.2403,129.526,step
2026-09-01T13:13:44.431804+00:00,22.453,0.3716,0.0,0.15,0.0255,0.2305,5235.99,1,13.204,129.546,step
2026-09-01T13:13:44.433025+00:00,22.036,0.3733,0.8,0.0,0.0219,0.2303,5235.99,1,13.1693,129.566,step
2026-09-01T13:13:44.434313+00:00,22.557,0.375,0.0,0.15,0.0184,0.2302,5235.99,1,13.1335,129.586,step
2026-09-01T13:13:44.435641+00:00,22.421,0.3768,0.0,0.15,0.0147,0.2302,5235.99,1,13.096,129.606,step
2026-09-01T13:13:44.436896+00:00,21.997,0.3784,0.8,0.0,0.0111,0.23,5235.99,1,13.0616,129.626,step
2026-09-01T13:13:44.438089+00:00,22.525,0.3801,0.0,0.15,0.0076,0.2298,5235.99,1,13.0265,129.646,step
2026-09-01T13:13:44.439330+00:00,22.383,0.3818,0.0,0.15,0.004,0.2298,5235.99,1,12.9895,129.666,step
2026-09-01T13:13:44.440527+00:00,21.957,0.3834,0.8,0.0,0.0004,0.2295,5235.99,1,12.9557,129.686,step
2026-09-01T13:13:44.441745+00:00,22.482,0.3849,0.0,0.15,-0.0031,0.2292,5235.99,1,12.9214,129.706,step
2026-09-01T13:13:44.443042+00:00,22.341,0.3866,0.0,0.15,-0.0067,0.2291,5235.99,1,12.8852,129.726,step
2026-09-01T13:13:44.444248+00:00,21.914,0.3881,0.0,0.15,-0.0102,0.2287,5235.99,1,12.8524,129.746,step
2026-09-01T13:13:44.445497+00:00,21.495,0.3895,0.8,0.0,-0.0136,0.2283,5235.99,1,12.8209,129.766,step
2026-09-01T13:13:44.446712+00:00,22.015,0.3909,0.0,0.15,-0.017,0.2279,5235.99,1,12.7888,129.786,step
2026-09-01T13:13:44.447949+00:00,21.878,0.3924,0.0,0.15,-0.0205,0.2276,5235.99,1,12.7548,129.806,step
2026-09-01T13:13:44.449098+00:00,21.451,0.394,0.8,0.0,-0.0239,0.2276,5235.99,1,12.7237,129.826,step
2026-09-01T13:13:44.450283+00:00,21.981,0.3956,0.0,0.15,-0.0273,0.2275,5235.99,1,12.6922,129.846,step
2026-09-01T13:13:44.451485+00:00,21.834,0.3974,0.0,0.15,-0.0307,0.2275,5235.99,1,12.6589,129.866,step
2026-09-01T13:13:44.452693+00:00,21.406,0.399,0.8,0.0,-0.0341,0.2274,5235.99,1,12.6286,129.886,step
2026-09-01T13:13:44.453867+00:00,21.933,0.4005,0.0,0.15,-0.0374,0.2273,5235.99,1,12.5981,129.906,step
2026-09-01T13:13:44.455054+00:00,21.788,0.4022,0.0,0.15,-0.0408,0.2272,5235.99,1,12.5658,129.926,step
2026-09-01T13:13:44.456229+00:00,21.359,0.4037,0.0,0.15,-0.0442,0.227,5235.99,1,12.5364,129.946,step
2026-09-01T13:13:44.457401+00:00,20.939,0.4051,0.8,0.0,-0.0474,0.2267,5235.99,1,12.5084,129.966,step
2026-09-01T13:13:44.458657+00:00,21.46,0.4065,0.0,0.15,-0.0507,0.2265,5235.99,1,12.4799,129.986,step
2026-09-01T13:13:44.459936+00:00,21.32,0.408,0.0,0.15,-0.054,0.2263,5235.99,1,12.4493,130.006,step
2026-09-01T13:13:44.461121+00:00,20.892,0.4094,0.8,0.0,-0.0572,0.226,5235.99,1,12.4214,130.026,step
2026-09-01T13:13:44.462336+00:00,21.433,0.4108,0.0,0.15,-0.0604,0.2257,5235.99,1,12.3926,130.046,step
2026-09-01T13:13:44.463562+00:00,21.273,0.4122,0.0,0.15,-0.0637,0.2255,5235.99,1,12.362,130.066,step
2026-09-01T13:13:44.464754+00:00,20.843,0.4135,0.8,0.0,-0.0668,0.2251,5235.99,1,12.3342,130.086,step
2026-09-01T13:13:44.465935+00:00,21.376,0.4148,0.0,0.15,-0.07,0.2247,5235.99,1,12.3063,130.106,step
2026-09-01T13:13:44.467217+00:00,21.223,0.4162,0.0,0.15,-0.0732,0.2244,5235.99,1,12.2763,130.126,step
2026-09-01T13:13:44.468431+00:00,20.793,0.4174,0.8,0.0,-0.0764,0.224,5235.99,1,12.2491,130.146,step
2026-09-01T13:13:44.469785+00:00,21.318,0.4186,0.0,0.15,-0.0795,0.2235,5235.99,1,12.2215,130.166,step
2026-09-01T13:13:44.471086+00:00,21.174,0.4199,0.0,0.15,-0.0827,0.2232,5235.99,1,12.1919,130.186,step
2026-09-01T13:13:44.472364+00:00,20.744,0.4211,0.0,0.15,-0.0858,0.2227,5235.99,1,12.165,130.206,step
2026-09-01T13:13:44.473595+00:00,20.324,0.4221,0.8,0.0,-0.0888,0.2221,5235.99,1,12.139,130.226,step
2026-09-01T13:13:44.474779+00:00,20.846,0.4232,0.0,0.15,-0.0918,0.2216,5235.99,1,12.1128,130.246,step
2026-09-01T13:13:44.476029+00:00,20.705,0.4244,0.0,0.15,-0.0949,0.2211,5235.99,1,12.0845,130.266,step
2026-09-01T13:13:44.477289+00:00,20.275,0.4254,0.8,0.0,-0.0979,0.2206,5235.99,1,12.0584,130.286,step
2026-09-01T13:13:44.478504+00:00,20.809,0.4264,0.0,0.15,-0.1009,0.22,5235.99,1,12.0322,130.306,step
2026-09-01T13:13:44.479742+00:00,20.658,0.4276,0.0,0.15,-0.1039,0.2195,5235.99,1,12.0038,130.326,step
2026-09-01T13:13:44.480942+00:00,20.227,0.4285,0.8,0.0,-0.1068,0.2189,5235.99,1,11.9779,130.346,step
2026-09-01T13:13:44.482137+00:00,20.758,0.4295,0.0,0.15,-0.1097,0.2183,5235.99,1,11.9522,130.366,step
2026-09-01T13:13:44.483324+00:00,20.608,0.4305,0.0,0.15,-0.1127,0.2177,5235.99,1,11.9243,130.386,step
2026-09-01T13:13:44.484571+00:00,20.177,0.4314,0.8,0.0,-0.1156,0.2171,5235.99,1,11.8987,130.406,step
2026-09-01T13:13:44.485774+00:00,20.707,0.4323,0.0,0.15,-0.1184,0.2164,5235.99,1,11.8733,130.426,step
2026-09-01T13:13:44.486940+00:00,20.559,0.4333,0.0,0.15,-0.1213,0.2158,5235.99,1,11.8456,130.446,step
2026-09-01T13:13:44.488146+00:00,20.127,0.4341,0.0,0.15,-0.1242,0.2151,5235.99,1,11.8201,130.466,step
2026-09-01T13:13:44.489305+00:00,19.707,0.4349,0.8,0.0,-0.1269,0.2143,5235.99,1,11.7957,130.486,step
2026-09-01T13:13:44.490446+00:00,20.234,0.4357,0.0,0.15,-0.1296,0.2136,5235.99,1,11.7714,130.506,step
2026-09-01T13:13:44.491582+00:00,20.089,0.4365,0.0,0.15,-0.1324,0.2129,5235.99,1,11.745,130.526,step
2026-09-01T13:13:44.492783+00:00,19.659,0.4373,0.8,0.0,-0.1351,0.2121,5235.99,1,11.7204,130.546,step
2026-09-01T13:13:44.494082+00:00,20.196,0.438,0.0,0.15,-0.1378,0.2114,5235.99,1,11.6961,130.566,step
2026-09-01T13:13:44.495308+00:00,20.042,0.4388,0.0,0.15,-0.1405,0.2107,5235.99,1,11.6696,130.586,step
2026-09-01T13:13:44.496511+00:00,19.611,0.4395,0.8,0.0,-0.1432,0.2099,5235.99,1,11.6449,130.606,step
2026-09-01T13:13:44.497698+00:00,20.146,0.4401,0.0,0.15,-0.1458,0.2091,5235.99,1,11.6209,130.626,step
2026-09-01T13:13:44.498895+00:00,19.994,0.4409,0.0,0.15,-0.1485,0.2083,5235.99,1,11.5945,130.646,step
2026-09-01T13:13:44.500096+00:00,19.562,0.4416,0.8,0.0,-0.1511,0.2075,5235.99,1,11.5699,130.666,step
2026-09-01T13:13:44.501355+00:00,20.101,0.4421,0.0,0.15,-0.1537,0.2067,5235.99,1,11.546,130.686,step
2026-09-01T13:13:44.502545+00:00,19.944,0.4429,0.0,0.15,-0.1563,0.2059,5235.99,1,11.5197,130.706,step
2026-09-01T13:13:44.503743+00:00,19.513,0.4434,0.8,0.0,-0.1588,0.205,5235.99,1,11.4954,130.726,step
2026-09-01T13:13:44.504977+00:00,20.046,0.444,0.0,0.15,-0.1613,0.2042,5235.99,1,11.4715,130.746,step
2026-09-01T13:13:44.506167+00:00,19.896,0.4446,0.0,0.15,-0.1639,0.2034,5235.99,1,11.4454,130.766,step
2026-09-01T13:13:44.507326+00:00,19.465,0.4452,0.0,0.15,-0.1664,0.2025,5235.99,1,11.4212,130.786,step
2026-09-01T13:13:44.508523+00:00,19.045,0.4457,0.8,0.0,-0.1687,0.2016,5235.99,1,11.3977,130.806,step
2026-09-01T13:13:44.509797+00:00,19.576,0.4461,0.0,0.15,-0.1711,0.2007,5235.99,1,11.3747,130.826,step
2026-09-01T13:13:44.511033+00:00,19.43,0.4467,0.0,0.15,-0.1736,0.1998,5235.99,1,11.3494,130.846,step
2026-09-01T13:13:44.512216+00:00,18.999,0.4471,0.8,0.0,-0.1759,0.199,5235.99,1,11.3255,130.866,step
2026-09-01T13:13:44.513431+00:00,19.54,0.4475,0.0,0.15,-0.1782,0.198,5235.99,1,11.3018,130.886,step
2026-09-01T13:13:44.514627+00:00,19.384,0.448,0.0,0.15,-0.1806,0.1972,5235.99,1,11.2758,130.906,step
2026-09-01T13:13:44.515783+00:00,18.953,0.4485,0.8,0.0,-0.1829,0.1963,5235.99,1,11.2512,130.926,step
2026-09-01T13:13:44.516972+00:00,19.492,0.4488,0.0,0.15,-0.1852,0.1953,5235.99,1,11.227,130.946,step
2026-09-01T13:13:44.518169+00:00,19.337,0.4493,0.0,0.15,-0.1875,0.1945,5235.99,1,11.2005,130.966,step
2026-09-01T13:13:44.519509+00:00,18.907,0.4497,0.8,0.0,-0.1897,0.1936,5235.99,1,11.1754,130.986,step
2026-09-01T13:13:44.520743+00:00,19.443,0.45,0.0,0.15,-0.1919,0.1926,5235.99,1,11.151,131.006,step
2026-09-01T13:13:44.521958+00:00,19.291,0.4504,0.0,0.15,-0.1942,0.1917,5235.99,1,11.1241,131.026,step
2026-09-01T13:13:44.523182+00:00,18.861,0.4508,0.8,0.0,-0.1964,0.1907,5235.99,1,11.0986,131.046,step
2026-09-01T13:13:44.524388+00:00,19.398,0.451,0.0,0.15,-0.1985,0.1897,5235.99,1,11.0737,131.066,step
2026-09-01T13:13:44.525643+00:00,19.245,0.4514,0.0,0.15,-0.2007,0.1888,5235.99,1,11.0463,131.086,step
2026-09-01T13:13:44.526914+00:00,18.815,0.4518,0.0,0.15,-0.2028,0.188,5235.99,1,11.0203,131.106,step
2026-09-01T13:13:44.528104+00:00,18.396,0.4527,0.8,0.0,-0.2049,0.1878,5235.99,1,10.9952,131.126,step
2026-09-01T13:13:44.529275+00:00,18.931,0.4535,0.0,0.15,-0.207,0.1876,5235.99,1,10.9705,131.146,step
2026-09-01T13:13:44.530453+00:00,18.781,0.4545,0.0,0.15,-0.2091,0.1874,5235.99,1,10.9435,131.166,step
2026-09-01T13:13:44.531619+00:00,18.352,0.4553,0.8,0.0,-0.2111,0.1872,5235.99,1,10.9179,131.186,step
2026-09-01T13:13:44.532764+00:00,18.897,0.4561,0.0,0.15,-0.2131,0.1869,5235.99,1,10.8928,131.206,step
2026-09-01T13:13:44.533930+00:00,18.737,0.457,0.0,0.15,-0.2152,0.1868,5235.99,1,10.8653,131.226,step
2026-09-01T13:13:44.535117+00:00,18.308,0.4578,0.8,0.0,-0.2172,0.1865,5235.99,1,10.8394,131.246,step
2026-09-01T13:13:44.536289+00:00,18.849,0.4586,0.0,0.15,-0.2192,0.1862,5235.99,1,10.8142,131.266,step
2026-09-01T13:13:44.537492+00:00,18.692,0.4595,0.0,0.15,-0.2213,0.186,5235.99,1,10.7867,131.286,step
2026-09-01T13:13:44.538716+00:00,18.262,0.4602,0.8,0.0,-0.2233,0.1857,5235.99,1,10.7606,131.306,step
2026-09-01T13:13:44.539876+00:00,18.802,0.4609,0.0,0.15,-0.2253,0.1854,5235.99,1,10.7352,131.326,step
2026-09-01T13:13:44.541060+00:00,18.647,0.4618,0.0,0.15,-0.2273,0.1851,5235.99,1,10.7075,131.346,step
2026-09-01T13:13:44.542208+00:00,18.218,0.4625,0.0,0.15,-0.2293,0.1848,5235.99,1,10.6813,131.366,step
2026-09-01T13:13:44.543325+00:00,17.799,0.4632,0.8,0.0,-0.2312,0.1845,5235.99,1,10.6559,131.386,step
2026-09-01T13:13:44.544573+00:00,18.338,0.4638,0.0,0.15,-0.2331,0.1841,5235.99,1,10.631,131.406,step
2026-09-01T13:13:44.545780+00:00,18.184,0.4645,0.0,0.15,-0.235,0.1838,5235.99,1,10.6039,131.426,step
2026-09-01T13:13:44.546970+00:00,17.757,0.4652,0.8,0.0,-0.2369,0.1834,5235.99,1,10.5782,131.446,step
2026-09-01T13:13:44.548125+00:00,18.305,0.4658,0.0,0.15,-0.2388,0.183,5235.99,1,10.553,131.466,step
2026-09-01T13:13:44.549276+00:00,18.142,0.4665,0.0,0.15,-0.2407,0.1826,5235.99,1,10.5255,131.486,step
2026-09-01T13:13:44.550458+00:00,17.714,0.4671,0.8,0.0,-0.2426,0.1823,5235.99,1,10.4993,131.506,step
2026-09-01T13:13:44.551629+00:00,18.26,0.4677,0.0,0.15,-0.2444,0.1818,5235.99,1,10.4738,131.526,step
2026-09-01T13:13:44.552937+00:00,18.099,0.4683,0.0,0.15,-0.2463,0.1815,5235.99,1,10.4461,131.546,step
2026-09-01T13:13:44.554209+00:00,17.671,0.4689,0.8,0.0,-0.2482,0.1811,5235.99,1,10.4197,131.566,step
2026-09-01T13:13:44.555380+00:00,18.215,0.4695,0.0,0.15,-0.25,0.1806,5235.99,1,10.394,131.586,step
2026-09-01T13:13:44.556573+00:00,18.057,0.4701,0.0,0.15,-0.2518,0.1802,5235.99,1,10.366,131.606,step
2026-09-01T13:13:44.557749+00:00,17.628,0.4707,0.0,0.15,-0.2536,0.1798,5235.99,1,10.3395,131.626,step
2026-09-01T13:13:44.558971+00:00,17.209,0.4712,0.8,0.0,-0.2554,0.1793,5235.99,1,10.3139,131.646,step
2026-09-01T13:13:44.560184+00:00,17.752,0.4716,0.0,0.15,-0.2571,0.1788,5235.99,1,10.2887,131.666,step
2026-09-01T13:13:44.561453+00:00,17.597,0.4722,0.0,0.15,-0.2589,0.1784,5235.99,1,10.2613,131.686,step
2026-09-01T13:13:44.562635+00:00,17.17,0.4727,0.8,0.0,-0.2606,0.178,5235.99,1,10.2353,131.706,step
2026-09-01T13:13:44.563809+00:00,17.723,0.4731,0.0,0.15,-0.2623,0.1774,5235.99,1,10.2097,131.726,step
2026-09-01T13:13:44.565006+00:00,17.556,0.4736,0.0,0.15,-0.2641,0.177,5235.99,1,10.1819,131.746,step
2026-09-01T13:13:44.566175+00:00,17.129,0.4741,0.8,0.0,-0.2658,0.1765,5235.99,1,10.1556,131.766,step
2026-09-01T13:13:44.567391+00:00,17.68,0.4745,0.0,0.15,-0.2674,0.176,5235.99,1,10.1298,131.786,step
2026-09-01T13:13:44.568625+00:00,17.516,0.475,0.0,0.15,-0.2692,0.1756,5235.99,1,10.1017,131.806,step
2026-09-01T13:13:44.569825+00:00,17.089,0.4755,0.8,0.0,-0.2708,0.1751,5235.99,1,10.0752,131.826,step
2026-09-01T13:13:44.571051+00:00,17.638,0.4758,0.0,0.15,-0.2725,0.1745,5235.99,1,10.0491,131.846,step
2026-09-01T13:13:44.572229+00:00,17.476,0.4763,0.0,0.15,-0.2741,0.174,5235.99,1,10.0209,131.866,step
2026-09-01T13:13:44.573391+00:00,17.049,0.4771,0.0,0.15,-0.2758,0.174,5235.99,1,9.99415,131.886,step
2026-09-01T13:13:44.574523+00:00,16.63,0.4782,0.8,0.0,-0.2773,0.1744,5235.99,1,9.96832,131.906,step
2026-09-01T13:13:44.575703+00:00,17.178,0.4793,0.0,0.15,-0.2789,0.1747,5235.99,1,9.94297,131.926,step
2026-09-01T13:13:44.576919+00:00,17.019,0.4805,0.0,0.15,-0.2806,0.1752,5235.99,1,9.91616,131.946,step
2026-09-01T13:13:44.578160+00:00,16.593,0.4816,0.8,0.0,-0.2822,0.1756,5235.99,1,9.89162,131.966,step
2026-09-01T13:13:44.579377+00:00,17.148,0.4826,0.0,0.15,-0.2838,0.1759,5235.99,1,9.86837,131.986,step
2026-09-01T13:13:44.580536+00:00,16.98,0.4838,0.0,0.15,-0.2854,0.1764,5235.99,1,9.84371,132.006,step
2026-09-01T13:13:44.581706+00:00,16.554,0.4849,0.8,0.0,-0.287,0.1767,5235.99,1,9.82155,132.026,step
2026-09-01T13:13:44.582831+00:00,17.107,0.4859,0.0,0.15,-0.2887,0.177,5235.99,1,9.80063,132.046,step
2026-09-01T13:13:44.583970+00:00,16.941,0.4871,0.0,0.15,-0.2903,0.1774,5235.99,1,9.7784,132.066,step
2026-09-01T13:13:44.585142+00:00,16.515,0.4881,0.8,0.0,-0.2919,0.1777,5235.99,1,9.75858,132.086,step
2026-09-01T13:13:44.586436+00:00,17.067,0.4891,0.0,0.15,-0.2935,0.1779,5235.99,1,9.74015,132.106,step
2026-09-01T13:13:44.587656+00:00,16.903,0.4902,0.0,0.15,-0.2952,0.1783,5235.99,1,9.72044,132.126,step
2026-09-01T13:13:44.588851+00:00,16.477,0.4912,0.8,0.0,-0.2968,0.1785,5235.99,1,9.7032,132.146,step
2026-09-01T13:13:44.590040+00:00,17.023,0.4922,0.0,0.15,-0.2984,0.1787,5235.99,1,9.68751,132.166,step
2026-09-01T13:13:44.591237+00:00,16.865,0.4933,0.0,0.15,-0.3001,0.179,5235.99,1,9.6706,132.186,step
2026-09-01T13:13:44.592414+00:00,16.439,0.4942,0.8,0.0,-0.3017,0.1792,5235.99,1,9.65613,132.206,step
2026-09-01T13:13:44.593623+00:00,16.99,0.4951,0.0,0.15,-0.3033,0.1794,5235.99,1,9.64311,132.226,step
2026-09-01T13:13:44.594801+00:00,16.828,0.4962,0.0,0.15,-0.305,0.1796,5235.99,1,9.62894,132.246,step
2026-09-01T13:13:44.596013+00:00,16.401,0.4971,0.8,0.0,-0.3066,0.1798,5235.99,1,9.61727,132.266,step
2026-09-01T13:13:44.597186+00:00,16.956,0.498,0.0,0.15,-0.3082,0.1799,5235.99,1,9.60718,132.286,step
2026-09-01T13:13:44.598349+00:00,16.79,0.499,0.0,0.15,-0.3099,0.1801,5235.99,1,9.59605,132.306,step
2026-09-01T13:13:44.599488+00:00,16.364,0.4999,0.8,0.0,-0.3115,0.1803,5235.99,1,9.58744,132.326,step
2026-09-01T13:13:44.600645+00:00,16.919,0.5008,0.0,0.15,-0.3131,0.1803,5235.99,1,9.58058,132.346,step
2026-09-01T13:13:44.601819+00:00,16.752,0.5018,0.0,0.15,-0.3147,0.1805,5235.99,1,9.57273,132.366,step
2026-09-01T13:13:44.603115+00:00,16.327,0.5027,0.8,0.0,-0.3163,0.1806,5235.99,1,9.56742,132.386,step
2026-09-01T13:13:44.604317+00:00,16.881,0.5035,0.0,0.15,-0.318,0.1806,5235.99,1,9.56389,132.406,step
2026-09-01T13:13:44.605551+00:00,16.717,0.5044,0.0,0.15,-0.3196,0.1808,5235.99,1,9.55927,132.426,step
2026-09-01T13:13:44.606792+00:00,16.291,0.5053,0.8,0.0,-0.3212,0.1808,5235.99,1,9.55733,132.446,step
2026-09-01T13:13:44.607964+00:00,16.844,0.5061,0.0,0.15,-0.3228,0.1808,5235.99,1,9.55719,132.466,step
2026-09-01T13:13:44.609205+00:00,16.68,0.507,0.0,0.15,-0.3245,0.1809,5235.99,1,9.55627,132.486,step
2026-09-01T13:13:44.610499+00:00,16.255,0.5078,0.8,0.0,-0.3261,0.181,5235.99,1,9.55817,132.506,step
2026-09-01T13:13:44.611684+00:00,16.809,0.5086,0.0,0.15,-0.3276,0.1809,5235.99,1,9.56193,132.526,step
2026-09-01T13:13:44.612918+00:00,16.645,0.5094,0.0,0.15,-0.3293,0.181,5235.99,1,9.56495,132.546,step
2026-09-01T13:13:44.614126+00:00,16.219,0.5102,0.8,0.0,-0.3309,0.181,5235.99,1,9.57078,132.566,step
2026-09-01T13:13:44.615322+00:00,16.774,0.511,0.0,0.15,-0.3325,0.1809,5235.99,1,9.57855,132.586,step
2026-09-01T13:13:44.616526+00:00,16.609,0.5118,0.0,0.15,-0.3341,0.181,5235.99,1,9.58571,132.606,step
2026-09-01T13:13:44.617779+00:00,16.184,0.5126,0.8,0.0,-0.3357,0.1809,5235.99,1,9.59599,132.626,step
2026-09-01T13:13:44.619028+00:00,16.738,0.5133,0.0,0.15,-0.3372,0.1808,5235.99,1,9.60822,132.646,step
2026-09-01T13:13:44.620215+00:00,16.575,0.5141,0.0,0.15,-0.3389,0.1809,5235.99,1,9.6198,132.666,step
2026-09-01T13:13:44.621448+00:00,16.15,0.5148,0.8,0.0,-0.3404,0.1808,5235.99,1,9.63471,132.686,step
2026-09-01T13:13:44.622649+00:00,16.704,0.5155,0.0,0.15,-0.342,0.1806,5235.99,1,9.65179,132.706,step
2026-09-01T13:13:44.623830+00:00,16.541,0.5163,0.8,0.0,-0.3436,0.1806,5235.99,1,9.66844,132.726,step
2026-09-01T13:13:44.625034+00:00,17.092,0.517,0.0,0.15,-0.3452,0.1805,5235.99,1,9.68911,132.746,step
2026-09-01T13:13:44.626212+00:00,16.926,0.5188,0.0,0.15,-0.3469,0.1817,5235.99,1,9.70938,132.766,step
2026-09-01T13:13:44.627411+00:00,16.5,0.5206,0.8,0.0,-0.3485,0.1829,5235.99,1,9.73368,132.786,step
2026-09-01T13:13:44.628559+00:00,17.05,0.5223,0.0,0.15,-0.3501,0.1841,5235.99,1,9.76069,132.806,step
2026-09-01T13:13:44.629768+00:00,16.891,0.5242,0.8,0.0,-0.3518,0.1854,5235.99,1,9.788,132.826,step
2026-09-01T13:13:44.630930+00:00,17.436,0.526,0.0,0.15,-0.3535,0.1865,5235.99,1,9.82036,132.846,step
2026-09-01T13:13:44.632071+00:00,17.276,0.5279,0.0,0.15,-0.3553,0.1878,5235.99,1,9.85316,132.866,step
2026-09-01T13:13:44.633251+00:00,16.848,0.5296,0.8,0.0,-0.357,0.1889,5235.99,1,9.8906,132.886,step
2026-09-01T13:13:44.634418+00:00,17.395,0.5314,0.0,0.15,-0.3588,0.19,5235.99,1,9.93151,132.906,step
2026-09-01T13:13:44.635627+00:00,17.241,0.5332,0.8,0.0,-0.3606,0.1912,5235.99,1,9.9732,132.926,step
2026-09-01T13:13:44.636777+00:00,17.784,0.535,0.0,0.15,-0.3624,0.1922,5235.99,1,10.0209,132.946,step
2026-09-01T13:13:44.638005+00:00,17.627,0.5369,0.0,0.15,-0.3643,0.1934,5235.99,1,10.0697,132.966,step
2026-09-01T13:13:44.639206+00:00,17.199,0.5386,0.8,0.0,-0.3662,0.1944,5235.99,1,10.1239,132.986,step
2026-09-01T13:13:44.640393+00:00,17.744,0.5403,0.0,0.15,-0.368,0.1953,5235.99,1,10.1827,133.006,step
2026-09-01T13:13:44.641594+00:00,17.592,0.5421,0.8,0.0,-0.3699,0.1964,5235.99,1,10.2428,133.026,step
2026-09-01T13:13:44.642803+00:00,18.126,0.5438,0.0,0.15,-0.3719,0.1974,5235.99,1,10.3108,133.046,step
2026-09-01T13:13:44.644005+00:00,17.98,0.5457,0.8,0.0,-0.3739,0.1984,5235.99,1,10.3805,133.066,step
2026-09-01T13:13:44.645185+00:00,18.518,0.5474,0.0,0.15,-0.3759,0.1993,5235.99,1,10.4588,133.086,step
2026-09-01T13:13:44.646400+00:00,18.367,0.5493,0.0,0.15,-0.3779,0.2004,5235.99,1,10.5394,133.106,step
2026-09-01T13:13:44.647597+00:00,17.937,0.551,0.8,0.0,-0.38,0.2013,5235.99,1,10.6274,133.126,step
2026-09-01T13:13:44.648799+00:00,18.478,0.5527,0.8,0.0,-0.382,0.2021,5235.99,1,10.7223,133.146,step
2026-09-01T13:13:44.650007+00:00,19.211,0.5544,0.0,0.15,-0.3841,0.2029,5235.99,1,10.8276,133.166,step
2026-09-01T13:13:44.651193+00:00,19.078,0.5562,0.8,0.0,-0.3864,0.2038,5235.99,1,10.9355,133.186,step
2026-09-01T13:13:44.652408+00:00,19.62,0.558,0.0,0.15,-0.3886,0.2047,5235.99,1,11.0552,133.206,step
2026-09-01T13:13:44.653600+00:00,19.464,0.5599,0.8,0.0,-0.3909,0.2056,5235.99,1,11.18,133.226,step
2026-09-01T13:13:44.654821+00:00,19.993,0.5617,0.0,0.15,-0.3931,0.2064,5235.99,1,11.3195,133.246,step
2026-09-01T13:13:44.656017+00:00,19.856,0.5636,0.8,0.0,-0.3955,0.2073,5235.99,1,11.4655,133.266,step
2026-09-01T13:13:44.657157+00:00,20.375,0.5654,0.8,0.0,-0.3979,0.208,5235.99,1,11.6255,133.286,step
2026-09-01T13:13:44.658323+00:00,21.107,0.5672,0.0,0.15,-0.4003,0.2088,5235.99,1,11.8014,133.306,step
2026-09-01T13:13:44.659552+00:00,21.025,0.5694,0.8,0.0,-0.4029,0.2099,5235.99,1,11.9817,133.326,step
2026-09-01T13:13:44.660786+00:00,21.509,0.5714,0.0,0.15,-0.4055,0.2108,5235.99,1,12.1793,133.346,step
2026-09-01T13:13:44.661946+00:00,21.413,0.5736,0.8,0.0,-0.4082,0.2119,5235.99,1,12.3861,133.366,step
2026-09-01T13:13:44.663152+00:00,21.888,0.5757,0.8,0.0,-0.4109,0.2128,5235.99,1,12.6191,133.386,step
2026-09-01T13:13:44.664388+00:00,22.615,0.5776,0.8,0.0,-0.4137,0.2134,5235.99,1,12.8861,133.406,step
2026-09-01T13:13:44.665578+00:00,23.365,0.5795,0.8,0.0,-0.4166,0.214,5235.99,1,13.1874,133.426,step
2026-09-01T13:13:44.666767+00:00,24.123,0.5814,0.0,0.15,-0.4196,0.2145,5235.99,1,13.5252,133.446,step
2026-09-01T13:13:44.668032+00:00,24.007,0.5837,0.8,0.0,-0.4227,0.2154,5235.99,1,13.8796,133.466,step
2026-09-01T13:13:44.669334+00:00,24.51,0.5857,0.8,0.0,-0.4258,0.216,5235.99,1,14.2841,133.486,step
2026-09-01T13:13:44.670542+00:00,25.243,0.5874,0.8,0.0,-0.429,0.2162,5235.99,1,14.8972,133.506,step
2026-09-01T13:13:44.671770+00:00,25.991,0.5892,0.8,0.0,-0.4323,0.2163,5235.99,1,38.3352,133.526,step
2026-09-01T13:13:44.672948+00:00,26.741,0.5893,0.8,0.0,-0.4358,0.2143,5235.99,1,37.8625,133.546,step
2026-09-01T13:13:44.674104+00:00,27.489,0.5826,0.8,0.0,-0.4392,0.2038,5235.99,1,37.3794,133.566,step
2026-09-01T13:13:44.675296+00:00,28.236,0.5757,0.15,0.0,-0.4424,0.1931,5235.99,1,36.8873,133.586,step
2026-09-01T13:13:44.676493+00:00,28.603,0.569,0.15,0.0,-0.4455,0.1828,5235.99,1,36.4075,133.606,step
2026-09-01T13:13:44.677742+00:00,28.744,0.5628,0.15,0.0,-0.4482,0.1734,5235.99,1,35.9524,133.626,step
2026-09-01T13:13:44.678941+00:00,28.886,0.5564,0.15,0.0,-0.4507,0.1639,5235.99,1,35.496,133.646,step
2026-09-01T13:13:44.680165+00:00,29.033,0.5498,0.15,0.0,-0.4529,0.1542,5235.99,1,35.0381,133.666,step
2026-09-01T13:13:44.681364+00:00,29.185,0.5431,0.15,0.0,-0.4549,0.1446,5235.99,1,34.5808,133.686,step
2026-09-01T13:13:44.682589+00:00,29.303,0.5362,0.15,0.0,-0.4566,0.1349,5235.99,1,34.1238,133.706,step
2026-09-01T13:13:44.683780+00:00,29.474,0.5289,0.15,0.0,-0.4581,0.1248,5235.99,1,33.6554,133.726,step
2026-09-01T13:13:44.684975+00:00,29.672,0.5214,0.15,0.0,-0.4594,0.1146,5235.99,1,33.1871,133.746,step
2026-09-01T13:13:44.686322+00:00,29.85,0.5141,0.15,0.0,-0.4605,0.1048,5235.99,1,32.7313,133.766,step
2026-09-01T13:13:44.687574+00:00,30.03,0.507,0.15,0.0,-0.4614,0.0955,5235.99,1,32.2906,133.786,step
2026-09-01T13:13:44.688780+00:00,30.207,0.5003,0.15,0.0,-0.462,0.0866,5235.99,1,31.8647,133.806,step
2026-09-01T13:13:44.689999+00:00,30.375,0.4937,0.15,0.0,-0.4625,0.078,5235.99,1,31.4463,133.826,step
2026-09-01T13:13:44.691167+00:00,30.535,0.4869,0.15,0.0,-0.4627,0.0694,5235.99,1,31.0279,133.846,step
2026-09-01T13:13:44.692319+00:00,30.695,0.4798,0.15,0.0,-0.4627,0.0606,5235.99,1,30.6067,133.866,step
2026-09-01T13:13:44.693488+00:00,30.858,0.0726,0.8,0.0,-0.4625,0.0517,5235.99,1,30.1842,133.886,step
2026-09-01T13:13:44.694719+00:00,31.488,0.0663,0.8,0.0,-0.4621,0.044,5483.34,1,29.7969,133.906,step
2026-09-01T13:13:44.695896+00:00,32.283,0.0633,0.8,0.0,-0.4622,0.0402,5741.99,1,29.5117,133.926,step
2026-09-01T13:13:44.697097+00:00,33.1,0.062,0.8,0.0,-0.4627,0.0383,6016.27,1,29.2751,133.946,step
2026-09-01T13:13:44.698222+00:00,33.941,0.0609,0.8,0.0,-0.4633,0.0366,6341.18,1,29.0408,133.966,step
2026-09-01T13:13:44.699375+00:00,34.798,0.0597,0.15,0.0,-0.464,0.0346,6761.37,1,28.7971,133.986,step
2026-09-01T13:13:44.700563+00:00,35.568,0.0584,0.15,0.0,-0.4648,0.0325,5552.55,1,28.544,134.006,step
2026-09-01T13:13:44.701722+00:00,35.754,0.0576,0.15,0.0,-0.4656,0.031,5597.04,1,28.3052,134.026,step
2026-09-01T13:13:44.703011+00:00,35.934,0.0569,0.15,0.0,-0.4663,0.0297,5628.64,1,28.072,134.046,step
2026-09-01T13:13:44.704204+00:00,36.123,0.0562,0.15,0.0,-0.467,0.0284,5659.33,1,27.8382,134.066,step
2026-09-01T13:13:44.705429+00:00,36.317,0.0555,0.15,0.0,-0.4676,0.0271,5694.82,1,27.6029,134.086,step
2026-09-01T13:13:44.706623+00:00,36.468,0.0547,0.15,0.0,-0.4682,0.0257,5836.53,1,27.3628,134.106,step
2026-09-01T13:13:44.707809+00:00,36.694,0.0536,0.15,0.0,-0.4688,0.0239,5810.37,1,27.1148,134.126,step
2026-09-01T13:13:44.709028+00:00,36.916,0.0526,0.15,0.0,-0.4694,0.0223,5799.35,1,26.8706,134.146,step
2026-09-01T13:13:44.710260+00:00,37.123,0.0518,0.15,0.0,-0.4699,0.021,5819.34,1,26.631,134.166,step
2026-09-01T13:13:44.711392+00:00,37.326,0.051,0.15,0.0,-0.4704,0.0198,5844.38,1,26.3928,134.186,step
2026-09-01T13:13:44.712541+00:00,37.528,0.0502,0.15,0.0,-0.4708,0.0186,5872.33,1,26.155,134.206,step
2026-09-01T13:13:44.713710+00:00,37.728,0.0495,0.15,0.0,-0.4712,0.0174,5902.33,1,25.917,134.226,step
2026-09-01T13:13:44.714834+00:00,37.929,0.0487,0.15,0.0,-0.4715,0.0162,5933.84,1,25.678,134.246,step
2026-09-01T13:13:44.716011+00:00,38.13,0.048,0.15,0.0,-0.4719,0.015,5966.81,1,25.4382,134.266,step
2026-09-01T13:13:44.717160+00:00,38.331,0.0472,0.15,0.0,-0.4721,0.0139,6000.51,1,25.1977,134.286,step
2026-09-01T13:13:44.718282+00:00,38.534,0.0464,0.15,0.0,-0.4724,0.0127,6033.39,1,24.9565,134.306,step
2026-09-01T13:13:44.719506+00:00,38.737,0.0456,0.15,0.0,-0.4726,0.0116,6065.97,1,24.7147,134.326,step
2026-09-01T13:13:44.720656+00:00,38.942,0.0447,0.15,0.0,-0.4728,0.0104,6098.6,1,24.472,134.346,step
2026-09-01T13:13:44.721794+00:00,39.147,0.0439,0.15,0.0,-0.4729,0.0093,6130.38,1,24.2287,134.366,step
2026-09-01T13:13:44.722965+00:00,39.353,0.043,0.15,0.0,-0.473,0.0082,6162.27,1,23.985,134.386,step
2026-09-01T13:13:44.724096+00:00,39.56,0.0422,0.15,0.0,-0.4731,0.0071,6194.44,1,23.7407,134.406,step
2026-09-01T13:13:44.725234+00:00,39.755,0.0413,0.15,0.0,-0.4731,0.0059,6257.94,1,23.4946,134.426,step
2026-09-01T13:13:44.726388+00:00,39.971,0.0404,0.0,0.15,-0.4732,0.0047,6272.32,1,23.2468,134.446,step
2026-09-01T13:13:44.727639+00:00,39.723,0.0395,0.0,0.15,-0.4732,0.0036,6054.64,1,23.0016,134.466,step
2026-09-01T13:13:44.728845+00:00,39.319,0.0387,0.0,0.15,-0.4731,0.0027,6000.28,1,22.7605,134.486,step
2026-09-01T13:13:44.730002+00:00,38.916,0.0379,0.0,0.15,-0.473,0.0017,5944.52,1,22.5225,134.506,step
2026-09-01T13:13:44.731183+00:00,38.521,0.037,0.0,0.15,-0.4729,0.0007,5887.84,1,22.287,134.526,step
2026-09-01T13:13:44.732296+00:00,38.129,0.0362,0.0,0.15,-0.4728,-0.0002,5830.26,1,22.0544,134.546,step
2026-09-01T13:13:44.733451+00:00,37.74,0.0354,0.0,0.15,-0.4726,-0.0011,5772.15,1,21.8249,134.566,step
2026-09-01T13:13:44.734599+00:00,37.353,0.0346,0.0,0.15,-0.4724,-0.002,5713.77,1,21.5983,134.586,step
2026-09-01T13:13:44.735791+00:00,36.969,0.0338,0.0,0.15,-0.4722,-0.0028,5655.19,1,21.3745,134.606,step
2026-09-01T13:13:44.736937+00:00,36.586,0.033,0.0,0.15,-0.4719,-0.0037,5596.83,1,21.1536,134.626,step
2026-09-01T13:13:44.738106+00:00,36.204,0.0323,0.0,0.15,-0.4717,-0.0045,5538.65,1,20.9355,134.646,step
2026-09-01T13:13:44.739237+00:00,35.823,0.0315,0.0,0.15,-0.4714,-0.0052,5480.95,1,20.7205,134.666,step
2026-09-01T13:13:44.740344+00:00,35.444,0.0308,0.0,0.15,-0.4711,-0.006,5423.47,1,20.5081,134.686,step
2026-09-01T13:13:44.741472+00:00,35.065,0.03,0.0,0.15,-0.4708,-0.0067,5366.26,1,20.2983,134.706,step
2026-09-01T13:13:44.742654+00:00,34.687,0.0293,0.0,0.15,-0.4704,-0.0074,5309.39,1,20.0913,134.726,step
2026-09-01T13:13:44.743832+00:00,34.309,0.0286,0.0,0.15,-0.4701,-0.0081,5254.18,1,19.8873,134.746,step
2026-09-01T13:13:44.744987+00:00,33.934,0.0279,0.0,0.15,-0.4698,-0.0087,5235.99,1,19.6858,134.766,step
2026-09-01T13:13:44.746158+00:00,33.601,0.0272,0.0,0.15,-0.4694,-0.0093,5235.99,1,19.4866,134.786,step
2026-09-01T13:13:44.747358+00:00,33.3,0.0265,0.0,0.15,-0.469,-0.01,5235.99,1,19.2882,134.806,step
2026-09-01T13:13:44.748530+00:00,33.057,0.0256,0.0,0.15,-0.4686,-0.0109,5235.99,1,19.0891,134.826,step
2026-09-01T13:13:44.749711+00:00,32.76,0.0248,0.0,0.15,-0.4682,-0.0117,5235.99,1,18.8923,134.846,step
2026-09-01T13:13:44.750949+00:00,32.374,0.0241,0.0,0.15,-0.4678,-0.0122,5235.99,1,18.7019,134.866,step
2026-09-01T13:13:44.752118+00:00,31.929,0.0237,0.0,0.15,-0.4674,-0.0125,5235.99,1,18.518,134.886,step
2026-09-01T13:13:44.753286+00:00,31.453,0.0233,0.0,0.15,-0.4669,-0.0127,5235.99,1,18.3388,134.906,step
2026-09-01T13:13:44.754510+00:00,31.0,0.023,0.0,0.15,-0.4665,-0.0129,5235.99,1,18.1619,134.926,step
2026-09-01T13:13:44.755702+00:00,30.634,0.0224,0.0,0.15,-0.4661,-0.0133,5235.99,1,17.984,134.946,step
2026-09-01T13:13:44.756898+00:00,30.276,0.0151,0.0,0.15,-0.4656,-0.0221,5235.99,1,17.8077,134.966,step
2026-09-01T13:13:44.758106+00:00,29.92,0.0029,0.0,0.15,-0.4647,-0.0368,5235.99,1,17.6354,134.986,step
2026-09-01T13:13:44.759309+00:00,29.568,-0.0092,0.8,0.0,-0.4634,-0.0511,5235.99,1,17.4688,135.006,step
2026-09-01T13:13:44.760517+00:00,30.091,-0.0215,0.0,0.15,-0.4619,-0.0655,5235.99,1,17.3008,135.026,step
2026-09-01T13:13:44.761713+00:00,30.09,-0.0339,0.0,0.15,-0.46,-0.0799,5235.99,1,17.1336,135.046,step
2026-09-01T13:13:44.762978+00:00,29.828,-0.0461,0.0,0.15,-0.4577,-0.0937,5235.99,1,16.9747,135.066,step
2026-09-01T13:13:44.764222+00:00,29.586,-0.0582,0.0,0.15,-0.4551,-0.1072,5235.99,1,16.82,135.086,step
2026-09-01T13:13:44.765470+00:00,29.308,-0.0701,0.0,0.15,-0.4522,-0.1202,5235.99,1,16.6711,135.106,step
2026-09-01T13:13:44.766698+00:00,29.029,-0.0817,0.0,0.15,-0.449,-0.1327,5235.99,1,16.5286,135.126,step
2026-09-01T13:13:44.767955+00:00,28.725,-0.0929,0.0,0.15,-0.4456,-0.1446,5235.99,1,16.3955,135.146,step
2026-09-01T13:13:44.769390+00:00,28.38,-0.1037,0.0,0.15,-0.442,-0.1558,5235.99,1,16.2704,135.166,step
2026-09-01T13:13:44.770701+00:00,28.021,-0.1142,0.0,0.15,-0.4381,-0.1666,5235.99,1,16.1509,135.186,step
2026-09-01T13:13:44.771978+00:00,27.666,-0.1246,0.0,0.15,-0.434,-0.177,5235.99,1,16.0355,135.206,step
2026-09-01T13:13:44.773218+00:00,27.271,-0.1348,0.0,0.15,-0.4298,-0.1871,5235.99,1,15.9234,135.226,step
2026-09-01T13:13:44.774481+00:00,26.684,-0.1452,0.8,0.0,-0.4255,-0.1973,5235.99,1,15.8086,135.246,step
2026-09-01T13:13:44.775727+00:00,27.173,-0.1555,0.0,0.15,-0.4209,-0.2075,5235.99,1,15.6949,135.266,step
2026-09-01T13:13:44.777000+00:00,27.044,-0.1658,0.0,0.15,-0.4162,-0.2174,5235.99,1,15.5833,135.286,step
2026-09-01T13:13:44.778271+00:00,26.697,-0.1754,0.0,0.15,-0.4113,-0.2263,5235.99,1,15.478,135.306,step
2026-09-01T13:13:44.779485+00:00,26.33,-0.1833,0.0,0.15,-0.4063,-0.233,5235.99,1,15.3772,135.326,step
2026-09-01T13:13:44.780741+00:00,25.954,-0.1909,0.0,0.15,-0.4013,-0.2394,5235.99,1,15.2804,135.346,step
2026-09-01T13:13:44.781940+00:00,25.585,-0.1984,0.8,0.0,-0.3962,-0.2455,5235.99,1,15.187,135.366,step
2026-09-01T13:13:44.783149+00:00,26.096,-0.2059,0.0,0.15,-0.391,-0.2518,5235.99,1,15.0916,135.386,step
2026-09-01T13:13:44.784441+00:00,26.021,-0.2136,0.0,0.15,-0.3856,-0.258,5235.99,1,14.9957,135.406,step
2026-09-01T13:13:44.785809+00:00,25.655,-0.2209,0.0,0.15,-0.3801,-0.2638,5235.99,1,14.9062,135.426,step
2026-09-01T13:13:44.787081+00:00,25.28,-0.2281,0.0,0.15,-0.3747,-0.2692,5235.99,1,14.8202,135.446,step
2026-09-01T13:13:44.788324+00:00,24.907,-0.235,0.8,0.0,-0.3692,-0.2745,5235.99,1,14.7372,135.466,step
2026-09-01T13:13:44.789598+00:00,25.435,-0.242,0.0,0.15,-0.3636,-0.2798,5235.99,1,14.6523,135.486,step
2026-09-01T13:13:44.790868+00:00,25.323,-0.2492,0.0,0.15,-0.3578,-0.2851,5235.99,1,14.5673,135.506,step
2026-09-01T13:13:44.792107+00:00,24.95,-0.2559,0.0,0.15,-0.3521,-0.29,5235.99,1,14.4881,135.526,step
2026-09-01T13:13:44.793367+00:00,24.576,-0.2625,0.0,0.15,-0.3463,-0.2946,5235.99,1,14.4121,135.546,step
2026-09-01T13:13:44.794645+00:00,24.205,-0.2689,0.8,0.0,-0.3405,-0.299,5235.99,1,14.339,135.566,step
2026-09-01T13:13:44.795884+00:00,24.725,-0.2754,0.0,0.15,-0.3347,-0.3035,5235.99,1,14.2641,135.586,step
2026-09-01T13:13:44.797142+00:00,24.613,-0.282,0.0,0.15,-0.3287,-0.3079,5235.99,1,14.1889,135.606,step
2026-09-01T13:13:44.798378+00:00,24.239,-0.2883,0.0,0.15,-0.3227,-0.312,5235.99,1,14.119,135.626,step
2026-09-01T13:13:44.799589+00:00,23.864,-0.2943,0.0,0.15,-0.3167,-0.3158,5235.99,1,14.052,135.646,step
2026-09-01T13:13:44.800847+00:00,23.491,-0.3002,0.8,0.0,-0.3108,-0.3195,5235.99,1,13.9875,135.666,step
2026-09-01T13:13:44.802105+00:00,24.006,-0.3062,0.0,0.15,-0.3048,-0.3233,5235.99,1,13.9216,135.686,step
2026-09-01T13:13:44.803400+00:00,23.889,-0.3123,0.0,0.15,-0.2986,-0.327,5235.99,1,13.8552,135.706,step
2026-09-01T13:13:44.804633+00:00,23.512,-0.318,0.0,0.15,-0.2925,-0.3303,5235.99,1,13.794,135.726,step
2026-09-01T13:13:44.805844+00:00,23.136,-0.3235,0.8,0.0,-0.2864,-0.3334,5235.99,1,13.7354,135.746,step
2026-09-01T13:13:44.807048+00:00,23.648,-0.3281,0.0,0.15,-0.2803,-0.3354,5235.99,1,13.6753,135.766,step
2026-09-01T13:13:44.808251+00:00,23.527,-0.3328,0.0,0.15,-0.2741,-0.3374,5235.99,1,13.6147,135.786,step
2026-09-01T13:13:44.809475+00:00,23.147,-0.3373,0.0,0.15,-0.2679,-0.339,5235.99,1,13.5589,135.806,step
2026-09-01T13:13:44.810828+00:00,22.77,-0.3415,0.8,0.0,-0.2619,-0.3406,5235.99,1,13.5055,135.826,step
2026-09-01T13:13:44.812037+00:00,23.28,-0.3459,0.0,0.15,-0.2558,-0.3422,5235.99,1,13.4506,135.846,step
2026-09-01T13:13:44.813292+00:00,23.155,-0.3503,0.0,0.15,-0.2496,-0.3438,5235.99,1,13.3952,135.866,step
2026-09-01T13:13:44.814499+00:00,22.773,-0.3544,0.0,0.15,-0.2434,-0.3452,5235.99,1,13.3443,135.886,step
2026-09-01T13:13:44.815725+00:00,22.397,-0.3584,0.8,0.0,-0.2374,-0.3464,5235.99,1,13.2955,135.906,step
2026-09-01T13:13:44.816906+00:00,22.909,-0.3625,0.0,0.15,-0.2313,-0.3477,5235.99,1,13.2452,135.926,step
2026-09-01T13:13:44.818138+00:00,22.777,-0.3666,0.0,0.15,-0.2252,-0.349,5235.99,1,13.1943,135.946,step
2026-09-01T13:13:44.819337+00:00,22.395,-0.3704,0.0,0.15,-0.2191,-0.35,5235.99,1,13.148,135.966,step
2026-09-01T13:13:44.820530+00:00,22.017,-0.3742,0.8,0.0,-0.2131,-0.3509,5235.99,1,13.1038,135.986,step
2026-09-01T13:13:44.821773+00:00,22.525,-0.378,0.0,0.15,-0.2071,-0.3519,5235.99,1,13.058,136.006,step
2026-09-01T13:13:44.822971+00:00,22.395,-0.3818,0.0,0.15,-0.201,-0.3529,5235.99,1,13.0116,136.026,step
2026-09-01T13:13:44.824163+00:00,22.012,-0.3854,0.8,0.0,-0.195,-0.3536,5235.99,1,12.9697,136.046,step
2026-09-01T13:13:44.825372+00:00,22.514,-0.3891,0.0,0.15,-0.189,-0.3545,5235.99,1,12.9264,136.066,step
2026-09-01T13:13:44.826635+00:00,22.385,-0.3928,0.0,0.15,-0.1829,-0.3553,5235.99,1,12.8824,136.086,step
2026-09-01T13:13:44.827832+00:00,22.0,-0.3962,0.0,0.15,-0.1769,-0.3558,5235.99,1,12.8431,136.106,step
2026-09-01T13:13:44.829062+00:00,21.619,-0.3995,0.8,0.0,-0.171,-0.3563,5235.99,1,12.8058,136.126,step
2026-09-01T13:13:44.830260+00:00,22.122,-0.4029,0.0,0.15,-0.1651,-0.3568,5235.99,1,12.7671,136.146,step
2026-09-01T13:13:44.831480+00:00,21.989,-0.4064,0.0,0.15,-0.159,-0.3574,5235.99,1,12.7279,136.166,step
2026-09-01T13:13:44.832725+00:00,21.605,-0.4096,0.0,0.15,-0.1531,-0.3577,5235.99,1,12.6929,136.186,step
2026-09-01T13:13:44.833990+00:00,21.225,-0.4126,0.8,0.0,-0.1473,-0.3579,5235.99,1,12.6598,136.206,step
2026-09-01T13:13:44.835314+00:00,21.731,-0.4158,0.0,0.15,-0.1415,-0.3582,5235.99,1,12.6252,136.226,step
2026-09-01T13:13:44.836553+00:00,21.594,-0.419,0.0,0.15,-0.1357,-0.3585,5235.99,1,12.5901,136.246,step
2026-09-01T13:13:44.837843+00:00,21.209,-0.4219,0.8,0.0,-0.1299,-0.3586,5235.99,1,12.5592,136.266,step
2026-09-01T13:13:44.839032+00:00,21.71,-0.4246,0.0,0.15,-0.1241,-0.3583,5235.99,1,12.5269,136.286,step
2026-09-01T13:13:44.840175+00:00,21.574,-0.4271,0.0,0.15,-0.1182,-0.3577,5235.99,1,12.4939,136.306,step
2026-09-01T13:13:44.841359+00:00,21.187,-0.4293,0.0,0.15,-0.1125,-0.3569,5235.99,1,12.4652,136.326,step
2026-09-01T13:13:44.842556+00:00,20.806,-0.4314,0.8,0.0,-0.1069,-0.3561,5235.99,1,12.4381,136.346,step
2026-09-01T13:13:44.843783+00:00,21.308,-0.4336,0.0,0.15,-0.1013,-0.3553,5235.99,1,12.4094,136.366,step
2026-09-01T13:13:44.844947+00:00,21.17,-0.4358,0.0,0.15,-0.0957,-0.3546,5235.99,1,12.3803,136.386,step
2026-09-01T13:13:44.846180+00:00,20.785,-0.4378,0.8,0.0,-0.0901,-0.3536,5235.99,1,12.3553,136.406,step
2026-09-01T13:13:44.847347+00:00,21.285,-0.4399,0.0,0.15,-0.0846,-0.3528,5235.99,1,12.3288,136.426,step
2026-09-01T13:13:44.848538+00:00,21.146,-0.4421,0.0,0.15,-0.079,-0.352,5235.99,1,12.3018,136.446,step
2026-09-01T13:13:44.849718+00:00,20.759,-0.444,0.8,0.0,-0.0736,-0.3509,5235.99,1,12.2789,136.466,step
2026-09-01T13:13:44.850878+00:00,21.257,-0.4459,0.0,0.15,-0.0681,-0.35,5235.99,1,12.2546,136.486,step
2026-09-01T13:13:44.852204+00:00,21.118,-0.448,0.0,0.15,-0.0626,-0.3491,5235.99,1,12.2298,136.506,step
2026-09-01T13:13:44.853403+00:00,20.73,-0.4498,0.8,0.0,-0.0572,-0.348,5235.99,1,12.2092,136.526,step
2026-09-01T13:13:44.854595+00:00,21.224,-0.4516,0.0,0.15,-0.0519,-0.3469,5235.99,1,12.1873,136.546,step
2026-09-01T13:13:44.855805+00:00,21.087,-0.4535,0.0,0.15,-0.0464,-0.3459,5235.99,1,12.165,136.566,step
2026-09-01T13:13:44.856991+00:00,20.699,-0.4552,0.0,0.15,-0.0411,-0.3447,5235.99,1,12.1468,136.586,step
2026-09-01T13:13:44.858176+00:00,20.318,-0.4568,0.8,0.0,-0.036,-0.3434,5235.99,1,12.1302,136.606,step
2026-09-01T13:13:44.859398+00:00,20.817,-0.4584,0.0,0.15,-0.0308,-0.3423,5235.99,1,12.1119,136.626,step
2026-09-01T13:13:44.860654+00:00,20.677,-0.4601,0.0,0.15,-0.0256,-0.3412,5235.99,1,12.0932,136.646,step
2026-09-01T13:13:44.861851+00:00,20.291,-0.4616,0.8,0.0,-0.0205,-0.3399,5235.99,1,12.0784,136.666,step
2026-09-01T13:13:44.863075+00:00,20.79,-0.4632,0.0,0.15,-0.0154,-0.3387,5235.99,1,12.0622,136.686,step
2026-09-01T13:13:44.864284+00:00,20.648,-0.4649,0.0,0.15,-0.0103,-0.3375,5235.99,1,12.0454,136.706,step
2026-09-01T13:13:44.865477+00:00,20.261,-0.4663,0.8,0.0,-0.0053,-0.3361,5235.99,1,12.0328,136.726,step
2026-09-01T13:13:44.866665+00:00,20.755,-0.4677,0.0,0.15,-0.0003,-0.3349,5235.99,1,12.0187,136.746,step
2026-09-01T13:13:44.867874+00:00,20.616,-0.4693,0.0,0.15,0.0047,-0.3336,5235.99,1,12.0041,136.766,step
2026-09-01T13:13:44.869159+00:00,20.227,-0.4706,0.8,0.0,0.0096,-0.3322,5235.99,1,11.9938,136.786,step
2026-09-01T13:13:44.870349+00:00,20.72,-0.472,0.0,0.15,0.0145,-0.3309,5235.99,1,11.9822,136.806,step
2026-09-01T13:13:44.871557+00:00,20.581,-0.4734,0.0,0.15,0.0195,-0.3296,5235.99,1,11.9702,136.826,step
2026-09-01T13:13:44.872788+00:00,20.192,-0.4746,0.8,0.0,0.0243,-0.3281,5235.99,1,11.9623,136.846,step
2026-09-01T13:13:44.873992+00:00,20.686,-0.4759,0.0,0.15,0.0291,-0.3267,5235.99,1,11.9531,136.866,step
2026-09-01T13:13:44.875168+00:00,20.545,-0.4769,0.0,0.15,0.0339,-0.3249,5235.99,1,11.9435,136.886,step
2026-09-01T13:13:44.876405+00:00,20.157,-0.4776,0.8,0.0,0.0386,-0.3229,5235.99,1,11.9381,136.906,step
2026-09-01T13:13:44.877605+00:00,20.651,-0.4784,0.0,0.15,0.0433,-0.3209,5235.99,1,11.9311,136.926,step
2026-09-01T13:13:44.878770+00:00,20.511,-0.4792,0.0,0.15,0.048,-0.319,5235.99,1,11.9236,136.946,step
2026-09-01T13:13:44.879948+00:00,20.122,-0.4798,0.8,0.0,0.0526,-0.3168,5235.99,1,11.9201,136.966,step
2026-09-01T13:13:44.881150+00:00,20.615,-0.4805,0.0,0.15,0.0571,-0.3149,5235.99,1,11.9152,136.986,step
2026-09-01T13:13:44.882345+00:00,20.475,-0.4812,0.0,0.15,0.0617,-0.3129,5235.99,1,11.9099,137.006,step
2026-09-01T13:13:44.883601+00:00,20.087,-0.4817,0.8,0.0,0.0662,-0.3107,5235.99,1,11.9086,137.026,step
2026-09-01T13:13:44.884791+00:00,20.579,-0.4823,0.0,0.15,0.0706,-0.3087,5235.99,1,11.9061,137.046,step
2026-09-01T13:13:44.886045+00:00,20.439,-0.4829,0.0,0.15,0.0751,-0.3067,5235.99,1,11.903,137.066,step
2026-09-01T13:13:44.887294+00:00,20.051,-0.4834,0.8,0.0,0.0794,-0.3046,5235.99,1,11.9042,137.086,step
2026-09-01T13:13:44.888517+00:00,20.545,-0.4839,0.0,0.15,0.0837,-0.3025,5235.99,1,11.9038,137.106,step
2026-09-01T13:13:44.889707+00:00,20.403,-0.4844,0.0,0.15,0.0881,-0.3005,5235.99,1,11.9032,137.126,step
2026-09-01T13:13:44.890884+00:00,20.015,-0.4848,0.8,0.0,0.0923,-0.2983,5235.99,1,11.9069,137.146,step
2026-09-01T13:13:44.892060+00:00,20.508,-0.4852,0.0,0.15,0.0964,-0.2963,5235.99,1,11.9089,137.166,step
2026-09-01T13:13:44.893285+00:00,20.367,-0.4857,0.0,0.15,0.1006,-0.2942,5235.99,1,11.9107,137.186,step
2026-09-01T13:13:44.894630+00:00,19.979,-0.486,0.8,0.0,0.1047,-0.292,5235.99,1,11.9168,137.206,step
2026-09-01T13:13:44.895827+00:00,20.472,-0.4863,0.0,0.15,0.1088,-0.2899,5235.99,1,11.9212,137.226,step
2026-09-01T13:13:44.897113+00:00,20.332,-0.4867,0.8,0.0,0.1129,-0.2879,5235.99,1,11.9253,137.246,step
2026-09-01T13:13:44.898302+00:00,20.811,-0.4871,0.0,0.15,0.1169,-0.2858,5235.99,1,11.9311,137.266,step
2026-09-01T13:13:44.899473+00:00,20.674,-0.4874,0.0,0.15,0.121,-0.2837,5235.99,1,11.9364,137.286,step
2026-09-01T13:13:44.900722+00:00,20.283,-0.4876,0.8,0.0,0.1249,-0.2814,5235.99,1,11.9461,137.306,step
2026-09-01T13:13:44.901975+00:00,20.769,-0.4879,0.0,0.15,0.1288,-0.2793,5235.99,1,11.9547,137.326,step
2026-09-01T13:13:44.903222+00:00,20.633,-0.4882,0.0,0.15,0.1328,-0.2772,5235.99,1,11.9629,137.346,step
2026-09-01T13:13:44.904454+00:00,20.244,-0.4882,0.8,0.0,0.1366,-0.2749,5235.99,1,11.9759,137.366,step
2026-09-01T13:13:44.905739+00:00,20.733,-0.4884,0.0,0.15,0.1404,-0.2728,5235.99,1,11.9872,137.386,step
2026-09-01T13:13:44.906996+00:00,20.595,-0.4886,0.0,0.15,0.1442,-0.2706,5235.99,1,11.9982,137.406,step
2026-09-01T13:13:44.908269+00:00,20.207,-0.4886,0.8,0.0,0.1479,-0.2683,5235.99,1,12.0138,137.426,step
2026-09-01T13:13:44.909510+00:00,20.698,-0.4887,0.0,0.15,0.1515,-0.2662,5235.99,1,12.0277,137.446,step
2026-09-01T13:13:44.910835+00:00,20.559,-0.4888,0.8,0.0,0.1552,-0.264,5235.99,1,12.0415,137.466,step
2026-09-01T13:13:44.912059+00:00,21.036,-0.4889,0.0,0.15,0.1588,-0.2619,5235.99,1,12.0569,137.486,step
2026-09-01T13:13:44.913267+00:00,20.901,-0.4888,0.0,0.15,0.1625,-0.2595,5235.99,1,12.0719,137.506,step
2026-09-01T13:13:44.914500+00:00,20.51,-0.4884,0.8,0.0,0.166,-0.2568,5235.99,1,12.0916,137.526,step
2026-09-01T13:13:44.915697+00:00,20.994,-0.4881,0.0,0.15,0.1695,-0.2542,5235.99,1,12.1098,137.546,step
2026-09-01T13:13:44.916961+00:00,20.861,-0.4878,0.0,0.15,0.173,-0.2516,5235.99,1,12.1278,137.566,step
2026-09-01T13:13:44.918185+00:00,20.471,-0.4873,0.8,0.0,0.1764,-0.2489,5235.99,1,12.1508,137.586,step
2026-09-01T13:13:44.919405+00:00,20.959,-0.4869,0.0,0.15,0.1797,-0.2463,5235.99,1,12.1719,137.606,step
2026-09-01T13:13:44.920672+00:00,20.823,-0.4865,0.8,0.0,0.1831,-0.2437,5235.99,1,12.193,137.626,step
2026-09-01T13:13:44.921908+00:00,21.299,-0.4861,0.0,0.15,0.1864,-0.2411,5235.99,1,12.2161,137.646,step
2026-09-01T13:13:44.923138+00:00,21.164,-0.4857,0.0,0.15,0.1897,-0.2386,5235.99,1,12.2389,137.666,step
2026-09-01T13:13:44.924382+00:00,20.774,-0.4851,0.8,0.0,0.1929,-0.2358,5235.99,1,12.2666,137.686,step
2026-09-01T13:13:44.925627+00:00,21.259,-0.4846,0.0,0.15,0.196,-0.2332,5235.99,1,12.2927,137.706,step
2026-09-01T13:13:44.926902+00:00,21.126,-0.4841,0.8,0.0,0.1992,-0.2307,5235.99,1,12.3187,137.726,step
2026-09-01T13:13:44.928202+00:00,21.597,-0.4836,0.0,0.15,0.2023,-0.2281,5235.99,1,12.3467,137.746,step
2026-09-01T13:13:44.929426+00:00,21.466,-0.4831,0.0,0.15,0.2054,-0.2255,5235.99,1,12.3746,137.766,step
2026-09-01T13:13:44.930675+00:00,21.075,-0.4824,0.8,0.0,0.2084,-0.2228,5235.99,1,12.4077,137.786,step
2026-09-01T13:13:44.931846+00:00,21.556,-0.4818,0.0,0.15,0.2113,-0.2202,5235.99,1,12.439,137.806,step
2026-09-01T13:13:44.933053+00:00,21.427,-0.4812,0.0,0.15,0.2142,-0.2176,5235.99,1,12.4705,137.826,step
2026-09-01T13:13:44.934323+00:00,21.038,-0.4804,0.8,0.0,0.2171,-0.2149,5235.99,1,12.5072,137.846,step
2026-09-01T13:13:44.935635+00:00,21.523,-0.4798,0.8,0.0,0.2199,-0.2123,5235.99,1,12.5417,137.866,step
2026-09-01T13:13:44.936901+00:00,22.266,-0.4791,0.0,0.15,0.2227,-0.2097,5235.99,1,12.5772,137.886,step
2026-09-01T13:13:44.938126+00:00,22.186,-0.4785,0.0,0.15,0.2256,-0.2071,5235.99,1,12.6126,137.906,step
2026-09-01T13:13:44.939338+00:00,21.792,-0.4777,0.0,0.15,0.2283,-0.2044,5235.99,1,12.6527,137.926,step
2026-09-01T13:13:44.940578+00:00,21.407,-0.4768,0.8,0.0,0.231,-0.2017,5235.99,1,12.6951,137.946,step
2026-09-01T13:13:44.941760+00:00,21.886,-0.476,0.8,0.0,0.2336,-0.1991,5235.99,1,12.736,137.966,step
2026-09-01T13:13:44.942997+00:00,22.626,-0.4753,0.0,0.15,0.2362,-0.1965,5235.99,1,12.7779,137.986,step
2026-09-01T13:13:44.944318+00:00,22.553,-0.4745,0.0,0.15,0.2388,-0.1939,5235.99,1,12.8198,138.006,step
2026-09-01T13:13:44.945570+00:00,22.16,-0.4736,0.0,0.15,0.2414,-0.1912,5235.99,1,12.8669,138.026,step
2026-09-01T13:13:44.946845+00:00,21.776,-0.4727,0.8,0.0,0.2438,-0.1884,5235.99,1,12.9165,138.046,step
2026-09-01T13:13:44.948055+00:00,22.254,-0.4718,0.8,0.0,0.2462,-0.1858,5235.99,1,12.9641,138.066,step
2026-09-01T13:13:44.949230+00:00,22.995,-0.4709,0.0,0.15,0.2486,-0.1832,5235.99,1,13.0133,138.086,step
2026-09-01T13:13:44.950411+00:00,22.924,-0.4698,0.0,0.15,0.251,-0.1804,5235.99,1,13.0624,138.106,step
2026-09-01T13:13:44.951641+00:00,22.531,-0.4685,0.8,0.0,0.2534,-0.1773,5235.99,1,13.1167,138.126,step
2026-09-01T13:13:44.952840+00:00,23.001,-0.4673,0.0,0.15,0.2556,-0.1744,5235.99,1,13.17,138.146,step
2026-09-01T13:13:44.954066+00:00,22.882,-0.4661,0.0,0.15,0.2578,-0.1715,5235.99,1,13.2233,138.166,step
2026-09-01T13:13:44.955235+00:00,22.492,-0.4647,0.8,0.0,0.26,-0.1684,5235.99,1,13.2826,138.186,step
2026-09-01T13:13:44.956448+00:00,22.965,-0.4634,0.8,0.0,0.262,-0.1655,5235.99,1,13.3402,138.206,step
2026-09-01T13:13:44.957609+00:00,23.706,-0.4621,0.0,0.15,0.2641,-0.1626,5235.99,1,13.3994,138.226,step
2026-09-01T13:13:44.958841+00:00,23.64,-0.4609,0.0,0.15,0.2662,-0.1597,5235.99,1,13.4584,138.246,step
2026-09-01T13:13:44.960034+00:00,23.248,-0.4594,0.8,0.0,0.2682,-0.1567,5235.99,1,13.5226,138.266,step
2026-09-01T13:13:44.961251+00:00,23.713,-0.4581,0.0,0.15,0.2701,-0.1538,5235.99,1,13.5859,138.286,step
2026-09-01T13:13:44.962487+00:00,23.599,-0.4567,0.0,0.15,0.272,-0.1509,5235.99,1,13.6493,138.306,step
2026-09-01T13:13:44.963737+00:00,23.208,-0.4552,0.8,0.0,0.2738,-0.1479,5235.99,1,13.7194,138.326,step
2026-09-01T13:13:44.964938+00:00,23.679,-0.4538,0.8,0.0,0.2755,-0.1451,5235.99,1,13.7875,138.346,step
2026-09-01T13:13:44.966162+00:00,24.42,-0.4523,0.0,0.15,0.2772,-0.1422,5235.99,1,13.8577,138.366,step
2026-09-01T13:13:44.967419+00:00,24.356,-0.4509,0.0,0.15,0.279,-0.1393,5235.99,1,13.9279,138.386,step
2026-09-01T13:13:44.968684+00:00,23.965,-0.4494,0.8,0.0,0.2806,-0.1364,5235.99,1,14.0037,138.406,step
2026-09-01T13:13:44.969910+00:00,24.425,-0.4479,0.0,0.15,0.2821,-0.1335,5235.99,1,14.0786,138.426,step
2026-09-01T13:13:44.971186+00:00,24.316,-0.4464,0.8,0.0,0.2837,-0.1307,5235.99,1,14.1539,138.446,step
2026-09-01T13:13:44.972436+00:00,24.766,-0.4449,0.0,0.15,0.2851,-0.1279,5235.99,1,14.2321,138.466,step
2026-09-01T13:13:44.973658+00:00,24.658,-0.4434,0.8,0.0,0.2866,-0.1251,5235.99,1,14.3111,138.486,step
2026-09-01T13:13:44.974882+00:00,25.106,-0.4418,0.0,0.15,0.288,-0.1223,5235.99,1,14.393,138.506,step
2026-09-01T13:13:44.976114+00:00,24.999,-0.4403,0.8,0.0,0.2893,-0.1196,5235.99,1,14.4754,138.526,step
2026-09-01T13:13:44.977390+00:00,25.444,-0.4387,0.0,0.15,0.2906,-0.1168,5235.99,1,14.5609,138.546,step
2026-09-01T13:13:44.978632+00:00,25.34,-0.4372,0.0,0.15,0.2918,-0.114,5235.99,1,14.6474,138.566,step
2026-09-01T13:13:44.979869+00:00,24.95,-0.4354,0.8,0.0,0.293,-0.1111,5235.99,1,14.741,138.586,step
2026-09-01T13:13:44.981121+00:00,25.407,-0.4337,0.8,0.0,0.2941,-0.1084,5235.99,1,14.8334,138.606,step
2026-09-01T13:13:44.982321+00:00,26.147,-0.432,0.0,0.15,0.2952,-0.1055,5235.99,1,14.9292,138.626,step
2026-09-01T13:13:44.983597+00:00,26.097,-0.4301,0.0,0.15,0.2962,-0.1025,5235.99,1,15.0242,138.646,step
2026-09-01T13:13:44.984807+00:00,25.709,-0.428,0.8,0.0,0.2972,-0.0993,5235.99,1,15.1247,138.666,step
2026-09-01T13:13:44.986043+00:00,26.158,-0.426,0.8,0.0,0.298,-0.0962,5235.99,1,15.2276,138.686,step
2026-09-01T13:13:44.987251+00:00,26.898,-0.424,0.0,0.15,0.2989,-0.0931,5235.99,1,15.3381,138.706,step
2026-09-01T13:13:44.988464+00:00,26.853,-0.422,0.0,0.15,0.2997,-0.0901,5235.99,1,15.4517,138.726,step
2026-09-01T13:13:44.989666+00:00,26.462,-0.4198,0.8,0.0,0.3004,-0.087,5235.99,1,15.5755,138.746,step
2026-09-01T13:13:44.990877+00:00,26.904,-0.4177,0.8,0.0,0.3011,-0.084,5235.99,1,15.7041,138.766,step
2026-09-01T13:13:44.992105+00:00,27.643,-0.4156,0.0,0.15,0.3017,-0.0809,5235.99,1,15.8428,138.786,step
2026-09-01T13:13:44.993401+00:00,27.603,-0.4135,0.8,0.0,0.3022,-0.078,5235.99,1,15.9856,138.806,step
2026-09-01T13:13:44.994595+00:00,28.041,-0.4114,0.8,0.0,0.3027,-0.0751,5235.99,1,16.1348,138.826,step
2026-09-01T13:13:44.995834+00:00,28.787,-0.4093,0.0,0.15,0.3032,-0.0721,5235.99,1,16.2967,138.846,step
2026-09-01T13:13:44.997110+00:00,28.741,-0.4072,0.8,0.0,0.3036,-0.0692,5235.99,1,16.4642,138.866,step
2026-09-01T13:13:44.998334+00:00,29.154,-0.405,0.0,0.15,0.3039,-0.0663,5235.99,1,16.6427,138.886,step
2026-09-01T13:13:44.999565+00:00,29.067,-0.4029,0.8,0.0,0.3042,-0.0635,5235.99,1,16.8328,138.906,step
2026-09-01T13:13:45.000818+00:00,29.486,-0.4006,0.8,0.0,0.3043,-0.0605,5235.99,1,17.0382,138.926,step
2026-09-01T13:13:45.002193+00:00,30.224,-0.3982,0.15,0.0,0.3045,-0.0575,5325.13,1,17.2637,138.946,step
2026-09-01T13:13:45.003416+00:00,30.672,-0.396,0.15,0.0,0.3045,-0.0546,5235.99,1,17.4939,138.966,step
2026-09-01T13:13:45.004710+00:00,30.854,-0.3941,0.15,0.0,0.3045,-0.0523,5235.99,1,17.7129,138.986,step
2026-09-01T13:13:45.005964+00:00,31.037,-0.3922,0.15,0.0,0.3044,-0.05,5235.99,1,17.9437,139.006,step
2026-09-01T13:13:45.007231+00:00,31.221,-0.3903,0.15,0.0,0.3042,-0.0477,5235.99,1,18.1922,139.026,step
2026-09-01T13:13:45.008472+00:00,31.405,-0.3884,0.15,0.0,0.304,-0.0454,5235.99,1,18.4582,139.046,step
2026-09-01T13:13:45.009798+00:00,31.589,-0.3864,0.15,0.0,0.3037,-0.0431,5235.99,1,18.7424,139.066,step
2026-09-01T13:13:45.011057+00:00,31.773,-0.3841,0.15,0.0,0.3033,-0.0406,5235.99,1,19.0462,139.086,step
2026-09-01T13:13:45.012299+00:00,31.958,-0.3818,0.15,0.0,0.3029,-0.0379,5235.99,1,19.3694,139.106,step
2026-09-01T13:13:45.013545+00:00,32.143,-0.3794,0.15,0.0,0.3024,-0.0353,5235.99,1,19.713,139.126,step
2026-09-01T13:13:45.014799+00:00,32.328,-0.3771,0.15,0.0,0.3018,-0.0327,5235.99,1,20.0785,139.146,step
2026-09-01T13:13:45.016029+00:00,32.513,-0.3747,0.15,0.0,0.3012,-0.0302,5235.99,1,20.4678,139.166,step
2026-09-01T13:13:45.017297+00:00,32.698,-0.3724,0.15,0.0,0.3005,-0.0277,5235.99,1,20.8832,139.186,step
2026-09-01T13:13:45.018666+00:00,32.884,-0.37,0.15,0.0,0.2997,-0.0252,5235.99,1,21.3252,139.206,step
2026-09-01T13:13:45.020036+00:00,33.069,-0.3677,0.15,0.0,0.2989,-0.0228,5235.99,1,21.7976,139.226,step
2026-09-01T13:13:45.021348+00:00,33.255,-0.3653,0.15,0.0,0.298,-0.0204,5235.99,1,22.3025,139.246,step
2026-09-01T13:13:45.022651+00:00,33.44,-0.3629,0.15,0.0,0.297,-0.0181,5235.99,1,22.8432,139.266,step
2026-09-01T13:13:45.023970+00:00,33.625,-0.3606,0.15,0.0,0.2959,-0.0157,5244.88,1,23.4248,139.286,step
2026-09-01T13:13:45.025329+00:00,33.81,-0.3581,0.15,0.0,0.2948,-0.0134,5275.03,1,24.0552,139.306,step
2026-09-01T13:13:45.026675+00:00,33.996,-0.3557,0.15,0.0,0.2936,-0.0111,5304.77,1,24.7357,139.326,step
2026-09-01T13:13:45.027896+00:00,34.183,-0.3532,0.15,0.0,0.2924,-0.0088,5333.96,1,25.47,139.346,step
2026-09-01T13:13:45.029129+00:00,34.371,-0.3508,0.15,0.0,0.291,-0.0066,5363.59,1,26.2632,139.366,step
2026-09-01T13:13:45.030386+00:00,34.559,-0.3483,0.15,0.0,0.2896,-0.0044,5393.73,1,27.1218,139.386,step
2026-09-01T13:13:45.031588+00:00,34.747,-0.3459,0.15,0.0,0.2882,-0.0023,5423.49,1,28.0508,139.406,step
2026-09-01T13:13:45.032793+00:00,34.936,-0.3435,0.15,0.0,0.2867,-0.0002,5452.72,1,29.0639,139.426,step
2026-09-01T13:13:45.034091+00:00,35.125,-0.3411,0.15,0.0,0.2851,0.0018,5482.67,1,30.1711,139.446,step
2026-09-01T13:13:45.035470+00:00,35.315,-0.3385,0.15,0.0,0.2835,0.0041,5512.68,1,31.3828,139.466,step
2026-09-01T13:13:45.036680+00:00,35.505,-0.3358,0.15,0.0,0.2818,0.0064,5542.55,1,32.7134,139.486,step
2026-09-01T13:13:45.037962+00:00,35.695,-0.3331,0.15,0.0,0.28,0.0086,5572.65,1,34.1822,139.506,step
2026-09-01T13:13:45.039257+00:00,35.886,-0.3304,0.15,0.0,0.2782,0.0109,5602.84,1,35.8092,139.526,step
2026-09-01T13:13:45.040527+00:00,36.077,-0.3277,0.15,0.0,0.2763,0.013,5632.87,1,37.6175,139.546,step
2026-09-01T13:13:45.041775+00:00,36.268,-0.3251,0.15,0.0,0.2744,0.0151,5663.06,1,39.6408,139.566,step
2026-09-01T13:13:45.043069+00:00,36.459,-0.3224,0.15,0.0,0.2724,0.0172,5693.66,1,41.9157,139.586,step
2026-09-01T13:13:45.044400+00:00,36.653,-0.3197,0.15,0.0,0.2702,0.0193,5721.03,1,44.4794,139.606,step
2026-09-01T13:13:45.045700+00:00,36.844,-0.1171,0.8,0.0,0.2681,0.0212,5751.21,1,47.0045,139.626,step
2026-09-01T13:13:45.047034+00:00,37.483,-0.1157,0.8,0.0,0.266,0.0216,6633.62,1,48.7931,139.646,step
2026-09-01T13:13:45.048377+00:00,38.294,-0.1166,0.8,0.0,0.2643,0.0194,7314.49,1,49.6146,139.666,step
2026-09-01T13:13:45.049683+00:00,39.135,-0.1182,0.8,0.0,0.2628,0.0165,8181.45,1,50.2148,139.686,step
2026-09-01T13:13:45.051006+00:00,39.996,-0.1199,0.8,0.0,0.2614,0.0135,9341.12,1,50.7736,139.706,step
2026-09-01T13:13:45.052393+00:00,40.873,-0.1218,0.8,0.0,0.2601,0.0104,10695.8,1,51.321,139.726,step
2026-09-01T13:13:45.053679+00:00,41.762,-0.1238,0.8,0.0,0.2589,0.0072,12002.0,1,51.8649,139.746,step
2026-09-01T13:13:45.055017+00:00,42.659,-0.1258,0.8,0.0,0.2579,0.0039,13273.9,1,52.4107,139.766,step
2026-09-01T13:13:45.056326+00:00,43.563,-0.128,0.8,0.0,0.257,0.0006,14553.1,1,52.9699,139.786,step
2026-09-01T13:13:45.057632+00:00,44.476,-0.1299,0.8,0.0,0.2562,-0.0023,15840.8,1,53.5558,139.806,step
2026-09-01T13:13:45.058970+00:00,45.403,-0.1318,0.8,0.0,0.2555,-0.0051,17124.6,1,54.1835,139.826,step
2026-09-01T13:13:45.060358+00:00,46.348,-0.1337,0.8,0.0,0.2549,-0.0078,18360.3,1,54.8635,139.846,step
2026-09-01T13:13:45.061687+00:00,47.302,-0.1355,0.8,0.0,0.2545,-0.0103,19506.1,1,55.6032,139.866,step
2026-09-01T13:13:45.063051+00:00,48.263,-0.1373,0.8,0.0,0.2542,-0.0127,19099.8,1,56.4096,139.886,step
2026-09-01T13:13:45.064398+00:00,49.263,-0.1389,0.8,0.0,0.2541,-0.0149,19528.0,1,57.2833,139.906,step
2026-09-01T13:13:45.065640+00:00,50.287,-0.1405,0.8,0.0,0.2541,-0.0169,19468.4,2,58.2195,139.926,step
2026-09-01T13:13:45.066882+00:00,51.286,-0.1419,0.8,0.0,0.2543,-0.0185,14488.6,2,59.2675,139.946,step
2026-09-01T13:13:45.068164+00:00,52.256,-0.143,0.8,0.0,0.2546,-0.0195,14467.1,2,60.4772,139.966,step
2026-09-01T13:13:45.069475+00:00,53.191,-0.1437,0.8,0.0,0.2551,-0.0202,9706.88,2,61.8118,139.986,step
2026-09-01T13:13:45.070752+00:00,54.102,-0.1442,0.8,0.0,0.2558,-0.0204,9844.81,2,63.2476,140.006,step
2026-09-01T13:13:45.072056+00:00,55.003,-0.1445,0.8,0.0,0.2567,-0.0202,10216.4,2,64.7769,140.026,step
2026-09-01T13:13:45.073279+00:00,55.896,-0.1427,0.8,0.0,0.2576,-0.0174,10594.4,2,66.4037,140.046,step
2026-09-01T13:13:45.074498+00:00,56.782,-0.1368,0.8,0.0,0.2585,-0.0095,10975.5,2,68.1277,140.066,step
2026-09-01T13:13:45.075741+00:00,57.663,-0.1305,0.8,0.0,0.2593,-0.001,11354.9,2,69.9403,140.086,step
2026-09-01T13:13:45.077026+00:00,58.543,-0.1236,0.8,0.0,0.2598,0.0079,11726.1,2,71.8375,140.106,step
2026-09-01T13:13:45.078310+00:00,59.431,-0.1162,0.8,0.0,0.26,0.0173,12061.5,2,73.8335,140.126,step
2026-09-01T13:13:45.079614+00:00,60.575,-0.1083,0.8,0.0,0.2601,0.0272,11941.9,2,75.893,140.146,step
2026-09-01T13:13:45.080909+00:00,61.704,-0.1001,0.8,0.0,0.2598,0.0373,11843.6,2,78.1115,140.166,step
2026-09-01T13:13:45.082232+00:00,62.752,-0.0914,0.8,0.0,0.2592,0.0477,11883.0,2,80.8353,140.186,step
2026-09-01T13:13:45.083522+00:00,63.68,-0.0822,0.8,0.0,0.2583,0.0586,12123.9,2,84.4398,140.206,step
2026-09-01T13:13:45.084878+00:00,64.529,-0.0724,0.8,0.0,0.257,0.0701,12491.9,2,90.0517,140.226,step
2026-09-01T13:13:45.086290+00:00,65.338,-0.0619,0.8,0.0,0.2553,0.0822,12920.6,2,154.347,140.246,step
2026-09-01T13:13:45.087712+00:00,66.132,-0.0506,0.8,0.0,0.2533,0.095,13369.1,2,149.645,140.266,step
2026-09-01T13:13:45.089108+00:00,66.926,-0.0385,0.8,0.0,0.2508,0.1086,13809.8,2,144.156,140.286,step
2026-09-01T13:13:45.090523+00:00,67.724,-0.0257,0.8,0.0,0.248,0.1229,14231.4,2,137.45,140.306,step
2026-09-01T13:13:45.091897+00:00,68.527,-0.0121,0.8,0.0,0.2447,0.1379,14631.3,2,128.788,140.326,step
2026-09-01T13:13:45.093267+00:00,69.328,0.0024,0.8,0.0,0.241,0.1536,15017.4,2,120.292,140.346,step
2026-09-01T13:13:45.094658+00:00,70.125,0.0177,0.8,0.0,0.2367,0.1701,15391.1,2,112.51,140.366,step
2026-09-01T13:13:45.095892+00:00,70.912,0.2339,0.0,0.15,0.232,0.1874,15755.5,2,41.4385,140.386,step
2026-09-01T13:13:45.097128+00:00,71.479,0.2497,0.0,0.15,0.2268,0.2039,13376.1,2,36.7402,140.406,step
2026-09-01T13:13:45.098339+00:00,71.866,0.2624,0.0,0.15,0.2214,0.2163,11312.5,2,34.2201,140.426,step
2026-09-01T13:13:45.099511+00:00,72.189,0.2726,0.0,0.15,0.2155,0.2255,9545.05,2,32.6288,140.446,step
2026-09-01T13:13:45.100657+00:00,72.242,0.2802,0.0,0.15,0.209,0.2308,8438.58,2,31.7078,140.466,step
2026-09-01T13:13:45.101801+00:00,71.94,0.2848,0.0,0.15,0.2016,0.232,8071.68,2,31.3622,140.486,step
2026-09-01T13:13:45.103098+00:00,71.519,0.287,0.0,0.15,0.1934,0.2297,7975.01,2,31.465,140.506,step
2026-09-01T13:13:45.104249+00:00,71.069,0.2873,0.0,0.15,0.1844,0.2244,7962.58,2,32.0039,140.526,step
2026-09-01T13:13:45.105416+00:00,70.603,0.2853,0.0,0.15,0.1749,0.2159,7983.89,2,33.1345,140.546,step
2026-09-01T13:13:45.106616+00:00,70.155,0.2814,0.0,0.15,0.1649,0.2048,7965.74,2,35.089,140.566,step
2026-09-01T13:13:45.107831+00:00,69.711,0.2765,0.0,0.15,0.1547,0.1924,7918.26,2,38.3012,140.586,step
2026-09-01T13:13:45.109152+00:00,69.256,0.0713,0.8,0.0,0.1448,0.1797,7863.7,2,104.923,140.606,step
2026-09-01T13:13:45.110536+00:00,69.76,0.0679,0.8,0.0,0.135,0.1693,8898.91,2,108.686,140.626,step
2026-09-01T13:13:45.111837+00:00,70.618,0.0681,0.8,0.0,0.1249,0.1632,9275.06,2,110.889,140.646,step
2026-09-01T13:13:45.113236+00:00,71.52,0.0695,0.8,0.0,0.1146,0.1585,9625.65,2,112.602,140.666,step
2026-09-01T13:13:45.114641+00:00,72.439,0.0711,0.8,0.0,0.1042,0.154,9948.98,2,114.222,140.686,step
2026-09-01T13:13:45.116003+00:00,73.354,0.0729,0.8,0.0,0.0938,0.1497,10276.7,2,115.842,140.706,step
2026-09-01T13:13:45.117391+00:00,74.252,0.0747,0.8,0.0,0.0833,0.1455,10620.4,2,117.5,140.726,step
2026-09-01T13:13:45.118787+00:00,75.133,0.0764,0.8,0.0,0.0729,0.1411,10975.7,2,119.297,140.746,step
2026-09-01T13:13:45.120264+00:00,76.004,0.0777,0.8,0.0,0.0624,0.1362,11332.7,2,121.413,140.766,step
2026-09-01T13:13:45.121685+00:00,76.876,0.0783,0.8,0.0,0.0521,0.1305,11674.4,2,124.069,140.786,step
2026-09-01T13:13:45.123151+00:00,77.759,0.0781,0.8,0.0,0.0419,0.1237,11991.7,2,127.01,140.806,step
2026-09-01T13:13:45.124578+00:00,78.651,0.0769,0.8,0.0,0.0318,0.116,12284.1,2,129.99,140.826,step
2026-09-01T13:13:45.126053+00:00,79.551,0.0749,0.8,0.0,0.0218,0.1072,12550.0,2,132.982,140.846,step
2026-09-01T13:13:45.127598+00:00,80.457,0.0721,0.8,0.0,0.0121,0.0976,12794.3,3,135.966,140.866,step
2026-09-01T13:13:45.129040+00:00,81.35,0.0686,0.8,0.0,0.0026,0.0873,10121.4,3,138.901,140.886,step
2026-09-01T13:13:45.130451+00:00,82.096,0.0652,0.8,0.0,-0.0065,0.0774,10123.5,3,141.469,140.906,step
2026-09-01T13:13:45.131798+00:00,82.284,0.0637,0.15,0.0,-0.0149,0.0703,7534.16,3,84.4649,140.926,step
2026-09-01T13:13:45.133154+00:00,82.398,0.064,0.15,0.0,-0.0223,0.0661,7562.64,3,78.571,140.946,step
2026-09-01T13:13:45.134524+00:00,82.48,0.0651,0.15,0.0,-0.0288,0.0634,7566.88,3,76.2806,140.966,step
2026-09-01T13:13:45.136011+00:00,82.561,0.066,0.15,0.0,-0.0346,0.0609,7574.17,3,74.3984,140.986,step
2026-09-01T13:13:45.137379+00:00,82.645,0.0663,0.15,0.0,-0.0399,0.058,7581.97,3,72.5579,141.006,step
2026-09-01T13:13:45.138772+00:00,82.73,0.0662,0.15,0.0,-0.0446,0.0549,7589.78,3,70.7737,141.026,step
2026-09-01T13:13:45.140088+00:00,82.816,0.0659,0.15,0.0,-0.049,0.0517,7597.65,3,69.09,141.046,step
2026-09-01T13:13:45.141436+00:00,82.903,0.0653,0.15,0.0,-0.0531,0.0485,7605.54,3,67.5143,141.066,step
2026-09-01T13:13:45.142762+00:00,82.991,0.0646,0.15,0.0,-0.0568,0.0453,7613.38,3,66.0443,141.086,step
2026-09-01T13:13:45.144221+00:00,83.079,0.0638,0.15,0.0,-0.0602,0.0421,7621.33,3,64.665,141.106,step
2026-09-01T13:13:45.145553+00:00,83.168,0.063,0.15,0.0,-0.0634,0.0391,7629.34,3,63.3655,141.126,step
2026-09-01T13:13:45.146889+00:00,83.257,0.0621,0.15,0.0,-0.0664,0.0361,7637.6,3,62.1446,141.146,step
2026-09-01T13:13:45.148196+00:00,83.346,0.0611,0.15,0.0,-0.0691,0.0332,7645.84,3,60.9845,141.166,step
2026-09-01T13:13:45.149457+00:00,83.434,0.0601,0.15,0.0,-0.0715,0.0304,7654.01,3,59.8701,141.186,step
2026-09-01T13:13:45.150722+00:00,83.523,0.059,0.15,0.0,-0.0738,0.0276,7662.08,3,58.7916,141.206,step
2026-09-01T13:13:45.152073+00:00,83.612,0.0577,0.15,0.0,-0.0758,0.0248,7670.13,3,57.7434,141.226,step
2026-09-01T13:13:45.153333+00:00,83.699,0.0564,0.15,0.0,-0.0777,0.022,7680.04,3,56.7232,141.246,step
2026-09-01T13:13:45.154573+00:00,83.788,0.055,0.15,0.0,-0.0793,0.0192,7688.2,3,55.7263,141.266,step
2026-09-01T13:13:45.155791+00:00,83.877,0.0535,0.15,0.0,-0.0807,0.0164,7695.45,3,54.7601,141.286,step
2026-09-01T13:13:45.157007+00:00,83.966,0.052,0.0,0.15,-0.0819,0.0138,7702.99,3,53.8284,141.306,step
2026-09-01T13:13:45.158300+00:00,83.668,0.0504,0.0,0.15,-0.0829,0.0111,7551.34,3,52.92,141.326,step
2026-09-01T13:13:45.159576+00:00,83.187,0.0486,0.0,0.15,-0.0837,0.0084,7507.34,3,52.0182,141.346,step
2026-09-01T13:13:45.160854+00:00,82.707,0.0467,0.0,0.15,-0.0843,0.0057,7463.26,3,51.1275,141.366,step
2026-09-01T13:13:45.162095+00:00,82.23,0.0447,0.0,0.15,-0.0848,0.0029,7420.27,3,50.2549,141.386,step
2026-09-01T13:13:45.163335+00:00,81.756,0.0426,0.0,0.15,-0.085,0.0002,7377.8,3,49.4064,141.406,step
2026-09-01T13:13:45.164589+00:00,81.285,0.0406,0.0,0.15,-0.085,-0.0024,7335.78,3,48.581,141.426,step
2026-09-01T13:13:45.165795+00:00,80.815,0.0385,0.0,0.15,-0.0848,-0.0049,7293.8,3,47.7808,141.446,step
2026-09-01T13:13:45.167060+00:00,80.363,0.0365,0.0,0.15,-0.0845,-0.0072,7252.76,3,47.0142,141.466,step
2026-09-01T13:13:45.168309+00:00,79.902,0.0346,0.0,0.15,-0.084,-0.0093,7211.0,2,46.2861,141.486,step
2026-09-01T13:13:45.169689+00:00,79.456,0.0328,0.0,0.15,-0.0834,-0.0112,9065.08,2,45.5865,141.506,step
2026-09-01T13:13:45.170913+00:00,79.022,-0.1691,0.0,0.15,-0.0827,-0.013,9043.49,2,44.9092,141.526,step
2026-09-01T13:13:45.172164+00:00,78.586,-0.1691,0.0,0.15,-0.082,-0.0126,8906.01,2,44.5252,141.546,step
2026-09-01T13:13:45.173412+00:00,78.033,-0.1655,0.0,0.15,-0.0818,-0.008,8842.74,2,44.7046,141.566,step
2026-09-01T13:13:45.174641+00:00,77.508,0.0401,0.0,0.15,-0.0821,-0.0012,8753.82,2,45.1848,141.586,step
2026-09-01T13:13:45.175875+00:00,77.013,0.0449,0.0,0.15,-0.0826,0.0046,8682.16,2,45.5292,141.606,step
2026-09-01T13:13:45.177196+00:00,76.476,0.0461,0.0,0.15,-0.0829,0.0058,8637.33,2,45.269,141.626,step
2026-09-01T13:13:45.178443+00:00,75.953,-0.1546,0.0,0.15,-0.0831,0.0048,8593.5,2,44.7063,141.646,step
2026-09-01T13:13:45.179674+00:00,75.453,-0.1541,0.0,0.15,-0.0834,0.0052,8548.18,2,44.3466,141.666,step
2026-09-01T13:13:45.180929+00:00,74.917,-0.15,0.0,0.15,-0.0843,0.0097,8494.96,2,44.5422,141.686,step
2026-09-01T13:13:45.182178+00:00,74.399,0.0557,0.0,0.15,-0.0857,0.0161,8438.32,2,45.0282,141.706,step
2026-09-01T13:13:45.183447+00:00,73.912,0.0603,0.0,0.15,-0.0873,0.0207,8382.85,2,45.3156,141.726,step
2026-09-01T13:13:45.184813+00:00,73.397,-0.1389,0.0,0.15,-0.0887,0.021,8322.48,2,44.9383,141.746,step
2026-09-01T13:13:45.186099+00:00,72.906,-0.1377,0.0,0.15,-0.0902,0.0215,8269.29,2,44.6099,141.766,step
2026-09-01T13:13:45.187411+00:00,72.39,-0.1335,0.0,0.15,-0.0921,0.0256,8211.51,2,44.8432,141.786,step
2026-09-01T13:13:45.188729+00:00,71.891,0.0722,0.0,0.15,-0.0944,0.0312,8153.53,2,45.3552,141.806,step
2026-09-01T13:13:45.190059+00:00,71.44,0.0767,0.0,0.15,-0.0969,0.0353,8098.68,2,45.6499,141.826,step
2026-09-01T13:13:45.191399+00:00,70.942,0.0779,0.0,0.15,-0.0993,0.0353,8042.04,2,45.2612,141.846,step
2026-09-01T13:13:45.192762+00:00,70.441,-0.1227,0.0,0.15,-0.1014,0.0333,7987.89,2,44.5169,141.866,step
2026-09-01T13:13:45.194175+00:00,69.966,-0.1224,0.0,0.15,-0.1035,0.0323,7936.61,2,43.9753,141.886,step
2026-09-01T13:13:45.195528+00:00,69.463,-0.1212,0.0,0.15,-0.1059,0.0323,7883.78,2,44.0707,141.906,step
2026-09-01T13:13:45.196876+00:00,68.977,-0.1189,0.0,0.15,-0.1085,0.0336,7830.0,2,44.496,141.926,step
2026-09-01T13:13:45.198276+00:00,68.501,0.084,0.8,0.0,-0.1111,0.0356,7776.18,2,45.0902,141.946,step
2026-09-01T13:13:45.199619+00:00,68.805,0.085,0.8,0.0,-0.1137,0.0352,8771.78,2,45.2911,141.966,step
2026-09-01T13:13:45.200994+00:00,69.422,-0.1178,0.0,0.15,-0.1158,0.0304,9547.88,2,44.6105,141.986,step
2026-09-01T13:13:45.202459+00:00,69.861,-0.1207,0.0,0.15,-0.1176,0.0256,8009.81,2,43.9587,142.006,step
2026-09-01T13:13:45.203867+00:00,69.423,-0.121,0.0,0.15,-0.1196,0.0241,7881.22,2,43.9327,142.026,step
2026-09-01T13:13:45.205259+00:00,68.931,-0.1197,0.0,0.15,-0.1216,0.0244,7828.0,2,44.276,142.046,step
2026-09-01T13:13:45.206652+00:00,68.443,-0.1176,0.0,0.15,-0.1236,0.0257,7773.01,2,44.8603,142.066,step
2026-09-01T13:13:45.208058+00:00,67.964,0.0848,0.8,0.0,-0.1258,0.0274,7717.88,2,45.6364,142.086,step
2026-09-01T13:13:45.209529+00:00,68.317,0.0856,0.8,0.0,-0.1278,0.0271,8600.63,2,45.9896,142.106,step
2026-09-01T13:13:45.211068+00:00,69.084,0.0826,0.8,0.0,-0.1294,0.0224,9048.43,2,45.2775,142.126,step
2026-09-01T13:13:45.212533+00:00,69.922,-0.1221,0.0,0.15,-0.1306,0.0157,9469.45,2,44.1199,142.146,step
2026-09-01T13:13:45.213976+00:00,70.359,-0.1261,0.0,0.15,-0.1315,0.0101,7996.03,2,43.2554,142.166,step
2026-09-01T13:13:45.215339+00:00,69.868,-0.1272,0.0,0.15,-0.1325,0.0082,7938.79,2,43.1932,142.186,step
2026-09-01T13:13:45.216778+00:00,69.36,-0.1265,0.0,0.15,-0.1335,0.0084,7877.38,2,43.6212,142.206,step
2026-09-01T13:13:45.218181+00:00,68.867,-0.1248,0.0,0.15,-0.1346,0.0098,7817.14,2,44.43,142.226,step
2026-09-01T13:13:45.219740+00:00,68.392,0.0775,0.8,0.0,-0.1358,0.0119,7754.35,2,45.5871,142.246,step
2026-09-01T13:13:45.221188+00:00,68.696,0.078,0.8,0.0,-0.1369,0.0119,8743.73,2,46.2749,142.266,step
2026-09-01T13:13:45.222645+00:00,69.425,0.0746,0.8,0.0,-0.1375,0.0073,9301.37,2,45.4832,142.286,step
2026-09-01T13:13:45.224047+00:00,70.242,-0.1306,0.0,0.15,-0.1377,0.0008,9792.13,2,44.1322,142.306,step
2026-09-01T13:13:45.225433+00:00,70.793,-0.1349,0.0,0.15,-0.1377,-0.0046,8087.22,2,43.1987,142.326,step
2026-09-01T13:13:45.226883+00:00,70.332,-0.1362,0.0,0.15,-0.1377,-0.0063,7992.62,2,43.3001,142.346,step
2026-09-01T13:13:45.228400+00:00,69.826,-0.1358,0.0,0.15,-0.1378,-0.0059,7932.56,2,44.0567,142.366,step
2026-09-01T13:13:45.229885+00:00,69.333,0.0656,0.8,0.0,-0.138,-0.0043,7871.23,2,45.4362,142.386,step
2026-09-01T13:13:45.231419+00:00,69.665,0.0656,0.8,0.0,-0.1381,-0.0043,8795.81,2,46.5391,142.406,step
2026-09-01T13:13:45.232940+00:00,70.435,0.0622,0.8,0.0,-0.1377,-0.0083,9288.48,2,45.8473,142.426,step
2026-09-01T13:13:45.234422+00:00,71.273,-0.1429,0.0,0.15,-0.137,-0.0142,9741.61,2,44.4333,142.446,step
2026-09-01T13:13:45.235937+00:00,71.754,-0.1471,0.0,0.15,-0.136,-0.0189,8165.25,2,43.5863,142.466,step
2026-09-01T13:13:45.237410+00:00,71.262,-0.1484,0.0,0.15,-0.1352,-0.02,8094.55,2,44.1207,142.486,step
2026-09-01T13:13:45.238860+00:00,70.747,0.052,0.0,0.15,-0.1344,-0.0189,8031.95,2,45.9478,142.506,step
2026-09-01T13:13:45.240322+00:00,70.266,0.0518,0.8,0.0,-0.1336,-0.0187,7967.58,2,48.708,142.526,step
2026-09-01T13:13:45.241781+00:00,70.582,0.0483,0.8,0.0,-0.1323,-0.0223,8965.14,2,48.071,142.546,step
2026-09-01T13:13:45.243238+00:00,71.353,0.0432,0.0,0.15,-0.1307,-0.0277,9501.83,2,45.8687,142.566,step
2026-09-01T13:13:45.244704+00:00,71.677,-0.1624,0.0,0.15,-0.1287,-0.0334,8143.65,2,44.046,142.586,step
2026-09-01T13:13:45.246174+00:00,71.213,-0.1664,0.0,0.15,-0.1265,-0.0371,8086.54,2,43.5449,142.606,step
2026-09-01T13:13:45.247683+00:00,70.703,0.0327,0.0,0.15,-0.1245,-0.0369,8029.2,2,45.6403,142.626,step
2026-09-01T13:13:45.249160+00:00,70.211,0.032,0.8,0.0,-0.1225,-0.0366,7969.81,2,104.452,142.646,step
2026-09-01T13:13:45.250644+00:00,70.561,0.0284,0.8,0.0,-0.1202,-0.0396,8911.88,2,103.976,142.666,step
2026-09-01T13:13:45.252188+00:00,71.355,0.0235,0.8,0.0,-0.1175,-0.044,9394.12,2,103.79,142.686,step
2026-09-01T13:13:45.253697+00:00,72.215,0.0182,0.8,0.0,-0.1145,-0.0488,9816.06,2,103.676,142.706,step
2026-09-01T13:13:45.255204+00:00,73.116,-0.1874,0.0,0.15,-0.1112,-0.0537,10165.4,2,44.3454,142.726,step
2026-09-01T13:13:45.256649+00:00,73.719,-0.1919,0.0,0.15,-0.1077,-0.0571,8406.64,2,44.1463,142.746,step
2026-09-01T13:13:45.258106+00:00,73.258,0.0061,0.8,0.0,-0.1042,-0.0575,8317.77,2,102.042,142.766,step
2026-09-01T13:13:45.259587+00:00,73.513,0.0044,0.8,0.0,-0.1008,-0.0575,9308.76,2,100.872,142.786,step
2026-09-01T13:13:45.261211+00:00,74.309,0.0008,0.8,0.0,-0.097,-0.0597,9824.74,2,100.15,142.806,step
2026-09-01T13:13:45.262701+00:00,75.164,-0.0037,0.8,0.0,-0.0929,-0.0627,10247.1,2,99.6092,142.826,step
2026-09-01T13:13:45.264174+00:00,76.047,-0.0086,0.8,0.0,-0.0884,-0.066,10614.8,2,99.1138,142.846,step
2026-09-01T13:13:45.265636+00:00,76.951,-0.0136,0.8,0.0,-0.0837,-0.0693,10941.5,2,98.6039,142.866,step
2026-09-01T13:13:45.267054+00:00,77.87,-0.0186,0.8,0.0,-0.0788,-0.0725,11235.5,2,98.0533,142.886,step
2026-09-01T13:13:45.268613+00:00,78.8,-0.0236,0.8,0.0,-0.0735,-0.0755,11506.7,2,97.4497,142.906,step
2026-09-01T13:13:45.270171+00:00,79.733,-0.0286,0.15,0.0,-0.068,-0.0782,11764.4,2,96.7821,142.926,step
2026-09-01T13:13:45.271660+00:00,80.65,-0.0334,0.15,0.0,-0.0622,-0.0807,10233.7,3,96.0407,142.946,step
2026-09-01T13:13:45.273117+00:00,81.173,-0.0383,0.15,0.0,-0.0562,-0.083,8011.53,3,95.2562,142.966,step
2026-09-01T13:13:45.274582+00:00,81.183,-0.0432,0.15,0.0,-0.05,-0.0852,8022.73,3,94.4506,142.986,step
2026-09-01T13:13:45.276073+00:00,81.206,-0.0479,0.15,0.0,-0.0437,-0.0872,7430.43,3,93.5841,143.006,step
2026-09-01T13:13:45.277698+00:00,81.281,-0.0525,0.15,0.0,-0.0372,-0.0889,7458.22,3,92.6667,143.026,step
2026-09-01T13:13:45.279219+00:00,81.382,-0.057,0.15,0.0,-0.0307,-0.0904,7465.84,3,91.7121,143.046,step
2026-09-01T13:13:45.280699+00:00,81.481,-0.0614,0.15,0.0,-0.0241,-0.0918,7473.99,3,90.7157,143.066,step
2026-09-01T13:13:45.282157+00:00,81.579,-0.0657,0.15,0.0,-0.0173,-0.093,7483.22,3,89.677,143.086,step
2026-09-01T13:13:45.283592+00:00,81.677,-0.0699,0.15,0.0,-0.0105,-0.0939,7492.88,3,88.592,143.106,step
2026-09-01T13:13:45.285074+00:00,81.774,-0.0739,0.15,0.0,-0.0037,-0.0947,7502.54,3,87.4597,143.126,step
2026-09-01T13:13:45.286667+00:00,81.871,-0.0778,0.15,0.0,0.0032,-0.0953,7512.05,3,86.2825,143.146,step
2026-09-01T13:13:45.288151+00:00,81.968,-0.0816,0.15,0.0,0.0101,-0.0957,7521.52,3,85.0552,143.166,step
2026-09-01T13:13:45.289622+00:00,82.064,-0.0852,0.15,0.0,0.0171,-0.0958,7530.3,3,83.7639,143.186,step
2026-09-01T13:13:45.291126+00:00,82.159,-0.0886,0.15,0.0,0.0241,-0.0958,7538.88,3,82.4266,143.206,step
2026-09-01T13:13:45.292656+00:00,82.254,-0.0919,0.15,0.0,0.031,-0.0956,7547.61,3,81.049,143.226,step
2026-09-01T13:13:45.294224+00:00,82.348,-0.0952,0.15,0.0,0.038,-0.0952,7556.27,3,79.6334,143.246,step
2026-09-01T13:13:45.295651+00:00,82.442,-0.0983,0.15,0.0,0.0449,-0.0948,7565.0,3,78.1829,143.266,step
2026-09-01T13:13:45.297115+00:00,82.537,-0.1013,0.15,0.0,0.0518,-0.0943,7570.6,3,76.697,143.286,step
2026-09-01T13:13:45.298579+00:00,82.63,-0.1043,0.15,0.0,0.0586,-0.0937,7578.17,3,75.1914,143.306,step
2026-09-01T13:13:45.300018+00:00,82.721,-0.1072,0.15,0.0,0.0654,-0.0931,7587.13,3,73.6566,143.326,step
2026-09-01T13:13:45.301493+00:00,82.811,-0.11,0.15,0.0,0.0722,-0.0923,7596.86,3,72.0682,143.346,step
2026-09-01T13:13:45.303031+00:00,82.901,-0.1125,0.15,0.0,0.0788,-0.0914,7606.61,3,70.4083,143.366,step
2026-09-01T13:13:45.304465+00:00,82.991,-0.1149,0.15,0.0,0.0854,-0.0902,7615.75,3,68.6712,143.386,step
2026-09-01T13:13:45.305950+00:00,83.079,-0.117,0.15,0.0,0.0919,-0.0887,7625.01,3,66.8741,143.406,step
2026-09-01T13:13:45.307456+00:00,83.166,-0.1187,0.15,0.0,0.0983,-0.087,7632.57,3,65.0544,143.426,step
2026-09-01T13:13:45.308929+00:00,83.253,-0.1203,0.15,0.0,0.1046,-0.085,7640.09,3,63.2693,143.446,step
2026-09-01T13:13:45.310525+00:00,83.34,-0.1218,0.15,0.0,0.1107,-0.0831,7647.79,3,61.544,143.466,step
2026-09-01T13:13:45.311963+00:00,83.427,-0.1233,0.15,0.0,0.1168,-0.0812,7655.52,3,59.8817,143.486,step
2026-09-01T13:13:45.313384+00:00,83.513,-0.1247,0.15,0.0,0.1226,-0.0793,7663.29,3,58.2811,143.506,step
2026-09-01T13:13:45.314836+00:00,83.602,-0.1261,0.15,0.0,0.1284,-0.0774,7665.6,3,56.7387,143.526,step
2026-09-01T13:13:45.316280+00:00,83.685,-0.1276,0.15,0.0,0.134,-0.0758,7673.02,3,55.2809,143.546,step
2026-09-01T13:13:45.317749+00:00,83.768,-0.1291,0.0,0.15,0.1394,-0.0742,7681.35,3,53.8805,143.566,step
2026-09-01T13:13:45.319325+00:00,83.47,-0.1303,0.0,0.15,0.1447,-0.0725,7536.71,3,52.483,143.586,step
2026-09-01T13:13:45.320756+00:00,82.987,-0.131,0.0,0.15,0.1499,-0.0701,7487.65,3,51.0496,143.606,step
2026-09-01T13:13:45.322231+00:00,82.504,-0.1312,0.0,0.15,0.1548,-0.0673,7439.89,3,49.5989,143.626,step
2026-09-01T13:13:45.323652+00:00,82.051,-0.1311,0.0,0.15,0.1596,-0.0642,7396.02,3,48.1696,143.646,step
2026-09-01T13:13:45.325114+00:00,81.588,-0.1311,0.0,0.15,0.1642,-0.0612,7353.62,3,46.8132,143.666,step
2026-09-01T13:13:45.326616+00:00,81.114,-0.131,0.0,0.15,0.1686,-0.0584,7310.9,3,45.5197,143.686,step
2026-09-01T13:13:45.328171+00:00,80.634,0.0702,0.0,0.15,0.1728,-0.0543,7268.64,3,44.2672,143.706,step
2026-09-01T13:13:45.329552+00:00,80.171,0.0744,0.0,0.15,0.1766,-0.0466,7227.49,3,43.3008,143.726,step
2026-09-01T13:13:45.330988+00:00,79.687,0.0748,0.0,0.15,0.1803,-0.0438,7187.16,2,42.8918,143.746,step
2026-09-01T13:13:45.332467+00:00,79.242,0.0734,0.0,0.15,0.1839,-0.0433,9035.59,2,42.7487,143.766,step
2026-09-01T13:13:45.333917+00:00,78.841,0.0712,0.0,0.15,0.1874,-0.0439,9014.25,2,42.7225,143.786,step
2026-09-01T13:13:45.335476+00:00,78.395,0.0687,0.0,0.15,0.1909,-0.0448,8858.95,2,42.7374,143.806,step
2026-09-01T13:13:45.336989+00:00,77.88,0.0663,0.0,0.15,0.1942,-0.0457,8806.31,2,42.7637,143.826,step
2026-09-01T13:13:45.338483+00:00,77.364,0.0639,0.0,0.15,0.1976,-0.0466,8759.89,2,42.7844,143.846,step
2026-09-01T13:13:45.339950+00:00,76.85,0.0618,0.0,0.15,0.201,-0.0471,8710.39,2,42.7899,143.866,step
2026-09-01T13:13:45.341357+00:00,76.34,0.0599,0.0,0.15,0.2043,-0.0474,8657.64,2,42.78,143.886,step
2026-09-01T13:13:45.342742+00:00,75.833,0.0581,0.0,0.15,0.2077,-0.0476,8602.35,2,42.7572,143.906,step
2026-09-01T13:13:45.344200+00:00,75.332,0.0564,0.0,0.15,0.211,-0.0476,8543.02,2,42.7238,143.926,step
2026-09-01T13:13:45.345628+00:00,74.834,0.0548,0.0,0.15,0.2143,-0.0476,8484.68,2,42.6844,143.946,step
2026-09-01T13:13:45.347053+00:00,74.339,0.0532,0.0,0.15,0.2176,-0.0475,8427.86,2,42.6419,143.966,step
2026-09-01T13:13:45.348499+00:00,73.845,0.0517,0.0,0.15,0.2209,-0.0473,8372.14,2,42.5941,143.986,step
2026-09-01T13:13:45.349896+00:00,73.354,0.0503,0.0,0.15,0.2241,-0.047,8317.06,2,42.5413,144.006,step
2026-09-01T13:13:45.351273+00:00,72.865,0.0492,0.0,0.15,0.2272,-0.0465,8262.64,2,42.4813,144.026,step
2026-09-01T13:13:45.352765+00:00,72.378,0.0481,0.0,0.15,0.2304,-0.0458,8208.61,2,42.4147,144.046,step
2026-09-01T13:13:45.354212+00:00,71.894,0.0472,0.0,0.15,0.2334,-0.0452,8154.77,2,42.343,144.066,step
2026-09-01T13:13:45.355641+00:00,71.413,0.0463,0.0,0.15,0.2364,-0.0444,8100.23,2,42.2662,144.086,step
2026-09-01T13:13:45.357103+00:00,70.932,0.0455,0.0,0.15,0.2393,-0.0436,8047.05,2,42.186,144.106,step
2026-09-01T13:13:45.358499+00:00,70.455,0.0447,0.0,0.15,0.2421,-0.0428,7993.92,2,42.1019,144.126,step
2026-09-01T13:13:45.359933+00:00,69.98,0.044,0.0,0.15,0.2449,-0.0419,7940.96,2,42.0161,144.146,step
2026-09-01T13:13:45.361425+00:00,69.507,0.0433,0.0,0.15,0.2476,-0.0411,7888.34,2,41.9282,144.166,step
2026-09-01T13:13:45.362780+00:00,69.036,0.043,0.0,0.15,0.2503,-0.0399,7835.67,2,41.8363,144.186,step
2026-09-01T13:13:45.364155+00:00,68.567,0.0427,0.0,0.15,0.2528,-0.0387,7783.21,2,41.7425,144.206,step
2026-09-01T13:13:45.365530+00:00,68.1,0.0424,0.0,0.15,0.2552,-0.0375,7730.93,2,41.6495,144.226,step
2026-09-01T13:13:45.366880+00:00,67.635,0.0422,0.0,0.15,0.2576,-0.0362,7679.5,2,41.5552,144.246,step
2026-09-01T13:13:45.368259+00:00,67.171,0.0421,0.0,0.15,0.2599,-0.035,7627.44,2,41.4598,144.266,step
2026-09-01T13:13:45.369805+00:00,66.71,0.042,0.0,0.15,0.2621,-0.0337,7575.35,2,41.3665,144.286,step
2026-09-01T13:13:45.371167+00:00,66.252,0.0419,0.0,0.15,0.2642,-0.0325,7523.69,2,41.2754,144.306,step
2026-09-01T13:13:45.372509+00:00,65.795,0.0419,0.0,0.15,0.2662,-0.0313,7472.4,2,41.186,144.326,step
2026-09-01T13:13:45.373827+00:00,65.341,0.042,0.0,0.15,0.2681,-0.0299,7421.22,2,41.0981,144.346,step
2026-09-01T13:13:45.375134+00:00,64.888,0.0423,0.0,0.15,0.2699,-0.0284,7370.39,2,41.0116,144.366,step
2026-09-01T13:13:45.376483+00:00,64.436,0.0427,0.0,0.15,0.2717,-0.0269,7319.71,2,40.9267,144.386,step
2026-09-01T13:13:45.377910+00:00,63.987,0.043,0.0,0.15,0.2733,-0.0254,7269.19,2,40.8461,144.406,step
2026-09-01T13:13:45.379268+00:00,63.538,0.0434,0.0,0.15,0.2749,-0.0239,7220.58,2,40.7692,144.426,step
2026-09-01T13:13:45.380632+00:00,63.089,0.0439,0.0,0.15,0.2763,-0.0225,7170.08,2,40.6947,144.446,step
2026-09-01T13:13:45.382032+00:00,62.644,0.0443,0.0,0.15,0.2777,-0.0211,7119.6,2,40.6266,144.466,step
2026-09-01T13:13:45.383381+00:00,62.201,0.0448,0.0,0.15,0.279,-0.0197,7069.27,2,40.5635,144.486,step
2026-09-01T13:13:45.384745+00:00,61.761,0.0452,0.0,0.15,0.2802,-0.0183,7019.15,2,40.5058,144.506,step
2026-09-01T13:13:45.386119+00:00,61.321,0.0458,0.0,0.15,0.2813,-0.0169,6969.53,2,40.4525,144.526,step
2026-09-01T13:13:45.387463+00:00,60.883,0.0466,0.0,0.15,0.2823,-0.0153,6920.07,2,40.4048,144.546,step
2026-09-01T13:13:45.388773+00:00,60.447,0.0474,0.0,0.15,0.2833,-0.0137,6870.91,2,40.3637,144.566,step
2026-09-01T13:13:45.390167+00:00,60.012,0.0482,0.0,0.15,0.2841,-0.0121,6821.93,2,40.3279,144.586,step
2026-09-01T13:13:45.391479+00:00,59.577,0.0491,0.0,0.15,0.2849,-0.0106,6774.76,2,40.2975,144.606,step
2026-09-01T13:13:45.392837+00:00,59.14,0.0499,0.0,0.15,0.2856,-0.0091,6726.55,2,40.274,144.626,step
2026-09-01T13:13:45.394289+00:00,58.709,0.0508,0.0,0.15,0.2862,-0.0077,6677.44,2,40.2608,144.646,step
2026-09-01T13:13:45.395626+00:00,58.279,0.0516,0.0,0.15,0.2867,-0.0063,6628.22,2,40.2569,144.666,step
2026-09-01T13:13:45.396984+00:00,57.852,0.0524,0.0,0.15,0.2872,-0.005,6579.18,2,40.2621,144.686,step
2026-09-01T13:13:45.398324+00:00,57.425,0.0533,0.0,0.15,0.2876,-0.0036,6530.82,2,40.2733,144.706,step
2026-09-01T13:13:45.399614+00:00,57.0,0.0543,0.0,0.15,0.2879,-0.0022,6482.6,2,40.2905,144.726,step
2026-09-01T13:13:45.400927+00:00,56.577,0.0555,0.0,0.15,0.2882,-0.0006,6434.57,2,40.3158,144.746,step
2026-09-01T13:13:45.402263+00:00,56.154,0.0566,0.0,0.15,0.2884,0.001,6386.82,2,40.3498,144.766,step
2026-09-01T13:13:45.403609+00:00,55.732,0.0578,0.0,0.15,0.2885,0.0025,6339.31,2,40.3951,144.786,step
2026-09-01T13:13:45.404982+00:00,55.31,0.0589,0.0,0.15,0.2885,0.004,6293.73,2,40.4521,144.806,step
2026-09-01T13:13:45.406342+00:00,54.885,0.06,0.0,0.15,0.2885,0.0054,6246.91,2,40.514,144.826,step
2026-09-01T13:13:45.407672+00:00,54.465,0.0612,0.0,0.15,0.2884,0.0067,6199.09,2,40.5805,144.846,step
2026-09-01T13:13:45.409046+00:00,54.048,0.0623,0.0,0.15,0.2883,0.008,6151.05,2,40.65,144.866,step
2026-09-01T13:13:45.410377+00:00,53.633,0.0633,0.0,0.15,0.2881,0.0092,6103.11,2,40.7216,144.886,step
2026-09-01T13:13:45.411762+00:00,53.219,0.0644,0.0,0.15,0.2879,0.0104,6055.75,2,40.7948,144.906,step
2026-09-01T13:13:45.413046+00:00,52.805,0.0655,0.0,0.15,0.2876,0.0117,6008.73,2,40.8695,144.926,step
2026-09-01T13:13:45.414323+00:00,52.393,0.0669,0.0,0.15,0.2872,0.0132,5962.08,2,40.9482,144.946,step
2026-09-01T13:13:45.415607+00:00,51.981,0.0683,0.0,0.15,0.2868,0.0147,5915.4,2,41.0302,144.966,step
2026-09-01T13:13:45.416894+00:00,51.57,0.0697,0.0,0.15,0.2864,0.0161,5868.95,2,41.114,144.986,step
2026-09-01T13:13:45.418218+00:00,51.16,0.0711,0.0,0.15,0.2858,0.0175,5822.56,2,41.2016,145.006,step
2026-09-01T13:13:45.419630+00:00,50.748,0.0724,0.0,0.15,0.2853,0.0188,5779.29,2,41.2927,145.026,step
2026-09-01T13:13:45.420941+00:00,50.334,0.0737,0.0,0.15,0.2847,0.0201,5732.51,2,41.385,145.046,step
2026-09-01T13:13:45.422274+00:00,49.927,0.075,0.0,0.15,0.284,0.0213,5685.85,1,41.4841,145.066,step
2026-09-01T13:13:45.423554+00:00,49.527,0.0763,0.0,0.15,0.2833,0.0225,7629.98,1,41.5872,145.086,step
2026-09-01T13:13:45.424841+00:00,49.131,0.0775,0.0,0.15,0.2826,0.0236,7618.74,1,41.6915,145.106,step
2026-09-01T13:13:45.426112+00:00,48.718,0.0788,0.0,0.15,0.2818,0.0246,7425.82,1,41.8002,145.126,step
2026-09-01T13:13:45.427497+00:00,48.26,0.0799,0.0,0.15,0.2811,0.0255,7357.5,1,41.9176,145.146,step
2026-09-01T13:13:45.428800+00:00,47.805,0.0814,0.0,0.15,0.2802,0.0268,7288.88,1,42.0375,145.166,step
2026-09-01T13:13:45.430077+00:00,47.352,0.0829,0.0,0.15,0.2794,0.0282,7220.98,1,42.1589,145.186,step
2026-09-01T13:13:45.431379+00:00,46.901,0.0844,0.15,0.0,0.2784,0.0295,7153.74,1,42.2832,145.206,step
2026-09-01T13:13:45.432655+00:00,46.979,0.086,0.15,0.0,0.2775,0.0309,7343.79,1,42.393,145.226,step
2026-09-01T13:13:45.433937+00:00,47.165,0.0877,0.0,0.15,0.2765,0.0325,7371.39,1,42.4804,145.246,step
2026-09-01T13:13:45.435301+00:00,46.851,0.0894,0.15,0.0,0.2754,0.0339,7156.58,1,42.577,145.266,step
2026-09-01T13:13:45.436675+00:00,46.925,0.0911,0.15,0.0,0.2744,0.0353,7329.61,1,42.6807,145.286,step
2026-09-01T13:13:45.438010+00:00,47.109,0.0928,0.0,0.15,0.2732,0.0368,7358.96,1,42.7715,145.306,step
2026-09-01T13:13:45.439333+00:00,46.792,0.0945,0.15,0.0,0.272,0.0381,7143.61,1,42.8792,145.326,step
2026-09-01T13:13:45.440620+00:00,46.865,0.0961,0.15,0.0,0.2708,0.0393,7324.64,1,43.0022,145.346,step
2026-09-01T13:13:45.441903+00:00,47.05,0.0978,0.0,0.15,0.2695,0.0406,7353.55,1,43.1115,145.366,step
2026-09-01T13:13:45.443221+00:00,46.736,0.0994,0.15,0.0,0.2681,0.0418,7131.77,1,43.2352,145.386,step
2026-09-01T13:13:45.444575+00:00,46.808,0.1013,0.15,0.0,0.2667,0.0433,7316.85,1,43.3715,145.406,step
2026-09-01T13:13:45.445845+00:00,46.992,0.1034,0.15,0.0,0.2653,0.0451,7344.82,1,43.4933,145.426,step
2026-09-01T13:13:45.447104+00:00,47.176,0.1057,0.0,0.15,0.2638,0.047,7372.92,1,43.6153,145.446,step
2026-09-01T13:13:45.448345+00:00,46.862,0.1078,0.15,0.0,0.2622,0.0486,7152.17,1,43.7568,145.466,step
2026-09-01T13:13:45.449634+00:00,46.933,0.1099,0.15,0.0,0.2605,0.0501,7335.57,1,43.9152,145.486,step
2026-09-01T13:13:45.450882+00:00,47.117,0.112,0.0,0.15,0.2588,0.0518,7359.39,1,44.061,145.506,step
2026-09-01T13:13:45.452287+00:00,46.788,0.114,0.15,0.0,0.2571,0.0532,7147.49,1,44.2237,145.526,step
2026-09-01T13:13:45.453565+00:00,46.873,0.116,0.15,0.0,0.2553,0.0545,7322.89,1,44.403,145.546,step
2026-09-01T13:13:45.454850+00:00,47.053,0.118,0.0,0.15,0.2534,0.0559,7352.04,1,44.5693,145.566,step
2026-09-01T13:13:45.456109+00:00,46.73,0.12,0.15,0.0,0.2515,0.0572,7133.33,1,44.7536,145.586,step
2026-09-01T13:13:45.457327+00:00,46.81,0.1218,0.15,0.0,0.2496,0.0583,7316.83,1,44.9518,145.606,step
2026-09-01T13:13:45.458614+00:00,46.991,-0.0762,0.8,0.0,0.2476,0.0595,7344.78,1,45.1342,145.626,step
2026-09-01T13:13:45.459845+00:00,47.622,-0.0723,0.8,0.0,0.2454,0.063,8802.26,1,45.0806,145.646,step
2026-09-01T13:13:45.461182+00:00,48.44,0.135,0.0,0.15,0.2426,0.0704,10166.1,1,44.6086,145.666,step
2026-09-01T13:13:45.462488+00:00,49.078,0.1424,0.0,0.15,0.2394,0.0777,7743.5,1,44.1594,145.686,step
2026-09-01T13:13:45.463783+00:00,48.72,0.1475,0.0,0.15,0.2361,0.082,7434.04,1,44.0842,145.706,step
2026-09-01T13:13:45.465063+00:00,48.207,0.1512,0.0,0.15,0.2328,0.0845,7350.22,1,44.2179,145.726,step
2026-09-01T13:13:45.466271+00:00,47.717,0.154,0.0,0.15,0.2296,0.086,7281.74,1,44.4842,145.746,step
2026-09-01T13:13:45.467472+00:00,47.23,0.1562,0.0,0.15,0.2264,0.0868,7208.33,1,44.8234,145.766,step
2026-09-01T13:13:45.468786+00:00,46.766,-0.0419,0.8,0.0,0.2233,0.0872,7138.32,1,45.2029,145.786,step
2026-09-01T13:13:45.470053+00:00,47.307,-0.0378,0.8,0.0,0.22,0.0902,8791.41,1,45.2656,145.806,step
2026-09-01T13:13:45.471329+00:00,48.15,0.1696,0.0,0.15,0.216,0.097,10093.1,1,44.8697,145.826,step
2026-09-01T13:13:45.472587+00:00,48.77,0.1763,0.0,0.15,0.2117,0.1027,7618.79,1,44.6063,145.846,step
2026-09-01T13:13:45.473854+00:00,48.37,0.1806,0.0,0.15,0.2075,0.1054,7385.5,1,44.7069,145.866,step
2026-09-01T13:13:45.475013+00:00,47.889,0.1813,0.0,0.15,0.2034,0.1037,7304.59,1,44.9753,145.886,step
2026-09-01T13:13:45.476141+00:00,47.408,-0.0209,0.8,0.0,0.1996,0.0987,7226.9,1,45.3211,145.906,step
2026-09-01T13:13:45.477352+00:00,47.864,-0.0219,0.8,0.0,0.1959,0.0951,9036.42,1,45.493,145.926,step
2026-09-01T13:13:45.478504+00:00,48.646,-0.0202,0.8,0.0,0.1919,0.0946,10493.2,1,45.2838,145.946,step
2026-09-01T13:13:45.479677+00:00,49.474,0.1824,0.0,0.15,0.1877,0.0953,11851.5,1,44.9317,145.966,step
2026-09-01T13:13:45.480807+00:00,50.261,0.1844,0.0,0.15,0.1835,0.0951,8903.61,2,44.6782,145.986,step
2026-09-01T13:13:45.481918+00:00,50.308,0.1842,0.0,0.15,0.1795,0.0925,6380.11,2,44.7128,146.006,step
2026-09-01T13:13:45.483079+00:00,49.828,0.1829,0.0,0.15,0.1759,0.0885,6375.69,1,44.9059,146.026,step
2026-09-01T13:13:45.484241+00:00,49.376,-0.0196,0.8,0.0,0.1726,0.0834,7585.61,1,45.2283,146.046,step
2026-09-01T13:13:45.485474+00:00,49.308,-0.0209,0.8,0.0,0.1695,0.0798,7597.97,1,45.3809,146.066,step
2026-09-01T13:13:45.486585+00:00,49.326,-0.0194,0.8,0.0,0.1661,0.0795,7610.3,1,45.1412,146.086,step
2026-09-01T13:13:45.487727+00:00,49.395,0.1828,0.0,0.15,0.1625,0.0801,7684.76,1,44.8068,146.106,step
2026-09-01T13:13:45.488864+00:00,49.047,0.1836,0.0,0.15,0.159,0.0789,7470.49,1,44.6706,146.126,step
2026-09-01T13:13:45.489987+00:00,48.534,0.1816,0.0,0.15,0.1561,0.0746,7392.94,1,44.8947,146.146,step
2026-09-01T13:13:45.491081+00:00,48.044,-0.0215,0.8,0.0,0.1535,0.0691,7319.4,1,45.2614,146.166,step
2026-09-01T13:13:45.492209+00:00,48.52,-0.0233,0.8,0.0,0.151,0.0653,9162.8,1,45.4286,146.186,step
2026-09-01T13:13:45.493357+00:00,49.315,-0.0221,0.8,0.0,0.1482,0.065,10592.8,1,45.1929,146.206,step
2026-09-01T13:13:45.494498+00:00,50.17,0.18,0.0,0.15,0.1453,0.0658,11883.4,2,44.8231,146.226,step
2026-09-01T13:13:45.495651+00:00,50.873,0.1812,0.0,0.15,0.1424,0.0656,8455.73,2,44.5734,146.246,step
2026-09-01T13:13:45.496776+00:00,51.067,0.1803,0.0,0.15,0.1398,0.0627,8438.87,2,44.6114,146.266,step
2026-09-01T13:13:45.497937+00:00,50.581,0.1781,0.0,0.15,0.1374,0.0585,5761.61,2,44.7937,146.286,step
2026-09-01T13:13:45.499076+00:00,50.12,-0.0249,0.8,0.0,0.1355,0.0535,5704.26,2,45.08,146.306,step
2026-09-01T13:13:45.500183+00:00,50.494,-0.0268,0.8,0.0,0.1336,0.05,6253.3,2,45.1942,146.326,step
2026-09-01T13:13:45.501318+00:00,51.156,0.1742,0.0,0.15,0.1314,0.0499,6361.09,2,44.9173,146.346,step
2026-09-01T13:13:45.502549+00:00,51.082,0.1746,0.0,0.15,0.1293,0.0491,5817.75,2,44.7283,146.366,step
2026-09-01T13:13:45.503693+00:00,50.616,0.1725,0.0,0.15,0.1275,0.0453,5761.71,2,44.8622,146.386,step
2026-09-01T13:13:45.504899+00:00,50.167,-0.0309,0.8,0.0,0.1261,0.0402,5708.54,2,45.1429,146.406,step
2026-09-01T13:13:45.506068+00:00,50.55,-0.033,0.8,0.0,0.1248,0.0368,6247.7,2,45.2365,146.426,step
2026-09-01T13:13:45.507164+00:00,51.251,0.168,0.0,0.15,0.1233,0.037,6268.35,2,44.9352,146.446,step
2026-09-01T13:13:45.508295+00:00,51.12,0.1682,0.0,0.15,0.1217,0.0363,5829.14,2,44.7256,146.466,step
2026-09-01T13:13:45.509467+00:00,50.659,0.166,0.0,0.15,0.1205,0.0328,5772.38,2,44.8166,146.486,step
2026-09-01T13:13:45.510700+00:00,50.207,-0.0373,0.8,0.0,0.1196,0.0281,5715.7,2,45.0472,146.506,step
2026-09-01T13:13:45.511782+00:00,50.587,-0.0395,0.8,0.0,0.1189,0.025,6249.15,2,45.107,146.526,step
2026-09-01T13:13:45.512924+00:00,51.242,0.1613,0.0,0.15,0.1179,0.0254,6360.89,2,44.7855,146.546,step
2026-09-01T13:13:45.514041+00:00,51.167,0.1615,0.0,0.15,0.1168,0.0249,5826.36,2,44.5464,146.566,step
2026-09-01T13:13:45.515182+00:00,50.706,0.1592,0.0,0.15,0.1161,0.0216,5770.9,2,44.6123,146.586,step
2026-09-01T13:13:45.516289+00:00,50.255,0.1557,0.0,0.15,0.1158,0.0171,5717.87,2,44.8167,146.606,step
2026-09-01T13:13:45.517432+00:00,49.814,-0.0483,0.8,0.0,0.1157,0.012,5667.4,1,45.0719,146.626,step
2026-09-01T13:13:45.518612+00:00,49.839,-0.0507,0.8,0.0,0.1157,0.0089,8052.15,1,45.1197,146.646,step
2026-09-01T13:13:45.519815+00:00,49.849,0.1498,0.0,0.15,0.1154,0.0094,8063.23,1,44.7978,146.666,step
2026-09-01T13:13:45.520949+00:00,49.507,0.1496,0.0,0.15,0.1151,0.0089,7542.25,1,44.5723,146.686,step
2026-09-01T13:13:45.522144+00:00,48.993,0.1467,0.0,0.15,0.1152,0.0054,7467.36,1,44.6666,146.706,step
2026-09-01T13:13:45.523280+00:00,48.502,0.1428,0.0,0.15,0.1156,0.0008,7392.6,1,44.8713,146.726,step
2026-09-01T13:13:45.524380+00:00,48.02,-0.0613,0.8,0.0,0.1163,-0.004,7319.26,1,45.0939,146.746,step
2026-09-01T13:13:45.525533+00:00,48.496,-0.0637,0.8,0.0,0.1169,-0.0065,9112.05,1,45.091,146.766,step
2026-09-01T13:13:45.526693+00:00,49.285,0.1373,0.0,0.15,0.1173,-0.0051,10529.8,1,44.6812,146.786,step
2026-09-01T13:13:45.527926+00:00,49.913,0.138,0.0,0.15,0.1177,-0.0039,8012.87,1,44.2886,146.806,step
2026-09-01T13:13:45.529058+00:00,49.597,0.1362,0.0,0.15,0.1183,-0.0058,7570.42,1,44.2079,146.826,step
2026-09-01T13:13:45.530211+00:00,49.086,0.1331,0.0,0.15,0.1191,-0.0091,7485.02,1,44.2676,146.846,step
2026-09-01T13:13:45.531387+00:00,48.58,0.1295,0.0,0.15,0.1201,-0.0131,7402.15,1,44.3941,146.866,step
2026-09-01T13:13:45.532531+00:00,48.086,0.1255,0.0,0.15,0.1214,-0.0172,7333.0,1,44.5473,146.886,step
2026-09-01T13:13:45.533644+00:00,47.604,0.1215,0.0,0.15,0.1228,-0.0214,7258.85,1,44.7017,146.906,step
2026-09-01T13:13:45.534823+00:00,47.128,0.1175,0.0,0.15,0.1244,-0.0254,7186.14,1,44.8487,146.926,step
2026-09-01T13:13:45.536011+00:00,46.656,0.1135,0.15,0.0,0.1261,-0.0293,7115.4,1,44.9814,146.946,step
2026-09-01T13:13:45.537178+00:00,46.725,-0.0903,0.8,0.0,0.128,-0.0329,7304.63,1,45.0813,146.966,step
2026-09-01T13:13:45.538324+00:00,47.325,0.1078,0.0,0.15,0.1299,-0.0341,8766.59,1,44.9472,146.986,step
2026-09-01T13:13:45.539451+00:00,47.55,0.1072,0.0,0.15,0.1316,-0.0338,7248.52,1,44.6533,147.006,step
2026-09-01T13:13:45.540576+00:00,47.056,0.1045,0.0,0.15,0.1335,-0.036,7184.17,1,44.6056,147.026,step
2026-09-01T13:13:45.541698+00:00,46.58,0.1011,0.15,0.0,0.1355,-0.0389,7107.39,1,44.6363,147.046,step
2026-09-01T13:13:45.542855+00:00,46.626,0.0977,0.15,0.0,0.1377,-0.0419,7288.92,1,44.6735,147.066,step
2026-09-01T13:13:45.544085+00:00,46.791,0.0943,0.15,0.0,0.1401,-0.0446,7314.19,1,44.6888,147.086,step
2026-09-01T13:13:45.545258+00:00,46.957,0.0909,0.15,0.0,0.1425,-0.0473,7339.12,1,44.6904,147.106,step
2026-09-01T13:13:45.546428+00:00,47.122,0.0876,0.0,0.15,0.1451,-0.0498,7364.54,1,44.6808,147.126,step
2026-09-01T13:13:45.547593+00:00,46.793,0.0842,0.15,0.0,0.1478,-0.0524,7141.46,1,44.6726,147.146,step
2026-09-01T13:13:45.548765+00:00,46.84,0.0808,0.15,0.0,0.1506,-0.0549,7322.52,1,44.6611,147.166,step
2026-09-01T13:13:45.549937+00:00,47.006,0.0775,0.0,0.15,0.1535,-0.0572,7348.23,1,44.6271,147.186,step
2026-09-01T13:13:45.551177+00:00,46.673,0.0742,0.15,0.0,0.1564,-0.0595,7123.59,1,44.5901,147.206,step
2026-09-01T13:13:45.552456+00:00,46.724,0.0709,0.15,0.0,0.1595,-0.0617,7305.44,1,44.5491,147.226,step
2026-09-01T13:13:45.553649+00:00,46.891,0.0677,0.15,0.0,0.1626,-0.0638,7330.81,1,44.4872,147.246,step
2026-09-01T13:13:45.554799+00:00,47.058,0.0645,0.0,0.15,0.1658,-0.0657,7356.13,1,44.4136,147.266,step
2026-09-01T13:13:45.555984+00:00,46.726,0.0614,0.15,0.0,0.1691,-0.0676,7132.92,1,44.3389,147.286,step
2026-09-01T13:13:45.557120+00:00,46.775,0.0582,0.15,0.0,0.1724,-0.0695,7313.83,1,44.259,147.306,step
2026-09-01T13:13:45.558271+00:00,46.943,0.0552,0.15,0.0,0.1758,-0.0712,7339.37,1,44.1592,147.326,step
2026-09-01T13:13:45.559395+00:00,47.11,0.0522,0.0,0.15,0.1793,-0.0727,7365.21,1,44.0485,147.346,step
2026-09-01T13:13:45.560690+00:00,46.782,0.0492,0.15,0.0,0.1828,-0.0743,7137.5,1,43.9361,147.366,step
2026-09-01T13:13:45.561841+00:00,46.824,0.0462,0.15,0.0,0.1863,-0.0758,7323.06,1,43.8194,147.386,step
2026-09-01T13:13:45.562986+00:00,46.993,0.0433,0.15,0.0,0.1899,-0.0771,7348.23,1,43.6853,147.406,step
2026-09-01T13:13:45.564142+00:00,47.161,0.0405,0.0,0.15,0.1936,-0.0784,7373.53,1,43.5406,147.426,step
2026-09-01T13:13:45.565314+00:00,46.831,0.0377,0.15,0.0,0.1973,-0.0796,7148.73,1,43.3946,147.446,step
2026-09-01T13:13:45.566438+00:00,46.874,0.0349,0.15,0.0,0.201,-0.0808,7329.38,1,43.2451,147.466,step
2026-09-01T13:13:45.567606+00:00,47.042,0.0322,0.0,0.15,0.2047,-0.0818,7355.01,1,43.0797,147.486,step
2026-09-01T13:13:45.568867+00:00,46.71,0.0295,0.15,0.0,0.2086,-0.0828,7130.06,1,42.9103,147.506,step
2026-09-01T13:13:45.570004+00:00,46.753,0.0269,0.15,0.0,0.2124,-0.0837,7310.72,1,42.736,147.526,step
2026-09-01T13:13:45.571162+00:00,46.922,0.0243,0.15,0.0,0.2162,-0.0845,7336.44,1,42.5482,147.546,step
2026-09-01T13:13:45.572325+00:00,47.091,0.0218,0.0,0.15,0.2201,-0.0852,7361.98,1,42.3516,147.566,step
2026-09-01T13:13:45.573505+00:00,46.76,0.0193,0.15,0.0,0.2239,-0.0859,7138.38,1,42.1526,147.586,step
2026-09-01T13:13:45.574679+00:00,46.799,0.0169,0.15,0.0,0.2278,-0.0865,7317.83,1,41.95,147.606,step
2026-09-01T13:13:45.575895+00:00,46.968,0.0145,0.15,0.0,0.2317,-0.087,7343.82,1,41.7353,147.626,step
2026-09-01T13:13:45.577218+00:00,47.138,0.0122,0.0,0.15,0.2357,-0.0874,7369.85,1,41.5137,147.646,step
2026-09-01T13:13:45.578441+00:00,46.812,0.0099,0.15,0.0,0.2396,-0.0878,7145.2,1,41.2888,147.666,step
2026-09-01T13:13:45.579687+00:00,46.845,0.0077,0.15,0.0,0.2435,-0.0882,7326.06,1,41.0611,147.686,step
2026-09-01T13:13:45.580946+00:00,47.015,0.0055,0.0,0.15,0.2474,-0.0884,7351.64,1,40.8228,147.706,step
2026-09-01T13:13:45.582155+00:00,46.683,0.0034,0.15,0.0,0.2514,-0.0887,7125.73,1,40.5813,147.726,step
2026-09-01T13:13:45.583371+00:00,46.721,0.0027,0.15,0.0,0.2553,-0.0871,7306.58,1,40.336,147.746,step
2026-09-01T13:13:45.584654+00:00,46.891,0.0037,0.15,0.0,0.259,-0.0835,7332.03,1,40.0833,147.766,step
2026-09-01T13:13:45.585995+00:00,47.062,0.0047,0.0,0.15,0.2626,-0.0799,7357.51,1,39.8305,147.786,step
2026-09-01T13:13:45.587310+00:00,46.731,0.0059,0.15,0.0,0.2661,-0.0764,7133.95,1,39.5801,147.806,step
2026-09-01T13:13:45.588567+00:00,46.762,0.007,0.15,0.0,0.2694,-0.0728,7312.08,1,39.3341,147.826,step
2026-09-01T13:13:45.589762+00:00,46.931,0.0082,0.15,0.0,0.2726,-0.0693,7340.9,1,39.0886,147.846,step
2026-09-01T13:13:45.590982+00:00,47.102,0.0095,0.0,0.15,0.2756,-0.0658,7367.85,1,38.8441,147.866,step
2026-09-01T13:13:45.592235+00:00,46.776,0.0108,0.15,0.0,0.2785,-0.0624,7137.78,1,38.6054,147.886,step
2026-09-01T13:13:45.593416+00:00,46.811,0.0122,0.15,0.0,0.2812,-0.059,7320.86,1,38.3732,147.906,step
2026-09-01T13:13:45.594736+00:00,46.982,0.0136,0.15,0.0,0.2838,-0.0557,7345.88,1,38.1391,147.926,step
2026-09-01T13:13:45.595980+00:00,47.152,0.015,0.0,0.15,0.2863,-0.0523,7371.04,1,37.9071,147.946,step
2026-09-01T13:13:45.597237+00:00,46.82,0.0165,0.15,0.0,0.2886,-0.049,7149.32,1,37.6808,147.966,step
2026-09-01T13:13:45.598460+00:00,46.86,0.018,0.15,0.0,0.2908,-0.0458,7325.88,1,37.4597,147.986,step
2026-09-01T13:13:45.599676+00:00,47.029,0.0195,0.0,0.15,0.2928,-0.0426,7351.93,1,37.2373,148.006,step
2026-09-01T13:13:45.600937+00:00,46.696,0.0211,0.15,0.0,0.2947,-0.0394,7128.98,1,37.0216,148.026,step
2026-09-01T13:13:45.602201+00:00,46.738,0.0226,0.15,0.0,0.2965,-0.0364,7307.77,1,36.8118,148.046,step
2026-09-01T13:13:45.603516+00:00,46.908,0.0243,0.15,0.0,0.2982,-0.0333,7333.57,1,36.6004,148.066,step
2026-09-01T13:13:45.604801+00:00,47.077,0.026,0.0,0.15,0.2997,-0.0302,7359.26,1,36.3904,148.086,step
2026-09-01T13:13:45.606066+00:00,46.747,0.0276,0.15,0.0,0.3011,-0.0272,7136.81,1,36.1867,148.106,step
2026-09-01T13:13:45.607295+00:00,46.787,0.0293,0.15,0.0,0.3024,-0.0244,7315.27,1,35.9901,148.126,step
2026-09-01T13:13:45.608535+00:00,46.956,0.031,0.15,0.0,0.3036,-0.0214,7340.96,1,35.7912,148.146,step
2026-09-01T13:13:45.609876+00:00,47.126,0.0328,0.0,0.15,0.3047,-0.0186,7366.66,1,35.5939,148.166,step
2026-09-01T13:13:45.611167+00:00,46.794,0.0346,0.15,0.0,0.3056,-0.0158,7143.79,1,35.4039,148.186,step
2026-09-01T13:13:45.612420+00:00,46.836,0.0363,0.15,0.0,0.3065,-0.0131,7322.57,1,35.2213,148.206,step
2026-09-01T13:13:45.613672+00:00,47.005,0.0381,0.0,0.15,0.3072,-0.0104,7348.32,1,35.0357,148.226,step
2026-09-01T13:13:45.614952+00:00,46.672,0.0398,0.15,0.0,0.3078,-0.0078,7125.05,1,34.8564,148.246,step
2026-09-01T13:13:45.616190+00:00,46.717,0.0416,0.15,0.0,0.3083,-0.0053,7304.29,1,34.6843,148.266,step
2026-09-01T13:13:45.617419+00:00,46.886,0.0434,0.15,0.0,0.3088,-0.0028,7330.88,1,34.5101,148.286,step
2026-09-01T13:13:45.618676+00:00,47.055,0.0453,0.0,0.15,0.3091,-0.0002,7356.04,1,34.3365,148.306,step
2026-09-01T13:13:45.620024+00:00,46.725,0.0471,0.15,0.0,0.3093,0.0022,7133.08,1,34.1699,148.326,step
2026-09-01T13:13:45.621256+00:00,46.769,0.0489,0.15,0.0,0.3094,0.0045,7311.74,1,34.0104,148.346,step
2026-09-01T13:13:45.622478+00:00,46.937,0.0507,0.15,0.0,0.3095,0.0069,7337.49,1,33.8482,148.366,step
2026-09-01T13:13:45.623662+00:00,47.106,0.0526,0.0,0.15,0.3094,0.0092,7362.77,1,33.6877,148.386,step
2026-09-01T13:13:45.624887+00:00,46.774,0.0545,0.15,0.0,0.3093,0.0114,7141.09,1,33.5354,148.406,step
2026-09-01T13:13:45.626171+00:00,46.82,0.0563,0.15,0.0,0.3091,0.0135,7319.34,1,33.3895,148.426,step
2026-09-01T13:13:45.627488+00:00,46.988,0.0581,0.15,0.0,0.3088,0.0156,7345.11,1,33.2395,148.446,step
2026-09-01T13:13:45.628714+00:00,47.156,0.06,0.0,0.15,0.3084,0.0178,7370.62,1,33.0912,148.466,step
2026-09-01T13:13:45.629968+00:00,46.824,0.0619,0.15,0.0,0.3079,0.0198,7148.34,1,32.951,148.486,step
2026-09-01T13:13:45.631235+00:00,46.871,0.0637,0.15,0.0,0.3073,0.0216,7327.25,1,32.8183,148.506,step
2026-09-01T13:13:45.632521+00:00,47.038,0.0655,0.0,0.15,0.3067,0.0236,7352.94,1,32.6819,148.526,step
2026-09-01T13:13:45.633798+00:00,46.705,0.0673,0.15,0.0,0.306,0.0254,7129.53,1,32.5536,148.546,step
2026-09-01T13:13:45.635093+00:00,46.755,0.0691,0.15,0.0,0.3052,0.0271,7309.3,1,32.4314,148.566,step
2026-09-01T13:13:45.636354+00:00,46.923,0.0709,0.15,0.0,0.3044,0.0289,7334.71,1,32.3044,148.586,step
2026-09-01T13:13:45.637593+00:00,47.091,0.0727,0.0,0.15,0.3035,0.0306,7359.91,1,32.1784,148.606,step
2026-09-01T13:13:45.638822+00:00,46.758,0.0745,0.15,0.0,0.3026,0.0322,7138.71,1,32.0613,148.626,step
2026-09-01T13:13:45.640063+00:00,46.808,0.0762,0.15,0.0,0.3015,0.0337,7316.51,1,31.9518,148.646,step
2026-09-01T13:13:45.641325+00:00,46.975,0.078,0.15,0.0,0.3005,0.0353,7342.35,1,31.8364,148.666,step
2026-09-01T13:13:45.642560+00:00,47.143,0.0798,0.0,0.15,0.2993,0.0368,7368.12,1,31.7215,148.686,step
2026-09-01T13:13:45.643803+00:00,46.811,0.0815,0.15,0.0,0.2981,0.0382,7144.27,1,31.6159,148.706,step
2026-09-01T13:13:45.645061+00:00,46.861,0.0832,0.15,0.0,0.2969,0.0395,7326.07,1,31.5184,148.726,step
2026-09-01T13:13:45.646274+00:00,47.028,0.0849,0.0,0.15,0.2956,0.0409,7351.26,1,31.4148,148.746,step
2026-09-01T13:13:45.647488+00:00,46.695,0.0866,0.15,0.0,0.2943,0.0421,7127.72,1,31.319,148.766,step
2026-09-01T13:13:45.648716+00:00,46.749,0.0882,0.15,0.0,0.2929,0.0433,7307.56,1,31.2306,148.786,step
2026-09-01T13:13:45.649881+00:00,46.915,0.0898,0.15,0.0,0.2915,0.0445,7333.01,1,31.1357,148.806,step
2026-09-01T13:13:45.651097+00:00,47.082,0.0915,0.0,0.15,0.29,0.0457,7358.1,1,31.041,148.826,step
2026-09-01T13:13:45.652432+00:00,46.748,0.0931,0.15,0.0,0.2885,0.0467,7137.36,1,30.9559,148.846,step
2026-09-01T13:13:45.653668+00:00,46.803,0.0947,0.15,0.0,0.287,0.0477,7315.54,1,30.8774,148.866,step
2026-09-01T13:13:45.654902+00:00,46.969,0.0963,0.15,0.0,0.2854,0.0487,7341.23,1,30.7927,148.886,step
2026-09-01T13:13:45.656136+00:00,47.135,0.0979,0.0,0.15,0.2838,0.0498,7366.6,1,30.7076,148.906,step
2026-09-01T13:13:45.657403+00:00,46.803,0.0995,0.15,0.0,0.2821,0.0507,7144.36,1,30.6318,148.926,step
2026-09-01T13:13:45.658659+00:00,46.857,0.1009,0.15,0.0,0.2805,0.0515,7324.13,1,30.5632,148.946,step
2026-09-01T13:13:45.659936+00:00,47.023,0.1025,0.0,0.15,0.2787,0.0523,7349.61,1,30.4881,148.966,step
2026-09-01T13:13:45.661245+00:00,46.688,0.104,0.15,0.0,0.277,0.0531,7126.66,1,30.4213,148.986,step
2026-09-01T13:13:45.662491+00:00,46.746,0.1053,0.15,0.0,0.2753,0.0537,7306.54,1,30.3619,149.006,step
2026-09-01T13:13:45.663735+00:00,46.912,0.1068,0.15,0.0,0.2735,0.0544,7332.0,1,30.295,149.026,step
2026-09-01T13:13:45.664954+00:00,47.078,0.1083,0.0,0.15,0.2717,0.0551,7357.0,1,30.2282,149.046,step
2026-09-01T13:13:45.666189+00:00,46.744,0.1096,0.15,0.0,0.2699,0.0557,7136.13,1,30.1707,149.066,step
2026-09-01T13:13:45.667418+00:00,46.801,0.1109,0.15,0.0,0.2681,0.0562,7314.71,1,30.1206,149.086,step
2026-09-01T13:13:45.668653+00:00,46.967,0.1123,0.15,0.0,0.2662,0.0567,7340.22,1,30.0629,149.106,step
2026-09-01T13:13:45.669945+00:00,47.132,0.1137,0.0,0.15,0.2643,0.0573,7366.54,1,30.0046,149.126,step
2026-09-01T13:13:45.671203+00:00,46.8,0.1149,0.15,0.0,0.2624,0.0577,7142.62,1,29.9565,149.146,step
2026-09-01T13:13:45.672475+00:00,46.856,0.1161,0.15,0.0,0.2605,0.058,7324.16,1,29.9159,149.166,step
2026-09-01T13:13:45.673680+00:00,47.022,0.1174,0.0,0.15,0.2586,0.0584,7349.46,1,29.8671,149.186,step
2026-09-01T13:13:45.674874+00:00,46.687,0.1186,0.15,0.0,0.2567,0.0587,7126.65,1,29.8262,149.206,step
2026-09-01T13:13:45.676068+00:00,46.748,0.1197,0.15,0.0,0.2548,0.0589,7306.74,1,29.7929,149.226,step
2026-09-01T13:13:45.677317+00:00,46.913,0.1209,0.15,0.0,0.2529,0.0592,7332.0,1,29.7514,149.246,step
2026-09-01T13:13:45.678569+00:00,47.078,0.1221,0.0,0.15,0.251,0.0595,7356.96,1,29.7087,149.266,step
2026-09-01T13:13:45.679797+00:00,46.744,0.1232,0.15,0.0,0.2491,0.0596,7136.31,1,29.6757,149.286,step
2026-09-01T13:13:45.681022+00:00,46.804,0.1242,0.15,0.0,0.2471,0.0597,7315.14,1,29.6494,149.306,step
2026-09-01T13:13:45.682253+00:00,46.969,0.1253,0.15,0.0,0.2452,0.0599,7340.61,1,29.6141,149.326,step
2026-09-01T13:13:45.683504+00:00,47.134,0.1265,0.0,0.15,0.2433,0.0601,7365.69,1,29.5777,149.346,step
2026-09-01T13:13:45.684757+00:00,46.801,0.1275,0.15,0.0,0.2413,0.0602,7143.83,1,29.5512,149.366,step
2026-09-01T13:13:45.686076+00:00,46.86,0.1284,0.15,0.0,0.2394,0.0601,7324.16,1,29.5323,149.386,step
2026-09-01T13:13:45.687356+00:00,47.025,0.1294,0.0,0.15,0.2375,0.0602,7349.46,1,29.5045,149.406,step
2026-09-01T13:13:45.688676+00:00,46.69,0.1303,0.15,0.0,0.2356,0.0601,7126.72,1,29.4856,149.426,step
2026-09-01T13:13:45.689874+00:00,46.753,0.1311,0.15,0.0,0.2336,0.06,7307.2,1,29.4738,149.446,step
2026-09-01T13:13:45.691129+00:00,46.918,0.1321,0.15,0.0,0.2318,0.0599,7332.51,1,29.4526,149.466,step
2026-09-01T13:13:45.692387+00:00,47.083,0.133,0.0,0.15,0.2299,0.0599,7357.34,1,29.4302,149.486,step
2026-09-01T13:13:45.693729+00:00,46.749,0.1338,0.15,0.0,0.228,0.0598,7136.52,1,29.4181,149.506,step
2026-09-01T13:13:45.694932+00:00,46.811,0.1345,0.15,0.0,0.2261,0.0595,7315.59,1,29.4131,149.526,step
2026-09-01T13:13:45.696197+00:00,46.975,0.1353,0.15,0.0,0.2243,0.0593,7342.33,1,29.399,149.546,step
2026-09-01T13:13:45.697383+00:00,47.14,0.1362,0.0,0.15,0.2224,0.0592,7367.23,1,29.383,149.566,step
2026-09-01T13:13:45.698592+00:00,46.807,0.1369,0.15,0.0,0.2206,0.059,7143.97,1,29.377,149.586,step
2026-09-01T13:13:45.699782+00:00,46.869,0.1375,0.15,0.0,0.2188,0.0586,7325.13,1,29.3786,149.606,step
2026-09-01T13:13:45.700952+00:00,47.033,0.1382,0.0,0.15,0.217,0.0584,7350.58,1,29.3707,149.626,step
2026-09-01T13:13:45.702178+00:00,46.698,0.1389,0.15,0.0,0.2152,0.058,7128.01,1,29.3712,149.646,step
2026-09-01T13:13:45.703368+00:00,46.763,0.1394,0.15,0.0,0.2134,0.0576,7308.6,1,29.3785,149.666,step
2026-09-01T13:13:45.704574+00:00,46.927,0.14,0.15,0.0,0.2117,0.0573,7334.01,1,29.3747,149.686,step
2026-09-01T13:13:45.705777+00:00,47.092,0.1407,0.0,0.15,0.2099,0.0571,7358.85,1,29.3691,149.706,step
2026-09-01T13:13:45.707030+00:00,46.758,0.1412,0.15,0.0,0.2082,0.0567,7138.01,1,29.3742,149.726,step
2026-09-01T13:13:45.708306+00:00,46.822,0.1417,0.15,0.0,0.2065,0.0562,7317.36,1,29.3858,149.746,step
2026-09-01T13:13:45.709523+00:00,46.986,0.1423,0.15,0.0,0.2049,0.0559,7343.11,1,29.3866,149.766,step
2026-09-01T13:13:45.710894+00:00,47.151,0.1429,0.0,0.15,0.2032,0.0556,7368.15,1,29.3855,149.786,step
2026-09-01T13:13:45.712190+00:00,46.818,0.1433,0.15,0.0,0.2016,0.0551,7146.04,1,29.3951,149.806,step
2026-09-01T13:13:45.713451+00:00,46.881,0.1437,0.15,0.0,0.2,0.0546,7326.84,1,29.412,149.826,step
2026-09-01T13:13:45.714727+00:00,47.045,0.1442,0.0,0.15,0.1984,0.0542,7352.38,1,29.4185,149.846,step
2026-09-01T13:13:45.715929+00:00,46.71,0.1445,0.15,0.0,0.1968,0.0537,7129.56,1,29.4337,149.866,step
2026-09-01T13:13:45.717153+00:00,46.776,0.1448,0.15,0.0,0.1953,0.053,7310.71,1,29.4563,149.886,step
2026-09-01T13:13:45.718388+00:00,46.941,0.1452,0.15,0.0,0.1938,0.0526,7336.11,1,29.4674,149.906,step
2026-09-01T13:13:45.719686+00:00,47.106,0.1456,0.0,0.15,0.1923,0.0522,7361.01,1,29.4756,149.926,step
2026-09-01T13:13:45.720969+00:00,46.773,0.1459,0.15,0.0,0.1908,0.0516,7139.8,1,29.4944,149.946,step
2026-09-01T13:13:45.722193+00:00,46.837,0.1461,0.15,0.0,0.1894,0.0509,7321.1,1,29.5201,149.966,step
2026-09-01T13:13:45.723420+00:00,47.002,0.1464,0.0,0.15,0.188,0.0504,7346.1,1,29.5343,149.986,step
2026-09-01T13:13:45.724643+00:00,46.669,0.1466,0.15,0.0,0.1866,0.0499,7122.57,1,29.5565,150.006,step
2026-09-01T13:13:45.725917+00:00,46.735,0.1467,0.15,0.0,0.1852,0.0492,7304.4,1,29.5859,150.026,step
2026-09-01T13:13:45.727195+00:00,46.9,0.147,0.15,0.0,0.1839,0.0486,7329.97,1,29.6035,150.046,step
2026-09-01T13:13:45.728387+00:00,47.065,0.1472,0.0,0.15,0.1826,0.0482,7354.78,1,29.6184,150.066,step
2026-09-01T13:13:45.729579+00:00,46.732,0.1474,0.15,0.0,0.1813,0.0476,7133.81,1,29.643,150.086,step
2026-09-01T13:13:45.730810+00:00,46.797,0.1475,0.15,0.0,0.1801,0.0469,7313.63,1,29.6739,150.106,step
2026-09-01T13:13:45.731986+00:00,46.962,0.1477,0.15,0.0,0.1789,0.0464,7339.18,1,29.6927,150.126,step
2026-09-01T13:13:45.733191+00:00,47.127,0.1479,0.0,0.15,0.1777,0.0459,7364.33,1,29.7098,150.146,step
2026-09-01T13:13:45.734452+00:00,46.794,0.148,0.15,0.0,0.1765,0.0453,7142.83,1,29.7379,150.166,step
2026-09-01T13:13:45.735753+00:00,46.859,0.148,0.15,0.0,0.1753,0.0446,7323.46,1,29.7725,150.186,step
2026-09-01T13:13:45.736962+00:00,47.024,0.1481,0.0,0.15,0.1742,0.044,7349.05,1,29.7949,150.206,step
2026-09-01T13:13:45.738244+00:00,46.691,0.1481,0.15,0.0,0.1731,0.0434,7126.28,1,29.8259,150.226,step
2026-09-01T13:13:45.739528+00:00,46.758,0.1481,0.15,0.0,0.1721,0.0426,7308.04,1,29.8635,150.246,step
2026-09-01T13:13:45.740776+00:00,46.923,0.1482,0.15,0.0,0.171,0.0421,7333.49,1,29.8885,150.266,step
2026-09-01T13:13:45.742001+00:00,47.088,0.1483,0.0,0.15,0.17,0.0416,7358.4,1,29.9104,150.286,step
2026-09-01T13:13:45.743242+00:00,46.755,0.1482,0.15,0.0,0.169,0.0409,7137.2,1,29.9425,150.306,step
2026-09-01T13:13:45.744584+00:00,46.822,0.1481,0.15,0.0,0.1681,0.0402,7317.62,1,29.9811,150.326,step
2026-09-01T13:13:45.745798+00:00,46.987,0.1481,0.15,0.0,0.1672,0.0397,7343.24,1,30.0071,150.346,step
2026-09-01T13:13:45.746985+00:00,47.152,0.1482,0.0,0.15,0.1663,0.0392,7368.44,1,30.0305,150.366,step
2026-09-01T13:13:45.748210+00:00,46.82,0.1481,0.15,0.0,0.1654,0.0385,7146.01,1,30.0644,150.386,step
2026-09-01T13:13:45.749418+00:00,46.886,0.1479,0.15,0.0,0.1645,0.0378,7328.47,1,30.1054,150.406,step
2026-09-01T13:13:45.750622+00:00,47.052,0.1479,0.0,0.15,0.1637,0.0372,7353.89,1,30.1341,150.426,step
2026-09-01T13:13:45.751931+00:00,46.719,0.1477,0.15,0.0,0.1629,0.0365,7129.95,1,30.1712,150.446,step
2026-09-01T13:13:45.753134+00:00,46.786,0.1475,0.15,0.0,0.1622,0.0358,7312.58,1,30.2146,150.466,step
2026-09-01T13:13:45.754334+00:00,46.952,0.1474,0.15,0.0,0.1615,0.0352,7338.1,1,30.2451,150.486,step
2026-09-01T13:13:45.755522+00:00,47.118,0.1474,0.0,0.15,0.1608,0.0347,7363.12,1,30.2714,150.506,step
2026-09-01T13:13:45.756718+00:00,46.786,0.1472,0.15,0.0,0.1601,0.0341,7141.94,1,30.3072,150.526,step
2026-09-01T13:13:45.757920+00:00,46.852,0.147,0.15,0.0,0.1594,0.0334,7322.15,1,30.3492,150.546,step
2026-09-01T13:13:45.759125+00:00,47.018,0.1469,0.0,0.15,0.1588,0.0328,7348.09,1,30.3786,150.566,step
2026-09-01T13:13:45.760441+00:00,46.686,0.1467,0.15,0.0,0.1582,0.0322,7125.59,1,30.4168,150.586,step
2026-09-01T13:13:45.761695+00:00,46.753,0.1464,0.15,0.0,0.1576,0.0315,7307.46,1,30.4611,150.606,step
2026-09-01T13:13:45.762948+00:00,46.919,0.1462,0.15,0.0,0.1571,0.031,7333.05,1,30.4913,150.626,step
2026-09-01T13:13:45.764210+00:00,47.086,0.1461,0.0,0.15,0.1566,0.0305,7358.32,1,30.5177,150.646,step
2026-09-01T13:13:45.765519+00:00,46.755,0.1459,0.15,0.0,0.156,0.0299,7136.84,1,30.5546,150.666,step
2026-09-01T13:13:45.766771+00:00,46.821,0.1456,0.15,0.0,0.1556,0.0292,7317.75,1,30.5979,150.686,step
2026-09-01T13:13:45.768030+00:00,46.987,0.1454,0.15,0.0,0.1551,0.0287,7343.73,1,30.6286,150.706,step
2026-09-01T13:13:45.769471+00:00,47.154,0.1453,0.0,0.15,0.1547,0.0283,7369.12,1,30.6556,150.726,step
2026-09-01T13:13:45.770713+00:00,46.822,0.145,0.15,0.0,0.1543,0.0277,7146.96,1,30.6925,150.746,step
2026-09-01T13:13:45.771996+00:00,46.888,0.1447,0.15,0.0,0.1539,0.027,7328.77,1,30.7361,150.766,step
2026-09-01T13:13:45.773291+00:00,47.055,0.1444,0.0,0.15,0.1535,0.0265,7354.38,1,30.7669,150.786,step
2026-09-01T13:13:45.774573+00:00,46.722,0.1441,0.15,0.0,0.1532,0.0259,7131.21,1,30.8057,150.806,step
2026-09-01T13:13:45.775776+00:00,46.791,0.1438,0.15,0.0,0.1529,0.0253,7314.83,1,30.85,150.826,step
2026-09-01T13:13:45.777067+00:00,46.958,0.1435,0.15,0.0,0.1526,0.0248,7340.02,1,30.8813,150.846,step
2026-09-01T13:13:45.778360+00:00,47.125,0.1433,0.0,0.15,0.1524,0.0244,7365.06,1,30.9094,150.866,step
2026-09-01T13:13:45.779556+00:00,46.795,0.143,0.15,0.0,0.1521,0.0238,7143.11,1,30.9465,150.886,step
2026-09-01T13:13:45.780766+00:00,46.861,0.1426,0.15,0.0,0.1519,0.0232,7324.27,1,30.9889,150.906,step
2026-09-01T13:13:45.781957+00:00,47.028,0.1424,0.0,0.15,0.1517,0.0228,7350.18,1,31.0183,150.926,step
2026-09-01T13:13:45.783199+00:00,46.697,0.142,0.15,0.0,0.1515,0.0222,7127.66,1,31.0555,150.946,step
2026-09-01T13:13:45.784405+00:00,46.765,0.1416,0.15,0.0,0.1514,0.0216,7309.57,1,31.0979,150.966,step
2026-09-01T13:13:45.785837+00:00,46.932,0.1414,0.15,0.0,0.1512,0.0212,7335.13,1,31.1273,150.986,step
2026-09-01T13:13:45.787103+00:00,47.099,0.1411,0.0,0.15,0.1511,0.0209,7360.69,1,31.1526,151.006,step
2026-09-01T13:13:45.788339+00:00,46.77,0.1408,0.15,0.0,0.151,0.0204,7139.38,1,31.1872,151.026,step
2026-09-01T13:13:45.789588+00:00,46.835,0.1404,0.15,0.0,0.1509,0.0198,7320.3,1,31.2277,151.046,step
2026-09-01T13:13:45.790851+00:00,47.003,0.1402,0.0,0.15,0.1509,0.0195,7346.56,1,31.2542,151.066,step
2026-09-01T13:13:45.792125+00:00,46.672,0.1398,0.15,0.0,0.1508,0.019,7123.53,1,31.2888,151.086,step
2026-09-01T13:13:45.793366+00:00,46.74,0.1394,0.15,0.0,0.1508,0.0185,7306.33,1,31.3295,151.106,step
2026-09-01T13:13:45.794766+00:00,46.908,0.1391,0.15,0.0,0.1508,0.0181,7332.02,1,31.3562,151.126,step
2026-09-01T13:13:45.795993+00:00,47.075,0.1389,0.0,0.15,0.1508,0.0179,7357.57,1,31.3791,151.146,step
2026-09-01T13:13:45.797220+00:00,46.745,0.1385,0.15,0.0,0.1508,0.0174,7135.83,1,31.4123,151.166,step
2026-09-01T13:13:45.798437+00:00,46.812,0.1381,0.15,0.0,0.1509,0.0169,7317.28,1,31.4515,151.186,step
2026-09-01T13:13:45.799645+00:00,46.98,0.1378,0.15,0.0,0.1509,0.0166,7343.35,1,31.4767,151.206,step
2026-09-01T13:13:45.800864+00:00,47.148,0.1375,0.0,0.15,0.151,0.0163,7369.09,1,31.4985,151.226,step
2026-09-01T13:13:45.802137+00:00,46.819,0.1372,0.15,0.0,0.1511,0.0159,7144.59,1,31.5307,151.246,step
2026-09-01T13:13:45.803360+00:00,46.885,0.1367,0.15,0.0,0.1512,0.0154,7329.63,1,31.5682,151.266,step
2026-09-01T13:13:45.804558+00:00,47.053,0.1365,0.0,0.15,0.1513,0.0151,7355.41,1,31.5924,151.286,step
2026-09-01T13:13:45.805789+00:00,46.723,0.1361,0.15,0.0,0.1515,0.0148,7131.34,1,31.6238,151.306,step
2026-09-01T13:13:45.806977+00:00,46.791,0.1357,0.15,0.0,0.1516,0.0143,7314.55,1,31.6599,151.326,step
2026-09-01T13:13:45.808179+00:00,46.96,0.1354,0.15,0.0,0.1518,0.0141,7340.39,1,31.6828,151.346,step
2026-09-01T13:13:45.809367+00:00,47.128,0.1351,0.0,0.15,0.1519,0.0139,7365.79,1,31.7016,151.366,step
2026-09-01T13:13:45.810649+00:00,46.798,0.1348,0.15,0.0,0.1521,0.0135,7144.06,1,31.7297,151.386,step
2026-09-01T13:13:45.811853+00:00,46.865,0.1343,0.15,0.0,0.1523,0.0131,7325.26,1,31.7634,151.406,step
2026-09-01T13:13:45.813052+00:00,47.034,0.1341,0.0,0.15,0.1525,0.0129,7351.59,1,31.7831,151.426,step
2026-09-01T13:13:45.814279+00:00,46.704,0.1337,0.15,0.0,0.1527,0.0126,7128.69,1,31.8107,151.446,step
2026-09-01T13:13:45.815545+00:00,46.771,0.1333,0.15,0.0,0.1529,0.0122,7311.48,1,31.8436,151.466,step
2026-09-01T13:13:45.816798+00:00,46.94,0.133,0.15,0.0,0.1532,0.012,7337.55,1,31.8623,151.486,step
2026-09-01T13:13:45.818054+00:00,47.109,0.1328,0.0,0.15,0.1534,0.0119,7363.35,1,31.8773,151.506,step
2026-09-01T13:13:45.819460+00:00,46.78,0.1325,0.15,0.0,0.1537,0.0117,7141.03,1,31.9024,151.526,step
2026-09-01T13:13:45.820737+00:00,46.846,0.1321,0.15,0.0,0.154,0.0113,7323.46,1,31.9322,151.546,step
2026-09-01T13:13:45.822009+00:00,47.015,0.1318,0.0,0.15,0.1542,0.0112,7349.57,1,31.9487,151.566,step
2026-09-01T13:13:45.823241+00:00,46.685,0.1315,0.15,0.0,0.1545,0.0109,7126.22,1,31.9735,151.586,step
2026-09-01T13:13:45.824489+00:00,46.754,0.1311,0.15,0.0,0.1548,0.0106,7309.51,1,32.0027,151.606,step
2026-09-01T13:13:45.825727+00:00,46.923,0.1308,0.15,0.0,0.1551,0.0104,7335.54,1,32.0185,151.626,step
2026-09-01T13:13:45.826992+00:00,47.093,0.1306,0.0,0.15,0.1554,0.0104,7361.33,1,32.0312,151.646,step
2026-09-01T13:13:45.828356+00:00,46.764,0.1302,0.15,0.0,0.1557,0.0101,7138.55,1,32.0538,151.666,step
2026-09-01T13:13:45.829552+00:00,46.831,0.1298,0.15,0.0,0.1561,0.0098,7322.16,1,32.0809,151.686,step
2026-09-01T13:13:45.830753+00:00,47.001,0.1296,0.0,0.15,0.1564,0.0097,7347.98,1,32.0949,151.706,step
2026-09-01T13:13:45.831978+00:00,46.671,0.1293,0.15,0.0,0.1567,0.0095,7123.51,1,32.1168,151.726,step
2026-09-01T13:13:45.833219+00:00,46.74,0.1289,0.15,0.0,0.1571,0.0093,7307.57,1,32.1428,151.746,step
2026-09-01T13:13:45.834442+00:00,46.909,0.1286,0.15,0.0,0.1574,0.0092,7333.5,1,32.1552,151.766,step
2026-09-01T13:13:45.835748+00:00,47.079,0.1284,0.0,0.15,0.1578,0.0091,7359.09,1,32.1647,151.786,step
2026-09-01T13:13:45.836959+00:00,46.75,0.1281,0.15,0.0,0.1581,0.009,7137.2,1,32.1828,151.806,step
2026-09-01T13:13:45.838211+00:00,46.817,0.1278,0.15,0.0,0.1585,0.0088,7318.91,1,32.2053,151.826,step
2026-09-01T13:13:45.839476+00:00,46.987,0.1275,0.15,0.0,0.1589,0.0087,7345.17,1,32.2153,151.846,step
2026-09-01T13:13:45.840743+00:00,47.157,0.1274,0.0,0.15,0.1592,0.0087,7371.17,1,32.2225,151.866,step
2026-09-01T13:13:45.842050+00:00,46.829,0.1271,0.15,0.0,0.1596,0.0086,7148.38,1,32.2385,151.886,step
2026-09-01T13:13:45.843387+00:00,46.894,0.1267,0.15,0.0,0.16,0.0084,7331.54,1,32.259,151.906,step
2026-09-01T13:13:45.844676+00:00,47.064,0.1265,0.0,0.15,0.1604,0.0084,7357.86,1,32.2672,151.926,step
2026-09-01T13:13:45.845922+00:00,46.734,0.1263,0.15,0.0,0.1607,0.0083,7133.43,1,32.2838,151.946,step
2026-09-01T13:13:45.847199+00:00,46.803,0.1259,0.15,0.0,0.1611,0.0081,7318.1,1,32.3043,151.966,step
2026-09-01T13:13:45.848496+00:00,46.973,0.1257,0.15,0.0,0.1615,0.0081,7344.1,1,32.3117,151.986,step
2026-09-01T13:13:45.849784+00:00,47.143,0.1256,0.0,0.15,0.1619,0.0081,7369.93,1,32.3163,152.006,step
2026-09-01T13:13:45.851011+00:00,46.814,0.1253,0.15,0.0,0.1623,0.008,7146.85,1,32.3305,152.026,step
2026-09-01T13:13:45.852373+00:00,46.882,0.125,0.15,0.0,0.1627,0.0079,7330.36,1,32.3484,152.046,step
2026-09-01T13:13:45.853648+00:00,47.052,0.1248,0.0,0.15,0.1631,0.0079,7356.58,1,32.3535,152.066,step
2026-09-01T13:13:45.854892+00:00,46.722,0.1245,0.15,0.0,0.1635,0.0078,7132.09,1,32.3666,152.086,step
2026-09-01T13:13:45.856145+00:00,46.791,0.1242,0.15,0.0,0.1639,0.0077,7317.73,1,32.3846,152.106,step
2026-09-01T13:13:45.857398+00:00,46.962,0.124,0.15,0.0,0.1643,0.0077,7343.43,1,32.3895,152.126,step
2026-09-01T13:13:45.858670+00:00,47.133,0.1239,0.0,0.15,0.1647,0.0078,7369.1,1,32.3907,152.146,step
2026-09-01T13:13:45.860020+00:00,46.805,0.1237,0.15,0.0,0.1651,0.0077,7145.1,1,32.401,152.166,step
2026-09-01T13:13:45.861207+00:00,46.872,0.1234,0.15,0.0,0.1655,0.0076,7328.7,1,32.4159,152.186,step
2026-09-01T13:13:45.862435+00:00,47.042,0.1232,0.0,0.15,0.1659,0.0077,7355.07,1,32.4178,152.206,step
2026-09-01T13:13:45.863668+00:00,46.713,0.123,0.15,0.0,0.1663,0.0077,7130.98,1,32.427,152.226,step
2026-09-01T13:13:45.864891+00:00,46.781,0.1227,0.15,0.0,0.1667,0.0076,7314.88,1,32.4406,152.246,step
2026-09-01T13:13:45.866126+00:00,46.952,0.1226,0.15,0.0,0.1671,0.0077,7341.07,1,32.4423,152.266,step
2026-09-01T13:13:45.867342+00:00,47.122,0.1225,0.0,0.15,0.1675,0.0078,7366.91,1,32.4412,152.286,step
2026-09-01T13:13:45.868661+00:00,46.797,0.1223,0.15,0.0,0.1679,0.0078,7143.89,1,32.448,152.306,step
2026-09-01T13:13:45.869994+00:00,46.862,0.1221,0.15,0.0,0.1682,0.0077,7327.31,1,32.4581,152.326,step
2026-09-01T13:13:45.871256+00:00,47.032,0.122,0.0,0.15,0.1686,0.0079,7353.82,1,32.4561,152.346,step
2026-09-01T13:13:45.872570+00:00,46.705,0.1218,0.15,0.0,0.169,0.0079,7129.11,1,32.4623,152.366,step
2026-09-01T13:13:45.873876+00:00,46.773,0.1216,0.15,0.0,0.1694,0.0078,7314.14,1,32.4735,152.386,step
2026-09-01T13:13:45.875156+00:00,46.944,0.1215,0.15,0.0,0.1698,0.0079,7340.34,1,32.4732,152.406,step
2026-09-01T13:13:45.876519+00:00,47.115,0.1214,0.0,0.15,0.1701,0.0081,7366.27,1,32.469,152.426,step
2026-09-01T13:13:45.877790+00:00,46.786,0.1212,0.15,0.0,0.1705,0.0081,7142.86,1,32.4735,152.446,step
2026-09-01T13:13:45.878995+00:00,46.855,0.121,0.15,0.0,0.1709,0.0081,7326.6,1,32.4824,152.466,step
2026-09-01T13:13:45.880254+00:00,47.027,0.121,0.0,0.15,0.1712,0.0082,7353.1,1,32.4797,152.486,step
2026-09-01T13:13:45.881510+00:00,46.698,0.1208,0.15,0.0,0.1716,0.0083,7128.62,1,32.485,152.506,step
2026-09-01T13:13:45.882778+00:00,46.767,0.1206,0.15,0.0,0.172,0.0082,7317.43,1,32.4947,152.526,step
2026-09-01T13:13:45.883988+00:00,46.94,0.1205,0.15,0.0,0.1723,0.0083,7342.49,1,32.4937,152.546,step
2026-09-01T13:13:45.885244+00:00,47.112,0.1205,0.0,0.15,0.1727,0.0085,7367.62,1,32.4895,152.566,step
2026-09-01T13:13:45.886571+00:00,46.787,0.1203,0.15,0.0,0.173,0.0085,7141.71,1,32.4928,152.586,step
2026-09-01T13:13:45.887785+00:00,46.854,0.1202,0.15,0.0,0.1734,0.0086,7326.82,1,32.4994,152.606,step
2026-09-01T13:13:45.888992+00:00,47.026,0.1201,0.0,0.15,0.1737,0.0087,7353.14,1,32.4943,152.626,step
2026-09-01T13:13:45.890198+00:00,46.698,0.12,0.15,0.0,0.174,0.0088,7129.34,1,32.497,152.646,step
2026-09-01T13:13:45.891415+00:00,46.768,0.1198,0.15,0.0,0.1744,0.0088,7312.87,1,32.5038,152.666,step
2026-09-01T13:13:45.892661+00:00,46.94,0.1198,0.15,0.0,0.1747,0.0089,7339.46,1,32.4992,152.686,step
2026-09-01T13:13:45.893990+00:00,47.111,0.1198,0.0,0.15,0.175,0.0091,7365.51,1,32.4918,152.706,step
2026-09-01T13:13:45.895249+00:00,46.784,0.1197,0.15,0.0,0.1754,0.0092,7142.39,1,32.4937,152.726,step
2026-09-01T13:13:45.896500+00:00,46.853,0.1196,0.15,0.0,0.1757,0.0092,7326.16,1,32.4996,152.746,step
2026-09-01T13:13:45.897756+00:00,47.025,0.1195,0.0,0.15,0.176,0.0094,7352.89,1,32.4931,152.766,step
2026-09-01T13:13:45.899031+00:00,46.702,0.1195,0.15,0.0,0.1763,0.0095,7128.35,1,32.4942,152.786,step
2026-09-01T13:13:45.900359+00:00,46.767,0.1193,0.15,0.0,0.1766,0.0095,7313.72,1,32.4988,152.806,step
2026-09-01T13:13:45.901613+00:00,46.94,0.1193,0.15,0.0,0.1769,0.0097,7340.03,1,32.4916,152.826,step
2026-09-01T13:13:45.903010+00:00,47.113,0.1194,0.0,0.15,0.1772,0.01,7366.14,1,32.4817,152.846,step
2026-09-01T13:13:45.904270+00:00,46.786,0.1193,0.15,0.0,0.1774,0.01,7142.45,1,32.4812,152.866,step
2026-09-01T13:13:45.905539+00:00,46.856,0.1192,0.15,0.0,0.1777,0.0101,7326.48,1,32.4853,152.886,step
2026-09-01T13:13:45.906818+00:00,47.028,0.1192,0.0,0.15,0.178,0.0103,7353.21,1,32.4781,152.906,step
2026-09-01T13:13:45.908139+00:00,46.701,0.1191,0.15,0.0,0.1782,0.0103,7129.11,1,32.4788,152.926,step
2026-09-01T13:13:45.909380+00:00,46.772,0.119,0.15,0.0,0.1785,0.0103,7313.83,1,32.4836,152.946,step
2026-09-01T13:13:45.910710+00:00,46.944,0.119,0.15,0.0,0.1787,0.0105,7344.85,1,32.4768,152.966,step
2026-09-01T13:13:45.911993+00:00,47.118,0.1191,0.0,0.15,0.179,0.0107,7370.9,1,32.4686,152.986,step
2026-09-01T13:13:45.913241+00:00,46.797,0.119,0.15,0.0,0.1793,0.0108,7140.6,1,32.4685,153.006,step
2026-09-01T13:13:45.914465+00:00,46.864,0.1189,0.15,0.0,0.1795,0.0108,7329.36,1,32.4725,153.026,step
2026-09-01T13:13:45.915713+00:00,47.038,0.1189,0.0,0.15,0.1797,0.011,7355.51,1,32.4651,153.046,step
2026-09-01T13:13:45.916927+00:00,46.712,0.1189,0.15,0.0,0.18,0.0111,7131.19,1,32.4651,153.066,step
2026-09-01T13:13:45.918129+00:00,46.783,0.1188,0.15,0.0,0.1802,0.0111,7315.09,1,32.4691,153.086,step
2026-09-01T13:13:45.919442+00:00,46.957,0.1188,0.15,0.0,0.1804,0.0113,7341.7,1,32.4616,153.106,step
2026-09-01T13:13:45.920686+00:00,47.13,0.1189,0.0,0.15,0.1806,0.0115,7367.95,1,32.4513,153.126,step
2026-09-01T13:13:45.921925+00:00,46.804,0.1188,0.15,0.0,0.1808,0.0116,7145.9,1,32.4504,153.146,step
2026-09-01T13:13:45.923180+00:00,46.874,0.1188,0.15,0.0,0.181,0.0116,7329.17,1,32.4538,153.166,step
2026-09-01T13:13:45.924429+00:00,47.047,0.1188,0.0,0.15,0.1812,0.0118,7356.04,1,32.4457,153.186,step
2026-09-01T13:13:45.925740+00:00,46.725,0.1188,0.15,0.0,0.1814,0.0119,7131.86,1,32.4446,153.206,step
2026-09-01T13:13:45.927059+00:00,46.792,0.1187,0.15,0.0,0.1816,0.0119,7317.39,1,32.4478,153.226,step
2026-09-01T13:13:45.928341+00:00,46.966,0.1188,0.15,0.0,0.1818,0.0121,7343.97,1,32.4396,153.246,step
2026-09-01T13:13:45.929582+00:00,47.14,0.1188,0.0,0.15,0.182,0.0123,7370.41,1,32.4289,153.266,step
2026-09-01T13:13:45.930876+00:00,46.815,0.1188,0.15,0.0,0.1822,0.0124,7146.81,1,32.4276,153.286,step
2026-09-01T13:13:45.932135+00:00,46.885,0.1188,0.15,0.0,0.1823,0.0124,7331.2,1,32.4309,153.306,step
2026-09-01T13:13:45.933378+00:00,47.059,0.1188,0.0,0.15,0.1825,0.0126,7358.09,1,32.4229,153.326,step
2026-09-01T13:13:45.934615+00:00,46.733,0.1188,0.15,0.0,0.1827,0.0127,7133.77,1,32.4229,153.346,step
2026-09-01T13:13:45.935973+00:00,46.806,0.1187,0.15,0.0,0.1828,0.0127,7318.96,1,32.427,153.366,step
2026-09-01T13:13:45.937206+00:00,46.98,0.1188,0.15,0.0,0.183,0.0128,7345.77,1,32.4197,153.386,step
2026-09-01T13:13:45.938473+00:00,47.154,0.1188,0.0,0.15,0.1832,0.013,7373.77,1,32.4094,153.406,step
2026-09-01T13:13:45.939702+00:00,46.833,0.1188,0.15,0.0,0.1833,0.0131,7145.09,1,32.4084,153.426,step
2026-09-01T13:13:45.940966+00:00,46.901,0.1188,0.15,0.0,0.1834,0.0131,7335.6,1,32.4122,153.446,step
2026-09-01T13:13:45.942276+00:00,47.076,0.1188,0.0,0.15,0.1836,0.0133,7361.81,1,32.4044,153.466,step
2026-09-01T13:13:45.943601+00:00,46.752,0.1188,0.15,0.0,0.1837,0.0133,7136.35,1,32.4041,153.486,step
2026-09-01T13:13:45.944866+00:00,46.823,0.1188,0.15,0.0,0.1838,0.0133,7321.71,1,32.4076,153.506,step
2026-09-01T13:13:45.946099+00:00,46.998,0.1188,0.15,0.0,0.184,0.0135,7348.42,1,32.3997,153.526,step
2026-09-01T13:13:45.947313+00:00,47.173,0.1189,0.0,0.15,0.1841,0.0137,7374.75,1,32.3891,153.546,step
2026-09-01T13:13:45.948557+00:00,46.848,0.1189,0.15,0.0,0.1842,0.0138,7152.64,1,32.3876,153.566,step
2026-09-01T13:13:45.949811+00:00,46.919,0.1189,0.15,0.0,0.1843,0.0138,7335.88,1,32.3905,153.586,step
2026-09-01T13:13:45.951073+00:00,47.093,0.119,0.0,0.15,0.1844,0.014,7363.12,1,32.3819,153.606,step
2026-09-01T13:13:45.952385+00:00,46.769,0.119,0.15,0.0,0.1845,0.014,7138.96,1,32.3813,153.626,step
2026-09-01T13:13:45.953656+00:00,46.84,0.1189,0.15,0.0,0.1846,0.0141,7324.54,1,32.3844,153.646,step
2026-09-01T13:13:45.954894+00:00,47.014,0.119,0.0,0.15,0.1847,0.0142,7351.29,1,32.376,153.666,step
2026-09-01T13:13:45.956190+00:00,46.691,0.119,0.15,0.0,0.1848,0.0143,7127.05,1,32.3752,153.686,step
2026-09-01T13:13:45.957448+00:00,46.762,0.119,0.15,0.0,0.1849,0.0143,7312.26,1,32.3787,153.706,step
2026-09-01T13:13:45.958731+00:00,46.937,0.1191,0.15,0.0,0.185,0.0145,7339.18,1,32.3708,153.726,step
2026-09-01T13:13:45.960050+00:00,47.112,0.1192,0.0,0.15,0.185,0.0147,7365.7,1,32.36,153.746,step
2026-09-01T13:13:45.961427+00:00,46.789,0.1192,0.15,0.0,0.1851,0.0147,7143.0,1,32.3584,153.766,step
2026-09-01T13:13:45.962666+00:00,46.86,0.1192,0.15,0.0,0.1852,0.0147,7327.05,1,32.3611,153.786,step
2026-09-01T13:13:45.963889+00:00,47.035,0.1193,0.0,0.15,0.1853,0.0149,7354.18,1,32.3525,153.806,step
2026-09-01T13:13:45.965134+00:00,46.711,0.1193,0.15,0.0,0.1853,0.0149,7130.09,1,32.3519,153.826,step
2026-09-01T13:13:45.966386+00:00,46.783,0.1193,0.15,0.0,0.1854,0.0149,7315.87,1,32.3555,153.846,step
2026-09-01T13:13:45.967585+00:00,46.958,0.1193,0.15,0.0,0.1854,0.0151,7344.46,1,32.3482,153.866,step
2026-09-01T13:13:45.968871+00:00,47.134,0.1195,0.0,0.15,0.1855,0.0153,7370.52,1,32.3383,153.886,step
2026-09-01T13:13:45.970136+00:00,46.812,0.1195,0.15,0.0,0.1855,0.0153,7145.43,1,32.3369,153.906,step
2026-09-01T13:13:45.971329+00:00,46.883,0.1195,0.15,0.0,0.1856,0.0153,7330.89,1,32.3397,153.926,step
2026-09-01T13:13:45.972533+00:00,47.058,0.1196,0.0,0.15,0.1856,0.0155,7357.95,1,32.3311,153.946,step
2026-09-01T13:13:45.973724+00:00,46.733,0.1196,0.15,0.0,0.1857,0.0155,7134.1,1,32.3313,153.966,step
2026-09-01T13:13:45.974908+00:00,46.806,0.1195,0.15,0.0,0.1857,0.0155,7318.92,1,32.3366,153.986,step
2026-09-01T13:13:45.976108+00:00,46.982,0.1196,0.15,0.0,0.1857,0.0156,7345.82,1,32.3305,154.006,step
2026-09-01T13:13:45.977441+00:00,47.157,0.1197,0.0,0.15,0.1858,0.0158,7372.5,1,32.3217,154.026,step
2026-09-01T13:13:45.978760+00:00,46.833,0.1198,0.15,0.0,0.1858,0.0158,7149.64,1,32.3221,154.046,step
2026-09-01T13:13:45.980000+00:00,46.905,0.1197,0.15,0.0,0.1858,0.0158,7334.13,1,32.327,154.066,step
2026-09-01T13:13:45.981260+00:00,47.08,0.1198,0.0,0.15,0.1859,0.0159,7361.23,1,32.3202,154.086,step
2026-09-01T13:13:45.982526+00:00,46.757,0.1198,0.15,0.0,0.1859,0.016,7136.9,1,32.3213,154.106,step
2026-09-01T13:13:45.983847+00:00,46.829,0.1198,0.15,0.0,0.1859,0.0159,7322.77,1,32.3268,154.126,step
2026-09-01T13:13:45.985206+00:00,47.004,0.1199,0.0,0.15,0.1859,0.016,7349.62,1,32.3208,154.146,step
2026-09-01T13:13:45.986485+00:00,46.68,0.1199,0.15,0.0,0.1859,0.0161,7125.72,1,32.3226,154.166,step
2026-09-01T13:13:45.987745+00:00,46.753,0.1198,0.15,0.0,0.186,0.016,7310.75,1,32.3286,154.186,step
2026-09-01T13:13:45.988966+00:00,46.929,0.1199,0.15,0.0,0.186,0.0161,7337.8,1,32.3228,154.206,step
2026-09-01T13:13:45.990216+00:00,47.105,0.12,0.0,0.15,0.186,0.0163,7364.41,1,32.3142,154.226,step
2026-09-01T13:13:45.991511+00:00,46.782,0.12,0.15,0.0,0.186,0.0163,7141.89,1,32.3148,154.246,step
2026-09-01T13:13:45.992778+00:00,46.853,0.12,0.15,0.0,0.186,0.0163,7326.07,1,32.3197,154.266,step
2026-09-01T13:13:45.994125+00:00,47.029,0.1201,0.0,0.15,0.186,0.0164,7353.26,1,32.3133,154.286,step
2026-09-01T13:13:45.995365+00:00,46.706,0.1201,0.15,0.0,0.186,0.0164,7128.04,1,32.3149,154.306,step
2026-09-01T13:13:45.996590+00:00,46.778,0.1201,0.15,0.0,0.186,0.0164,7315.51,1,32.3209,154.326,step
2026-09-01T13:13:45.997862+00:00,46.954,0.1202,0.15,0.0,0.186,0.0165,7342.18,1,32.3154,154.346,step
2026-09-01T13:13:45.999113+00:00,47.13,0.1203,0.0,0.15,0.186,0.0166,7368.67,1,32.3072,154.366,step
2026-09-01T13:13:46.000393+00:00,46.807,0.1203,0.15,0.0,0.186,0.0166,7145.83,1,32.3079,154.386,step
2026-09-01T13:13:46.001639+00:00,46.879,0.1203,0.15,0.0,0.186,0.0166,7329.81,1,32.313,154.406,step
2026-09-01T13:13:46.003033+00:00,47.055,0.1204,0.0,0.15,0.186,0.0167,7357.16,1,32.3066,154.426,step
2026-09-01T13:13:46.004262+00:00,46.73,0.1204,0.15,0.0,0.186,0.0167,7133.28,1,32.3082,154.446,step
2026-09-01T13:13:46.005496+00:00,46.804,0.1204,0.15,0.0,0.186,0.0167,7318.65,1,32.3141,154.466,step
2026-09-01T13:13:46.006708+00:00,46.979,0.1204,0.15,0.0,0.186,0.0168,7345.64,1,32.3085,154.486,step
2026-09-01T13:13:46.007949+00:00,47.155,0.1206,0.0,0.15,0.186,0.0169,7372.4,1,32.3001,154.506,step
2026-09-01T13:13:46.009236+00:00,46.832,0.1206,0.15,0.0,0.1859,0.0169,7149.19,1,32.3021,154.526,step
2026-09-01T13:13:46.010583+00:00,46.904,0.1205,0.15,0.0,0.1859,0.0169,7333.88,1,32.3093,154.546,step
2026-09-01T13:13:46.011831+00:00,47.079,0.1206,0.0,0.15,0.1859,0.017,7361.19,1,32.3052,154.566,step
2026-09-01T13:13:46.013156+00:00,46.755,0.1206,0.15,0.0,0.1859,0.017,7136.75,1,32.309,154.586,step
2026-09-01T13:13:46.014484+00:00,46.828,0.1206,0.15,0.0,0.1859,0.0169,7322.72,1,32.3173,154.606,step
2026-09-01T13:13:46.015719+00:00,47.004,0.1206,0.0,0.15,0.1858,0.017,7349.61,1,32.3141,154.626,step
2026-09-01T13:13:46.017029+00:00,46.68,0.1206,0.15,0.0,0.1858,0.0169,7125.63,1,32.3186,154.646,step
2026-09-01T13:13:46.018287+00:00,46.754,0.1206,0.15,0.0,0.1858,0.0168,7310.89,1,32.3272,154.666,step
2026-09-01T13:13:46.019646+00:00,46.929,0.1206,0.15,0.0,0.1858,0.0169,7337.94,1,32.324,154.686,step
2026-09-01T13:13:46.020961+00:00,47.105,0.1207,0.0,0.15,0.1858,0.017,7364.6,1,32.3181,154.706,step
2026-09-01T13:13:46.022217+00:00,46.782,0.1207,0.15,0.0,0.1858,0.017,7141.92,1,32.3212,154.726,step
2026-09-01T13:13:46.023404+00:00,46.854,0.1207,0.15,0.0,0.1858,0.0169,7326.16,1,32.3289,154.746,step
2026-09-01T13:13:46.024632+00:00,47.03,0.1207,0.0,0.15,0.1857,0.017,7353.28,1,32.3251,154.766,step
2026-09-01T13:13:46.025890+00:00,46.706,0.1207,0.15,0.0,0.1857,0.017,7129.47,1,32.3292,154.786,step
2026-09-01T13:13:46.027163+00:00,46.779,0.1206,0.15,0.0,0.1857,0.0169,7315.04,1,32.338,154.806,step
2026-09-01T13:13:46.028350+00:00,46.955,0.1207,0.15,0.0,0.1857,0.0169,7341.96,1,32.3351,154.826,step
2026-09-01T13:13:46.029596+00:00,47.13,0.1208,0.0,0.15,0.1857,0.0171,7368.59,1,32.3295,154.846,step
2026-09-01T13:13:46.030862+00:00,46.807,0.1208,0.15,0.0,0.1857,0.017,7145.44,1,32.3333,154.866,step
2026-09-01T13:13:46.032070+00:00,46.879,0.1207,0.15,0.0,0.1857,0.017,7330.17,1,32.3414,154.886,step
2026-09-01T13:13:46.033326+00:00,47.054,0.1208,0.0,0.15,0.1856,0.017,7357.3,1,32.3381,154.906,step
2026-09-01T13:13:46.034563+00:00,46.73,0.1208,0.15,0.0,0.1856,0.017,7133.15,1,32.3426,154.926,step
2026-09-01T13:13:46.035914+00:00,46.804,0.1207,0.15,0.0,0.1856,0.0169,7318.79,1,32.3517,154.946,step
2026-09-01T13:13:46.037211+00:00,46.979,0.1208,0.15,0.0,0.1856,0.017,7345.81,1,32.3509,154.966,step
2026-09-01T13:13:46.038485+00:00,47.155,0.1209,0.0,0.15,0.1856,0.0171,7372.4,1,32.3497,154.986,step
2026-09-01T13:13:46.039802+00:00,46.831,0.1209,0.15,0.0,0.1855,0.0171,7149.21,1,32.3605,155.006,step
2026-09-01T13:13:46.041073+00:00,46.903,0.1208,0.15,0.0,0.1855,0.017,7333.87,1,32.3784,155.026,step
2026-09-01T13:13:46.042404+00:00,47.078,0.1209,0.0,0.15,0.1855,0.017,7361.0,1,32.387,155.046,step
2026-09-01T13:13:46.043799+00:00,46.754,0.1209,0.15,0.0,0.1855,0.017,7136.55,1,32.4066,155.066,step
2026-09-01T13:13:46.045092+00:00,46.827,0.1208,0.15,0.0,0.1855,0.0169,7322.53,1,32.4336,155.086,step
2026-09-01T13:13:46.046375+00:00,47.002,0.1209,0.0,0.15,0.1854,0.017,7349.32,1,32.4511,155.106,step
2026-09-01T13:13:46.047672+00:00,46.678,0.1208,0.15,0.0,0.1854,0.0169,7125.32,1,32.48,155.126,step
2026-09-01T13:13:46.048912+00:00,46.751,0.1208,0.15,0.0,0.1854,0.0168,7310.54,1,32.5163,155.146,step
2026-09-01T13:13:46.050199+00:00,46.926,0.1208,0.15,0.0,0.1854,0.0169,7337.49,1,32.5431,155.166,step
2026-09-01T13:13:46.051422+00:00,47.102,0.1209,0.0,0.15,0.1854,0.017,7363.02,1,32.5696,155.186,step
2026-09-01T13:13:46.052717+00:00,46.777,0.1209,0.15,0.0,0.1854,0.017,7142.67,1,32.6099,155.206,step
2026-09-01T13:13:46.053976+00:00,46.849,0.1208,0.15,0.0,0.1854,0.0169,7324.93,1,32.6583,155.226,step
2026-09-01T13:13:46.055221+00:00,47.024,0.1209,0.0,0.15,0.1853,0.0169,7352.3,1,32.6974,155.246,step
2026-09-01T13:13:46.056461+00:00,46.7,0.1209,0.15,0.0,0.1853,0.0169,7128.28,1,32.7494,155.266,step
2026-09-01T13:13:46.057720+00:00,46.772,0.1208,0.15,0.0,0.1853,0.0168,7314.2,1,32.8105,155.286,step
2026-09-01T13:13:46.058998+00:00,46.947,0.1208,0.15,0.0,0.1853,0.0168,7341.0,1,32.8618,155.306,step
2026-09-01T13:13:46.060290+00:00,47.123,0.1209,0.0,0.15,0.1853,0.0169,7367.61,1,32.9135,155.326,step
2026-09-01T13:13:46.061630+00:00,46.799,0.1209,0.15,0.0,0.1853,0.0169,7144.06,1,32.9806,155.346,step
2026-09-01T13:13:46.062929+00:00,46.871,0.1208,0.15,0.0,0.1853,0.0168,7329.06,1,33.0572,155.366,step
2026-09-01T13:13:46.064233+00:00,47.046,0.1209,0.0,0.15,0.1853,0.0169,7356.07,1,33.1238,155.386,step
2026-09-01T13:13:46.065544+00:00,46.718,0.1208,0.15,0.0,0.1853,0.0168,7131.46,1,33.2056,155.406,step
2026-09-01T13:13:46.066896+00:00,46.793,0.1207,0.15,0.0,0.1852,0.0167,7317.25,1,33.2976,155.426,step
2026-09-01T13:13:46.068204+00:00,46.968,0.1208,0.15,0.0,0.1852,0.0168,7343.98,1,33.3793,155.446,step
2026-09-01T13:13:46.069564+00:00,47.143,0.1209,0.0,0.15,0.1852,0.0168,7370.56,1,33.462,155.466,step
2026-09-01T13:13:46.070907+00:00,46.819,0.1208,0.15,0.0,0.1852,0.0168,7147.53,1,33.5617,155.486,step
2026-09-01T13:13:46.072176+00:00,46.89,0.1208,0.15,0.0,0.1852,0.0167,7331.82,1,33.6721,155.506,step
2026-09-01T13:13:46.073431+00:00,47.064,0.1208,0.0,0.15,0.1852,0.0168,7359.0,1,33.7719,155.526,step
2026-09-01T13:13:46.074682+00:00,46.74,0.1208,0.15,0.0,0.1852,0.0167,7134.36,1,33.8884,155.546,step
2026-09-01T13:13:46.075920+00:00,46.811,0.1207,0.15,0.0,0.1852,0.0166,7320.31,1,34.0163,155.566,step
2026-09-01T13:13:46.077231+00:00,46.985,0.1207,0.15,0.0,0.1852,0.0167,7346.97,1,34.1339,155.586,step
2026-09-01T13:13:46.078488+00:00,47.16,0.1208,0.0,0.15,0.1852,0.0167,7373.43,1,34.2534,155.606,step
2026-09-01T13:13:46.079739+00:00,46.834,0.1208,0.15,0.0,0.1852,0.0167,7152.45,1,34.393,155.626,step
2026-09-01T13:13:46.080991+00:00,46.906,0.1207,0.15,0.0,0.1852,0.0166,7332.49,1,34.5446,155.646,step
2026-09-01T13:13:46.082194+00:00,47.08,0.1207,0.0,0.15,0.1852,0.0167,7360.03,1,34.6856,155.666,step
2026-09-01T13:13:46.083453+00:00,46.753,0.1207,0.15,0.0,0.1852,0.0166,7137.03,1,34.8466,155.686,step
2026-09-01T13:13:46.084647+00:00,46.825,0.1206,0.15,0.0,0.1852,0.0165,7322.33,1,35.0217,155.706,step
2026-09-01T13:13:46.085949+00:00,46.999,0.1206,0.15,0.0,0.1852,0.0165,7348.99,1,35.186,155.726,step
2026-09-01T13:13:46.087181+00:00,47.173,0.1207,0.0,0.15,0.1852,0.0166,7375.62,1,35.3538,155.746,step
2026-09-01T13:13:46.088377+00:00,46.849,0.1207,0.15,0.0,0.1852,0.0166,7151.15,1,35.5449,155.766,step
2026-09-01T13:13:46.089624+00:00,46.919,0.1206,0.15,0.0,0.1852,0.0165,7336.87,1,35.7515,155.786,step
2026-09-01T13:13:46.090840+00:00,47.093,0.1206,0.0,0.15,0.1852,0.0165,7363.71,1,35.9473,155.806,step
2026-09-01T13:13:46.092131+00:00,46.768,0.1206,0.15,0.0,0.1852,0.0165,7138.59,1,36.1658,155.826,step
2026-09-01T13:13:46.093410+00:00,46.839,0.1205,0.15,0.0,0.1852,0.0163,7324.46,1,36.4021,155.846,step
2026-09-01T13:13:46.094803+00:00,47.013,0.1205,0.0,0.15,0.1852,0.0164,7351.06,1,36.6262,155.866,step
2026-09-01T13:13:46.096088+00:00,46.684,0.1204,0.15,0.0,0.1852,0.0163,7127.02,1,36.873,155.886,step
2026-09-01T13:13:46.097382+00:00,46.758,0.1204,0.15,0.0,0.1852,0.0162,7311.43,1,37.1365,155.906,step
2026-09-01T13:13:46.098646+00:00,46.932,0.1204,0.15,0.0,0.1853,0.0163,7338.25,1,37.3877,155.926,step
2026-09-01T13:13:46.099961+00:00,47.105,0.1205,0.0,0.15,0.1853,0.0164,7364.63,1,37.6446,155.946,step
2026-09-01T13:13:46.101256+00:00,46.781,0.1205,0.15,0.0,0.1853,0.0164,7141.79,1,37.9314,155.966,step
2026-09-01T13:13:46.102620+00:00,46.849,0.1204,0.15,0.0,0.1853,0.0163,7325.8,1,38.2381,155.986,step
2026-09-01T13:13:46.103934+00:00,47.023,0.1205,0.0,0.15,0.1853,0.0164,7352.68,1,38.5341,156.006,step
2026-09-01T13:13:46.105245+00:00,46.697,0.1204,0.15,0.0,0.1853,0.0163,7127.91,1,38.8606,156.026,step
2026-09-01T13:13:46.106567+00:00,46.766,0.1203,0.15,0.0,0.1853,0.0162,7313.41,1,39.21,156.046,step
2026-09-01T13:13:46.107875+00:00,46.94,0.1204,0.15,0.0,0.1853,0.0163,7336.86,1,39.548,156.066,step
2026-09-01T13:13:46.109163+00:00,47.113,0.1205,0.0,0.15,0.1853,0.0164,7363.12,1,39.8937,156.086,step
2026-09-01T13:13:46.110501+00:00,46.783,0.1204,0.15,0.0,0.1853,0.0164,7144.95,1,40.2786,156.106,step
2026-09-01T13:13:46.111710+00:00,46.854,0.1204,0.15,0.0,0.1853,0.0163,7325.6,1,40.6902,156.126,step
2026-09-01T13:13:46.112916+00:00,47.026,0.1204,0.0,0.15,0.1854,0.0164,7352.94,1,41.0922,156.146,step
2026-09-01T13:13:46.114126+00:00,46.7,0.1204,0.15,0.0,0.1854,0.0163,7128.04,1,41.5334,156.166,step
2026-09-01T13:13:46.115311+00:00,46.77,0.1203,0.15,0.0,0.1854,0.0162,7314.44,1,42.0045,156.186,step
2026-09-01T13:13:46.116559+00:00,46.943,0.1203,0.15,0.0,0.1854,0.0163,7340.54,1,42.4655,156.206,step
2026-09-01T13:13:46.117771+00:00,47.115,0.1204,0.0,0.15,0.1854,0.0164,7366.87,1,42.9408,156.226,step
2026-09-01T13:13:46.119074+00:00,46.79,0.1204,0.15,0.0,0.1854,0.0163,7142.54,1,43.4644,156.246,step
2026-09-01T13:13:46.120432+00:00,46.859,0.1203,0.15,0.0,0.1854,0.0163,7327.47,1,44.0233,156.266,step
2026-09-01T13:13:46.121715+00:00,47.031,0.1203,0.0,0.15,0.1854,0.0163,7354.1,1,44.5764,156.286,step
2026-09-01T13:13:46.122971+00:00,46.7,-0.0797,0.8,0.0,0.1854,0.0162,7129.04,1,45.1839,156.306,step
2026-09-01T13:13:46.124280+00:00,47.191,-0.0782,0.8,0.0,0.1853,0.018,8788.75,1,45.3507,156.326,step
2026-09-01T13:13:46.125556+00:00,47.975,0.1266,0.0,0.15,0.1846,0.0236,10189.2,1,44.5761,156.346,step
2026-09-01T13:13:46.127020+00:00,48.567,0.1312,0.0,0.15,0.1838,0.0289,7746.09,1,43.9074,156.366,step
2026-09-01T13:13:46.128344+00:00,48.229,0.133,0.0,0.15,0.1831,0.0306,7368.14,1,44.0766,156.386,step
2026-09-01T13:13:46.129659+00:00,47.745,0.1334,0.0,0.15,0.1824,0.0307,7290.23,1,44.6572,156.406,step
2026-09-01T13:13:46.130930+00:00,47.267,-0.0667,0.8,0.0,0.1817,0.0303,7211.98,1,45.4086,156.426,step
2026-09-01T13:13:46.132206+00:00,47.74,-0.0652,0.8,0.0,0.181,0.0316,8952.49,1,45.7139,156.446,step
2026-09-01T13:13:46.133434+00:00,48.508,-0.0605,0.8,0.0,0.1797,0.0367,10408.7,1,45.042,156.466,step
2026-09-01T13:13:46.134689+00:00,49.327,0.1456,0.0,0.15,0.1782,0.0434,11773.4,1,43.9941,156.486,step
2026-09-01T13:13:46.136110+00:00,50.01,0.1509,0.0,0.15,0.1765,0.049,9007.77,2,43.2413,156.506,step
2026-09-01T13:13:46.137388+00:00,50.127,0.1535,0.0,0.15,0.175,0.0513,6489.03,2,43.3201,156.526,step
2026-09-01T13:13:46.138625+00:00,49.676,0.1544,0.0,0.15,0.1734,0.0514,6484.09,1,43.9328,156.546,step
2026-09-01T13:13:46.139890+00:00,49.233,0.1545,0.0,0.15,0.1718,0.0506,7559.73,1,44.8046,156.566,step
2026-09-01T13:13:46.141115+00:00,48.807,-0.0457,0.8,0.0,0.1704,0.0494,7548.93,1,45.8411,156.586,step
2026-09-01T13:13:46.142370+00:00,48.736,-0.0444,0.8,0.0,0.1688,0.05,7561.38,1,46.4188,156.606,step
2026-09-01T13:13:46.143632+00:00,48.798,-0.0402,0.8,0.0,0.1668,0.054,7593.6,1,46.0128,156.626,step
2026-09-01T13:13:46.144892+00:00,49.381,-0.0349,0.8,0.0,0.1643,0.0591,9213.84,1,45.3192,156.646,step
2026-09-01T13:13:46.146129+00:00,50.197,0.171,0.0,0.15,0.1616,0.0647,10597.0,2,44.5052,156.666,step
2026-09-01T13:13:46.147392+00:00,50.841,0.1757,0.0,0.15,0.1589,0.0689,7518.88,2,44.0967,156.686,step
2026-09-01T13:13:46.148685+00:00,50.541,0.1777,0.0,0.15,0.1562,0.0698,7508.33,2,44.5889,156.706,step
2026-09-01T13:13:46.149962+00:00,50.086,-0.0217,0.8,0.0,0.1537,0.069,5707.32,2,45.5637,156.726,step
2026-09-01T13:13:46.151236+00:00,50.461,-0.0202,0.8,0.0,0.1512,0.0693,6216.96,2,46.274,156.746,step
2026-09-01T13:13:46.152526+00:00,51.108,-0.016,0.8,0.0,0.1483,0.0727,6342.57,2,46.0852,156.766,step
2026-09-01T13:13:46.153817+00:00,51.792,-0.0108,0.8,0.0,0.145,0.0771,6428.84,2,45.6165,156.786,step
2026-09-01T13:13:46.155103+00:00,52.494,-0.0054,0.8,0.0,0.1414,0.0816,6499.48,2,45.1218,156.806,step
2026-09-01T13:13:46.156380+00:00,53.205,0.2,0.0,0.15,0.1376,0.086,6566.1,2,44.6752,156.826,step
2026-09-01T13:13:46.157643+00:00,53.124,0.2041,0.0,0.15,0.1336,0.0886,6055.5,2,44.7201,156.846,step
2026-09-01T13:13:46.158898+00:00,52.654,0.0058,0.8,0.0,0.1299,0.0884,5997.41,2,45.6236,156.866,step
2026-09-01T13:13:46.160210+00:00,53.008,0.0076,0.8,0.0,0.1262,0.0884,6567.04,2,46.5049,156.886,step
2026-09-01T13:13:46.161447+00:00,53.692,0.0118,0.8,0.0,0.1222,0.0911,6698.72,2,46.5782,156.906,step
2026-09-01T13:13:46.162659+00:00,54.436,0.0167,0.8,0.0,0.1179,0.0946,6741.21,2,46.4046,156.926,step
2026-09-01T13:13:46.163866+00:00,55.176,0.0219,0.8,0.0,0.1133,0.0982,6800.37,2,46.2235,156.946,step
2026-09-01T13:13:46.165101+00:00,55.911,0.0271,0.8,0.0,0.1085,0.1017,6882.34,2,46.0901,156.966,step
2026-09-01T13:13:46.166295+00:00,56.644,0.0323,0.8,0.0,0.1035,0.105,6983.87,2,46.012,156.986,step
2026-09-01T13:13:46.167473+00:00,57.38,0.0374,0.8,0.0,0.0982,0.1082,7104.32,2,45.9895,157.006,step
2026-09-01T13:13:46.168683+00:00,58.12,0.0426,0.8,0.0,0.0927,0.1113,7240.94,2,46.0233,157.026,step
2026-09-01T13:13:46.169867+00:00,58.872,0.0478,0.8,0.0,0.087,0.1142,7384.78,2,46.1244,157.046,step
2026-09-01T13:13:46.171081+00:00,59.638,0.053,0.8,0.0,0.0811,0.1169,7532.3,2,46.3006,157.066,step
2026-09-01T13:13:46.172325+00:00,60.418,0.0581,0.8,0.0,0.0749,0.1194,7681.12,2,46.5594,157.086,step
2026-09-01T13:13:46.173579+00:00,61.213,0.0631,0.8,0.0,0.0686,0.1217,7831.65,2,46.927,157.106,step
2026-09-01T13:13:46.174808+00:00,62.028,0.068,0.8,0.0,0.062,0.1238,7979.58,2,47.4164,157.126,step
2026-09-01T13:13:46.176002+00:00,62.857,0.0728,0.8,0.0,0.0552,0.1255,8130.86,2,48.035,157.146,step
2026-09-01T13:13:46.177304+00:00,63.698,0.0775,0.8,0.0,0.0483,0.1271,8292.0,2,48.797,157.166,step
2026-09-01T13:13:46.178510+00:00,64.547,0.0802,0.8,0.0,0.0411,0.126,8471.55,2,49.7219,157.186,step
2026-09-01T13:13:46.179641+00:00,65.403,0.0809,0.8,0.0,0.0341,0.1224,8676.32,2,50.8186,157.206,step
2026-09-01T13:13:46.180760+00:00,66.265,0.0813,0.8,0.0,0.0271,0.1186,8914.15,2,52.0944,157.226,step
2026-09-01T13:13:46.181890+00:00,67.134,0.0815,0.8,0.0,0.0202,0.1145,9189.14,2,53.5686,157.246,step
2026-09-01T13:13:46.183045+00:00,68.081,0.0816,0.8,0.0,0.0133,0.1103,9371.35,2,55.2224,157.266,step
2026-09-01T13:13:46.184196+00:00,69.038,0.0815,0.8,0.0,0.0066,0.106,9561.03,2,57.1025,157.286,step
2026-09-01T13:13:46.185351+00:00,69.966,0.0811,0.8,0.0,0.0001,0.1014,9801.17,2,59.2758,157.306,step
2026-09-01T13:13:46.186571+00:00,70.854,0.0804,0.8,0.0,-0.0064,0.0966,10107.9,2,61.837,157.326,step
2026-09-01T13:13:46.187733+00:00,71.718,0.0795,0.8,0.0,-0.0127,0.0914,10451.5,2,64.8977,157.346,step
2026-09-01T13:13:46.188849+00:00,72.573,0.0782,0.8,0.0,-0.0188,0.0859,10806.9,2,68.5981,157.366,step
2026-09-01T13:13:46.190004+00:00,73.427,0.0765,0.8,0.0,-0.0248,0.0801,11156.3,2,73.1401,157.386,step
2026-09-01T13:13:46.191187+00:00,74.286,0.0744,0.8,0.0,-0.0306,0.0739,11490.9,2,78.8053,157.406,step
2026-09-01T13:13:46.192310+00:00,75.152,0.0719,0.8,0.0,-0.0362,0.0673,11807.5,2,86.014,157.426,step
2026-09-01T13:13:46.193540+00:00,76.023,0.0691,0.8,0.0,-0.0417,0.0603,12107.7,2,95.4446,157.446,step
2026-09-01T13:13:46.194738+00:00,76.895,0.0656,0.8,0.0,-0.0468,0.0528,12392.3,2,108.411,157.466,step
2026-09-01T13:13:46.195964+00:00,77.776,0.0616,0.8,0.0,-0.0518,0.0447,12656.5,2,127.348,157.486,step
2026-09-01T13:13:46.197190+00:00,78.663,0.0571,0.8,0.0,-0.0564,0.0361,12909.3,2,190.662,157.506,step
2026-09-01T13:13:46.198436+00:00,79.549,0.0519,0.8,0.0,-0.0608,0.0269,13158.2,2,187.76,157.526,step
2026-09-01T13:13:46.199681+00:00,80.431,0.0463,0.8,0.0,-0.0648,0.0173,13410.5,3,184.519,157.546,step
2026-09-01T13:13:46.200872+00:00,81.295,0.0401,0.8,0.0,-0.0686,0.0072,10609.4,3,180.882,157.566,step
2026-09-01T13:13:46.202121+00:00,82.079,0.0339,0.8,0.0,-0.0719,-0.0026,10609.0,3,177.013,157.586,step
2026-09-01T13:13:46.203318+00:00,82.485,0.0295,0.8,0.0,-0.0744,-0.0096,7599.81,3,173.845,157.606,step
2026-09-01T13:13:46.204518+00:00,82.87,0.027,0.8,0.0,-0.0761,-0.0138,8085.34,3,171.656,157.626,step
2026-09-01T13:13:46.205746+00:00,83.466,0.0245,0.8,0.0,-0.077,-0.0175,8254.4,3,169.564,157.646,step
2026-09-01T13:13:46.206948+00:00,84.119,0.0218,0.8,0.0,-0.0774,-0.0212,8360.1,3,167.398,157.666,step
2026-09-01T13:13:46.208161+00:00,84.807,0.0189,0.8,0.0,-0.0772,-0.0246,8428.97,3,165.202,157.686,step
2026-09-01T13:13:46.209322+00:00,85.514,0.0161,0.8,0.0,-0.0766,-0.0277,8479.63,3,163.04,157.706,step
2026-09-01T13:13:46.210628+00:00,86.233,0.0134,0.8,0.0,-0.0755,-0.0304,8521.22,3,160.973,157.726,step
2026-09-01T13:13:46.211806+00:00,86.958,0.0109,0.8,0.0,-0.0741,-0.0327,8558.79,3,159.048,157.746,step
2026-09-01T13:13:46.213024+00:00,87.683,0.0085,0.8,0.0,-0.0722,-0.0346,8597.32,3,157.26,157.766,step
2026-09-01T13:13:46.214237+00:00,88.411,0.0061,0.8,0.0,-0.0701,-0.0362,8639.93,3,155.597,157.786,step
2026-09-01T13:13:46.215451+00:00,89.138,0.0039,0.8,0.0,-0.0677,-0.0374,8690.04,3,154.081,157.806,step
2026-09-01T13:13:46.216662+00:00,89.863,0.0017,0.8,0.0,-0.065,-0.0384,8748.62,3,152.704,157.826,step
2026-09-01T13:13:46.217839+00:00,90.587,-0.0004,0.8,0.0,-0.0621,-0.0393,8814.9,3,151.456,157.846,step
2026-09-01T13:13:46.219052+00:00,91.313,-0.0024,0.8,0.0,-0.059,-0.0399,8886.85,3,150.328,157.866,step
2026-09-01T13:13:46.220193+00:00,92.076,-0.0044,0.8,0.0,-0.0558,-0.0404,8909.16,3,149.337,157.886,step
2026-09-01T13:13:46.221339+00:00,92.821,-0.0063,0.8,0.0,-0.0525,-0.0406,8960.5,3,148.542,157.906,step
2026-09-01T13:13:46.222514+00:00,93.552,-0.0081,0.8,0.0,-0.049,-0.0407,9039.46,3,147.914,157.926,step
2026-09-01T13:13:46.223669+00:00,94.275,-0.0098,0.8,0.0,-0.0455,-0.0407,9138.58,3,147.422,157.946,step
2026-09-01T13:13:46.224874+00:00,95.004,-0.0115,0.15,0.0,-0.0419,-0.0406,9242.4,3,147.051,157.966,step
2026-09-01T13:13:46.226016+00:00,95.388,-0.0131,0.15,0.0,-0.0383,-0.0403,8749.26,3,146.834,157.986,step
2026-09-01T13:13:46.227266+00:00,95.441,-0.0145,0.15,0.0,-0.0347,-0.0398,8750.94,3,146.817,158.006,step
2026-09-01T13:13:46.228475+00:00,95.494,-0.0157,0.15,0.0,-0.0311,-0.0391,8756.14,3,146.911,158.026,step
2026-09-01T13:13:46.229681+00:00,95.546,-0.0168,0.15,0.0,-0.0276,-0.0383,8760.82,3,147.099,158.046,step
2026-09-01T13:13:46.230869+00:00,95.598,-0.0178,0.15,0.0,-0.0241,-0.0374,8765.24,3,147.346,158.066,step
2026-09-01T13:13:46.232022+00:00,95.649,-0.0187,0.15,0.0,-0.0207,-0.0363,8769.61,3,147.612,158.086,step
2026-09-01T13:13:46.233224+00:00,95.7,-0.0195,0.15,0.0,-0.0174,-0.0352,8774.08,3,147.876,158.106,step
2026-09-01T13:13:46.234424+00:00,95.751,-0.0202,0.15,0.0,-0.0141,-0.0341,8778.53,3,148.13,158.126,step
2026-09-01T13:13:46.235718+00:00,95.802,-0.0209,0.15,0.0,-0.011,-0.033,8781.26,3,148.354,158.146,step
2026-09-01T13:13:46.236889+00:00,95.852,-0.0215,0.15,0.0,-0.008,-0.0318,8785.81,3,148.543,158.166,step
2026-09-01T13:13:46.238085+00:00,95.901,-0.022,0.15,0.0,-0.005,-0.0306,8790.89,3,148.708,158.186,step
2026-09-01T13:13:46.239244+00:00,95.95,-0.0225,0.15,0.0,-0.0022,-0.0295,8796.29,3,148.862,158.206,step
2026-09-01T13:13:46.240393+00:00,95.999,-0.0228,0.15,0.0,0.0005,-0.0282,8801.38,3,149.01,158.226,step
2026-09-01T13:13:46.241605+00:00,96.048,-0.0231,0.15,0.0,0.0031,-0.0269,8806.2,3,149.154,158.246,step
2026-09-01T13:13:46.242785+00:00,96.097,-0.0233,0.15,0.0,0.0056,-0.0256,8810.81,3,149.293,158.266,step
2026-09-01T13:13:46.244055+00:00,96.146,-0.0235,0.15,0.0,0.008,-0.0243,8815.19,3,149.419,158.286,step
2026-09-01T13:13:46.245275+00:00,96.195,-0.0235,0.15,0.0,0.0103,-0.023,8819.53,3,149.53,158.306,step
2026-09-01T13:13:46.246485+00:00,96.243,-0.0235,0.15,0.0,0.0125,-0.0216,8823.83,3,149.633,158.326,step
2026-09-01T13:13:46.247686+00:00,96.291,-0.0234,0.15,0.0,0.0145,-0.0202,8828.17,3,149.718,158.346,step
2026-09-01T13:13:46.248844+00:00,96.339,-0.0233,0.15,0.0,0.0164,-0.0188,8832.47,3,149.778,158.366,step
2026-09-01T13:13:46.250081+00:00,96.386,-0.0231,0.15,0.0,0.0182,-0.0175,8836.8,3,149.817,158.386,step
2026-09-01T13:13:46.251268+00:00,96.434,-0.0228,0.15,0.0,0.0199,-0.0161,8840.71,3,149.838,158.406,step
2026-09-01T13:13:46.252523+00:00,96.481,-0.0226,0.15,0.0,0.0214,-0.0148,8845.08,3,149.843,158.426,step
2026-09-01T13:13:46.253798+00:00,96.528,-0.0222,0.15,0.0,0.0228,-0.0135,8849.57,3,149.835,158.446,step
2026-09-01T13:13:46.254966+00:00,96.575,-0.0218,0.15,0.0,0.0242,-0.0121,8854.05,3,149.806,158.466,step
2026-09-01T13:13:46.256152+00:00,96.622,-0.0214,0.15,0.0,0.0253,-0.0109,8858.46,3,149.759,158.486,step
2026-09-01T13:13:46.257376+00:00,96.669,-0.0209,0.15,0.0,0.0264,-0.0096,8862.8,3,149.691,158.506,step
2026-09-01T13:13:46.258569+00:00,96.716,-0.0204,0.15,0.0,0.0274,-0.0083,8867.08,3,149.604,158.526,step
2026-09-01T13:13:46.259883+00:00,96.763,-0.0198,0.15,0.0,0.0282,-0.0071,8871.38,3,149.496,158.546,step
2026-09-01T13:13:46.261195+00:00,96.809,-0.0193,0.15,0.0,0.029,-0.006,8875.74,3,149.365,158.566,step
2026-09-01T13:13:46.262497+00:00,96.856,-0.0187,0.15,0.0,0.0296,-0.0048,8880.09,3,149.213,158.586,step
2026-09-01T13:13:46.263721+00:00,96.903,-0.0181,0.15,0.0,0.0301,-0.0037,8884.39,3,149.046,158.606,step
2026-09-01T13:13:46.264936+00:00,96.95,-0.0174,0.15,0.0,0.0306,-0.0027,8888.66,3,148.862,158.626,step
2026-09-01T13:13:46.266138+00:00,96.996,-0.0168,0.15,0.0,0.0309,-0.0017,8893.91,3,148.659,158.646,step
2026-09-01T13:13:46.267353+00:00,97.043,-0.0161,0.15,0.0,0.0312,-0.0006,8898.51,3,148.446,158.666,step
2026-09-01T13:13:46.268589+00:00,97.09,-0.0154,0.15,0.0,0.0313,0.0003,8902.17,3,148.22,158.686,step
2026-09-01T13:13:46.269879+00:00,97.137,-0.0147,0.15,0.0,0.0314,0.0013,8906.08,3,147.972,158.706,step
2026-09-01T13:13:46.271094+00:00,97.184,-0.014,0.15,0.0,0.0314,0.0021,8910.01,3,147.707,158.726,step
2026-09-01T13:13:46.272324+00:00,97.231,-0.0132,0.15,0.0,0.0313,0.003,8914.01,3,147.425,158.746,step
2026-09-01T13:13:46.273501+00:00,97.277,-0.0125,0.15,0.0,0.0311,0.0038,8918.1,3,147.123,158.766,step
2026-09-01T13:13:46.274746+00:00,97.323,-0.0118,0.15,0.0,0.0308,0.0045,8922.27,3,146.807,158.786,step
2026-09-01T13:13:46.276000+00:00,97.37,-0.0111,0.15,0.0,0.0305,0.0052,8926.71,3,146.472,158.806,step
2026-09-01T13:13:46.277352+00:00,97.417,-0.0104,0.15,0.0,0.0301,0.0058,8931.34,3,146.116,158.826,step
2026-09-01T13:13:46.278536+00:00,97.464,-0.0097,0.15,0.0,0.0297,0.0064,8935.91,3,145.741,158.846,step
2026-09-01T13:13:46.279778+00:00,97.511,-0.009,0.15,0.0,0.0292,0.007,8940.38,3,145.358,158.866,step
2026-09-01T13:13:46.281017+00:00,97.559,-0.0083,0.15,0.0,0.0287,0.0075,8944.67,3,144.967,158.886,step
2026-09-01T13:13:46.282227+00:00,97.604,-0.0076,0.15,0.0,0.0281,0.008,8953.03,3,144.566,158.906,step
2026-09-01T13:13:46.283470+00:00,97.653,-0.0069,0.15,0.0,0.0274,0.0085,8956.15,3,144.162,158.926,step
2026-09-01T13:13:46.284675+00:00,97.701,-0.0062,0.15,0.0,0.0267,0.0089,8959.07,3,143.747,158.946,step
2026-09-01T13:13:46.285922+00:00,97.749,-0.0055,0.15,0.0,0.026,0.0093,8962.55,3,143.316,158.966,step
2026-09-01T13:13:46.287143+00:00,97.797,-0.0049,0.15,0.0,0.0253,0.0097,8966.11,3,142.871,158.986,step
2026-09-01T13:13:46.288331+00:00,97.844,-0.0042,0.15,0.0,0.0245,0.01,8969.9,3,142.416,159.006,step
2026-09-01T13:13:46.289550+00:00,97.891,-0.0036,0.15,0.0,0.0236,0.0103,8973.92,3,141.945,159.026,step
2026-09-01T13:13:46.290822+00:00,97.938,-0.003,0.15,0.0,0.0228,0.0105,8978.17,3,141.464,159.046,step
2026-09-01T13:13:46.292123+00:00,97.985,-0.0024,0.15,0.0,0.0219,0.0107,8982.74,3,140.971,159.066,step
2026-09-01T13:13:46.293368+00:00,98.032,-0.0018,0.15,0.0,0.021,0.0109,8987.49,3,140.463,159.086,step
2026-09-01T13:13:46.294608+00:00,98.08,-0.0013,0.15,0.0,0.0201,0.011,8992.09,3,139.946,159.106,step
2026-09-01T13:13:46.295840+00:00,98.127,-0.0008,0.15,0.0,0.0192,0.011,8996.53,3,139.421,159.126,step
2026-09-01T13:13:46.297070+00:00,98.175,-0.0003,0.15,0.0,0.0183,0.0111,9000.81,3,138.891,159.146,step
2026-09-01T13:13:46.298278+00:00,98.221,0.0002,0.15,0.0,0.0173,0.0111,9008.35,3,138.353,159.166,step
2026-09-01T13:13:46.299455+00:00,98.27,0.0007,0.15,0.0,0.0164,0.0112,9011.3,3,137.811,159.186,step
2026-09-01T13:13:46.300669+00:00,98.318,0.0012,0.15,0.0,0.0155,0.0111,9014.75,3,137.26,159.206,step
2026-09-01T13:13:46.301872+00:00,98.366,0.0016,0.15,0.0,0.0145,0.0111,9018.4,3,136.701,159.226,step
2026-09-01T13:13:46.303050+00:00,98.413,0.002,0.15,0.0,0.0136,0.011,9022.16,3,136.133,159.246,step
2026-09-01T13:13:46.304268+00:00,98.461,0.0024,0.15,0.0,0.0127,0.0109,9026.13,3,135.556,159.266,step
2026-09-01T13:13:46.305499+00:00,98.508,0.0027,0.15,0.0,0.0118,0.0108,9030.29,3,134.977,159.286,step
2026-09-01T13:13:46.306753+00:00,98.555,0.0031,0.15,0.0,0.0109,0.0106,9034.6,3,134.391,159.306,step
2026-09-01T13:13:46.307952+00:00,98.601,0.0034,0.15,0.0,0.01,0.0105,9039.03,3,133.799,159.326,step
2026-09-01T13:13:46.309200+00:00,98.648,0.0037,0.15,0.0,0.0091,0.0103,9043.6,3,133.205,159.346,step
2026-09-01T13:13:46.310544+00:00,98.695,0.004,0.15,0.0,0.0082,0.0101,9048.02,3,132.604,159.366,step
2026-09-01T13:13:46.311792+00:00,98.742,0.0042,0.15,0.0,0.0074,0.0099,9052.4,3,131.997,159.386,step
2026-09-01T13:13:46.313028+00:00,98.788,0.0044,0.15,0.0,0.0065,0.0096,9056.7,3,131.388,159.406,step
2026-09-01T13:13:46.314278+00:00,98.835,0.0046,0.15,0.0,0.0057,0.0094,9061.35,3,130.778,159.426,step
2026-09-01T13:13:46.315516+00:00,98.882,0.0048,0.15,0.0,0.005,0.0091,9065.75,3,130.163,159.446,step
2026-09-01T13:13:46.316741+00:00,98.928,0.005,0.15,0.0,0.0042,0.0089,9069.75,3,129.543,159.466,step
2026-09-01T13:13:46.317894+00:00,98.975,0.0051,0.15,0.0,0.0035,0.0086,9073.82,3,128.921,159.486,step
2026-09-01T13:13:46.319178+00:00,99.022,0.0053,0.15,0.0,0.0028,0.0083,9077.89,3,128.299,159.506,step
2026-09-01T13:13:46.320359+00:00,99.068,0.0054,0.15,0.0,0.0021,0.008,9082.01,3,127.677,159.526,step
2026-09-01T13:13:46.321547+00:00,99.114,0.0055,0.15,0.0,0.0014,0.0077,9086.15,3,127.054,159.546,step
2026-09-01T13:13:46.322787+00:00,99.16,0.0056,0.15,0.0,0.0007,0.0075,9090.31,3,126.432,159.566,step
2026-09-01T13:13:46.324017+00:00,99.206,0.0057,0.15,0.0,0.0001,0.0071,9094.52,3,125.804,159.586,step
2026-09-01T13:13:46.325251+00:00,99.252,0.0057,0.15,0.0,-0.0005,0.0068,9098.77,3,125.169,159.606,step
2026-09-01T13:13:46.326470+00:00,99.298,0.0057,0.15,0.0,-0.001,0.0065,9103.03,3,124.532,159.626,step
2026-09-01T13:13:46.327707+00:00,99.344,0.0057,0.15,0.0,-0.0015,0.0061,9107.28,3,123.895,159.646,step
2026-09-01T13:13:46.328904+00:00,99.39,0.0056,0.15,0.0,-0.002,0.0058,9111.5,3,123.256,159.666,step
2026-09-01T13:13:46.330129+00:00,99.436,0.0056,0.15,0.0,-0.0025,0.0054,9115.65,3,122.618,159.686,step
2026-09-01T13:13:46.331293+00:00,99.481,0.0055,0.15,0.0,-0.0029,0.0051,9120.29,3,121.98,159.706,step
2026-09-01T13:13:46.332506+00:00,99.527,0.0055,0.15,0.0,-0.0034,0.0047,9124.3,3,121.341,159.726,step
2026-09-01T13:13:46.333749+00:00,99.573,0.0054,0.15,0.0,-0.0037,0.0044,9128.28,3,120.708,159.746,step
2026-09-01T13:13:46.334894+00:00,99.618,0.0053,0.15,0.0,-0.0041,0.0041,9132.33,3,120.081,159.766,step
2026-09-01T13:13:46.336094+00:00,99.664,0.0053,0.0,0.15,-0.0044,0.0038,9136.38,3,119.456,159.786,step
2026-09-01T13:13:46.337313+00:00,99.323,0.0052,0.0,0.15,-0.0047,0.0035,8951.59,3,118.827,159.806,step
2026-09-01T13:13:46.338497+00:00,98.774,0.005,0.0,0.15,-0.005,0.0032,8899.6,3,118.188,159.826,step
2026-09-01T13:13:46.339687+00:00,98.224,0.0048,0.0,0.15,-0.0052,0.0028,8848.77,3,117.547,159.846,step
2026-09-01T13:13:46.340870+00:00,97.678,0.0046,0.0,0.15,-0.0054,0.0024,8799.48,3,116.906,159.866,step
2026-09-01T13:13:46.342097+00:00,97.135,0.0044,0.0,0.15,-0.0056,0.002,8751.22,3,116.268,159.886,step
2026-09-01T13:13:46.343324+00:00,96.595,0.0042,0.0,0.15,-0.0058,0.0016,8703.47,3,115.638,159.906,step
2026-09-01T13:13:46.344534+00:00,96.058,0.0039,0.0,0.15,-0.0059,0.0012,8655.94,3,115.018,159.926,step
2026-09-01T13:13:46.345713+00:00,95.523,0.0037,0.0,0.15,-0.006,0.0009,8608.47,3,114.404,159.946,step
2026-09-01T13:13:46.346900+00:00,94.99,0.0035,0.0,0.15,-0.006,0.0006,8561.06,3,113.795,159.966,step
2026-09-01T13:13:46.348053+00:00,94.46,0.0032,0.0,0.15,-0.0061,0.0003,8513.07,3,113.196,159.986,step
2026-09-01T13:13:46.349234+00:00,93.931,0.003,0.0,0.15,-0.0061,-0.0,8466.07,3,112.608,160.006,step
2026-09-01T13:13:46.350455+00:00,93.404,0.0028,0.0,0.15,-0.0061,-0.0003,8419.1,3,112.025,160.026,step
2026-09-01T13:13:46.351679+00:00,92.879,0.0026,0.0,0.15,-0.006,-0.0005,8372.22,3,111.447,160.046,step
2026-09-01T13:13:46.352965+00:00,92.355,0.0024,0.0,0.15,-0.006,-0.0008,8325.44,3,110.874,160.066,step
2026-09-01T13:13:46.354181+00:00,91.833,0.0021,0.15,0.0,-0.0059,-0.001,8278.8,3,110.309,160.086,step
2026-09-01T13:13:46.355397+00:00,91.703,0.0019,0.15,0.0,-0.0058,-0.0012,8411.84,3,109.761,160.106,step
2026-09-01T13:13:46.356606+00:00,91.764,0.0018,0.15,0.0,-0.0057,-0.0013,8416.37,3,109.222,160.126,step
2026-09-01T13:13:46.357795+00:00,91.824,0.0016,0.15,0.0,-0.0055,-0.0014,8421.06,3,108.685,160.146,step
2026-09-01T13:13:46.358999+00:00,91.885,0.0015,0.15,0.0,-0.0054,-0.0015,8426.1,3,108.149,160.166,step
2026-09-01T13:13:46.360266+00:00,91.945,0.0013,0.15,0.0,-0.0052,-0.0016,8431.52,3,107.618,160.186,step
2026-09-01T13:13:46.361437+00:00,92.005,0.0012,0.0,0.15,-0.0051,-0.0017,8437.2,3,107.091,160.206,step
2026-09-01T13:13:46.362637+00:00,91.685,0.0011,0.15,0.0,-0.0049,-0.0017,8269.34,3,106.57,160.226,step
2026-09-01T13:13:46.363798+00:00,91.546,0.001,0.15,0.0,-0.0047,-0.0018,8397.5,3,106.055,160.246,step
2026-09-01T13:13:46.364951+00:00,91.606,0.0009,0.15,0.0,-0.0046,-0.0018,8402.23,3,105.538,160.266,step
2026-09-01T13:13:46.366132+00:00,91.667,0.0007,0.15,0.0,-0.0044,-0.0018,8407.36,3,105.018,160.286,step
2026-09-01T13:13:46.367313+00:00,91.728,0.0006,0.15,0.0,-0.0042,-0.0019,8412.6,3,104.498,160.306,step
2026-09-01T13:13:46.368526+00:00,91.788,0.0005,0.15,0.0,-0.004,-0.0019,8417.93,3,103.977,160.326,step
2026-09-01T13:13:46.369699+00:00,91.849,0.0004,0.15,0.0,-0.0038,-0.002,8423.24,3,103.46,160.346,step
2026-09-01T13:13:46.370865+00:00,91.909,0.0003,0.15,0.0,-0.0037,-0.002,8428.72,3,102.948,160.366,step
2026-09-01T13:13:46.372034+00:00,91.969,0.0002,0.15,0.0,-0.0035,-0.002,8434.19,3,102.437,160.386,step
2026-09-01T13:13:46.373197+00:00,92.029,0.0001,0.0,0.15,-0.0033,-0.002,8439.77,3,101.926,160.406,step
2026-09-01T13:13:46.374381+00:00,91.704,-0.0,0.15,0.0,-0.0031,-0.0019,8270.84,3,101.419,160.426,step
2026-09-01T13:13:46.375580+00:00,91.569,-0.0001,0.15,0.0,-0.0029,-0.0019,8399.35,3,100.917,160.446,step
2026-09-01T13:13:46.376792+00:00,91.629,-0.0001,0.15,0.0,-0.0028,-0.0019,8404.06,3,100.412,160.466,step
2026-09-01T13:13:46.378016+00:00,91.689,-0.0002,0.15,0.0,-0.0026,-0.0019,8409.25,3,99.904,160.486,step
2026-09-01T13:13:46.379184+00:00,91.75,-0.0003,0.15,0.0,-0.0024,-0.0019,8414.45,3,99.3955,160.506,step
2026-09-01T13:13:46.380369+00:00,91.81,-0.0004,0.15,0.0,-0.0022,-0.0019,8419.79,3,98.8867,160.526,step
2026-09-01T13:13:46.381532+00:00,91.87,-0.0005,0.15,0.0,-0.0021,-0.0019,8425.18,3,98.3771,160.546,step
2026-09-01T13:13:46.382695+00:00,91.93,-0.0005,0.15,0.0,-0.0019,-0.0019,8430.52,3,97.8671,160.566,step
2026-09-01T13:13:46.383846+00:00,91.99,-0.0006,0.15,0.0,-0.0017,-0.0018,8436.04,3,97.3613,160.586,step
2026-09-01T13:13:46.385018+00:00,92.05,-0.0007,0.0,0.15,-0.0016,-0.0018,8441.7,3,96.8595,160.606,step
2026-09-01T13:13:46.386197+00:00,91.725,-0.0007,0.15,0.0,-0.0014,-0.0017,8272.64,3,96.3629,160.626,step
2026-09-01T13:13:46.387362+00:00,91.59,-0.0007,0.15,0.0,-0.0013,-0.0016,8401.31,3,95.8715,160.646,step
2026-09-01T13:13:46.388532+00:00,91.65,-0.0007,0.15,0.0,-0.0011,-0.0016,8406.03,3,95.3763,160.666,step
2026-09-01T13:13:46.389710+00:00,91.711,-0.0007,0.15,0.0,-0.001,-0.0015,8411.17,3,94.8789,160.686,step
2026-09-01T13:13:46.390895+00:00,91.771,-0.0007,0.15,0.0,-0.0009,-0.0015,8416.41,3,94.3804,160.706,step
2026-09-01T13:13:46.392094+00:00,91.831,-0.0008,0.15,0.0,-0.0007,-0.0014,8421.7,3,93.8817,160.726,step
2026-09-01T13:13:46.393378+00:00,91.891,-0.0008,0.15,0.0,-0.0006,-0.0014,8427.13,3,93.3824,160.746,step
2026-09-01T13:13:46.394572+00:00,91.952,-0.0008,0.15,0.0,-0.0005,-0.0013,8432.71,3,92.8825,160.766,step
2026-09-01T13:13:46.395805+00:00,92.012,-0.0008,0.0,0.15,-0.0004,-0.0012,8438.36,3,92.3828,160.786,step
2026-09-01T13:13:46.396958+00:00,91.691,-0.0008,0.15,0.0,-0.0003,-0.0012,8269.16,3,91.8879,160.806,step
2026-09-01T13:13:46.398106+00:00,91.553,-0.0008,0.15,0.0,-0.0002,-0.0011,8398.12,3,91.3963,160.826,step
2026-09-01T13:13:46.399274+00:00,91.614,-0.0008,0.15,0.0,-0.0001,-0.001,8402.81,3,90.9004,160.846,step
2026-09-01T13:13:46.400419+00:00,91.675,-0.0008,0.15,0.0,-0.0,-0.0009,8409.73,3,90.4033,160.866,step
2026-09-01T13:13:46.401586+00:00,91.737,-0.0007,0.15,0.0,0.0001,-0.0009,8414.36,3,89.9051,160.886,step
2026-09-01T13:13:46.402839+00:00,91.798,-0.0007,0.15,0.0,0.0001,-0.0008,8419.39,3,89.407,160.906,step
2026-09-01T13:13:46.403974+00:00,91.859,-0.0007,0.15,0.0,0.0002,-0.0008,8424.48,3,88.9085,160.926,step
2026-09-01T13:13:46.405129+00:00,91.92,-0.0007,0.15,0.0,0.0003,-0.0007,8429.71,3,88.4097,160.946,step
2026-09-01T13:13:46.406287+00:00,91.981,-0.0007,0.15,0.0,0.0003,-0.0006,8435.11,3,87.9104,160.966,step
2026-09-01T13:13:46.407409+00:00,92.041,-0.0007,0.0,0.15,0.0004,-0.0006,8440.64,3,87.4107,160.986,step
2026-09-01T13:13:46.408581+00:00,91.717,-0.0006,0.15,0.0,0.0004,-0.0005,8272.48,3,86.9138,161.006,step
2026-09-01T13:13:46.409737+00:00,91.583,-0.0006,0.15,0.0,0.0005,-0.0004,8400.48,3,86.4207,161.026,step
2026-09-01T13:13:46.411022+00:00,91.644,-0.0005,0.15,0.0,0.0005,-0.0004,8405.5,3,85.9238,161.046,step
2026-09-01T13:13:46.412203+00:00,91.706,-0.0005,0.15,0.0,0.0005,-0.0003,8410.85,3,85.4254,161.066,step
2026-09-01T13:13:46.413372+00:00,91.768,-0.0005,0.15,0.0,0.0006,-0.0002,8416.33,3,84.926,161.086,step
2026-09-01T13:13:46.414517+00:00,91.83,-0.0005,0.15,0.0,0.0006,-0.0002,8421.85,3,84.4222,161.106,step
2026-09-01T13:13:46.415689+00:00,91.892,-0.0005,0.15,0.0,0.0006,-0.0002,8427.36,3,83.9146,161.126,step
2026-09-01T13:13:46.416838+00:00,91.952,-0.0005,0.15,0.0,0.0006,-0.0002,8436.05,3,83.4058,161.146,step
2026-09-01T13:13:46.417992+00:00,92.015,-0.0005,0.0,0.15,0.0006,-0.0002,8440.82,3,82.896,161.166,step
2026-09-01T13:13:46.419156+00:00,91.695,-0.0004,0.15,0.0,0.0007,-0.0001,8267.58,3,82.3896,161.186,step
2026-09-01T13:13:46.420306+00:00,91.56,-0.0004,0.15,0.0,0.0007,-0.0001,8398.82,3,81.8872,161.206,step
2026-09-01T13:13:46.421458+00:00,91.623,-0.0004,0.15,0.0,0.0007,-0.0001,8403.63,3,81.3817,161.226,step
2026-09-01T13:13:46.422585+00:00,91.685,-0.0004,0.15,0.0,0.0007,-0.0001,8408.64,3,80.8743,161.246,step
2026-09-01T13:13:46.423713+00:00,91.748,-0.0004,0.15,0.0,0.0007,-0.0001,8413.81,3,80.3662,161.266,step
2026-09-01T13:13:46.424892+00:00,91.81,-0.0004,0.15,0.0,0.0007,-0.0001,8419.25,3,79.8574,161.286,step
2026-09-01T13:13:46.426060+00:00,91.872,-0.0004,0.15,0.0,0.0007,-0.0001,8424.84,3,79.3482,161.306,step
2026-09-01T13:13:46.427343+00:00,91.934,-0.0004,0.15,0.0,0.0007,-0.0,8430.72,3,78.8387,161.326,step
2026-09-01T13:13:46.428496+00:00,91.996,-0.0004,0.15,0.0,0.0007,-0.0,8436.79,3,78.329,161.346,step
2026-09-01T13:13:46.429701+00:00,92.058,-0.0004,0.0,0.15,0.0007,-0.0,8442.72,3,77.8189,161.366,step
2026-09-01T13:13:46.430850+00:00,91.738,-0.0004,0.15,0.0,0.0007,-0.0,8272.89,3,77.306,161.386,step
2026-09-01T13:13:46.431990+00:00,91.603,-0.0004,0.15,0.0,0.0007,-0.0001,8402.63,3,76.7942,161.406,step
2026-09-01T13:13:46.433150+00:00,91.665,-0.0004,0.15,0.0,0.0007,-0.0001,8408.63,3,76.2853,161.426,step
2026-09-01T13:13:46.434267+00:00,91.728,-0.0004,0.15,0.0,0.0007,-0.0001,8413.96,3,75.7768,161.446,step
2026-09-01T13:13:46.435548+00:00,91.791,-0.0004,0.15,0.0,0.0007,-0.0001,8419.02,3,75.2681,161.466,step
2026-09-01T13:13:46.436690+00:00,91.854,-0.0004,0.15,0.0,0.0007,-0.0,8424.22,3,74.7592,161.486,step
2026-09-01T13:13:46.437829+00:00,91.917,-0.0004,0.15,0.0,0.0007,-0.0,8429.56,3,74.2503,161.506,step
2026-09-01T13:13:46.438975+00:00,91.98,-0.0004,0.15,0.0,0.0007,-0.0,8435.04,3,73.741,161.526,step
2026-09-01T13:13:46.440095+00:00,92.042,-0.0004,0.0,0.15,0.0007,-0.0,8440.66,3,73.2314,161.546,step
2026-09-01T13:13:46.441258+00:00,91.72,-0.0003,0.15,0.0,0.0007,0.0,8272.93,3,72.7245,161.566,step
2026-09-01T13:13:46.442437+00:00,91.587,-0.0003,0.15,0.0,0.0006,0.0,8400.79,3,72.2213,161.586,step
2026-09-01T13:13:46.443697+00:00,91.65,-0.0003,0.15,0.0,0.0006,0.0001,8405.8,3,71.715,161.606,step
2026-09-01T13:13:46.444879+00:00,91.713,-0.0003,0.15,0.0,0.0006,0.0001,8411.25,3,71.2073,161.626,step
2026-09-01T13:13:46.446057+00:00,91.775,-0.0002,0.15,0.0,0.0006,0.0001,8416.8,3,70.6992,161.646,step
2026-09-01T13:13:46.447234+00:00,91.838,-0.0002,0.15,0.0,0.0006,0.0001,8422.35,3,70.1907,161.666,step
2026-09-01T13:13:46.448426+00:00,91.901,-0.0002,0.15,0.0,0.0006,0.0001,8428.01,3,69.6819,161.686,step
2026-09-01T13:13:46.449593+00:00,91.963,-0.0002,0.15,0.0,0.0005,0.0001,8433.72,3,69.1722,161.706,step
2026-09-01T13:13:46.450764+00:00,92.026,-0.0002,0.0,0.15,0.0005,0.0001,8439.51,3,68.6626,161.726,step
2026-09-01T13:13:46.451976+00:00,91.704,-0.0002,0.15,0.0,0.0005,0.0001,8270.48,3,68.1506,161.746,step
2026-09-01T13:13:46.453163+00:00,91.571,-0.0002,0.15,0.0,0.0005,0.0001,8399.5,3,67.6398,161.766,step
2026-09-01T13:13:46.454317+00:00,91.634,-0.0002,0.15,0.0,0.0004,0.0001,8404.42,3,67.1314,161.786,step
2026-09-01T13:13:46.455473+00:00,91.697,-0.0001,0.15,0.0,0.0004,0.0001,8409.85,3,66.623,161.806,step
2026-09-01T13:13:46.456605+00:00,91.76,-0.0001,0.15,0.0,0.0004,0.0001,8415.31,3,66.1144,161.826,step
2026-09-01T13:13:46.457778+00:00,91.822,-0.0001,0.15,0.0,0.0004,0.0001,8420.83,3,65.6055,161.846,step
2026-09-01T13:13:46.458961+00:00,91.885,-0.0001,0.15,0.0,0.0003,0.0001,8426.48,3,65.0965,161.866,step
2026-09-01T13:13:46.460106+00:00,91.947,-0.0001,0.15,0.0,0.0003,0.0001,8432.16,3,64.5872,161.886,step
2026-09-01T13:13:46.461284+00:00,92.009,-0.0,0.0,0.15,0.0003,0.0001,8437.9,3,64.0773,161.906,step
2026-09-01T13:13:46.462448+00:00,91.685,-0.0,0.15,0.0,0.0002,0.0001,8269.08,3,63.5656,161.926,step
2026-09-01T13:13:46.463593+00:00,91.553,-0.0,0.15,0.0,0.0002,0.0001,8397.75,3,63.0552,161.946,step
2026-09-01T13:13:46.464717+00:00,91.616,-0.0,0.15,0.0,0.0002,0.0001,8402.72,3,62.547,161.966,step
2026-09-01T13:13:46.465836+00:00,91.678,0.0,0.15,0.0,0.0001,0.0001,8408.15,3,62.0385,161.986,step
2026-09-01T13:13:46.467002+00:00,91.741,0.0,0.15,0.0,0.0001,0.0001,8412.53,3,61.5298,162.006,step
2026-09-01T13:13:46.468179+00:00,91.803,0.0001,0.15,0.0,0.0001,0.0001,8418.06,3,61.0212,162.026,step
2026-09-01T13:13:46.469457+00:00,91.865,0.0001,0.15,0.0,0.0,0.0001,8423.89,3,60.5129,162.046,step
2026-09-01T13:13:46.470599+00:00,91.927,0.0001,0.15,0.0,-0.0,0.0001,8430.05,3,60.0037,162.066,step
2026-09-01T13:13:46.471741+00:00,91.988,0.0001,0.0,0.15,-0.0,0.0001,8436.12,3,59.4941,162.086,step
2026-09-01T13:13:46.472911+00:00,91.666,0.0002,0.0,0.15,-0.0001,0.0002,8266.92,3,58.9871,162.106,step
2026-09-01T13:13:46.474097+00:00,91.146,0.0002,0.0,0.15,-0.0001,0.0002,8218.06,3,58.4865,162.126,step
2026-09-01T13:13:46.475243+00:00,90.626,0.0003,0.0,0.15,-0.0002,0.0003,8170.16,3,57.9907,162.146,step
2026-09-01T13:13:46.476380+00:00,90.106,0.0004,0.0,0.15,-0.0002,0.0004,8123.68,3,57.4979,162.166,step
2026-09-01T13:13:46.477622+00:00,89.59,0.0005,0.0,0.15,-0.0003,0.0004,8077.98,3,57.0074,162.186,step
2026-09-01T13:13:46.478751+00:00,89.079,0.0006,0.0,0.15,-0.0003,0.0005,8033.05,3,56.5195,162.206,step
2026-09-01T13:13:46.479906+00:00,88.57,0.0006,0.0,0.15,-0.0004,0.0005,7988.09,3,56.0311,162.226,step
2026-09-01T13:13:46.481015+00:00,88.064,0.0007,0.0,0.15,-0.0004,0.0006,7943.04,3,55.5425,162.246,step
2026-09-01T13:13:46.482137+00:00,87.559,0.0007,0.0,0.15,-0.0005,0.0006,7897.86,3,55.0558,162.266,step
2026-09-01T13:13:46.483288+00:00,87.055,0.0007,0.0,0.15,-0.0006,0.0006,7855.27,3,54.5716,162.286,step
2026-09-01T13:13:46.484394+00:00,86.551,0.0008,0.0,0.15,-0.0006,0.0006,7812.11,3,54.0903,162.306,step
2026-09-01T13:13:46.485572+00:00,86.051,0.0008,0.0,0.15,-0.0007,0.0006,7766.24,3,53.6118,162.326,step
2026-09-01T13:13:46.486681+00:00,85.552,0.0008,0.0,0.15,-0.0008,0.0006,7719.29,3,53.136,162.346,step
2026-09-01T13:13:46.487819+00:00,85.055,0.0009,0.0,0.15,-0.0008,0.0006,7673.09,3,52.6628,162.366,step
2026-09-01T13:13:46.488937+00:00,84.558,0.0009,0.0,0.15,-0.0009,0.0006,7627.8,3,52.1921,162.386,step
2026-09-01T13:13:46.490057+00:00,84.063,0.0009,0.0,0.15,-0.001,0.0006,7583.17,3,51.724,162.406,step
2026-09-01T13:13:46.491177+00:00,83.569,0.001,0.0,0.15,-0.001,0.0006,7539.0,3,51.2584,162.426,step
2026-09-01T13:13:46.492351+00:00,83.077,0.001,0.0,0.15,-0.0011,0.0006,7495.1,3,50.7954,162.446,step
2026-09-01T13:13:46.493590+00:00,82.586,0.001,0.0,0.15,-0.0012,0.0006,7451.41,3,50.3349,162.466,step
2026-09-01T13:13:46.494788+00:00,82.09,0.0011,0.0,0.15,-0.0013,0.0006,7407.4,3,49.8769,162.486,step
2026-09-01T13:13:46.495959+00:00,81.602,0.0011,0.0,0.15,-0.0013,0.0005,7364.09,3,49.4211,162.506,step
2026-09-01T13:13:46.497114+00:00,81.117,0.0011,0.0,0.15,-0.0014,0.0005,7320.75,3,48.9679,162.526,step
2026-09-01T13:13:46.498238+00:00,80.632,0.0011,0.0,0.15,-0.0015,0.0005,7277.29,3,48.5174,162.546,step
2026-09-01T13:13:46.499397+00:00,80.15,0.0012,0.0,0.15,-0.0015,0.0005,7233.88,3,48.0696,162.566,step
2026-09-01T13:13:46.500571+00:00,79.669,0.0012,0.0,0.15,-0.0016,0.0005,7190.44,2,47.6246,162.586,step
2026-09-01T13:13:46.501743+00:00,79.203,0.0012,0.0,0.15,-0.0017,0.0005,9039.26,2,47.1818,162.606,step
2026-09-01T13:13:46.502878+00:00,78.753,0.0012,0.0,0.15,-0.0017,0.0004,9017.88,2,46.7403,162.626,step
2026-09-01T13:13:46.503995+00:00,78.285,0.0012,0.0,0.15,-0.0018,0.0004,8878.3,2,46.3005,162.646,step
2026-09-01T13:13:46.505127+00:00,77.746,0.0012,0.0,0.15,-0.0018,0.0003,8811.12,2,45.8589,162.666,step
2026-09-01T13:13:46.506231+00:00,77.209,0.0011,0.0,0.15,-0.0019,0.0002,8747.78,2,45.4169,162.686,step
2026-09-01T13:13:46.507317+00:00,76.674,-0.199,0.0,0.15,-0.002,0.0,8686.47,2,44.9766,162.706,step
2026-09-01T13:13:46.508472+00:00,76.155,-0.1973,0.0,0.15,-0.0022,0.0019,8626.5,2,44.7374,162.726,step
2026-09-01T13:13:46.509653+00:00,75.585,-0.1921,0.0,0.15,-0.003,0.0079,8563.62,2,44.883,162.746,step
2026-09-01T13:13:46.510843+00:00,75.032,0.015,0.0,0.15,-0.0044,0.016,8498.6,2,45.2231,162.766,step
2026-09-01T13:13:46.512020+00:00,74.513,0.0212,0.0,0.15,-0.0061,0.0227,8440.04,2,45.4304,162.786,step
2026-09-01T13:13:46.513233+00:00,73.97,0.0237,0.0,0.15,-0.0077,0.0248,8383.32,2,45.2148,162.806,step
2026-09-01T13:13:46.514438+00:00,73.445,-0.1755,0.0,0.15,-0.0092,0.0248,8326.6,2,44.8052,162.826,step
2026-09-01T13:13:46.515614+00:00,72.936,-0.1734,0.0,0.15,-0.011,0.0264,8270.86,2,44.5374,162.846,step
2026-09-01T13:13:46.516789+00:00,72.385,-0.1679,0.0,0.15,-0.0133,0.0318,8209.0,2,44.6274,162.866,step
2026-09-01T13:13:46.517941+00:00,71.855,-0.1608,0.0,0.15,-0.0161,0.039,8147.8,2,44.8707,162.886,step
2026-09-01T13:13:46.519223+00:00,71.336,0.047,0.0,0.15,-0.0194,0.0466,8087.83,2,45.1562,162.906,step
2026-09-01T13:13:46.520408+00:00,70.843,0.0531,0.0,0.15,-0.0229,0.0521,8032.47,2,45.2446,162.926,step
2026-09-01T13:13:46.521611+00:00,70.318,-0.1446,0.0,0.15,-0.0262,0.0529,7977.09,2,44.9217,162.946,step
2026-09-01T13:13:46.522763+00:00,69.811,-0.1422,0.0,0.15,-0.0296,0.0537,7930.59,2,44.6075,162.966,step
2026-09-01T13:13:46.523912+00:00,69.28,-0.137,0.0,0.15,-0.0335,0.0578,7869.82,2,44.5768,162.986,step
2026-09-01T13:13:46.525054+00:00,68.767,-0.1305,0.0,0.15,-0.0377,0.0633,7807.89,2,44.668,163.006,step
2026-09-01T13:13:46.526202+00:00,68.264,-0.1234,0.0,0.15,-0.0423,0.0692,7747.33,2,44.7935,163.026,step
2026-09-01T13:13:46.527449+00:00,67.765,-0.1163,0.0,0.15,-0.0473,0.0751,7689.06,2,44.9153,163.046,step
2026-09-01T13:13:46.528593+00:00,67.27,0.0908,0.8,0.0,-0.0525,0.0807,7632.55,2,45.0183,163.066,step
2026-09-01T13:13:46.529757+00:00,67.57,-0.1041,0.0,0.15,-0.0579,0.0838,8527.79,2,44.9029,163.086,step
2026-09-01T13:13:46.530912+00:00,67.598,-0.1009,0.0,0.15,-0.0631,0.0845,7677.32,2,44.5838,163.106,step
2026-09-01T13:13:46.532044+00:00,67.09,-0.0959,0.0,0.15,-0.0686,0.0873,7620.82,2,44.4451,163.126,step
2026-09-01T13:13:46.533216+00:00,66.592,-0.09,0.0,0.15,-0.0744,0.091,7562.05,2,44.3816,163.146,step
2026-09-01T13:13:46.534375+00:00,66.099,-0.0838,0.0,0.15,-0.0804,0.0949,7504.45,2,44.3379,163.166,step
2026-09-01T13:13:46.535588+00:00,65.6,-0.0776,0.0,0.15,-0.0866,0.0988,7448.26,2,44.2914,163.186,step
2026-09-01T13:13:46.536788+00:00,65.112,-0.0714,0.0,0.15,-0.093,0.1026,7393.77,2,44.2362,163.206,step
2026-09-01T13:13:46.537982+00:00,64.63,-0.0653,0.0,0.15,-0.0995,0.1061,7340.43,2,44.1598,163.226,step
2026-09-01T13:13:46.539189+00:00,64.15,-0.0594,0.0,0.15,-0.1062,0.1093,7287.04,2,44.0589,163.246,step
2026-09-01T13:13:46.540344+00:00,63.672,-0.0537,0.0,0.15,-0.113,0.1122,7233.68,2,43.9339,163.266,step
2026-09-01T13:13:46.541493+00:00,63.196,-0.0482,0.0,0.15,-0.1199,0.1148,7180.32,2,43.7877,163.286,step
2026-09-01T13:13:46.542656+00:00,62.722,-0.0429,0.0,0.15,-0.1268,0.1171,7126.92,2,43.6209,163.306,step
2026-09-01T13:13:46.543864+00:00,62.249,-0.0378,0.0,0.15,-0.1338,0.1192,7073.63,2,43.435,163.326,step
2026-09-01T13:13:46.545033+00:00,61.775,-0.0328,0.0,0.15,-0.1409,0.121,7024.19,2,43.2315,163.346,step
2026-09-01T13:13:46.546216+00:00,61.3,-0.028,0.0,0.15,-0.148,0.1225,6975.69,2,43.0107,163.366,step
2026-09-01T13:13:46.547413+00:00,60.829,-0.0234,0.0,0.15,-0.1551,0.1239,6921.43,2,42.7744,163.386,step
2026-09-01T13:13:46.548621+00:00,60.362,-0.0189,0.0,0.15,-0.1622,0.125,6865.45,2,42.5237,163.406,step
2026-09-01T13:13:46.549791+00:00,59.897,-0.0147,0.0,0.15,-0.1692,0.1259,6810.15,2,42.2606,163.426,step
2026-09-01T13:13:46.550968+00:00,59.433,-0.0105,0.0,0.15,-0.1763,0.1267,6756.36,2,41.9866,163.446,step
2026-09-01T13:13:46.552182+00:00,58.97,-0.0065,0.0,0.15,-0.1833,0.1272,6703.7,2,41.7022,163.466,step
2026-09-01T13:13:46.553354+00:00,58.509,-0.0027,0.0,0.15,-0.1903,0.1277,6651.76,2,41.4077,163.486,step
2026-09-01T13:13:46.554541+00:00,58.05,0.001,0.0,0.15,-0.1973,0.1279,6600.27,2,41.1033,163.506,step
2026-09-01T13:13:46.555718+00:00,57.592,0.0045,0.0,0.15,-0.2042,0.128,6549.0,2,40.7893,163.526,step
2026-09-01T13:13:46.556878+00:00,57.135,0.0079,0.0,0.15,-0.211,0.128,6497.83,2,40.4677,163.546,step
2026-09-01T13:13:46.558070+00:00,56.68,0.0111,0.0,0.15,-0.2177,0.1278,6446.68,2,40.1383,163.566,step
2026-09-01T13:13:46.559316+00:00,56.226,0.0141,0.0,0.15,-0.2244,0.1274,6395.56,2,39.8005,163.586,step
2026-09-01T13:13:46.560581+00:00,55.773,0.017,0.0,0.15,-0.2309,0.127,6344.6,2,39.4565,163.606,step
2026-09-01T13:13:46.561825+00:00,55.318,0.0198,0.0,0.15,-0.2374,0.1264,6293.19,2,39.1065,163.626,step
2026-09-01T13:13:46.563048+00:00,54.868,0.0224,0.0,0.15,-0.2438,0.1257,6242.59,2,38.7519,163.646,step
2026-09-01T13:13:46.564271+00:00,54.419,0.0249,0.0,0.15,-0.25,0.1249,6192.12,2,38.3941,163.666,step
2026-09-01T13:13:46.565468+00:00,53.972,0.0273,0.0,0.15,-0.2562,0.124,6141.62,2,38.0334,163.686,step
2026-09-01T13:13:46.566714+00:00,53.526,0.0296,0.0,0.15,-0.2623,0.123,6091.12,2,37.6705,163.706,step
2026-09-01T13:13:46.567965+00:00,53.081,0.0297,0.0,0.15,-0.2682,0.1195,6040.64,2,37.3053,163.726,step
2026-09-01T13:13:46.569336+00:00,52.637,0.0275,0.0,0.15,-0.2738,0.1132,5990.21,2,36.9405,163.746,step
2026-09-01T13:13:46.570591+00:00,52.194,0.0251,0.0,0.15,-0.279,0.107,5939.9,2,36.5824,163.766,step
2026-09-01T13:13:46.571846+00:00,51.752,0.0227,0.0,0.15,-0.2839,0.101,5889.76,2,36.2328,163.786,step
2026-09-01T13:13:46.573088+00:00,51.31,0.0203,0.0,0.15,-0.2885,0.095,5840.97,2,35.8915,163.806,step
2026-09-01T13:13:46.574326+00:00,50.868,0.0178,0.0,0.15,-0.2928,0.0892,5793.66,2,35.5591,163.826,step
2026-09-01T13:13:46.575586+00:00,50.428,0.0152,0.0,0.15,-0.2968,0.0835,5743.45,2,35.2359,163.846,step
2026-09-01T13:13:46.576915+00:00,49.989,0.0126,0.0,0.15,-0.3005,0.078,5692.66,1,34.9216,163.866,step
2026-09-01T13:13:46.578129+00:00,49.559,0.01,0.0,0.15,-0.3039,0.0726,7638.62,1,34.6155,163.886,step
2026-09-01T13:13:46.579376+00:00,49.132,0.0074,0.0,0.15,-0.3071,0.0673,7627.33,1,34.3176,163.906,step
2026-09-01T13:13:46.580604+00:00,48.689,0.0047,0.0,0.15,-0.31,0.0621,7420.16,1,34.0284,163.926,step
2026-09-01T13:13:46.581874+00:00,48.201,0.002,0.0,0.15,-0.3127,0.0571,7347.24,1,33.7456,163.946,step
2026-09-01T13:13:46.583131+00:00,47.715,-0.0007,0.0,0.15,-0.3151,0.0521,7274.44,1,33.4702,163.966,step
2026-09-01T13:13:46.584430+00:00,47.233,-0.0035,0.0,0.15,-0.3173,0.0474,7202.54,1,33.2033,163.986,step
2026-09-01T13:13:46.585691+00:00,46.751,-0.0062,0.15,0.0,-0.3193,0.0427,7130.75,1,32.9439,164.006,step
2026-09-01T13:13:46.587022+00:00,46.784,-0.0089,0.15,0.0,-0.3211,0.0382,7317.68,1,32.6918,164.026,step
2026-09-01T13:13:46.588381+00:00,46.942,-0.0117,0.15,0.0,-0.3227,0.0337,7339.27,1,32.4436,164.046,step
2026-09-01T13:13:46.589699+00:00,47.099,-0.0145,0.0,0.15,-0.3242,0.0293,7361.48,1,32.1993,164.066,step
2026-09-01T13:13:46.590960+00:00,46.757,-0.0173,0.15,0.0,-0.3255,0.025,7141.54,1,31.9609,164.086,step
2026-09-01T13:13:46.592255+00:00,46.773,-0.0201,0.15,0.0,-0.3265,0.0208,7311.62,1,31.7297,164.106,step
2026-09-01T13:13:46.593607+00:00,46.929,-0.023,0.15,0.0,-0.3275,0.0166,7336.21,1,31.4989,164.126,step
2026-09-01T13:13:46.594852+00:00,47.085,-0.0259,0.0,0.15,-0.3282,0.0125,7360.32,1,31.2713,164.146,step
2026-09-01T13:13:46.596141+00:00,46.745,-0.0288,0.15,0.0,-0.3288,0.0084,7135.34,1,31.0509,164.166,step
2026-09-01T13:13:46.597374+00:00,46.755,-0.0317,0.15,0.0,-0.3293,0.0046,7310.89,1,30.8388,164.186,step
2026-09-01T13:13:46.598615+00:00,46.911,-0.0347,0.15,0.0,-0.3296,0.0007,7333.89,1,30.6266,164.206,step
2026-09-01T13:13:46.599858+00:00,47.066,-0.0376,0.0,0.15,-0.3297,-0.0031,7356.53,1,30.4174,164.226,step
2026-09-01T13:13:46.601115+00:00,46.717,-0.0406,0.15,0.0,-0.3297,-0.0068,7136.73,1,30.2155,164.246,step
2026-09-01T13:13:46.602416+00:00,46.73,-0.0435,0.15,0.0,-0.3295,-0.0103,7302.83,1,30.0217,164.266,step
2026-09-01T13:13:46.603628+00:00,46.884,-0.0464,0.15,0.0,-0.3292,-0.0138,7327.21,1,29.8262,164.286,step
2026-09-01T13:13:46.604860+00:00,47.038,-0.0494,0.0,0.15,-0.3288,-0.0173,7351.23,1,29.6326,164.306,step
2026-09-01T13:13:46.606113+00:00,46.691,-0.0524,0.15,0.0,-0.3283,-0.0207,7127.76,1,29.447,164.326,step
2026-09-01T13:13:46.607310+00:00,46.699,-0.0553,0.15,0.0,-0.3276,-0.0239,7300.97,1,29.2692,164.346,step
2026-09-01T13:13:46.608543+00:00,46.853,-0.0583,0.15,0.0,-0.3268,-0.0271,7323.93,1,29.0898,164.366,step
2026-09-01T13:13:46.609753+00:00,47.007,-0.0613,0.0,0.15,-0.3258,-0.0302,7347.11,1,28.9125,164.386,step
2026-09-01T13:13:46.611035+00:00,46.661,-0.0642,0.15,0.0,-0.3248,-0.0332,7123.26,1,28.7433,164.406,step
2026-09-01T13:13:46.612328+00:00,46.664,-0.067,0.15,0.0,-0.3236,-0.0361,7294.98,1,28.5819,164.426,step
2026-09-01T13:13:46.613573+00:00,46.817,-0.07,0.15,0.0,-0.3224,-0.0389,7317.67,1,28.419,164.446,step
2026-09-01T13:13:46.614801+00:00,46.97,-0.0729,0.15,0.0,-0.321,-0.0417,7340.36,1,28.258,164.466,step
2026-09-01T13:13:46.616021+00:00,47.122,-0.0758,0.0,0.15,-0.3195,-0.0445,7363.18,1,28.0997,164.486,step
2026-09-01T13:13:46.617329+00:00,46.773,-0.0787,0.15,0.0,-0.3179,-0.047,7141.55,1,27.9498,164.506,step
2026-09-01T13:13:46.618612+00:00,46.772,-0.0814,0.15,0.0,-0.3162,-0.0494,7310.18,1,27.8079,164.526,step
2026-09-01T13:13:46.619847+00:00,46.923,-0.0843,0.15,0.0,-0.3145,-0.0519,7333.23,1,27.662,164.546,step
2026-09-01T13:13:46.621101+00:00,47.075,-0.0872,0.0,0.15,-0.3126,-0.0544,7356.13,1,27.5173,164.566,step
2026-09-01T13:13:46.622335+00:00,46.727,-0.09,0.15,0.0,-0.3106,-0.0567,7132.88,1,27.3813,164.586,step
2026-09-01T13:13:46.623584+00:00,46.72,-0.0927,0.15,0.0,-0.3086,-0.0588,7302.2,1,27.2535,164.606,step
2026-09-01T13:13:46.624802+00:00,46.871,-0.0955,0.0,0.15,-0.3065,-0.061,7324.66,1,27.122,164.626,step
2026-09-01T13:13:46.626019+00:00,46.521,-0.0982,0.0,0.15,-0.3043,-0.0629,7101.37,1,26.9985,164.646,step
2026-09-01T13:13:46.627277+00:00,46.033,-0.1007,0.15,0.0,-0.3021,-0.0647,7030.27,1,26.8886,164.666,step
2026-09-01T13:13:46.628492+00:00,46.031,-0.1032,0.15,0.0,-0.2998,-0.0663,7193.2,1,26.7794,164.686,step
2026-09-01T13:13:46.629692+00:00,46.181,-0.1058,0.0,0.15,-0.2975,-0.0682,7215.95,1,26.6635,164.706,step
2026-09-01T13:13:46.630889+00:00,45.828,-0.1083,0.0,0.15,-0.2951,-0.0698,6998.35,1,26.555,164.726,step
2026-09-01T13:13:46.632048+00:00,45.349,-0.1106,0.15,0.0,-0.2926,-0.0712,6922.19,1,26.46,164.746,step
2026-09-01T13:13:46.633231+00:00,45.345,-0.113,0.0,0.15,-0.2902,-0.0725,7088.3,1,26.3653,164.766,step
2026-09-01T13:13:46.634414+00:00,44.995,-0.1153,0.15,0.0,-0.2877,-0.0739,6870.06,1,26.2705,164.786,step
2026-09-01T13:13:46.635692+00:00,44.992,-0.1175,0.15,0.0,-0.2852,-0.0752,7032.54,1,26.1801,164.806,step
2026-09-01T13:13:46.636866+00:00,45.142,-0.1199,0.0,0.15,-0.2826,-0.0765,7054.6,1,26.0834,164.826,step
2026-09-01T13:13:46.638095+00:00,44.795,-0.1222,0.0,0.15,-0.28,-0.0778,6842.81,1,25.9937,164.846,step
2026-09-01T13:13:46.639394+00:00,44.316,-0.1243,0.15,0.0,-0.2774,-0.0787,6767.73,1,25.9174,164.866,step
2026-09-01T13:13:46.640633+00:00,44.313,-0.1263,0.15,0.0,-0.2748,-0.0796,6926.82,1,25.8407,164.886,step
2026-09-01T13:13:46.641875+00:00,44.462,-0.1286,0.0,0.15,-0.2721,-0.0808,6948.58,1,25.7559,164.906,step
2026-09-01T13:13:46.643089+00:00,44.113,-0.1307,0.15,0.0,-0.2694,-0.0817,6740.06,1,25.6786,164.926,step
2026-09-01T13:13:46.644444+00:00,44.108,-0.1326,0.0,0.15,-0.2667,-0.0825,6892.98,1,25.607,164.946,step
2026-09-01T13:13:46.645677+00:00,43.76,-0.1346,0.15,0.0,-0.264,-0.0833,6685.34,1,25.5364,164.966,step
2026-09-01T13:13:46.646905+00:00,43.754,-0.1365,0.15,0.0,-0.2613,-0.084,6838.45,1,25.4705,164.986,step
2026-09-01T13:13:46.648137+00:00,43.902,-0.1386,0.0,0.15,-0.2586,-0.0849,6860.57,1,25.3975,165.006,step
2026-09-01T13:13:46.649396+00:00,43.556,-0.1405,0.15,0.0,-0.2559,-0.0856,6655.53,1,25.3319,165.026,step
2026-09-01T13:13:46.650595+00:00,43.547,-0.1424,0.0,0.15,-0.2531,-0.0862,6805.4,1,25.2722,165.046,step
2026-09-01T13:13:46.651898+00:00,43.2,-0.1442,0.15,0.0,-0.2504,-0.0867,6600.4,1,25.2129,165.066,step
2026-09-01T13:13:46.653094+00:00,43.193,-0.1459,0.15,0.0,-0.2476,-0.0872,6750.69,1,25.1584,165.086,step
2026-09-01T13:13:46.654300+00:00,43.341,-0.1478,0.0,0.15,-0.2448,-0.0878,6770.15,1,25.0962,165.106,step
2026-09-01T13:13:46.655490+00:00,42.99,-0.1496,0.15,0.0,-0.2421,-0.0883,6573.41,1,25.0415,165.126,step
2026-09-01T13:13:46.656659+00:00,42.983,-0.1512,0.15,0.0,-0.2393,-0.0886,6715.11,1,24.9924,165.146,step
2026-09-01T13:13:46.657840+00:00,43.129,-0.153,0.0,0.15,-0.2365,-0.0891,6738.23,1,24.9356,165.166,step
2026-09-01T13:13:46.659076+00:00,42.781,-0.1546,0.15,0.0,-0.2338,-0.0894,6538.33,1,24.887,165.186,step
2026-09-01T13:13:46.660316+00:00,42.772,-0.1562,0.0,0.15,-0.231,-0.0896,6684.62,1,24.8448,165.206,step
2026-09-01T13:13:46.661512+00:00,42.425,-0.1577,0.15,0.0,-0.2283,-0.0897,6482.67,1,24.8032,165.226,step
2026-09-01T13:13:46.662690+00:00,42.417,-0.1591,0.15,0.0,-0.2255,-0.0898,6629.81,1,24.7663,165.246,step
2026-09-01T13:13:46.663863+00:00,42.563,-0.1607,0.0,0.15,-0.2228,-0.0901,6651.37,1,24.7208,165.266,step
2026-09-01T13:13:46.665043+00:00,42.217,-0.1621,0.15,0.0,-0.2201,-0.0901,6453.06,1,24.6829,165.286,step
2026-09-01T13:13:46.666242+00:00,42.208,-0.1634,0.15,0.0,-0.2173,-0.0901,6595.93,1,24.6501,165.306,step
2026-09-01T13:13:46.667522+00:00,42.353,-0.1649,0.0,0.15,-0.2146,-0.0903,6618.33,1,24.6089,165.326,step
2026-09-01T13:13:46.668827+00:00,42.004,-0.1662,0.15,0.0,-0.2119,-0.0902,6421.54,1,24.5764,165.346,step
2026-09-01T13:13:46.670006+00:00,41.996,-0.1674,0.15,0.0,-0.2093,-0.0901,6563.25,1,24.5491,165.366,step
2026-09-01T13:13:46.671234+00:00,42.141,-0.1688,0.15,0.0,-0.2066,-0.0902,6585.23,1,24.5131,165.386,step
2026-09-01T13:13:46.672473+00:00,42.286,-0.1702,0.0,0.15,-0.2039,-0.0902,6607.01,1,24.4763,165.406,step
2026-09-01T13:13:46.673738+00:00,41.939,-0.1714,0.15,0.0,-0.2013,-0.0901,6412.32,1,24.4487,165.426,step
2026-09-01T13:13:46.675029+00:00,41.927,-0.1725,0.15,0.0,-0.1987,-0.0898,6552.61,1,24.4261,165.446,step
2026-09-01T13:13:46.676261+00:00,42.071,-0.1738,0.0,0.15,-0.196,-0.0898,6574.6,1,24.3956,165.466,step
2026-09-01T13:13:46.677511+00:00,41.724,-0.1749,0.15,0.0,-0.1934,-0.0896,6378.32,1,24.3737,165.486,step
2026-09-01T13:13:46.678685+00:00,41.711,-0.176,0.15,0.0,-0.1909,-0.0892,6519.88,1,24.3571,165.506,step
2026-09-01T13:13:46.679880+00:00,41.855,-0.1771,0.15,0.0,-0.1883,-0.0891,6541.41,1,24.332,165.526,step
2026-09-01T13:13:46.681079+00:00,41.999,-0.1783,0.0,0.15,-0.1857,-0.089,6563.0,1,24.3056,165.546,step
2026-09-01T13:13:46.682287+00:00,41.651,-0.1793,0.15,0.0,-0.1832,-0.0887,6369.33,1,24.2885,165.566,step
2026-09-01T13:13:46.683472+00:00,41.638,-0.1802,0.15,0.0,-0.1807,-0.0882,6505.06,1,24.276,165.586,step
2026-09-01T13:13:46.684706+00:00,41.781,-0.1813,0.0,0.15,-0.1782,-0.088,6527.56,1,24.2545,165.606,step
2026-09-01T13:13:46.686010+00:00,41.431,-0.1822,0.15,0.0,-0.1757,-0.0876,6335.35,1,24.242,165.626,step
2026-09-01T13:13:46.687209+00:00,41.418,-0.183,0.15,0.0,-0.1733,-0.0871,6473.6,1,24.2349,165.646,step
2026-09-01T13:13:46.688423+00:00,41.561,-0.184,0.15,0.0,-0.1709,-0.0868,6495.16,1,24.2189,165.666,step
2026-09-01T13:13:46.689587+00:00,41.704,-0.185,0.0,0.15,-0.1685,-0.0865,6516.88,1,24.202,165.686,step
2026-09-01T13:13:46.690786+00:00,41.357,-0.1857,0.15,0.0,-0.1661,-0.086,6323.2,1,24.1946,165.706,step
2026-09-01T13:13:46.691967+00:00,41.342,-0.1864,0.15,0.0,-0.1637,-0.0854,6462.02,1,24.1926,165.726,step
2026-09-01T13:13:46.693219+00:00,41.485,-0.1873,0.15,0.0,-0.1614,-0.085,6483.52,1,24.181,165.746,step
2026-09-01T13:13:46.694451+00:00,41.628,-0.1881,0.15,0.0,-0.1591,-0.0846,6505.05,1,24.1681,165.766,step
2026-09-01T13:13:46.695695+00:00,41.77,-0.189,0.0,0.15,-0.1568,-0.0842,6526.68,1,24.1552,165.786,step
2026-09-01T13:13:46.696915+00:00,41.421,-0.1896,0.15,0.0,-0.1545,-0.0836,6333.93,1,24.1529,165.806,step
2026-09-01T13:13:46.698172+00:00,41.405,-0.1902,0.15,0.0,-0.1523,-0.0829,6472.52,1,24.1567,165.826,step
2026-09-01T13:13:46.699412+00:00,41.548,-0.1909,0.15,0.0,-0.1501,-0.0824,6494.02,1,24.1515,165.846,step
2026-09-01T13:13:46.700663+00:00,41.69,-0.1916,0.0,0.15,-0.1479,-0.0819,6515.72,1,24.145,165.866,step
2026-09-01T13:13:46.702005+00:00,41.341,-0.1921,0.15,0.0,-0.1457,-0.0812,6321.51,1,24.1485,165.886,step
2026-09-01T13:13:46.703255+00:00,41.324,-0.1926,0.15,0.0,-0.1436,-0.0804,6460.97,1,24.1568,165.906,step
2026-09-01T13:13:46.704495+00:00,41.466,-0.1931,0.15,0.0,-0.1415,-0.0799,6482.24,1,24.1556,165.926,step
2026-09-01T13:13:46.705742+00:00,41.608,-0.1938,0.15,0.0,-0.1394,-0.0793,6503.85,1,24.1528,165.946,step
2026-09-01T13:13:46.706928+00:00,41.75,-0.1944,0.0,0.15,-0.1374,-0.0788,6525.53,1,24.1498,165.966,step
2026-09-01T13:13:46.708164+00:00,41.403,-0.1948,0.15,0.0,-0.1353,-0.0781,6331.44,1,24.1565,165.986,step
2026-09-01T13:13:46.709360+00:00,41.382,-0.1952,0.15,0.0,-0.1333,-0.0773,6471.1,1,24.1684,166.006,step
2026-09-01T13:13:46.710668+00:00,41.524,-0.1957,0.15,0.0,-0.1314,-0.0767,6492.42,1,24.1711,166.026,step
2026-09-01T13:13:46.711876+00:00,41.666,-0.1962,0.0,0.15,-0.1294,-0.0762,6513.9,1,24.1728,166.046,step
2026-09-01T13:13:46.713089+00:00,41.316,-0.1966,0.15,0.0,-0.1275,-0.0754,6319.97,1,24.1842,166.066,step
2026-09-01T13:13:46.714319+00:00,41.298,-0.1968,0.15,0.0,-0.1256,-0.0745,6456.05,1,24.2001,166.086,step
2026-09-01T13:13:46.715482+00:00,41.439,-0.1972,0.15,0.0,-0.1238,-0.0739,6478.02,1,24.2064,166.106,step
2026-09-01T13:13:46.716669+00:00,41.58,-0.1976,0.15,0.0,-0.122,-0.0733,6499.87,1,24.2111,166.126,step
2026-09-01T13:13:46.717851+00:00,41.721,-0.198,0.15,0.0,-0.1202,-0.0727,6521.72,1,24.2159,166.146,step
2026-09-01T13:13:46.719114+00:00,41.863,-0.1984,0.0,0.15,-0.1184,-0.0721,6543.71,1,24.2206,166.166,step
2026-09-01T13:13:46.720319+00:00,41.516,-0.1987,0.15,0.0,-0.1167,-0.0713,6347.88,1,24.2353,166.186,step
2026-09-01T13:13:46.721503+00:00,41.493,-0.1988,0.15,0.0,-0.1149,-0.0703,6489.29,1,24.2558,166.206,step
2026-09-01T13:13:46.722721+00:00,41.635,-0.1991,0.15,0.0,-0.1133,-0.0696,6510.11,1,24.267,166.226,step
2026-09-01T13:13:46.723868+00:00,41.777,-0.1994,0.15,0.0,-0.1116,-0.069,6531.4,1,24.2763,166.246,step
2026-09-01T13:13:46.725066+00:00,41.919,-0.1997,0.0,0.15,-0.11,-0.0683,6552.87,1,24.285,166.266,step
2026-09-01T13:13:46.726326+00:00,41.569,-0.1998,0.15,0.0,-0.1084,-0.0674,6356.39,1,24.3044,166.286,step
2026-09-01T13:13:46.727631+00:00,41.548,-0.1998,0.15,0.0,-0.1068,-0.0665,6497.99,1,24.3293,166.306,step
2026-09-01T13:13:46.728926+00:00,41.689,-0.1999,0.15,0.0,-0.1053,-0.0657,6519.35,1,24.3443,166.326,step
2026-09-01T13:13:46.730173+00:00,41.831,-0.2001,0.15,0.0,-0.1038,-0.065,6540.98,1,24.3573,166.346,step
2026-09-01T13:13:46.731398+00:00,41.972,-0.2003,0.15,0.0,-0.1023,-0.0643,6562.86,1,24.3696,166.366,step
2026-09-01T13:13:46.732637+00:00,42.114,-0.2005,0.0,0.15,-0.1009,-0.0637,6584.88,1,24.3813,166.386,step
2026-09-01T13:13:46.733904+00:00,41.766,-0.2005,0.15,0.0,-0.0995,-0.0628,6386.72,1,24.4029,166.406,step
2026-09-01T13:13:46.735243+00:00,41.741,-0.2004,0.15,0.0,-0.0981,-0.0618,6531.1,1,24.4293,166.426,step
2026-09-01T13:13:46.736526+00:00,41.883,-0.2005,0.15,0.0,-0.0967,-0.0611,6552.14,1,24.4462,166.446,step
2026-09-01T13:13:46.737794+00:00,42.024,-0.2006,0.15,0.0,-0.0954,-0.0604,6573.55,1,24.462,166.466,step
2026-09-01T13:13:46.739010+00:00,42.165,-0.2007,0.15,0.0,-0.0941,-0.0597,6595.32,1,24.4777,166.486,step
2026-09-01T13:13:46.740251+00:00,42.307,-0.2008,0.0,0.15,-0.0928,-0.0591,6617.29,1,24.4931,166.506,step
2026-09-01T13:13:46.741463+00:00,41.959,-0.2007,0.15,0.0,-0.0916,-0.0582,6415.86,1,24.5188,166.526,step
2026-09-01T13:13:46.742686+00:00,41.934,-0.2006,0.15,0.0,-0.0904,-0.0572,6559.34,1,24.5489,166.546,step
2026-09-01T13:13:46.743868+00:00,42.075,-0.2006,0.15,0.0,-0.0892,-0.0565,6581.58,1,24.5691,166.566,step
2026-09-01T13:13:46.745049+00:00,42.216,-0.2006,0.15,0.0,-0.0881,-0.0558,6603.42,1,24.5877,166.586,step
2026-09-01T13:13:46.746258+00:00,42.357,-0.2006,0.15,0.0,-0.0869,-0.0551,6625.3,1,24.6058,166.606,step
2026-09-01T13:13:46.747440+00:00,42.499,-0.2006,0.0,0.15,-0.0859,-0.0544,6647.35,1,24.6236,166.626,step
2026-09-01T13:13:46.748597+00:00,42.151,-0.2004,0.15,0.0,-0.0848,-0.0535,6444.56,1,24.6517,166.646,step
2026-09-01T13:13:46.749756+00:00,42.124,-0.2002,0.15,0.0,-0.0837,-0.0525,6592.64,1,24.6839,166.666,step
2026-09-01T13:13:46.750944+00:00,42.266,-0.2001,0.15,0.0,-0.0827,-0.0518,6613.29,1,24.7061,166.686,step
2026-09-01T13:13:46.752165+00:00,42.408,-0.2,0.15,0.0,-0.0818,-0.0511,6634.5,1,24.7263,166.706,step
2026-09-01T13:13:46.753392+00:00,42.55,-0.1999,0.15,0.0,-0.0808,-0.0504,6655.9,1,24.7457,166.726,step
2026-09-01T13:13:46.754578+00:00,42.692,-0.1999,0.15,0.0,-0.0799,-0.0498,6677.52,1,24.7646,166.746,step
2026-09-01T13:13:46.755798+00:00,42.834,-0.1998,0.0,0.15,-0.079,-0.0491,6699.41,1,24.7832,166.766,step
2026-09-01T13:13:46.757062+00:00,42.486,-0.1995,0.15,0.0,-0.0781,-0.0482,6495.31,1,24.8127,166.786,step
2026-09-01T13:13:46.758312+00:00,42.456,-0.1992,0.15,0.0,-0.0773,-0.0473,6645.94,1,24.8471,166.806,step
2026-09-01T13:13:46.759566+00:00,42.599,-0.199,0.15,0.0,-0.0765,-0.0465,6667.3,1,24.8715,166.826,step
2026-09-01T13:13:46.760894+00:00,42.741,-0.1988,0.15,0.0,-0.0757,-0.0458,6688.84,1,24.8937,166.846,step
2026-09-01T13:13:46.762116+00:00,42.883,-0.1987,0.15,0.0,-0.0749,-0.0452,6710.65,1,24.915,166.866,step
2026-09-01T13:13:46.763341+00:00,43.025,-0.1985,0.0,0.15,-0.0742,-0.0445,6732.8,1,24.9358,166.886,step
2026-09-01T13:13:46.764580+00:00,42.678,-0.1982,0.15,0.0,-0.0735,-0.0437,6524.64,1,24.9667,166.906,step
2026-09-01T13:13:46.765797+00:00,42.646,-0.1978,0.15,0.0,-0.0728,-0.0428,6678.83,1,25.001,166.926,step
2026-09-01T13:13:46.767015+00:00,42.789,-0.1975,0.15,0.0,-0.0722,-0.042,6699.65,1,25.0261,166.946,step
2026-09-01T13:13:46.768201+00:00,42.931,-0.1973,0.15,0.0,-0.0716,-0.0414,6721.01,1,25.0492,166.966,step
2026-09-01T13:13:46.769640+00:00,43.074,-0.1971,0.15,0.0,-0.071,-0.0407,6742.89,1,25.0709,166.986,step
2026-09-01T13:13:46.770885+00:00,43.216,-0.1969,0.15,0.0,-0.0704,-0.0401,6765.03,1,25.0915,167.006,step
2026-09-01T13:13:46.772105+00:00,43.359,-0.1967,0.0,0.15,-0.0699,-0.0395,6785.03,1,25.1116,167.026,step
2026-09-01T13:13:46.773289+00:00,43.012,-0.1963,0.15,0.0,-0.0693,-0.0387,6575.69,1,25.1421,167.046,step
2026-09-01T13:13:46.774476+00:00,42.979,-0.1958,0.15,0.0,-0.0688,-0.0378,6731.3,1,25.1759,167.066,step
2026-09-01T13:13:46.775693+00:00,43.122,-0.1955,0.15,0.0,-0.0684,-0.0372,6752.42,1,25.2007,167.086,step
2026-09-01T13:13:46.776952+00:00,43.264,-0.1952,0.15,0.0,-0.0679,-0.0365,6773.65,1,25.2238,167.106,step
2026-09-01T13:13:46.778198+00:00,43.407,-0.195,0.15,0.0,-0.0675,-0.0359,6795.42,1,25.2454,167.126,step
2026-09-01T13:13:46.779329+00:00,43.55,-0.1947,0.15,0.0,-0.0671,-0.0353,6817.23,1,25.2659,167.146,step
2026-09-01T13:13:46.780498+00:00,43.693,-0.1944,0.0,0.15,-0.0668,-0.0348,6839.11,1,25.2858,167.166,step
2026-09-01T13:13:46.781697+00:00,43.347,-0.194,0.15,0.0,-0.0664,-0.034,6625.25,1,25.3152,167.186,step
2026-09-01T13:13:46.782873+00:00,43.312,-0.1935,0.15,0.0,-0.0661,-0.0332,6784.07,1,25.3483,167.206,step
2026-09-01T13:13:46.784070+00:00,43.455,-0.1932,0.15,0.0,-0.0658,-0.0326,6804.65,1,25.3728,167.226,step
2026-09-01T13:13:46.785423+00:00,43.598,-0.1929,0.15,0.0,-0.0655,-0.032,6826.32,1,25.395,167.246,step
2026-09-01T13:13:46.786693+00:00,43.741,-0.1925,0.15,0.0,-0.0652,-0.0314,6848.2,1,25.4157,167.266,step
2026-09-01T13:13:46.787962+00:00,43.883,-0.1922,0.15,0.0,-0.065,-0.0309,6870.25,1,25.4358,167.286,step
2026-09-01T13:13:46.789312+00:00,44.026,-0.1919,0.0,0.15,-0.0648,-0.0304,6892.58,1,25.4545,167.306,step
2026-09-01T13:13:46.790713+00:00,43.68,-0.1915,0.15,0.0,-0.0646,-0.0297,6675.72,1,25.4826,167.326,step
2026-09-01T13:13:46.792578+00:00,43.642,-0.191,0.15,0.0,-0.0644,-0.029,6838.78,1,25.5136,167.346,step
2026-09-01T13:13:46.794255+00:00,43.785,-0.1906,0.15,0.0,-0.0643,-0.0284,6859.38,1,25.5361,167.366,step
2026-09-01T13:13:46.795607+00:00,43.928,-0.1903,0.15,0.0,-0.0641,-0.0279,6880.61,1,25.5568,167.386,step
2026-09-01T13:13:46.796998+00:00,44.071,-0.1899,0.15,0.0,-0.064,-0.0275,6902.41,1,25.5757,167.406,step
2026-09-01T13:13:46.798265+00:00,44.214,-0.1896,0.0,0.15,-0.0639,-0.027,6924.43,1,25.5934,167.426,step
2026-09-01T13:13:46.799542+00:00,43.869,-0.1892,0.15,0.0,-0.0638,-0.0264,6704.05,1,25.6205,167.446,step
2026-09-01T13:13:46.800860+00:00,43.83,-0.1887,0.15,0.0,-0.0638,-0.0257,6866.83,1,25.65,167.466,step
2026-09-01T13:13:46.802429+00:00,43.973,-0.1883,0.15,0.0,-0.0637,-0.0253,6887.3,1,25.6705,167.486,step
2026-09-01T13:13:46.803873+00:00,44.116,-0.188,0.15,0.0,-0.0637,-0.0248,6909.12,1,25.6884,167.506,step
2026-09-01T13:13:46.805272+00:00,44.258,-0.1877,0.15,0.0,-0.0637,-0.0244,6931.09,1,25.7049,167.526,step
2026-09-01T13:13:46.806630+00:00,44.401,-0.1874,0.0,0.15,-0.0638,-0.0241,6953.27,1,25.7207,167.546,step
2026-09-01T13:13:46.808026+00:00,44.056,-0.1869,0.15,0.0,-0.0638,-0.0235,6731.89,1,25.7453,167.566,step
2026-09-01T13:13:46.809372+00:00,44.015,-0.1864,0.15,0.0,-0.0638,-0.0229,6898.4,1,25.7726,167.586,step
2026-09-01T13:13:46.810846+00:00,44.159,-0.186,0.15,0.0,-0.0639,-0.0225,6918.48,1,25.7913,167.606,step
2026-09-01T13:13:46.812435+00:00,44.303,-0.1857,0.15,0.0,-0.064,-0.0221,6939.64,1,25.8075,167.626,step
2026-09-01T13:13:46.813682+00:00,44.446,-0.1854,0.15,0.0,-0.0641,-0.0218,6961.07,1,25.8226,167.646,step
2026-09-01T13:13:46.814920+00:00,44.589,-0.1851,0.0,0.15,-0.0642,-0.0214,6982.71,1,25.8359,167.666,step
2026-09-01T13:13:46.816250+00:00,44.241,-0.1846,0.15,0.0,-0.0643,-0.0209,6760.21,1,25.8586,167.686,step
2026-09-01T13:13:46.817676+00:00,44.202,-0.1841,0.15,0.0,-0.0644,-0.0204,6927.69,1,25.8845,167.706,step
2026-09-01T13:13:46.819317+00:00,44.345,-0.1837,0.15,0.0,-0.0645,-0.02,6948.07,1,25.9017,167.726,step
2026-09-01T13:13:46.820595+00:00,44.488,-0.1834,0.15,0.0,-0.0647,-0.0196,6969.38,1,25.9163,167.746,step
2026-09-01T13:13:46.821840+00:00,44.631,-0.183,0.15,0.0,-0.0649,-0.0194,6990.98,1,25.9288,167.766,step
2026-09-01T13:13:46.823229+00:00,44.774,-0.1827,0.0,0.15,-0.0651,-0.0191,7012.84,1,25.9396,167.786,step
2026-09-01T13:13:46.824877+00:00,44.429,-0.1823,0.15,0.0,-0.0653,-0.0187,6788.16,1,25.9594,167.806,step
2026-09-01T13:13:46.826229+00:00,44.385,-0.1819,0.15,0.0,-0.0655,-0.0182,6957.72,1,25.9808,167.826,step
2026-09-01T13:13:46.827700+00:00,44.528,-0.1815,0.15,0.0,-0.0657,-0.018,6978.05,1,25.9947,167.846,step
2026-09-01T13:13:46.828966+00:00,44.671,-0.1812,0.15,0.0,-0.0659,-0.0177,6999.25,1,26.0066,167.866,step
2026-09-01T13:13:46.830314+00:00,44.814,-0.1809,0.15,0.0,-0.0662,-0.0175,7020.77,1,26.0166,167.886,step
2026-09-01T13:13:46.831558+00:00,44.957,-0.1807,0.0,0.15,-0.0664,-0.0173,7040.43,1,26.0252,167.906,step
2026-09-01T13:13:46.832901+00:00,44.609,-0.1803,0.15,0.0,-0.0667,-0.017,6818.06,1,26.0424,167.926,step
2026-09-01T13:13:46.834180+00:00,44.567,-0.1798,0.15,0.0,-0.0669,-0.0166,6983.97,1,26.061,167.946,step
2026-09-01T13:13:46.835556+00:00,44.709,-0.1795,0.15,0.0,-0.0672,-0.0164,7005.39,1,26.0719,167.966,step
2026-09-01T13:13:46.836779+00:00,44.852,-0.1792,0.15,0.0,-0.0675,-0.0162,7026.86,1,26.0812,167.986,step
2026-09-01T13:13:46.837980+00:00,44.994,-0.1789,0.15,0.0,-0.0678,-0.016,7048.63,1,26.0887,168.006,step
2026-09-01T13:13:46.839244+00:00,45.136,-0.1787,0.0,0.15,-0.0681,-0.0159,7070.5,1,26.0948,168.026,step
2026-09-01T13:13:46.840527+00:00,44.791,-0.1783,0.15,0.0,-0.0684,-0.0156,6841.84,1,26.1106,168.046,step
2026-09-01T13:13:46.841800+00:00,44.745,-0.1779,0.15,0.0,-0.0687,-0.0153,7014.49,1,26.1315,168.066,step
2026-09-01T13:13:46.843179+00:00,44.889,-0.1776,0.15,0.0,-0.069,-0.0151,7034.36,1,26.1481,168.086,step
2026-09-01T13:13:46.844384+00:00,45.031,-0.1773,0.15,0.0,-0.0693,-0.0149,7055.38,1,26.1662,168.106,step
2026-09-01T13:13:46.845631+00:00,45.173,-0.1771,0.15,0.0,-0.0696,-0.0148,7076.54,1,26.1864,168.126,step
2026-09-01T13:13:46.846926+00:00,45.315,-0.1768,0.15,0.0,-0.0699,-0.0147,7097.93,1,26.2086,168.146,step
2026-09-01T13:13:46.848214+00:00,45.456,-0.1766,0.0,0.15,-0.0703,-0.0147,7119.62,1,26.2334,168.166,step
2026-09-01T13:13:46.849570+00:00,45.109,-0.1762,0.15,0.0,-0.0706,-0.0144,6890.5,1,26.2716,168.186,step
2026-09-01T13:13:46.850879+00:00,45.062,-0.1758,0.15,0.0,-0.0709,-0.0141,7063.95,1,26.3156,168.206,step
2026-09-01T13:13:46.852239+00:00,45.204,-0.1756,0.15,0.0,-0.0713,-0.014,7084.03,1,26.3554,168.226,step
2026-09-01T13:13:46.853473+00:00,45.346,-0.1753,0.15,0.0,-0.0716,-0.0139,7104.97,1,26.3972,168.246,step
2026-09-01T13:13:46.854669+00:00,45.487,-0.1751,0.15,0.0,-0.072,-0.0139,7126.19,1,26.4408,168.266,step
2026-09-01T13:13:46.855996+00:00,45.629,-0.175,0.15,0.0,-0.0723,-0.0139,7147.64,1,26.4871,168.286,step
2026-09-01T13:13:46.857277+00:00,45.769,-0.1748,0.15,0.0,-0.0727,-0.014,7169.3,1,26.5368,168.306,step
2026-09-01T13:13:46.858554+00:00,45.91,-0.1747,0.15,0.0,-0.073,-0.014,7191.25,1,26.5906,168.326,step
2026-09-01T13:13:46.859791+00:00,46.051,-0.1746,0.15,0.0,-0.0734,-0.0141,7210.13,1,26.6485,168.346,step
2026-09-01T13:13:46.861133+00:00,46.191,-0.1745,0.15,0.0,-0.0737,-0.0141,7232.27,1,26.7104,168.366,step
2026-09-01T13:13:46.862352+00:00,46.33,-0.1744,0.15,0.0,-0.074,-0.0142,7255.11,1,26.777,168.386,step
2026-09-01T13:13:46.863567+00:00,46.469,-0.1743,0.15,0.0,-0.0743,-0.0143,7278.23,1,26.8493,168.406,step
2026-09-01T13:13:46.864802+00:00,46.608,-0.1742,0.15,0.0,-0.0747,-0.0143,7300.94,1,26.9283,168.426,step
2026-09-01T13:13:46.866036+00:00,46.747,-0.174,0.15,0.0,-0.075,-0.0144,7323.08,1,27.0138,168.446,step
2026-09-01T13:13:46.867253+00:00,46.886,-0.1739,0.15,0.0,-0.0753,-0.0145,7345.04,1,27.1057,168.466,step
2026-09-01T13:13:46.868606+00:00,47.026,-0.1738,0.0,0.15,-0.0756,-0.0145,7366.63,1,27.2042,168.486,step
2026-09-01T13:13:46.869885+00:00,46.675,-0.1736,0.15,0.0,-0.0759,-0.0144,7123.78,1,27.3218,168.506,step
2026-09-01T13:13:46.871079+00:00,46.617,-0.1733,0.15,0.0,-0.0761,-0.0142,7308.88,1,27.4514,168.526,step
2026-09-01T13:13:46.872368+00:00,46.757,-0.1731,0.15,0.0,-0.0764,-0.0141,7327.34,1,27.58,168.546,step
2026-09-01T13:13:46.873645+00:00,46.896,-0.1729,0.15,0.0,-0.0768,-0.0141,7347.32,1,27.7127,168.566,step
2026-09-01T13:13:46.874954+00:00,47.035,-0.1728,0.0,0.15,-0.0771,-0.0141,7367.56,1,27.8505,168.586,step
2026-09-01T13:13:46.876281+00:00,46.682,-0.1725,0.15,0.0,-0.0774,-0.014,7127.19,1,28.0079,168.606,step
2026-09-01T13:13:46.877630+00:00,46.627,-0.1722,0.15,0.0,-0.0777,-0.0138,7308.0,1,28.1765,168.626,step
2026-09-01T13:13:46.878881+00:00,46.766,-0.1721,0.15,0.0,-0.078,-0.0138,7327.32,1,28.3413,168.646,step
2026-09-01T13:13:46.880183+00:00,46.905,-0.172,0.15,0.0,-0.0783,-0.0139,7347.83,1,28.5109,168.666,step
2026-09-01T13:13:46.881485+00:00,47.044,-0.172,0.0,0.15,-0.0786,-0.0141,7368.46,1,28.6876,168.686,step
2026-09-01T13:13:46.882759+00:00,46.693,-0.1718,0.15,0.0,-0.0789,-0.0141,7127.91,1,28.8878,168.706,step
2026-09-01T13:13:46.883972+00:00,46.634,-0.1716,0.15,0.0,-0.0791,-0.014,7309.32,1,29.1028,168.726,step
2026-09-01T13:13:46.885305+00:00,46.773,-0.1715,0.15,0.0,-0.0794,-0.014,7328.35,1,29.3177,168.746,step
2026-09-01T13:13:46.886510+00:00,46.912,-0.1715,0.15,0.0,-0.0797,-0.0142,7344.97,1,29.5394,168.766,step
2026-09-01T13:13:46.887689+00:00,47.05,-0.1715,0.0,0.15,-0.08,-0.0143,7365.49,1,29.7677,168.786,step
2026-09-01T13:13:46.888941+00:00,46.693,-0.1713,0.15,0.0,-0.0803,-0.0143,7130.97,1,30.0246,168.806,step
2026-09-01T13:13:46.890138+00:00,46.638,-0.1712,0.15,0.0,-0.0805,-0.0143,7308.38,1,30.3004,168.826,step
2026-09-01T13:13:46.891383+00:00,46.776,-0.1711,0.15,0.0,-0.0808,-0.0144,7328.49,1,30.5779,168.846,step
2026-09-01T13:13:46.892637+00:00,46.914,-0.1711,0.15,0.0,-0.0811,-0.0145,7348.97,1,30.8667,168.866,step
2026-09-01T13:13:46.894083+00:00,47.052,-0.1711,0.0,0.15,-0.0813,-0.0147,7369.9,1,31.1689,168.886,step
2026-09-01T13:13:46.895310+00:00,46.7,-0.1709,0.15,0.0,-0.0816,-0.0147,7127.92,1,31.5048,168.906,step
2026-09-01T13:13:46.896481+00:00,46.641,-0.1708,0.15,0.0,-0.0818,-0.0146,7311.16,1,31.8637,168.926,step
2026-09-01T13:13:46.897777+00:00,46.779,-0.1707,0.15,0.0,-0.0821,-0.0147,7329.87,1,32.2271,168.946,step
2026-09-01T13:13:46.899078+00:00,46.917,-0.1706,0.15,0.0,-0.0823,-0.0148,7349.56,1,32.6093,168.966,step
2026-09-01T13:13:46.900342+00:00,47.054,-0.1706,0.0,0.15,-0.0826,-0.0149,7369.23,1,33.0094,168.986,step
2026-09-01T13:13:46.901593+00:00,46.697,-0.1705,0.15,0.0,-0.0828,-0.0148,7129.86,1,33.4513,169.006,step
2026-09-01T13:13:46.902970+00:00,46.643,-0.1703,0.15,0.0,-0.0831,-0.0148,7308.47,1,33.9195,169.026,step
2026-09-01T13:13:46.904243+00:00,46.781,-0.1703,0.15,0.0,-0.0833,-0.0149,7327.71,1,34.391,169.046,step
2026-09-01T13:13:46.905512+00:00,46.918,-0.1703,0.15,0.0,-0.0835,-0.0151,7347.77,1,34.8822,169.066,step
2026-09-01T13:13:46.906770+00:00,47.054,-0.1704,0.0,0.15,-0.0838,-0.0153,7367.97,1,35.3969,169.086,step
2026-09-01T13:13:46.908113+00:00,46.7,-0.1703,0.15,0.0,-0.084,-0.0154,7129.38,1,35.9652,169.106,step
2026-09-01T13:13:46.909392+00:00,46.643,-0.1702,0.15,0.0,-0.0842,-0.0154,7308.13,1,36.5739,169.126,step
2026-09-01T13:13:46.910705+00:00,46.779,-0.1703,0.15,0.0,-0.0843,-0.0156,7326.88,1,37.1947,169.146,step
2026-09-01T13:13:46.911957+00:00,46.915,-0.1703,0.15,0.0,-0.0845,-0.0158,7346.58,1,37.8459,169.166,step
2026-09-01T13:13:46.913186+00:00,47.052,-0.1705,0.0,0.15,-0.0847,-0.016,7363.09,1,38.5279,169.186,step
2026-09-01T13:13:46.914526+00:00,46.69,-0.1705,0.15,0.0,-0.0849,-0.0161,7133.08,1,39.2827,169.206,step
2026-09-01T13:13:46.915791+00:00,46.638,-0.1704,0.15,0.0,-0.0851,-0.0162,7304.35,1,40.0956,169.226,step
2026-09-01T13:13:46.917040+00:00,46.773,-0.1705,0.15,0.0,-0.0852,-0.0163,7324.86,1,40.9317,169.246,step
2026-09-01T13:13:46.918264+00:00,46.909,-0.1705,0.15,0.0,-0.0854,-0.0165,7345.42,1,41.8156,169.266,step
2026-09-01T13:13:46.919607+00:00,47.044,-0.1706,0.0,0.15,-0.0856,-0.0168,7366.24,1,42.7585,169.286,step
2026-09-01T13:13:46.920803+00:00,46.688,-0.1706,0.15,0.0,-0.0857,-0.0168,7126.31,1,43.808,169.306,step
2026-09-01T13:13:46.922051+00:00,46.63,-0.1705,0.15,0.0,-0.0858,-0.0168,7307.29,1,44.9438,169.326,step
2026-09-01T13:13:46.923257+00:00,46.766,0.0295,0.8,0.0,-0.086,-0.0169,7325.55,1,46.1218,169.346,step
2026-09-01T13:13:46.924462+00:00,47.356,0.0279,0.8,0.0,-0.0859,-0.0188,8767.88,1,46.8259,169.366,step
2026-09-01T13:13:46.925709+00:00,48.152,0.0235,0.8,0.0,-0.0853,-0.0239,10075.4,1,46.5518,169.386,step
2026-09-01T13:13:46.927082+00:00,49.011,0.018,0.8,0.0,-0.0844,-0.0302,11293.1,1,45.9361,169.406,step
2026-09-01T13:13:46.928327+00:00,49.916,0.0121,0.8,0.0,-0.0831,-0.0368,12392.2,1,45.2497,169.426,step
2026-09-01T13:13:46.929559+00:00,50.851,-0.1941,0.0,0.15,-0.0815,-0.0435,13422.8,2,44.5711,169.446,step
2026-09-01T13:13:46.930880+00:00,51.627,-0.1993,0.0,0.15,-0.0798,-0.049,9562.03,2,44.287,169.466,step
2026-09-01T13:13:46.932078+00:00,52.187,-0.2025,0.0,0.15,-0.0779,-0.0518,9536.59,2,44.8007,169.486,step
2026-09-01T13:13:46.933314+00:00,51.755,-0.0046,0.8,0.0,-0.0761,-0.0533,5897.19,2,45.7596,169.506,step
2026-09-01T13:13:46.934500+00:00,51.975,-0.0072,0.8,0.0,-0.0741,-0.0553,6426.19,2,46.6032,169.526,step
2026-09-01T13:13:46.935834+00:00,52.609,-0.012,0.8,0.0,-0.0717,-0.0598,6568.83,2,46.6692,169.546,step
2026-09-01T13:13:46.937182+00:00,53.294,-0.0175,0.8,0.0,-0.0689,-0.065,6642.13,2,46.5246,169.566,step
2026-09-01T13:13:46.938389+00:00,54.022,-0.0233,0.8,0.0,-0.0657,-0.0702,6647.24,2,46.3918,169.586,step
2026-09-01T13:13:46.939616+00:00,54.727,-0.0291,0.8,0.0,-0.0622,-0.0752,6694.88,2,46.3223,169.606,step
2026-09-01T13:13:46.940880+00:00,55.42,-0.0349,0.8,0.0,-0.0585,-0.0802,6778.54,2,46.3178,169.626,step
2026-09-01T13:13:46.942109+00:00,56.111,-0.0408,0.8,0.0,-0.0544,-0.085,6883.38,2,46.3828,169.646,step
2026-09-01T13:13:46.943415+00:00,56.803,-0.0466,0.8,0.0,-0.0501,-0.0896,7007.93,2,46.5234,169.666,step
2026-09-01T13:13:46.944600+00:00,57.506,-0.0525,0.8,0.0,-0.0454,-0.094,7140.61,2,46.752,169.686,step
2026-09-01T13:13:46.945776+00:00,58.222,-0.0584,0.8,0.0,-0.0405,-0.0983,7274.71,2,47.0811,169.706,step
2026-09-01T13:13:46.946979+00:00,58.954,-0.0642,0.8,0.0,-0.0353,-0.1023,7407.74,2,47.5203,169.726,step
2026-09-01T13:13:46.948189+00:00,59.701,-0.07,0.8,0.0,-0.0298,-0.1061,7537.53,2,48.0961,169.746,step
2026-09-01T13:13:46.949420+00:00,60.464,-0.0757,0.8,0.0,-0.0241,-0.1096,7666.12,2,48.8257,169.766,step
2026-09-01T13:13:46.950633+00:00,61.239,-0.0813,0.8,0.0,-0.018,-0.1129,7797.75,2,49.7213,169.786,step
2026-09-01T13:13:46.951936+00:00,62.026,-0.0869,0.8,0.0,-0.0117,-0.1159,7934.16,2,50.7973,169.806,step
2026-09-01T13:13:46.953114+00:00,62.824,-0.0903,0.8,0.0,-0.0052,-0.1161,8078.2,2,52.082,169.826,step
2026-09-01T13:13:46.954265+00:00,63.632,-0.0903,0.8,0.0,0.0013,-0.112,8233.45,2,53.5983,169.846,step
2026-09-01T13:13:46.955358+00:00,64.45,-0.09,0.8,0.0,0.0076,-0.1078,8403.77,2,55.3493,169.866,step
2026-09-01T13:13:46.956466+00:00,65.276,-0.0896,0.8,0.0,0.0139,-0.1033,8593.14,2,57.3528,169.886,step
2026-09-01T13:13:46.957560+00:00,66.136,-0.089,0.8,0.0,0.02,-0.0988,8756.63,2,59.6384,169.906,step
2026-09-01T13:13:46.958702+00:00,67.024,-0.0882,0.8,0.0,0.0259,-0.094,8899.71,2,62.2517,169.926,step
2026-09-01T13:13:46.959882+00:00,67.908,-0.0872,0.8,0.0,0.0317,-0.0891,9081.14,2,65.2582,169.946,step
2026-09-01T13:13:46.961044+00:00,68.779,-0.086,0.8,0.0,0.0374,-0.0841,9325.84,2,68.7646,169.966,step
2026-09-01T13:13:46.962123+00:00,69.64,-0.0845,0.8,0.0,0.0428,-0.0788,9629.49,2,72.9432,169.986,step
2026-09-01T13:13:46.963192+00:00,70.499,-0.0827,0.8,0.0,0.0481,-0.0733,9935.59,2,78.0239,170.006,step
2026-09-01T13:13:46.964309+00:00,71.359,-0.0805,0.8,0.0,0.0532,-0.0674,10232.4,2,84.3372,170.026,step
2026-09-01T13:13:46.965381+00:00,72.224,-0.078,0.8,0.0,0.0581,-0.0612,10515.4,2,92.3688,170.046,step
2026-09-01T13:13:46.966490+00:00,73.094,-0.0752,0.8,0.0,0.0628,-0.0547,10782.9,2,102.844,170.066,step
2026-09-01T13:13:46.967728+00:00,73.968,-0.0719,0.8,0.0,0.0673,-0.0479,11037.4,2,116.972,170.086,step
2026-09-01T13:13:46.969011+00:00,74.845,-0.0683,0.8,0.0,0.0716,-0.0407,11279.1,2,136.975,170.106,step
2026-09-01T13:13:46.970229+00:00,75.725,-0.0643,0.8,0.0,0.0756,-0.0332,11508.2,2,167.282,170.126,step
2026-09-01T13:13:46.971439+00:00,76.606,-0.0599,0.8,0.0,0.0793,-0.0253,11725.8,2,200.0,170.146,step
2026-09-01T13:13:46.972632+00:00,77.489,-0.055,0.8,0.0,0.0827,-0.0171,11932.7,2,200.0,170.166,step
2026-09-01T13:13:46.973884+00:00,78.372,-0.0497,0.8,0.0,0.0858,-0.0084,12130.1,2,200.0,170.186,step
2026-09-01T13:13:46.975094+00:00,79.255,-0.0438,0.8,0.0,0.0886,0.0006,12320.9,2,200.0,170.206,step
2026-09-01T13:13:46.976384+00:00,80.134,-0.0376,0.8,0.0,0.091,0.0099,12507.8,3,200.0,170.226,step
2026-09-01T13:13:46.977810+00:00,80.989,-0.031,0.8,0.0,0.093,0.0194,9891.15,3,200.0,170.246,step
2026-09-01T13:13:46.979097+00:00,81.619,-0.0251,0.8,0.0,0.0944,0.0277,9894.5,3,200.0,170.266,step
2026-09-01T13:13:46.980374+00:00,81.689,-0.0212,0.8,0.0,0.095,0.0328,7482.03,3,200.0,170.286,step
2026-09-01T13:13:46.981618+00:00,82.001,-0.0187,0.8,0.0,0.0947,0.0358,7925.43,3,183.516,170.306,step
2026-09-01T13:13:46.982835+00:00,82.586,-0.0163,0.8,0.0,0.0937,0.0382,8045.08,3,171.654,170.326,step
2026-09-01T13:13:46.984034+00:00,83.221,-0.0138,0.8,0.0,0.0922,0.0404,8104.34,3,162.159,170.346,step
2026-09-01T13:13:46.985253+00:00,83.874,-0.0113,0.8,0.0,0.0902,0.0423,8147.68,3,154.839,170.366,step
2026-09-01T13:13:46.986587+00:00,84.532,-0.009,0.8,0.0,0.0878,0.0437,8188.65,3,149.402,170.386,step
2026-09-01T13:13:46.987767+00:00,85.192,-0.0067,0.8,0.0,0.0851,0.0448,8233.69,3,145.455,170.406,step
2026-09-01T13:13:46.988928+00:00,85.85,-0.0046,0.8,0.0,0.0821,0.0456,8285.88,3,142.582,170.426,step
2026-09-01T13:13:46.990101+00:00,86.509,-0.0026,0.8,0.0,0.0789,0.0461,8345.13,3,140.458,170.446,step
2026-09-01T13:13:46.991265+00:00,87.169,-0.0006,0.8,0.0,0.0755,0.0465,8410.06,3,138.866,170.466,step
2026-09-01T13:13:46.992470+00:00,87.831,0.0014,0.8,0.0,0.072,0.0467,8478.68,3,137.683,170.486,step
2026-09-01T13:13:46.993780+00:00,88.498,0.0033,0.8,0.0,0.0684,0.0469,8548.7,3,136.84,170.506,step
2026-09-01T13:13:46.994994+00:00,89.17,0.0052,0.8,0.0,0.0647,0.0469,8618.94,3,136.331,170.526,step
2026-09-01T13:13:46.996198+00:00,89.848,0.007,0.8,0.0,0.0609,0.0468,8689.28,3,136.163,170.546,step
2026-09-01T13:13:46.997386+00:00,90.531,0.0087,0.8,0.0,0.057,0.0465,8759.98,3,136.351,170.566,step
2026-09-01T13:13:46.998560+00:00,91.219,0.0104,0.8,0.0,0.0532,0.0462,8831.35,3,136.903,170.586,step
2026-09-01T13:13:46.999725+00:00,91.916,0.0119,0.8,0.0,0.0493,0.0457,8898.3,3,137.77,170.606,step
2026-09-01T13:13:47.000975+00:00,92.627,0.0134,0.8,0.0,0.0454,0.0452,8950.23,3,138.953,170.626,step
2026-09-01T13:13:47.002272+00:00,93.332,0.0149,0.8,0.0,0.0415,0.0445,9017.97,3,140.46,170.646,step
2026-09-01T13:13:47.003554+00:00,94.035,0.0162,0.8,0.0,0.0376,0.0438,9096.11,3,142.331,170.666,step
2026-09-01T13:13:47.004743+00:00,94.739,0.0175,0.8,0.0,0.0337,0.0429,9182.45,3,144.607,170.686,step
2026-09-01T13:13:47.006034+00:00,95.45,0.0186,0.15,0.0,0.0299,0.042,9269.84,3,147.303,170.706,step
2026-09-01T13:13:47.007189+00:00,95.794,0.0197,0.15,0.0,0.0262,0.041,8784.33,3,150.329,170.726,step
2026-09-01T13:13:47.008410+00:00,95.814,0.0207,0.15,0.0,0.0225,0.04,8785.46,3,153.53,170.746,step
2026-09-01T13:13:47.009664+00:00,95.836,0.0217,0.15,0.0,0.0189,0.0389,8788.48,3,157.239,170.766,step
2026-09-01T13:13:47.011004+00:00,95.858,0.0225,0.15,0.0,0.0154,0.0377,8790.85,3,161.607,170.786,step
2026-09-01T13:13:47.012237+00:00,95.879,0.0231,0.15,0.0,0.0121,0.0364,8792.69,3,166.634,170.806,step
2026-09-01T13:13:47.013573+00:00,95.901,0.0237,0.15,0.0,0.0088,0.0351,8794.31,3,172.361,170.826,step
2026-09-01T13:13:47.014808+00:00,95.922,0.0241,0.15,0.0,0.0057,0.0337,8795.95,3,178.858,170.846,step
2026-09-01T13:13:47.015975+00:00,95.943,0.0245,0.15,0.0,0.0027,0.0323,8797.71,3,186.094,170.866,step
2026-09-01T13:13:47.017198+00:00,95.964,0.0248,0.15,0.0,-0.0002,0.0309,8799.52,3,194.156,170.886,step
2026-09-01T13:13:47.018483+00:00,95.985,0.025,0.15,0.0,-0.003,0.0295,8800.38,3,200.0,170.906,step
2026-09-01T13:13:47.019814+00:00,96.006,0.0252,0.15,0.0,-0.0056,0.028,8801.98,3,200.0,170.926,step
2026-09-01T13:13:47.021000+00:00,96.026,0.0253,0.15,0.0,-0.0081,0.0266,8804.09,3,200.0,170.946,step
2026-09-01T13:13:47.022195+00:00,96.046,0.0254,0.15,0.0,-0.0105,0.0252,8806.56,3,200.0,170.966,step
2026-09-01T13:13:47.023400+00:00,96.066,0.0254,0.15,0.0,-0.0127,0.0238,8808.89,3,200.0,170.986,step
2026-09-01T13:13:47.024610+00:00,96.086,0.0253,0.15,0.0,-0.0149,0.0223,8811.0,3,200.0,171.006,step
2026-09-01T13:13:47.025819+00:00,96.107,0.0251,0.15,0.0,-0.0169,0.0209,8812.95,3,200.0,171.026,step
2026-09-01T13:13:47.027159+00:00,96.127,0.0249,0.15,0.0,-0.0188,0.0194,8814.79,3,200.0,171.046,step
2026-09-01T13:13:47.028452+00:00,96.147,0.0246,0.15,0.0,-0.0205,0.018,8816.57,3,200.0,171.066,step
2026-09-01T13:13:47.029689+00:00,96.167,0.0243,0.15,0.0,-0.0221,0.0165,8818.31,3,200.0,171.086,step
2026-09-01T13:13:47.030895+00:00,96.187,0.0239,0.15,0.0,-0.0236,0.0151,8820.02,3,200.0,171.106,step
2026-09-01T13:13:47.032109+00:00,96.207,0.0234,0.15,0.0,-0.025,0.0137,8821.72,3,200.0,171.126,step
2026-09-01T13:13:47.033285+00:00,96.226,0.0229,0.15,0.0,-0.0263,0.0123,8823.43,3,200.0,171.146,step
2026-09-01T13:13:47.034553+00:00,96.246,0.0224,0.15,0.0,-0.0274,0.0109,8825.17,3,200.0,171.166,step
2026-09-01T13:13:47.035889+00:00,96.265,0.0219,0.15,0.0,-0.0284,0.0096,8826.95,3,200.0,171.186,step
2026-09-01T13:13:47.037091+00:00,96.285,0.0213,0.15,0.0,-0.0293,0.0083,8827.69,3,200.0,171.206,step
2026-09-01T13:13:47.038300+00:00,96.304,0.0207,0.15,0.0,-0.03,0.0071,8829.49,3,200.0,171.226,step
2026-09-01T13:13:47.039507+00:00,96.323,0.02,0.15,0.0,-0.0307,0.0059,8831.59,3,200.0,171.246,step
2026-09-01T13:13:47.040706+00:00,96.341,0.0194,0.15,0.0,-0.0313,0.0047,8833.82,3,200.0,171.266,step
2026-09-01T13:13:47.041956+00:00,96.36,0.0187,0.15,0.0,-0.0317,0.0036,8835.84,3,200.0,171.286,step
2026-09-01T13:13:47.043288+00:00,96.379,0.018,0.15,0.0,-0.0321,0.0025,8837.73,3,200.0,171.306,step
2026-09-01T13:13:47.044663+00:00,96.398,0.0173,0.15,0.0,-0.0323,0.0014,8839.5,3,200.0,171.326,step
2026-09-01T13:13:47.045896+00:00,96.418,0.0165,0.15,0.0,-0.0325,0.0004,8841.21,3,200.0,171.346,step
2026-09-01T13:13:47.047110+00:00,96.437,0.0158,0.15,0.0,-0.0325,-0.0006,8842.9,3,200.0,171.366,step
2026-09-01T13:13:47.048364+00:00,96.456,0.015,0.15,0.0,-0.0325,-0.0016,8844.54,3,200.0,171.386,step
2026-09-01T13:13:47.049644+00:00,96.474,0.0142,0.15,0.0,-0.0324,-0.0025,8846.17,3,200.0,171.406,step
2026-09-01T13:13:47.050923+00:00,96.493,0.0135,0.15,0.0,-0.0322,-0.0033,8847.81,3,200.0,171.426,step
2026-09-01T13:13:47.052268+00:00,96.511,0.0127,0.15,0.0,-0.032,-0.0041,8849.47,3,200.0,171.446,step
2026-09-01T13:13:47.053480+00:00,96.53,0.012,0.15,0.0,-0.0317,-0.0048,8851.15,3,200.0,171.466,step
2026-09-01T13:13:47.054695+00:00,96.549,0.0112,0.15,0.0,-0.0313,-0.0055,8852.49,3,200.0,171.486,step
2026-09-01T13:13:47.056007+00:00,96.567,0.0105,0.15,0.0,-0.0308,-0.0062,8853.64,3,200.0,171.506,step
2026-09-01T13:13:47.057268+00:00,96.585,0.0097,0.15,0.0,-0.0303,-0.0068,8855.47,3,200.0,171.526,step
2026-09-01T13:13:47.058509+00:00,96.603,0.009,0.15,0.0,-0.0298,-0.0073,8857.55,3,200.0,171.546,step
2026-09-01T13:13:47.059765+00:00,96.621,0.0083,0.15,0.0,-0.0291,-0.0079,8859.57,3,200.0,171.566,step
2026-09-01T13:13:47.061127+00:00,96.64,0.0076,0.15,0.0,-0.0285,-0.0084,8861.42,3,200.0,171.586,step
2026-09-01T13:13:47.062375+00:00,96.658,0.0068,0.15,0.0,-0.0278,-0.0088,8863.15,3,200.0,171.606,step
2026-09-01T13:13:47.063638+00:00,96.676,0.0061,0.15,0.0,-0.027,-0.0093,8864.82,3,200.0,171.626,step
2026-09-01T13:13:47.064906+00:00,96.694,0.0054,0.15,0.0,-0.0263,-0.0096,8866.46,3,200.0,171.646,step
2026-09-01T13:13:47.066199+00:00,96.713,0.0047,0.15,0.0,-0.0254,-0.01,8868.08,3,200.0,171.666,step
2026-09-01T13:13:47.067537+00:00,96.731,0.0041,0.15,0.0,-0.0246,-0.0103,8869.65,3,200.0,171.686,step
2026-09-01T13:13:47.068909+00:00,96.749,0.0034,0.15,0.0,-0.0237,-0.0105,8871.23,3,200.0,171.706,step
2026-09-01T13:13:47.070175+00:00,96.766,0.0028,0.15,0.0,-0.0228,-0.0108,8872.82,3,199.836,171.726,step
2026-09-01T13:13:47.071390+00:00,96.784,0.0022,0.15,0.0,-0.0219,-0.0109,8874.42,3,199.331,171.746,step
2026-09-01T13:13:47.072736+00:00,96.802,0.0016,0.15,0.0,-0.021,-0.0111,8876.05,3,198.82,171.766,step
2026-09-01T13:13:47.074035+00:00,96.82,0.0011,0.15,0.0,-0.0201,-0.0112,8876.98,3,198.303,171.786,step
2026-09-01T13:13:47.075287+00:00,96.837,0.0005,0.15,0.0,-0.0191,-0.0113,8878.57,3,197.782,171.806,step
2026-09-01T13:13:47.076557+00:00,96.855,0.0,0.15,0.0,-0.0181,-0.0113,8880.38,3,197.255,171.826,step
2026-09-01T13:13:47.077844+00:00,96.872,-0.0005,0.15,0.0,-0.0172,-0.0114,8882.32,3,196.722,171.846,step
2026-09-01T13:13:47.079035+00:00,96.889,-0.001,0.15,0.0,-0.0162,-0.0114,8884.16,3,196.181,171.866,step
2026-09-01T13:13:47.080222+00:00,96.907,-0.0014,0.15,0.0,-0.0153,-0.0113,8885.86,3,195.634,171.886,step
2026-09-01T13:13:47.081401+00:00,96.924,-0.0019,0.15,0.0,-0.0143,-0.0113,8887.49,3,195.085,171.906,step
2026-09-01T13:13:47.082588+00:00,96.942,-0.0023,0.15,0.0,-0.0133,-0.0112,8889.05,3,194.531,171.926,step
2026-09-01T13:13:47.083791+00:00,96.959,-0.0027,0.15,0.0,-0.0124,-0.0111,8890.62,3,193.972,171.946,step
2026-09-01T13:13:47.085018+00:00,96.976,-0.003,0.15,0.0,-0.0115,-0.0109,8892.17,3,193.407,171.966,step
2026-09-01T13:13:47.086322+00:00,96.993,-0.0033,0.15,0.0,-0.0105,-0.0108,8893.67,3,192.838,171.986,step
2026-09-01T13:13:47.087562+00:00,97.011,-0.0037,0.15,0.0,-0.0096,-0.0106,8895.2,3,192.268,172.006,step
2026-09-01T13:13:47.088800+00:00,97.028,-0.004,0.15,0.0,-0.0087,-0.0104,8896.74,3,191.693,172.026,step
2026-09-01T13:13:47.090015+00:00,97.045,-0.0042,0.15,0.0,-0.0078,-0.0102,8898.29,3,191.114,172.046,step
2026-09-01T13:13:47.091257+00:00,97.062,-0.0045,0.15,0.0,-0.007,-0.0099,8899.69,3,190.533,172.066,step
2026-09-01T13:13:47.092511+00:00,97.079,-0.0047,0.15,0.0,-0.0061,-0.0097,8900.8,3,189.953,172.086,step
2026-09-01T13:13:47.093883+00:00,97.095,-0.0049,0.15,0.0,-0.0053,-0.0095,8902.42,3,189.368,172.106,step
2026-09-01T13:13:47.095087+00:00,97.112,-0.0051,0.15,0.0,-0.0045,-0.0092,8904.2,3,188.78,172.126,step
2026-09-01T13:13:47.096289+00:00,97.129,-0.0053,0.15,0.0,-0.0037,-0.0089,8905.97,3,188.189,172.146,step
2026-09-01T13:13:47.097646+00:00,97.145,-0.0054,0.15,0.0,-0.003,-0.0087,8907.62,3,187.598,172.166,step
2026-09-01T13:13:47.098935+00:00,97.162,-0.0056,0.15,0.0,-0.0023,-0.0084,8909.19,3,187.006,172.186,step
2026-09-01T13:13:47.100140+00:00,97.179,-0.0057,0.15,0.0,-0.0016,-0.0081,8910.72,3,186.409,172.206,step
2026-09-01T13:13:47.101393+00:00,97.195,-0.0058,0.15,0.0,-0.0009,-0.0078,8912.23,3,185.808,172.226,step
2026-09-01T13:13:47.102772+00:00,97.212,-0.0058,0.15,0.0,-0.0002,-0.0074,8913.71,3,185.205,172.246,step
2026-09-01T13:13:47.103995+00:00,97.229,-0.0059,0.15,0.0,0.0004,-0.0071,8915.18,3,184.6,172.266,step
2026-09-01T13:13:47.105216+00:00,97.245,-0.0059,0.15,0.0,0.001,-0.0067,8916.65,3,183.995,172.286,step
2026-09-01T13:13:47.106418+00:00,97.261,-0.0059,0.15,0.0,0.0015,-0.0064,8918.11,3,183.389,172.306,step
2026-09-01T13:13:47.107625+00:00,97.278,-0.0059,0.15,0.0,0.0021,-0.006,8919.59,3,182.783,172.326,step
2026-09-01T13:13:47.108844+00:00,97.294,-0.0058,0.15,0.0,0.0026,-0.0057,8921.09,3,182.176,172.346,step
2026-09-01T13:13:47.110060+00:00,97.311,-0.0058,0.15,0.0,0.003,-0.0053,8922.15,3,181.57,172.366,step
2026-09-01T13:13:47.111439+00:00,97.327,-0.0057,0.15,0.0,0.0035,-0.005,8923.63,3,180.963,172.386,step
2026-09-01T13:13:47.112633+00:00,97.343,-0.0057,0.15,0.0,0.0039,-0.0047,8925.23,3,180.356,172.406,step
2026-09-01T13:13:47.113820+00:00,97.359,-0.0056,0.15,0.0,0.0043,-0.0043,8926.9,3,179.749,172.426,step
2026-09-01T13:13:47.114967+00:00,97.375,-0.0055,0.15,0.0,0.0046,-0.004,8928.5,3,179.141,172.446,step
2026-09-01T13:13:47.116144+00:00,97.391,-0.0054,0.15,0.0,0.0049,-0.0037,8930.04,3,178.537,172.466,step
2026-09-01T13:13:47.117421+00:00,97.407,-0.0053,0.15,0.0,0.0052,-0.0034,8931.51,3,177.938,172.486,step
2026-09-01T13:13:47.118685+00:00,97.423,-0.0052,0.15,0.0,0.0055,-0.0031,8932.97,3,177.34,172.506,step
2026-09-01T13:13:47.119943+00:00,97.439,-0.0051,0.15,0.0,0.0057,-0.0028,8934.41,3,176.744,172.526,step
2026-09-01T13:13:47.121179+00:00,97.455,-0.005,0.15,0.0,0.0059,-0.0025,8935.84,3,176.147,172.546,step
2026-09-01T13:13:47.122424+00:00,97.471,-0.0048,0.15,0.0,0.0061,-0.0022,8937.26,3,175.55,172.566,step
2026-09-01T13:13:47.123629+00:00,97.487,-0.0047,0.15,0.0,0.0063,-0.0019,8938.69,3,174.953,172.586,step
2026-09-01T13:13:47.124890+00:00,97.503,-0.0045,0.15,0.0,0.0064,-0.0017,8940.11,3,174.355,172.606,step
2026-09-01T13:13:47.126148+00:00,97.519,-0.0044,0.15,0.0,0.0065,-0.0014,8941.55,3,173.758,172.626,step
2026-09-01T13:13:47.127416+00:00,97.534,-0.0042,0.15,0.0,0.0066,-0.0011,8942.85,3,173.164,172.646,step
2026-09-01T13:13:47.128595+00:00,97.55,-0.004,0.15,0.0,0.0067,-0.0009,8944.14,3,172.576,172.666,step
2026-09-01T13:13:47.129796+00:00,97.566,-0.0039,0.15,0.0,0.0067,-0.0007,8945.62,3,171.989,172.686,step
2026-09-01T13:13:47.131059+00:00,97.581,-0.0037,0.15,0.0,0.0067,-0.0004,8947.16,3,171.403,172.706,step
2026-09-01T13:13:47.132282+00:00,97.597,-0.0035,0.15,0.0,0.0067,-0.0002,8948.66,3,170.817,172.726,step
2026-09-01T13:13:47.133528+00:00,97.612,-0.0034,0.15,0.0,0.0067,0.0,8950.15,3,170.229,172.746,step
2026-09-01T13:13:47.134780+00:00,97.628,-0.0032,0.15,0.0,0.0067,0.0002,8951.57,3,169.647,172.766,step
2026-09-01T13:13:47.136103+00:00,97.643,-0.003,0.15,0.0,0.0066,0.0004,8952.99,3,169.068,172.786,step
2026-09-01T13:13:47.137332+00:00,97.659,-0.0028,0.15,0.0,0.0066,0.0006,8954.38,3,168.49,172.806,step
2026-09-01T13:13:47.138611+00:00,97.674,-0.0027,0.15,0.0,0.0065,0.0007,8955.78,3,167.912,172.826,step
2026-09-01T13:13:47.139864+00:00,97.69,-0.0025,0.15,0.0,0.0064,0.0009,8957.18,3,167.334,172.846,step
2026-09-01T13:13:47.141137+00:00,97.705,-0.0023,0.15,0.0,0.0063,0.0011,8958.56,3,166.761,172.866,step
2026-09-01T13:13:47.142365+00:00,97.721,-0.0021,0.15,0.0,0.0062,0.0012,8959.94,3,166.192,172.886,step
2026-09-01T13:13:47.143587+00:00,97.736,-0.002,0.15,0.0,0.006,0.0013,8961.32,3,165.625,172.906,step
2026-09-01T13:13:47.144978+00:00,97.751,-0.0018,0.15,0.0,0.0059,0.0014,8962.72,3,165.059,172.926,step
2026-09-01T13:13:47.146175+00:00,97.766,-0.0016,0.15,0.0,0.0058,0.0016,8964.0,3,164.492,172.946,step
2026-09-01T13:13:47.147368+00:00,97.781,-0.0015,0.15,0.0,0.0056,0.0017,8965.38,3,163.925,172.966,step
2026-09-01T13:13:47.148515+00:00,97.797,-0.0013,0.15,0.0,0.0054,0.0018,8966.81,3,163.363,172.986,step
2026-09-01T13:13:47.149669+00:00,97.812,-0.0011,0.15,0.0,0.0052,0.0018,8968.22,3,162.805,173.006,step
2026-09-01T13:13:47.150922+00:00,97.827,-0.001,0.15,0.0,0.005,0.0019,8969.63,3,162.248,173.026,step
2026-09-01T13:13:47.152281+00:00,97.842,-0.0009,0.15,0.0,0.0049,0.002,8971.02,3,161.692,173.046,step
2026-09-01T13:13:47.153480+00:00,97.857,-0.0007,0.15,0.0,0.0047,0.002,8972.4,3,161.136,173.066,step
2026-09-01T13:13:47.154700+00:00,97.872,-0.0006,0.15,0.0,0.0045,0.0021,8973.76,3,160.58,173.086,step
2026-09-01T13:13:47.156002+00:00,97.887,-0.0004,0.15,0.0,0.0042,0.0022,8975.13,3,160.024,173.106,step
2026-09-01T13:13:47.157198+00:00,97.902,-0.0003,0.15,0.0,0.004,0.0022,8976.47,3,159.472,173.126,step
2026-09-01T13:13:47.158427+00:00,97.917,-0.0001,0.15,0.0,0.0038,0.0022,8977.85,3,158.925,173.146,step
2026-09-01T13:13:47.159736+00:00,97.932,-0.0,0.15,0.0,0.0036,0.0022,8979.19,3,158.38,173.166,step
2026-09-01T13:13:47.160964+00:00,97.947,0.0001,0.15,0.0,0.0034,0.0022,8980.55,3,157.836,173.186,step
2026-09-01T13:13:47.162199+00:00,97.962,0.0002,0.15,0.0,0.0032,0.0022,8981.9,3,157.292,173.206,step
2026-09-01T13:13:47.163447+00:00,97.976,0.0003,0.15,0.0,0.0029,0.0022,8983.32,3,156.748,173.226,step
2026-09-01T13:13:47.164628+00:00,97.991,0.0004,0.15,0.0,0.0027,0.0022,8984.64,3,156.203,173.246,step
2026-09-01T13:13:47.165805+00:00,98.006,0.0005,0.15,0.0,0.0025,0.0022,8985.98,3,155.659,173.266,step
2026-09-01T13:13:47.167030+00:00,98.021,0.0006,0.15,0.0,0.0023,0.0022,8987.29,3,155.119,173.286,step
2026-09-01T13:13:47.168262+00:00,98.035,0.0007,0.15,0.0,0.0021,0.0021,8988.64,3,154.584,173.306,step
2026-09-01T13:13:47.169584+00:00,98.05,0.0007,0.15,0.0,0.0019,0.0021,8989.96,3,154.05,173.326,step
2026-09-01T13:13:47.170769+00:00,98.065,0.0008,0.15,0.0,0.0017,0.002,8991.29,3,153.515,173.346,step
2026-09-01T13:13:47.171984+00:00,98.079,0.0008,0.15,0.0,0.0015,0.002,8992.62,3,152.98,173.366,step
2026-09-01T13:13:47.173194+00:00,98.094,0.0009,0.15,0.0,0.0013,0.0019,8993.95,3,152.446,173.386,step
2026-09-01T13:13:47.174505+00:00,98.108,0.0009,0.15,0.0,0.0011,0.0019,8995.28,3,151.911,173.406,step
2026-09-01T13:13:47.175802+00:00,98.123,0.001,0.15,0.0,0.0009,0.0018,8996.62,3,151.376,173.426,step
2026-09-01T13:13:47.177098+00:00,98.138,0.001,0.15,0.0,0.0007,0.0017,8997.96,3,150.841,173.446,step
2026-09-01T13:13:47.178410+00:00,98.152,0.0011,0.15,0.0,0.0006,0.0017,8999.29,3,150.306,173.466,step
2026-09-01T13:13:47.179592+00:00,98.167,0.0011,0.15,0.0,0.0004,0.0016,9000.62,3,149.771,173.486,step
2026-09-01T13:13:47.180786+00:00,98.181,0.0011,0.15,0.0,0.0002,0.0016,9002.01,3,149.236,173.506,step
2026-09-01T13:13:47.181927+00:00,98.196,0.0012,0.15,0.0,0.0001,0.0015,9003.51,3,148.701,173.526,step
2026-09-01T13:13:47.183080+00:00,98.21,0.0012,0.15,0.0,-0.0001,0.0015,9004.72,3,148.165,173.546,step
2026-09-01T13:13:47.184285+00:00,98.225,0.0012,0.15,0.0,-0.0002,0.0014,9005.96,3,147.63,173.566,step
2026-09-01T13:13:47.185584+00:00,98.239,0.0012,0.15,0.0,-0.0003,0.0013,9007.22,3,147.094,173.586,step
2026-09-01T13:13:47.186916+00:00,98.254,0.0013,0.15,0.0,-0.0004,0.0013,9008.49,3,146.558,173.606,step
2026-09-01T13:13:47.188101+00:00,98.268,0.0013,0.15,0.0,-0.0006,0.0012,9009.77,3,146.023,173.626,step
2026-09-01T13:13:47.189361+00:00,98.282,0.0013,0.15,0.0,-0.0007,0.0012,9011.06,3,145.487,173.646,step
2026-09-01T13:13:47.190531+00:00,98.296,0.0013,0.15,0.0,-0.0008,0.0011,9012.37,3,144.951,173.666,step
2026-09-01T13:13:47.191737+00:00,98.311,0.0013,0.15,0.0,-0.0009,0.0011,9013.69,3,144.415,173.686,step
2026-09-01T13:13:47.193027+00:00,98.325,0.0013,0.15,0.0,-0.001,0.001,9015.04,3,143.878,173.706,step
2026-09-01T13:13:47.194407+00:00,98.339,0.0013,0.15,0.0,-0.0011,0.0009,9016.38,3,143.342,173.726,step
2026-09-01T13:13:47.195630+00:00,98.354,0.0013,0.15,0.0,-0.0012,0.0009,9017.68,3,142.805,173.746,step
2026-09-01T13:13:47.196870+00:00,98.368,0.0013,0.15,0.0,-0.0013,0.0008,9019.0,3,142.268,173.766,step
2026-09-01T13:13:47.198076+00:00,98.382,0.0013,0.15,0.0,-0.0014,0.0008,9020.29,3,141.732,173.786,step
2026-09-01T13:13:47.199254+00:00,98.396,0.0013,0.15,0.0,-0.0015,0.0007,9022.09,3,141.195,173.806,step
2026-09-01T13:13:47.200481+00:00,98.411,0.0013,0.15,0.0,-0.0015,0.0007,9023.19,3,140.658,173.826,step
2026-09-01T13:13:47.201717+00:00,98.425,0.0013,0.15,0.0,-0.0016,0.0006,9024.36,3,140.121,173.846,step
2026-09-01T13:13:47.202951+00:00,98.439,0.0013,0.15,0.0,-0.0017,0.0005,9025.54,3,139.584,173.866,step
2026-09-01T13:13:47.204205+00:00,98.454,0.0012,0.15,0.0,-0.0017,0.0005,9026.74,3,139.046,173.886,step
2026-09-01T13:13:47.205394+00:00,98.468,0.0012,0.15,0.0,-0.0018,0.0004,9027.98,3,138.509,173.906,step
2026-09-01T13:13:47.206587+00:00,98.482,0.0012,0.15,0.0,-0.0018,0.0004,9029.23,3,137.972,173.926,step
2026-09-01T13:13:47.207801+00:00,98.496,0.0012,0.15,0.0,-0.0019,0.0003,9030.52,3,137.434,173.946,step
2026-09-01T13:13:47.209041+00:00,98.51,0.0011,0.15,0.0,-0.0019,0.0002,9031.83,3,136.897,173.966,step
2026-09-01T13:13:47.210301+00:00,98.524,0.0011,0.15,0.0,-0.0019,0.0002,9033.17,3,136.359,173.986,step
2026-09-01T13:13:47.211548+00:00,98.538,0.0011,0.15,0.0,-0.0019,0.0001,9034.52,3,135.821,174.006,step
2026-09-01T13:13:47.212776+00:00,98.553,0.001,0.15,0.0,-0.002,0.0001,9035.84,3,135.283,174.026,step
2026-09-01T13:13:47.214037+00:00,98.567,0.001,0.15,0.0,-0.002,-0.0,9037.14,3,134.746,174.046,step
2026-09-01T13:13:47.215275+00:00,98.581,0.0009,0.15,0.0,-0.002,-0.0001,9038.42,3,134.208,174.066,step
2026-09-01T13:13:47.216517+00:00,98.595,0.0009,0.15,0.0,-0.002,-0.0001,9040.45,3,133.671,174.086,step
2026-09-01T13:13:47.217715+00:00,98.609,0.0008,0.15,0.0,-0.002,-0.0002,9041.52,3,133.132,174.106,step
2026-09-01T13:13:47.218911+00:00,98.624,0.0008,0.15,0.0,-0.0019,-0.0003,9042.56,3,132.594,174.126,step
2026-09-01T13:13:47.220099+00:00,98.638,0.0007,0.15,0.0,-0.0019,-0.0003,9043.69,3,132.056,174.146,step
2026-09-01T13:13:47.221282+00:00,98.652,0.0006,0.15,0.0,-0.0019,-0.0004,9044.83,3,131.517,174.166,step
2026-09-01T13:13:47.222491+00:00,98.666,0.0006,0.15,0.0,-0.0018,-0.0004,9046.01,3,130.979,174.186,step
2026-09-01T13:13:47.223643+00:00,98.68,0.0005,0.15,0.0,-0.0018,-0.0005,9047.24,3,130.441,174.206,step
2026-09-01T13:13:47.224808+00:00,98.694,0.0004,0.15,0.0,-0.0017,-0.0006,9048.51,3,129.899,174.226,step
2026-09-01T13:13:47.226011+00:00,98.708,0.0004,0.15,0.0,-0.0017,-0.0006,9049.81,3,129.353,174.246,step
2026-09-01T13:13:47.227294+00:00,98.722,0.0004,0.15,0.0,-0.0017,-0.0006,9051.15,3,128.806,174.266,step
2026-09-01T13:13:47.228537+00:00,98.736,0.0003,0.15,0.0,-0.0016,-0.0006,9052.52,3,128.258,174.286,step
2026-09-01T13:13:47.229779+00:00,98.75,0.0003,0.15,0.0,-0.0016,-0.0006,9053.85,3,127.71,174.306,step
2026-09-01T13:13:47.230960+00:00,98.764,0.0003,0.15,0.0,-0.0015,-0.0006,9055.16,3,127.161,174.326,step
2026-09-01T13:13:47.232097+00:00,98.778,0.0003,0.15,0.0,-0.0015,-0.0006,9056.44,3,126.613,174.346,step
2026-09-01T13:13:47.233320+00:00,98.792,0.0002,0.15,0.0,-0.0014,-0.0006,9058.44,3,126.064,174.366,step
2026-09-01T13:13:47.234527+00:00,98.807,0.0002,0.15,0.0,-0.0014,-0.0006,9059.79,3,125.515,174.386,step
2026-09-01T13:13:47.235900+00:00,98.821,0.0002,0.15,0.0,-0.0013,-0.0006,9060.71,3,124.966,174.406,step
2026-09-01T13:13:47.237067+00:00,98.835,0.0002,0.15,0.0,-0.0013,-0.0006,9061.78,3,124.417,174.426,step
2026-09-01T13:13:47.238204+00:00,98.85,0.0001,0.15,0.0,-0.0012,-0.0006,9062.87,3,123.868,174.446,step
2026-09-01T13:13:47.239363+00:00,98.864,0.0001,0.15,0.0,-0.0012,-0.0006,9064.0,3,123.319,174.466,step
2026-09-01T13:13:47.240482+00:00,98.878,0.0001,0.15,0.0,-0.0011,-0.0006,9065.2,3,122.77,174.486,step
2026-09-01T13:13:47.241675+00:00,98.892,0.0001,0.15,0.0,-0.0011,-0.0006,9066.45,3,122.221,174.506,step
2026-09-01T13:13:47.242926+00:00,98.906,0.0,0.15,0.0,-0.001,-0.0006,9067.75,3,121.671,174.526,step
2026-09-01T13:13:47.244146+00:00,98.919,-0.0,0.15,0.0,-0.0009,-0.0006,9069.09,3,121.122,174.546,step
2026-09-01T13:13:47.245382+00:00,98.933,-0.0,0.15,0.0,-0.0009,-0.0006,9070.46,3,120.572,174.566,step
2026-09-01T13:13:47.246539+00:00,98.947,-0.0001,0.15,0.0,-0.0008,-0.0006,9071.79,3,120.023,174.586,step
2026-09-01T13:13:47.247714+00:00,98.961,-0.0001,0.0,0.15,-0.0008,-0.0006,9073.1,3,119.473,174.606,step
2026-09-01T13:13:47.248875+00:00,98.59,-0.0001,0.0,0.15,-0.0007,-0.0006,8886.65,3,118.922,174.626,step
2026-09-01T13:13:47.250060+00:00,98.013,-0.0001,0.0,0.15,-0.0007,-0.0005,8830.96,3,118.367,174.646,step
2026-09-01T13:13:47.251352+00:00,97.436,-0.0,0.0,0.15,-0.0006,-0.0004,8775.23,3,117.814,174.666,step
2026-09-01T13:13:47.252502+00:00,96.861,0.0,0.0,0.15,-0.0006,-0.0004,8723.8,3,117.262,174.686,step
2026-09-01T13:13:47.253671+00:00,96.288,0.0001,0.0,0.15,-0.0005,-0.0003,8673.5,3,116.714,174.706,step
2026-09-01T13:13:47.254856+00:00,95.719,0.0001,0.0,0.15,-0.0005,-0.0002,8623.66,3,116.168,174.726,step
2026-09-01T13:13:47.255967+00:00,95.153,0.0002,0.0,0.15,-0.0005,-0.0001,8573.9,3,115.626,174.746,step
2026-09-01T13:13:47.257112+00:00,94.588,0.0002,0.0,0.15,-0.0004,0.0,8524.07,3,115.088,174.766,step
2026-09-01T13:13:47.258246+00:00,94.026,0.0003,0.0,0.15,-0.0004,0.0001,8474.16,3,114.552,174.786,step
2026-09-01T13:13:47.259404+00:00,93.467,0.0003,0.0,0.15,-0.0004,0.0002,8424.25,3,114.021,174.806,step
2026-09-01T13:13:47.260596+00:00,92.909,0.0004,0.0,0.15,-0.0004,0.0003,8374.39,3,113.492,174.826,step
2026-09-01T13:13:47.261835+00:00,92.354,0.0005,0.0,0.15,-0.0004,0.0003,8324.65,3,112.968,174.846,step
2026-09-01T13:13:47.263027+00:00,91.8,0.0005,0.15,0.0,-0.0004,0.0004,8275.02,3,112.446,174.866,step
2026-09-01T13:13:47.264213+00:00,91.634,0.0006,0.15,0.0,-0.0004,0.0004,8407.09,3,111.933,174.886,step
2026-09-01T13:13:47.265389+00:00,91.662,0.0006,0.15,0.0,-0.0004,0.0004,8408.33,3,111.427,174.906,step
2026-09-01T13:13:47.266528+00:00,91.691,0.0005,0.15,0.0,-0.0005,0.0004,8409.68,3,110.924,174.926,step
2026-09-01T13:13:47.267688+00:00,91.719,0.0005,0.15,0.0,-0.0005,0.0003,8411.62,3,110.422,174.946,step
2026-09-01T13:13:47.269060+00:00,91.747,0.0005,0.15,0.0,-0.0005,0.0003,8413.96,3,109.918,174.966,step
2026-09-01T13:13:47.270236+00:00,91.775,0.0005,0.15,0.0,-0.0005,0.0003,8416.6,3,109.41,174.986,step
2026-09-01T13:13:47.271369+00:00,91.802,0.0005,0.15,0.0,-0.0005,0.0003,8419.5,3,108.901,175.006,step
2026-09-01T13:13:47.272506+00:00,91.829,0.0005,0.15,0.0,-0.0006,0.0002,8422.44,3,108.391,175.026,step
2026-09-01T13:13:47.273661+00:00,91.857,0.0005,0.15,0.0,-0.0006,0.0002,8425.15,3,107.881,175.046,step
2026-09-01T13:13:47.274795+00:00,91.885,0.0005,0.15,0.0,-0.0006,0.0002,8427.71,3,107.371,175.066,step
2026-09-01T13:13:47.275907+00:00,91.912,0.0005,0.15,0.0,-0.0006,0.0002,8430.18,3,106.86,175.086,step
2026-09-01T13:13:47.277132+00:00,91.939,0.0005,0.15,0.0,-0.0006,0.0002,8432.6,3,106.353,175.106,step
2026-09-01T13:13:47.278309+00:00,91.967,0.0005,0.15,0.0,-0.0007,0.0002,8435.04,3,105.845,175.126,step
2026-09-01T13:13:47.279503+00:00,91.994,0.0005,0.15,0.0,-0.0007,0.0002,8437.5,3,105.335,175.146,step
2026-09-01T13:13:47.280666+00:00,92.021,0.0005,0.0,0.15,-0.0007,0.0002,8439.96,3,104.824,175.166,step
2026-09-01T13:13:47.281811+00:00,91.663,0.0005,0.15,0.0,-0.0007,0.0002,8267.79,3,104.316,175.186,step
2026-09-01T13:13:47.282944+00:00,91.496,0.0005,0.15,0.0,-0.0007,0.0001,8393.85,3,103.81,175.206,step
2026-09-01T13:13:47.284124+00:00,91.524,0.0005,0.15,0.0,-0.0007,0.0001,8395.45,3,103.303,175.226,step
2026-09-01T13:13:47.285388+00:00,91.552,0.0005,0.15,0.0,-0.0008,0.0001,8397.64,3,102.795,175.246,step
2026-09-01T13:13:47.286568+00:00,91.58,0.0005,0.15,0.0,-0.0008,0.0001,8399.87,3,102.286,175.266,step
2026-09-01T13:13:47.287774+00:00,91.608,0.0005,0.15,0.0,-0.0008,0.0001,8402.15,3,101.777,175.286,step
2026-09-01T13:13:47.288946+00:00,91.636,0.0005,0.15,0.0,-0.0008,0.0001,8404.56,3,101.268,175.306,step
2026-09-01T13:13:47.290112+00:00,91.664,0.0005,0.15,0.0,-0.0008,0.0001,8407.08,3,100.761,175.326,step
2026-09-01T13:13:47.291243+00:00,91.692,0.0005,0.15,0.0,-0.0008,0.0001,8409.69,3,100.255,175.346,step
2026-09-01T13:13:47.292407+00:00,91.72,0.0005,0.15,0.0,-0.0008,0.0001,8412.38,3,99.7464,175.366,step
2026-09-01T13:13:47.293630+00:00,91.748,0.0005,0.15,0.0,-0.0008,0.0001,8415.02,3,99.2371,175.386,step
2026-09-01T13:13:47.294820+00:00,91.775,0.0005,0.15,0.0,-0.0008,0.0001,8417.59,3,98.7275,175.406,step
2026-09-01T13:13:47.295970+00:00,91.803,0.0005,0.15,0.0,-0.0008,0.0001,8420.12,3,98.2176,175.426,step
2026-09-01T13:13:47.297088+00:00,91.831,0.0005,0.15,0.0,-0.0008,0.0001,8422.62,3,97.7076,175.446,step
2026-09-01T13:13:47.298209+00:00,91.858,0.0005,0.15,0.0,-0.0009,0.0001,8425.12,3,97.1973,175.466,step
2026-09-01T13:13:47.299369+00:00,91.886,0.0005,0.15,0.0,-0.0009,0.0001,8427.62,3,96.6869,175.486,step
2026-09-01T13:13:47.300498+00:00,91.913,0.0005,0.15,0.0,-0.0009,0.0001,8430.11,3,96.1763,175.506,step
2026-09-01T13:13:47.301661+00:00,91.941,0.0005,0.15,0.0,-0.0009,0.0001,8432.61,3,95.6656,175.526,step
2026-09-01T13:13:47.302857+00:00,91.968,0.0005,0.15,0.0,-0.0009,0.0001,8435.11,3,95.1547,175.546,step
2026-09-01T13:13:47.303976+00:00,91.995,0.0005,0.15,0.0,-0.0009,0.0001,8437.62,3,94.646,175.566,step
2026-09-01T13:13:47.305079+00:00,92.023,0.0005,0.0,0.15,-0.0009,0.0,8440.11,3,94.1374,175.586,step
2026-09-01T13:13:47.306171+00:00,91.665,0.0005,0.15,0.0,-0.0009,0.0,8267.84,3,93.6264,175.606,step
2026-09-01T13:13:47.307298+00:00,91.497,0.0005,0.15,0.0,-0.0009,0.0001,8394.03,3,93.1154,175.626,step
2026-09-01T13:13:47.308471+00:00,91.525,0.0005,0.15,0.0,-0.0009,0.0001,8395.61,3,92.6059,175.646,step
2026-09-01T13:13:47.309660+00:00,91.554,0.0005,0.15,0.0,-0.0009,0.0001,8397.73,3,92.0994,175.666,step
2026-09-01T13:13:47.310838+00:00,91.582,0.0005,0.15,0.0,-0.0009,0.0,8399.92,3,91.5931,175.686,step
2026-09-01T13:13:47.311936+00:00,91.61,0.0005,0.15,0.0,-0.0009,0.0,8402.21,3,91.0852,175.706,step
2026-09-01T13:13:47.313090+00:00,91.638,0.0005,0.15,0.0,-0.0009,0.0,8404.64,3,90.5766,175.726,step
2026-09-01T13:13:47.314234+00:00,91.666,0.0005,0.15,0.0,-0.0009,0.0,8407.19,3,90.0675,175.746,step
2026-09-01T13:13:47.315393+00:00,91.694,0.0005,0.15,0.0,-0.0009,0.0,8409.83,3,89.5582,175.766,step
2026-09-01T13:13:47.316518+00:00,91.722,0.0005,0.15,0.0,-0.0009,0.0,8412.54,3,89.0488,175.786,step
2026-09-01T13:13:47.317668+00:00,91.749,0.0005,0.15,0.0,-0.0009,0.0,8415.18,3,88.5391,175.806,step
2026-09-01T13:13:47.318897+00:00,91.777,0.0005,0.15,0.0,-0.0009,0.0,8417.75,3,88.0293,175.826,step
2026-09-01T13:13:47.320004+00:00,91.805,0.0005,0.15,0.0,-0.0009,0.0,8420.25,3,87.5193,175.846,step
2026-09-01T13:13:47.321135+00:00,91.832,0.0005,0.15,0.0,-0.0009,0.0,8422.72,3,87.0092,175.866,step
2026-09-01T13:13:47.322242+00:00,91.86,0.0005,0.15,0.0,-0.0009,0.0,8425.23,3,86.499,175.886,step
2026-09-01T13:13:47.323342+00:00,91.887,0.0005,0.15,0.0,-0.0009,0.0,8427.74,3,85.9885,175.906,step
2026-09-01T13:13:47.324484+00:00,91.915,0.0005,0.15,0.0,-0.0009,0.0,8430.24,3,85.478,175.926,step
2026-09-01T13:13:47.325629+00:00,91.942,0.0005,0.15,0.0,-0.0009,0.0,8432.74,3,84.9672,175.946,step
2026-09-01T13:13:47.326876+00:00,91.969,0.0005,0.15,0.0,-0.0009,0.0,8435.24,3,84.4564,175.966,step
2026-09-01T13:13:47.328073+00:00,91.997,0.0005,0.15,0.0,-0.0009,0.0,8437.73,3,83.9453,175.986,step
2026-09-01T13:13:47.329249+00:00,92.024,0.0005,0.0,0.15,-0.0009,0.0,8440.22,3,83.4342,176.006,step
2026-09-01T13:13:47.330369+00:00,91.666,0.0005,0.15,0.0,-0.0009,0.0,8267.97,3,82.9219,176.026,step
2026-09-01T13:13:47.331494+00:00,91.498,0.0005,0.15,0.0,-0.0009,0.0001,8394.13,3,82.4107,176.046,step
2026-09-01T13:13:47.332679+00:00,91.527,0.0005,0.15,0.0,-0.0009,0.0,8395.71,3,81.9036,176.066,step
2026-09-01T13:13:47.333832+00:00,91.555,0.0005,0.15,0.0,-0.0009,0.0,8397.82,3,81.3992,176.086,step
2026-09-01T13:13:47.335013+00:00,91.583,0.0004,0.15,0.0,-0.0009,-0.0,8400.0,3,80.8935,176.106,step
2026-09-01T13:13:47.336127+00:00,91.611,0.0004,0.15,0.0,-0.0009,-0.0,8402.29,3,80.3859,176.126,step
2026-09-01T13:13:47.337238+00:00,91.639,0.0004,0.15,0.0,-0.0009,-0.0,8404.7,3,79.8773,176.146,step
2026-09-01T13:13:47.338348+00:00,91.667,0.0004,0.15,0.0,-0.0009,-0.0,8407.14,3,79.3683,176.166,step
2026-09-01T13:13:47.339442+00:00,91.694,0.0004,0.15,0.0,-0.0009,-0.0,8409.79,3,78.8591,176.186,step
2026-09-01T13:13:47.340532+00:00,91.722,0.0004,0.15,0.0,-0.0009,-0.0,8412.54,3,78.3496,176.206,step
2026-09-01T13:13:47.341640+00:00,91.75,0.0004,0.15,0.0,-0.0009,-0.0,8415.22,3,77.8399,176.226,step
2026-09-01T13:13:47.342765+00:00,91.777,0.0004,0.15,0.0,-0.0009,-0.0,8417.8,3,77.3301,176.246,step
2026-09-01T13:13:47.343958+00:00,91.805,0.0004,0.15,0.0,-0.0009,-0.0,8420.33,3,76.8202,176.266,step
2026-09-01T13:13:47.345072+00:00,91.833,0.0004,0.15,0.0,-0.0009,-0.0,8422.82,3,76.3101,176.286,step
2026-09-01T13:13:47.346231+00:00,91.86,0.0004,0.15,0.0,-0.0009,-0.0,8425.3,3,75.7998,176.306,step
2026-09-01T13:13:47.347401+00:00,91.888,0.0004,0.15,0.0,-0.0009,-0.0,8427.78,3,75.2894,176.326,step
2026-09-01T13:13:47.348526+00:00,91.915,0.0004,0.15,0.0,-0.0009,-0.0,8430.26,3,74.7788,176.346,step
2026-09-01T13:13:47.349676+00:00,91.942,0.0004,0.15,0.0,-0.0009,-0.0,8432.72,3,74.2681,176.366,step
2026-09-01T13:13:47.350805+00:00,91.969,0.0004,0.15,0.0,-0.0009,-0.0,8435.2,3,73.7572,176.386,step
2026-09-01T13:13:47.351957+00:00,91.996,0.0004,0.15,0.0,-0.0009,-0.0,8437.67,3,73.2462,176.406,step
2026-09-01T13:13:47.353200+00:00,92.024,0.0004,0.0,0.15,-0.0009,-0.0,8440.15,3,72.7349,176.426,step
2026-09-01T13:13:47.354309+00:00,91.665,0.0004,0.15,0.0,-0.0009,-0.0001,8268.0,3,72.2258,176.446,step
2026-09-01T13:13:47.355380+00:00,91.498,0.0004,0.15,0.0,-0.0009,-0.0001,8393.86,3,71.7195,176.466,step
2026-09-01T13:13:47.356472+00:00,91.526,0.0004,0.15,0.0,-0.0009,-0.0001,8395.51,3,71.2116,176.486,step
2026-09-01T13:13:47.357578+00:00,91.554,0.0003,0.15,0.0,-0.0008,-0.0001,8397.67,3,70.7033,176.506,step
2026-09-01T13:13:47.358673+00:00,91.582,0.0003,0.15,0.0,-0.0008,-0.0001,8399.89,3,70.1946,176.526,step
2026-09-01T13:13:47.359766+00:00,91.61,0.0003,0.15,0.0,-0.0008,-0.0001,8402.2,3,69.6857,176.546,step
2026-09-01T13:13:47.360913+00:00,91.637,0.0003,0.15,0.0,-0.0008,-0.0001,8404.63,3,69.1768,176.566,step
2026-09-01T13:13:47.362015+00:00,91.665,0.0003,0.15,0.0,-0.0008,-0.0001,8407.18,3,68.6675,176.586,step
2026-09-01T13:13:47.363174+00:00,91.693,0.0003,0.15,0.0,-0.0008,-0.0001,8409.8,3,68.1583,176.606,step
2026-09-01T13:13:47.364265+00:00,91.72,0.0003,0.15,0.0,-0.0008,-0.0001,8412.47,3,67.6487,176.626,step
2026-09-01T13:13:47.365349+00:00,91.748,0.0003,0.15,0.0,-0.0008,-0.0001,8415.06,3,67.1391,176.646,step
2026-09-01T13:13:47.366448+00:00,91.775,0.0003,0.15,0.0,-0.0008,-0.0001,8417.59,3,66.6292,176.666,step
2026-09-01T13:13:47.367603+00:00,91.803,0.0003,0.15,0.0,-0.0008,-0.0001,8420.08,3,66.1194,176.686,step
2026-09-01T13:13:47.368789+00:00,91.83,0.0003,0.15,0.0,-0.0008,-0.0001,8422.56,3,65.6092,176.706,step
2026-09-01T13:13:47.369881+00:00,91.858,0.0003,0.15,0.0,-0.0008,-0.0001,8425.03,3,65.099,176.726,step
2026-09-01T13:13:47.370991+00:00,91.885,0.0003,0.15,0.0,-0.0008,-0.0001,8427.51,3,64.5886,176.746,step
2026-09-01T13:13:47.372102+00:00,91.912,0.0003,0.15,0.0,-0.0007,-0.0001,8429.72,3,64.078,176.766,step
2026-09-01T13:13:47.373229+00:00,91.939,0.0003,0.15,0.0,-0.0007,-0.0001,8432.2,3,63.5673,176.786,step
2026-09-01T13:13:47.374303+00:00,91.966,0.0003,0.15,0.0,-0.0007,-0.0001,8434.75,3,63.0564,176.806,step
2026-09-01T13:13:47.375432+00:00,91.993,0.0003,0.15,0.0,-0.0007,-0.0001,8437.32,3,62.5455,176.826,step
2026-09-01T13:13:47.376499+00:00,92.02,0.0003,0.0,0.15,-0.0007,-0.0001,8439.85,3,62.0343,176.846,step
2026-09-01T13:13:47.377662+00:00,91.662,0.0003,0.15,0.0,-0.0007,-0.0001,8267.49,3,61.5228,176.866,step
2026-09-01T13:13:47.378780+00:00,91.494,0.0003,0.15,0.0,-0.0007,-0.0001,8393.76,3,61.0127,176.886,step
2026-09-01T13:13:47.379871+00:00,91.522,0.0003,0.15,0.0,-0.0007,-0.0001,8395.32,3,60.5038,176.906,step
2026-09-01T13:13:47.380966+00:00,91.55,0.0003,0.15,0.0,-0.0007,-0.0,8397.39,3,59.9951,176.926,step
2026-09-01T13:13:47.382087+00:00,91.577,0.0003,0.0,0.15,-0.0007,-0.0,8399.54,3,59.4863,176.946,step
2026-09-01T13:13:47.383225+00:00,91.218,0.0003,0.0,0.15,-0.0007,-0.0001,8228.86,3,58.9793,176.966,step
2026-09-01T13:13:47.384320+00:00,90.668,0.0002,0.0,0.15,-0.0007,-0.0001,8176.22,3,58.4773,176.986,step
2026-09-01T13:13:47.385522+00:00,90.117,0.0002,0.0,0.15,-0.0007,-0.0002,8124.48,3,57.9793,177.006,step
2026-09-01T13:13:47.386627+00:00,89.569,0.0001,0.0,0.15,-0.0007,-0.0002,8074.36,3,57.4845,177.026,step
2026-09-01T13:13:47.387754+00:00,89.023,0.0001,0.0,0.15,-0.0006,-0.0003,8025.42,3,56.9928,177.046,step
2026-09-01T13:13:47.388835+00:00,88.479,0.0,0.0,0.15,-0.0006,-0.0004,7978.12,3,56.5041,177.066,step
2026-09-01T13:13:47.389925+00:00,87.938,-0.0,0.0,0.15,-0.0006,-0.0004,7929.77,3,56.0183,177.086,step
2026-09-01T13:13:47.390962+00:00,87.399,-0.0001,0.0,0.15,-0.0006,-0.0005,7881.6,3,55.5353,177.106,step
2026-09-01T13:13:47.392054+00:00,86.862,-0.0002,0.0,0.15,-0.0006,-0.0005,7833.57,3,55.0552,177.126,step
2026-09-01T13:13:47.393141+00:00,86.326,-0.0002,0.0,0.15,-0.0005,-0.0006,7785.68,3,54.5779,177.146,step
2026-09-01T13:13:47.394365+00:00,85.793,-0.0003,0.0,0.15,-0.0005,-0.0007,7737.89,3,54.1035,177.166,step
2026-09-01T13:13:47.395429+00:00,85.261,-0.0003,0.0,0.15,-0.0005,-0.0007,7690.23,3,53.6319,177.186,step
2026-09-01T13:13:47.396506+00:00,84.73,-0.0004,0.0,0.15,-0.0004,-0.0008,7642.71,3,53.1631,177.206,step
2026-09-01T13:13:47.397604+00:00,84.201,-0.0005,0.0,0.15,-0.0004,-0.0008,7595.31,3,52.6972,177.226,step
2026-09-01T13:13:47.398700+00:00,83.674,-0.0005,0.0,0.15,-0.0003,-0.0009,7548.08,3,52.234,177.246,step
2026-09-01T13:13:47.399806+00:00,83.147,-0.0006,0.0,0.15,-0.0003,-0.0009,7500.94,3,51.7724,177.266,step
2026-09-01T13:13:47.400898+00:00,82.623,-0.0006,0.0,0.15,-0.0002,-0.0009,7454.02,3,51.3122,177.286,step
2026-09-01T13:13:47.402063+00:00,82.1,-0.0006,0.0,0.15,-0.0001,-0.0009,7407.25,3,50.8544,177.306,step
2026-09-01T13:13:47.403215+00:00,81.579,-0.0007,0.0,0.15,-0.0001,-0.0009,7360.59,3,50.3992,177.326,step
2026-09-01T13:13:47.404349+00:00,81.06,-0.0007,0.0,0.15,-0.0,-0.0009,7314.06,3,49.9468,177.346,step
2026-09-01T13:13:47.405414+00:00,80.542,-0.0007,0.0,0.15,0.0,-0.0009,7267.63,3,49.4972,177.366,step
2026-09-01T13:13:47.406503+00:00,80.025,-0.0007,0.0,0.15,0.0001,-0.0008,7222.1,3,49.0504,177.386,step
2026-09-01T13:13:47.407574+00:00,79.51,-0.0007,0.0,0.15,0.0001,-0.0008,7175.92,2,48.6064,177.406,step
2026-09-01T13:13:47.408673+00:00,79.015,-0.0007,0.0,0.15,0.0002,-0.0008,9020.77,2,48.165,177.426,step
2026-09-01T13:13:47.409776+00:00,78.534,-0.0007,0.0,0.15,0.0002,-0.0008,8999.55,2,47.7252,177.446,step
2026-09-01T13:13:47.410950+00:00,78.036,-0.0007,0.0,0.15,0.0003,-0.0007,8843.6,2,47.2874,177.466,step
2026-09-01T13:13:47.412048+00:00,77.467,-0.0007,0.0,0.15,0.0003,-0.0006,8775.21,2,46.8502,177.486,step
2026-09-01T13:13:47.413139+00:00,76.898,-0.0006,0.0,0.15,0.0004,-0.0005,8711.11,2,46.4142,177.506,step
2026-09-01T13:13:47.414215+00:00,76.333,-0.0005,0.0,0.15,0.0004,-0.0003,8647.84,2,45.981,177.526,step
2026-09-01T13:13:47.415277+00:00,75.77,-0.0004,0.0,0.15,0.0004,-0.0002,8585.17,2,45.5519,177.546,step
2026-09-01T13:13:47.416349+00:00,75.21,-0.0003,0.0,0.15,0.0004,-0.0001,8522.96,2,45.1272,177.566,step
2026-09-01T13:13:47.417450+00:00,74.653,0.1998,0.0,0.15,0.0005,-0.0,8461.08,2,44.7061,177.586,step
2026-09-01T13:13:47.418578+00:00,74.109,0.1981,0.0,0.15,0.0007,-0.0019,8399.71,2,44.3948,177.606,step
2026-09-01T13:13:47.419709+00:00,73.514,0.193,0.0,0.15,0.0015,-0.0079,8332.23,2,44.2932,177.626,step
2026-09-01T13:13:47.420852+00:00,72.938,0.1859,0.0,0.15,0.0028,-0.0159,8264.42,2,44.2911,177.646,step
2026-09-01T13:13:47.421932+00:00,72.375,0.1779,0.0,0.15,0.0046,-0.0247,8199.49,2,44.3191,177.666,step
2026-09-01T13:13:47.422981+00:00,71.82,0.1696,0.0,0.15,0.007,-0.0337,8136.55,2,44.3421,177.686,step
2026-09-01T13:13:47.424042+00:00,71.269,0.1612,0.0,0.15,0.0098,-0.0424,8074.85,2,44.3456,177.706,step
2026-09-01T13:13:47.425182+00:00,70.72,0.1528,0.0,0.15,0.0132,-0.0507,8013.86,2,44.3237,177.726,step
2026-09-01T13:13:47.426273+00:00,70.174,0.1446,0.0,0.15,0.017,-0.0586,7954.44,2,44.2758,177.746,step
2026-09-01T13:13:47.427399+00:00,69.629,0.1366,0.0,0.15,0.0213,-0.066,7897.15,2,44.2016,177.766,step
2026-09-01T13:13:47.428486+00:00,69.089,0.1287,0.0,0.15,0.026,-0.0729,7836.96,2,44.1033,177.786,step
2026-09-01T13:13:47.429575+00:00,68.552,-0.279,0.0,0.15,0.031,-0.0794,7776.22,2,43.984,177.806,step
2026-09-01T13:13:47.430644+00:00,68.048,-0.2847,0.0,0.15,0.0362,-0.0833,7720.07,2,43.7585,177.826,step
2026-09-01T13:13:47.431737+00:00,67.497,-0.2851,0.0,0.15,0.041,-0.0807,7662.24,2,43.2794,177.846,step
2026-09-01T13:13:47.432816+00:00,66.903,-0.2815,0.0,0.15,0.0451,-0.0736,7592.81,2,42.6257,177.866,step
2026-09-01T13:13:47.433893+00:00,66.331,0.1246,0.0,0.15,0.0485,-0.064,7523.97,2,41.8681,177.886,step
2026-09-01T13:13:47.434969+00:00,65.816,0.1302,0.0,0.15,0.0515,-0.0551,7464.16,2,41.1429,177.906,step
2026-09-01T13:13:47.436259+00:00,65.292,0.1304,0.0,0.15,0.0547,-0.0528,7413.68,2,40.6877,177.926,step
2026-09-01T13:13:47.437373+00:00,64.736,0.1268,0.0,0.15,0.0582,-0.0551,7352.1,2,40.4195,177.946,step
2026-09-01T13:13:47.438430+00:00,64.207,0.1214,0.0,0.15,0.062,-0.0595,7291.63,2,40.2363,177.966,step
2026-09-01T13:13:47.439505+00:00,63.691,0.1153,0.0,0.15,0.0661,-0.0646,7233.44,2,40.078,177.986,step
2026-09-01T13:13:47.440588+00:00,63.179,-0.291,0.0,0.15,0.0705,-0.0697,7176.21,2,39.9194,178.006,step
2026-09-01T13:13:47.441694+00:00,62.701,-0.2954,0.0,0.15,0.0749,-0.0724,7122.25,2,39.6738,178.026,step
2026-09-01T13:13:47.442821+00:00,62.167,-0.2949,0.0,0.15,0.0787,-0.0694,7064.41,2,39.2141,178.046,step
2026-09-01T13:13:47.444056+00:00,61.593,0.1091,0.0,0.15,0.0819,-0.0624,6996.8,2,38.6095,178.066,step
2026-09-01T13:13:47.445169+00:00,61.066,0.1137,0.0,0.15,0.0846,-0.055,6934.33,2,37.9916,178.086,step
2026-09-01T13:13:47.446315+00:00,60.561,0.1137,0.0,0.15,0.0875,-0.0532,6883.11,2,37.5892,178.106,step
2026-09-01T13:13:47.447379+00:00,60.031,0.1103,0.0,0.15,0.0907,-0.0554,6825.23,2,37.3341,178.126,step
2026-09-01T13:13:47.448446+00:00,59.524,0.1056,0.0,0.15,0.0942,-0.0591,6766.99,2,37.138,178.146,step
2026-09-01T13:13:47.449514+00:00,59.026,0.1004,0.0,0.15,0.0979,-0.0632,6710.26,2,36.9575,178.166,step
2026-09-01T13:13:47.450680+00:00,58.532,0.0952,0.0,0.15,0.1019,-0.0673,6654.29,2,36.7763,178.186,step
2026-09-01T13:13:47.451796+00:00,58.04,-0.31,0.0,0.15,0.106,-0.0713,6598.68,2,36.5895,178.206,step
2026-09-01T13:13:47.452997+00:00,57.578,-0.3134,0.0,0.15,0.11,-0.0729,6545.89,2,36.3271,178.226,step
2026-09-01T13:13:47.454088+00:00,57.056,0.0878,0.0,0.15,0.1135,-0.0693,6488.2,2,35.8836,178.246,step
2026-09-01T13:13:47.455179+00:00,56.506,0.0909,0.0,0.15,0.1165,-0.0636,6423.18,2,35.3728,178.266,step
2026-09-01T13:13:47.456264+00:00,56.017,0.0903,0.0,0.15,0.1196,-0.0624,6371.08,2,35.0194,178.286,step
2026-09-01T13:13:47.457302+00:00,55.515,0.0871,0.0,0.15,0.123,-0.0643,6314.1,2,34.7733,178.306,step
2026-09-01T13:13:47.458369+00:00,55.028,0.0829,0.0,0.15,0.1266,-0.0672,6259.0,2,34.5633,178.326,step
2026-09-01T13:13:47.459444+00:00,54.548,0.0786,0.0,0.15,0.1304,-0.0702,6204.89,2,34.3607,178.346,step
2026-09-01T13:13:47.460592+00:00,54.069,0.0742,0.0,0.15,0.1343,-0.0732,6151.1,2,34.1568,178.366,step
2026-09-01T13:13:47.461676+00:00,53.592,0.07,0.0,0.15,0.1384,-0.0761,6097.41,2,33.949,178.386,step
2026-09-01T13:13:47.462781+00:00,53.117,0.0658,0.0,0.15,0.1425,-0.0787,6043.75,2,33.7371,178.406,step
2026-09-01T13:13:47.463908+00:00,52.643,0.0617,0.0,0.15,0.1467,-0.0812,5990.2,2,33.5216,178.426,step
2026-09-01T13:13:47.464943+00:00,52.171,0.0577,0.0,0.15,0.1509,-0.0835,5936.83,2,33.3029,178.446,step
2026-09-01T13:13:47.466009+00:00,51.7,0.0539,0.0,0.15,0.1553,-0.0856,5883.61,2,33.0809,178.466,step
2026-09-01T13:13:47.467091+00:00,51.23,0.0501,0.0,0.15,0.1596,-0.0876,5830.56,2,32.856,178.486,step
2026-09-01T13:13:47.468180+00:00,50.762,0.0464,0.0,0.15,0.164,-0.0895,5777.65,2,32.6284,178.506,step
2026-09-01T13:13:47.469296+00:00,50.295,0.0429,0.0,0.15,0.1685,-0.0911,5724.88,2,32.3981,178.526,step
2026-09-01T13:13:47.470353+00:00,49.831,0.0394,0.0,0.15,0.1729,-0.0927,5671.61,1,32.166,178.546,step
2026-09-01T13:13:47.471440+00:00,49.372,0.0361,0.0,0.15,0.1774,-0.0941,7610.14,1,31.9319,178.566,step
2026-09-01T13:13:47.472505+00:00,48.918,0.0328,0.0,0.15,0.1819,-0.0953,7599.03,1,31.6961,178.586,step
2026-09-01T13:13:47.473558+00:00,48.448,0.0296,0.0,0.15,0.1863,-0.0965,7383.88,1,31.4593,178.606,step
2026-09-01T13:13:47.474638+00:00,47.934,0.0265,0.0,0.15,0.1908,-0.0976,7307.51,1,31.2226,178.626,step
2026-09-01T13:13:47.475690+00:00,47.423,0.0235,0.0,0.15,0.1953,-0.0985,7230.83,1,30.9857,178.646,step
2026-09-01T13:13:47.476759+00:00,46.915,0.0206,0.15,0.0,0.1997,-0.0994,7154.77,1,30.7484,178.666,step
2026-09-01T13:13:47.477920+00:00,46.922,0.0178,0.15,0.0,0.2041,-0.1001,7341.91,1,30.5081,178.686,step
2026-09-01T13:13:47.478954+00:00,47.054,0.0152,0.0,0.15,0.2086,-0.1007,7358.6,1,30.2629,178.706,step
2026-09-01T13:13:47.480036+00:00,46.684,0.0125,0.15,0.0,0.213,-0.1012,7129.49,1,30.016,178.726,step
2026-09-01T13:13:47.481085+00:00,46.687,0.01,0.15,0.0,0.2175,-0.1016,7300.11,1,29.7687,178.746,step
2026-09-01T13:13:47.482125+00:00,46.818,0.0075,0.15,0.0,0.222,-0.1019,7319.68,1,29.5178,178.766,step
2026-09-01T13:13:47.483178+00:00,46.948,0.005,0.15,0.0,0.2264,-0.1022,7339.41,1,29.2638,178.786,step
2026-09-01T13:13:47.484270+00:00,47.079,0.0027,0.0,0.15,0.2309,-0.1023,7359.56,1,29.0072,178.806,step
2026-09-01T13:13:47.485427+00:00,46.713,0.0003,0.15,0.0,0.2354,-0.1025,7132.44,1,28.7493,178.826,step
2026-09-01T13:13:47.486505+00:00,46.702,-0.0019,0.15,0.0,0.2398,-0.1025,7305.16,1,28.491,178.846,step
2026-09-01T13:13:47.487568+00:00,46.833,-0.0041,0.15,0.0,0.2443,-0.1025,7324.37,1,28.2305,178.866,step
2026-09-01T13:13:47.488635+00:00,46.964,-0.0062,0.15,0.0,0.2487,-0.1024,7343.88,1,27.9678,178.886,step
2026-09-01T13:13:47.489694+00:00,47.095,-0.0083,0.0,0.15,0.2531,-0.1022,7363.57,1,27.703,178.906,step
2026-09-01T13:13:47.490756+00:00,46.725,-0.0104,0.0,0.15,0.2575,-0.102,7133.97,1,27.4369,178.926,step
2026-09-01T13:13:47.491859+00:00,46.22,-0.0123,0.0,0.15,0.2619,-0.1017,7052.69,1,27.1714,178.946,step
2026-09-01T13:13:47.492982+00:00,45.719,-0.0142,0.0,0.15,0.2661,-0.1013,6974.73,1,26.907,178.966,step
2026-09-01T13:13:47.494069+00:00,45.221,-0.0159,0.0,0.15,0.2703,-0.1009,6899.13,1,26.6439,178.986,step
2026-09-01T13:13:47.495138+00:00,44.727,-0.0176,0.0,0.15,0.2745,-0.1004,6825.05,1,26.3822,179.006,step
2026-09-01T13:13:47.496212+00:00,44.236,-0.0192,0.0,0.15,0.2785,-0.0999,6751.84,1,26.1221,179.026,step
2026-09-01T13:13:47.497293+00:00,43.748,-0.0207,0.15,0.0,0.2825,-0.0993,6676.75,1,25.8639,179.046,step
2026-09-01T13:13:47.498365+00:00,43.75,-0.0222,0.0,0.15,0.2864,-0.0987,6849.03,1,25.6072,179.066,step
2026-09-01T13:13:47.499424+00:00,43.389,-0.0236,0.0,0.15,0.2903,-0.0981,6628.16,1,25.3505,179.086,step
2026-09-01T13:13:47.500518+00:00,42.906,-0.025,0.0,0.15,0.2941,-0.0974,6554.99,1,25.0951,179.106,step
2026-09-01T13:13:47.501636+00:00,42.424,-0.0262,0.0,0.15,0.2978,-0.0967,6481.76,1,24.8416,179.126,step
2026-09-01T13:13:47.502734+00:00,41.944,-0.0275,0.0,0.15,0.3014,-0.0959,6408.61,1,24.5904,179.146,step
2026-09-01T13:13:47.503802+00:00,41.467,-0.0286,0.0,0.15,0.305,-0.0952,6336.21,1,24.3415,179.166,step
2026-09-01T13:13:47.504856+00:00,40.992,-0.0297,0.0,0.15,0.3085,-0.0944,6264.46,1,24.0946,179.186,step
2026-09-01T13:13:47.505950+00:00,40.519,-0.0308,0.0,0.15,0.3119,-0.0935,6193.19,1,23.8499,179.206,step
2026-09-01T13:13:47.506988+00:00,40.049,-0.0318,0.0,0.15,0.3153,-0.0927,6122.31,1,23.6075,179.226,step
2026-09-01T13:13:47.508074+00:00,39.581,-0.0327,0.0,0.15,0.3185,-0.0918,6051.72,1,23.3676,179.246,step
2026-09-01T13:13:47.509139+00:00,39.115,-0.0336,0.15,0.0,0.3217,-0.0909,5981.37,1,23.13,179.266,step
2026-09-01T13:13:47.510258+00:00,39.132,-0.0345,0.0,0.15,0.3248,-0.0901,6122.9,1,22.8945,179.286,step
2026-09-01T13:13:47.511408+00:00,38.776,-0.0353,0.0,0.15,0.3279,-0.0892,5933.25,1,22.6598,179.306,step
2026-09-01T13:13:47.512476+00:00,38.314,-0.0361,0.0,0.15,0.3309,-0.0883,5862.68,1,22.427,179.326,step
2026-09-01T13:13:47.513563+00:00,37.854,-0.0369,0.0,0.15,0.3339,-0.0874,5791.36,1,22.1965,179.346,step
2026-09-01T13:13:47.514613+00:00,37.395,-0.0376,0.0,0.15,0.3367,-0.0865,5720.81,1,21.9683,179.366,step
2026-09-01T13:13:47.515682+00:00,36.94,-0.0382,0.0,0.15,0.3395,-0.0856,5651.36,1,21.7425,179.386,step
2026-09-01T13:13:47.516798+00:00,36.485,-0.0388,0.0,0.15,0.3423,-0.0846,5582.23,1,21.5195,179.406,step
2026-09-01T13:13:47.517897+00:00,36.032,-0.0394,0.15,0.0,0.3449,-0.0837,5513.51,1,21.2991,179.426,step
2026-09-01T13:13:47.519098+00:00,36.055,-0.04,0.0,0.15,0.3475,-0.0828,5640.8,1,21.081,179.446,step
2026-09-01T13:13:47.520217+00:00,35.703,-0.0405,0.0,0.15,0.3501,-0.0819,5466.11,1,20.8635,179.466,step
2026-09-01T13:13:47.521343+00:00,35.252,-0.041,0.0,0.15,0.3526,-0.0809,5397.72,1,20.6478,179.486,step
2026-09-01T13:13:47.522409+00:00,34.804,-0.0415,0.0,0.15,0.355,-0.0799,5328.56,1,20.4347,179.506,step
2026-09-01T13:13:47.523499+00:00,34.358,-0.0419,0.0,0.15,0.3574,-0.079,5260.01,1,20.2244,179.526,step
2026-09-01T13:13:47.524667+00:00,33.913,-0.0368,0.0,0.15,0.3597,-0.0712,5235.99,1,20.0167,179.546,step
2026-09-01T13:13:47.525813+00:00,33.469,-0.0286,0.8,0.0,0.3615,-0.0598,5235.99,1,19.813,179.566,step
2026-09-01T13:13:47.526998+00:00,33.884,-0.0205,0.0,0.15,0.3631,-0.0487,5952.45,1,19.6126,179.586,step
2026-09-01T13:13:47.528146+00:00,33.798,-0.0122,0.0,0.15,0.3643,-0.0376,5235.99,1,19.4136,179.606,step
2026-09-01T13:13:47.529292+00:00,33.359,-0.004,0.0,0.15,0.3652,-0.0268,5235.99,1,19.2206,179.626,step
2026-09-01T13:13:47.530452+00:00,32.915,0.004,0.0,0.15,0.3658,-0.0163,5235.99,1,19.0335,179.646,step
2026-09-01T13:13:47.531571+00:00,32.471,0.012,0.0,0.15,0.3662,-0.0062,5235.99,1,18.8521,179.666,step
2026-09-01T13:13:47.532681+00:00,32.028,0.0198,0.0,0.15,0.3662,0.0037,5235.99,1,18.6766,179.686,step
2026-09-01T13:13:47.533793+00:00,31.585,0.0276,0.0,0.15,0.366,0.0132,5235.99,1,18.5065,179.706,step
2026-09-01T13:13:47.534971+00:00,31.142,0.0351,0.0,0.15,0.3656,0.0224,5235.99,1,18.3418,179.726,step
2026-09-01T13:13:47.536096+00:00,30.7,0.0426,0.8,0.0,0.3649,0.0313,5235.99,1,18.182,179.746,step
2026-09-01T13:13:47.537208+00:00,31.124,0.0501,0.0,0.15,0.364,0.0401,5414.46,1,18.0252,179.766,step
2026-09-01T13:13:47.538360+00:00,30.994,0.0576,0.0,0.15,0.3629,0.0488,5235.99,1,17.8687,179.786,step
2026-09-01T13:13:47.539452+00:00,30.553,0.065,0.0,0.15,0.3616,0.0572,5235.99,1,17.7167,179.806,step
2026-09-01T13:13:47.540532+00:00,30.11,0.0723,0.0,0.15,0.3601,0.0654,5235.99,1,17.5693,179.826,step
2026-09-01T13:13:47.541626+00:00,29.666,0.0794,0.0,0.15,0.3584,0.0733,5235.99,1,17.4265,179.846,step
2026-09-01T13:13:47.542739+00:00,29.223,0.0864,0.8,0.0,0.3566,0.0808,5235.99,1,17.2882,179.866,step
2026-09-01T13:13:47.543889+00:00,29.661,0.0933,0.0,0.15,0.3545,0.0883,5235.99,1,17.1523,179.886,step
2026-09-01T13:13:47.545041+00:00,29.519,0.1004,0.0,0.15,0.3523,0.0957,5235.99,1,17.0164,179.906,step
2026-09-01T13:13:47.546172+00:00,29.077,0.1073,0.0,0.15,0.35,0.1028,5235.99,1,16.8843,179.926,step
2026-09-01T13:13:47.547305+00:00,28.633,0.114,0.0,0.15,0.3475,0.1097,5235.99,1,16.7564,179.946,step
2026-09-01T13:13:47.548402+00:00,28.19,0.1206,0.0,0.15,0.3449,0.1163,5235.99,1,16.6326,179.966,step
2026-09-01T13:13:47.549538+00:00,27.747,0.127,0.8,0.0,0.3423,0.1227,5235.99,1,16.5128,179.986,step
2026-09-01T13:13:47.550680+00:00,28.195,0.1334,0.0,0.15,0.3394,0.1289,5235.99,1,16.3951,180.006,step
2026-09-01T13:13:47.551873+00:00,28.05,0.1399,0.0,0.15,0.3364,0.1351,5235.99,1,16.2765,180.026,step
2026-09-01T13:13:47.553074+00:00,27.607,0.1462,0.0,0.15,0.3334,0.1411,5235.99,1,16.1614,180.046,step
2026-09-01T13:13:47.554278+00:00,27.164,0.1524,0.8,0.0,0.3302,0.1469,5235.99,1,16.0499,180.066,step
2026-09-01T13:13:47.555416+00:00,27.623,0.1585,0.0,0.15,0.327,0.1525,5235.99,1,15.9404,180.086,step
2026-09-01T13:13:47.556566+00:00,27.471,0.1647,0.0,0.15,0.3235,0.158,5235.99,1,15.83,180.106,step
2026-09-01T13:13:47.557718+00:00,27.026,0.1707,0.0,0.15,0.32,0.1634,5235.99,1,15.723,180.126,step
2026-09-01T13:13:47.558892+00:00,26.582,0.1766,0.0,0.15,0.3165,0.1686,5235.99,1,15.6197,180.146,step
2026-09-01T13:13:47.560056+00:00,26.139,0.1823,0.8,0.0,0.3129,0.1735,5235.99,1,15.5197,180.166,step
2026-09-01T13:13:47.561361+00:00,26.597,0.1879,0.0,0.15,0.3093,0.1782,5235.99,1,15.4214,180.186,step
2026-09-01T13:13:47.562527+00:00,26.45,0.1937,0.0,0.15,0.3054,0.183,5235.99,1,15.322,180.206,step
2026-09-01T13:13:47.563666+00:00,26.004,0.1993,0.0,0.15,0.3016,0.1876,5235.99,1,15.2255,180.226,step
2026-09-01T13:13:47.564815+00:00,25.561,0.2048,0.8,0.0,0.2977,0.192,5235.99,1,15.1321,180.246,step
2026-09-01T13:13:47.565934+00:00,26.03,0.2104,0.0,0.15,0.2938,0.1967,5235.99,1,15.0405,180.266,step
2026-09-01T13:13:47.567078+00:00,25.875,0.2162,0.0,0.15,0.2897,0.2013,5235.99,1,14.9476,180.286,step
2026-09-01T13:13:47.568231+00:00,25.429,0.2218,0.0,0.15,0.2856,0.2058,5235.99,1,14.8575,180.306,step
2026-09-01T13:13:47.569495+00:00,24.985,0.2273,0.8,0.0,0.2814,0.21,5235.99,1,14.7707,180.326,step
2026-09-01T13:13:47.570634+00:00,25.455,0.2326,0.0,0.15,0.2773,0.2141,5235.99,1,14.6856,180.346,step
2026-09-01T13:13:47.571770+00:00,25.302,0.2381,0.0,0.15,0.2729,0.2182,5235.99,1,14.5992,180.366,step
2026-09-01T13:13:47.572896+00:00,24.854,0.2434,0.0,0.15,0.2686,0.2221,5235.99,1,14.5155,180.386,step
2026-09-01T13:13:47.574008+00:00,24.411,0.2485,0.8,0.0,0.2643,0.2258,5235.99,1,14.4346,180.406,step
2026-09-01T13:13:47.575153+00:00,24.884,0.2536,0.0,0.15,0.2599,0.2294,5235.99,1,14.3556,180.426,step
2026-09-01T13:13:47.576331+00:00,24.73,0.2587,0.0,0.15,0.2554,0.233,5235.99,1,14.2752,180.446,step
2026-09-01T13:13:47.577490+00:00,24.282,0.2637,0.0,0.15,0.2509,0.2364,5235.99,1,14.1972,180.466,step
2026-09-01T13:13:47.578603+00:00,23.839,0.2685,0.8,0.0,0.2465,0.2397,5235.99,1,14.122,180.486,step
2026-09-01T13:13:47.579711+00:00,24.315,0.2733,0.0,0.15,0.242,0.2428,5235.99,1,14.0485,180.506,step
2026-09-01T13:13:47.580819+00:00,24.16,0.2781,0.0,0.15,0.2373,0.246,5235.99,1,13.9732,180.526,step
2026-09-01T13:13:47.581907+00:00,23.712,0.2828,0.0,0.15,0.2327,0.249,5235.99,1,13.9004,180.546,step
2026-09-01T13:13:47.583028+00:00,23.268,0.2873,0.8,0.0,0.2282,0.2518,5235.99,1,13.8302,180.566,step
2026-09-01T13:13:47.584191+00:00,23.748,0.2918,0.0,0.15,0.2236,0.2545,5235.99,1,13.7615,180.586,step
2026-09-01T13:13:47.585347+00:00,23.592,0.2964,0.0,0.15,0.2189,0.2572,5235.99,1,13.6912,180.606,step
2026-09-01T13:13:47.586470+00:00,23.142,0.3008,0.0,0.15,0.2142,0.2598,5235.99,1,13.6231,180.626,step
2026-09-01T13:13:47.587540+00:00,22.699,0.305,0.8,0.0,0.2096,0.2623,5235.99,1,13.5576,180.646,step
2026-09-01T13:13:47.588650+00:00,23.182,0.3092,0.0,0.15,0.205,0.2646,5235.99,1,13.4936,180.666,step
2026-09-01T13:13:47.589780+00:00,23.025,0.3134,0.0,0.15,0.2002,0.267,5235.99,1,13.4278,180.686,step
2026-09-01T13:13:47.590861+00:00,22.575,0.3176,0.8,0.0,0.1955,0.2692,5235.99,1,13.3641,180.706,step
2026-09-01T13:13:47.591947+00:00,23.068,0.3216,0.0,0.15,0.1908,0.2713,5235.99,1,13.3022,180.726,step
2026-09-01T13:13:47.593058+00:00,22.901,0.3257,0.0,0.15,0.186,0.2734,5235.99,1,13.2385,180.746,step
2026-09-01T13:13:47.594239+00:00,22.45,0.3297,0.0,0.15,0.1812,0.2754,5235.99,1,13.1772,180.766,step
2026-09-01T13:13:47.595358+00:00,22.006,0.3335,0.8,0.0,0.1766,0.2773,5235.99,1,13.1182,180.786,step
2026-09-01T13:13:47.596479+00:00,22.491,0.3373,0.0,0.15,0.1719,0.279,5235.99,1,13.0607,180.806,step
2026-09-01T13:13:47.597654+00:00,22.334,0.3411,0.0,0.15,0.167,0.2808,5235.99,1,13.0014,180.826,step
2026-09-01T13:13:47.598803+00:00,21.883,0.3448,0.8,0.0,0.1623,0.2825,5235.99,1,12.944,180.846,step
2026-09-01T13:13:47.599901+00:00,22.38,0.3484,0.0,0.15,0.1576,0.284,5235.99,1,12.8883,180.866,step
2026-09-01T13:13:47.601038+00:00,22.213,0.3522,0.0,0.15,0.1527,0.2856,5235.99,1,12.8306,180.886,step
2026-09-01T13:13:47.602236+00:00,21.76,0.3558,0.0,0.15,0.1479,0.2871,5235.99,1,12.7752,180.906,step
2026-09-01T13:13:47.603414+00:00,21.316,0.3592,0.8,0.0,0.1432,0.2885,5235.99,1,12.722,180.926,step
2026-09-01T13:13:47.604546+00:00,21.806,0.3625,0.0,0.15,0.1385,0.2897,5235.99,1,12.6701,180.946,step
2026-09-01T13:13:47.605715+00:00,21.647,0.366,0.0,0.15,0.1337,0.291,5235.99,1,12.6164,180.966,step
2026-09-01T13:13:47.606858+00:00,21.195,0.3693,0.8,0.0,0.129,0.2923,5235.99,1,12.5647,180.986,step
2026-09-01T13:13:47.608004+00:00,21.696,0.3725,0.0,0.15,0.1243,0.2933,5235.99,1,12.5144,181.006,step
2026-09-01T13:13:47.609203+00:00,21.526,0.3758,0.0,0.15,0.1195,0.2945,5235.99,1,12.4622,181.026,step
2026-09-01T13:13:47.610480+00:00,21.073,0.379,0.0,0.15,0.1148,0.2955,5235.99,1,12.4122,181.046,step
2026-09-01T13:13:47.611648+00:00,20.63,0.3821,0.8,0.0,0.1102,0.2965,5235.99,1,12.3641,181.066,step
2026-09-01T13:13:47.612810+00:00,21.123,0.385,0.0,0.15,0.1055,0.2973,5235.99,1,12.3174,181.086,step
2026-09-01T13:13:47.613963+00:00,20.962,0.3881,0.0,0.15,0.1008,0.2982,5235.99,1,12.2687,181.106,step
2026-09-01T13:13:47.615170+00:00,20.509,0.3911,0.8,0.0,0.0962,0.299,5235.99,1,12.2219,181.126,step
2026-09-01T13:13:47.616392+00:00,21.014,0.3939,0.0,0.15,0.0916,0.2997,5235.99,1,12.1765,181.146,step
2026-09-01T13:13:47.617576+00:00,20.842,0.3969,0.0,0.15,0.0869,0.3004,5235.99,1,12.1292,181.166,step
2026-09-01T13:13:47.618825+00:00,20.388,0.3997,0.8,0.0,0.0823,0.3011,5235.99,1,12.0839,181.186,step
2026-09-01T13:13:47.619962+00:00,20.892,0.4025,0.0,0.15,0.0776,0.3016,5235.99,1,12.0401,181.206,step
2026-09-01T13:13:47.621102+00:00,20.722,0.4054,0.0,0.15,0.0729,0.3023,5235.99,1,11.9943,181.226,step
2026-09-01T13:13:47.622266+00:00,20.267,0.4083,0.0,0.15,0.0683,0.3031,5235.99,1,11.9505,181.246,step
2026-09-01T13:13:47.623434+00:00,19.823,0.4111,0.8,0.0,0.0639,0.3038,5235.99,1,11.9087,181.266,step
2026-09-01T13:13:47.624606+00:00,20.32,0.4138,0.0,0.15,0.0594,0.3044,5235.99,1,11.8681,181.286,step
2026-09-01T13:13:47.625782+00:00,20.157,0.4167,0.0,0.15,0.0548,0.3051,5235.99,1,11.8256,181.306,step
2026-09-01T13:13:47.626984+00:00,19.703,0.4194,0.8,0.0,0.0503,0.3057,5235.99,1,11.785,181.326,step
2026-09-01T13:13:47.628142+00:00,20.214,0.422,0.0,0.15,0.0458,0.3061,5235.99,1,11.7457,181.346,step
2026-09-01T13:13:47.629272+00:00,20.039,0.4248,0.0,0.15,0.0412,0.3067,5235.99,1,11.7044,181.366,step
2026-09-01T13:13:47.630395+00:00,19.584,0.4274,0.8,0.0,0.0367,0.3072,5235.99,1,11.6651,181.386,step
2026-09-01T13:13:47.631518+00:00,20.093,0.4299,0.0,0.15,0.0323,0.3075,5235.99,1,11.6273,181.406,step
2026-09-01T13:13:47.632677+00:00,19.919,0.4325,0.0,0.15,0.0277,0.308,5235.99,1,11.5874,181.426,step
2026-09-01T13:13:47.633840+00:00,19.463,0.435,0.8,0.0,0.0233,0.3083,5235.99,1,11.5497,181.446,step
2026-09-01T13:13:47.634973+00:00,19.971,0.4374,0.0,0.15,0.0188,0.3085,5235.99,1,11.5134,181.466,step
2026-09-01T13:13:47.636113+00:00,19.799,0.4399,0.0,0.15,0.0143,0.3089,5235.99,1,11.475,181.486,step
2026-09-01T13:13:47.637250+00:00,19.343,0.4423,0.8,0.0,0.0099,0.3091,5235.99,1,11.4387,181.506,step
2026-09-01T13:13:47.638386+00:00,19.852,0.4446,0.0,0.15,0.0055,0.3092,5235.99,1,11.4037,181.526,step
2026-09-01T13:13:47.639487+00:00,19.679,0.447,0.0,0.15,0.001,0.3094,5235.99,1,11.3669,181.546,step
2026-09-01T13:13:47.640593+00:00,19.223,0.4492,0.8,0.0,-0.0033,0.3095,5235.99,1,11.332,181.566,step
2026-09-01T13:13:47.641702+00:00,19.734,0.4514,0.0,0.15,-0.0077,0.3095,5235.99,1,11.2985,181.586,step
2026-09-01T13:13:47.642832+00:00,19.56,0.4537,0.0,0.15,-0.0122,0.3095,5235.99,1,11.2629,181.606,step
2026-09-01T13:13:47.644052+00:00,19.104,0.4559,0.0,0.15,-0.0165,0.3095,5235.99,1,11.2293,181.626,step
2026-09-01T13:13:47.645175+00:00,18.66,0.4579,0.8,0.0,-0.0207,0.3095,5235.99,1,11.1973,181.646,step
2026-09-01T13:13:47.646261+00:00,19.165,0.4599,0.0,0.15,-0.0249,0.3093,5235.99,1,11.1665,181.666,step
2026-09-01T13:13:47.647341+00:00,18.997,0.462,0.0,0.15,-0.0292,0.3092,5235.99,1,11.1337,181.686,step
2026-09-01T13:13:47.648447+00:00,18.542,0.464,0.8,0.0,-0.0333,0.3091,5235.99,1,11.1026,181.706,step
2026-09-01T13:13:47.649501+00:00,19.059,0.4658,0.0,0.15,-0.0375,0.3089,5235.99,1,11.0728,181.726,step
2026-09-01T13:13:47.650619+00:00,18.88,0.4679,0.0,0.15,-0.0418,0.3087,5235.99,1,11.041,181.746,step
2026-09-01T13:13:47.651772+00:00,18.424,0.4697,0.8,0.0,-0.0459,0.3085,5235.99,1,11.011,181.766,step
2026-09-01T13:13:47.652854+00:00,18.939,0.4715,0.0,0.15,-0.05,0.3082,5235.99,1,10.9824,181.786,step
2026-09-01T13:13:47.653948+00:00,18.761,0.4735,0.0,0.15,-0.0542,0.308,5235.99,1,10.9518,181.806,step
2026-09-01T13:13:47.655063+00:00,18.305,0.4752,0.8,0.0,-0.0582,0.3077,5235.99,1,10.923,181.826,step
2026-09-01T13:13:47.656152+00:00,18.819,0.4769,0.0,0.15,-0.0623,0.3072,5235.99,1,10.8955,181.846,step
2026-09-01T13:13:47.657224+00:00,18.642,0.4788,0.0,0.15,-0.0664,0.3069,5235.99,1,10.8662,181.866,step
2026-09-01T13:13:47.658328+00:00,18.186,0.4805,0.8,0.0,-0.0704,0.3066,5235.99,1,10.8386,181.886,step
2026-09-01T13:13:47.659405+00:00,18.701,0.4821,0.0,0.15,-0.0744,0.3061,5235.99,1,10.8124,181.906,step
2026-09-01T13:13:47.660545+00:00,18.523,0.4838,0.0,0.15,-0.0785,0.3057,5235.99,1,10.7841,181.926,step
2026-09-01T13:13:47.661688+00:00,18.067,0.4854,0.8,0.0,-0.0825,0.3052,5235.99,1,10.7577,181.946,step
2026-09-01T13:13:47.662805+00:00,18.584,0.4869,0.0,0.15,-0.0864,0.3047,5235.99,1,10.7326,181.966,step
2026-09-01T13:13:47.663935+00:00,18.404,0.4886,0.0,0.15,-0.0904,0.3042,5235.99,1,10.7056,181.986,step
2026-09-01T13:13:47.665040+00:00,17.948,0.4901,0.8,0.0,-0.0943,0.3037,5235.99,1,10.6803,182.006,step
2026-09-01T13:13:47.666180+00:00,18.465,0.4915,0.0,0.15,-0.0982,0.303,5235.99,1,10.6564,182.026,step
2026-09-01T13:13:47.667351+00:00,18.286,0.4931,0.0,0.15,-0.1021,0.3025,5235.99,1,10.6305,182.046,step
2026-09-01T13:13:47.668509+00:00,17.83,0.4945,0.8,0.0,-0.1059,0.3019,5235.99,1,10.6063,182.066,step
2026-09-01T13:13:47.669777+00:00,18.347,0.4958,0.0,0.15,-0.1097,0.3012,5235.99,1,10.5835,182.086,step
2026-09-01T13:13:47.670890+00:00,18.167,0.4973,0.0,0.15,-0.1136,0.3006,5235.99,1,10.5587,182.106,step
2026-09-01T13:13:47.671997+00:00,17.712,0.4987,0.8,0.0,-0.1174,0.3,5235.99,1,10.5355,182.126,step
2026-09-01T13:13:47.673129+00:00,18.229,0.4999,0.0,0.15,-0.1211,0.2992,5235.99,1,10.5138,182.146,step
2026-09-01T13:13:47.674240+00:00,18.049,0.5013,0.0,0.15,-0.1249,0.2986,5235.99,1,10.4901,182.166,step
2026-09-01T13:13:47.675407+00:00,17.593,0.5026,0.8,0.0,-0.1286,0.2979,5235.99,1,10.4679,182.186,step
2026-09-01T13:13:47.676606+00:00,18.111,0.5038,0.0,0.15,-0.1323,0.2971,5235.99,1,10.4473,182.206,step
2026-09-01T13:13:47.677805+00:00,17.931,0.5051,0.0,0.15,-0.136,0.2964,5235.99,1,10.4246,182.226,step
2026-09-01T13:13:47.678989+00:00,17.475,0.5063,0.8,0.0,-0.1396,0.2956,5235.99,1,10.4036,182.246,step
2026-09-01T13:13:47.680101+00:00,17.994,0.5074,0.0,0.15,-0.1432,0.2947,5235.99,1,10.3839,182.266,step
2026-09-01T13:13:47.681259+00:00,17.813,0.5086,0.0,0.15,-0.1469,0.294,5235.99,1,10.3621,182.286,step
2026-09-01T13:13:47.682430+00:00,17.357,0.5098,0.8,0.0,-0.1504,0.2932,5235.99,1,10.3422,182.306,step
2026-09-01T13:13:47.683652+00:00,17.876,0.5108,0.0,0.15,-0.154,0.2923,5235.99,1,10.3235,182.326,step
2026-09-01T13:13:47.684853+00:00,17.694,0.512,0.0,0.15,-0.1576,0.2915,5235.99,1,10.3029,182.346,step
2026-09-01T13:13:47.686149+00:00,17.239,0.513,0.8,0.0,-0.161,0.2906,5235.99,1,10.2839,182.366,step
2026-09-01T13:13:47.687304+00:00,17.759,0.514,0.0,0.15,-0.1645,0.2897,5235.99,1,10.2663,182.386,step
2026-09-01T13:13:47.688525+00:00,17.576,0.5151,0.0,0.15,-0.168,0.2888,5235.99,1,10.2466,182.406,step
2026-09-01T13:13:47.689698+00:00,17.121,0.5161,0.8,0.0,-0.1714,0.2879,5235.99,1,10.2286,182.426,step
2026-09-01T13:13:47.690858+00:00,17.641,0.5169,0.0,0.15,-0.1748,0.2869,5235.99,1,10.2119,182.446,step
2026-09-01T13:13:47.692075+00:00,17.458,0.518,0.0,0.15,-0.1782,0.2861,5235.99,1,10.1933,182.466,step
2026-09-01T13:13:47.693261+00:00,17.003,0.5189,0.8,0.0,-0.1816,0.2851,5235.99,1,10.1762,182.486,step
2026-09-01T13:13:47.694533+00:00,17.524,0.5197,0.0,0.15,-0.1849,0.2841,5235.99,1,10.1605,182.506,step
2026-09-01T13:13:47.695738+00:00,17.34,0.5207,0.0,0.15,-0.1882,0.2832,5235.99,1,10.1428,182.526,step
2026-09-01T13:13:47.696841+00:00,16.885,0.5215,0.8,0.0,-0.1915,0.2822,5235.99,1,10.1268,182.546,step
2026-09-01T13:13:47.697917+00:00,17.406,0.5223,0.0,0.15,-0.1947,0.2811,5235.99,1,10.1121,182.566,step
2026-09-01T13:13:47.699032+00:00,17.222,0.5232,0.0,0.15,-0.198,0.2802,5235.99,1,10.0954,182.586,step
2026-09-01T13:13:47.700155+00:00,16.767,0.524,0.8,0.0,-0.2012,0.2792,5235.99,1,10.0802,182.606,step
2026-09-01T13:13:47.701348+00:00,17.289,0.5247,0.0,0.15,-0.2044,0.2781,5235.99,1,10.0663,182.626,step
2026-09-01T13:13:47.702584+00:00,17.104,0.5255,0.8,0.0,-0.2076,0.2771,5235.99,1,10.0505,182.646,step
2026-09-01T13:13:47.703708+00:00,17.627,0.5262,0.0,0.15,-0.2108,0.276,5235.99,1,10.0366,182.666,step
2026-09-01T13:13:47.704872+00:00,17.433,0.527,0.0,0.15,-0.214,0.275,5235.99,1,10.0206,182.686,step
2026-09-01T13:13:47.706040+00:00,16.978,0.5277,0.8,0.0,-0.2171,0.274,5235.99,1,10.0064,182.706,step
2026-09-01T13:13:47.707163+00:00,17.498,0.5284,0.0,0.15,-0.2203,0.2728,5235.99,1,9.99375,182.726,step
2026-09-01T13:13:47.708335+00:00,17.315,0.5291,0.0,0.15,-0.2234,0.2717,5235.99,1,9.97901,182.746,step
2026-09-01T13:13:47.709460+00:00,16.859,0.5298,0.8,0.0,-0.2265,0.2706,5235.99,1,9.96595,182.766,step
2026-09-01T13:13:47.710755+00:00,17.378,0.5303,0.0,0.15,-0.2295,0.2694,5235.99,1,9.95431,182.786,step
2026-09-01T13:13:47.711873+00:00,17.197,0.531,0.0,0.15,-0.2326,0.2684,5235.99,1,9.94061,182.806,step
2026-09-01T13:13:47.713016+00:00,16.742,0.5316,0.8,0.0,-0.2356,0.2672,5235.99,1,9.92847,182.826,step
2026-09-01T13:13:47.714133+00:00,17.264,0.5321,0.0,0.15,-0.2385,0.266,5235.99,1,9.91774,182.846,step
2026-09-01T13:13:47.715257+00:00,17.079,0.5327,0.0,0.15,-0.2415,0.2649,5235.99,1,9.90491,182.866,step
2026-09-01T13:13:47.716440+00:00,16.624,0.5332,0.8,0.0,-0.2444,0.2638,5235.99,1,9.89365,182.886,step
2026-09-01T13:13:47.717527+00:00,17.147,0.5337,0.0,0.15,-0.2473,0.2626,5235.99,1,9.88366,182.906,step
2026-09-01T13:13:47.718727+00:00,16.961,0.5343,0.0,0.15,-0.2502,0.2614,5235.99,1,9.87169,182.926,step
2026-09-01T13:13:47.719877+00:00,16.507,0.5347,0.8,0.0,-0.253,0.2603,5235.99,1,9.86123,182.946,step
2026-09-01T13:13:47.720976+00:00,17.029,0.5351,0.0,0.15,-0.2558,0.259,5235.99,1,9.85216,182.966,step
2026-09-01T13:13:47.722085+00:00,16.843,0.5357,0.0,0.15,-0.2587,0.2579,5235.99,1,9.84105,182.986,step
2026-09-01T13:13:47.723187+00:00,16.389,0.5361,0.8,0.0,-0.2614,0.2567,5235.99,1,9.8315,183.006,step
2026-09-01T13:13:47.724296+00:00,16.912,0.5364,0.0,0.15,-0.2641,0.2555,5235.99,1,9.82325,183.026,step
2026-09-01T13:13:47.725382+00:00,16.726,0.5369,0.8,0.0,-0.2669,0.2543,5235.99,1,9.81294,183.046,step
2026-09-01T13:13:47.726597+00:00,17.25,0.5372,0.0,0.15,-0.2696,0.253,5235.99,1,9.80473,183.066,step
2026-09-01T13:13:47.727781+00:00,17.055,0.5377,0.0,0.15,-0.2724,0.2519,5235.99,1,9.79441,183.086,step
2026-09-01T13:13:47.728868+00:00,16.601,0.5381,0.8,0.0,-0.2751,0.2507,5235.99,1,9.7858,183.106,step
2026-09-01T13:13:47.729942+00:00,17.122,0.5384,0.0,0.15,-0.2778,0.2494,5235.99,1,9.7787,183.126,step
2026-09-01T13:13:47.731048+00:00,16.937,0.5388,0.0,0.15,-0.2805,0.2482,5235.99,1,9.76949,183.146,step
2026-09-01T13:13:47.732126+00:00,16.482,0.5391,0.8,0.0,-0.2831,0.2469,5235.99,1,9.76195,183.166,step
2026-09-01T13:13:47.733202+00:00,17.002,0.5393,0.0,0.15,-0.2856,0.2456,5235.99,1,9.75579,183.186,step
2026-09-01T13:13:47.734299+00:00,16.819,0.5396,0.0,0.15,-0.2883,0.2444,5235.99,1,9.74754,183.206,step
2026-09-01T13:13:47.735482+00:00,16.364,0.5399,0.8,0.0,-0.2908,0.2432,5235.99,1,9.74084,183.226,step
2026-09-01T13:13:47.736565+00:00,16.888,0.5401,0.0,0.15,-0.2933,0.2418,5235.99,1,9.73546,183.246,step
2026-09-01T13:13:47.737686+00:00,16.701,0.5404,0.0,0.15,-0.2958,0.2406,5235.99,1,9.72803,183.266,step
2026-09-01T13:13:47.738796+00:00,16.247,0.5406,0.8,0.0,-0.2982,0.2394,5235.99,1,9.72199,183.286,step
2026-09-01T13:13:47.739901+00:00,16.771,0.5408,0.0,0.15,-0.3007,0.238,5235.99,1,9.71741,183.306,step
2026-09-01T13:13:47.741027+00:00,16.584,0.541,0.0,0.15,-0.3031,0.2368,5235.99,1,9.71077,183.326,step
2026-09-01T13:13:47.742150+00:00,16.13,0.5412,0.8,0.0,-0.3055,0.2356,5235.99,1,9.70558,183.346,step
2026-09-01T13:13:47.743263+00:00,16.654,0.5413,0.0,0.15,-0.3078,0.2342,5235.99,1,9.7017,183.366,step
2026-09-01T13:13:47.744409+00:00,16.466,0.5415,0.8,0.0,-0.3102,0.233,5235.99,1,9.69576,183.386,step
2026-09-01T13:13:47.745508+00:00,16.991,0.5416,0.0,0.15,-0.3126,0.2316,5235.99,1,9.69208,183.406,step
2026-09-01T13:13:47.746583+00:00,16.795,0.5418,0.0,0.15,-0.315,0.2304,5235.99,1,9.68628,183.426,step
2026-09-01T13:13:47.747725+00:00,16.341,0.5419,0.8,0.0,-0.3173,0.2291,5235.99,1,9.68203,183.446,step
2026-09-01T13:13:47.748805+00:00,16.864,0.542,0.0,0.15,-0.3196,0.2277,5235.99,1,9.67931,183.466,step
2026-09-01T13:13:47.749952+00:00,16.677,0.5421,0.0,0.15,-0.3219,0.2265,5235.99,1,9.67456,183.486,step
2026-09-01T13:13:47.751074+00:00,16.223,0.5422,0.8,0.0,-0.3241,0.2252,5235.99,1,9.67128,183.506,step
2026-09-01T13:13:47.752294+00:00,16.744,0.5422,0.0,0.15,-0.3263,0.2238,5235.99,1,9.66937,183.526,step
2026-09-01T13:13:47.753399+00:00,16.559,0.5423,0.0,0.15,-0.3286,0.2226,5235.99,1,9.66542,183.546,step
2026-09-01T13:13:47.754534+00:00,16.105,0.5424,0.8,0.0,-0.3307,0.2213,5235.99,1,9.66287,183.566,step
2026-09-01T13:13:47.755720+00:00,16.63,0.5423,0.0,0.15,-0.3328,0.2199,5235.99,1,9.66164,183.586,step
2026-09-01T13:13:47.756855+00:00,16.441,0.5424,0.8,0.0,-0.335,0.2187,5235.99,1,9.65835,183.606,step
2026-09-01T13:13:47.757974+00:00,16.968,0.5424,0.0,0.15,-0.3371,0.2173,5235.99,1,9.65726,183.626,step
2026-09-01T13:13:47.759103+00:00,16.771,0.5425,0.0,0.15,-0.3393,0.216,5235.99,1,9.65399,183.646,step
2026-09-01T13:13:47.760386+00:00,16.318,0.5425,0.8,0.0,-0.3414,0.2147,5235.99,1,9.65225,183.666,step
2026-09-01T13:13:47.761574+00:00,16.84,0.5424,0.0,0.15,-0.3434,0.2133,5235.99,1,9.65211,183.686,step
2026-09-01T13:13:47.762738+00:00,16.654,0.5424,0.0,0.15,-0.3455,0.212,5235.99,1,9.64989,183.706,step
2026-09-01T13:13:47.764123+00:00,16.199,0.5423,0.8,0.0,-0.3475,0.2107,5235.99,1,9.64915,183.726,step
2026-09-01T13:13:47.765441+00:00,16.72,0.5422,0.0,0.15,-0.3495,0.2093,5235.99,1,9.64984,183.746,step
2026-09-01T13:13:47.766678+00:00,16.535,0.5422,0.0,0.15,-0.3515,0.208,5235.99,1,9.6485,183.766,step
2026-09-01T13:13:47.778116+00:00,16.081,0.5421,0.8,0.0,-0.3534,0.2067,5235.99,1,9.64855,183.786,step
2026-09-01T13:13:47.780185+00:00,16.606,0.5419,0.0,0.15,-0.3553,0.2053,5235.99,1,9.64995,183.806,step
2026-09-01T13:13:47.782229+00:00,16.417,0.5419,0.8,0.0,-0.3573,0.2041,5235.99,1,9.64932,183.826,step
2026-09-01T13:13:47.785379+00:00,16.945,0.5417,0.0,0.15,-0.3592,0.2027,5235.99,1,9.65095,183.846,step
2026-09-01T13:13:47.789300+00:00,16.747,0.5417,0.0,0.15,-0.3611,0.2014,5235.99,1,9.65042,183.866,step
2026-09-01T13:13:47.792701+00:00,16.294,0.5416,0.8,0.0,-0.363,0.2001,5235.99,1,9.65142,183.886,step
2026-09-01T13:13:47.795724+00:00,16.816,0.5413,0.0,0.15,-0.3648,0.1987,5235.99,1,9.65405,183.906,step
2026-09-01T13:13:47.798047+00:00,16.63,0.5412,0.0,0.15,-0.3667,0.1974,5235.99,1,9.65449,183.926,step
2026-09-01T13:13:47.800109+00:00,16.175,0.5411,0.8,0.0,-0.3684,0.1961,5235.99,1,9.65636,183.946,step
2026-09-01T13:13:47.802640+00:00,16.696,0.5408,0.0,0.15,-0.3702,0.1947,5235.99,1,9.65971,183.966,step
2026-09-01T13:13:47.805701+00:00,16.511,0.5407,0.8,0.0,-0.372,0.1934,5235.99,1,9.66101,183.986,step
2026-09-01T13:13:47.808671+00:00,17.037,0.5404,0.0,0.15,-0.3738,0.1919,5235.99,1,9.66463,184.006,step
2026-09-01T13:13:47.810639+00:00,16.841,0.5403,0.0,0.15,-0.3756,0.1907,5235.99,1,9.66597,184.026,step
2026-09-01T13:13:47.812520+00:00,16.387,0.5401,0.8,0.0,-0.3772,0.1893,5235.99,1,9.66876,184.046,step
2026-09-01T13:13:47.814685+00:00,16.91,0.5397,0.0,0.15,-0.3789,0.1878,5235.99,1,9.67321,184.066,step
2026-09-01T13:13:47.817361+00:00,16.723,0.5395,0.0,0.15,-0.3806,0.1865,5235.99,1,9.67556,184.086,step
2026-09-01T13:13:47.820337+00:00,16.268,0.5393,0.8,0.0,-0.3823,0.1852,5235.99,1,9.67938,184.106,step
2026-09-01T13:13:47.822084+00:00,16.79,0.5389,0.0,0.15,-0.3839,0.1837,5235.99,1,9.68455,184.126,step
2026-09-01T13:13:47.823622+00:00,16.605,0.5387,0.0,0.15,-0.3855,0.1824,5235.99,1,9.68764,184.146,step
2026-09-01T13:13:47.825084+00:00,16.151,0.5384,0.8,0.0,-0.387,0.181,5235.99,1,9.69207,184.166,step
2026-09-01T13:13:47.827342+00:00,16.675,0.538,0.0,0.15,-0.3886,0.1796,5235.99,1,9.69782,184.186,step
2026-09-01T13:13:47.829164+00:00,16.488,0.5377,0.8,0.0,-0.3901,0.1783,5235.99,1,9.7015,184.206,step
2026-09-01T13:13:47.830571+00:00,17.014,0.5373,0.0,0.15,-0.3917,0.1769,5235.99,1,9.70756,184.226,step
2026-09-01T13:13:47.832269+00:00,16.817,0.5371,0.0,0.15,-0.3932,0.1756,5235.99,1,9.7113,184.246,step
2026-09-01T13:13:47.833678+00:00,16.364,0.5368,0.8,0.0,-0.3947,0.1742,5235.99,1,9.71648,184.266,step
2026-09-01T13:13:47.835462+00:00,16.886,0.5363,0.0,0.15,-0.3962,0.1728,5235.99,1,9.7234,184.286,step
2026-09-01T13:13:47.838086+00:00,16.7,0.536,0.0,0.15,-0.3976,0.1715,5235.99,1,9.7281,184.306,step
2026-09-01T13:13:47.839568+00:00,16.245,0.5357,0.8,0.0,-0.399,0.1702,5235.99,1,9.73419,184.326,step
2026-09-01T13:13:47.841196+00:00,16.766,0.5352,0.0,0.15,-0.4004,0.1688,5235.99,1,9.74184,184.346,step
2026-09-01T13:13:47.842809+00:00,16.581,0.5349,0.8,0.0,-0.4018,0.1675,5235.99,1,9.74729,184.366,step
2026-09-01T13:13:47.844999+00:00,17.106,0.5344,0.0,0.15,-0.4032,0.166,5235.99,1,9.75508,184.386,step
2026-09-01T13:13:47.846587+00:00,16.911,0.5341,0.0,0.15,-0.4046,0.1647,5235.99,1,9.76059,184.406,step
2026-09-01T13:13:47.847896+00:00,16.457,0.5337,0.8,0.0,-0.4059,0.1634,5235.99,1,9.76752,184.426,step
2026-09-01T13:13:47.849193+00:00,16.98,0.5332,0.0,0.15,-0.4072,0.162,5235.99,1,9.77618,184.446,step
2026-09-01T13:13:47.850506+00:00,16.793,0.5329,0.0,0.15,-0.4086,0.1607,5235.99,1,9.78258,184.466,step
2026-09-01T13:13:47.851727+00:00,16.338,0.5324,0.8,0.0,-0.4098,0.1594,5235.99,1,9.79037,184.486,step
2026-09-01T13:13:47.853369+00:00,16.86,0.5319,0.0,0.15,-0.411,0.158,5235.99,1,9.79957,184.506,step
2026-09-01T13:13:47.854789+00:00,16.675,0.5315,0.8,0.0,-0.4123,0.1567,5235.99,1,9.80666,184.526,step
2026-09-01T13:13:47.856101+00:00,17.199,0.531,0.0,0.15,-0.4135,0.1553,5235.99,1,9.8162,184.546,step
2026-09-01T13:13:47.857419+00:00,17.004,0.5306,0.0,0.15,-0.4148,0.154,5235.99,1,9.82346,184.566,step
2026-09-01T13:13:47.858739+00:00,16.55,0.5302,0.8,0.0,-0.4159,0.1527,5235.99,1,9.83208,184.586,step
2026-09-01T13:13:47.860636+00:00,17.073,0.5296,0.0,0.15,-0.4171,0.1513,5235.99,1,9.84232,184.606,step
2026-09-01T13:13:47.862159+00:00,16.886,0.5292,0.0,0.15,-0.4183,0.1501,5235.99,1,9.85041,184.626,step
2026-09-01T13:13:47.863334+00:00,16.432,0.5287,0.8,0.0,-0.4194,0.1488,5235.99,1,9.85976,184.646,step
2026-09-01T13:13:47.864530+00:00,16.952,0.5281,0.0,0.15,-0.4205,0.1474,5235.99,1,9.87069,184.666,step
2026-09-01T13:13:47.865980+00:00,16.768,0.5277,0.8,0.0,-0.4216,0.1461,5235.99,1,9.87937,184.686,step
2026-09-01T13:13:47.867168+00:00,17.292,0.5271,0.0,0.15,-0.4226,0.1447,5235.99,1,9.89048,184.706,step
2026-09-01T13:13:47.868706+00:00,17.097,0.5267,0.0,0.15,-0.4237,0.1435,5235.99,1,9.89927,184.726,step
2026-09-01T13:13:47.869901+00:00,16.643,0.5262,0.8,0.0,-0.4248,0.1422,5235.99,1,9.90943,184.746,step
2026-09-01T13:13:47.871304+00:00,17.165,0.5256,0.0,0.15,-0.4258,0.1409,5235.99,1,9.92124,184.766,step
2026-09-01T13:13:47.872618+00:00,16.979,0.5251,0.8,0.0,-0.4268,0.1396,5235.99,1,9.93087,184.786,step
2026-09-01T13:13:47.873873+00:00,17.5,0.5245,0.0,0.15,-0.4278,0.1382,5235.99,1,9.94298,184.806,step
2026-09-01T13:13:47.875076+00:00,17.309,0.524,0.0,0.15,-0.4288,0.137,5235.99,1,9.95273,184.826,step
2026-09-01T13:13:47.876624+00:00,16.854,0.5235,0.8,0.0,-0.4297,0.1357,5235.99,1,9.96387,184.846,step
2026-09-01T13:13:47.877885+00:00,17.374,0.5228,0.0,0.15,-0.4307,0.1344,5235.99,1,9.9767,184.866,step
2026-09-01T13:13:47.879046+00:00,17.191,0.5223,0.0,0.15,-0.4316,0.1331,5235.99,1,9.98734,184.886,step
2026-09-01T13:13:47.880399+00:00,16.736,0.5217,0.8,0.0,-0.4325,0.1319,5235.99,1,9.99916,184.906,step
2026-09-01T13:13:47.881635+00:00,17.256,0.5211,0.0,0.15,-0.4333,0.1305,5235.99,1,10.0126,184.926,step
2026-09-01T13:13:47.882861+00:00,17.073,0.5206,0.8,0.0,-0.4342,0.1293,5235.99,1,10.0238,184.946,step
2026-09-01T13:13:47.883982+00:00,17.596,0.5199,0.0,0.15,-0.4351,0.128,5235.99,1,10.0374,184.966,step
2026-09-01T13:13:47.885359+00:00,17.402,0.5194,0.0,0.15,-0.4359,0.1268,5235.99,1,10.0486,184.986,step
2026-09-01T13:13:47.886592+00:00,16.948,0.5188,0.8,0.0,-0.4367,0.1256,5235.99,1,10.0611,185.006,step
2026-09-01T13:13:47.887762+00:00,17.468,0.5181,0.0,0.15,-0.4375,0.1242,5235.99,1,10.0754,185.026,step
2026-09-01T13:13:47.888966+00:00,17.284,0.5176,0.8,0.0,-0.4383,0.123,5235.99,1,10.0873,185.046,step
2026-09-01T13:13:47.890123+00:00,17.803,0.5169,0.0,0.15,-0.439,0.1217,5235.99,1,10.1019,185.066,step
2026-09-01T13:13:47.891332+00:00,17.614,0.5163,0.0,0.15,-0.4398,0.1205,5235.99,1,10.1141,185.086,step
2026-09-01T13:13:47.892541+00:00,17.158,0.5157,0.8,0.0,-0.4405,0.1193,5235.99,1,10.1275,185.106,step
2026-09-01T13:13:47.893987+00:00,17.677,0.515,0.0,0.15,-0.4412,0.118,5235.99,1,10.1429,185.126,step
2026-09-01T13:13:47.895353+00:00,17.495,0.5144,0.0,0.15,-0.4419,0.1168,5235.99,1,10.1558,185.146,step
2026-09-01T13:13:47.896515+00:00,17.04,0.5138,0.8,0.0,-0.4426,0.1156,5235.99,1,10.1703,185.166,step
2026-09-01T13:13:47.897791+00:00,17.559,0.5131,0.0,0.15,-0.4432,0.1143,5235.99,1,10.1879,185.186,step
2026-09-01T13:13:47.899135+00:00,17.377,0.5125,0.8,0.0,-0.4439,0.1132,5235.99,1,10.2046,185.206,step
2026-09-01T13:13:47.900523+00:00,17.899,0.5118,0.0,0.15,-0.4445,0.1119,5235.99,1,10.225,185.226,step
2026-09-01T13:13:47.902222+00:00,17.706,0.5112,0.0,0.15,-0.4451,0.1108,5235.99,1,10.2447,185.246,step
2026-09-01T13:13:47.903532+00:00,17.252,0.5105,0.8,0.0,-0.4457,0.1096,5235.99,1,10.2671,185.266,step
2026-09-01T13:13:47.904804+00:00,17.771,0.5098,0.0,0.15,-0.4463,0.1083,5235.99,1,10.2932,185.286,step
2026-09-01T13:13:47.906118+00:00,17.588,0.5092,0.8,0.0,-0.4468,0.1072,5235.99,1,10.3185,185.306,step
2026-09-01T13:13:47.907372+00:00,18.106,0.5084,0.0,0.15,-0.4474,0.1059,5235.99,1,10.3483,185.326,step
2026-09-01T13:13:47.908660+00:00,17.918,0.5078,0.0,0.15,-0.4479,0.1048,5235.99,1,10.3774,185.346,step
2026-09-01T13:13:47.909904+00:00,17.462,0.5071,0.8,0.0,-0.4484,0.1037,5235.99,1,10.4097,185.366,step
2026-09-01T13:13:47.911288+00:00,17.979,0.5064,0.8,0.0,-0.4489,0.1024,5235.99,1,10.446,185.386,step
2026-09-01T13:13:47.912545+00:00,18.692,0.5055,0.0,0.15,-0.4494,0.101,5235.99,1,10.4875,185.406,step
2026-09-01T13:13:47.913834+00:00,18.521,0.5049,0.0,0.15,-0.4499,0.0999,5235.99,1,10.5265,185.426,step
2026-09-01T13:13:47.915069+00:00,18.062,0.5042,0.8,0.0,-0.4503,0.0988,5235.99,1,10.5684,185.446,step
2026-09-01T13:13:47.916360+00:00,18.58,0.5034,0.0,0.15,-0.4508,0.0976,5235.99,1,10.6154,185.466,step
2026-09-01T13:13:47.917653+00:00,18.399,0.5028,0.8,0.0,-0.4512,0.0965,5235.99,1,10.6623,185.486,step
2026-09-01T13:13:47.918958+00:00,18.91,0.502,0.0,0.15,-0.4516,0.0952,5235.99,1,10.7156,185.506,step
2026-09-01T13:13:47.920118+00:00,18.728,0.5013,0.0,0.15,-0.452,0.0941,5235.99,1,10.7692,185.526,step
2026-09-01T13:13:47.921301+00:00,18.272,0.5005,0.8,0.0,-0.4524,0.0929,5235.99,1,10.8264,185.546,step
2026-09-01T13:13:47.922550+00:00,18.783,0.4996,0.8,0.0,-0.4527,0.0916,5235.99,1,10.8895,185.566,step
2026-09-01T13:13:47.923822+00:00,19.494,0.4987,0.0,0.15,-0.4531,0.0902,5235.99,1,10.9606,185.586,step
2026-09-01T13:13:47.925017+00:00,19.332,0.498,0.0,0.15,-0.4534,0.0891,5235.99,1,11.0292,185.606,step
2026-09-01T13:13:47.926251+00:00,18.873,0.4972,0.8,0.0,-0.4537,0.0879,5235.99,1,11.1014,185.626,step
2026-09-01T13:13:47.927594+00:00,19.387,0.4963,0.8,0.0,-0.454,0.0867,5235.99,1,11.1809,185.646,step
2026-09-01T13:13:47.928777+00:00,20.101,0.4954,0.0,0.15,-0.4543,0.0853,5235.99,1,11.2702,185.666,step
2026-09-01T13:13:47.929971+00:00,19.932,0.4946,0.0,0.15,-0.4546,0.0842,5235.99,1,11.3576,185.686,step
2026-09-01T13:13:47.931163+00:00,19.473,0.4938,0.8,0.0,-0.4548,0.083,5235.99,1,11.4497,185.706,step
2026-09-01T13:13:47.932389+00:00,19.978,0.4929,0.8,0.0,-0.455,0.0818,5235.99,1,11.5514,185.726,step
2026-09-01T13:13:47.933600+00:00,20.69,0.4919,0.0,0.15,-0.4553,0.0804,5235.99,1,11.6654,185.746,step
2026-09-01T13:13:47.934814+00:00,20.532,0.4911,0.8,0.0,-0.4555,0.0792,5235.99,1,11.778,185.766,step
2026-09-01T13:13:47.936140+00:00,21.044,0.4902,0.0,0.15,-0.4557,0.078,5235.99,1,11.9008,185.786,step
2026-09-01T13:13:47.937333+00:00,20.859,0.4895,0.8,0.0,-0.4559,0.0769,5235.99,1,12.0275,185.806,step
2026-09-01T13:13:47.938532+00:00,21.36,0.4885,0.8,0.0,-0.456,0.0757,5235.99,1,12.1675,185.826,step
2026-09-01T13:13:47.939757+00:00,22.077,0.4875,0.0,0.15,-0.4562,0.0742,5235.99,1,12.3257,185.846,step
2026-09-01T13:13:47.940971+00:00,21.909,0.4867,0.8,0.0,-0.4563,0.0731,5235.99,1,12.4835,185.866,step
2026-09-01T13:13:47.942167+00:00,22.409,0.4857,0.0,0.15,-0.4564,0.0719,5235.99,1,12.6566,185.886,step
2026-09-01T13:13:47.943339+00:00,22.235,0.4849,0.8,0.0,-0.4565,0.0708,5235.99,1,12.8375,185.906,step
2026-09-01T13:13:47.944659+00:00,22.726,0.4839,0.8,0.0,-0.4566,0.0695,5235.99,1,13.037,185.926,step
2026-09-01T13:13:47.945794+00:00,23.439,0.4828,0.8,0.0,-0.4566,0.0681,5235.99,1,13.2632,185.946,step
2026-09-01T13:13:47.946988+00:00,24.172,0.4816,0.0,0.15,-0.4567,0.0666,5235.99,1,13.5117,185.966,step
2026-09-01T13:13:47.948168+00:00,24.004,0.4808,0.8,0.0,-0.4568,0.0655,5235.99,1,13.7609,185.986,step
2026-09-01T13:13:47.949335+00:00,24.496,0.4798,0.8,0.0,-0.4568,0.0643,5235.99,1,14.0342,186.006,step
2026-09-01T13:13:47.950507+00:00,25.209,0.4787,0.8,0.0,-0.4568,0.0628,5235.99,1,14.3473,186.026,step
2026-09-01T13:13:47.951808+00:00,25.929,0.4775,0.8,0.0,-0.4568,0.0614,5235.99,1,14.6941,186.046,step
2026-09-01T13:13:47.952943+00:00,26.65,0.4763,0.8,0.0,-0.4568,0.0599,5235.99,1,15.075,186.066,step
2026-09-01T13:13:47.954128+00:00,27.367,0.4752,0.8,0.0,-0.4567,0.0585,5235.99,1,15.4938,186.086,step
2026-09-01T13:13:47.955359+00:00,28.078,0.4741,0.8,0.0,-0.4567,0.0572,5235.99,1,15.9568,186.106,step
2026-09-01T13:13:47.956556+00:00,28.784,0.473,0.8,0.0,-0.4566,0.0558,5235.99,1,16.4726,186.126,step
2026-09-01T13:13:47.957738+00:00,29.486,0.4718,0.15,0.0,-0.4565,0.0545,5235.99,1,17.0526,186.146,step
2026-09-01T13:13:47.958904+00:00,29.788,0.4711,0.15,0.0,-0.4564,0.0536,5235.99,1,17.6624,186.166,step
2026-09-01T13:13:47.960079+00:00,29.891,0.4707,0.15,0.0,-0.4562,0.0532,5235.99,1,18.2875,186.186,step
2026-09-01T13:13:47.961509+00:00,29.994,0.4702,0.15,0.0,-0.456,0.0528,5235.99,1,18.9897,186.206,step
2026-09-01T13:13:47.962658+00:00,30.1,0.4696,0.15,0.0,-0.4557,0.0523,5235.99,1,19.78,186.226,step
2026-09-01T13:13:47.963811+00:00,30.207,0.469,0.15,0.0,-0.4553,0.0517,5235.99,1,20.6666,186.246,step
2026-09-01T13:13:47.964937+00:00,30.316,0.4684,0.15,0.0,-0.455,0.0511,5235.99,1,21.6605,186.266,step
2026-09-01T13:13:47.966082+00:00,30.425,0.4678,0.15,0.0,-0.4546,0.0506,5235.99,1,22.7765,186.286,step
2026-09-01T13:13:47.967414+00:00,30.534,0.4672,0.15,0.0,-0.4542,0.0501,5235.99,1,24.0369,186.306,step
2026-09-01T13:13:47.968724+00:00,30.642,0.4667,0.15,0.0,-0.4539,0.0497,5235.99,1,25.4695,186.326,step
2026-09-01T13:13:47.969949+00:00,30.752,0.4661,0.15,0.0,-0.4535,0.0492,5235.99,1,27.1092,186.346,step
2026-09-01T13:13:47.971140+00:00,30.862,0.4656,0.15,0.0,-0.4531,0.0489,5235.99,1,28.9952,186.366,step
2026-09-01T13:13:47.972428+00:00,30.971,0.4652,0.15,0.0,-0.4527,0.0485,5235.99,1,31.1874,186.386,step
2026-09-01T13:13:47.973736+00:00,31.08,0.4647,0.15,0.0,-0.4523,0.0482,5235.99,1,33.7729,186.406,step
2026-09-01T13:13:47.975051+00:00,31.188,0.4643,0.15,0.0,-0.4519,0.0479,5235.99,1,36.8753,186.426,step
2026-09-01T13:13:47.976828+00:00,31.296,0.4638,0.15,0.0,-0.4515,0.0476,5235.99,1,40.6645,186.446,step
2026-09-01T13:13:47.978132+00:00,31.404,0.4633,0.15,0.0,-0.4511,0.0472,5235.99,1,45.3889,186.466,step
2026-09-01T13:13:47.979441+00:00,31.513,0.4628,0.15,0.0,-0.4506,0.0468,5235.99,1,51.4214,186.486,step
2026-09-01T13:13:47.980760+00:00,31.622,0.4623,0.8,0.0,-0.4502,0.0464,5235.99,1,59.3747,186.506,step
2026-09-01T13:13:47.982071+00:00,32.124,0.4614,0.8,0.0,-0.4497,0.0457,5590.53,1,70.9425,186.526,step
2026-09-01T13:13:47.983305+00:00,32.837,0.4539,0.8,0.0,-0.4492,0.0366,5871.98,1,90.1879,186.546,step
2026-09-01T13:13:47.984672+00:00,33.609,0.4453,0.8,0.0,-0.4486,0.0263,6130.07,1,125.825,186.566,step
2026-09-01T13:13:47.986032+00:00,34.419,0.4364,0.8,0.0,-0.4476,0.0157,6398.65,1,200.0,186.586,step
2026-09-01T13:13:47.987302+00:00,35.253,0.4271,0.8,0.0,-0.4465,0.0048,6715.17,1,200.0,186.606,step
2026-09-01T13:13:47.988576+00:00,36.099,0.4175,0.8,0.0,-0.4451,-0.0063,7126.75,1,200.0,186.626,step
2026-09-01T13:13:47.989864+00:00,36.948,0.4075,0.8,0.0,-0.4435,-0.0178,7693.13,1,200.0,186.646,step
2026-09-01T13:13:47.991119+00:00,37.792,-0.0031,0.8,0.0,-0.4416,-0.0298,8498.4,1,200.0,186.666,step
2026-09-01T13:13:47.992471+00:00,38.612,-0.013,0.8,0.0,-0.4396,-0.041,9771.47,1,200.0,186.686,step
2026-09-01T13:13:47.993877+00:00,39.436,0.1808,0.8,0.0,-0.4378,-0.0476,11094.9,1,181.271,186.706,step
2026-09-01T13:13:47.995109+00:00,40.273,0.1762,0.8,0.0,-0.4361,-0.0523,12322.4,1,164.704,186.726,step
2026-09-01T13:13:47.996320+00:00,41.135,0.1699,0.8,0.0,-0.4341,-0.0589,13483.5,1,146.122,186.746,step
2026-09-01T13:13:47.997620+00:00,42.032,0.1627,0.8,0.0,-0.4319,-0.0666,14608.9,1,129.129,186.766,step
2026-09-01T13:13:47.998852+00:00,42.959,0.1548,0.8,0.0,-0.4295,-0.0749,15698.6,1,114.6,186.786,step
2026-09-01T13:13:48.000407+00:00,43.91,0.1464,0.8,0.0,-0.4269,-0.0838,16758.1,1,102.315,186.806,step
2026-09-01T13:13:48.001598+00:00,44.876,0.1376,0.8,0.0,-0.4241,-0.0931,17784.8,1,91.8741,186.826,step
2026-09-01T13:13:48.002843+00:00,45.846,0.1281,0.8,0.0,-0.4211,-0.103,18774.9,1,82.8954,186.846,step
2026-09-01T13:13:48.004070+00:00,46.814,0.1181,0.8,0.0,-0.4179,-0.1135,19653.5,1,75.109,186.866,step
2026-09-01T13:13:48.005215+00:00,47.774,0.1075,0.8,0.0,-0.4144,-0.1245,19617.4,1,68.3127,186.886,step
2026-09-01T13:13:48.006403+00:00,48.725,0.0963,0.8,0.0,-0.4106,-0.1362,19572.3,1,62.3428,186.906,step
2026-09-01T13:13:48.007566+00:00,49.666,0.0845,0.8,0.0,-0.4065,-0.1484,19445.3,1,57.0764,186.926,step
2026-09-01T13:13:48.008973+00:00,50.594,0.0721,0.8,0.0,-0.4021,-0.1612,19415.4,2,52.4166,186.946,step
2026-09-01T13:13:48.010152+00:00,51.502,0.059,0.8,0.0,-0.3974,-0.1745,14454.7,2,48.2813,186.966,step
2026-09-01T13:13:48.011396+00:00,52.362,-0.1546,0.0,0.15,-0.3922,-0.1883,14433.4,2,44.6139,186.986,step
2026-09-01T13:13:48.012558+00:00,52.993,-0.1674,0.0,0.15,-0.3868,-0.201,9227.09,2,41.6833,187.006,step
2026-09-01T13:13:48.013721+00:00,53.411,-0.1771,0.0,0.15,-0.3812,-0.2096,7387.83,2,39.8258,187.026,step
2026-09-01T13:13:48.014866+00:00,53.538,-0.1834,0.0,0.15,-0.3752,-0.2138,6196.75,2,38.8922,187.046,step
2026-09-01T13:13:48.015951+00:00,53.139,-0.1862,0.0,0.15,-0.3685,-0.213,6014.11,2,38.8367,187.066,step
2026-09-01T13:13:48.017300+00:00,52.676,-0.187,0.0,0.15,-0.3611,-0.2094,5976.95,2,39.2816,187.086,step
2026-09-01T13:13:48.018656+00:00,52.219,-0.1867,0.0,0.15,-0.3534,-0.2043,5935.92,2,40.0292,187.106,step
2026-09-01T13:13:48.019786+00:00,51.766,-0.186,0.0,0.15,-0.3454,-0.1984,5885.01,2,40.9598,187.126,step
2026-09-01T13:13:48.020915+00:00,51.311,-0.185,0.0,0.15,-0.3375,-0.1922,5832.44,2,42.0126,187.146,step
2026-09-01T13:13:48.022073+00:00,50.852,-0.1839,0.0,0.15,-0.3297,-0.1859,5783.72,2,43.165,187.166,step
2026-09-01T13:13:48.023238+00:00,50.392,-0.1826,0.0,0.15,-0.3222,-0.1796,5733.27,2,44.4027,187.186,step
2026-09-01T13:13:48.024625+00:00,49.932,0.0187,0.8,0.0,-0.3149,-0.1734,5682.38,1,45.7201,187.206,step
2026-09-01T13:13:48.025758+00:00,49.872,0.0183,0.8,0.0,-0.3077,-0.1694,7847.97,1,46.5293,187.226,step
2026-09-01T13:13:48.027007+00:00,49.856,0.015,0.8,0.0,-0.3002,-0.1689,7859.65,1,46.4225,187.246,step
2026-09-01T13:13:48.028118+00:00,49.861,0.011,0.8,0.0,-0.2926,-0.1691,7755.62,1,46.0701,187.266,step
2026-09-01T13:13:48.029230+00:00,50.456,0.0067,0.8,0.0,-0.2848,-0.1696,9353.02,2,45.6812,187.286,step
2026-09-01T13:13:48.030385+00:00,51.135,0.0024,0.8,0.0,-0.2768,-0.17,6984.48,2,45.2874,187.306,step
2026-09-01T13:13:48.031602+00:00,51.112,-0.2017,0.0,0.15,-0.2688,-0.1702,6998.1,2,44.9545,187.326,step
2026-09-01T13:13:48.033008+00:00,50.78,-0.0046,0.8,0.0,-0.261,-0.1688,5784.81,2,45.023,187.346,step
2026-09-01T13:13:48.034223+00:00,51.038,-0.0064,0.8,0.0,-0.2534,-0.1663,6285.12,2,45.4209,187.366,step
2026-09-01T13:13:48.035372+00:00,51.674,-0.0095,0.8,0.0,-0.2457,-0.1655,6393.03,2,45.3664,187.386,step
2026-09-01T13:13:48.036659+00:00,52.338,-0.0131,0.8,0.0,-0.2379,-0.1651,6469.3,2,45.194,187.406,step
2026-09-01T13:13:48.037813+00:00,53.015,-0.0168,0.8,0.0,-0.2299,-0.1647,6538.01,2,45.016,187.426,step
2026-09-01T13:13:48.038969+00:00,53.698,-0.2204,0.0,0.15,-0.2219,-0.1642,6609.74,2,44.8599,187.446,step
2026-09-01T13:13:48.040122+00:00,53.583,-0.0228,0.8,0.0,-0.214,-0.1623,6106.77,2,45.0845,187.466,step
2026-09-01T13:13:48.041255+00:00,53.843,-0.0242,0.8,0.0,-0.2064,-0.1592,6641.4,2,45.6552,187.486,step
2026-09-01T13:13:48.042405+00:00,54.505,-0.0268,0.8,0.0,-0.1987,-0.1577,6778.01,2,45.8004,187.506,step
2026-09-01T13:13:48.043610+00:00,55.201,-0.0298,0.8,0.0,-0.1909,-0.1566,6878.7,2,45.8272,187.526,step
2026-09-01T13:13:48.044749+00:00,55.913,-0.0329,0.8,0.0,-0.183,-0.1554,6969.0,2,45.8469,187.546,step
2026-09-01T13:13:48.045867+00:00,56.637,-0.0359,0.8,0.0,-0.1751,-0.1543,7056.56,2,45.8891,187.566,step
2026-09-01T13:13:48.046999+00:00,57.368,-0.0388,0.8,0.0,-0.1671,-0.153,7148.66,2,45.9627,187.586,step
2026-09-01T13:13:48.048116+00:00,58.104,-0.0417,0.8,0.0,-0.1591,-0.1515,7250.02,2,46.0727,187.606,step
2026-09-01T13:13:48.049228+00:00,58.846,-0.0444,0.8,0.0,-0.1511,-0.15,7362.62,2,46.2247,187.626,step
2026-09-01T13:13:48.050512+00:00,59.595,-0.0471,0.8,0.0,-0.1431,-0.1483,7486.53,2,46.421,187.646,step
2026-09-01T13:13:48.051812+00:00,60.351,-0.0496,0.8,0.0,-0.135,-0.1464,7621.42,2,46.6697,187.666,step
2026-09-01T13:13:48.052860+00:00,61.118,-0.052,0.8,0.0,-0.127,-0.1444,7765.33,2,46.9828,187.686,step
2026-09-01T13:13:48.053975+00:00,61.898,-0.0543,0.8,0.0,-0.119,-0.1422,7917.11,2,47.3652,187.706,step
2026-09-01T13:13:48.055045+00:00,62.689,-0.0564,0.8,0.0,-0.1109,-0.1398,8077.21,2,47.8208,187.726,step
2026-09-01T13:13:48.056173+00:00,63.495,-0.0584,0.8,0.0,-0.1029,-0.1373,8246.42,2,48.3574,187.746,step
2026-09-01T13:13:48.057290+00:00,64.313,-0.0601,0.8,0.0,-0.0949,-0.1345,8426.69,2,48.9852,187.766,step
2026-09-01T13:13:48.058407+00:00,65.144,-0.0617,0.8,0.0,-0.087,-0.1316,8621.5,2,49.7189,187.786,step
2026-09-01T13:13:48.059628+00:00,65.987,-0.0631,0.8,0.0,-0.0791,-0.1284,8835.17,2,50.5785,187.806,step
2026-09-01T13:13:48.060814+00:00,66.84,-0.0643,0.8,0.0,-0.0712,-0.1249,9073.52,2,51.5825,187.826,step
2026-09-01T13:13:48.061924+00:00,67.704,-0.0653,0.8,0.0,-0.0634,-0.1212,9343.83,2,52.755,187.846,step
2026-09-01T13:13:48.063035+00:00,68.577,-0.066,0.8,0.0,-0.0557,-0.1173,9638.56,2,54.1331,187.866,step
2026-09-01T13:13:48.064171+00:00,69.456,-0.0664,0.8,0.0,-0.0481,-0.113,9918.74,2,55.767,187.886,step
2026-09-01T13:13:48.065266+00:00,70.338,-0.0665,0.8,0.0,-0.0405,-0.1084,10188.4,2,57.711,187.906,step
2026-09-01T13:13:48.066357+00:00,71.222,-0.0662,0.8,0.0,-0.033,-0.1034,10449.7,2,60.0334,187.926,step
2026-09-01T13:13:48.067446+00:00,72.108,-0.0657,0.8,0.0,-0.0256,-0.0981,10700.4,2,62.8293,187.946,step
2026-09-01T13:13:48.068630+00:00,72.996,-0.0647,0.8,0.0,-0.0184,-0.0924,10940.3,2,66.2342,187.966,step
2026-09-01T13:13:48.069749+00:00,73.887,-0.0633,0.8,0.0,-0.0113,-0.0863,11169.7,2,70.4277,187.986,step
2026-09-01T13:13:48.070872+00:00,74.78,-0.0616,0.8,0.0,-0.0044,-0.0797,11389.2,2,75.653,188.006,step
2026-09-01T13:13:48.072022+00:00,75.673,-0.0594,0.8,0.0,0.0023,-0.0728,11599.8,2,82.2977,188.026,step
2026-09-01T13:13:48.073148+00:00,76.566,-0.0568,0.8,0.0,0.0088,-0.0654,11802.5,2,90.9541,188.046,step
2026-09-01T13:13:48.074246+00:00,77.459,-0.0537,0.8,0.0,0.0151,-0.0576,11998.5,2,102.605,188.066,step
2026-09-01T13:13:48.075597+00:00,78.349,-0.0501,0.8,0.0,0.0212,-0.0494,12188.8,2,119.027,188.086,step
2026-09-01T13:13:48.076937+00:00,79.237,-0.046,0.8,0.0,0.0269,-0.0406,12374.1,2,143.668,188.106,step
2026-09-01T13:13:48.078132+00:00,80.123,-0.0414,0.8,0.0,0.0324,-0.0315,12555.9,3,184.112,188.126,step
2026-09-01T13:13:48.079348+00:00,80.984,-0.0365,0.8,0.0,0.0375,-0.0222,9928.74,3,200.0,188.146,step
2026-09-01T13:13:48.080618+00:00,81.632,-0.0322,0.8,0.0,0.0421,-0.014,9931.9,3,200.0,188.166,step
2026-09-01T13:13:48.081822+00:00,81.709,-0.0299,0.8,0.0,0.0458,-0.0088,7484.12,3,200.0,188.186,step
2026-09-01T13:13:48.083226+00:00,82.019,-0.0288,0.8,0.0,0.0487,-0.0056,7928.03,3,200.0,188.206,step
2026-09-01T13:13:48.084636+00:00,82.608,-0.0277,0.8,0.0,0.0509,-0.0028,8043.17,3,200.0,188.226,step
2026-09-01T13:13:48.085995+00:00,83.227,-0.0263,0.8,0.0,0.0525,-0.0001,8127.51,3,200.0,188.246,step
2026-09-01T13:13:48.087242+00:00,83.867,-0.0248,0.8,0.0,0.0537,0.0025,8194.73,3,200.0,188.266,step
2026-09-01T13:13:48.088442+00:00,84.531,-0.0233,0.8,0.0,0.0545,0.0049,8233.54,3,200.0,188.286,step
2026-09-01T13:13:48.089689+00:00,85.204,-0.0219,0.8,0.0,0.0549,0.007,8266.42,3,200.0,188.306,step
2026-09-01T13:13:48.090933+00:00,85.876,-0.0206,0.8,0.0,0.0551,0.0087,8303.48,3,200.0,188.326,step
2026-09-01T13:13:48.092273+00:00,86.546,-0.0193,0.8,0.0,0.0549,0.0102,8350.82,3,200.0,188.346,step
2026-09-01T13:13:48.093598+00:00,87.212,-0.0181,0.8,0.0,0.0545,0.0114,8408.94,3,200.0,188.366,step
2026-09-01T13:13:48.094831+00:00,87.877,-0.0169,0.8,0.0,0.054,0.0126,8475.58,3,200.0,188.386,step
2026-09-01T13:13:48.096045+00:00,88.544,-0.0157,0.8,0.0,0.0532,0.0136,8547.93,3,200.0,188.406,step
2026-09-01T13:13:48.097304+00:00,89.215,-0.0145,0.8,0.0,0.0523,0.0146,8623.96,3,200.0,188.426,step
2026-09-01T13:13:48.098557+00:00,89.893,-0.0132,0.8,0.0,0.0513,0.0155,8700.65,3,200.0,188.446,step
2026-09-01T13:13:48.099899+00:00,90.577,-0.0119,0.8,0.0,0.0501,0.0164,8776.13,3,200.0,188.466,step
2026-09-01T13:13:48.101139+00:00,91.268,-0.0106,0.8,0.0,0.0489,0.0172,8850.4,3,200.0,188.486,step
2026-09-01T13:13:48.102511+00:00,91.966,-0.0094,0.8,0.0,0.0475,0.018,8923.82,3,200.0,188.506,step
2026-09-01T13:13:48.103782+00:00,92.67,-0.0081,0.8,0.0,0.0461,0.0187,8996.12,3,200.0,188.526,step
2026-09-01T13:13:48.105031+00:00,93.369,-0.0068,0.8,0.0,0.0446,0.0193,9086.22,3,200.0,188.546,step
2026-09-01T13:13:48.106533+00:00,94.077,-0.0056,0.8,0.0,0.043,0.0199,9174.64,3,200.0,188.566,step
2026-09-01T13:13:48.107802+00:00,94.801,-0.0044,0.8,0.0,0.0414,0.0204,9248.45,3,200.0,188.586,step
2026-09-01T13:13:48.109038+00:00,95.534,-0.0032,0.15,0.0,0.0396,0.0208,9317.05,3,200.0,188.606,step
2026-09-01T13:13:48.110367+00:00,95.909,-0.0021,0.15,0.0,0.0379,0.0211,8794.88,3,200.0,188.626,step
2026-09-01T13:13:48.111644+00:00,95.933,-0.001,0.15,0.0,0.0361,0.0213,8795.66,3,200.0,188.646,step
2026-09-01T13:13:48.112857+00:00,95.959,-0.0,0.15,0.0,0.0343,0.0214,8799.21,3,200.0,188.666,step
2026-09-01T13:13:48.114109+00:00,95.986,0.0009,0.15,0.0,0.0324,0.0214,8802.13,3,200.0,188.686,step
2026-09-01T13:13:48.115354+00:00,96.012,0.0019,0.15,0.0,0.0305,0.0214,8804.61,3,200.0,188.706,step
2026-09-01T13:13:48.116610+00:00,96.038,0.0027,0.15,0.0,0.0287,0.0213,8806.88,3,200.0,188.726,step
2026-09-01T13:13:48.117853+00:00,96.065,0.0036,0.15,0.0,0.0268,0.0212,8809.08,3,200.0,188.746,step
2026-09-01T13:13:48.119149+00:00,96.091,0.0044,0.15,0.0,0.0249,0.021,8811.31,3,200.0,188.766,step
2026-09-01T13:13:48.120390+00:00,96.117,0.0051,0.15,0.0,0.0231,0.0208,8813.6,3,200.0,188.786,step
2026-09-01T13:13:48.121649+00:00,96.143,0.0059,0.15,0.0,0.0213,0.0206,8815.93,3,200.0,188.806,step
2026-09-01T13:13:48.122909+00:00,96.169,0.0065,0.15,0.0,0.0195,0.0203,8818.64,3,200.0,188.826,step
2026-09-01T13:13:48.124180+00:00,96.196,0.0072,0.15,0.0,0.0177,0.02,8820.92,3,200.0,188.846,step
2026-09-01T13:13:48.125392+00:00,96.222,0.0077,0.15,0.0,0.0159,0.0196,8823.24,3,200.0,188.866,step
2026-09-01T13:13:48.126589+00:00,96.248,0.0083,0.15,0.0,0.0142,0.0192,8825.58,3,200.0,188.886,step
2026-09-01T13:13:48.127848+00:00,96.274,0.0088,0.15,0.0,0.0125,0.0188,8827.92,3,200.0,188.906,step
2026-09-01T13:13:48.129069+00:00,96.3,0.0092,0.15,0.0,0.0109,0.0183,8830.26,3,200.0,188.926,step
2026-09-01T13:13:48.130272+00:00,96.326,0.0096,0.15,0.0,0.0093,0.0178,8832.6,3,200.0,188.946,step
2026-09-01T13:13:48.131496+00:00,96.352,0.01,0.15,0.0,0.0077,0.0173,8834.95,3,200.0,188.966,step
2026-09-01T13:13:48.132758+00:00,96.378,0.0103,0.15,0.0,0.0062,0.0167,8837.28,3,200.0,188.986,step
2026-09-01T13:13:48.134007+00:00,96.403,0.0106,0.15,0.0,0.0047,0.0162,8839.57,3,200.0,189.006,step
2026-09-01T13:13:48.135304+00:00,96.428,0.0108,0.15,0.0,0.0033,0.0156,8841.86,3,200.0,189.026,step
2026-09-01T13:13:48.136551+00:00,96.454,0.011,0.15,0.0,0.0019,0.015,8844.17,3,200.0,189.046,step
2026-09-01T13:13:48.137821+00:00,96.479,0.0112,0.15,0.0,0.0006,0.0143,8846.48,3,200.0,189.066,step
2026-09-01T13:13:48.139099+00:00,96.504,0.0113,0.15,0.0,-0.0006,0.0137,8848.71,3,200.0,189.086,step
2026-09-01T13:13:48.140371+00:00,96.529,0.0114,0.15,0.0,-0.0018,0.0131,8850.37,3,200.0,189.106,step
2026-09-01T13:13:48.141624+00:00,96.554,0.0115,0.15,0.0,-0.003,0.0125,8852.75,3,200.0,189.126,step
2026-09-01T13:13:48.142866+00:00,96.579,0.0115,0.15,0.0,-0.0041,0.0119,8855.32,3,200.0,189.146,step
2026-09-01T13:13:48.144209+00:00,96.604,0.0115,0.15,0.0,-0.0051,0.0112,8857.87,3,200.0,189.166,step
2026-09-01T13:13:48.145411+00:00,96.628,0.0115,0.15,0.0,-0.0061,0.0106,8860.29,3,200.0,189.186,step
2026-09-01T13:13:48.146645+00:00,96.653,0.0114,0.15,0.0,-0.007,0.0099,8862.61,3,200.0,189.206,step
2026-09-01T13:13:48.147888+00:00,96.678,0.0114,0.15,0.0,-0.0079,0.0093,8864.87,3,200.0,189.226,step
2026-09-01T13:13:48.149158+00:00,96.703,0.0113,0.15,0.0,-0.0087,0.0086,8867.1,3,200.0,189.246,step
2026-09-01T13:13:48.150385+00:00,96.727,0.0111,0.15,0.0,-0.0095,0.008,8869.22,3,200.0,189.266,step
2026-09-01T13:13:48.151624+00:00,96.751,0.011,0.15,0.0,-0.0102,0.0074,8871.32,3,200.0,189.286,step
2026-09-01T13:13:48.152966+00:00,96.775,0.0108,0.15,0.0,-0.0108,0.0068,8873.43,3,200.0,189.306,step
2026-09-01T13:13:48.154175+00:00,96.799,0.0106,0.15,0.0,-0.0114,0.0061,8875.56,3,200.0,189.326,step
2026-09-01T13:13:48.155379+00:00,96.822,0.0103,0.15,0.0,-0.0119,0.0055,8877.74,3,200.0,189.346,step
2026-09-01T13:13:48.156621+00:00,96.847,0.0101,0.15,0.0,-0.0124,0.0049,8878.45,3,200.0,189.366,step
2026-09-01T13:13:48.157893+00:00,96.87,0.0099,0.15,0.0,-0.0128,0.0043,8880.42,3,200.0,189.386,step
2026-09-01T13:13:48.159121+00:00,96.893,0.0096,0.15,0.0,-0.0132,0.0038,8882.92,3,200.0,189.406,step
2026-09-01T13:13:48.160381+00:00,96.916,0.0093,0.15,0.0,-0.0135,0.0032,8885.83,3,200.0,189.426,step
2026-09-01T13:13:48.161629+00:00,96.939,0.009,0.15,0.0,-0.0138,0.0027,8888.49,3,200.0,189.446,step
2026-09-01T13:13:48.162842+00:00,96.962,0.0087,0.15,0.0,-0.014,0.0021,8890.88,3,200.0,189.466,step
2026-09-01T13:13:48.164023+00:00,96.985,0.0084,0.15,0.0,-0.0142,0.0016,8893.09,3,200.0,189.486,step
2026-09-01T13:13:48.165224+00:00,97.008,0.0081,0.15,0.0,-0.0143,0.0011,8895.19,3,200.0,189.506,step
2026-09-01T13:13:48.166446+00:00,97.031,0.0077,0.15,0.0,-0.0144,0.0007,8897.19,3,200.0,189.526,step
2026-09-01T13:13:48.167684+00:00,97.054,0.0074,0.15,0.0,-0.0145,0.0002,8899.02,3,200.0,189.546,step
2026-09-01T13:13:48.168991+00:00,97.076,0.007,0.15,0.0,-0.0145,-0.0003,8900.89,3,200.0,189.566,step
2026-09-01T13:13:48.170190+00:00,97.098,0.0067,0.15,0.0,-0.0144,-0.0007,8902.79,3,200.0,189.586,step
2026-09-01T13:13:48.171414+00:00,97.12,0.0063,0.15,0.0,-0.0144,-0.0011,8904.76,3,200.0,189.606,step
2026-09-01T13:13:48.172624+00:00,97.141,0.006,0.15,0.0,-0.0143,-0.0015,8906.79,3,200.0,189.626,step
2026-09-01T13:13:48.173815+00:00,97.164,0.0056,0.15,0.0,-0.0141,-0.0018,8906.16,3,200.0,189.646,step
2026-09-01T13:13:48.175029+00:00,97.185,0.0053,0.15,0.0,-0.014,-0.0021,8908.34,3,200.0,189.666,step
2026-09-01T13:13:48.176227+00:00,97.205,0.0049,0.15,0.0,-0.0138,-0.0025,8911.22,3,200.0,189.686,step
2026-09-01T13:13:48.177460+00:00,97.226,0.0046,0.15,0.0,-0.0135,-0.0028,8914.24,3,200.0,189.706,step
2026-09-01T13:13:48.178657+00:00,97.247,0.0042,0.15,0.0,-0.0133,-0.003,8916.83,3,200.0,189.726,step
2026-09-01T13:13:48.179867+00:00,97.268,0.0039,0.15,0.0,-0.013,-0.0033,8919.05,3,200.0,189.746,step
2026-09-01T13:13:48.181084+00:00,97.289,0.0035,0.15,0.0,-0.0127,-0.0035,8921.04,3,200.0,189.766,step
2026-09-01T13:13:48.182332+00:00,97.311,0.0032,0.15,0.0,-0.0124,-0.0038,8922.9,3,200.0,189.786,step
2026-09-01T13:13:48.183565+00:00,97.331,0.0029,0.15,0.0,-0.012,-0.004,8924.48,3,200.0,189.806,step
2026-09-01T13:13:48.184787+00:00,97.351,0.0025,0.15,0.0,-0.0117,-0.0041,8926.06,3,200.0,189.826,step
2026-09-01T13:13:48.186152+00:00,97.371,0.0022,0.15,0.0,-0.0113,-0.0043,8927.67,3,200.0,189.846,step
2026-09-01T13:13:48.187369+00:00,97.39,0.0019,0.15,0.0,-0.0109,-0.0045,8929.35,3,200.0,189.866,step
2026-09-01T13:13:48.188614+00:00,97.409,0.0016,0.15,0.0,-0.0105,-0.0046,8931.11,3,200.0,189.886,step
2026-09-01T13:13:48.189814+00:00,97.43,0.0013,0.15,0.0,-0.0101,-0.0047,8929.95,3,200.0,189.906,step
2026-09-01T13:13:48.191038+00:00,97.449,0.001,0.15,0.0,-0.0097,-0.0048,8931.21,3,200.0,189.926,step
2026-09-01T13:13:48.192253+00:00,97.466,0.0007,0.15,0.0,-0.0092,-0.0049,8933.6,3,200.0,189.946,step
2026-09-01T13:13:48.193447+00:00,97.484,0.0005,0.15,0.0,-0.0088,-0.0049,8936.91,3,200.0,189.966,step
2026-09-01T13:13:48.194709+00:00,97.502,0.0002,0.15,0.0,-0.0084,-0.005,8939.8,3,200.0,189.986,step
2026-09-01T13:13:48.195898+00:00,97.52,-0.0,0.15,0.0,-0.0079,-0.005,8942.13,3,200.0,190.006,step
2026-09-01T13:13:48.197119+00:00,97.539,-0.0003,0.15,0.0,-0.0075,-0.005,8944.06,3,200.0,190.026,step
2026-09-01T13:13:48.198312+00:00,97.558,-0.0005,0.15,0.0,-0.007,-0.005,8945.73,3,200.0,190.046,step
2026-09-01T13:13:48.199571+00:00,97.576,-0.0007,0.15,0.0,-0.0066,-0.005,8947.22,3,200.0,190.066,step
2026-09-01T13:13:48.200834+00:00,97.594,-0.0009,0.15,0.0,-0.0061,-0.005,8948.36,3,200.0,190.086,step
2026-09-01T13:13:48.202107+00:00,97.611,-0.0011,0.15,0.0,-0.0057,-0.0049,8949.65,3,200.0,190.106,step
2026-09-01T13:13:48.203361+00:00,97.627,-0.0013,0.15,0.0,-0.0053,-0.0049,8950.97,3,200.0,190.126,step
2026-09-01T13:13:48.204546+00:00,97.644,-0.0014,0.15,0.0,-0.0048,-0.0048,8952.41,3,200.0,190.146,step
2026-09-01T13:13:48.205773+00:00,97.66,-0.0016,0.15,0.0,-0.0044,-0.0047,8953.95,3,200.0,190.166,step
2026-09-01T13:13:48.206951+00:00,97.677,-0.0017,0.15,0.0,-0.004,-0.0046,8951.1,3,200.0,190.186,step
2026-09-01T13:13:48.208180+00:00,97.692,-0.0019,0.15,0.0,-0.0036,-0.0045,8952.93,3,200.0,190.206,step
2026-09-01T13:13:48.209407+00:00,97.706,-0.002,0.15,0.0,-0.0032,-0.0044,8955.91,3,200.0,190.226,step
2026-09-01T13:13:48.210715+00:00,97.721,-0.0021,0.15,0.0,-0.0028,-0.0043,8959.14,3,200.0,190.246,step
2026-09-01T13:13:48.211920+00:00,97.736,-0.0022,0.15,0.0,-0.0024,-0.0042,8961.69,3,200.0,190.266,step
2026-09-01T13:13:48.213095+00:00,97.751,-0.0023,0.15,0.0,-0.002,-0.0041,8963.63,3,200.0,190.286,step
2026-09-01T13:13:48.214284+00:00,97.767,-0.0024,0.15,0.0,-0.0016,-0.004,8965.14,3,200.0,190.306,step
2026-09-01T13:13:48.215526+00:00,97.783,-0.0025,0.15,0.0,-0.0013,-0.0039,8966.42,3,200.0,190.326,step
2026-09-01T13:13:48.216755+00:00,97.798,-0.0026,0.15,0.0,-0.0009,-0.0038,8967.27,3,200.0,190.346,step
2026-09-01T13:13:48.217992+00:00,97.811,-0.0026,0.15,0.0,-0.0006,-0.0036,8968.13,3,200.0,190.366,step
2026-09-01T13:13:48.219254+00:00,97.825,-0.0026,0.15,0.0,-0.0003,-0.0035,8969.07,3,200.0,190.386,step
2026-09-01T13:13:48.220495+00:00,97.838,-0.0027,0.15,0.0,0.0,-0.0033,8970.11,3,200.0,190.406,step
2026-09-01T13:13:48.221678+00:00,97.85,-0.0027,0.15,0.0,0.0003,-0.0031,8971.28,3,200.0,190.426,step
2026-09-01T13:13:48.222894+00:00,97.865,-0.0027,0.15,0.0,0.0006,-0.0029,8967.76,3,200.0,190.446,step
2026-09-01T13:13:48.224129+00:00,97.877,-0.0027,0.15,0.0,0.0009,-0.0028,8968.6,3,200.0,190.466,step
2026-09-01T13:13:48.225393+00:00,97.888,-0.0027,0.15,0.0,0.0011,-0.0026,8970.81,3,200.0,190.486,step
2026-09-01T13:13:48.226712+00:00,97.898,-0.0027,0.15,0.0,0.0013,-0.0025,8974.27,3,200.0,190.506,step
2026-09-01T13:13:48.227951+00:00,97.909,-0.0026,0.15,0.0,0.0016,-0.0023,8977.1,3,200.0,190.526,step
2026-09-01T13:13:48.229140+00:00,97.921,-0.0026,0.15,0.0,0.0018,-0.0022,8979.13,3,200.0,190.546,step
2026-09-01T13:13:48.230341+00:00,97.933,-0.0026,0.15,0.0,0.002,-0.002,8980.55,3,200.0,190.566,step
2026-09-01T13:13:48.231546+00:00,97.945,-0.0025,0.15,0.0,0.0021,-0.0018,8981.59,3,200.0,190.586,step
2026-09-01T13:13:48.232766+00:00,97.957,-0.0025,0.15,0.0,0.0023,-0.0016,8982.36,3,200.0,190.606,step
2026-09-01T13:13:48.233980+00:00,97.969,-0.0024,0.15,0.0,0.0024,-0.0015,8982.83,3,200.0,190.626,step
2026-09-01T13:13:48.235598+00:00,97.979,-0.0024,0.15,0.0,0.0026,-0.0014,8983.52,3,200.0,190.646,step
2026-09-01T13:13:48.236864+00:00,97.99,-0.0023,0.15,0.0,0.0027,-0.0012,8984.25,3,200.0,190.666,step
2026-09-01T13:13:48.238107+00:00,98.0,-0.0023,0.15,0.0,0.0028,-0.0011,8985.08,3,200.0,190.686,step
2026-09-01T13:13:48.239358+00:00,98.01,-0.0022,0.15,0.0,0.0029,-0.001,8985.44,3,200.0,190.706,step
2026-09-01T13:13:48.240533+00:00,98.021,-0.0022,0.15,0.0,0.003,-0.0009,8982.94,3,200.0,190.726,step
2026-09-01T13:13:48.241780+00:00,98.03,-0.0022,0.15,0.0,0.0031,-0.0008,8984.29,3,200.0,190.746,step
2026-09-01T13:13:48.242979+00:00,98.038,-0.0021,0.15,0.0,0.0031,-0.0007,8986.73,3,200.0,190.766,step
2026-09-01T13:13:48.244164+00:00,98.046,-0.002,0.15,0.0,0.0032,-0.0006,8989.19,3,200.0,190.786,step
2026-09-01T13:13:48.245371+00:00,98.055,-0.002,0.15,0.0,0.0032,-0.0005,8991.0,3,200.0,190.806,step
2026-09-01T13:13:48.246597+00:00,98.065,-0.0019,0.15,0.0,0.0033,-0.0003,8992.28,3,200.0,190.826,step
2026-09-01T13:13:48.247830+00:00,98.075,-0.0018,0.15,0.0,0.0033,-0.0002,8993.2,3,200.0,190.846,step
2026-09-01T13:13:48.249032+00:00,98.084,-0.0017,0.15,0.0,0.0033,-0.0001,8993.93,3,200.0,190.866,step
2026-09-01T13:13:48.250289+00:00,98.094,-0.0017,0.15,0.0,0.0033,-0.0,8994.6,3,200.0,190.886,step
2026-09-01T13:13:48.251527+00:00,98.103,-0.0016,0.15,0.0,0.0033,0.0001,8995.13,3,200.0,190.906,step
2026-09-01T13:13:48.252765+00:00,98.112,-0.0015,0.15,0.0,0.0033,0.0002,8995.76,3,200.0,190.926,step
2026-09-01T13:13:48.253982+00:00,98.121,-0.0014,0.15,0.0,0.0033,0.0003,8996.4,3,200.0,190.946,step
2026-09-01T13:13:48.255231+00:00,98.129,-0.0013,0.15,0.0,0.0032,0.0004,8997.11,3,200.0,190.966,step
2026-09-01T13:13:48.256425+00:00,98.138,-0.0012,0.15,0.0,0.0032,0.0005,8997.89,3,200.0,190.986,step
2026-09-01T13:13:48.257636+00:00,98.147,-0.0012,0.15,0.0,0.0032,0.0005,8996.7,3,200.0,191.006,step
2026-09-01T13:13:48.258840+00:00,98.155,-0.0011,0.15,0.0,0.0031,0.0006,8997.59,3,200.0,191.026,step
2026-09-01T13:13:48.260076+00:00,98.163,-0.001,0.15,0.0,0.0031,0.0007,8999.03,3,200.0,191.046,step
2026-09-01T13:13:48.261261+00:00,98.17,-0.0009,0.15,0.0,0.003,0.0007,9000.66,3,200.0,191.066,step
2026-09-01T13:13:48.262449+00:00,98.178,-0.0009,0.15,0.0,0.0029,0.0008,9001.95,3,200.0,191.086,step
2026-09-01T13:13:48.263653+00:00,98.186,-0.0008,0.15,0.0,0.0029,0.0008,9002.94,3,200.0,191.106,step
2026-09-01T13:13:48.264872+00:00,98.195,-0.0007,0.15,0.0,0.0028,0.0009,9003.74,3,200.0,191.126,step
2026-09-01T13:13:48.266084+00:00,98.203,-0.0006,0.15,0.0,0.0027,0.001,9004.44,3,200.0,191.146,step
2026-09-01T13:13:48.267349+00:00,98.211,-0.0005,0.15,0.0,0.0026,0.001,9005.09,3,200.0,191.166,step
2026-09-01T13:13:48.268544+00:00,98.219,-0.0004,0.15,0.0,0.0025,0.0011,9005.63,3,200.0,191.186,step
2026-09-01T13:13:48.269773+00:00,98.227,-0.0004,0.15,0.0,0.0024,0.0011,9006.18,3,200.0,191.206,step
2026-09-01T13:13:48.271004+00:00,98.234,-0.0003,0.15,0.0,0.0024,0.0011,9006.75,3,200.0,191.226,step
2026-09-01T13:13:48.272252+00:00,98.241,-0.0002,0.15,0.0,0.0023,0.0011,9007.37,3,200.0,191.246,step
2026-09-01T13:13:48.273529+00:00,98.249,-0.0002,0.15,0.0,0.0022,0.0011,9008.04,3,200.0,191.266,step
2026-09-01T13:13:48.274727+00:00,98.257,-0.0002,0.15,0.0,0.0021,0.0011,9006.92,3,200.0,191.286,step
2026-09-01T13:13:48.275911+00:00,98.263,-0.0001,0.15,0.0,0.002,0.0011,9007.53,3,200.0,191.306,step
2026-09-01T13:13:48.277085+00:00,98.27,-0.0001,0.15,0.0,0.0019,0.0011,9008.68,3,200.0,191.326,step
2026-09-01T13:13:48.278290+00:00,98.276,-0.0,0.15,0.0,0.0018,0.0011,9010.2,3,200.0,191.346,step
2026-09-01T13:13:48.279511+00:00,98.283,0.0,0.15,0.0,0.0017,0.0011,9011.4,3,200.0,191.366,step
2026-09-01T13:13:48.280697+00:00,98.29,0.0001,0.15,0.0,0.0016,0.0011,9012.32,3,200.0,191.386,step
2026-09-01T13:13:48.281859+00:00,98.297,0.0002,0.15,0.0,0.0015,0.0011,9013.03,3,200.0,191.406,step
2026-09-01T13:13:48.283033+00:00,98.304,0.0002,0.15,0.0,0.0014,0.0011,9013.63,3,200.0,191.426,step
2026-09-01T13:13:48.284234+00:00,98.311,0.0003,0.15,0.0,0.0013,0.0011,9014.19,3,200.0,191.446,step
2026-09-01T13:13:48.285446+00:00,98.317,0.0003,0.15,0.0,0.0012,0.0011,9014.64,3,200.0,191.466,step
2026-09-01T13:13:48.286653+00:00,98.324,0.0004,0.15,0.0,0.0011,0.0011,9015.09,3,200.0,191.486,step
2026-09-01T13:13:48.287904+00:00,98.33,0.0004,0.15,0.0,0.0009,0.0011,9015.55,3,200.0,191.506,step
2026-09-01T13:13:48.289118+00:00,98.336,0.0005,0.15,0.0,0.0008,0.0011,9016.05,3,200.0,191.526,step
2026-09-01T13:13:48.290374+00:00,98.342,0.0005,0.15,0.0,0.0007,0.0011,9016.6,3,200.0,191.546,step
2026-09-01T13:13:48.291620+00:00,98.349,0.0005,0.15,0.0,0.0006,0.0011,9015.7,3,200.0,191.566,step
2026-09-01T13:13:48.292876+00:00,98.355,0.0005,0.15,0.0,0.0006,0.001,9015.94,3,200.0,191.586,step
2026-09-01T13:13:48.294079+00:00,98.36,0.0005,0.15,0.0,0.0005,0.001,9016.84,3,200.0,191.606,step
2026-09-01T13:13:48.295263+00:00,98.365,0.0005,0.15,0.0,0.0004,0.0009,9018.21,3,200.0,191.626,step
2026-09-01T13:13:48.296461+00:00,98.371,0.0005,0.15,0.0,0.0003,0.0009,9019.34,3,200.0,191.646,step
2026-09-01T13:13:48.297629+00:00,98.376,0.0005,0.15,0.0,0.0002,0.0008,9020.18,3,200.0,191.666,step
2026-09-01T13:13:48.298848+00:00,98.382,0.0005,0.15,0.0,0.0002,0.0007,9020.82,3,200.0,191.686,step
2026-09-01T13:13:48.300087+00:00,98.388,0.0005,0.15,0.0,0.0001,0.0007,9021.33,3,200.0,191.706,step
2026-09-01T13:13:48.301349+00:00,98.394,0.0005,0.15,0.0,0.0,0.0006,9021.79,3,200.0,191.726,step
2026-09-01T13:13:48.302557+00:00,98.399,0.0005,0.15,0.0,-0.0,0.0006,9022.17,3,200.0,191.746,step
2026-09-01T13:13:48.303784+00:00,98.405,0.0005,0.15,0.0,-0.0001,0.0006,9022.52,3,200.0,191.766,step
2026-09-01T13:13:48.305054+00:00,98.41,0.0005,0.15,0.0,-0.0001,0.0005,9022.88,3,200.0,191.786,step
2026-09-01T13:13:48.306301+00:00,98.415,0.0005,0.15,0.0,-0.0002,0.0005,9023.27,3,200.0,191.806,step
2026-09-01T13:13:48.307574+00:00,98.42,0.0005,0.15,0.0,-0.0002,0.0005,9023.71,3,200.0,191.826,step
2026-09-01T13:13:48.308832+00:00,98.425,0.0005,0.15,0.0,-0.0003,0.0005,9023.31,3,200.0,191.846,step
2026-09-01T13:13:48.310030+00:00,98.43,0.0005,0.15,0.0,-0.0003,0.0004,9022.92,3,200.0,191.866,step
2026-09-01T13:13:48.311232+00:00,98.434,0.0005,0.15,0.0,-0.0004,0.0004,9023.63,3,200.0,191.886,step
2026-09-01T13:13:48.312431+00:00,98.439,0.0005,0.15,0.0,-0.0004,0.0004,9024.81,3,200.0,191.906,step
2026-09-01T13:13:48.313633+00:00,98.443,0.0005,0.15,0.0,-0.0004,0.0003,9025.87,3,200.0,191.926,step
2026-09-01T13:13:48.314833+00:00,98.447,0.0005,0.15,0.0,-0.0005,0.0003,9026.64,3,200.0,191.946,step
2026-09-01T13:13:48.316053+00:00,98.452,0.0005,0.15,0.0,-0.0005,0.0003,9027.21,3,200.0,191.966,step
2026-09-01T13:13:48.317283+00:00,98.457,0.0005,0.15,0.0,-0.0005,0.0003,9027.64,3,200.0,191.986,step
2026-09-01T13:13:48.318544+00:00,98.462,0.0005,0.15,0.0,-0.0005,0.0003,9028.01,3,200.0,192.006,step
2026-09-01T13:13:48.319745+00:00,98.466,0.0005,0.15,0.0,-0.0006,0.0003,9028.33,3,200.0,192.026,step
2026-09-01T13:13:48.320972+00:00,98.471,0.0005,0.15,0.0,-0.0006,0.0003,9028.57,3,200.0,192.046,step
2026-09-01T13:13:48.322186+00:00,98.475,0.0005,0.15,0.0,-0.0006,0.0002,9028.84,3,200.0,192.066,step
2026-09-01T13:13:48.323408+00:00,98.479,0.0005,0.15,0.0,-0.0006,0.0002,9029.13,3,200.0,192.086,step
2026-09-01T13:13:48.324660+00:00,98.483,0.0005,0.15,0.0,-0.0007,0.0002,9029.47,3,200.0,192.106,step
2026-09-01T13:13:48.325871+00:00,98.487,0.0005,0.15,0.0,-0.0007,0.0002,9029.8,3,200.0,192.126,step
2026-09-01T13:13:48.327119+00:00,98.491,0.0005,0.15,0.0,-0.0007,0.0002,9028.6,3,200.0,192.146,step
2026-09-01T13:13:48.328382+00:00,98.494,0.0005,0.15,0.0,-0.0007,0.0002,9029.13,3,200.0,192.166,step
2026-09-01T13:13:48.329588+00:00,98.498,0.0005,0.15,0.0,-0.0007,0.0002,9030.11,3,200.0,192.186,step
2026-09-01T13:13:48.330786+00:00,98.501,0.0005,0.15,0.0,-0.0007,0.0001,9031.09,3,200.0,192.206,step
2026-09-01T13:13:48.332034+00:00,98.504,0.0005,0.15,0.0,-0.0007,0.0001,9031.8,3,200.0,192.226,step
2026-09-01T13:13:48.333269+00:00,98.508,0.0005,0.15,0.0,-0.0008,0.0001,9032.3,3,200.0,192.246,step
2026-09-01T13:13:48.334470+00:00,98.512,0.0005,0.15,0.0,-0.0008,0.0001,9032.66,3,200.0,192.266,step
2026-09-01T13:13:48.335740+00:00,98.516,0.0005,0.15,0.0,-0.0008,0.0001,9032.95,3,200.0,192.286,step
2026-09-01T13:13:48.336976+00:00,98.519,0.0005,0.15,0.0,-0.0008,0.0001,9033.21,3,200.0,192.306,step
2026-09-01T13:13:48.338200+00:00,98.523,0.0005,0.15,0.0,-0.0008,0.0001,9033.36,3,200.0,192.326,step
2026-09-01T13:13:48.339438+00:00,98.526,0.0005,0.15,0.0,-0.0008,0.0001,9033.55,3,200.0,192.346,step
2026-09-01T13:13:48.340640+00:00,98.529,0.0005,0.15,0.0,-0.0008,0.0001,9033.76,3,200.0,192.366,step
2026-09-01T13:13:48.341885+00:00,98.532,0.0005,0.15,0.0,-0.0008,0.0001,9034.0,3,200.0,192.386,step
2026-09-01T13:13:48.343112+00:00,98.535,0.0005,0.15,0.0,-0.0008,0.0001,9034.29,3,200.0,192.406,step
2026-09-01T13:13:48.344337+00:00,98.538,0.0005,0.15,0.0,-0.0008,0.0001,9033.08,3,200.0,192.426,step
2026-09-01T13:13:48.345568+00:00,98.541,0.0005,0.15,0.0,-0.0008,0.0001,9033.44,3,200.0,192.446,step
2026-09-01T13:13:48.346782+00:00,98.543,0.0005,0.15,0.0,-0.0008,0.0001,9034.23,3,200.0,192.466,step
2026-09-01T13:13:48.348011+00:00,98.546,0.0005,0.15,0.0,-0.0008,0.0001,9035.13,3,200.0,192.486,step
2026-09-01T13:13:48.349230+00:00,98.548,0.0005,0.15,0.0,-0.0009,0.0001,9035.77,3,200.0,192.506,step
2026-09-01T13:13:48.350446+00:00,98.551,0.0005,0.15,0.0,-0.0009,0.0001,9036.21,3,200.0,192.526,step
2026-09-01T13:13:48.351664+00:00,98.554,0.0005,0.15,0.0,-0.0009,0.0001,9036.5,3,200.0,192.546,step
2026-09-01T13:13:48.352929+00:00,98.557,0.0005,0.15,0.0,-0.0009,0.0001,9036.71,3,200.0,192.566,step
2026-09-01T13:13:48.354167+00:00,98.56,0.0005,0.15,0.0,-0.0009,0.0001,9036.9,3,200.0,192.586,step
2026-09-01T13:13:48.355420+00:00,98.562,0.0005,0.15,0.0,-0.0009,0.0,9037.0,3,200.0,192.606,step
2026-09-01T13:13:48.356712+00:00,98.564,0.0005,0.15,0.0,-0.0009,0.0,9037.11,3,200.0,192.626,step
2026-09-01T13:13:48.357977+00:00,98.567,0.0005,0.15,0.0,-0.0009,0.0,9037.24,3,200.0,192.646,step
2026-09-01T13:13:48.359195+00:00,98.569,0.0005,0.15,0.0,-0.0009,0.0,9037.4,3,200.0,192.666,step
2026-09-01T13:13:48.360451+00:00,98.571,0.0005,0.15,0.0,-0.0009,0.0,9037.61,3,200.0,192.686,step
2026-09-01T13:13:48.361705+00:00,98.574,0.0005,0.15,0.0,-0.0009,0.0,9036.47,3,200.0,192.706,step
2026-09-01T13:13:48.362933+00:00,98.575,0.0005,0.15,0.0,-0.0009,0.0,9036.65,3,200.0,192.726,step
2026-09-01T13:13:48.364172+00:00,98.577,0.0005,0.15,0.0,-0.0009,0.0,9037.24,3,200.0,192.746,step
2026-09-01T13:13:48.365392+00:00,98.579,0.0005,0.15,0.0,-0.0009,0.0,9038.06,3,200.0,192.766,step
2026-09-01T13:13:48.366650+00:00,98.58,0.0005,0.15,0.0,-0.0009,0.0,9038.65,3,200.0,192.786,step
2026-09-01T13:13:48.367896+00:00,98.582,0.0005,0.15,0.0,-0.0009,0.0,9039.02,3,200.0,192.806,step
2026-09-01T13:13:48.369099+00:00,98.584,0.0005,0.15,0.0,-0.0009,0.0,9039.26,3,200.0,192.826,step
2026-09-01T13:13:48.370370+00:00,98.586,0.0005,0.15,0.0,-0.0009,0.0,9039.41,3,200.0,192.846,step
2026-09-01T13:13:48.371599+00:00,98.588,0.0005,0.15,0.0,-0.0009,0.0,9039.53,3,200.0,192.866,step
2026-09-01T13:13:48.372858+00:00,98.59,0.0005,0.15,0.0,-0.0009,0.0,9039.57,3,200.0,192.886,step
2026-09-01T13:13:48.374128+00:00,98.592,0.0005,0.15,0.0,-0.0009,0.0,9039.62,3,200.0,192.906,step
2026-09-01T13:13:48.375345+00:00,98.593,0.0005,0.15,0.0,-0.0009,0.0,9039.68,3,200.0,192.926,step
2026-09-01T13:13:48.376610+00:00,98.594,0.0005,0.15,0.0,-0.0009,0.0,9039.77,3,200.0,192.946,step
2026-09-01T13:13:48.377890+00:00,98.596,0.0005,0.15,0.0,-0.0009,0.0,9039.89,3,200.0,192.966,step
2026-09-01T13:13:48.379127+00:00,98.598,0.0005,0.15,0.0,-0.0009,0.0,9038.87,3,200.0,192.986,step
2026-09-01T13:13:48.380363+00:00,98.599,0.0005,0.15,0.0,-0.0009,0.0,9038.88,3,200.0,193.006,step
2026-09-01T13:13:48.381556+00:00,98.6,0.0005,0.15,0.0,-0.0009,0.0,9039.3,3,200.0,193.026,step
2026-09-01T13:13:48.382774+00:00,98.6,0.0005,0.15,0.0,-0.0009,0.0,9040.02,3,200.0,193.046,step
2026-09-01T13:13:48.384026+00:00,98.601,0.0005,0.15,0.0,-0.0009,0.0,9040.54,3,200.0,193.066,step
2026-09-01T13:13:48.385278+00:00,98.603,0.0005,0.15,0.0,-0.0009,0.0,9040.86,3,200.0,193.086,step
2026-09-01T13:13:48.386519+00:00,98.604,0.0005,0.15,0.0,-0.0009,0.0,9041.04,3,200.0,193.106,step
2026-09-01T13:13:48.387719+00:00,98.605,0.0005,0.15,0.0,-0.0009,0.0,9041.14,3,200.0,193.126,step
2026-09-01T13:13:48.388959+00:00,98.606,0.0005,0.15,0.0,-0.0009,0.0,9041.19,3,200.0,193.146,step
2026-09-01T13:13:48.390207+00:00,98.607,0.0005,0.15,0.0,-0.0009,0.0,9041.19,3,200.0,193.166,step
2026-09-01T13:13:48.391431+00:00,98.608,0.0005,0.15,0.0,-0.0009,0.0,9041.18,3,200.0,193.186,step
2026-09-01T13:13:48.392681+00:00,98.609,0.0005,0.15,0.0,-0.0009,0.0,9041.18,3,200.0,193.206,step
2026-09-01T13:13:48.393894+00:00,98.61,0.0005,0.15,0.0,-0.0009,0.0,9041.2,3,200.0,193.226,step
2026-09-01T13:13:48.395125+00:00,98.611,0.0005,0.15,0.0,-0.0009,0.0,9041.26,3,200.0,193.246,step
2026-09-01T13:13:48.396350+00:00,98.612,0.0005,0.15,0.0,-0.0009,0.0,9040.45,3,200.0,193.266,step
2026-09-01T13:13:48.397606+00:00,98.612,0.0005,0.15,0.0,-0.0009,0.0,9040.2,3,200.0,193.286,step
2026-09-01T13:13:48.398818+00:00,98.612,0.0005,0.15,0.0,-0.0009,0.0,9040.48,3,200.0,193.306,step
2026-09-01T13:13:48.400027+00:00,98.612,0.0005,0.15,0.0,-0.0009,0.0,9041.09,3,200.0,193.326,step
2026-09-01T13:13:48.401240+00:00,98.613,0.0005,0.15,0.0,-0.0009,0.0,9041.55,3,200.0,193.346,step
2026-09-01T13:13:48.402446+00:00,98.613,0.0005,0.15,0.0,-0.0009,0.0,9041.82,3,200.0,193.366,step
2026-09-01T13:13:48.403647+00:00,98.614,0.0005,0.15,0.0,-0.0009,0.0,9041.95,3,200.0,193.386,step
2026-09-01T13:13:48.404871+00:00,98.614,0.0005,0.15,0.0,-0.0009,0.0,9041.99,3,200.0,193.406,step
2026-09-01T13:13:48.406092+00:00,98.615,0.0005,0.15,0.0,-0.0009,0.0,9041.99,3,199.784,193.426,step
2026-09-01T13:13:48.407339+00:00,98.615,0.0005,0.15,0.0,-0.0009,0.0,9041.96,3,199.236,193.446,step
2026-09-01T13:13:48.408556+00:00,98.616,0.0005,0.15,0.0,-0.0009,0.0,9041.89,3,198.688,193.466,step
2026-09-01T13:13:48.409815+00:00,98.616,0.0005,0.15,0.0,-0.0009,0.0,9041.83,3,198.141,193.486,step
2026-09-01T13:13:48.411087+00:00,98.616,0.0005,0.15,0.0,-0.0009,0.0,9041.8,3,197.593,193.506,step
2026-09-01T13:13:48.412375+00:00,98.616,0.0005,0.15,0.0,-0.0009,0.0,9041.79,3,197.045,193.526,step
2026-09-01T13:13:48.413654+00:00,98.616,0.0005,0.15,0.0,-0.0009,0.0,9041.33,3,196.497,193.546,step
2026-09-01T13:13:48.414859+00:00,98.617,0.0005,0.15,0.0,-0.0009,0.0,9040.72,3,195.95,193.566,step
2026-09-01T13:13:48.416079+00:00,98.616,0.0005,0.15,0.0,-0.0009,0.0,9040.88,3,195.402,193.586,step
2026-09-01T13:13:48.417305+00:00,98.616,0.0005,0.15,0.0,-0.0009,0.0,9041.36,3,194.854,193.606,step
2026-09-01T13:13:48.418506+00:00,98.615,0.0005,0.15,0.0,-0.0009,0.0,9041.77,3,194.306,193.626,step
2026-09-01T13:13:48.419724+00:00,98.615,0.0005,0.15,0.0,-0.0009,0.0,9041.99,3,193.759,193.646,step
2026-09-01T13:13:48.420940+00:00,98.615,0.0005,0.15,0.0,-0.0009,0.0,9042.07,3,193.211,193.666,step
2026-09-01T13:13:48.422113+00:00,98.615,0.0005,0.15,0.0,-0.0009,0.0,9042.07,3,192.663,193.686,step
2026-09-01T13:13:48.423331+00:00,98.615,0.0005,0.15,0.0,-0.0009,0.0,9042.03,3,192.115,193.706,step
2026-09-01T13:13:48.424604+00:00,98.615,0.0005,0.15,0.0,-0.0009,0.0,9041.96,3,191.568,193.726,step
2026-09-01T13:13:48.425905+00:00,98.615,0.0005,0.15,0.0,-0.0009,0.0,9041.84,3,191.02,193.746,step
2026-09-01T13:13:48.427198+00:00,98.615,0.0005,0.15,0.0,-0.0009,0.0,9041.74,3,190.472,193.766,step
2026-09-01T13:13:48.428437+00:00,98.614,0.0005,0.15,0.0,-0.0009,0.0,9041.66,3,189.924,193.786,step
2026-09-01T13:13:48.429627+00:00,98.614,0.0005,0.15,0.0,-0.0009,0.0,9041.6,3,189.377,193.806,step
2026-09-01T13:13:48.430868+00:00,98.613,0.0005,0.15,0.0,-0.0009,0.0,9041.54,3,188.829,193.826,step
2026-09-01T13:13:48.432128+00:00,98.613,0.0005,0.15,0.0,-0.0009,0.0,9040.53,3,188.281,193.846,step
2026-09-01T13:13:48.433335+00:00,98.612,0.0005,0.15,0.0,-0.0009,0.0,9040.59,3,187.733,193.866,step
2026-09-01T13:13:48.434556+00:00,98.611,0.0005,0.15,0.0,-0.0009,0.0,9040.94,3,187.186,193.886,step
2026-09-01T13:13:48.435749+00:00,98.61,0.0005,0.15,0.0,-0.0009,0.0,9041.29,3,186.638,193.906,step
2026-09-01T13:13:48.436986+00:00,98.61,0.0005,0.15,0.0,-0.0009,0.0,9041.46,3,186.09,193.926,step
2026-09-01T13:13:48.438210+00:00,98.609,0.0005,0.15,0.0,-0.0009,0.0,9041.5,3,185.542,193.946,step
2026-09-01T13:13:48.439452+00:00,98.609,0.0005,0.15,0.0,-0.0009,0.0,9041.47,3,184.995,193.966,step
2026-09-01T13:13:48.440715+00:00,98.608,0.0005,0.15,0.0,-0.0009,0.0,9041.39,3,184.447,193.986,step
2026-09-01T13:13:48.441957+00:00,98.608,0.0005,0.15,0.0,-0.0009,0.0,9041.29,3,183.899,194.006,step
2026-09-01T13:13:48.443210+00:00,98.607,0.0005,0.15,0.0,-0.0009,0.0,9041.13,3,183.351,194.026,step
2026-09-01T13:13:48.444483+00:00,98.606,0.0005,0.15,0.0,-0.0009,0.0,9040.99,3,182.803,194.046,step
2026-09-01T13:13:48.445711+00:00,98.605,0.0005,0.15,0.0,-0.0009,0.0,9040.87,3,182.256,194.066,step
2026-09-01T13:13:48.446951+00:00,98.604,0.0005,0.15,0.0,-0.0009,0.0,9040.76,3,181.708,194.086,step
2026-09-01T13:13:48.448212+00:00,98.603,0.0005,0.15,0.0,-0.0009,0.0,9040.69,3,181.16,194.106,step
2026-09-01T13:13:48.449440+00:00,98.603,0.0005,0.15,0.0,-0.0009,0.0,9039.72,3,180.612,194.126,step
2026-09-01T13:13:48.450647+00:00,98.601,0.0005,0.15,0.0,-0.0009,0.0,9039.69,3,180.065,194.146,step
2026-09-01T13:13:48.451897+00:00,98.6,0.0005,0.15,0.0,-0.0009,0.0,9039.91,3,179.517,194.166,step
2026-09-01T13:13:48.453138+00:00,98.599,0.0005,0.15,0.0,-0.0009,0.0,9040.2,3,178.969,194.186,step
2026-09-01T13:13:48.454378+00:00,98.598,0.0005,0.15,0.0,-0.0009,0.0,9040.33,3,178.421,194.206,step
2026-09-01T13:13:48.455616+00:00,98.597,0.0005,0.15,0.0,-0.0009,0.0,9040.34,3,177.874,194.226,step
2026-09-01T13:13:48.456827+00:00,98.596,0.0005,0.15,0.0,-0.0009,0.0,9040.27,3,177.326,194.246,step
2026-09-01T13:13:48.458096+00:00,98.595,0.0005,0.15,0.0,-0.0009,0.0,9040.15,3,176.778,194.266,step
2026-09-01T13:13:48.459318+00:00,98.594,0.0005,0.15,0.0,-0.0009,0.0,9040.02,3,176.23,194.286,step
2026-09-01T13:13:48.460579+00:00,98.592,0.0005,0.15,0.0,-0.0009,0.0,9039.84,3,175.683,194.306,step
2026-09-01T13:13:48.461786+00:00,98.591,0.0005,0.15,0.0,-0.0009,0.0,9039.67,3,175.135,194.326,step
2026-09-01T13:13:48.462988+00:00,98.59,0.0005,0.15,0.0,-0.0009,0.0,9039.51,3,174.587,194.346,step
2026-09-01T13:13:48.464200+00:00,98.588,0.0005,0.15,0.0,-0.0009,0.0,9039.37,3,174.04,194.366,step
2026-09-01T13:13:48.465490+00:00,98.587,0.0005,0.15,0.0,-0.0009,0.0,9039.25,3,173.492,194.386,step
2026-09-01T13:13:48.466748+00:00,98.586,0.0005,0.15,0.0,-0.0009,0.0,9038.37,3,172.944,194.406,step
2026-09-01T13:13:48.467976+00:00,98.585,0.0005,0.15,0.0,-0.0009,0.0,9038.25,3,172.396,194.426,step
2026-09-01T13:13:48.469209+00:00,98.583,0.0005,0.15,0.0,-0.0009,0.0,9038.36,3,171.848,194.446,step
2026-09-01T13:13:48.470440+00:00,98.581,0.0005,0.15,0.0,-0.0009,0.0,9038.59,3,171.301,194.466,step
2026-09-01T13:13:48.471680+00:00,98.58,0.0005,0.15,0.0,-0.0009,0.0,9038.69,3,170.753,194.486,step
2026-09-01T13:13:48.472942+00:00,98.578,0.0005,0.15,0.0,-0.0009,0.0,9038.66,3,170.205,194.506,step
2026-09-01T13:13:48.474136+00:00,98.577,0.0005,0.15,0.0,-0.0009,0.0,9038.56,3,169.657,194.526,step
2026-09-01T13:13:48.475373+00:00,98.576,0.0005,0.15,0.0,-0.0009,0.0,9038.42,3,169.11,194.546,step
2026-09-01T13:13:48.476669+00:00,98.574,0.0005,0.15,0.0,-0.0009,0.0,9038.27,3,168.562,194.566,step
2026-09-01T13:13:48.477897+00:00,98.573,0.0005,0.15,0.0,-0.0009,0.0,9038.07,3,168.015,194.586,step
2026-09-01T13:13:48.479147+00:00,98.571,0.0005,0.15,0.0,-0.0009,0.0,9037.87,3,167.467,194.606,step
2026-09-01T13:13:48.480393+00:00,98.57,0.0005,0.15,0.0,-0.0009,0.0,9037.68,3,166.92,194.626,step
2026-09-01T13:13:48.481572+00:00,98.568,0.0005,0.15,0.0,-0.0009,0.0,9037.51,3,166.372,194.646,step
2026-09-01T13:13:48.482808+00:00,98.566,0.0005,0.15,0.0,-0.0009,0.0,9037.35,3,165.825,194.666,step
2026-09-01T13:13:48.484048+00:00,98.565,0.0005,0.15,0.0,-0.0009,0.0,9036.6,3,165.277,194.686,step
2026-09-01T13:13:48.485282+00:00,98.563,0.0005,0.15,0.0,-0.0009,0.0,9036.38,3,164.73,194.706,step
2026-09-01T13:13:48.486486+00:00,98.561,0.0005,0.15,0.0,-0.0009,0.0,9036.39,3,164.183,194.726,step
2026-09-01T13:13:48.487691+00:00,98.559,0.0005,0.15,0.0,-0.0009,0.0,9036.56,3,163.635,194.746,step
2026-09-01T13:13:48.488909+00:00,98.557,0.0005,0.15,0.0,-0.0009,0.0,9036.61,3,163.088,194.766,step
2026-09-01T13:13:48.490153+00:00,98.555,0.0005,0.15,0.0,-0.0009,0.0,9036.56,3,162.54,194.786,step
2026-09-01T13:13:48.491423+00:00,98.554,0.0005,0.15,0.0,-0.0009,0.0,9036.44,3,161.993,194.806,step
2026-09-01T13:13:48.492616+00:00,98.552,0.0005,0.15,0.0,-0.0009,0.0,9036.27,3,161.445,194.826,step
2026-09-01T13:13:48.493858+00:00,98.55,0.0005,0.15,0.0,-0.0009,0.0,9036.09,3,160.898,194.846,step
2026-09-01T13:13:48.495079+00:00,98.549,0.0005,0.15,0.0,-0.0009,0.0,9035.88,3,160.35,194.866,step
2026-09-01T13:13:48.496314+00:00,98.547,0.0005,0.15,0.0,-0.0009,0.0,9035.67,3,159.803,194.886,step
2026-09-01T13:13:48.497581+00:00,98.545,0.0005,0.15,0.0,-0.0009,0.0,9035.46,3,159.255,194.906,step
2026-09-01T13:13:48.498813+00:00,98.543,0.0005,0.15,0.0,-0.0009,0.0,9035.26,3,158.708,194.926,step
2026-09-01T13:13:48.500034+00:00,98.541,0.0005,0.15,0.0,-0.0009,0.0,9035.08,3,158.161,194.946,step
2026-09-01T13:13:48.501295+00:00,98.539,0.0005,0.15,0.0,-0.0009,0.0,9034.48,3,157.613,194.966,step
2026-09-01T13:13:48.502549+00:00,98.537,0.0005,0.15,0.0,-0.0009,0.0,9034.16,3,157.066,194.986,step
2026-09-01T13:13:48.503755+00:00,98.535,0.0005,0.15,0.0,-0.0009,0.0,9034.09,3,156.518,195.006,step
2026-09-01T13:13:48.504962+00:00,98.533,0.0005,0.15,0.0,-0.0009,0.0,9034.18,3,155.971,195.026,step
2026-09-01T13:13:48.506192+00:00,98.531,0.0005,0.15,0.0,-0.0009,0.0,9034.2,3,155.423,195.046,step
2026-09-01T13:13:48.507407+00:00,98.529,0.0005,0.15,0.0,-0.0009,0.0,9034.12,3,154.876,195.066,step
2026-09-01T13:13:48.508594+00:00,98.527,0.0005,0.15,0.0,-0.0009,0.0,9033.97,3,154.328,195.086,step
2026-09-01T13:13:48.509812+00:00,98.525,0.0005,0.15,0.0,-0.0009,0.0,9033.79,3,153.781,195.106,step
2026-09-01T13:13:48.511004+00:00,98.523,0.0005,0.15,0.0,-0.0009,0.0,9033.59,3,153.233,195.126,step
2026-09-01T13:13:48.512242+00:00,98.521,0.0005,0.15,0.0,-0.0009,0.0,9033.38,3,152.686,195.146,step
2026-09-01T13:13:48.513456+00:00,98.519,0.0005,0.15,0.0,-0.0009,0.0,9033.15,3,152.139,195.166,step
2026-09-01T13:13:48.514706+00:00,98.517,0.0005,0.15,0.0,-0.0009,0.0,9032.93,3,151.592,195.186,step
2026-09-01T13:13:48.515963+00:00,98.515,0.0005,0.15,0.0,-0.0009,0.0,9032.71,3,151.044,195.206,step
2026-09-01T13:13:48.517140+00:00,98.513,0.0005,0.15,0.0,-0.0009,0.0,9032.51,3,150.497,195.226,step
2026-09-01T13:13:48.518335+00:00,98.51,0.0005,0.15,0.0,-0.0009,0.0,9032.12,3,149.95,195.246,step
2026-09-01T13:13:48.519523+00:00,98.508,0.0005,0.15,0.0,-0.0009,0.0,9031.65,3,149.403,195.266,step
2026-09-01T13:13:48.520713+00:00,98.506,0.0005,0.15,0.0,-0.0009,0.0,9031.52,3,148.856,195.286,step
2026-09-01T13:13:48.521917+00:00,98.504,0.0005,0.15,0.0,-0.0009,0.0,9031.53,3,148.309,195.306,step
2026-09-01T13:13:48.523109+00:00,98.501,0.0005,0.15,0.0,-0.0009,0.0,9031.51,3,147.762,195.326,step
2026-09-01T13:13:48.524325+00:00,98.499,0.0005,0.15,0.0,-0.0009,0.0,9031.41,3,147.214,195.346,step
2026-09-01T13:13:48.525563+00:00,98.497,0.0005,0.15,0.0,-0.0009,0.0,9031.25,3,146.667,195.366,step
2026-09-01T13:13:48.526763+00:00,98.495,0.0005,0.15,0.0,-0.0009,0.0,9031.06,3,146.12,195.386,step
2026-09-01T13:13:48.527981+00:00,98.493,0.0005,0.15,0.0,-0.0009,0.0,9030.84,3,145.573,195.406,step
2026-09-01T13:13:48.529199+00:00,98.491,0.0005,0.15,0.0,-0.0009,0.0,9030.62,3,145.026,195.426,step
2026-09-01T13:13:48.530410+00:00,98.489,0.0005,0.15,0.0,-0.0009,0.0,9030.38,3,144.479,195.446,step
2026-09-01T13:13:48.531630+00:00,98.486,0.0005,0.15,0.0,-0.0009,0.0,9030.15,3,143.932,195.466,step
2026-09-01T13:13:48.532838+00:00,98.484,0.0005,0.15,0.0,-0.0009,0.0,9029.93,3,143.384,195.486,step
2026-09-01T13:13:48.534048+00:00,98.482,0.0005,0.15,0.0,-0.0009,0.0,9029.71,3,142.837,195.506,step
2026-09-01T13:13:48.535230+00:00,98.479,0.0005,0.15,0.0,-0.0009,0.0,9029.51,3,142.29,195.526,step
2026-09-01T13:13:48.536421+00:00,98.477,0.0005,0.15,0.0,-0.0009,0.0,9028.94,3,141.743,195.546,step
2026-09-01T13:13:48.537627+00:00,98.475,0.0005,0.15,0.0,-0.0009,0.0,9028.77,3,141.196,195.566,step
2026-09-01T13:13:48.538822+00:00,98.472,0.0005,0.15,0.0,-0.0009,0.0,9028.71,3,140.649,195.586,step
2026-09-01T13:13:48.540016+00:00,98.47,0.0005,0.15,0.0,-0.0009,0.0,9028.64,3,140.102,195.606,step
2026-09-01T13:13:48.541236+00:00,98.468,0.0005,0.15,0.0,-0.0009,0.0,9028.52,3,139.554,195.626,step
2026-09-01T13:13:48.542435+00:00,98.466,0.0005,0.15,0.0,-0.0009,0.0,9028.35,3,139.007,195.646,step
2026-09-01T13:13:48.543692+00:00,98.463,0.0005,0.15,0.0,-0.0009,0.0,9028.16,3,138.46,195.666,step
2026-09-01T13:13:48.544900+00:00,98.461,0.0005,0.15,0.0,-0.0009,0.0,9027.94,3,137.914,195.686,step
2026-09-01T13:13:48.546129+00:00,98.459,0.0005,0.15,0.0,-0.0009,0.0,9027.71,3,137.367,195.706,step
2026-09-01T13:13:48.547371+00:00,98.456,0.0005,0.15,0.0,-0.0009,0.0,9027.46,3,136.82,195.726,step
2026-09-01T13:13:48.548583+00:00,98.454,0.0005,0.15,0.0,-0.0009,0.0,9027.23,3,136.273,195.746,step
2026-09-01T13:13:48.549807+00:00,98.452,0.0005,0.15,0.0,-0.0009,0.0,9027.0,3,135.726,195.766,step
2026-09-01T13:13:48.550991+00:00,98.449,0.0005,0.15,0.0,-0.0009,0.0,9026.78,3,135.179,195.786,step
2026-09-01T13:13:48.552187+00:00,98.447,0.0005,0.15,0.0,-0.0009,0.0,9026.57,3,134.633,195.806,step
2026-09-01T13:13:48.553379+00:00,98.445,0.0005,0.15,0.0,-0.0009,0.0,9026.1,3,134.086,195.826,step
2026-09-01T13:13:48.554576+00:00,98.442,0.0005,0.15,0.0,-0.0009,0.0,9025.9,3,133.539,195.846,step
2026-09-01T13:13:48.555734+00:00,98.44,0.0005,0.15,0.0,-0.0009,0.0,9025.77,3,132.992,195.866,step
2026-09-01T13:13:48.556927+00:00,98.437,0.0005,0.15,0.0,-0.0009,0.0,9025.67,3,132.445,195.886,step
2026-09-01T13:13:48.558106+00:00,98.435,0.0005,0.15,0.0,-0.0009,0.0,9025.52,3,131.898,195.906,step
2026-09-01T13:13:48.559319+00:00,98.433,0.0005,0.15,0.0,-0.001,0.0,9025.34,3,131.351,195.926,step
2026-09-01T13:13:48.560498+00:00,98.43,0.0005,0.15,0.0,-0.001,0.0,9025.13,3,130.805,195.946,step
2026-09-01T13:13:48.561669+00:00,98.428,0.0005,0.15,0.0,-0.001,0.0,9024.91,3,130.258,195.966,step
2026-09-01T13:13:48.562901+00:00,98.426,0.0005,0.15,0.0,-0.001,0.0,9024.69,3,129.711,195.986,step
2026-09-01T13:13:48.564108+00:00,98.423,0.0005,0.15,0.0,-0.001,0.0,9024.45,3,129.164,196.006,step
2026-09-01T13:13:48.565355+00:00,98.421,0.0005,0.15,0.0,-0.001,0.0,9024.23,3,128.617,196.026,step
2026-09-01T13:13:48.566538+00:00,98.419,0.0005,0.15,0.0,-0.001,0.0,9024.0,3,128.07,196.046,step
2026-09-01T13:13:48.567765+00:00,98.416,0.0005,0.15,0.0,-0.001,0.0,9023.78,3,127.524,196.066,step
2026-09-01T13:13:48.568968+00:00,98.414,0.0005,0.15,0.0,-0.001,0.0,9023.56,3,126.977,196.086,step
2026-09-01T13:13:48.570164+00:00,98.412,0.0005,0.15,0.0,-0.001,0.0,9023.2,3,126.43,196.106,step
2026-09-01T13:13:48.571375+00:00,98.409,0.0005,0.15,0.0,-0.001,0.0,9022.99,3,125.883,196.126,step
2026-09-01T13:13:48.572591+00:00,98.407,0.0005,0.15,0.0,-0.001,0.0,9022.83,3,125.337,196.146,step
2026-09-01T13:13:48.573810+00:00,98.404,0.0005,0.15,0.0,-0.001,0.0,9022.68,3,124.79,196.166,step
2026-09-01T13:13:48.575050+00:00,98.402,0.0005,0.15,0.0,-0.001,0.0,9022.5,3,124.244,196.186,step
2026-09-01T13:13:48.576229+00:00,98.4,0.0005,0.15,0.0,-0.001,0.0,9022.3,3,123.697,196.206,step
2026-09-01T13:13:48.577469+00:00,98.397,0.0005,0.15,0.0,-0.001,0.0,9022.09,3,123.151,196.226,step
2026-09-01T13:13:48.578671+00:00,98.395,0.0005,0.15,0.0,-0.001,0.0,9021.88,3,122.604,196.246,step
2026-09-01T13:13:48.579893+00:00,98.393,0.0005,0.15,0.0,-0.001,0.0,9021.66,3,122.057,196.266,step
2026-09-01T13:13:48.581153+00:00,98.39,0.0005,0.15,0.0,-0.001,0.0,9021.43,3,121.511,196.286,step
2026-09-01T13:13:48.582387+00:00,98.388,0.0005,0.15,0.0,-0.001,0.0,9021.21,3,120.964,196.306,step
2026-09-01T13:13:48.583635+00:00,98.386,0.0005,0.15,0.0,-0.001,0.0,9021.0,3,120.418,196.326,step
2026-09-01T13:13:48.584847+00:00,98.383,0.0005,0.0,0.15,-0.001,0.0,9020.78,3,119.871,196.346,step
2026-09-01T13:13:48.586053+00:00,97.995,0.0005,0.0,0.15,-0.001,0.0,8833.98,3,119.336,196.366,step
2026-09-01T13:13:48.587270+00:00,97.404,0.0004,0.0,0.15,-0.001,-0.0001,8776.65,3,118.826,196.386,step
2026-09-01T13:13:48.588501+00:00,96.811,0.0004,0.0,0.15,-0.001,-0.0001,8720.79,3,118.33,196.406,step
2026-09-01T13:13:48.589718+00:00,96.222,0.0003,0.0,0.15,-0.001,-0.0002,8666.92,3,117.84,196.426,step
2026-09-01T13:13:48.590984+00:00,95.636,0.0002,0.0,0.15,-0.0009,-0.0003,8614.5,3,117.356,196.446,step
2026-09-01T13:13:48.592188+00:00,95.052,0.0002,0.0,0.15,-0.0009,-0.0004,8562.9,3,116.875,196.466,step
2026-09-01T13:13:48.593412+00:00,94.47,0.0001,0.0,0.15,-0.0009,-0.0005,8511.64,3,116.396,196.486,step
2026-09-01T13:13:48.594617+00:00,93.891,-0.0,0.0,0.15,-0.0009,-0.0006,8460.45,3,115.919,196.506,step
2026-09-01T13:13:48.595800+00:00,93.314,-0.0001,0.0,0.15,-0.0009,-0.0007,8409.31,3,115.445,196.526,step
2026-09-01T13:13:48.597027+00:00,92.739,-0.0002,0.0,0.15,-0.0008,-0.0007,8358.16,3,114.972,196.546,step
2026-09-01T13:13:48.598235+00:00,92.167,-0.0003,0.0,0.15,-0.0008,-0.0008,8307.09,3,114.501,196.566,step
2026-09-01T13:13:48.599477+00:00,91.596,-0.0003,0.15,0.0,-0.0007,-0.0009,8256.09,3,114.032,196.586,step
2026-09-01T13:13:48.600728+00:00,91.412,-0.0004,0.15,0.0,-0.0007,-0.0009,8387.75,3,113.553,196.606,step
2026-09-01T13:13:48.601994+00:00,91.423,-0.0005,0.15,0.0,-0.0006,-0.001,8387.19,3,113.056,196.626,step
2026-09-01T13:13:48.603205+00:00,91.434,-0.0005,0.15,0.0,-0.0005,-0.001,8386.74,3,112.552,196.646,step
2026-09-01T13:13:48.604434+00:00,91.445,-0.0005,0.15,0.0,-0.0005,-0.001,8386.85,3,112.034,196.666,step
2026-09-01T13:13:48.605637+00:00,91.456,-0.0005,0.15,0.0,-0.0004,-0.0009,8387.57,3,111.502,196.686,step
2026-09-01T13:13:48.606828+00:00,91.467,-0.0005,0.15,0.0,-0.0003,-0.0009,8388.67,3,110.965,196.706,step
2026-09-01T13:13:48.608064+00:00,91.477,-0.0005,0.15,0.0,-0.0003,-0.0008,8390.1,3,110.428,196.726,step
2026-09-01T13:13:48.609228+00:00,91.487,-0.0005,0.15,0.0,-0.0002,-0.0007,8391.56,3,109.889,196.746,step
2026-09-01T13:13:48.610434+00:00,91.498,-0.0005,0.15,0.0,-0.0001,-0.0007,8392.77,3,109.361,196.766,step
2026-09-01T13:13:48.611640+00:00,91.508,-0.0005,0.15,0.0,-0.0001,-0.0007,8393.81,3,108.845,196.786,step
2026-09-01T13:13:48.612857+00:00,91.519,-0.0005,0.15,0.0,-0.0,-0.0007,8394.75,3,108.322,196.806,step
2026-09-01T13:13:48.614056+00:00,91.529,-0.0005,0.15,0.0,0.0,-0.0006,8395.63,3,107.789,196.826,step
2026-09-01T13:13:48.615257+00:00,91.54,-0.0005,0.15,0.0,0.0001,-0.0006,8396.51,3,107.253,196.846,step
2026-09-01T13:13:48.616456+00:00,91.55,-0.0005,0.15,0.0,0.0001,-0.0005,8397.4,3,106.726,196.866,step
2026-09-01T13:13:48.617686+00:00,91.56,-0.0005,0.15,0.0,0.0002,-0.0005,8398.32,3,106.21,196.886,step
2026-09-01T13:13:48.618901+00:00,91.571,-0.0005,0.15,0.0,0.0002,-0.0005,8399.25,3,105.698,196.906,step
2026-09-01T13:13:48.620091+00:00,91.581,-0.0005,0.15,0.0,0.0003,-0.0005,8400.2,3,105.178,196.926,step
2026-09-01T13:13:48.621312+00:00,91.591,-0.0005,0.15,0.0,0.0003,-0.0004,8401.16,3,104.647,196.946,step
2026-09-01T13:13:48.622539+00:00,91.602,-0.0005,0.15,0.0,0.0003,-0.0004,8402.11,3,104.122,196.966,step
2026-09-01T13:13:48.623783+00:00,91.612,-0.0005,0.15,0.0,0.0004,-0.0004,8403.24,3,103.607,196.986,step
2026-09-01T13:13:48.624987+00:00,91.622,-0.0005,0.15,0.0,0.0004,-0.0004,8404.21,3,103.095,197.006,step
2026-09-01T13:13:48.626182+00:00,91.633,-0.0005,0.15,0.0,0.0004,-0.0004,8405.07,3,102.575,197.026,step
2026-09-01T13:13:48.627340+00:00,91.643,-0.0005,0.15,0.0,0.0005,-0.0003,8405.96,3,102.044,197.046,step
2026-09-01T13:13:48.628515+00:00,91.653,-0.0005,0.15,0.0,0.0005,-0.0003,8406.86,3,101.519,197.066,step
2026-09-01T13:13:48.629707+00:00,91.664,-0.0005,0.15,0.0,0.0005,-0.0003,8407.75,3,101.004,197.086,step
2026-09-01T13:13:48.630866+00:00,91.674,-0.0005,0.15,0.0,0.0005,-0.0003,8408.67,3,100.492,197.106,step
2026-09-01T13:13:48.632052+00:00,91.684,-0.0005,0.15,0.0,0.0006,-0.0003,8409.6,3,99.9818,197.126,step
2026-09-01T13:13:48.633212+00:00,91.695,-0.0005,0.15,0.0,0.0006,-0.0003,8410.54,3,99.4721,197.146,step
2026-09-01T13:13:48.634438+00:00,91.705,-0.0005,0.15,0.0,0.0006,-0.0002,8411.49,3,98.9529,197.166,step
2026-09-01T13:13:48.635688+00:00,91.715,-0.0005,0.15,0.0,0.0006,-0.0002,8412.43,3,98.4225,197.186,step
2026-09-01T13:13:48.636886+00:00,91.725,-0.0005,0.15,0.0,0.0006,-0.0002,8413.39,3,97.8977,197.206,step
2026-09-01T13:13:48.638101+00:00,91.735,-0.0004,0.15,0.0,0.0007,-0.0002,8414.35,3,97.3821,197.226,step
2026-09-01T13:13:48.639300+00:00,91.746,-0.0005,0.15,0.0,0.0007,-0.0001,8415.29,3,96.8702,197.246,step
2026-09-01T13:13:48.640493+00:00,91.756,-0.0005,0.15,0.0,0.0007,-0.0001,8416.22,3,96.3595,197.266,step
2026-09-01T13:13:48.641693+00:00,91.766,-0.0005,0.15,0.0,0.0007,-0.0001,8417.17,3,95.8496,197.286,step
2026-09-01T13:13:48.642883+00:00,91.776,-0.0005,0.15,0.0,0.0007,-0.0001,8418.41,3,95.3392,197.306,step
2026-09-01T13:13:48.644056+00:00,91.787,-0.0005,0.15,0.0,0.0007,-0.0001,8419.19,3,94.8293,197.326,step
2026-09-01T13:13:48.645255+00:00,91.797,-0.0005,0.15,0.0,0.0007,-0.0001,8420.05,3,94.3195,197.346,step
2026-09-01T13:13:48.646501+00:00,91.807,-0.0005,0.15,0.0,0.0007,-0.0001,8420.9,3,93.8095,197.366,step
2026-09-01T13:13:48.647723+00:00,91.817,-0.0005,0.15,0.0,0.0008,-0.0001,8421.77,3,93.2996,197.386,step
2026-09-01T13:13:48.648914+00:00,91.828,-0.0005,0.15,0.0,0.0008,-0.0001,8422.65,3,92.7893,197.406,step
2026-09-01T13:13:48.650125+00:00,91.838,-0.0005,0.15,0.0,0.0008,-0.0001,8423.56,3,92.2791,197.426,step
2026-09-01T13:13:48.651359+00:00,91.848,-0.0005,0.15,0.0,0.0008,-0.0001,8424.5,3,91.7597,197.446,step
2026-09-01T13:13:48.652559+00:00,91.858,-0.0005,0.15,0.0,0.0008,-0.0001,8425.45,3,91.2394,197.466,step
2026-09-01T13:13:48.653772+00:00,91.868,-0.0005,0.15,0.0,0.0008,-0.0001,8426.41,3,90.7248,197.486,step
2026-09-01T13:13:48.654973+00:00,91.878,-0.0005,0.15,0.0,0.0008,-0.0001,8427.36,3,90.2128,197.506,step
2026-09-01T13:13:48.656123+00:00,91.888,-0.0005,0.15,0.0,0.0008,-0.0001,8428.31,3,89.7015,197.526,step
2026-09-01T13:13:48.657323+00:00,91.898,-0.0005,0.15,0.0,0.0008,-0.0001,8429.25,3,89.1909,197.546,step
2026-09-01T13:13:48.658526+00:00,91.909,-0.0005,0.15,0.0,0.0008,-0.0001,8430.18,3,88.6802,197.566,step
2026-09-01T13:13:48.659710+00:00,91.919,-0.0005,0.15,0.0,0.0008,-0.0001,8431.09,3,88.1695,197.586,step
2026-09-01T13:13:48.660886+00:00,91.929,-0.0005,0.15,0.0,0.0008,-0.0001,8432.53,3,87.659,197.606,step
2026-09-01T13:13:48.662079+00:00,91.939,-0.0005,0.15,0.0,0.0008,-0.0001,8433.24,3,87.148,197.626,step
2026-09-01T13:13:48.663237+00:00,91.949,-0.0005,0.15,0.0,0.0008,-0.0001,8434.04,3,86.6372,197.646,step
2026-09-01T13:13:48.664423+00:00,91.96,-0.0005,0.15,0.0,0.0009,-0.0001,8434.86,3,86.1262,197.666,step
2026-09-01T13:13:48.665578+00:00,91.97,-0.0005,0.15,0.0,0.0009,-0.0001,8435.7,3,85.6154,197.686,step
2026-09-01T13:13:48.666769+00:00,91.98,-0.0005,0.15,0.0,0.0009,-0.0001,8436.56,3,85.1044,197.706,step
2026-09-01T13:13:48.667976+00:00,91.99,-0.0005,0.15,0.0,0.0009,-0.0001,8437.45,3,84.5849,197.726,step
2026-09-01T13:13:48.669150+00:00,92.0,-0.0005,0.0,0.15,0.0009,-0.0,8438.38,3,84.0644,197.746,step
2026-09-01T13:13:48.670369+00:00,91.625,-0.0005,0.15,0.0,0.0009,-0.0,8264.67,3,83.5563,197.766,step
2026-09-01T13:13:48.671610+00:00,91.44,-0.0005,0.15,0.0,0.0009,-0.0001,8389.51,3,83.0573,197.786,step
2026-09-01T13:13:48.672872+00:00,91.451,-0.0005,0.15,0.0,0.0009,-0.0001,8389.51,3,82.553,197.806,step
2026-09-01T13:13:48.674152+00:00,91.463,-0.0005,0.15,0.0,0.0009,-0.0001,8390.01,3,82.038,197.826,step
2026-09-01T13:13:48.675374+00:00,91.474,-0.0005,0.15,0.0,0.0009,-0.0,8390.64,3,81.5213,197.846,step
2026-09-01T13:13:48.676580+00:00,91.486,-0.0005,0.15,0.0,0.0009,-0.0,8391.36,3,81.0098,197.866,step
2026-09-01T13:13:48.677823+00:00,91.497,-0.0005,0.15,0.0,0.0009,-0.0,8392.2,3,80.4998,197.886,step
2026-09-01T13:13:48.679077+00:00,91.507,-0.0005,0.15,0.0,0.0009,-0.0,8393.78,3,79.9907,197.906,step
2026-09-01T13:13:48.680325+00:00,91.519,-0.0005,0.15,0.0,0.0009,-0.0,8394.77,3,79.4821,197.926,step
2026-09-01T13:13:48.681560+00:00,91.53,-0.0005,0.15,0.0,0.0009,-0.0,8395.74,3,78.9736,197.946,step
2026-09-01T13:13:48.682751+00:00,91.541,-0.0005,0.15,0.0,0.0009,-0.0,8396.7,3,78.465,197.966,step
2026-09-01T13:13:48.683950+00:00,91.552,-0.0005,0.15,0.0,0.0009,-0.0,8397.67,3,77.9563,197.986,step
2026-09-01T13:13:48.685119+00:00,91.564,-0.0005,0.15,0.0,0.0009,-0.0,8398.64,3,77.4474,198.006,step
2026-09-01T13:13:48.686290+00:00,91.575,-0.0005,0.15,0.0,0.0009,-0.0,8399.61,3,76.9387,198.026,step
2026-09-01T13:13:48.687483+00:00,91.586,-0.0005,0.15,0.0,0.0009,-0.0,8400.6,3,76.4298,198.046,step
2026-09-01T13:13:48.688676+00:00,91.597,-0.0005,0.15,0.0,0.0009,-0.0,8401.59,3,75.921,198.066,step
2026-09-01T13:13:48.689873+00:00,91.608,-0.0005,0.15,0.0,0.0009,-0.0,8402.59,3,75.4119,198.086,step
2026-09-01T13:13:48.691085+00:00,91.619,-0.0005,0.15,0.0,0.0009,-0.0,8403.65,3,74.9028,198.106,step
2026-09-01T13:13:48.692291+00:00,91.63,-0.0005,0.15,0.0,0.0009,-0.0,8404.71,3,74.3937,198.126,step
2026-09-01T13:13:48.693460+00:00,91.641,-0.0005,0.15,0.0,0.0009,-0.0,8405.76,3,73.8846,198.146,step
2026-09-01T13:13:48.694616+00:00,91.652,-0.0005,0.15,0.0,0.0009,-0.0,8406.79,3,73.3756,198.166,step
2026-09-01T13:13:48.695808+00:00,91.664,-0.0005,0.15,0.0,0.0009,-0.0,8407.78,3,72.8661,198.186,step
2026-09-01T13:13:48.697019+00:00,91.674,-0.0005,0.15,0.0,0.0009,-0.0,8409.55,3,72.3567,198.206,step
2026-09-01T13:13:48.698181+00:00,91.686,-0.0005,0.15,0.0,0.0009,-0.0,8410.45,3,71.8473,198.226,step
2026-09-01T13:13:48.699345+00:00,91.697,-0.0005,0.15,0.0,0.0009,-0.0,8411.19,3,71.3379,198.246,step
2026-09-01T13:13:48.700527+00:00,91.709,-0.0005,0.15,0.0,0.0009,-0.0,8412.04,3,70.8285,198.266,step
2026-09-01T13:13:48.701678+00:00,91.72,-0.0005,0.15,0.0,0.0009,-0.0,8412.9,3,70.3188,198.286,step
2026-09-01T13:13:48.702874+00:00,91.731,-0.0005,0.15,0.0,0.0009,-0.0,8413.8,3,69.8091,198.306,step
2026-09-01T13:13:48.704025+00:00,91.742,-0.0005,0.15,0.0,0.0009,-0.0,8414.75,3,69.2993,198.326,step
2026-09-01T13:13:48.705213+00:00,91.753,-0.0005,0.15,0.0,0.0009,-0.0,8415.76,3,68.7896,198.346,step
2026-09-01T13:13:48.706398+00:00,91.764,-0.0005,0.15,0.0,0.0009,-0.0,8416.8,3,68.2799,198.366,step
2026-09-01T13:13:48.707612+00:00,91.775,-0.0005,0.15,0.0,0.0009,-0.0,8417.86,3,67.7699,198.386,step
2026-09-01T13:13:48.708821+00:00,91.786,-0.0005,0.15,0.0,0.0009,-0.0,8418.95,3,67.2599,198.406,step
2026-09-01T13:13:48.710050+00:00,91.797,-0.0005,0.15,0.0,0.0009,-0.0,8420.03,3,66.7499,198.426,step
2026-09-01T13:13:48.711238+00:00,91.809,-0.0005,0.15,0.0,0.0009,-0.0,8421.09,3,66.2399,198.446,step
2026-09-01T13:13:48.712432+00:00,91.82,-0.0005,0.15,0.0,0.0009,-0.0,8422.12,3,65.7298,198.466,step
2026-09-01T13:13:48.713582+00:00,91.831,-0.0005,0.15,0.0,0.0009,-0.0,8423.12,3,65.2195,198.486,step
2026-09-01T13:13:48.714765+00:00,91.843,-0.0005,0.15,0.0,0.0009,-0.0,8424.51,3,64.7091,198.506,step
2026-09-01T13:13:48.715925+00:00,91.854,-0.0005,0.15,0.0,0.0009,-0.0,8425.98,3,64.1988,198.526,step
2026-09-01T13:13:48.717103+00:00,91.865,-0.0005,0.15,0.0,0.0009,-0.0,8426.64,3,63.6884,198.546,step
2026-09-01T13:13:48.718256+00:00,91.877,-0.0005,0.15,0.0,0.0009,-0.0,8427.46,3,63.178,198.566,step
2026-09-01T13:13:48.719453+00:00,91.888,-0.0005,0.15,0.0,0.0009,-0.0,8428.3,3,62.6673,198.586,step
2026-09-01T13:13:48.720669+00:00,91.899,-0.0005,0.15,0.0,0.0009,-0.0,8429.18,3,62.1568,198.606,step
2026-09-01T13:13:48.721885+00:00,91.911,-0.0005,0.15,0.0,0.0009,-0.0,8430.12,3,61.6462,198.626,step
2026-09-01T13:13:48.723068+00:00,91.922,-0.0005,0.15,0.0,0.0009,-0.0,8431.12,3,61.1357,198.646,step
2026-09-01T13:13:48.724272+00:00,91.933,-0.0005,0.15,0.0,0.0009,-0.0,8432.16,3,60.6248,198.666,step
2026-09-01T13:13:48.725442+00:00,91.944,-0.0005,0.15,0.0,0.0009,-0.0,8433.24,3,60.1139,198.686,step
2026-09-01T13:13:48.726624+00:00,91.955,-0.0005,0.0,0.15,0.0009,-0.0,8434.34,3,59.6029,198.706,step
2026-09-01T13:13:48.727813+00:00,91.584,-0.0004,0.0,0.15,0.0009,-0.0,8260.61,3,59.0876,198.726,step
2026-09-01T13:13:48.729029+00:00,91.016,-0.0004,0.0,0.15,0.0009,0.0,8205.92,3,58.567,198.746,step
2026-09-01T13:13:48.730178+00:00,90.448,-0.0004,0.0,0.15,0.0009,0.0001,8152.46,3,58.0465,198.766,step
2026-09-01T13:13:48.731423+00:00,89.883,-0.0003,0.0,0.15,0.0009,0.0002,8100.91,3,57.5284,198.786,step
2026-09-01T13:13:48.732668+00:00,89.32,-0.0002,0.0,0.15,0.0009,0.0002,8050.74,3,57.0131,198.806,step
2026-09-01T13:13:48.733886+00:00,88.763,-0.0002,0.0,0.15,0.0009,0.0003,7998.65,3,56.5012,198.826,step
2026-09-01T13:13:48.735061+00:00,88.205,-0.0001,0.0,0.15,0.0009,0.0004,7950.53,3,55.9929,198.846,step
2026-09-01T13:13:48.736352+00:00,87.649,-0.0001,0.0,0.15,0.0008,0.0004,7902.24,3,55.4879,198.866,step
2026-09-01T13:13:48.737543+00:00,87.095,-0.0,0.0,0.15,0.0008,0.0005,7853.46,3,54.9868,198.886,step
2026-09-01T13:13:48.738710+00:00,86.544,0.0001,0.0,0.15,0.0008,0.0006,7804.61,3,54.4895,198.906,step
