timestamp,speed,steering,throttle,brake,track_position,angle,rpm,gear,track_sensor_center,lap_time,event
2026-09-01T13:13:05.766004+00:00,-0.009,-0.1569,0.8,0.0,0.3334,0.0082,5235.99,1,62.0267,-0.982,step
2026-09-01T13:13:05.767231+00:00,-0.009,-0.1569,0.8,0.0,0.3334,0.0082,5356.17,1,62.0267,-0.962,step
2026-09-01T13:13:05.767949+00:00,-0.009,-0.1569,0.8,0.0,0.3334,0.0082,5479.34,1,62.0267,-0.942,step
2026-09-01T13:13:05.768658+00:00,-0.009,-0.1569,0.8,0.0,0.3334,0.0082,5605.57,1,62.0267,-0.922,step
2026-09-01T13:13:05.769365+00:00,-0.009,-0.1569,0.8,0.0,0.3334,0.0082,5734.92,1,62.0267,-0.902,step
2026-09-01T13:13:05.770036+00:00,-0.009,-0.1569,0.8,0.0,0.3334,0.0082,5867.48,1,62.0267,-0.882,step
2026-09-01T13:13:05.770699+00:00,-0.009,-0.1569,0.8,0.0,0.3334,0.0082,6003.31,1,62.0267,-0.862,step
2026-09-01T13:13:05.771362+00:00,-0.009,-0.1569,0.8,0.0,0.3334,0.0082,6142.48,1,62.0267,-0.842,step
2026-09-01T13:13:05.772034+00:00,-0.009,-0.1569,0.8,0.0,0.3334,0.0082,6285.09,1,62.0267,-0.822,step
2026-09-01T13:13:05.772697+00:00,-0.009,-0.1569,0.8,0.0,0.3334,0.0082,6431.2,1,62.0267,-0.802,step
2026-09-01T13:13:05.773336+00:00,-0.009,-0.1569,0.8,0.0,0.3334,0.0082,6580.9,1,62.0267,-0.782,step
2026-09-01T13:13:05.773985+00:00,-0.009,-0.1569,0.8,0.0,0.3334,0.0082,6734.27,1,62.0267,-0.762,step
2026-09-01T13:13:05.774669+00:00,-0.009,-0.1569,0.8,0.0,0.3334,0.0082,6891.39,1,62.0267,-0.742,step
2026-09-01T13:13:05.775345+00:00,-0.009,-0.1569,0.8,0.0,0.3334,0.0082,7052.35,1,62.0267,-0.722,step
2026-09-01T13:13:05.775995+00:00,-0.009,-0.1569,0.8,0.0,0.3334,0.0082,7217.24,1,62.0267,-0.702,step
2026-09-01T13:13:05.776643+00:00,-0.009,-0.1569,0.8,0.0,0.3334,0.0082,7386.14,1,62.0267,-0.682,step
2026-09-01T13:13:05.777307+00:00,-0.009,-0.1569,0.8,0.0,0.3334,0.0082,7559.14,1,62.0267,-0.662,step
2026-09-01T13:13:05.777957+00:00,-0.009,-0.1569,0.8,0.0,0.3334,0.0082,7736.33,1,62.0267,-0.642,step
2026-09-01T13:13:05.778614+00:00,-0.009,-0.1569,0.8,0.0,0.3334,0.0082,7917.82,1,62.0267,-0.622,step
2026-09-01T13:13:05.779256+00:00,-0.009,-0.1569,0.8,0.0,0.3334,0.0082,8103.68,1,62.0267,-0.602,step
2026-09-01T13:13:05.779911+00:00,-0.009,-0.1569,0.8,0.0,0.3334,0.0082,8294.03,1,62.0267,-0.582,step
2026-09-01T13:13:05.780578+00:00,-0.009,-0.1569,0.8,0.0,0.3334,0.0082,8488.95,1,62.0267,-0.562,step
2026-09-01T13:13:05.781205+00:00,-0.009,-0.1569,0.8,0.0,0.3334,0.0082,8688.55,1,62.0267,-0.542,step
2026-09-01T13:13:05.781837+00:00,-0.009,-0.1569,0.8,0.0,0.3334,0.0082,8892.93,1,62.0267,-0.522,step
2026-09-01T13:13:05.782516+00:00,-0.009,-0.1569,0.8,0.0,0.3334,0.0082,9102.19,1,62.0267,-0.502,step
2026-09-01T13:13:05.783155+00:00,-0.009,-0.1569,0.8,0.0,0.3334,0.0082,9316.43,1,62.0267,-0.482,step
2026-09-01T13:13:05.783802+00:00,-0.009,-0.1569,0.8,0.0,0.3334,0.0082,9535.22,1,62.0267,-0.462,step
2026-09-01T13:13:05.784444+00:00,-0.009,-0.1569,0.8,0.0,0.3334,0.0082,9754.55,1,62.0267,-0.442,step
2026-09-01T13:13:05.785110+00:00,-0.009,-0.1569,0.8,0.0,0.3334,0.0082,9973.62,1,62.0267,-0.422,step
2026-09-01T13:13:05.785772+00:00,-0.009,-0.1569,0.8,0.0,0.3334,0.0082,10192.4,1,62.0267,-0.402,step
2026-09-01T13:13:05.786424+00:00,-0.009,-0.1569,0.8,0.0,0.3334,0.0082,10411.0,1,62.0267,-0.382,step
2026-09-01T13:13:05.787080+00:00,-0.009,-0.1569,0.8,0.0,0.3334,0.0082,10629.3,1,62.0267,-0.362,step
2026-09-01T13:13:05.787707+00:00,-0.009,-0.1569,0.8,0.0,0.3334,0.0082,10847.3,1,62.0267,-0.342,step
2026-09-01T13:13:05.788350+00:00,-0.009,-0.1569,0.8,0.0,0.3334,0.0082,11065.1,1,62.0267,-0.322,step
2026-09-01T13:13:05.789006+00:00,-0.009,-0.1569,0.8,0.0,0.3334,0.0082,11282.6,1,62.0267,-0.302,step
2026-09-01T13:13:05.789635+00:00,-0.009,-0.1569,0.8,0.0,0.3334,0.0082,11499.9,1,62.0267,-0.282,step
2026-09-01T13:13:05.790315+00:00,-0.009,-0.1569,0.8,0.0,0.3334,0.0082,11716.9,1,62.0267,-0.262,step
2026-09-01T13:13:05.790973+00:00,-0.009,-0.1569,0.8,0.0,0.3334,0.0082,11933.7,1,62.0267,-0.242,step
2026-09-01T13:13:05.791615+00:00,-0.009,-0.1569,0.8,0.0,0.3334,0.0082,12150.2,1,62.0267,-0.222,step
2026-09-01T13:13:05.792270+00:00,-0.009,-0.1569,0.8,0.0,0.3334,0.0082,12366.4,1,62.0267,-0.202,step
2026-09-01T13:13:05.792912+00:00,-0.009,-0.1569,0.8,0.0,0.3334,0.0082,12582.4,1,62.0267,-0.182,step
2026-09-01T13:13:05.793559+00:00,-0.009,-0.1569,0.8,0.0,0.3334,0.0082,12798.5,1,62.0267,-0.162,step
2026-09-01T13:13:05.794219+00:00,-0.009,-0.1569,0.8,0.0,0.3334,0.0082,13015.0,1,62.0267,-0.142,step
2026-09-01T13:13:05.794857+00:00,-0.009,-0.1569,0.8,0.0,0.3334,0.0082,13231.9,1,62.0267,-0.122,step
2026-09-01T13:13:05.795498+00:00,-0.009,-0.1569,0.8,0.0,0.3334,0.0082,13449.1,1,62.0267,-0.102,step
2026-09-01T13:13:05.796152+00:00,-0.009,-0.1569,0.8,0.0,0.3334,0.0082,13666.8,1,62.0267,-0.082,step
2026-09-01T13:13:05.796802+00:00,-0.009,-0.1569,0.8,0.0,0.3334,0.0082,13884.9,1,62.0267,-0.062,step
2026-09-01T13:13:05.797459+00:00,-0.009,-0.1569,0.8,0.0,0.3334,0.0082,14103.3,1,62.0267,-0.042,step
2026-09-01T13:13:05.798108+00:00,-0.009,-0.1569,0.8,0.0,0.3334,0.0082,14322.2,1,62.0267,-0.022,step
2026-09-01T13:13:05.799455+00:00,-0.017,-0.1563,0.8,0.0,0.3335,0.0087,14761.1,1,61.8894,0.018,step
2026-09-01T13:13:05.800689+00:00,0.18,-0.1563,0.8,0.0,0.3334,0.0087,5249.36,1,61.8926,0.038,step
2026-09-01T13:13:05.801851+00:00,0.164,-0.1563,0.8,0.0,0.3334,0.0087,5264.23,1,61.8913,0.058,step
2026-09-01T13:13:05.803006+00:00,0.195,-0.1564,0.8,0.0,0.3334,0.0086,5235.99,1,61.9185,0.078,step
2026-09-01T13:13:05.804162+00:00,0.753,-0.1562,0.8,0.0,0.3334,0.0088,5235.99,1,61.863,0.098,step
2026-09-01T13:13:05.805295+00:00,1.627,-0.156,0.8,0.0,0.3334,0.0089,5235.99,1,61.8175,0.118,step
2026-09-01T13:13:05.806437+00:00,2.303,-0.1557,0.8,0.0,0.3333,0.0091,5235.99,1,61.7532,0.138,step
2026-09-01T13:13:05.807580+00:00,3.013,-0.1554,0.8,0.0,0.3333,0.0093,5235.99,1,61.674,0.158,step
2026-09-01T13:13:05.808731+00:00,3.719,-0.155,0.8,0.0,0.3332,0.0096,5235.99,1,61.572,0.178,step
2026-09-01T13:13:05.809867+00:00,4.447,-0.1545,0.8,0.0,0.333,0.01,5235.99,1,61.4382,0.198,step
2026-09-01T13:13:05.811028+00:00,5.144,-0.1538,0.8,0.0,0.3329,0.0105,5235.99,1,61.2786,0.218,step
2026-09-01T13:13:05.812169+00:00,5.832,-0.1531,0.8,0.0,0.3327,0.011,5235.99,1,61.095,0.238,step
2026-09-01T13:13:05.813376+00:00,6.575,-0.1522,0.8,0.0,0.3325,0.0117,5235.99,1,60.8729,0.26,step
2026-09-01T13:13:05.814507+00:00,7.294,-0.1513,0.8,0.0,0.3323,0.0124,5235.99,1,60.6477,0.28,step
2026-09-01T13:13:05.815621+00:00,8.022,-0.1502,0.8,0.0,0.332,0.0131,5235.99,1,60.4006,0.3,step
2026-09-01T13:13:05.816751+00:00,8.739,-0.1491,0.8,0.0,0.3317,0.0139,5235.99,1,60.1323,0.32,step
2026-09-01T13:13:05.817889+00:00,9.444,-0.1479,0.8,0.0,0.3314,0.0148,5235.99,1,59.8449,0.34,step
2026-09-01T13:13:05.819041+00:00,10.141,-0.1466,0.8,0.0,0.331,0.0158,5235.99,1,59.5388,0.36,step
2026-09-01T13:13:05.820174+00:00,10.834,-0.1452,0.8,0.0,0.3307,0.0168,5235.99,1,59.2154,0.38,step
2026-09-01T13:13:05.821304+00:00,11.532,-0.1437,0.8,0.0,0.3303,0.0178,5235.99,1,58.8771,0.4,step
2026-09-01T13:13:05.822428+00:00,12.235,-0.1422,0.8,0.0,0.3298,0.0189,5235.99,1,58.5222,0.42,step
2026-09-01T13:13:05.823562+00:00,12.942,-0.1405,0.8,0.0,0.3293,0.0201,5235.99,1,58.1538,0.44,step
2026-09-01T13:13:05.824714+00:00,13.648,-0.1388,0.8,0.0,0.3288,0.0213,5235.99,1,57.7704,0.46,step
2026-09-01T13:13:05.825851+00:00,14.354,-0.137,0.8,0.0,0.3282,0.0226,5235.99,1,57.3749,0.48,step
2026-09-01T13:13:05.827048+00:00,15.13,-0.1349,0.8,0.0,0.3276,0.0241,5235.99,1,56.9266,0.502,step
2026-09-01T13:13:05.828193+00:00,15.834,-0.133,0.8,0.0,0.3269,0.0254,5235.99,1,56.5081,0.522,step
2026-09-01T13:13:05.829327+00:00,16.539,-0.1309,0.8,0.0,0.3262,0.0268,5235.99,1,56.08,0.542,step
2026-09-01T13:13:05.830466+00:00,17.243,-0.1288,0.8,0.0,0.3255,0.0283,5235.99,1,55.6433,0.562,step
2026-09-01T13:13:05.831662+00:00,17.948,-0.1266,0.8,0.0,0.3247,0.0298,5235.99,1,55.1985,0.582,step
2026-09-01T13:13:05.832819+00:00,18.652,-0.1244,0.8,0.0,0.3239,0.0313,5235.99,1,54.7465,0.602,step
2026-09-01T13:13:05.833961+00:00,19.356,-0.1221,0.8,0.0,0.323,0.0328,5235.99,1,54.2902,0.622,step
2026-09-01T13:13:05.835103+00:00,20.06,-0.1197,0.8,0.0,0.322,0.0344,5235.99,1,53.8286,0.642,step
2026-09-01T13:13:05.836255+00:00,20.764,-0.1173,0.8,0.0,0.321,0.036,5235.99,1,53.3617,0.662,step
2026-09-01T13:13:05.837409+00:00,21.468,-0.1148,0.8,0.0,0.32,0.0376,5235.99,1,52.8922,0.682,step
2026-09-01T13:13:05.838538+00:00,22.172,-0.1123,0.8,0.0,0.3189,0.0393,5235.99,1,52.4194,0.702,step
2026-09-01T13:13:05.839675+00:00,22.875,-0.1097,0.8,0.0,0.3177,0.041,5235.99,1,51.9454,0.722,step
2026-09-01T13:13:05.840837+00:00,23.578,-0.107,0.8,0.0,0.3164,0.0426,5235.99,1,51.469,0.742,step
2026-09-01T13:13:05.842003+00:00,24.282,-0.1044,0.8,0.0,0.3151,0.0443,5235.99,1,50.9923,0.762,step
2026-09-01T13:13:05.843143+00:00,24.985,-0.1016,0.8,0.0,0.3138,0.046,5235.99,1,50.5169,0.782,step
2026-09-01T13:13:05.844308+00:00,25.688,-0.0989,0.8,0.0,0.3123,0.0477,5235.99,1,50.0406,0.802,step
2026-09-01T13:13:05.845451+00:00,26.39,-0.0961,0.8,0.0,0.3108,0.0495,5235.99,1,49.5654,0.822,step
2026-09-01T13:13:05.846597+00:00,27.093,-0.0932,0.8,0.0,0.3092,0.0512,5235.99,1,49.0926,0.842,step
2026-09-01T13:13:05.847776+00:00,27.795,-0.0904,0.8,0.0,0.3076,0.0529,5235.99,1,48.6228,0.862,step
2026-09-01T13:13:05.848940+00:00,28.497,-0.0875,0.8,0.0,0.3058,0.0545,5235.99,1,48.1559,0.882,step
2026-09-01T13:13:05.850122+00:00,29.199,-0.0846,0.8,0.0,0.3041,0.0562,5235.99,1,47.6923,0.902,step
2026-09-01T13:13:05.851287+00:00,29.901,-0.0816,0.8,0.0,0.3022,0.0579,5235.99,1,47.2302,0.922,step
2026-09-01T13:13:05.852465+00:00,30.603,-0.0786,0.8,0.0,0.3002,0.0596,5235.99,1,46.7706,0.942,step
2026-09-01T13:13:05.853632+00:00,31.305,-0.0757,0.8,0.0,0.2982,0.0612,5277.13,1,46.3156,0.962,step
2026-09-01T13:13:05.854793+00:00,32.012,-0.0727,0.8,0.0,0.2961,0.0628,5419.97,1,45.8648,0.982,step
2026-09-01T13:13:05.856015+00:00,32.806,-0.0693,0.8,0.0,0.2937,0.0646,5602.35,1,45.3725,1.004,step
2026-09-01T13:13:05.857178+00:00,33.547,0.1337,0.15,0.0,0.2914,0.0662,5789.47,1,44.9286,1.024,step
2026-09-01T13:13:05.858315+00:00,33.878,0.1349,0.15,0.0,0.2892,0.0663,5295.89,1,44.7212,1.044,step
2026-09-01T13:13:05.859447+00:00,33.979,0.1334,0.15,0.0,0.2873,0.0642,5312.13,1,44.8683,1.064,step
2026-09-01T13:13:05.860578+00:00,34.085,-0.069,0.8,0.0,0.2858,0.0616,5330.74,1,45.1056,1.084,step
2026-09-01T13:13:05.861732+00:00,34.612,-0.0694,0.8,0.0,0.2842,0.0605,6025.69,1,45.0961,1.104,step
2026-09-01T13:13:05.862865+00:00,35.335,0.1333,0.15,0.0,0.2822,0.062,6418.43,1,44.6673,1.124,step
2026-09-01T13:13:05.863982+00:00,35.822,0.1346,0.15,0.0,0.2802,0.0622,5593.95,1,44.4274,1.144,step
2026-09-01T13:13:05.865104+00:00,35.922,0.1327,0.15,0.0,0.2785,0.06,5616.53,1,44.5957,1.164,step
2026-09-01T13:13:05.866215+00:00,36.032,0.1302,0.15,0.0,0.2771,0.0573,5635.67,1,44.849,1.184,step
2026-09-01T13:13:05.867355+00:00,36.145,-0.0724,0.8,0.0,0.2757,0.0545,5654.07,1,45.1187,1.204,step
2026-09-01T13:13:05.868459+00:00,36.683,-0.0731,0.8,0.0,0.2743,0.0533,6461.21,1,45.1208,1.224,step
2026-09-01T13:13:05.869570+00:00,37.418,0.1296,0.15,0.0,0.2725,0.0549,6995.78,1,44.661,1.244,step
2026-09-01T13:13:05.870684+00:00,38.024,0.1312,0.15,0.0,0.2707,0.0554,5914.7,1,44.3647,1.264,step
2026-09-01T13:13:05.871794+00:00,38.117,0.1293,0.15,0.0,0.2691,0.0533,5956.69,1,44.5166,1.284,step
2026-09-01T13:13:05.872898+00:00,38.228,0.1268,0.15,0.0,0.2678,0.0505,5977.58,1,44.7692,1.304,step
2026-09-01T13:13:05.874014+00:00,38.343,-0.076,0.8,0.0,0.2666,0.0477,5997.45,1,45.0482,1.324,step
2026-09-01T13:13:05.875257+00:00,38.893,-0.0769,0.8,0.0,0.2653,0.0465,6915.34,1,45.0537,1.344,step
2026-09-01T13:13:05.876434+00:00,39.643,0.1259,0.15,0.0,0.2636,0.0481,7591.72,1,44.5599,1.364,step
2026-09-01T13:13:05.877603+00:00,40.34,0.1277,0.15,0.0,0.262,0.0489,6298.01,1,44.2122,1.384,step
2026-09-01T13:13:05.878760+00:00,40.447,0.1258,0.15,0.0,0.2605,0.0467,6320.91,1,44.3529,1.404,step
2026-09-01T13:13:05.879938+00:00,40.564,0.1232,0.15,0.0,0.2593,0.0441,6342.17,1,44.5957,1.424,step
2026-09-01T13:13:05.881104+00:00,40.68,0.1206,0.15,0.0,0.2582,0.0414,6364.22,1,44.8517,1.444,step
2026-09-01T13:13:05.882262+00:00,40.798,-0.0824,0.8,0.0,0.2572,0.0385,6383.75,1,45.139,1.464,step
2026-09-01T13:13:05.883476+00:00,41.349,-0.0833,0.8,0.0,0.2561,0.0373,7464.74,1,45.1416,1.484,step
2026-09-01T13:13:05.884667+00:00,42.103,0.1195,0.0,0.15,0.2547,0.0391,8353.88,1,44.5909,1.504,step
2026-09-01T13:13:05.885860+00:00,42.49,0.1217,0.0,0.15,0.2533,0.0403,6460.89,1,44.1529,1.524,step
2026-09-01T13:13:05.887083+00:00,41.942,0.1201,0.15,0.0,0.252,0.0385,6416.11,1,44.241,1.544,step
2026-09-01T13:13:05.888312+00:00,41.957,0.1186,0.15,0.0,0.2503,0.0365,6565.95,1,44.5212,1.564,step
2026-09-01T13:13:05.889520+00:00,42.077,0.1173,0.0,0.15,0.2494,0.035,6584.1,1,44.8404,1.584,step
2026-09-01T13:13:05.890760+00:00,41.706,-0.0842,0.8,0.0,0.2486,0.0334,6375.72,1,45.1862,1.604,step
2026-09-01T13:13:05.891990+00:00,42.138,-0.0834,0.8,0.0,0.2477,0.0337,7734.92,1,45.2059,1.624,step
2026-09-01T13:13:05.893212+00:00,42.885,0.1214,0.0,0.15,0.2463,0.0372,8756.64,1,44.6095,1.644,step
2026-09-01T13:13:05.894456+00:00,43.374,0.1256,0.0,0.15,0.2449,0.0401,6609.37,1,44.1346,1.664,step
2026-09-01T13:13:05.895678+00:00,42.861,0.1262,0.0,0.15,0.2436,0.04,6536.94,1,44.2039,1.684,step
2026-09-01T13:13:05.896889+00:00,42.345,0.1251,0.0,0.15,0.2424,0.0386,6471.76,1,44.506,1.704,step
2026-09-01T13:13:05.898120+00:00,41.848,0.1235,0.15,0.0,0.2414,0.0368,6394.42,1,44.9067,1.724,step
2026-09-01T13:13:05.899314+00:00,41.881,-0.0782,0.8,0.0,0.2405,0.035,6556.87,1,45.3216,1.744,step
2026-09-01T13:13:05.900534+00:00,42.43,-0.0775,0.8,0.0,0.2395,0.0352,7722.32,1,45.3621,1.764,step
2026-09-01T13:13:05.901724+00:00,43.2,0.1272,0.0,0.15,0.2381,0.0386,8684.05,1,44.781,1.784,step
2026-09-01T13:13:05.902952+00:00,43.655,0.1312,0.0,0.15,0.2366,0.0413,6633.17,1,44.3335,1.804,step
2026-09-01T13:13:05.904193+00:00,43.105,0.1316,0.0,0.15,0.2353,0.041,6596.14,1,44.4467,1.824,step
2026-09-01T13:13:05.905421+00:00,42.597,0.1303,0.0,0.15,0.2341,0.0395,6510.59,1,44.8146,1.844,step
2026-09-01T13:13:05.906668+00:00,42.102,-0.0716,0.8,0.0,0.2331,0.0375,6430.1,1,45.2906,1.864,step
2026-09-01T13:13:05.907930+00:00,42.511,-0.0711,0.8,0.0,0.232,0.0374,7883.32,1,45.3893,1.884,step
2026-09-01T13:13:05.909169+00:00,43.246,0.1337,0.0,0.15,0.2305,0.0407,8999.66,1,44.797,1.904,step
2026-09-01T13:13:05.910438+00:00,43.757,0.1374,0.0,0.15,0.2289,0.0432,6735.82,1,44.3847,1.924,step
2026-09-01T13:13:05.911709+00:00,43.259,0.1374,0.0,0.15,0.2275,0.0426,6617.49,1,44.5752,1.944,step
2026-09-01T13:13:05.912967+00:00,42.755,-0.0641,0.8,0.0,0.2263,0.0409,6534.21,1,45.0223,1.964,step
2026-09-01T13:13:05.914233+00:00,43.181,-0.0639,0.8,0.0,0.2251,0.0405,7972.42,1,45.1824,1.984,step
2026-09-01T13:13:05.915545+00:00,44.008,0.1408,0.0,0.15,0.2233,0.0437,9212.27,1,44.6288,2.006,step
2026-09-01T13:13:05.916885+00:00,44.548,0.1446,0.0,0.15,0.2214,0.046,6796.83,1,44.2438,2.028,step
2026-09-01T13:13:05.918193+00:00,43.956,0.1445,0.0,0.15,0.2197,0.0453,6720.05,1,44.4919,2.05,step
2026-09-01T13:13:05.919531+00:00,43.388,-0.0574,0.8,0.0,0.2182,0.0431,6626.01,1,45.0522,2.072,step
2026-09-01T13:13:05.920860+00:00,43.868,-0.0571,0.8,0.0,0.2168,0.0427,8258.32,1,45.2515,2.094,step
2026-09-01T13:13:05.922171+00:00,44.706,0.1476,0.0,0.15,0.2148,0.0459,9595.16,1,44.6866,2.116,step
2026-09-01T13:13:05.923476+00:00,45.341,0.1513,0.0,0.15,0.2128,0.0481,6922.23,1,44.3313,2.138,step
2026-09-01T13:13:05.924774+00:00,44.741,0.151,0.0,0.15,0.211,0.0471,6845.83,1,44.6467,2.16,step
2026-09-01T13:13:05.926083+00:00,44.17,-0.0511,0.8,0.0,0.2095,0.0447,6747.71,1,45.2943,2.182,step
2026-09-01T13:13:05.927365+00:00,44.665,-0.0511,0.8,0.0,0.208,0.0441,8409.49,1,45.5608,2.204,step
2026-09-01T13:13:05.928645+00:00,45.5,-0.0465,0.8,0.0,0.206,0.0471,9803.54,1,45.0209,2.226,step
2026-09-01T13:13:05.929912+00:00,46.401,0.1595,0.0,0.15,0.2037,0.0512,11194.0,1,44.2635,2.248,step
2026-09-01T13:13:05.931219+00:00,47.116,0.1637,0.0,0.15,0.2014,0.0537,8195.12,1,43.8458,2.27,step
2026-09-01T13:13:05.932525+00:00,46.954,0.1641,0.0,0.15,0.1993,0.0531,7180.65,1,44.0903,2.292,step
2026-09-01T13:13:05.933828+00:00,46.338,0.1622,0.0,0.15,0.1974,0.0508,7071.57,1,44.7375,2.314,step
2026-09-01T13:13:05.935157+00:00,45.763,-0.041,0.8,0.0,0.1958,0.0474,6977.2,1,45.6602,2.336,step
2026-09-01T13:13:05.936474+00:00,46.239,-0.0416,0.8,0.0,0.1941,0.0462,8839.15,1,46.0973,2.358,step
2026-09-01T13:13:05.937799+00:00,47.062,-0.0372,0.8,0.0,0.192,0.049,10354.6,1,45.6063,2.38,step
2026-09-01T13:13:05.939106+00:00,47.974,0.1686,0.0,0.15,0.1896,0.0528,11705.5,1,44.8784,2.402,step
2026-09-01T13:13:05.940407+00:00,48.721,0.1724,0.0,0.15,0.1872,0.055,8585.27,1,44.5302,2.424,step
2026-09-01T13:13:05.941705+00:00,48.612,0.1725,0.0,0.15,0.1849,0.0542,7434.34,1,44.8822,2.446,step
2026-09-01T13:13:05.943011+00:00,47.99,-0.0294,0.8,0.0,0.1829,0.0517,7321.84,1,45.6388,2.468,step
2026-09-01T13:13:05.944307+00:00,48.46,-0.0299,0.8,0.0,0.1809,0.0504,9270.82,1,46.1453,2.49,step
2026-09-01T13:13:05.945593+00:00,49.296,-0.0262,0.8,0.0,0.1785,0.0526,10792.1,1,45.8098,2.512,step
2026-09-01T13:13:05.946866+00:00,50.228,-0.021,0.8,0.0,0.1758,0.0558,12082.2,2,45.206,2.534,step
2026-09-01T13:13:05.948142+00:00,51.243,0.1847,0.0,0.15,0.1729,0.0593,8982.81,2,44.5532,2.556,step
2026-09-01T13:13:05.949418+00:00,51.595,0.1881,0.0,0.15,0.17,0.0609,8959.81,2,44.3502,2.578,step
2026-09-01T13:13:05.950701+00:00,51.001,0.1874,0.0,0.15,0.1674,0.0592,5811.4,2,44.9479,2.6,step
2026-09-01T13:13:05.951969+00:00,50.437,-0.0158,0.8,0.0,0.1651,0.0556,5738.78,2,46.0705,2.622,step
2026-09-01T13:13:05.953218+00:00,50.804,-0.0171,0.8,0.0,0.1628,0.0536,6346.61,2,46.8362,2.644,step
2026-09-01T13:13:05.954507+00:00,51.5,-0.0137,0.8,0.0,0.1602,0.0553,6436.44,2,46.6145,2.666,step
2026-09-01T13:13:05.955756+00:00,52.235,-0.0091,0.8,0.0,0.1572,0.0579,6476.04,2,46.1627,2.688,step
2026-09-01T13:13:05.957049+00:00,52.976,-0.0044,0.8,0.0,0.1541,0.0605,6510.37,2,45.7094,2.71,step
2026-09-01T13:13:05.958357+00:00,53.709,0.0002,0.8,0.0,0.1508,0.0629,6568.12,2,45.3036,2.732,step
2026-09-01T13:13:05.959644+00:00,54.436,0.2046,0.0,0.15,0.1472,0.0652,6652.67,2,44.9437,2.754,step
2026-09-01T13:13:05.960972+00:00,54.225,0.007,0.8,0.0,0.1438,0.0657,6178.9,2,45.0418,2.776,step
2026-09-01T13:13:05.962259+00:00,54.563,0.0077,0.8,0.0,0.1405,0.065,6771.0,2,45.4951,2.798,step
2026-09-01T13:13:05.963532+00:00,55.288,0.0108,0.8,0.0,0.1369,0.0661,6909.62,2,45.446,2.82,step
2026-09-01T13:13:05.964813+00:00,56.051,0.0147,0.8,0.0,0.1332,0.0677,7005.15,2,45.2657,2.842,step
2026-09-01T13:13:05.966088+00:00,56.831,0.0186,0.8,0.0,0.1293,0.0694,7090.61,2,45.0816,2.864,step
2026-09-01T13:13:05.967356+00:00,57.625,0.2225,0.0,0.15,0.1253,0.0709,7168.24,2,44.9269,2.886,step
2026-09-01T13:13:05.968630+00:00,57.482,0.0243,0.8,0.0,0.1213,0.0708,6552.51,2,45.2306,2.908,step
2026-09-01T13:13:05.969885+00:00,57.85,0.0245,0.8,0.0,0.1176,0.0694,7175.52,2,45.9175,2.93,step
2026-09-01T13:13:05.971139+00:00,58.611,0.027,0.8,0.0,0.1137,0.0699,7340.28,2,46.0983,2.952,step
2026-09-01T13:13:05.972373+00:00,59.408,0.0303,0.8,0.0,0.1096,0.0709,7472.07,2,46.1454,2.974,step
2026-09-01T13:13:05.973636+00:00,60.225,0.0336,0.8,0.0,0.1053,0.0719,7596.37,2,46.1871,2.996,step
2026-09-01T13:13:05.974882+00:00,61.058,0.0369,0.8,0.0,0.101,0.0728,7718.85,2,46.2661,3.018,step
2026-09-01T13:13:05.976137+00:00,61.904,0.04,0.8,0.0,0.0965,0.0735,7844.87,2,46.3967,3.04,step
2026-09-01T13:13:05.977426+00:00,62.76,0.0431,0.8,0.0,0.0919,0.0742,7978.72,2,46.5882,3.062,step
2026-09-01T13:13:05.978727+00:00,63.627,0.0459,0.8,0.0,0.0871,0.0746,8123.95,2,46.8481,3.084,step
2026-09-01T13:13:05.980036+00:00,64.505,0.0487,0.8,0.0,0.0823,0.0748,8283.65,2,47.1848,3.106,step
2026-09-01T13:13:05.981299+00:00,65.393,0.0512,0.8,0.0,0.0774,0.0749,8460.42,2,47.6098,3.128,step
2026-09-01T13:13:05.982579+00:00,66.292,0.0535,0.8,0.0,0.0724,0.0748,8656.6,2,48.1317,3.15,step
2026-09-01T13:13:05.983850+00:00,67.204,0.0556,0.8,0.0,0.0673,0.0744,8875.15,2,48.7619,3.172,step
2026-09-01T13:13:05.985117+00:00,68.129,0.0575,0.8,0.0,0.0622,0.0738,9118.7,2,49.5272,3.194,step
2026-09-01T13:13:05.986383+00:00,69.096,0.0591,0.8,0.0,0.0569,0.0729,9337.64,2,50.4399,3.216,step
2026-09-01T13:13:05.987655+00:00,70.078,0.0604,0.8,0.0,0.0516,0.0718,9568.45,2,51.5258,3.238,step
2026-09-01T13:13:05.988917+00:00,71.062,0.0614,0.8,0.0,0.0462,0.0704,9794.7,2,52.8196,3.26,step
2026-09-01T13:13:05.990175+00:00,72.041,0.0621,0.8,0.0,0.0407,0.0687,10025.2,2,54.361,3.282,step
2026-09-01T13:13:05.991490+00:00,73.012,0.0624,0.8,0.0,0.0352,0.0667,10262.8,2,56.2096,3.304,step
2026-09-01T13:13:05.992773+00:00,73.981,0.0624,0.8,0.0,0.0297,0.0644,10498.5,2,58.4357,3.326,step
2026-09-01T13:13:05.994092+00:00,74.95,0.0619,0.8,0.0,0.0242,0.0616,10725.2,2,61.1361,3.348,step
2026-09-01T13:13:05.995405+00:00,75.923,0.061,0.8,0.0,0.0186,0.0585,10940.6,2,64.4385,3.37,step
2026-09-01T13:13:05.996731+00:00,76.898,0.0596,0.8,0.0,0.013,0.0551,11144.9,2,68.5099,3.392,step
2026-09-01T13:13:05.998027+00:00,77.875,0.0577,0.8,0.0,0.0075,0.0512,11336.9,2,73.5887,3.414,step
2026-09-01T13:13:05.999338+00:00,78.855,0.0555,0.8,0.0,0.002,0.047,11516.9,2,80.0219,3.436,step
2026-09-01T13:13:06.000655+00:00,79.836,0.0527,0.15,0.0,-0.0034,0.0425,11685.7,2,88.3205,3.458,step
2026-09-01T13:13:06.001962+00:00,80.769,0.0499,0.15,0.0,-0.0087,0.038,9956.82,3,98.869,3.48,step
2026-09-01T13:13:06.003287+00:00,81.038,0.0496,0.15,0.0,-0.0136,0.0356,7805.88,3,108.094,3.502,step
2026-09-01T13:13:06.004599+00:00,80.958,0.0514,0.15,0.0,-0.0179,0.0353,7818.84,3,114.762,3.524,step
2026-09-01T13:13:06.005934+00:00,80.903,0.0535,0.8,0.0,-0.0218,0.0355,7406.8,3,121.38,3.546,step
2026-09-01T13:13:06.007258+00:00,81.314,0.0553,0.8,0.0,-0.0253,0.0355,7843.32,3,129.268,3.568,step
2026-09-01T13:13:06.008597+00:00,81.956,0.0567,0.8,0.0,-0.0288,0.0353,7926.14,3,139.493,3.59,step
2026-09-01T13:13:06.009935+00:00,82.629,0.058,0.8,0.0,-0.0321,0.0349,7973.9,3,152.092,3.612,step
2026-09-01T13:13:06.011250+00:00,83.309,0.0592,0.8,0.0,-0.0353,0.0346,8016.6,3,159.07,3.634,step
2026-09-01T13:13:06.012537+00:00,83.988,0.0566,0.8,0.0,-0.0384,0.0312,8067.72,3,162.692,3.656,step
2026-09-01T13:13:06.013810+00:00,84.665,0.054,0.8,0.0,-0.0411,0.0279,8129.61,3,165.351,3.678,step
2026-09-01T13:13:06.015102+00:00,85.339,0.0514,0.8,0.0,-0.0436,0.0247,8203.95,3,167.467,3.7,step
2026-09-01T13:13:06.016361+00:00,86.016,0.0488,0.8,0.0,-0.0457,0.0216,8285.41,3,169.246,3.722,step
2026-09-01T13:13:06.017622+00:00,86.703,0.0461,0.8,0.0,-0.0476,0.0185,8362.42,3,170.797,3.744,step
2026-09-01T13:13:06.018876+00:00,87.4,0.0433,0.8,0.0,-0.0493,0.0156,8435.49,3,172.156,3.766,step
2026-09-01T13:13:06.020130+00:00,88.104,0.0406,0.8,0.0,-0.0507,0.0127,8507.39,3,173.336,3.788,step
2026-09-01T13:13:06.021407+00:00,88.816,0.0379,0.8,0.0,-0.0519,0.0099,8578.61,3,174.359,3.81,step
2026-09-01T13:13:06.022659+00:00,89.534,0.0352,0.8,0.0,-0.0529,0.0073,8649.45,3,175.238,3.832,step
2026-09-01T13:13:06.023923+00:00,90.257,0.0326,0.8,0.0,-0.0536,0.0049,8720.82,3,175.976,3.854,step
2026-09-01T13:13:06.025201+00:00,90.987,0.0301,0.8,0.0,-0.0541,0.0025,8793.53,3,176.591,3.876,step
2026-09-01T13:13:06.026459+00:00,91.722,0.0277,0.8,0.0,-0.0545,0.0004,8868.09,3,177.092,3.898,step
2026-09-01T13:13:06.027726+00:00,92.462,0.0253,0.8,0.0,-0.0546,-0.0016,8944.6,3,177.492,3.92,step
2026-09-01T13:13:06.029015+00:00,93.208,0.0231,0.8,0.0,-0.0546,-0.0035,9022.75,3,177.794,3.942,step
2026-09-01T13:13:06.030284+00:00,93.96,0.0209,0.8,0.0,-0.0543,-0.0052,9102.1,3,178.008,3.964,step
2026-09-01T13:13:06.031554+00:00,94.719,0.0188,0.8,0.0,-0.054,-0.0068,9182.14,3,178.146,3.986,step
2026-09-01T13:13:06.032834+00:00,95.484,0.0167,0.15,0.0,-0.0534,-0.0083,9262.51,3,178.215,4.008,step
2026-09-01T13:13:06.034123+00:00,95.8,0.0149,0.15,0.0,-0.0527,-0.0096,8783.4,3,178.177,4.03,step
2026-09-01T13:13:06.035409+00:00,95.799,0.0132,0.15,0.0,-0.0519,-0.0106,8784.71,3,178.018,4.052,step
2026-09-01T13:13:06.036676+00:00,95.8,0.0117,0.15,0.0,-0.0509,-0.0115,8785.97,3,177.802,4.074,step
2026-09-01T13:13:06.037942+00:00,95.801,0.0102,0.15,0.0,-0.0498,-0.0123,8786.4,3,177.548,4.096,step
2026-09-01T13:13:06.039224+00:00,95.803,0.0088,0.15,0.0,-0.0487,-0.013,8786.4,3,177.258,4.118,step
2026-09-01T13:13:06.040508+00:00,95.805,0.0074,0.15,0.0,-0.0474,-0.0136,8786.22,3,176.932,4.14,step
2026-09-01T13:13:06.041778+00:00,95.806,0.0061,0.15,0.0,-0.0461,-0.0141,8786.08,3,176.564,4.162,step
2026-09-01T13:13:06.043060+00:00,95.808,0.0049,0.15,0.0,-0.0448,-0.0146,8786.06,3,176.156,4.184,step
2026-09-01T13:13:06.044354+00:00,95.809,0.0037,0.15,0.0,-0.0434,-0.015,8786.1,3,175.717,4.206,step
2026-09-01T13:13:06.045643+00:00,95.811,0.0026,0.15,0.0,-0.0419,-0.0153,8786.2,3,175.251,4.228,step
2026-09-01T13:13:06.046953+00:00,95.813,0.0016,0.15,0.0,-0.0404,-0.0155,8786.36,3,174.757,4.25,step
2026-09-01T13:13:06.048245+00:00,95.815,0.0007,0.15,0.0,-0.0389,-0.0157,8786.56,3,174.237,4.272,step
2026-09-01T13:13:06.049541+00:00,95.816,-0.0002,0.15,0.0,-0.0374,-0.0158,8786.77,3,173.695,4.294,step
2026-09-01T13:13:06.050816+00:00,95.818,-0.001,0.15,0.0,-0.0359,-0.0158,8787.11,3,173.13,4.316,step
2026-09-01T13:13:06.052108+00:00,95.82,-0.0018,0.15,0.0,-0.0343,-0.0158,8787.3,3,172.541,4.338,step
2026-09-01T13:13:06.053400+00:00,95.822,-0.0025,0.15,0.0,-0.0328,-0.0157,8787.37,3,171.928,4.36,step
2026-09-01T13:13:06.054681+00:00,95.824,-0.0031,0.15,0.0,-0.0313,-0.0156,8787.47,3,171.299,4.382,step
2026-09-01T13:13:06.055937+00:00,95.825,-0.0037,0.15,0.0,-0.0298,-0.0155,8787.56,3,170.657,4.404,step
2026-09-01T13:13:06.057197+00:00,95.827,-0.0042,0.15,0.0,-0.0283,-0.0153,8787.67,3,169.994,4.426,step
2026-09-01T13:13:06.058463+00:00,95.829,-0.0047,0.15,0.0,-0.0268,-0.0151,8787.81,3,169.321,4.448,step
2026-09-01T13:13:06.059712+00:00,95.831,-0.0051,0.15,0.0,-0.0254,-0.0148,8787.97,3,168.636,4.47,step
2026-09-01T13:13:06.060962+00:00,95.832,-0.0054,0.15,0.0,-0.0239,-0.0145,8788.16,3,167.94,4.492,step
2026-09-01T13:13:06.062230+00:00,95.834,-0.0058,0.15,0.0,-0.0225,-0.0142,8788.34,3,167.239,4.514,step
2026-09-01T13:13:06.063505+00:00,95.836,-0.0061,0.15,0.0,-0.0212,-0.0139,8788.52,3,166.528,4.536,step
2026-09-01T13:13:06.064776+00:00,95.837,-0.0063,0.15,0.0,-0.0198,-0.0135,8788.69,3,165.806,4.558,step
2026-09-01T13:13:06.066025+00:00,95.839,-0.0065,0.15,0.0,-0.0185,-0.0132,8788.84,3,165.08,4.58,step
2026-09-01T13:13:06.067279+00:00,95.841,-0.0067,0.15,0.0,-0.0173,-0.0128,8789.01,3,164.342,4.602,step
2026-09-01T13:13:06.068542+00:00,95.843,-0.0068,0.15,0.0,-0.0161,-0.0123,8789.34,3,163.594,4.624,step
2026-09-01T13:13:06.069795+00:00,95.844,-0.0069,0.15,0.0,-0.0149,-0.0119,8789.43,3,162.843,4.646,step
2026-09-01T13:13:06.071087+00:00,95.846,-0.0069,0.15,0.0,-0.0137,-0.0115,8789.54,3,162.093,4.668,step
2026-09-01T13:13:06.072336+00:00,95.848,-0.0069,0.15,0.0,-0.0126,-0.011,8789.66,3,161.342,4.69,step
2026-09-01T13:13:06.073573+00:00,95.85,-0.007,0.15,0.0,-0.0115,-0.0106,8789.78,3,160.593,4.712,step
2026-09-01T13:13:06.074858+00:00,95.851,-0.007,0.15,0.0,-0.0105,-0.0102,8789.92,3,159.843,4.734,step
2026-09-01T13:13:06.076124+00:00,95.853,-0.0069,0.15,0.0,-0.0095,-0.0097,8790.05,3,159.093,4.756,step
2026-09-01T13:13:06.077395+00:00,95.855,-0.0069,0.15,0.0,-0.0086,-0.0093,8790.21,3,158.343,4.778,step
2026-09-01T13:13:06.078678+00:00,95.856,-0.0068,0.15,0.0,-0.0077,-0.0089,8790.39,3,157.593,4.8,step
2026-09-01T13:13:06.079971+00:00,95.858,-0.0067,0.15,0.0,-0.0069,-0.0085,8790.56,3,156.843,4.822,step
2026-09-01T13:13:06.081247+00:00,95.86,-0.0066,0.15,0.0,-0.0061,-0.008,8790.74,3,156.093,4.844,step
2026-09-01T13:13:06.082500+00:00,95.862,-0.0065,0.15,0.0,-0.0053,-0.0076,8790.9,3,155.343,4.866,step
2026-09-01T13:13:06.083777+00:00,95.863,-0.0063,0.15,0.0,-0.0046,-0.0072,8791.06,3,154.603,4.888,step
2026-09-01T13:13:06.085031+00:00,95.865,-0.0062,0.15,0.0,-0.0039,-0.0068,8791.22,3,153.871,4.91,step
2026-09-01T13:13:06.086321+00:00,95.867,-0.0061,0.15,0.0,-0.0032,-0.0064,8791.48,3,153.142,4.932,step
2026-09-01T13:13:06.087600+00:00,95.869,-0.006,0.15,0.0,-0.0026,-0.006,8791.6,3,152.415,4.954,step
2026-09-01T13:13:06.088888+00:00,95.871,-0.0058,0.15,0.0,-0.002,-0.0057,8791.73,3,151.688,4.976,step
2026-09-01T13:13:06.090153+00:00,95.872,-0.0056,0.15,0.0,-0.0015,-0.0053,8791.83,3,150.961,4.998,step
2026-09-01T13:13:06.091399+00:00,95.874,-0.0054,0.15,0.0,-0.001,-0.0049,8791.97,3,150.234,5.02,step
2026-09-01T13:13:06.092679+00:00,95.876,-0.0052,0.15,0.0,-0.0005,-0.0046,8792.13,3,149.517,5.042,step
2026-09-01T13:13:06.094009+00:00,95.877,-0.0051,0.15,0.0,-0.0001,-0.0043,8792.29,3,148.81,5.064,step
2026-09-01T13:13:06.095289+00:00,95.879,-0.0049,0.15,0.0,0.0003,-0.004,8792.46,3,148.108,5.086,step
2026-09-01T13:13:06.096579+00:00,95.881,-0.0047,0.15,0.0,0.0007,-0.0036,8792.64,3,147.407,5.108,step
2026-09-01T13:13:06.097854+00:00,95.883,-0.0045,0.15,0.0,0.001,-0.0033,8792.81,3,146.707,5.13,step
2026-09-01T13:13:06.099135+00:00,95.884,-0.0043,0.15,0.0,0.0014,-0.003,8792.96,3,146.007,5.152,step
2026-09-01T13:13:06.100414+00:00,95.886,-0.0041,0.15,0.0,0.0017,-0.0028,8793.13,3,145.317,5.174,step
2026-09-01T13:13:06.101696+00:00,95.888,-0.004,0.15,0.0,0.0019,-0.0025,8793.28,3,144.638,5.196,step
2026-09-01T13:13:06.102960+00:00,95.89,-0.0038,0.15,0.0,0.0022,-0.0023,8793.51,3,143.963,5.218,step
2026-09-01T13:13:06.104242+00:00,95.891,-0.0036,0.15,0.0,0.0024,-0.002,8793.65,3,143.289,5.24,step
2026-09-01T13:13:06.105503+00:00,95.893,-0.0034,0.15,0.0,0.0026,-0.0018,8793.79,3,142.616,5.262,step
2026-09-01T13:13:06.106775+00:00,95.895,-0.0033,0.15,0.0,0.0028,-0.0016,8793.93,3,141.952,5.284,step
2026-09-01T13:13:06.108038+00:00,95.897,-0.0031,0.15,0.0,0.0029,-0.0014,8794.05,3,141.297,5.306,step
2026-09-01T13:13:06.109298+00:00,95.898,-0.003,0.15,0.0,0.003,-0.0012,8794.21,3,140.642,5.328,step
2026-09-01T13:13:06.110547+00:00,95.9,-0.0028,0.15,0.0,0.0031,-0.001,8794.37,3,139.989,5.35,step
2026-09-01T13:13:06.111824+00:00,95.902,-0.0026,0.15,0.0,0.0032,-0.0008,8794.53,3,139.336,5.372,step
2026-09-01T13:13:06.113099+00:00,95.904,-0.0024,0.15,0.0,0.0033,-0.0007,8794.71,3,138.683,5.394,step
2026-09-01T13:13:06.114384+00:00,95.906,-0.0023,0.15,0.0,0.0033,-0.0005,8794.87,3,138.039,5.416,step
2026-09-01T13:13:06.115681+00:00,95.907,-0.0021,0.15,0.0,0.0034,-0.0004,8795.03,3,137.404,5.438,step
2026-09-01T13:13:06.116960+00:00,95.909,-0.002,0.15,0.0,0.0034,-0.0002,8795.19,3,136.772,5.46,step
2026-09-01T13:13:06.118216+00:00,95.911,-0.0018,0.15,0.0,0.0034,-0.0001,8795.35,3,136.142,5.482,step
2026-09-01T13:13:06.119486+00:00,95.912,-0.0017,0.15,0.0,0.0034,0.0,8795.5,3,135.513,5.504,step
2026-09-01T13:13:06.120747+00:00,95.914,-0.0016,0.15,0.0,0.0034,0.0001,8795.67,3,134.883,5.526,step
2026-09-01T13:13:06.121993+00:00,95.916,-0.0014,0.15,0.0,0.0034,0.0003,8795.83,3,134.254,5.548,step
2026-09-01T13:13:06.123269+00:00,95.918,-0.0013,0.15,0.0,0.0034,0.0003,8795.98,3,133.634,5.57,step
2026-09-01T13:13:06.124543+00:00,95.919,-0.0012,0.15,0.0,0.0033,0.0004,8796.14,3,133.021,5.592,step
2026-09-01T13:13:06.125808+00:00,95.921,-0.0011,0.15,0.0,0.0033,0.0005,8796.29,3,132.41,5.614,step
2026-09-01T13:13:06.127069+00:00,95.923,-0.0009,0.15,0.0,0.0033,0.0006,8796.44,3,131.8,5.636,step
2026-09-01T13:13:06.128322+00:00,95.924,-0.0008,0.15,0.0,0.0032,0.0006,8796.6,3,131.19,5.658,step
2026-09-01T13:13:06.129576+00:00,95.926,-0.0007,0.15,0.0,0.0031,0.0007,8796.76,3,130.58,5.68,step
2026-09-01T13:13:06.130835+00:00,95.928,-0.0006,0.15,0.0,0.0031,0.0008,8796.91,3,129.97,5.702,step
2026-09-01T13:13:06.132111+00:00,95.93,-0.0005,0.15,0.0,0.003,0.0008,8797.06,3,129.361,5.724,step
2026-09-01T13:13:06.133377+00:00,95.931,-0.0004,0.15,0.0,0.0029,0.0009,8797.21,3,128.76,5.746,step
2026-09-01T13:13:06.134638+00:00,95.933,-0.0004,0.15,0.0,0.0029,0.0009,8797.37,3,128.169,5.768,step
2026-09-01T13:13:06.135884+00:00,95.935,-0.0003,0.15,0.0,0.0028,0.0009,8797.52,3,127.581,5.79,step
2026-09-01T13:13:06.137125+00:00,95.936,-0.0003,0.15,0.0,0.0027,0.0009,8797.68,3,126.995,5.812,step
2026-09-01T13:13:06.138383+00:00,95.938,-0.0002,0.15,0.0,0.0026,0.0009,8797.8,3,126.408,5.834,step
2026-09-01T13:13:06.139635+00:00,95.94,-0.0002,0.15,0.0,0.0025,0.0009,8797.96,3,125.822,5.856,step
2026-09-01T13:13:06.140875+00:00,95.941,-0.0001,0.15,0.0,0.0025,0.0009,8798.13,3,125.236,5.878,step
2026-09-01T13:13:06.142118+00:00,95.943,-0.0001,0.15,0.0,0.0024,0.0009,8798.28,3,124.65,5.9,step
2026-09-01T13:13:06.143358+00:00,95.945,-0.0001,0.15,0.0,0.0023,0.0009,8798.43,3,124.065,5.922,step
2026-09-01T13:13:06.144606+00:00,95.946,-0.0,0.15,0.0,0.0022,0.0009,8798.59,3,123.479,5.944,step
2026-09-01T13:13:06.145862+00:00,95.948,0.0,0.15,0.0,0.0021,0.0009,8798.74,3,122.893,5.966,step
2026-09-01T13:13:06.147109+00:00,95.95,0.0001,0.15,0.0,0.002,0.0009,8798.89,3,122.307,5.988,step
2026-09-01T13:13:06.148361+00:00,95.951,0.0001,0.15,0.0,0.002,0.0009,8799.04,3,121.721,6.01,step
2026-09-01T13:13:06.149628+00:00,95.953,0.0002,0.15,0.0,0.0019,0.0009,8799.18,3,121.135,6.032,step
2026-09-01T13:13:06.150893+00:00,95.954,0.0002,0.15,0.0,0.0018,0.0009,8799.33,3,120.549,6.054,step
2026-09-01T13:13:06.152160+00:00,95.956,0.0002,0.0,0.15,0.0017,0.0009,8799.48,3,119.963,6.076,step
2026-09-01T13:13:06.153419+00:00,95.514,0.0002,0.0,0.15,0.0016,0.0009,8611.98,3,119.386,6.098,step
2026-09-01T13:13:06.154667+00:00,94.873,0.0002,0.0,0.15,0.0015,0.0008,8550.21,3,118.825,6.12,step
2026-09-01T13:13:06.155909+00:00,94.232,0.0002,0.0,0.15,0.0015,0.0007,8490.24,3,118.273,6.142,step
2026-09-01T13:13:06.157163+00:00,93.594,0.0001,0.0,0.15,0.0014,0.0006,8432.41,3,117.726,6.164,step
2026-09-01T13:13:06.158405+00:00,92.96,0.0,0.0,0.15,0.0013,0.0006,8376.02,3,117.183,6.186,step
2026-09-01T13:13:06.159651+00:00,92.328,-0.0001,0.0,0.15,0.0012,0.0005,8320.26,3,116.644,6.208,step
2026-09-01T13:13:06.160891+00:00,91.7,-0.0001,0.15,0.0,0.0012,0.0004,8264.73,3,116.107,6.23,step
2026-09-01T13:13:06.162148+00:00,91.517,-0.0002,0.15,0.0,0.0011,0.0003,8397.37,3,115.565,6.252,step
2026-09-01T13:13:06.163421+00:00,91.528,-0.0002,0.15,0.0,0.0011,0.0003,8396.42,3,115.012,6.274,step
2026-09-01T13:13:06.164693+00:00,91.539,-0.0002,0.15,0.0,0.001,0.0003,8395.88,3,114.455,6.296,step
2026-09-01T13:13:06.165971+00:00,91.55,-0.0001,0.15,0.0,0.001,0.0003,8396.09,3,113.896,6.318,step
2026-09-01T13:13:06.167267+00:00,91.56,-0.0001,0.15,0.0,0.001,0.0003,8396.96,3,113.336,6.34,step
2026-09-01T13:13:06.168545+00:00,91.57,-0.0001,0.15,0.0,0.0009,0.0003,8398.29,3,112.776,6.362,step
2026-09-01T13:13:06.169811+00:00,91.581,-0.0001,0.15,0.0,0.0009,0.0003,8399.94,3,112.217,6.384,step
2026-09-01T13:13:06.171082+00:00,91.591,-0.0001,0.15,0.0,0.0009,0.0003,8401.25,3,111.657,6.406,step
2026-09-01T13:13:06.172350+00:00,91.601,-0.0001,0.15,0.0,0.0009,0.0003,8402.19,3,111.097,6.428,step
2026-09-01T13:13:06.173603+00:00,91.611,-0.0,0.15,0.0,0.0008,0.0003,8403.08,3,110.537,6.45,step
2026-09-01T13:13:06.174856+00:00,91.621,-0.0,0.15,0.0,0.0008,0.0003,8403.97,3,109.976,6.472,step
2026-09-01T13:13:06.176112+00:00,91.631,-0.0,0.15,0.0,0.0008,0.0003,8404.84,3,109.416,6.494,step
2026-09-01T13:13:06.177357+00:00,91.641,0.0,0.15,0.0,0.0007,0.0003,8405.72,3,108.856,6.516,step
2026-09-01T13:13:06.178597+00:00,91.651,0.0,0.15,0.0,0.0007,0.0003,8406.62,3,108.296,6.538,step
2026-09-01T13:13:06.179847+00:00,91.661,0.0,0.15,0.0,0.0007,0.0003,8407.52,3,107.736,6.56,step
2026-09-01T13:13:06.181100+00:00,91.671,0.0,0.15,0.0,0.0006,0.0003,8408.43,3,107.176,6.582,step
2026-09-01T13:13:06.182363+00:00,91.681,0.0001,0.15,0.0,0.0006,0.0003,8409.36,3,106.616,6.604,step
2026-09-01T13:13:06.183625+00:00,91.691,0.0001,0.15,0.0,0.0006,0.0003,8410.28,3,106.056,6.626,step
2026-09-01T13:13:06.184892+00:00,91.701,0.0001,0.15,0.0,0.0006,0.0003,8411.18,3,105.496,6.648,step
2026-09-01T13:13:06.186153+00:00,91.711,0.0001,0.15,0.0,0.0005,0.0003,8412.06,3,104.935,6.67,step
2026-09-01T13:13:06.187415+00:00,91.721,0.0001,0.15,0.0,0.0005,0.0003,8412.96,3,104.375,6.692,step
2026-09-01T13:13:06.188665+00:00,91.731,0.0001,0.15,0.0,0.0005,0.0003,8413.87,3,103.814,6.714,step
2026-09-01T13:13:06.189929+00:00,91.74,0.0001,0.15,0.0,0.0004,0.0003,8414.78,3,103.253,6.736,step
2026-09-01T13:13:06.191179+00:00,91.75,0.0002,0.15,0.0,0.0004,0.0003,8415.52,3,102.692,6.758,step
2026-09-01T13:13:06.192434+00:00,91.76,0.0002,0.15,0.0,0.0004,0.0003,8416.43,3,102.131,6.78,step
2026-09-01T13:13:06.193676+00:00,91.77,0.0002,0.15,0.0,0.0003,0.0003,8417.39,3,101.571,6.802,step
2026-09-01T13:13:06.194912+00:00,91.779,0.0002,0.15,0.0,0.0003,0.0003,8418.32,3,101.01,6.824,step
2026-09-01T13:13:06.196157+00:00,91.789,0.0002,0.15,0.0,0.0003,0.0003,8419.23,3,100.449,6.846,step
2026-09-01T13:13:06.197395+00:00,91.799,0.0002,0.15,0.0,0.0003,0.0003,8420.13,3,99.8887,6.868,step
2026-09-01T13:13:06.198634+00:00,91.808,0.0002,0.15,0.0,0.0003,0.0003,8421.01,3,99.3281,6.89,step
2026-09-01T13:13:06.199888+00:00,91.818,0.0002,0.15,0.0,0.0002,0.0003,8421.87,3,98.7671,6.912,step
2026-09-01T13:13:06.201142+00:00,91.828,0.0003,0.15,0.0,0.0002,0.0003,8422.74,3,98.2055,6.934,step
2026-09-01T13:13:06.202406+00:00,91.837,0.0003,0.15,0.0,0.0002,0.0003,8423.61,3,97.6439,6.956,step
2026-09-01T13:13:06.203669+00:00,91.847,0.0003,0.15,0.0,0.0001,0.0003,8424.47,3,97.0823,6.978,step
2026-09-01T13:13:06.204925+00:00,91.856,0.0003,0.15,0.0,0.0001,0.0003,8425.34,3,96.5209,7.0,step
2026-09-01T13:13:06.206170+00:00,91.866,0.0003,0.15,0.0,0.0001,0.0003,8426.2,3,95.9596,7.022,step
2026-09-01T13:13:06.207425+00:00,91.875,0.0003,0.15,0.0,0.0,0.0003,8427.08,3,95.3981,7.044,step
2026-09-01T13:13:06.208677+00:00,91.885,0.0004,0.15,0.0,0.0,0.0003,8427.76,3,94.8367,7.066,step
2026-09-01T13:13:06.209924+00:00,91.894,0.0004,0.15,0.0,-0.0,0.0003,8428.63,3,94.2753,7.088,step
2026-09-01T13:13:06.211171+00:00,91.903,0.0004,0.15,0.0,-0.0,0.0003,8429.56,3,93.7139,7.11,step
2026-09-01T13:13:06.212406+00:00,91.913,0.0004,0.15,0.0,-0.0001,0.0003,8430.49,3,93.1526,7.132,step
2026-09-01T13:13:06.213646+00:00,91.922,0.0004,0.15,0.0,-0.0001,0.0003,8431.39,3,92.5913,7.154,step
2026-09-01T13:13:06.214887+00:00,91.931,0.0004,0.15,0.0,-0.0001,0.0003,8432.22,3,92.0295,7.176,step
2026-09-01T13:13:06.216124+00:00,91.941,0.0004,0.15,0.0,-0.0001,0.0003,8433.07,3,91.4673,7.198,step
2026-09-01T13:13:06.217365+00:00,91.95,0.0005,0.15,0.0,-0.0002,0.0003,8433.93,3,90.905,7.22,step
2026-09-01T13:13:06.218614+00:00,91.959,0.0005,0.15,0.0,-0.0002,0.0003,8434.78,3,90.3428,7.242,step
2026-09-01T13:13:06.219869+00:00,91.969,0.0005,0.15,0.0,-0.0002,0.0003,8435.6,3,89.7806,7.264,step
2026-09-01T13:13:06.221132+00:00,91.978,0.0005,0.15,0.0,-0.0003,0.0003,8436.43,3,89.2184,7.286,step
2026-09-01T13:13:06.222395+00:00,91.987,0.0005,0.15,0.0,-0.0003,0.0003,8437.25,3,88.6623,7.308,step
2026-09-01T13:13:06.223635+00:00,91.996,0.0005,0.15,0.0,-0.0003,0.0003,8438.09,3,88.1062,7.33,step
2026-09-01T13:13:06.224882+00:00,92.005,0.0005,0.0,0.15,-0.0004,0.0002,8438.92,3,87.5463,7.352,step
2026-09-01T13:13:06.226135+00:00,91.572,0.0004,0.15,0.0,-0.0004,0.0002,8260.13,3,86.9915,7.374,step
2026-09-01T13:13:06.227376+00:00,91.386,0.0004,0.15,0.0,-0.0004,0.0002,8384.46,3,86.44,7.396,step
2026-09-01T13:13:06.228623+00:00,91.397,0.0004,0.15,0.0,-0.0004,0.0002,8384.3,3,85.8831,7.418,step
2026-09-01T13:13:06.229844+00:00,91.407,0.0004,0.15,0.0,-0.0005,0.0002,8384.73,3,85.3251,7.44,step
2026-09-01T13:13:06.231073+00:00,91.417,0.0004,0.15,0.0,-0.0005,0.0002,8385.24,3,84.7667,7.462,step
2026-09-01T13:13:06.232295+00:00,91.428,0.0005,0.15,0.0,-0.0005,0.0002,8385.92,3,84.208,7.484,step
2026-09-01T13:13:06.233503+00:00,91.438,0.0005,0.15,0.0,-0.0005,0.0002,8386.77,3,83.6493,7.506,step
2026-09-01T13:13:06.234721+00:00,91.448,0.0005,0.15,0.0,-0.0005,0.0002,8387.76,3,83.0906,7.528,step
2026-09-01T13:13:06.235953+00:00,91.458,0.0005,0.15,0.0,-0.0005,0.0002,8388.88,3,82.5319,7.55,step
2026-09-01T13:13:06.237204+00:00,91.468,0.0005,0.15,0.0,-0.0005,0.0002,8389.92,3,81.9733,7.572,step
2026-09-01T13:13:06.238453+00:00,91.478,0.0005,0.15,0.0,-0.0005,0.0002,8390.87,3,81.4148,7.594,step
2026-09-01T13:13:06.239705+00:00,91.488,0.0005,0.15,0.0,-0.0006,0.0002,8391.73,3,80.8554,7.616,step
2026-09-01T13:13:06.240940+00:00,91.498,0.0005,0.15,0.0,-0.0006,0.0002,8392.63,3,80.2959,7.638,step
2026-09-01T13:13:06.242178+00:00,91.508,0.0005,0.15,0.0,-0.0006,0.0001,8393.53,3,79.7417,7.66,step
2026-09-01T13:13:06.243407+00:00,91.517,0.0005,0.15,0.0,-0.0006,0.0001,8394.28,3,79.1877,7.682,step
2026-09-01T13:13:06.244632+00:00,91.527,0.0005,0.15,0.0,-0.0006,0.0001,8395.04,3,78.6303,7.704,step
2026-09-01T13:13:06.245860+00:00,91.537,0.0005,0.15,0.0,-0.0006,0.0001,8395.98,3,78.0716,7.726,step
2026-09-01T13:13:06.247059+00:00,91.547,0.0005,0.15,0.0,-0.0007,0.0001,8397.0,3,77.5124,7.748,step
2026-09-01T13:13:06.248263+00:00,91.556,0.0005,0.15,0.0,-0.0007,0.0001,8397.97,3,76.953,7.77,step
2026-09-01T13:13:06.249498+00:00,91.566,0.0005,0.15,0.0,-0.0007,0.0001,8398.9,3,76.3938,7.792,step
2026-09-01T13:13:06.250735+00:00,91.576,0.0005,0.15,0.0,-0.0007,0.0001,8399.8,3,75.8345,7.814,step
2026-09-01T13:13:06.251970+00:00,91.585,0.0005,0.15,0.0,-0.0007,0.0001,8400.68,3,75.2754,7.836,step
2026-09-01T13:13:06.253200+00:00,91.595,0.0005,0.15,0.0,-0.0007,0.0001,8401.54,3,74.7158,7.858,step
2026-09-01T13:13:06.254452+00:00,91.605,0.0005,0.15,0.0,-0.0007,0.0001,8402.4,3,74.1556,7.88,step
2026-09-01T13:13:06.255700+00:00,91.614,0.0005,0.15,0.0,-0.0007,0.0001,8403.26,3,73.5953,7.902,step
2026-09-01T13:13:06.256962+00:00,91.624,0.0005,0.15,0.0,-0.0007,0.0001,8404.11,3,73.0351,7.924,step
2026-09-01T13:13:06.258195+00:00,91.633,0.0005,0.15,0.0,-0.0008,0.0001,8404.97,3,72.475,7.946,step
2026-09-01T13:13:06.259431+00:00,91.643,0.0005,0.15,0.0,-0.0008,0.0001,8405.84,3,71.9198,7.968,step
2026-09-01T13:13:06.260668+00:00,91.652,0.0004,0.15,0.0,-0.0008,0.0001,8406.72,3,71.3647,7.99,step
2026-09-01T13:13:06.261831+00:00,91.661,0.0004,0.15,0.0,-0.0008,0.0,8407.21,3,70.8571,8.01,step
2026-09-01T13:13:06.262999+00:00,91.669,0.0004,0.15,0.0,-0.0008,0.0,8408.01,3,70.3486,8.03,step
2026-09-01T13:13:06.264147+00:00,91.678,0.0004,0.15,0.0,-0.0008,0.0,8408.89,3,69.8398,8.05,step
2026-09-01T13:13:06.265311+00:00,91.686,0.0004,0.15,0.0,-0.0008,0.0,8409.79,3,69.3309,8.07,step
2026-09-01T13:13:06.266480+00:00,91.695,0.0004,0.15,0.0,-0.0008,0.0,8410.63,3,68.8218,8.09,step
2026-09-01T13:13:06.267642+00:00,91.703,0.0004,0.15,0.0,-0.0008,0.0,8411.42,3,68.3128,8.11,step
2026-09-01T13:13:06.268798+00:00,91.712,0.0004,0.15,0.0,-0.0008,0.0,8412.17,3,67.8032,8.13,step
2026-09-01T13:13:06.269969+00:00,91.72,0.0004,0.15,0.0,-0.0008,0.0,8412.94,3,67.2933,8.15,step
2026-09-01T13:13:06.271132+00:00,91.728,0.0004,0.15,0.0,-0.0008,0.0,8413.71,3,66.7833,8.17,step
2026-09-01T13:13:06.272308+00:00,91.737,0.0004,0.15,0.0,-0.0008,0.0,8414.47,3,66.2735,8.19,step
2026-09-01T13:13:06.273501+00:00,91.745,0.0005,0.15,0.0,-0.0008,0.0,8415.2,3,65.7636,8.21,step
2026-09-01T13:13:06.274688+00:00,91.753,0.0005,0.15,0.0,-0.0008,0.0,8415.94,3,65.2539,8.23,step
2026-09-01T13:13:06.275889+00:00,91.761,0.0005,0.15,0.0,-0.0008,0.0,8416.68,3,64.744,8.25,step
2026-09-01T13:13:06.277051+00:00,91.77,0.0005,0.15,0.0,-0.0008,0.0,8417.43,3,64.2342,8.27,step
2026-09-01T13:13:06.278224+00:00,91.778,0.0005,0.15,0.0,-0.0008,0.0,8418.18,3,63.7244,8.29,step
2026-09-01T13:13:06.279390+00:00,91.786,0.0005,0.15,0.0,-0.0008,0.0,8418.74,3,63.2146,8.31,step
2026-09-01T13:13:06.280550+00:00,91.794,0.0005,0.15,0.0,-0.0008,0.0,8419.35,3,62.7048,8.33,step
2026-09-01T13:13:06.281710+00:00,91.802,0.0005,0.15,0.0,-0.0008,0.0,8420.15,3,62.1952,8.35,step
2026-09-01T13:13:06.282874+00:00,91.81,0.0005,0.15,0.0,-0.0008,0.0,8421.03,3,61.6855,8.37,step
2026-09-01T13:13:06.284035+00:00,91.818,0.0005,0.15,0.0,-0.0008,0.0,8421.89,3,61.1759,8.39,step
2026-09-01T13:13:06.285200+00:00,91.826,0.0005,0.15,0.0,-0.0008,0.0,8422.64,3,60.6653,8.41,step
2026-09-01T13:13:06.286371+00:00,91.834,0.0005,0.15,0.0,-0.0008,0.0,8423.4,3,60.1548,8.43,step
2026-09-01T13:13:06.287526+00:00,91.842,0.0005,0.0,0.15,-0.0008,0.0,8424.15,3,59.6443,8.45,step
2026-09-01T13:13:06.288690+00:00,91.466,0.0005,0.0,0.15,-0.0008,0.0,8250.27,3,59.1372,8.47,step
2026-09-01T13:13:06.289870+00:00,90.896,0.0004,0.0,0.15,-0.0008,-0.0,8195.35,3,58.6379,8.49,step
2026-09-01T13:13:06.291043+00:00,90.326,0.0003,0.0,0.15,-0.0008,-0.0001,8141.75,3,58.1436,8.51,step
2026-09-01T13:13:06.292226+00:00,89.759,0.0003,0.0,0.15,-0.0008,-0.0001,8089.99,3,57.6531,8.53,step
2026-09-01T13:13:06.293413+00:00,89.195,0.0002,0.0,0.15,-0.0008,-0.0002,8039.59,3,57.1658,8.55,step
2026-09-01T13:13:06.294586+00:00,88.632,0.0001,0.0,0.15,-0.0008,-0.0003,7989.85,3,56.6816,8.57,step
2026-09-01T13:13:06.295759+00:00,88.073,0.0,0.0,0.15,-0.0008,-0.0003,7940.35,3,56.2002,8.59,step
2026-09-01T13:13:06.296946+00:00,87.515,-0.0001,0.0,0.15,-0.0008,-0.0004,7890.91,3,55.7216,8.61,step
2026-09-01T13:13:06.298112+00:00,86.959,-0.0002,0.0,0.15,-0.0008,-0.0005,7842.19,3,55.2458,8.63,step
2026-09-01T13:13:06.299274+00:00,86.404,-0.0002,0.0,0.15,-0.0008,-0.0005,7792.93,3,54.7727,8.65,step
2026-09-01T13:13:06.300436+00:00,85.852,-0.0003,0.0,0.15,-0.0007,-0.0006,7743.18,3,54.3024,8.67,step
2026-09-01T13:13:06.301582+00:00,85.302,-0.0004,0.0,0.15,-0.0007,-0.0006,7693.55,3,53.835,8.69,step
2026-09-01T13:13:06.302745+00:00,84.753,-0.0005,0.0,0.15,-0.0007,-0.0007,7644.14,3,53.3703,8.71,step
2026-09-01T13:13:06.303895+00:00,84.206,-0.0006,0.0,0.15,-0.0006,-0.0007,7594.99,3,52.9081,8.73,step
2026-09-01T13:13:06.305066+00:00,83.66,-0.0006,0.0,0.15,-0.0006,-0.0008,7546.05,3,52.446,8.75,step
2026-09-01T13:13:06.306233+00:00,83.116,-0.0007,0.0,0.15,-0.0005,-0.0008,7497.32,3,51.9837,8.77,step
2026-09-01T13:13:06.307401+00:00,82.573,-0.0007,0.0,0.15,-0.0005,-0.0008,7448.79,3,51.5231,8.79,step
2026-09-01T13:13:06.308589+00:00,82.032,-0.0007,0.0,0.15,-0.0005,-0.0008,7400.38,3,51.0647,8.81,step
2026-09-01T13:13:06.309769+00:00,81.493,-0.0007,0.0,0.15,-0.0004,-0.0008,7352.13,3,50.6092,8.83,step
2026-09-01T13:13:06.310960+00:00,80.954,-0.0007,0.0,0.15,-0.0004,-0.0007,7304.0,3,50.1563,8.85,step
2026-09-01T13:13:06.312168+00:00,80.419,-0.0007,0.0,0.15,-0.0003,-0.0007,7255.99,3,49.7063,8.87,step
2026-09-01T13:13:06.313363+00:00,79.884,-0.0007,0.0,0.15,-0.0003,-0.0007,7208.16,2,49.2592,8.89,step
2026-09-01T13:13:06.314532+00:00,79.37,-0.0007,0.0,0.15,-0.0002,-0.0007,9060.91,2,48.814,8.91,step
2026-09-01T13:13:06.315702+00:00,78.871,-0.0007,0.0,0.15,-0.0002,-0.0007,9039.35,2,48.3694,8.93,step
2026-09-01T13:13:06.316864+00:00,78.353,-0.0007,0.0,0.15,-0.0002,-0.0006,8878.44,2,47.9262,8.95,step
2026-09-01T13:13:06.318031+00:00,77.765,-0.0006,0.0,0.15,-0.0001,-0.0005,8807.26,2,47.4802,8.97,step
2026-09-01T13:13:06.319202+00:00,77.176,-0.0004,0.0,0.15,-0.0001,-0.0004,8742.56,2,47.0333,8.99,step
2026-09-01T13:13:06.320373+00:00,76.591,-0.0003,0.0,0.15,-0.0,-0.0003,8676.26,2,46.591,9.01,step
2026-09-01T13:13:06.321561+00:00,76.009,-0.0002,0.0,0.15,-0.0,-0.0001,8610.83,2,46.1543,9.03,step
2026-09-01T13:13:06.322729+00:00,75.43,-0.0,0.0,0.15,-0.0,-0.0,8546.11,2,45.7216,9.05,step
2026-09-01T13:13:06.323885+00:00,74.854,0.0001,0.0,0.15,0.0,0.0001,8481.88,2,45.2932,9.07,step
2026-09-01T13:13:06.325066+00:00,74.28,0.2002,0.0,0.15,0.0,0.0001,8418.09,2,44.8683,9.09,step
2026-09-01T13:13:06.326244+00:00,73.723,0.1978,0.0,0.15,0.0002,-0.0017,8355.16,2,44.6815,9.11,step
2026-09-01T13:13:06.327436+00:00,73.115,0.1905,0.0,0.15,0.001,-0.0075,8286.28,2,44.9572,9.13,step
2026-09-01T13:13:06.328633+00:00,72.522,-0.0194,0.0,0.15,0.0022,-0.0153,8216.59,2,45.4756,9.15,step
2026-09-01T13:13:06.329825+00:00,71.963,-0.0279,0.0,0.15,0.0038,-0.0217,8154.34,2,45.8353,9.17,step
2026-09-01T13:13:06.331003+00:00,71.389,-0.0309,0.0,0.15,0.0052,-0.0236,8094.85,2,45.663,9.19,step
2026-09-01T13:13:06.332220+00:00,70.827,-0.0314,0.0,0.15,0.0066,-0.0234,8032.99,2,45.2458,9.21,step
2026-09-01T13:13:06.333419+00:00,70.27,0.1691,0.0,0.15,0.0079,-0.0224,7971.14,2,44.738,9.23,step
2026-09-01T13:13:06.334605+00:00,69.731,0.1676,0.0,0.15,0.0093,-0.0231,7910.32,2,44.4274,9.25,step
2026-09-01T13:13:06.335801+00:00,69.145,0.1613,0.0,0.15,0.0112,-0.0276,7844.26,2,44.5524,9.27,step
2026-09-01T13:13:06.337003+00:00,68.575,0.1526,0.0,0.15,0.0136,-0.0338,7778.12,2,44.892,9.29,step
2026-09-01T13:13:06.338195+00:00,68.019,-0.057,0.8,0.0,0.0164,-0.0407,7714.76,2,45.3051,9.31,step
2026-09-01T13:13:06.339396+00:00,68.336,-0.0642,0.8,0.0,0.0193,-0.0454,8729.71,2,45.4717,9.33,step
2026-09-01T13:13:06.340598+00:00,69.058,-0.0658,0.8,0.0,0.022,-0.0457,9134.26,2,45.1158,9.35,step
2026-09-01T13:13:06.341795+00:00,69.885,0.1351,0.0,0.15,0.0246,-0.0438,9430.38,2,44.5177,9.37,step
2026-09-01T13:13:06.342996+00:00,70.234,0.135,0.0,0.15,0.0273,-0.0428,7979.33,2,44.0094,9.39,step
2026-09-01T13:13:06.344185+00:00,69.65,0.1313,0.0,0.15,0.0302,-0.0446,7921.4,2,43.8278,9.41,step
2026-09-01T13:13:06.345388+00:00,69.061,0.1253,0.0,0.15,0.0335,-0.0483,7842.12,2,43.8516,9.43,step
2026-09-01T13:13:06.346585+00:00,68.492,0.1177,0.0,0.15,0.0371,-0.0531,7768.01,2,44.0062,9.45,step
2026-09-01T13:13:06.347798+00:00,67.937,0.1093,0.0,0.15,0.0409,-0.0585,7700.92,2,44.2241,9.47,step
2026-09-01T13:13:06.349007+00:00,67.388,0.1008,0.0,0.15,0.0451,-0.0639,7638.97,2,44.4599,9.49,step
2026-09-01T13:13:06.350233+00:00,66.844,0.0924,0.0,0.15,0.0495,-0.069,7579.84,2,44.6825,9.51,step
2026-09-01T13:13:06.351461+00:00,66.303,0.0844,0.0,0.15,0.0541,-0.0738,7521.69,2,44.873,9.53,step
2026-09-01T13:13:06.352679+00:00,65.765,-0.1232,0.8,0.0,0.0589,-0.0781,7463.54,2,45.0232,9.55,step
2026-09-01T13:13:06.353895+00:00,66.071,0.0723,0.0,0.15,0.0638,-0.0798,8392.77,2,44.8669,9.57,step
2026-09-01T13:13:06.355130+00:00,66.069,0.0707,0.0,0.15,0.0685,-0.0792,7509.05,2,44.4204,9.59,step
2026-09-01T13:13:06.356379+00:00,65.52,0.0665,0.0,0.15,0.0734,-0.0807,7449.1,2,44.2308,9.61,step
2026-09-01T13:13:06.357631+00:00,64.983,0.0611,0.0,0.15,0.0785,-0.083,7384.26,2,44.1533,9.63,step
2026-09-01T13:13:06.358886+00:00,64.443,0.0554,0.0,0.15,0.0837,-0.0856,7319.73,2,44.1089,9.65,step
2026-09-01T13:13:06.360147+00:00,63.911,0.0496,0.0,0.15,0.0891,-0.0882,7257.68,2,44.0663,9.67,step
2026-09-01T13:13:06.361410+00:00,63.383,0.044,0.0,0.15,0.0945,-0.0906,7197.81,2,44.0082,9.69,step
2026-09-01T13:13:06.362680+00:00,62.858,0.0387,0.0,0.15,0.1,-0.0928,7138.99,2,43.926,9.71,step
2026-09-01T13:13:06.363947+00:00,62.334,0.0336,0.0,0.15,0.1056,-0.0947,7080.74,2,43.8169,9.73,step
2026-09-01T13:13:06.365230+00:00,61.813,0.0336,0.0,0.15,0.1111,-0.0924,7022.67,2,43.6807,9.75,step
2026-09-01T13:13:06.366519+00:00,61.293,0.0338,0.0,0.15,0.1164,-0.09,6964.58,2,43.5302,9.77,step
2026-09-01T13:13:06.367792+00:00,60.775,0.0342,0.0,0.15,0.1215,-0.0875,6906.54,2,43.3756,9.79,step
2026-09-01T13:13:06.369064+00:00,60.258,0.0347,0.0,0.15,0.1264,-0.0851,6849.77,2,43.2204,9.81,step
2026-09-01T13:13:06.370369+00:00,59.741,0.0353,0.0,0.15,0.1312,-0.0826,6795.19,2,43.0664,9.83,step
2026-09-01T13:13:06.371645+00:00,59.227,0.0359,0.0,0.15,0.1358,-0.0802,6736.77,2,42.9149,9.85,step
2026-09-01T13:13:06.372948+00:00,58.709,0.0365,0.0,0.15,0.1402,-0.0778,6677.0,2,42.7675,9.87,step
2026-09-01T13:13:06.374257+00:00,58.2,0.0371,0.0,0.15,0.1445,-0.0755,6618.0,2,42.6272,9.89,step
2026-09-01T13:13:06.375561+00:00,57.692,0.0378,0.0,0.15,0.1487,-0.0732,6559.93,2,42.492,9.91,step
2026-09-01T13:13:06.376866+00:00,57.186,0.0385,0.0,0.15,0.1526,-0.071,6502.4,2,42.3623,9.93,step
2026-09-01T13:13:06.378163+00:00,56.681,0.0392,0.0,0.15,0.1565,-0.0688,6445.3,2,42.2362,9.95,step
2026-09-01T13:13:06.379494+00:00,56.177,0.0399,0.0,0.15,0.1601,-0.0667,6388.48,2,42.1136,9.97,step
2026-09-01T13:13:06.380876+00:00,55.675,0.0407,0.0,0.15,0.1637,-0.0646,6331.76,2,41.9961,9.99,step
2026-09-01T13:13:06.382209+00:00,55.174,0.0414,0.0,0.15,0.1671,-0.0625,6275.24,2,41.8838,10.01,step
2026-09-01T13:13:06.383534+00:00,54.673,0.0422,0.0,0.15,0.1704,-0.0605,6218.79,2,41.7751,10.03,step
2026-09-01T13:13:06.384823+00:00,54.173,0.043,0.0,0.15,0.1736,-0.0585,6164.68,2,41.6702,10.05,step
2026-09-01T13:13:06.386162+00:00,53.672,0.0439,0.0,0.15,0.1766,-0.0565,6110.85,2,41.5695,10.07,step
2026-09-01T13:13:06.387475+00:00,53.174,0.0447,0.0,0.15,0.1795,-0.0546,6053.9,2,41.4745,10.09,step
2026-09-01T13:13:06.388819+00:00,52.676,0.0455,0.0,0.15,0.1823,-0.0528,5995.79,2,41.3864,10.11,step
2026-09-01T13:13:06.390154+00:00,52.183,0.0463,0.0,0.15,0.185,-0.051,5938.57,2,41.3069,10.13,step
2026-09-01T13:13:06.391469+00:00,51.691,0.0471,0.0,0.15,0.1877,-0.0492,5882.16,2,41.2322,10.15,step
2026-09-01T13:13:06.392786+00:00,51.201,0.0479,0.0,0.15,0.1902,-0.0475,5826.35,2,41.1616,10.17,step
2026-09-01T13:13:06.394102+00:00,50.711,0.0487,0.0,0.15,0.1926,-0.0459,5770.95,2,41.0963,10.19,step
2026-09-01T13:13:06.395439+00:00,50.223,0.0494,0.0,0.15,0.1949,-0.0443,5715.71,2,41.0365,10.21,step
2026-09-01T13:13:06.396738+00:00,49.736,0.0502,0.0,0.15,0.1971,-0.0427,5660.68,1,40.9799,10.23,step
2026-09-01T13:13:06.398081+00:00,49.256,0.0511,0.0,0.15,0.1992,-0.0411,7595.43,1,40.9268,10.25,step
2026-09-01T13:13:06.399377+00:00,48.778,0.0519,0.0,0.15,0.2013,-0.0396,7584.41,1,40.8785,10.27,step
2026-09-01T13:13:06.400700+00:00,48.286,0.0526,0.0,0.15,0.2032,-0.0381,7358.48,1,40.8361,10.29,step
2026-09-01T13:13:06.402001+00:00,47.749,0.0534,0.0,0.15,0.2051,-0.0367,7279.46,1,40.8038,10.31,step
2026-09-01T13:13:06.403300+00:00,47.215,0.0541,0.0,0.15,0.2069,-0.0354,7202.56,1,40.7772,10.33,step
2026-09-01T13:13:06.404603+00:00,46.685,0.0548,0.0,0.15,0.2087,-0.034,7122.35,1,40.7553,10.35,step
2026-09-01T13:13:06.405904+00:00,46.159,0.0555,0.0,0.15,0.2103,-0.0328,7041.8,1,40.7391,10.37,step
2026-09-01T13:13:06.407230+00:00,45.636,0.0562,0.0,0.15,0.2119,-0.0316,6962.18,1,40.7296,10.39,step
2026-09-01T13:13:06.408541+00:00,45.116,0.0568,0.0,0.15,0.2135,-0.0304,6883.73,1,40.7239,10.41,step
2026-09-01T13:13:06.409850+00:00,44.599,0.0575,0.0,0.15,0.215,-0.0292,6806.07,1,40.7223,10.43,step
2026-09-01T13:13:06.411158+00:00,44.085,0.0582,0.0,0.15,0.2164,-0.028,6728.81,1,40.7237,10.45,step
2026-09-01T13:13:06.412472+00:00,43.573,0.0588,0.0,0.15,0.2177,-0.0269,6652.06,1,40.7286,10.47,step
2026-09-01T13:13:06.413762+00:00,43.064,0.0595,0.0,0.15,0.2191,-0.0259,6575.66,1,40.7386,10.49,step
2026-09-01T13:13:06.415048+00:00,42.558,0.0601,0.0,0.15,0.2203,-0.0248,6499.53,1,40.7514,10.51,step
2026-09-01T13:13:06.416326+00:00,42.053,0.0607,0.0,0.15,0.2215,-0.0238,6423.8,1,40.768,10.53,step
2026-09-01T13:13:06.417622+00:00,41.552,0.0613,0.15,0.0,0.2227,-0.0228,6348.23,1,40.7897,10.55,step
2026-09-01T13:13:06.418913+00:00,41.559,0.0621,0.15,0.0,0.2238,-0.0217,6506.03,1,40.8038,10.57,step
2026-09-01T13:13:06.420206+00:00,41.669,0.0629,0.15,0.0,0.2249,-0.0206,6518.75,1,40.8072,10.59,step
2026-09-01T13:13:06.421491+00:00,41.779,0.0637,0.15,0.0,0.226,-0.0194,6532.67,1,40.8102,10.61,step
2026-09-01T13:13:06.422760+00:00,41.887,0.0646,0.15,0.0,0.227,-0.0182,6547.57,1,40.8148,10.63,step
2026-09-01T13:13:06.424028+00:00,41.995,0.0655,0.15,0.0,0.228,-0.0171,6564.07,1,40.822,10.65,step
2026-09-01T13:13:06.425315+00:00,42.103,0.0664,0.0,0.15,0.2289,-0.0159,6581.51,1,40.8341,10.67,step
2026-09-01T13:13:06.426598+00:00,41.721,0.0672,0.15,0.0,0.2298,-0.0149,6381.05,1,40.8617,10.69,step
2026-09-01T13:13:06.427878+00:00,41.723,0.068,0.15,0.0,0.2307,-0.0139,6529.32,1,40.8987,10.71,step
2026-09-01T13:13:06.429142+00:00,41.832,0.0688,0.15,0.0,0.2315,-0.0129,6544.88,1,40.9333,10.73,step
2026-09-01T13:13:06.430406+00:00,41.94,0.0696,0.15,0.0,0.2323,-0.0118,6560.75,1,40.9721,10.75,step
2026-09-01T13:13:06.431666+00:00,42.049,0.0705,0.0,0.15,0.2331,-0.0108,6577.02,1,41.0157,10.77,step
2026-09-01T13:13:06.432927+00:00,41.664,0.0712,0.15,0.0,0.2338,-0.0099,6371.26,1,41.075,10.79,step
2026-09-01T13:13:06.434233+00:00,41.672,0.0719,0.15,0.0,0.2345,-0.0091,6521.2,1,41.1434,10.81,step
2026-09-01T13:13:06.435519+00:00,41.781,0.0727,0.15,0.0,0.2352,-0.0081,6536.4,1,41.2068,10.83,step
2026-09-01T13:13:06.436782+00:00,41.89,0.0734,0.15,0.0,0.2358,-0.0072,6552.28,1,41.2744,10.85,step
2026-09-01T13:13:06.438161+00:00,41.998,0.0742,0.15,0.0,0.2364,-0.0063,6568.29,1,41.3443,10.87,step
2026-09-01T13:13:06.439463+00:00,42.107,0.075,0.0,0.15,0.237,-0.0054,6584.65,1,41.4185,10.89,step
2026-09-01T13:13:06.440740+00:00,41.724,0.0758,0.15,0.0,0.2375,-0.0046,6381.33,1,41.5123,10.91,step
2026-09-01T13:13:06.442040+00:00,41.731,0.0764,0.15,0.0,0.238,-0.0038,6530.15,1,41.6183,10.93,step
2026-09-01T13:13:06.443331+00:00,41.84,0.0771,0.15,0.0,0.2385,-0.003,6547.04,1,41.7184,10.95,step
2026-09-01T13:13:06.444623+00:00,41.949,0.0779,0.15,0.0,0.239,-0.0022,6562.63,1,41.8223,10.97,step
2026-09-01T13:13:06.445944+00:00,42.058,0.0786,0.0,0.15,0.2394,-0.0014,6578.66,1,41.9325,10.99,step
2026-09-01T13:13:06.447243+00:00,41.678,0.0793,0.15,0.0,0.2398,-0.0007,6373.7,1,42.0638,11.01,step
2026-09-01T13:13:06.448543+00:00,41.685,0.0799,0.15,0.0,0.2402,0.0,6523.1,1,42.2038,11.03,step
2026-09-01T13:13:06.449822+00:00,41.794,0.0806,0.15,0.0,0.2405,0.0007,6538.64,1,42.3377,11.05,step
2026-09-01T13:13:06.451126+00:00,41.903,0.0813,0.15,0.0,0.2409,0.0015,6554.7,1,42.4775,11.07,step
2026-09-01T13:13:06.452404+00:00,42.012,0.0821,0.0,0.15,0.2412,0.0022,6570.83,1,42.6229,11.09,step
2026-09-01T13:13:06.453704+00:00,41.629,0.0827,0.15,0.0,0.2415,0.0028,6366.95,1,42.7916,11.11,step
2026-09-01T13:13:06.455005+00:00,41.64,0.0832,0.15,0.0,0.2417,0.0034,6515.9,1,42.9762,11.13,step
2026-09-01T13:13:06.456262+00:00,41.75,0.0839,0.15,0.0,0.242,0.004,6531.5,1,43.1537,11.15,step
2026-09-01T13:13:06.457505+00:00,41.859,0.0845,0.15,0.0,0.2422,0.0047,6547.68,1,43.3362,11.17,step
2026-09-01T13:13:06.458776+00:00,41.969,0.0852,0.15,0.0,0.2424,0.0053,6564.01,1,43.528,11.19,step
2026-09-01T13:13:06.460032+00:00,42.078,0.0859,0.0,0.15,0.2426,0.006,6580.68,1,43.7267,11.21,step
2026-09-01T13:13:06.461316+00:00,41.696,0.0864,0.15,0.0,0.2427,0.0065,6376.92,1,43.9526,11.23,step
2026-09-01T13:13:06.462593+00:00,41.708,0.0869,0.15,0.0,0.2429,0.007,6526.96,1,44.1942,11.25,step
2026-09-01T13:13:06.463844+00:00,41.817,0.0875,0.15,0.0,0.243,0.0075,6546.35,1,44.4312,11.27,step
2026-09-01T13:13:06.465101+00:00,41.928,0.0881,0.15,0.0,0.2431,0.008,6560.96,1,44.6792,11.29,step
2026-09-01T13:13:06.466369+00:00,42.038,0.0887,0.0,0.15,0.2432,0.0086,6576.75,1,44.9335,11.31,step
2026-09-01T13:13:06.467655+00:00,41.663,-0.1108,0.8,0.0,0.2433,0.009,6371.45,1,45.2162,11.33,step
2026-09-01T13:13:06.468945+00:00,42.075,-0.1083,0.8,0.0,0.2431,0.0111,7695.77,1,45.1456,11.35,step
2026-09-01T13:13:06.470204+00:00,42.81,0.0982,0.0,0.15,0.2426,0.0163,8689.1,1,44.378,11.37,step
2026-09-01T13:13:06.471480+00:00,43.279,0.1043,0.0,0.15,0.2418,0.021,6584.01,1,43.7222,11.39,step
2026-09-01T13:13:06.472762+00:00,42.724,0.1068,0.0,0.15,0.2412,0.0228,6537.06,1,43.705,11.41,step
2026-09-01T13:13:06.474037+00:00,42.206,0.1076,0.0,0.15,0.2406,0.0232,6450.37,1,43.9848,11.43,step
2026-09-01T13:13:06.475303+00:00,41.701,0.1077,0.15,0.0,0.2401,0.0231,6368.99,1,44.3933,11.45,step
2026-09-01T13:13:06.476541+00:00,41.719,0.1077,0.15,0.0,0.2396,0.0229,6534.76,1,44.8295,11.47,step
2026-09-01T13:13:06.477785+00:00,41.831,-0.0922,0.8,0.0,0.2392,0.0228,6547.73,1,45.2528,11.49,step
2026-09-01T13:13:06.479027+00:00,42.371,-0.0898,0.8,0.0,0.2386,0.0246,7694.21,1,45.2526,11.51,step
2026-09-01T13:13:06.480264+00:00,43.133,0.1167,0.0,0.15,0.2376,0.0295,8630.7,1,44.5212,11.53,step
2026-09-01T13:13:06.481503+00:00,43.565,0.1224,0.0,0.15,0.2363,0.0339,6620.41,1,43.9518,11.55,step
2026-09-01T13:13:06.482754+00:00,43.006,0.1246,0.0,0.15,0.2352,0.0352,6578.98,1,44.0564,11.57,step
2026-09-01T13:13:06.483997+00:00,42.49,0.1251,0.0,0.15,0.2342,0.0351,6486.76,1,44.474,11.59,step
2026-09-01T13:13:06.485241+00:00,41.983,-0.0752,0.8,0.0,0.2333,0.0345,6406.49,1,45.0404,11.61,step
2026-09-01T13:13:06.486484+00:00,42.358,-0.0733,0.8,0.0,0.2322,0.0357,7907.59,1,45.2024,11.63,step
2026-09-01T13:13:06.487740+00:00,43.064,0.1326,0.0,0.15,0.2308,0.04,9083.75,1,44.5911,11.65,step
2026-09-01T13:13:06.489000+00:00,43.599,0.138,0.0,0.15,0.2292,0.0438,6777.24,1,44.1237,11.67,step
2026-09-01T13:13:06.490258+00:00,43.123,0.1401,0.0,0.15,0.2277,0.0449,6598.11,1,44.2905,11.69,step
2026-09-01T13:13:06.491496+00:00,42.596,0.1405,0.0,0.15,0.2263,0.0447,6510.99,1,44.7934,11.71,step
2026-09-01T13:13:06.492738+00:00,42.087,-0.06,0.8,0.0,0.2251,0.0438,6428.35,1,45.4792,11.73,step
2026-09-01T13:13:06.494000+00:00,42.491,-0.0584,0.8,0.0,0.2237,0.0445,7878.77,1,45.7558,11.75,step
2026-09-01T13:13:06.495211+00:00,43.22,-0.0528,0.8,0.0,0.222,0.0485,8989.32,1,45.2163,11.77,step
2026-09-01T13:13:06.496426+00:00,44.028,0.1543,0.0,0.15,0.2199,0.0535,10251.2,1,44.4473,11.79,step
2026-09-01T13:13:06.497652+00:00,44.683,0.1598,0.0,0.15,0.2178,0.0572,7569.84,1,44.0052,11.81,step
2026-09-01T13:13:06.498858+00:00,44.473,0.1619,0.0,0.15,0.2158,0.0582,6811.67,1,44.2506,11.83,step
2026-09-01T13:13:06.500085+00:00,43.937,0.1621,0.0,0.15,0.2139,0.0575,6714.7,1,44.8903,11.85,step
2026-09-01T13:13:06.501316+00:00,43.42,-0.0389,0.8,0.0,0.2122,0.0561,6628.11,1,45.7765,11.87,step
2026-09-01T13:13:06.502577+00:00,43.764,-0.0378,0.8,0.0,0.2104,0.0561,8340.6,1,46.2814,11.89,step
2026-09-01T13:13:06.503808+00:00,44.417,-0.0327,0.8,0.0,0.2082,0.0595,9823.84,1,45.9111,11.91,step
2026-09-01T13:13:06.505015+00:00,45.167,-0.0262,0.8,0.0,0.2058,0.0639,11230.4,1,45.2798,11.93,step
2026-09-01T13:13:06.506235+00:00,45.995,0.1806,0.0,0.15,0.2031,0.0685,12448.4,1,44.6127,11.95,step
2026-09-01T13:13:06.507472+00:00,46.717,0.1862,0.0,0.15,0.2003,0.0719,9518.01,1,44.2514,11.97,step
2026-09-01T13:13:06.508689+00:00,47.209,0.189,0.0,0.15,0.1975,0.0731,7233.04,1,44.4716,11.99,step
2026-09-01T13:13:06.509926+00:00,46.636,0.1905,0.0,0.15,0.1948,0.0733,7127.67,1,44.9787,12.01,step
2026-09-01T13:13:06.511159+00:00,46.052,-0.0096,0.8,0.0,0.1923,0.0721,7026.0,1,45.884,12.03,step
2026-09-01T13:13:06.512395+00:00,46.44,-0.0089,0.8,0.0,0.1897,0.0716,8763.18,1,46.609,12.05,step
2026-09-01T13:13:06.513587+00:00,47.178,-0.0044,0.8,0.0,0.1867,0.0742,10151.9,1,46.5052,12.07,step
2026-09-01T13:13:06.514766+00:00,47.983,0.0013,0.8,0.0,0.1835,0.0775,11438.3,1,46.1645,12.09,step
2026-09-01T13:13:06.515969+00:00,48.845,0.0072,0.8,0.0,0.1801,0.081,12581.4,1,45.7971,12.11,step
2026-09-01T13:13:06.517151+00:00,49.755,0.0132,0.8,0.0,0.1764,0.0845,13623.2,1,45.4604,12.13,step
2026-09-01T13:13:06.518354+00:00,50.7,0.0191,0.8,0.0,0.1726,0.0878,14616.8,2,45.1753,12.15,step
2026-09-01T13:13:06.519562+00:00,51.616,0.2248,0.0,0.15,0.1685,0.0909,10852.4,2,44.9639,12.17,step
2026-09-01T13:13:06.520770+00:00,52.237,0.0288,0.8,0.0,0.1643,0.0925,10819.3,2,45.1711,12.19,step
2026-09-01T13:13:06.521987+00:00,52.799,0.031,0.8,0.0,0.1601,0.0926,6299.72,2,45.827,12.21,step
2026-09-01T13:13:06.523216+00:00,53.356,0.0352,0.8,0.0,0.1557,0.0942,6569.33,2,46.0745,12.23,step
2026-09-01T13:13:06.524419+00:00,54.0,0.04,0.8,0.0,0.1511,0.0963,6692.51,2,46.1782,12.25,step
2026-09-01T13:13:06.525625+00:00,54.669,0.0451,0.8,0.0,0.1463,0.0985,6790.44,2,46.2742,12.27,step
2026-09-01T13:13:06.526835+00:00,55.353,0.0501,0.8,0.0,0.1414,0.1006,6879.87,2,46.4178,12.29,step
2026-09-01T13:13:06.528058+00:00,56.05,0.0549,0.8,0.0,0.1363,0.1026,6964.59,2,46.6316,12.31,step
2026-09-01T13:13:06.529236+00:00,56.757,0.0596,0.8,0.0,0.1311,0.1043,7048.81,2,46.9254,12.33,step
2026-09-01T13:13:06.530415+00:00,57.471,0.0641,0.8,0.0,0.1257,0.1058,7137.18,2,47.3044,12.35,step
2026-09-01T13:13:06.531594+00:00,58.192,0.0685,0.8,0.0,0.1202,0.1072,7232.81,2,47.7675,12.37,step
2026-09-01T13:13:06.532767+00:00,58.92,0.0728,0.8,0.0,0.1145,0.1084,7337.52,2,48.3227,12.39,step
2026-09-01T13:13:06.533949+00:00,59.629,0.0769,0.8,0.0,0.1088,0.1094,7501.99,2,48.9885,12.41,step
2026-09-01T13:13:06.535140+00:00,60.248,0.0805,0.8,0.0,0.1029,0.11,7884.76,2,49.8485,12.43,step
2026-09-01T13:13:06.536310+00:00,60.947,0.0839,0.8,0.0,0.0968,0.1103,8195.86,2,50.8928,12.45,step
2026-09-01T13:13:06.537503+00:00,61.712,0.0869,0.8,0.0,0.0906,0.1102,8448.56,2,52.1486,12.47,step
2026-09-01T13:13:06.538654+00:00,62.519,0.0898,0.8,0.0,0.0843,0.1099,8676.04,2,53.6171,12.49,step
2026-09-01T13:13:06.539826+00:00,63.361,0.0924,0.8,0.0,0.0778,0.1094,8881.12,2,55.3399,12.51,step
2026-09-01T13:13:06.541003+00:00,64.23,0.0947,0.8,0.0,0.0712,0.1086,9074.58,2,57.3821,12.53,step
2026-09-01T13:13:06.542142+00:00,65.117,0.0961,0.8,0.0,0.0645,0.1069,9273.24,2,59.8444,12.55,step
2026-09-01T13:13:06.543269+00:00,66.012,0.0925,0.8,0.0,0.0578,0.1011,9493.76,2,62.8551,12.57,step
2026-09-01T13:13:06.544404+00:00,66.91,0.0883,0.8,0.0,0.0513,0.095,9717.69,2,66.5213,12.59,step
2026-09-01T13:13:06.545556+00:00,67.805,0.0837,0.8,0.0,0.0449,0.0885,9942.1,2,70.9694,12.61,step
2026-09-01T13:13:06.546686+00:00,68.643,0.0786,0.8,0.0,0.0387,0.0816,10268.2,2,76.4753,12.63,step
2026-09-01T13:13:06.547824+00:00,69.419,0.0728,0.8,0.0,0.0327,0.0743,10690.5,2,83.4939,12.65,step
2026-09-01T13:13:06.548971+00:00,70.231,0.0665,0.8,0.0,0.0268,0.0666,11041.2,2,92.5731,12.67,step
2026-09-01T13:13:06.550112+00:00,71.07,0.0597,0.8,0.0,0.0212,0.0586,11335.1,2,104.663,12.69,step
2026-09-01T13:13:06.551264+00:00,71.928,0.0524,0.8,0.0,0.0157,0.0502,11586.5,2,121.397,12.71,step
2026-09-01T13:13:06.552425+00:00,72.803,0.0446,0.8,0.0,0.0105,0.0416,11797.4,2,145.8,12.73,step
2026-09-01T13:13:06.553613+00:00,73.692,0.0365,0.8,0.0,0.0056,0.0327,11976.2,2,182.695,12.75,step
2026-09-01T13:13:06.554786+00:00,74.588,0.0279,0.8,0.0,0.0009,0.0236,12134.9,2,190.826,12.77,step
2026-09-01T13:13:06.555974+00:00,75.483,0.019,0.8,0.0,-0.0035,0.0144,12285.0,2,195.108,12.79,step
2026-09-01T13:13:06.557157+00:00,76.374,0.0097,0.8,0.0,-0.0075,0.005,12435.3,2,198.338,12.81,step
2026-09-01T13:13:06.558356+00:00,77.256,0.0001,0.8,0.0,-0.0112,-0.0046,12591.2,2,200.0,12.83,step
2026-09-01T13:13:06.559544+00:00,78.128,-0.0099,0.8,0.0,-0.0146,-0.0143,12758.5,2,200.0,12.85,step
2026-09-01T13:13:06.560749+00:00,78.993,-0.0201,0.8,0.0,-0.0175,-0.0241,12934.7,2,200.0,12.87,step
2026-09-01T13:13:06.561931+00:00,79.852,-0.0307,0.8,0.0,-0.0201,-0.034,13114.7,2,200.0,12.89,step
2026-09-01T13:13:06.563084+00:00,80.71,-0.0416,0.8,0.0,-0.0222,-0.0439,13295.3,3,139.644,12.91,step
2026-09-01T13:13:06.564208+00:00,81.549,-0.0526,0.15,0.0,-0.0239,-0.0538,10512.0,3,114.262,12.93,step
2026-09-01T13:13:06.565345+00:00,82.263,-0.0623,0.15,0.0,-0.025,-0.0624,10512.1,3,98.6576,12.95,step
2026-09-01T13:13:06.566452+00:00,82.538,-0.0683,0.15,0.0,-0.0252,-0.0675,7610.17,3,91.2655,12.97,step
2026-09-01T13:13:06.567566+00:00,82.612,-0.0703,0.15,0.0,-0.0245,-0.0688,7602.01,3,89.4529,12.99,step
2026-09-01T13:13:06.568666+00:00,82.666,-0.0698,0.15,0.0,-0.0227,-0.0676,7594.6,3,90.8157,13.01,step
2026-09-01T13:13:06.569789+00:00,82.719,-0.0681,0.15,0.0,-0.0203,-0.0652,7594.1,3,93.9839,13.03,step
2026-09-01T13:13:06.570912+00:00,82.766,-0.066,0.15,0.0,-0.0174,-0.0622,7596.08,3,98.2043,13.05,step
2026-09-01T13:13:06.572031+00:00,82.809,-0.0638,0.15,0.0,-0.0141,-0.059,7599.12,3,103.107,13.07,step
2026-09-01T13:13:06.573136+00:00,82.85,-0.0617,0.15,0.0,-0.0107,-0.0559,7602.46,3,108.553,13.09,step
2026-09-01T13:13:06.574261+00:00,82.888,-0.0598,0.15,0.0,-0.0072,-0.0528,7605.8,3,114.509,13.11,step
2026-09-01T13:13:06.575396+00:00,82.924,-0.0579,0.8,0.0,-0.0038,-0.0498,7609.09,3,120.985,13.13,step
2026-09-01T13:13:06.576537+00:00,83.315,-0.056,0.8,0.0,-0.0005,-0.0468,8003.93,3,128.181,13.15,step
2026-09-01T13:13:06.577697+00:00,83.922,-0.054,0.8,0.0,0.0028,-0.0438,8094.41,3,136.603,13.17,step
2026-09-01T13:13:06.578877+00:00,84.56,-0.0519,0.8,0.0,0.0059,-0.0408,8147.21,3,146.236,13.19,step
2026-09-01T13:13:06.580055+00:00,85.204,-0.0499,0.8,0.0,0.0089,-0.0379,8196.06,3,156.982,13.21,step
2026-09-01T13:13:06.581221+00:00,85.847,-0.048,0.8,0.0,0.0117,-0.0351,8252.2,3,168.834,13.23,step
2026-09-01T13:13:06.582376+00:00,86.489,-0.0462,0.8,0.0,0.0144,-0.0325,8317.12,3,198.137,13.25,step
2026-09-01T13:13:06.583534+00:00,87.131,-0.0444,0.8,0.0,0.0169,-0.03,8389.02,3,197.141,13.27,step
2026-09-01T13:13:06.584697+00:00,87.775,-0.0427,0.8,0.0,0.0193,-0.0275,8466.28,3,196.142,13.29,step
2026-09-01T13:13:06.585890+00:00,88.425,-0.0409,0.8,0.0,0.0215,-0.0251,8543.86,3,195.13,13.31,step
2026-09-01T13:13:06.587073+00:00,89.084,-0.039,0.8,0.0,0.0236,-0.0226,8617.56,3,194.106,13.33,step
2026-09-01T13:13:06.588238+00:00,89.751,-0.037,0.8,0.0,0.0255,-0.0202,8687.77,3,193.073,13.35,step
2026-09-01T13:13:06.589397+00:00,90.425,-0.0351,0.8,0.0,0.0272,-0.0179,8757.18,3,192.039,13.37,step
2026-09-01T13:13:06.590572+00:00,91.105,-0.0332,0.8,0.0,0.0288,-0.0157,8825.73,3,191.007,13.39,step
2026-09-01T13:13:06.591748+00:00,91.79,-0.0313,0.8,0.0,0.0302,-0.0135,8894.0,3,189.981,13.41,step
2026-09-01T13:13:06.592941+00:00,92.48,-0.0295,0.8,0.0,0.0314,-0.0115,8962.84,3,188.965,13.43,step
2026-09-01T13:13:06.594128+00:00,93.175,-0.0277,0.8,0.0,0.0325,-0.0095,9032.97,3,187.956,13.45,step
2026-09-01T13:13:06.595318+00:00,93.875,-0.0259,0.8,0.0,0.0335,-0.0076,9104.92,3,186.954,13.47,step
2026-09-01T13:13:06.596528+00:00,94.579,-0.0242,0.8,0.0,0.0343,-0.0059,9178.71,3,185.963,13.49,step
2026-09-01T13:13:06.597728+00:00,95.288,-0.0225,0.15,0.0,0.0349,-0.0042,9254.16,3,184.988,13.51,step
2026-09-01T13:13:06.598952+00:00,95.625,-0.021,0.15,0.0,0.0354,-0.0027,8768.43,3,184.051,13.53,step
2026-09-01T13:13:06.600152+00:00,95.638,-0.0197,0.15,0.0,0.0358,-0.0015,8769.44,3,183.175,13.55,step
2026-09-01T13:13:06.601336+00:00,95.653,-0.0184,0.15,0.0,0.036,-0.0003,8772.01,3,182.317,13.57,step
2026-09-01T13:13:06.602529+00:00,95.668,-0.0171,0.15,0.0,0.036,0.0008,8773.87,3,181.469,13.59,step
2026-09-01T13:13:06.603726+00:00,95.684,-0.0158,0.15,0.0,0.036,0.0018,8775.82,3,180.635,13.61,step
2026-09-01T13:13:06.604928+00:00,95.7,-0.0145,0.15,0.0,0.0359,0.0028,8776.77,3,179.813,13.63,step
2026-09-01T13:13:06.606109+00:00,95.716,-0.0133,0.15,0.0,0.0356,0.0038,8777.75,3,179.007,13.65,step
2026-09-01T13:13:06.607295+00:00,95.731,-0.0122,0.15,0.0,0.0353,0.0046,8778.91,3,178.224,13.67,step
2026-09-01T13:13:06.608476+00:00,95.747,-0.0111,0.15,0.0,0.0349,0.0053,8780.14,3,177.469,13.69,step
2026-09-01T13:13:06.609673+00:00,95.763,-0.01,0.15,0.0,0.0344,0.006,8781.41,3,176.731,13.71,step
2026-09-01T13:13:06.610865+00:00,95.779,-0.009,0.15,0.0,0.0339,0.0066,8782.77,3,176.01,13.73,step
2026-09-01T13:13:06.612069+00:00,95.794,-0.0081,0.15,0.0,0.0333,0.0072,8784.2,3,175.305,13.75,step
2026-09-01T13:13:06.613286+00:00,95.81,-0.0072,0.15,0.0,0.0327,0.0077,8785.69,3,174.618,13.77,step
2026-09-01T13:13:06.614487+00:00,95.826,-0.0063,0.15,0.0,0.032,0.0081,8787.28,3,173.948,13.79,step
2026-09-01T13:13:06.615693+00:00,95.842,-0.0055,0.15,0.0,0.0313,0.0085,8788.83,3,173.295,13.81,step
2026-09-01T13:13:06.616889+00:00,95.858,-0.0047,0.15,0.0,0.0306,0.0088,8790.32,3,172.658,13.83,step
2026-09-01T13:13:06.618060+00:00,95.874,-0.004,0.15,0.0,0.0298,0.0091,8791.78,3,172.032,13.85,step
2026-09-01T13:13:06.619225+00:00,95.89,-0.0032,0.15,0.0,0.029,0.0094,8793.18,3,171.416,13.87,step
2026-09-01T13:13:06.620393+00:00,95.906,-0.0026,0.15,0.0,0.0281,0.0096,8795.6,3,170.816,13.89,step
2026-09-01T13:13:06.621572+00:00,95.922,-0.0019,0.15,0.0,0.0273,0.0098,8796.63,3,170.227,13.91,step
2026-09-01T13:13:06.622733+00:00,95.938,-0.0013,0.15,0.0,0.0265,0.0099,8797.83,3,169.647,13.93,step
2026-09-01T13:13:06.623903+00:00,95.954,-0.0008,0.15,0.0,0.0256,0.01,8799.08,3,169.081,13.95,step
2026-09-01T13:13:06.625058+00:00,95.971,-0.0002,0.15,0.0,0.0247,0.0101,8800.35,3,168.525,13.97,step
2026-09-01T13:13:06.626228+00:00,95.986,0.0003,0.15,0.0,0.0238,0.0101,8801.69,3,167.978,13.99,step
2026-09-01T13:13:06.627422+00:00,96.002,0.0007,0.15,0.0,0.0229,0.0101,8803.1,3,167.44,14.01,step
2026-09-01T13:13:06.628614+00:00,96.018,0.0011,0.15,0.0,0.022,0.0101,8804.55,3,166.912,14.03,step
2026-09-01T13:13:06.629780+00:00,96.034,0.0015,0.15,0.0,0.0211,0.0101,8806.06,3,166.392,14.05,step
2026-09-01T13:13:06.630949+00:00,96.05,0.0019,0.15,0.0,0.0203,0.01,8807.65,3,165.883,14.07,step
2026-09-01T13:13:06.632131+00:00,96.066,0.0022,0.15,0.0,0.0194,0.0099,8809.21,3,165.382,14.09,step
2026-09-01T13:13:06.633334+00:00,96.082,0.0025,0.15,0.0,0.0185,0.0098,8810.73,3,164.881,14.11,step
2026-09-01T13:13:06.634547+00:00,96.098,0.0028,0.15,0.0,0.0176,0.0097,8812.19,3,164.38,14.13,step
2026-09-01T13:13:06.635750+00:00,96.114,0.0031,0.15,0.0,0.0168,0.0096,8813.62,3,163.886,14.15,step
2026-09-01T13:13:06.636936+00:00,96.13,0.0033,0.15,0.0,0.0159,0.0094,8816.53,3,163.4,14.17,step
2026-09-01T13:13:06.638131+00:00,96.147,0.0035,0.15,0.0,0.0151,0.0092,8817.4,3,162.916,14.19,step
2026-09-01T13:13:06.639289+00:00,96.163,0.0037,0.15,0.0,0.0142,0.009,8818.49,3,162.438,14.21,step
2026-09-01T13:13:06.640446+00:00,96.179,0.0039,0.15,0.0,0.0134,0.0088,8819.66,3,161.966,14.23,step
2026-09-01T13:13:06.641627+00:00,96.195,0.004,0.15,0.0,0.0126,0.0086,8820.87,3,161.494,14.25,step
2026-09-01T13:13:06.642817+00:00,96.212,0.0042,0.15,0.0,0.0119,0.0084,8822.16,3,161.023,14.27,step
2026-09-01T13:13:06.643998+00:00,96.228,0.0043,0.15,0.0,0.0111,0.0082,8823.56,3,160.551,14.29,step
2026-09-01T13:13:06.645188+00:00,96.243,0.0044,0.15,0.0,0.0104,0.008,8825.02,3,160.079,14.31,step
2026-09-01T13:13:06.646371+00:00,96.259,0.0045,0.15,0.0,0.0097,0.0078,8826.55,3,159.606,14.33,step
2026-09-01T13:13:06.647568+00:00,96.275,0.0046,0.15,0.0,0.009,0.0075,8828.21,3,159.132,14.35,step
2026-09-01T13:13:06.648761+00:00,96.292,0.0046,0.15,0.0,0.0083,0.0073,8829.82,3,158.664,14.37,step
2026-09-01T13:13:06.649950+00:00,96.308,0.0046,0.15,0.0,0.0077,0.0071,8831.38,3,158.201,14.39,step
2026-09-01T13:13:06.651140+00:00,96.325,0.0046,0.15,0.0,0.007,0.0068,8832.86,3,157.741,14.41,step
2026-09-01T13:13:06.652342+00:00,96.341,0.0046,0.15,0.0,0.0064,0.0065,8834.31,3,157.282,14.43,step
2026-09-01T13:13:06.653536+00:00,96.356,0.0046,0.15,0.0,0.0058,0.0062,8837.74,3,156.824,14.45,step
2026-09-01T13:13:06.654732+00:00,96.374,0.0045,0.15,0.0,0.0053,0.006,8838.45,3,156.366,14.47,step
2026-09-01T13:13:06.655904+00:00,96.391,0.0044,0.15,0.0,0.0047,0.0057,8839.42,3,155.907,14.49,step
2026-09-01T13:13:06.657100+00:00,96.407,0.0044,0.15,0.0,0.0042,0.0054,8840.52,3,155.441,14.51,step
2026-09-01T13:13:06.658278+00:00,96.424,0.0044,0.15,0.0,0.0037,0.0052,8841.68,3,154.968,14.53,step
2026-09-01T13:13:06.659450+00:00,96.44,0.0043,0.15,0.0,0.0033,0.005,8842.95,3,154.492,14.55,step
2026-09-01T13:13:06.660640+00:00,96.457,0.0043,0.15,0.0,0.0028,0.0047,8844.34,3,154.013,14.57,step
2026-09-01T13:13:06.661834+00:00,96.473,0.0042,0.15,0.0,0.0024,0.0045,8845.83,3,153.534,14.59,step
2026-09-01T13:13:06.663022+00:00,96.489,0.0042,0.15,0.0,0.002,0.0043,8847.42,3,153.054,14.61,step
2026-09-01T13:13:06.664209+00:00,96.505,0.0041,0.15,0.0,0.0016,0.0041,8849.15,3,152.573,14.63,step
2026-09-01T13:13:06.665412+00:00,96.522,0.0041,0.15,0.0,0.0012,0.0039,8850.84,3,152.092,14.65,step
2026-09-01T13:13:06.666585+00:00,96.539,0.004,0.15,0.0,0.0008,0.0037,8852.46,3,151.609,14.67,step
2026-09-01T13:13:06.667768+00:00,96.556,0.0039,0.15,0.0,0.0005,0.0035,8853.99,3,151.127,14.69,step
2026-09-01T13:13:06.668948+00:00,96.573,0.0038,0.15,0.0,0.0002,0.0032,8855.46,3,150.645,14.71,step
2026-09-01T13:13:06.670124+00:00,96.588,0.0037,0.15,0.0,-0.0001,0.003,8859.42,3,150.163,14.73,step
2026-09-01T13:13:06.671300+00:00,96.606,0.0036,0.15,0.0,-0.0004,0.0028,8859.97,3,149.681,14.75,step
2026-09-01T13:13:06.672505+00:00,96.624,0.0034,0.15,0.0,-0.0007,0.0026,8860.85,3,149.199,14.77,step
2026-09-01T13:13:06.673693+00:00,96.641,0.0033,0.15,0.0,-0.0009,0.0024,8861.9,3,148.711,14.79,step
2026-09-01T13:13:06.674850+00:00,96.658,0.0032,0.15,0.0,-0.0011,0.0022,8863.02,3,148.216,14.81,step
2026-09-01T13:13:06.676034+00:00,96.675,0.0031,0.15,0.0,-0.0013,0.002,8864.28,3,147.721,14.83,step
2026-09-01T13:13:06.677216+00:00,96.692,0.003,0.15,0.0,-0.0015,0.0019,8865.7,3,147.225,14.85,step
2026-09-01T13:13:06.678418+00:00,96.709,0.0029,0.15,0.0,-0.0017,0.0017,8867.24,3,146.728,14.87,step
2026-09-01T13:13:06.679617+00:00,96.725,0.0028,0.15,0.0,-0.0018,0.0015,8868.88,3,146.231,14.89,step
2026-09-01T13:13:06.680810+00:00,96.742,0.0026,0.15,0.0,-0.002,0.0014,8870.61,3,145.733,14.91,step
2026-09-01T13:13:06.682000+00:00,96.759,0.0025,0.15,0.0,-0.0021,0.0012,8872.28,3,145.235,14.93,step
2026-09-01T13:13:06.683181+00:00,96.775,0.0024,0.15,0.0,-0.0022,0.0011,8873.87,3,144.732,14.95,step
2026-09-01T13:13:06.684354+00:00,96.792,0.0023,0.15,0.0,-0.0023,0.0009,8875.42,3,144.223,14.97,step
2026-09-01T13:13:06.685559+00:00,96.809,0.0021,0.15,0.0,-0.0023,0.0008,8876.92,3,143.713,14.99,step
2026-09-01T13:13:06.686744+00:00,96.826,0.002,0.15,0.0,-0.0024,0.0007,8879.11,3,143.202,15.01,step
2026-09-01T13:13:06.687918+00:00,96.843,0.0019,0.15,0.0,-0.0024,0.0006,8880.35,3,142.69,15.03,step
2026-09-01T13:13:06.689096+00:00,96.859,0.0018,0.15,0.0,-0.0025,0.0005,8881.68,3,142.178,15.05,step
2026-09-01T13:13:06.690279+00:00,96.876,0.0017,0.15,0.0,-0.0025,0.0004,8883.05,3,141.666,15.07,step
2026-09-01T13:13:06.691493+00:00,96.893,0.0016,0.15,0.0,-0.0025,0.0003,8884.45,3,141.154,15.09,step
2026-09-01T13:13:06.692672+00:00,96.91,0.0014,0.15,0.0,-0.0025,0.0001,8885.89,3,140.64,15.11,step
2026-09-01T13:13:06.693835+00:00,96.926,0.0014,0.15,0.0,-0.0026,0.0001,8887.36,3,140.121,15.13,step
2026-09-01T13:13:06.695007+00:00,96.943,0.0013,0.15,0.0,-0.0026,-0.0,8888.88,3,139.598,15.15,step
2026-09-01T13:13:06.696201+00:00,96.959,0.0012,0.15,0.0,-0.0026,-0.0001,8890.4,3,139.074,15.17,step
2026-09-01T13:13:06.697371+00:00,96.975,0.0011,0.15,0.0,-0.0026,-0.0001,8891.92,3,138.55,15.19,step
2026-09-01T13:13:06.698559+00:00,96.992,0.0011,0.15,0.0,-0.0026,-0.0002,8893.42,3,138.025,15.21,step
2026-09-01T13:13:06.699733+00:00,97.008,0.001,0.15,0.0,-0.0026,-0.0003,8894.93,3,137.5,15.23,step
2026-09-01T13:13:06.700906+00:00,97.024,0.0009,0.15,0.0,-0.0025,-0.0003,8896.42,3,136.975,15.25,step
2026-09-01T13:13:06.702084+00:00,97.04,0.0008,0.15,0.0,-0.0025,-0.0004,8897.79,3,136.45,15.27,step
2026-09-01T13:13:06.703242+00:00,97.057,0.0007,0.15,0.0,-0.0025,-0.0005,8898.96,3,135.925,15.29,step
2026-09-01T13:13:06.704399+00:00,97.073,0.0006,0.15,0.0,-0.0024,-0.0005,8900.48,3,135.399,15.31,step
2026-09-01T13:13:06.705546+00:00,97.088,0.0005,0.15,0.0,-0.0023,-0.0006,8902.1,3,134.874,15.33,step
2026-09-01T13:13:06.706690+00:00,97.104,0.0004,0.15,0.0,-0.0023,-0.0006,8903.71,3,134.343,15.35,step
2026-09-01T13:13:06.707833+00:00,97.12,0.0004,0.15,0.0,-0.0023,-0.0006,8905.25,3,133.807,15.37,step
2026-09-01T13:13:06.708966+00:00,97.136,0.0003,0.15,0.0,-0.0022,-0.0006,8906.73,3,133.268,15.39,step
2026-09-01T13:13:06.710098+00:00,97.152,0.0003,0.15,0.0,-0.0022,-0.0006,8908.18,3,132.729,15.41,step
2026-09-01T13:13:06.711256+00:00,97.168,0.0003,0.15,0.0,-0.0021,-0.0006,8909.62,3,132.189,15.43,step
2026-09-01T13:13:06.712398+00:00,97.184,0.0002,0.15,0.0,-0.0021,-0.0006,8911.06,3,131.649,15.45,step
2026-09-01T13:13:06.713549+00:00,97.2,0.0002,0.15,0.0,-0.002,-0.0006,8912.52,3,131.109,15.47,step
2026-09-01T13:13:06.714701+00:00,97.216,0.0002,0.15,0.0,-0.0019,-0.0006,8913.97,3,130.57,15.49,step
2026-09-01T13:13:06.715834+00:00,97.232,0.0001,0.15,0.0,-0.0018,-0.0006,8915.42,3,130.03,15.51,step
2026-09-01T13:13:06.716954+00:00,97.248,0.0001,0.15,0.0,-0.0018,-0.0006,8916.87,3,129.489,15.53,step
2026-09-01T13:13:06.718080+00:00,97.263,0.0001,0.15,0.0,-0.0017,-0.0006,8918.78,3,128.949,15.55,step
2026-09-01T13:13:06.719209+00:00,97.279,0.0001,0.15,0.0,-0.0017,-0.0006,8920.11,3,128.408,15.57,step
2026-09-01T13:13:06.720347+00:00,97.296,0.0,0.15,0.0,-0.0017,-0.0006,8921.4,3,127.867,15.59,step
2026-09-01T13:13:06.721515+00:00,97.311,0.0,0.15,0.0,-0.0016,-0.0006,8922.73,3,127.327,15.61,step
2026-09-01T13:13:06.722648+00:00,97.327,-0.0,0.15,0.0,-0.0015,-0.0006,8924.08,3,126.786,15.63,step
2026-09-01T13:13:06.723789+00:00,97.343,-0.0001,0.15,0.0,-0.0015,-0.0006,8925.45,3,126.246,15.65,step
2026-09-01T13:13:06.724948+00:00,97.359,-0.0001,0.15,0.0,-0.0014,-0.0006,8926.84,3,125.705,15.67,step
2026-09-01T13:13:06.726090+00:00,97.374,-0.0001,0.15,0.0,-0.0013,-0.0006,8928.26,3,125.165,15.69,step
2026-09-01T13:13:06.727285+00:00,97.39,-0.0001,0.15,0.0,-0.0013,-0.0006,8929.73,3,124.623,15.71,step
2026-09-01T13:13:06.728468+00:00,97.406,-0.0002,0.15,0.0,-0.0012,-0.0006,8931.26,3,124.082,15.73,step
2026-09-01T13:13:06.729622+00:00,97.422,-0.0002,0.15,0.0,-0.0012,-0.0006,8932.8,3,123.54,15.75,step
2026-09-01T13:13:06.730749+00:00,97.438,-0.0002,0.15,0.0,-0.0011,-0.0006,8934.29,3,122.999,15.77,step
2026-09-01T13:13:06.731907+00:00,97.454,-0.0002,0.15,0.0,-0.0011,-0.0006,8935.75,3,122.458,15.79,step
2026-09-01T13:13:06.733090+00:00,97.47,-0.0003,0.15,0.0,-0.001,-0.0006,8937.17,3,121.916,15.81,step
2026-09-01T13:13:06.734258+00:00,97.486,-0.0003,0.15,0.0,-0.0009,-0.0006,8940.21,3,121.375,15.83,step
2026-09-01T13:13:06.735421+00:00,97.502,-0.0004,0.15,0.0,-0.0008,-0.0006,8941.04,3,120.834,15.85,step
2026-09-01T13:13:06.736584+00:00,97.519,-0.0004,0.15,0.0,-0.0008,-0.0006,8942.08,3,120.292,15.87,step
2026-09-01T13:13:06.737736+00:00,97.535,-0.0004,0.0,0.15,-0.0007,-0.0006,8943.23,3,119.75,15.89,step
2026-09-01T13:13:06.738890+00:00,97.165,-0.0004,0.0,0.15,-0.0007,-0.0006,8760.22,3,119.205,15.91,step
2026-09-01T13:13:06.740052+00:00,96.592,-0.0004,0.0,0.15,-0.0006,-0.0006,8705.33,3,118.657,15.93,step
2026-09-01T13:13:06.741205+00:00,96.02,-0.0003,0.0,0.15,-0.0006,-0.0005,8651.61,3,118.108,15.95,step
2026-09-01T13:13:06.742366+00:00,95.45,-0.0002,0.0,0.15,-0.0005,-0.0004,8599.64,3,117.561,15.97,step
2026-09-01T13:13:06.743541+00:00,94.888,-0.0002,0.0,0.15,-0.0005,-0.0003,8549.08,3,117.017,15.99,step
2026-09-01T13:13:06.744777+00:00,94.269,-0.0001,0.0,0.15,-0.0004,-0.0002,8494.11,3,116.422,16.012,step
2026-09-01T13:13:06.746011+00:00,93.651,0.0,0.0,0.15,-0.0004,-0.0001,8439.33,3,115.831,16.034,step
2026-09-01T13:13:06.747217+00:00,93.036,0.0001,0.0,0.15,-0.0004,-0.0001,8384.78,3,115.244,16.056,step
2026-09-01T13:13:06.748431+00:00,92.423,0.0002,0.0,0.15,-0.0003,0.0,8330.46,3,114.661,16.078,step
2026-09-01T13:13:06.749651+00:00,91.818,0.0003,0.15,0.0,-0.0003,0.0001,8270.68,3,114.083,16.1,step
2026-09-01T13:13:06.750884+00:00,91.652,0.0004,0.15,0.0,-0.0003,0.0002,8410.29,3,113.512,16.122,step
2026-09-01T13:13:06.752102+00:00,91.684,0.0004,0.15,0.0,-0.0003,0.0002,8411.11,3,112.949,16.144,step
2026-09-01T13:13:06.753317+00:00,91.715,0.0004,0.15,0.0,-0.0003,0.0002,8412.07,3,112.387,16.166,step
2026-09-01T13:13:06.754524+00:00,91.746,0.0004,0.15,0.0,-0.0003,0.0002,8413.77,3,111.826,16.188,step
2026-09-01T13:13:06.755733+00:00,91.777,0.0004,0.15,0.0,-0.0003,0.0002,8416.21,3,111.265,16.21,step
2026-09-01T13:13:06.756936+00:00,91.807,0.0004,0.15,0.0,-0.0003,0.0002,8419.19,3,110.705,16.232,step
2026-09-01T13:13:06.758161+00:00,91.837,0.0004,0.15,0.0,-0.0004,0.0002,8422.62,3,110.144,16.254,step
2026-09-01T13:13:06.759397+00:00,91.868,0.0004,0.15,0.0,-0.0004,0.0002,8425.94,3,109.582,16.276,step
2026-09-01T13:13:06.760629+00:00,91.898,0.0004,0.15,0.0,-0.0004,0.0002,8429.14,3,109.021,16.298,step
2026-09-01T13:13:06.761862+00:00,91.93,0.0004,0.15,0.0,-0.0004,0.0002,8432.11,3,108.459,16.32,step
2026-09-01T13:13:06.763080+00:00,91.961,0.0004,0.15,0.0,-0.0004,0.0002,8434.89,3,107.898,16.342,step
2026-09-01T13:13:06.764298+00:00,91.992,0.0005,0.15,0.0,-0.0004,0.0002,8437.56,3,107.335,16.364,step
2026-09-01T13:13:06.765518+00:00,92.023,0.0005,0.0,0.15,-0.0005,0.0002,8442.31,3,106.773,16.386,step
2026-09-01T13:13:06.766733+00:00,91.617,0.0005,0.15,0.0,-0.0005,0.0002,8256.43,3,106.216,16.408,step
2026-09-01T13:13:06.767954+00:00,91.45,0.0004,0.15,0.0,-0.0005,0.0001,8391.08,3,105.662,16.43,step
2026-09-01T13:13:06.769171+00:00,91.483,0.0004,0.15,0.0,-0.0005,0.0001,8392.43,3,105.105,16.452,step
2026-09-01T13:13:06.770388+00:00,91.516,0.0004,0.15,0.0,-0.0005,0.0001,8394.17,3,104.546,16.474,step
2026-09-01T13:13:06.771587+00:00,91.549,0.0004,0.15,0.0,-0.0005,0.0001,8396.25,3,103.987,16.496,step
2026-09-01T13:13:06.772792+00:00,91.581,0.0004,0.15,0.0,-0.0006,0.0001,8398.78,3,103.427,16.518,step
2026-09-01T13:13:06.774025+00:00,91.613,0.0005,0.15,0.0,-0.0006,0.0001,8401.7,3,102.867,16.54,step
2026-09-01T13:13:06.775245+00:00,91.645,0.0005,0.15,0.0,-0.0006,0.0001,8404.92,3,102.308,16.562,step
2026-09-01T13:13:06.776472+00:00,91.678,0.0004,0.15,0.0,-0.0006,0.0001,8408.56,3,101.748,16.584,step
2026-09-01T13:13:06.777707+00:00,91.711,0.0005,0.15,0.0,-0.0006,0.0001,8412.05,3,101.187,16.606,step
2026-09-01T13:13:06.778915+00:00,91.745,0.0005,0.15,0.0,-0.0006,0.0001,8415.26,3,100.626,16.628,step
2026-09-01T13:13:06.780117+00:00,91.779,0.0005,0.15,0.0,-0.0006,0.0001,8418.23,3,100.065,16.65,step
2026-09-01T13:13:06.781348+00:00,91.813,0.0005,0.15,0.0,-0.0006,0.0001,8421.1,3,99.5049,16.672,step
2026-09-01T13:13:06.782568+00:00,91.844,0.0005,0.15,0.0,-0.0007,0.0001,8428.67,3,98.9433,16.694,step
2026-09-01T13:13:06.783765+00:00,91.88,0.0005,0.15,0.0,-0.0007,0.0001,8429.48,3,98.3817,16.716,step
2026-09-01T13:13:06.784981+00:00,91.915,0.0005,0.15,0.0,-0.0007,0.0001,8431.39,3,97.8242,16.738,step
2026-09-01T13:13:06.786195+00:00,91.95,0.0004,0.15,0.0,-0.0007,0.0001,8433.46,3,97.267,16.76,step
2026-09-01T13:13:06.787409+00:00,91.984,0.0004,0.15,0.0,-0.0007,0.0001,8435.87,3,96.7061,16.782,step
2026-09-01T13:13:06.788619+00:00,92.017,0.0004,0.0,0.15,-0.0007,0.0001,8438.62,3,96.1442,16.804,step
2026-09-01T13:13:06.789860+00:00,91.606,0.0004,0.15,0.0,-0.0007,0.0,8264.31,3,95.5858,16.826,step
2026-09-01T13:13:06.791080+00:00,91.446,0.0004,0.15,0.0,-0.0008,0.0,8388.75,3,95.0308,16.848,step
2026-09-01T13:13:06.792305+00:00,91.482,0.0004,0.15,0.0,-0.0008,0.0,8391.43,3,94.4728,16.87,step
2026-09-01T13:13:06.793533+00:00,91.518,0.0004,0.15,0.0,-0.0008,0.0,8394.47,3,93.9142,16.892,step
2026-09-01T13:13:06.794746+00:00,91.554,0.0004,0.15,0.0,-0.0007,0.0,8397.64,3,93.3551,16.914,step
2026-09-01T13:13:06.795955+00:00,91.591,0.0004,0.15,0.0,-0.0008,0.0,8400.85,3,92.7951,16.936,step
2026-09-01T13:13:06.797160+00:00,91.627,0.0004,0.15,0.0,-0.0008,0.0,8404.02,3,92.2351,16.958,step
2026-09-01T13:13:06.798383+00:00,91.661,0.0004,0.15,0.0,-0.0008,0.0,8413.32,3,91.6753,16.98,step
2026-09-01T13:13:06.799583+00:00,91.7,0.0004,0.15,0.0,-0.0008,0.0,8413.93,3,91.1151,17.002,step
2026-09-01T13:13:06.800781+00:00,91.738,0.0004,0.15,0.0,-0.0008,0.0,8415.71,3,90.5543,17.024,step
2026-09-01T13:13:06.801968+00:00,91.776,0.0004,0.15,0.0,-0.0008,0.0,8417.83,3,89.9935,17.046,step
2026-09-01T13:13:06.803164+00:00,91.813,0.0004,0.15,0.0,-0.0008,0.0,8420.27,3,89.4329,17.068,step
2026-09-01T13:13:06.804359+00:00,91.849,0.0004,0.15,0.0,-0.0008,0.0,8423.14,3,88.8716,17.09,step
2026-09-01T13:13:06.805547+00:00,91.885,0.0004,0.15,0.0,-0.0008,0.0,8426.38,3,88.3099,17.112,step
2026-09-01T13:13:06.806756+00:00,91.921,0.0004,0.15,0.0,-0.0008,0.0,8429.87,3,87.7484,17.134,step
2026-09-01T13:13:06.807978+00:00,91.957,0.0004,0.15,0.0,-0.0008,0.0,8433.74,3,87.1869,17.156,step
2026-09-01T13:13:06.809196+00:00,91.994,0.0004,0.15,0.0,-0.0008,0.0,8437.59,3,86.6245,17.178,step
2026-09-01T13:13:06.810406+00:00,92.031,0.0004,0.0,0.15,-0.0008,0.0,8441.18,3,86.0621,17.2,step
2026-09-01T13:13:06.811615+00:00,91.63,0.0004,0.15,0.0,-0.0008,0.0,8263.31,3,85.4975,17.222,step
2026-09-01T13:13:06.812814+00:00,91.469,0.0005,0.15,0.0,-0.0008,0.0001,8391.58,3,84.9341,17.244,step
2026-09-01T13:13:06.814009+00:00,91.506,0.0005,0.15,0.0,-0.0008,0.0001,8398.5,3,84.3739,17.266,step
2026-09-01T13:13:06.815207+00:00,91.546,0.0005,0.15,0.0,-0.0008,0.0001,8399.39,3,83.8144,17.288,step
2026-09-01T13:13:06.816395+00:00,91.586,0.0005,0.15,0.0,-0.0008,0.0001,8401.51,3,83.2542,17.31,step
2026-09-01T13:13:06.817583+00:00,91.626,0.0005,0.15,0.0,-0.0008,0.0001,8403.86,3,82.6943,17.332,step
2026-09-01T13:13:06.818771+00:00,91.665,0.0005,0.15,0.0,-0.0008,0.0001,8406.59,3,82.1379,17.354,step
2026-09-01T13:13:06.819963+00:00,91.703,0.0004,0.15,0.0,-0.0008,0.0,8409.77,3,81.581,17.376,step
2026-09-01T13:13:06.821136+00:00,91.741,0.0004,0.15,0.0,-0.0008,0.0,8413.3,3,81.0214,17.398,step
2026-09-01T13:13:06.822314+00:00,91.779,0.0004,0.15,0.0,-0.0008,0.0,8417.1,3,80.4612,17.42,step
2026-09-01T13:13:06.823535+00:00,91.817,0.0004,0.15,0.0,-0.0008,0.0,8421.03,3,79.9007,17.442,step
2026-09-01T13:13:06.824723+00:00,91.856,0.0004,0.15,0.0,-0.0008,0.0,8424.85,3,79.3392,17.464,step
2026-09-01T13:13:06.825894+00:00,91.894,0.0004,0.15,0.0,-0.0008,0.0,8428.45,3,78.7776,17.486,step
2026-09-01T13:13:06.827059+00:00,91.933,0.0004,0.15,0.0,-0.0008,0.0,8431.93,3,78.2161,17.508,step
2026-09-01T13:13:06.828222+00:00,91.971,0.0004,0.15,0.0,-0.0008,0.0,8435.38,3,77.6543,17.53,step
2026-09-01T13:13:06.829383+00:00,92.009,0.0004,0.0,0.15,-0.0008,0.0,8440.49,3,77.0918,17.552,step
2026-09-01T13:13:06.830549+00:00,91.607,0.0005,0.15,0.0,-0.0008,0.0,8260.07,3,76.5277,17.574,step
2026-09-01T13:13:06.831705+00:00,91.45,0.0005,0.15,0.0,-0.0008,0.0001,8389.79,3,75.9648,17.596,step
2026-09-01T13:13:06.832857+00:00,91.49,0.0005,0.15,0.0,-0.0008,0.0001,8392.24,3,75.4079,17.618,step
2026-09-01T13:13:06.834012+00:00,91.529,0.0004,0.15,0.0,-0.0008,0.0,8395.08,3,74.8518,17.64,step
2026-09-01T13:13:06.835179+00:00,91.569,0.0004,0.15,0.0,-0.0008,0.0,8398.13,3,74.2933,17.662,step
2026-09-01T13:13:06.836330+00:00,91.608,0.0004,0.15,0.0,-0.0008,0.0,8401.44,3,73.7338,17.684,step
2026-09-01T13:13:06.837493+00:00,91.647,0.0004,0.15,0.0,-0.0008,0.0,8405.01,3,73.1741,17.706,step
2026-09-01T13:13:06.838672+00:00,91.687,0.0004,0.15,0.0,-0.0008,0.0,8408.83,3,72.6143,17.728,step
2026-09-01T13:13:06.839827+00:00,91.726,0.0004,0.15,0.0,-0.0008,0.0,8412.83,3,72.0535,17.75,step
2026-09-01T13:13:06.841004+00:00,91.765,0.0004,0.15,0.0,-0.0009,0.0,8416.61,3,71.4928,17.772,step
2026-09-01T13:13:06.842188+00:00,91.805,0.0004,0.15,0.0,-0.0008,0.0,8420.24,3,70.9321,17.794,step
2026-09-01T13:13:06.843370+00:00,91.844,0.0004,0.15,0.0,-0.0008,0.0,8423.81,3,70.3709,17.816,step
2026-09-01T13:13:06.844536+00:00,91.883,0.0004,0.15,0.0,-0.0009,0.0,8428.85,3,69.8092,17.838,step
2026-09-01T13:13:06.845720+00:00,91.923,0.0004,0.15,0.0,-0.0009,0.0,8431.72,3,69.2477,17.86,step
2026-09-01T13:13:06.846890+00:00,91.963,0.0004,0.15,0.0,-0.0008,0.0,8434.88,3,68.6862,17.882,step
2026-09-01T13:13:06.848041+00:00,92.002,0.0004,0.0,0.15,-0.0009,0.0,8438.13,3,68.1237,17.904,step
2026-09-01T13:13:06.849216+00:00,91.598,0.0005,0.15,0.0,-0.0009,0.0,8262.22,3,67.5599,17.926,step
2026-09-01T13:13:06.850396+00:00,91.443,0.0005,0.15,0.0,-0.0009,0.0001,8388.47,3,66.9975,17.948,step
2026-09-01T13:13:06.851570+00:00,91.484,0.0005,0.15,0.0,-0.0009,0.0,8391.26,3,66.4403,17.97,step
2026-09-01T13:13:06.852749+00:00,91.524,0.0004,0.15,0.0,-0.0009,0.0,8394.48,3,65.8866,17.992,step
2026-09-01T13:13:06.853955+00:00,91.564,0.0004,0.15,0.0,-0.0009,-0.0,8397.86,3,65.331,18.014,step
2026-09-01T13:13:06.855156+00:00,91.604,0.0004,0.15,0.0,-0.0009,-0.0,8401.42,3,64.7724,18.036,step
2026-09-01T13:13:06.856342+00:00,91.645,0.0004,0.15,0.0,-0.0009,-0.0001,8405.13,3,64.2131,18.058,step
2026-09-01T13:13:06.857515+00:00,91.685,0.0004,0.15,0.0,-0.0008,-0.0001,8408.94,3,63.6535,18.08,step
2026-09-01T13:13:06.858710+00:00,91.725,0.0004,0.15,0.0,-0.0008,-0.0001,8412.78,3,63.0927,18.102,step
2026-09-01T13:13:06.859873+00:00,91.765,0.0004,0.15,0.0,-0.0008,-0.0001,8417.87,3,62.532,18.124,step
2026-09-01T13:13:06.861041+00:00,91.806,0.0003,0.15,0.0,-0.0008,-0.0001,8420.93,3,61.9713,18.146,step
2026-09-01T13:13:06.862221+00:00,91.846,0.0003,0.15,0.0,-0.0008,-0.0001,8424.23,3,61.4101,18.168,step
2026-09-01T13:13:06.863391+00:00,91.886,0.0004,0.15,0.0,-0.0008,-0.0001,8427.58,3,60.8484,18.19,step
2026-09-01T13:13:06.864558+00:00,91.927,0.0003,0.15,0.0,-0.0008,-0.0001,8430.97,3,60.2868,18.212,step
2026-09-01T13:13:06.865724+00:00,91.966,0.0003,0.0,0.15,-0.0008,-0.0001,8434.46,3,59.7253,18.234,step
2026-09-01T13:13:06.866913+00:00,91.562,0.0004,0.0,0.15,-0.0008,-0.0,8259.02,3,59.1625,18.256,step
2026-09-01T13:13:06.868112+00:00,90.965,0.0004,0.0,0.15,-0.0008,0.0,8201.97,3,58.6,18.278,step
2026-09-01T13:13:06.869313+00:00,90.371,0.0005,0.0,0.15,-0.0008,0.0001,8146.67,3,58.0399,18.3,step
2026-09-01T13:13:06.870517+00:00,89.777,0.0006,0.0,0.15,-0.0008,0.0002,8092.97,3,57.4831,18.322,step
2026-09-01T13:13:06.871707+00:00,89.187,0.0006,0.0,0.15,-0.0008,0.0002,8040.43,3,56.9323,18.344,step
2026-09-01T13:13:06.872885+00:00,88.6,0.0007,0.0,0.15,-0.0008,0.0002,7988.51,3,56.3877,18.366,step
2026-09-01T13:13:06.874064+00:00,88.015,0.0007,0.0,0.15,-0.0008,0.0002,7936.76,3,55.8476,18.388,step
2026-09-01T13:13:06.875278+00:00,87.435,0.0007,0.0,0.15,-0.0008,0.0002,7882.26,3,55.3116,18.41,step
2026-09-01T13:13:06.876450+00:00,86.855,0.0007,0.0,0.15,-0.0008,0.0002,7831.78,3,54.7793,18.432,step
2026-09-01T13:13:06.877615+00:00,86.277,0.0007,0.0,0.15,-0.0008,0.0002,7781.03,3,54.2507,18.454,step
2026-09-01T13:13:06.878776+00:00,85.702,0.0007,0.0,0.15,-0.0008,0.0002,7730.02,3,53.7258,18.476,step
2026-09-01T13:13:06.879951+00:00,85.128,0.0007,0.0,0.15,-0.0008,0.0002,7678.98,3,53.2044,18.498,step
2026-09-01T13:13:06.881124+00:00,84.556,0.0007,0.0,0.15,-0.0008,0.0002,7627.89,3,52.6867,18.52,step
2026-09-01T13:13:06.882310+00:00,83.986,0.0007,0.0,0.15,-0.0008,0.0002,7576.73,3,52.1726,18.542,step
2026-09-01T13:13:06.883471+00:00,83.418,0.0007,0.0,0.15,-0.0008,0.0002,7525.73,3,51.6621,18.564,step
2026-09-01T13:13:06.884670+00:00,82.853,0.0006,0.0,0.15,-0.0008,0.0002,7475.0,3,51.1552,18.586,step
2026-09-01T13:13:06.885870+00:00,82.29,0.0006,0.0,0.15,-0.0008,0.0002,7424.45,3,50.6518,18.608,step
2026-09-01T13:13:06.887067+00:00,81.728,0.0006,0.0,0.15,-0.0008,0.0002,7374.03,3,50.152,18.63,step
2026-09-01T13:13:06.888248+00:00,81.167,0.0006,0.0,0.15,-0.0008,0.0002,7323.78,3,49.6556,18.652,step
2026-09-01T13:13:06.889425+00:00,80.609,0.0006,0.0,0.15,-0.0008,0.0001,7273.77,3,49.1628,18.674,step
2026-09-01T13:13:06.890615+00:00,80.052,0.0006,0.0,0.15,-0.0008,0.0001,7223.93,3,48.6733,18.696,step
2026-09-01T13:13:06.891811+00:00,79.499,0.0005,0.0,0.15,-0.0008,0.0001,7172.1,2,48.1875,18.718,step
2026-09-01T13:13:06.892986+00:00,78.967,0.0005,0.0,0.15,-0.0008,0.0001,9014.08,2,47.7055,18.74,step
2026-09-01T13:13:06.894170+00:00,78.45,0.0005,0.0,0.15,-0.0008,0.0,8990.81,2,47.2282,18.762,step
2026-09-01T13:13:06.895323+00:00,77.889,0.0004,0.0,0.15,-0.0008,-0.0,8824.41,2,46.7537,18.784,step
2026-09-01T13:13:06.896489+00:00,77.274,0.0003,0.0,0.15,-0.0008,-0.0001,8754.73,2,46.2856,18.806,step
2026-09-01T13:13:06.897658+00:00,76.662,0.0002,0.0,0.15,-0.0008,-0.0002,8686.11,2,45.8227,18.828,step
2026-09-01T13:13:06.898830+00:00,76.054,0.0001,0.0,0.15,-0.0008,-0.0003,8618.08,2,45.3636,18.85,step
2026-09-01T13:13:06.900004+00:00,75.449,0.1999,0.0,0.15,-0.0008,-0.0004,8550.61,2,44.9083,18.872,step
2026-09-01T13:13:06.901182+00:00,74.856,0.1967,0.0,0.15,-0.0006,-0.003,8484.01,2,44.6358,18.894,step
2026-09-01T13:13:06.902374+00:00,74.214,0.1877,0.0,0.15,0.0004,-0.01,8409.68,2,44.6837,18.916,step
2026-09-01T13:13:06.903551+00:00,73.593,0.1761,0.0,0.15,0.002,-0.0191,8336.73,2,44.8661,18.938,step
2026-09-01T13:13:06.904736+00:00,72.986,-0.0366,0.0,0.15,0.0042,-0.0287,8267.13,2,45.0777,18.96,step
2026-09-01T13:13:06.905923+00:00,72.405,-0.0459,0.0,0.15,0.0068,-0.0354,8205.03,2,45.0884,18.982,step
2026-09-01T13:13:06.907098+00:00,71.801,0.1516,0.0,0.15,0.0092,-0.0365,8142.81,2,44.716,19.004,step
2026-09-01T13:13:06.908287+00:00,71.223,0.1487,0.0,0.15,0.0118,-0.0379,8078.64,2,44.3677,19.026,step
2026-09-01T13:13:06.909467+00:00,70.61,0.1409,0.0,0.15,0.0149,-0.043,8008.51,2,44.2732,19.048,step
2026-09-01T13:13:06.910652+00:00,70.017,0.131,0.0,0.15,0.0185,-0.0498,7938.0,2,44.2779,19.07,step
2026-09-01T13:13:06.911828+00:00,69.434,0.1205,0.0,0.15,0.0227,-0.0568,7873.53,2,44.298,19.092,step
2026-09-01T13:13:06.912973+00:00,68.857,0.1102,0.0,0.15,0.0272,-0.0635,7810.02,2,44.2974,19.114,step
2026-09-01T13:13:06.914116+00:00,68.284,0.1003,0.0,0.15,0.0321,-0.0697,7747.02,2,44.2634,19.136,step
2026-09-01T13:13:06.915275+00:00,67.714,0.0909,0.0,0.15,0.0374,-0.0753,7684.22,2,44.1933,19.158,step
2026-09-01T13:13:06.916438+00:00,67.148,0.082,0.0,0.15,0.043,-0.0804,7621.5,2,44.0897,19.18,step
2026-09-01T13:13:06.917590+00:00,66.585,0.0736,0.0,0.15,0.0488,-0.085,7558.83,2,43.9553,19.202,step
2026-09-01T13:13:06.918733+00:00,66.025,0.0657,0.0,0.15,0.0549,-0.0891,7496.41,2,43.7931,19.224,step
2026-09-01T13:13:06.919887+00:00,65.468,0.0582,0.0,0.15,0.0611,-0.0927,7434.14,2,43.6057,19.246,step
2026-09-01T13:13:06.921053+00:00,64.914,0.0511,0.0,0.15,0.0676,-0.0959,7372.19,2,43.3945,19.268,step
2026-09-01T13:13:06.922222+00:00,64.363,0.0444,0.0,0.15,0.0741,-0.0987,7310.48,2,43.1617,19.29,step
2026-09-01T13:13:06.923389+00:00,63.815,0.0382,0.0,0.15,0.0808,-0.1012,7249.06,2,42.9091,19.312,step
2026-09-01T13:13:06.924620+00:00,63.269,0.0323,0.0,0.15,0.0875,-0.1033,7187.79,2,42.6392,19.334,step
2026-09-01T13:13:06.925841+00:00,62.724,0.0268,0.0,0.15,0.0943,-0.1051,7126.7,2,42.3539,19.356,step
2026-09-01T13:13:06.927045+00:00,62.183,0.0216,0.0,0.15,0.1011,-0.1065,7066.0,2,42.0555,19.378,step
2026-09-01T13:13:06.928253+00:00,61.643,0.0167,0.0,0.15,0.1079,-0.1078,7005.4,2,41.7456,19.4,step
2026-09-01T13:13:06.929435+00:00,61.106,0.0121,0.0,0.15,0.1147,-0.1088,6945.06,2,41.4249,19.422,step
2026-09-01T13:13:06.930611+00:00,60.571,0.0078,0.0,0.15,0.1215,-0.1095,6885.0,2,41.0938,19.444,step
2026-09-01T13:13:06.931805+00:00,60.04,0.0038,0.0,0.15,0.1283,-0.1101,6823.66,2,40.7541,19.466,step
2026-09-01T13:13:06.933038+00:00,59.509,0.0,0.0,0.15,0.135,-0.1104,6764.51,2,40.407,19.488,step
2026-09-01T13:13:06.934238+00:00,58.98,-0.0035,0.0,0.15,0.1417,-0.1106,6705.52,2,40.0533,19.51,step
2026-09-01T13:13:06.935428+00:00,58.454,-0.0068,0.0,0.15,0.1482,-0.1105,6646.46,2,39.6933,19.532,step
2026-09-01T13:13:06.936617+00:00,57.929,-0.0098,0.0,0.15,0.1547,-0.1104,6587.53,2,39.3283,19.554,step
2026-09-01T13:13:06.937794+00:00,57.407,-0.0126,0.0,0.15,0.1612,-0.11,6528.63,2,38.9588,19.576,step
2026-09-01T13:13:06.938964+00:00,56.886,-0.0152,0.0,0.15,0.1675,-0.1095,6469.87,2,38.585,19.598,step
2026-09-01T13:13:06.940133+00:00,56.367,-0.0176,0.0,0.15,0.1737,-0.109,6411.29,2,38.2091,19.62,step
2026-09-01T13:13:06.941325+00:00,55.849,-0.0198,0.0,0.15,0.1798,-0.1083,6352.88,2,37.8313,19.642,step
2026-09-01T13:13:06.942536+00:00,55.334,-0.0219,0.0,0.15,0.1858,-0.1075,6294.71,2,37.4524,19.664,step
2026-09-01T13:13:06.943733+00:00,54.82,-0.0238,0.0,0.15,0.1917,-0.1066,6236.68,2,37.073,19.686,step
2026-09-01T13:13:06.944924+00:00,54.308,-0.0255,0.0,0.15,0.1975,-0.1056,6178.85,2,36.6935,19.708,step
2026-09-01T13:13:06.946143+00:00,53.798,-0.0271,0.0,0.15,0.2032,-0.1046,6121.2,2,36.3142,19.73,step
2026-09-01T13:13:06.947349+00:00,53.29,-0.0286,0.0,0.15,0.2087,-0.1036,6063.76,2,35.936,19.752,step
2026-09-01T13:13:06.948544+00:00,52.783,-0.03,0.0,0.15,0.2141,-0.1025,6006.43,2,35.559,19.774,step
2026-09-01T13:13:06.949760+00:00,52.277,-0.0313,0.0,0.15,0.2195,-0.1013,5949.28,2,35.1834,19.796,step
2026-09-01T13:13:06.950984+00:00,51.773,-0.0324,0.0,0.15,0.2246,-0.1001,5892.28,2,34.81,19.818,step
2026-09-01T13:13:06.952191+00:00,51.271,-0.0335,0.0,0.15,0.2297,-0.0989,5835.49,2,34.439,19.84,step
2026-09-01T13:13:06.953392+00:00,50.77,-0.0345,0.0,0.15,0.2346,-0.0976,5778.86,2,34.0694,19.862,step
2026-09-01T13:13:06.954599+00:00,50.271,-0.0353,0.0,0.15,0.2395,-0.0963,5722.36,2,33.7025,19.884,step
2026-09-01T13:13:06.955782+00:00,49.773,-0.0361,0.0,0.15,0.2442,-0.095,5666.02,1,33.3387,19.906,step
2026-09-01T13:13:06.956989+00:00,49.283,-0.0368,0.0,0.15,0.2487,-0.0937,7601.91,1,32.9775,19.928,step
2026-09-01T13:13:06.958178+00:00,48.798,-0.0375,0.0,0.15,0.2532,-0.0924,7589.75,1,32.619,19.95,step
2026-09-01T13:13:06.959371+00:00,48.278,-0.038,0.0,0.15,0.2575,-0.0911,7359.24,1,32.2635,19.972,step
2026-09-01T13:13:06.960546+00:00,47.728,-0.0385,0.0,0.15,0.2618,-0.0897,7276.87,1,31.9101,19.994,step
2026-09-01T13:13:06.961744+00:00,47.182,-0.0389,0.0,0.15,0.2659,-0.0883,7195.2,1,31.5604,20.016,step
2026-09-01T13:13:06.962930+00:00,46.639,-0.0392,0.0,0.15,0.2699,-0.0869,7114.05,1,31.2143,20.038,step
2026-09-01T13:13:06.964180+00:00,46.1,-0.0394,0.0,0.15,0.2737,-0.0855,7033.42,1,30.8723,20.06,step
2026-09-01T13:13:06.965405+00:00,45.565,-0.0397,0.0,0.15,0.2775,-0.0841,6953.24,1,30.5349,20.082,step
2026-09-01T13:13:06.966598+00:00,45.033,-0.0399,0.0,0.15,0.2812,-0.0827,6873.38,1,30.2013,20.104,step
2026-09-01T13:13:06.967807+00:00,44.504,-0.04,0.0,0.15,0.2847,-0.0814,6794.02,1,29.8716,20.126,step
2026-09-01T13:13:06.969018+00:00,43.978,-0.0401,0.0,0.15,0.2881,-0.08,6715.0,1,29.5465,20.148,step
2026-09-01T13:13:06.970234+00:00,43.455,-0.0401,0.0,0.15,0.2915,-0.0787,6636.37,1,29.2258,20.17,step
2026-09-01T13:13:06.971421+00:00,42.936,-0.0402,0.0,0.15,0.2947,-0.0773,6558.18,1,28.9097,20.192,step
2026-09-01T13:13:06.972616+00:00,42.419,-0.0402,0.0,0.15,0.2978,-0.0761,6480.34,1,28.5978,20.214,step
2026-09-01T13:13:06.973831+00:00,41.905,-0.0402,0.15,0.0,0.3009,-0.0748,6402.9,1,28.2903,20.236,step
2026-09-01T13:13:06.975061+00:00,41.937,-0.0402,0.15,0.0,0.3039,-0.0736,6561.55,1,27.9881,20.258,step
2026-09-01T13:13:06.976269+00:00,42.098,-0.0403,0.0,0.15,0.3068,-0.0724,6583.3,1,27.6879,20.28,step
2026-09-01T13:13:06.977497+00:00,41.708,-0.0404,0.15,0.0,0.3096,-0.0713,6378.82,1,27.3874,20.302,step
2026-09-01T13:13:06.978739+00:00,41.735,-0.0404,0.15,0.0,0.3124,-0.0701,6527.14,1,27.0897,20.324,step
2026-09-01T13:13:06.979980+00:00,41.896,-0.0405,0.15,0.0,0.3152,-0.0691,6551.52,1,26.7933,20.346,step
2026-09-01T13:13:06.981205+00:00,42.056,-0.0405,0.0,0.15,0.3179,-0.068,6576.22,1,26.4965,20.368,step
2026-09-01T13:13:06.982470+00:00,41.664,-0.0404,0.15,0.0,0.3206,-0.0668,6370.33,1,26.1979,20.39,step
2026-09-01T13:13:06.983686+00:00,41.692,-0.0404,0.15,0.0,0.3232,-0.0656,6522.62,1,25.9015,20.412,step
2026-09-01T13:13:06.984931+00:00,41.853,-0.033,0.15,0.0,0.3256,-0.0585,6546.25,1,25.6062,20.434,step
2026-09-01T13:13:06.986188+00:00,42.015,-0.0229,0.0,0.15,0.3277,-0.0492,6570.35,1,25.3148,20.456,step
2026-09-01T13:13:06.987464+00:00,41.621,-0.0128,0.15,0.0,0.3295,-0.04,6363.95,1,25.0309,20.478,step
2026-09-01T13:13:06.988718+00:00,41.657,-0.003,0.15,0.0,0.3308,-0.0313,6515.96,1,24.7592,20.5,step
2026-09-01T13:13:06.989986+00:00,41.819,0.0067,0.0,0.15,0.3319,-0.0228,6539.63,1,24.497,20.522,step
2026-09-01T13:13:06.991268+00:00,41.429,0.0162,0.0,0.15,0.3327,-0.0145,6329.46,1,24.2441,20.544,step
2026-09-01T13:13:06.992540+00:00,40.92,0.0254,0.15,0.0,0.3332,-0.0067,6251.46,1,24.0037,20.566,step
2026-09-01T13:13:06.993794+00:00,40.968,0.0343,0.0,0.15,0.3333,0.0008,6410.27,1,23.7744,20.588,step
2026-09-01T13:13:06.995087+00:00,40.578,0.043,0.0,0.15,0.3333,0.0081,6204.2,1,23.5535,20.61,step
2026-09-01T13:13:06.996396+00:00,40.074,0.0514,0.0,0.15,0.333,0.0149,6126.99,1,23.345,20.632,step
2026-09-01T13:13:06.997686+00:00,39.572,0.0595,0.0,0.15,0.3324,0.0214,6050.51,1,23.1475,20.654,step
2026-09-01T13:13:06.998974+00:00,39.074,0.0673,0.15,0.0,0.3317,0.0276,5974.86,1,22.9599,20.676,step
2026-09-01T13:13:07.000269+00:00,39.141,0.0749,0.0,0.15,0.3307,0.0336,6122.24,1,22.7778,20.698,step
2026-09-01T13:13:07.001565+00:00,38.751,0.0824,0.0,0.15,0.3296,0.0394,5928.87,1,22.6018,20.72,step
2026-09-01T13:13:07.002878+00:00,38.256,0.0896,0.15,0.0,0.3283,0.0448,5853.26,1,22.4365,20.742,step
2026-09-01T13:13:07.004142+00:00,38.328,0.0966,0.0,0.15,0.3269,0.05,5993.83,1,22.2756,20.764,step
2026-09-01T13:13:07.005456+00:00,37.94,0.1033,0.0,0.15,0.3253,0.055,5805.9,1,22.12,20.786,step
2026-09-01T13:13:07.006722+00:00,37.448,0.1098,0.15,0.0,0.3235,0.0596,5729.77,1,21.9746,20.808,step
2026-09-01T13:13:07.007978+00:00,37.525,0.1161,0.0,0.15,0.3217,0.0641,5868.31,1,21.8324,20.83,step
2026-09-01T13:13:07.009224+00:00,37.138,0.1224,0.0,0.15,0.3197,0.0685,5683.59,1,21.6942,20.852,step
2026-09-01T13:13:07.010504+00:00,36.648,0.1282,0.15,0.0,0.3176,0.0725,5608.19,1,21.5662,20.874,step
2026-09-01T13:13:07.011765+00:00,36.73,0.134,0.0,0.15,0.3154,0.0764,5744.54,1,21.4402,20.896,step
2026-09-01T13:13:07.013045+00:00,36.344,0.1397,0.15,0.0,0.3131,0.0802,5562.79,1,21.3176,20.918,step
2026-09-01T13:13:07.014313+00:00,36.427,0.1453,0.0,0.15,0.3107,0.0839,5695.96,1,21.1995,20.94,step
2026-09-01T13:13:07.015598+00:00,36.041,0.1507,0.0,0.15,0.3082,0.0874,5517.65,1,21.0849,20.962,step
2026-09-01T13:13:07.016911+00:00,35.556,0.1558,0.15,0.0,0.3057,0.0905,5442.67,1,20.9803,20.984,step
2026-09-01T13:13:07.018186+00:00,35.644,0.1608,0.0,0.15,0.3031,0.0936,5573.53,1,20.876,21.006,step
2026-09-01T13:13:07.019494+00:00,35.258,0.1658,0.15,0.0,0.3003,0.0967,5397.91,1,20.7746,21.028,step
2026-09-01T13:13:07.020782+00:00,35.346,0.1706,0.0,0.15,0.2976,0.0995,5526.36,1,20.6767,21.05,step
2026-09-01T13:13:07.022064+00:00,34.96,0.1753,0.15,0.0,0.2948,0.1023,5353.15,1,20.5821,21.072,step
2026-09-01T13:13:07.023352+00:00,35.051,0.1799,0.0,0.15,0.2919,0.1049,5479.84,1,20.4904,21.094,step
2026-09-01T13:13:07.024648+00:00,34.665,0.1844,0.15,0.0,0.2889,0.1074,5308.02,1,20.4018,21.116,step
2026-09-01T13:13:07.025895+00:00,34.757,0.1887,0.0,0.15,0.2859,0.1097,5433.85,1,20.3163,21.138,step
2026-09-01T13:13:07.027155+00:00,34.371,0.1928,0.15,0.0,0.2829,0.1119,5263.04,1,20.2339,21.16,step
2026-09-01T13:13:07.028392+00:00,34.465,0.1969,0.0,0.15,0.2798,0.114,5388.11,1,20.1544,21.182,step
2026-09-01T13:13:07.029633+00:00,34.078,0.2008,0.15,0.0,0.2767,0.1159,5235.99,1,20.078,21.204,step
2026-09-01T13:13:07.030884+00:00,34.174,0.2046,0.0,0.15,0.2735,0.1178,5342.51,1,20.0038,21.226,step
2026-09-01T13:13:07.032159+00:00,33.787,0.2083,0.15,0.0,0.2703,0.1195,5235.99,1,19.9328,21.248,step
2026-09-01T13:13:07.033414+00:00,33.884,0.2119,0.15,0.0,0.2671,0.1212,5297.56,1,19.8635,21.27,step
2026-09-01T13:13:07.034646+00:00,34.032,0.2157,0.0,0.15,0.2638,0.123,5319.11,1,19.7905,21.292,step
2026-09-01T13:13:07.035923+00:00,33.646,0.2191,0.15,0.0,0.2605,0.1245,5235.99,1,19.7251,21.314,step
2026-09-01T13:13:07.037197+00:00,33.743,0.2225,0.0,0.15,0.2572,0.1259,5274.96,1,19.6621,21.336,step
2026-09-01T13:13:07.038487+00:00,33.356,0.2257,0.15,0.0,0.2539,0.1272,5235.99,1,19.6015,21.358,step
2026-09-01T13:13:07.039770+00:00,33.454,0.2289,0.0,0.15,0.2505,0.1284,5235.99,1,19.5434,21.38,step
2026-09-01T13:13:07.041060+00:00,33.065,0.2319,0.15,0.0,0.2472,0.1296,5235.99,1,19.4881,21.402,step
2026-09-01T13:13:07.042338+00:00,33.166,0.2348,0.15,0.0,0.2438,0.1306,5235.99,1,19.4348,21.424,step
2026-09-01T13:13:07.043634+00:00,33.313,0.238,0.0,0.15,0.2404,0.1318,5235.99,1,19.3762,21.446,step
2026-09-01T13:13:07.044924+00:00,32.924,0.2408,0.15,0.0,0.237,0.1328,5235.99,1,19.3255,21.468,step
2026-09-01T13:13:07.046216+00:00,33.025,0.2436,0.0,0.15,0.2336,0.1336,5235.99,1,19.2765,21.49,step
2026-09-01T13:13:07.047500+00:00,32.635,0.2462,0.15,0.0,0.2302,0.1344,5235.99,1,19.2307,21.512,step
2026-09-01T13:13:07.048737+00:00,32.738,0.2486,0.15,0.0,0.2268,0.1351,5235.99,1,19.1865,21.534,step
2026-09-01T13:13:07.049964+00:00,32.884,0.2514,0.0,0.15,0.2234,0.1359,5235.99,1,19.1363,21.556,step
2026-09-01T13:13:07.051201+00:00,32.495,0.2537,0.15,0.0,0.22,0.1364,5235.99,1,19.0943,21.578,step
2026-09-01T13:13:07.052438+00:00,32.598,0.256,0.0,0.15,0.2166,0.1369,5235.99,1,19.0541,21.6,step
2026-09-01T13:13:07.053699+00:00,32.207,0.2581,0.15,0.0,0.2132,0.1373,5235.99,1,19.0164,21.622,step
2026-09-01T13:13:07.054942+00:00,32.313,0.2602,0.15,0.0,0.2098,0.1376,5235.99,1,18.98,21.644,step
2026-09-01T13:13:07.056185+00:00,32.458,0.2626,0.0,0.15,0.2064,0.1382,5235.99,1,18.9375,21.666,step
2026-09-01T13:13:07.057409+00:00,32.067,0.2646,0.15,0.0,0.203,0.1384,5235.99,1,18.9033,21.688,step
2026-09-01T13:13:07.058633+00:00,32.173,0.2665,0.15,0.0,0.1997,0.1386,5235.99,1,18.8709,21.71,step
2026-09-01T13:13:07.059879+00:00,32.318,0.2687,0.0,0.15,0.1963,0.1391,5235.99,1,18.8324,21.732,step
2026-09-01T13:13:07.061150+00:00,31.927,0.2705,0.15,0.0,0.1929,0.1392,5235.99,1,18.8022,21.754,step
2026-09-01T13:13:07.062411+00:00,32.033,0.2723,0.15,0.0,0.1896,0.1392,5235.99,1,18.7736,21.776,step
2026-09-01T13:13:07.063662+00:00,32.178,0.2743,0.0,0.15,0.1862,0.1395,5235.99,1,18.7386,21.798,step
2026-09-01T13:13:07.064921+00:00,31.786,0.276,0.15,0.0,0.1829,0.1395,5235.99,1,18.7119,21.82,step
2026-09-01T13:13:07.066165+00:00,31.893,0.2776,0.15,0.0,0.1796,0.1394,5235.99,1,18.6868,21.842,step
2026-09-01T13:13:07.067445+00:00,32.038,0.2794,0.0,0.15,0.1762,0.1396,5235.99,1,18.6558,21.864,step
2026-09-01T13:13:07.068723+00:00,31.645,0.2809,0.15,0.0,0.1729,0.1395,5235.99,1,18.633,21.886,step
2026-09-01T13:13:07.070008+00:00,31.753,0.2823,0.15,0.0,0.1697,0.1393,5235.99,1,18.6115,21.908,step
2026-09-01T13:13:07.071308+00:00,31.898,0.284,0.0,0.15,0.1664,0.1394,5235.99,1,18.5834,21.93,step
2026-09-01T13:13:07.072555+00:00,31.505,0.2854,0.15,0.0,0.1631,0.1391,5235.99,1,18.5641,21.952,step
2026-09-01T13:13:07.073788+00:00,31.614,0.2866,0.15,0.0,0.1599,0.1387,5235.99,1,18.5459,21.974,step
2026-09-01T13:13:07.075062+00:00,31.758,0.288,0.0,0.15,0.1567,0.1386,5235.99,1,18.5213,21.996,step
2026-09-01T13:13:07.076377+00:00,31.364,0.2891,0.15,0.0,0.1535,0.1382,5235.99,1,18.5052,22.018,step
2026-09-01T13:13:07.077633+00:00,31.474,0.2902,0.15,0.0,0.1503,0.1378,5235.99,1,18.4904,22.04,step
2026-09-01T13:13:07.078873+00:00,31.618,0.2915,0.0,0.15,0.1472,0.1376,5235.99,1,18.4684,22.062,step
2026-09-01T13:13:07.080138+00:00,31.224,0.2925,0.15,0.0,0.144,0.1371,5235.99,1,18.4553,22.084,step
2026-09-01T13:13:07.081383+00:00,31.334,0.2934,0.15,0.0,0.1409,0.1366,5235.99,1,18.4436,22.106,step
2026-09-01T13:13:07.082632+00:00,31.479,0.2947,0.15,0.0,0.1378,0.1363,5235.99,1,18.4244,22.128,step
2026-09-01T13:13:07.083858+00:00,31.622,0.2959,0.0,0.15,0.1348,0.1361,5235.99,1,18.4051,22.15,step
2026-09-01T13:13:07.085131+00:00,31.228,0.2967,0.15,0.0,0.1317,0.1355,5235.99,1,18.3952,22.172,step
2026-09-01T13:13:07.086415+00:00,31.338,0.2975,0.15,0.0,0.1287,0.1349,5235.99,1,18.3866,22.194,step
2026-09-01T13:13:07.087659+00:00,31.481,0.2986,0.0,0.15,0.1257,0.1345,5235.99,1,18.371,22.216,step
2026-09-01T13:13:07.088923+00:00,31.087,0.2993,0.15,0.0,0.1227,0.1338,5235.99,1,18.3643,22.238,step
2026-09-01T13:13:07.090189+00:00,31.198,0.2999,0.15,0.0,0.1197,0.1331,5235.99,1,18.3587,22.26,step
2026-09-01T13:13:07.091443+00:00,31.342,0.3009,0.15,0.0,0.1168,0.1327,5235.99,1,18.3456,22.282,step
2026-09-01T13:13:07.092712+00:00,31.484,0.3019,0.0,0.15,0.1139,0.1323,5235.99,1,18.3321,22.304,step
2026-09-01T13:13:07.093994+00:00,31.09,0.3024,0.15,0.0,0.111,0.1316,5235.99,1,18.3284,22.326,step
2026-09-01T13:13:07.095256+00:00,31.201,0.303,0.15,0.0,0.1081,0.1309,5235.99,1,18.3253,22.348,step
2026-09-01T13:13:07.096509+00:00,31.344,0.3038,0.0,0.15,0.1053,0.1304,5235.99,1,18.3149,22.37,step
2026-09-01T13:13:07.097723+00:00,30.949,0.3043,0.15,0.0,0.1024,0.1296,5235.99,1,18.3136,22.392,step
2026-09-01T13:13:07.098941+00:00,31.061,0.3046,0.15,0.0,0.0997,0.1287,5235.99,1,18.3136,22.414,step
2026-09-01T13:13:07.100156+00:00,31.204,0.3053,0.15,0.0,0.0969,0.1281,5235.99,1,18.3059,22.436,step
2026-09-01T13:13:07.101369+00:00,31.346,0.306,0.0,0.15,0.0942,0.1276,5235.99,1,18.2974,22.458,step
2026-09-01T13:13:07.102595+00:00,30.952,0.3063,0.15,0.0,0.0915,0.1267,5235.99,1,18.2986,22.48,step
2026-09-01T13:13:07.103821+00:00,31.064,0.3065,0.15,0.0,0.0888,0.1258,5235.99,1,18.3006,22.502,step
2026-09-01T13:13:07.105034+00:00,31.206,0.3071,0.15,0.0,0.0862,0.1251,5235.99,1,18.2952,22.524,step
2026-09-01T13:13:07.106247+00:00,31.348,0.3077,0.0,0.15,0.0835,0.1245,5235.99,1,18.2892,22.546,step
2026-09-01T13:13:07.107502+00:00,30.953,0.3079,0.15,0.0,0.0809,0.1236,5235.99,1,18.2933,22.568,step
2026-09-01T13:13:07.108734+00:00,31.065,0.308,0.15,0.0,0.0784,0.1226,5235.99,1,18.2984,22.59,step
2026-09-01T13:13:07.110000+00:00,31.208,0.3084,0.15,0.0,0.0758,0.122,5235.99,1,18.2956,22.612,step
2026-09-01T13:13:07.111225+00:00,31.35,0.3089,0.0,0.15,0.0733,0.1213,5235.99,1,18.2919,22.634,step
2026-09-01T13:13:07.112494+00:00,30.955,0.309,0.15,0.0,0.0708,0.1204,5235.99,1,18.2983,22.656,step
2026-09-01T13:13:07.113728+00:00,31.067,0.3091,0.15,0.0,0.0684,0.1194,5235.99,1,18.3058,22.678,step
2026-09-01T13:13:07.114953+00:00,31.209,0.3094,0.15,0.0,0.0659,0.1187,5235.99,1,18.3053,22.7,step
2026-09-01T13:13:07.116209+00:00,31.351,0.3098,0.0,0.15,0.0635,0.118,5235.99,1,18.3039,22.722,step
2026-09-01T13:13:07.117488+00:00,30.956,0.3098,0.15,0.0,0.0611,0.117,5235.99,1,18.3126,22.744,step
2026-09-01T13:13:07.118759+00:00,31.068,0.3098,0.15,0.0,0.0588,0.116,5235.99,1,18.3225,22.766,step
2026-09-01T13:13:07.120027+00:00,31.21,0.3101,0.15,0.0,0.0565,0.1153,5235.99,1,18.3242,22.788,step
2026-09-01T13:13:07.121265+00:00,31.352,0.3104,0.15,0.0,0.0542,0.1146,5235.99,1,18.3251,22.81,step
2026-09-01T13:13:07.122513+00:00,31.494,0.3107,0.0,0.15,0.0519,0.1139,5235.99,1,18.3258,22.832,step
2026-09-01T13:13:07.123738+00:00,31.099,0.3106,0.15,0.0,0.0496,0.1128,5235.99,1,18.3371,22.854,step
2026-09-01T13:13:07.124968+00:00,31.21,0.3104,0.15,0.0,0.0474,0.1117,5235.99,1,18.3497,22.876,step
2026-09-01T13:13:07.126207+00:00,31.352,0.3105,0.15,0.0,0.0452,0.1109,5235.99,1,18.3537,22.898,step
2026-09-01T13:13:07.127449+00:00,31.494,0.3107,0.0,0.15,0.0431,0.1102,5235.99,1,18.3569,22.92,step
2026-09-01T13:13:07.128700+00:00,31.099,0.3104,0.15,0.0,0.0409,0.1091,5235.99,1,18.3706,22.942,step
2026-09-01T13:13:07.129935+00:00,31.211,0.3101,0.15,0.0,0.0388,0.1079,5235.99,1,18.3851,22.964,step
2026-09-01T13:13:07.131190+00:00,31.353,0.3102,0.15,0.0,0.0368,0.1071,5235.99,1,18.391,22.986,step
2026-09-01T13:13:07.132409+00:00,31.495,0.3103,0.15,0.0,0.0347,0.1064,5235.99,1,18.3961,23.008,step
2026-09-01T13:13:07.133653+00:00,31.636,0.3104,0.0,0.15,0.0327,0.1056,5235.99,1,18.4009,23.03,step
2026-09-01T13:13:07.134897+00:00,31.242,0.3101,0.15,0.0,0.0307,0.1045,5235.99,1,18.4159,23.052,step
2026-09-01T13:13:07.136141+00:00,31.353,0.3097,0.15,0.0,0.0287,0.1034,5235.99,1,18.4321,23.074,step
2026-09-01T13:13:07.137395+00:00,31.494,0.3097,0.15,0.0,0.0268,0.1026,5235.99,1,18.4403,23.096,step
2026-09-01T13:13:07.138643+00:00,31.636,0.3098,0.0,0.15,0.0248,0.1018,5235.99,1,18.4476,23.118,step
2026-09-01T13:13:07.139890+00:00,31.241,0.3094,0.15,0.0,0.023,0.1007,5235.99,1,18.4654,23.14,step
2026-09-01T13:13:07.141135+00:00,31.353,0.3089,0.15,0.0,0.0211,0.0996,5235.99,1,18.4836,23.162,step
2026-09-01T13:13:07.142375+00:00,31.495,0.3089,0.15,0.0,0.0193,0.0988,5235.99,1,18.4931,23.184,step
2026-09-01T13:13:07.143624+00:00,31.636,0.3089,0.15,0.0,0.0175,0.098,5235.99,1,18.5018,23.206,step
2026-09-01T13:13:07.144879+00:00,31.778,0.3089,0.0,0.15,0.0157,0.0973,5235.99,1,18.5101,23.228,step
2026-09-01T13:13:07.146158+00:00,31.384,0.3084,0.15,0.0,0.014,0.0962,5235.99,1,18.5291,23.25,step
2026-09-01T13:13:07.147413+00:00,31.494,0.308,0.15,0.0,0.0123,0.0951,5235.99,1,18.5488,23.272,step
2026-09-01T13:13:07.148653+00:00,31.636,0.3079,0.15,0.0,0.0106,0.0943,5235.99,1,18.5599,23.294,step
2026-09-01T13:13:07.149890+00:00,31.777,0.3077,0.15,0.0,0.0089,0.0935,5235.99,1,18.5702,23.316,step
2026-09-01T13:13:07.151139+00:00,31.919,0.3076,0.0,0.15,0.0073,0.0927,5235.99,1,18.5806,23.338,step
2026-09-01T13:13:07.152387+00:00,31.525,0.307,0.15,0.0,0.0056,0.0915,5235.99,1,18.6016,23.36,step
2026-09-01T13:13:07.153634+00:00,31.635,0.3064,0.15,0.0,0.0041,0.0904,5235.99,1,18.6235,23.382,step
2026-09-01T13:13:07.154882+00:00,31.777,0.3062,0.15,0.0,0.0025,0.0896,5235.99,1,18.6362,23.404,step
2026-09-01T13:13:07.156131+00:00,31.919,0.306,0.15,0.0,0.001,0.0888,5235.99,1,18.6478,23.426,step
2026-09-01T13:13:07.157366+00:00,32.06,0.3059,0.0,0.15,-0.0005,0.088,5235.99,1,18.6593,23.448,step
2026-09-01T13:13:07.158610+00:00,31.666,0.3053,0.15,0.0,-0.002,0.0869,5235.99,1,18.6815,23.47,step
2026-09-01T13:13:07.159853+00:00,31.776,0.3047,0.15,0.0,-0.0034,0.0858,5235.99,1,18.7046,23.492,step
2026-09-01T13:13:07.161101+00:00,31.918,0.3044,0.15,0.0,-0.0048,0.085,5235.99,1,18.7188,23.514,step
2026-09-01T13:13:07.162327+00:00,32.06,0.3042,0.15,0.0,-0.0062,0.0842,5235.99,1,18.7317,23.536,step
2026-09-01T13:13:07.163550+00:00,32.201,0.304,0.0,0.15,-0.0076,0.0835,5235.99,1,18.7441,23.558,step
2026-09-01T13:13:07.164788+00:00,31.808,0.3034,0.15,0.0,-0.0089,0.0824,5235.99,1,18.7674,23.58,step
2026-09-01T13:13:07.166010+00:00,31.917,0.3027,0.15,0.0,-0.0103,0.0813,5235.99,1,18.7916,23.602,step
2026-09-01T13:13:07.167245+00:00,32.059,0.3024,0.15,0.0,-0.0115,0.0806,5235.99,1,18.8068,23.624,step
2026-09-01T13:13:07.168497+00:00,32.201,0.3022,0.15,0.0,-0.0128,0.0798,5235.99,1,18.8208,23.646,step
2026-09-01T13:13:07.169750+00:00,32.342,0.302,0.0,0.15,-0.014,0.0791,5235.99,1,18.8344,23.668,step
2026-09-01T13:13:07.171026+00:00,31.949,0.3013,0.15,0.0,-0.0153,0.0781,5235.99,1,18.8588,23.69,step
2026-09-01T13:13:07.172296+00:00,32.058,0.3007,0.15,0.0,-0.0165,0.077,5235.99,1,18.8841,23.712,step
2026-09-01T13:13:07.173545+00:00,32.2,0.3004,0.15,0.0,-0.0176,0.0763,5235.99,1,18.9004,23.734,step
2026-09-01T13:13:07.174750+00:00,32.342,0.3,0.15,0.0,-0.0187,0.0756,5235.99,1,18.9155,23.756,step
2026-09-01T13:13:07.175935+00:00,32.483,0.2997,0.15,0.0,-0.0199,0.0748,5235.99,1,18.9301,23.778,step
2026-09-01T13:13:07.177146+00:00,32.625,0.2994,0.0,0.15,-0.021,0.0741,5235.99,1,18.9446,23.8,step
2026-09-01T13:13:07.178353+00:00,32.233,0.2987,0.15,0.0,-0.022,0.0731,5235.99,1,18.9698,23.822,step
2026-09-01T13:13:07.179552+00:00,32.34,0.2979,0.15,0.0,-0.0231,0.072,5235.99,1,18.9965,23.844,step
2026-09-01T13:13:07.180769+00:00,32.483,0.2975,0.15,0.0,-0.0241,0.0712,5235.99,1,19.0139,23.866,step
2026-09-01T13:13:07.181968+00:00,32.624,0.2972,0.15,0.0,-0.0251,0.0705,5235.99,1,19.0303,23.888,step
2026-09-01T13:13:07.183163+00:00,32.766,0.2968,0.0,0.15,-0.0261,0.0698,5235.99,1,19.0459,23.91,step
2026-09-01T13:13:07.184365+00:00,32.373,0.2961,0.15,0.0,-0.027,0.0688,5235.99,1,19.0723,23.932,step
2026-09-01T13:13:07.185576+00:00,32.481,0.2953,0.15,0.0,-0.028,0.0678,5235.99,1,19.0995,23.954,step
2026-09-01T13:13:07.186825+00:00,32.624,0.2949,0.15,0.0,-0.0289,0.0671,5235.99,1,19.1171,23.976,step
2026-09-01T13:13:07.188072+00:00,32.766,0.2946,0.15,0.0,-0.0297,0.0664,5235.99,1,19.1335,23.998,step
2026-09-01T13:13:07.189304+00:00,32.907,0.2942,0.0,0.15,-0.0306,0.0658,5235.99,1,19.1496,24.02,step
2026-09-01T13:13:07.190583+00:00,32.516,0.2935,0.15,0.0,-0.0314,0.0648,5235.99,1,19.1763,24.042,step
2026-09-01T13:13:07.191876+00:00,32.623,0.2927,0.15,0.0,-0.0322,0.0639,5235.99,1,19.2041,24.064,step
2026-09-01T13:13:07.193141+00:00,32.765,0.2923,0.15,0.0,-0.033,0.0632,5235.99,1,19.2224,24.086,step
2026-09-01T13:13:07.194402+00:00,32.907,0.292,0.15,0.0,-0.0338,0.0626,5235.99,1,19.2392,24.108,step
2026-09-01T13:13:07.195660+00:00,33.049,0.2916,0.15,0.0,-0.0345,0.062,5235.99,1,19.2554,24.13,step
2026-09-01T13:13:07.196914+00:00,33.191,0.2913,0.0,0.15,-0.0352,0.0614,5235.99,1,19.2715,24.152,step
2026-09-01T13:13:07.198194+00:00,32.8,0.2906,0.15,0.0,-0.0359,0.0605,5235.99,1,19.2984,24.174,step
2026-09-01T13:13:07.199496+00:00,32.906,0.2898,0.15,0.0,-0.0366,0.0596,5235.99,1,19.3271,24.196,step
2026-09-01T13:13:07.200736+00:00,33.048,0.2893,0.15,0.0,-0.0373,0.0589,5235.99,1,19.346,24.218,step
2026-09-01T13:13:07.201957+00:00,33.19,0.2889,0.15,0.0,-0.0379,0.0583,5235.99,1,19.3632,24.24,step
2026-09-01T13:13:07.203183+00:00,33.332,0.2885,0.0,0.15,-0.0385,0.0577,5235.99,1,19.38,24.262,step
2026-09-01T13:13:07.204415+00:00,32.942,0.2877,0.15,0.0,-0.0391,0.0568,5235.99,1,19.4074,24.284,step
2026-09-01T13:13:07.205639+00:00,33.047,0.2869,0.15,0.0,-0.0397,0.0558,5235.99,1,19.436,24.306,step
2026-09-01T13:13:07.206877+00:00,33.19,0.2864,0.15,0.0,-0.0402,0.0552,5235.99,1,19.4547,24.328,step
2026-09-01T13:13:07.208122+00:00,33.332,0.286,0.15,0.0,-0.0408,0.0547,5235.99,1,19.4718,24.35,step
2026-09-01T13:13:07.209345+00:00,33.474,0.2856,0.15,0.0,-0.0413,0.0541,5235.99,1,19.4882,24.372,step
2026-09-01T13:13:07.210591+00:00,33.616,0.2852,0.0,0.15,-0.0418,0.0536,5252.66,1,19.5044,24.394,step
2026-09-01T13:13:07.211859+00:00,33.227,0.2845,0.15,0.0,-0.0423,0.0528,5235.99,1,19.5315,24.416,step
2026-09-01T13:13:07.213117+00:00,33.331,0.2837,0.15,0.0,-0.0427,0.052,5235.99,1,19.5595,24.438,step
2026-09-01T13:13:07.214388+00:00,33.474,0.2833,0.15,0.0,-0.0432,0.0514,5235.99,1,19.5783,24.46,step
2026-09-01T13:13:07.215643+00:00,33.617,0.2829,0.15,0.0,-0.0436,0.0509,5253.53,1,19.5955,24.482,step
2026-09-01T13:13:07.216911+00:00,33.759,0.2825,0.0,0.15,-0.044,0.0504,5275.48,1,19.6122,24.504,step
2026-09-01T13:13:07.218182+00:00,33.369,0.2818,0.15,0.0,-0.0444,0.0496,5235.99,1,19.6399,24.526,step
2026-09-01T13:13:07.219454+00:00,33.474,0.281,0.15,0.0,-0.0447,0.0488,5235.99,1,19.6686,24.548,step
2026-09-01T13:13:07.220733+00:00,33.617,0.2805,0.15,0.0,-0.0451,0.0483,5254.29,1,19.6872,24.57,step
2026-09-01T13:13:07.222008+00:00,33.76,0.2802,0.15,0.0,-0.0454,0.0479,5276.11,1,19.7044,24.592,step
2026-09-01T13:13:07.223261+00:00,33.903,0.2798,0.0,0.15,-0.0457,0.0474,5298.12,1,19.7209,24.614,step
2026-09-01T13:13:07.224510+00:00,33.514,0.279,0.15,0.0,-0.046,0.0467,5235.99,1,19.7481,24.636,step
2026-09-01T13:13:07.225764+00:00,33.618,0.2782,0.15,0.0,-0.0463,0.0459,5255.83,1,19.7763,24.658,step
2026-09-01T13:13:07.226997+00:00,33.762,0.2777,0.15,0.0,-0.0466,0.0454,5277.0,1,19.7945,24.68,step
2026-09-01T13:13:07.228247+00:00,33.905,0.2773,0.15,0.0,-0.0468,0.0449,5298.97,1,19.8113,24.702,step
2026-09-01T13:13:07.229494+00:00,34.049,0.2769,0.15,0.0,-0.047,0.0445,5321.06,1,19.8271,24.724,step
2026-09-01T13:13:07.230740+00:00,34.192,0.2766,0.0,0.15,-0.0472,0.0441,5343.4,1,19.8425,24.746,step
2026-09-01T13:13:07.231996+00:00,33.804,0.2758,0.15,0.0,-0.0475,0.0434,5235.99,1,19.8691,24.768,step
2026-09-01T13:13:07.233242+00:00,33.908,0.275,0.15,0.0,-0.0476,0.0427,5301.34,1,19.8971,24.79,step
2026-09-01T13:13:07.234495+00:00,34.052,0.2746,0.15,0.0,-0.0478,0.0422,5322.72,1,19.915,24.812,step
2026-09-01T13:13:07.235756+00:00,34.196,0.2742,0.15,0.0,-0.0479,0.0418,5344.64,1,19.9316,24.834,step
2026-09-01T13:13:07.237069+00:00,34.34,0.2738,0.0,0.15,-0.0481,0.0415,5366.79,1,19.9471,24.856,step
2026-09-01T13:13:07.238394+00:00,33.952,0.2731,0.15,0.0,-0.0482,0.0408,5235.99,1,19.9736,24.878,step
2026-09-01T13:13:07.239683+00:00,34.056,0.2723,0.15,0.0,-0.0483,0.0401,5324.62,1,20.0011,24.9,step
2026-09-01T13:13:07.240957+00:00,34.2,0.2719,0.15,0.0,-0.0484,0.0398,5346.04,1,20.0182,24.922,step
2026-09-01T13:13:07.242237+00:00,34.345,0.2716,0.15,0.0,-0.0485,0.0394,5368.12,1,20.0339,24.944,step
2026-09-01T13:13:07.243489+00:00,34.489,0.2713,0.0,0.15,-0.0486,0.0391,5390.43,1,20.0491,24.966,step
2026-09-01T13:13:07.244772+00:00,34.102,0.2706,0.15,0.0,-0.0487,0.0385,5235.99,1,20.0746,24.988,step
2026-09-01T13:13:07.246052+00:00,34.205,0.2699,0.15,0.0,-0.0487,0.0379,5348.32,1,20.1018,25.01,step
2026-09-01T13:13:07.247301+00:00,34.35,0.2694,0.15,0.0,-0.0487,0.0376,5369.69,1,20.1188,25.032,step
2026-09-01T13:13:07.248553+00:00,34.495,0.2691,0.15,0.0,-0.0487,0.0372,5391.9,1,20.1339,25.054,step
2026-09-01T13:13:07.249806+00:00,34.64,0.2687,0.0,0.15,-0.0487,0.037,5414.15,1,20.1482,25.076,step
2026-09-01T13:13:07.251074+00:00,34.252,0.268,0.15,0.0,-0.0487,0.0363,5245.42,1,20.1737,25.098,step
2026-09-01T13:13:07.252335+00:00,34.355,0.2672,0.15,0.0,-0.0487,0.0357,5372.06,1,20.2,25.12,step
2026-09-01T13:13:07.253591+00:00,34.501,0.2668,0.15,0.0,-0.0487,0.0354,5393.53,1,20.2161,25.142,step
2026-09-01T13:13:07.254877+00:00,34.646,0.2665,0.15,0.0,-0.0486,0.0351,5415.73,1,20.2308,25.164,step
2026-09-01T13:13:07.256129+00:00,34.792,0.2662,0.15,0.0,-0.0486,0.0349,5437.98,1,20.2443,25.186,step
2026-09-01T13:13:07.257374+00:00,34.937,0.2659,0.0,0.15,-0.0485,0.0347,5460.59,1,20.2583,25.208,step
2026-09-01T13:13:07.258652+00:00,34.55,0.2652,0.15,0.0,-0.0485,0.0341,5290.69,1,20.2866,25.23,step
2026-09-01T13:13:07.259919+00:00,34.652,0.2645,0.15,0.0,-0.0484,0.0336,5418.74,1,20.3201,25.252,step
2026-09-01T13:13:07.261191+00:00,34.798,0.2641,0.15,0.0,-0.0483,0.0333,5440.27,1,20.3471,25.274,step
2026-09-01T13:13:07.262478+00:00,34.944,0.2638,0.15,0.0,-0.0482,0.0331,5462.6,1,20.3759,25.296,step
2026-09-01T13:13:07.263743+00:00,35.09,0.2635,0.15,0.0,-0.0481,0.0329,5485.11,1,20.4074,25.318,step
2026-09-01T13:13:07.265018+00:00,35.236,0.2633,0.15,0.0,-0.048,0.0327,5507.78,1,20.4424,25.34,step
2026-09-01T13:13:07.266325+00:00,35.383,0.263,0.0,0.15,-0.0478,0.0326,5530.84,1,20.4807,25.362,step
2026-09-01T13:13:07.267600+00:00,34.995,0.2624,0.15,0.0,-0.0477,0.0321,5358.31,1,20.5355,25.384,step
2026-09-01T13:13:07.268873+00:00,35.096,0.2618,0.15,0.0,-0.0476,0.0316,5489.27,1,20.5967,25.406,step
2026-09-01T13:13:07.270153+00:00,35.243,0.2614,0.15,0.0,-0.0475,0.0314,5510.75,1,20.6515,25.428,step
2026-09-01T13:13:07.271399+00:00,35.39,0.2611,0.15,0.0,-0.0473,0.0312,5533.22,1,20.7089,25.45,step
2026-09-01T13:13:07.272652+00:00,35.537,0.2608,0.15,0.0,-0.0471,0.031,5555.78,1,20.7701,25.472,step
2026-09-01T13:13:07.273898+00:00,35.684,0.2605,0.15,0.0,-0.047,0.0308,5578.53,1,20.8359,25.494,step
2026-09-01T13:13:07.275146+00:00,35.832,0.2602,0.15,0.0,-0.0468,0.0307,5601.64,1,20.9069,25.516,step
2026-09-01T13:13:07.276393+00:00,35.979,0.26,0.15,0.0,-0.0466,0.0306,5624.93,1,20.9825,25.538,step
2026-09-01T13:13:07.277670+00:00,36.127,0.2597,0.15,0.0,-0.0464,0.0304,5648.37,1,21.0642,25.56,step
2026-09-01T13:13:07.278903+00:00,36.274,0.2595,0.15,0.0,-0.0462,0.0303,5671.59,1,21.1524,25.582,step
2026-09-01T13:13:07.280138+00:00,36.422,0.2592,0.15,0.0,-0.0461,0.0302,5694.95,1,21.2469,25.604,step
2026-09-01T13:13:07.281376+00:00,36.57,0.259,0.15,0.0,-0.0459,0.03,5718.31,1,21.3485,25.626,step
2026-09-01T13:13:07.282617+00:00,36.719,0.2587,0.15,0.0,-0.0457,0.0299,5741.65,1,21.4577,25.648,step
2026-09-01T13:13:07.283844+00:00,36.867,0.2585,0.15,0.0,-0.0455,0.0298,5764.67,1,21.5747,25.67,step
2026-09-01T13:13:07.285076+00:00,37.016,0.2583,0.15,0.0,-0.0453,0.0297,5788.1,1,21.6994,25.692,step
2026-09-01T13:13:07.286311+00:00,37.164,0.258,0.15,0.0,-0.0451,0.0296,5811.52,1,21.8322,25.714,step
2026-09-01T13:13:07.287553+00:00,37.313,0.2578,0.15,0.0,-0.0449,0.0295,5834.97,1,21.9743,25.736,step
2026-09-01T13:13:07.288788+00:00,37.462,0.2576,0.15,0.0,-0.0447,0.0294,5858.4,1,22.1261,25.758,step
2026-09-01T13:13:07.290048+00:00,37.611,0.2574,0.15,0.0,-0.0445,0.0293,5881.91,1,22.2878,25.78,step
2026-09-01T13:13:07.291377+00:00,37.761,0.2572,0.15,0.0,-0.0443,0.0292,5905.57,1,22.4469,25.802,step
2026-09-01T13:13:07.292656+00:00,37.91,0.257,0.15,0.0,-0.0441,0.0291,5929.05,1,22.6001,25.824,step
2026-09-01T13:13:07.293924+00:00,38.059,0.2567,0.15,0.0,-0.0439,0.029,5952.6,1,22.7479,25.846,step
2026-09-01T13:13:07.295175+00:00,38.209,0.2564,0.15,0.0,-0.0437,0.0288,5976.19,1,22.8906,25.868,step
2026-09-01T13:13:07.296442+00:00,38.359,0.2562,0.15,0.0,-0.0435,0.0287,5999.68,1,23.0274,25.89,step
2026-09-01T13:13:07.297680+00:00,38.509,0.2559,0.15,0.0,-0.0432,0.0286,6023.38,1,23.159,25.912,step
2026-09-01T13:13:07.298958+00:00,38.659,0.2557,0.15,0.0,-0.043,0.0285,6046.91,1,23.286,25.934,step
2026-09-01T13:13:07.300277+00:00,38.809,0.2554,0.15,0.0,-0.0428,0.0284,6070.35,1,23.4083,25.956,step
2026-09-01T13:13:07.301522+00:00,38.959,0.2552,0.15,0.0,-0.0426,0.0283,6093.83,1,23.5256,25.978,step
2026-09-01T13:13:07.302770+00:00,39.11,0.255,0.15,0.0,-0.0424,0.0282,6117.54,1,23.6381,26.0,step
2026-09-01T13:13:07.304041+00:00,39.26,0.2548,0.15,0.0,-0.0422,0.0281,6141.22,1,23.7464,26.022,step
2026-09-01T13:13:07.305297+00:00,39.41,0.2546,0.15,0.0,-0.0419,0.028,6164.86,1,23.8514,26.044,step
2026-09-01T13:13:07.306583+00:00,39.561,0.2543,0.15,0.0,-0.0417,0.0279,6188.46,1,23.953,26.066,step
2026-09-01T13:13:07.307857+00:00,39.712,0.2541,0.15,0.0,-0.0415,0.0278,6212.2,1,24.0509,26.088,step
2026-09-01T13:13:07.309133+00:00,39.862,0.254,0.15,0.0,-0.0413,0.0278,6236.09,1,24.1454,26.11,step
2026-09-01T13:13:07.310401+00:00,40.013,0.2538,0.15,0.0,-0.0411,0.0277,6259.79,1,24.237,26.132,step
2026-09-01T13:13:07.311676+00:00,40.164,0.2536,0.15,0.0,-0.0408,0.0276,6283.73,1,24.3258,26.154,step
2026-09-01T13:13:07.312979+00:00,40.314,0.2534,0.15,0.0,-0.0406,0.0276,6307.42,1,24.4118,26.176,step
2026-09-01T13:13:07.314220+00:00,40.465,0.2532,0.15,0.0,-0.0404,0.0275,6331.13,1,24.4944,26.198,step
2026-09-01T13:13:07.315449+00:00,40.616,0.253,0.15,0.0,-0.0402,0.0274,6354.81,1,24.5737,26.22,step
2026-09-01T13:13:07.316696+00:00,40.767,0.2528,0.15,0.0,-0.04,0.0273,6378.65,1,24.6505,26.242,step
2026-09-01T13:13:07.317960+00:00,40.918,0.2525,0.15,0.0,-0.0398,0.0272,6402.4,1,24.7246,26.264,step
2026-09-01T13:13:07.319219+00:00,41.069,0.2523,0.15,0.0,-0.0395,0.0271,6426.2,1,24.7962,26.286,step
2026-09-01T13:13:07.320501+00:00,41.22,0.2521,0.15,0.0,-0.0393,0.027,6450.0,1,24.8645,26.308,step
2026-09-01T13:13:07.321739+00:00,41.372,0.2519,0.15,0.0,-0.0391,0.0269,6473.37,1,24.9306,26.33,step
2026-09-01T13:13:07.323003+00:00,41.523,0.2517,0.15,0.0,-0.0389,0.0268,6497.22,1,24.9946,26.352,step
2026-09-01T13:13:07.324272+00:00,41.674,0.2514,0.15,0.0,-0.0386,0.0268,6520.88,1,25.0566,26.374,step
2026-09-01T13:13:07.325549+00:00,41.825,0.2513,0.15,0.0,-0.0384,0.0267,6544.53,1,25.1159,26.396,step
2026-09-01T13:13:07.326806+00:00,41.976,0.2511,0.15,0.0,-0.0382,0.0267,6568.38,1,25.1729,26.418,step
2026-09-01T13:13:07.328085+00:00,42.127,0.2509,0.0,0.15,-0.038,0.0266,6592.36,1,25.2278,26.44,step
2026-09-01T13:13:07.329354+00:00,41.731,0.2504,0.15,0.0,-0.0377,0.0263,6379.75,1,25.2937,26.462,step
2026-09-01T13:13:07.330626+00:00,41.821,0.2497,0.15,0.0,-0.0375,0.0258,6548.35,1,25.3626,26.484,step
2026-09-01T13:13:07.331906+00:00,41.973,0.2494,0.15,0.0,-0.0373,0.0256,6570.33,1,25.4167,26.506,step
2026-09-01T13:13:07.333183+00:00,42.124,0.2492,0.0,0.15,-0.037,0.0255,6593.28,1,25.4651,26.528,step
2026-09-01T13:13:07.334449+00:00,41.729,0.2486,0.15,0.0,-0.0368,0.0252,6379.86,1,25.5222,26.55,step
2026-09-01T13:13:07.335703+00:00,41.818,0.2479,0.15,0.0,-0.0365,0.0247,6547.86,1,25.5812,26.572,step
2026-09-01T13:13:07.336965+00:00,41.971,0.2475,0.15,0.0,-0.0362,0.0245,6570.27,1,25.6254,26.594,step
2026-09-01T13:13:07.338224+00:00,42.123,0.2473,0.0,0.15,-0.0359,0.0244,6593.14,1,25.6642,26.616,step
2026-09-01T13:13:07.339525+00:00,41.728,0.2467,0.15,0.0,-0.0356,0.0241,6380.12,1,25.7119,26.638,step
2026-09-01T13:13:07.340810+00:00,41.817,0.2461,0.15,0.0,-0.0353,0.0237,6547.29,1,25.762,26.66,step
2026-09-01T13:13:07.342072+00:00,41.969,0.2458,0.15,0.0,-0.035,0.0236,6569.98,1,25.798,26.682,step
2026-09-01T13:13:07.343325+00:00,42.121,0.2456,0.0,0.15,-0.0347,0.0235,6592.84,1,25.8296,26.704,step
2026-09-01T13:13:07.344596+00:00,41.727,0.2451,0.15,0.0,-0.0344,0.0232,6379.78,1,25.8703,26.726,step
2026-09-01T13:13:07.345862+00:00,41.816,0.2444,0.15,0.0,-0.0341,0.0228,6547.36,1,25.9129,26.748,step
2026-09-01T13:13:07.347115+00:00,41.969,0.2442,0.15,0.0,-0.0337,0.0228,6570.26,1,25.9406,26.77,step
2026-09-01T13:13:07.348366+00:00,42.121,0.2441,0.0,0.15,-0.0334,0.0228,6593.64,1,25.9634,26.792,step
2026-09-01T13:13:07.349618+00:00,41.73,0.2437,0.15,0.0,-0.0331,0.0226,6380.23,1,25.9951,26.814,step
2026-09-01T13:13:07.350871+00:00,41.815,0.2432,0.15,0.0,-0.0327,0.0223,6550.13,1,26.0296,26.836,step
2026-09-01T13:13:07.352120+00:00,41.969,0.243,0.15,0.0,-0.0324,0.0223,6572.64,1,26.0512,26.858,step
2026-09-01T13:13:07.353353+00:00,42.123,0.2415,0.0,0.15,-0.032,0.0212,6595.84,1,26.069,26.88,step
2026-09-01T13:13:07.354547+00:00,41.731,0.233,0.15,0.0,-0.0315,0.0144,6380.62,1,26.0947,26.902,step
2026-09-01T13:13:07.355723+00:00,41.822,0.2245,0.15,0.0,-0.0307,0.0077,6551.71,1,26.1172,26.924,step
2026-09-01T13:13:07.356918+00:00,41.98,0.2165,0.15,0.0,-0.0296,0.0014,6574.12,1,26.1191,26.946,step
2026-09-01T13:13:07.358097+00:00,42.139,0.2086,0.0,0.15,-0.0283,-0.0046,6597.39,1,26.1083,26.968,step
2026-09-01T13:13:07.359306+00:00,41.75,0.2007,0.15,0.0,-0.0268,-0.0106,6383.66,1,26.0974,26.99,step
2026-09-01T13:13:07.360481+00:00,41.838,0.1928,0.15,0.0,-0.0251,-0.0165,6553.31,1,26.0801,27.012,step
2026-09-01T13:13:07.361654+00:00,42.0,0.1853,0.15,0.0,-0.0232,-0.0219,6576.47,1,26.0434,27.034,step
2026-09-01T13:13:07.362832+00:00,42.161,0.1781,0.0,0.15,-0.021,-0.027,6600.17,1,25.9947,27.056,step
2026-09-01T13:13:07.364028+00:00,41.775,0.1707,0.15,0.0,-0.0187,-0.0322,6386.09,1,25.9451,27.078,step
2026-09-01T13:13:07.365180+00:00,41.858,0.1635,0.15,0.0,-0.0163,-0.0372,6553.88,1,25.8888,27.1,step
2026-09-01T13:13:07.366344+00:00,42.02,0.1567,0.0,0.15,-0.0136,-0.0418,6576.96,1,25.8158,27.122,step
2026-09-01T13:13:07.367526+00:00,41.63,0.1498,0.15,0.0,-0.0108,-0.0464,6364.46,1,25.7414,27.144,step
2026-09-01T13:13:07.368727+00:00,41.714,0.143,0.15,0.0,-0.0079,-0.0508,6529.08,1,25.6599,27.166,step
2026-09-01T13:13:07.369935+00:00,41.877,0.1366,0.15,0.0,-0.0048,-0.0548,6552.75,1,25.5621,27.188,step
2026-09-01T13:13:07.371108+00:00,42.04,0.1304,0.0,0.15,-0.0015,-0.0586,6576.77,1,25.4546,27.21,step
2026-09-01T13:13:07.372293+00:00,41.653,0.1242,0.15,0.0,0.0018,-0.0624,6368.79,1,25.3458,27.232,step
2026-09-01T13:13:07.373463+00:00,41.727,0.1181,0.15,0.0,0.0053,-0.066,6529.88,1,25.2308,27.254,step
2026-09-01T13:13:07.374634+00:00,41.891,0.1123,0.15,0.0,0.0089,-0.0693,6553.93,1,25.1022,27.276,step
2026-09-01T13:13:07.375793+00:00,42.054,0.1067,0.0,0.15,0.0127,-0.0725,6578.45,1,24.9654,27.298,step
2026-09-01T13:13:07.376969+00:00,41.666,0.1011,0.15,0.0,0.0165,-0.0756,6370.32,1,24.8277,27.32,step
2026-09-01T13:13:07.378136+00:00,41.736,0.0956,0.15,0.0,0.0204,-0.0786,6530.51,1,24.6849,27.342,step
2026-09-01T13:13:07.379323+00:00,41.901,0.0903,0.15,0.0,0.0244,-0.0813,6554.15,1,24.5306,27.364,step
2026-09-01T13:13:07.380490+00:00,42.065,0.0852,0.0,0.15,0.0285,-0.0838,6576.42,1,24.3682,27.386,step
2026-09-01T13:13:07.381674+00:00,41.673,0.0801,0.0,0.15,0.0326,-0.0863,6374.03,1,24.2047,27.408,step
2026-09-01T13:13:07.382865+00:00,41.165,0.0751,0.0,0.15,0.0368,-0.0888,6292.89,1,24.0426,27.43,step
2026-09-01T13:13:07.384085+00:00,40.661,0.0701,0.15,0.0,0.041,-0.0911,6214.12,1,23.8775,27.452,step
2026-09-01T13:13:07.385267+00:00,40.733,0.0656,0.0,0.15,0.0453,-0.0932,6374.26,1,23.7036,27.474,step
2026-09-01T13:13:07.386473+00:00,40.341,0.0611,0.0,0.15,0.0496,-0.0951,6168.31,1,23.5245,27.496,step
2026-09-01T13:13:07.387676+00:00,39.842,0.0567,0.15,0.0,0.0539,-0.0969,6091.91,1,23.346,27.518,step
2026-09-01T13:13:07.388886+00:00,39.913,0.0526,0.0,0.15,0.0583,-0.0986,6244.14,1,23.1605,27.54,step
2026-09-01T13:13:07.390111+00:00,39.524,0.0486,0.0,0.15,0.0626,-0.1001,6046.02,1,22.9711,27.562,step
2026-09-01T13:13:07.391311+00:00,39.029,0.0446,0.0,0.15,0.067,-0.1016,5969.92,1,22.7824,27.584,step
2026-09-01T13:13:07.392519+00:00,38.535,0.0409,0.15,0.0,0.0713,-0.1029,5893.9,1,22.5921,27.606,step
2026-09-01T13:13:07.393723+00:00,38.602,0.0374,0.0,0.15,0.0757,-0.104,6038.44,1,22.3961,27.628,step
2026-09-01T13:13:07.394977+00:00,38.215,0.046,0.0,0.15,0.0798,-0.0951,5847.42,1,22.1968,27.65,step
2026-09-01T13:13:07.396236+00:00,37.723,0.0544,0.0,0.15,0.0836,-0.0865,5772.0,1,22.0052,27.672,step
2026-09-01T13:13:07.397490+00:00,37.233,0.0627,0.15,0.0,0.087,-0.0782,5696.71,1,21.823,27.694,step
2026-09-01T13:13:07.398732+00:00,37.302,0.0709,0.0,0.15,0.0902,-0.0701,5834.12,1,21.647,27.716,step
2026-09-01T13:13:07.399972+00:00,36.914,0.0789,0.0,0.15,0.093,-0.0622,5649.9,1,21.4779,27.738,step
2026-09-01T13:13:07.401259+00:00,36.424,0.0866,0.15,0.0,0.0956,-0.0547,5576.93,1,21.3199,27.76,step
2026-09-01T13:13:07.402519+00:00,36.5,0.0943,0.0,0.15,0.0979,-0.0473,5705.7,1,21.1659,27.782,step
2026-09-01T13:13:07.403787+00:00,36.109,0.1018,0.0,0.15,0.1,-0.0401,5530.26,1,21.018,27.804,step
2026-09-01T13:13:07.405061+00:00,35.62,0.109,0.15,0.0,0.1019,-0.0334,5454.57,1,20.8813,27.826,step
2026-09-01T13:13:07.406340+00:00,35.701,0.1162,0.0,0.15,0.1035,-0.0267,5581.67,1,20.7474,27.848,step
2026-09-01T13:13:07.407665+00:00,35.309,0.1233,0.0,0.15,0.1049,-0.0202,5406.78,1,20.6191,27.87,step
2026-09-01T13:13:07.408939+00:00,34.824,0.1299,0.15,0.0,0.1061,-0.0141,5332.29,1,20.5013,27.892,step
2026-09-01T13:13:07.410219+00:00,34.907,0.1367,0.0,0.15,0.1072,-0.0081,5458.87,1,20.3848,27.914,step
2026-09-01T13:13:07.411499+00:00,34.517,0.1432,0.15,0.0,0.108,-0.0023,5286.02,1,20.2735,27.936,step
2026-09-01T13:13:07.412787+00:00,34.599,0.1497,0.0,0.15,0.1087,0.0034,5410.58,1,20.1661,27.958,step
2026-09-01T13:13:07.414064+00:00,34.21,0.1561,0.15,0.0,0.1092,0.0089,5239.66,1,20.0638,27.98,step
2026-09-01T13:13:07.415295+00:00,34.292,0.1617,0.0,0.15,0.1096,0.0137,5362.84,1,19.9653,28.002,step
2026-09-01T13:13:07.416542+00:00,33.902,0.1669,0.15,0.0,0.1098,0.0182,5235.99,1,19.8718,28.024,step
2026-09-01T13:13:07.417775+00:00,33.986,0.172,0.0,0.15,0.1099,0.0225,5315.43,1,19.7816,28.046,step
2026-09-01T13:13:07.419045+00:00,33.594,0.177,0.15,0.0,0.1099,0.0266,5235.99,1,19.6956,28.068,step
2026-09-01T13:13:07.420300+00:00,33.68,0.1819,0.0,0.15,0.1097,0.0307,5267.91,1,19.6126,28.09,step
2026-09-01T13:13:07.421567+00:00,33.286,0.1867,0.15,0.0,0.1095,0.0345,5235.99,1,19.5338,28.112,step
2026-09-01T13:13:07.422845+00:00,33.374,0.1914,0.0,0.15,0.1091,0.0383,5235.99,1,19.4578,28.134,step
2026-09-01T13:13:07.424108+00:00,32.977,0.196,0.15,0.0,0.1087,0.0419,5235.99,1,19.3856,28.156,step
2026-09-01T13:13:07.425371+00:00,33.068,0.2005,0.0,0.15,0.1081,0.0455,5235.99,1,19.3154,28.178,step
2026-09-01T13:13:07.426650+00:00,32.67,0.2049,0.15,0.0,0.1075,0.0488,5235.99,1,19.2499,28.2,step
2026-09-01T13:13:07.427973+00:00,32.761,0.2092,0.15,0.0,0.1068,0.0521,5235.99,1,19.1867,28.222,step
2026-09-01T13:13:07.429242+00:00,32.902,0.2136,0.0,0.15,0.106,0.0555,5235.99,1,19.1202,28.244,step
2026-09-01T13:13:07.430501+00:00,32.505,0.2178,0.15,0.0,0.1051,0.0586,5235.99,1,19.0626,28.266,step
2026-09-01T13:13:07.431752+00:00,32.596,0.2219,0.0,0.15,0.1041,0.0616,5235.99,1,19.0071,28.288,step
2026-09-01T13:13:07.433037+00:00,32.2,0.2258,0.15,0.0,0.103,0.0644,5235.99,1,18.9554,28.31,step
2026-09-01T13:13:07.434312+00:00,32.292,0.2297,0.15,0.0,0.1019,0.0672,5235.99,1,18.9057,28.332,step
2026-09-01T13:13:07.435563+00:00,32.431,0.2338,0.0,0.15,0.1007,0.0701,5235.99,1,18.852,28.354,step
2026-09-01T13:13:07.436798+00:00,32.033,0.2375,0.15,0.0,0.0994,0.0727,5235.99,1,18.8074,28.376,step
2026-09-01T13:13:07.438042+00:00,32.126,0.2405,0.0,0.15,0.0981,0.0746,5235.99,1,18.7649,28.398,step
2026-09-01T13:13:07.439268+00:00,31.727,0.2433,0.15,0.0,0.0967,0.0764,5235.99,1,18.7256,28.42,step
2026-09-01T13:13:07.440497+00:00,31.822,0.2461,0.15,0.0,0.0953,0.0782,5235.99,1,18.6876,28.442,step
2026-09-01T13:13:07.441711+00:00,31.959,0.2492,0.0,0.15,0.0939,0.0801,5235.99,1,18.6448,28.464,step
2026-09-01T13:13:07.442935+00:00,31.56,0.2518,0.15,0.0,0.0924,0.0817,5235.99,1,18.6108,28.486,step
2026-09-01T13:13:07.444157+00:00,31.654,0.2545,0.15,0.0,0.0909,0.0833,5235.99,1,18.5782,28.508,step
2026-09-01T13:13:07.445383+00:00,31.792,0.2574,0.0,0.15,0.0894,0.085,5235.99,1,18.5404,28.53,step
2026-09-01T13:13:07.446611+00:00,31.39,0.2599,0.15,0.0,0.0878,0.0865,5235.99,1,18.5115,28.552,step
2026-09-01T13:13:07.447830+00:00,31.486,0.2624,0.15,0.0,0.0862,0.0879,5235.99,1,18.4838,28.574,step
2026-09-01T13:13:07.449044+00:00,31.622,0.2651,0.0,0.15,0.0845,0.0895,5235.99,1,18.451,28.596,step
2026-09-01T13:13:07.450301+00:00,31.22,0.2674,0.15,0.0,0.0828,0.0907,5235.99,1,18.428,28.618,step
2026-09-01T13:13:07.451545+00:00,31.317,0.2697,0.15,0.0,0.0811,0.0919,5235.99,1,18.4066,28.64,step
2026-09-01T13:13:07.452802+00:00,31.452,0.2722,0.15,0.0,0.0794,0.0933,5235.99,1,18.38,28.662,step
2026-09-01T13:13:07.454039+00:00,31.587,0.2748,0.0,0.15,0.0776,0.0946,5235.99,1,18.3537,28.684,step
2026-09-01T13:13:07.455272+00:00,31.187,0.2769,0.15,0.0,0.0758,0.0957,5235.99,1,18.3373,28.706,step
2026-09-01T13:13:07.456515+00:00,31.282,0.279,0.15,0.0,0.074,0.0966,5235.99,1,18.3224,28.728,step
2026-09-01T13:13:07.457759+00:00,31.417,0.2813,0.0,0.15,0.0722,0.0979,5235.99,1,18.3018,28.75,step
2026-09-01T13:13:07.459058+00:00,31.017,0.2833,0.15,0.0,0.0703,0.0987,5235.99,1,18.2905,28.772,step
2026-09-01T13:13:07.460367+00:00,31.113,0.2851,0.15,0.0,0.0684,0.0994,5235.99,1,18.2807,28.794,step
2026-09-01T13:13:07.461718+00:00,31.247,0.2867,0.15,0.0,0.0666,0.1,5235.99,1,18.2651,28.816,step
2026-09-01T13:13:07.463066+00:00,31.38,0.2884,0.0,0.15,0.0647,0.1006,5235.99,1,18.25,28.838,step
2026-09-01T13:13:07.464408+00:00,30.979,0.2896,0.15,0.0,0.0628,0.1008,5235.99,1,18.2446,28.86,step
2026-09-01T13:13:07.465644+00:00,31.076,0.2908,0.15,0.0,0.0609,0.101,5235.99,1,18.2405,28.882,step
2026-09-01T13:13:07.466890+00:00,31.209,0.2923,0.15,0.0,0.059,0.1015,5235.99,1,18.2301,28.904,step
2026-09-01T13:13:07.468124+00:00,31.342,0.2938,0.0,0.15,0.0571,0.1019,5235.99,1,18.2198,28.926,step
2026-09-01T13:13:07.469375+00:00,30.94,0.2949,0.15,0.0,0.0551,0.102,5235.99,1,18.2197,28.948,step
2026-09-01T13:13:07.470643+00:00,31.038,0.2959,0.15,0.0,0.0532,0.1021,5235.99,1,18.2202,28.97,step
2026-09-01T13:13:07.471880+00:00,31.17,0.2973,0.15,0.0,0.0513,0.1025,5235.99,1,18.2141,28.992,step
2026-09-01T13:13:07.473148+00:00,31.302,0.2987,0.0,0.15,0.0494,0.1028,5235.99,1,18.2084,29.014,step
2026-09-01T13:13:07.474418+00:00,30.898,0.2996,0.15,0.0,0.0475,0.1028,5235.99,1,18.2137,29.036,step
2026-09-01T13:13:07.475700+00:00,30.997,0.3005,0.15,0.0,0.0456,0.1027,5235.99,1,18.2205,29.058,step
2026-09-01T13:13:07.476960+00:00,31.129,0.3017,0.15,0.0,0.0437,0.103,5235.99,1,18.2203,29.08,step
2026-09-01T13:13:07.478213+00:00,31.261,0.3029,0.0,0.15,0.0418,0.1032,5235.99,1,18.2203,29.102,step
2026-09-01T13:13:07.479498+00:00,30.86,0.3037,0.15,0.0,0.0399,0.1031,5235.99,1,18.2306,29.124,step
2026-09-01T13:13:07.480777+00:00,30.957,0.3045,0.15,0.0,0.038,0.1029,5235.99,1,18.242,29.146,step
2026-09-01T13:13:07.482042+00:00,31.089,0.3056,0.15,0.0,0.0361,0.1031,5235.99,1,18.2467,29.168,step
2026-09-01T13:13:07.483311+00:00,31.221,0.3067,0.15,0.0,0.0342,0.1032,5235.99,1,18.2516,29.19,step
2026-09-01T13:13:07.484551+00:00,31.352,0.3078,0.0,0.15,0.0323,0.1033,5235.99,1,18.2571,29.212,step
2026-09-01T13:13:07.485799+00:00,30.951,0.308,0.15,0.0,0.0304,0.1026,5235.99,1,18.2735,29.234,step
2026-09-01T13:13:07.487045+00:00,31.047,0.3081,0.15,0.0,0.0286,0.102,5235.99,1,18.2912,29.256,step
2026-09-01T13:13:07.488272+00:00,31.179,0.3086,0.15,0.0,0.0267,0.1016,5235.99,1,18.3014,29.278,step
2026-09-01T13:13:07.489501+00:00,31.31,0.3091,0.15,0.0,0.0249,0.1013,5235.99,1,18.312,29.3,step
2026-09-01T13:13:07.490753+00:00,31.441,0.3096,0.0,0.15,0.0231,0.101,5235.99,1,18.3227,29.322,step
2026-09-01T13:13:07.492011+00:00,31.039,0.3097,0.15,0.0,0.0212,0.1003,5235.99,1,18.3446,29.344,step
2026-09-01T13:13:07.493267+00:00,31.138,0.3098,0.15,0.0,0.0195,0.0996,5235.99,1,18.3674,29.366,step
2026-09-01T13:13:07.494496+00:00,31.268,0.3102,0.15,0.0,0.0177,0.0992,5235.99,1,18.3822,29.388,step
2026-09-01T13:13:07.495735+00:00,31.398,0.3106,0.15,0.0,0.016,0.0988,5235.99,1,18.3966,29.41,step
2026-09-01T13:13:07.496981+00:00,31.527,0.311,0.15,0.0,0.0142,0.0984,5235.99,1,18.4118,29.432,step
2026-09-01T13:13:07.498234+00:00,31.657,0.3114,0.0,0.15,0.0125,0.0981,5235.99,1,18.4279,29.454,step
2026-09-01T13:13:07.499509+00:00,31.255,0.3114,0.15,0.0,0.0107,0.0973,5235.99,1,18.4557,29.476,step
2026-09-01T13:13:07.500772+00:00,31.352,0.3114,0.15,0.0,0.009,0.0966,5235.99,1,18.485,29.498,step
2026-09-01T13:13:07.502023+00:00,31.483,0.3116,0.15,0.0,0.0074,0.0961,5235.99,1,18.5066,29.52,step
2026-09-01T13:13:07.503280+00:00,31.614,0.3119,0.15,0.0,0.0057,0.0956,5235.99,1,18.5283,29.542,step
2026-09-01T13:13:07.504574+00:00,31.744,0.3122,0.15,0.0,0.0041,0.0952,5235.99,1,18.5504,29.564,step
2026-09-01T13:13:07.505873+00:00,31.874,0.3126,0.15,0.0,0.0024,0.0948,5235.99,1,18.5728,29.586,step
2026-09-01T13:13:07.507172+00:00,32.003,0.3129,0.0,0.15,0.0008,0.0944,5235.99,1,18.5961,29.608,step
2026-09-01T13:13:07.508417+00:00,31.603,0.3127,0.15,0.0,-0.0009,0.0936,5235.99,1,18.6314,29.63,step
2026-09-01T13:13:07.509658+00:00,31.698,0.3121,0.15,0.0,-0.0025,0.0924,5235.99,1,18.6685,29.652,step
2026-09-01T13:13:07.510895+00:00,31.829,0.3119,0.15,0.0,-0.004,0.0916,5235.99,1,18.6975,29.674,step
2026-09-01T13:13:07.512132+00:00,31.959,0.3116,0.15,0.0,-0.0055,0.0907,5235.99,1,18.7261,29.696,step
2026-09-01T13:13:07.513399+00:00,32.088,0.3114,0.15,0.0,-0.007,0.0899,5235.99,1,18.7552,29.718,step
2026-09-01T13:13:07.514637+00:00,32.218,0.3112,0.15,0.0,-0.0085,0.0891,5235.99,1,18.7842,29.74,step
2026-09-01T13:13:07.515884+00:00,32.347,0.311,0.0,0.15,-0.01,0.0884,5235.99,1,18.8137,29.762,step
2026-09-01T13:13:07.517164+00:00,31.947,0.3104,0.15,0.0,-0.0115,0.0872,5235.99,1,18.8551,29.784,step
2026-09-01T13:13:07.518408+00:00,32.042,0.3098,0.15,0.0,-0.0129,0.0861,5235.99,1,18.8973,29.806,step
2026-09-01T13:13:07.519653+00:00,32.171,0.3095,0.15,0.0,-0.0143,0.0853,5235.99,1,18.9313,29.828,step
2026-09-01T13:13:07.520884+00:00,32.301,0.3092,0.15,0.0,-0.0156,0.0845,5235.99,1,18.965,29.85,step
2026-09-01T13:13:07.522119+00:00,32.43,0.309,0.15,0.0,-0.017,0.0838,5235.99,1,18.9993,29.872,step
2026-09-01T13:13:07.523386+00:00,32.559,0.3087,0.15,0.0,-0.0183,0.083,5235.99,1,19.0348,29.894,step
2026-09-01T13:13:07.524644+00:00,32.688,0.3084,0.15,0.0,-0.0196,0.0822,5235.99,1,19.0712,29.916,step
2026-09-01T13:13:07.525909+00:00,32.817,0.3082,0.15,0.0,-0.0209,0.0815,5235.99,1,19.108,29.938,step
2026-09-01T13:13:07.527167+00:00,32.946,0.3079,0.0,0.15,-0.0221,0.0807,5235.99,1,19.1455,29.96,step
2026-09-01T13:13:07.528456+00:00,32.548,0.3073,0.15,0.0,-0.0234,0.0797,5235.99,1,19.1956,29.982,step
2026-09-01T13:13:07.529731+00:00,32.64,0.3066,0.15,0.0,-0.0246,0.0785,5235.99,1,19.2476,30.004,step
2026-09-01T13:13:07.531015+00:00,32.77,0.3062,0.15,0.0,-0.0258,0.0777,5235.99,1,19.291,30.026,step
2026-09-01T13:13:07.532264+00:00,32.9,0.3057,0.15,0.0,-0.0269,0.0768,5235.99,1,19.3336,30.048,step
2026-09-01T13:13:07.533500+00:00,33.029,0.305,0.15,0.0,-0.0281,0.0758,5235.99,1,19.3764,30.07,step
2026-09-01T13:13:07.534737+00:00,33.158,0.3043,0.15,0.0,-0.0292,0.0748,5235.99,1,19.4194,30.092,step
2026-09-01T13:13:07.535983+00:00,33.287,0.3036,0.15,0.0,-0.0302,0.0737,5235.99,1,19.4623,30.114,step
2026-09-01T13:13:07.537262+00:00,33.416,0.3029,0.15,0.0,-0.0313,0.0728,5236.79,1,19.5061,30.136,step
2026-09-01T13:13:07.538561+00:00,33.544,0.3023,0.15,0.0,-0.0323,0.0718,5257.36,1,19.5507,30.158,step
2026-09-01T13:13:07.539823+00:00,33.673,0.3016,0.15,0.0,-0.0333,0.0708,5277.92,1,19.5962,30.18,step
2026-09-01T13:13:07.541078+00:00,33.803,0.3009,0.15,0.0,-0.0343,0.0698,5296.37,1,19.6426,30.202,step
2026-09-01T13:13:07.542345+00:00,33.931,0.3002,0.0,0.15,-0.0352,0.0689,5316.92,1,19.6897,30.224,step
2026-09-01T13:13:07.543633+00:00,33.533,0.2992,0.15,0.0,-0.0362,0.0676,5235.99,1,19.7498,30.246,step
2026-09-01T13:13:07.544955+00:00,33.624,0.298,0.15,0.0,-0.037,0.0663,5274.29,1,19.8121,30.268,step
2026-09-01T13:13:07.546288+00:00,33.755,0.2972,0.15,0.0,-0.0379,0.0652,5292.62,1,19.8654,30.29,step
2026-09-01T13:13:07.547570+00:00,33.885,0.2965,0.15,0.0,-0.0387,0.0643,5311.89,1,19.9175,30.312,step
2026-09-01T13:13:07.548827+00:00,34.015,0.2958,0.15,0.0,-0.0395,0.0634,5331.54,1,19.9696,30.334,step
2026-09-01T13:13:07.550109+00:00,34.145,0.2951,0.15,0.0,-0.0402,0.0625,5351.4,1,20.0217,30.356,step
2026-09-01T13:13:07.551387+00:00,34.276,0.2945,0.15,0.0,-0.041,0.0617,5371.61,1,20.0735,30.378,step
2026-09-01T13:13:07.552665+00:00,34.406,0.2939,0.15,0.0,-0.0417,0.0608,5392.15,1,20.1255,30.4,step
2026-09-01T13:13:07.553958+00:00,34.536,0.2932,0.15,0.0,-0.0424,0.06,5412.96,1,20.1785,30.422,step
2026-09-01T13:13:07.555216+00:00,34.667,0.2924,0.15,0.0,-0.0431,0.0591,5433.7,1,20.2325,30.444,step
2026-09-01T13:13:07.556489+00:00,34.798,0.2914,0.15,0.0,-0.0437,0.058,5454.39,1,20.2875,30.466,step
2026-09-01T13:13:07.557762+00:00,34.929,0.2904,0.15,0.0,-0.0443,0.0569,5474.99,1,20.3435,30.488,step
2026-09-01T13:13:07.559015+00:00,35.06,0.2894,0.15,0.0,-0.0449,0.0558,5495.5,1,20.4002,30.51,step
2026-09-01T13:13:07.560276+00:00,35.192,0.2884,0.15,0.0,-0.0455,0.0547,5516.06,1,20.4577,30.532,step
2026-09-01T13:13:07.561527+00:00,35.324,0.2874,0.15,0.0,-0.046,0.0537,5536.6,1,20.5158,30.554,step
2026-09-01T13:13:07.562798+00:00,35.456,0.2864,0.15,0.0,-0.0465,0.0526,5555.52,1,20.5743,30.576,step
2026-09-01T13:13:07.564063+00:00,35.588,0.2855,0.0,0.15,-0.047,0.0517,5576.23,1,20.6328,30.598,step
2026-09-01T13:13:07.565348+00:00,35.189,0.2842,0.15,0.0,-0.0474,0.0504,5389.04,1,20.7046,30.62,step
2026-09-01T13:13:07.566636+00:00,35.278,0.2828,0.15,0.0,-0.0478,0.049,5532.78,1,20.7792,30.642,step
2026-09-01T13:13:07.567935+00:00,35.411,0.2817,0.15,0.0,-0.0482,0.048,5552.02,1,20.8438,30.664,step
2026-09-01T13:13:07.569251+00:00,35.543,0.2807,0.15,0.0,-0.0485,0.047,5571.66,1,20.9073,30.686,step
2026-09-01T13:13:07.570543+00:00,35.676,0.2797,0.15,0.0,-0.0488,0.0461,5591.69,1,20.9703,30.708,step
2026-09-01T13:13:07.571833+00:00,35.809,0.2788,0.15,0.0,-0.0491,0.0452,5612.0,1,21.033,30.73,step
2026-09-01T13:13:07.573131+00:00,35.942,0.2779,0.15,0.0,-0.0493,0.0444,5632.61,1,21.0952,30.752,step
2026-09-01T13:13:07.574423+00:00,36.075,0.2771,0.15,0.0,-0.0496,0.0436,5653.46,1,21.1576,30.774,step
2026-09-01T13:13:07.575718+00:00,36.208,0.2762,0.15,0.0,-0.0498,0.0428,5674.58,1,21.2205,30.796,step
2026-09-01T13:13:07.576961+00:00,36.342,0.2752,0.15,0.0,-0.05,0.0419,5695.76,1,21.2844,30.818,step
2026-09-01T13:13:07.578207+00:00,36.475,0.274,0.15,0.0,-0.0501,0.0408,5716.66,1,21.349,30.84,step
2026-09-01T13:13:07.579491+00:00,36.609,0.2728,0.15,0.0,-0.0502,0.0398,5737.61,1,21.4146,30.862,step
2026-09-01T13:13:07.580802+00:00,36.742,0.2717,0.15,0.0,-0.0503,0.0387,5758.47,1,21.481,30.884,step
2026-09-01T13:13:07.582099+00:00,36.876,0.2705,0.15,0.0,-0.0504,0.0377,5779.44,1,21.548,30.906,step
2026-09-01T13:13:07.583402+00:00,37.011,0.2693,0.15,0.0,-0.0504,0.0368,5800.32,1,21.6149,30.928,step
2026-09-01T13:13:07.584706+00:00,37.145,0.2682,0.15,0.0,-0.0504,0.0358,5819.71,1,21.6817,30.95,step
2026-09-01T13:13:07.585991+00:00,37.279,0.2671,0.15,0.0,-0.0504,0.0349,5840.71,1,21.7483,30.972,step
2026-09-01T13:13:07.587290+00:00,37.413,0.266,0.15,0.0,-0.0504,0.034,5862.1,1,21.8154,30.994,step
2026-09-01T13:13:07.588566+00:00,37.548,0.265,0.15,0.0,-0.0503,0.0332,5883.96,1,21.8831,31.016,step
2026-09-01T13:13:07.589875+00:00,37.682,0.2639,0.15,0.0,-0.0502,0.0323,5905.62,1,21.9525,31.038,step
2026-09-01T13:13:07.591166+00:00,37.817,0.2628,0.15,0.0,-0.0501,0.0315,5926.74,1,22.0225,31.06,step
2026-09-01T13:13:07.592439+00:00,37.952,0.2617,0.15,0.0,-0.0499,0.0306,5947.9,1,22.0932,31.082,step
2026-09-01T13:13:07.593735+00:00,38.087,0.2607,0.15,0.0,-0.0497,0.0298,5968.92,1,22.1639,31.104,step
2026-09-01T13:13:07.595013+00:00,38.222,0.2596,0.15,0.0,-0.0495,0.0291,5990.12,1,22.2352,31.126,step
2026-09-01T13:13:07.596311+00:00,38.358,0.2587,0.15,0.0,-0.0493,0.0283,6011.27,1,22.3065,31.148,step
2026-09-01T13:13:07.597563+00:00,38.494,0.2576,0.15,0.0,-0.0491,0.0275,6032.4,1,22.3783,31.17,step
2026-09-01T13:13:07.598825+00:00,38.629,0.2563,0.15,0.0,-0.0488,0.0266,6053.56,1,22.4506,31.192,step
2026-09-01T13:13:07.600085+00:00,38.765,0.255,0.15,0.0,-0.0485,0.0256,6074.71,1,22.5225,31.214,step
2026-09-01T13:13:07.601356+00:00,38.901,0.2538,0.15,0.0,-0.0482,0.0247,6095.92,1,22.595,31.236,step
2026-09-01T13:13:07.602635+00:00,39.037,0.2525,0.15,0.0,-0.0478,0.0238,6117.09,1,22.6673,31.258,step
2026-09-01T13:13:07.603924+00:00,39.173,0.2513,0.15,0.0,-0.0474,0.023,6138.36,1,22.7403,31.28,step
2026-09-01T13:13:07.605255+00:00,39.31,0.2501,0.15,0.0,-0.047,0.0222,6158.15,1,22.8131,31.302,step
2026-09-01T13:13:07.606650+00:00,39.446,0.2489,0.15,0.0,-0.0466,0.0214,6179.42,1,22.8848,31.324,step
2026-09-01T13:13:07.608067+00:00,39.581,0.2478,0.15,0.0,-0.0461,0.0206,6201.13,1,22.9572,31.346,step
2026-09-01T13:13:07.609519+00:00,39.717,0.2467,0.15,0.0,-0.0456,0.0199,6223.25,1,23.0309,31.368,step
2026-09-01T13:13:07.610962+00:00,39.853,0.2455,0.15,0.0,-0.0451,0.0192,6244.74,1,23.1053,31.39,step
2026-09-01T13:13:07.612375+00:00,39.99,0.2444,0.15,0.0,-0.0446,0.0184,6266.15,1,23.1802,31.412,step
2026-09-01T13:13:07.613804+00:00,40.127,0.2433,0.15,0.0,-0.044,0.0178,6287.47,1,23.2548,31.434,step
2026-09-01T13:13:07.615230+00:00,40.263,0.2423,0.15,0.0,-0.0434,0.0171,6308.74,1,23.3292,31.456,step
2026-09-01T13:13:07.616666+00:00,40.4,0.2413,0.15,0.0,-0.0428,0.0165,6330.02,1,23.4032,31.478,step
2026-09-01T13:13:07.618094+00:00,40.537,0.2403,0.15,0.0,-0.0422,0.016,6351.38,1,23.4771,31.5,step
2026-09-01T13:13:07.619452+00:00,40.674,0.239,0.15,0.0,-0.0416,0.0152,6372.7,1,23.5512,31.522,step
2026-09-01T13:13:07.620879+00:00,40.811,0.2377,0.15,0.0,-0.0409,0.0144,6394.06,1,23.6258,31.544,step
2026-09-01T13:13:07.622263+00:00,40.947,0.2365,0.15,0.0,-0.0402,0.0136,6415.39,1,23.701,31.566,step
2026-09-01T13:13:07.623696+00:00,41.084,0.2352,0.15,0.0,-0.0395,0.0129,6436.68,1,23.7759,31.588,step
2026-09-01T13:13:07.625031+00:00,41.221,0.234,0.15,0.0,-0.0387,0.0122,6457.99,1,23.8508,31.61,step
2026-09-01T13:13:07.626396+00:00,41.359,0.2329,0.0,0.15,-0.038,0.0116,6478.04,1,23.9247,31.632,step
2026-09-01T13:13:07.627742+00:00,40.951,0.2314,0.15,0.0,-0.0372,0.0106,6263.31,1,24.0127,31.654,step
2026-09-01T13:13:07.629096+00:00,41.023,0.2298,0.15,0.0,-0.0364,0.0097,6430.45,1,24.1045,31.676,step
2026-09-01T13:13:07.630468+00:00,41.161,0.2286,0.15,0.0,-0.0356,0.009,6450.0,1,24.1838,31.698,step
2026-09-01T13:13:07.631846+00:00,41.298,0.2275,0.15,0.0,-0.0348,0.0084,6470.4,1,24.2605,31.72,step
2026-09-01T13:13:07.633229+00:00,41.436,0.2264,0.15,0.0,-0.0339,0.0079,6490.95,1,24.3348,31.742,step
2026-09-01T13:13:07.634586+00:00,41.574,0.2254,0.15,0.0,-0.033,0.0074,6511.82,1,24.4074,31.764,step
2026-09-01T13:13:07.635958+00:00,41.711,0.2245,0.15,0.0,-0.0321,0.007,6533.06,1,24.4799,31.786,step
2026-09-01T13:13:07.637324+00:00,41.849,0.2236,0.15,0.0,-0.0312,0.0067,6554.55,1,24.5565,31.808,step
2026-09-01T13:13:07.638677+00:00,41.985,0.2226,0.15,0.0,-0.0303,0.0062,6576.38,1,24.6389,31.83,step
2026-09-01T13:13:07.640022+00:00,42.123,0.2214,0.0,0.15,-0.0294,0.0056,6597.99,1,24.7273,31.852,step
2026-09-01T13:13:07.641365+00:00,41.715,0.2199,0.15,0.0,-0.0284,0.0048,6377.34,1,24.8358,31.874,step
2026-09-01T13:13:07.642710+00:00,41.782,0.2184,0.15,0.0,-0.0274,0.0039,6549.07,1,24.9552,31.896,step
2026-09-01T13:13:07.644042+00:00,41.92,0.2171,0.15,0.0,-0.0264,0.0033,6568.11,1,25.0665,31.918,step
2026-09-01T13:13:07.645370+00:00,42.058,0.216,0.0,0.15,-0.0254,0.0027,6588.3,1,25.18,31.94,step
2026-09-01T13:13:07.646736+00:00,41.649,0.2146,0.15,0.0,-0.0244,0.002,6369.59,1,25.3133,31.962,step
2026-09-01T13:13:07.648097+00:00,41.718,0.2132,0.15,0.0,-0.0233,0.0013,6536.58,1,25.4568,31.984,step
2026-09-01T13:13:07.649452+00:00,41.856,0.2121,0.15,0.0,-0.0222,0.0008,6556.58,1,25.5918,32.006,step
2026-09-01T13:13:07.650731+00:00,41.981,0.2111,0.15,0.0,-0.0211,0.0005,6575.21,1,25.7174,32.026,step
2026-09-01T13:13:07.651964+00:00,42.107,0.2103,0.0,0.15,-0.0201,0.0002,6594.02,1,25.8471,32.046,step
2026-09-01T13:13:07.653260+00:00,41.747,0.2092,0.15,0.0,-0.0191,-0.0003,6384.09,1,25.9953,32.066,step
2026-09-01T13:13:07.654517+00:00,41.8,0.2081,0.15,0.0,-0.0181,-0.0008,6549.17,1,26.1552,32.086,step
2026-09-01T13:13:07.655791+00:00,41.925,0.2072,0.15,0.0,-0.017,-0.0011,6567.45,1,26.3081,32.106,step
2026-09-01T13:13:07.657037+00:00,42.051,0.2064,0.0,0.15,-0.0159,-0.0013,6586.09,1,26.4647,32.126,step
2026-09-01T13:13:07.658284+00:00,41.691,0.2053,0.15,0.0,-0.0149,-0.0017,6375.14,1,26.6411,32.146,step
2026-09-01T13:13:07.659519+00:00,41.744,0.2041,0.15,0.0,-0.0138,-0.0024,6540.06,1,26.8299,32.166,step
2026-09-01T13:13:07.660750+00:00,41.87,0.203,0.15,0.0,-0.0127,-0.0028,6558.28,1,27.0109,32.186,step
2026-09-01T13:13:07.662007+00:00,41.995,0.2021,0.15,0.0,-0.0116,-0.0031,6576.7,1,27.1972,32.206,step
2026-09-01T13:13:07.663283+00:00,42.121,0.2012,0.0,0.15,-0.0105,-0.0034,6595.3,1,27.3894,32.226,step
2026-09-01T13:13:07.664573+00:00,41.76,0.2001,0.15,0.0,-0.0093,-0.0038,6386.49,1,27.6045,32.246,step
2026-09-01T13:13:07.665846+00:00,41.812,0.199,0.15,0.0,-0.0082,-0.0043,6548.68,1,27.834,32.266,step
2026-09-01T13:13:07.667101+00:00,41.938,0.1981,0.15,0.0,-0.0071,-0.0045,6567.65,1,28.0563,32.286,step
2026-09-01T13:13:07.668371+00:00,42.063,0.1973,0.0,0.15,-0.0059,-0.0047,6586.47,1,28.2851,32.306,step
2026-09-01T13:13:07.669690+00:00,41.702,0.1963,0.15,0.0,-0.0048,-0.0051,6377.04,1,28.5396,32.326,step
2026-09-01T13:13:07.670997+00:00,41.754,0.1952,0.15,0.0,-0.0036,-0.0055,6540.69,1,28.8109,32.346,step
2026-09-01T13:13:07.672286+00:00,41.88,0.1945,0.15,0.0,-0.0025,-0.0057,6558.92,1,29.0751,32.366,step
2026-09-01T13:13:07.673548+00:00,42.006,0.1937,0.0,0.15,-0.0013,-0.0058,6577.48,1,29.3468,32.386,step
2026-09-01T13:13:07.674830+00:00,41.645,0.1928,0.15,0.0,-0.0001,-0.006,6368.48,1,29.6481,32.406,step
2026-09-01T13:13:07.676088+00:00,41.696,0.1919,0.15,0.0,0.001,-0.0063,6531.03,1,29.9687,32.426,step
2026-09-01T13:13:07.677376+00:00,41.822,0.1912,0.15,0.0,0.0022,-0.0064,6549.43,1,30.2822,32.446,step
2026-09-01T13:13:07.678615+00:00,41.948,0.1905,0.15,0.0,0.0034,-0.0065,6567.97,1,30.6054,32.466,step
2026-09-01T13:13:07.679839+00:00,42.074,0.1897,0.0,0.15,0.0046,-0.0067,6586.71,1,30.9398,32.486,step
2026-09-01T13:13:07.681096+00:00,41.713,0.1887,0.15,0.0,0.0058,-0.007,6379.27,1,31.3107,32.506,step
2026-09-01T13:13:07.682318+00:00,41.763,0.1876,0.15,0.0,0.007,-0.0074,6540.84,1,31.7062,32.526,step
2026-09-01T13:13:07.683546+00:00,41.889,0.1868,0.15,0.0,0.0082,-0.0076,6559.3,1,32.0979,32.546,step
2026-09-01T13:13:07.684788+00:00,42.015,0.1861,0.0,0.15,0.0094,-0.0077,6578.02,1,32.5014,32.566,step
2026-09-01T13:13:07.686068+00:00,41.653,0.1852,0.15,0.0,0.0106,-0.0079,6370.26,1,32.945,32.586,step
2026-09-01T13:13:07.687356+00:00,41.703,0.1842,0.15,0.0,0.0118,-0.0082,6531.07,1,33.4159,32.606,step
2026-09-01T13:13:07.688621+00:00,41.83,0.1835,0.15,0.0,0.0131,-0.0083,6549.59,1,33.8829,32.626,step
2026-09-01T13:13:07.689922+00:00,41.956,0.1829,0.15,0.0,0.0143,-0.0083,6568.26,1,34.3648,32.646,step
2026-09-01T13:13:07.691210+00:00,42.081,0.1823,0.0,0.15,0.0155,-0.0083,6587.1,1,34.8682,32.666,step
2026-09-01T13:13:07.692486+00:00,41.72,0.1815,0.15,0.0,0.0167,-0.0084,6380.25,1,35.4242,32.686,step
2026-09-01T13:13:07.693765+00:00,41.768,0.1807,0.15,0.0,0.0179,-0.0086,6541.08,1,36.0194,32.706,step
2026-09-01T13:13:07.695059+00:00,41.895,0.1801,0.15,0.0,0.0192,-0.0086,6559.48,1,36.6139,32.726,step
2026-09-01T13:13:07.696315+00:00,42.021,0.1796,0.0,0.15,0.0204,-0.0086,6578.24,1,37.2298,32.746,step
2026-09-01T13:13:07.697581+00:00,41.659,0.1788,0.15,0.0,0.0216,-0.0086,6370.46,1,37.9104,32.766,step
2026-09-01T13:13:07.698809+00:00,41.708,0.1779,0.15,0.0,0.0228,-0.0089,6531.51,1,38.6379,32.786,step
2026-09-01T13:13:07.700044+00:00,41.834,0.1772,0.15,0.0,0.024,-0.009,6549.77,1,39.3657,32.806,step
2026-09-01T13:13:07.701327+00:00,41.961,0.1765,0.15,0.0,0.0252,-0.009,6568.37,1,40.1228,32.826,step
2026-09-01T13:13:07.702608+00:00,42.087,0.1759,0.0,0.15,0.0265,-0.009,6587.16,1,40.92,32.846,step
2026-09-01T13:13:07.703894+00:00,41.725,0.1751,0.15,0.0,0.0277,-0.0092,6381.18,1,41.7995,32.866,step
2026-09-01T13:13:07.705177+00:00,41.772,0.1743,0.15,0.0,0.0289,-0.0094,6540.72,1,42.7405,32.886,step
2026-09-01T13:13:07.706457+00:00,41.899,0.1737,0.15,0.0,0.0301,-0.0094,6559.17,1,43.6903,32.906,step
2026-09-01T13:13:07.707725+00:00,42.025,0.1731,0.0,0.15,0.0313,-0.0093,6578.05,1,44.6891,32.926,step
2026-09-01T13:13:07.709064+00:00,41.663,-0.0276,0.8,0.0,0.0325,-0.0094,6371.16,1,45.7931,32.946,step
2026-09-01T13:13:07.710407+00:00,42.119,-0.0262,0.8,0.0,0.0335,-0.0079,7732.79,1,46.452,32.966,step
2026-09-01T13:13:07.711754+00:00,42.879,-0.0209,0.8,0.0,0.0341,-0.0032,8748.02,1,46.1462,32.986,step
2026-09-01T13:13:07.713070+00:00,43.706,-0.0141,0.8,0.0,0.0344,0.0026,9965.79,1,45.5471,33.006,step
2026-09-01T13:13:07.714392+00:00,44.584,0.1931,0.0,0.15,0.0344,0.0085,11123.3,1,44.906,33.026,step
2026-09-01T13:13:07.715748+00:00,45.304,0.1987,0.0,0.15,0.0343,0.0132,8288.12,1,44.6694,33.046,step
2026-09-01T13:13:07.717075+00:00,45.388,0.0014,0.8,0.0,0.0343,0.0154,6941.93,1,45.2001,33.066,step
2026-09-01T13:13:07.718374+00:00,45.798,0.0039,0.8,0.0,0.0342,0.0175,8396.87,1,45.783,33.086,step
2026-09-01T13:13:07.719666+00:00,46.596,0.0088,0.8,0.0,0.0337,0.0214,9580.95,1,45.7688,33.106,step
2026-09-01T13:13:07.720951+00:00,47.429,0.0148,0.8,0.0,0.0329,0.026,10840.1,1,45.5482,33.126,step
2026-09-01T13:13:07.722236+00:00,48.284,0.021,0.8,0.0,0.0319,0.0308,12028.6,1,45.302,33.146,step
2026-09-01T13:13:07.723518+00:00,49.161,0.0273,0.8,0.0,0.0306,0.0355,13156.3,1,45.0927,33.166,step
2026-09-01T13:13:07.724814+00:00,50.059,0.2336,0.0,0.15,0.0292,0.0401,14258.0,2,44.9436,33.186,step
2026-09-01T13:13:07.726127+00:00,50.781,0.0381,0.8,0.0,0.0276,0.0433,10175.8,2,45.2773,33.206,step
2026-09-01T13:13:07.727433+00:00,51.504,0.0407,0.8,0.0,0.026,0.0448,10177.7,2,46.1862,33.226,step
2026-09-01T13:13:07.728791+00:00,52.075,0.0452,0.8,0.0,0.024,0.0477,6004.22,2,46.677,33.246,step
2026-09-01T13:13:07.730130+00:00,52.537,0.0506,0.8,0.0,0.0219,0.0513,6433.19,2,46.9517,33.266,step
2026-09-01T13:13:07.731468+00:00,53.173,0.0562,0.8,0.0,0.0195,0.0549,6546.78,2,47.2508,33.286,step
2026-09-01T13:13:07.732802+00:00,53.833,0.0616,0.8,0.0,0.017,0.0584,6640.69,2,47.6263,33.306,step
2026-09-01T13:13:07.734148+00:00,54.505,0.067,0.8,0.0,0.0142,0.0618,6730.98,2,48.0947,33.326,step
2026-09-01T13:13:07.735439+00:00,55.185,0.0723,0.8,0.0,0.0113,0.0649,6823.44,2,48.6659,33.346,step
2026-09-01T13:13:07.736754+00:00,55.875,0.0772,0.8,0.0,0.0082,0.0678,6917.62,2,49.3447,33.366,step
2026-09-01T13:13:07.738078+00:00,56.574,0.0821,0.8,0.0,0.0049,0.0704,7014.53,2,50.1419,33.386,step
2026-09-01T13:13:07.739378+00:00,57.281,0.0869,0.8,0.0,0.0014,0.073,7116.15,2,51.0752,33.406,step
2026-09-01T13:13:07.740697+00:00,57.997,0.0915,0.8,0.0,-0.0022,0.0753,7223.56,2,52.2741,33.426,step
2026-09-01T13:13:07.742034+00:00,58.719,0.096,0.8,0.0,-0.006,0.0775,7340.65,2,54.0512,33.446,step
2026-09-01T13:13:07.743396+00:00,59.451,0.1004,0.8,0.0,-0.01,0.0795,7462.54,2,57.3142,33.466,step
2026-09-01T13:13:07.744769+00:00,60.194,0.1046,0.8,0.0,-0.0141,0.0813,7589.2,2,130.014,33.486,step
2026-09-01T13:13:07.746121+00:00,60.949,0.1086,0.8,0.0,-0.0184,0.0828,7720.42,2,127.885,33.506,step
2026-09-01T13:13:07.747498+00:00,61.715,0.1124,0.8,0.0,-0.0228,0.0842,7857.32,2,125.65,33.526,step
2026-09-01T13:13:07.748902+00:00,62.493,0.1161,0.8,0.0,-0.0274,0.0853,8001.02,2,123.321,33.546,step
2026-09-01T13:13:07.750272+00:00,63.282,0.1193,0.8,0.0,-0.0322,0.086,8153.51,2,120.896,33.566,step
2026-09-01T13:13:07.751629+00:00,64.081,0.1151,0.8,0.0,-0.0369,0.0806,8317.42,2,118.374,33.586,step
2026-09-01T13:13:07.752992+00:00,64.892,0.1106,0.8,0.0,-0.0414,0.0749,8495.34,2,115.794,33.606,step
2026-09-01T13:13:07.754322+00:00,65.714,0.1057,0.8,0.0,-0.0457,0.0691,8690.36,2,113.196,33.626,step
2026-09-01T13:13:07.755704+00:00,66.55,0.1007,0.8,0.0,-0.0498,0.0631,8901.8,2,110.598,33.646,step
2026-09-01T13:13:07.757071+00:00,67.402,0.0954,0.8,0.0,-0.0537,0.0572,9127.16,2,108.012,33.666,step
2026-09-01T13:13:07.758408+00:00,68.259,0.09,0.8,0.0,-0.0573,0.0511,9390.06,2,105.439,33.686,step
2026-09-01T13:13:07.759714+00:00,69.12,0.0844,0.8,0.0,-0.0608,0.045,9677.93,2,102.871,33.706,step
2026-09-01T13:13:07.761056+00:00,69.983,0.0785,0.8,0.0,-0.064,0.0388,9957.78,2,100.298,33.726,step
2026-09-01T13:13:07.762363+00:00,70.849,0.0724,0.8,0.0,-0.0671,0.0324,10228.0,2,97.7159,33.746,step
2026-09-01T13:13:07.763668+00:00,71.717,0.066,0.8,0.0,-0.0698,0.0259,10487.8,2,95.1318,33.766,step
2026-09-01T13:13:07.764976+00:00,72.588,0.0593,0.8,0.0,-0.0724,0.0193,10737.2,2,92.5527,33.786,step
2026-09-01T13:13:07.766278+00:00,73.461,0.0524,0.8,0.0,-0.0747,0.0126,10975.5,2,89.9833,33.806,step
2026-09-01T13:13:07.767558+00:00,74.338,0.0453,0.8,0.0,-0.0767,0.0058,11202.5,2,87.4322,33.826,step
2026-09-01T13:13:07.768827+00:00,75.218,0.038,0.8,0.0,-0.0785,-0.001,11418.1,2,84.9043,33.846,step
2026-09-01T13:13:07.770092+00:00,76.101,0.0305,0.8,0.0,-0.08,-0.0079,11622.9,2,82.3975,33.866,step
2026-09-01T13:13:07.771374+00:00,76.987,0.0228,0.8,0.0,-0.0812,-0.0149,11817.2,2,79.9206,33.886,step
2026-09-01T13:13:07.772641+00:00,77.874,0.0149,0.8,0.0,-0.0822,-0.0219,12003.0,2,77.4813,33.906,step
2026-09-01T13:13:07.773883+00:00,78.762,0.0068,0.8,0.0,-0.0828,-0.0288,12181.9,2,75.0859,33.926,step
2026-09-01T13:13:07.775116+00:00,79.65,-0.0013,0.8,0.0,-0.0831,-0.0357,12354.9,2,72.7439,33.946,step
2026-09-01T13:13:07.776319+00:00,80.539,-0.0096,0.15,0.0,-0.083,-0.0426,12523.2,3,70.4624,33.966,step
2026-09-01T13:13:07.777530+00:00,81.41,-0.0177,0.15,0.0,-0.0826,-0.0492,9725.89,3,68.2929,33.986,step
2026-09-01T13:13:07.778701+00:00,82.009,-0.0238,0.15,0.0,-0.0817,-0.0539,9730.12,3,66.6424,34.006,step
2026-09-01T13:13:07.779903+00:00,82.019,-0.0264,0.15,0.0,-0.0801,-0.0553,7506.98,3,65.8711,34.026,step
2026-09-01T13:13:07.781076+00:00,82.05,-0.0272,0.15,0.0,-0.0777,-0.055,7532.92,3,65.5403,34.046,step
2026-09-01T13:13:07.782243+00:00,82.091,-0.0274,0.15,0.0,-0.0749,-0.0541,7535.17,3,65.362,34.066,step
2026-09-01T13:13:07.783436+00:00,82.131,-0.0276,0.15,0.0,-0.0718,-0.0529,7537.75,3,65.229,34.086,step
2026-09-01T13:13:07.784609+00:00,82.17,-0.0277,0.15,0.0,-0.0685,-0.0516,7540.43,3,65.1151,34.106,step
2026-09-01T13:13:07.785789+00:00,82.208,-0.0278,0.15,0.0,-0.0651,-0.0503,7543.28,3,65.0098,34.126,step
2026-09-01T13:13:07.786979+00:00,82.245,-0.0279,0.15,0.0,-0.0616,-0.049,7546.24,3,64.9053,34.146,step
2026-09-01T13:13:07.788184+00:00,82.281,-0.028,0.15,0.0,-0.0582,-0.0476,7549.3,3,64.7975,34.166,step
2026-09-01T13:13:07.789389+00:00,82.317,-0.0281,0.15,0.0,-0.0547,-0.0463,7552.36,3,64.6859,34.186,step
2026-09-01T13:13:07.790610+00:00,82.353,-0.0282,0.15,0.0,-0.0514,-0.0449,7555.52,3,64.5697,34.206,step
2026-09-01T13:13:07.791808+00:00,82.389,-0.0283,0.15,0.0,-0.0481,-0.0436,7558.74,3,64.4491,34.226,step
2026-09-01T13:13:07.793015+00:00,82.424,-0.0283,0.15,0.0,-0.0449,-0.0423,7562.04,3,64.3251,34.246,step
2026-09-01T13:13:07.794224+00:00,82.459,-0.0282,0.15,0.0,-0.0417,-0.0409,7565.37,3,64.1982,34.266,step
2026-09-01T13:13:07.795436+00:00,82.495,-0.0282,0.15,0.0,-0.0387,-0.0396,7568.21,3,64.0687,34.286,step
2026-09-01T13:13:07.796624+00:00,82.53,-0.0281,0.15,0.0,-0.0358,-0.0383,7571.4,3,63.9365,34.306,step
2026-09-01T13:13:07.797819+00:00,82.564,-0.0279,0.15,0.0,-0.0329,-0.037,7574.78,3,63.8029,34.326,step
2026-09-01T13:13:07.799028+00:00,82.599,-0.0277,0.15,0.0,-0.0302,-0.0357,7578.18,3,63.6692,34.346,step
2026-09-01T13:13:07.800224+00:00,82.634,-0.0275,0.15,0.0,-0.0275,-0.0343,7581.48,3,63.5354,34.366,step
2026-09-01T13:13:07.801430+00:00,82.668,-0.0272,0.15,0.0,-0.025,-0.033,7584.71,3,63.3963,34.386,step
2026-09-01T13:13:07.802633+00:00,82.703,-0.0268,0.15,0.0,-0.0225,-0.0317,7587.91,3,63.2513,34.406,step
2026-09-01T13:13:07.803854+00:00,82.737,-0.0265,0.15,0.0,-0.0202,-0.0305,7591.06,3,63.104,34.426,step
2026-09-01T13:13:07.805083+00:00,82.772,-0.0261,0.15,0.0,-0.0179,-0.0292,7594.2,3,62.9503,34.446,step
2026-09-01T13:13:07.806329+00:00,82.806,-0.0257,0.15,0.0,-0.0157,-0.028,7597.31,3,62.7909,34.466,step
2026-09-01T13:13:07.807572+00:00,82.841,-0.0252,0.15,0.0,-0.0136,-0.0267,7600.42,3,62.6294,34.486,step
2026-09-01T13:13:07.808815+00:00,82.875,-0.0248,0.15,0.0,-0.0116,-0.0255,7603.53,3,62.4613,34.506,step
2026-09-01T13:13:07.810046+00:00,82.909,-0.0243,0.15,0.0,-0.0098,-0.0243,7606.63,3,62.287,34.526,step
2026-09-01T13:13:07.811281+00:00,82.943,-0.0238,0.15,0.0,-0.008,-0.0231,7609.75,3,62.105,34.546,step
2026-09-01T13:13:07.812511+00:00,82.977,-0.0232,0.15,0.0,-0.0062,-0.022,7612.86,3,61.9167,34.566,step
2026-09-01T13:13:07.813779+00:00,83.011,-0.0227,0.15,0.0,-0.0046,-0.0208,7615.61,3,61.7206,34.586,step
2026-09-01T13:13:07.815056+00:00,83.044,-0.0222,0.15,0.0,-0.0031,-0.0197,7618.68,3,61.5174,34.606,step
2026-09-01T13:13:07.816282+00:00,83.078,-0.0216,0.15,0.0,-0.0016,-0.0187,7621.87,3,61.3068,34.626,step
2026-09-01T13:13:07.817501+00:00,83.111,-0.021,0.15,0.0,-0.0002,-0.0176,7625.15,3,61.0904,34.646,step
2026-09-01T13:13:07.818725+00:00,83.145,-0.0205,0.15,0.0,0.0011,-0.0166,7628.35,3,60.8673,34.666,step
2026-09-01T13:13:07.819950+00:00,83.178,-0.0199,0.15,0.0,0.0023,-0.0156,7631.5,3,60.6341,34.686,step
2026-09-01T13:13:07.821185+00:00,83.212,-0.0193,0.15,0.0,0.0035,-0.0146,7634.58,3,60.3941,34.706,step
2026-09-01T13:13:07.822417+00:00,83.246,-0.0187,0.15,0.0,0.0045,-0.0137,7637.65,3,60.1467,34.726,step
2026-09-01T13:13:07.823666+00:00,83.279,-0.0181,0.15,0.0,0.0056,-0.0128,7640.72,3,59.893,34.746,step
2026-09-01T13:13:07.824925+00:00,83.312,-0.0175,0.15,0.0,0.0065,-0.0119,7643.76,3,59.6327,34.766,step
2026-09-01T13:13:07.826163+00:00,83.346,-0.0169,0.15,0.0,0.0074,-0.011,7646.8,3,59.3665,34.786,step
2026-09-01T13:13:07.827430+00:00,83.379,-0.0163,0.15,0.0,0.0082,-0.0102,7649.85,3,59.093,34.806,step
2026-09-01T13:13:07.828677+00:00,83.412,-0.0157,0.15,0.0,0.0089,-0.0094,7652.9,3,58.8094,34.826,step
2026-09-01T13:13:07.829930+00:00,83.445,-0.0151,0.15,0.0,0.0096,-0.0086,7655.94,3,58.5188,34.846,step
2026-09-01T13:13:07.831182+00:00,83.478,-0.0145,0.15,0.0,0.0102,-0.0079,7659.0,3,58.2205,34.866,step
2026-09-01T13:13:07.832457+00:00,83.511,-0.014,0.15,0.0,0.0108,-0.0071,7661.85,3,57.917,34.886,step
2026-09-01T13:13:07.833710+00:00,83.544,-0.0134,0.15,0.0,0.0113,-0.0064,7664.89,3,57.6064,34.906,step
2026-09-01T13:13:07.834956+00:00,83.577,-0.0128,0.15,0.0,0.0118,-0.0058,7667.99,3,57.2852,34.926,step
2026-09-01T13:13:07.836208+00:00,83.61,-0.0123,0.15,0.0,0.0122,-0.0051,7671.08,3,56.9578,34.946,step
2026-09-01T13:13:07.837453+00:00,83.643,-0.0117,0.15,0.0,0.0126,-0.0045,7674.15,3,56.6235,34.966,step
2026-09-01T13:13:07.838750+00:00,83.676,-0.0112,0.15,0.0,0.0129,-0.004,7677.18,3,56.2841,34.986,step
2026-09-01T13:13:07.840031+00:00,83.709,-0.0107,0.15,0.0,0.0132,-0.0034,7680.21,3,55.9375,35.006,step
2026-09-01T13:13:07.841352+00:00,83.742,-0.0101,0.15,0.0,0.0134,-0.0029,7683.2,3,55.5862,35.026,step
2026-09-01T13:13:07.842649+00:00,83.774,-0.0096,0.15,0.0,0.0136,-0.0023,7686.21,3,55.2277,35.046,step
2026-09-01T13:13:07.843954+00:00,83.807,-0.0091,0.15,0.0,0.0138,-0.0019,7689.22,3,54.8647,35.066,step
2026-09-01T13:13:07.845288+00:00,83.84,-0.0086,0.0,0.15,0.0139,-0.0014,7692.24,3,54.4946,35.086,step
2026-09-01T13:13:07.846607+00:00,83.488,-0.0081,0.0,0.15,0.014,-0.0009,7535.75,3,54.1248,35.106,step
2026-09-01T13:13:07.847913+00:00,82.955,-0.0076,0.0,0.15,0.0141,-0.0005,7484.99,3,53.7617,35.126,step
2026-09-01T13:13:07.849231+00:00,82.423,-0.007,0.0,0.15,0.0141,0.0,7435.28,3,53.4029,35.146,step
2026-09-01T13:13:07.850538+00:00,81.894,-0.0064,0.0,0.15,0.0141,0.0005,7387.1,3,53.044,35.166,step
2026-09-01T13:13:07.851870+00:00,81.368,-0.0059,0.0,0.15,0.014,0.001,7339.65,3,52.6794,35.186,step
2026-09-01T13:13:07.853195+00:00,80.843,-0.0053,0.0,0.15,0.014,0.0014,7293.16,3,52.3109,35.206,step
2026-09-01T13:13:07.854488+00:00,80.32,-0.0048,0.0,0.15,0.0139,0.0018,7246.87,3,51.9378,35.226,step
2026-09-01T13:13:07.855806+00:00,79.799,-0.0044,0.0,0.15,0.0138,0.0021,7200.59,2,51.5608,35.246,step
2026-09-01T13:13:07.857106+00:00,79.297,-0.0039,0.0,0.15,0.0136,0.0024,9051.62,2,51.1782,35.266,step
2026-09-01T13:13:07.858415+00:00,78.811,-0.0035,0.0,0.15,0.0135,0.0027,9030.14,2,50.7886,35.286,step
2026-09-01T13:13:07.859737+00:00,78.307,-0.0031,0.0,0.15,0.0133,0.0029,8874.03,2,50.398,35.306,step
2026-09-01T13:13:07.861046+00:00,77.731,-0.0027,0.0,0.15,0.0131,0.0032,8804.89,2,50.0143,35.326,step
2026-09-01T13:13:07.862375+00:00,77.157,-0.0023,0.0,0.15,0.0129,0.0034,8739.93,2,49.6347,35.346,step
2026-09-01T13:13:07.863708+00:00,76.585,-0.0019,0.0,0.15,0.0126,0.0037,8675.76,2,49.2547,35.366,step
2026-09-01T13:13:07.865029+00:00,76.016,-0.0015,0.0,0.15,0.0124,0.0039,8612.15,2,48.8731,35.386,step
2026-09-01T13:13:07.866350+00:00,75.449,-0.0011,0.0,0.15,0.0121,0.0041,8549.08,2,48.4885,35.406,step
2026-09-01T13:13:07.867660+00:00,74.885,-0.0008,0.0,0.15,0.0119,0.0043,8486.42,2,48.1017,35.426,step
2026-09-01T13:13:07.868979+00:00,74.324,-0.0005,0.0,0.15,0.0116,0.0045,8424.08,2,47.7152,35.446,step
2026-09-01T13:13:07.870315+00:00,73.766,-0.0002,0.0,0.15,0.0113,0.0046,8362.01,2,47.3269,35.466,step
2026-09-01T13:13:07.871613+00:00,73.21,0.0001,0.0,0.15,0.011,0.0047,8300.2,2,46.9367,35.486,step
2026-09-01T13:13:07.872928+00:00,72.658,0.0004,0.0,0.15,0.0107,0.0048,8237.35,2,46.5482,35.506,step
2026-09-01T13:13:07.874246+00:00,72.108,0.0006,0.0,0.15,0.0104,0.0049,8176.53,2,46.1615,35.526,step
2026-09-01T13:13:07.875578+00:00,71.56,0.0009,0.0,0.15,0.0101,0.0049,8115.8,2,45.7733,35.546,step
2026-09-01T13:13:07.876861+00:00,71.015,0.0011,0.0,0.15,0.0098,0.005,8055.14,2,45.384,35.566,step
2026-09-01T13:13:07.878169+00:00,70.472,-0.1987,0.0,0.15,0.0095,0.005,7994.62,2,44.9959,35.586,step
2026-09-01T13:13:07.879481+00:00,69.943,-0.1961,0.0,0.15,0.009,0.007,7934.72,2,44.9458,35.606,step
2026-09-01T13:13:07.880786+00:00,69.365,0.0112,0.8,0.0,0.008,0.0126,7868.57,2,45.5486,35.626,step
2026-09-01T13:13:07.882105+00:00,69.603,0.0182,0.8,0.0,0.0067,0.0179,8813.36,2,46.101,35.646,step
2026-09-01T13:13:07.883461+00:00,70.332,0.0208,0.8,0.0,0.0055,0.0196,9259.16,2,46.0046,35.666,step
2026-09-01T13:13:07.884816+00:00,71.166,0.0215,0.0,0.15,0.0043,0.0197,9593.52,2,45.6318,35.686,step
2026-09-01T13:13:07.886192+00:00,71.515,0.0215,0.0,0.15,0.0032,0.0192,8123.84,2,45.1491,35.706,step
2026-09-01T13:13:07.887578+00:00,70.956,-0.1788,0.0,0.15,0.0021,0.0186,8065.6,2,44.631,35.726,step
2026-09-01T13:13:07.888954+00:00,70.422,-0.1773,0.0,0.15,0.0009,0.0193,7993.18,2,44.3616,35.746,step
2026-09-01T13:13:07.890329+00:00,69.836,-0.1717,0.0,0.15,-0.0008,0.0233,7920.08,2,44.6928,35.766,step
2026-09-01T13:13:07.891746+00:00,69.263,0.0326,0.8,0.0,-0.0027,0.026,7849.62,2,45.43,35.786,step
2026-09-01T13:13:07.893151+00:00,69.493,0.0352,0.8,0.0,-0.0048,0.0274,8821.34,2,45.9502,35.806,step
2026-09-01T13:13:07.894570+00:00,70.204,0.0327,0.8,0.0,-0.0063,0.0246,9301.99,2,45.7245,35.826,step
2026-09-01T13:13:07.896003+00:00,71.01,0.0281,0.0,0.15,-0.0076,0.0203,9689.24,2,45.2112,35.846,step
2026-09-01T13:13:07.897475+00:00,71.4,-0.1772,0.0,0.15,-0.0085,0.0154,8114.89,2,44.6172,35.866,step
2026-09-01T13:13:07.898972+00:00,70.872,-0.1808,0.0,0.15,-0.0094,0.0121,8054.12,2,44.2901,35.886,step
2026-09-01T13:13:07.900455+00:00,70.295,-0.1804,0.0,0.15,-0.0104,0.012,7980.18,2,44.5348,35.906,step
2026-09-01T13:13:07.901923+00:00,69.714,0.0228,0.0,0.15,-0.0116,0.0142,7905.71,2,45.1942,35.926,step
2026-09-01T13:13:07.903378+00:00,69.17,0.0254,0.8,0.0,-0.0129,0.0158,7840.67,2,45.7349,35.946,step
2026-09-01T13:13:07.904835+00:00,69.418,0.0233,0.8,0.0,-0.0138,0.0136,8797.75,2,45.5587,35.966,step
2026-09-01T13:13:07.906279+00:00,70.135,0.0191,0.0,0.15,-0.0144,0.0099,9267.37,2,45.1001,35.986,step
2026-09-01T13:13:07.907772+00:00,70.353,-0.1856,0.0,0.15,-0.0148,0.0058,7992.33,2,44.5757,36.006,step
2026-09-01T13:13:07.909226+00:00,69.826,-0.1885,0.0,0.15,-0.0151,0.0033,7934.21,2,44.3445,36.026,step
2026-09-01T13:13:07.910708+00:00,69.254,-0.187,0.0,0.15,-0.0157,0.0043,7862.91,2,44.7274,36.046,step
2026-09-01T13:13:07.912235+00:00,68.683,0.0171,0.8,0.0,-0.0165,0.0074,7791.16,2,45.5182,36.066,step
2026-09-01T13:13:07.913697+00:00,68.916,0.02,0.8,0.0,-0.0174,0.0094,8726.96,2,46.1336,36.086,step
2026-09-01T13:13:07.915174+00:00,69.635,0.0181,0.8,0.0,-0.0179,0.0076,9177.08,2,46.0407,36.106,step
2026-09-01T13:13:07.916606+00:00,70.445,0.0146,0.0,0.15,-0.0181,0.0047,9546.71,2,45.6727,36.126,step
2026-09-01T13:13:07.918064+00:00,70.802,0.0105,0.0,0.15,-0.0181,0.0012,8043.94,2,45.2156,36.146,step
2026-09-01T13:13:07.919517+00:00,70.247,-0.1938,0.0,0.15,-0.0179,-0.0023,7984.44,2,44.7429,36.166,step
2026-09-01T13:13:07.920982+00:00,69.721,-0.1962,0.0,0.15,-0.0178,-0.0042,7913.91,2,44.5685,36.186,step
2026-09-01T13:13:07.922439+00:00,69.139,0.0059,0.8,0.0,-0.0179,-0.0025,7842.06,2,45.061,36.206,step
2026-09-01T13:13:07.923928+00:00,69.36,0.0082,0.8,0.0,-0.0181,-0.0007,8805.88,2,45.5896,36.226,step
2026-09-01T13:13:07.925409+00:00,70.078,0.0065,0.0,0.15,-0.0179,-0.0021,9276.96,2,45.5268,36.246,step
2026-09-01T13:13:07.926879+00:00,70.303,0.0032,0.0,0.15,-0.0176,-0.0046,7986.59,2,45.2348,36.266,step
2026-09-01T13:13:07.928329+00:00,69.755,-0.2005,0.0,0.15,-0.0171,-0.0075,7925.62,2,44.8615,36.286,step
2026-09-01T13:13:07.929781+00:00,69.232,-0.2021,0.0,0.15,-0.0166,-0.0086,7859.4,2,44.7998,36.306,step
2026-09-01T13:13:07.931212+00:00,68.655,0.0009,0.8,0.0,-0.0165,-0.0061,7789.02,2,45.4262,36.326,step
2026-09-01T13:13:07.932680+00:00,68.884,0.0038,0.8,0.0,-0.0165,-0.0037,8726.25,2,46.0569,36.346,step
2026-09-01T13:13:07.934142+00:00,69.603,0.0027,0.8,0.0,-0.0162,-0.0045,9177.34,2,46.0611,36.366,step
2026-09-01T13:13:07.935616+00:00,70.414,0.0001,0.8,0.0,-0.0157,-0.0065,9546.62,2,45.8306,36.386,step
2026-09-01T13:13:07.937103+00:00,71.293,-0.0031,0.0,0.15,-0.015,-0.0089,9812.47,2,45.5273,36.406,step
2026-09-01T13:13:07.938569+00:00,71.746,-0.0066,0.0,0.15,-0.0142,-0.0114,8152.08,2,45.1973,36.426,step
2026-09-01T13:13:07.940041+00:00,71.185,-0.2103,0.0,0.15,-0.0132,-0.0141,8089.9,2,44.8464,36.446,step
2026-09-01T13:13:07.941517+00:00,70.648,-0.2118,0.0,0.15,-0.0123,-0.015,8017.04,2,44.8023,36.466,step
2026-09-01T13:13:07.942999+00:00,70.057,-0.0088,0.0,0.15,-0.0118,-0.0123,7942.47,2,45.4508,36.486,step
2026-09-01T13:13:07.944473+00:00,69.49,-0.0054,0.8,0.0,-0.0114,-0.0093,7873.98,2,46.1799,36.506,step
2026-09-01T13:13:07.945939+00:00,69.738,-0.0062,0.8,0.0,-0.0108,-0.0097,8847.67,2,46.2403,36.526,step
2026-09-01T13:13:07.947398+00:00,70.452,-0.0085,0.8,0.0,-0.0101,-0.0113,9334.95,2,46.062,36.546,step
2026-09-01T13:13:07.948898+00:00,71.266,-0.0111,0.0,0.15,-0.0091,-0.0131,9712.38,2,45.831,36.566,step
2026-09-01T13:13:07.950374+00:00,71.654,-0.014,0.0,0.15,-0.0081,-0.015,8141.83,2,45.5826,36.586,step
2026-09-01T13:13:07.951846+00:00,71.098,-0.0171,0.0,0.15,-0.007,-0.0171,8081.56,2,45.3053,36.606,step
2026-09-01T13:13:07.953307+00:00,70.548,-0.0201,0.0,0.15,-0.0057,-0.0191,8009.29,2,45.0404,36.626,step
2026-09-01T13:13:07.954746+00:00,70.002,-0.2227,0.0,0.15,-0.0044,-0.0208,7940.6,2,44.8107,36.646,step
2026-09-01T13:13:07.956203+00:00,69.473,-0.2229,0.0,0.15,-0.0032,-0.0204,7876.96,2,44.9781,36.666,step
2026-09-01T13:13:07.957702+00:00,68.888,-0.0183,0.8,0.0,-0.0025,-0.0162,7808.84,2,45.924,36.686,step
2026-09-01T13:13:07.959164+00:00,69.103,-0.0137,0.8,0.0,-0.002,-0.0122,8770.56,2,46.8767,36.706,step
2026-09-01T13:13:07.960648+00:00,69.819,-0.0133,0.8,0.0,-0.0012,-0.0116,9242.07,2,47.136,36.726,step
2026-09-01T13:13:07.962150+00:00,70.637,-0.0145,0.8,0.0,-0.0003,-0.0122,9605.92,2,47.144,36.746,step
2026-09-01T13:13:07.963625+00:00,71.528,-0.0162,0.8,0.0,0.0008,-0.0132,9847.03,2,47.0672,36.766,step
2026-09-01T13:13:07.965096+00:00,72.464,-0.0181,0.0,0.15,0.0019,-0.0143,10007.3,2,46.9612,36.786,step
2026-09-01T13:13:07.966544+00:00,72.958,-0.0202,0.0,0.15,0.0032,-0.0155,8288.64,2,46.8182,36.806,step
2026-09-01T13:13:07.968004+00:00,72.386,-0.0227,0.0,0.15,0.0045,-0.0171,8223.24,2,46.5843,36.826,step
2026-09-01T13:13:07.969479+00:00,71.813,-0.0252,0.0,0.15,0.0057,-0.0186,8145.64,2,46.3622,36.846,step
2026-09-01T13:13:07.970959+00:00,71.258,-0.0274,0.0,0.15,0.0071,-0.0199,8075.25,2,46.1933,36.866,step
2026-09-01T13:13:07.972431+00:00,70.711,-0.0293,0.8,0.0,0.0084,-0.0209,8011.95,2,46.0717,36.886,step
2026-09-01T13:13:07.973918+00:00,70.989,-0.0311,0.0,0.15,0.0098,-0.0218,9037.76,2,45.9851,36.906,step
2026-09-01T13:13:07.975418+00:00,71.022,-0.0327,0.0,0.15,0.0113,-0.0226,8063.49,2,45.9243,36.926,step
2026-09-01T13:13:07.976905+00:00,70.476,-0.0344,0.8,0.0,0.0127,-0.0233,8001.25,2,45.8619,36.946,step
2026-09-01T13:13:07.978338+00:00,70.785,-0.0359,0.0,0.15,0.0142,-0.024,8946.58,2,45.8132,36.966,step
2026-09-01T13:13:07.979796+00:00,70.791,-0.0373,0.0,0.15,0.0158,-0.0245,8040.38,2,45.7828,36.986,step
2026-09-01T13:13:07.981263+00:00,70.247,-0.0387,0.8,0.0,0.0173,-0.025,7977.47,2,45.7483,37.006,step
2026-09-01T13:13:07.982744+00:00,70.55,-0.04,0.0,0.15,0.0189,-0.0254,8912.21,2,45.7312,37.026,step
2026-09-01T13:13:07.984203+00:00,70.557,-0.0412,0.0,0.15,0.0205,-0.0258,8013.2,2,45.7374,37.046,step
2026-09-01T13:13:07.985701+00:00,70.012,-0.0424,0.8,0.0,0.0221,-0.0261,7948.18,2,45.74,37.066,step
2026-09-01T13:13:07.987176+00:00,70.303,-0.0435,0.8,0.0,0.0237,-0.0264,8894.51,2,45.7633,37.086,step
2026-09-01T13:13:07.988628+00:00,71.041,-0.0444,0.0,0.15,0.0254,-0.0264,9345.9,2,45.8452,37.106,step
2026-09-01T13:13:07.990109+00:00,71.249,-0.0451,0.0,0.15,0.0271,-0.0263,8093.04,2,45.9425,37.126,step
2026-09-01T13:13:07.991559+00:00,70.694,-0.046,0.8,0.0,0.0288,-0.0264,8030.21,2,45.9918,37.146,step
2026-09-01T13:13:07.993054+00:00,70.991,-0.0469,0.0,0.15,0.0304,-0.0264,8965.92,2,46.0526,37.166,step
2026-09-01T13:13:07.994529+00:00,70.997,-0.0476,0.0,0.15,0.0321,-0.0263,8062.41,2,46.1426,37.186,step
2026-09-01T13:13:07.996000+00:00,70.448,-0.0483,0.8,0.0,0.0337,-0.0262,7995.37,2,46.2314,37.206,step
2026-09-01T13:13:07.997478+00:00,70.736,-0.0488,0.8,0.0,0.0353,-0.026,8959.03,2,46.3463,37.226,step
2026-09-01T13:13:07.998955+00:00,71.472,-0.0491,0.8,0.0,0.037,-0.0255,9425.36,2,46.5249,37.246,step
2026-09-01T13:13:08.000425+00:00,72.291,-0.0491,0.0,0.15,0.0386,-0.0248,9791.15,2,46.7637,37.266,step
2026-09-01T13:13:08.001915+00:00,72.658,-0.0491,0.0,0.15,0.0403,-0.0241,8255.35,2,46.9982,37.286,step
2026-09-01T13:13:08.003374+00:00,72.096,-0.0496,0.8,0.0,0.042,-0.0239,8190.02,2,47.1186,37.306,step
2026-09-01T13:13:08.004824+00:00,72.385,-0.0501,0.8,0.0,0.0435,-0.0236,9149.42,2,47.237,37.326,step
2026-09-01T13:13:08.006278+00:00,73.14,-0.0502,0.0,0.15,0.0451,-0.0231,9611.0,2,47.4381,37.346,step
2026-09-01T13:13:08.007791+00:00,73.353,-0.0502,0.0,0.15,0.0467,-0.0224,8330.02,2,47.6599,37.366,step
2026-09-01T13:13:08.009259+00:00,72.788,-0.0505,0.8,0.0,0.0482,-0.0221,8259.9,2,47.818,37.386,step
2026-09-01T13:13:08.010754+00:00,73.07,-0.0508,0.8,0.0,0.0496,-0.0216,9269.61,2,47.9963,37.406,step
2026-09-01T13:13:08.012232+00:00,73.817,-0.0506,0.8,0.0,0.051,-0.0209,9754.37,2,48.2607,37.426,step
2026-09-01T13:13:08.013706+00:00,74.638,-0.05,0.8,0.0,0.0525,-0.0198,10109.4,2,48.6025,37.446,step
2026-09-01T13:13:08.015185+00:00,75.51,-0.0492,0.0,0.15,0.054,-0.0185,10368.6,2,48.9999,37.466,step
2026-09-01T13:13:08.016664+00:00,75.973,-0.0485,0.0,0.15,0.0555,-0.0173,8640.57,2,49.3758,37.486,step
2026-09-01T13:13:08.018147+00:00,75.401,-0.0487,0.8,0.0,0.0568,-0.0169,8559.12,2,49.5619,37.506,step
2026-09-01T13:13:08.019629+00:00,75.678,-0.0489,0.8,0.0,0.0581,-0.0165,9599.16,2,49.7332,37.526,step
2026-09-01T13:13:08.021124+00:00,76.434,-0.0486,0.8,0.0,0.0593,-0.0158,10063.4,2,50.0154,37.546,step
2026-09-01T13:13:08.022632+00:00,77.255,-0.0479,0.8,0.0,0.0606,-0.0147,10408.9,2,50.3923,37.566,step
2026-09-01T13:13:08.024140+00:00,78.115,-0.0469,0.8,0.0,0.0618,-0.0133,10681.0,2,50.8418,37.586,step
2026-09-01T13:13:08.025643+00:00,79.006,-0.0457,0.0,0.15,0.0631,-0.0118,10894.3,2,51.3468,37.606,step
2026-09-01T13:13:08.027136+00:00,79.51,-0.0447,0.15,0.0,0.0643,-0.0104,9058.23,2,51.8236,37.626,step
2026-09-01T13:13:08.028625+00:00,79.321,-0.0448,0.8,0.0,0.0654,-0.0101,9184.42,2,52.0213,37.646,step
2026-09-01T13:13:08.030113+00:00,79.836,-0.045,0.15,0.0,0.0664,-0.0099,10098.7,2,52.1707,37.666,step
2026-09-01T13:13:08.031620+00:00,80.308,-0.045,0.15,0.0,0.0673,-0.0095,9306.06,3,52.392,37.686,step
2026-09-01T13:13:08.033143+00:00,80.294,-0.0452,0.15,0.0,0.0681,-0.0093,7383.45,3,52.5554,37.706,step
2026-09-01T13:13:08.034670+00:00,80.243,-0.0453,0.15,0.0,0.0688,-0.0091,7396.29,3,52.7468,37.726,step
2026-09-01T13:13:08.036188+00:00,80.201,-0.0452,0.15,0.0,0.0694,-0.0087,7340.75,3,52.9656,37.746,step
2026-09-01T13:13:08.037705+00:00,80.21,-0.0452,0.15,0.0,0.0701,-0.0085,7361.56,3,53.1735,37.766,step
2026-09-01T13:13:08.039173+00:00,80.247,-0.0452,0.15,0.0,0.0706,-0.0082,7364.52,3,53.353,37.786,step
2026-09-01T13:13:08.040662+00:00,80.284,-0.0452,0.15,0.0,0.0712,-0.008,7367.55,3,53.5227,37.806,step
2026-09-01T13:13:08.042173+00:00,80.321,-0.0453,0.15,0.0,0.0717,-0.0079,7370.73,3,53.6891,37.826,step
2026-09-01T13:13:08.043702+00:00,80.358,-0.0453,0.15,0.0,0.0722,-0.0077,7373.94,3,53.8547,37.846,step
2026-09-01T13:13:08.045221+00:00,80.395,-0.0454,0.15,0.0,0.0726,-0.0076,7377.23,3,54.0217,37.866,step
2026-09-01T13:13:08.046748+00:00,80.432,-0.0455,0.15,0.0,0.0731,-0.0074,7380.6,3,54.1896,37.886,step
2026-09-01T13:13:08.048274+00:00,80.469,-0.0455,0.15,0.0,0.0735,-0.0073,7384.02,3,54.3597,37.906,step
2026-09-01T13:13:08.049772+00:00,80.506,-0.0455,0.15,0.0,0.0739,-0.0071,7387.49,3,54.5398,37.926,step
2026-09-01T13:13:08.051252+00:00,80.543,-0.0454,0.15,0.0,0.0743,-0.0069,7390.93,3,54.7284,37.946,step
2026-09-01T13:13:08.052759+00:00,80.579,-0.0453,0.15,0.0,0.0747,-0.0067,7394.33,3,54.9182,37.966,step
2026-09-01T13:13:08.054252+00:00,80.616,-0.0453,0.15,0.0,0.0751,-0.0064,7397.65,3,55.1089,37.986,step
2026-09-01T13:13:08.055736+00:00,80.653,-0.0452,0.15,0.0,0.0754,-0.0062,7401.01,3,55.303,38.006,step
2026-09-01T13:13:08.057240+00:00,80.69,-0.0451,0.15,0.0,0.0757,-0.006,7404.36,3,55.5008,38.026,step
2026-09-01T13:13:08.058730+00:00,80.726,-0.045,0.15,0.0,0.0761,-0.0058,7407.71,3,55.704,38.046,step
2026-09-01T13:13:08.060223+00:00,80.763,-0.0449,0.15,0.0,0.0764,-0.0056,7411.05,3,55.9107,38.066,step
2026-09-01T13:13:08.061688+00:00,80.799,-0.0446,0.15,0.0,0.0767,-0.0053,7414.39,3,56.1214,38.086,step
2026-09-01T13:13:08.063166+00:00,80.836,-0.0444,0.15,0.0,0.0769,-0.005,7417.73,3,56.3373,38.106,step
2026-09-01T13:13:08.064690+00:00,80.873,-0.0442,0.15,0.0,0.0771,-0.0047,7421.07,3,56.5508,38.126,step
2026-09-01T13:13:08.066226+00:00,80.909,-0.044,0.15,0.0,0.0774,-0.0044,7424.36,3,56.7621,38.146,step
2026-09-01T13:13:08.067734+00:00,80.945,-0.0438,0.15,0.0,0.0776,-0.0042,7427.7,3,56.977,38.166,step
2026-09-01T13:13:08.069234+00:00,80.982,-0.0436,0.15,0.0,0.0778,-0.0039,7431.04,3,57.1954,38.186,step
2026-09-01T13:13:08.070719+00:00,81.018,-0.0434,0.15,0.0,0.0779,-0.0037,7434.38,3,57.4172,38.206,step
2026-09-01T13:13:08.072184+00:00,81.054,-0.0431,0.15,0.0,0.0781,-0.0034,7437.71,3,57.6394,38.226,step
2026-09-01T13:13:08.073642+00:00,81.091,-0.0429,0.15,0.0,0.0782,-0.0031,7441.04,3,57.867,38.246,step
2026-09-01T13:13:08.075124+00:00,81.127,-0.0426,0.15,0.0,0.0783,-0.0029,7444.35,3,58.1035,38.266,step
2026-09-01T13:13:08.076613+00:00,81.163,-0.0423,0.15,0.0,0.0784,-0.0026,7447.6,3,58.35,38.286,step
2026-09-01T13:13:08.078119+00:00,81.199,-0.042,0.15,0.0,0.0785,-0.0023,7450.9,3,58.602,38.306,step
2026-09-01T13:13:08.079627+00:00,81.235,-0.0418,0.15,0.0,0.0785,-0.0021,7454.21,3,58.859,38.326,step
2026-09-01T13:13:08.081106+00:00,81.271,-0.0415,0.15,0.0,0.0786,-0.0019,7457.52,3,59.1263,38.346,step
2026-09-01T13:13:08.082558+00:00,81.307,-0.0413,0.15,0.0,0.0786,-0.0016,7460.83,3,59.4043,38.366,step
2026-09-01T13:13:08.084011+00:00,81.343,-0.0409,0.15,0.0,0.0786,-0.0014,7464.13,3,59.6886,38.386,step
2026-09-01T13:13:08.085483+00:00,81.379,-0.0406,0.15,0.0,0.0786,-0.0011,7467.43,3,59.9777,38.406,step
2026-09-01T13:13:08.086974+00:00,81.415,-0.0403,0.15,0.0,0.0786,-0.0008,7470.69,3,60.2788,38.426,step
2026-09-01T13:13:08.088459+00:00,81.451,-0.04,0.15,0.0,0.0785,-0.0006,7473.92,3,60.5845,38.446,step
2026-09-01T13:13:08.089975+00:00,81.487,-0.0397,0.15,0.0,0.0785,-0.0004,7477.2,3,60.8956,38.466,step
2026-09-01T13:13:08.091453+00:00,81.522,-0.0394,0.15,0.0,0.0784,-0.0002,7480.49,3,61.2183,38.486,step
2026-09-01T13:13:08.092930+00:00,81.558,-0.0392,0.15,0.0,0.0783,-0.0,7483.78,3,61.5474,38.506,step
2026-09-01T13:13:08.094402+00:00,81.594,-0.0389,0.15,0.0,0.0782,0.0002,7487.06,3,61.8823,38.526,step
2026-09-01T13:13:08.095868+00:00,81.63,-0.0385,0.15,0.0,0.078,0.0004,7490.34,3,62.2289,38.546,step
2026-09-01T13:13:08.097333+00:00,81.665,-0.0382,0.15,0.0,0.0779,0.0006,7493.6,3,62.591,38.566,step
2026-09-01T13:13:08.098793+00:00,81.701,-0.0379,0.15,0.0,0.0777,0.0008,7496.77,3,62.9586,38.586,step
2026-09-01T13:13:08.100301+00:00,81.737,-0.0376,0.15,0.0,0.0776,0.001,7500.02,3,63.3339,38.606,step
2026-09-01T13:13:08.101809+00:00,81.772,-0.0373,0.15,0.0,0.0774,0.0012,7503.28,3,63.723,38.626,step
2026-09-01T13:13:08.103279+00:00,81.808,-0.037,0.15,0.0,0.0772,0.0013,7506.55,3,64.1181,38.646,step
2026-09-01T13:13:08.104712+00:00,81.843,-0.0368,0.15,0.0,0.077,0.0015,7509.82,3,64.5223,38.666,step
2026-09-01T13:13:08.106149+00:00,81.878,-0.0364,0.15,0.0,0.0768,0.0016,7513.07,3,64.9394,38.686,step
2026-09-01T13:13:08.107605+00:00,81.914,-0.0361,0.15,0.0,0.0766,0.0018,7516.31,3,65.3645,38.706,step
2026-09-01T13:13:08.109081+00:00,81.949,-0.0358,0.15,0.0,0.0763,0.0019,7519.44,3,65.7969,38.726,step
2026-09-01T13:13:08.110532+00:00,81.984,-0.0356,0.15,0.0,0.0761,0.0021,7522.66,3,66.2441,38.746,step
2026-09-01T13:13:08.112011+00:00,82.019,-0.0353,0.15,0.0,0.0759,0.0022,7525.89,3,66.71,38.766,step
2026-09-01T13:13:08.113482+00:00,82.055,-0.035,0.15,0.0,0.0756,0.0023,7529.13,3,67.1839,38.786,step
2026-09-01T13:13:08.114951+00:00,82.09,-0.0348,0.15,0.0,0.0753,0.0024,7532.38,3,67.6681,38.806,step
2026-09-01T13:13:08.116368+00:00,82.125,-0.0344,0.15,0.0,0.0751,0.0026,7535.61,3,68.1691,38.826,step
2026-09-01T13:13:08.117810+00:00,82.16,-0.0342,0.15,0.0,0.0748,0.0027,7538.82,3,68.6784,38.846,step
2026-09-01T13:13:08.119266+00:00,82.195,-0.0339,0.15,0.0,0.0745,0.0028,7542.0,3,69.1978,38.866,step
2026-09-01T13:13:08.120736+00:00,82.23,-0.0336,0.15,0.0,0.0742,0.0029,7545.11,3,69.7345,38.886,step
2026-09-01T13:13:08.122203+00:00,82.265,-0.0334,0.15,0.0,0.0739,0.003,7548.31,3,70.2925,38.906,step
2026-09-01T13:13:08.123661+00:00,82.3,-0.0331,0.15,0.0,0.0735,0.003,7551.52,3,70.8606,38.926,step
2026-09-01T13:13:08.125120+00:00,82.335,-0.0329,0.15,0.0,0.0732,0.0031,7554.75,3,71.4414,38.946,step
2026-09-01T13:13:08.126557+00:00,82.369,-0.0326,0.15,0.0,0.0729,0.0032,7557.96,3,72.0415,38.966,step
2026-09-01T13:13:08.127992+00:00,82.404,-0.0324,0.15,0.0,0.0726,0.0033,7561.15,3,72.6667,38.986,step
2026-09-01T13:13:08.129489+00:00,82.439,-0.0321,0.15,0.0,0.0722,0.0033,7564.33,3,73.303,39.006,step
2026-09-01T13:13:08.130916+00:00,82.474,-0.0319,0.15,0.0,0.0719,0.0034,7567.36,3,73.9502,39.026,step
2026-09-01T13:13:08.132357+00:00,82.508,-0.0316,0.15,0.0,0.0716,0.0034,7570.53,3,74.6217,39.046,step
2026-09-01T13:13:08.133807+00:00,82.543,-0.0314,0.15,0.0,0.0712,0.0035,7573.71,3,75.3168,39.066,step
2026-09-01T13:13:08.135263+00:00,82.577,-0.0312,0.15,0.0,0.0709,0.0035,7576.91,3,75.8827,39.086,step
2026-09-01T13:13:08.136669+00:00,82.611,-0.031,0.15,0.0,0.0705,0.0036,7580.1,3,76.3004,39.106,step
2026-09-01T13:13:08.138088+00:00,82.646,-0.0308,0.15,0.0,0.0702,0.0036,7583.26,3,76.6263,39.126,step
2026-09-01T13:13:08.139526+00:00,82.68,-0.0305,0.15,0.0,0.0698,0.0037,7586.41,3,76.8845,39.146,step
2026-09-01T13:13:08.140971+00:00,82.715,-0.0303,0.15,0.0,0.0695,0.0037,7589.41,3,77.0907,39.166,step
2026-09-01T13:13:08.142425+00:00,82.749,-0.0301,0.15,0.0,0.0691,0.0037,7592.53,3,77.2471,39.186,step
2026-09-01T13:13:08.143877+00:00,82.783,-0.0299,0.15,0.0,0.0688,0.0037,7595.68,3,77.362,39.206,step
2026-09-01T13:13:08.145303+00:00,82.817,-0.0297,0.15,0.0,0.0684,0.0037,7598.85,3,77.446,39.226,step
2026-09-01T13:13:08.146721+00:00,82.851,-0.0295,0.15,0.0,0.068,0.0037,7602.01,3,77.5061,39.246,step
2026-09-01T13:13:08.148130+00:00,82.885,-0.0293,0.15,0.0,0.0677,0.0038,7605.15,3,77.5441,39.266,step
2026-09-01T13:13:08.149544+00:00,82.919,-0.0291,0.15,0.0,0.0673,0.0038,7608.27,3,77.5564,39.286,step
2026-09-01T13:13:08.150989+00:00,82.953,-0.0289,0.15,0.0,0.067,0.0038,7611.26,3,77.5454,39.306,step
2026-09-01T13:13:08.152420+00:00,82.987,-0.0287,0.15,0.0,0.0666,0.0038,7614.32,3,77.5183,39.326,step
2026-09-01T13:13:08.153857+00:00,83.021,-0.0286,0.15,0.0,0.0662,0.0038,7617.43,3,77.4772,39.346,step
2026-09-01T13:13:08.155271+00:00,83.055,-0.0284,0.15,0.0,0.0659,0.0038,7620.56,3,77.4234,39.366,step
2026-09-01T13:13:08.156667+00:00,83.088,-0.0282,0.15,0.0,0.0655,0.0038,7623.7,3,77.3528,39.386,step
2026-09-01T13:13:08.158066+00:00,83.122,-0.0281,0.15,0.0,0.0652,0.0038,7626.81,3,77.2666,39.406,step
2026-09-01T13:13:08.159468+00:00,83.156,-0.0279,0.15,0.0,0.0648,0.0038,7629.91,3,77.1693,39.426,step
2026-09-01T13:13:08.160874+00:00,83.189,-0.0277,0.15,0.0,0.0645,0.0037,7632.95,3,77.0628,39.446,step
2026-09-01T13:13:08.162297+00:00,83.223,-0.0276,0.15,0.0,0.0641,0.0037,7635.86,3,76.9471,39.466,step
2026-09-01T13:13:08.163729+00:00,83.256,-0.0274,0.15,0.0,0.0638,0.0037,7638.94,3,76.8244,39.486,step
2026-09-01T13:13:08.165151+00:00,83.29,-0.0273,0.15,0.0,0.0634,0.0037,7642.04,3,76.6891,39.506,step
2026-09-01T13:13:08.166559+00:00,83.323,-0.0272,0.15,0.0,0.0631,0.0036,7645.15,3,76.5426,39.526,step
2026-09-01T13:13:08.167931+00:00,83.356,-0.027,0.15,0.0,0.0627,0.0036,7648.23,3,76.3885,39.546,step
2026-09-01T13:13:08.169311+00:00,83.389,-0.0269,0.15,0.0,0.0624,0.0036,7651.29,3,76.228,39.566,step
2026-09-01T13:13:08.170719+00:00,83.423,-0.0267,0.15,0.0,0.062,0.0036,7654.34,3,76.0616,39.586,step
2026-09-01T13:13:08.172109+00:00,83.456,-0.0266,0.15,0.0,0.0617,0.0035,7657.17,3,75.8894,39.606,step
2026-09-01T13:13:08.173536+00:00,83.489,-0.0265,0.15,0.0,0.0614,0.0035,7660.2,3,75.712,39.626,step
2026-09-01T13:13:08.174944+00:00,83.522,-0.0263,0.15,0.0,0.061,0.0035,7663.26,3,75.5255,39.646,step
2026-09-01T13:13:08.176368+00:00,83.555,-0.0262,0.15,0.0,0.0607,0.0034,7666.35,3,75.3301,39.666,step
2026-09-01T13:13:08.177750+00:00,83.588,-0.0261,0.15,0.0,0.0604,0.0034,7669.4,3,75.1292,39.686,step
2026-09-01T13:13:08.179122+00:00,83.621,-0.026,0.15,0.0,0.0601,0.0034,7672.43,3,74.9237,39.706,step
2026-09-01T13:13:08.180547+00:00,83.653,-0.0259,0.15,0.0,0.0597,0.0033,7675.45,3,74.7142,39.726,step
2026-09-01T13:13:08.181936+00:00,83.686,-0.0258,0.15,0.0,0.0594,0.0033,7678.23,3,74.5002,39.746,step
2026-09-01T13:13:08.183341+00:00,83.719,-0.0257,0.15,0.0,0.0591,0.0033,7681.22,3,74.2821,39.766,step
2026-09-01T13:13:08.184729+00:00,83.751,-0.0255,0.15,0.0,0.0588,0.0032,7684.24,3,74.0607,39.786,step
2026-09-01T13:13:08.186133+00:00,83.784,-0.0254,0.15,0.0,0.0585,0.0032,7687.29,3,73.8357,39.806,step
2026-09-01T13:13:08.187489+00:00,83.817,-0.0253,0.15,0.0,0.0582,0.0032,7690.31,3,73.6033,39.826,step
2026-09-01T13:13:08.188850+00:00,83.849,-0.0252,0.15,0.0,0.0579,0.0031,7693.31,3,73.3639,39.846,step
2026-09-01T13:13:08.190223+00:00,83.881,-0.0251,0.15,0.0,0.0576,0.0031,7696.3,3,73.1204,39.866,step
2026-09-01T13:13:08.191589+00:00,83.914,-0.025,0.15,0.0,0.0573,0.003,7699.04,3,72.8733,39.886,step
2026-09-01T13:13:08.192958+00:00,83.946,-0.0249,0.15,0.0,0.057,0.003,7701.98,3,72.6226,39.906,step
2026-09-01T13:13:08.194350+00:00,83.978,-0.0248,0.15,0.0,0.0567,0.0029,7704.95,3,72.3699,39.926,step
2026-09-01T13:13:08.195721+00:00,84.01,-0.0247,0.15,0.0,0.0565,0.0029,7707.97,3,72.1137,39.946,step
2026-09-01T13:13:08.197053+00:00,84.042,-0.0247,0.15,0.0,0.0562,0.0029,7710.96,3,71.8553,39.966,step
2026-09-01T13:13:08.198429+00:00,84.074,-0.0245,0.15,0.0,0.0559,0.0029,7713.93,3,71.5941,39.986,step
2026-09-01T13:13:08.199851+00:00,84.106,-0.0244,0.15,0.0,0.0556,0.0028,7716.87,3,71.3302,40.006,step
2026-09-01T13:13:08.201206+00:00,84.138,-0.0243,0.15,0.0,0.0554,0.0028,7719.58,3,71.0604,40.026,step
2026-09-01T13:13:08.202561+00:00,84.17,-0.0242,0.15,0.0,0.0551,0.0028,7722.46,3,70.7844,40.046,step
2026-09-01T13:13:08.203942+00:00,84.202,-0.0242,0.15,0.0,0.0548,0.0027,7725.4,3,70.5055,40.066,step
2026-09-01T13:13:08.205275+00:00,84.234,-0.0241,0.15,0.0,0.0546,0.0026,7728.37,3,70.2238,40.086,step
2026-09-01T13:13:08.206584+00:00,84.265,-0.024,0.15,0.0,0.0543,0.0026,7731.34,3,69.94,40.106,step
2026-09-01T13:13:08.207898+00:00,84.297,-0.0239,0.15,0.0,0.054,0.0026,7734.27,3,69.654,40.126,step
2026-09-01T13:13:08.209233+00:00,84.328,-0.0239,0.15,0.0,0.0538,0.0025,7737.18,3,69.3658,40.146,step
2026-09-01T13:13:08.210556+00:00,84.36,-0.0238,0.15,0.0,0.0535,0.0025,7739.89,3,69.0751,40.166,step
2026-09-01T13:13:08.211890+00:00,84.391,-0.0237,0.15,0.0,0.0533,0.0025,7742.67,3,68.782,40.186,step
2026-09-01T13:13:08.213224+00:00,84.422,-0.0236,0.15,0.0,0.0531,0.0024,7745.57,3,68.4872,40.206,step
2026-09-01T13:13:08.214548+00:00,84.454,-0.0235,0.15,0.0,0.0528,0.0024,7748.5,3,68.1903,40.226,step
2026-09-01T13:13:08.215840+00:00,84.485,-0.0234,0.15,0.0,0.0526,0.0024,7751.44,3,67.8915,40.246,step
2026-09-01T13:13:08.217141+00:00,84.516,-0.0233,0.15,0.0,0.0524,0.0024,7754.33,3,67.5878,40.266,step
2026-09-01T13:13:08.218446+00:00,84.547,-0.0232,0.15,0.0,0.0521,0.0023,7757.2,3,67.2796,40.286,step
2026-09-01T13:13:08.219745+00:00,84.578,-0.0232,0.15,0.0,0.0519,0.0023,7759.93,3,66.9685,40.306,step
2026-09-01T13:13:08.221059+00:00,84.609,-0.0231,0.15,0.0,0.0517,0.0022,7762.6,3,66.6548,40.326,step
2026-09-01T13:13:08.222385+00:00,84.64,-0.0231,0.15,0.0,0.0514,0.0022,7765.45,3,66.3397,40.346,step
2026-09-01T13:13:08.223685+00:00,84.671,-0.023,0.15,0.0,0.0512,0.0021,7768.35,3,66.023,40.366,step
2026-09-01T13:13:08.224995+00:00,84.702,-0.023,0.15,0.0,0.051,0.0021,7771.25,3,65.7043,40.386,step
2026-09-01T13:13:08.226287+00:00,84.732,-0.0229,0.15,0.0,0.0508,0.0021,7774.12,3,65.3846,40.406,step
2026-09-01T13:13:08.227576+00:00,84.763,-0.0228,0.15,0.0,0.0506,0.0021,7776.95,3,65.0627,40.426,step
2026-09-01T13:13:08.228889+00:00,84.794,-0.0227,0.15,0.0,0.0504,0.0021,7779.7,3,64.7393,40.446,step
2026-09-01T13:13:08.230177+00:00,84.824,-0.0226,0.15,0.0,0.0502,0.002,7782.24,3,64.4151,40.466,step
2026-09-01T13:13:08.231495+00:00,84.855,-0.0225,0.15,0.0,0.0499,0.002,7785.05,3,64.0901,40.486,step
2026-09-01T13:13:08.232822+00:00,84.885,-0.0224,0.15,0.0,0.0497,0.002,7787.9,3,63.764,40.506,step
2026-09-01T13:13:08.234141+00:00,84.915,-0.0223,0.15,0.0,0.0495,0.002,7790.77,3,63.4339,40.526,step
2026-09-01T13:13:08.235401+00:00,84.945,-0.0223,0.15,0.0,0.0493,0.002,7793.59,3,63.0997,40.546,step
2026-09-01T13:13:08.236679+00:00,84.976,-0.0222,0.15,0.0,0.0491,0.002,7796.39,3,62.7636,40.566,step
2026-09-01T13:13:08.237957+00:00,85.006,-0.0221,0.15,0.0,0.0489,0.002,7799.15,3,62.4256,40.586,step
2026-09-01T13:13:08.239252+00:00,85.036,-0.022,0.15,0.0,0.0488,0.0019,7801.59,3,62.0859,40.606,step
2026-09-01T13:13:08.240527+00:00,85.066,-0.022,0.15,0.0,0.0486,0.0019,7804.27,3,61.7463,40.626,step
2026-09-01T13:13:08.241769+00:00,85.095,-0.0219,0.15,0.0,0.0484,0.0019,7806.97,3,61.406,40.646,step
2026-09-01T13:13:08.243013+00:00,85.124,-0.0218,0.15,0.0,0.0482,0.0019,7809.72,3,61.0642,40.666,step
2026-09-01T13:13:08.244183+00:00,85.153,-0.0205,0.15,0.0,0.0479,0.0029,7812.49,3,60.7205,40.686,step
2026-09-01T13:13:08.245353+00:00,85.183,-0.0191,0.15,0.0,0.0476,0.004,7815.24,3,60.3704,40.706,step
2026-09-01T13:13:08.246526+00:00,85.212,-0.0177,0.15,0.0,0.0472,0.005,7817.97,3,60.0117,40.726,step
2026-09-01T13:13:08.247692+00:00,85.242,-0.0163,0.15,0.0,0.0468,0.0059,7818.96,3,59.6448,40.746,step
2026-09-01T13:13:08.248852+00:00,85.27,-0.015,0.15,0.0,0.0463,0.0068,7821.76,3,59.2678,40.766,step
2026-09-01T13:13:08.249984+00:00,85.299,-0.0138,0.15,0.0,0.0457,0.0076,7824.98,3,58.8817,40.786,step
2026-09-01T13:13:08.251125+00:00,85.327,-0.0125,0.15,0.0,0.045,0.0083,7828.22,3,58.4885,40.806,step
2026-09-01T13:13:08.252258+00:00,85.356,-0.0114,0.15,0.0,0.0443,0.009,7831.21,3,58.089,40.826,step
2026-09-01T13:13:08.253395+00:00,85.385,-0.0102,0.15,0.0,0.0436,0.0096,7833.98,3,57.6823,40.846,step
2026-09-01T13:13:08.254535+00:00,85.413,-0.0092,0.15,0.0,0.0428,0.0102,7836.64,3,57.268,40.866,step
2026-09-01T13:13:08.255668+00:00,85.442,-0.0081,0.15,0.0,0.0419,0.0107,7839.23,3,56.847,40.886,step
2026-09-01T13:13:08.256811+00:00,85.471,-0.0072,0.15,0.0,0.0411,0.0111,7841.8,3,56.4197,40.906,step
2026-09-01T13:13:08.257959+00:00,85.5,-0.0062,0.15,0.0,0.0402,0.0115,7844.34,3,55.9864,40.926,step
2026-09-01T13:13:08.259130+00:00,85.528,-0.0053,0.0,0.15,0.0392,0.0119,7846.78,3,55.5477,40.946,step
2026-09-01T13:13:08.260292+00:00,85.166,-0.0045,0.0,0.15,0.0383,0.0122,7686.78,3,55.1065,40.966,step
2026-09-01T13:13:08.261450+00:00,84.628,-0.0036,0.0,0.15,0.0373,0.0125,7635.28,3,54.6659,40.986,step
2026-09-01T13:13:08.262596+00:00,84.09,-0.0028,0.0,0.15,0.0363,0.0128,7584.89,3,54.2262,41.006,step
2026-09-01T13:13:08.263741+00:00,83.555,-0.002,0.0,0.15,0.0353,0.0131,7535.93,3,53.7866,41.026,step
2026-09-01T13:13:08.264894+00:00,83.02,-0.0012,0.0,0.15,0.0343,0.0133,7489.18,3,53.3452,41.046,step
2026-09-01T13:13:08.266031+00:00,82.484,-0.0005,0.0,0.15,0.0333,0.0135,7445.44,3,52.9009,41.066,step
2026-09-01T13:13:08.267177+00:00,81.953,0.0001,0.0,0.15,0.0323,0.0136,7397.0,3,52.4558,41.086,step
2026-09-01T13:13:08.268311+00:00,81.425,0.0007,0.0,0.15,0.0313,0.0137,7347.98,3,52.0102,41.106,step
2026-09-01T13:13:08.269437+00:00,80.899,0.0013,0.0,0.15,0.0303,0.0137,7299.63,3,51.5629,41.126,step
2026-09-01T13:13:08.270570+00:00,80.374,0.0018,0.0,0.15,0.0293,0.0137,7251.92,3,51.1154,41.146,step
2026-09-01T13:13:08.271716+00:00,79.85,0.0023,0.0,0.15,0.0283,0.0137,7204.7,2,50.6678,41.166,step
2026-09-01T13:13:08.272830+00:00,79.346,0.0027,0.0,0.15,0.0273,0.0136,9056.68,2,50.2202,41.186,step
2026-09-01T13:13:08.273966+00:00,78.856,0.0031,0.0,0.15,0.0263,0.0135,9035.16,2,49.771,41.206,step
2026-09-01T13:13:08.275128+00:00,78.348,0.0034,0.0,0.15,0.0253,0.0134,8877.64,2,49.3214,41.226,step
2026-09-01T13:13:08.276288+00:00,77.769,0.0036,0.0,0.15,0.0244,0.0132,8807.94,2,48.8698,41.246,step
2026-09-01T13:13:08.277451+00:00,77.189,0.0038,0.0,0.15,0.0235,0.0129,8742.77,2,48.4164,41.266,step
2026-09-01T13:13:08.278619+00:00,76.613,0.0039,0.0,0.15,0.0226,0.0126,8678.62,2,47.9635,41.286,step
2026-09-01T13:13:08.279807+00:00,76.04,0.004,0.0,0.15,0.0217,0.0123,8614.99,2,47.5131,41.306,step
2026-09-01T13:13:08.280975+00:00,75.471,0.004,0.0,0.15,0.0208,0.012,8551.71,2,47.0659,41.326,step
2026-09-01T13:13:08.282124+00:00,74.904,0.0041,0.0,0.15,0.02,0.0117,8488.67,2,46.6224,41.346,step
2026-09-01T13:13:08.283273+00:00,74.34,0.0041,0.0,0.15,0.0192,0.0114,8425.88,2,46.1826,41.366,step
2026-09-01T13:13:08.284418+00:00,73.778,0.0042,0.0,0.15,0.0184,0.0111,8363.3,2,45.7465,41.386,step
2026-09-01T13:13:08.285543+00:00,73.218,0.0042,0.0,0.15,0.0176,0.0108,8303.65,2,45.3142,41.406,step
2026-09-01T13:13:08.286694+00:00,72.661,-0.1958,0.0,0.15,0.0169,0.0105,8241.2,2,44.8856,41.426,step
2026-09-01T13:13:08.287856+00:00,72.121,-0.1933,0.0,0.15,0.016,0.0122,8178.87,2,44.624,41.446,step
2026-09-01T13:13:08.289006+00:00,71.53,-0.186,0.0,0.15,0.0146,0.0177,8111.03,2,44.6798,41.466,step
2026-09-01T13:13:08.290136+00:00,70.955,-0.1761,0.0,0.15,0.0127,0.0252,8043.06,2,44.8923,41.486,step
2026-09-01T13:13:08.291284+00:00,70.394,0.0349,0.0,0.15,0.0103,0.0334,7978.38,2,45.1576,41.506,step
2026-09-01T13:13:08.292413+00:00,69.862,0.0435,0.0,0.15,0.0076,0.0394,7920.36,2,45.2508,41.526,step
2026-09-01T13:13:08.293565+00:00,69.303,-0.1537,0.0,0.15,0.0051,0.0407,7862.5,2,44.9675,41.546,step
2026-09-01T13:13:08.294737+00:00,68.769,-0.1508,0.0,0.15,0.0025,0.0421,7802.9,2,44.6865,41.566,step
2026-09-01T13:13:08.295902+00:00,68.202,-0.1439,0.0,0.15,-0.0005,0.0465,7738.61,2,44.6533,41.586,step
2026-09-01T13:13:08.297082+00:00,67.651,-0.1352,0.0,0.15,-0.0039,0.0524,7675.35,2,44.7267,41.606,step
2026-09-01T13:13:08.298261+00:00,67.111,-0.1259,0.0,0.15,-0.0077,0.0585,7614.36,2,44.8247,41.626,step
2026-09-01T13:13:08.299439+00:00,66.576,-0.1166,0.0,0.15,-0.0119,0.0646,7554.62,2,44.9093,41.646,step
2026-09-01T13:13:08.300632+00:00,66.044,-0.1076,0.0,0.15,-0.0163,0.0702,7495.44,2,44.9669,41.666,step
2026-09-01T13:13:08.301838+00:00,65.515,-0.0989,0.0,0.15,-0.0211,0.0755,7436.62,2,44.9934,41.686,step
2026-09-01T13:13:08.303028+00:00,64.989,-0.0907,0.0,0.15,-0.026,0.0803,7378.1,2,44.9878,41.706,step
2026-09-01T13:13:08.304216+00:00,64.465,-0.0828,0.0,0.15,-0.0312,0.0847,7319.8,2,44.9518,41.726,step
2026-09-01T13:13:08.305399+00:00,63.944,-0.0753,0.0,0.15,-0.0366,0.0887,7261.71,2,44.8873,41.746,step
2026-09-01T13:13:08.306587+00:00,63.425,-0.0682,0.0,0.15,-0.0422,0.0923,7203.82,2,44.7955,41.766,step
2026-09-01T13:13:08.307760+00:00,62.91,-0.0614,0.0,0.15,-0.0478,0.0955,7145.65,2,44.6788,41.786,step
2026-09-01T13:13:08.308925+00:00,62.396,-0.055,0.0,0.15,-0.0537,0.0985,7087.66,2,44.5392,41.806,step
2026-09-01T13:13:08.310100+00:00,61.884,-0.0489,0.0,0.15,-0.0596,0.1011,7030.76,2,44.3792,41.826,step
2026-09-01T13:13:08.311281+00:00,61.374,-0.0432,0.0,0.15,-0.0656,0.1034,6973.88,2,44.2003,41.846,step
2026-09-01T13:13:08.312443+00:00,60.866,-0.0377,0.0,0.15,-0.0716,0.1054,6917.06,2,44.0036,41.866,step
2026-09-01T13:13:08.313594+00:00,60.36,-0.0325,0.0,0.15,-0.0777,0.1072,6860.35,2,43.7911,41.886,step
2026-09-01T13:13:08.314766+00:00,59.856,-0.0276,0.0,0.15,-0.0838,0.1087,6803.75,2,43.5632,41.906,step
2026-09-01T13:13:08.315937+00:00,59.354,-0.0229,0.0,0.15,-0.09,0.1101,6747.25,2,43.3224,41.926,step
2026-09-01T13:13:08.317106+00:00,58.854,-0.0185,0.0,0.15,-0.0961,0.1112,6690.91,2,43.0698,41.946,step
2026-09-01T13:13:08.318283+00:00,58.355,-0.0144,0.0,0.15,-0.1022,0.1121,6634.73,2,42.8064,41.966,step
2026-09-01T13:13:08.319466+00:00,57.858,-0.0105,0.0,0.15,-0.1083,0.1128,6578.73,2,42.5326,41.986,step
2026-09-01T13:13:08.320651+00:00,57.362,-0.0068,0.0,0.15,-0.1144,0.1134,6522.9,2,42.2489,42.006,step
2026-09-01T13:13:08.321838+00:00,56.868,-0.0033,0.0,0.15,-0.1204,0.1138,6467.24,2,41.9577,42.026,step
2026-09-01T13:13:08.323077+00:00,56.376,0.0,0.0,0.15,-0.1264,0.114,6411.74,2,41.6596,42.046,step
2026-09-01T13:13:08.324259+00:00,55.887,0.0031,0.0,0.15,-0.1323,0.1141,6356.43,2,41.3551,42.066,step
2026-09-01T13:13:08.325485+00:00,55.399,0.006,0.0,0.15,-0.1382,0.1141,6301.35,2,41.0455,42.086,step
2026-09-01T13:13:08.326688+00:00,54.912,0.0088,0.0,0.15,-0.144,0.114,6246.27,2,40.7312,42.106,step
2026-09-01T13:13:08.327914+00:00,54.425,0.0113,0.0,0.15,-0.1497,0.1137,6191.36,2,40.412,42.126,step
2026-09-01T13:13:08.329134+00:00,53.94,0.0137,0.0,0.15,-0.1554,0.1134,6136.62,2,40.0887,42.146,step
2026-09-01T13:13:08.330342+00:00,53.457,0.016,0.0,0.15,-0.1609,0.1129,6082.07,2,39.7622,42.166,step
2026-09-01T13:13:08.331549+00:00,52.975,0.0181,0.0,0.15,-0.1664,0.1124,6027.72,2,39.4331,42.186,step
2026-09-01T13:13:08.332734+00:00,52.495,0.02,0.0,0.15,-0.1718,0.1118,5973.53,2,39.1026,42.206,step
2026-09-01T13:13:08.333929+00:00,52.016,0.0219,0.0,0.15,-0.1771,0.1111,5919.48,2,38.7709,42.226,step
2026-09-01T13:13:08.335123+00:00,51.539,0.0236,0.0,0.15,-0.1823,0.1104,5865.55,2,38.4382,42.246,step
2026-09-01T13:13:08.336311+00:00,51.065,0.0252,0.0,0.15,-0.1875,0.1096,5810.25,2,38.1049,42.266,step
2026-09-01T13:13:08.337523+00:00,50.591,0.0267,0.0,0.15,-0.1925,0.1087,5756.13,2,37.7715,42.286,step
2026-09-01T13:13:08.338718+00:00,50.118,0.0281,0.0,0.15,-0.1974,0.1078,5703.58,2,37.4384,42.306,step
2026-09-01T13:13:08.339913+00:00,49.646,0.0294,0.0,0.15,-0.2022,0.1069,5650.72,1,37.1061,42.326,step
2026-09-01T13:13:08.341092+00:00,49.181,0.0306,0.0,0.15,-0.207,0.1059,7582.37,1,36.7755,42.346,step
2026-09-01T13:13:08.342275+00:00,48.719,0.0318,0.0,0.15,-0.2116,0.1049,7571.43,1,36.4458,42.366,step
2026-09-01T13:13:08.343458+00:00,48.242,0.0328,0.0,0.15,-0.2162,0.1039,7353.73,1,36.117,42.386,step
2026-09-01T13:13:08.344649+00:00,47.722,0.0337,0.0,0.15,-0.2206,0.1028,7276.34,1,35.7883,42.406,step
2026-09-01T13:13:08.345841+00:00,47.206,0.0345,0.0,0.15,-0.225,0.1017,7198.4,1,35.461,42.426,step
2026-09-01T13:13:08.347017+00:00,46.693,0.0353,0.0,0.15,-0.2292,0.1006,7121.23,1,35.1357,42.446,step
2026-09-01T13:13:08.348188+00:00,46.183,0.036,0.0,0.15,-0.2334,0.0994,7044.71,1,34.8137,42.466,step
2026-09-01T13:13:08.349359+00:00,45.676,0.0366,0.0,0.15,-0.2374,0.0983,6968.72,1,34.4948,42.486,step
2026-09-01T13:13:08.350549+00:00,45.172,0.0372,0.0,0.15,-0.2414,0.0971,6893.16,1,34.1783,42.506,step
2026-09-01T13:13:08.351737+00:00,44.67,0.0377,0.0,0.15,-0.2452,0.096,6817.99,1,33.8652,42.526,step
2026-09-01T13:13:08.352925+00:00,44.171,0.0382,0.0,0.15,-0.249,0.0948,6743.15,1,33.5553,42.546,step
2026-09-01T13:13:08.354124+00:00,43.675,0.0387,0.0,0.15,-0.2526,0.0936,6668.65,1,33.2488,42.566,step
2026-09-01T13:13:08.355319+00:00,43.182,0.0391,0.0,0.15,-0.2562,0.0925,6594.47,1,32.9454,42.586,step
2026-09-01T13:13:08.356536+00:00,42.691,0.0394,0.0,0.15,-0.2597,0.0913,6520.61,1,32.6455,42.606,step
2026-09-01T13:13:08.357785+00:00,42.203,0.0397,0.0,0.15,-0.2631,0.0902,6447.16,1,32.3496,42.626,step
2026-09-01T13:13:08.359035+00:00,41.718,0.04,0.15,0.0,-0.2664,0.089,6373.91,1,32.0569,42.646,step
2026-09-01T13:13:08.360271+00:00,41.737,0.0403,0.15,0.0,-0.2696,0.0879,6531.77,1,31.7688,42.666,step
2026-09-01T13:13:08.361483+00:00,41.864,0.0407,0.15,0.0,-0.2728,0.0869,6547.84,1,31.4837,42.686,step
2026-09-01T13:13:08.362698+00:00,41.99,0.0411,0.15,0.0,-0.276,0.0859,6564.9,1,31.1987,42.706,step
2026-09-01T13:13:08.363938+00:00,42.116,0.0414,0.0,0.15,-0.2791,0.0849,6583.14,1,30.9135,42.726,step
2026-09-01T13:13:08.365201+00:00,41.75,0.0417,0.15,0.0,-0.2822,0.0838,6387.68,1,30.6273,42.746,step
2026-09-01T13:13:08.366449+00:00,41.766,0.0363,0.15,0.0,-0.2851,0.0781,6532.27,1,30.3417,42.766,step
2026-09-01T13:13:08.367690+00:00,41.891,0.03,0.15,0.0,-0.2878,0.0717,6551.33,1,30.0617,42.786,step
2026-09-01T13:13:08.368940+00:00,42.017,0.0237,0.0,0.15,-0.2903,0.0654,6570.52,1,29.7885,42.806,step
2026-09-01T13:13:08.370193+00:00,41.65,0.0174,0.15,0.0,-0.2926,0.0592,6368.55,1,29.5214,42.826,step
2026-09-01T13:13:08.371445+00:00,41.666,0.0112,0.15,0.0,-0.2947,0.0533,6518.34,1,29.2639,42.846,step
2026-09-01T13:13:08.372714+00:00,41.792,0.0052,0.15,0.0,-0.2965,0.0475,6537.36,1,29.0153,42.866,step
2026-09-01T13:13:08.373969+00:00,41.918,-0.0008,0.15,0.0,-0.2982,0.0418,6556.26,1,28.7735,42.886,step
2026-09-01T13:13:08.375234+00:00,42.044,-0.0067,0.0,0.15,-0.2997,0.0362,6574.99,1,28.5381,42.906,step
2026-09-01T13:13:08.376512+00:00,41.678,-0.0125,0.15,0.0,-0.301,0.0309,6373.72,1,28.3103,42.926,step
2026-09-01T13:13:08.377807+00:00,41.683,-0.0182,0.15,0.0,-0.3021,0.0257,6520.34,1,28.0905,42.946,step
2026-09-01T13:13:08.379076+00:00,41.809,-0.0238,0.15,0.0,-0.303,0.0206,6538.86,1,27.8762,42.966,step
2026-09-01T13:13:08.380355+00:00,41.935,-0.0293,0.15,0.0,-0.3038,0.0156,6557.58,1,27.6678,42.986,step
2026-09-01T13:13:08.381628+00:00,42.061,-0.0348,0.0,0.15,-0.3044,0.0108,6576.51,1,27.4646,43.006,step
2026-09-01T13:13:08.382926+00:00,41.693,-0.0402,0.15,0.0,-0.3049,0.0061,6376.61,1,27.2692,43.026,step
2026-09-01T13:13:08.384221+00:00,41.691,-0.0454,0.15,0.0,-0.3052,0.0017,6521.8,1,27.0816,43.046,step
2026-09-01T13:13:08.385475+00:00,41.817,-0.0506,0.15,0.0,-0.3053,-0.0027,6540.3,1,26.8974,43.066,step
2026-09-01T13:13:08.386729+00:00,41.942,-0.0557,0.15,0.0,-0.3053,-0.007,6559.26,1,26.7181,43.086,step
2026-09-01T13:13:08.387995+00:00,42.068,-0.0608,0.0,0.15,-0.3052,-0.0111,6578.28,1,26.5434,43.106,step
2026-09-01T13:13:08.389241+00:00,41.7,-0.0657,0.15,0.0,-0.305,-0.0151,6377.19,1,26.3767,43.126,step
2026-09-01T13:13:08.390492+00:00,41.691,-0.0704,0.15,0.0,-0.3046,-0.0189,6522.54,1,26.217,43.146,step
2026-09-01T13:13:08.391768+00:00,41.816,-0.0751,0.15,0.0,-0.3041,-0.0226,6540.89,1,26.0589,43.166,step
2026-09-01T13:13:08.393021+00:00,41.941,-0.0798,0.15,0.0,-0.3035,-0.0263,6559.68,1,25.9041,43.186,step
2026-09-01T13:13:08.394268+00:00,42.066,-0.0845,0.0,0.15,-0.3027,-0.0299,6578.55,1,25.7532,43.206,step
2026-09-01T13:13:08.395542+00:00,41.698,-0.0889,0.15,0.0,-0.3019,-0.0332,6377.01,1,25.6101,43.226,step
2026-09-01T13:13:08.396824+00:00,41.683,-0.0932,0.15,0.0,-0.3009,-0.0364,6521.91,1,25.4736,43.246,step
2026-09-01T13:13:08.398088+00:00,41.807,-0.0976,0.15,0.0,-0.2998,-0.0396,6540.2,1,25.3378,43.266,step
2026-09-01T13:13:08.399344+00:00,41.931,-0.1019,0.15,0.0,-0.2987,-0.0427,6558.91,1,25.2048,43.286,step
2026-09-01T13:13:08.400608+00:00,42.055,-0.1061,0.0,0.15,-0.2974,-0.0457,6577.69,1,25.075,43.306,step
2026-09-01T13:13:08.401920+00:00,41.688,-0.1101,0.15,0.0,-0.2961,-0.0484,6375.41,1,24.9531,43.326,step
2026-09-01T13:13:08.403225+00:00,41.666,-0.114,0.15,0.0,-0.2946,-0.0511,6520.25,1,24.8372,43.346,step
2026-09-01T13:13:08.404514+00:00,41.79,-0.1179,0.15,0.0,-0.2931,-0.0537,6538.4,1,24.7207,43.366,step
2026-09-01T13:13:08.405805+00:00,41.914,-0.1217,0.15,0.0,-0.2915,-0.0563,6556.98,1,24.6063,43.386,step
2026-09-01T13:13:08.407031+00:00,42.037,-0.1256,0.0,0.15,-0.2898,-0.0587,6575.65,1,24.4946,43.406,step
2026-09-01T13:13:08.408273+00:00,41.67,-0.1292,0.15,0.0,-0.2881,-0.061,6372.63,1,24.391,43.426,step
2026-09-01T13:13:08.409497+00:00,41.642,-0.1326,0.0,0.15,-0.2863,-0.0631,6517.52,1,24.293,43.446,step
2026-09-01T13:13:08.410752+00:00,41.275,-0.1359,0.15,0.0,-0.2844,-0.0651,6310.43,1,24.1993,43.466,step
2026-09-01T13:13:08.411982+00:00,41.248,-0.1391,0.15,0.0,-0.2825,-0.067,6457.61,1,24.1103,43.486,step
2026-09-01T13:13:08.413227+00:00,41.372,-0.1424,0.0,0.15,-0.2805,-0.0689,6474.81,1,24.0184,43.506,step
2026-09-01T13:13:08.414481+00:00,41.005,-0.1455,0.15,0.0,-0.2785,-0.0706,6271.36,1,23.9329,43.526,step
2026-09-01T13:13:08.415736+00:00,40.977,-0.1485,0.0,0.15,-0.2764,-0.0723,6414.08,1,23.8522,43.546,step
2026-09-01T13:13:08.417002+00:00,40.61,-0.1514,0.15,0.0,-0.2743,-0.0738,6210.46,1,23.7748,43.566,step
2026-09-01T13:13:08.418239+00:00,40.582,-0.1542,0.15,0.0,-0.2722,-0.0752,6353.4,1,23.7007,43.586,step
2026-09-01T13:13:08.419507+00:00,40.705,-0.1571,0.0,0.15,-0.27,-0.0767,6370.82,1,23.6227,43.606,step
2026-09-01T13:13:08.420769+00:00,40.339,-0.1598,0.15,0.0,-0.2678,-0.0781,6171.09,1,23.5515,43.626,step
2026-09-01T13:13:08.422008+00:00,40.31,-0.1624,0.0,0.15,-0.2656,-0.0793,6310.04,1,23.4843,43.646,step
2026-09-01T13:13:08.423256+00:00,39.945,-0.1649,0.15,0.0,-0.2633,-0.0805,6109.75,1,23.4195,43.666,step
2026-09-01T13:13:08.424465+00:00,39.915,-0.1673,0.15,0.0,-0.261,-0.0815,6249.68,1,23.3583,43.686,step
2026-09-01T13:13:08.425689+00:00,40.037,-0.1699,0.0,0.15,-0.2587,-0.0827,6266.97,1,23.2928,43.706,step
2026-09-01T13:13:08.426920+00:00,39.672,-0.1722,0.15,0.0,-0.2564,-0.0837,6069.94,1,23.2338,43.726,step
2026-09-01T13:13:08.428140+00:00,39.642,-0.1745,0.15,0.0,-0.2541,-0.0846,6206.19,1,23.1784,43.746,step
2026-09-01T13:13:08.429364+00:00,39.764,-0.1768,0.0,0.15,-0.2517,-0.0856,6223.95,1,23.1185,43.766,step
2026-09-01T13:13:08.430602+00:00,39.399,-0.179,0.15,0.0,-0.2494,-0.0864,6028.47,1,23.0658,43.786,step
2026-09-01T13:13:08.431834+00:00,39.367,-0.181,0.15,0.0,-0.247,-0.0871,6163.81,1,23.0166,43.806,step
2026-09-01T13:13:08.433078+00:00,39.489,-0.1832,0.0,0.15,-0.2446,-0.0879,6181.43,1,22.963,43.826,step
2026-09-01T13:13:08.434340+00:00,39.125,-0.1852,0.15,0.0,-0.2422,-0.0886,5986.61,1,22.916,43.846,step
2026-09-01T13:13:08.435580+00:00,39.093,-0.1871,0.15,0.0,-0.2398,-0.0891,6121.29,1,22.8727,43.866,step
2026-09-01T13:13:08.436812+00:00,39.214,-0.1891,0.0,0.15,-0.2374,-0.0898,6138.74,1,22.8246,43.886,step
2026-09-01T13:13:08.438062+00:00,38.85,-0.1909,0.15,0.0,-0.235,-0.0903,5944.9,1,22.7832,43.906,step
2026-09-01T13:13:08.439288+00:00,38.817,-0.1925,0.15,0.0,-0.2326,-0.0907,6078.45,1,22.7455,43.926,step
2026-09-01T13:13:08.440524+00:00,38.938,-0.1944,0.0,0.15,-0.2301,-0.0912,6095.83,1,22.7028,43.946,step
2026-09-01T13:13:08.441758+00:00,38.574,-0.196,0.15,0.0,-0.2277,-0.0916,5903.14,1,22.6666,43.966,step
2026-09-01T13:13:08.442978+00:00,38.541,-0.1975,0.15,0.0,-0.2253,-0.0918,6035.47,1,22.6335,43.986,step
2026-09-01T13:13:08.444185+00:00,38.661,-0.1992,0.15,0.0,-0.2229,-0.0922,6052.82,1,22.5954,44.006,step
2026-09-01T13:13:08.445402+00:00,38.782,-0.2009,0.0,0.15,-0.2205,-0.0926,6070.33,1,22.5565,44.026,step
2026-09-01T13:13:08.446620+00:00,38.419,-0.2024,0.15,0.0,-0.218,-0.0928,5880.27,1,22.5253,44.046,step
2026-09-01T13:13:08.447816+00:00,38.384,-0.2037,0.15,0.0,-0.2156,-0.0929,6010.8,1,22.4972,44.066,step
2026-09-01T13:13:08.449025+00:00,38.504,-0.2052,0.15,0.0,-0.2132,-0.0932,6028.29,1,22.464,44.086,step
2026-09-01T13:13:08.450264+00:00,38.623,-0.2068,0.0,0.15,-0.2108,-0.0935,6046.07,1,22.4303,44.106,step
2026-09-01T13:13:08.451479+00:00,38.26,-0.208,0.15,0.0,-0.2084,-0.0935,5855.77,1,22.4046,44.126,step
2026-09-01T13:13:08.452695+00:00,38.224,-0.2092,0.15,0.0,-0.206,-0.0935,5986.71,1,22.3825,44.146,step
2026-09-01T13:13:08.453909+00:00,38.344,-0.2105,0.15,0.0,-0.2036,-0.0936,6003.85,1,22.3545,44.166,step
2026-09-01T13:13:08.455145+00:00,38.463,-0.2119,0.0,0.15,-0.2012,-0.0937,6021.5,1,22.3262,44.186,step
2026-09-01T13:13:08.456386+00:00,38.101,-0.2129,0.15,0.0,-0.1988,-0.0936,5831.59,1,22.3058,44.206,step
2026-09-01T13:13:08.457618+00:00,38.064,-0.2139,0.15,0.0,-0.1965,-0.0935,5961.85,1,22.2886,44.226,step
2026-09-01T13:13:08.458839+00:00,38.184,-0.2151,0.15,0.0,-0.1941,-0.0935,5978.96,1,22.2654,44.246,step
2026-09-01T13:13:08.460076+00:00,38.303,-0.2163,0.0,0.15,-0.1918,-0.0935,5996.52,1,22.2413,44.266,step
2026-09-01T13:13:08.461295+00:00,37.94,-0.2173,0.15,0.0,-0.1894,-0.0933,5807.26,1,22.225,44.286,step
2026-09-01T13:13:08.462533+00:00,37.903,-0.2181,0.15,0.0,-0.1871,-0.093,5936.86,1,22.2117,44.306,step
2026-09-01T13:13:08.463760+00:00,38.023,-0.2191,0.15,0.0,-0.1848,-0.0929,5953.94,1,22.1925,44.326,step
2026-09-01T13:13:08.464968+00:00,38.141,-0.2202,0.0,0.15,-0.1825,-0.0928,5971.47,1,22.1723,44.346,step
2026-09-01T13:13:08.466191+00:00,37.779,-0.221,0.15,0.0,-0.1802,-0.0926,5782.73,1,22.1601,44.366,step
2026-09-01T13:13:08.467407+00:00,37.741,-0.2217,0.15,0.0,-0.1779,-0.0922,5911.79,1,22.1511,44.386,step
2026-09-01T13:13:08.468631+00:00,37.86,-0.2225,0.15,0.0,-0.1757,-0.092,5928.79,1,22.136,44.406,step
2026-09-01T13:13:08.469860+00:00,37.979,-0.2234,0.0,0.15,-0.1734,-0.0918,5946.27,1,22.12,44.426,step
2026-09-01T13:13:08.471089+00:00,37.617,-0.2241,0.15,0.0,-0.1712,-0.0914,5758.1,1,22.1116,44.446,step
2026-09-01T13:13:08.472299+00:00,37.579,-0.2247,0.15,0.0,-0.169,-0.091,5886.52,1,22.1059,44.466,step
2026-09-01T13:13:08.473491+00:00,37.698,-0.2254,0.15,0.0,-0.1668,-0.0907,5903.49,1,22.0941,44.486,step
2026-09-01T13:13:08.474718+00:00,37.816,-0.2262,0.15,0.0,-0.1647,-0.0905,5920.9,1,22.081,44.506,step
2026-09-01T13:13:08.475958+00:00,37.934,-0.227,0.0,0.15,-0.1625,-0.0902,5938.57,1,22.0676,44.526,step
2026-09-01T13:13:08.477207+00:00,37.573,-0.2276,0.15,0.0,-0.1603,-0.0898,5751.66,1,22.0626,44.546,step
2026-09-01T13:13:08.478438+00:00,37.533,-0.228,0.15,0.0,-0.1582,-0.0893,5879.64,1,22.061,44.566,step
2026-09-01T13:13:08.479663+00:00,37.652,-0.2286,0.15,0.0,-0.1561,-0.0889,5896.5,1,22.053,44.586,step
2026-09-01T13:13:08.480880+00:00,37.77,-0.2293,0.15,0.0,-0.154,-0.0886,5914.11,1,22.044,44.606,step
2026-09-01T13:13:08.482119+00:00,37.888,-0.23,0.0,0.15,-0.152,-0.0883,5931.81,1,22.0345,44.626,step
2026-09-01T13:13:08.483368+00:00,37.526,-0.2304,0.15,0.0,-0.1499,-0.0878,5744.4,1,22.0336,44.646,step
2026-09-01T13:13:08.484577+00:00,37.487,-0.2307,0.15,0.0,-0.1479,-0.0871,5872.69,1,22.0355,44.666,step
2026-09-01T13:13:08.485792+00:00,37.605,-0.2311,0.15,0.0,-0.1458,-0.0867,5889.45,1,22.0311,44.686,step
2026-09-01T13:13:08.487003+00:00,37.723,-0.2317,0.15,0.0,-0.1439,-0.0863,5906.94,1,22.0254,44.706,step
2026-09-01T13:13:08.488222+00:00,37.841,-0.2322,0.0,0.15,-0.1419,-0.0859,5924.58,1,22.0195,44.726,step
2026-09-01T13:13:08.489437+00:00,37.48,-0.2325,0.15,0.0,-0.1399,-0.0853,5737.36,1,22.0218,44.746,step
2026-09-01T13:13:08.490648+00:00,37.44,-0.2326,0.15,0.0,-0.138,-0.0847,5865.37,1,22.0269,44.766,step
2026-09-01T13:13:08.491866+00:00,37.558,-0.233,0.15,0.0,-0.1361,-0.0842,5882.14,1,22.0255,44.786,step
2026-09-01T13:13:08.493081+00:00,37.676,-0.2334,0.15,0.0,-0.1342,-0.0838,5899.62,1,22.0228,44.806,step
2026-09-01T13:13:08.494298+00:00,37.794,-0.2339,0.15,0.0,-0.1323,-0.0833,5917.24,1,22.0193,44.826,step
2026-09-01T13:13:08.495532+00:00,37.911,-0.2343,0.0,0.15,-0.1304,-0.0829,5935.17,1,22.0159,44.846,step
2026-09-01T13:13:08.496802+00:00,37.55,-0.2345,0.15,0.0,-0.1285,-0.0823,5748.04,1,22.0211,44.866,step
2026-09-01T13:13:08.498055+00:00,37.509,-0.2345,0.15,0.0,-0.1267,-0.0816,5876.62,1,22.0294,44.886,step
2026-09-01T13:13:08.499288+00:00,37.627,-0.2348,0.15,0.0,-0.1249,-0.081,5893.27,1,22.0314,44.906,step
2026-09-01T13:13:08.500526+00:00,37.745,-0.2351,0.15,0.0,-0.1231,-0.0805,5910.77,1,22.0321,44.926,step
2026-09-01T13:13:08.501783+00:00,37.863,-0.2354,0.0,0.15,-0.1214,-0.0801,5928.4,1,22.0323,44.946,step
2026-09-01T13:13:08.503020+00:00,37.501,-0.2354,0.15,0.0,-0.1196,-0.0794,5740.5,1,22.0406,44.966,step
2026-09-01T13:13:08.504239+00:00,37.46,-0.2354,0.15,0.0,-0.1179,-0.0786,5869.02,1,22.0517,44.986,step
2026-09-01T13:13:08.505454+00:00,37.579,-0.2356,0.15,0.0,-0.1162,-0.0781,5885.64,1,22.0556,45.006,step
2026-09-01T13:13:08.506651+00:00,37.697,-0.2358,0.15,0.0,-0.1146,-0.0776,5903.08,1,22.0584,45.026,step
2026-09-01T13:13:08.507859+00:00,37.814,-0.236,0.15,0.0,-0.1129,-0.0771,5920.65,1,22.0607,45.046,step
2026-09-01T13:13:08.509076+00:00,37.932,-0.2363,0.0,0.15,-0.1113,-0.0766,5938.52,1,22.0624,45.066,step
2026-09-01T13:13:08.510293+00:00,37.571,-0.2362,0.15,0.0,-0.1096,-0.0759,5751.22,1,22.0728,45.086,step
2026-09-01T13:13:08.511511+00:00,37.529,-0.2361,0.15,0.0,-0.108,-0.0751,5879.93,1,22.0861,45.106,step
2026-09-01T13:13:08.512728+00:00,37.647,-0.2362,0.15,0.0,-0.1065,-0.0745,5896.52,1,22.0926,45.126,step
2026-09-01T13:13:08.513949+00:00,37.765,-0.2363,0.15,0.0,-0.1049,-0.074,5914.03,1,22.0975,45.146,step
2026-09-01T13:13:08.515189+00:00,37.883,-0.2364,0.15,0.0,-0.1034,-0.0734,5931.65,1,22.1018,45.166,step
2026-09-01T13:13:08.516394+00:00,38.001,-0.2366,0.0,0.15,-0.1019,-0.0729,5949.52,1,22.1056,45.186,step
2026-09-01T13:13:08.517614+00:00,37.639,-0.2365,0.15,0.0,-0.1004,-0.0722,5761.5,1,22.1186,45.206,step
2026-09-01T13:13:08.518835+00:00,37.597,-0.2362,0.15,0.0,-0.0989,-0.0714,5890.72,1,22.1345,45.226,step
2026-09-01T13:13:08.520097+00:00,37.716,-0.2362,0.15,0.0,-0.0975,-0.0708,5907.25,1,22.1429,45.246,step
2026-09-01T13:13:08.521332+00:00,37.833,-0.2363,0.15,0.0,-0.096,-0.0703,5924.74,1,22.1497,45.266,step
2026-09-01T13:13:08.522537+00:00,37.951,-0.2364,0.15,0.0,-0.0946,-0.0697,5942.34,1,22.1558,45.286,step
2026-09-01T13:13:08.523750+00:00,38.069,-0.2365,0.15,0.0,-0.0933,-0.0692,5960.21,1,22.1614,45.306,step
2026-09-01T13:13:08.524954+00:00,38.187,-0.2366,0.0,0.15,-0.0919,-0.0687,5978.39,1,22.1667,45.326,step
2026-09-01T13:13:08.526144+00:00,37.825,-0.2364,0.15,0.0,-0.0905,-0.068,5789.67,1,22.1814,45.346,step
2026-09-01T13:13:08.527322+00:00,37.782,-0.2361,0.15,0.0,-0.0892,-0.0672,5920.13,1,22.1995,45.366,step
2026-09-01T13:13:08.528499+00:00,37.901,-0.236,0.15,0.0,-0.0879,-0.0666,5936.56,1,22.2102,45.386,step
2026-09-01T13:13:08.529707+00:00,38.019,-0.2359,0.15,0.0,-0.0866,-0.066,5953.99,1,22.2193,45.406,step
2026-09-01T13:13:08.530898+00:00,38.137,-0.2359,0.15,0.0,-0.0853,-0.0655,5971.6,1,22.2278,45.426,step
2026-09-01T13:13:08.532097+00:00,38.255,-0.2359,0.0,0.15,-0.0841,-0.0649,5989.44,1,22.2355,45.446,step
2026-09-01T13:13:08.533306+00:00,37.893,-0.2356,0.15,0.0,-0.0829,-0.0642,5800.11,1,22.2522,45.466,step
2026-09-01T13:13:08.534521+00:00,37.85,-0.2352,0.15,0.0,-0.0816,-0.0634,5930.49,1,22.272,45.486,step
2026-09-01T13:13:08.535799+00:00,37.969,-0.2351,0.15,0.0,-0.0805,-0.0628,5946.98,1,22.2841,45.506,step
2026-09-01T13:13:08.537018+00:00,38.087,-0.235,0.15,0.0,-0.0793,-0.0622,5964.49,1,22.2939,45.526,step
2026-09-01T13:13:08.538274+00:00,38.205,-0.235,0.15,0.0,-0.0782,-0.0617,5982.13,1,22.3032,45.546,step
2026-09-01T13:13:08.539533+00:00,38.323,-0.2349,0.15,0.0,-0.0771,-0.0612,6000.03,1,22.312,45.566,step
2026-09-01T13:13:08.540760+00:00,38.441,-0.2349,0.0,0.15,-0.076,-0.0607,6018.25,1,22.3202,45.586,step
2026-09-01T13:13:08.542077+00:00,38.08,-0.2346,0.15,0.0,-0.0749,-0.06,5828.29,1,22.3377,45.606,step
2026-09-01T13:13:08.543325+00:00,38.036,-0.2341,0.15,0.0,-0.0738,-0.0592,5959.93,1,22.3588,45.626,step
2026-09-01T13:13:08.544597+00:00,38.155,-0.2339,0.15,0.0,-0.0727,-0.0586,5976.33,1,22.372,45.646,step
2026-09-01T13:13:08.545838+00:00,38.273,-0.2338,0.15,0.0,-0.0717,-0.0581,5993.77,1,22.3834,45.666,step
2026-09-01T13:13:08.547046+00:00,38.391,-0.2337,0.15,0.0,-0.0707,-0.0575,6011.42,1,22.3941,45.686,step
2026-09-01T13:13:08.548244+00:00,38.51,-0.2336,0.15,0.0,-0.0697,-0.057,6029.29,1,22.404,45.706,step
2026-09-01T13:13:08.549466+00:00,38.628,-0.2335,0.0,0.15,-0.0688,-0.0566,6047.47,1,22.4138,45.726,step
2026-09-01T13:13:08.550693+00:00,38.266,-0.2331,0.15,0.0,-0.0678,-0.0559,5856.62,1,22.432,45.746,step
2026-09-01T13:13:08.551913+00:00,38.222,-0.2327,0.15,0.0,-0.0669,-0.0551,5988.98,1,22.4533,45.766,step
2026-09-01T13:13:08.553130+00:00,38.341,-0.2324,0.15,0.0,-0.066,-0.0545,6005.46,1,22.4677,45.786,step
2026-09-01T13:13:08.554373+00:00,38.46,-0.2322,0.15,0.0,-0.0651,-0.054,6022.91,1,22.4794,45.806,step
2026-09-01T13:13:08.555590+00:00,38.578,-0.2321,0.15,0.0,-0.0642,-0.0535,6040.58,1,22.4904,45.826,step
2026-09-01T13:13:08.556815+00:00,38.697,-0.232,0.15,0.0,-0.0633,-0.053,6058.49,1,22.5003,45.846,step
2026-09-01T13:13:08.558063+00:00,38.815,-0.2318,0.0,0.15,-0.0625,-0.0526,6076.72,1,22.5102,45.866,step
2026-09-01T13:13:08.559312+00:00,38.453,-0.2315,0.15,0.0,-0.0617,-0.0519,5885.0,1,22.5291,45.886,step
2026-09-01T13:13:08.560553+00:00,38.409,-0.231,0.15,0.0,-0.0608,-0.0512,6018.19,1,22.5508,45.906,step
2026-09-01T13:13:08.561787+00:00,38.528,-0.2307,0.15,0.0,-0.0601,-0.0506,6034.67,1,22.5652,45.926,step
2026-09-01T13:13:08.563048+00:00,38.647,-0.2305,0.15,0.0,-0.0593,-0.0501,6052.17,1,22.5777,45.946,step
2026-09-01T13:13:08.564257+00:00,38.765,-0.2303,0.15,0.0,-0.0585,-0.0497,6069.86,1,22.5895,45.966,step
2026-09-01T13:13:08.565483+00:00,38.884,-0.2302,0.0,0.15,-0.0578,-0.0492,6087.75,1,22.6002,45.986,step
2026-09-01T13:13:08.566731+00:00,38.522,-0.2298,0.15,0.0,-0.0571,-0.0486,5895.58,1,22.6193,46.006,step
2026-09-01T13:13:08.567941+00:00,38.478,-0.2293,0.15,0.0,-0.0564,-0.0479,6028.67,1,22.6415,46.026,step
2026-09-01T13:13:08.569143+00:00,38.597,-0.229,0.15,0.0,-0.0557,-0.0474,6045.22,1,22.6558,46.046,step
2026-09-01T13:13:08.570348+00:00,38.716,-0.2288,0.15,0.0,-0.055,-0.0469,6062.81,1,22.6681,46.066,step
2026-09-01T13:13:08.571567+00:00,38.835,-0.2286,0.15,0.0,-0.0544,-0.0465,6080.53,1,22.6792,46.086,step
2026-09-01T13:13:08.572765+00:00,38.954,-0.2285,0.15,0.0,-0.0538,-0.0461,6098.52,1,22.69,46.106,step
2026-09-01T13:13:08.573968+00:00,39.072,-0.2283,0.0,0.15,-0.0531,-0.0457,6116.79,1,22.6997,46.126,step
2026-09-01T13:13:08.575199+00:00,38.71,-0.2279,0.15,0.0,-0.0525,-0.0452,5924.03,1,22.7183,46.146,step
2026-09-01T13:13:08.576409+00:00,38.666,-0.2274,0.15,0.0,-0.0519,-0.0445,6058.35,1,22.7404,46.166,step
2026-09-01T13:13:08.577647+00:00,38.786,-0.2271,0.15,0.0,-0.0514,-0.044,6074.82,1,22.7547,46.186,step
2026-09-01T13:13:08.578882+00:00,38.904,-0.2269,0.15,0.0,-0.0508,-0.0436,6092.36,1,22.7671,46.206,step
2026-09-01T13:13:08.580117+00:00,39.023,-0.2267,0.15,0.0,-0.0503,-0.0432,6110.09,1,22.7782,46.226,step
2026-09-01T13:13:08.581367+00:00,39.142,-0.2266,0.15,0.0,-0.0497,-0.0429,6128.06,1,22.7887,46.246,step
2026-09-01T13:13:08.582606+00:00,39.261,-0.2264,0.0,0.15,-0.0492,-0.0425,6146.33,1,22.799,46.266,step
2026-09-01T13:13:08.583856+00:00,38.899,-0.226,0.15,0.0,-0.0487,-0.042,5952.66,1,22.8179,46.286,step
2026-09-01T13:13:08.585087+00:00,38.854,-0.2255,0.15,0.0,-0.0482,-0.0413,6087.72,1,22.8402,46.306,step
2026-09-01T13:13:08.586330+00:00,38.974,-0.2252,0.15,0.0,-0.0478,-0.0409,6104.22,1,22.8542,46.326,step
2026-09-01T13:13:08.587572+00:00,39.093,-0.225,0.15,0.0,-0.0473,-0.0405,6121.81,1,22.8657,46.346,step
2026-09-01T13:13:08.588788+00:00,39.212,-0.2248,0.15,0.0,-0.0468,-0.0402,6139.57,1,22.8766,46.366,step
2026-09-01T13:13:08.590034+00:00,39.331,-0.2246,0.15,0.0,-0.0464,-0.0399,6157.57,1,22.8869,46.386,step
2026-09-01T13:13:08.591255+00:00,39.45,-0.2244,0.0,0.15,-0.046,-0.0395,6175.88,1,22.897,46.406,step
2026-09-01T13:13:08.592494+00:00,39.088,-0.224,0.15,0.0,-0.0456,-0.039,5981.33,1,22.9153,46.426,step
2026-09-01T13:13:08.593722+00:00,39.043,-0.2235,0.15,0.0,-0.0452,-0.0384,6117.24,1,22.9372,46.446,step
2026-09-01T13:13:08.594956+00:00,39.163,-0.2232,0.15,0.0,-0.0448,-0.038,6133.78,1,22.951,46.466,step
2026-09-01T13:13:08.596192+00:00,39.282,-0.223,0.15,0.0,-0.0444,-0.0377,6151.34,1,22.9624,46.486,step
2026-09-01T13:13:08.597398+00:00,39.402,-0.2228,0.15,0.0,-0.0441,-0.0374,6169.12,1,22.9727,46.506,step
2026-09-01T13:13:08.598633+00:00,39.521,-0.2226,0.15,0.0,-0.0437,-0.0371,6187.13,1,22.9824,46.526,step
2026-09-01T13:13:08.599859+00:00,39.64,-0.2225,0.0,0.15,-0.0434,-0.0368,6205.47,1,22.9916,46.546,step
2026-09-01T13:13:08.601116+00:00,39.277,-0.2221,0.15,0.0,-0.0431,-0.0363,6010.06,1,23.0094,46.566,step
2026-09-01T13:13:08.602362+00:00,39.232,-0.2216,0.15,0.0,-0.0427,-0.0358,6146.78,1,23.0306,46.586,step
2026-09-01T13:13:08.603599+00:00,39.352,-0.2213,0.15,0.0,-0.0425,-0.0354,6163.34,1,23.0443,46.606,step
2026-09-01T13:13:08.604838+00:00,39.472,-0.221,0.15,0.0,-0.0422,-0.0351,6180.93,1,23.0557,46.626,step
2026-09-01T13:13:08.606064+00:00,39.591,-0.2208,0.15,0.0,-0.0419,-0.0348,6198.72,1,23.0658,46.646,step
2026-09-01T13:13:08.607304+00:00,39.711,-0.2207,0.15,0.0,-0.0417,-0.0346,6216.77,1,23.0752,46.666,step
2026-09-01T13:13:08.608545+00:00,39.83,-0.2205,0.0,0.15,-0.0414,-0.0344,6235.12,1,23.084,46.686,step
2026-09-01T13:13:08.609779+00:00,39.467,-0.2201,0.15,0.0,-0.0412,-0.0339,6038.81,1,23.1015,46.706,step
2026-09-01T13:13:08.610984+00:00,39.421,-0.2196,0.15,0.0,-0.0409,-0.0334,6176.36,1,23.1226,46.726,step
2026-09-01T13:13:08.612198+00:00,39.542,-0.2193,0.15,0.0,-0.0407,-0.033,6192.93,1,23.1359,46.746,step
2026-09-01T13:13:08.613413+00:00,39.661,-0.219,0.15,0.0,-0.0405,-0.0328,6210.53,1,23.1465,46.766,step
2026-09-01T13:13:08.614637+00:00,39.781,-0.2189,0.15,0.0,-0.0404,-0.0325,6228.35,1,23.1558,46.786,step
2026-09-01T13:13:08.615856+00:00,39.901,-0.2187,0.0,0.15,-0.0402,-0.0323,6246.41,1,23.1643,46.806,step
2026-09-01T13:13:08.617102+00:00,39.537,-0.2183,0.15,0.0,-0.04,-0.0319,6049.64,1,23.1814,46.826,step
2026-09-01T13:13:08.618331+00:00,39.492,-0.2178,0.15,0.0,-0.0398,-0.0314,6187.07,1,23.2013,46.846,step
2026-09-01T13:13:08.619565+00:00,39.613,-0.2175,0.15,0.0,-0.0397,-0.0311,6203.73,1,23.2132,46.866,step
2026-09-01T13:13:08.620807+00:00,39.732,-0.2173,0.15,0.0,-0.0395,-0.0309,6221.46,1,23.2229,46.886,step
2026-09-01T13:13:08.622056+00:00,39.852,-0.2172,0.15,0.0,-0.0394,-0.0307,6239.27,1,23.231,46.906,step
2026-09-01T13:13:08.623321+00:00,39.972,-0.217,0.15,0.0,-0.0392,-0.0305,6257.38,1,23.2378,46.926,step
2026-09-01T13:13:08.624549+00:00,40.092,-0.2169,0.0,0.15,-0.0391,-0.0304,6275.82,1,23.2438,46.946,step
2026-09-01T13:13:08.625811+00:00,39.728,-0.2166,0.15,0.0,-0.0389,-0.03,6078.42,1,23.2593,46.966,step
2026-09-01T13:13:08.627049+00:00,39.682,-0.2161,0.15,0.0,-0.0388,-0.0296,6217.15,1,23.2782,46.986,step
2026-09-01T13:13:08.628336+00:00,39.803,-0.2158,0.15,0.0,-0.0387,-0.0293,6233.7,1,23.2899,47.006,step
2026-09-01T13:13:08.629581+00:00,39.923,-0.2157,0.15,0.0,-0.0386,-0.0291,6251.35,1,23.2991,47.026,step
2026-09-01T13:13:08.630803+00:00,40.043,-0.2155,0.15,0.0,-0.0386,-0.029,6269.2,1,23.3071,47.046,step
2026-09-01T13:13:08.632022+00:00,40.163,-0.2154,0.0,0.15,-0.0385,-0.0288,6287.25,1,23.3135,47.066,step
2026-09-01T13:13:08.633244+00:00,39.799,-0.215,0.15,0.0,-0.0384,-0.0285,6089.36,1,23.3282,47.086,step
2026-09-01T13:13:08.634453+00:00,39.754,-0.2146,0.15,0.0,-0.0383,-0.0281,6227.89,1,23.3462,47.106,step
2026-09-01T13:13:08.635673+00:00,39.875,-0.2143,0.15,0.0,-0.0382,-0.0279,6244.59,1,23.3564,47.126,step
2026-09-01T13:13:08.636884+00:00,39.995,-0.2141,0.15,0.0,-0.0382,-0.0277,6262.32,1,23.3647,47.146,step
2026-09-01T13:13:08.638117+00:00,40.115,-0.214,0.15,0.0,-0.0382,-0.0276,6280.19,1,23.3713,47.166,step
2026-09-01T13:13:08.639320+00:00,40.235,-0.2139,0.15,0.0,-0.0381,-0.0275,6298.34,1,23.3767,47.186,step
2026-09-01T13:13:08.640542+00:00,40.355,-0.2138,0.0,0.15,-0.0381,-0.0274,6316.81,1,23.3812,47.206,step
2026-09-01T13:13:08.641774+00:00,39.991,-0.2135,0.15,0.0,-0.038,-0.0271,6118.2,1,23.3951,47.226,step
2026-09-01T13:13:08.643026+00:00,39.945,-0.213,0.15,0.0,-0.038,-0.0267,6258.03,1,23.4126,47.246,step
2026-09-01T13:13:08.644270+00:00,40.066,-0.2128,0.15,0.0,-0.038,-0.0265,6274.64,1,23.4223,47.266,step
2026-09-01T13:13:08.645511+00:00,40.186,-0.2127,0.15,0.0,-0.038,-0.0264,6292.33,1,23.4294,47.286,step
2026-09-01T13:13:08.646757+00:00,40.306,-0.2125,0.15,0.0,-0.038,-0.0263,6310.2,1,23.4354,47.306,step
2026-09-01T13:13:08.647991+00:00,40.426,-0.2124,0.0,0.15,-0.038,-0.0262,6328.31,1,23.4412,47.326,step
2026-09-01T13:13:08.649237+00:00,40.062,-0.2121,0.15,0.0,-0.038,-0.0259,6129.15,1,23.4548,47.346,step
2026-09-01T13:13:08.650469+00:00,40.017,-0.2117,0.15,0.0,-0.038,-0.0256,6268.83,1,23.4714,47.366,step
2026-09-01T13:13:08.651687+00:00,40.137,-0.2115,0.15,0.0,-0.038,-0.0254,6285.55,1,23.48,47.386,step
2026-09-01T13:13:08.652890+00:00,40.258,-0.2113,0.15,0.0,-0.038,-0.0253,6303.3,1,23.4864,47.406,step
2026-09-01T13:13:08.654080+00:00,40.378,-0.2112,0.15,0.0,-0.0381,-0.0252,6321.21,1,23.491,47.426,step
2026-09-01T13:13:08.655280+00:00,40.498,-0.2112,0.0,0.15,-0.0381,-0.0252,6339.38,1,23.4944,47.446,step
2026-09-01T13:13:08.656491+00:00,40.134,-0.2109,0.15,0.0,-0.0381,-0.0249,6140.07,1,23.5085,47.466,step
2026-09-01T13:13:08.657677+00:00,40.088,-0.2104,0.15,0.0,-0.0382,-0.0246,6280.07,1,23.5295,47.486,step
2026-09-01T13:13:08.658874+00:00,40.209,-0.2103,0.15,0.0,-0.0382,-0.0245,6296.76,1,23.5448,47.506,step
2026-09-01T13:13:08.660077+00:00,40.33,-0.2102,0.15,0.0,-0.0382,-0.0244,6314.55,1,23.5604,47.526,step
2026-09-01T13:13:08.661270+00:00,40.45,-0.2101,0.15,0.0,-0.0383,-0.0243,6332.47,1,23.5783,47.546,step
2026-09-01T13:13:08.662482+00:00,40.57,-0.21,0.15,0.0,-0.0383,-0.0243,6350.64,1,23.5979,47.566,step
2026-09-01T13:13:08.663717+00:00,40.69,-0.21,0.15,0.0,-0.0384,-0.0243,6369.13,1,23.6208,47.586,step
2026-09-01T13:13:08.664909+00:00,40.81,-0.2099,0.15,0.0,-0.0385,-0.0243,6387.91,1,23.6461,47.606,step
2026-09-01T13:13:08.666113+00:00,40.93,-0.2099,0.15,0.0,-0.0385,-0.0243,6406.89,1,23.6752,47.626,step
2026-09-01T13:13:08.667336+00:00,41.05,-0.2099,0.0,0.15,-0.0386,-0.0243,6426.06,1,23.7078,47.646,step
2026-09-01T13:13:08.668564+00:00,40.684,-0.2096,0.15,0.0,-0.0386,-0.0241,6222.48,1,23.7552,47.666,step
2026-09-01T13:13:08.669785+00:00,40.636,-0.2092,0.15,0.0,-0.0387,-0.0238,6367.16,1,23.8119,47.686,step
2026-09-01T13:13:08.671063+00:00,40.758,-0.209,0.15,0.0,-0.0387,-0.0237,6383.25,1,23.8634,47.706,step
2026-09-01T13:13:08.672259+00:00,40.878,-0.2089,0.15,0.0,-0.0388,-0.0236,6400.8,1,23.916,47.726,step
2026-09-01T13:13:08.673450+00:00,40.999,-0.2088,0.15,0.0,-0.0389,-0.0235,6418.53,1,23.9713,47.746,step
2026-09-01T13:13:08.674672+00:00,41.119,-0.2087,0.15,0.0,-0.0389,-0.0235,6436.56,1,24.0303,47.766,step
2026-09-01T13:13:08.675884+00:00,41.239,-0.2087,0.15,0.0,-0.039,-0.0235,6454.98,1,24.0923,47.786,step
2026-09-01T13:13:08.677111+00:00,41.359,-0.2087,0.15,0.0,-0.0391,-0.0235,6473.75,1,24.1592,47.806,step
2026-09-01T13:13:08.678321+00:00,41.479,-0.2087,0.15,0.0,-0.0392,-0.0236,6492.76,1,24.2306,47.826,step
2026-09-01T13:13:08.679544+00:00,41.599,-0.2087,0.15,0.0,-0.0392,-0.0236,6512.03,1,24.3076,47.846,step
2026-09-01T13:13:08.680736+00:00,41.719,-0.2087,0.15,0.0,-0.0393,-0.0236,6531.12,1,24.3908,47.866,step
2026-09-01T13:13:08.681946+00:00,41.839,-0.2086,0.15,0.0,-0.0394,-0.0236,6550.04,1,24.48,47.886,step
2026-09-01T13:13:08.683180+00:00,41.958,-0.2086,0.15,0.0,-0.0394,-0.0236,6568.85,1,24.5761,47.906,step
2026-09-01T13:13:08.684404+00:00,42.078,-0.2086,0.0,0.15,-0.0395,-0.0236,6587.6,1,24.6788,47.926,step
2026-09-01T13:13:08.685632+00:00,41.712,-0.2083,0.15,0.0,-0.0396,-0.0234,6377.72,1,24.8013,47.946,step
2026-09-01T13:13:08.686852+00:00,41.659,-0.2079,0.15,0.0,-0.0396,-0.0231,6527.55,1,24.9362,47.966,step
2026-09-01T13:13:08.688081+00:00,41.781,-0.2077,0.15,0.0,-0.0397,-0.023,6543.49,1,25.0668,47.986,step
2026-09-01T13:13:08.689357+00:00,41.901,-0.2076,0.15,0.0,-0.0398,-0.0229,6560.99,1,25.2012,48.006,step
2026-09-01T13:13:08.690573+00:00,42.022,-0.2075,0.0,0.15,-0.0398,-0.0229,6578.65,1,25.3413,48.026,step
2026-09-01T13:13:08.691788+00:00,41.655,-0.2073,0.15,0.0,-0.0399,-0.0227,6370.49,1,25.5021,48.046,step
2026-09-01T13:13:08.692985+00:00,41.604,-0.2069,0.15,0.0,-0.04,-0.0224,6517.41,1,25.6758,48.066,step
2026-09-01T13:13:08.694200+00:00,41.725,-0.2068,0.15,0.0,-0.0401,-0.0223,6534.1,1,25.8446,48.086,step
2026-09-01T13:13:08.695407+00:00,41.846,-0.2067,0.15,0.0,-0.0402,-0.0223,6551.83,1,26.019,48.106,step
2026-09-01T13:13:08.696627+00:00,41.966,-0.2066,0.15,0.0,-0.0403,-0.0223,6569.72,1,26.2011,48.126,step
2026-09-01T13:13:08.697825+00:00,42.086,-0.2066,0.0,0.15,-0.0404,-0.0224,6587.93,1,26.3917,48.146,step
2026-09-01T13:13:08.699026+00:00,41.721,-0.2064,0.15,0.0,-0.0405,-0.0222,6380.17,1,26.6087,48.166,step
2026-09-01T13:13:08.700235+00:00,41.668,-0.2061,0.15,0.0,-0.0406,-0.022,6527.83,1,26.8426,48.186,step
2026-09-01T13:13:08.701446+00:00,41.79,-0.206,0.15,0.0,-0.0407,-0.0219,6544.35,1,27.0737,48.206,step
2026-09-01T13:13:08.702678+00:00,41.91,-0.2059,0.15,0.0,-0.0408,-0.0219,6562.1,1,27.3131,48.226,step
2026-09-01T13:13:08.703878+00:00,42.031,-0.2059,0.0,0.15,-0.0409,-0.0219,6579.98,1,27.5635,48.246,step
2026-09-01T13:13:08.705115+00:00,41.664,-0.2057,0.15,0.0,-0.041,-0.0218,6371.52,1,27.8447,48.266,step
2026-09-01T13:13:08.706331+00:00,41.613,-0.2053,0.15,0.0,-0.0411,-0.0215,6519.01,1,28.1475,48.286,step
2026-09-01T13:13:08.707538+00:00,41.734,-0.2052,0.15,0.0,-0.0412,-0.0215,6535.55,1,28.4472,48.306,step
2026-09-01T13:13:08.708735+00:00,41.855,-0.2052,0.15,0.0,-0.0413,-0.0215,6553.22,1,28.7573,48.326,step
2026-09-01T13:13:08.709922+00:00,41.976,-0.2052,0.15,0.0,-0.0415,-0.0216,6571.06,1,29.0817,48.346,step
2026-09-01T13:13:08.711107+00:00,42.096,-0.2052,0.0,0.15,-0.0416,-0.0217,6589.24,1,29.4217,48.366,step
2026-09-01T13:13:08.712293+00:00,41.73,-0.205,0.15,0.0,-0.0417,-0.0215,6381.71,1,29.8017,48.386,step
2026-09-01T13:13:08.713480+00:00,41.678,-0.2047,0.15,0.0,-0.0418,-0.0213,6529.21,1,30.211,48.406,step
2026-09-01T13:13:08.714658+00:00,41.8,-0.2046,0.15,0.0,-0.0419,-0.0213,6545.81,1,30.6228,48.426,step
2026-09-01T13:13:08.715826+00:00,41.92,-0.2046,0.15,0.0,-0.042,-0.0213,6563.58,1,31.0522,48.446,step
2026-09-01T13:13:08.717029+00:00,42.041,-0.2045,0.0,0.15,-0.0422,-0.0214,6581.5,1,31.5037,48.466,step
2026-09-01T13:13:08.718229+00:00,41.674,-0.2043,0.15,0.0,-0.0423,-0.0212,6373.03,1,32.0051,48.486,step
2026-09-01T13:13:08.719421+00:00,41.624,-0.204,0.15,0.0,-0.0424,-0.021,6520.53,1,32.542,48.506,step
2026-09-01T13:13:08.720636+00:00,41.745,-0.2039,0.15,0.0,-0.0425,-0.021,6537.11,1,33.0835,48.526,step
2026-09-01T13:13:08.721849+00:00,41.866,-0.2039,0.15,0.0,-0.0427,-0.021,6554.8,1,33.6499,48.546,step
2026-09-01T13:13:08.723054+00:00,41.986,-0.2039,0.15,0.0,-0.0428,-0.0211,6572.65,1,34.2466,48.566,step
2026-09-01T13:13:08.724249+00:00,42.107,-0.204,0.0,0.15,-0.0429,-0.0212,6590.83,1,34.8767,48.586,step
2026-09-01T13:13:08.725483+00:00,41.741,-0.2038,0.15,0.0,-0.0431,-0.0211,6383.32,1,35.5779,48.606,step
2026-09-01T13:13:08.726691+00:00,41.689,-0.2035,0.15,0.0,-0.0432,-0.0209,6530.81,1,36.3356,48.626,step
2026-09-01T13:13:08.727917+00:00,41.811,-0.2034,0.15,0.0,-0.0433,-0.0209,6547.39,1,37.1076,48.646,step
2026-09-01T13:13:08.729108+00:00,41.931,-0.2034,0.15,0.0,-0.0435,-0.021,6565.19,1,37.9194,48.666,step
2026-09-01T13:13:08.730284+00:00,42.052,-0.2035,0.0,0.15,-0.0436,-0.0211,6583.13,1,38.7806,48.686,step
2026-09-01T13:13:08.731466+00:00,41.686,-0.2033,0.15,0.0,-0.0437,-0.021,6374.76,1,39.7398,48.706,step
2026-09-01T13:13:08.732644+00:00,41.636,-0.203,0.15,0.0,-0.0438,-0.0208,6522.26,1,40.7794,48.726,step
2026-09-01T13:13:08.733817+00:00,41.757,-0.2029,0.15,0.0,-0.044,-0.0208,6538.87,1,41.8499,48.746,step
2026-09-01T13:13:08.735012+00:00,41.877,-0.2029,0.15,0.0,-0.0441,-0.0208,6556.57,1,42.9863,48.766,step
2026-09-01T13:13:08.736193+00:00,41.998,-0.203,0.15,0.0,-0.0442,-0.0209,6574.42,1,44.2011,48.786,step
2026-09-01T13:13:08.737397+00:00,42.119,-0.003,0.8,0.0,-0.0444,-0.021,6592.62,1,45.5039,48.806,step
2026-09-01T13:13:08.738604+00:00,42.702,-0.0052,0.8,0.0,-0.0443,-0.0228,7719.99,1,46.3811,48.826,step
2026-09-01T13:13:08.739802+00:00,43.493,-0.0109,0.8,0.0,-0.0438,-0.0273,8649.22,1,46.3907,48.846,step
2026-09-01T13:13:08.741030+00:00,44.343,-0.0178,0.8,0.0,-0.0429,-0.0327,9787.05,1,46.1453,48.866,step
2026-09-01T13:13:08.742245+00:00,45.229,-0.025,0.8,0.0,-0.0417,-0.0382,10925.7,1,45.8812,48.886,step
2026-09-01T13:13:08.743453+00:00,46.138,-0.0323,0.8,0.0,-0.0403,-0.0437,11995.4,1,45.6699,48.906,step
2026-09-01T13:13:08.744643+00:00,47.058,-0.0395,0.8,0.0,-0.0386,-0.049,13026.6,1,45.5392,48.926,step
2026-09-01T13:13:08.745839+00:00,47.98,-0.0465,0.8,0.0,-0.0366,-0.054,14070.6,1,45.508,48.946,step
2026-09-01T13:13:08.747022+00:00,48.899,-0.0534,0.8,0.0,-0.0343,-0.0588,15147.7,1,45.5991,48.966,step
2026-09-01T13:13:08.748178+00:00,49.818,-0.06,0.8,0.0,-0.0318,-0.0633,16250.5,1,45.8293,48.986,step
2026-09-01T13:13:08.749320+00:00,50.744,-0.0664,0.8,0.0,-0.029,-0.0674,17355.9,2,46.218,49.006,step
2026-09-01T13:13:08.750509+00:00,51.667,-0.0724,0.8,0.0,-0.0259,-0.0711,12887.0,2,46.7915,49.026,step
2026-09-01T13:13:08.751677+00:00,52.563,-0.078,0.8,0.0,-0.0225,-0.0744,12874.4,2,47.576,49.046,step
2026-09-01T13:13:08.752891+00:00,53.439,-0.0832,0.8,0.0,-0.0188,-0.0772,8116.87,2,48.5967,49.066,step
2026-09-01T13:13:08.754040+00:00,54.303,-0.0882,0.8,0.0,-0.0149,-0.0797,8226.75,2,49.8551,49.086,step
2026-09-01T13:13:08.755172+00:00,55.165,-0.0929,0.8,0.0,-0.0107,-0.0819,8299.3,2,51.3844,49.106,step
2026-09-01T13:13:08.756322+00:00,56.026,-0.0973,0.8,0.0,-0.0063,-0.0837,8387.66,2,53.2458,49.126,step
2026-09-01T13:13:08.757450+00:00,56.886,-0.1014,0.8,0.0,-0.0016,-0.0851,8494.36,2,55.5097,49.146,step
2026-09-01T13:13:08.758590+00:00,57.745,-0.1051,0.8,0.0,0.0033,-0.0862,8622.62,2,58.2709,49.166,step
2026-09-01T13:13:08.759748+00:00,58.605,-0.1086,0.8,0.0,0.0084,-0.087,8776.51,2,61.6715,49.186,step
2026-09-01T13:13:08.760877+00:00,59.464,-0.1116,0.8,0.0,0.0137,-0.0873,8961.1,2,65.926,49.206,step
2026-09-01T13:13:08.762022+00:00,60.323,-0.1087,0.8,0.0,0.0192,-0.0826,9182.45,2,71.3549,49.226,step
2026-09-01T13:13:08.763137+00:00,61.183,-0.1019,0.8,0.0,0.0244,-0.0748,9447.65,2,78.3751,49.246,step
2026-09-01T13:13:08.764272+00:00,62.044,-0.0946,0.8,0.0,0.0295,-0.0666,9728.84,2,87.5627,49.266,step
2026-09-01T13:13:08.765394+00:00,62.907,-0.0868,0.8,0.0,0.0343,-0.058,10000.9,2,99.8996,49.286,step
2026-09-01T13:13:08.766550+00:00,63.771,-0.0786,0.8,0.0,0.039,-0.0492,10264.3,2,117.174,49.306,step
2026-09-01T13:13:08.767715+00:00,64.635,-0.0699,0.8,0.0,0.0433,-0.0402,10519.2,2,142.924,49.326,step
2026-09-01T13:13:08.768895+00:00,65.498,-0.0608,0.8,0.0,0.0475,-0.0309,10766.1,2,185.156,49.346,step
2026-09-01T13:13:08.770061+00:00,66.361,-0.0513,0.8,0.0,0.0513,-0.0213,11005.4,2,200.0,49.366,step
2026-09-01T13:13:08.771249+00:00,67.223,-0.0414,0.8,0.0,0.0549,-0.0116,11237.6,2,200.0,49.386,step
2026-09-01T13:13:08.772403+00:00,68.083,-0.0311,0.8,0.0,0.0582,-0.0017,11462.8,2,200.0,49.406,step
2026-09-01T13:13:08.773542+00:00,68.942,-0.0205,0.8,0.0,0.0612,0.0084,11681.6,2,200.0,49.426,step
2026-09-01T13:13:08.774721+00:00,69.799,-0.0095,0.8,0.0,0.0638,0.0187,11894.0,2,200.0,49.446,step
2026-09-01T13:13:08.775916+00:00,70.655,0.0019,0.8,0.0,0.0661,0.0291,12100.5,2,200.0,49.466,step
2026-09-01T13:13:08.777084+00:00,71.507,0.0136,0.8,0.0,0.068,0.0396,12301.0,2,161.724,49.486,step
2026-09-01T13:13:08.778249+00:00,72.358,0.0256,0.8,0.0,0.0695,0.0503,12495.8,2,127.708,49.506,step
2026-09-01T13:13:08.779390+00:00,73.207,0.0379,0.8,0.0,0.0706,0.061,12685.9,2,105.415,49.526,step
2026-09-01T13:13:08.780513+00:00,74.053,0.0504,0.8,0.0,0.0712,0.0717,12874.9,2,89.6909,49.546,step
2026-09-01T13:13:08.781634+00:00,74.897,0.0633,0.8,0.0,0.0715,0.0825,13063.0,2,78.0108,49.566,step
2026-09-01T13:13:08.782757+00:00,75.74,0.0763,0.8,0.0,0.0713,0.0933,13250.2,2,69.0067,49.586,step
2026-09-01T13:13:08.783857+00:00,76.581,0.0895,0.8,0.0,0.0706,0.104,13436.2,2,61.8679,49.606,step
2026-09-01T13:13:08.784934+00:00,77.42,0.1029,0.8,0.0,0.0694,0.1147,13621.0,2,56.0857,49.626,step
2026-09-01T13:13:08.786007+00:00,78.26,0.1164,0.8,0.0,0.0677,0.1252,13804.2,2,51.3162,49.646,step
2026-09-01T13:13:08.787063+00:00,79.099,0.1299,0.0,0.15,0.0655,0.1355,13985.7,2,47.318,49.666,step
2026-09-01T13:13:08.788128+00:00,79.743,0.3432,0.0,0.15,0.0628,0.1455,11586.8,2,43.9876,49.686,step
2026-09-01T13:13:08.789187+00:00,80.058,0.3526,0.0,0.15,0.0595,0.1519,9745.68,3,42.0054,49.706,step
2026-09-01T13:13:08.790253+00:00,79.828,0.3521,0.0,0.15,0.0557,0.15,7617.46,2,42.3933,49.726,step
2026-09-01T13:13:08.791319+00:00,79.382,0.3437,0.0,0.15,0.0514,0.1412,7606.3,2,44.8302,49.746,step
2026-09-01T13:13:08.792400+00:00,78.931,0.1302,0.0,0.15,0.0466,0.128,8973.19,2,49.2081,49.766,step
2026-09-01T13:13:08.793478+00:00,78.54,0.1166,0.8,0.0,0.0415,0.1145,8952.35,2,54.6968,49.786,step
2026-09-01T13:13:08.794560+00:00,78.38,0.1081,0.8,0.0,0.0359,0.105,8960.24,2,59.2826,49.806,step
2026-09-01T13:13:08.795661+00:00,78.369,0.1025,0.8,0.0,0.03,0.0979,9037.75,2,63.2031,49.826,step
2026-09-01T13:13:08.796747+00:00,78.893,0.0983,0.15,0.0,0.0241,0.0919,10055.3,2,66.9408,49.846,step
2026-09-01T13:13:08.797828+00:00,79.405,0.0945,0.15,0.0,0.0182,0.0864,9207.3,2,70.816,49.866,step
2026-09-01T13:13:08.798936+00:00,79.459,0.0918,0.15,0.0,0.0125,0.0817,9197.76,2,74.4629,49.886,step
2026-09-01T13:13:08.800074+00:00,79.505,0.0894,0.15,0.0,0.0071,0.0775,9203.63,2,78.0876,49.906,step
2026-09-01T13:13:08.801204+00:00,79.549,0.0872,0.15,0.0,0.0019,0.0735,9210.62,2,81.8942,49.926,step
2026-09-01T13:13:08.802361+00:00,79.593,0.085,0.15,0.0,-0.0031,0.0696,9217.13,2,86.0514,49.946,step
2026-09-01T13:13:08.803486+00:00,79.638,0.0827,0.15,0.0,-0.0078,0.0657,9222.94,2,90.694,49.966,step
2026-09-01T13:13:08.804634+00:00,79.682,0.0803,0.15,0.0,-0.0122,0.0618,9228.19,2,95.9033,49.986,step
2026-09-01T13:13:08.805782+00:00,79.727,0.0779,0.15,0.0,-0.0164,0.0581,9233.1,2,101.714,50.006,step
2026-09-01T13:13:08.806933+00:00,79.771,0.0754,0.15,0.0,-0.0203,0.0544,9237.88,2,108.185,50.026,step
2026-09-01T13:13:08.808102+00:00,79.816,0.0729,0.15,0.0,-0.024,0.0508,9242.65,2,115.375,50.046,step
2026-09-01T13:13:08.809253+00:00,79.86,0.0705,0.8,0.0,-0.0274,0.0473,9247.54,2,123.385,50.066,step
2026-09-01T13:13:08.810413+00:00,80.371,0.0679,0.8,0.0,-0.0307,0.0438,10167.8,3,132.857,50.086,step
2026-09-01T13:13:08.811580+00:00,80.849,0.0649,0.8,0.0,-0.0337,0.04,8066.47,3,144.866,50.106,step
2026-09-01T13:13:08.812755+00:00,80.794,0.0621,0.8,0.0,-0.0364,0.0366,8077.51,3,158.147,50.126,step
2026-09-01T13:13:08.813947+00:00,80.749,0.0594,0.8,0.0,-0.039,0.0333,7389.94,3,200.0,50.146,step
2026-09-01T13:13:08.815177+00:00,81.139,0.0568,0.8,0.0,-0.0413,0.0301,7792.3,3,200.0,50.166,step
2026-09-01T13:13:08.816403+00:00,81.728,0.0541,0.8,0.0,-0.0434,0.027,7875.39,3,200.0,50.186,step
2026-09-01T13:13:08.817595+00:00,82.342,0.0514,0.8,0.0,-0.0453,0.0239,7930.26,3,200.0,50.206,step
2026-09-01T13:13:08.818809+00:00,82.965,0.0488,0.8,0.0,-0.047,0.021,7979.5,3,200.0,50.226,step
2026-09-01T13:13:08.820029+00:00,83.588,0.0463,0.8,0.0,-0.0486,0.0183,8032.02,3,200.0,50.246,step
2026-09-01T13:13:08.821255+00:00,84.212,0.0439,0.8,0.0,-0.05,0.0158,8090.44,3,200.0,50.266,step
2026-09-01T13:13:08.822459+00:00,84.838,0.0416,0.8,0.0,-0.0512,0.0133,8154.38,3,200.0,50.286,step
2026-09-01T13:13:08.823674+00:00,85.465,0.0393,0.8,0.0,-0.0522,0.011,8222.36,3,200.0,50.306,step
2026-09-01T13:13:08.824891+00:00,86.097,0.0371,0.8,0.0,-0.0531,0.0088,8293.18,3,199.865,50.326,step
2026-09-01T13:13:08.826081+00:00,86.734,0.0348,0.8,0.0,-0.0537,0.0066,8363.6,3,198.493,50.346,step
2026-09-01T13:13:08.827282+00:00,87.379,0.0326,0.8,0.0,-0.0543,0.0045,8432.39,3,197.129,50.366,step
2026-09-01T13:13:08.828492+00:00,88.029,0.0304,0.8,0.0,-0.0547,0.0026,8500.54,3,195.777,50.386,step
2026-09-01T13:13:08.829686+00:00,88.686,0.0283,0.8,0.0,-0.0549,0.0007,8568.05,3,194.449,50.406,step
2026-09-01T13:13:08.830877+00:00,89.348,0.0262,0.8,0.0,-0.055,-0.0011,8635.09,3,193.151,50.426,step
2026-09-01T13:13:08.832067+00:00,90.016,0.0241,0.8,0.0,-0.055,-0.0028,8702.24,3,191.883,50.446,step
2026-09-01T13:13:08.833243+00:00,90.688,0.0222,0.8,0.0,-0.0548,-0.0044,8770.05,3,190.647,50.466,step
2026-09-01T13:13:08.834404+00:00,91.366,0.0203,0.8,0.0,-0.0545,-0.0058,8838.94,3,189.444,50.486,step
2026-09-01T13:13:08.835621+00:00,92.048,0.0185,0.8,0.0,-0.0541,-0.0072,8909.11,3,188.278,50.506,step
2026-09-01T13:13:08.836823+00:00,92.735,0.0167,0.8,0.0,-0.0536,-0.0084,8980.53,3,187.148,50.526,step
2026-09-01T13:13:08.838038+00:00,93.427,0.015,0.8,0.0,-0.053,-0.0096,9053.1,3,186.05,50.546,step
2026-09-01T13:13:08.839253+00:00,94.124,0.0133,0.8,0.0,-0.0522,-0.0106,9126.6,3,184.983,50.566,step
2026-09-01T13:13:08.840443+00:00,94.826,0.0118,0.8,0.0,-0.0514,-0.0116,9200.79,3,183.956,50.586,step
2026-09-01T13:13:08.841637+00:00,95.534,0.0102,0.15,0.0,-0.0504,-0.0125,9275.54,3,182.966,50.606,step
2026-09-01T13:13:08.842832+00:00,95.867,0.0088,0.15,0.0,-0.0494,-0.0132,8790.07,3,182.043,50.626,step
2026-09-01T13:13:08.844019+00:00,95.876,0.0076,0.15,0.0,-0.0483,-0.0138,8791.05,3,181.215,50.646,step
2026-09-01T13:13:08.845206+00:00,95.888,0.0065,0.15,0.0,-0.0472,-0.0143,8793.33,3,180.424,50.666,step
2026-09-01T13:13:08.846403+00:00,95.899,0.0054,0.15,0.0,-0.0459,-0.0147,8794.9,3,179.666,50.686,step
2026-09-01T13:13:08.847590+00:00,95.911,0.0043,0.15,0.0,-0.0447,-0.015,8795.99,3,178.945,50.706,step
2026-09-01T13:13:08.848778+00:00,95.923,0.0033,0.15,0.0,-0.0434,-0.0153,8796.85,3,178.256,50.726,step
2026-09-01T13:13:08.849964+00:00,95.935,0.0024,0.15,0.0,-0.042,-0.0155,8797.65,3,177.6,50.746,step
2026-09-01T13:13:08.851138+00:00,95.947,0.0015,0.15,0.0,-0.0407,-0.0157,8798.5,3,176.98,50.766,step
2026-09-01T13:13:08.852328+00:00,95.958,0.0007,0.15,0.0,-0.0393,-0.0158,8799.46,3,176.39,50.786,step
2026-09-01T13:13:08.853541+00:00,95.97,-0.0001,0.15,0.0,-0.038,-0.0159,8800.44,3,175.818,50.806,step
2026-09-01T13:13:08.854753+00:00,95.982,-0.0008,0.15,0.0,-0.0365,-0.0159,8801.46,3,175.261,50.826,step
2026-09-01T13:13:08.855962+00:00,95.993,-0.0016,0.15,0.0,-0.0351,-0.0159,8802.52,3,174.73,50.846,step
2026-09-01T13:13:08.857149+00:00,96.005,-0.0022,0.15,0.0,-0.0337,-0.0159,8803.62,3,174.23,50.866,step
2026-09-01T13:13:08.858363+00:00,96.017,-0.0028,0.15,0.0,-0.0322,-0.0158,8804.74,3,173.749,50.886,step
2026-09-01T13:13:08.859549+00:00,96.028,-0.0033,0.15,0.0,-0.0308,-0.0156,8805.84,3,173.284,50.906,step
2026-09-01T13:13:08.860746+00:00,96.04,-0.0039,0.15,0.0,-0.0294,-0.0155,8806.92,3,172.833,50.926,step
2026-09-01T13:13:08.861941+00:00,96.052,-0.0043,0.15,0.0,-0.0281,-0.0153,8807.97,3,172.398,50.946,step
2026-09-01T13:13:08.863130+00:00,96.063,-0.0047,0.15,0.0,-0.0268,-0.0151,8809.01,3,171.976,50.966,step
2026-09-01T13:13:08.864313+00:00,96.075,-0.0051,0.15,0.0,-0.0255,-0.0148,8810.05,3,171.565,50.986,step
2026-09-01T13:13:08.865495+00:00,96.086,-0.0054,0.15,0.0,-0.0242,-0.0146,8811.09,3,171.167,51.006,step
2026-09-01T13:13:08.866677+00:00,96.098,-0.0057,0.15,0.0,-0.0229,-0.0143,8812.13,3,170.773,51.026,step
2026-09-01T13:13:08.867868+00:00,96.109,-0.006,0.15,0.0,-0.0216,-0.014,8813.16,3,170.391,51.046,step
2026-09-01T13:13:08.869054+00:00,96.121,-0.0063,0.15,0.0,-0.0204,-0.0137,8814.2,3,170.021,51.066,step
2026-09-01T13:13:08.870252+00:00,96.132,-0.0064,0.15,0.0,-0.0192,-0.0134,8815.25,3,169.656,51.086,step
2026-09-01T13:13:08.871464+00:00,96.143,-0.0066,0.15,0.0,-0.018,-0.013,8816.29,3,169.29,51.106,step
2026-09-01T13:13:08.872657+00:00,96.155,-0.0068,0.15,0.0,-0.0169,-0.0127,8817.33,3,168.934,51.126,step
2026-09-01T13:13:08.873855+00:00,96.166,-0.0069,0.15,0.0,-0.0157,-0.0123,8818.37,3,168.588,51.146,step
2026-09-01T13:13:08.875038+00:00,96.177,-0.0069,0.15,0.0,-0.0147,-0.0119,8819.41,3,168.245,51.166,step
2026-09-01T13:13:08.876223+00:00,96.189,-0.007,0.15,0.0,-0.0136,-0.0115,8820.44,3,167.899,51.186,step
2026-09-01T13:13:08.877398+00:00,96.2,-0.007,0.15,0.0,-0.0126,-0.0111,8821.47,3,167.552,51.206,step
2026-09-01T13:13:08.878582+00:00,96.211,-0.007,0.15,0.0,-0.0116,-0.0107,8822.49,3,167.203,51.226,step
2026-09-01T13:13:08.879760+00:00,96.222,-0.007,0.15,0.0,-0.0107,-0.0103,8823.52,3,166.853,51.246,step
2026-09-01T13:13:08.880942+00:00,96.234,-0.007,0.15,0.0,-0.0098,-0.0099,8824.54,3,166.5,51.266,step
2026-09-01T13:13:08.882124+00:00,96.245,-0.007,0.15,0.0,-0.0089,-0.0095,8825.56,3,166.146,51.286,step
2026-09-01T13:13:08.883311+00:00,96.256,-0.0069,0.15,0.0,-0.0081,-0.0091,8826.58,3,165.791,51.306,step
2026-09-01T13:13:08.884475+00:00,96.267,-0.0068,0.15,0.0,-0.0073,-0.0087,8827.59,3,165.434,51.326,step
2026-09-01T13:13:08.885691+00:00,96.278,-0.0067,0.15,0.0,-0.0065,-0.0083,8828.6,3,165.075,51.346,step
2026-09-01T13:13:08.886895+00:00,96.289,-0.0067,0.15,0.0,-0.0058,-0.0079,8829.61,3,164.714,51.366,step
2026-09-01T13:13:08.888082+00:00,96.3,-0.0065,0.15,0.0,-0.0051,-0.0076,8830.63,3,164.353,51.386,step
2026-09-01T13:13:08.889290+00:00,96.311,-0.0064,0.15,0.0,-0.0045,-0.0072,8831.63,3,163.99,51.406,step
2026-09-01T13:13:08.890503+00:00,96.323,-0.0062,0.15,0.0,-0.0038,-0.0068,8832.64,3,163.616,51.426,step
2026-09-01T13:13:08.891701+00:00,96.334,-0.0061,0.15,0.0,-0.0032,-0.0064,8833.64,3,163.231,51.446,step
2026-09-01T13:13:08.892913+00:00,96.345,-0.006,0.15,0.0,-0.0027,-0.0061,8834.65,3,162.844,51.466,step
2026-09-01T13:13:08.894128+00:00,96.356,-0.0058,0.15,0.0,-0.0021,-0.0057,8835.65,3,162.453,51.486,step
2026-09-01T13:13:08.895325+00:00,96.367,-0.0057,0.15,0.0,-0.0016,-0.0054,8836.65,3,162.061,51.506,step
2026-09-01T13:13:08.896520+00:00,96.377,-0.0055,0.15,0.0,-0.0011,-0.0051,8837.64,3,161.667,51.526,step
2026-09-01T13:13:08.897700+00:00,96.388,-0.0053,0.15,0.0,-0.0007,-0.0047,8838.64,3,161.273,51.546,step
2026-09-01T13:13:08.898898+00:00,96.399,-0.0051,0.15,0.0,-0.0003,-0.0044,8839.63,3,160.869,51.566,step
2026-09-01T13:13:08.900082+00:00,96.41,-0.005,0.15,0.0,0.0001,-0.0041,8840.63,3,160.454,51.586,step
2026-09-01T13:13:08.901263+00:00,96.421,-0.0048,0.15,0.0,0.0005,-0.0038,8841.62,3,160.033,51.606,step
2026-09-01T13:13:08.902458+00:00,96.432,-0.0047,0.15,0.0,0.0008,-0.0035,8842.61,3,159.61,51.626,step
2026-09-01T13:13:08.903654+00:00,96.443,-0.0045,0.15,0.0,0.0011,-0.0033,8843.59,3,159.187,51.646,step
2026-09-01T13:13:08.904853+00:00,96.454,-0.0043,0.15,0.0,0.0014,-0.003,8844.58,3,158.753,51.666,step
2026-09-01T13:13:08.906087+00:00,96.464,-0.0042,0.15,0.0,0.0017,-0.0028,8845.56,3,158.309,51.686,step
2026-09-01T13:13:08.907298+00:00,96.475,-0.004,0.15,0.0,0.0019,-0.0026,8846.54,3,157.861,51.706,step
2026-09-01T13:13:08.908487+00:00,96.486,-0.0039,0.15,0.0,0.0022,-0.0023,8847.52,3,157.409,51.726,step
2026-09-01T13:13:08.909689+00:00,96.496,-0.0037,0.15,0.0,0.0024,-0.0021,8848.5,3,156.957,51.746,step
2026-09-01T13:13:08.910866+00:00,96.507,-0.0035,0.15,0.0,0.0025,-0.0019,8849.48,3,156.505,51.766,step
2026-09-01T13:13:08.912037+00:00,96.518,-0.0034,0.15,0.0,0.0027,-0.0017,8850.45,3,156.052,51.786,step
2026-09-01T13:13:08.913230+00:00,96.528,-0.0032,0.15,0.0,0.0028,-0.0015,8851.42,3,155.591,51.806,step
2026-09-01T13:13:08.914413+00:00,96.539,-0.003,0.15,0.0,0.0029,-0.0013,8852.39,3,155.12,51.826,step
2026-09-01T13:13:08.915586+00:00,96.55,-0.0029,0.15,0.0,0.0031,-0.0012,8853.36,3,154.647,51.846,step
2026-09-01T13:13:08.916777+00:00,96.56,-0.0028,0.15,0.0,0.0032,-0.001,8854.33,3,154.173,51.866,step
2026-09-01T13:13:08.917949+00:00,96.571,-0.0026,0.15,0.0,0.0033,-0.0008,8855.29,3,153.699,51.886,step
2026-09-01T13:13:08.919152+00:00,96.582,-0.0025,0.15,0.0,0.0034,-0.0006,8856.26,3,153.224,51.906,step
2026-09-01T13:13:08.920346+00:00,96.592,-0.0023,0.15,0.0,0.0035,-0.0005,8857.22,3,152.741,51.926,step
2026-09-01T13:13:08.921527+00:00,96.603,-0.0022,0.15,0.0,0.0035,-0.0004,8858.18,3,152.251,51.946,step
2026-09-01T13:13:08.922747+00:00,96.613,-0.002,0.15,0.0,0.0035,-0.0003,8859.14,3,151.757,51.966,step
2026-09-01T13:13:08.923926+00:00,96.624,-0.0019,0.15,0.0,0.0035,-0.0001,8860.1,3,151.262,51.986,step
2026-09-01T13:13:08.925097+00:00,96.634,-0.0018,0.15,0.0,0.0034,-0.0,8861.05,3,150.766,52.006,step
2026-09-01T13:13:08.926276+00:00,96.645,-0.0016,0.15,0.0,0.0034,0.0001,8862.01,3,150.27,52.026,step
2026-09-01T13:13:08.927459+00:00,96.655,-0.0015,0.15,0.0,0.0034,0.0002,8862.96,3,149.773,52.046,step
2026-09-01T13:13:08.928631+00:00,96.665,-0.0014,0.15,0.0,0.0034,0.0003,8863.91,3,149.268,52.066,step
2026-09-01T13:13:08.929792+00:00,96.676,-0.0013,0.15,0.0,0.0033,0.0003,8864.86,3,148.756,52.086,step
2026-09-01T13:13:08.930939+00:00,96.686,-0.0012,0.15,0.0,0.0033,0.0004,8865.8,3,148.242,52.106,step
2026-09-01T13:13:08.932090+00:00,96.697,-0.0011,0.15,0.0,0.0033,0.0005,8866.75,3,147.728,52.126,step
2026-09-01T13:13:08.933246+00:00,96.707,-0.001,0.15,0.0,0.0032,0.0005,8867.69,3,147.213,52.146,step
2026-09-01T13:13:08.934400+00:00,96.717,-0.0009,0.15,0.0,0.0032,0.0006,8868.63,3,146.698,52.166,step
2026-09-01T13:13:08.935588+00:00,96.728,-0.0008,0.15,0.0,0.0031,0.0007,8869.57,3,146.182,52.186,step
2026-09-01T13:13:08.936778+00:00,96.738,-0.0007,0.15,0.0,0.0031,0.0007,8870.5,3,145.666,52.206,step
2026-09-01T13:13:08.937995+00:00,96.748,-0.0006,0.15,0.0,0.003,0.0008,8871.44,3,145.151,52.226,step
2026-09-01T13:13:08.939191+00:00,96.758,-0.0004,0.15,0.0,0.0029,0.0008,8872.37,3,144.634,52.246,step
2026-09-01T13:13:08.940389+00:00,96.769,-0.0004,0.15,0.0,0.0029,0.0009,8873.3,3,144.111,52.266,step
2026-09-01T13:13:08.941593+00:00,96.779,-0.0003,0.15,0.0,0.0028,0.0009,8874.23,3,143.579,52.286,step
2026-09-01T13:13:08.942780+00:00,96.789,-0.0003,0.15,0.0,0.0027,0.0009,8875.16,3,143.043,52.306,step
2026-09-01T13:13:08.943978+00:00,96.799,-0.0002,0.15,0.0,0.0026,0.0009,8876.09,3,142.506,52.326,step
2026-09-01T13:13:08.945150+00:00,96.809,-0.0002,0.15,0.0,0.0025,0.0009,8877.01,3,141.969,52.346,step
2026-09-01T13:13:08.946325+00:00,96.819,-0.0001,0.15,0.0,0.0024,0.0009,8877.93,3,141.431,52.366,step
2026-09-01T13:13:08.947472+00:00,96.829,-0.0001,0.15,0.0,0.0024,0.0009,8878.86,3,140.893,52.386,step
2026-09-01T13:13:08.948629+00:00,96.84,-0.0,0.15,0.0,0.0023,0.0009,8879.78,3,140.355,52.406,step
2026-09-01T13:13:08.949813+00:00,96.85,0.0,0.15,0.0,0.0022,0.0009,8880.69,3,139.818,52.426,step
2026-09-01T13:13:08.950983+00:00,96.86,0.0001,0.15,0.0,0.0021,0.0009,8881.61,3,139.28,52.446,step
2026-09-01T13:13:08.952169+00:00,96.87,0.0001,0.15,0.0,0.002,0.0009,8882.52,3,138.742,52.466,step
2026-09-01T13:13:08.953344+00:00,96.88,0.0002,0.15,0.0,0.0019,0.0009,8883.43,3,138.204,52.486,step
2026-09-01T13:13:08.954527+00:00,96.89,0.0002,0.15,0.0,0.0017,0.0009,8884.34,3,137.666,52.506,step
2026-09-01T13:13:08.955694+00:00,96.9,0.0003,0.15,0.0,0.0016,0.0009,8885.25,3,137.129,52.526,step
2026-09-01T13:13:08.956865+00:00,96.909,0.0003,0.15,0.0,0.0015,0.0009,8886.16,3,136.591,52.546,step
2026-09-01T13:13:08.958055+00:00,96.919,0.0004,0.15,0.0,0.0014,0.0009,8887.06,3,136.053,52.566,step
2026-09-01T13:13:08.959223+00:00,96.929,0.0005,0.15,0.0,0.0013,0.0009,8887.97,3,135.515,52.586,step
2026-09-01T13:13:08.960395+00:00,96.939,0.0005,0.15,0.0,0.0011,0.0009,8888.87,3,134.978,52.606,step
2026-09-01T13:13:08.961580+00:00,96.949,0.0005,0.15,0.0,0.0011,0.0009,8889.76,3,134.431,52.626,step
2026-09-01T13:13:08.962751+00:00,96.959,0.0005,0.15,0.0,0.0011,0.0008,8890.66,3,133.877,52.646,step
2026-09-01T13:13:08.963914+00:00,96.969,0.0005,0.15,0.0,0.001,0.0008,8891.56,3,133.327,52.666,step
2026-09-01T13:13:08.965056+00:00,96.978,0.0005,0.15,0.0,0.001,0.0008,8892.45,3,132.783,52.686,step
2026-09-01T13:13:08.966211+00:00,96.988,0.0005,0.15,0.0,0.0009,0.0008,8893.34,3,132.242,52.706,step
2026-09-01T13:13:08.967406+00:00,96.998,0.0005,0.15,0.0,0.0009,0.0008,8894.23,3,131.702,52.726,step
2026-09-01T13:13:08.968601+00:00,97.008,0.0005,0.15,0.0,0.0008,0.0008,8895.12,3,131.156,52.746,step
2026-09-01T13:13:08.969785+00:00,97.018,0.0005,0.15,0.0,0.0008,0.0007,8896.01,3,130.602,52.766,step
2026-09-01T13:13:08.970948+00:00,97.027,0.0005,0.15,0.0,0.0007,0.0007,8896.9,3,130.053,52.786,step
2026-09-01T13:13:08.972121+00:00,97.037,0.0005,0.15,0.0,0.0006,0.0007,8897.78,3,129.509,52.806,step
2026-09-01T13:13:08.973299+00:00,97.047,0.0005,0.15,0.0,0.0006,0.0007,8898.66,3,128.968,52.826,step
2026-09-01T13:13:08.974465+00:00,97.056,0.0005,0.15,0.0,0.0005,0.0006,8899.54,3,128.422,52.846,step
2026-09-01T13:13:08.975637+00:00,97.066,0.0005,0.15,0.0,0.0004,0.0006,8900.42,3,127.869,52.866,step
2026-09-01T13:13:08.976799+00:00,97.076,0.0005,0.15,0.0,0.0004,0.0006,8901.29,3,127.319,52.886,step
2026-09-01T13:13:08.977959+00:00,97.085,0.0005,0.15,0.0,0.0003,0.0005,8902.17,3,126.776,52.906,step
2026-09-01T13:13:08.979119+00:00,97.095,0.0005,0.15,0.0,0.0002,0.0005,8903.04,3,126.229,52.926,step
2026-09-01T13:13:08.980288+00:00,97.104,0.0005,0.15,0.0,0.0001,0.0005,8903.92,3,125.675,52.946,step
2026-09-01T13:13:08.981444+00:00,97.114,0.0005,0.15,0.0,0.0001,0.0004,8904.79,3,125.119,52.966,step
2026-09-01T13:13:08.982617+00:00,97.123,0.0004,0.15,0.0,0.0001,0.0004,8905.66,3,124.567,52.986,step
2026-09-01T13:13:08.983806+00:00,97.133,0.0004,0.15,0.0,0.0001,0.0004,8906.52,3,124.022,53.006,step
2026-09-01T13:13:08.984985+00:00,97.142,0.0004,0.15,0.0,0.0001,0.0004,8907.39,3,123.48,53.026,step
2026-09-01T13:13:08.986175+00:00,97.152,0.0004,0.15,0.0,0.0001,0.0003,8908.25,3,122.939,53.046,step
2026-09-01T13:13:08.987348+00:00,97.161,0.0004,0.15,0.0,0.0001,0.0003,8909.11,3,122.399,53.066,step
2026-09-01T13:13:08.988492+00:00,97.171,0.0004,0.15,0.0,0.0,0.0003,8909.97,3,121.859,53.086,step
2026-09-01T13:13:08.989645+00:00,97.18,0.0004,0.15,0.0,0.0,0.0003,8910.83,3,121.319,53.106,step
2026-09-01T13:13:08.990818+00:00,97.189,0.0004,0.15,0.0,0.0,0.0003,8911.69,3,120.778,53.126,step
2026-09-01T13:13:08.991969+00:00,97.199,0.0004,0.15,0.0,-0.0,0.0003,8912.54,3,120.238,53.146,step
2026-09-01T13:13:08.993123+00:00,97.208,0.0004,0.0,0.15,-0.0,0.0003,8913.39,3,119.698,53.166,step
2026-09-01T13:13:08.994289+00:00,96.832,0.0005,0.0,0.15,-0.0,0.0004,8730.0,3,119.164,53.186,step
2026-09-01T13:13:08.995440+00:00,96.254,0.0005,0.0,0.15,-0.0001,0.0004,8674.25,3,118.643,53.206,step
2026-09-01T13:13:08.996611+00:00,95.676,0.0006,0.0,0.15,-0.0001,0.0005,8619.93,3,118.125,53.226,step
2026-09-01T13:13:08.997780+00:00,95.1,0.0007,0.0,0.15,-0.0001,0.0005,8567.51,3,117.605,53.246,step
2026-09-01T13:13:08.998951+00:00,94.528,0.0007,0.0,0.15,-0.0002,0.0005,8516.42,3,117.085,53.266,step
2026-09-01T13:13:09.000137+00:00,93.957,0.0008,0.0,0.15,-0.0002,0.0006,8466.03,3,116.567,53.286,step
2026-09-01T13:13:09.001317+00:00,93.39,0.0008,0.0,0.15,-0.0002,0.0006,8415.94,3,116.052,53.306,step
2026-09-01T13:13:09.002477+00:00,92.824,0.0008,0.0,0.15,-0.0003,0.0006,8365.93,3,115.539,53.326,step
2026-09-01T13:13:09.003669+00:00,92.261,0.0009,0.0,0.15,-0.0003,0.0006,8315.92,3,115.029,53.346,step
2026-09-01T13:13:09.004837+00:00,91.7,0.0009,0.15,0.0,-0.0003,0.0006,8265.93,3,114.522,53.366,step
2026-09-01T13:13:09.006000+00:00,91.527,0.0009,0.15,0.0,-0.0004,0.0006,8397.68,3,114.011,53.386,step
2026-09-01T13:13:09.007147+00:00,91.547,0.0009,0.15,0.0,-0.0004,0.0006,8398.06,3,113.493,53.406,step
2026-09-01T13:13:09.008313+00:00,91.568,0.0009,0.15,0.0,-0.0004,0.0005,8398.57,3,112.969,53.426,step
2026-09-01T13:13:09.009464+00:00,91.588,0.0008,0.15,0.0,-0.0005,0.0005,8399.62,3,112.445,53.446,step
2026-09-01T13:13:09.010625+00:00,91.608,0.0007,0.15,0.0,-0.0005,0.0004,8401.19,3,111.92,53.466,step
2026-09-01T13:13:09.011785+00:00,91.627,0.0007,0.15,0.0,-0.0005,0.0003,8403.14,3,111.395,53.486,step
2026-09-01T13:13:09.012956+00:00,91.647,0.0006,0.15,0.0,-0.0006,0.0003,8405.43,3,110.871,53.506,step
2026-09-01T13:13:09.014129+00:00,91.666,0.0006,0.15,0.0,-0.0006,0.0002,8407.7,3,110.346,53.526,step
2026-09-01T13:13:09.015308+00:00,91.686,0.0005,0.15,0.0,-0.0006,0.0002,8409.75,3,109.821,53.546,step
2026-09-01T13:13:09.016484+00:00,91.705,0.0004,0.15,0.0,-0.0006,0.0001,8411.62,3,109.296,53.566,step
2026-09-01T13:13:09.017657+00:00,91.725,0.0004,0.15,0.0,-0.0006,0.0001,8413.36,3,108.776,53.586,step
2026-09-01T13:13:09.018826+00:00,91.745,0.0004,0.15,0.0,-0.0006,0.0001,8415.05,3,108.263,53.606,step
2026-09-01T13:13:09.020002+00:00,91.764,0.0004,0.15,0.0,-0.0006,0.0001,8416.75,3,107.752,53.626,step
2026-09-01T13:13:09.021157+00:00,91.783,0.0004,0.15,0.0,-0.0006,0.0,8419.04,3,107.241,53.646,step
2026-09-01T13:13:09.022313+00:00,91.803,0.0004,0.15,0.0,-0.0006,0.0,8420.63,3,106.731,53.666,step
2026-09-01T13:13:09.023462+00:00,91.823,0.0004,0.15,0.0,-0.0006,0.0,8422.23,3,106.22,53.686,step
2026-09-01T13:13:09.024618+00:00,91.842,0.0004,0.15,0.0,-0.0006,0.0,8423.88,3,105.71,53.706,step
2026-09-01T13:13:09.025769+00:00,91.862,0.0004,0.15,0.0,-0.0006,0.0,8425.55,3,105.2,53.726,step
2026-09-01T13:13:09.026920+00:00,91.881,0.0004,0.15,0.0,-0.0007,0.0,8427.26,3,104.69,53.746,step
2026-09-01T13:13:09.028075+00:00,91.9,0.0004,0.15,0.0,-0.0007,0.0,8429.0,3,104.18,53.766,step
2026-09-01T13:13:09.029223+00:00,91.92,0.0004,0.15,0.0,-0.0007,0.0,8430.77,3,103.669,53.786,step
2026-09-01T13:13:09.030377+00:00,91.939,0.0004,0.15,0.0,-0.0007,0.0,8432.56,3,103.158,53.806,step
2026-09-01T13:13:09.031536+00:00,91.958,0.0004,0.15,0.0,-0.0007,0.0,8434.36,3,102.647,53.826,step
2026-09-01T13:13:09.032698+00:00,91.977,0.0004,0.15,0.0,-0.0007,0.0,8436.17,3,102.136,53.846,step
2026-09-01T13:13:09.033875+00:00,91.997,0.0004,0.15,0.0,-0.0007,0.0,8437.98,3,101.625,53.866,step
2026-09-01T13:13:09.035055+00:00,92.016,0.0004,0.0,0.15,-0.0007,0.0,8439.77,3,101.114,53.886,step
2026-09-01T13:13:09.036209+00:00,91.651,0.0004,0.15,0.0,-0.0007,0.0,8266.63,3,100.599,53.906,step
2026-09-01T13:13:09.037371+00:00,91.476,0.0004,0.15,0.0,-0.0007,0.0,8392.42,3,100.084,53.926,step
2026-09-01T13:13:09.038518+00:00,91.496,0.0003,0.15,0.0,-0.0007,-0.0,8393.58,3,99.5738,53.946,step
2026-09-01T13:13:09.039655+00:00,91.516,0.0003,0.15,0.0,-0.0007,-0.0,8395.31,3,99.0644,53.966,step
2026-09-01T13:13:09.040792+00:00,91.537,0.0003,0.15,0.0,-0.0007,-0.0,8396.59,3,98.5556,53.986,step
2026-09-01T13:13:09.041923+00:00,91.558,0.0003,0.15,0.0,-0.0007,-0.0,8397.96,3,98.047,54.006,step
2026-09-01T13:13:09.043046+00:00,91.578,0.0003,0.15,0.0,-0.0007,-0.0,8399.46,3,97.5384,54.026,step
2026-09-01T13:13:09.044173+00:00,91.599,0.0003,0.15,0.0,-0.0007,-0.0,8401.13,3,97.03,54.046,step
2026-09-01T13:13:09.045287+00:00,91.619,0.0003,0.15,0.0,-0.0007,-0.0,8402.96,3,96.521,54.066,step
2026-09-01T13:13:09.046401+00:00,91.639,0.0003,0.15,0.0,-0.0007,-0.0,8404.89,3,96.0118,54.086,step
2026-09-01T13:13:09.047512+00:00,91.659,0.0003,0.15,0.0,-0.0007,-0.0,8406.92,3,95.5025,54.106,step
2026-09-01T13:13:09.048631+00:00,91.679,0.0003,0.15,0.0,-0.0007,-0.0,8408.89,3,94.9933,54.126,step
2026-09-01T13:13:09.049760+00:00,91.699,0.0003,0.15,0.0,-0.0007,-0.0,8410.79,3,94.484,54.146,step
2026-09-01T13:13:09.050893+00:00,91.719,0.0003,0.15,0.0,-0.0007,-0.0,8412.67,3,93.9747,54.166,step
2026-09-01T13:13:09.052027+00:00,91.739,0.0003,0.15,0.0,-0.0007,-0.0,8414.52,3,93.4653,54.186,step
2026-09-01T13:13:09.053155+00:00,91.76,0.0003,0.15,0.0,-0.0007,-0.0,8416.34,3,92.9556,54.206,step
2026-09-01T13:13:09.054290+00:00,91.78,0.0003,0.15,0.0,-0.0007,-0.0,8418.14,3,92.4455,54.226,step
2026-09-01T13:13:09.055409+00:00,91.8,0.0003,0.15,0.0,-0.0007,-0.0,8419.96,3,91.9354,54.246,step
2026-09-01T13:13:09.056520+00:00,91.82,0.0003,0.15,0.0,-0.0007,-0.0,8422.46,3,91.4253,54.266,step
2026-09-01T13:13:09.057650+00:00,91.84,0.0003,0.15,0.0,-0.0007,-0.0,8424.02,3,90.9152,54.286,step
2026-09-01T13:13:09.058810+00:00,91.86,0.0003,0.15,0.0,-0.0007,-0.0,8425.68,3,90.405,54.306,step
2026-09-01T13:13:09.059962+00:00,91.88,0.0003,0.15,0.0,-0.0007,-0.0,8427.38,3,89.8949,54.326,step
2026-09-01T13:13:09.061164+00:00,91.9,0.0003,0.15,0.0,-0.0007,-0.0,8429.09,3,89.3844,54.346,step
2026-09-01T13:13:09.062372+00:00,91.921,0.0003,0.15,0.0,-0.0007,-0.0,8430.83,3,88.8735,54.366,step
2026-09-01T13:13:09.063615+00:00,91.94,0.0003,0.15,0.0,-0.0007,-0.0,8432.62,3,88.3626,54.386,step
2026-09-01T13:13:09.064840+00:00,91.96,0.0003,0.15,0.0,-0.0007,-0.0,8434.44,3,87.8517,54.406,step
2026-09-01T13:13:09.066085+00:00,91.98,0.0003,0.15,0.0,-0.0007,-0.0,8436.29,3,87.3407,54.426,step
2026-09-01T13:13:09.067320+00:00,92.0,0.0003,0.15,0.0,-0.0007,-0.0,8438.15,3,86.8298,54.446,step
2026-09-01T13:13:09.068553+00:00,92.02,0.0003,0.0,0.15,-0.0007,-0.0,8440.0,3,86.3189,54.466,step
2026-09-01T13:13:09.069753+00:00,91.655,0.0003,0.15,0.0,-0.0007,0.0,8267.06,3,85.8114,54.486,step
2026-09-01T13:13:09.070912+00:00,91.48,0.0004,0.15,0.0,-0.0007,0.0,8392.8,3,85.308,54.506,step
2026-09-01T13:13:09.072078+00:00,91.501,0.0004,0.15,0.0,-0.0007,0.0,8393.66,3,84.8008,54.526,step
2026-09-01T13:13:09.073211+00:00,91.522,0.0004,0.15,0.0,-0.0007,0.0,8395.06,3,84.2928,54.546,step
2026-09-01T13:13:09.074379+00:00,91.543,0.0004,0.15,0.0,-0.0007,0.0,8396.8,3,83.7844,54.566,step
2026-09-01T13:13:09.075525+00:00,91.564,0.0004,0.15,0.0,-0.0007,0.0,8398.46,3,83.2759,54.586,step
2026-09-01T13:13:09.076662+00:00,91.584,0.0004,0.15,0.0,-0.0007,0.0,8400.15,3,82.7674,54.606,step
2026-09-01T13:13:09.077813+00:00,91.605,0.0004,0.15,0.0,-0.0007,0.0,8401.93,3,82.2587,54.626,step
2026-09-01T13:13:09.078936+00:00,91.626,0.0004,0.15,0.0,-0.0007,0.0,8403.8,3,81.7497,54.646,step
2026-09-01T13:13:09.080059+00:00,91.646,0.0004,0.15,0.0,-0.0007,0.0,8405.73,3,81.2403,54.666,step
2026-09-01T13:13:09.081192+00:00,91.667,0.0004,0.15,0.0,-0.0007,0.0,8407.72,3,80.7308,54.686,step
2026-09-01T13:13:09.082313+00:00,91.687,0.0004,0.15,0.0,-0.0007,0.0,8409.66,3,80.2214,54.706,step
2026-09-01T13:13:09.083493+00:00,91.708,0.0004,0.15,0.0,-0.0007,0.0,8411.56,3,79.712,54.726,step
2026-09-01T13:13:09.084638+00:00,91.728,0.0004,0.15,0.0,-0.0007,0.0,8413.43,3,79.2026,54.746,step
2026-09-01T13:13:09.085812+00:00,91.749,0.0004,0.15,0.0,-0.0007,0.0,8415.28,3,78.6932,54.766,step
2026-09-01T13:13:09.086980+00:00,91.769,0.0004,0.15,0.0,-0.0007,0.0,8417.13,3,78.1834,54.786,step
2026-09-01T13:13:09.088168+00:00,91.79,0.0004,0.15,0.0,-0.0007,0.0,8418.99,3,77.6732,54.806,step
2026-09-01T13:13:09.089327+00:00,91.81,0.0004,0.15,0.0,-0.0007,0.0,8420.84,3,77.163,54.826,step
2026-09-01T13:13:09.090474+00:00,91.83,0.0004,0.15,0.0,-0.0007,0.0,8422.69,3,76.6528,54.846,step
2026-09-01T13:13:09.091606+00:00,91.85,0.0004,0.15,0.0,-0.0007,0.0,8424.54,3,76.1426,54.866,step
2026-09-01T13:13:09.092747+00:00,91.871,0.0004,0.15,0.0,-0.0007,0.0,8426.49,3,75.6325,54.886,step
2026-09-01T13:13:09.093872+00:00,91.891,0.0004,0.15,0.0,-0.0007,0.0,8428.29,3,75.1223,54.906,step
2026-09-01T13:13:09.095034+00:00,91.911,0.0004,0.15,0.0,-0.0007,0.0,8430.12,3,74.6118,54.926,step
2026-09-01T13:13:09.096180+00:00,91.931,0.0004,0.15,0.0,-0.0007,0.0,8431.94,3,74.1008,54.946,step
2026-09-01T13:13:09.097337+00:00,91.951,0.0004,0.15,0.0,-0.0007,0.0,8433.75,3,73.5898,54.966,step
2026-09-01T13:13:09.098476+00:00,91.972,0.0004,0.15,0.0,-0.0007,0.0,8435.58,3,73.0788,54.986,step
2026-09-01T13:13:09.099612+00:00,91.992,0.0004,0.15,0.0,-0.0007,0.0,8437.4,3,72.5678,55.006,step
2026-09-01T13:13:09.100749+00:00,92.012,0.0004,0.0,0.15,-0.0007,0.0,8439.23,3,72.0569,55.026,step
2026-09-01T13:13:09.101908+00:00,91.647,0.0004,0.15,0.0,-0.0007,0.0001,8266.42,3,71.549,55.046,step
2026-09-01T13:13:09.103060+00:00,91.472,0.0005,0.15,0.0,-0.0008,0.0001,8392.0,3,71.0449,55.066,step
2026-09-01T13:13:09.104205+00:00,91.493,0.0005,0.15,0.0,-0.0007,0.0001,8392.88,3,70.5375,55.086,step
2026-09-01T13:13:09.105339+00:00,91.514,0.0005,0.15,0.0,-0.0007,0.0001,8394.3,3,70.0293,55.106,step
2026-09-01T13:13:09.106464+00:00,91.535,0.0005,0.15,0.0,-0.0007,0.0001,8395.81,3,69.5208,55.126,step
2026-09-01T13:13:09.107623+00:00,91.556,0.0005,0.15,0.0,-0.0007,0.0001,8397.42,3,69.0122,55.146,step
2026-09-01T13:13:09.108773+00:00,91.577,0.0005,0.15,0.0,-0.0007,0.0001,8399.18,3,68.5037,55.166,step
2026-09-01T13:13:09.109911+00:00,91.597,0.0005,0.15,0.0,-0.0008,0.0001,8400.96,3,67.9949,55.186,step
2026-09-01T13:13:09.111046+00:00,91.618,0.0005,0.15,0.0,-0.0008,0.0001,8402.93,3,67.4863,55.206,step
2026-09-01T13:13:09.112206+00:00,91.638,0.0005,0.15,0.0,-0.0008,0.0001,8405.03,3,66.9735,55.226,step
2026-09-01T13:13:09.113343+00:00,91.659,0.0004,0.15,0.0,-0.0008,0.0,8407.06,3,66.4605,55.246,step
2026-09-01T13:13:09.114469+00:00,91.68,0.0004,0.15,0.0,-0.0008,0.0,8409.01,3,65.9496,55.266,step
2026-09-01T13:13:09.115587+00:00,91.7,0.0004,0.15,0.0,-0.0008,0.0,8410.9,3,65.4396,55.286,step
2026-09-01T13:13:09.116717+00:00,91.721,0.0004,0.15,0.0,-0.0008,0.0,8412.75,3,64.93,55.306,step
2026-09-01T13:13:09.117853+00:00,91.741,0.0004,0.15,0.0,-0.0008,0.0,8414.58,3,64.4206,55.326,step
2026-09-01T13:13:09.118983+00:00,91.761,0.0004,0.15,0.0,-0.0008,0.0,8416.42,3,63.911,55.346,step
2026-09-01T13:13:09.120122+00:00,91.782,0.0004,0.15,0.0,-0.0008,0.0,8418.26,3,63.4008,55.366,step
2026-09-01T13:13:09.121279+00:00,91.802,0.0004,0.15,0.0,-0.0008,0.0,8420.08,3,62.8907,55.386,step
2026-09-01T13:13:09.122399+00:00,91.822,0.0004,0.15,0.0,-0.0008,0.0,8421.9,3,62.3806,55.406,step
2026-09-01T13:13:09.123527+00:00,91.842,0.0004,0.15,0.0,-0.0008,0.0,8423.72,3,61.8704,55.426,step
2026-09-01T13:13:09.124673+00:00,91.862,0.0004,0.15,0.0,-0.0008,0.0,8425.55,3,61.3603,55.446,step
2026-09-01T13:13:09.125806+00:00,91.882,0.0004,0.15,0.0,-0.0008,0.0,8427.39,3,60.8501,55.466,step
2026-09-01T13:13:09.126925+00:00,91.902,0.0005,0.15,0.0,-0.0009,0.0,8429.01,3,60.34,55.486,step
2026-09-01T13:13:09.128058+00:00,91.922,0.0005,0.15,0.0,-0.0008,0.0,8430.74,3,59.829,55.506,step
2026-09-01T13:13:09.129186+00:00,91.942,0.0004,0.0,0.15,-0.0008,0.0,8432.63,3,59.318,55.526,step
2026-09-01T13:13:09.130296+00:00,91.577,0.0004,0.0,0.15,-0.0008,0.0,8260.38,3,58.8059,55.546,step
2026-09-01T13:13:09.131406+00:00,91.018,0.0004,0.0,0.15,-0.0008,-0.0,8206.6,3,58.2926,55.566,step
2026-09-01T13:13:09.132507+00:00,90.46,0.0003,0.0,0.15,-0.0008,-0.0001,8154.11,3,57.7804,55.586,step
2026-09-01T13:13:09.133604+00:00,89.904,0.0002,0.0,0.15,-0.0008,-0.0002,8103.44,3,57.2708,55.606,step
2026-09-01T13:13:09.134724+00:00,89.35,0.0001,0.0,0.15,-0.0008,-0.0002,8054.02,3,56.7643,55.626,step
2026-09-01T13:13:09.135856+00:00,88.799,0.0001,0.0,0.15,-0.0008,-0.0003,8005.27,3,56.2609,55.646,step
2026-09-01T13:13:09.136970+00:00,88.251,-0.0,0.0,0.15,-0.0008,-0.0004,7956.78,3,55.7608,55.666,step
2026-09-01T13:13:09.138114+00:00,87.703,-0.0001,0.0,0.15,-0.0008,-0.0004,7908.29,3,55.264,55.686,step
2026-09-01T13:13:09.139257+00:00,87.158,-0.0002,0.0,0.15,-0.0008,-0.0005,7859.86,3,54.7706,55.706,step
2026-09-01T13:13:09.140385+00:00,86.615,-0.0003,0.0,0.15,-0.0007,-0.0005,7811.46,3,54.2804,55.726,step
2026-09-01T13:13:09.141533+00:00,86.074,-0.0004,0.0,0.15,-0.0007,-0.0006,7763.07,3,53.7935,55.746,step
2026-09-01T13:13:09.142657+00:00,85.535,-0.0004,0.0,0.15,-0.0007,-0.0006,7714.74,3,53.31,55.766,step
2026-09-01T13:13:09.143790+00:00,84.997,-0.0005,0.0,0.15,-0.0006,-0.0007,7666.51,3,52.8297,55.786,step
2026-09-01T13:13:09.144910+00:00,84.46,-0.0006,0.0,0.15,-0.0006,-0.0007,7619.52,3,52.3552,55.806,step
2026-09-01T13:13:09.146036+00:00,83.925,-0.0006,0.0,0.15,-0.0005,-0.0007,7571.62,3,51.8868,55.826,step
2026-09-01T13:13:09.147180+00:00,83.392,-0.0006,0.0,0.15,-0.0005,-0.0007,7523.29,3,51.4226,55.846,step
2026-09-01T13:13:09.148319+00:00,82.86,-0.0007,0.0,0.15,-0.0005,-0.0007,7475.24,3,50.9619,55.866,step
2026-09-01T13:13:09.149455+00:00,82.33,-0.0007,0.0,0.15,-0.0004,-0.0007,7427.52,3,50.5045,55.886,step
2026-09-01T13:13:09.150602+00:00,81.802,-0.0007,0.0,0.15,-0.0004,-0.0007,7380.09,3,50.0501,55.906,step
2026-09-01T13:13:09.151731+00:00,81.275,-0.0007,0.0,0.15,-0.0003,-0.0007,7332.89,3,49.5988,55.926,step
2026-09-01T13:13:09.152861+00:00,80.75,-0.0007,0.0,0.15,-0.0003,-0.0007,7285.86,3,49.1507,55.946,step
2026-09-01T13:13:09.153982+00:00,80.226,-0.0007,0.0,0.15,-0.0003,-0.0007,7238.97,3,48.7055,55.966,step
2026-09-01T13:13:09.155120+00:00,79.704,-0.0007,0.0,0.15,-0.0002,-0.0007,7192.22,2,48.2632,55.986,step
2026-09-01T13:13:09.156257+00:00,79.201,-0.0007,0.0,0.15,-0.0002,-0.0006,9041.12,2,47.8246,56.006,step
2026-09-01T13:13:09.157406+00:00,78.712,-0.0007,0.0,0.15,-0.0001,-0.0006,9019.73,2,47.3908,56.026,step
2026-09-01T13:13:09.158577+00:00,78.207,-0.0006,0.0,0.15,-0.0001,-0.0006,8862.64,2,46.9609,56.046,step
2026-09-01T13:13:09.159719+00:00,77.63,-0.0005,0.0,0.15,-0.0001,-0.0005,8793.42,2,46.5394,56.066,step
2026-09-01T13:13:09.160862+00:00,77.055,-0.0004,0.0,0.15,-0.0,-0.0003,8728.53,2,46.1248,56.086,step
2026-09-01T13:13:09.161995+00:00,76.483,-0.0002,0.0,0.15,-0.0,-0.0002,8664.35,2,45.7121,56.106,step
2026-09-01T13:13:09.163137+00:00,75.913,-0.0001,0.0,0.15,0.0,-0.0001,8600.76,2,45.3004,56.126,step
2026-09-01T13:13:09.164269+00:00,75.346,-0.2,0.0,0.15,0.0,0.0,8537.61,2,44.8909,56.146,step
2026-09-01T13:13:09.165405+00:00,74.792,-0.1974,0.0,0.15,-0.0002,0.0021,8478.0,2,44.6999,56.166,step
2026-09-01T13:13:09.166541+00:00,74.19,-0.1899,0.0,0.15,-0.0009,0.008,8408.64,2,44.9252,56.186,step
2026-09-01T13:13:09.167688+00:00,73.604,0.0202,0.0,0.15,-0.0022,0.0159,8338.91,2,45.3598,56.206,step
2026-09-01T13:13:09.168822+00:00,73.051,0.0288,0.0,0.15,-0.0038,0.0224,8276.49,2,45.6423,56.226,step
2026-09-01T13:13:09.169963+00:00,72.484,0.0318,0.0,0.15,-0.0053,0.0243,8217.56,2,45.438,56.246,step
2026-09-01T13:13:09.171097+00:00,71.929,0.0323,0.0,0.15,-0.0067,0.0241,8156.46,2,45.0117,56.266,step
2026-09-01T13:13:09.172240+00:00,71.379,-0.1683,0.0,0.15,-0.008,0.0231,8095.37,2,44.5034,56.286,step
2026-09-01T13:13:09.173384+00:00,70.847,-0.1668,0.0,0.15,-0.0095,0.0237,8035.13,2,44.1729,56.306,step
2026-09-01T13:13:09.174520+00:00,70.267,-0.1605,0.0,0.15,-0.0115,0.0281,7970.14,2,44.2357,56.326,step
2026-09-01T13:13:09.175685+00:00,69.704,-0.1517,0.0,0.15,-0.0139,0.0344,7904.67,2,44.4931,56.346,step
2026-09-01T13:13:09.176847+00:00,69.153,-0.142,0.0,0.15,-0.0168,0.0414,7841.96,2,44.8161,56.366,step
2026-09-01T13:13:09.178004+00:00,68.609,0.0679,0.8,0.0,-0.02,0.0483,7781.05,2,45.1368,56.386,step
2026-09-01T13:13:09.179171+00:00,68.855,0.0748,0.8,0.0,-0.0234,0.0526,8705.06,2,45.1944,56.406,step
2026-09-01T13:13:09.180356+00:00,69.572,-0.124,0.0,0.15,-0.0265,0.0522,9132.62,2,44.7712,56.426,step
2026-09-01T13:13:09.181548+00:00,69.775,-0.123,0.0,0.15,-0.0297,0.0518,7928.06,2,44.3362,56.446,step
2026-09-01T13:13:09.182746+00:00,69.208,-0.1184,0.0,0.15,-0.0332,0.0542,7868.0,2,44.1857,56.466,step
2026-09-01T13:13:09.183912+00:00,68.649,-0.1119,0.0,0.15,-0.037,0.058,7795.88,2,44.1821,56.486,step
2026-09-01T13:13:09.185077+00:00,68.1,-0.1043,0.0,0.15,-0.0412,0.0626,7727.1,2,44.2521,56.506,step
2026-09-01T13:13:09.186254+00:00,67.56,-0.0964,0.0,0.15,-0.0455,0.0674,7662.99,2,44.3462,56.526,step
2026-09-01T13:13:09.187437+00:00,67.025,-0.0884,0.0,0.15,-0.0502,0.0721,7602.53,2,44.432,56.546,step
2026-09-01T13:13:09.188587+00:00,66.492,-0.0807,0.0,0.15,-0.055,0.0765,7546.66,2,44.4907,56.566,step
2026-09-01T13:13:09.189766+00:00,65.964,-0.0733,0.0,0.15,-0.06,0.0806,7487.87,2,44.516,56.586,step
2026-09-01T13:13:09.190934+00:00,65.44,-0.0662,0.0,0.15,-0.0652,0.0843,7429.53,2,44.5061,56.606,step
2026-09-01T13:13:09.192100+00:00,64.918,-0.0596,0.0,0.15,-0.0706,0.0876,7371.42,2,44.4614,56.626,step
2026-09-01T13:13:09.193251+00:00,64.398,-0.0532,0.0,0.15,-0.0761,0.0906,7313.43,2,44.3856,56.646,step
2026-09-01T13:13:09.194432+00:00,63.881,-0.0473,0.0,0.15,-0.0817,0.0932,7255.58,2,44.2799,56.666,step
2026-09-01T13:13:09.195609+00:00,63.365,-0.0416,0.0,0.15,-0.0874,0.0956,7197.85,2,44.1461,56.686,step
2026-09-01T13:13:09.196783+00:00,62.852,-0.0363,0.0,0.15,-0.0932,0.0976,7140.24,2,43.9881,56.706,step
2026-09-01T13:13:09.197965+00:00,62.34,-0.0312,0.0,0.15,-0.099,0.0994,7082.8,2,43.8071,56.726,step
2026-09-01T13:13:09.199149+00:00,61.831,-0.0264,0.0,0.15,-0.1048,0.1009,7025.55,2,43.6047,56.746,step
2026-09-01T13:13:09.200310+00:00,61.323,-0.0219,0.0,0.15,-0.1107,0.1022,6968.48,2,43.383,56.766,step
2026-09-01T13:13:09.201496+00:00,60.816,-0.0177,0.0,0.15,-0.1166,0.1033,6911.62,2,43.1444,56.786,step
2026-09-01T13:13:09.202694+00:00,60.312,-0.0136,0.0,0.15,-0.1225,0.1043,6854.94,2,42.8914,56.806,step
2026-09-01T13:13:09.203896+00:00,59.809,-0.0098,0.0,0.15,-0.1283,0.105,6798.46,2,42.6245,56.826,step
2026-09-01T13:13:09.205116+00:00,59.306,-0.0062,0.0,0.15,-0.1342,0.1056,6742.02,2,42.3445,56.846,step
2026-09-01T13:13:09.206322+00:00,58.807,-0.0029,0.0,0.15,-0.14,0.106,6685.97,2,42.0519,56.866,step
2026-09-01T13:13:09.207546+00:00,58.31,0.0003,0.0,0.15,-0.1457,0.1062,6630.01,2,41.7487,56.886,step
2026-09-01T13:13:09.208763+00:00,57.815,0.0033,0.0,0.15,-0.1514,0.1063,6574.16,2,41.4366,56.906,step
2026-09-01T13:13:09.209962+00:00,57.321,0.006,0.0,0.15,-0.1571,0.1062,6518.43,2,41.1165,56.926,step
2026-09-01T13:13:09.211206+00:00,56.828,0.0036,0.0,0.15,-0.1626,0.1019,6462.85,2,40.7887,56.946,step
2026-09-01T13:13:09.212433+00:00,56.338,0.0011,0.0,0.15,-0.1678,0.0977,6407.42,2,40.4606,56.966,step
2026-09-01T13:13:09.213659+00:00,55.848,-0.0015,0.0,0.15,-0.1727,0.0935,6352.15,2,40.1394,56.986,step
2026-09-01T13:13:09.214874+00:00,55.36,-0.0041,0.0,0.15,-0.1774,0.0894,6297.04,2,39.8276,57.006,step
2026-09-01T13:13:09.216092+00:00,54.872,-0.0066,0.0,0.15,-0.1819,0.0854,6243.62,2,39.5264,57.026,step
2026-09-01T13:13:09.217302+00:00,54.386,-0.0091,0.0,0.15,-0.1861,0.0816,6188.66,2,39.2371,57.046,step
2026-09-01T13:13:09.218518+00:00,53.902,-0.0115,0.0,0.15,-0.1901,0.0779,6133.43,2,38.9594,57.066,step
2026-09-01T13:13:09.219731+00:00,53.42,-0.0138,0.0,0.15,-0.1939,0.0743,6078.38,2,38.691,57.086,step
2026-09-01T13:13:09.220979+00:00,52.939,-0.0161,0.0,0.15,-0.1975,0.0709,6023.7,2,38.4323,57.106,step
2026-09-01T13:13:09.222215+00:00,52.459,-0.0184,0.0,0.15,-0.201,0.0676,5969.34,2,38.1828,57.126,step
2026-09-01T13:13:09.223478+00:00,51.98,-0.0207,0.0,0.15,-0.2042,0.0644,5915.22,2,37.9413,57.146,step
2026-09-01T13:13:09.224794+00:00,51.502,-0.0228,0.0,0.15,-0.2073,0.0613,5861.22,2,37.709,57.166,step
2026-09-01T13:13:09.226104+00:00,51.027,-0.025,0.0,0.15,-0.2102,0.0583,5807.5,2,37.4852,57.186,step
2026-09-01T13:13:09.227408+00:00,50.552,-0.0271,0.0,0.15,-0.213,0.0554,5753.87,2,37.2688,57.206,step
2026-09-01T13:13:09.228706+00:00,50.079,-0.0291,0.0,0.15,-0.2156,0.0526,5700.33,2,37.0594,57.226,step
2026-09-01T13:13:09.230003+00:00,49.607,-0.0311,0.0,0.15,-0.2181,0.0499,5646.88,1,36.8567,57.246,step
2026-09-01T13:13:09.231248+00:00,49.142,-0.0332,0.0,0.15,-0.2204,0.0472,7577.19,1,36.6604,57.266,step
2026-09-01T13:13:09.232512+00:00,48.68,-0.0352,0.0,0.15,-0.2226,0.0446,7566.28,1,36.4704,57.286,step
2026-09-01T13:13:09.233773+00:00,48.202,-0.0372,0.0,0.15,-0.2247,0.0421,7347.07,1,36.2869,57.306,step
2026-09-01T13:13:09.235023+00:00,47.682,-0.0391,0.0,0.15,-0.2267,0.0397,7269.45,1,36.1121,57.326,step
2026-09-01T13:13:09.236282+00:00,47.165,-0.0409,0.0,0.15,-0.2285,0.0374,7191.68,1,35.9448,57.346,step
2026-09-01T13:13:09.237535+00:00,46.65,-0.0427,0.0,0.15,-0.2303,0.0352,7116.54,1,35.7837,57.366,step
2026-09-01T13:13:09.238751+00:00,46.139,-0.0444,0.0,0.15,-0.2319,0.0331,7039.91,1,35.6288,57.386,step
2026-09-01T13:13:09.240030+00:00,45.631,-0.0461,0.0,0.15,-0.2334,0.031,6963.09,1,35.4784,57.406,step
2026-09-01T13:13:09.241258+00:00,45.126,-0.0477,0.0,0.15,-0.2349,0.029,6886.77,1,35.3329,57.426,step
2026-09-01T13:13:09.242497+00:00,44.624,-0.0493,0.0,0.15,-0.2363,0.0271,6811.07,1,35.1929,57.446,step
2026-09-01T13:13:09.243756+00:00,44.125,-0.0509,0.0,0.15,-0.2375,0.0253,6735.92,1,35.0572,57.466,step
2026-09-01T13:13:09.245003+00:00,43.628,-0.0524,0.0,0.15,-0.2387,0.0235,6661.23,1,34.9258,57.486,step
2026-09-01T13:13:09.246260+00:00,43.134,-0.0539,0.0,0.15,-0.2399,0.0218,6586.94,1,34.7984,57.506,step
2026-09-01T13:13:09.247531+00:00,42.641,-0.0554,0.0,0.15,-0.2409,0.0202,6512.89,1,34.6753,57.526,step
2026-09-01T13:13:09.248805+00:00,42.152,-0.0568,0.0,0.15,-0.2419,0.0186,6439.32,1,34.556,57.546,step
2026-09-01T13:13:09.250099+00:00,41.665,-0.0581,0.15,0.0,-0.2428,0.017,6366.0,1,34.441,57.566,step
2026-09-01T13:13:09.251372+00:00,41.656,-0.0596,0.15,0.0,-0.2437,0.0155,6519.7,1,34.3234,57.586,step
2026-09-01T13:13:09.252663+00:00,41.782,-0.0611,0.15,0.0,-0.2446,0.0138,6535.5,1,34.2017,57.606,step
2026-09-01T13:13:09.253949+00:00,41.906,-0.0627,0.15,0.0,-0.2453,0.0122,6552.21,1,34.0789,57.626,step
2026-09-01T13:13:09.255226+00:00,42.03,-0.0642,0.0,0.15,-0.2461,0.0106,6570.17,1,33.9565,57.646,step
2026-09-01T13:13:09.256470+00:00,41.664,-0.0658,0.15,0.0,-0.2467,0.009,6374.6,1,33.8406,57.666,step
2026-09-01T13:13:09.257710+00:00,41.65,-0.0673,0.15,0.0,-0.2474,0.0075,6514.64,1,33.7291,57.686,step
2026-09-01T13:13:09.258952+00:00,41.773,-0.0689,0.15,0.0,-0.2479,0.006,6533.71,1,33.6154,57.706,step
2026-09-01T13:13:09.260211+00:00,41.896,-0.0704,0.15,0.0,-0.2485,0.0044,6552.54,1,33.5033,57.726,step
2026-09-01T13:13:09.261454+00:00,42.019,-0.072,0.0,0.15,-0.2489,0.003,6571.54,1,33.3926,57.746,step
2026-09-01T13:13:09.262733+00:00,41.65,-0.0734,0.15,0.0,-0.2493,0.0016,6369.26,1,33.2901,57.766,step
2026-09-01T13:13:09.263955+00:00,41.636,-0.0748,0.15,0.0,-0.2497,0.0003,6513.73,1,33.192,57.786,step
2026-09-01T13:13:09.265183+00:00,41.76,-0.0762,0.15,0.0,-0.25,-0.001,6531.97,1,33.0912,57.806,step
2026-09-01T13:13:09.266415+00:00,41.883,-0.0777,0.15,0.0,-0.2503,-0.0023,6550.39,1,32.9907,57.826,step
2026-09-01T13:13:09.267662+00:00,42.006,-0.0791,0.0,0.15,-0.2506,-0.0036,6568.98,1,32.8917,57.846,step
2026-09-01T13:13:09.268898+00:00,41.636,-0.0804,0.15,0.0,-0.2508,-0.0048,6367.7,1,32.8001,57.866,step
2026-09-01T13:13:09.270137+00:00,41.621,-0.0817,0.15,0.0,-0.2509,-0.0059,6512.04,1,32.7124,57.886,step
2026-09-01T13:13:09.271377+00:00,41.744,-0.083,0.15,0.0,-0.251,-0.0071,6530.02,1,32.6213,57.906,step
2026-09-01T13:13:09.272625+00:00,41.867,-0.0843,0.15,0.0,-0.2511,-0.0082,6548.46,1,32.5306,57.926,step
2026-09-01T13:13:09.273861+00:00,41.99,-0.0857,0.15,0.0,-0.2512,-0.0094,6566.98,1,32.4402,57.946,step
2026-09-01T13:13:09.275111+00:00,42.112,-0.087,0.0,0.15,-0.2512,-0.0105,6585.7,1,32.3513,57.966,step
2026-09-01T13:13:09.276368+00:00,41.743,-0.0882,0.15,0.0,-0.2512,-0.0115,6383.81,1,32.2707,57.986,step
2026-09-01T13:13:09.277605+00:00,41.724,-0.0893,0.15,0.0,-0.2511,-0.0124,6528.71,1,32.1941,58.006,step
2026-09-01T13:13:09.278834+00:00,41.847,-0.0905,0.15,0.0,-0.251,-0.0134,6546.53,1,32.113,58.026,step
2026-09-01T13:13:09.280106+00:00,41.97,-0.0917,0.15,0.0,-0.2509,-0.0143,6564.94,1,32.0326,58.046,step
2026-09-01T13:13:09.281300+00:00,42.093,-0.0929,0.0,0.15,-0.2508,-0.0153,6583.38,1,31.9529,58.066,step
2026-09-01T13:13:09.282507+00:00,41.723,-0.0941,0.15,0.0,-0.2506,-0.0161,6380.68,1,31.8808,58.086,step
2026-09-01T13:13:09.283736+00:00,41.703,-0.0952,0.15,0.0,-0.2504,-0.017,6525.54,1,31.8126,58.106,step
2026-09-01T13:13:09.284951+00:00,41.826,-0.0963,0.15,0.0,-0.2501,-0.0178,6543.36,1,31.7396,58.126,step
2026-09-01T13:13:09.286165+00:00,41.948,-0.0975,0.15,0.0,-0.2499,-0.0187,6561.6,1,31.666,58.146,step
2026-09-01T13:13:09.287368+00:00,42.07,-0.0987,0.0,0.15,-0.2496,-0.0196,6579.96,1,31.5935,58.166,step
2026-09-01T13:13:09.288573+00:00,41.7,-0.0998,0.15,0.0,-0.2493,-0.0203,6378.4,1,31.5295,58.186,step
2026-09-01T13:13:09.289752+00:00,41.679,-0.1007,0.15,0.0,-0.2489,-0.021,6521.06,1,31.4691,58.206,step
2026-09-01T13:13:09.290925+00:00,41.801,-0.1018,0.15,0.0,-0.2486,-0.0218,6539.27,1,31.4037,58.226,step
2026-09-01T13:13:09.292170+00:00,41.923,-0.1029,0.15,0.0,-0.2482,-0.0225,6557.67,1,31.3379,58.246,step
2026-09-01T13:13:09.293402+00:00,42.045,-0.104,0.0,0.15,-0.2478,-0.0232,6576.18,1,31.2724,58.266,step
2026-09-01T13:13:09.294619+00:00,41.676,-0.1049,0.15,0.0,-0.2474,-0.0238,6373.42,1,31.215,58.286,step
2026-09-01T13:13:09.295840+00:00,41.653,-0.1058,0.15,0.0,-0.2469,-0.0244,6518.23,1,31.1617,58.306,step
2026-09-01T13:13:09.297041+00:00,41.775,-0.1068,0.15,0.0,-0.2465,-0.025,6535.87,1,31.1031,58.326,step
2026-09-01T13:13:09.298238+00:00,41.897,-0.1077,0.15,0.0,-0.246,-0.0256,6554.07,1,31.0438,58.346,step
2026-09-01T13:13:09.299470+00:00,42.019,-0.1087,0.0,0.15,-0.2455,-0.0262,6572.34,1,30.9848,58.366,step
2026-09-01T13:13:09.300740+00:00,41.648,-0.1095,0.15,0.0,-0.245,-0.0267,6369.54,1,30.9342,58.386,step
2026-09-01T13:13:09.301990+00:00,41.624,-0.1103,0.15,0.0,-0.2444,-0.0271,6513.85,1,30.8876,58.406,step
2026-09-01T13:13:09.303234+00:00,41.747,-0.1112,0.15,0.0,-0.2439,-0.0276,6531.55,1,30.8344,58.426,step
2026-09-01T13:13:09.304483+00:00,41.868,-0.1121,0.15,0.0,-0.2433,-0.0281,6549.69,1,30.7801,58.446,step
2026-09-01T13:13:09.305699+00:00,41.99,-0.113,0.15,0.0,-0.2427,-0.0286,6567.96,1,30.7258,58.466,step
2026-09-01T13:13:09.306941+00:00,42.111,-0.1139,0.0,0.15,-0.2422,-0.0291,6586.49,1,30.6717,58.486,step
2026-09-01T13:13:09.308175+00:00,41.742,-0.1147,0.15,0.0,-0.2415,-0.0295,6383.68,1,30.6263,58.506,step
2026-09-01T13:13:09.309392+00:00,41.715,-0.1154,0.15,0.0,-0.2409,-0.0299,6528.55,1,30.5853,58.526,step
2026-09-01T13:13:09.310617+00:00,41.837,-0.1163,0.15,0.0,-0.2403,-0.0303,6546.06,1,30.538,58.546,step
2026-09-01T13:13:09.311844+00:00,41.958,-0.1171,0.15,0.0,-0.2396,-0.0308,6564.22,1,30.4895,58.566,step
2026-09-01T13:13:09.313108+00:00,42.08,-0.118,0.0,0.15,-0.239,-0.0313,6582.44,1,30.4413,58.586,step
2026-09-01T13:13:09.314334+00:00,41.709,-0.1187,0.15,0.0,-0.2383,-0.0316,6379.48,1,30.4016,58.606,step
2026-09-01T13:13:09.315529+00:00,41.683,-0.1193,0.15,0.0,-0.2376,-0.0318,6522.87,1,30.3659,58.626,step
2026-09-01T13:13:09.316730+00:00,41.804,-0.1201,0.15,0.0,-0.237,-0.0321,6540.7,1,30.3235,58.646,step
2026-09-01T13:13:09.317940+00:00,41.925,-0.1209,0.15,0.0,-0.2363,-0.0325,6558.84,1,30.2798,58.666,step
2026-09-01T13:13:09.319145+00:00,42.046,-0.1217,0.0,0.15,-0.2356,-0.0329,6577.11,1,30.2362,58.686,step
2026-09-01T13:13:09.320362+00:00,41.677,-0.1223,0.15,0.0,-0.2348,-0.0331,6373.66,1,30.2014,58.706,step
2026-09-01T13:13:09.321580+00:00,41.648,-0.1228,0.15,0.0,-0.2341,-0.0332,6518.35,1,30.1698,58.726,step
2026-09-01T13:13:09.322805+00:00,41.77,-0.1235,0.15,0.0,-0.2334,-0.0335,6535.83,1,30.1318,58.746,step
2026-09-01T13:13:09.324014+00:00,41.891,-0.1242,0.15,0.0,-0.2327,-0.0337,6553.87,1,30.0921,58.766,step
2026-09-01T13:13:09.325269+00:00,42.012,-0.1249,0.0,0.15,-0.232,-0.034,6572.02,1,30.0521,58.786,step
2026-09-01T13:13:09.326515+00:00,41.642,-0.1254,0.15,0.0,-0.2312,-0.0342,6368.49,1,30.0209,58.806,step
2026-09-01T13:13:09.327762+00:00,41.613,-0.1258,0.15,0.0,-0.2305,-0.0342,6512.91,1,29.9929,58.826,step
2026-09-01T13:13:09.328996+00:00,41.734,-0.1264,0.15,0.0,-0.2297,-0.0344,6530.4,1,29.9585,58.846,step
2026-09-01T13:13:09.330231+00:00,41.855,-0.127,0.15,0.0,-0.229,-0.0346,6548.38,1,29.9222,58.866,step
2026-09-01T13:13:09.331465+00:00,41.976,-0.1276,0.15,0.0,-0.2282,-0.0348,6566.5,1,29.8856,58.886,step
2026-09-01T13:13:09.332672+00:00,42.097,-0.1283,0.0,0.15,-0.2275,-0.035,6584.89,1,29.8492,58.906,step
2026-09-01T13:13:09.333915+00:00,41.727,-0.1288,0.15,0.0,-0.2267,-0.0351,6381.44,1,29.8212,58.926,step
2026-09-01T13:13:09.335126+00:00,41.696,-0.1292,0.15,0.0,-0.2259,-0.0352,6526.36,1,29.7971,58.946,step
2026-09-01T13:13:09.336329+00:00,41.817,-0.1298,0.15,0.0,-0.2252,-0.0353,6543.69,1,29.7663,58.966,step
2026-09-01T13:13:09.337554+00:00,41.938,-0.1304,0.15,0.0,-0.2244,-0.0355,6561.71,1,29.7343,58.986,step
2026-09-01T13:13:09.338771+00:00,42.059,-0.131,0.0,0.15,-0.2236,-0.0357,6579.8,1,29.7014,59.006,step
2026-09-01T13:13:09.339994+00:00,41.688,-0.1315,0.15,0.0,-0.2229,-0.0358,6376.04,1,29.6772,59.026,step
2026-09-01T13:13:09.341195+00:00,41.658,-0.1318,0.15,0.0,-0.2221,-0.0357,6519.91,1,29.6562,59.046,step
2026-09-01T13:13:09.342403+00:00,41.779,-0.1323,0.15,0.0,-0.2213,-0.0358,6537.48,1,29.6283,59.066,step
2026-09-01T13:13:09.343597+00:00,41.899,-0.1329,0.15,0.0,-0.2205,-0.036,6555.45,1,29.5989,59.086,step
2026-09-01T13:13:09.344801+00:00,42.02,-0.1334,0.0,0.15,-0.2198,-0.0361,6573.57,1,29.569,59.106,step
2026-09-01T13:13:09.346022+00:00,41.65,-0.1338,0.15,0.0,-0.219,-0.0361,6369.68,1,29.5475,59.126,step
2026-09-01T13:13:09.347216+00:00,41.618,-0.1341,0.15,0.0,-0.2182,-0.036,6514.31,1,29.5296,59.146,step
2026-09-01T13:13:09.348417+00:00,41.739,-0.1345,0.15,0.0,-0.2174,-0.036,6531.64,1,29.5046,59.166,step
2026-09-01T13:13:09.349648+00:00,41.86,-0.135,0.15,0.0,-0.2167,-0.0361,6549.55,1,29.4774,59.186,step
2026-09-01T13:13:09.350884+00:00,41.98,-0.1354,0.15,0.0,-0.2159,-0.0362,6567.59,1,29.4499,59.206,step
2026-09-01T13:13:09.352112+00:00,42.101,-0.1359,0.0,0.15,-0.2151,-0.0362,6585.87,1,29.4219,59.226,step
2026-09-01T13:13:09.353339+00:00,41.731,-0.1362,0.15,0.0,-0.2144,-0.0362,6381.96,1,29.4028,59.246,step
2026-09-01T13:13:09.354578+00:00,41.697,-0.1364,0.15,0.0,-0.2136,-0.036,6526.97,1,29.3874,59.266,step
2026-09-01T13:13:09.355808+00:00,41.818,-0.1368,0.15,0.0,-0.2128,-0.036,6544.2,1,29.3646,59.286,step
2026-09-01T13:13:09.357065+00:00,41.939,-0.1372,0.15,0.0,-0.2121,-0.036,6562.16,1,29.3404,59.306,step
2026-09-01T13:13:09.358281+00:00,42.059,-0.1376,0.0,0.15,-0.2113,-0.036,6580.18,1,29.3155,59.326,step
2026-09-01T13:13:09.359500+00:00,41.689,-0.1379,0.15,0.0,-0.2106,-0.036,6375.49,1,29.2994,59.346,step
2026-09-01T13:13:09.360702+00:00,41.656,-0.1381,0.15,0.0,-0.2098,-0.0358,6520.52,1,29.2868,59.366,step
2026-09-01T13:13:09.361906+00:00,41.776,-0.1385,0.15,0.0,-0.2091,-0.0358,6537.76,1,29.2664,59.386,step
2026-09-01T13:13:09.363124+00:00,41.897,-0.1389,0.15,0.0,-0.2083,-0.0359,6555.57,1,29.2437,59.406,step
2026-09-01T13:13:09.364337+00:00,42.017,-0.1393,0.0,0.15,-0.2076,-0.0359,6573.54,1,29.2206,59.426,step
2026-09-01T13:13:09.365544+00:00,41.647,-0.1396,0.15,0.0,-0.2069,-0.0358,6369.73,1,29.2058,59.446,step
2026-09-01T13:13:09.366742+00:00,41.614,-0.1397,0.15,0.0,-0.2061,-0.0357,6513.66,1,29.1949,59.466,step
2026-09-01T13:13:09.367930+00:00,41.734,-0.1401,0.15,0.0,-0.2054,-0.0356,6531.06,1,29.1766,59.486,step
2026-09-01T13:13:09.369156+00:00,41.855,-0.1404,0.15,0.0,-0.2047,-0.0356,6548.97,1,29.1561,59.506,step
2026-09-01T13:13:09.370363+00:00,41.975,-0.1408,0.15,0.0,-0.2039,-0.0356,6566.99,1,29.1342,59.526,step
2026-09-01T13:13:09.371551+00:00,42.095,-0.1412,0.0,0.15,-0.2032,-0.0356,6585.28,1,29.1121,59.546,step
2026-09-01T13:13:09.372761+00:00,41.725,-0.1413,0.15,0.0,-0.2025,-0.0355,6381.01,1,29.0988,59.566,step
2026-09-01T13:13:09.373956+00:00,41.69,-0.1415,0.15,0.0,-0.2018,-0.0353,6526.25,1,29.0888,59.586,step
2026-09-01T13:13:09.375173+00:00,41.811,-0.1417,0.15,0.0,-0.2011,-0.0352,6543.37,1,29.0711,59.606,step
2026-09-01T13:13:09.376392+00:00,41.931,-0.142,0.15,0.0,-0.2004,-0.0352,6561.26,1,29.0521,59.626,step
2026-09-01T13:13:09.377622+00:00,42.051,-0.1423,0.0,0.15,-0.1997,-0.0351,6579.21,1,29.0322,59.646,step
2026-09-01T13:13:09.378861+00:00,41.681,-0.1424,0.15,0.0,-0.199,-0.0349,6374.3,1,29.0204,59.666,step
2026-09-01T13:13:09.380095+00:00,41.647,-0.1425,0.15,0.0,-0.1983,-0.0347,6519.33,1,29.0115,59.686,step
2026-09-01T13:13:09.381333+00:00,41.767,-0.1427,0.15,0.0,-0.1976,-0.0346,6536.52,1,28.9945,59.706,step
2026-09-01T13:13:09.382581+00:00,41.887,-0.143,0.15,0.0,-0.197,-0.0345,6554.32,1,28.9762,59.726,step
2026-09-01T13:13:09.383788+00:00,42.007,-0.1432,0.0,0.15,-0.1963,-0.0345,6572.23,1,28.9568,59.746,step
2026-09-01T13:13:09.385013+00:00,41.638,-0.1434,0.15,0.0,-0.1956,-0.0344,6367.93,1,28.9454,59.766,step
2026-09-01T13:13:09.386223+00:00,41.603,-0.1435,0.15,0.0,-0.195,-0.0342,6512.46,1,28.9369,59.786,step
2026-09-01T13:13:09.387408+00:00,41.723,-0.1438,0.15,0.0,-0.1943,-0.0341,6529.71,1,28.9213,59.806,step
2026-09-01T13:13:09.388606+00:00,41.843,-0.1441,0.15,0.0,-0.1937,-0.0341,6547.54,1,28.904,59.826,step
2026-09-01T13:13:09.389802+00:00,41.964,-0.1444,0.15,0.0,-0.193,-0.0341,6565.47,1,28.8855,59.846,step
2026-09-01T13:13:09.391035+00:00,42.084,-0.1447,0.0,0.15,-0.1924,-0.0341,6583.61,1,28.8657,59.866,step
2026-09-01T13:13:09.392240+00:00,41.714,-0.1448,0.15,0.0,-0.1917,-0.0339,6379.43,1,28.8549,59.886,step
2026-09-01T13:13:09.393440+00:00,41.678,-0.1449,0.15,0.0,-0.1911,-0.0337,6524.45,1,28.848,59.906,step
2026-09-01T13:13:09.394635+00:00,41.798,-0.1451,0.15,0.0,-0.1905,-0.0336,6541.58,1,28.8333,59.926,step
2026-09-01T13:13:09.395845+00:00,41.918,-0.1453,0.15,0.0,-0.1898,-0.0335,6559.43,1,28.8164,59.946,step
2026-09-01T13:13:09.397025+00:00,42.038,-0.1456,0.0,0.15,-0.1892,-0.0335,6577.38,1,28.7981,59.966,step
2026-09-01T13:13:09.398240+00:00,41.668,-0.1456,0.15,0.0,-0.1886,-0.0333,6372.31,1,28.7886,59.986,step
2026-09-01T13:13:09.399450+00:00,41.633,-0.1456,0.15,0.0,-0.188,-0.033,6517.44,1,28.7825,60.006,step
2026-09-01T13:13:09.400666+00:00,41.753,-0.1458,0.15,0.0,-0.1874,-0.0329,6534.55,1,28.7683,60.026,step
2026-09-01T13:13:09.401891+00:00,41.873,-0.1459,0.15,0.0,-0.1868,-0.0328,6552.28,1,28.7517,60.046,step
2026-09-01T13:13:09.403117+00:00,41.993,-0.1462,0.15,0.0,-0.1862,-0.0327,6570.17,1,28.7336,60.066,step
2026-09-01T13:13:09.404359+00:00,42.113,-0.1464,0.0,0.15,-0.1857,-0.0327,6588.36,1,28.7142,60.086,step
2026-09-01T13:13:09.405597+00:00,41.744,-0.1464,0.15,0.0,-0.1851,-0.0325,6383.93,1,28.703,60.106,step
2026-09-01T13:13:09.406835+00:00,41.707,-0.1464,0.15,0.0,-0.1845,-0.0322,6529.15,1,28.6951,60.126,step
2026-09-01T13:13:09.408096+00:00,41.828,-0.1465,0.15,0.0,-0.1839,-0.0321,6546.25,1,28.6794,60.146,step
2026-09-01T13:13:09.409330+00:00,41.947,-0.1467,0.15,0.0,-0.1834,-0.032,6564.12,1,28.6624,60.166,step
2026-09-01T13:13:09.410540+00:00,42.067,-0.147,0.0,0.15,-0.1828,-0.032,6582.05,1,28.6444,60.186,step
2026-09-01T13:13:09.411751+00:00,41.697,-0.1471,0.15,0.0,-0.1823,-0.0318,6376.73,1,28.6345,60.206,step
2026-09-01T13:13:09.412934+00:00,41.661,-0.1471,0.15,0.0,-0.1817,-0.0316,6522.02,1,28.6275,60.226,step
2026-09-01T13:13:09.414119+00:00,41.782,-0.1473,0.15,0.0,-0.1812,-0.0316,6539.13,1,28.6124,60.246,step
2026-09-01T13:13:09.415302+00:00,41.902,-0.1475,0.15,0.0,-0.1806,-0.0315,6556.86,1,28.5948,60.266,step
2026-09-01T13:13:09.416470+00:00,42.022,-0.1477,0.0,0.15,-0.1801,-0.0315,6574.87,1,28.5765,60.286,step
2026-09-01T13:13:09.417650+00:00,41.652,-0.1478,0.15,0.0,-0.1796,-0.0313,6370.0,1,28.5664,60.306,step
2026-09-01T13:13:09.418822+00:00,41.616,-0.1478,0.15,0.0,-0.1791,-0.0311,6514.92,1,28.5593,60.326,step
2026-09-01T13:13:09.420016+00:00,41.736,-0.1479,0.15,0.0,-0.1786,-0.031,6532.05,1,28.5441,60.346,step
2026-09-01T13:13:09.421182+00:00,41.856,-0.1481,0.15,0.0,-0.1781,-0.0309,6549.81,1,28.5264,60.366,step
2026-09-01T13:13:09.422350+00:00,41.977,-0.1483,0.15,0.0,-0.1775,-0.0309,6567.7,1,28.5072,60.386,step
2026-09-01T13:13:09.423525+00:00,42.096,-0.1485,0.0,0.15,-0.177,-0.0309,6585.88,1,28.4867,60.406,step
2026-09-01T13:13:09.424725+00:00,41.727,-0.1485,0.15,0.0,-0.1765,-0.0307,6381.36,1,28.4751,60.426,step
2026-09-01T13:13:09.425940+00:00,41.689,-0.1485,0.15,0.0,-0.1761,-0.0304,6526.58,1,28.4673,60.446,step
2026-09-01T13:13:09.427170+00:00,41.81,-0.1486,0.15,0.0,-0.1756,-0.0303,6543.64,1,28.4509,60.466,step
2026-09-01T13:13:09.428412+00:00,41.93,-0.1487,0.15,0.0,-0.1751,-0.0302,6561.5,1,28.4323,60.486,step
2026-09-01T13:13:09.429637+00:00,42.05,-0.1489,0.0,0.15,-0.1746,-0.0302,6579.45,1,28.4128,60.506,step
2026-09-01T13:13:09.430860+00:00,41.68,-0.1489,0.15,0.0,-0.1742,-0.0299,6374.11,1,28.4011,60.526,step
2026-09-01T13:13:09.432081+00:00,41.644,-0.1488,0.15,0.0,-0.1737,-0.0297,6519.38,1,28.3923,60.546,step
2026-09-01T13:13:09.433344+00:00,41.764,-0.1488,0.15,0.0,-0.1732,-0.0296,6536.48,1,28.3755,60.566,step
2026-09-01T13:13:09.434545+00:00,41.884,-0.149,0.15,0.0,-0.1728,-0.0295,6554.2,1,28.3562,60.586,step
2026-09-01T13:13:09.435738+00:00,42.005,-0.1492,0.0,0.15,-0.1723,-0.0295,6572.08,1,28.3353,60.606,step
2026-09-01T13:13:09.436953+00:00,41.635,-0.1493,0.15,0.0,-0.1719,-0.0294,6367.5,1,28.3221,60.626,step
2026-09-01T13:13:09.438162+00:00,41.599,-0.1493,0.15,0.0,-0.1714,-0.0292,6512.14,1,28.3117,60.646,step
2026-09-01T13:13:09.439364+00:00,41.719,-0.1495,0.15,0.0,-0.171,-0.0292,6529.33,1,28.2931,60.666,step
2026-09-01T13:13:09.440592+00:00,41.839,-0.1497,0.15,0.0,-0.1706,-0.0292,6547.15,1,28.2721,60.686,step
2026-09-01T13:13:09.441800+00:00,41.959,-0.1499,0.15,0.0,-0.1701,-0.0292,6565.39,1,28.2503,60.706,step
2026-09-01T13:13:09.442987+00:00,42.079,-0.1501,0.0,0.15,-0.1697,-0.0292,6583.59,1,28.2277,60.726,step
2026-09-01T13:13:09.444202+00:00,41.71,-0.1502,0.15,0.0,-0.1693,-0.029,6378.58,1,28.2132,60.746,step
2026-09-01T13:13:09.445408+00:00,41.672,-0.1502,0.15,0.0,-0.1688,-0.0288,6524.14,1,28.2017,60.766,step
2026-09-01T13:13:09.446610+00:00,41.793,-0.1503,0.15,0.0,-0.1684,-0.0287,6541.14,1,28.1824,60.786,step
2026-09-01T13:13:09.447805+00:00,41.913,-0.1504,0.15,0.0,-0.168,-0.0287,6558.94,1,28.1606,60.806,step
2026-09-01T13:13:09.448991+00:00,42.033,-0.1506,0.0,0.15,-0.1676,-0.0287,6576.82,1,28.1374,60.826,step
2026-09-01T13:13:09.450204+00:00,41.663,-0.1506,0.15,0.0,-0.1672,-0.0285,6371.7,1,28.1223,60.846,step
2026-09-01T13:13:09.451431+00:00,41.627,-0.1506,0.15,0.0,-0.1668,-0.0283,6516.71,1,28.1105,60.866,step
2026-09-01T13:13:09.452659+00:00,41.747,-0.1506,0.15,0.0,-0.1664,-0.0282,6533.87,1,28.0907,60.886,step
2026-09-01T13:13:09.453888+00:00,41.867,-0.1508,0.15,0.0,-0.166,-0.0281,6551.64,1,28.0683,60.906,step
2026-09-01T13:13:09.455110+00:00,41.987,-0.1509,0.15,0.0,-0.1656,-0.0281,6569.56,1,28.0444,60.926,step
2026-09-01T13:13:09.456334+00:00,42.108,-0.1511,0.0,0.15,-0.1653,-0.0281,6587.78,1,28.0191,60.946,step
2026-09-01T13:13:09.457605+00:00,41.738,-0.1511,0.15,0.0,-0.1649,-0.0279,6383.09,1,28.0017,60.966,step
2026-09-01T13:13:09.458835+00:00,41.701,-0.151,0.15,0.0,-0.1645,-0.0277,6528.49,1,27.9874,60.986,step
2026-09-01T13:13:09.460038+00:00,41.821,-0.1511,0.15,0.0,-0.1641,-0.0276,6545.55,1,27.9654,61.006,step
2026-09-01T13:13:09.461271+00:00,41.941,-0.1513,0.15,0.0,-0.1638,-0.0277,6563.4,1,27.9412,61.026,step
2026-09-01T13:13:09.462469+00:00,42.062,-0.1516,0.0,0.15,-0.1634,-0.0277,6581.35,1,27.9153,61.046,step
2026-09-01T13:13:09.463683+00:00,41.692,-0.1516,0.15,0.0,-0.163,-0.0276,6375.92,1,27.8977,61.066,step
2026-09-01T13:13:09.464899+00:00,41.655,-0.1516,0.15,0.0,-0.1627,-0.0274,6521.31,1,27.8831,61.086,step
2026-09-01T13:13:09.466094+00:00,41.776,-0.1517,0.15,0.0,-0.1623,-0.0274,6538.42,1,27.8607,61.106,step
2026-09-01T13:13:09.467294+00:00,41.896,-0.1519,0.15,0.0,-0.162,-0.0274,6556.65,1,27.8356,61.126,step
2026-09-01T13:13:09.468480+00:00,42.016,-0.1521,0.0,0.15,-0.1616,-0.0274,6574.55,1,27.8089,61.146,step
2026-09-01T13:13:09.469688+00:00,41.648,-0.1521,0.15,0.0,-0.1613,-0.0273,6369.05,1,27.7895,61.166,step
2026-09-01T13:13:09.470890+00:00,41.61,-0.1521,0.15,0.0,-0.1609,-0.0271,6514.33,1,27.7726,61.186,step
2026-09-01T13:13:09.472083+00:00,41.731,-0.1522,0.15,0.0,-0.1606,-0.0271,6531.46,1,27.7477,61.206,step
2026-09-01T13:13:09.473278+00:00,41.851,-0.1524,0.15,0.0,-0.1602,-0.0271,6549.17,1,27.7203,61.226,step
2026-09-01T13:13:09.474483+00:00,41.972,-0.1526,0.15,0.0,-0.1599,-0.0271,6567.05,1,27.6913,61.246,step
2026-09-01T13:13:09.475684+00:00,42.092,-0.1528,0.0,0.15,-0.1596,-0.0271,6585.27,1,27.6616,61.266,step
2026-09-01T13:13:09.476907+00:00,41.723,-0.1528,0.15,0.0,-0.1592,-0.027,6380.78,1,27.6398,61.286,step
2026-09-01T13:13:09.478129+00:00,41.684,-0.1527,0.15,0.0,-0.1589,-0.0268,6525.98,1,27.6211,61.306,step
2026-09-01T13:13:09.479357+00:00,41.805,-0.1528,0.15,0.0,-0.1586,-0.0268,6543.12,1,27.5948,61.326,step
2026-09-01T13:13:09.480580+00:00,41.925,-0.153,0.15,0.0,-0.1582,-0.0267,6561.0,1,27.566,61.346,step
2026-09-01T13:13:09.481821+00:00,42.046,-0.1531,0.0,0.15,-0.1579,-0.0267,6578.99,1,27.5358,61.366,step
2026-09-01T13:13:09.483065+00:00,41.676,-0.1531,0.15,0.0,-0.1576,-0.0266,6373.49,1,27.513,61.386,step
2026-09-01T13:13:09.484302+00:00,41.639,-0.153,0.15,0.0,-0.1573,-0.0264,6518.92,1,27.4928,61.406,step
2026-09-01T13:13:09.485522+00:00,41.76,-0.1531,0.15,0.0,-0.157,-0.0263,6536.03,1,27.4647,61.426,step
2026-09-01T13:13:09.486739+00:00,41.88,-0.1532,0.15,0.0,-0.1567,-0.0263,6553.79,1,27.4342,61.446,step
2026-09-01T13:13:09.487959+00:00,42.001,-0.1534,0.0,0.15,-0.1564,-0.0263,6571.71,1,27.4039,61.466,step
2026-09-01T13:13:09.489193+00:00,41.632,-0.1533,0.15,0.0,-0.1561,-0.0261,6367.03,1,27.3829,61.486,step
2026-09-01T13:13:09.490401+00:00,41.595,-0.1532,0.15,0.0,-0.1558,-0.0259,6511.78,1,27.3669,61.506,step
2026-09-01T13:13:09.491624+00:00,41.716,-0.1533,0.15,0.0,-0.1555,-0.0259,6529.0,1,27.3451,61.526,step
2026-09-01T13:13:09.492821+00:00,41.836,-0.1534,0.15,0.0,-0.1552,-0.0258,6547.31,1,27.323,61.546,step
2026-09-01T13:13:09.494004+00:00,41.957,-0.1535,0.15,0.0,-0.1549,-0.0258,6565.28,1,27.3018,61.566,step
2026-09-01T13:13:09.495212+00:00,42.077,-0.1537,0.0,0.15,-0.1547,-0.0258,6583.47,1,27.2822,61.586,step
2026-09-01T13:13:09.496464+00:00,41.708,-0.1536,0.15,0.0,-0.1544,-0.0257,6378.41,1,27.2734,61.606,step
2026-09-01T13:13:09.497688+00:00,41.67,-0.1535,0.15,0.0,-0.1541,-0.0255,6523.89,1,27.2703,61.626,step
2026-09-01T13:13:09.498882+00:00,41.791,-0.1535,0.15,0.0,-0.1538,-0.0254,6540.95,1,27.2609,61.646,step
2026-09-01T13:13:09.500114+00:00,41.912,-0.1536,0.15,0.0,-0.1536,-0.0253,6558.81,1,27.2516,61.666,step
2026-09-01T13:13:09.501354+00:00,42.032,-0.1537,0.0,0.15,-0.1533,-0.0253,6576.77,1,27.2437,61.686,step
2026-09-01T13:13:09.502590+00:00,41.663,-0.1537,0.15,0.0,-0.153,-0.0251,6371.59,1,27.2467,61.706,step
2026-09-01T13:13:09.503825+00:00,41.626,-0.1535,0.15,0.0,-0.1528,-0.0249,6516.75,1,27.2555,61.726,step
2026-09-01T13:13:09.505057+00:00,41.746,-0.1535,0.15,0.0,-0.1525,-0.0248,6533.91,1,27.2584,61.746,step
2026-09-01T13:13:09.506280+00:00,41.867,-0.1536,0.15,0.0,-0.1523,-0.0248,6551.73,1,27.2612,61.766,step
2026-09-01T13:13:09.507483+00:00,41.987,-0.1537,0.15,0.0,-0.1521,-0.0248,6569.68,1,27.2652,61.786,step
2026-09-01T13:13:09.508707+00:00,42.108,-0.154,0.0,0.15,-0.1518,-0.025,6587.95,1,27.2708,61.806,step
2026-09-01T13:13:09.509910+00:00,41.739,-0.1542,0.15,0.0,-0.1516,-0.025,6383.19,1,27.2882,61.826,step
2026-09-01T13:13:09.511103+00:00,41.701,-0.1543,0.15,0.0,-0.1513,-0.0249,6528.7,1,27.3123,61.846,step
2026-09-01T13:13:09.512321+00:00,41.822,-0.1545,0.15,0.0,-0.1511,-0.025,6545.81,1,27.3306,61.866,step
2026-09-01T13:13:09.513511+00:00,41.942,-0.1548,0.15,0.0,-0.1508,-0.0252,6563.74,1,27.3504,61.886,step
2026-09-01T13:13:09.514698+00:00,42.063,-0.1551,0.0,0.15,-0.1506,-0.0253,6581.92,1,27.3723,61.906,step
2026-09-01T13:13:09.515867+00:00,41.694,-0.1552,0.15,0.0,-0.1503,-0.0253,6375.9,1,27.407,61.926,step
2026-09-01T13:13:09.517028+00:00,41.656,-0.1552,0.15,0.0,-0.1501,-0.0252,6521.82,1,27.4487,61.946,step
2026-09-01T13:13:09.518201+00:00,41.777,-0.1554,0.15,0.0,-0.1498,-0.0253,6538.88,1,27.4842,61.966,step
2026-09-01T13:13:09.519381+00:00,41.898,-0.1557,0.15,0.0,-0.1496,-0.0254,6556.61,1,27.5204,61.986,step
2026-09-01T13:13:09.520557+00:00,42.018,-0.1559,0.0,0.15,-0.1493,-0.0255,6574.53,1,27.5594,62.006,step
2026-09-01T13:13:09.521741+00:00,41.649,-0.156,0.15,0.0,-0.149,-0.0255,6369.67,1,27.6127,62.026,step
2026-09-01T13:13:09.522925+00:00,41.611,-0.156,0.15,0.0,-0.1488,-0.0254,6514.5,1,27.6735,62.046,step
2026-09-01T13:13:09.524106+00:00,41.732,-0.1562,0.15,0.0,-0.1485,-0.0254,6531.72,1,27.7283,62.066,step
2026-09-01T13:13:09.525291+00:00,41.852,-0.1565,0.15,0.0,-0.1483,-0.0255,6549.58,1,27.7844,62.086,step
2026-09-01T13:13:09.526479+00:00,41.973,-0.1567,0.15,0.0,-0.148,-0.0256,6567.56,1,27.8429,62.106,step
2026-09-01T13:13:09.527679+00:00,42.093,-0.157,0.0,0.15,-0.1477,-0.0257,6585.85,1,27.9057,62.126,step
2026-09-01T13:13:09.528920+00:00,41.724,-0.1571,0.15,0.0,-0.1475,-0.0257,6380.9,1,27.9849,62.146,step
2026-09-01T13:13:09.530099+00:00,41.685,-0.1573,0.15,0.0,-0.1472,-0.0257,6526.51,1,28.0733,62.166,step
2026-09-01T13:13:09.531280+00:00,41.806,-0.1577,0.15,0.0,-0.1469,-0.026,6543.56,1,28.1561,62.186,step
2026-09-01T13:13:09.532475+00:00,41.926,-0.1581,0.15,0.0,-0.1467,-0.0262,6561.45,1,28.2419,62.206,step
2026-09-01T13:13:09.533678+00:00,42.047,-0.1586,0.0,0.15,-0.1464,-0.0265,6579.41,1,28.3319,62.226,step
2026-09-01T13:13:09.534863+00:00,41.678,-0.1589,0.15,0.0,-0.1461,-0.0266,6373.69,1,28.4405,62.246,step
2026-09-01T13:13:09.536054+00:00,41.639,-0.159,0.15,0.0,-0.1458,-0.0266,6519.25,1,28.5599,62.266,step
2026-09-01T13:13:09.537232+00:00,41.759,-0.1594,0.15,0.0,-0.1455,-0.0268,6536.31,1,28.6733,62.286,step
2026-09-01T13:13:09.538418+00:00,41.88,-0.1598,0.15,0.0,-0.1452,-0.027,6554.07,1,28.7891,62.306,step
2026-09-01T13:13:09.539608+00:00,42.0,-0.1602,0.15,0.0,-0.1449,-0.0272,6572.0,1,28.9107,62.326,step
2026-09-01T13:13:09.540813+00:00,42.12,-0.1607,0.0,0.15,-0.1446,-0.0275,6590.21,1,29.0382,62.346,step
2026-09-01T13:13:09.542027+00:00,41.751,-0.1609,0.15,0.0,-0.1443,-0.0275,6385.05,1,29.1874,62.366,step
2026-09-01T13:13:09.543227+00:00,41.711,-0.161,0.15,0.0,-0.1439,-0.0275,6530.81,1,29.3499,62.386,step
2026-09-01T13:13:09.544424+00:00,41.831,-0.1614,0.15,0.0,-0.1436,-0.0276,6547.8,1,29.5075,62.406,step
2026-09-01T13:13:09.545613+00:00,41.952,-0.1617,0.15,0.0,-0.1433,-0.0278,6565.63,1,29.6693,62.426,step
2026-09-01T13:13:09.546780+00:00,42.072,-0.1621,0.0,0.15,-0.1429,-0.028,6583.59,1,29.839,62.446,step
2026-09-01T13:13:09.548001+00:00,41.703,-0.1623,0.15,0.0,-0.1426,-0.028,6377.46,1,30.0329,62.466,step
2026-09-01T13:13:09.549196+00:00,41.663,-0.1624,0.15,0.0,-0.1423,-0.0279,6523.29,1,30.2411,62.486,step
2026-09-01T13:13:09.550400+00:00,41.783,-0.1627,0.15,0.0,-0.142,-0.028,6540.28,1,30.4439,62.506,step
2026-09-01T13:13:09.551564+00:00,41.903,-0.1632,0.15,0.0,-0.1416,-0.0283,6558.03,1,30.6537,62.526,step
2026-09-01T13:13:09.552732+00:00,42.023,-0.1638,0.0,0.15,-0.1413,-0.0287,6575.89,1,30.8725,62.546,step
2026-09-01T13:13:09.553922+00:00,41.654,-0.1642,0.15,0.0,-0.1409,-0.0289,6370.39,1,31.1197,62.566,step
2026-09-01T13:13:09.555103+00:00,41.614,-0.1645,0.15,0.0,-0.1406,-0.029,6515.66,1,31.3845,62.586,step
2026-09-01T13:13:09.556322+00:00,41.734,-0.165,0.15,0.0,-0.1402,-0.0293,6532.72,1,31.6473,62.606,step
2026-09-01T13:13:09.557529+00:00,41.854,-0.1656,0.15,0.0,-0.1399,-0.0296,6550.47,1,31.9194,62.626,step
2026-09-01T13:13:09.558719+00:00,41.974,-0.1661,0.15,0.0,-0.1395,-0.0299,6568.16,1,32.204,62.646,step
2026-09-01T13:13:09.559866+00:00,42.094,-0.1667,0.0,0.15,-0.1391,-0.0302,6586.33,1,32.5016,62.666,step
2026-09-01T13:13:09.561054+00:00,41.724,-0.1671,0.15,0.0,-0.1387,-0.0303,6381.04,1,32.8358,62.686,step
2026-09-01T13:13:09.562250+00:00,41.682,-0.1673,0.15,0.0,-0.1383,-0.0304,6526.81,1,33.1948,62.706,step
2026-09-01T13:13:09.563433+00:00,41.803,-0.1678,0.15,0.0,-0.1379,-0.0306,6543.72,1,33.5518,62.726,step
2026-09-01T13:13:09.564587+00:00,41.922,-0.1682,0.15,0.0,-0.1375,-0.0308,6561.52,1,33.9231,62.746,step
2026-09-01T13:13:09.565785+00:00,42.042,-0.1687,0.0,0.15,-0.1371,-0.0311,6579.41,1,34.3119,62.766,step
2026-09-01T13:13:09.567000+00:00,41.672,-0.169,0.15,0.0,-0.1366,-0.0311,6372.87,1,34.7457,62.786,step
2026-09-01T13:13:09.568192+00:00,41.631,-0.1692,0.15,0.0,-0.1362,-0.0311,6518.88,1,35.2092,62.806,step
2026-09-01T13:13:09.569392+00:00,41.751,-0.1696,0.15,0.0,-0.1358,-0.0313,6535.72,1,35.6728,62.826,step
2026-09-01T13:13:09.570612+00:00,41.87,-0.17,0.15,0.0,-0.1354,-0.0314,6553.37,1,36.1558,62.846,step
2026-09-01T13:13:09.571825+00:00,41.99,-0.1705,0.15,0.0,-0.1349,-0.0316,6571.14,1,36.6615,62.866,step
2026-09-01T13:13:09.573015+00:00,42.11,-0.1711,0.0,0.15,-0.1345,-0.032,6589.23,1,37.1918,62.886,step
2026-09-01T13:13:09.574215+00:00,41.741,-0.1717,0.15,0.0,-0.134,-0.0323,6383.43,1,37.7815,62.906,step
2026-09-01T13:13:09.575409+00:00,41.697,-0.1721,0.15,0.0,-0.1336,-0.0324,6529.53,1,38.4176,62.926,step
2026-09-01T13:13:09.576591+00:00,41.817,-0.1728,0.15,0.0,-0.1331,-0.0328,6546.31,1,39.0622,62.946,step
2026-09-01T13:13:09.577780+00:00,41.936,-0.1734,0.15,0.0,-0.1326,-0.0331,6564.02,1,39.7386,62.966,step
2026-09-01T13:13:09.578977+00:00,42.055,-0.1741,0.0,0.15,-0.1322,-0.0335,6581.82,1,40.4518,62.986,step
2026-09-01T13:13:09.580154+00:00,41.685,-0.1746,0.15,0.0,-0.1317,-0.0337,6375.43,1,41.2445,63.006,step
2026-09-01T13:13:09.581333+00:00,41.642,-0.175,0.15,0.0,-0.1311,-0.0338,6520.66,1,42.0989,63.026,step
2026-09-01T13:13:09.582517+00:00,41.761,-0.1755,0.15,0.0,-0.1307,-0.0341,6537.59,1,42.9708,63.046,step
2026-09-01T13:13:09.583689+00:00,41.88,-0.1761,0.15,0.0,-0.1301,-0.0343,6555.27,1,43.8903,63.066,step
2026-09-01T13:13:09.584864+00:00,42.0,-0.1768,0.15,0.0,-0.1296,-0.0346,6573.05,1,44.8649,63.086,step
2026-09-01T13:13:09.586054+00:00,42.118,0.0226,0.8,0.0,-0.1291,-0.035,6591.16,1,45.9027,63.106,step
2026-09-01T13:13:09.587242+00:00,42.696,0.0199,0.8,0.0,-0.1284,-0.0369,7715.69,1,46.5098,63.126,step
2026-09-01T13:13:09.588433+00:00,43.483,0.0135,0.8,0.0,-0.1272,-0.0417,8642.29,1,46.2742,63.146,step
2026-09-01T13:13:09.589631+00:00,44.33,0.0059,0.8,0.0,-0.1256,-0.0474,9774.79,1,45.7824,63.166,step
2026-09-01T13:13:09.590838+00:00,45.216,-0.0022,0.8,0.0,-0.1237,-0.0533,10908.1,1,45.2634,63.186,step
2026-09-01T13:13:09.592016+00:00,46.125,-0.2103,0.0,0.15,-0.1216,-0.0592,11970.4,1,44.7868,63.206,step
2026-09-01T13:13:09.593217+00:00,46.859,-0.2169,0.0,0.15,-0.1192,-0.0638,9037.16,1,44.7054,63.226,step
2026-09-01T13:13:09.594393+00:00,47.147,-0.0207,0.8,0.0,-0.1169,-0.066,7173.33,1,45.3969,63.246,step
2026-09-01T13:13:09.595551+00:00,47.47,-0.0246,0.8,0.0,-0.1145,-0.0682,8692.24,1,46.1495,63.266,step
2026-09-01T13:13:09.596704+00:00,48.253,-0.0309,0.8,0.0,-0.1116,-0.0723,9981.34,1,46.3694,63.286,step
2026-09-01T13:13:09.597868+00:00,49.078,-0.038,0.8,0.0,-0.1085,-0.0769,11236.7,1,46.4623,63.306,step
2026-09-01T13:13:09.599043+00:00,49.928,-0.0452,0.8,0.0,-0.105,-0.0814,12414.9,1,46.6,63.326,step
2026-09-01T13:13:09.600201+00:00,50.806,-0.0522,0.8,0.0,-0.1012,-0.0857,13527.7,2,46.8451,63.346,step
2026-09-01T13:13:09.601344+00:00,51.702,-0.059,0.8,0.0,-0.0972,-0.0896,10056.7,2,47.2311,63.366,step
2026-09-01T13:13:09.602492+00:00,52.586,-0.0655,0.8,0.0,-0.0928,-0.0933,10059.2,2,47.7674,63.386,step
2026-09-01T13:13:09.603655+00:00,53.04,-0.0723,0.8,0.0,-0.0882,-0.097,6126.51,2,48.3252,63.406,step
2026-09-01T13:13:09.604801+00:00,53.476,-0.0794,0.8,0.0,-0.0835,-0.1009,6549.47,2,48.843,63.426,step
2026-09-01T13:13:09.605938+00:00,54.109,-0.0862,0.8,0.0,-0.0786,-0.1046,6681.79,2,49.5107,63.446,step
2026-09-01T13:13:09.607094+00:00,54.77,-0.0928,0.8,0.0,-0.0735,-0.108,6789.25,2,50.3535,63.466,step
2026-09-01T13:13:09.608248+00:00,55.447,-0.0992,0.8,0.0,-0.0682,-0.1111,6887.18,2,51.3761,63.486,step
2026-09-01T13:13:09.609401+00:00,56.136,-0.1054,0.8,0.0,-0.0627,-0.114,6984.9,2,52.5868,63.506,step
2026-09-01T13:13:09.610599+00:00,56.834,-0.1115,0.8,0.0,-0.057,-0.1166,7084.71,2,54.0053,63.526,step
2026-09-01T13:13:09.611706+00:00,57.542,-0.1107,0.8,0.0,-0.0512,-0.1136,7186.9,2,55.6646,63.546,step
2026-09-01T13:13:09.612806+00:00,58.259,-0.1083,0.8,0.0,-0.0456,-0.1092,7292.54,2,57.5618,63.566,step
2026-09-01T13:13:09.613916+00:00,58.987,-0.1057,0.8,0.0,-0.04,-0.1048,7402.67,2,59.6652,63.586,step
2026-09-01T13:13:09.615025+00:00,59.724,-0.1031,0.8,0.0,-0.0347,-0.1003,7518.58,2,61.9753,63.606,step
2026-09-01T13:13:09.616162+00:00,60.474,-0.1003,0.8,0.0,-0.0295,-0.0959,7635.6,2,64.5094,63.626,step
2026-09-01T13:13:09.617254+00:00,61.234,-0.0976,0.8,0.0,-0.0244,-0.0915,7757.05,2,67.293,63.646,step
2026-09-01T13:13:09.618361+00:00,62.002,-0.0947,0.8,0.0,-0.0195,-0.087,7888.75,2,70.3763,63.666,step
2026-09-01T13:13:09.619457+00:00,62.78,-0.0917,0.8,0.0,-0.0147,-0.0826,8031.73,2,73.818,63.686,step
2026-09-01T13:13:09.620550+00:00,63.567,-0.0887,0.8,0.0,-0.0101,-0.0781,8186.5,2,77.6832,63.706,step
2026-09-01T13:13:09.621647+00:00,64.365,-0.0855,0.8,0.0,-0.0056,-0.0736,8353.82,2,82.0605,63.726,step
2026-09-01T13:13:09.622733+00:00,65.175,-0.0822,0.8,0.0,-0.0013,-0.0691,8534.8,2,87.0489,63.746,step
2026-09-01T13:13:09.623841+00:00,65.997,-0.0788,0.8,0.0,0.0028,-0.0645,8731.32,2,92.796,63.766,step
2026-09-01T13:13:09.624946+00:00,66.832,-0.0753,0.8,0.0,0.0068,-0.0599,8946.43,2,99.5248,63.786,step
2026-09-01T13:13:09.626060+00:00,67.678,-0.0716,0.8,0.0,0.0106,-0.0552,9184.49,2,107.513,63.806,step
2026-09-01T13:13:09.627218+00:00,68.536,-0.0677,0.8,0.0,0.0143,-0.0505,9451.48,2,117.185,63.826,step
2026-09-01T13:13:09.628342+00:00,69.404,-0.0636,0.8,0.0,0.0178,-0.0456,9719.78,2,125.779,63.846,step
2026-09-01T13:13:09.629489+00:00,70.279,-0.0594,0.8,0.0,0.0211,-0.0407,9969.63,2,132.405,63.866,step
2026-09-01T13:13:09.630652+00:00,71.161,-0.0549,0.8,0.0,0.0243,-0.0356,10204.4,2,138.145,63.886,step
2026-09-01T13:13:09.631829+00:00,72.046,-0.0502,0.8,0.0,0.0273,-0.0305,10426.7,2,143.352,63.906,step
2026-09-01T13:13:09.633017+00:00,72.935,-0.0453,0.8,0.0,0.0301,-0.0252,10638.7,2,148.191,63.926,step
2026-09-01T13:13:09.634198+00:00,73.826,-0.0403,0.8,0.0,0.0327,-0.02,10841.9,2,152.747,63.946,step
2026-09-01T13:13:09.635365+00:00,74.719,-0.0351,0.8,0.0,0.0351,-0.0147,11037.1,2,157.076,63.966,step
2026-09-01T13:13:09.636556+00:00,75.614,-0.0298,0.8,0.0,0.0373,-0.0093,11225.0,2,161.217,63.986,step
2026-09-01T13:13:09.637807+00:00,76.602,-0.0238,0.8,0.0,0.0395,-0.0034,11417.1,2,165.585,64.008,step
2026-09-01T13:13:09.639072+00:00,77.597,-0.0176,0.8,0.0,0.0413,0.0025,11592.2,2,169.772,64.03,step
2026-09-01T13:13:09.640369+00:00,78.594,-0.0114,0.8,0.0,0.0429,0.0084,11760.4,2,173.775,64.052,step
2026-09-01T13:13:09.641635+00:00,79.59,-0.005,0.8,0.0,0.0442,0.0142,11923.8,2,177.583,64.074,step
2026-09-01T13:13:09.642909+00:00,80.586,0.0013,0.8,0.0,0.0452,0.0199,12083.3,3,181.19,64.096,step
2026-09-01T13:13:09.644176+00:00,81.55,0.0075,0.8,0.0,0.0458,0.0253,9552.92,3,184.476,64.118,step
2026-09-01T13:13:09.645459+00:00,81.95,0.0112,0.8,0.0,0.0458,0.0284,9558.58,3,186.124,64.14,step
2026-09-01T13:13:09.646730+00:00,81.907,0.0122,0.8,0.0,0.0451,0.029,7496.93,3,185.944,64.162,step
2026-09-01T13:13:09.648015+00:00,82.326,0.0125,0.8,0.0,0.0439,0.0287,7925.8,3,185.233,64.184,step
2026-09-01T13:13:09.649294+00:00,82.986,0.0129,0.8,0.0,0.0424,0.0284,8014.85,3,184.517,64.206,step
2026-09-01T13:13:09.650593+00:00,83.676,0.0133,0.8,0.0,0.0407,0.028,8070.08,3,183.724,64.228,step
2026-09-01T13:13:09.651886+00:00,84.373,0.0136,0.8,0.0,0.0388,0.0275,8121.57,3,182.827,64.25,step
2026-09-01T13:13:09.653158+00:00,85.071,0.0138,0.8,0.0,0.0368,0.0268,8177.75,3,181.835,64.272,step
2026-09-01T13:13:09.654417+00:00,85.768,0.0139,0.8,0.0,0.0347,0.0261,8241.73,3,180.779,64.294,step
2026-09-01T13:13:09.655675+00:00,86.467,0.014,0.8,0.0,0.0327,0.0252,8312.62,3,179.691,64.316,step
2026-09-01T13:13:09.656945+00:00,87.171,0.014,0.8,0.0,0.0306,0.0244,8384.42,3,178.59,64.338,step
2026-09-01T13:13:09.658226+00:00,87.877,0.014,0.8,0.0,0.0285,0.0236,8463.06,3,177.478,64.36,step
2026-09-01T13:13:09.659488+00:00,88.588,0.014,0.8,0.0,0.0265,0.0227,8544.41,3,176.354,64.382,step
2026-09-01T13:13:09.660749+00:00,89.307,0.014,0.8,0.0,0.0245,0.0219,8623.89,3,175.214,64.404,step
2026-09-01T13:13:09.662019+00:00,90.035,0.0139,0.8,0.0,0.0225,0.021,8701.43,3,174.058,64.426,step
2026-09-01T13:13:09.663286+00:00,90.77,0.0138,0.8,0.0,0.0206,0.0201,8778.3,3,172.888,64.448,step
2026-09-01T13:13:09.664562+00:00,91.512,0.0136,0.8,0.0,0.0188,0.0192,8854.38,3,171.704,64.47,step
2026-09-01T13:13:09.665841+00:00,92.261,0.0134,0.8,0.0,0.017,0.0183,8930.27,3,170.507,64.492,step
2026-09-01T13:13:09.667126+00:00,93.017,0.0132,0.8,0.0,0.0153,0.0173,9006.62,3,169.314,64.514,step
2026-09-01T13:13:09.668405+00:00,93.778,0.0129,0.8,0.0,0.0136,0.0164,9084.15,3,168.128,64.536,step
2026-09-01T13:13:09.669663+00:00,94.544,0.0127,0.8,0.0,0.012,0.0156,9163.38,3,166.939,64.558,step
2026-09-01T13:13:09.670920+00:00,95.317,0.0123,0.15,0.0,0.0105,0.0147,9244.42,3,165.743,64.58,step
2026-09-01T13:13:09.672191+00:00,95.64,0.0121,0.15,0.0,0.009,0.0138,8768.09,3,164.592,64.602,step
2026-09-01T13:13:09.673470+00:00,95.646,0.0119,0.15,0.0,0.0077,0.0131,8770.15,3,163.519,64.624,step
2026-09-01T13:13:09.674753+00:00,95.655,0.0117,0.15,0.0,0.0064,0.0124,8772.29,3,162.443,64.646,step
2026-09-01T13:13:09.676034+00:00,95.664,0.0114,0.15,0.0,0.0052,0.0116,8773.59,3,161.354,64.668,step
2026-09-01T13:13:09.677305+00:00,95.673,0.0111,0.15,0.0,0.0041,0.0109,8774.37,3,160.275,64.69,step
2026-09-01T13:13:09.678571+00:00,95.682,0.0108,0.15,0.0,0.003,0.0102,8774.94,3,159.21,64.712,step
2026-09-01T13:13:09.679849+00:00,95.692,0.0104,0.15,0.0,0.002,0.0095,8775.5,3,158.152,64.734,step
2026-09-01T13:13:09.681150+00:00,95.701,0.0101,0.15,0.0,0.0011,0.0089,8776.16,3,157.116,64.756,step
2026-09-01T13:13:09.682451+00:00,95.71,0.0097,0.15,0.0,0.0003,0.0082,8776.89,3,156.1,64.778,step
2026-09-01T13:13:09.683799+00:00,95.719,0.0094,0.15,0.0,-0.0005,0.0076,8777.64,3,155.093,64.8,step
2026-09-01T13:13:09.685129+00:00,95.728,0.009,0.15,0.0,-0.0013,0.007,8778.44,3,154.109,64.822,step
2026-09-01T13:13:09.686449+00:00,95.737,0.0087,0.15,0.0,-0.0019,0.0064,8779.29,3,153.144,64.844,step
2026-09-01T13:13:09.687768+00:00,95.746,0.0083,0.15,0.0,-0.0025,0.0059,8780.17,3,152.185,64.866,step
2026-09-01T13:13:09.689018+00:00,95.755,0.008,0.15,0.0,-0.0031,0.0054,8780.83,3,151.245,64.888,step
2026-09-01T13:13:09.690291+00:00,95.764,0.0076,0.15,0.0,-0.0036,0.0048,8781.69,3,150.323,64.91,step
2026-09-01T13:13:09.691539+00:00,95.773,0.0073,0.15,0.0,-0.0041,0.0044,8782.61,3,149.408,64.932,step
2026-09-01T13:13:09.692781+00:00,95.782,0.0069,0.15,0.0,-0.0044,0.0039,8783.48,3,148.513,64.954,step
2026-09-01T13:13:09.694053+00:00,95.791,0.0065,0.15,0.0,-0.0048,0.0034,8784.31,3,147.633,64.976,step
2026-09-01T13:13:09.695344+00:00,95.8,0.0062,0.15,0.0,-0.0051,0.003,8785.13,3,146.76,64.998,step
2026-09-01T13:13:09.696604+00:00,95.809,0.0058,0.15,0.0,-0.0054,0.0026,8785.93,3,145.906,65.02,step
2026-09-01T13:13:09.697890+00:00,95.818,0.0055,0.15,0.0,-0.0057,0.0022,8786.74,3,145.068,65.042,step
2026-09-01T13:13:09.699177+00:00,95.827,0.0052,0.15,0.0,-0.0059,0.0018,8787.54,3,144.233,65.064,step
2026-09-01T13:13:09.700444+00:00,95.836,0.0048,0.15,0.0,-0.006,0.0015,8788.34,3,143.419,65.086,step
2026-09-01T13:13:09.701695+00:00,95.844,0.0045,0.15,0.0,-0.0062,0.0012,8789.14,3,142.624,65.108,step
2026-09-01T13:13:09.702962+00:00,95.853,0.0042,0.15,0.0,-0.0063,0.0009,8789.94,3,141.853,65.13,step
2026-09-01T13:13:09.704231+00:00,95.862,0.0039,0.15,0.0,-0.0064,0.0006,8790.64,3,141.103,65.152,step
2026-09-01T13:13:09.705512+00:00,95.871,0.0037,0.15,0.0,-0.0064,0.0004,8791.43,3,140.362,65.174,step
2026-09-01T13:13:09.706770+00:00,95.88,0.0034,0.15,0.0,-0.0065,0.0002,8792.26,3,139.623,65.196,step
2026-09-01T13:13:09.708010+00:00,95.888,0.0032,0.15,0.0,-0.0065,-0.0001,8793.11,3,138.903,65.218,step
2026-09-01T13:13:09.709253+00:00,95.897,0.003,0.15,0.0,-0.0065,-0.0002,8793.94,3,138.197,65.24,step
2026-09-01T13:13:09.710505+00:00,95.906,0.0027,0.15,0.0,-0.0065,-0.0004,8794.74,3,137.494,65.262,step
2026-09-01T13:13:09.711753+00:00,95.914,0.0025,0.15,0.0,-0.0065,-0.0006,8795.54,3,136.793,65.284,step
2026-09-01T13:13:09.713019+00:00,95.923,0.0023,0.15,0.0,-0.0064,-0.0008,8796.33,3,136.091,65.306,step
2026-09-01T13:13:09.714272+00:00,95.932,0.002,0.15,0.0,-0.0063,-0.001,8797.11,3,135.404,65.328,step
2026-09-01T13:13:09.715526+00:00,95.94,0.0018,0.15,0.0,-0.0062,-0.0011,8797.89,3,134.734,65.35,step
2026-09-01T13:13:09.716784+00:00,95.949,0.0016,0.15,0.0,-0.0061,-0.0012,8798.67,3,134.068,65.372,step
2026-09-01T13:13:09.718073+00:00,95.957,0.0013,0.15,0.0,-0.0059,-0.0013,8799.45,3,133.405,65.394,step
2026-09-01T13:13:09.719348+00:00,95.966,0.0012,0.15,0.0,-0.0057,-0.0014,8800.2,3,132.758,65.416,step
2026-09-01T13:13:09.720610+00:00,95.975,0.001,0.15,0.0,-0.0056,-0.0015,8800.95,3,132.124,65.438,step
2026-09-01T13:13:09.721863+00:00,95.983,0.0008,0.15,0.0,-0.0054,-0.0016,8801.74,3,131.493,65.46,step
2026-09-01T13:13:09.723093+00:00,95.992,0.0006,0.15,0.0,-0.0052,-0.0017,8802.54,3,130.863,65.482,step
2026-09-01T13:13:09.724348+00:00,96.0,0.0004,0.15,0.0,-0.005,-0.0017,8803.33,3,130.234,65.504,step
2026-09-01T13:13:09.725601+00:00,96.008,0.0003,0.15,0.0,-0.0049,-0.0018,8804.1,3,129.621,65.526,step
2026-09-01T13:13:09.726852+00:00,96.017,0.0002,0.15,0.0,-0.0047,-0.0018,8804.88,3,129.026,65.548,step
2026-09-01T13:13:09.728108+00:00,96.025,0.0002,0.15,0.0,-0.0046,-0.0018,8805.65,3,128.437,65.57,step
2026-09-01T13:13:09.729383+00:00,96.034,0.0001,0.15,0.0,-0.0045,-0.0018,8806.42,3,127.85,65.592,step
2026-09-01T13:13:09.730633+00:00,96.042,0.0,0.15,0.0,-0.0043,-0.0018,8807.18,3,127.264,65.614,step
2026-09-01T13:13:09.731889+00:00,96.051,-0.0001,0.15,0.0,-0.0042,-0.0018,8807.95,3,126.676,65.636,step
2026-09-01T13:13:09.733147+00:00,96.059,-0.0002,0.15,0.0,-0.004,-0.0018,8808.71,3,126.09,65.658,step
2026-09-01T13:13:09.734417+00:00,96.067,-0.0002,0.15,0.0,-0.0038,-0.0018,8809.47,3,125.503,65.68,step
2026-09-01T13:13:09.735659+00:00,96.076,-0.0003,0.15,0.0,-0.0036,-0.0018,8810.26,3,124.915,65.702,step
2026-09-01T13:13:09.736914+00:00,96.084,-0.0004,0.15,0.0,-0.0035,-0.0018,8811.01,3,124.328,65.724,step
2026-09-01T13:13:09.738145+00:00,96.092,-0.0005,0.15,0.0,-0.0033,-0.0018,8811.76,3,123.741,65.746,step
2026-09-01T13:13:09.739407+00:00,96.101,-0.0006,0.15,0.0,-0.0031,-0.0018,8812.51,3,123.169,65.768,step
2026-09-01T13:13:09.740692+00:00,96.109,-0.0006,0.15,0.0,-0.0029,-0.0017,8813.26,3,122.612,65.79,step
2026-09-01T13:13:09.741938+00:00,96.117,-0.0006,0.15,0.0,-0.0028,-0.0016,8814.01,3,122.06,65.812,step
2026-09-01T13:13:09.743199+00:00,96.125,-0.0006,0.15,0.0,-0.0026,-0.0016,8814.76,3,121.51,65.834,step
2026-09-01T13:13:09.744460+00:00,96.134,-0.0006,0.15,0.0,-0.0024,-0.0015,8815.51,3,120.961,65.856,step
2026-09-01T13:13:09.745731+00:00,96.142,-0.0006,0.15,0.0,-0.0023,-0.0014,8816.26,3,120.413,65.878,step
2026-09-01T13:13:09.747003+00:00,96.15,-0.0005,0.0,0.15,-0.0022,-0.0014,8817.02,3,119.865,65.9,step
2026-09-01T13:13:09.748265+00:00,95.715,-0.0005,0.0,0.15,-0.0021,-0.0013,8629.72,3,119.328,65.922,step
2026-09-01T13:13:09.749525+00:00,95.079,-0.0004,0.0,0.15,-0.002,-0.0012,8568.5,3,118.804,65.944,step
2026-09-01T13:13:09.750777+00:00,94.444,-0.0004,0.0,0.15,-0.0019,-0.0011,8508.92,3,118.278,65.966,step
2026-09-01T13:13:09.752020+00:00,93.812,-0.0003,0.0,0.15,-0.0017,-0.001,8451.91,3,117.755,65.988,step
2026-09-01T13:13:09.753263+00:00,93.183,-0.0003,0.0,0.15,-0.0016,-0.0009,8396.23,3,117.233,66.01,step
2026-09-01T13:13:09.754507+00:00,92.557,-0.0002,0.0,0.15,-0.0015,-0.0008,8341.09,3,116.713,66.032,step
2026-09-01T13:13:09.755727+00:00,91.934,-0.0001,0.15,0.0,-0.0014,-0.0007,8286.09,3,116.196,66.054,step
2026-09-01T13:13:09.756967+00:00,91.758,-0.0001,0.15,0.0,-0.0014,-0.0007,8419.04,3,115.666,66.076,step
2026-09-01T13:13:09.758209+00:00,91.776,-0.0001,0.15,0.0,-0.0013,-0.0006,8418.79,3,115.116,66.098,step
2026-09-01T13:13:09.759440+00:00,91.794,-0.0001,0.15,0.0,-0.0012,-0.0006,8418.94,3,114.559,66.12,step
2026-09-01T13:13:09.760705+00:00,91.811,-0.0002,0.15,0.0,-0.0012,-0.0006,8419.83,3,113.999,66.142,step
2026-09-01T13:13:09.761963+00:00,91.828,-0.0002,0.15,0.0,-0.0011,-0.0006,8421.35,3,113.437,66.164,step
2026-09-01T13:13:09.763232+00:00,91.845,-0.0002,0.15,0.0,-0.0011,-0.0006,8423.32,3,112.875,66.186,step
2026-09-01T13:13:09.764504+00:00,91.862,-0.0003,0.15,0.0,-0.0009,-0.0006,8425.55,3,112.312,66.208,step
2026-09-01T13:13:09.765745+00:00,91.879,-0.0003,0.15,0.0,-0.0009,-0.0006,8427.44,3,111.75,66.23,step
2026-09-01T13:13:09.766976+00:00,91.895,-0.0004,0.15,0.0,-0.0008,-0.0006,8429.28,3,111.188,66.252,step
2026-09-01T13:13:09.768197+00:00,91.912,-0.0004,0.15,0.0,-0.0008,-0.0006,8430.67,3,110.627,66.274,step
2026-09-01T13:13:09.769413+00:00,91.929,-0.0004,0.15,0.0,-0.0008,-0.0006,8432.03,3,110.066,66.296,step
2026-09-01T13:13:09.770634+00:00,91.946,-0.0004,0.15,0.0,-0.0007,-0.0006,8433.45,3,109.504,66.318,step
2026-09-01T13:13:09.771862+00:00,91.963,-0.0005,0.15,0.0,-0.0006,-0.0006,8434.88,3,108.942,66.34,step
2026-09-01T13:13:09.773089+00:00,91.979,-0.0005,0.15,0.0,-0.0005,-0.0006,8436.34,3,108.379,66.362,step
2026-09-01T13:13:09.774317+00:00,91.996,-0.0005,0.15,0.0,-0.0005,-0.0006,8437.82,3,107.817,66.384,step
2026-09-01T13:13:09.775559+00:00,92.012,-0.0005,0.0,0.15,-0.0004,-0.0006,8439.35,3,107.267,66.406,step
2026-09-01T13:13:09.776799+00:00,91.588,-0.0005,0.15,0.0,-0.0003,-0.0006,8260.83,3,106.722,66.428,step
2026-09-01T13:13:09.778050+00:00,91.408,-0.0005,0.15,0.0,-0.0003,-0.0006,8386.53,3,106.177,66.45,step
2026-09-01T13:13:09.779291+00:00,91.427,-0.0005,0.15,0.0,-0.0002,-0.0005,8386.99,3,105.644,66.472,step
2026-09-01T13:13:09.780528+00:00,91.445,-0.0004,0.15,0.0,-0.0002,-0.0005,8388.09,3,105.104,66.494,step
2026-09-01T13:13:09.781759+00:00,91.463,-0.0004,0.15,0.0,-0.0002,-0.0004,8389.27,3,104.552,66.516,step
2026-09-01T13:13:09.782989+00:00,91.481,-0.0005,0.15,0.0,-0.0001,-0.0004,8391.18,3,103.995,66.538,step
2026-09-01T13:13:09.784218+00:00,91.499,-0.0005,0.15,0.0,-0.0001,-0.0004,8392.65,3,103.437,66.56,step
2026-09-01T13:13:09.785441+00:00,91.517,-0.0005,0.15,0.0,-0.0001,-0.0004,8394.17,3,102.879,66.582,step
2026-09-01T13:13:09.786658+00:00,91.535,-0.0005,0.15,0.0,-0.0,-0.0004,8395.73,3,102.319,66.604,step
2026-09-01T13:13:09.787875+00:00,91.552,-0.0005,0.15,0.0,0.0001,-0.0004,8397.35,3,101.77,66.626,step
2026-09-01T13:13:09.789074+00:00,91.57,-0.0005,0.15,0.0,0.0001,-0.0004,8398.99,3,101.234,66.648,step
2026-09-01T13:13:09.790302+00:00,91.588,-0.0005,0.15,0.0,0.0001,-0.0003,8400.64,3,100.691,66.67,step
2026-09-01T13:13:09.791529+00:00,91.606,-0.0004,0.15,0.0,0.0001,-0.0003,8402.3,3,100.138,66.692,step
2026-09-01T13:13:09.792758+00:00,91.624,-0.0004,0.15,0.0,0.0001,-0.0003,8403.98,3,99.5813,66.714,step
2026-09-01T13:13:09.793991+00:00,91.641,-0.0005,0.15,0.0,0.0002,-0.0003,8405.64,3,99.0214,66.736,step
2026-09-01T13:13:09.795217+00:00,91.659,-0.0005,0.15,0.0,0.0002,-0.0003,8407.27,3,98.4613,66.758,step
2026-09-01T13:13:09.796433+00:00,91.677,-0.0005,0.15,0.0,0.0003,-0.0003,8408.88,3,97.9006,66.78,step
2026-09-01T13:13:09.797672+00:00,91.695,-0.0005,0.15,0.0,0.0003,-0.0003,8411.13,3,97.3513,66.802,step
2026-09-01T13:13:09.798885+00:00,91.713,-0.0004,0.15,0.0,0.0003,-0.0002,8412.88,3,96.8146,66.824,step
2026-09-01T13:13:09.800086+00:00,91.731,-0.0004,0.15,0.0,0.0003,-0.0002,8414.15,3,96.2709,66.846,step
2026-09-01T13:13:09.801274+00:00,91.749,-0.0004,0.15,0.0,0.0003,-0.0002,8415.58,3,95.7161,66.868,step
2026-09-01T13:13:09.802459+00:00,91.767,-0.0004,0.15,0.0,0.0003,-0.0002,8417.02,3,95.1571,66.89,step
2026-09-01T13:13:09.803638+00:00,91.785,-0.0004,0.15,0.0,0.0004,-0.0002,8418.52,3,94.5969,66.912,step
2026-09-01T13:13:09.804815+00:00,91.802,-0.0004,0.15,0.0,0.0004,-0.0002,8420.09,3,94.0367,66.934,step
2026-09-01T13:13:09.806009+00:00,91.82,-0.0004,0.15,0.0,0.0004,-0.0002,8421.71,3,93.4751,66.956,step
2026-09-01T13:13:09.807247+00:00,91.838,-0.0005,0.15,0.0,0.0005,-0.0002,8423.4,3,92.9126,66.978,step
2026-09-01T13:13:09.808477+00:00,91.856,-0.0004,0.15,0.0,0.0005,-0.0002,8425.11,3,92.3518,67.0,step
2026-09-01T13:13:09.809717+00:00,91.873,-0.0004,0.15,0.0,0.0005,-0.0002,8426.79,3,91.791,67.022,step
2026-09-01T13:13:09.810950+00:00,91.891,-0.0004,0.15,0.0,0.0004,-0.0002,8428.43,3,91.2302,67.044,step
2026-09-01T13:13:09.812256+00:00,91.909,-0.0004,0.15,0.0,0.0005,-0.0002,8430.03,3,90.6681,67.066,step
2026-09-01T13:13:09.813530+00:00,91.926,-0.0005,0.15,0.0,0.0005,-0.0002,8432.23,3,90.1058,67.088,step
2026-09-01T13:13:09.814743+00:00,91.944,-0.0005,0.15,0.0,0.0005,-0.0002,8433.63,3,89.5438,67.11,step
2026-09-01T13:13:09.815963+00:00,91.962,-0.0005,0.15,0.0,0.0006,-0.0002,8435.06,3,88.9816,67.132,step
2026-09-01T13:13:09.817217+00:00,91.98,-0.0005,0.15,0.0,0.0006,-0.0002,8436.55,3,88.4194,67.154,step
2026-09-01T13:13:09.818440+00:00,91.998,-0.0005,0.15,0.0,0.0006,-0.0002,8438.04,3,87.8679,67.176,step
2026-09-01T13:13:09.819657+00:00,92.015,-0.0005,0.0,0.15,0.0006,-0.0001,8439.58,3,87.3162,67.198,step
2026-09-01T13:13:09.820897+00:00,91.59,-0.0005,0.15,0.0,0.0006,-0.0001,8261.29,3,86.7516,67.22,step
2026-09-01T13:13:09.822120+00:00,91.413,-0.0005,0.15,0.0,0.0006,-0.0002,8386.72,3,86.1834,67.242,step
2026-09-01T13:13:09.823382+00:00,91.432,-0.0005,0.15,0.0,0.0006,-0.0002,8387.34,3,85.6229,67.264,step
2026-09-01T13:13:09.824641+00:00,91.451,-0.0005,0.15,0.0,0.0006,-0.0002,8388.54,3,85.0635,67.286,step
2026-09-01T13:13:09.825873+00:00,91.47,-0.0005,0.15,0.0,0.0006,-0.0002,8389.84,3,84.5049,67.308,step
2026-09-01T13:13:09.827116+00:00,91.488,-0.0005,0.15,0.0,0.0006,-0.0002,8391.29,3,83.9456,67.33,step
2026-09-01T13:13:09.828347+00:00,91.507,-0.0005,0.15,0.0,0.0006,-0.0001,8392.91,3,83.3957,67.352,step
2026-09-01T13:13:09.829583+00:00,91.526,-0.0005,0.15,0.0,0.0007,-0.0001,8394.85,3,82.8455,67.374,step
2026-09-01T13:13:09.830806+00:00,91.544,-0.0005,0.15,0.0,0.0007,-0.0001,8396.69,3,82.2894,67.396,step
2026-09-01T13:13:09.832018+00:00,91.563,-0.0005,0.15,0.0,0.0007,-0.0001,8398.44,3,81.7324,67.418,step
2026-09-01T13:13:09.833230+00:00,91.581,-0.0005,0.15,0.0,0.0007,-0.0001,8400.14,3,81.1729,67.44,step
2026-09-01T13:13:09.834429+00:00,91.6,-0.0005,0.15,0.0,0.0007,-0.0001,8401.8,3,80.6134,67.462,step
2026-09-01T13:13:09.835648+00:00,91.618,-0.0005,0.15,0.0,0.0007,-0.0001,8403.46,3,80.0535,67.484,step
2026-09-01T13:13:09.836861+00:00,91.637,-0.0005,0.15,0.0,0.0007,-0.0001,8405.12,3,79.494,67.506,step
2026-09-01T13:13:09.838088+00:00,91.655,-0.0005,0.15,0.0,0.0007,-0.0001,8406.78,3,78.934,67.528,step
2026-09-01T13:13:09.839312+00:00,91.673,-0.0005,0.15,0.0,0.0008,-0.0001,8408.42,3,78.3727,67.55,step
2026-09-01T13:13:09.840545+00:00,91.691,-0.0005,0.15,0.0,0.0008,-0.0001,8410.07,3,77.8212,67.572,step
2026-09-01T13:13:09.841799+00:00,91.71,-0.0004,0.15,0.0,0.0008,-0.0001,8411.72,3,77.2706,67.594,step
2026-09-01T13:13:09.842999+00:00,91.728,-0.0004,0.15,0.0,0.0007,-0.0,8413.39,3,76.7144,67.616,step
2026-09-01T13:13:09.844189+00:00,91.746,-0.0004,0.15,0.0,0.0007,-0.0,8415.06,3,76.1555,67.638,step
2026-09-01T13:13:09.845381+00:00,91.764,-0.0004,0.15,0.0,0.0007,-0.0,8416.58,3,75.5945,67.66,step
2026-09-01T13:13:09.846580+00:00,91.782,-0.0004,0.15,0.0,0.0008,-0.0,8418.25,3,75.0333,67.682,step
2026-09-01T13:13:09.847776+00:00,91.8,-0.0004,0.15,0.0,0.0008,-0.0,8419.96,3,74.4723,67.704,step
2026-09-01T13:13:09.848977+00:00,91.818,-0.0004,0.15,0.0,0.0008,-0.0,8421.65,3,73.911,67.726,step
2026-09-01T13:13:09.850189+00:00,91.836,-0.0005,0.15,0.0,0.0008,-0.0,8423.3,3,73.3497,67.748,step
2026-09-01T13:13:09.851373+00:00,91.854,-0.0004,0.15,0.0,0.0008,-0.0,8424.94,3,72.7887,67.77,step
2026-09-01T13:13:09.852590+00:00,91.871,-0.0004,0.15,0.0,0.0008,-0.0,8426.57,3,72.2275,67.792,step
2026-09-01T13:13:09.853820+00:00,91.889,-0.0004,0.15,0.0,0.0008,-0.0,8428.18,3,71.6664,67.814,step
2026-09-01T13:13:09.855041+00:00,91.907,-0.0004,0.15,0.0,0.0008,-0.0,8429.77,3,71.1049,67.836,step
2026-09-01T13:13:09.856264+00:00,91.924,-0.0004,0.15,0.0,0.0008,-0.0,8431.35,3,70.543,67.858,step
2026-09-01T13:13:09.857473+00:00,91.942,-0.0005,0.15,0.0,0.0008,-0.0,8432.95,3,69.9806,67.88,step
2026-09-01T13:13:09.858723+00:00,91.959,-0.0005,0.15,0.0,0.0008,-0.0,8434.55,3,69.418,67.902,step
2026-09-01T13:13:09.859918+00:00,91.977,-0.0005,0.15,0.0,0.0009,-0.0,8435.9,3,68.856,67.924,step
2026-09-01T13:13:09.861124+00:00,91.994,-0.0005,0.15,0.0,0.0008,-0.0,8437.32,3,68.2948,67.946,step
2026-09-01T13:13:09.862324+00:00,92.012,-0.0005,0.0,0.15,0.0008,-0.0,8439.0,3,67.7327,67.968,step
2026-09-01T13:13:09.863503+00:00,91.586,-0.0005,0.15,0.0,0.0008,-0.0001,8260.9,3,67.1664,67.99,step
2026-09-01T13:13:09.864684+00:00,91.409,-0.0005,0.15,0.0,0.0008,-0.0001,8386.44,3,66.5989,68.012,step
2026-09-01T13:13:09.865860+00:00,91.427,-0.0005,0.15,0.0,0.0008,-0.0001,8387.0,3,66.046,68.034,step
2026-09-01T13:13:09.867040+00:00,91.446,-0.0004,0.15,0.0,0.0008,-0.0,8388.17,3,65.4944,68.056,step
2026-09-01T13:13:09.868214+00:00,91.465,-0.0004,0.15,0.0,0.0008,-0.0,8389.43,3,64.9389,68.078,step
2026-09-01T13:13:09.869408+00:00,91.483,-0.0004,0.15,0.0,0.0008,-0.0,8390.82,3,64.381,68.1,step
2026-09-01T13:13:09.870602+00:00,91.501,-0.0004,0.15,0.0,0.0008,-0.0,8392.34,3,63.822,68.122,step
2026-09-01T13:13:09.871789+00:00,91.519,-0.0005,0.15,0.0,0.0008,-0.0,8394.0,3,63.2618,68.144,step
2026-09-01T13:13:09.872948+00:00,91.537,-0.0005,0.15,0.0,0.0009,-0.0,8395.78,3,62.7019,68.166,step
2026-09-01T13:13:09.874127+00:00,91.555,-0.0005,0.15,0.0,0.0008,-0.0,8397.58,3,62.1432,68.188,step
2026-09-01T13:13:09.875309+00:00,91.573,-0.0004,0.15,0.0,0.0008,-0.0,8398.59,3,61.5845,68.21,step
2026-09-01T13:13:09.876495+00:00,91.59,-0.0004,0.15,0.0,0.0008,-0.0,8400.23,3,61.0249,68.232,step
2026-09-01T13:13:09.877684+00:00,91.608,-0.0004,0.15,0.0,0.0008,-0.0,8402.11,3,60.4649,68.254,step
2026-09-01T13:13:09.878876+00:00,91.625,-0.0004,0.15,0.0,0.0008,-0.0,8403.99,3,59.9049,68.276,step
2026-09-01T13:13:09.880075+00:00,91.643,-0.0004,0.0,0.15,0.0008,-0.0,8405.73,3,59.3448,68.298,step
2026-09-01T13:13:09.881259+00:00,91.218,-0.0005,0.0,0.15,0.0008,-0.0,8227.46,3,58.7809,68.32,step
2026-09-01T13:13:09.882459+00:00,90.599,-0.0005,0.0,0.15,0.0008,-0.0001,8168.13,3,58.2119,68.342,step
2026-09-01T13:13:09.883733+00:00,89.982,-0.0006,0.0,0.15,0.0008,-0.0001,8110.69,3,57.6495,68.364,step
2026-09-01T13:13:09.885002+00:00,89.365,-0.0006,0.0,0.15,0.0008,-0.0002,8055.15,3,57.0975,68.386,step
2026-09-01T13:13:09.886283+00:00,88.754,-0.0006,0.0,0.15,0.0008,-0.0002,8000.98,3,56.5515,68.408,step
2026-09-01T13:13:09.887543+00:00,88.146,-0.0008,0.0,0.15,0.0008,-0.0003,7947.28,3,56.0099,68.43,step
2026-09-01T13:13:09.888838+00:00,87.541,-0.0033,0.0,0.15,0.0009,-0.0024,7893.64,3,55.4733,68.452,step
2026-09-01T13:13:09.890139+00:00,86.937,-0.0059,0.0,0.15,0.0012,-0.0044,7839.94,3,54.9535,68.474,step
2026-09-01T13:13:09.891453+00:00,86.335,-0.0083,0.0,0.15,0.0017,-0.0063,7788.07,3,54.4689,68.496,step
2026-09-01T13:13:09.892754+00:00,85.736,-0.0107,0.0,0.15,0.0023,-0.008,7734.5,3,54.0241,68.518,step
2026-09-01T13:13:09.894072+00:00,85.138,-0.0129,0.0,0.15,0.003,-0.0095,7680.1,3,53.6213,68.54,step
2026-09-01T13:13:09.895355+00:00,84.543,-0.0149,0.0,0.15,0.0038,-0.0108,7625.89,3,53.2694,68.562,step
2026-09-01T13:13:09.896645+00:00,83.95,-0.0167,0.0,0.15,0.0048,-0.012,7572.22,3,52.963,68.584,step
2026-09-01T13:13:09.897956+00:00,83.358,-0.0184,0.0,0.15,0.0058,-0.013,7519.0,3,52.6933,68.606,step
2026-09-01T13:13:09.899263+00:00,82.768,-0.02,0.0,0.15,0.0069,-0.0138,7466.15,3,52.4508,68.628,step
2026-09-01T13:13:09.900545+00:00,82.18,-0.0215,0.0,0.15,0.0081,-0.0146,7413.56,3,52.234,68.65,step
2026-09-01T13:13:09.901853+00:00,81.594,-0.0229,0.0,0.15,0.0093,-0.0152,7361.15,3,52.0454,68.672,step
2026-09-01T13:13:09.903168+00:00,81.009,-0.0242,0.0,0.15,0.0106,-0.0158,7308.88,3,51.8811,68.694,step
2026-09-01T13:13:09.904504+00:00,80.425,-0.0254,0.0,0.15,0.0119,-0.0162,7256.68,3,51.7354,68.716,step
2026-09-01T13:13:09.905846+00:00,79.845,-0.0265,0.0,0.15,0.0132,-0.0166,7204.75,2,51.6057,68.738,step
2026-09-01T13:13:09.907196+00:00,79.288,-0.0276,0.0,0.15,0.0146,-0.0169,9054.57,2,51.4943,68.76,step
2026-09-01T13:13:09.908498+00:00,78.746,-0.0285,0.8,0.0,0.0159,-0.0172,9030.93,2,51.3972,68.782,step
2026-09-01T13:13:09.909806+00:00,78.569,-0.0294,0.8,0.0,0.0172,-0.0173,9061.33,2,51.315,68.804,step
2026-09-01T13:13:09.911125+00:00,79.115,-0.0303,0.0,0.15,0.0186,-0.0175,10073.3,2,51.2472,68.826,step
2026-09-01T13:13:09.912432+00:00,79.124,-0.0311,0.0,0.15,0.02,-0.0175,8978.69,2,51.1915,68.848,step
2026-09-01T13:13:09.913754+00:00,78.474,-0.0319,0.8,0.0,0.0214,-0.0177,8901.53,2,51.119,68.87,step
2026-09-01T13:13:09.915035+00:00,78.84,-0.0327,0.0,0.15,0.0228,-0.0177,10015.2,2,51.0649,68.892,step
2026-09-01T13:13:09.916307+00:00,78.836,-0.0333,0.0,0.15,0.0242,-0.0177,8941.8,2,51.0401,68.914,step
2026-09-01T13:13:09.917622+00:00,78.185,-0.034,0.8,0.0,0.0256,-0.0176,8858.89,2,51.0108,68.936,step
2026-09-01T13:13:09.918943+00:00,78.53,-0.0345,0.0,0.15,0.027,-0.0175,10019.5,2,51.0089,68.958,step
2026-09-01T13:13:09.920253+00:00,78.543,-0.0349,0.0,0.15,0.0284,-0.0172,8907.96,2,51.0313,68.98,step
2026-09-01T13:13:09.921553+00:00,77.895,-0.0353,0.8,0.0,0.0298,-0.017,8827.39,2,51.038,69.002,step
2026-09-01T13:13:09.922845+00:00,78.246,-0.0357,0.8,0.0,0.0311,-0.0168,9977.04,2,51.0634,69.024,step
2026-09-01T13:13:09.924172+00:00,79.088,-0.0357,0.0,0.15,0.0325,-0.0162,10449.3,2,51.1562,69.046,step
2026-09-01T13:13:09.925526+00:00,79.298,-0.0357,0.0,0.15,0.0338,-0.0156,8999.58,2,51.2556,69.068,step
2026-09-01T13:13:09.926874+00:00,78.642,-0.0361,0.8,0.0,0.0351,-0.0154,8918.99,2,51.2726,69.09,step
2026-09-01T13:13:09.928222+00:00,78.997,-0.0364,0.0,0.15,0.0364,-0.0152,10044.5,2,51.2935,69.112,step
2026-09-01T13:13:09.929520+00:00,78.997,-0.0366,0.0,0.15,0.0376,-0.0149,8958.62,2,51.3393,69.134,step
2026-09-01T13:13:09.930846+00:00,78.345,-0.0369,0.8,0.0,0.0388,-0.0146,8875.28,2,51.3716,69.156,step
2026-09-01T13:13:09.932193+00:00,78.686,-0.037,0.8,0.0,0.04,-0.0142,10040.7,2,51.4322,69.178,step
2026-09-01T13:13:09.933478+00:00,79.53,-0.0368,0.0,0.15,0.0412,-0.0135,10506.1,2,51.5644,69.2,step
2026-09-01T13:13:09.934782+00:00,79.741,-0.0366,0.0,0.15,0.0423,-0.0128,9049.29,2,51.6976,69.222,step
2026-09-01T13:13:09.936075+00:00,79.082,-0.0368,0.8,0.0,0.0434,-0.0125,8967.78,2,51.7379,69.244,step
2026-09-01T13:13:09.937353+00:00,79.435,-0.0369,0.8,0.0,0.0445,-0.0122,10097.0,2,51.782,69.266,step
2026-09-01T13:13:09.938623+00:00,80.285,-0.0367,0.0,0.15,0.0455,-0.0116,10550.9,3,51.9025,69.288,step
2026-09-01T13:13:09.939922+00:00,80.543,-0.0365,0.0,0.15,0.0466,-0.011,8090.56,3,52.0241,69.31,step
2026-09-01T13:13:09.941256+00:00,79.987,-0.0368,0.15,0.0,0.0475,-0.0108,8074.88,2,52.0342,69.332,step
2026-09-01T13:13:09.942551+00:00,79.786,-0.0371,0.15,0.0,0.0485,-0.0107,9212.44,2,52.0478,69.354,step
2026-09-01T13:13:09.943864+00:00,79.724,-0.0371,0.15,0.0,0.0493,-0.0104,9219.9,2,52.0922,69.376,step
2026-09-01T13:13:09.945185+00:00,79.665,-0.0372,0.15,0.0,0.0501,-0.0101,9183.98,2,52.1482,69.398,step
2026-09-01T13:13:09.946534+00:00,79.675,-0.0373,0.15,0.0,0.0509,-0.0099,9226.69,2,52.182,69.42,step
2026-09-01T13:13:09.947891+00:00,79.722,-0.0376,0.15,0.0,0.0517,-0.0098,9231.24,2,52.1831,69.442,step
2026-09-01T13:13:09.949236+00:00,79.768,-0.0378,0.15,0.0,0.0524,-0.0097,9235.87,2,52.1767,69.464,step
2026-09-01T13:13:09.950545+00:00,79.814,-0.0381,0.15,0.0,0.0531,-0.0097,9240.78,2,52.1684,69.486,step
2026-09-01T13:13:09.951857+00:00,79.86,-0.0384,0.15,0.0,0.0537,-0.0096,9245.95,2,52.1577,69.508,step
2026-09-01T13:13:09.953156+00:00,79.905,-0.0387,0.15,0.0,0.0544,-0.0096,9251.26,2,52.1452,69.53,step
2026-09-01T13:13:09.954448+00:00,79.951,-0.039,0.15,0.0,0.0551,-0.0096,9256.5,2,52.1378,69.552,step
2026-09-01T13:13:09.955741+00:00,79.996,-0.0393,0.15,0.0,0.0557,-0.0095,9262.07,2,52.1365,69.574,step
2026-09-01T13:13:09.957035+00:00,80.041,-0.0395,0.15,0.0,0.0564,-0.0094,9267.47,3,52.1386,69.596,step
2026-09-01T13:13:09.958319+00:00,80.014,-0.0396,0.15,0.0,0.057,-0.0092,7358.67,3,52.1608,69.618,step
2026-09-01T13:13:09.959582+00:00,79.95,-0.0395,0.15,0.0,0.0576,-0.0089,7372.84,2,52.2261,69.64,step
2026-09-01T13:13:09.960862+00:00,79.898,-0.0393,0.15,0.0,0.0583,-0.0085,9222.34,2,52.3126,69.662,step
2026-09-01T13:13:09.962149+00:00,79.835,-0.0391,0.15,0.0,0.0588,-0.0081,9229.75,2,52.4025,69.684,step
2026-09-01T13:13:09.963438+00:00,79.776,-0.0389,0.15,0.0,0.0594,-0.0076,9196.47,2,52.4905,69.706,step
2026-09-01T13:13:09.964752+00:00,79.786,-0.0388,0.15,0.0,0.0599,-0.0073,9238.89,2,52.5516,69.728,step
2026-09-01T13:13:09.966086+00:00,79.832,-0.0388,0.15,0.0,0.0604,-0.0072,9243.7,2,52.5789,69.75,step
2026-09-01T13:13:09.967429+00:00,79.878,-0.0389,0.15,0.0,0.0609,-0.0071,9248.55,2,52.595,69.772,step
2026-09-01T13:13:09.968772+00:00,79.923,-0.039,0.15,0.0,0.0614,-0.007,9253.56,2,52.6061,69.794,step
2026-09-01T13:13:09.970072+00:00,79.969,-0.0392,0.15,0.0,0.0618,-0.0069,9258.73,2,52.6157,69.816,step
2026-09-01T13:13:09.971420+00:00,80.014,-0.0393,0.15,0.0,0.0623,-0.0068,9264.02,3,52.624,69.838,step
2026-09-01T13:13:09.972730+00:00,79.986,-0.0393,0.15,0.0,0.0627,-0.0066,7355.94,2,52.6506,69.86,step
2026-09-01T13:13:09.974059+00:00,79.923,-0.0392,0.15,0.0,0.0631,-0.0063,7370.12,2,52.7145,69.882,step
2026-09-01T13:13:09.975364+00:00,79.871,-0.0389,0.15,0.0,0.0635,-0.006,9219.22,2,52.795,69.904,step
2026-09-01T13:13:09.976656+00:00,79.808,-0.0386,0.15,0.0,0.0639,-0.0056,9226.65,2,52.8826,69.926,step
2026-09-01T13:13:09.977935+00:00,79.749,-0.0383,0.15,0.0,0.0643,-0.0052,9193.39,2,52.9752,69.948,step
2026-09-01T13:13:09.979228+00:00,79.759,-0.0382,0.15,0.0,0.0646,-0.0049,9235.81,2,53.0359,69.97,step
2026-09-01T13:13:09.980498+00:00,79.805,-0.0382,0.15,0.0,0.0649,-0.0048,9240.63,2,53.058,69.992,step
2026-09-01T13:13:09.981783+00:00,79.851,-0.0382,0.15,0.0,0.0652,-0.0047,9245.48,2,53.0679,70.014,step
2026-09-01T13:13:09.983064+00:00,79.897,-0.0383,0.15,0.0,0.0655,-0.0046,9250.5,2,53.0725,70.036,step
2026-09-01T13:13:09.984347+00:00,79.942,-0.0384,0.15,0.0,0.0658,-0.0046,9255.68,2,53.0746,70.058,step
2026-09-01T13:13:09.985644+00:00,79.988,-0.0385,0.15,0.0,0.0661,-0.0046,9260.97,2,53.0758,70.08,step
2026-09-01T13:13:09.986963+00:00,80.033,-0.0386,0.15,0.0,0.0663,-0.0045,9266.36,3,53.0831,70.102,step
2026-09-01T13:13:09.988295+00:00,80.005,-0.0385,0.15,0.0,0.0665,-0.0044,7357.79,3,53.1136,70.124,step
2026-09-01T13:13:09.989632+00:00,79.942,-0.0383,0.15,0.0,0.0668,-0.0041,7371.97,2,53.1834,70.146,step
2026-09-01T13:13:09.990967+00:00,79.89,-0.038,0.15,0.0,0.067,-0.0037,9221.42,2,53.2634,70.168,step
2026-09-01T13:13:09.992271+00:00,79.827,-0.0377,0.15,0.0,0.0672,-0.0034,9228.83,2,53.3454,70.19,step
2026-09-01T13:13:09.993577+00:00,79.768,-0.0373,0.15,0.0,0.0674,-0.003,9195.6,2,53.4296,70.212,step
2026-09-01T13:13:09.994891+00:00,79.779,-0.0372,0.15,0.0,0.0676,-0.0028,9238.42,2,53.4827,70.234,step
2026-09-01T13:13:09.996191+00:00,79.825,-0.0371,0.15,0.0,0.0677,-0.0027,9243.19,2,53.5006,70.256,step
2026-09-01T13:13:09.997462+00:00,79.871,-0.0372,0.15,0.0,0.0679,-0.0027,9248.01,2,53.5108,70.278,step
2026-09-01T13:13:09.998728+00:00,79.917,-0.0372,0.15,0.0,0.068,-0.0027,9252.94,2,53.5199,70.3,step
2026-09-01T13:13:09.999984+00:00,79.963,-0.0373,0.15,0.0,0.0681,-0.0027,9258.04,2,53.5313,70.322,step
2026-09-01T13:13:10.001280+00:00,80.009,-0.0374,0.15,0.0,0.0682,-0.0027,9263.29,3,53.5465,70.344,step
2026-09-01T13:13:10.002560+00:00,79.981,-0.0374,0.15,0.0,0.0683,-0.0027,7355.35,2,53.5838,70.366,step
2026-09-01T13:13:10.003836+00:00,79.918,-0.0372,0.15,0.0,0.0684,-0.0025,7369.54,2,53.6667,70.388,step
2026-09-01T13:13:10.005119+00:00,79.866,-0.0369,0.15,0.0,0.0685,-0.0022,9218.65,2,53.773,70.41,step
2026-09-01T13:13:10.006425+00:00,79.803,-0.0367,0.15,0.0,0.0686,-0.002,9226.08,2,53.8941,70.432,step
2026-09-01T13:13:10.007738+00:00,79.745,-0.0364,0.15,0.0,0.0687,-0.0017,9192.9,2,54.0265,70.454,step
2026-09-01T13:13:10.009063+00:00,79.756,-0.0362,0.15,0.0,0.0688,-0.0015,9235.45,2,54.1318,70.476,step
2026-09-01T13:13:10.010390+00:00,79.803,-0.0362,0.15,0.0,0.0688,-0.0015,9240.35,2,54.2007,70.498,step
2026-09-01T13:13:10.011676+00:00,79.849,-0.0363,0.15,0.0,0.0688,-0.0015,9245.27,2,54.263,70.52,step
2026-09-01T13:13:10.012973+00:00,79.895,-0.0363,0.15,0.0,0.0689,-0.0016,9250.34,2,54.3256,70.542,step
2026-09-01T13:13:10.014276+00:00,79.941,-0.0364,0.15,0.0,0.0689,-0.0017,9255.54,2,54.3925,70.564,step
2026-09-01T13:13:10.015561+00:00,79.987,-0.0365,0.15,0.0,0.0689,-0.0017,9261.67,2,54.4663,70.586,step
2026-09-01T13:13:10.016842+00:00,80.033,-0.0366,0.15,0.0,0.069,-0.0017,9266.81,3,54.556,70.608,step
2026-09-01T13:13:10.018125+00:00,80.006,-0.0365,0.15,0.0,0.069,-0.0017,7358.13,3,54.681,70.63,step
2026-09-01T13:13:10.019399+00:00,79.943,-0.0363,0.15,0.0,0.069,-0.0015,7372.31,2,54.8606,70.652,step
2026-09-01T13:13:10.020696+00:00,79.891,-0.0361,0.15,0.0,0.0691,-0.0013,9221.53,2,55.0613,70.674,step
2026-09-01T13:13:10.021961+00:00,79.829,-0.0358,0.15,0.0,0.0691,-0.001,9228.94,2,55.2736,70.696,step
2026-09-01T13:13:10.023225+00:00,79.77,-0.0355,0.15,0.0,0.0691,-0.0008,9195.81,2,55.4975,70.718,step
2026-09-01T13:13:10.024481+00:00,79.782,-0.0354,0.15,0.0,0.0691,-0.0007,9238.36,2,55.6921,70.74,step
2026-09-01T13:13:10.025765+00:00,79.829,-0.0354,0.15,0.0,0.069,-0.0007,9243.25,2,55.8471,70.762,step
2026-09-01T13:13:10.027062+00:00,79.875,-0.0355,0.15,0.0,0.069,-0.0008,9248.18,2,55.995,70.784,step
2026-09-01T13:13:10.028359+00:00,79.922,-0.0356,0.15,0.0,0.069,-0.0009,9253.3,2,56.1439,70.806,step
2026-09-01T13:13:10.029670+00:00,79.968,-0.0357,0.15,0.0,0.069,-0.001,9258.62,2,56.3052,70.828,step
2026-09-01T13:13:10.030981+00:00,80.014,-0.0358,0.15,0.0,0.0689,-0.0011,9264.06,3,56.4817,70.85,step
2026-09-01T13:13:10.032279+00:00,79.987,-0.0358,0.15,0.0,0.0689,-0.0011,7355.99,2,56.6954,70.872,step
2026-09-01T13:13:10.033573+00:00,79.925,-0.0356,0.15,0.0,0.0689,-0.001,7370.17,2,56.9768,70.894,step
2026-09-01T13:13:10.034856+00:00,79.873,-0.0354,0.15,0.0,0.0689,-0.0008,9219.46,2,57.2952,70.916,step
2026-09-01T13:13:10.036131+00:00,79.812,-0.0351,0.15,0.0,0.0689,-0.0006,9226.89,2,57.6316,70.938,step
2026-09-01T13:13:10.037420+00:00,79.754,-0.0349,0.15,0.0,0.0688,-0.0004,9194.04,2,57.9837,70.96,step
2026-09-01T13:13:10.038716+00:00,79.766,-0.0348,0.15,0.0,0.0688,-0.0003,9236.95,2,58.3112,70.982,step
2026-09-01T13:13:10.040014+00:00,79.814,-0.0348,0.15,0.0,0.0687,-0.0003,9241.65,2,58.6004,71.004,step
2026-09-01T13:13:10.041270+00:00,79.861,-0.0348,0.15,0.0,0.0687,-0.0004,9246.43,2,58.8856,71.026,step
2026-09-01T13:13:10.042524+00:00,79.907,-0.0349,0.15,0.0,0.0686,-0.0005,9251.46,2,59.1755,71.048,step
2026-09-01T13:13:10.043774+00:00,79.954,-0.0351,0.15,0.0,0.0686,-0.0006,9256.73,2,59.4755,71.07,step
2026-09-01T13:13:10.045051+00:00,80.0,-0.0352,0.15,0.0,0.0685,-0.0008,9262.17,3,59.7897,71.092,step
2026-09-01T13:13:10.046335+00:00,79.973,-0.0352,0.15,0.0,0.0685,-0.0008,7354.48,2,60.1471,71.114,step
2026-09-01T13:13:10.047635+00:00,79.911,-0.0351,0.15,0.0,0.0684,-0.0007,7368.67,2,60.5881,71.136,step
2026-09-01T13:13:10.048959+00:00,79.86,-0.0349,0.15,0.0,0.0684,-0.0006,9217.9,2,61.0743,71.158,step
2026-09-01T13:13:10.050289+00:00,79.799,-0.0347,0.15,0.0,0.0683,-0.0005,9225.34,2,61.5913,71.18,step
2026-09-01T13:13:10.051618+00:00,79.741,-0.0345,0.15,0.0,0.0683,-0.0003,9192.49,2,62.1402,71.202,step
2026-09-01T13:13:10.052911+00:00,79.754,-0.0344,0.15,0.0,0.0683,-0.0002,9235.28,2,62.669,71.224,step
2026-09-01T13:13:10.054212+00:00,79.802,-0.0345,0.15,0.0,0.0682,-0.0003,9240.25,2,63.148,71.246,step
2026-09-01T13:13:10.055517+00:00,79.85,-0.0346,0.15,0.0,0.0682,-0.0004,9245.24,2,63.6186,71.268,step
2026-09-01T13:13:10.056802+00:00,79.896,-0.0347,0.15,0.0,0.0681,-0.0005,9251.83,2,64.1166,71.29,step
2026-09-01T13:13:10.058081+00:00,79.944,-0.0348,0.15,0.0,0.068,-0.0006,9256.72,2,64.6504,71.312,step
2026-09-01T13:13:10.059369+00:00,79.991,-0.0349,0.15,0.0,0.068,-0.0007,9261.85,2,65.2083,71.334,step
2026-09-01T13:13:10.060664+00:00,80.038,-0.035,0.15,0.0,0.068,-0.0009,9266.99,3,65.791,71.356,step
2026-09-01T13:13:10.061953+00:00,80.012,-0.035,0.15,0.0,0.0679,-0.0009,7358.28,3,66.4382,71.378,step
2026-09-01T13:13:10.063234+00:00,79.95,-0.0349,0.15,0.0,0.0679,-0.0008,7372.46,2,67.2006,71.4,step
2026-09-01T13:13:10.064520+00:00,79.9,-0.0348,0.15,0.0,0.0679,-0.0007,9222.37,2,68.0346,71.422,step
2026-09-01T13:13:10.065799+00:00,79.838,-0.0346,0.15,0.0,0.0679,-0.0005,9229.79,2,68.9268,71.444,step
2026-09-01T13:13:10.067087+00:00,79.781,-0.0343,0.15,0.0,0.0678,-0.0004,9196.97,2,69.8778,71.466,step
2026-09-01T13:13:10.068393+00:00,79.794,-0.0343,0.15,0.0,0.0678,-0.0003,9239.68,2,70.7918,71.488,step
2026-09-01T13:13:10.069722+00:00,79.842,-0.0343,0.15,0.0,0.0677,-0.0004,9244.77,2,71.6416,71.51,step
2026-09-01T13:13:10.071030+00:00,79.89,-0.0345,0.15,0.0,0.0677,-0.0005,9249.95,2,72.4908,71.532,step
2026-09-01T13:13:10.072342+00:00,79.938,-0.0347,0.15,0.0,0.0677,-0.0007,9255.27,2,73.3852,71.554,step
2026-09-01T13:13:10.073639+00:00,79.985,-0.0348,0.15,0.0,0.0676,-0.0008,9260.69,2,74.338,71.576,step
2026-09-01T13:13:10.074932+00:00,80.033,-0.0349,0.15,0.0,0.0676,-0.0009,9266.17,3,75.3469,71.598,step
2026-09-01T13:13:10.076274+00:00,80.007,-0.035,0.15,0.0,0.0676,-0.001,7357.66,3,76.4683,71.62,step
2026-09-01T13:13:10.077559+00:00,79.946,-0.0349,0.15,0.0,0.0676,-0.0009,7371.83,2,77.7892,71.642,step
2026-09-01T13:13:10.078847+00:00,79.896,-0.0347,0.15,0.0,0.0675,-0.0008,9222.04,2,79.2437,71.664,step
2026-09-01T13:13:10.080130+00:00,79.836,-0.0344,0.15,0.0,0.0675,-0.0006,9229.46,2,80.8024,71.686,step
2026-09-01T13:13:10.081415+00:00,79.779,-0.0342,0.15,0.0,0.0675,-0.0004,9196.81,2,82.4358,71.708,step
2026-09-01T13:13:10.082681+00:00,79.794,-0.0342,0.15,0.0,0.0674,-0.0004,9239.56,2,84.0356,71.73,step
2026-09-01T13:13:10.083948+00:00,79.842,-0.0343,0.15,0.0,0.0674,-0.0005,9244.47,2,85.5828,71.752,step
2026-09-01T13:13:10.085204+00:00,79.89,-0.0344,0.15,0.0,0.0674,-0.0006,9249.55,2,87.1669,71.774,step
2026-09-01T13:13:10.086470+00:00,79.938,-0.0346,0.15,0.0,0.0673,-0.0008,9254.88,2,88.8199,71.796,step
2026-09-01T13:13:10.087745+00:00,79.986,-0.0347,0.15,0.0,0.0673,-0.0009,9260.41,2,90.5897,71.818,step
2026-09-01T13:13:10.089044+00:00,80.033,-0.0349,0.15,0.0,0.0673,-0.001,9266.1,3,92.4905,71.84,step
2026-09-01T13:13:10.090378+00:00,80.008,-0.035,0.15,0.0,0.0672,-0.0011,7357.62,3,94.5927,71.862,step
2026-09-01T13:13:10.091722+00:00,79.948,-0.0349,0.15,0.0,0.0672,-0.0011,7371.8,2,97.024,71.884,step
2026-09-01T13:13:10.093066+00:00,79.898,-0.0347,0.15,0.0,0.0672,-0.0009,9222.14,2,99.717,71.906,step
2026-09-01T13:13:10.094395+00:00,79.838,-0.0345,0.15,0.0,0.0672,-0.0008,9229.55,2,102.656,71.928,step
2026-09-01T13:13:10.095722+00:00,79.782,-0.0343,0.15,0.0,0.0672,-0.0006,9197.13,2,105.86,71.95,step
2026-09-01T13:13:10.097040+00:00,79.797,-0.0343,0.15,0.0,0.0671,-0.0006,9240.36,2,109.098,71.972,step
2026-09-01T13:13:10.098329+00:00,79.846,-0.0343,0.15,0.0,0.0671,-0.0006,9247.17,2,112.332,71.994,step
2026-09-01T13:13:10.099629+00:00,79.895,-0.0344,0.15,0.0,0.0671,-0.0007,9251.69,2,115.721,72.016,step
2026-09-01T13:13:10.100908+00:00,79.945,-0.0346,0.15,0.0,0.0671,-0.0009,9256.53,2,119.311,72.038,step
2026-09-01T13:13:10.102210+00:00,79.993,-0.0347,0.8,0.0,0.0671,-0.001,9261.54,2,123.198,72.06,step
2026-09-01T13:13:10.103507+00:00,80.584,-0.0348,0.8,0.0,0.067,-0.001,10218.0,3,127.74,72.082,step
2026-09-01T13:13:10.104800+00:00,81.073,-0.0346,0.8,0.0,0.0671,-0.0009,8104.16,3,133.261,72.104,step
2026-09-01T13:13:10.106118+00:00,81.008,-0.0345,0.8,0.0,0.0671,-0.0008,8116.18,3,138.993,72.126,step
2026-09-01T13:13:10.107454+00:00,80.97,-0.0345,0.8,0.0,0.0671,-0.0008,7410.44,3,145.303,72.148,step
2026-09-01T13:13:10.108795+00:00,81.385,-0.0344,0.8,0.0,0.0671,-0.0007,7814.65,3,152.215,72.17,step
2026-09-01T13:13:10.110140+00:00,82.037,-0.0344,0.8,0.0,0.0672,-0.0007,7902.78,3,160.147,72.192,step
2026-09-01T13:13:10.111511+00:00,82.715,-0.0343,0.8,0.0,0.0672,-0.0006,7961.24,3,169.101,72.214,step
2026-09-01T13:13:10.112867+00:00,83.401,-0.0343,0.8,0.0,0.0673,-0.0006,8016.45,3,179.048,72.236,step
2026-09-01T13:13:10.114197+00:00,84.088,-0.0344,0.8,0.0,0.0673,-0.0006,8077.23,3,190.123,72.258,step
2026-09-01T13:13:10.115531+00:00,84.776,-0.0345,0.8,0.0,0.0674,-0.0006,8144.95,3,200.0,72.28,step
2026-09-01T13:13:10.116866+00:00,85.466,-0.0346,0.8,0.0,0.0675,-0.0007,8218.01,3,200.0,72.302,step
2026-09-01T13:13:10.118216+00:00,86.144,-0.0346,0.8,0.0,0.0676,-0.0007,8320.11,3,200.0,72.324,step
2026-09-01T13:13:10.119539+00:00,86.841,-0.0346,0.8,0.0,0.0677,-0.0006,8407.15,3,200.0,72.346,step
2026-09-01T13:13:10.120874+00:00,87.559,-0.0344,0.8,0.0,0.0678,-0.0004,8474.17,3,200.0,72.368,step
2026-09-01T13:13:10.122191+00:00,88.285,-0.0343,0.8,0.0,0.0679,-0.0003,8539.17,3,200.0,72.39,step
2026-09-01T13:13:10.123502+00:00,89.016,-0.0342,0.8,0.0,0.068,-0.0002,8603.88,3,200.0,72.412,step
2026-09-01T13:13:10.124827+00:00,89.75,-0.0342,0.8,0.0,0.0682,-0.0001,8670.91,3,200.0,72.434,step
2026-09-01T13:13:10.126148+00:00,90.488,-0.0342,0.8,0.0,0.0683,-0.0,8741.99,3,200.0,72.456,step
2026-09-01T13:13:10.127472+00:00,91.229,-0.0341,0.8,0.0,0.0684,0.0001,8817.46,3,200.0,72.478,step
2026-09-01T13:13:10.128829+00:00,91.975,-0.0341,0.8,0.0,0.0685,0.0001,8896.66,3,200.0,72.5,step
2026-09-01T13:13:10.130182+00:00,92.727,-0.0341,0.8,0.0,0.0687,0.0002,8978.86,3,200.0,72.522,step
2026-09-01T13:13:10.131549+00:00,93.483,-0.0342,0.8,0.0,0.0688,0.0002,9064.62,3,200.0,72.544,step
2026-09-01T13:13:10.132900+00:00,94.246,-0.0343,0.8,0.0,0.069,0.0002,9151.35,3,200.0,72.566,step
2026-09-01T13:13:10.134188+00:00,95.018,-0.0317,0.15,0.0,0.0691,0.0024,9236.76,3,200.0,72.588,step
2026-09-01T13:13:10.135478+00:00,95.356,-0.029,0.15,0.0,0.0689,0.0045,8743.44,3,200.0,72.61,step
2026-09-01T13:13:10.136768+00:00,95.365,-0.0266,0.15,0.0,0.0686,0.0064,8749.21,3,200.0,72.632,step
2026-09-01T13:13:10.138045+00:00,95.379,-0.024,0.15,0.0,0.068,0.0083,8750.13,3,200.0,72.654,step
2026-09-01T13:13:10.139305+00:00,95.394,-0.0216,0.15,0.0,0.0672,0.01,8750.23,3,200.0,72.676,step
2026-09-01T13:13:10.140570+00:00,95.409,-0.0192,0.15,0.0,0.0663,0.0116,8750.46,3,200.0,72.698,step
2026-09-01T13:13:10.141844+00:00,95.423,-0.0169,0.15,0.0,0.0652,0.013,8751.13,3,200.0,72.72,step
2026-09-01T13:13:10.143109+00:00,95.437,-0.0148,0.15,0.0,0.0639,0.0143,8751.88,3,200.0,72.742,step
2026-09-01T13:13:10.144382+00:00,95.451,-0.0129,0.15,0.0,0.0626,0.0153,8752.81,3,200.0,72.764,step
2026-09-01T13:13:10.145658+00:00,95.465,-0.0111,0.15,0.0,0.0611,0.0162,8753.96,3,200.0,72.786,step
2026-09-01T13:13:10.146926+00:00,95.479,-0.0093,0.15,0.0,0.0595,0.017,8755.3,3,200.0,72.808,step
2026-09-01T13:13:10.148231+00:00,95.494,-0.0078,0.15,0.0,0.0579,0.0176,8757.05,3,199.926,72.83,step
2026-09-01T13:13:10.149516+00:00,95.509,-0.0063,0.15,0.0,0.0562,0.0182,8758.79,3,198.993,72.852,step
2026-09-01T13:13:10.150793+00:00,95.525,-0.0049,0.15,0.0,0.0544,0.0186,8760.35,3,198.116,72.874,step
2026-09-01T13:13:10.152074+00:00,95.541,-0.0035,0.15,0.0,0.0526,0.019,8761.74,3,197.292,72.896,step
2026-09-01T13:13:10.153348+00:00,95.555,-0.0023,0.15,0.0,0.0508,0.0193,8766.59,3,196.508,72.918,step
2026-09-01T13:13:10.154644+00:00,95.572,-0.0011,0.15,0.0,0.0489,0.0195,8768.05,3,195.778,72.94,step
2026-09-01T13:13:10.155926+00:00,95.589,0.0001,0.15,0.0,0.047,0.0196,8767.7,3,195.105,72.962,step
2026-09-01T13:13:10.157189+00:00,95.606,0.0011,0.15,0.0,0.0451,0.0197,8768.12,3,194.482,72.984,step
2026-09-01T13:13:10.158472+00:00,95.623,0.002,0.15,0.0,0.0431,0.0197,8768.69,3,193.902,73.006,step
2026-09-01T13:13:10.159742+00:00,95.639,0.0029,0.15,0.0,0.0412,0.0196,8769.58,3,193.366,73.028,step
2026-09-01T13:13:10.161019+00:00,95.654,0.0037,0.15,0.0,0.0393,0.0195,8770.81,3,192.872,73.05,step
2026-09-01T13:13:10.162291+00:00,95.67,0.0044,0.15,0.0,0.0375,0.0193,8772.31,3,192.419,73.072,step
2026-09-01T13:13:10.163560+00:00,95.685,0.005,0.15,0.0,0.0357,0.019,8774.05,3,191.984,73.094,step
2026-09-01T13:13:10.164831+00:00,95.701,0.0056,0.15,0.0,0.0338,0.0188,8775.93,3,191.566,73.116,step
2026-09-01T13:13:10.166094+00:00,95.718,0.0062,0.15,0.0,0.032,0.0185,8777.74,3,191.176,73.138,step
2026-09-01T13:13:10.167347+00:00,95.735,0.0067,0.15,0.0,0.0302,0.0181,8779.39,3,190.808,73.16,step
2026-09-01T13:13:10.168608+00:00,95.752,0.0071,0.15,0.0,0.0285,0.0178,8780.88,3,190.464,73.182,step
2026-09-01T13:13:10.169884+00:00,95.769,0.0075,0.15,0.0,0.0267,0.0173,8782.29,3,190.137,73.204,step
2026-09-01T13:13:10.171145+00:00,95.784,0.0077,0.15,0.0,0.0251,0.0169,8787.14,3,189.821,73.226,step
2026-09-01T13:13:10.172389+00:00,95.803,0.008,0.15,0.0,0.0234,0.0164,8787.03,3,189.52,73.248,step
2026-09-01T13:13:10.173614+00:00,95.82,0.0082,0.15,0.0,0.0218,0.0159,8787.7,3,189.226,73.27,step
2026-09-01T13:13:10.174840+00:00,95.838,0.0084,0.15,0.0,0.0203,0.0154,8788.48,3,188.929,73.292,step
2026-09-01T13:13:10.176080+00:00,95.855,0.0085,0.15,0.0,0.0188,0.0149,8789.49,3,188.627,73.314,step
2026-09-01T13:13:10.177326+00:00,95.872,0.0086,0.15,0.0,0.0174,0.0144,8790.77,3,188.334,73.336,step
2026-09-01T13:13:10.178597+00:00,95.888,0.0087,0.15,0.0,0.016,0.0139,8792.29,3,188.05,73.358,step
2026-09-01T13:13:10.179847+00:00,95.905,0.0087,0.15,0.0,0.0146,0.0133,8794.0,3,187.768,73.38,step
2026-09-01T13:13:10.181100+00:00,95.921,0.0087,0.15,0.0,0.0133,0.0128,8795.87,3,187.481,73.402,step
2026-09-01T13:13:10.182449+00:00,95.938,0.0086,0.15,0.0,0.0121,0.0122,8797.72,3,187.188,73.424,step
2026-09-01T13:13:10.183740+00:00,95.956,0.0086,0.15,0.0,0.0109,0.0117,8799.44,3,186.89,73.446,step
2026-09-01T13:13:10.185028+00:00,95.973,0.0085,0.15,0.0,0.0098,0.0111,8801.04,3,186.589,73.468,step
2026-09-01T13:13:10.186323+00:00,95.991,0.0084,0.15,0.0,0.0087,0.0106,8802.54,3,186.273,73.49,step
2026-09-01T13:13:10.187605+00:00,96.007,0.0083,0.15,0.0,0.0077,0.0101,8806.89,3,185.944,73.512,step
2026-09-01T13:13:10.188881+00:00,96.026,0.0082,0.15,0.0,0.0066,0.0096,8807.24,3,185.61,73.534,step
2026-09-01T13:13:10.190157+00:00,96.044,0.008,0.15,0.0,0.0057,0.0091,8808.08,3,185.271,73.556,step
2026-09-01T13:13:10.191440+00:00,96.062,0.0079,0.15,0.0,0.0048,0.0086,8809.08,3,184.926,73.578,step
2026-09-01T13:13:10.192724+00:00,96.08,0.0077,0.15,0.0,0.004,0.0081,8810.21,3,184.578,73.6,step
2026-09-01T13:13:10.194003+00:00,96.098,0.0075,0.15,0.0,0.0032,0.0076,8811.55,3,184.224,73.622,step
2026-09-01T13:13:10.195283+00:00,96.115,0.0073,0.15,0.0,0.0025,0.0071,8813.09,3,183.868,73.644,step
2026-09-01T13:13:10.196580+00:00,96.132,0.0071,0.15,0.0,0.0018,0.0066,8814.78,3,183.496,73.666,step
2026-09-01T13:13:10.197859+00:00,96.15,0.0069,0.15,0.0,0.0011,0.0062,8816.61,3,183.111,73.688,step
2026-09-01T13:13:10.199147+00:00,96.167,0.0067,0.15,0.0,0.0006,0.0058,8818.45,3,182.719,73.71,step
2026-09-01T13:13:10.200446+00:00,96.185,0.0064,0.15,0.0,-0.0,0.0053,8820.2,3,182.324,73.732,step
2026-09-01T13:13:10.201748+00:00,96.203,0.0062,0.15,0.0,-0.0005,0.0049,8821.86,3,181.918,73.754,step
2026-09-01T13:13:10.203044+00:00,96.221,0.006,0.15,0.0,-0.001,0.0046,8823.44,3,181.5,73.776,step
2026-09-01T13:13:10.204323+00:00,96.238,0.0057,0.15,0.0,-0.0014,0.0042,8826.99,3,181.078,73.798,step
2026-09-01T13:13:10.205625+00:00,96.257,0.0055,0.15,0.0,-0.0018,0.0038,8827.91,3,180.656,73.82,step
2026-09-01T13:13:10.206910+00:00,96.275,0.0052,0.15,0.0,-0.0022,0.0034,8828.93,3,180.22,73.842,step
2026-09-01T13:13:10.208186+00:00,96.293,0.005,0.15,0.0,-0.0025,0.0031,8830.13,3,179.771,73.864,step
2026-09-01T13:13:10.209443+00:00,96.312,0.0048,0.15,0.0,-0.0028,0.0028,8831.4,3,179.315,73.886,step
2026-09-01T13:13:10.210708+00:00,96.329,0.0045,0.15,0.0,-0.0031,0.0025,8832.82,3,178.856,73.908,step
2026-09-01T13:13:10.211988+00:00,96.347,0.0043,0.15,0.0,-0.0033,0.0022,8834.38,3,178.396,73.93,step
2026-09-01T13:13:10.213260+00:00,96.365,0.004,0.15,0.0,-0.0035,0.0019,8836.05,3,177.923,73.952,step
2026-09-01T13:13:10.214545+00:00,96.382,0.0038,0.15,0.0,-0.0037,0.0017,8837.81,3,177.439,73.974,step
2026-09-01T13:13:10.215827+00:00,96.4,0.0036,0.15,0.0,-0.0039,0.0014,8839.61,3,176.948,73.996,step
2026-09-01T13:13:10.217115+00:00,96.418,0.0034,0.15,0.0,-0.004,0.0012,8841.35,3,176.455,74.018,step
2026-09-01T13:13:10.218391+00:00,96.436,0.0032,0.15,0.0,-0.0041,0.001,8843.01,3,175.951,74.04,step
2026-09-01T13:13:10.219675+00:00,96.454,0.003,0.15,0.0,-0.0042,0.0008,8844.62,3,175.437,74.062,step
2026-09-01T13:13:10.220940+00:00,96.472,0.0029,0.15,0.0,-0.0043,0.0006,8847.17,3,174.921,74.084,step
2026-09-01T13:13:10.222202+00:00,96.49,0.0027,0.15,0.0,-0.0044,0.0004,8848.64,3,174.405,74.106,step
2026-09-01T13:13:10.223464+00:00,96.508,0.0024,0.15,0.0,-0.0044,0.0002,8849.88,3,173.889,74.128,step
2026-09-01T13:13:10.224725+00:00,96.526,0.0023,0.15,0.0,-0.0044,0.0001,8851.27,3,173.362,74.15,step
2026-09-01T13:13:10.225985+00:00,96.544,0.0021,0.15,0.0,-0.0044,-0.0001,8852.67,3,172.824,74.172,step
2026-09-01T13:13:10.227253+00:00,96.562,0.0019,0.15,0.0,-0.0044,-0.0002,8854.16,3,172.283,74.194,step
2026-09-01T13:13:10.228510+00:00,96.58,0.0018,0.15,0.0,-0.0044,-0.0003,8855.73,3,171.74,74.216,step
2026-09-01T13:13:10.229785+00:00,96.597,0.0016,0.15,0.0,-0.0043,-0.0004,8857.38,3,171.197,74.238,step
2026-09-01T13:13:10.231057+00:00,96.615,0.0015,0.15,0.0,-0.0043,-0.0006,8859.07,3,170.653,74.26,step
2026-09-01T13:13:10.232335+00:00,96.633,0.0013,0.15,0.0,-0.0042,-0.0007,8860.76,3,170.099,74.282,step
2026-09-01T13:13:10.233616+00:00,96.65,0.0012,0.15,0.0,-0.0041,-0.0007,8862.42,3,169.538,74.304,step
2026-09-01T13:13:10.234877+00:00,96.668,0.0011,0.15,0.0,-0.0041,-0.0008,8864.05,3,168.974,74.326,step
2026-09-01T13:13:10.236125+00:00,96.686,0.0009,0.15,0.0,-0.004,-0.0009,8865.64,3,168.409,74.348,step
2026-09-01T13:13:10.237393+00:00,96.703,0.0008,0.15,0.0,-0.0039,-0.001,8867.37,3,167.844,74.37,step
2026-09-01T13:13:10.238649+00:00,96.721,0.0007,0.15,0.0,-0.0039,-0.001,8869.04,3,167.279,74.392,step
2026-09-01T13:13:10.239897+00:00,96.738,0.0006,0.15,0.0,-0.0038,-0.0011,8870.55,3,166.713,74.414,step
2026-09-01T13:13:10.241158+00:00,96.756,0.0004,0.15,0.0,-0.0036,-0.0012,8872.08,3,166.147,74.436,step
2026-09-01T13:13:10.242418+00:00,96.773,0.0003,0.15,0.0,-0.0035,-0.0012,8873.61,3,165.572,74.458,step
2026-09-01T13:13:10.243659+00:00,96.791,0.0002,0.15,0.0,-0.0034,-0.0012,8875.16,3,164.987,74.48,step
2026-09-01T13:13:10.244923+00:00,96.808,0.0001,0.15,0.0,-0.0032,-0.0012,8876.72,3,164.397,74.502,step
2026-09-01T13:13:10.246179+00:00,96.826,0.0001,0.15,0.0,-0.0031,-0.0012,8878.3,3,163.807,74.524,step
2026-09-01T13:13:10.247438+00:00,96.843,0.0,0.15,0.0,-0.003,-0.0012,8879.9,3,163.215,74.546,step
2026-09-01T13:13:10.248714+00:00,96.86,-0.0,0.15,0.0,-0.0029,-0.0012,8881.48,3,162.623,74.568,step
2026-09-01T13:13:10.250016+00:00,96.877,-0.0001,0.15,0.0,-0.0028,-0.0012,8883.04,3,162.031,74.59,step
2026-09-01T13:13:10.251301+00:00,96.894,-0.0001,0.15,0.0,-0.0027,-0.0012,8884.59,3,161.438,74.612,step
2026-09-01T13:13:10.252571+00:00,96.911,-0.0002,0.15,0.0,-0.0026,-0.0012,8886.14,3,160.846,74.634,step
2026-09-01T13:13:10.253861+00:00,96.928,-0.0002,0.15,0.0,-0.0025,-0.0012,8887.67,3,160.253,74.656,step
2026-09-01T13:13:10.255135+00:00,96.945,-0.0003,0.15,0.0,-0.0024,-0.0012,8888.84,3,159.661,74.678,step
2026-09-01T13:13:10.256443+00:00,96.962,-0.0003,0.15,0.0,-0.0023,-0.0012,8890.43,3,159.068,74.7,step
2026-09-01T13:13:10.257715+00:00,96.978,-0.0004,0.15,0.0,-0.0022,-0.0012,8892.15,3,158.474,74.722,step
2026-09-01T13:13:10.258973+00:00,96.995,-0.0004,0.15,0.0,-0.0021,-0.0012,8893.82,3,157.881,74.744,step
2026-09-01T13:13:10.260247+00:00,97.012,-0.0005,0.15,0.0,-0.002,-0.0012,8895.41,3,157.289,74.766,step
2026-09-01T13:13:10.261523+00:00,97.028,-0.0006,0.15,0.0,-0.0018,-0.0012,8896.95,3,156.697,74.788,step
2026-09-01T13:13:10.262797+00:00,97.045,-0.0006,0.15,0.0,-0.0016,-0.0012,8898.45,3,156.095,74.81,step
2026-09-01T13:13:10.264078+00:00,97.062,-0.0006,0.15,0.0,-0.0015,-0.0011,8899.94,3,155.485,74.832,step
2026-09-01T13:13:10.265367+00:00,97.078,-0.0006,0.15,0.0,-0.0013,-0.0011,8901.4,3,154.87,74.854,step
2026-09-01T13:13:10.266663+00:00,97.094,-0.0006,0.15,0.0,-0.0012,-0.001,8902.82,3,154.253,74.876,step
2026-09-01T13:13:10.267936+00:00,97.111,-0.0006,0.15,0.0,-0.0011,-0.0009,8904.25,3,153.636,74.898,step
2026-09-01T13:13:10.269217+00:00,97.126,-0.0006,0.15,0.0,-0.0009,-0.0009,8905.7,3,153.019,74.92,step
2026-09-01T13:13:10.270494+00:00,97.142,-0.0006,0.15,0.0,-0.0008,-0.0008,8907.17,3,152.403,74.942,step
2026-09-01T13:13:10.271765+00:00,97.159,-0.0005,0.15,0.0,-0.0007,-0.0007,8907.66,3,151.786,74.964,step
2026-09-01T13:13:10.273035+00:00,97.174,-0.0005,0.15,0.0,-0.0006,-0.0007,8909.23,3,151.17,74.986,step
2026-09-01T13:13:10.274299+00:00,97.189,-0.0005,0.15,0.0,-0.0005,-0.0006,8911.12,3,150.553,75.008,step
2026-09-01T13:13:10.275567+00:00,97.205,-0.0005,0.15,0.0,-0.0004,-0.0006,8912.92,3,149.945,75.03,step
2026-09-01T13:13:10.276811+00:00,97.221,-0.0005,0.15,0.0,-0.0003,-0.0005,8914.53,3,149.346,75.052,step
2026-09-01T13:13:10.278059+00:00,97.236,-0.0005,0.15,0.0,-0.0002,-0.0005,8916.01,3,148.75,75.074,step
2026-09-01T13:13:10.279328+00:00,97.252,-0.0005,0.15,0.0,-0.0001,-0.0005,8917.42,3,148.147,75.096,step
2026-09-01T13:13:10.280602+00:00,97.268,-0.0005,0.15,0.0,-0.0,-0.0005,8918.79,3,147.536,75.118,step
2026-09-01T13:13:10.281889+00:00,97.283,-0.0005,0.15,0.0,0.0,-0.0004,8920.09,3,146.921,75.14,step
2026-09-01T13:13:10.283183+00:00,97.298,-0.0005,0.15,0.0,0.0001,-0.0003,8921.36,3,146.313,75.162,step
2026-09-01T13:13:10.284454+00:00,97.313,-0.0005,0.15,0.0,0.0001,-0.0003,8922.64,3,145.713,75.184,step
2026-09-01T13:13:10.285733+00:00,97.327,-0.0005,0.15,0.0,0.0002,-0.0003,8923.96,3,145.117,75.206,step
2026-09-01T13:13:10.286997+00:00,97.342,-0.0005,0.15,0.0,0.0002,-0.0003,8925.33,3,144.521,75.228,step
2026-09-01T13:13:10.288264+00:00,97.357,-0.0005,0.15,0.0,0.0003,-0.0003,8925.15,3,143.918,75.25,step
2026-09-01T13:13:10.289523+00:00,97.371,-0.0005,0.15,0.0,0.0003,-0.0002,8926.64,3,143.307,75.272,step
2026-09-01T13:13:10.290762+00:00,97.385,-0.0004,0.15,0.0,0.0004,-0.0002,8928.63,3,142.7,75.294,step
2026-09-01T13:13:10.292007+00:00,97.399,-0.0004,0.15,0.0,0.0004,-0.0002,8930.56,3,142.101,75.316,step
2026-09-01T13:13:10.293251+00:00,97.413,-0.0004,0.15,0.0,0.0004,-0.0002,8932.18,3,141.503,75.338,step
2026-09-01T13:13:10.294490+00:00,97.427,-0.0004,0.15,0.0,0.0004,-0.0002,8933.58,3,140.907,75.36,step
2026-09-01T13:13:10.295741+00:00,97.442,-0.0005,0.15,0.0,0.0005,-0.0002,8934.86,3,140.312,75.382,step
2026-09-01T13:13:10.297014+00:00,97.456,-0.0005,0.15,0.0,0.0005,-0.0002,8936.08,3,139.716,75.404,step
2026-09-01T13:13:10.298325+00:00,97.47,-0.0005,0.15,0.0,0.0005,-0.0002,8937.21,3,139.12,75.426,step
2026-09-01T13:13:10.299597+00:00,97.483,-0.0005,0.15,0.0,0.0005,-0.0002,8938.29,3,138.525,75.448,step
2026-09-01T13:13:10.300866+00:00,97.497,-0.0005,0.15,0.0,0.0005,-0.0002,8939.39,3,137.929,75.47,step
2026-09-01T13:13:10.302141+00:00,97.51,-0.0005,0.15,0.0,0.0005,-0.0002,8940.54,3,137.333,75.492,step
2026-09-01T13:13:10.303392+00:00,97.523,-0.0005,0.15,0.0,0.0005,-0.0002,8941.78,3,136.736,75.514,step
2026-09-01T13:13:10.304655+00:00,97.537,-0.0004,0.15,0.0,0.0004,-0.0002,8940.93,3,136.139,75.536,step
2026-09-01T13:13:10.305922+00:00,97.549,-0.0004,0.15,0.0,0.0004,-0.0002,8942.31,3,135.543,75.558,step
2026-09-01T13:13:10.307174+00:00,97.561,-0.0004,0.15,0.0,0.0004,-0.0002,8944.36,3,134.946,75.58,step
2026-09-01T13:13:10.308424+00:00,97.573,-0.0004,0.15,0.0,0.0003,-0.0002,8946.37,3,134.349,75.602,step
2026-09-01T13:13:10.309662+00:00,97.585,-0.0004,0.15,0.0,0.0003,-0.0002,8947.97,3,133.752,75.624,step
2026-09-01T13:13:10.310915+00:00,97.598,-0.0004,0.15,0.0,0.0004,-0.0002,8949.28,3,133.157,75.646,step
2026-09-01T13:13:10.312173+00:00,97.611,-0.0005,0.15,0.0,0.0005,-0.0002,8950.4,3,132.561,75.668,step
2026-09-01T13:13:10.313424+00:00,97.624,-0.0005,0.15,0.0,0.0005,-0.0002,8951.45,3,131.965,75.69,step
2026-09-01T13:13:10.314694+00:00,97.636,-0.0005,0.15,0.0,0.0006,-0.0002,8952.38,3,131.369,75.712,step
2026-09-01T13:13:10.315964+00:00,97.647,-0.0005,0.15,0.0,0.0006,-0.0002,8953.25,3,130.764,75.734,step
2026-09-01T13:13:10.317229+00:00,97.659,-0.0005,0.15,0.0,0.0007,-0.0001,8954.14,3,130.152,75.756,step
2026-09-01T13:13:10.318493+00:00,97.67,-0.0004,0.15,0.0,0.0007,-0.0001,8955.11,3,129.544,75.778,step
2026-09-01T13:13:10.319751+00:00,97.681,-0.0004,0.15,0.0,0.0008,-0.0001,8956.17,3,128.943,75.8,step
2026-09-01T13:13:10.320995+00:00,97.693,-0.0005,0.15,0.0,0.0008,-0.0,8954.63,3,128.345,75.822,step
2026-09-01T13:13:10.322240+00:00,97.703,-0.0005,0.15,0.0,0.0008,-0.0,8955.87,3,127.748,75.844,step
2026-09-01T13:13:10.323466+00:00,97.713,-0.0005,0.15,0.0,0.0009,-0.0,8957.96,3,127.151,75.866,step
2026-09-01T13:13:10.324708+00:00,97.723,-0.0005,0.15,0.0,0.0009,-0.0,8960.02,3,126.555,75.888,step
2026-09-01T13:13:10.325949+00:00,97.733,-0.0005,0.15,0.0,0.001,-0.0,8961.58,3,125.951,75.91,step
2026-09-01T13:13:10.327200+00:00,97.744,-0.0004,0.15,0.0,0.001,0.0,8962.75,3,125.339,75.932,step
2026-09-01T13:13:10.328438+00:00,97.755,-0.0004,0.15,0.0,0.001,0.0001,8963.7,3,124.73,75.954,step
2026-09-01T13:13:10.329692+00:00,97.766,-0.0004,0.15,0.0,0.001,0.0001,8964.55,3,124.129,75.976,step
2026-09-01T13:13:10.330970+00:00,97.776,-0.0004,0.15,0.0,0.001,0.0001,8965.29,3,123.53,75.998,step
2026-09-01T13:13:10.332236+00:00,97.786,-0.0004,0.15,0.0,0.001,0.0001,8966.03,3,122.932,76.02,step
2026-09-01T13:13:10.333487+00:00,97.796,-0.0004,0.15,0.0,0.001,0.0001,8966.78,3,122.334,76.042,step
2026-09-01T13:13:10.334745+00:00,97.806,-0.0004,0.15,0.0,0.001,0.0001,8967.6,3,121.736,76.064,step
2026-09-01T13:13:10.335998+00:00,97.815,-0.0004,0.15,0.0,0.001,0.0001,8968.49,3,121.139,76.086,step
2026-09-01T13:13:10.337262+00:00,97.826,-0.0004,0.15,0.0,0.001,0.0001,8967.41,3,120.541,76.108,step
2026-09-01T13:13:10.338496+00:00,97.834,-0.0004,0.0,0.15,0.001,0.0001,8968.46,3,119.944,76.13,step
2026-09-01T13:13:10.339729+00:00,97.397,-0.0004,0.0,0.15,0.001,0.0001,8782.5,3,119.353,76.152,step
2026-09-01T13:13:10.340978+00:00,96.76,-0.0005,0.0,0.15,0.0009,0.0,8719.27,3,118.778,76.174,step
2026-09-01T13:13:10.342213+00:00,96.122,-0.0006,0.0,0.15,0.0009,-0.0001,8658.64,3,118.211,76.196,step
2026-09-01T13:13:10.343435+00:00,95.488,-0.0006,0.0,0.15,0.0009,-0.0001,8600.92,3,117.643,76.218,step
2026-09-01T13:13:10.344688+00:00,94.857,-0.0007,0.0,0.15,0.0009,-0.0002,8545.02,3,117.072,76.24,step
2026-09-01T13:13:10.345942+00:00,94.229,-0.0007,0.0,0.15,0.0009,-0.0002,8489.92,3,116.502,76.262,step
2026-09-01T13:13:10.347223+00:00,93.602,-0.0008,0.0,0.15,0.0009,-0.0002,8434.91,3,115.934,76.284,step
2026-09-01T13:13:10.348489+00:00,92.979,-0.0008,0.0,0.15,0.0009,-0.0003,8380.01,3,115.369,76.306,step
2026-09-01T13:13:10.349742+00:00,92.359,-0.0008,0.0,0.15,0.0009,-0.0003,8325.07,3,114.807,76.328,step
2026-09-01T13:13:10.350998+00:00,91.743,-0.0008,0.15,0.0,0.0009,-0.0003,8270.02,3,114.248,76.35,step
2026-09-01T13:13:10.352251+00:00,91.572,-0.0008,0.15,0.0,0.001,-0.0003,8401.67,3,113.686,76.372,step
2026-09-01T13:13:10.353513+00:00,91.595,-0.0008,0.15,0.0,0.001,-0.0002,8401.15,3,113.114,76.394,step
2026-09-01T13:13:10.354748+00:00,91.617,-0.0007,0.15,0.0,0.001,-0.0002,8401.77,3,112.539,76.416,step
2026-09-01T13:13:10.355998+00:00,91.638,-0.0006,0.15,0.0,0.001,-0.0001,8403.36,3,111.964,76.438,step
2026-09-01T13:13:10.357261+00:00,91.659,-0.0006,0.15,0.0,0.001,-0.0,8405.6,3,111.388,76.46,step
2026-09-01T13:13:10.358521+00:00,91.68,-0.0005,0.15,0.0,0.001,0.0,8408.41,3,110.811,76.482,step
2026-09-01T13:13:10.359766+00:00,91.701,-0.0004,0.15,0.0,0.001,0.0001,8411.02,3,110.24,76.504,step
2026-09-01T13:13:10.361001+00:00,91.722,-0.0004,0.15,0.0,0.001,0.0001,8413.25,3,109.676,76.526,step
2026-09-01T13:13:10.362274+00:00,91.744,-0.0004,0.15,0.0,0.001,0.0001,8415.21,3,109.114,76.548,step
2026-09-01T13:13:10.363580+00:00,91.765,-0.0004,0.15,0.0,0.001,0.0001,8417.04,3,108.553,76.57,step
2026-09-01T13:13:10.364858+00:00,91.786,-0.0004,0.15,0.0,0.0009,0.0001,8418.77,3,107.992,76.592,step
2026-09-01T13:13:10.366134+00:00,91.806,-0.0003,0.15,0.0,0.0009,0.0001,8420.54,3,107.43,76.614,step
2026-09-01T13:13:10.367394+00:00,91.827,-0.0003,0.15,0.0,0.0008,0.0001,8422.33,3,106.868,76.636,step
2026-09-01T13:13:10.368653+00:00,91.847,-0.0003,0.15,0.0,0.0008,0.0001,8424.15,3,106.306,76.658,step
2026-09-01T13:13:10.369898+00:00,91.868,-0.0003,0.15,0.0,0.0008,0.0001,8426.02,3,105.746,76.68,step
2026-09-01T13:13:10.371166+00:00,91.889,-0.0003,0.15,0.0,0.0009,0.0001,8427.02,3,105.185,76.702,step
2026-09-01T13:13:10.372416+00:00,91.909,-0.0003,0.15,0.0,0.0009,0.0001,8428.88,3,104.623,76.724,step
2026-09-01T13:13:10.373650+00:00,91.928,-0.0003,0.15,0.0,0.0009,0.0001,8431.09,3,104.062,76.746,step
2026-09-01T13:13:10.374900+00:00,91.948,-0.0003,0.15,0.0,0.0009,0.0001,8433.38,3,103.5,76.768,step
2026-09-01T13:13:10.376144+00:00,91.968,-0.0004,0.15,0.0,0.0009,0.0001,8435.45,3,102.938,76.79,step
2026-09-01T13:13:10.377408+00:00,91.988,-0.0004,0.15,0.0,0.0009,0.0001,8437.37,3,102.377,76.812,step
2026-09-01T13:13:10.378645+00:00,92.008,-0.0004,0.0,0.15,0.0009,0.0001,8439.2,3,101.815,76.834,step
2026-09-01T13:13:10.379892+00:00,91.586,-0.0004,0.15,0.0,0.0009,0.0001,8260.33,3,101.259,76.856,step
2026-09-01T13:13:10.381156+00:00,91.411,-0.0004,0.15,0.0,0.0009,0.0,8386.65,3,100.707,76.878,step
2026-09-01T13:13:10.382421+00:00,91.433,-0.0004,0.15,0.0,0.0009,0.0,8387.36,3,100.151,76.9,step
2026-09-01T13:13:10.383695+00:00,91.454,-0.0004,0.15,0.0,0.0009,0.0,8388.67,3,99.5918,76.922,step
2026-09-01T13:13:10.384950+00:00,91.474,-0.0004,0.15,0.0,0.0008,0.0,8390.07,3,99.0327,76.944,step
2026-09-01T13:13:10.386208+00:00,91.495,-0.0004,0.15,0.0,0.0008,0.0,8391.68,3,98.4731,76.966,step
2026-09-01T13:13:10.387468+00:00,91.516,-0.0004,0.15,0.0,0.0008,0.0,8393.51,3,97.9138,76.988,step
2026-09-01T13:13:10.388696+00:00,91.536,-0.0004,0.15,0.0,0.0008,0.0,8394.57,3,97.3554,77.01,step
2026-09-01T13:13:10.389921+00:00,91.556,-0.0004,0.15,0.0,0.0008,0.0,8396.64,3,96.7962,77.032,step
2026-09-01T13:13:10.391174+00:00,91.576,-0.0004,0.15,0.0,0.0009,0.0,8399.09,3,96.2367,77.054,step
2026-09-01T13:13:10.392401+00:00,91.596,-0.0004,0.15,0.0,0.0009,0.0,8401.38,3,95.6771,77.076,step
2026-09-01T13:13:10.393636+00:00,91.616,-0.0004,0.15,0.0,0.0009,0.0,8403.42,3,95.1175,77.098,step
2026-09-01T13:13:10.394865+00:00,91.637,-0.0004,0.15,0.0,0.0009,0.0,8405.3,3,94.5581,77.12,step
2026-09-01T13:13:10.396096+00:00,91.657,-0.0005,0.15,0.0,0.0009,0.0,8407.1,3,93.9985,77.142,step
2026-09-01T13:13:10.397330+00:00,91.677,-0.0005,0.15,0.0,0.0009,0.0,8408.87,3,93.438,77.164,step
2026-09-01T13:13:10.398586+00:00,91.697,-0.0004,0.15,0.0,0.0009,0.0,8410.64,3,92.8773,77.186,step
2026-09-01T13:13:10.399847+00:00,91.717,-0.0004,0.15,0.0,0.0009,0.0,8412.38,3,92.3166,77.208,step
2026-09-01T13:13:10.401082+00:00,91.736,-0.0004,0.15,0.0,0.0009,0.0,8414.09,3,91.756,77.23,step
2026-09-01T13:13:10.402346+00:00,91.756,-0.0004,0.15,0.0,0.0009,0.0,8415.84,3,91.195,77.252,step
2026-09-01T13:13:10.403588+00:00,91.775,-0.0004,0.15,0.0,0.0008,0.0,8417.62,3,90.6344,77.274,step
2026-09-01T13:13:10.404818+00:00,91.795,-0.0004,0.15,0.0,0.0008,0.0,8419.43,3,90.0726,77.296,step
2026-09-01T13:13:10.406078+00:00,91.814,-0.0003,0.15,0.0,0.0007,0.0,8420.27,3,89.5108,77.318,step
2026-09-01T13:13:10.407318+00:00,91.834,-0.0003,0.15,0.0,0.0007,0.0,8422.14,3,88.9492,77.34,step
2026-09-01T13:13:10.408545+00:00,91.852,-0.0004,0.15,0.0,0.0007,0.0,8424.31,3,88.3885,77.362,step
2026-09-01T13:13:10.409766+00:00,91.871,-0.0004,0.15,0.0,0.0008,0.0,8426.42,3,87.8279,77.384,step
2026-09-01T13:13:10.410986+00:00,91.89,-0.0004,0.15,0.0,0.0008,0.0,8428.36,3,87.2673,77.406,step
2026-09-01T13:13:10.412212+00:00,91.909,-0.0004,0.15,0.0,0.0009,0.0,8430.15,3,86.7056,77.428,step
2026-09-01T13:13:10.413429+00:00,91.928,-0.0004,0.15,0.0,0.0009,0.0,8431.88,3,86.1439,77.45,step
2026-09-01T13:13:10.414651+00:00,91.948,-0.0004,0.15,0.0,0.0009,0.0,8433.58,3,85.5821,77.472,step
2026-09-01T13:13:10.415896+00:00,91.966,-0.0004,0.15,0.0,0.0009,0.0,8435.26,3,85.0203,77.494,step
2026-09-01T13:13:10.417139+00:00,91.985,-0.0004,0.15,0.0,0.0009,0.0,8436.9,3,84.4585,77.516,step
2026-09-01T13:13:10.418373+00:00,92.004,-0.0004,0.0,0.15,0.0009,0.0,8438.52,3,83.8967,77.538,step
2026-09-01T13:13:10.419606+00:00,91.578,-0.0005,0.15,0.0,0.0009,-0.0,8260.24,3,83.3402,77.56,step
2026-09-01T13:13:10.420833+00:00,91.403,-0.0005,0.15,0.0,0.0009,-0.0,8385.77,3,82.7873,77.582,step
2026-09-01T13:13:10.422056+00:00,91.423,-0.0005,0.15,0.0,0.0009,-0.0,8386.48,3,82.2255,77.604,step
2026-09-01T13:13:10.423280+00:00,91.443,-0.0004,0.15,0.0,0.0009,-0.0,8386.75,3,81.6617,77.626,step
2026-09-01T13:13:10.424485+00:00,91.462,-0.0004,0.15,0.0,0.0008,0.0,8388.24,3,81.1006,77.648,step
2026-09-01T13:13:10.425702+00:00,91.481,-0.0004,0.15,0.0,0.0008,0.0,8390.06,3,80.5404,77.67,step
2026-09-01T13:13:10.426923+00:00,91.5,-0.0004,0.15,0.0,0.0007,0.0,8392.18,3,79.9805,77.692,step
2026-09-01T13:13:10.428137+00:00,91.519,-0.0004,0.15,0.0,0.0008,0.0,8394.33,3,79.4216,77.714,step
2026-09-01T13:13:10.429345+00:00,91.539,-0.0004,0.15,0.0,0.0008,0.0,8396.29,3,78.8632,77.736,step
2026-09-01T13:13:10.430544+00:00,91.558,-0.0004,0.15,0.0,0.0008,0.0,8398.11,3,78.3038,77.758,step
2026-09-01T13:13:10.431762+00:00,91.577,-0.0004,0.15,0.0,0.0009,0.0,8399.85,3,77.7443,77.78,step
2026-09-01T13:13:10.432996+00:00,91.596,-0.0004,0.15,0.0,0.0009,0.0,8401.53,3,77.1847,77.802,step
2026-09-01T13:13:10.434240+00:00,91.615,-0.0004,0.15,0.0,0.0009,0.0,8403.14,3,76.6252,77.824,step
2026-09-01T13:13:10.435492+00:00,91.634,-0.0004,0.15,0.0,0.0009,0.0,8404.77,3,76.0657,77.846,step
2026-09-01T13:13:10.436715+00:00,91.652,-0.0005,0.15,0.0,0.0009,0.0,8406.42,3,75.5059,77.868,step
2026-09-01T13:13:10.437936+00:00,91.671,-0.0004,0.15,0.0,0.0009,0.0,8408.09,3,74.9456,77.89,step
2026-09-01T13:13:10.439167+00:00,91.689,-0.0004,0.15,0.0,0.0009,0.0,8409.58,3,74.385,77.912,step
2026-09-01T13:13:10.440405+00:00,91.708,-0.0004,0.15,0.0,0.0009,0.0,8410.54,3,73.8243,77.934,step
2026-09-01T13:13:10.441639+00:00,91.726,-0.0004,0.15,0.0,0.0009,0.0,8412.39,3,73.2636,77.956,step
2026-09-01T13:13:10.442864+00:00,91.744,-0.0004,0.15,0.0,0.0009,0.0,8414.54,3,72.7029,77.978,step
2026-09-01T13:13:10.444106+00:00,91.762,-0.0004,0.15,0.0,0.0008,0.0,8416.52,3,72.1423,78.0,step
2026-09-01T13:13:10.445334+00:00,91.78,-0.0004,0.15,0.0,0.0008,0.0,8418.33,3,71.5813,78.022,step
2026-09-01T13:13:10.446567+00:00,91.798,-0.0004,0.15,0.0,0.0008,0.0,8420.01,3,71.0195,78.044,step
2026-09-01T13:13:10.447791+00:00,91.816,-0.0003,0.15,0.0,0.0007,0.0,8421.64,3,70.4576,78.066,step
2026-09-01T13:13:10.449038+00:00,91.834,-0.0003,0.15,0.0,0.0007,0.0,8423.25,3,69.8962,78.088,step
2026-09-01T13:13:10.450279+00:00,91.852,-0.0003,0.15,0.0,0.0007,0.0,8424.83,3,69.3355,78.11,step
2026-09-01T13:13:10.451531+00:00,91.87,-0.0004,0.15,0.0,0.0008,0.0,8426.38,3,68.7748,78.132,step
2026-09-01T13:13:10.452784+00:00,91.888,-0.0004,0.15,0.0,0.0008,0.0,8427.93,3,68.2142,78.154,step
2026-09-01T13:13:10.454027+00:00,91.905,-0.0004,0.15,0.0,0.0009,0.0,8429.49,3,67.6531,78.176,step
2026-09-01T13:13:10.455256+00:00,91.922,-0.0004,0.15,0.0,0.0009,0.0,8431.1,3,67.0913,78.198,step
2026-09-01T13:13:10.456492+00:00,91.94,-0.0004,0.15,0.0,0.0009,0.0,8432.1,3,66.5295,78.22,step
2026-09-01T13:13:10.457710+00:00,91.957,-0.0004,0.15,0.0,0.0009,0.0,8433.38,3,65.9677,78.242,step
2026-09-01T13:13:10.458938+00:00,91.974,-0.0004,0.15,0.0,0.0009,0.0,8435.18,3,65.4059,78.264,step
2026-09-01T13:13:10.460156+00:00,91.991,-0.0004,0.15,0.0,0.0009,0.0,8437.22,3,64.8441,78.286,step
2026-09-01T13:13:10.461382+00:00,92.008,-0.0005,0.0,0.15,0.0009,0.0,8439.08,3,64.2823,78.308,step
2026-09-01T13:13:10.462634+00:00,91.583,-0.0005,0.15,0.0,0.0009,-0.0,8260.03,3,63.7238,78.33,step
2026-09-01T13:13:10.463848+00:00,91.405,-0.0005,0.15,0.0,0.0009,-0.0,8386.29,3,63.169,78.352,step
2026-09-01T13:13:10.465076+00:00,91.424,-0.0005,0.15,0.0,0.0009,-0.0,8386.76,3,62.608,78.374,step
2026-09-01T13:13:10.466326+00:00,91.442,-0.0004,0.15,0.0,0.0009,0.0,8387.86,3,62.0451,78.396,step
2026-09-01T13:13:10.467562+00:00,91.46,-0.0004,0.15,0.0,0.0008,0.0,8389.04,3,61.4844,78.418,step
2026-09-01T13:13:10.468805+00:00,91.478,-0.0004,0.15,0.0,0.0008,0.0,8390.33,3,60.9243,78.44,step
2026-09-01T13:13:10.470049+00:00,91.496,-0.0003,0.15,0.0,0.0007,0.0,8391.82,3,60.3646,78.462,step
2026-09-01T13:13:10.471267+00:00,91.514,-0.0003,0.15,0.0,0.0007,0.0,8393.47,3,59.805,78.484,step
2026-09-01T13:13:10.472479+00:00,91.531,-0.0004,0.0,0.15,0.0008,0.0,8395.28,3,59.2467,78.506,step
2026-09-01T13:13:10.473692+00:00,91.106,-0.0003,0.0,0.15,0.0008,0.0,8220.48,3,58.6859,78.528,step
2026-09-01T13:13:10.474911+00:00,90.487,-0.0003,0.0,0.15,0.0008,0.0001,8160.45,3,58.1246,78.55,step
2026-09-01T13:13:10.476119+00:00,89.87,-0.0002,0.0,0.15,0.0008,0.0002,8101.79,3,57.5651,78.572,step
2026-09-01T13:13:10.477337+00:00,89.256,-0.0001,0.0,0.15,0.0008,0.0002,8045.47,3,57.0092,78.594,step
2026-09-01T13:13:10.478543+00:00,88.645,-0.0,0.0,0.15,0.0007,0.0003,7990.78,3,56.4569,78.616,step
2026-09-01T13:13:10.479768+00:00,88.037,0.0001,0.0,0.15,0.0007,0.0004,7936.89,3,55.9086,78.638,step
2026-09-01T13:13:10.480985+00:00,87.431,0.0002,0.0,0.15,0.0007,0.0004,7883.31,3,55.3642,78.66,step
2026-09-01T13:13:10.482206+00:00,86.828,0.0003,0.0,0.15,0.0007,0.0005,7829.79,3,54.8239,78.682,step
2026-09-01T13:13:10.483411+00:00,86.227,0.0004,0.0,0.15,0.0007,0.0006,7776.28,3,54.2875,78.704,step
2026-09-01T13:13:10.484635+00:00,85.626,0.0005,0.0,0.15,0.0006,0.0006,7722.72,3,53.7552,78.726,step
2026-09-01T13:13:10.485867+00:00,85.029,0.0005,0.0,0.15,0.0006,0.0007,7669.29,3,53.2268,78.748,step
2026-09-01T13:13:10.487109+00:00,84.434,0.0006,0.0,0.15,0.0005,0.0007,7616.03,3,52.7053,78.77,step
2026-09-01T13:13:10.488350+00:00,83.841,0.0006,0.0,0.15,0.0005,0.0007,7562.91,3,52.191,78.792,step
2026-09-01T13:13:10.489570+00:00,83.25,0.0006,0.0,0.15,0.0005,0.0007,7509.91,3,51.6814,78.814,step
2026-09-01T13:13:10.490793+00:00,82.661,0.0007,0.0,0.15,0.0004,0.0007,7457.06,3,51.1757,78.836,step
2026-09-01T13:13:10.492024+00:00,82.072,0.0007,0.0,0.15,0.0004,0.0007,7406.38,3,50.6739,78.858,step
2026-09-01T13:13:10.493255+00:00,81.486,0.0007,0.0,0.15,0.0003,0.0007,7353.58,3,50.1759,78.88,step
2026-09-01T13:13:10.494495+00:00,80.903,0.0007,0.0,0.15,0.0003,0.0007,7300.3,3,49.6816,78.902,step
2026-09-01T13:13:10.495725+00:00,80.321,0.0007,0.0,0.15,0.0002,0.0007,7247.52,3,49.1909,78.924,step
2026-09-01T13:13:10.496945+00:00,79.741,0.0007,0.0,0.15,0.0002,0.0007,7195.23,2,48.704,78.946,step
2026-09-01T13:13:10.498178+00:00,79.184,0.0007,0.0,0.15,0.0002,0.0006,9042.66,2,48.2213,78.968,step
2026-09-01T13:13:10.499405+00:00,78.642,0.0006,0.0,0.15,0.0001,0.0006,9019.12,2,47.7442,78.99,step
2026-09-01T13:13:10.500641+00:00,78.057,0.0006,0.0,0.15,0.0001,0.0005,8841.74,2,47.2726,79.012,step
2026-09-01T13:13:10.501870+00:00,77.417,0.0005,0.0,0.15,0.0,0.0004,8768.39,2,46.8111,79.034,step
2026-09-01T13:13:10.503110+00:00,76.78,0.0003,0.0,0.15,0.0,0.0003,8696.86,2,46.3538,79.056,step
2026-09-01T13:13:10.504367+00:00,76.144,0.0002,0.0,0.15,-0.0,0.0001,8626.05,2,45.8984,79.078,step
2026-09-01T13:13:10.505614+00:00,75.513,0.0001,0.0,0.15,-0.0,0.0,8556.11,2,45.4463,79.1,step
2026-09-01T13:13:10.506875+00:00,74.887,0.1999,0.0,0.15,-0.0,-0.0001,8486.52,2,44.9973,79.122,step
2026-09-01T13:13:10.508115+00:00,74.272,0.1968,0.0,0.15,0.0002,-0.0026,8417.71,2,44.801,79.144,step
2026-09-01T13:13:10.509360+00:00,73.609,-0.0121,0.0,0.15,0.0011,-0.0096,8340.89,2,45.0513,79.166,step
2026-09-01T13:13:10.510609+00:00,72.984,-0.0203,0.0,0.15,0.0024,-0.0159,8270.16,2,45.2367,79.188,step
2026-09-01T13:13:10.511858+00:00,72.358,0.177,0.0,0.15,0.0036,-0.0177,8206.19,2,44.9647,79.21,step
2026-09-01T13:13:10.513100+00:00,71.753,0.1734,0.0,0.15,0.005,-0.0201,8138.78,2,44.7602,79.232,step
2026-09-01T13:13:10.514336+00:00,71.108,0.165,0.0,0.15,0.007,-0.0263,8063.68,2,44.9248,79.254,step
2026-09-01T13:13:10.515583+00:00,70.483,-0.0457,0.0,0.15,0.0096,-0.0341,7990.36,2,45.2442,79.276,step
2026-09-01T13:13:10.516820+00:00,69.888,-0.0538,0.0,0.15,0.0124,-0.0396,7925.11,2,45.3471,79.298,step
2026-09-01T13:13:10.518062+00:00,69.271,0.1445,0.0,0.15,0.0151,-0.04,7859.19,2,44.9548,79.32,step
2026-09-01T13:13:10.519321+00:00,68.68,0.1421,0.0,0.15,0.0178,-0.0408,7792.64,2,44.6115,79.342,step
2026-09-01T13:13:10.520578+00:00,68.056,0.1349,0.0,0.15,0.0211,-0.0455,7721.97,2,44.6261,79.364,step
2026-09-01T13:13:10.521832+00:00,67.451,0.1257,0.0,0.15,0.0248,-0.0516,7652.85,2,44.7829,79.386,step
2026-09-01T13:13:10.523101+00:00,66.856,0.1159,0.0,0.15,0.0289,-0.058,7586.03,2,44.9645,79.408,step
2026-09-01T13:13:10.524396+00:00,66.266,-0.0937,0.8,0.0,0.0334,-0.0642,7520.34,2,45.1215,79.43,step
2026-09-01T13:13:10.525681+00:00,66.655,0.1003,0.0,0.15,0.038,-0.0673,8511.75,2,44.9997,79.452,step
2026-09-01T13:13:10.526972+00:00,66.633,0.0973,0.0,0.15,0.0425,-0.0678,7574.07,2,44.6416,79.474,step
2026-09-01T13:13:10.528261+00:00,66.029,0.0914,0.0,0.15,0.0474,-0.0708,7505.77,2,44.5012,79.496,step
2026-09-01T13:13:10.529551+00:00,65.439,0.0841,0.0,0.15,0.0525,-0.0747,7433.51,2,44.4456,79.518,step
2026-09-01T13:13:10.530834+00:00,64.856,0.0766,0.0,0.15,0.0578,-0.0788,7363.97,2,44.4081,79.54,step
2026-09-01T13:13:10.532117+00:00,64.276,0.069,0.0,0.15,0.0634,-0.0827,7297.32,2,44.3603,79.562,step
2026-09-01T13:13:10.533395+00:00,63.7,0.0618,0.0,0.15,0.0692,-0.0864,7232.7,2,44.288,79.584,step
2026-09-01T13:13:10.534679+00:00,63.127,0.0549,0.0,0.15,0.0751,-0.0897,7169.1,2,44.1858,79.606,step
2026-09-01T13:13:10.535964+00:00,62.556,0.0483,0.0,0.15,0.0811,-0.0926,7107.83,2,44.0534,79.628,step
2026-09-01T13:13:10.537254+00:00,61.989,0.0422,0.0,0.15,0.0872,-0.0951,7044.34,2,43.8904,79.65,step
2026-09-01T13:13:10.538529+00:00,61.424,0.0365,0.0,0.15,0.0934,-0.0973,6980.58,2,43.7007,79.672,step
2026-09-01T13:13:10.539817+00:00,60.862,0.0311,0.0,0.15,0.0997,-0.0992,6916.96,2,43.487,79.694,step
2026-09-01T13:13:10.541097+00:00,60.303,0.026,0.0,0.15,0.106,-0.1009,6853.71,2,43.2526,79.716,step
2026-09-01T13:13:10.542392+00:00,59.745,0.0212,0.0,0.15,0.1123,-0.1022,6790.83,2,42.9999,79.738,step
2026-09-01T13:13:10.543679+00:00,59.189,0.0167,0.0,0.15,0.1186,-0.1034,6728.24,2,42.7298,79.76,step
2026-09-01T13:13:10.544981+00:00,58.635,0.0124,0.0,0.15,0.1249,-0.1043,6665.91,2,42.445,79.782,step
2026-09-01T13:13:10.546264+00:00,58.083,0.0084,0.0,0.15,0.1311,-0.105,6603.83,2,42.1455,79.804,step
2026-09-01T13:13:10.547537+00:00,57.533,0.0047,0.0,0.15,0.1374,-0.1055,6541.93,2,41.8328,79.826,step
2026-09-01T13:13:10.548833+00:00,56.985,0.0012,0.0,0.15,0.1435,-0.1058,6480.23,2,41.5099,79.848,step
2026-09-01T13:13:10.550134+00:00,56.44,-0.002,0.0,0.15,0.1497,-0.106,6418.71,2,41.1775,79.87,step
2026-09-01T13:13:10.551439+00:00,55.895,-0.0051,0.0,0.15,0.1557,-0.106,6357.4,2,40.8366,79.892,step
2026-09-01T13:13:10.552755+00:00,55.353,-0.008,0.0,0.15,0.1617,-0.1059,6296.23,2,40.4887,79.914,step
2026-09-01T13:13:10.554091+00:00,54.812,-0.0106,0.0,0.15,0.1676,-0.1057,6235.2,2,40.1336,79.936,step
2026-09-01T13:13:10.555416+00:00,54.274,-0.0131,0.0,0.15,0.1734,-0.1053,6174.45,2,39.7713,79.958,step
2026-09-01T13:13:10.556743+00:00,53.737,-0.0154,0.0,0.15,0.1791,-0.1048,6113.83,2,39.4047,79.98,step
2026-09-01T13:13:10.558075+00:00,53.202,-0.0175,0.0,0.15,0.1848,-0.1043,6053.37,2,39.0358,80.002,step
2026-09-01T13:13:10.559422+00:00,52.669,-0.0178,0.0,0.15,0.1903,-0.1022,5993.07,2,38.6647,80.024,step
2026-09-01T13:13:10.560794+00:00,52.137,-0.0142,0.0,0.15,0.1955,-0.097,5932.92,2,38.2937,80.046,step
2026-09-01T13:13:10.562148+00:00,51.607,-0.0105,0.0,0.15,0.2004,-0.0919,5872.97,2,37.931,80.068,step
2026-09-01T13:13:10.563504+00:00,51.078,-0.0069,0.0,0.15,0.205,-0.087,5813.17,2,37.5807,80.09,step
2026-09-01T13:13:10.564885+00:00,50.551,-0.0034,0.0,0.15,0.2093,-0.0823,5754.03,2,37.244,80.112,step
2026-09-01T13:13:10.566276+00:00,50.025,-0.0,0.0,0.15,0.2134,-0.0778,5694.85,2,36.9218,80.134,step
2026-09-01T13:13:10.567666+00:00,49.501,0.0033,0.0,0.15,0.2172,-0.0734,5635.25,1,36.6124,80.156,step
2026-09-01T13:13:10.569071+00:00,48.985,0.0066,0.0,0.15,0.2208,-0.0692,7560.47,1,36.3145,80.178,step
2026-09-01T13:13:10.570476+00:00,48.472,0.0097,0.0,0.15,0.2241,-0.0652,7548.58,1,36.0292,80.2,step
2026-09-01T13:13:10.571871+00:00,47.927,0.0128,0.0,0.15,0.2273,-0.0613,7306.27,1,35.7561,80.222,step
2026-09-01T13:13:10.573273+00:00,47.352,0.0157,0.0,0.15,0.2302,-0.0576,7219.65,1,35.4959,80.244,step
2026-09-01T13:13:10.574675+00:00,46.782,0.0186,0.0,0.15,0.2329,-0.0541,7134.0,1,35.2464,80.266,step
2026-09-01T13:13:10.576059+00:00,46.215,0.0214,0.0,0.15,0.2355,-0.0507,7049.1,1,35.0071,80.288,step
2026-09-01T13:13:10.577435+00:00,45.652,0.0242,0.0,0.15,0.2378,-0.0474,6964.79,1,34.7761,80.31,step
2026-09-01T13:13:10.578818+00:00,45.092,0.027,0.0,0.15,0.2401,-0.0442,6880.98,1,34.5532,80.332,step
2026-09-01T13:13:10.580202+00:00,44.535,0.0296,0.0,0.15,0.2421,-0.0411,6797.59,1,34.3396,80.354,step
2026-09-01T13:13:10.581584+00:00,43.982,0.0322,0.0,0.15,0.244,-0.0382,6714.64,1,34.1345,80.376,step
2026-09-01T13:13:10.582976+00:00,43.433,0.0347,0.0,0.15,0.2458,-0.0353,6631.52,1,33.9365,80.398,step
2026-09-01T13:13:10.584352+00:00,42.886,0.0372,0.0,0.15,0.2474,-0.0326,6549.44,1,33.7461,80.42,step
2026-09-01T13:13:10.585732+00:00,42.343,0.0395,0.0,0.15,0.249,-0.03,6467.77,1,33.5626,80.442,step
2026-09-01T13:13:10.587132+00:00,41.802,0.0418,0.15,0.0,0.2504,-0.0275,6386.37,1,33.3862,80.464,step
2026-09-01T13:13:10.588536+00:00,41.827,0.0441,0.15,0.0,0.2517,-0.025,6545.3,1,33.2109,80.486,step
2026-09-01T13:13:10.589929+00:00,41.962,0.0466,0.15,0.0,0.2529,-0.0225,6561.83,1,33.0326,80.508,step
2026-09-01T13:13:10.591353+00:00,42.095,0.049,0.0,0.15,0.254,-0.02,6579.89,1,32.8559,80.53,step
2026-09-01T13:13:10.592750+00:00,41.675,0.0513,0.15,0.0,0.2551,-0.0176,6375.82,1,32.6866,80.552,step
2026-09-01T13:13:10.594126+00:00,41.698,0.0536,0.15,0.0,0.256,-0.0153,6520.85,1,32.5223,80.574,step
2026-09-01T13:13:10.595476+00:00,41.831,0.056,0.15,0.0,0.2569,-0.013,6540.66,1,32.3573,80.596,step
2026-09-01T13:13:10.596827+00:00,41.962,0.0584,0.15,0.0,0.2577,-0.0106,6561.0,1,32.1951,80.618,step
2026-09-01T13:13:10.598190+00:00,42.094,0.0608,0.0,0.15,0.2584,-0.0084,6581.38,1,32.0352,80.64,step
2026-09-01T13:13:10.599596+00:00,41.672,0.063,0.15,0.0,0.259,-0.0062,6371.45,1,31.8847,80.662,step
2026-09-01T13:13:10.601000+00:00,41.7,0.0652,0.15,0.0,0.2595,-0.0042,6523.01,1,31.7408,80.684,step
2026-09-01T13:13:10.602421+00:00,41.832,0.0674,0.15,0.0,0.26,-0.0021,6542.06,1,31.5942,80.706,step
2026-09-01T13:13:10.603861+00:00,41.964,0.0697,0.15,0.0,0.2604,-0.0001,6561.55,1,31.4486,80.728,step
2026-09-01T13:13:10.605222+00:00,42.096,0.0719,0.0,0.15,0.2607,0.0019,6581.23,1,31.3058,80.75,step
2026-09-01T13:13:10.606608+00:00,41.674,0.0739,0.15,0.0,0.2609,0.0037,6372.67,1,31.1719,80.772,step
2026-09-01T13:13:10.608015+00:00,41.704,0.0759,0.15,0.0,0.2611,0.0054,6522.93,1,31.044,80.794,step
2026-09-01T13:13:10.609375+00:00,41.836,0.078,0.15,0.0,0.2612,0.0071,6541.92,1,30.9123,80.816,step
2026-09-01T13:13:10.610741+00:00,41.968,0.08,0.15,0.0,0.2613,0.0089,6561.51,1,30.7817,80.838,step
2026-09-01T13:13:10.612129+00:00,42.099,0.082,0.0,0.15,0.2613,0.0106,6581.35,1,30.6528,80.86,step
2026-09-01T13:13:10.613514+00:00,41.677,0.0839,0.15,0.0,0.2612,0.0121,6372.87,1,30.5327,80.882,step
2026-09-01T13:13:10.614856+00:00,41.708,0.0858,0.15,0.0,0.2611,0.0136,6523.53,1,30.4188,80.904,step
2026-09-01T13:13:10.616198+00:00,41.84,0.0878,0.15,0.0,0.2609,0.0152,6542.36,1,30.3001,80.926,step
2026-09-01T13:13:10.617536+00:00,41.971,0.0898,0.15,0.0,0.2607,0.0168,6561.91,1,30.1827,80.948,step
2026-09-01T13:13:10.618894+00:00,42.103,0.0918,0.0,0.15,0.2604,0.0183,6581.61,1,30.0664,80.97,step
2026-09-01T13:13:10.620287+00:00,41.68,0.0936,0.15,0.0,0.2601,0.0197,6373.3,1,29.9599,80.992,step
2026-09-01T13:13:10.621646+00:00,41.713,0.0952,0.15,0.0,0.2597,0.0209,6524.11,1,29.8591,81.014,step
2026-09-01T13:13:10.622988+00:00,41.845,0.0971,0.15,0.0,0.2593,0.0223,6542.88,1,29.7526,81.036,step
2026-09-01T13:13:10.624353+00:00,41.976,0.0989,0.15,0.0,0.2588,0.0236,6562.39,1,29.646,81.058,step
2026-09-01T13:13:10.625737+00:00,42.106,0.1007,0.0,0.15,0.2583,0.0249,6582.08,1,29.5411,81.08,step
2026-09-01T13:13:10.627116+00:00,41.683,0.1023,0.15,0.0,0.2578,0.026,6373.68,1,29.4461,81.102,step
2026-09-01T13:13:10.628509+00:00,41.718,0.1038,0.15,0.0,0.2572,0.027,6524.59,1,29.3559,81.124,step
2026-09-01T13:13:10.629868+00:00,41.849,0.1055,0.15,0.0,0.2565,0.0281,6543.33,1,29.2596,81.146,step
2026-09-01T13:13:10.631218+00:00,41.98,0.1071,0.15,0.0,0.2559,0.0292,6562.79,1,29.1628,81.168,step
2026-09-01T13:13:10.632593+00:00,42.11,0.1088,0.0,0.15,0.2552,0.0303,6582.41,1,29.0672,81.19,step
2026-09-01T13:13:10.633937+00:00,41.688,0.1103,0.15,0.0,0.2544,0.0312,6374.22,1,28.9814,81.212,step
2026-09-01T13:13:10.635253+00:00,41.723,0.1117,0.15,0.0,0.2536,0.0321,6525.14,1,28.9004,81.234,step
2026-09-01T13:13:10.636573+00:00,41.854,0.1133,0.15,0.0,0.2529,0.0331,6543.81,1,28.8133,81.256,step
2026-09-01T13:13:10.637903+00:00,41.984,0.115,0.15,0.0,0.252,0.0341,6563.19,1,28.7253,81.278,step
2026-09-01T13:13:10.639223+00:00,42.113,0.1166,0.0,0.15,0.2511,0.0351,6582.71,1,28.6384,81.3,step
2026-09-01T13:13:10.640574+00:00,41.69,0.1179,0.15,0.0,0.2502,0.0359,6375.32,1,28.5619,81.322,step
2026-09-01T13:13:10.641924+00:00,41.727,0.1192,0.15,0.0,0.2493,0.0365,6525.38,1,28.4899,81.344,step
2026-09-01T13:13:10.643237+00:00,41.858,0.1206,0.15,0.0,0.2483,0.0373,6544.15,1,28.4108,81.366,step
2026-09-01T13:13:10.644594+00:00,41.987,0.1221,0.15,0.0,0.2474,0.0381,6563.56,1,28.3321,81.388,step
2026-09-01T13:13:10.645959+00:00,42.116,0.1235,0.0,0.15,0.2464,0.0389,6583.01,1,28.2531,81.41,step
2026-09-01T13:13:10.647305+00:00,41.692,0.1247,0.15,0.0,0.2454,0.0395,6374.87,1,28.1839,81.432,step
2026-09-01T13:13:10.648643+00:00,41.73,0.1258,0.15,0.0,0.2443,0.04,6525.99,1,28.12,81.454,step
2026-09-01T13:13:10.649996+00:00,41.86,0.127,0.15,0.0,0.2433,0.0406,6544.58,1,28.0489,81.476,step
2026-09-01T13:13:10.651344+00:00,41.989,0.1283,0.15,0.0,0.2422,0.0412,6563.77,1,27.9759,81.498,step
2026-09-01T13:13:10.652666+00:00,42.118,0.1297,0.0,0.15,0.2411,0.0419,6583.19,1,27.9026,81.52,step
2026-09-01T13:13:10.653990+00:00,41.694,0.1309,0.15,0.0,0.24,0.0424,6375.14,1,27.8399,81.542,step
2026-09-01T13:13:10.655295+00:00,41.733,0.1319,0.15,0.0,0.2388,0.0428,6526.22,1,27.7824,81.564,step
2026-09-01T13:13:10.656617+00:00,41.862,0.1332,0.15,0.0,0.2377,0.0434,6544.77,1,27.7172,81.586,step
2026-09-01T13:13:10.657948+00:00,41.991,0.1344,0.15,0.0,0.2366,0.0439,6563.84,1,27.65,81.608,step
2026-09-01T13:13:10.659287+00:00,42.119,0.1357,0.0,0.15,0.2354,0.0445,6582.69,1,27.5824,81.63,step
2026-09-01T13:13:10.660627+00:00,41.694,0.1368,0.15,0.0,0.2342,0.0449,6376.04,1,27.5258,81.652,step
2026-09-01T13:13:10.661957+00:00,41.734,0.1376,0.15,0.0,0.233,0.0451,6525.96,1,27.4742,81.674,step
2026-09-01T13:13:10.663308+00:00,41.863,0.1387,0.15,0.0,0.2318,0.0455,6544.58,1,27.4147,81.696,step
2026-09-01T13:13:10.664657+00:00,41.99,0.1398,0.15,0.0,0.2306,0.0459,6563.83,1,27.3544,81.718,step
2026-09-01T13:13:10.665979+00:00,42.118,0.1409,0.0,0.15,0.2294,0.0463,6583.13,1,27.294,81.74,step
2026-09-01T13:13:10.667323+00:00,41.693,0.1417,0.15,0.0,0.2282,0.0465,6374.82,1,27.2433,81.762,step
2026-09-01T13:13:10.668657+00:00,41.734,0.1425,0.15,0.0,0.2269,0.0466,6526.28,1,27.1965,81.784,step
2026-09-01T13:13:10.670033+00:00,41.862,0.1434,0.15,0.0,0.2257,0.0469,6544.68,1,27.1401,81.806,step
2026-09-01T13:13:10.671341+00:00,41.99,0.1445,0.15,0.0,0.2244,0.0472,6563.7,1,27.082,81.828,step
2026-09-01T13:13:10.672641+00:00,42.117,0.1456,0.0,0.15,0.2231,0.0477,6582.86,1,27.0236,81.85,step
2026-09-01T13:13:10.673993+00:00,41.692,0.1465,0.15,0.0,0.2218,0.0479,6374.79,1,26.9764,81.872,step
2026-09-01T13:13:10.675301+00:00,41.733,0.1473,0.15,0.0,0.2206,0.0479,6526.0,1,26.9342,81.894,step
2026-09-01T13:13:10.676609+00:00,41.86,0.1482,0.15,0.0,0.2193,0.0482,6544.32,1,26.8825,81.916,step
2026-09-01T13:13:10.677928+00:00,41.987,0.1492,0.15,0.0,0.218,0.0485,6562.54,1,26.8291,81.938,step
2026-09-01T13:13:10.679245+00:00,42.114,0.1502,0.0,0.15,0.2167,0.0488,6581.52,1,26.775,81.96,step
2026-09-01T13:13:10.680578+00:00,41.687,0.1509,0.15,0.0,0.2154,0.0489,6374.91,1,26.7315,81.982,step
2026-09-01T13:13:10.681919+00:00,41.73,0.1515,0.15,0.0,0.2141,0.0488,6525.34,1,26.6928,82.004,step
2026-09-01T13:13:10.683281+00:00,41.856,0.1523,0.15,0.0,0.2129,0.049,6543.55,1,26.6455,82.026,step
2026-09-01T13:13:10.684623+00:00,41.983,0.1532,0.15,0.0,0.2116,0.0491,6562.59,1,26.596,82.048,step
2026-09-01T13:13:10.685986+00:00,42.109,0.154,0.0,0.15,0.2103,0.0493,6581.81,1,26.5462,82.07,step
2026-09-01T13:13:10.687329+00:00,41.683,0.1546,0.15,0.0,0.209,0.0493,6373.14,1,26.5066,82.092,step
2026-09-01T13:13:10.688644+00:00,41.725,0.1551,0.15,0.0,0.2077,0.0491,6525.05,1,26.4708,82.114,step
2026-09-01T13:13:10.689952+00:00,41.851,0.1558,0.15,0.0,0.2065,0.0492,6543.28,1,26.4257,82.136,step
2026-09-01T13:13:10.691291+00:00,41.977,0.1567,0.15,0.0,0.2053,0.0494,6562.03,1,26.3791,82.158,step
2026-09-01T13:13:10.692587+00:00,42.103,0.1576,0.0,0.15,0.204,0.0496,6580.9,1,26.332,82.18,step
2026-09-01T13:13:10.693905+00:00,41.677,0.1582,0.15,0.0,0.2027,0.0496,6372.5,1,26.2951,82.202,step
2026-09-01T13:13:10.695218+00:00,41.719,0.1587,0.15,0.0,0.2015,0.0495,6524.13,1,26.2622,82.224,step
2026-09-01T13:13:10.696540+00:00,41.845,0.1594,0.15,0.0,0.2002,0.0496,6541.34,1,26.2197,82.246,step
2026-09-01T13:13:10.697878+00:00,41.971,0.1602,0.15,0.0,0.1989,0.0497,6559.76,1,26.1747,82.268,step
2026-09-01T13:13:10.699192+00:00,42.095,0.1609,0.0,0.15,0.1977,0.0498,6578.84,1,26.1297,82.29,step
2026-09-01T13:13:10.700516+00:00,41.666,0.1614,0.15,0.0,0.1964,0.0497,6371.44,1,26.0953,82.312,step
2026-09-01T13:13:10.701877+00:00,41.711,0.1618,0.15,0.0,0.1952,0.0495,6523.02,1,26.0654,82.334,step
2026-09-01T13:13:10.703207+00:00,41.836,0.1624,0.15,0.0,0.194,0.0495,6540.88,1,26.0258,82.356,step
2026-09-01T13:13:10.704513+00:00,41.961,0.163,0.15,0.0,0.1928,0.0495,6559.67,1,25.9836,82.378,step
2026-09-01T13:13:10.705859+00:00,42.086,0.1637,0.0,0.15,0.1916,0.0495,6578.69,1,25.9414,82.4,step
2026-09-01T13:13:10.707218+00:00,41.659,0.164,0.15,0.0,0.1903,0.0493,6369.71,1,25.9092,82.422,step
2026-09-01T13:13:10.708525+00:00,41.702,0.1643,0.15,0.0,0.1892,0.0491,6521.96,1,25.8809,82.444,step
2026-09-01T13:13:10.709814+00:00,41.827,0.165,0.15,0.0,0.188,0.0492,6539.87,1,25.8419,82.466,step
2026-09-01T13:13:10.711111+00:00,41.951,0.1657,0.15,0.0,0.1868,0.0493,6558.47,1,25.8013,82.488,step
2026-09-01T13:13:10.712428+00:00,42.075,0.1665,0.0,0.15,0.1856,0.0494,6577.11,1,25.7607,82.51,step
2026-09-01T13:13:10.713739+00:00,41.648,0.1669,0.15,0.0,0.1844,0.0492,6368.28,1,25.7298,82.532,step
2026-09-01T13:13:10.715052+00:00,41.691,0.1672,0.15,0.0,0.1832,0.049,6519.86,1,25.7031,82.554,step
2026-09-01T13:13:10.716389+00:00,41.816,0.1678,0.15,0.0,0.182,0.049,6536.87,1,25.6659,82.576,step
2026-09-01T13:13:10.717754+00:00,41.939,0.1684,0.15,0.0,0.1808,0.0491,6555.53,1,25.6274,82.598,step
2026-09-01T13:13:10.719071+00:00,42.062,0.1691,0.0,0.15,0.1797,0.0491,6574.68,1,25.5879,82.62,step
2026-09-01T13:13:10.720428+00:00,41.632,0.1694,0.15,0.0,0.1785,0.0489,6365.87,1,25.56,82.642,step
2026-09-01T13:13:10.721749+00:00,41.677,0.1696,0.15,0.0,0.1773,0.0486,6518.89,1,25.5355,82.664,step
2026-09-01T13:13:10.723071+00:00,41.801,0.1701,0.15,0.0,0.1762,0.0485,6536.37,1,25.5019,82.686,step
2026-09-01T13:13:10.724388+00:00,41.925,0.1706,0.15,0.0,0.1751,0.0484,6555.03,1,25.4662,82.708,step
2026-09-01T13:13:10.725714+00:00,42.048,0.1711,0.0,0.15,0.1739,0.0484,6573.62,1,25.4297,82.73,step
2026-09-01T13:13:10.727033+00:00,41.621,0.1713,0.15,0.0,0.1728,0.0481,6364.02,1,25.4033,82.752,step
2026-09-01T13:13:10.728350+00:00,41.663,0.1717,0.15,0.0,0.1717,0.0479,6516.96,1,25.3798,82.774,step
2026-09-01T13:13:10.729655+00:00,41.787,0.1722,0.15,0.0,0.1706,0.0479,6534.72,1,25.3475,82.796,step
2026-09-01T13:13:10.730964+00:00,41.91,0.1728,0.15,0.0,0.1695,0.048,6553.02,1,25.313,82.818,step
2026-09-01T13:13:10.732313+00:00,42.032,0.1734,0.0,0.15,0.1684,0.048,6571.48,1,25.2783,82.84,step
2026-09-01T13:13:10.733663+00:00,41.604,0.1738,0.15,0.0,0.1673,0.0479,6361.77,1,25.2539,82.862,step
2026-09-01T13:13:10.734990+00:00,41.648,0.174,0.15,0.0,0.1662,0.0476,6512.72,1,25.2328,82.884,step
2026-09-01T13:13:10.736298+00:00,41.77,0.1745,0.15,0.0,0.1652,0.0476,6531.12,1,25.2023,82.906,step
2026-09-01T13:13:10.737593+00:00,41.893,0.175,0.15,0.0,0.1641,0.0476,6549.88,1,25.1698,82.928,step
2026-09-01T13:13:10.738927+00:00,42.014,0.1755,0.0,0.15,0.1631,0.0475,6568.72,1,25.1377,82.95,step
2026-09-01T13:13:10.740264+00:00,41.584,0.1757,0.15,0.0,0.162,0.0473,6358.43,1,25.117,82.972,step
2026-09-01T13:13:10.741574+00:00,41.629,0.1758,0.15,0.0,0.161,0.0469,6512.69,1,25.0999,82.994,step
2026-09-01T13:13:10.742901+00:00,41.752,0.1762,0.15,0.0,0.1599,0.0468,6529.93,1,25.0725,83.016,step
2026-09-01T13:13:10.744257+00:00,41.874,0.1766,0.15,0.0,0.1589,0.0467,6548.22,1,25.0432,83.038,step
2026-09-01T13:13:10.745573+00:00,41.996,0.177,0.15,0.0,0.1579,0.0467,6566.74,1,25.0132,83.06,step
2026-09-01T13:13:10.746867+00:00,42.117,0.1777,0.0,0.15,0.1569,0.0468,6585.41,1,24.9826,83.082,step
2026-09-01T13:13:10.748177+00:00,41.688,0.178,0.15,0.0,0.1559,0.0466,6374.53,1,24.9632,83.104,step
2026-09-01T13:13:10.749476+00:00,41.731,0.1782,0.15,0.0,0.1549,0.0464,6529.45,1,24.9479,83.126,step
2026-09-01T13:13:10.750777+00:00,41.853,0.1787,0.15,0.0,0.1539,0.0464,6546.66,1,24.923,83.148,step
2026-09-01T13:13:10.752084+00:00,41.974,0.1792,0.15,0.0,0.1529,0.0464,6564.76,1,24.8969,83.17,step
2026-09-01T13:13:10.753382+00:00,42.096,0.1798,0.0,0.15,0.1519,0.0464,6580.95,1,24.87,83.192,step
2026-09-01T13:13:10.754703+00:00,41.664,0.18,0.15,0.0,0.1509,0.0462,6372.59,1,24.8542,83.214,step
2026-09-01T13:13:10.756006+00:00,41.709,0.1802,0.15,0.0,0.15,0.0459,6524.95,1,24.8419,83.236,step
2026-09-01T13:13:10.757325+00:00,41.83,0.1805,0.15,0.0,0.149,0.0459,6542.95,1,24.8204,83.258,step
2026-09-01T13:13:10.758648+00:00,41.95,0.1809,0.15,0.0,0.1481,0.0458,6561.23,1,24.798,83.28,step
2026-09-01T13:13:10.759968+00:00,42.071,0.1814,0.0,0.15,0.1471,0.0458,6579.74,1,24.775,83.302,step
2026-09-01T13:13:10.761283+00:00,41.641,0.1815,0.15,0.0,0.1462,0.0455,6367.12,1,24.7622,83.324,step
2026-09-01T13:13:10.762611+00:00,41.685,0.1816,0.15,0.0,0.1453,0.0452,6523.36,1,24.7532,83.346,step
2026-09-01T13:13:10.763941+00:00,41.806,0.1819,0.15,0.0,0.1443,0.045,6540.68,1,24.7348,83.368,step
2026-09-01T13:13:10.765243+00:00,41.926,0.1824,0.15,0.0,0.1435,0.0451,6558.5,1,24.7143,83.39,step
2026-09-01T13:13:10.766545+00:00,42.047,0.183,0.0,0.15,0.1425,0.0452,6576.5,1,24.6929,83.412,step
2026-09-01T13:13:10.767859+00:00,41.617,0.1833,0.15,0.0,0.1416,0.0451,6364.01,1,24.6827,83.434,step
2026-09-01T13:13:10.769185+00:00,41.66,0.1835,0.15,0.0,0.1407,0.0449,6520.16,1,24.6764,83.456,step
2026-09-01T13:13:10.770495+00:00,41.78,0.184,0.15,0.0,0.1398,0.0449,6537.29,1,24.6613,83.478,step
2026-09-01T13:13:10.771803+00:00,41.901,0.1845,0.15,0.0,0.139,0.0449,6552.8,1,24.6446,83.5,step
2026-09-01T13:13:10.773113+00:00,42.021,0.185,0.0,0.15,0.1381,0.045,6570.82,1,24.6265,83.522,step
2026-09-01T13:13:10.774414+00:00,41.587,0.1852,0.15,0.0,0.1372,0.0448,6360.78,1,24.6204,83.544,step
2026-09-01T13:13:10.775774+00:00,41.632,0.1853,0.15,0.0,0.1363,0.0446,6515.82,1,24.6189,83.566,step
2026-09-01T13:13:10.777098+00:00,41.752,0.1857,0.15,0.0,0.1355,0.0445,6533.23,1,24.6078,83.588,step
2026-09-01T13:13:10.778426+00:00,41.871,0.1861,0.15,0.0,0.1346,0.0445,6551.05,1,24.5958,83.61,step
2026-09-01T13:13:10.779743+00:00,41.99,0.1865,0.15,0.0,0.1338,0.0445,6569.38,1,24.5832,83.632,step
2026-09-01T13:13:10.781069+00:00,42.109,0.1869,0.0,0.15,0.1329,0.0445,6587.9,1,24.5699,83.654,step
2026-09-01T13:13:10.782408+00:00,41.68,0.1871,0.15,0.0,0.1321,0.0442,6373.12,1,24.5682,83.676,step
2026-09-01T13:13:10.783712+00:00,41.722,0.1872,0.15,0.0,0.1312,0.044,6532.1,1,24.5709,83.698,step
2026-09-01T13:13:10.784991+00:00,41.841,0.1878,0.15,0.0,0.1304,0.0441,6548.9,1,24.564,83.72,step
2026-09-01T13:13:10.786272+00:00,41.96,0.1883,0.15,0.0,0.1296,0.0442,6566.45,1,24.5561,83.742,step
2026-09-01T13:13:10.787619+00:00,42.079,0.1889,0.0,0.15,0.1287,0.0444,6584.21,1,24.5483,83.764,step
2026-09-01T13:13:10.788935+00:00,41.647,0.1892,0.15,0.0,0.1279,0.0443,6368.85,1,24.5522,83.786,step
2026-09-01T13:13:10.790247+00:00,41.692,0.1893,0.15,0.0,0.1271,0.0441,6524.28,1,24.5601,83.808,step
2026-09-01T13:13:10.791585+00:00,41.81,0.1898,0.15,0.0,0.1263,0.0441,6541.97,1,24.5573,83.83,step
2026-09-01T13:13:10.792879+00:00,41.928,0.1903,0.15,0.0,0.1254,0.0442,6559.95,1,24.5538,83.852,step
2026-09-01T13:13:10.794204+00:00,42.046,0.1908,0.0,0.15,0.1246,0.0443,6578.66,1,24.5511,83.874,step
2026-09-01T13:13:10.795573+00:00,41.611,0.191,0.15,0.0,0.1238,0.0441,6363.21,1,24.5613,83.896,step
2026-09-01T13:13:10.796882+00:00,41.657,0.191,0.15,0.0,0.123,0.0438,6523.91,1,24.5758,83.918,step
2026-09-01T13:13:10.798205+00:00,41.776,0.1914,0.15,0.0,0.1222,0.0437,6540.19,1,24.58,83.94,step
2026-09-01T13:13:10.799521+00:00,41.894,0.1918,0.15,0.0,0.1214,0.0437,6557.71,1,24.5824,83.962,step
2026-09-01T13:13:10.800847+00:00,42.011,0.1922,0.0,0.15,0.1207,0.0438,6575.63,1,24.5849,83.984,step
2026-09-01T13:13:10.802179+00:00,41.581,0.1924,0.15,0.0,0.1199,0.0436,6358.62,1,24.5989,84.006,step
2026-09-01T13:13:10.803485+00:00,41.623,0.1927,0.15,0.0,0.1191,0.0436,6519.58,1,24.6167,84.028,step
2026-09-01T13:13:10.804774+00:00,41.741,0.1933,0.15,0.0,0.1183,0.0437,6535.89,1,24.6257,84.05,step
2026-09-01T13:13:10.806094+00:00,41.858,0.1939,0.15,0.0,0.1175,0.0438,6553.47,1,24.6338,84.072,step
2026-09-01T13:13:10.807389+00:00,41.975,0.1944,0.15,0.0,0.1167,0.044,6571.0,1,24.6423,84.094,step
2026-09-01T13:13:10.808741+00:00,42.093,0.195,0.0,0.15,0.1159,0.0442,6586.46,1,24.6515,84.116,step
2026-09-01T13:13:10.810058+00:00,41.659,0.1953,0.15,0.0,0.1151,0.0441,6373.19,1,24.6735,84.138,step
2026-09-01T13:13:10.811381+00:00,41.703,0.1955,0.15,0.0,0.1144,0.0439,6531.07,1,24.6995,84.16,step
2026-09-01T13:13:10.812684+00:00,41.819,0.196,0.15,0.0,0.1136,0.044,6548.77,1,24.7175,84.182,step
2026-09-01T13:13:10.814013+00:00,41.935,0.1964,0.15,0.0,0.1128,0.044,6566.29,1,24.7359,84.204,step
2026-09-01T13:13:10.815328+00:00,42.051,0.1969,0.0,0.15,0.1121,0.0441,6583.97,1,24.7542,84.226,step
2026-09-01T13:13:10.816632+00:00,41.619,0.197,0.15,0.0,0.1113,0.0439,6364.06,1,24.7849,84.248,step
2026-09-01T13:13:10.817951+00:00,41.662,0.1971,0.15,0.0,0.1105,0.0436,6528.08,1,24.8198,84.27,step
2026-09-01T13:13:10.819293+00:00,41.779,0.1975,0.15,0.0,0.1098,0.0436,6543.84,1,24.8444,84.292,step
2026-09-01T13:13:10.820582+00:00,41.895,0.1979,0.15,0.0,0.109,0.0437,6560.98,1,24.8673,84.314,step
2026-09-01T13:13:10.821866+00:00,42.011,0.1983,0.0,0.15,0.1083,0.0437,6578.18,1,24.8905,84.336,step
2026-09-01T13:13:10.823191+00:00,41.581,0.1985,0.15,0.0,0.1075,0.0435,6358.72,1,24.9268,84.358,step
2026-09-01T13:13:10.824485+00:00,41.621,0.1985,0.15,0.0,0.1068,0.0433,6521.83,1,24.9671,84.38,step
2026-09-01T13:13:10.825801+00:00,41.737,0.1988,0.15,0.0,0.106,0.0432,6538.01,1,24.9986,84.402,step
2026-09-01T13:13:10.827147+00:00,41.852,0.1992,0.15,0.0,0.1053,0.0432,6554.66,1,25.0295,84.424,step
2026-09-01T13:13:10.828448+00:00,41.969,0.1996,0.15,0.0,0.1046,0.0432,6568.32,1,25.0593,84.446,step
2026-09-01T13:13:10.829760+00:00,42.083,0.2,0.0,0.15,0.1039,0.0432,6586.36,1,25.0896,84.468,step
2026-09-01T13:13:10.831077+00:00,41.647,0.2,0.15,0.0,0.1032,0.043,6369.87,1,25.135,84.49,step
2026-09-01T13:13:10.832461+00:00,41.689,0.2,0.15,0.0,0.1025,0.0427,6532.84,1,25.1856,84.512,step
2026-09-01T13:13:10.833791+00:00,41.805,0.2002,0.15,0.0,0.1018,0.0426,6549.36,1,25.2268,84.534,step
2026-09-01T13:13:10.835107+00:00,41.92,0.2004,0.15,0.0,0.1011,0.0425,6566.11,1,25.2667,84.556,step
2026-09-01T13:13:10.836437+00:00,42.035,0.2007,0.0,0.15,0.1004,0.0424,6583.19,1,25.3063,84.578,step
2026-09-01T13:13:10.837781+00:00,41.604,0.2007,0.15,0.0,0.0997,0.0422,6361.44,1,25.3596,84.6,step
2026-09-01T13:13:10.839125+00:00,41.644,0.2006,0.15,0.0,0.099,0.0418,6526.61,1,25.4177,84.622,step
2026-09-01T13:13:10.840422+00:00,41.76,0.2005,0.15,0.0,0.0984,0.0414,6542.26,1,25.4654,84.644,step
2026-09-01T13:13:10.841724+00:00,41.875,0.2003,0.15,0.0,0.0978,0.041,6558.88,1,25.5113,84.666,step
2026-09-01T13:13:10.843031+00:00,41.99,0.2003,0.15,0.0,0.0972,0.0407,6575.7,1,25.5566,84.688,step
2026-09-01T13:13:10.844350+00:00,42.104,0.2002,0.0,0.15,0.0965,0.0404,6592.86,1,25.6021,84.71,step
2026-09-01T13:13:10.845670+00:00,41.672,0.1998,0.15,0.0,0.0959,0.0398,6372.55,1,25.6615,84.732,step
2026-09-01T13:13:10.846985+00:00,41.712,0.1994,0.15,0.0,0.0954,0.0392,6534.58,1,25.7253,84.754,step
2026-09-01T13:13:10.848329+00:00,41.827,0.1992,0.15,0.0,0.0948,0.0389,6551.44,1,25.7777,84.776,step
2026-09-01T13:13:10.849644+00:00,41.942,0.1991,0.15,0.0,0.0943,0.0385,6568.77,1,25.8291,84.798,step
2026-09-01T13:13:10.850973+00:00,42.056,0.199,0.0,0.15,0.0938,0.0382,6586.29,1,25.8814,84.82,step
2026-09-01T13:13:10.852330+00:00,41.622,0.1986,0.15,0.0,0.0933,0.0377,6364.64,1,25.9479,84.842,step
2026-09-01T13:13:10.853659+00:00,41.664,0.1981,0.15,0.0,0.0928,0.0371,6529.74,1,26.0191,84.864,step
2026-09-01T13:13:10.855018+00:00,41.78,0.1978,0.15,0.0,0.0924,0.0367,6545.3,1,26.0785,84.886,step
2026-09-01T13:13:10.856394+00:00,41.895,0.1977,0.15,0.0,0.0919,0.0364,6561.94,1,26.136,84.908,step
2026-09-01T13:13:10.857742+00:00,42.009,0.1976,0.0,0.15,0.0915,0.0361,6578.82,1,26.1932,84.93,step
2026-09-01T13:13:10.859077+00:00,41.578,0.197,0.15,0.0,0.0911,0.0354,6358.32,1,26.2642,84.952,step
2026-09-01T13:13:10.860393+00:00,41.617,0.1962,0.15,0.0,0.0907,0.0346,6521.96,1,26.3389,84.974,step
2026-09-01T13:13:10.861709+00:00,41.733,0.1957,0.15,0.0,0.0904,0.034,6537.75,1,26.4015,84.996,step
2026-09-01T13:13:10.863028+00:00,41.848,0.1952,0.15,0.0,0.09,0.0335,6554.45,1,26.4625,85.018,step
2026-09-01T13:13:10.864341+00:00,41.963,0.1948,0.15,0.0,0.0897,0.0331,6571.32,1,26.5226,85.04,step
2026-09-01T13:13:10.865661+00:00,42.078,0.1944,0.0,0.15,0.0894,0.0326,6587.26,1,26.5827,85.062,step
2026-09-01T13:13:10.866986+00:00,41.643,0.1938,0.15,0.0,0.0891,0.0319,6369.52,1,26.6566,85.084,step
2026-09-01T13:13:10.868285+00:00,41.683,0.193,0.15,0.0,0.0889,0.0312,6531.33,1,26.7347,85.106,step
2026-09-01T13:13:10.869626+00:00,41.798,0.1925,0.15,0.0,0.0887,0.0307,6547.64,1,26.8017,85.128,step
2026-09-01T13:13:10.870990+00:00,41.913,0.1921,0.15,0.0,0.0885,0.0303,6564.49,1,26.8675,85.15,step
2026-09-01T13:13:10.872313+00:00,42.028,0.1917,0.0,0.15,0.0883,0.0299,6581.65,1,26.9326,85.172,step
2026-09-01T13:13:10.873656+00:00,41.595,0.191,0.15,0.0,0.0881,0.0293,6360.45,1,27.0114,85.194,step
2026-09-01T13:13:10.875016+00:00,41.635,0.1903,0.15,0.0,0.0879,0.0286,6524.43,1,27.0934,85.216,step
2026-09-01T13:13:10.876364+00:00,41.751,0.1899,0.15,0.0,0.0878,0.0282,6540.22,1,27.1628,85.238,step
2026-09-01T13:13:10.877666+00:00,41.866,0.1894,0.15,0.0,0.0877,0.0277,6556.81,1,27.2301,85.26,step
2026-09-01T13:13:10.878972+00:00,41.98,0.1888,0.15,0.0,0.0876,0.0272,6573.83,1,27.2963,85.282,step
2026-09-01T13:13:10.880292+00:00,42.095,0.1882,0.0,0.15,0.0875,0.0267,6591.21,1,27.3625,85.304,step
2026-09-01T13:13:10.881624+00:00,41.663,0.1874,0.15,0.0,0.0875,0.0259,6371.11,1,27.4427,85.326,step
2026-09-01T13:13:10.882949+00:00,41.7,0.1865,0.15,0.0,0.0874,0.0252,6534.46,1,27.5263,85.348,step
2026-09-01T13:13:10.884280+00:00,41.816,0.1858,0.15,0.0,0.0874,0.0246,6549.77,1,27.5977,85.37,step
2026-09-01T13:13:10.885595+00:00,41.931,0.1852,0.15,0.0,0.0874,0.0241,6565.61,1,27.6669,85.392,step
2026-09-01T13:13:10.886910+00:00,42.046,0.1847,0.0,0.15,0.0875,0.0237,6582.84,1,27.7351,85.414,step
2026-09-01T13:13:10.888262+00:00,41.611,0.1839,0.15,0.0,0.0875,0.023,6363.6,1,27.8178,85.436,step
2026-09-01T13:13:10.889636+00:00,41.65,0.183,0.15,0.0,0.0876,0.0223,6526.23,1,27.9042,85.458,step
2026-09-01T13:13:10.890964+00:00,41.766,0.1824,0.15,0.0,0.0877,0.0219,6542.11,1,27.9782,85.48,step
2026-09-01T13:13:10.892316+00:00,41.881,0.1819,0.15,0.0,0.0878,0.0215,6558.86,1,28.049,85.502,step
2026-09-01T13:13:10.893667+00:00,41.996,0.1814,0.15,0.0,0.0879,0.0211,6575.96,1,28.1192,85.524,step
2026-09-01T13:13:10.895024+00:00,42.111,0.1809,0.0,0.15,0.0881,0.0208,6593.33,1,28.1885,85.546,step
2026-09-01T13:13:10.896338+00:00,41.679,0.1802,0.15,0.0,0.0882,0.0202,6373.35,1,28.2721,85.568,step
2026-09-01T13:13:10.897651+00:00,41.715,0.1791,0.15,0.0,0.0884,0.0194,6536.4,1,28.3595,85.59,step
2026-09-01T13:13:10.898968+00:00,41.831,0.1783,0.15,0.0,0.0886,0.0189,6552.11,1,28.4344,85.612,step
2026-09-01T13:13:10.900294+00:00,41.946,0.1776,0.15,0.0,0.0888,0.0184,6568.88,1,28.5064,85.634,step
2026-09-01T13:13:10.901608+00:00,42.061,0.177,0.0,0.15,0.0891,0.0179,6585.8,1,28.5779,85.656,step
2026-09-01T13:13:10.902957+00:00,41.628,0.176,0.15,0.0,0.0894,0.0173,6365.92,1,28.6632,85.678,step
2026-09-01T13:13:10.904296+00:00,41.665,0.1751,0.15,0.0,0.0896,0.0166,6526.04,1,28.7501,85.7,step
2026-09-01T13:13:10.905643+00:00,41.78,0.1744,0.15,0.0,0.0899,0.0161,6542.75,1,28.8239,85.722,step
2026-09-01T13:13:10.907010+00:00,41.895,0.1738,0.15,0.0,0.0903,0.0158,6559.82,1,28.895,85.744,step
2026-09-01T13:13:10.908379+00:00,42.01,0.1732,0.0,0.15,0.0906,0.0154,6577.22,1,28.966,85.766,step
2026-09-01T13:13:10.909745+00:00,41.576,0.1723,0.15,0.0,0.0909,0.0148,6357.93,1,29.0509,85.788,step
2026-09-01T13:13:10.911138+00:00,41.612,0.1715,0.15,0.0,0.0913,0.0143,6519.51,1,29.1382,85.81,step
2026-09-01T13:13:10.912488+00:00,41.729,0.1709,0.15,0.0,0.0917,0.0139,6535.3,1,29.2123,85.832,step
2026-09-01T13:13:10.913838+00:00,41.844,0.1703,0.15,0.0,0.0921,0.0136,6552.19,1,29.2844,85.854,step
2026-09-01T13:13:10.915191+00:00,41.959,0.1698,0.15,0.0,0.0925,0.0134,6568.99,1,29.3551,85.876,step
2026-09-01T13:13:10.916546+00:00,42.074,0.1691,0.0,0.15,0.0929,0.013,6586.53,1,29.4253,85.898,step
2026-09-01T13:13:10.917894+00:00,41.641,0.1682,0.15,0.0,0.0933,0.0124,6367.8,1,29.5099,85.92,step
2026-09-01T13:13:10.919245+00:00,41.675,0.1672,0.15,0.0,0.0938,0.0117,6529.18,1,29.5968,85.942,step
2026-09-01T13:13:10.920617+00:00,41.791,0.1664,0.15,0.0,0.0942,0.0113,6544.92,1,29.6708,85.964,step
2026-09-01T13:13:10.921951+00:00,41.907,0.1657,0.15,0.0,0.0947,0.0109,6561.68,1,29.7418,85.986,step
2026-09-01T13:13:10.923302+00:00,42.022,0.1651,0.0,0.15,0.0952,0.0106,6577.6,1,29.8119,86.008,step
2026-09-01T13:13:10.924655+00:00,41.587,0.1642,0.15,0.0,0.0957,0.0101,6360.92,1,29.8959,86.03,step
2026-09-01T13:13:10.926008+00:00,41.622,0.1633,0.15,0.0,0.0962,0.0095,6519.38,1,29.9814,86.052,step
2026-09-01T13:13:10.927381+00:00,41.738,0.1627,0.15,0.0,0.0968,0.0092,6535.74,1,30.0538,86.074,step
2026-09-01T13:13:10.928756+00:00,41.853,0.162,0.15,0.0,0.0973,0.0089,6552.91,1,30.1249,86.096,step
2026-09-01T13:13:10.930122+00:00,41.968,0.1615,0.15,0.0,0.0979,0.0087,6570.05,1,30.1946,86.118,step
2026-09-01T13:13:10.931473+00:00,42.083,0.1609,0.0,0.15,0.0985,0.0085,6587.45,1,30.2627,86.14,step
2026-09-01T13:13:10.932855+00:00,41.65,0.1602,0.15,0.0,0.099,0.0081,6368.7,1,30.3452,86.162,step
2026-09-01T13:13:10.934253+00:00,41.682,0.1594,0.15,0.0,0.0996,0.0077,6529.78,1,30.4302,86.184,step
2026-09-01T13:13:10.935634+00:00,41.798,0.1588,0.15,0.0,0.1002,0.0074,6545.65,1,30.5024,86.206,step
2026-09-01T13:13:10.936972+00:00,41.913,0.158,0.15,0.0,0.1008,0.007,6562.37,1,30.5723,86.228,step
2026-09-01T13:13:10.938311+00:00,42.029,0.1573,0.0,0.15,0.1014,0.0067,6579.23,1,30.6407,86.25,step
2026-09-01T13:13:10.939657+00:00,41.595,0.1565,0.15,0.0,0.1021,0.0062,6360.78,1,30.7222,86.272,step
2026-09-01T13:13:10.940989+00:00,41.627,0.1556,0.15,0.0,0.1027,0.0058,6520.39,1,30.8049,86.294,step
2026-09-01T13:13:10.942342+00:00,41.743,0.1549,0.15,0.0,0.1033,0.0055,6536.46,1,30.8756,86.316,step
2026-09-01T13:13:10.943690+00:00,41.859,0.1543,0.15,0.0,0.104,0.0052,6552.19,1,30.9436,86.338,step
2026-09-01T13:13:10.945062+00:00,41.974,0.1537,0.15,0.0,0.1047,0.005,6569.22,1,31.0091,86.36,step
2026-09-01T13:13:10.946432+00:00,42.088,0.1531,0.0,0.15,0.1054,0.0049,6586.99,1,31.0741,86.382,step
2026-09-01T13:13:10.947841+00:00,41.653,0.1524,0.15,0.0,0.1061,0.0045,6369.61,1,31.1541,86.404,step
2026-09-01T13:13:10.949208+00:00,41.685,0.1516,0.15,0.0,0.1068,0.0041,6529.6,1,31.2361,86.426,step
2026-09-01T13:13:10.950587+00:00,41.801,0.151,0.15,0.0,0.1075,0.0039,6545.4,1,31.3059,86.448,step
2026-09-01T13:13:10.951982+00:00,41.916,0.1505,0.15,0.0,0.1082,0.0038,6562.14,1,31.3726,86.47,step
2026-09-01T13:13:10.953400+00:00,42.031,0.15,0.0,0.15,0.1089,0.0037,6579.33,1,31.4373,86.492,step
2026-09-01T13:13:10.954764+00:00,41.597,0.1493,0.15,0.0,0.1096,0.0034,6361.03,1,31.5155,86.514,step
2026-09-01T13:13:10.956107+00:00,41.628,0.1484,0.15,0.0,0.1103,0.003,6520.38,1,31.5957,86.536,step
2026-09-01T13:13:10.957482+00:00,41.744,0.1477,0.15,0.0,0.1111,0.0027,6536.06,1,31.6625,86.558,step
2026-09-01T13:13:10.958881+00:00,41.859,0.1471,0.15,0.0,0.1118,0.0025,6552.84,1,31.7272,86.58,step
2026-09-01T13:13:10.960238+00:00,41.974,0.1465,0.15,0.0,0.1126,0.0023,6569.78,1,31.7902,86.602,step
2026-09-01T13:13:10.961603+00:00,42.089,0.146,0.0,0.15,0.1133,0.0022,6587.06,1,31.8528,86.624,step
2026-09-01T13:13:10.962984+00:00,41.653,0.1452,0.15,0.0,0.1141,0.0019,6370.98,1,31.9288,86.646,step
2026-09-01T13:13:10.964351+00:00,41.684,0.1444,0.15,0.0,0.1148,0.0015,6527.96,1,32.0063,86.668,step
2026-09-01T13:13:10.965734+00:00,41.799,0.1439,0.15,0.0,0.1156,0.0014,6544.04,1,32.0704,86.69,step
2026-09-01T13:13:10.967156+00:00,41.914,0.1434,0.15,0.0,0.1164,0.0013,6561.25,1,32.1328,86.712,step
2026-09-01T13:13:10.968578+00:00,42.029,0.1429,0.0,0.15,0.1172,0.0012,6578.42,1,32.1938,86.734,step
2026-09-01T13:13:10.969968+00:00,41.594,0.1422,0.15,0.0,0.1179,0.001,6360.24,1,32.2685,86.756,step
2026-09-01T13:13:10.971357+00:00,41.623,0.1415,0.15,0.0,0.1187,0.0007,6519.23,1,32.3449,86.778,step
2026-09-01T13:13:10.972727+00:00,41.739,0.141,0.15,0.0,0.1195,0.0006,6534.94,1,32.4092,86.8,step
2026-09-01T13:13:10.974129+00:00,41.854,0.1406,0.15,0.0,0.1203,0.0006,6551.68,1,32.4705,86.822,step
2026-09-01T13:13:10.975490+00:00,41.969,0.1401,0.15,0.0,0.1211,0.0005,6568.65,1,32.5304,86.844,step
2026-09-01T13:13:10.976850+00:00,42.084,0.1395,0.0,0.15,0.1219,0.0004,6585.91,1,32.5889,86.866,step
2026-09-01T13:13:10.978220+00:00,41.649,0.1388,0.15,0.0,0.1227,0.0001,6369.13,1,32.6614,86.888,step
2026-09-01T13:13:10.979582+00:00,41.677,0.138,0.15,0.0,0.1235,-0.0002,6527.33,1,32.7361,86.91,step
2026-09-01T13:13:10.980952+00:00,41.793,0.1374,0.15,0.0,0.1243,-0.0003,6543.04,1,32.7978,86.932,step
2026-09-01T13:13:10.982328+00:00,41.908,0.1369,0.15,0.0,0.1251,-0.0004,6559.02,1,32.8558,86.954,step
2026-09-01T13:13:10.983709+00:00,42.022,0.1365,0.0,0.15,0.126,-0.0005,6575.98,1,32.9123,86.976,step
2026-09-01T13:13:10.985090+00:00,41.586,0.1358,0.15,0.0,0.1268,-0.0006,6360.04,1,32.9818,86.998,step
2026-09-01T13:13:10.986494+00:00,41.614,0.1352,0.15,0.0,0.1276,-0.0009,6516.8,1,33.0536,87.02,step
2026-09-01T13:13:10.987893+00:00,41.73,0.1347,0.15,0.0,0.1284,-0.0009,6532.8,1,33.1131,87.042,step
2026-09-01T13:13:10.989280+00:00,41.844,0.1343,0.15,0.0,0.1293,-0.0009,6549.74,1,33.1702,87.064,step
2026-09-01T13:13:10.990665+00:00,41.959,0.1339,0.15,0.0,0.1301,-0.0009,6566.66,1,33.2255,87.086,step
2026-09-01T13:13:10.992054+00:00,42.074,0.1335,0.0,0.15,0.1309,-0.0008,6584.21,1,33.2801,87.108,step
2026-09-01T13:13:10.993448+00:00,41.638,0.133,0.15,0.0,0.1317,-0.001,6367.37,1,33.3485,87.13,step
2026-09-01T13:13:10.994829+00:00,41.665,0.1323,0.15,0.0,0.1325,-0.0012,6525.34,1,33.4193,87.152,step
2026-09-01T13:13:10.996174+00:00,41.78,0.1318,0.15,0.0,0.1333,-0.0013,6540.72,1,33.4766,87.174,step
2026-09-01T13:13:10.997550+00:00,41.895,0.1313,0.15,0.0,0.1342,-0.0013,6557.61,1,33.5317,87.196,step
2026-09-01T13:13:10.998917+00:00,42.01,0.1309,0.0,0.15,0.135,-0.0014,6574.47,1,33.585,87.218,step
2026-09-01T13:13:11.000304+00:00,41.574,0.1302,0.15,0.0,0.1358,-0.0015,6357.72,1,33.6515,87.24,step
2026-09-01T13:13:11.001684+00:00,41.6,0.1296,0.15,0.0,0.1367,-0.0017,6514.33,1,33.7191,87.262,step
2026-09-01T13:13:11.003055+00:00,41.716,0.1291,0.15,0.0,0.1375,-0.0018,6529.64,1,33.7748,87.284,step
2026-09-01T13:13:11.004428+00:00,41.83,0.1287,0.15,0.0,0.1383,-0.0018,6546.33,1,33.8273,87.306,step
2026-09-01T13:13:11.005809+00:00,41.944,0.1284,0.15,0.0,0.1392,-0.0017,6563.63,1,33.8786,87.328,step
2026-09-01T13:13:11.007229+00:00,42.059,0.128,0.0,0.15,0.14,-0.0017,6581.15,1,33.929,87.35,step
2026-09-01T13:13:11.008632+00:00,41.622,0.1275,0.15,0.0,0.1409,-0.0018,6364.57,1,33.9934,87.372,step
2026-09-01T13:13:11.010011+00:00,41.648,0.1269,0.15,0.0,0.1417,-0.0019,6522.31,1,34.0589,87.394,step
2026-09-01T13:13:11.011424+00:00,41.763,0.1266,0.15,0.0,0.1425,-0.0018,6537.65,1,34.1124,87.416,step
2026-09-01T13:13:11.012811+00:00,41.877,0.1263,0.15,0.0,0.1433,-0.0017,6554.49,1,34.1645,87.438,step
2026-09-01T13:13:11.014179+00:00,41.992,0.126,0.15,0.0,0.1441,-0.0017,6571.39,1,34.2146,87.46,step
2026-09-01T13:13:11.015556+00:00,42.106,0.1255,0.0,0.15,0.1449,-0.0017,6588.62,1,34.2636,87.482,step
2026-09-01T13:13:11.016923+00:00,41.67,0.1249,0.15,0.0,0.1458,-0.0018,6372.05,1,34.3273,87.504,step
2026-09-01T13:13:11.018283+00:00,41.694,0.1243,0.15,0.0,0.1466,-0.002,6529.21,1,34.3922,87.526,step
2026-09-01T13:13:11.019631+00:00,41.809,0.1239,0.15,0.0,0.1474,-0.002,6544.68,1,34.4436,87.548,step
2026-09-01T13:13:11.021034+00:00,41.923,0.1235,0.15,0.0,0.1482,-0.002,6561.45,1,34.493,87.57,step
2026-09-01T13:13:11.022413+00:00,42.038,0.1232,0.0,0.15,0.149,-0.0019,6577.62,1,34.5417,87.592,step
2026-09-01T13:13:11.023819+00:00,41.6,0.1226,0.15,0.0,0.1499,-0.002,6362.53,1,34.6032,87.614,step
2026-09-01T13:13:11.025254+00:00,41.625,0.1221,0.15,0.0,0.1506,-0.0021,6517.54,1,34.6658,87.636,step
2026-09-01T13:13:11.026698+00:00,41.74,0.1218,0.15,0.0,0.1514,-0.0021,6533.47,1,34.7161,87.658,step
2026-09-01T13:13:11.028097+00:00,41.854,0.1214,0.15,0.0,0.1522,-0.002,6550.32,1,34.764,87.68,step
2026-09-01T13:13:11.029482+00:00,41.968,0.1212,0.15,0.0,0.1531,-0.0019,6567.29,1,34.81,87.702,step
2026-09-01T13:13:11.030866+00:00,42.082,0.1209,0.0,0.15,0.1539,-0.0018,6584.64,1,34.8549,87.724,step
2026-09-01T13:13:11.032294+00:00,41.645,0.1205,0.15,0.0,0.1546,-0.0018,6368.28,1,34.9143,87.746,step
2026-09-01T13:13:11.033729+00:00,41.668,0.1201,0.15,0.0,0.1554,-0.0019,6524.86,1,34.9758,87.768,step
2026-09-01T13:13:11.035093+00:00,41.783,0.1197,0.15,0.0,0.1562,-0.0018,6540.37,1,35.0252,87.79,step
2026-09-01T13:13:11.036458+00:00,41.897,0.1193,0.15,0.0,0.157,-0.0018,6557.14,1,35.0721,87.812,step
2026-09-01T13:13:11.037853+00:00,42.011,0.119,0.0,0.15,0.1578,-0.0018,6574.04,1,35.1174,87.834,step
2026-09-01T13:13:11.039249+00:00,41.574,0.1185,0.15,0.0,0.1586,-0.0019,6357.81,1,35.1757,87.856,step
2026-09-01T13:13:11.040657+00:00,41.598,0.118,0.15,0.0,0.1593,-0.002,6513.28,1,35.2343,87.878,step
2026-09-01T13:13:11.042047+00:00,41.713,0.1176,0.15,0.0,0.1601,-0.0019,6528.44,1,35.2814,87.9,step
2026-09-01T13:13:11.043420+00:00,41.827,0.1173,0.15,0.0,0.1609,-0.0019,6545.08,1,35.3263,87.922,step
2026-09-01T13:13:11.044824+00:00,41.94,0.1171,0.15,0.0,0.1617,-0.0018,6562.04,1,35.3691,87.944,step
2026-09-01T13:13:11.046283+00:00,42.054,0.1168,0.0,0.15,0.1624,-0.0016,6579.49,1,35.4113,87.966,step
2026-09-01T13:13:11.047712+00:00,41.616,0.1164,0.15,0.0,0.1632,-0.0017,6363.93,1,35.468,87.988,step
2026-09-01T13:13:11.049133+00:00,41.639,0.116,0.15,0.0,0.1639,-0.0017,6519.78,1,35.5254,88.01,step
2026-09-01T13:13:11.050550+00:00,41.753,0.1157,0.15,0.0,0.1647,-0.0016,6535.55,1,35.5714,88.032,step
2026-09-01T13:13:11.051968+00:00,41.867,0.1155,0.15,0.0,0.1654,-0.0015,6552.06,1,35.6155,88.054,step
2026-09-01T13:13:11.053377+00:00,41.98,0.1153,0.15,0.0,0.1662,-0.0013,6569.09,1,35.6593,88.076,step
2026-09-01T13:13:11.054780+00:00,42.094,0.1151,0.0,0.15,0.1669,-0.0012,6586.02,1,35.7011,88.098,step
2026-09-01T13:13:11.056205+00:00,41.657,0.1146,0.15,0.0,0.1677,-0.0013,6370.16,1,35.7561,88.12,step
2026-09-01T13:13:11.057605+00:00,41.678,0.1141,0.15,0.0,0.1684,-0.0014,6525.92,1,35.8138,88.142,step
2026-09-01T13:13:11.058974+00:00,41.792,0.1138,0.15,0.0,0.1691,-0.0014,6541.46,1,35.8591,88.164,step
2026-09-01T13:13:11.060347+00:00,41.906,0.1135,0.15,0.0,0.1698,-0.0013,6558.12,1,35.902,88.186,step
2026-09-01T13:13:11.061707+00:00,42.02,0.1133,0.0,0.15,0.1706,-0.0012,6574.53,1,35.9427,88.208,step
2026-09-01T13:13:11.063106+00:00,41.582,0.1129,0.15,0.0,0.1713,-0.0013,6359.44,1,35.9961,88.23,step
2026-09-01T13:13:11.064483+00:00,41.604,0.1124,0.15,0.0,0.172,-0.0013,6513.63,1,36.0518,88.252,step
2026-09-01T13:13:11.065922+00:00,41.718,0.1122,0.15,0.0,0.1727,-0.0012,6529.29,1,36.0945,88.274,step
2026-09-01T13:13:11.067371+00:00,41.831,0.112,0.15,0.0,0.1734,-0.0011,6546.12,1,36.1355,88.296,step
2026-09-01T13:13:11.068751+00:00,41.945,0.1118,0.15,0.0,0.1741,-0.001,6562.96,1,36.1753,88.318,step
2026-09-01T13:13:11.070127+00:00,42.058,0.1116,0.0,0.15,0.1748,-0.0008,6580.15,1,36.2154,88.34,step
2026-09-01T13:13:11.071514+00:00,41.62,0.1113,0.15,0.0,0.1755,-0.0008,6364.52,1,36.2694,88.362,step
2026-09-01T13:13:11.072892+00:00,41.641,0.1109,0.15,0.0,0.1762,-0.0008,6519.9,1,36.3241,88.384,step
2026-09-01T13:13:11.074451+00:00,41.755,0.1107,0.15,0.0,0.1769,-0.0007,6535.47,1,36.3675,88.406,step
2026-09-01T13:13:11.075935+00:00,41.869,0.1104,0.15,0.0,0.1776,-0.0007,6552.04,1,36.4089,88.428,step
2026-09-01T13:13:11.077360+00:00,41.982,0.1102,0.15,0.0,0.1782,-0.0006,6568.76,1,36.4485,88.45,step
2026-09-01T13:13:11.078782+00:00,42.095,0.1099,0.0,0.15,0.1789,-0.0005,6585.8,1,36.4867,88.472,step
2026-09-01T13:13:11.080233+00:00,41.657,0.1095,0.15,0.0,0.1796,-0.0006,6370.24,1,36.5387,88.494,step
2026-09-01T13:13:11.081678+00:00,41.677,0.1091,0.15,0.0,0.1802,-0.0006,6525.4,1,36.5934,88.516,step
2026-09-01T13:13:11.083134+00:00,41.791,0.1089,0.15,0.0,0.1809,-0.0006,6540.47,1,36.6356,88.538,step
2026-09-01T13:13:11.084743+00:00,41.904,0.1087,0.15,0.0,0.1816,-0.0005,6557.09,1,36.6761,88.56,step
2026-09-01T13:13:11.086231+00:00,42.017,0.1085,0.0,0.15,0.1822,-0.0003,6574.06,1,36.7187,88.582,step
2026-09-01T13:13:11.087886+00:00,41.579,0.1081,0.15,0.0,0.1829,-0.0004,6358.36,1,36.776,88.604,step
2026-09-01T13:13:11.089444+00:00,41.6,0.1078,0.15,0.0,0.1835,-0.0004,6513.04,1,36.8371,88.626,step
2026-09-01T13:13:11.090970+00:00,41.714,0.1076,0.15,0.0,0.1842,-0.0003,6528.47,1,36.8901,88.648,step
2026-09-01T13:13:11.092520+00:00,41.827,0.1074,0.15,0.0,0.1848,-0.0001,6545.11,1,36.9435,88.67,step
2026-09-01T13:13:11.094059+00:00,41.94,0.1073,0.15,0.0,0.1855,0.0,6561.94,1,36.9979,88.692,step
2026-09-01T13:13:11.095666+00:00,42.053,0.1072,0.0,0.15,0.1861,0.0002,6578.91,1,37.053,88.714,step
2026-09-01T13:13:11.097178+00:00,41.615,0.1068,0.15,0.0,0.1867,0.0001,6363.76,1,37.1264,88.736,step
2026-09-01T13:13:11.099102+00:00,41.634,0.1064,0.15,0.0,0.1873,0.0001,6518.51,1,37.2055,88.758,step
2026-09-01T13:13:11.100691+00:00,41.748,0.1062,0.15,0.0,0.1879,0.0001,6533.88,1,37.274,88.78,step
2026-09-01T13:13:11.102245+00:00,41.861,0.106,0.15,0.0,0.1885,0.0002,6550.51,1,37.3431,88.802,step
2026-09-01T13:13:11.103760+00:00,41.974,0.1058,0.15,0.0,0.1892,0.0003,6567.17,1,37.4149,88.824,step
2026-09-01T13:13:11.105373+00:00,42.087,0.1056,0.0,0.15,0.1898,0.0004,6583.92,1,37.4892,88.846,step
2026-09-01T13:13:11.107011+00:00,41.648,0.1052,0.15,0.0,0.1904,0.0004,6369.07,1,37.5831,88.868,step
2026-09-01T13:13:11.108433+00:00,41.667,0.1049,0.15,0.0,0.191,0.0003,6523.12,1,37.6806,88.89,step
2026-09-01T13:13:11.110018+00:00,41.781,0.1047,0.15,0.0,0.1916,0.0004,6538.83,1,37.7686,88.912,step
2026-09-01T13:13:11.111632+00:00,41.894,0.1046,0.15,0.0,0.1922,0.0005,6555.56,1,37.8588,88.934,step
2026-09-01T13:13:11.113325+00:00,42.007,0.1044,0.0,0.15,0.1928,0.0007,6572.25,1,37.9519,88.956,step
2026-09-01T13:13:11.115132+00:00,41.568,0.1041,0.15,0.0,0.1933,0.0007,6356.81,1,38.0628,88.978,step
2026-09-01T13:13:11.116741+00:00,41.587,0.1038,0.15,0.0,0.1939,0.0007,6510.92,1,38.1792,89.0,step
2026-09-01T13:13:11.118374+00:00,41.701,0.1037,0.15,0.0,0.1945,0.0008,6526.21,1,38.2856,89.022,step
2026-09-01T13:13:11.119867+00:00,41.814,0.1035,0.15,0.0,0.1951,0.0009,6542.75,1,38.3941,89.044,step
2026-09-01T13:13:11.121412+00:00,41.927,0.1033,0.15,0.0,0.1957,0.0009,6559.53,1,38.5045,89.066,step
2026-09-01T13:13:11.122846+00:00,42.04,0.1031,0.0,0.15,0.1962,0.001,6576.46,1,38.6168,89.088,step
2026-09-01T13:13:11.124326+00:00,41.601,0.1028,0.15,0.0,0.1968,0.001,6361.72,1,38.7517,89.11,step
2026-09-01T13:13:11.125799+00:00,41.619,0.1024,0.15,0.0,0.1974,0.0009,6515.86,1,38.894,89.132,step
2026-09-01T13:13:11.127380+00:00,41.733,0.1023,0.15,0.0,0.1979,0.001,6530.87,1,39.0247,89.154,step
2026-09-01T13:13:11.128812+00:00,41.846,0.1021,0.15,0.0,0.1985,0.0011,6547.46,1,39.1566,89.176,step
2026-09-01T13:13:11.130207+00:00,41.958,0.1019,0.15,0.0,0.199,0.0012,6564.38,1,39.2935,89.198,step
2026-09-01T13:13:11.131625+00:00,42.071,0.1018,0.0,0.15,0.1996,0.0013,6581.37,1,39.4342,89.22,step
2026-09-01T13:13:11.133060+00:00,41.631,0.1015,0.15,0.0,0.2001,0.0013,6366.25,1,39.5995,89.242,step
2026-09-01T13:13:11.134449+00:00,41.65,0.1012,0.15,0.0,0.2006,0.0013,6520.69,1,39.7734,89.264,step
2026-09-01T13:13:11.135850+00:00,41.764,0.1011,0.15,0.0,0.2012,0.0014,6535.84,1,39.9355,89.286,step
2026-09-01T13:13:11.137278+00:00,41.876,0.101,0.15,0.0,0.2017,0.0015,6552.39,1,40.0991,89.308,step
2026-09-01T13:13:11.138713+00:00,41.989,0.1009,0.15,0.0,0.2022,0.0017,6569.22,1,40.2681,89.33,step
2026-09-01T13:13:11.140086+00:00,42.101,0.1007,0.0,0.15,0.2028,0.0018,6586.12,1,40.4426,89.352,step
2026-09-01T13:13:11.141493+00:00,41.662,0.1004,0.15,0.0,0.2033,0.0017,6371.11,1,40.6437,89.374,step
2026-09-01T13:13:11.142892+00:00,41.68,0.1001,0.15,0.0,0.2038,0.0016,6525.23,1,40.8519,89.396,step
2026-09-01T13:13:11.144241+00:00,41.794,0.0998,0.15,0.0,0.2043,0.0017,6540.43,1,41.0492,89.418,step
2026-09-01T13:13:11.145618+00:00,41.906,0.0997,0.15,0.0,0.2048,0.0018,6556.95,1,41.2497,89.44,step
2026-09-01T13:13:11.147015+00:00,42.019,0.0995,0.0,0.15,0.2054,0.0018,6573.66,1,41.4571,89.462,step
2026-09-01T13:13:11.148474+00:00,41.579,0.0992,0.15,0.0,0.2059,0.0018,6358.86,1,41.693,89.484,step
2026-09-01T13:13:11.149909+00:00,41.598,0.0989,0.15,0.0,0.2064,0.0017,6511.74,1,41.9361,89.506,step
2026-09-01T13:13:11.151395+00:00,41.711,0.0988,0.15,0.0,0.2069,0.0018,6527.38,1,42.1674,89.528,step
2026-09-01T13:13:11.152887+00:00,41.824,0.0986,0.15,0.0,0.2074,0.0019,6543.95,1,42.4046,89.55,step
2026-09-01T13:13:11.154283+00:00,41.936,0.0985,0.15,0.0,0.2079,0.002,6560.56,1,42.6483,89.572,step
2026-09-01T13:13:11.155737+00:00,42.049,0.0984,0.0,0.15,0.2084,0.0022,6577.59,1,42.8968,89.594,step
2026-09-01T13:13:11.157145+00:00,41.609,0.0982,0.15,0.0,0.2089,0.0022,6363.04,1,43.1768,89.616,step
2026-09-01T13:13:11.158611+00:00,41.627,0.0979,0.15,0.0,0.2093,0.0022,6516.34,1,43.4683,89.638,step
2026-09-01T13:13:11.160103+00:00,41.74,0.0978,0.15,0.0,0.2098,0.0023,6531.88,1,43.7502,89.66,step
2026-09-01T13:13:11.161625+00:00,41.852,0.0976,0.15,0.0,0.2103,0.0023,6548.6,1,44.0395,89.682,step
2026-09-01T13:13:11.163046+00:00,41.965,0.0975,0.15,0.0,0.2108,0.0024,6565.21,1,44.3384,89.704,step
2026-09-01T13:13:11.164429+00:00,42.078,0.0973,0.0,0.15,0.2113,0.0025,6582.11,1,44.6427,89.726,step
2026-09-01T13:13:11.165904+00:00,41.638,0.097,0.15,0.0,0.2117,0.0024,6367.32,1,44.9828,89.748,step
2026-09-01T13:13:11.167293+00:00,41.655,-0.1033,0.8,0.0,0.2122,0.0024,6520.96,1,45.3376,89.77,step
2026-09-01T13:13:11.168634+00:00,42.252,-0.1008,0.8,0.0,0.2125,0.0045,7746.34,1,45.2173,89.792,step
2026-09-01T13:13:11.169989+00:00,43.075,0.1063,0.0,0.15,0.2122,0.0103,8822.36,1,44.3229,89.814,step
2026-09-01T13:13:11.171369+00:00,43.515,0.1122,0.0,0.15,0.2118,0.0151,6617.22,1,43.6615,89.836,step
2026-09-01T13:13:11.172827+00:00,42.894,0.1136,0.0,0.15,0.2115,0.0161,6564.07,1,43.7704,89.858,step
2026-09-01T13:13:11.174213+00:00,42.321,0.1134,0.0,0.15,0.2113,0.0159,6467.27,1,44.1618,89.88,step
2026-09-01T13:13:11.175586+00:00,41.758,0.1126,0.15,0.0,0.2112,0.0152,6375.96,1,44.6485,89.902,step
2026-09-01T13:13:11.176987+00:00,41.776,-0.0881,0.8,0.0,0.2111,0.0146,6546.72,1,45.1455,89.924,step
2026-09-01T13:13:11.178394+00:00,42.353,-0.0859,0.8,0.0,0.2109,0.0163,7842.39,1,45.1294,89.946,step
2026-09-01T13:13:11.179781+00:00,43.16,0.1209,0.0,0.15,0.2102,0.0217,9007.5,1,44.2986,89.968,step
2026-09-01T13:13:11.181131+00:00,43.662,0.1265,0.0,0.15,0.2093,0.026,6638.02,1,43.7135,89.99,step
2026-09-01T13:13:11.182502+00:00,43.043,0.1276,0.0,0.15,0.2086,0.0266,6588.31,1,43.9167,90.012,step
2026-09-01T13:13:11.183836+00:00,42.467,0.127,0.0,0.15,0.208,0.0259,6490.68,1,44.4236,90.034,step
2026-09-01T13:13:11.185211+00:00,41.901,-0.0741,0.8,0.0,0.2076,0.0247,6398.11,1,45.045,90.056,step
2026-09-01T13:13:11.186558+00:00,42.338,-0.0725,0.8,0.0,0.2069,0.0258,7984.17,1,45.1672,90.078,step
2026-09-01T13:13:11.187904+00:00,43.117,0.1339,0.0,0.15,0.2058,0.0307,9291.08,1,44.4194,90.1,step
2026-09-01T13:13:11.189265+00:00,43.671,0.139,0.0,0.15,0.2046,0.0345,6737.69,1,43.9317,90.122,step
2026-09-01T13:13:11.190600+00:00,43.105,0.1399,0.0,0.15,0.2036,0.0347,6596.58,1,44.2402,90.144,step
2026-09-01T13:13:11.191988+00:00,42.529,0.139,0.0,0.15,0.2027,0.0336,6500.33,1,44.8778,90.166,step
2026-09-01T13:13:11.193399+00:00,41.963,-0.0624,0.8,0.0,0.202,0.0321,6408.19,1,45.6416,90.188,step
2026-09-01T13:13:11.194724+00:00,42.407,-0.0612,0.8,0.0,0.2011,0.0328,7993.58,1,45.8841,90.21,step
2026-09-01T13:13:11.196063+00:00,43.19,-0.0551,0.8,0.0,0.1998,0.0373,9295.06,1,45.203,90.232,step
2026-09-01T13:13:11.197398+00:00,44.073,0.1523,0.0,0.15,0.1981,0.0428,10682.3,1,44.2769,90.254,step
2026-09-01T13:13:11.198727+00:00,44.789,0.1579,0.0,0.15,0.1964,0.0467,7659.46,1,43.7613,90.276,step
2026-09-01T13:13:11.200020+00:00,44.542,0.1591,0.0,0.15,0.1949,0.0471,6821.39,1,44.0518,90.298,step
2026-09-01T13:13:11.201330+00:00,43.943,0.1583,0.0,0.15,0.1935,0.0458,6715.46,1,44.768,90.32,step
2026-09-01T13:13:11.202685+00:00,43.363,-0.0436,0.8,0.0,0.1922,0.0438,6617.78,1,45.7069,90.342,step
2026-09-01T13:13:11.204017+00:00,43.796,-0.0429,0.8,0.0,0.1909,0.0438,8344.83,1,46.1447,90.364,step
2026-09-01T13:13:11.205360+00:00,44.576,-0.0374,0.8,0.0,0.1891,0.0476,9800.22,1,45.6007,90.386,step
2026-09-01T13:13:11.206642+00:00,45.448,0.1695,0.0,0.15,0.187,0.0525,11202.7,1,44.7942,90.408,step
2026-09-01T13:13:11.207933+00:00,46.151,0.1744,0.0,0.15,0.1849,0.0557,8144.61,1,44.434,90.43,step
2026-09-01T13:13:11.209299+00:00,46.011,0.1753,0.0,0.15,0.1829,0.0556,7045.64,1,44.917,90.452,step
2026-09-01T13:13:11.210647+00:00,45.402,-0.026,0.8,0.0,0.1811,0.0538,6935.49,1,45.8561,90.474,step
2026-09-01T13:13:11.211950+00:00,45.866,-0.0255,0.8,0.0,0.1792,0.0534,8695.02,1,46.4615,90.496,step
2026-09-01T13:13:11.213313+00:00,46.679,-0.0206,0.8,0.0,0.1769,0.0565,10164.2,1,46.1233,90.518,step
2026-09-01T13:13:11.214683+00:00,47.562,-0.0143,0.8,0.0,0.1744,0.0607,11533.9,1,45.4922,90.54,step
2026-09-01T13:13:11.216008+00:00,48.509,0.1924,0.0,0.15,0.1716,0.0652,12743.3,1,44.8104,90.562,step
2026-09-01T13:13:11.217312+00:00,49.272,0.197,0.0,0.15,0.1687,0.0678,9437.87,1,44.6133,90.584,step
2026-09-01T13:13:11.218635+00:00,49.464,-0.0024,0.8,0.0,0.166,0.0672,7545.18,1,45.2855,90.606,step
2026-09-01T13:13:11.219924+00:00,49.943,-0.0013,0.8,0.0,0.1633,0.0669,9369.69,1,45.8832,90.628,step
2026-09-01T13:13:11.221244+00:00,50.823,0.003,0.8,0.0,0.1601,0.0692,10755.7,2,45.7903,90.65,step
2026-09-01T13:13:11.222581+00:00,51.721,0.0085,0.8,0.0,0.1567,0.0724,8013.58,2,45.4624,90.672,step
2026-09-01T13:13:11.223860+00:00,51.921,0.014,0.8,0.0,0.1531,0.0754,8025.89,2,45.1667,90.694,step
2026-09-01T13:13:11.225176+00:00,51.902,0.2191,0.0,0.15,0.1492,0.0781,5999.62,2,44.9643,90.716,step
2026-09-01T13:13:11.226514+00:00,51.47,0.0217,0.8,0.0,0.1454,0.0787,5861.03,2,45.3597,90.738,step
2026-09-01T13:13:11.227806+00:00,51.791,0.0226,0.8,0.0,0.1419,0.0779,6443.3,2,46.1625,90.76,step
2026-09-01T13:13:11.229094+00:00,52.478,0.0264,0.8,0.0,0.138,0.0795,6539.72,2,46.3238,90.782,step
2026-09-01T13:13:11.230408+00:00,53.203,0.0309,0.8,0.0,0.1339,0.0815,6583.55,2,46.3409,90.804,step
2026-09-01T13:13:11.231656+00:00,53.936,0.0355,0.8,0.0,0.1296,0.0835,6619.05,2,46.3675,90.826,step
2026-09-01T13:13:11.232898+00:00,54.661,0.0399,0.8,0.0,0.1252,0.0854,6679.27,2,46.4341,90.848,step
2026-09-01T13:13:11.234162+00:00,55.38,0.0443,0.8,0.0,0.1206,0.0872,6765.99,2,46.5522,90.87,step
2026-09-01T13:13:11.235457+00:00,56.099,0.0486,0.8,0.0,0.1158,0.0888,6871.04,2,46.7289,90.892,step
2026-09-01T13:13:11.236745+00:00,56.823,0.0527,0.8,0.0,0.111,0.0902,6993.64,2,46.9785,90.914,step
2026-09-01T13:13:11.238027+00:00,57.558,0.0567,0.8,0.0,0.106,0.0914,7123.16,2,47.3137,90.936,step
2026-09-01T13:13:11.239329+00:00,58.312,0.0605,0.8,0.0,0.1008,0.0924,7248.72,2,47.7402,90.958,step
2026-09-01T13:13:11.240603+00:00,59.083,0.0641,0.8,0.0,0.0956,0.0933,7370.33,2,48.2645,90.98,step
2026-09-01T13:13:11.241871+00:00,59.868,0.0676,0.8,0.0,0.0902,0.0939,7492.01,2,48.8895,91.002,step
2026-09-01T13:13:11.243155+00:00,60.668,0.0709,0.8,0.0,0.0847,0.0944,7615.89,2,49.6263,91.024,step
2026-09-01T13:13:11.244469+00:00,61.481,0.0741,0.8,0.0,0.0791,0.0947,7742.17,2,50.4884,91.046,step
2026-09-01T13:13:11.245730+00:00,62.308,0.077,0.8,0.0,0.0735,0.0948,7872.25,2,51.4876,91.068,step
2026-09-01T13:13:11.247017+00:00,63.147,0.0797,0.8,0.0,0.0677,0.0946,8008.8,2,52.6444,91.09,step
2026-09-01T13:13:11.248284+00:00,63.998,0.0823,0.8,0.0,0.0618,0.0943,8153.76,2,53.9867,91.112,step
2026-09-01T13:13:11.249515+00:00,64.861,0.0846,0.8,0.0,0.0559,0.0938,8310.78,2,55.5417,91.134,step
2026-09-01T13:13:11.250755+00:00,65.734,0.0867,0.8,0.0,0.0499,0.093,8485.31,2,57.3602,91.156,step
2026-09-01T13:13:11.252068+00:00,66.62,0.0886,0.8,0.0,0.0438,0.092,8675.2,2,59.5053,91.178,step
2026-09-01T13:13:11.253347+00:00,67.52,0.0901,0.8,0.0,0.0377,0.0908,8880.78,2,62.0623,91.2,step
2026-09-01T13:13:11.254595+00:00,68.436,0.0913,0.8,0.0,0.0315,0.0892,9105.51,2,65.1218,91.222,step
2026-09-01T13:13:11.255894+00:00,69.367,0.0923,0.8,0.0,0.0252,0.0874,9355.24,2,68.8105,91.244,step
2026-09-01T13:13:11.257085+00:00,70.31,0.0907,0.8,0.0,0.0189,0.0835,9620.92,2,73.3295,91.266,step
2026-09-01T13:13:11.258277+00:00,71.263,0.086,0.8,0.0,0.0128,0.0771,9865.71,2,78.942,91.288,step
2026-09-01T13:13:11.259516+00:00,72.222,0.0809,0.8,0.0,0.007,0.0704,10094.5,2,85.922,91.31,step
2026-09-01T13:13:11.260775+00:00,73.191,0.0755,0.8,0.0,0.0014,0.0635,10301.3,2,94.6513,91.332,step
2026-09-01T13:13:11.262023+00:00,74.171,0.0698,0.8,0.0,-0.0039,0.0565,10481.2,2,105.754,91.354,step
2026-09-01T13:13:11.263306+00:00,75.146,0.0638,0.8,0.0,-0.0089,0.0495,10664.9,2,120.234,91.376,step
2026-09-01T13:13:11.264544+00:00,76.111,0.0576,0.8,0.0,-0.0136,0.0424,10861.6,2,139.788,91.398,step
2026-09-01T13:13:11.265722+00:00,77.069,0.0512,0.8,0.0,-0.018,0.0352,11064.6,2,167.572,91.42,step
2026-09-01T13:13:11.266914+00:00,78.025,0.0446,0.8,0.0,-0.022,0.028,11265.6,2,200.0,91.442,step
2026-09-01T13:13:11.268128+00:00,78.982,0.0377,0.8,0.0,-0.0257,0.0207,11459.5,2,200.0,91.464,step
2026-09-01T13:13:11.269353+00:00,79.941,0.0308,0.8,0.0,-0.029,0.0135,11644.4,2,200.0,91.486,step
2026-09-01T13:13:11.270612+00:00,80.903,0.0236,0.8,0.0,-0.032,0.0064,11819.4,3,200.0,91.508,step
2026-09-01T13:13:11.271879+00:00,81.817,0.0167,0.8,0.0,-0.0345,-0.0004,9345.43,3,200.0,91.53,step
2026-09-01T13:13:11.273167+00:00,82.059,0.0125,0.8,0.0,-0.0364,-0.0048,9352.23,3,200.0,91.552,step
2026-09-01T13:13:11.274409+00:00,81.99,0.0104,0.8,0.0,-0.0374,-0.0069,7506.22,3,200.0,91.574,step
2026-09-01T13:13:11.275625+00:00,82.382,0.009,0.8,0.0,-0.0379,-0.0083,7954.37,3,200.0,91.596,step
2026-09-01T13:13:11.276867+00:00,83.021,0.0074,0.8,0.0,-0.0379,-0.0096,8039.22,3,200.0,91.618,step
2026-09-01T13:13:11.278102+00:00,83.693,0.006,0.8,0.0,-0.0376,-0.0107,8084.0,3,200.0,91.64,step
2026-09-01T13:13:11.279312+00:00,84.374,0.0047,0.8,0.0,-0.0371,-0.0115,8122.64,3,200.0,91.662,step
2026-09-01T13:13:11.280536+00:00,85.088,0.0037,0.8,0.0,-0.0364,-0.0121,8111.9,3,200.0,91.684,step
2026-09-01T13:13:11.281762+00:00,85.758,0.0029,0.8,0.0,-0.0355,-0.0124,8165.93,3,200.0,91.706,step
2026-09-01T13:13:11.282963+00:00,86.415,0.0021,0.8,0.0,-0.0345,-0.0126,8248.89,3,200.0,91.728,step
2026-09-01T13:13:11.284174+00:00,87.067,0.0013,0.8,0.0,-0.0334,-0.0128,8349.55,3,200.0,91.75,step
2026-09-01T13:13:11.285410+00:00,87.732,0.0005,0.8,0.0,-0.0322,-0.013,8446.36,3,200.0,91.772,step
2026-09-01T13:13:11.286614+00:00,88.413,-0.0003,0.8,0.0,-0.0311,-0.0132,8532.04,3,200.0,91.794,step
2026-09-01T13:13:11.287857+00:00,89.109,-0.0011,0.8,0.0,-0.0298,-0.0133,8607.5,3,200.0,91.816,step
2026-09-01T13:13:11.289073+00:00,89.815,-0.0018,0.8,0.0,-0.0286,-0.0134,8676.75,3,200.0,91.838,step
2026-09-01T13:13:11.290298+00:00,90.527,-0.0025,0.8,0.0,-0.0273,-0.0134,8744.85,3,200.0,91.86,step
2026-09-01T13:13:11.291520+00:00,91.245,-0.0031,0.8,0.0,-0.0259,-0.0134,8812.34,3,200.0,91.882,step
2026-09-01T13:13:11.292760+00:00,91.97,-0.0037,0.8,0.0,-0.0246,-0.0133,8879.61,3,200.0,91.904,step
2026-09-01T13:13:11.293993+00:00,92.698,-0.0042,0.8,0.0,-0.0233,-0.0132,8948.7,3,200.0,91.926,step
2026-09-01T13:13:11.295202+00:00,93.431,-0.0046,0.8,0.0,-0.022,-0.013,9021.36,3,200.0,91.948,step
2026-09-01T13:13:11.296432+00:00,94.169,-0.0051,0.8,0.0,-0.0207,-0.0128,9093.74,3,200.0,91.97,step
2026-09-01T13:13:11.297639+00:00,94.93,-0.0055,0.8,0.0,-0.0194,-0.0126,9139.61,3,200.0,91.992,step
2026-09-01T13:13:11.298823+00:00,95.677,-0.0058,0.15,0.0,-0.0181,-0.0124,9214.06,3,200.0,92.014,step
2026-09-01T13:13:11.300034+00:00,95.933,-0.0062,0.15,0.0,-0.0167,-0.0121,8793.85,3,200.0,92.036,step
2026-09-01T13:13:11.301274+00:00,95.913,-0.0065,0.15,0.0,-0.0155,-0.0118,8795.11,3,200.0,92.058,step
2026-09-01T13:13:11.302491+00:00,95.895,-0.0067,0.15,0.0,-0.0143,-0.0115,8795.3,3,200.0,92.08,step
2026-09-01T13:13:11.303730+00:00,95.879,-0.0068,0.15,0.0,-0.0131,-0.0111,8794.32,3,200.0,92.102,step
2026-09-01T13:13:11.304945+00:00,95.862,-0.0068,0.15,0.0,-0.012,-0.0107,8792.67,3,200.0,92.124,step
2026-09-01T13:13:11.306172+00:00,95.846,-0.0069,0.15,0.0,-0.0109,-0.0102,8790.78,3,200.0,92.146,step
2026-09-01T13:13:11.307386+00:00,95.83,-0.0069,0.15,0.0,-0.0098,-0.0098,8788.98,3,200.0,92.168,step
2026-09-01T13:13:11.308616+00:00,95.814,-0.0069,0.15,0.0,-0.0087,-0.0094,8787.28,3,200.0,92.19,step
2026-09-01T13:13:11.309831+00:00,95.799,-0.0069,0.15,0.0,-0.0077,-0.009,8785.6,3,200.0,92.212,step
2026-09-01T13:13:11.311085+00:00,95.783,-0.0069,0.15,0.0,-0.0068,-0.0086,8784.06,3,200.0,92.234,step
2026-09-01T13:13:11.312325+00:00,95.766,-0.0068,0.15,0.0,-0.0059,-0.0081,8783.63,3,200.0,92.256,step
2026-09-01T13:13:11.313576+00:00,95.751,-0.0067,0.15,0.0,-0.0051,-0.0077,8782.2,3,200.0,92.278,step
2026-09-01T13:13:11.314799+00:00,95.736,-0.0066,0.15,0.0,-0.0042,-0.0073,8780.33,3,200.0,92.3,step
2026-09-01T13:13:11.316012+00:00,95.72,-0.0065,0.15,0.0,-0.0034,-0.0069,8778.66,3,200.0,92.322,step
2026-09-01T13:13:11.317225+00:00,95.705,-0.0064,0.15,0.0,-0.0027,-0.0064,8776.93,3,200.0,92.344,step
2026-09-01T13:13:11.318466+00:00,95.689,-0.0062,0.15,0.0,-0.002,-0.006,8775.33,3,200.0,92.366,step
2026-09-01T13:13:11.319691+00:00,95.673,-0.0061,0.15,0.0,-0.0014,-0.0057,8773.85,3,200.0,92.388,step
2026-09-01T13:13:11.320923+00:00,95.658,-0.006,0.15,0.0,-0.0008,-0.0053,8772.46,3,200.0,92.41,step
2026-09-01T13:13:11.322184+00:00,95.642,-0.0058,0.15,0.0,-0.0002,-0.0049,8771.18,3,200.0,92.432,step
2026-09-01T13:13:11.323406+00:00,95.627,-0.0057,0.15,0.0,0.0004,-0.0046,8769.98,3,200.0,92.454,step
2026-09-01T13:13:11.324635+00:00,95.612,-0.0055,0.15,0.0,0.0009,-0.0042,8768.73,3,200.0,92.476,step
2026-09-01T13:13:11.325847+00:00,95.597,-0.0053,0.15,0.0,0.0014,-0.0039,8767.32,3,200.0,92.498,step
2026-09-01T13:13:11.327077+00:00,95.582,-0.0051,0.15,0.0,0.0018,-0.0035,8765.97,3,200.0,92.52,step
2026-09-01T13:13:11.328310+00:00,95.567,-0.005,0.15,0.0,0.0022,-0.0032,8766.77,3,200.0,92.542,step
2026-09-01T13:13:11.329543+00:00,95.553,-0.0048,0.15,0.0,0.0026,-0.0029,8764.77,3,200.0,92.564,step
2026-09-01T13:13:11.330749+00:00,95.539,-0.0046,0.15,0.0,0.0029,-0.0026,8762.72,3,200.0,92.586,step
2026-09-01T13:13:11.331952+00:00,95.525,-0.0044,0.15,0.0,0.0032,-0.0023,8760.95,3,200.0,92.608,step
2026-09-01T13:13:11.333142+00:00,95.511,-0.0042,0.15,0.0,0.0035,-0.002,8759.24,3,200.0,92.63,step
2026-09-01T13:13:11.334333+00:00,95.496,-0.0041,0.15,0.0,0.0038,-0.0018,8757.67,3,200.0,92.652,step
2026-09-01T13:13:11.335534+00:00,95.482,-0.0039,0.15,0.0,0.0041,-0.0016,8756.28,3,200.0,92.674,step
2026-09-01T13:13:11.336751+00:00,95.468,-0.0038,0.15,0.0,0.0043,-0.0013,8755.03,3,200.0,92.696,step
2026-09-01T13:13:11.337968+00:00,95.453,-0.0036,0.15,0.0,0.0046,-0.0011,8753.87,3,200.0,92.718,step
2026-09-01T13:13:11.339184+00:00,95.439,-0.0034,0.15,0.0,0.0047,-0.0009,8752.63,3,200.0,92.74,step
2026-09-01T13:13:11.340407+00:00,95.424,-0.0033,0.15,0.0,0.0049,-0.0007,8751.34,3,200.0,92.762,step
2026-09-01T13:13:11.341620+00:00,95.41,-0.0031,0.15,0.0,0.005,-0.0005,8750.09,3,200.0,92.784,step
2026-09-01T13:13:11.342880+00:00,95.396,-0.0029,0.15,0.0,0.005,-0.0003,8748.86,3,200.0,92.806,step
2026-09-01T13:13:11.344151+00:00,95.381,-0.0028,0.15,0.0,0.0051,-0.0002,8747.53,3,200.0,92.828,step
2026-09-01T13:13:11.345434+00:00,95.367,-0.0026,0.15,0.0,0.0052,0.0,8746.23,3,200.0,92.85,step
2026-09-01T13:13:11.346699+00:00,95.353,-0.0024,0.15,0.0,0.0052,0.0002,8744.93,3,200.0,92.872,step
2026-09-01T13:13:11.347988+00:00,95.339,-0.0022,0.15,0.0,0.0053,0.0003,8743.64,3,200.0,92.894,step
2026-09-01T13:13:11.349228+00:00,95.325,-0.0021,0.15,0.0,0.0052,0.0004,8742.35,3,200.0,92.916,step
2026-09-01T13:13:11.350451+00:00,95.311,-0.0019,0.15,0.0,0.0052,0.0006,8741.05,3,200.0,92.938,step
2026-09-01T13:13:11.351803+00:00,95.297,-0.0018,0.15,0.0,0.0052,0.0007,8739.76,3,200.0,92.96,step
2026-09-01T13:13:11.353117+00:00,95.283,-0.0016,0.15,0.0,0.0052,0.0008,8738.48,3,200.0,92.982,step
2026-09-01T13:13:11.354394+00:00,95.269,-0.0015,0.15,0.0,0.0051,0.0009,8737.24,3,200.0,93.004,step
2026-09-01T13:13:11.355653+00:00,95.255,-0.0014,0.15,0.0,0.0051,0.001,8735.92,3,200.0,93.026,step
2026-09-01T13:13:11.356890+00:00,95.241,-0.0013,0.15,0.0,0.0051,0.0011,8734.79,3,200.0,93.048,step
2026-09-01T13:13:11.358118+00:00,95.227,-0.0012,0.15,0.0,0.005,0.0011,8733.47,3,200.0,93.07,step
2026-09-01T13:13:11.359491+00:00,95.213,-0.0011,0.15,0.0,0.005,0.0012,8732.21,3,200.0,93.092,step
2026-09-01T13:13:11.360832+00:00,95.199,-0.001,0.15,0.0,0.005,0.0012,8730.89,3,200.0,93.114,step
2026-09-01T13:13:11.362158+00:00,95.185,-0.001,0.15,0.0,0.005,0.0013,8729.6,3,200.0,93.136,step
2026-09-01T13:13:11.363481+00:00,95.172,-0.0009,0.15,0.0,0.005,0.0013,8728.37,3,200.0,93.158,step
2026-09-01T13:13:11.364772+00:00,95.158,-0.0008,0.15,0.0,0.0049,0.0014,8727.1,3,200.0,93.18,step
2026-09-01T13:13:11.366014+00:00,95.144,-0.0007,0.15,0.0,0.0049,0.0014,8725.83,3,200.0,93.202,step
2026-09-01T13:13:11.367328+00:00,95.13,-0.0006,0.15,0.0,0.0048,0.0015,8724.57,3,200.0,93.224,step
2026-09-01T13:13:11.368683+00:00,95.117,-0.0005,0.15,0.0,0.0047,0.0015,8723.33,3,200.0,93.246,step
2026-09-01T13:13:11.369972+00:00,95.103,-0.0004,0.15,0.0,0.0046,0.0016,8722.09,3,200.0,93.268,step
2026-09-01T13:13:11.371256+00:00,95.089,-0.0004,0.15,0.0,0.0045,0.0016,8720.86,3,200.0,93.29,step
2026-09-01T13:13:11.372504+00:00,95.076,-0.0003,0.15,0.0,0.0044,0.0016,8719.62,3,200.0,93.312,step
2026-09-01T13:13:11.373751+00:00,95.062,-0.0003,0.15,0.0,0.0043,0.0016,8718.38,3,200.0,93.334,step
2026-09-01T13:13:11.374993+00:00,95.049,-0.0002,0.15,0.0,0.0042,0.0016,8717.13,3,200.0,93.356,step
2026-09-01T13:13:11.376222+00:00,95.035,-0.0002,0.15,0.0,0.0041,0.0016,8715.9,3,200.0,93.378,step
2026-09-01T13:13:11.377510+00:00,95.022,-0.0001,0.15,0.0,0.0041,0.0016,8714.77,3,200.0,93.4,step
2026-09-01T13:13:11.378796+00:00,95.008,-0.0001,0.15,0.0,0.004,0.0016,8713.54,3,200.0,93.422,step
2026-09-01T13:13:11.380032+00:00,94.995,-0.0001,0.8,0.0,0.0039,0.0016,8712.29,3,200.0,93.444,step
2026-09-01T13:13:11.381262+00:00,95.438,-0.0,0.15,0.0,0.0038,0.0016,9227.36,3,200.0,93.466,step
2026-09-01T13:13:11.382525+00:00,95.718,-0.0,0.15,0.0,0.0037,0.0015,8777.0,3,200.0,93.488,step
2026-09-01T13:13:11.383804+00:00,95.702,0.0,0.15,0.0,0.0036,0.0015,8774.76,3,200.0,93.51,step
2026-09-01T13:13:11.385059+00:00,95.686,0.0,0.15,0.0,0.0035,0.0015,8774.44,3,200.0,93.532,step
2026-09-01T13:13:11.386315+00:00,95.671,0.0001,0.15,0.0,0.0034,0.0015,8773.89,3,200.0,93.554,step
2026-09-01T13:13:11.387592+00:00,95.656,0.0001,0.15,0.0,0.0033,0.0015,8772.96,3,200.0,93.576,step
2026-09-01T13:13:11.388852+00:00,95.641,0.0001,0.15,0.0,0.0033,0.0015,8771.74,3,200.0,93.598,step
2026-09-01T13:13:11.390088+00:00,95.627,0.0002,0.15,0.0,0.0033,0.0015,8770.27,3,200.0,93.62,step
2026-09-01T13:13:11.391363+00:00,95.612,0.0002,0.15,0.0,0.0032,0.0015,8768.81,3,200.0,93.642,step
2026-09-01T13:13:11.392640+00:00,95.597,0.0003,0.15,0.0,0.0031,0.0015,8767.38,3,200.0,93.664,step
2026-09-01T13:13:11.393890+00:00,95.583,0.0003,0.15,0.0,0.003,0.0015,8765.95,3,200.0,93.686,step
2026-09-01T13:13:11.395170+00:00,95.568,0.0004,0.15,0.0,0.0029,0.0015,8764.55,3,200.0,93.708,step
2026-09-01T13:13:11.396396+00:00,95.554,0.0004,0.15,0.0,0.0028,0.0015,8763.19,3,200.0,93.73,step
2026-09-01T13:13:11.397626+00:00,95.539,0.0005,0.15,0.0,0.0027,0.0015,8761.86,3,200.0,93.752,step
2026-09-01T13:13:11.398849+00:00,95.525,0.0005,0.15,0.0,0.0026,0.0015,8760.56,3,200.0,93.774,step
2026-09-01T13:13:11.400087+00:00,95.51,0.0005,0.15,0.0,0.0025,0.0015,8759.22,3,200.0,93.796,step
2026-09-01T13:13:11.401328+00:00,95.496,0.0005,0.15,0.0,0.0024,0.0014,8758.03,3,200.0,93.818,step
2026-09-01T13:13:11.402573+00:00,95.481,0.0004,0.15,0.0,0.0024,0.0014,8756.71,3,200.0,93.84,step
2026-09-01T13:13:11.403850+00:00,95.467,0.0004,0.15,0.0,0.0023,0.0013,8755.37,3,200.0,93.862,step
2026-09-01T13:13:11.405106+00:00,95.453,0.0004,0.15,0.0,0.0023,0.0013,8754.05,3,200.0,93.884,step
2026-09-01T13:13:11.406353+00:00,95.438,0.0005,0.15,0.0,0.0022,0.0013,8752.72,3,200.0,93.906,step
2026-09-01T13:13:11.407572+00:00,95.424,0.0005,0.15,0.0,0.0021,0.0013,8751.41,3,200.0,93.928,step
2026-09-01T13:13:11.408835+00:00,95.41,0.0005,0.15,0.0,0.002,0.0013,8750.08,3,200.0,93.95,step
2026-09-01T13:13:11.410075+00:00,95.395,0.0005,0.15,0.0,0.0019,0.0012,8748.78,3,200.0,93.972,step
2026-09-01T13:13:11.411303+00:00,95.381,0.0005,0.15,0.0,0.0018,0.0012,8747.5,3,200.0,93.994,step
2026-09-01T13:13:11.412571+00:00,95.367,0.0005,0.15,0.0,0.0017,0.0011,8746.25,3,200.0,94.016,step
2026-09-01T13:13:11.413792+00:00,95.353,0.0004,0.15,0.0,0.0017,0.001,8744.97,3,200.0,94.038,step
2026-09-01T13:13:11.415005+00:00,95.339,0.0004,0.15,0.0,0.0016,0.001,8743.64,3,200.0,94.06,step
2026-09-01T13:13:11.416227+00:00,95.325,0.0004,0.15,0.0,0.0016,0.001,8742.37,3,200.0,94.082,step
2026-09-01T13:13:11.417459+00:00,95.311,0.0004,0.15,0.0,0.0016,0.001,8741.08,3,200.0,94.104,step
2026-09-01T13:13:11.418715+00:00,95.297,0.0004,0.15,0.0,0.0016,0.001,8739.77,3,200.0,94.126,step
2026-09-01T13:13:11.420020+00:00,95.283,0.0005,0.15,0.0,0.0015,0.001,8738.5,3,200.0,94.148,step
2026-09-01T13:13:11.421298+00:00,95.269,0.0005,0.15,0.0,0.0014,0.001,8737.23,3,200.0,94.17,step
2026-09-01T13:13:11.422546+00:00,95.255,0.0006,0.15,0.0,0.0013,0.001,8735.96,3,200.0,94.192,step
2026-09-01T13:13:11.423778+00:00,95.241,0.0005,0.15,0.0,0.0012,0.001,8734.7,3,200.0,94.214,step
2026-09-01T13:13:11.425014+00:00,95.227,0.0005,0.15,0.0,0.0011,0.0009,8733.41,3,200.0,94.236,step
2026-09-01T13:13:11.426227+00:00,95.213,0.0005,0.15,0.0,0.0011,0.0008,8732.21,3,200.0,94.258,step
2026-09-01T13:13:11.427455+00:00,95.199,0.0004,0.15,0.0,0.0011,0.0008,8730.94,3,200.0,94.28,step
2026-09-01T13:13:11.428711+00:00,95.186,0.0004,0.15,0.0,0.0011,0.0008,8729.66,3,200.0,94.302,step
2026-09-01T13:13:11.429933+00:00,95.172,0.0004,0.15,0.0,0.001,0.0008,8728.37,3,200.0,94.324,step
2026-09-01T13:13:11.431169+00:00,95.158,0.0004,0.15,0.0,0.001,0.0008,8727.12,3,200.0,94.346,step
2026-09-01T13:13:11.432403+00:00,95.144,0.0004,0.15,0.0,0.001,0.0008,8725.88,3,200.0,94.368,step
2026-09-01T13:13:11.433645+00:00,95.13,0.0005,0.15,0.0,0.001,0.0008,8724.62,3,200.0,94.39,step
2026-09-01T13:13:11.434874+00:00,95.117,0.0005,0.15,0.0,0.0009,0.0008,8723.38,3,200.0,94.412,step
2026-09-01T13:13:11.436123+00:00,95.103,0.0005,0.15,0.0,0.0008,0.0008,8722.15,3,200.0,94.434,step
2026-09-01T13:13:11.437378+00:00,95.09,0.0006,0.15,0.0,0.0007,0.0008,8720.91,3,200.0,94.456,step
2026-09-01T13:13:11.438620+00:00,95.076,0.0005,0.15,0.0,0.0007,0.0007,8719.68,3,200.0,94.478,step
2026-09-01T13:13:11.439873+00:00,95.062,0.0005,0.15,0.0,0.0006,0.0007,8718.46,3,200.0,94.5,step
2026-09-01T13:13:11.441121+00:00,95.049,0.0004,0.15,0.0,0.0006,0.0006,8717.23,3,200.0,94.522,step
2026-09-01T13:13:11.442372+00:00,95.035,0.0004,0.15,0.0,0.0006,0.0006,8715.98,3,200.0,94.544,step
2026-09-01T13:13:11.443601+00:00,95.022,0.0004,0.15,0.0,0.0006,0.0006,8714.72,3,200.0,94.566,step
2026-09-01T13:13:11.444842+00:00,95.009,0.0004,0.15,0.0,0.0006,0.0006,8713.49,3,200.0,94.588,step
2026-09-01T13:13:11.446091+00:00,94.995,0.0005,0.15,0.0,0.0006,0.0006,8712.27,3,200.0,94.61,step
2026-09-01T13:13:11.447312+00:00,94.982,0.0005,0.8,0.0,0.0005,0.0006,8711.06,3,200.0,94.632,step
2026-09-01T13:13:11.448536+00:00,95.428,0.0005,0.15,0.0,0.0005,0.0006,9227.34,3,200.0,94.654,step
2026-09-01T13:13:11.449814+00:00,95.709,0.0005,0.15,0.0,0.0005,0.0006,8776.24,3,200.0,94.676,step
2026-09-01T13:13:11.451068+00:00,95.693,0.0005,0.15,0.0,0.0005,0.0006,8774.01,3,200.0,94.698,step
2026-09-01T13:13:11.452353+00:00,95.678,0.0005,0.15,0.0,0.0004,0.0006,8773.69,3,200.0,94.72,step
2026-09-01T13:13:11.453623+00:00,95.662,0.0005,0.15,0.0,0.0004,0.0006,8773.13,3,200.0,94.742,step
2026-09-01T13:13:11.454868+00:00,95.648,0.0005,0.15,0.0,0.0004,0.0006,8772.15,3,200.0,94.764,step
2026-09-01T13:13:11.456117+00:00,95.633,0.0005,0.15,0.0,0.0004,0.0006,8770.87,3,200.0,94.786,step
2026-09-01T13:13:11.457388+00:00,95.618,0.0005,0.15,0.0,0.0003,0.0006,8769.44,3,200.0,94.808,step
2026-09-01T13:13:11.458639+00:00,95.604,0.0005,0.15,0.0,0.0003,0.0005,8767.96,3,200.0,94.83,step
2026-09-01T13:13:11.459859+00:00,95.589,0.0004,0.15,0.0,0.0003,0.0005,8766.53,3,200.0,94.852,step
2026-09-01T13:13:11.461081+00:00,95.574,0.0004,0.15,0.0,0.0003,0.0005,8765.15,3,200.0,94.874,step
2026-09-01T13:13:11.462331+00:00,95.56,0.0005,0.15,0.0,0.0002,0.0005,8763.81,3,200.0,94.896,step
2026-09-01T13:13:11.463562+00:00,95.545,0.0005,0.15,0.0,0.0002,0.0005,8762.51,3,200.0,94.918,step
2026-09-01T13:13:11.464798+00:00,95.531,0.0005,0.15,0.0,0.0002,0.0005,8761.18,3,200.0,94.94,step
2026-09-01T13:13:11.466082+00:00,95.516,0.0005,0.15,0.0,0.0001,0.0005,8759.84,3,200.0,94.962,step
2026-09-01T13:13:11.467342+00:00,95.502,0.0005,0.15,0.0,0.0001,0.0005,8758.53,3,200.0,94.984,step
2026-09-01T13:13:11.468592+00:00,95.488,0.0005,0.15,0.0,0.0001,0.0004,8757.19,3,200.0,95.006,step
2026-09-01T13:13:11.469855+00:00,95.473,0.0005,0.15,0.0,0.0001,0.0004,8755.9,3,200.0,95.028,step
2026-09-01T13:13:11.471136+00:00,95.459,0.0005,0.15,0.0,0.0,0.0004,8754.57,3,200.0,95.05,step
2026-09-01T13:13:11.472370+00:00,95.445,0.0005,0.15,0.0,0.0,0.0004,8753.24,3,200.0,95.072,step
2026-09-01T13:13:11.473602+00:00,95.43,0.0005,0.15,0.0,-0.0,0.0004,8751.95,3,200.0,95.094,step
2026-09-01T13:13:11.474840+00:00,95.416,0.0005,0.15,0.0,-0.0,0.0004,8750.65,3,200.0,95.116,step
2026-09-01T13:13:11.476077+00:00,95.402,0.0005,0.15,0.0,-0.0001,0.0004,8749.45,3,200.0,95.138,step
2026-09-01T13:13:11.477300+00:00,95.388,0.0005,0.15,0.0,-0.0001,0.0004,8748.13,3,200.0,95.16,step
2026-09-01T13:13:11.478521+00:00,95.373,0.0005,0.15,0.0,-0.0001,0.0004,8746.82,3,200.0,95.182,step
2026-09-01T13:13:11.479759+00:00,95.359,0.0005,0.15,0.0,-0.0001,0.0004,8745.5,3,200.0,95.204,step
2026-09-01T13:13:11.480983+00:00,95.345,0.0005,0.15,0.0,-0.0002,0.0003,8744.21,3,200.0,95.226,step
2026-09-01T13:13:11.482205+00:00,95.331,0.0005,0.15,0.0,-0.0002,0.0003,8742.9,3,200.0,95.248,step
2026-09-01T13:13:11.483445+00:00,95.317,0.0005,0.15,0.0,-0.0002,0.0003,8741.63,3,200.0,95.27,step
2026-09-01T13:13:11.484685+00:00,95.303,0.0005,0.15,0.0,-0.0002,0.0003,8740.36,3,200.0,95.292,step
2026-09-01T13:13:11.485947+00:00,95.289,0.0005,0.15,0.0,-0.0002,0.0003,8739.05,3,200.0,95.314,step
2026-09-01T13:13:11.487221+00:00,95.275,0.0005,0.15,0.0,-0.0003,0.0003,8737.76,3,200.0,95.336,step
2026-09-01T13:13:11.488520+00:00,95.261,0.0005,0.15,0.0,-0.0003,0.0003,8736.5,3,200.0,95.358,step
2026-09-01T13:13:11.489796+00:00,95.247,0.0005,0.15,0.0,-0.0003,0.0003,8735.33,3,200.0,95.38,step
2026-09-01T13:13:11.491047+00:00,95.233,0.0005,0.15,0.0,-0.0003,0.0003,8734.06,3,200.0,95.402,step
2026-09-01T13:13:11.492288+00:00,95.219,0.0005,0.15,0.0,-0.0003,0.0003,8732.75,3,200.0,95.424,step
2026-09-01T13:13:11.493533+00:00,95.206,0.0005,0.15,0.0,-0.0004,0.0003,8731.48,3,200.0,95.446,step
2026-09-01T13:13:11.494769+00:00,95.192,0.0005,0.15,0.0,-0.0004,0.0002,8730.22,3,200.0,95.468,step
2026-09-01T13:13:11.496011+00:00,95.178,0.0005,0.15,0.0,-0.0004,0.0002,8728.95,3,200.0,95.49,step
2026-09-01T13:13:11.497244+00:00,95.164,0.0005,0.15,0.0,-0.0004,0.0002,8727.68,3,200.0,95.512,step
2026-09-01T13:13:11.498497+00:00,95.15,0.0005,0.15,0.0,-0.0004,0.0002,8726.42,3,200.0,95.534,step
2026-09-01T13:13:11.499770+00:00,95.137,0.0005,0.15,0.0,-0.0005,0.0002,8725.17,3,200.0,95.556,step
2026-09-01T13:13:11.501045+00:00,95.123,0.0005,0.15,0.0,-0.0005,0.0002,8723.94,3,200.0,95.578,step
2026-09-01T13:13:11.502305+00:00,95.109,0.0005,0.15,0.0,-0.0005,0.0002,8722.68,3,200.0,95.6,step
2026-09-01T13:13:11.503567+00:00,95.096,0.0004,0.15,0.0,-0.0005,0.0002,8721.47,3,200.0,95.622,step
2026-09-01T13:13:11.504831+00:00,95.082,0.0004,0.15,0.0,-0.0005,0.0002,8720.28,3,200.0,95.644,step
2026-09-01T13:13:11.506074+00:00,95.069,0.0005,0.15,0.0,-0.0005,0.0002,8719.03,3,200.0,95.666,step
2026-09-01T13:13:11.507317+00:00,95.055,0.0005,0.15,0.0,-0.0005,0.0002,8717.77,3,200.0,95.688,step
2026-09-01T13:13:11.508579+00:00,95.042,0.0005,0.15,0.0,-0.0005,0.0002,8716.52,3,200.0,95.71,step
2026-09-01T13:13:11.509810+00:00,95.028,0.0005,0.15,0.0,-0.0006,0.0002,8715.29,3,200.0,95.732,step
2026-09-01T13:13:11.511047+00:00,95.015,0.0005,0.15,0.0,-0.0006,0.0002,8714.04,3,200.0,95.754,step
2026-09-01T13:13:11.512294+00:00,95.001,0.0005,0.15,0.0,-0.0006,0.0002,8712.81,3,200.0,95.776,step
2026-09-01T13:13:11.513556+00:00,94.988,0.0005,0.8,0.0,-0.0006,0.0001,8711.59,3,200.0,95.798,step
2026-09-01T13:13:11.514868+00:00,95.433,0.0005,0.15,0.0,-0.0006,0.0001,9227.63,3,200.0,95.82,step
2026-09-01T13:13:11.516152+00:00,95.714,0.0004,0.15,0.0,-0.0006,0.0001,8776.58,3,200.0,95.842,step
2026-09-01T13:13:11.517443+00:00,95.698,0.0004,0.15,0.0,-0.0006,0.0001,8774.34,3,200.0,95.864,step
2026-09-01T13:13:11.518713+00:00,95.682,0.0004,0.15,0.0,-0.0006,0.0001,8773.98,3,200.0,95.886,step
2026-09-01T13:13:11.519978+00:00,95.666,0.0004,0.15,0.0,-0.0006,0.0001,8773.4,3,200.0,95.908,step
2026-09-01T13:13:11.521237+00:00,95.651,0.0005,0.15,0.0,-0.0007,0.0001,8772.41,3,200.0,95.93,step
2026-09-01T13:13:11.522492+00:00,95.636,0.0005,0.15,0.0,-0.0007,0.0001,8770.17,3,200.0,95.952,step
2026-09-01T13:13:11.523747+00:00,95.621,0.0005,0.15,0.0,-0.0007,0.0001,8769.13,3,200.0,95.974,step
2026-09-01T13:13:11.525010+00:00,95.605,0.0005,0.15,0.0,-0.0007,0.0001,8767.94,3,200.0,95.996,step
2026-09-01T13:13:11.526249+00:00,95.59,0.0005,0.15,0.0,-0.0008,0.0001,8766.66,3,200.0,96.018,step
2026-09-01T13:13:11.527499+00:00,95.575,0.0005,0.15,0.0,-0.0007,0.0001,8765.35,3,200.0,96.04,step
2026-09-01T13:13:11.528742+00:00,95.56,0.0004,0.15,0.0,-0.0007,0.0001,8763.94,3,200.0,96.062,step
2026-09-01T13:13:11.530004+00:00,95.545,0.0004,0.15,0.0,-0.0006,0.0,8762.54,3,200.0,96.084,step
2026-09-01T13:13:11.531274+00:00,95.53,0.0004,0.15,0.0,-0.0007,0.0,8761.15,3,199.505,96.106,step
2026-09-01T13:13:11.532557+00:00,95.515,0.0004,0.15,0.0,-0.0007,0.0,8759.67,3,198.921,96.128,step
2026-09-01T13:13:11.533843+00:00,95.499,0.0004,0.15,0.0,-0.0007,0.0,8758.21,3,198.338,96.15,step
2026-09-01T13:13:11.535095+00:00,95.484,0.0004,0.15,0.0,-0.0007,0.0,8756.77,3,197.754,96.172,step
2026-09-01T13:13:11.536352+00:00,95.469,0.0004,0.15,0.0,-0.0008,0.0,8755.38,3,197.171,96.194,step
2026-09-01T13:13:11.537586+00:00,95.454,0.0004,0.15,0.0,-0.0008,0.0,8752.89,3,196.587,96.216,step
2026-09-01T13:13:11.538829+00:00,95.438,0.0004,0.15,0.0,-0.0008,0.0,8751.5,3,196.003,96.238,step
2026-09-01T13:13:11.540059+00:00,95.422,0.0004,0.15,0.0,-0.0008,0.0,8750.56,3,195.42,96.26,step
2026-09-01T13:13:11.541274+00:00,95.407,0.0004,0.15,0.0,-0.0007,0.0,8749.66,3,194.837,96.282,step
2026-09-01T13:13:11.542495+00:00,95.391,0.0004,0.15,0.0,-0.0007,0.0,8748.54,3,194.255,96.304,step
2026-09-01T13:13:11.543702+00:00,95.376,0.0004,0.15,0.0,-0.0007,0.0,8747.3,3,193.672,96.326,step
2026-09-01T13:13:11.544943+00:00,95.361,0.0004,0.15,0.0,-0.0007,0.0,8745.86,3,193.089,96.348,step
2026-09-01T13:13:11.546186+00:00,95.345,0.0004,0.15,0.0,-0.0007,0.0,8744.41,3,192.507,96.37,step
2026-09-01T13:13:11.547450+00:00,95.33,0.0004,0.15,0.0,-0.0008,0.0,8742.9,3,191.924,96.392,step
2026-09-01T13:13:11.548692+00:00,95.315,0.0004,0.15,0.0,-0.0008,0.0,8741.43,3,191.341,96.414,step
2026-09-01T13:13:11.549911+00:00,95.299,0.0005,0.15,0.0,-0.0008,0.0,8739.98,3,190.758,96.436,step
2026-09-01T13:13:11.551182+00:00,95.284,0.0005,0.15,0.0,-0.0008,0.0,8738.55,3,190.175,96.458,step
2026-09-01T13:13:11.552483+00:00,95.269,0.0005,0.15,0.0,-0.0008,0.0,8736.78,3,189.593,96.48,step
2026-09-01T13:13:11.553783+00:00,95.253,0.0004,0.15,0.0,-0.0008,0.0,8735.13,3,189.011,96.502,step
2026-09-01T13:13:11.555243+00:00,95.238,0.0004,0.15,0.0,-0.0007,0.0,8733.88,3,188.43,96.524,step
2026-09-01T13:13:11.556618+00:00,95.222,0.0004,0.15,0.0,-0.0007,0.0,8732.86,3,187.848,96.546,step
2026-09-01T13:13:11.557956+00:00,95.207,0.0004,0.15,0.0,-0.0008,0.0,8731.63,3,187.266,96.568,step
2026-09-01T13:13:11.559231+00:00,95.191,0.0004,0.15,0.0,-0.0008,0.0,8730.31,3,186.684,96.59,step
2026-09-01T13:13:11.560511+00:00,95.176,0.0004,0.15,0.0,-0.0008,0.0,8728.92,3,186.103,96.612,step
2026-09-01T13:13:11.561780+00:00,95.161,0.0005,0.15,0.0,-0.0008,0.0,8727.5,3,185.521,96.634,step
2026-09-01T13:13:11.563064+00:00,95.145,0.0005,0.15,0.0,-0.0008,0.0,8726.07,3,184.939,96.656,step
2026-09-01T13:13:11.564323+00:00,95.13,0.0005,0.15,0.0,-0.0009,0.0,8724.64,3,184.357,96.678,step
2026-09-01T13:13:11.565629+00:00,95.115,0.0005,0.15,0.0,-0.0009,0.0,8723.23,3,183.776,96.7,step
2026-09-01T13:13:11.566892+00:00,95.1,0.0005,0.15,0.0,-0.0008,0.0,8721.89,3,183.195,96.722,step
2026-09-01T13:13:11.568190+00:00,95.085,0.0004,0.15,0.0,-0.0008,0.0,8720.48,3,182.614,96.744,step
2026-09-01T13:13:11.569443+00:00,95.07,0.0004,0.15,0.0,-0.0008,0.0,8718.97,3,182.034,96.766,step
2026-09-01T13:13:11.570716+00:00,95.055,0.0004,0.15,0.0,-0.0008,0.0,8717.6,3,181.453,96.788,step
2026-09-01T13:13:11.572057+00:00,95.039,0.0004,0.15,0.0,-0.0008,0.0,8716.26,3,180.872,96.81,step
2026-09-01T13:13:11.573364+00:00,95.024,0.0005,0.15,0.0,-0.0008,0.0,8714.94,3,180.291,96.832,step
2026-09-01T13:13:11.574610+00:00,95.009,0.0005,0.15,0.0,-0.0008,0.0,8713.61,3,179.71,96.854,step
2026-09-01T13:13:11.575870+00:00,94.994,0.0005,0.8,0.0,-0.0009,0.0,8712.25,3,179.13,96.876,step
2026-09-01T13:13:11.577170+00:00,95.437,0.0005,0.15,0.0,-0.0009,0.0,9228.31,3,178.548,96.898,step
2026-09-01T13:13:11.578472+00:00,95.717,0.0005,0.15,0.0,-0.0008,0.0,8776.93,3,177.964,96.92,step
2026-09-01T13:13:11.579776+00:00,95.699,0.0004,0.15,0.0,-0.0008,0.0,8774.58,3,177.379,96.942,step
2026-09-01T13:13:11.581056+00:00,95.682,0.0004,0.15,0.0,-0.0008,0.0,8774.21,3,176.794,96.964,step
2026-09-01T13:13:11.582309+00:00,95.666,0.0005,0.15,0.0,-0.0008,0.0,8773.52,3,176.21,96.986,step
2026-09-01T13:13:11.583556+00:00,95.649,0.0005,0.15,0.0,-0.0009,0.0,8772.39,3,175.625,97.008,step
2026-09-01T13:13:11.584816+00:00,95.633,0.0005,0.15,0.0,-0.0009,0.0,8771.42,3,175.04,97.03,step
2026-09-01T13:13:11.586076+00:00,95.617,0.0005,0.15,0.0,-0.0009,0.0,8769.73,3,174.455,97.052,step
2026-09-01T13:13:11.587315+00:00,95.601,0.0005,0.15,0.0,-0.001,0.0,8767.95,3,173.878,97.074,step
2026-09-01T13:13:11.588555+00:00,95.585,0.0005,0.15,0.0,-0.0009,-0.0,8766.36,3,173.301,97.096,step
2026-09-01T13:13:11.589775+00:00,95.57,0.0004,0.15,0.0,-0.0009,-0.0,8764.78,3,172.721,97.118,step
2026-09-01T13:13:11.591032+00:00,95.554,0.0004,0.15,0.0,-0.0008,-0.0,8763.22,3,172.138,97.14,step
2026-09-01T13:13:11.592289+00:00,95.538,0.0004,0.15,0.0,-0.0008,-0.0,8761.69,3,171.555,97.162,step
2026-09-01T13:13:11.593545+00:00,95.522,0.0004,0.15,0.0,-0.0008,-0.0,8760.27,3,170.971,97.184,step
2026-09-01T13:13:11.594803+00:00,95.506,0.0004,0.15,0.0,-0.0008,-0.0,8758.92,3,170.388,97.206,step
2026-09-01T13:13:11.596076+00:00,95.491,0.0004,0.15,0.0,-0.0009,-0.0,8757.58,3,169.804,97.228,step
2026-09-01T13:13:11.597303+00:00,95.475,0.0004,0.15,0.0,-0.0009,-0.0,8756.21,3,169.22,97.25,step
2026-09-01T13:13:11.598506+00:00,95.46,0.0004,0.15,0.0,-0.0009,-0.0,8754.79,3,168.636,97.272,step
2026-09-01T13:13:11.599798+00:00,95.445,0.0004,0.15,0.0,-0.0009,-0.0,8753.5,3,168.052,97.294,step
2026-09-01T13:13:11.600997+00:00,95.429,0.0004,0.15,0.0,-0.0009,-0.0,8753.01,3,167.469,97.316,step
2026-09-01T13:13:11.602210+00:00,95.414,0.0004,0.15,0.0,-0.0009,-0.0,8751.13,3,166.887,97.338,step
2026-09-01T13:13:11.603435+00:00,95.4,0.0004,0.15,0.0,-0.0008,-0.0,8749.48,3,166.304,97.36,step
2026-09-01T13:13:11.604656+00:00,95.385,0.0003,0.15,0.0,-0.0007,-0.0,8747.85,3,165.722,97.382,step
2026-09-01T13:13:11.605874+00:00,95.37,0.0003,0.15,0.0,-0.0008,-0.0,8746.34,3,165.139,97.404,step
2026-09-01T13:13:11.607092+00:00,95.355,0.0004,0.15,0.0,-0.0008,-0.0,8744.89,3,164.556,97.426,step
2026-09-01T13:13:11.608361+00:00,95.339,0.0004,0.15,0.0,-0.0008,-0.0,8743.5,3,163.973,97.448,step
2026-09-01T13:13:11.609603+00:00,95.325,0.0004,0.15,0.0,-0.0008,-0.0,8742.23,3,163.39,97.47,step
2026-09-01T13:13:11.610870+00:00,95.31,0.0004,0.15,0.0,-0.0009,-0.0,8741.05,3,162.808,97.492,step
2026-09-01T13:13:11.612118+00:00,95.296,0.0004,0.15,0.0,-0.0009,-0.0,8739.83,3,162.225,97.514,step
2026-09-01T13:13:11.613380+00:00,95.281,0.0004,0.15,0.0,-0.0009,-0.0,8738.55,3,161.642,97.536,step
2026-09-01T13:13:11.614628+00:00,95.267,0.0004,0.15,0.0,-0.0009,-0.0,8737.26,3,161.06,97.558,step
2026-09-01T13:13:11.615881+00:00,95.252,0.0004,0.15,0.0,-0.0008,-0.0,8737.84,3,160.478,97.58,step
2026-09-01T13:13:11.617108+00:00,95.239,0.0003,0.15,0.0,-0.0008,-0.0,8735.75,3,159.897,97.602,step
2026-09-01T13:13:11.618326+00:00,95.225,0.0003,0.15,0.0,-0.0007,-0.0,8733.95,3,159.315,97.624,step
2026-09-01T13:13:11.619537+00:00,95.212,0.0003,0.15,0.0,-0.0008,-0.0,8732.28,3,158.733,97.646,step
2026-09-01T13:13:11.620746+00:00,95.198,0.0003,0.15,0.0,-0.0008,-0.0,8730.67,3,158.151,97.668,step
2026-09-01T13:13:11.621977+00:00,95.184,0.0004,0.15,0.0,-0.0008,-0.0,8729.21,3,157.569,97.69,step
2026-09-01T13:13:11.623182+00:00,95.17,0.0004,0.15,0.0,-0.0008,-0.0,8727.88,3,156.988,97.712,step
2026-09-01T13:13:11.624455+00:00,95.156,0.0004,0.15,0.0,-0.0008,-0.0,8726.67,3,156.406,97.734,step
2026-09-01T13:13:11.625697+00:00,95.143,0.0004,0.15,0.0,-0.0008,-0.0,8725.7,3,155.824,97.756,step
2026-09-01T13:13:11.626958+00:00,95.13,0.0004,0.15,0.0,-0.0009,-0.0,8724.7,3,155.242,97.778,step
2026-09-01T13:13:11.628191+00:00,95.117,0.0004,0.15,0.0,-0.0009,-0.0,8723.61,3,154.661,97.8,step
2026-09-01T13:13:11.629431+00:00,95.104,0.0004,0.15,0.0,-0.0008,-0.0,8722.44,3,154.08,97.822,step
2026-09-01T13:13:11.630639+00:00,95.09,0.0003,0.15,0.0,-0.0007,-0.0,8723.16,3,153.499,97.844,step
2026-09-01T13:13:11.631842+00:00,95.078,0.0003,0.15,0.0,-0.0007,-0.0,8722.02,3,152.919,97.866,step
2026-09-01T13:13:11.633057+00:00,95.066,0.0003,0.15,0.0,-0.0007,-0.0,8719.91,3,152.338,97.888,step
2026-09-01T13:13:11.634271+00:00,95.054,0.0003,0.15,0.0,-0.0007,-0.0,8718.18,3,151.757,97.91,step
2026-09-01T13:13:11.635483+00:00,95.042,0.0003,0.15,0.0,-0.0007,-0.0,8716.51,3,151.176,97.932,step
2026-09-01T13:13:11.636707+00:00,95.03,0.0003,0.15,0.0,-0.0007,-0.0,8715.03,3,150.595,97.954,step
2026-09-01T13:13:11.637949+00:00,95.017,0.0003,0.15,0.0,-0.0008,-0.0,8713.75,3,150.014,97.976,step
2026-09-01T13:13:11.639180+00:00,95.004,0.0003,0.15,0.0,-0.0008,-0.0,8712.63,3,149.434,97.998,step
2026-09-01T13:13:11.640405+00:00,94.992,0.0004,0.8,0.0,-0.0008,-0.0,8711.77,3,148.853,98.02,step
2026-09-01T13:13:11.641663+00:00,95.441,0.0004,0.15,0.0,-0.0008,-0.0,9228.74,3,148.272,98.042,step
2026-09-01T13:13:11.642889+00:00,95.724,0.0003,0.15,0.0,-0.0008,-0.0,8777.86,3,147.687,98.064,step
2026-09-01T13:13:11.644088+00:00,95.71,0.0003,0.15,0.0,-0.0007,-0.0,8775.81,3,147.103,98.086,step
2026-09-01T13:13:11.645323+00:00,95.696,0.0003,0.15,0.0,-0.0007,-0.0,8775.66,3,146.518,98.108,step
2026-09-01T13:13:11.646548+00:00,95.682,0.0003,0.15,0.0,-0.0007,-0.0,8778.51,3,145.934,98.13,step
2026-09-01T13:13:11.647764+00:00,95.671,0.0003,0.15,0.0,-0.0007,-0.0,8776.18,3,145.349,98.152,step
2026-09-01T13:13:11.648967+00:00,95.659,0.0003,0.15,0.0,-0.0007,-0.0,8773.96,3,144.764,98.174,step
2026-09-01T13:13:11.650197+00:00,95.647,0.0003,0.15,0.0,-0.0008,-0.0,8772.25,3,144.179,98.196,step
2026-09-01T13:13:11.651408+00:00,95.635,0.0003,0.15,0.0,-0.0008,-0.0,8770.58,3,143.594,98.218,step
2026-09-01T13:13:11.652615+00:00,95.623,0.0004,0.15,0.0,-0.0008,-0.0,8769.09,3,143.01,98.24,step
2026-09-01T13:13:11.653852+00:00,95.61,0.0004,0.15,0.0,-0.0008,-0.0,8767.81,3,142.425,98.262,step
2026-09-01T13:13:11.655094+00:00,95.598,0.0004,0.15,0.0,-0.0009,-0.0,8766.74,3,141.84,98.284,step
2026-09-01T13:13:11.656324+00:00,95.586,0.0004,0.15,0.0,-0.0008,-0.0,8766.1,3,141.256,98.306,step
2026-09-01T13:13:11.657565+00:00,95.575,0.0004,0.15,0.0,-0.0008,-0.0,8765.38,3,140.673,98.328,step
2026-09-01T13:13:11.658794+00:00,95.564,0.0003,0.15,0.0,-0.0007,-0.0,8764.47,3,140.089,98.35,step
2026-09-01T13:13:11.660014+00:00,95.553,0.0003,0.15,0.0,-0.0007,-0.0,8763.43,3,139.506,98.372,step
2026-09-01T13:13:11.661235+00:00,95.54,0.0003,0.15,0.0,-0.0006,-0.0,8766.58,3,138.922,98.394,step
2026-09-01T13:13:11.662458+00:00,95.532,0.0003,0.15,0.0,-0.0006,-0.0,8764.23,3,138.339,98.416,step
2026-09-01T13:13:11.663666+00:00,95.522,0.0003,0.15,0.0,-0.0006,-0.0,8761.85,3,137.755,98.438,step
2026-09-01T13:13:11.664870+00:00,95.513,0.0003,0.15,0.0,-0.0007,-0.0,8759.99,3,137.171,98.46,step
2026-09-01T13:13:11.666087+00:00,95.503,0.0003,0.15,0.0,-0.0007,-0.0,8758.29,3,136.587,98.482,step
2026-09-01T13:13:11.667299+00:00,95.492,0.0003,0.15,0.0,-0.0007,-0.0,8756.88,3,136.003,98.504,step
2026-09-01T13:13:11.668503+00:00,95.482,0.0003,0.15,0.0,-0.0007,-0.0,8755.79,3,135.419,98.526,step
2026-09-01T13:13:11.669726+00:00,95.471,0.0003,0.15,0.0,-0.0008,-0.0,8754.93,3,134.836,98.548,step
2026-09-01T13:13:11.670952+00:00,95.461,0.0004,0.15,0.0,-0.0008,-0.0,8754.47,3,134.252,98.57,step
2026-09-01T13:13:11.672190+00:00,95.451,0.0004,0.15,0.0,-0.0008,-0.0,8753.98,3,133.668,98.592,step
2026-09-01T13:13:11.673436+00:00,95.442,0.0004,0.15,0.0,-0.0008,-0.0,8753.31,3,133.084,98.614,step
2026-09-01T13:13:11.674652+00:00,95.433,0.0004,0.15,0.0,-0.0009,-0.0,8752.5,3,132.501,98.636,step
2026-09-01T13:13:11.675871+00:00,95.424,0.0003,0.15,0.0,-0.0008,-0.0,8752.71,3,131.919,98.658,step
2026-09-01T13:13:11.677112+00:00,95.414,0.0003,0.15,0.0,-0.0007,-0.0,8754.03,3,131.337,98.68,step
2026-09-01T13:13:11.678327+00:00,95.407,0.0003,0.15,0.0,-0.0007,-0.0,8751.56,3,130.755,98.702,step
2026-09-01T13:13:11.679540+00:00,95.399,0.0003,0.15,0.0,-0.0006,-0.0,8749.87,3,130.172,98.724,step
2026-09-01T13:13:11.680739+00:00,95.391,0.0002,0.15,0.0,-0.0006,-0.0,8748.31,3,129.59,98.746,step
2026-09-01T13:13:11.681928+00:00,95.382,0.0002,0.15,0.0,-0.0005,-0.0,8746.99,3,129.008,98.768,step
2026-09-01T13:13:11.683139+00:00,95.374,0.0002,0.15,0.0,-0.0005,-0.0,8746.0,3,128.425,98.79,step
2026-09-01T13:13:11.684360+00:00,95.365,0.0002,0.15,0.0,-0.0006,-0.0001,8745.22,3,127.843,98.812,step
2026-09-01T13:13:11.685575+00:00,95.356,0.0002,0.15,0.0,-0.0006,-0.0001,8744.66,3,127.26,98.834,step
2026-09-01T13:13:11.686793+00:00,95.348,0.0002,0.15,0.0,-0.0006,-0.0001,8744.3,3,126.678,98.856,step
2026-09-01T13:13:11.688030+00:00,95.34,0.0002,0.15,0.0,-0.0006,-0.0001,8743.81,3,126.095,98.878,step
2026-09-01T13:13:11.689244+00:00,95.332,0.0003,0.15,0.0,-0.0006,-0.0001,8743.18,3,125.513,98.9,step
2026-09-01T13:13:11.690441+00:00,95.325,0.0003,0.15,0.0,-0.0007,-0.0001,8742.45,3,124.931,98.922,step
2026-09-01T13:13:11.691664+00:00,95.316,0.0003,0.15,0.0,-0.0007,-0.0001,8743.84,3,124.349,98.944,step
2026-09-01T13:13:11.692865+00:00,95.309,0.0003,0.15,0.0,-0.0007,-0.0001,8743.16,3,123.767,98.966,step
2026-09-01T13:13:11.694071+00:00,95.303,0.0003,0.15,0.0,-0.0007,-0.0001,8741.4,3,123.185,98.988,step
2026-09-01T13:13:11.695265+00:00,95.296,0.0003,0.15,0.0,-0.0008,-0.0001,8740.09,3,122.603,99.01,step
2026-09-01T13:13:11.696461+00:00,95.289,0.0003,0.15,0.0,-0.0008,-0.0001,8738.88,3,122.021,99.032,step
2026-09-01T13:13:11.697650+00:00,95.282,0.0003,0.15,0.0,-0.0008,-0.0001,8737.87,3,121.44,99.054,step
2026-09-01T13:13:11.698836+00:00,95.274,0.0002,0.15,0.0,-0.0007,-0.0001,8737.06,3,120.859,99.076,step
2026-09-01T13:13:11.700085+00:00,95.267,0.0002,0.15,0.0,-0.0006,-0.0001,8736.43,3,120.279,99.098,step
2026-09-01T13:13:11.701282+00:00,95.259,0.0002,0.0,0.15,-0.0006,-0.0001,8735.98,3,119.698,99.12,step
2026-09-01T13:13:11.702500+00:00,94.815,0.0002,0.0,0.15,-0.0006,-0.0001,8549.09,3,119.113,99.142,step
2026-09-01T13:13:11.703749+00:00,94.166,0.0002,0.0,0.15,-0.0006,-0.0,8485.85,3,118.524,99.164,step
2026-09-01T13:13:11.704951+00:00,93.517,0.0003,0.0,0.15,-0.0005,0.0001,8424.74,3,117.937,99.186,step
2026-09-01T13:13:11.706146+00:00,92.871,0.0004,0.0,0.15,-0.0005,0.0001,8366.23,3,117.353,99.208,step
2026-09-01T13:13:11.707342+00:00,92.233,0.0005,0.0,0.15,-0.0005,0.0002,8304.19,3,116.773,99.23,step
2026-09-01T13:13:11.708544+00:00,91.595,0.0006,0.15,0.0,-0.0005,0.0003,8248.42,3,116.202,99.252,step
2026-09-01T13:13:11.709737+00:00,91.398,0.0006,0.15,0.0,-0.0005,0.0003,8388.17,3,115.643,99.274,step
2026-09-01T13:13:11.710939+00:00,91.401,0.0005,0.15,0.0,-0.0006,0.0002,8385.8,3,115.093,99.296,step
2026-09-01T13:13:11.712145+00:00,91.403,0.0005,0.15,0.0,-0.0006,0.0002,8383.72,3,114.545,99.318,step
2026-09-01T13:13:11.713353+00:00,91.405,0.0005,0.15,0.0,-0.0006,0.0001,8382.69,3,113.992,99.34,step
2026-09-01T13:13:11.714539+00:00,91.406,0.0005,0.15,0.0,-0.0007,0.0001,8382.59,3,113.436,99.362,step
2026-09-01T13:13:11.715737+00:00,91.407,0.0005,0.15,0.0,-0.0007,0.0001,8383.08,3,112.88,99.384,step
2026-09-01T13:13:11.716957+00:00,91.408,0.0005,0.15,0.0,-0.0007,0.0001,8384.12,3,112.323,99.406,step
2026-09-01T13:13:11.718170+00:00,91.41,0.0004,0.15,0.0,-0.0007,0.0001,8384.97,3,111.767,99.428,step
2026-09-01T13:13:11.719402+00:00,91.412,0.0004,0.15,0.0,-0.0007,0.0001,8385.5,3,111.21,99.45,step
2026-09-01T13:13:11.720577+00:00,91.413,0.0004,0.15,0.0,-0.0006,0.0001,8385.69,3,110.654,99.472,step
2026-09-01T13:13:11.721784+00:00,91.416,0.0003,0.15,0.0,-0.0006,0.0,8385.73,3,110.097,99.494,step
2026-09-01T13:13:11.722962+00:00,91.418,0.0003,0.15,0.0,-0.0005,0.0,8385.74,3,109.541,99.516,step
2026-09-01T13:13:11.724157+00:00,91.419,0.0003,0.15,0.0,-0.0005,0.0,8387.8,3,108.983,99.538,step
2026-09-01T13:13:11.725349+00:00,91.422,0.0003,0.15,0.0,-0.0005,0.0,8387.02,3,108.426,99.56,step
2026-09-01T13:13:11.726551+00:00,91.424,0.0002,0.15,0.0,-0.0004,0.0,8386.72,3,107.869,99.582,step
2026-09-01T13:13:11.727780+00:00,91.427,0.0002,0.15,0.0,-0.0004,0.0,8386.47,3,107.312,99.604,step
2026-09-01T13:13:11.728969+00:00,91.429,0.0002,0.15,0.0,-0.0003,-0.0,8386.34,3,106.756,99.626,step
2026-09-01T13:13:11.730162+00:00,91.431,0.0001,0.15,0.0,-0.0003,-0.0,8386.38,3,106.199,99.648,step
2026-09-01T13:13:11.731354+00:00,91.433,0.0001,0.15,0.0,-0.0002,-0.0,8386.59,3,105.643,99.67,step
2026-09-01T13:13:11.732543+00:00,91.435,0.0001,0.15,0.0,-0.0002,-0.0,8386.92,3,105.087,99.692,step
2026-09-01T13:13:11.733764+00:00,91.438,0.0,0.15,0.0,-0.0002,-0.0001,8387.31,3,104.53,99.714,step
2026-09-01T13:13:11.734981+00:00,91.44,-0.0,0.15,0.0,-0.0001,-0.0001,8387.67,3,103.973,99.736,step
2026-09-01T13:13:11.736186+00:00,91.443,-0.0,0.15,0.0,-0.0001,-0.0001,8388.05,3,103.416,99.758,step
2026-09-01T13:13:11.737404+00:00,91.445,-0.0001,0.15,0.0,-0.0,-0.0001,8388.23,3,102.859,99.78,step
2026-09-01T13:13:11.738597+00:00,91.448,-0.0001,0.15,0.0,-0.0,-0.0001,8388.45,3,102.301,99.802,step
2026-09-01T13:13:11.739800+00:00,91.45,-0.0001,0.15,0.0,0.0,-0.0001,8390.5,3,101.744,99.824,step
2026-09-01T13:13:11.740984+00:00,91.454,-0.0002,0.15,0.0,0.0001,-0.0001,8390.06,3,101.186,99.846,step
2026-09-01T13:13:11.742162+00:00,91.457,-0.0002,0.15,0.0,0.0001,-0.0001,8389.76,3,100.628,99.868,step
2026-09-01T13:13:11.743333+00:00,91.46,-0.0002,0.15,0.0,0.0002,-0.0001,8389.64,3,100.07,99.89,step
2026-09-01T13:13:11.744511+00:00,91.463,-0.0002,0.15,0.0,0.0002,-0.0001,8389.57,3,99.5123,99.912,step
2026-09-01T13:13:11.745691+00:00,91.466,-0.0003,0.15,0.0,0.0002,-0.0001,8389.64,3,98.9546,99.934,step
2026-09-01T13:13:11.746866+00:00,91.469,-0.0003,0.15,0.0,0.0003,-0.0001,8389.84,3,98.397,99.956,step
2026-09-01T13:13:11.748051+00:00,91.472,-0.0003,0.15,0.0,0.0003,-0.0001,8390.12,3,97.8397,99.978,step
2026-09-01T13:13:11.749229+00:00,91.474,-0.0003,0.15,0.0,0.0004,-0.0001,8390.54,3,97.2822,100.0,step
2026-09-01T13:13:11.750409+00:00,91.477,-0.0004,0.15,0.0,0.0004,-0.0001,8391.0,3,96.7248,100.022,step
2026-09-01T13:13:11.751584+00:00,91.48,-0.0004,0.15,0.0,0.0004,-0.0001,8391.38,3,96.1672,100.044,step
2026-09-01T13:13:11.752758+00:00,91.484,-0.0004,0.15,0.0,0.0005,-0.0002,8391.7,3,95.6095,100.066,step
2026-09-01T13:13:11.753956+00:00,91.487,-0.0005,0.15,0.0,0.0005,-0.0002,8391.97,3,95.0515,100.088,step
2026-09-01T13:13:11.755317+00:00,91.49,-0.0005,0.15,0.0,0.0006,-0.0002,8392.65,3,94.4936,100.11,step
2026-09-01T13:13:11.756618+00:00,91.493,-0.0005,0.15,0.0,0.0006,-0.0002,8393.78,3,93.9355,100.132,step
2026-09-01T13:13:11.757792+00:00,91.497,-0.0005,0.15,0.0,0.0006,-0.0001,8393.5,3,93.3737,100.154,step
2026-09-01T13:13:11.758944+00:00,91.501,-0.0005,0.15,0.0,0.0007,-0.0001,8393.5,3,92.8128,100.176,step
2026-09-01T13:13:11.760126+00:00,91.505,-0.0005,0.15,0.0,0.0007,-0.0001,8393.46,3,92.2543,100.198,step
2026-09-01T13:13:11.761282+00:00,91.508,-0.0005,0.15,0.0,0.0008,-0.0001,8393.61,3,91.6927,100.22,step
2026-09-01T13:13:11.762436+00:00,91.512,-0.0005,0.15,0.0,0.0008,-0.0001,8393.82,3,91.1284,100.242,step
2026-09-01T13:13:11.763591+00:00,91.515,-0.0005,0.15,0.0,0.0008,-0.0001,8394.11,3,90.5671,100.264,step
2026-09-01T13:13:11.764739+00:00,91.518,-0.0005,0.15,0.0,0.0009,-0.0001,8394.53,3,90.0087,100.286,step
2026-09-01T13:13:11.765939+00:00,91.522,-0.0005,0.15,0.0,0.001,-0.0,8394.97,3,89.4476,100.308,step
2026-09-01T13:13:11.767136+00:00,91.525,-0.0006,0.15,0.0,0.0011,0.0,8395.46,3,88.8839,100.33,step
2026-09-01T13:13:11.768378+00:00,91.529,-0.0005,0.15,0.0,0.0012,0.0,8395.8,3,88.3187,100.352,step
2026-09-01T13:13:11.769817+00:00,91.533,-0.0005,0.15,0.0,0.0012,0.0001,8396.13,3,87.753,100.374,step
2026-09-01T13:13:11.771010+00:00,91.537,-0.0005,0.15,0.0,0.0012,0.0001,8396.41,3,87.1907,100.396,step
2026-09-01T13:13:11.772247+00:00,91.54,-0.0005,0.15,0.0,0.0013,0.0001,8397.99,3,86.6314,100.418,step
2026-09-01T13:13:11.773535+00:00,91.544,-0.0005,0.15,0.0,0.0013,0.0001,8397.79,3,86.0689,100.44,step
2026-09-01T13:13:11.774740+00:00,91.548,-0.0005,0.15,0.0,0.0014,0.0002,8397.82,3,85.5076,100.462,step
2026-09-01T13:13:11.775978+00:00,91.552,-0.0005,0.15,0.0,0.0014,0.0002,8397.9,3,84.9483,100.484,step
2026-09-01T13:13:11.777930+00:00,91.556,-0.0005,0.15,0.0,0.0014,0.0002,8398.1,3,84.3864,100.506,step
2026-09-01T13:13:11.779353+00:00,91.56,-0.0005,0.15,0.0,0.0015,0.0002,8398.33,3,83.8222,100.528,step
2026-09-01T13:13:11.781160+00:00,91.564,-0.0005,0.15,0.0,0.0015,0.0002,8398.64,3,83.2607,100.55,step
2026-09-01T13:13:11.782525+00:00,91.568,-0.0005,0.15,0.0,0.0016,0.0002,8399.01,3,82.7019,100.572,step
2026-09-01T13:13:11.783906+00:00,91.571,-0.0005,0.15,0.0,0.0016,0.0002,8399.48,3,82.1403,100.594,step
2026-09-01T13:13:11.785462+00:00,91.575,-0.0005,0.15,0.0,0.0016,0.0003,8399.91,3,81.5765,100.616,step
2026-09-01T13:13:11.786888+00:00,91.579,-0.0005,0.15,0.0,0.0017,0.0003,8400.35,3,81.0153,100.638,step
2026-09-01T13:13:11.788174+00:00,91.583,-0.0005,0.15,0.0,0.0017,0.0003,8400.7,3,80.4565,100.66,step
2026-09-01T13:13:11.789469+00:00,91.587,-0.0005,0.15,0.0,0.0017,0.0003,8401.08,3,79.8951,100.682,step
2026-09-01T13:13:11.790776+00:00,91.591,-0.0005,0.15,0.0,0.0018,0.0003,8402.28,3,79.3314,100.704,step
2026-09-01T13:13:11.792133+00:00,91.596,-0.0005,0.15,0.0,0.0018,0.0004,8402.42,3,78.77,100.726,step
2026-09-01T13:13:11.793899+00:00,91.6,-0.0005,0.15,0.0,0.0019,0.0004,8402.49,3,78.2109,100.748,step
2026-09-01T13:13:11.795197+00:00,91.604,-0.0005,0.15,0.0,0.0019,0.0004,8402.63,3,77.6523,100.77,step
2026-09-01T13:13:11.796417+00:00,91.608,-0.0005,0.15,0.0,0.0019,0.0004,8402.89,3,77.0911,100.792,step
2026-09-01T13:13:11.797690+00:00,91.612,-0.0005,0.15,0.0,0.002,0.0004,8403.18,3,76.5274,100.814,step
2026-09-01T13:13:11.798998+00:00,91.617,-0.0005,0.15,0.0,0.002,0.0004,8403.49,3,75.9664,100.836,step
2026-09-01T13:13:11.801412+00:00,91.621,-0.0005,0.15,0.0,0.002,0.0004,8403.88,3,75.4076,100.858,step
2026-09-01T13:13:11.803704+00:00,91.625,-0.0005,0.15,0.0,0.0021,0.0004,8404.28,3,74.8465,100.88,step
2026-09-01T13:13:11.805460+00:00,91.629,-0.0005,0.15,0.0,0.0021,0.0005,8404.83,3,74.2829,100.902,step
2026-09-01T13:13:11.807115+00:00,91.633,-0.0005,0.15,0.0,0.0022,0.0005,8405.23,3,73.7221,100.924,step
2026-09-01T13:13:11.808863+00:00,91.637,-0.0005,0.15,0.0,0.0022,0.0005,8405.6,3,73.1637,100.946,step
2026-09-01T13:13:11.810592+00:00,91.641,-0.0005,0.15,0.0,0.0022,0.0005,8406.0,3,72.6029,100.968,step
2026-09-01T13:13:11.812004+00:00,91.646,-0.0005,0.15,0.0,0.0023,0.0005,8406.37,3,72.04,100.99,step
2026-09-01T13:13:11.813388+00:00,91.65,-0.0005,0.15,0.0,0.0023,0.0006,8407.27,3,71.4792,101.012,step
2026-09-01T13:13:11.814869+00:00,91.654,-0.0005,0.15,0.0,0.0024,0.0006,8407.38,3,70.9206,101.034,step
2026-09-01T13:13:11.816436+00:00,91.659,-0.0005,0.15,0.0,0.0024,0.0006,8407.65,3,70.3597,101.056,step
2026-09-01T13:13:11.817832+00:00,91.663,-0.0005,0.15,0.0,0.0024,0.0006,8407.95,3,69.797,101.078,step
2026-09-01T13:13:11.819158+00:00,91.667,-0.0005,0.15,0.0,0.0024,0.0006,8408.17,3,69.2353,101.1,step
2026-09-01T13:13:11.820414+00:00,91.672,-0.0004,0.15,0.0,0.0023,0.0006,8408.49,3,68.6759,101.122,step
2026-09-01T13:13:11.821598+00:00,91.676,-0.0004,0.15,0.0,0.0023,0.0006,8408.87,3,68.1169,101.144,step
2026-09-01T13:13:11.822905+00:00,91.68,-0.0004,0.15,0.0,0.0023,0.0006,8409.3,3,67.5579,101.166,step
2026-09-01T13:13:11.824629+00:00,91.684,-0.0004,0.15,0.0,0.0022,0.0006,8409.82,3,66.9989,101.188,step
2026-09-01T13:13:11.826364+00:00,91.688,-0.0004,0.15,0.0,0.0022,0.0006,8410.25,3,66.4402,101.21,step
2026-09-01T13:13:11.827646+00:00,91.693,-0.0005,0.15,0.0,0.0023,0.0006,8410.65,3,65.8816,101.232,step
2026-09-01T13:13:11.828877+00:00,91.697,-0.0005,0.15,0.0,0.0023,0.0005,8411.03,3,65.323,101.254,step
2026-09-01T13:13:11.830156+00:00,91.701,-0.0005,0.15,0.0,0.0023,0.0005,8411.39,3,64.7643,101.276,step
2026-09-01T13:13:11.831446+00:00,91.705,-0.0005,0.15,0.0,0.0024,0.0005,8412.1,3,64.2031,101.298,step
2026-09-01T13:13:11.833260+00:00,91.71,-0.0005,0.15,0.0,0.0024,0.0006,8412.38,3,63.6397,101.32,step
2026-09-01T13:13:11.834665+00:00,91.714,-0.0005,0.15,0.0,0.0024,0.0006,8412.67,3,63.0759,101.342,step
2026-09-01T13:13:11.836254+00:00,91.718,-0.0005,0.15,0.0,0.0025,0.0006,8412.97,3,62.5145,101.364,step
2026-09-01T13:13:11.837494+00:00,91.723,-0.0005,0.15,0.0,0.0025,0.0006,8413.32,3,61.9553,101.386,step
2026-09-01T13:13:11.838827+00:00,91.727,-0.0005,0.15,0.0,0.0025,0.0006,8413.65,3,61.3941,101.408,step
2026-09-01T13:13:11.840065+00:00,91.731,-0.0005,0.15,0.0,0.0026,0.0007,8414.09,3,60.831,101.43,step
2026-09-01T13:13:11.841261+00:00,91.735,-0.0005,0.15,0.0,0.0026,0.0007,8414.49,3,60.27,101.452,step
2026-09-01T13:13:11.842495+00:00,91.74,-0.0005,0.15,0.0,0.0026,0.0007,8414.84,3,59.7109,101.474,step
2026-09-01T13:13:11.843776+00:00,91.744,-0.0005,0.0,0.15,0.0027,0.0007,8415.28,3,59.1499,101.496,step
2026-09-01T13:13:11.845129+00:00,91.306,-0.0005,0.0,0.15,0.0027,0.0007,8235.51,3,58.5859,101.518,step
2026-09-01T13:13:11.846403+00:00,90.675,-0.0004,0.0,0.15,0.0027,0.0008,8174.55,3,58.024,101.54,step
2026-09-01T13:13:11.847651+00:00,90.045,-0.0003,0.0,0.15,0.0028,0.0009,8115.5,3,57.4664,101.562,step
2026-09-01T13:13:11.848882+00:00,89.417,-0.0002,0.0,0.15,0.0028,0.001,8058.71,3,56.9121,101.584,step
2026-09-01T13:13:11.850097+00:00,88.793,-0.0002,0.0,0.15,0.0028,0.0011,8003.2,3,56.3615,101.606,step
2026-09-01T13:13:11.851345+00:00,88.171,-0.0001,0.0,0.15,0.0029,0.0011,7948.26,3,55.8146,101.628,step
2026-09-01T13:13:11.852655+00:00,87.552,0.0,0.0,0.15,0.0029,0.0012,7893.53,3,55.2718,101.65,step
2026-09-01T13:13:11.853825+00:00,86.936,0.0001,0.0,0.15,0.0029,0.0013,7838.82,3,54.7331,101.672,step
2026-09-01T13:13:11.855019+00:00,86.322,0.0002,0.0,0.15,0.0029,0.0014,7784.02,3,54.1988,101.694,step
2026-09-01T13:13:11.856223+00:00,85.71,0.0003,0.0,0.15,0.0029,0.0014,7729.35,3,53.6686,101.716,step
2026-09-01T13:13:11.857434+00:00,85.1,0.0003,0.0,0.15,0.0029,0.0015,7674.75,3,53.1426,101.738,step
2026-09-01T13:13:11.858664+00:00,84.492,0.0004,0.0,0.15,0.0029,0.0016,7620.32,3,52.6205,101.76,step
2026-09-01T13:13:11.859884+00:00,83.885,0.0005,0.0,0.15,0.0029,0.0016,7565.87,3,52.1024,101.782,step
2026-09-01T13:13:11.861277+00:00,83.281,0.0006,0.0,0.15,0.0029,0.0017,7511.84,3,51.5882,101.804,step
2026-09-01T13:13:11.862626+00:00,82.678,0.0006,0.0,0.15,0.0029,0.0017,7457.94,3,51.0797,101.826,step
2026-09-01T13:13:11.863870+00:00,82.078,0.0006,0.0,0.15,0.0029,0.0017,7404.24,3,50.5771,101.848,step
2026-09-01T13:13:11.865089+00:00,81.48,0.0006,0.0,0.15,0.0029,0.0017,7350.74,3,50.0788,101.87,step
2026-09-01T13:13:11.866270+00:00,80.884,0.0006,0.0,0.15,0.0029,0.0017,7297.27,3,49.5845,101.892,step
2026-09-01T13:13:11.867524+00:00,80.29,0.0006,0.0,0.15,0.0028,0.0017,7244.56,3,49.094,101.914,step
2026-09-01T13:13:11.868859+00:00,79.698,0.0006,0.0,0.15,0.0028,0.0017,7191.31,2,48.6074,101.936,step
2026-09-01T13:13:11.870055+00:00,79.128,0.0006,0.0,0.15,0.0028,0.0017,9037.64,2,48.1247,101.958,step
2026-09-01T13:13:11.871231+00:00,78.574,0.0006,0.0,0.15,0.0028,0.0016,9014.16,2,47.6472,101.98,step
2026-09-01T13:13:11.872487+00:00,77.977,0.0005,0.0,0.15,0.0028,0.0016,8831.98,2,47.1732,102.002,step
2026-09-01T13:13:11.873680+00:00,77.325,0.0005,0.0,0.15,0.0028,0.0016,8756.81,2,46.6985,102.024,step
2026-09-01T13:13:11.874838+00:00,76.676,0.0006,0.0,0.15,0.0028,0.0017,8683.78,2,46.2256,102.046,step
2026-09-01T13:13:11.876166+00:00,76.031,0.0007,0.0,0.15,0.0028,0.0017,8611.73,2,45.7558,102.068,step
2026-09-01T13:13:11.877471+00:00,75.389,0.0008,0.0,0.15,0.0028,0.0018,8540.41,2,45.2899,102.09,step
2026-09-01T13:13:11.878671+00:00,74.75,0.2008,0.0,0.15,0.0028,0.0019,8469.58,2,44.8279,102.112,step
2026-09-01T13:13:11.879919+00:00,74.124,0.1978,0.0,0.15,0.0031,-0.0005,8400.11,2,44.5474,102.134,step
2026-09-01T13:13:11.881154+00:00,73.456,0.1892,0.0,0.15,0.004,-0.0073,8324.99,2,44.583,102.156,step
2026-09-01T13:13:11.882371+00:00,72.808,0.178,0.0,0.15,0.0055,-0.0161,8248.23,2,44.7498,102.178,step
2026-09-01T13:13:11.883563+00:00,72.174,0.1657,0.0,0.15,0.0076,-0.0254,8173.24,2,44.9469,102.2,step
2026-09-01T13:13:11.884817+00:00,71.546,-0.0466,0.0,0.15,0.0103,-0.0346,8100.47,2,45.1286,102.222,step
2026-09-01T13:13:11.886089+00:00,70.938,-0.0557,0.0,0.15,0.0133,-0.0409,8034.26,2,45.1128,102.244,step
2026-09-01T13:13:11.887264+00:00,70.297,0.142,0.0,0.15,0.0161,-0.0417,7968.2,2,44.7305,102.266,step
2026-09-01T13:13:11.888516+00:00,69.688,0.1393,0.0,0.15,0.019,-0.0427,7901.63,2,44.3678,102.288,step
2026-09-01T13:13:11.889719+00:00,69.052,0.1319,0.0,0.15,0.0225,-0.0474,7833.17,2,44.2496,102.31,step
2026-09-01T13:13:11.890894+00:00,68.436,0.1225,0.0,0.15,0.0264,-0.0535,7763.98,2,44.219,102.332,step
2026-09-01T13:13:11.892141+00:00,67.831,0.1128,0.0,0.15,0.0308,-0.0599,7694.97,2,44.1987,102.354,step
2026-09-01T13:13:11.893311+00:00,67.231,0.1032,0.0,0.15,0.0355,-0.0659,7626.39,2,44.1597,102.376,step
2026-09-01T13:13:11.894633+00:00,66.634,0.0939,0.0,0.15,0.0406,-0.0715,7558.92,2,44.0926,102.398,step
2026-09-01T13:13:11.895829+00:00,66.04,0.0851,0.0,0.15,0.046,-0.0766,7492.55,2,43.9964,102.42,step
2026-09-01T13:13:11.897068+00:00,65.448,0.0768,0.0,0.15,0.0516,-0.0812,7426.87,2,43.8718,102.442,step
2026-09-01T13:13:11.898302+00:00,64.86,0.0688,0.0,0.15,0.0574,-0.0854,7361.64,2,43.7208,102.464,step
2026-09-01T13:13:11.899488+00:00,64.275,0.0613,0.0,0.15,0.0635,-0.0891,7296.88,2,43.545,102.486,step
2026-09-01T13:13:11.900747+00:00,63.692,0.0543,0.0,0.15,0.0697,-0.0924,7232.19,2,43.3457,102.508,step
2026-09-01T13:13:11.901951+00:00,63.113,0.0476,0.0,0.15,0.076,-0.0953,7167.76,2,43.1253,102.53,step
2026-09-01T13:13:11.903345+00:00,62.537,0.0413,0.0,0.15,0.0825,-0.0979,7103.61,2,42.8869,102.552,step
2026-09-01T13:13:11.904608+00:00,61.964,0.0354,0.0,0.15,0.089,-0.1001,7039.47,2,42.6311,102.574,step
2026-09-01T13:13:11.905909+00:00,61.393,0.0299,0.0,0.15,0.0956,-0.1019,6975.47,2,42.3594,102.596,step
2026-09-01T13:13:11.907150+00:00,60.825,0.0247,0.0,0.15,0.1022,-0.1035,6911.69,2,42.0745,102.618,step
2026-09-01T13:13:11.908361+00:00,60.258,0.0198,0.0,0.15,0.1088,-0.1048,6848.02,2,41.7783,102.64,step
2026-09-01T13:13:11.909631+00:00,59.694,0.0152,0.0,0.15,0.1154,-0.1059,6784.55,2,41.4717,102.662,step
2026-09-01T13:13:11.910938+00:00,59.131,0.0109,0.0,0.15,0.122,-0.1068,6722.54,2,41.1552,102.684,step
2026-09-01T13:13:11.912078+00:00,58.571,0.0068,0.0,0.15,0.1285,-0.1074,6659.42,2,40.8304,102.706,step
2026-09-01T13:13:11.913282+00:00,58.013,0.003,0.0,0.15,0.1351,-0.1079,6596.22,2,40.4986,102.728,step
2026-09-01T13:13:11.914476+00:00,57.457,-0.0005,0.0,0.15,0.1415,-0.1081,6533.16,2,40.1606,102.75,step
2026-09-01T13:13:11.915679+00:00,56.903,-0.0038,0.0,0.15,0.1479,-0.1082,6470.47,2,39.8164,102.772,step
2026-09-01T13:13:11.916865+00:00,56.35,-0.0069,0.0,0.15,0.1543,-0.1081,6408.19,2,39.4676,102.794,step
2026-09-01T13:13:11.918039+00:00,55.8,-0.0097,0.0,0.15,0.1605,-0.1079,6346.03,2,39.1147,102.816,step
2026-09-01T13:13:11.919325+00:00,55.252,-0.0124,0.0,0.15,0.1667,-0.1075,6284.23,2,38.758,102.838,step
2026-09-01T13:13:11.920528+00:00,54.705,-0.0149,0.0,0.15,0.1727,-0.1071,6222.67,2,38.3995,102.86,step
2026-09-01T13:13:11.921740+00:00,54.16,-0.0172,0.0,0.15,0.1787,-0.1065,6161.21,2,38.0394,102.882,step
2026-09-01T13:13:11.922941+00:00,53.617,-0.0193,0.0,0.15,0.1846,-0.1058,6099.99,2,37.6783,102.904,step
2026-09-01T13:13:11.924149+00:00,53.075,-0.0213,0.0,0.15,0.1903,-0.1051,6038.73,2,37.3171,102.926,step
2026-09-01T13:13:11.925412+00:00,52.535,-0.0231,0.0,0.15,0.1959,-0.1043,5977.85,2,36.956,102.948,step
2026-09-01T13:13:11.926658+00:00,51.997,-0.0248,0.0,0.15,0.2015,-0.1034,5916.96,2,36.5952,102.97,step
2026-09-01T13:13:11.928002+00:00,51.459,-0.0264,0.0,0.15,0.2069,-0.1025,5856.22,2,36.2345,102.992,step
2026-09-01T13:13:11.929245+00:00,50.924,-0.0278,0.0,0.15,0.2122,-0.1015,5795.81,2,35.8752,103.014,step
2026-09-01T13:13:11.930496+00:00,50.39,-0.0292,0.0,0.15,0.2173,-0.1004,5735.44,2,35.5172,103.036,step
2026-09-01T13:13:11.931720+00:00,49.858,-0.0304,0.0,0.15,0.2224,-0.0993,5675.19,1,35.1612,103.058,step
2026-09-01T13:13:11.932898+00:00,49.334,-0.0315,0.0,0.15,0.2273,-0.0982,7613.73,1,34.8076,103.08,step
2026-09-01T13:13:11.934154+00:00,48.814,-0.0326,0.0,0.15,0.2322,-0.0971,7601.48,1,34.456,103.102,step
2026-09-01T13:13:11.935338+00:00,48.26,-0.0335,0.0,0.15,0.2369,-0.0959,7355.78,1,34.106,103.124,step
2026-09-01T13:13:11.936630+00:00,47.676,-0.0343,0.0,0.15,0.2415,-0.0946,7267.74,1,33.7579,103.146,step
2026-09-01T13:13:11.937840+00:00,47.096,-0.035,0.0,0.15,0.2459,-0.0934,7180.48,1,33.4131,103.168,step
2026-09-01T13:13:11.939065+00:00,46.518,-0.0357,0.0,0.15,0.2503,-0.0921,7095.95,1,33.0714,103.19,step
2026-09-01T13:13:11.940256+00:00,45.944,-0.0362,0.0,0.15,0.2545,-0.0908,7010.3,1,32.7332,103.212,step
2026-09-01T13:13:11.941461+00:00,45.374,-0.0367,0.0,0.15,0.2586,-0.0895,6924.4,1,32.399,103.234,step
2026-09-01T13:13:11.942760+00:00,44.808,-0.0372,0.0,0.15,0.2626,-0.0882,6838.73,1,32.0686,103.256,step
2026-09-01T13:13:11.944009+00:00,44.246,-0.0376,0.0,0.15,0.2665,-0.0869,6753.83,1,31.7424,103.278,step
2026-09-01T13:13:11.945413+00:00,43.686,-0.0379,0.0,0.15,0.2703,-0.0856,6669.7,1,31.42,103.3,step
2026-09-01T13:13:11.946576+00:00,43.13,-0.0382,0.0,0.15,0.2739,-0.0844,6586.07,1,31.1016,103.322,step
2026-09-01T13:13:11.947780+00:00,42.577,-0.0385,0.0,0.15,0.2775,-0.0831,6502.91,1,30.7878,103.344,step
2026-09-01T13:13:11.948969+00:00,42.026,-0.0387,0.0,0.15,0.281,-0.0818,6420.07,1,30.4788,103.366,step
2026-09-01T13:13:11.950178+00:00,41.479,-0.0389,0.15,0.0,0.2843,-0.0806,6337.55,1,30.1737,103.388,step
2026-09-01T13:13:11.951439+00:00,41.474,-0.0391,0.15,0.0,0.2876,-0.0794,6491.16,1,29.8732,103.41,step
2026-09-01T13:13:11.952781+00:00,41.6,-0.0394,0.15,0.0,0.2908,-0.0783,6506.31,1,29.5754,103.432,step
2026-09-01T13:13:11.953974+00:00,41.725,-0.0397,0.15,0.0,0.294,-0.0773,6522.89,1,29.2786,103.454,step
2026-09-01T13:13:11.955154+00:00,41.849,-0.04,0.15,0.0,0.2971,-0.0762,6540.99,1,28.9819,103.476,step
2026-09-01T13:13:11.956349+00:00,41.972,-0.0403,0.15,0.0,0.3002,-0.0751,6560.39,1,28.6847,103.498,step
2026-09-01T13:13:11.957544+00:00,42.095,-0.0405,0.0,0.15,0.3033,-0.0741,6580.62,1,28.387,103.52,step
2026-09-01T13:13:11.958820+00:00,41.665,-0.0407,0.15,0.0,0.3063,-0.073,6370.72,1,28.0875,103.542,step
2026-09-01T13:13:11.959997+00:00,41.657,-0.0407,0.15,0.0,0.3092,-0.0718,6518.89,1,27.7888,103.564,step
2026-09-01T13:13:11.961313+00:00,41.781,-0.0408,0.15,0.0,0.3121,-0.0706,6535.64,1,27.4908,103.586,step
2026-09-01T13:13:11.962547+00:00,41.905,-0.0409,0.15,0.0,0.315,-0.0695,6553.82,1,27.193,103.608,step
2026-09-01T13:13:11.963795+00:00,42.028,-0.0409,0.0,0.15,0.3178,-0.0684,6571.98,1,26.895,103.63,step
2026-09-01T13:13:11.965058+00:00,41.595,-0.0409,0.15,0.0,0.3205,-0.0672,6360.77,1,26.5965,103.652,step
2026-09-01T13:13:11.966276+00:00,41.59,-0.0408,0.15,0.0,0.3232,-0.066,6506.52,1,26.2998,103.674,step
2026-09-01T13:13:11.967542+00:00,41.714,-0.0407,0.15,0.0,0.3258,-0.0648,6523.96,1,26.0045,103.696,step
2026-09-01T13:13:11.968926+00:00,41.836,-0.033,0.15,0.0,0.3283,-0.0574,6542.03,1,25.7096,103.718,step
2026-09-01T13:13:11.970292+00:00,41.959,-0.0232,0.15,0.0,0.3305,-0.0483,6560.16,1,25.4193,103.74,step
2026-09-01T13:13:11.971573+00:00,42.081,-0.0135,0.0,0.15,0.3322,-0.0395,6578.92,1,25.1374,103.762,step
2026-09-01T13:13:11.972936+00:00,41.648,-0.0039,0.15,0.0,0.3337,-0.0309,6369.09,1,24.8644,103.784,step
2026-09-01T13:13:11.974245+00:00,41.647,0.0055,0.15,0.0,0.3349,-0.0226,6515.97,1,24.6025,103.806,step
2026-09-01T13:13:11.975567+00:00,41.77,0.0147,0.0,0.15,0.3357,-0.0146,6533.26,1,24.3489,103.828,step
2026-09-01T13:13:11.976853+00:00,41.336,0.0237,0.0,0.15,0.3362,-0.0068,6321.03,1,24.1052,103.85,step
2026-09-01T13:13:11.978216+00:00,40.788,0.0324,0.0,0.15,0.3365,0.0005,6235.43,1,23.8743,103.872,step
2026-09-01T13:13:11.979520+00:00,40.242,0.0408,0.15,0.0,0.3365,0.0075,6151.49,1,23.6551,103.894,step
2026-09-01T13:13:11.980777+00:00,40.26,0.049,0.0,0.15,0.3363,0.0142,6300.22,1,23.444,103.916,step
2026-09-01T13:13:11.982054+00:00,39.827,0.0569,0.0,0.15,0.3358,0.0207,6092.6,1,23.241,103.938,step
2026-09-01T13:13:11.983326+00:00,39.286,0.0646,0.15,0.0,0.3352,0.0268,6009.26,1,23.0492,103.96,step
2026-09-01T13:13:11.984636+00:00,39.31,0.0721,0.0,0.15,0.3344,0.0327,6151.33,1,22.8638,103.982,step
2026-09-01T13:13:11.985993+00:00,38.881,0.0794,0.0,0.15,0.3333,0.0384,5949.86,1,22.6845,104.004,step
2026-09-01T13:13:11.987472+00:00,38.346,0.0864,0.15,0.0,0.3321,0.0437,5866.69,1,22.5153,104.026,step
2026-09-01T13:13:11.988801+00:00,38.372,0.0933,0.0,0.15,0.3308,0.0489,6004.96,1,22.3503,104.048,step
2026-09-01T13:13:11.990132+00:00,37.945,0.1,0.0,0.15,0.3293,0.0539,5807.17,1,22.1909,104.07,step
2026-09-01T13:13:11.991426+00:00,37.41,0.1064,0.15,0.0,0.3277,0.0585,5724.17,1,22.0423,104.092,step
2026-09-01T13:13:11.992782+00:00,37.444,0.1127,0.0,0.15,0.3259,0.063,5859.93,1,21.8969,104.114,step
2026-09-01T13:13:11.994259+00:00,37.015,0.1188,0.15,0.0,0.324,0.0674,5666.24,1,21.7563,104.136,step
2026-09-01T13:13:11.995545+00:00,37.053,0.1248,0.0,0.15,0.322,0.0715,5797.33,1,21.6208,104.158,step
2026-09-01T13:13:11.996838+00:00,36.624,0.1306,0.15,0.0,0.3199,0.0755,5607.54,1,21.49,104.18,step
2026-09-01T13:13:11.998138+00:00,36.664,0.1363,0.0,0.15,0.3177,0.0793,5736.21,1,21.3636,104.202,step
2026-09-01T13:13:11.999409+00:00,36.237,0.1418,0.0,0.15,0.3154,0.0829,5548.22,1,21.2416,104.224,step
2026-09-01T13:13:12.000796+00:00,35.71,0.147,0.15,0.0,0.313,0.0862,5466.22,1,21.1294,104.246,step
2026-09-01T13:13:12.002133+00:00,35.755,0.1521,0.15,0.0,0.3105,0.0895,5595.38,1,21.0174,104.268,step
2026-09-01T13:13:12.003622+00:00,35.866,0.1574,0.0,0.15,0.308,0.0928,5616.02,1,20.9036,104.29,step
2026-09-01T13:13:12.004896+00:00,35.444,0.1623,0.15,0.0,0.3053,0.0958,5425.27,1,20.7973,104.312,step
2026-09-01T13:13:12.006176+00:00,35.487,0.1672,0.0,0.15,0.3026,0.0987,5554.53,1,20.6942,104.334,step
2026-09-01T13:13:12.007467+00:00,35.063,0.1718,0.15,0.0,0.2998,0.1015,5369.19,1,20.5954,104.356,step
2026-09-01T13:13:12.008763+00:00,35.109,0.1764,0.0,0.15,0.297,0.1041,5494.51,1,20.4999,104.378,step
2026-09-01T13:13:12.010020+00:00,34.683,0.1808,0.15,0.0,0.2941,0.1066,5312.08,1,20.4076,104.4,step
2026-09-01T13:13:12.011391+00:00,34.732,0.1851,0.0,0.15,0.2912,0.1089,5435.28,1,20.3181,104.422,step
2026-09-01T13:13:12.012664+00:00,34.305,0.1893,0.15,0.0,0.2882,0.1112,5254.29,1,20.2326,104.444,step
2026-09-01T13:13:12.013977+00:00,34.356,0.1933,0.15,0.0,0.2852,0.1133,5376.89,1,20.1495,104.466,step
2026-09-01T13:13:12.015265+00:00,34.465,0.1976,0.0,0.15,0.2822,0.1155,5391.85,1,20.0628,104.488,step
2026-09-01T13:13:12.016578+00:00,34.039,0.2014,0.15,0.0,0.2791,0.1175,5235.99,1,19.9842,104.51,step
2026-09-01T13:13:12.017929+00:00,34.09,0.2052,0.0,0.15,0.276,0.1193,5334.58,1,19.9078,104.532,step
2026-09-01T13:13:12.019304+00:00,33.664,0.2089,0.15,0.0,0.2728,0.121,5235.99,1,19.8346,104.554,step
2026-09-01T13:13:12.020586+00:00,33.717,0.2124,0.15,0.0,0.2696,0.1227,5277.22,1,19.7638,104.576,step
2026-09-01T13:13:12.021867+00:00,33.824,0.2161,0.0,0.15,0.2664,0.1244,5291.92,1,19.689,104.598,step
2026-09-01T13:13:12.023185+00:00,33.395,0.2195,0.15,0.0,0.2631,0.1259,5235.99,1,19.6223,104.62,step
2026-09-01T13:13:12.024481+00:00,33.451,0.2228,0.0,0.15,0.2599,0.1272,5235.99,1,19.5577,104.642,step
2026-09-01T13:13:12.025811+00:00,33.022,0.2259,0.15,0.0,0.2566,0.1285,5235.99,1,19.4964,104.664,step
2026-09-01T13:13:12.027058+00:00,33.079,0.2289,0.15,0.0,0.2533,0.1296,5235.99,1,19.4371,104.686,step
2026-09-01T13:13:12.028570+00:00,33.185,0.2322,0.0,0.15,0.25,0.131,5235.99,1,19.3729,104.708,step
2026-09-01T13:13:12.029886+00:00,32.755,0.2351,0.15,0.0,0.2467,0.132,5235.99,1,19.3168,104.73,step
2026-09-01T13:13:12.031156+00:00,32.814,0.2379,0.15,0.0,0.2434,0.133,5235.99,1,19.2621,104.752,step
2026-09-01T13:13:12.032431+00:00,32.919,0.2409,0.0,0.15,0.24,0.1341,5235.99,1,19.2029,104.774,step
2026-09-01T13:13:12.033736+00:00,32.489,0.2436,0.15,0.0,0.2367,0.1349,5235.99,1,19.1521,104.796,step
2026-09-01T13:13:12.035028+00:00,32.548,0.2461,0.15,0.0,0.2334,0.1357,5235.99,1,19.1033,104.818,step
2026-09-01T13:13:12.036382+00:00,32.654,0.2489,0.0,0.15,0.23,0.1366,5235.99,1,19.0493,104.84,step
2026-09-01T13:13:12.037621+00:00,32.224,0.2513,0.15,0.0,0.2267,0.1372,5235.99,1,19.0035,104.862,step
2026-09-01T13:13:12.038903+00:00,32.285,0.2537,0.15,0.0,0.2233,0.1378,5235.99,1,18.959,104.884,step
2026-09-01T13:13:12.040167+00:00,32.39,0.2563,0.0,0.15,0.22,0.1385,5235.99,1,18.9094,104.906,step
2026-09-01T13:13:12.041425+00:00,31.959,0.2585,0.15,0.0,0.2166,0.139,5235.99,1,18.8681,104.928,step
2026-09-01T13:13:12.042710+00:00,32.022,0.2606,0.15,0.0,0.2133,0.1394,5235.99,1,18.8278,104.95,step
2026-09-01T13:13:12.044008+00:00,32.126,0.263,0.0,0.15,0.2099,0.14,5235.99,1,18.7824,104.972,step
2026-09-01T13:13:12.045214+00:00,31.694,0.265,0.15,0.0,0.2066,0.1402,5235.99,1,18.7455,104.994,step
2026-09-01T13:13:12.046465+00:00,31.758,0.2669,0.15,0.0,0.2033,0.1405,5235.99,1,18.7096,105.016,step
2026-09-01T13:13:12.047747+00:00,31.862,0.2691,0.15,0.0,0.1999,0.1409,5235.99,1,18.6679,105.038,step
2026-09-01T13:13:12.049002+00:00,31.965,0.2713,0.0,0.15,0.1966,0.1413,5235.99,1,18.6265,105.06,step
2026-09-01T13:13:12.050287+00:00,31.533,0.2731,0.15,0.0,0.1933,0.1414,5235.99,1,18.594,105.082,step
2026-09-01T13:13:12.051563+00:00,31.598,0.2748,0.15,0.0,0.19,0.1415,5235.99,1,18.5627,105.104,step
2026-09-01T13:13:12.052940+00:00,31.701,0.2768,0.0,0.15,0.1867,0.1417,5235.99,1,18.5257,105.126,step
2026-09-01T13:13:12.054304+00:00,31.268,0.2783,0.15,0.0,0.1834,0.1417,5235.99,1,18.4974,105.148,step
2026-09-01T13:13:12.055587+00:00,31.334,0.2798,0.15,0.0,0.1802,0.1416,5235.99,1,18.47,105.17,step
2026-09-01T13:13:12.056901+00:00,31.438,0.2816,0.15,0.0,0.1769,0.1417,5235.99,1,18.4365,105.192,step
2026-09-01T13:13:12.058159+00:00,31.541,0.2834,0.0,0.15,0.1737,0.1419,5235.99,1,18.4031,105.214,step
2026-09-01T13:13:12.059540+00:00,31.108,0.2848,0.15,0.0,0.1705,0.1417,5235.99,1,18.3796,105.236,step
2026-09-01T13:13:12.060908+00:00,31.174,0.2861,0.15,0.0,0.1673,0.1415,5235.99,1,18.3589,105.258,step
2026-09-01T13:13:12.062145+00:00,31.277,0.2877,0.15,0.0,0.1641,0.1415,5235.99,1,18.3338,105.28,step
2026-09-01T13:13:12.063350+00:00,31.379,0.2894,0.0,0.15,0.1609,0.1415,5235.99,1,18.3104,105.302,step
2026-09-01T13:13:12.064641+00:00,30.946,0.2905,0.15,0.0,0.1577,0.1412,5235.99,1,18.2988,105.324,step
2026-09-01T13:13:12.065899+00:00,31.013,0.2917,0.15,0.0,0.1546,0.1408,5235.99,1,18.2902,105.346,step
2026-09-01T13:13:12.067211+00:00,31.115,0.2931,0.15,0.0,0.1514,0.1407,5235.99,1,18.277,105.368,step
2026-09-01T13:13:12.068460+00:00,31.218,0.2945,0.15,0.0,0.1483,0.1406,5235.99,1,18.2659,105.39,step
2026-09-01T13:13:12.069893+00:00,31.319,0.2959,0.0,0.15,0.1452,0.1404,5235.99,1,18.2573,105.412,step
2026-09-01T13:13:12.071137+00:00,30.885,0.2969,0.15,0.0,0.1421,0.1399,5235.99,1,18.2615,105.434,step
2026-09-01T13:13:12.072399+00:00,30.953,0.2978,0.15,0.0,0.139,0.1394,5235.99,1,18.269,105.456,step
2026-09-01T13:13:12.073671+00:00,31.055,0.299,0.15,0.0,0.136,0.1392,5235.99,1,18.272,105.478,step
2026-09-01T13:13:12.074893+00:00,31.157,0.3002,0.15,0.0,0.133,0.1389,5235.99,1,18.2772,105.5,step
2026-09-01T13:13:12.076182+00:00,31.259,0.3014,0.15,0.0,0.1299,0.1387,5235.99,1,18.2854,105.522,step
2026-09-01T13:13:12.077456+00:00,31.36,0.3026,0.15,0.0,0.1269,0.1384,5235.99,1,18.2968,105.544,step
2026-09-01T13:13:12.078699+00:00,31.461,0.3038,0.15,0.0,0.1239,0.1381,5235.99,1,18.3121,105.566,step
2026-09-01T13:13:12.079949+00:00,31.561,0.3049,0.0,0.15,0.1209,0.1378,5235.99,1,18.3315,105.588,step
2026-09-01T13:13:12.081239+00:00,31.128,0.3056,0.15,0.0,0.1179,0.1371,5235.99,1,18.3663,105.61,step
2026-09-01T13:13:12.082499+00:00,31.196,0.3062,0.15,0.0,0.1149,0.1364,5235.99,1,18.406,105.632,step
2026-09-01T13:13:12.083800+00:00,31.298,0.3071,0.15,0.0,0.112,0.1359,5235.99,1,18.441,105.654,step
2026-09-01T13:13:12.085097+00:00,31.399,0.308,0.15,0.0,0.1091,0.1354,5235.99,1,18.4793,105.676,step
2026-09-01T13:13:12.086473+00:00,31.499,0.3089,0.15,0.0,0.1062,0.135,5235.99,1,18.5219,105.698,step
2026-09-01T13:13:12.087739+00:00,31.6,0.3098,0.15,0.0,0.1033,0.1345,5235.99,1,18.5689,105.72,step
2026-09-01T13:13:12.089062+00:00,31.7,0.3106,0.15,0.0,0.1004,0.134,5235.99,1,18.6208,105.742,step
2026-09-01T13:13:12.090376+00:00,31.8,0.3115,0.15,0.0,0.0975,0.1335,5235.99,1,18.6775,105.764,step
2026-09-01T13:13:12.091660+00:00,31.899,0.3123,0.15,0.0,0.0947,0.133,5235.99,1,18.7394,105.786,step
2026-09-01T13:13:12.093026+00:00,31.999,0.3131,0.15,0.0,0.0918,0.1325,5235.99,1,18.8074,105.808,step
2026-09-01T13:13:12.094445+00:00,32.098,0.3139,0.15,0.0,0.0889,0.1319,5235.99,1,18.8817,105.83,step
2026-09-01T13:13:12.095701+00:00,32.197,0.3146,0.15,0.0,0.0861,0.1313,5235.99,1,18.9631,105.852,step
2026-09-01T13:13:12.096952+00:00,32.296,0.3152,0.15,0.0,0.0833,0.1307,5235.99,1,19.0518,105.874,step
2026-09-01T13:13:12.098200+00:00,32.395,0.3159,0.15,0.0,0.0805,0.1301,5235.99,1,19.1472,105.896,step
2026-09-01T13:13:12.099406+00:00,32.494,0.3165,0.15,0.0,0.0777,0.1295,5235.99,1,19.2504,105.918,step
2026-09-01T13:13:12.100676+00:00,32.592,0.3171,0.15,0.0,0.0749,0.1288,5235.99,1,19.3619,105.94,step
2026-09-01T13:13:12.101936+00:00,32.691,0.3176,0.15,0.0,0.0721,0.1281,5235.99,1,19.4815,105.962,step
2026-09-01T13:13:12.103259+00:00,32.791,0.3182,0.15,0.0,0.0694,0.1274,5235.99,1,19.61,105.984,step
2026-09-01T13:13:12.104486+00:00,32.888,0.3187,0.15,0.0,0.0667,0.1267,5235.99,1,19.7466,106.006,step
2026-09-01T13:13:12.105722+00:00,32.986,0.3192,0.15,0.0,0.0639,0.126,5235.99,1,19.893,106.028,step
2026-09-01T13:13:12.106996+00:00,33.083,0.3197,0.15,0.0,0.0612,0.1253,5235.99,1,20.0501,106.05,step
2026-09-01T13:13:12.108218+00:00,33.18,0.3201,0.15,0.0,0.0586,0.1245,5235.99,1,20.2187,106.072,step
2026-09-01T13:13:12.109542+00:00,33.279,0.3205,0.15,0.0,0.0559,0.1237,5235.99,1,20.3993,106.094,step
2026-09-01T13:13:12.110830+00:00,33.376,0.3209,0.15,0.0,0.0533,0.1229,5235.99,1,20.5927,106.116,step
2026-09-01T13:13:12.112199+00:00,33.474,0.3212,0.15,0.0,0.0506,0.1221,5245.52,1,20.799,106.138,step
2026-09-01T13:13:12.113444+00:00,33.573,0.3215,0.15,0.0,0.048,0.1213,5260.84,1,21.019,106.16,step
2026-09-01T13:13:12.114697+00:00,33.671,0.3218,0.15,0.0,0.0455,0.1205,5276.22,1,21.2543,106.182,step
2026-09-01T13:13:12.115912+00:00,33.77,0.3221,0.15,0.0,0.0429,0.1196,5291.6,1,21.5054,106.204,step
2026-09-01T13:13:12.117265+00:00,33.868,0.3223,0.15,0.0,0.0403,0.1188,5307.4,1,21.7735,106.226,step
2026-09-01T13:13:12.118520+00:00,33.966,0.3226,0.15,0.0,0.0378,0.1179,5324.66,1,22.0609,106.248,step
2026-09-01T13:13:12.120026+00:00,34.064,0.3227,0.15,0.0,0.0353,0.117,5340.39,1,22.3698,106.27,step
2026-09-01T13:13:12.121317+00:00,34.162,0.3228,0.15,0.0,0.0329,0.1161,5355.95,1,22.6998,106.292,step
2026-09-01T13:13:12.122674+00:00,34.261,0.323,0.15,0.0,0.0304,0.1152,5371.42,1,23.0514,106.314,step
2026-09-01T13:13:12.123983+00:00,34.36,0.3231,0.15,0.0,0.028,0.1142,5387.29,1,23.4268,106.336,step
2026-09-01T13:13:12.125325+00:00,34.459,0.3232,0.15,0.0,0.0256,0.1133,5403.32,1,23.8279,106.358,step
2026-09-01T13:13:12.126622+00:00,34.558,0.3233,0.15,0.0,0.0233,0.1124,5419.21,1,24.2568,106.38,step
2026-09-01T13:13:12.128019+00:00,34.657,0.3234,0.15,0.0,0.0209,0.1115,5435.21,1,24.7159,106.402,step
2026-09-01T13:13:12.129259+00:00,34.756,0.3234,0.15,0.0,0.0186,0.1106,5451.23,1,25.2091,106.424,step
2026-09-01T13:13:12.130548+00:00,34.855,0.3235,0.15,0.0,0.0163,0.1097,5467.42,1,25.7393,106.446,step
2026-09-01T13:13:12.131806+00:00,34.954,0.3235,0.15,0.0,0.014,0.1087,5483.52,1,26.3096,106.468,step
2026-09-01T13:13:12.133057+00:00,35.053,0.3235,0.15,0.0,0.0117,0.1078,5498.97,1,26.9241,106.49,step
2026-09-01T13:13:12.134367+00:00,35.153,0.3235,0.15,0.0,0.0095,0.1068,5514.84,1,27.5874,106.512,step
2026-09-01T13:13:12.135728+00:00,35.253,0.3234,0.15,0.0,0.0073,0.1059,5527.68,1,28.3042,106.534,step
2026-09-01T13:13:12.136952+00:00,35.353,0.3234,0.15,0.0,0.0051,0.105,5541.33,1,29.0753,106.556,step
2026-09-01T13:13:12.138143+00:00,35.451,0.3234,0.15,0.0,0.003,0.104,5557.58,1,29.9094,106.578,step
2026-09-01T13:13:12.139408+00:00,35.549,0.3233,0.15,0.0,0.0009,0.1031,5575.01,1,30.8172,106.6,step
2026-09-01T13:13:12.140672+00:00,35.648,0.3232,0.15,0.0,-0.0012,0.1021,5591.99,1,31.8096,106.622,step
2026-09-01T13:13:12.141960+00:00,35.747,0.323,0.15,0.0,-0.0033,0.1012,5608.89,1,32.8962,106.644,step
2026-09-01T13:13:12.143196+00:00,35.847,0.3229,0.15,0.0,-0.0053,0.1002,5624.47,1,34.0873,106.666,step
2026-09-01T13:13:12.144536+00:00,35.948,0.3227,0.15,0.0,-0.0074,0.0992,5640.26,1,35.3967,106.688,step
2026-09-01T13:13:12.145761+00:00,36.049,0.3225,0.15,0.0,-0.0093,0.0982,5655.87,1,36.8399,106.71,step
2026-09-01T13:13:12.147063+00:00,36.15,0.3223,0.15,0.0,-0.0113,0.0972,5671.52,1,38.4345,106.732,step
2026-09-01T13:13:12.148339+00:00,36.251,0.3221,0.15,0.0,-0.0132,0.0962,5687.34,1,40.2043,106.754,step
2026-09-01T13:13:12.149615+00:00,36.352,0.3219,0.15,0.0,-0.0151,0.0952,5703.2,1,42.1816,106.776,step
2026-09-01T13:13:12.150925+00:00,36.453,0.3216,0.15,0.0,-0.017,0.0942,5718.98,1,44.4028,106.798,step
2026-09-01T13:13:12.152187+00:00,36.555,0.1213,0.8,0.0,-0.0188,0.0933,5734.61,1,46.9105,106.82,step
2026-09-01T13:13:12.153922+00:00,37.172,0.1234,0.8,0.0,-0.0209,0.0941,6627.57,1,49.0206,106.842,step
2026-09-01T13:13:12.155201+00:00,38.007,0.1288,0.8,0.0,-0.0235,0.0975,7230.44,1,50.2555,106.864,step
2026-09-01T13:13:12.156520+00:00,38.919,0.1347,0.8,0.0,-0.0265,0.1013,7887.74,1,51.4673,106.886,step
2026-09-01T13:13:12.157798+00:00,39.892,0.1407,0.8,0.0,-0.0297,0.1049,8674.65,1,52.9038,106.908,step
2026-09-01T13:13:12.159138+00:00,40.904,0.1442,0.8,0.0,-0.0332,0.1063,9695.64,1,54.659,106.93,step
2026-09-01T13:13:12.160364+00:00,41.936,0.1407,0.8,0.0,-0.0368,0.1019,10773.5,1,56.7971,106.952,step
2026-09-01T13:13:12.161833+00:00,42.969,0.1368,0.8,0.0,-0.0404,0.0972,11827.6,1,59.3465,106.974,step
2026-09-01T13:13:12.163026+00:00,43.991,0.1325,0.8,0.0,-0.0439,0.0921,12889.7,1,62.348,106.996,step
2026-09-01T13:13:12.164301+00:00,45.003,0.1279,0.8,0.0,-0.0474,0.0868,13986.0,1,65.8963,107.018,step
2026-09-01T13:13:12.165528+00:00,46.025,0.123,0.8,0.0,-0.0509,0.0813,15091.1,1,70.0502,107.04,step
2026-09-01T13:13:12.166795+00:00,47.064,0.1177,0.8,0.0,-0.0543,0.0755,16189.1,1,73.6165,107.062,step
2026-09-01T13:13:12.168058+00:00,48.104,0.1121,0.8,0.0,-0.0576,0.0694,17307.0,1,76.6342,107.084,step
2026-09-01T13:13:12.169398+00:00,49.15,0.1061,0.8,0.0,-0.0608,0.063,18393.2,1,79.3632,107.106,step
2026-09-01T13:13:12.170647+00:00,50.209,0.0997,0.8,0.0,-0.064,0.0564,19389.8,2,81.9158,107.128,step
2026-09-01T13:13:12.171882+00:00,51.258,0.0928,0.8,0.0,-0.0671,0.0494,14369.2,2,84.3573,107.15,step
2026-09-01T13:13:12.173134+00:00,52.26,0.0856,0.8,0.0,-0.07,0.0422,14346.3,2,86.7036,107.172,step
2026-09-01T13:13:12.174381+00:00,53.221,0.0782,0.8,0.0,-0.0728,0.0349,8893.49,2,88.9386,107.194,step
2026-09-01T13:13:12.175623+00:00,54.156,0.0708,0.8,0.0,-0.0753,0.0276,9115.37,2,91.0141,107.216,step
2026-09-01T13:13:12.176868+00:00,55.084,0.0633,0.8,0.0,-0.0776,0.0204,9405.17,2,92.9639,107.238,step
2026-09-01T13:13:12.178223+00:00,56.013,0.0557,0.8,0.0,-0.0796,0.0132,9729.92,2,94.9514,107.26,step
2026-09-01T13:13:12.179478+00:00,56.945,0.048,0.8,0.0,-0.0814,0.0061,10044.0,2,97.0457,107.282,step
2026-09-01T13:13:12.180765+00:00,57.882,0.0402,0.8,0.0,-0.083,-0.001,10342.7,2,99.2548,107.304,step
2026-09-01T13:13:12.182042+00:00,58.824,0.0323,0.8,0.0,-0.0842,-0.0082,10629.0,2,101.583,107.326,step
2026-09-01T13:13:12.183297+00:00,59.771,0.0243,0.8,0.0,-0.0852,-0.0153,10901.4,2,104.033,107.348,step
2026-09-01T13:13:12.184579+00:00,60.722,0.0162,0.8,0.0,-0.0859,-0.0223,11162.5,2,106.611,107.37,step
2026-09-01T13:13:12.185946+00:00,61.676,0.0081,0.8,0.0,-0.0863,-0.0293,11413.4,2,109.311,107.392,step
2026-09-01T13:13:12.187231+00:00,62.631,-0.0001,0.8,0.0,-0.0865,-0.0361,11658.9,2,112.144,107.414,step
2026-09-01T13:13:12.188505+00:00,63.585,-0.0084,0.8,0.0,-0.0863,-0.043,11898.8,2,115.132,107.436,step
2026-09-01T13:13:12.189789+00:00,64.542,-0.0168,0.8,0.0,-0.0858,-0.0498,12131.0,2,118.275,107.458,step
2026-09-01T13:13:12.191029+00:00,65.502,-0.0253,0.8,0.0,-0.085,-0.0565,12353.1,2,121.444,107.48,step
2026-09-01T13:13:12.192325+00:00,66.465,-0.0338,0.8,0.0,-0.0838,-0.0631,12564.0,2,124.602,107.502,step
2026-09-01T13:13:12.193572+00:00,67.432,-0.0424,0.8,0.0,-0.0824,-0.0696,12767.8,2,127.727,107.524,step
2026-09-01T13:13:12.195054+00:00,68.357,-0.0508,0.8,0.0,-0.0805,-0.0759,13050.9,2,130.782,107.546,step
2026-09-01T13:13:12.196249+00:00,69.286,-0.0593,0.8,0.0,-0.0784,-0.0821,13328.4,2,133.767,107.568,step
2026-09-01T13:13:12.197530+00:00,70.234,-0.0677,0.8,0.0,-0.0759,-0.088,13577.2,2,136.665,107.59,step
2026-09-01T13:13:12.198827+00:00,71.196,-0.0759,0.8,0.0,-0.0731,-0.0937,13800.6,2,139.443,107.612,step
2026-09-01T13:13:12.200063+00:00,72.175,-0.084,0.8,0.0,-0.0699,-0.0992,13999.3,2,142.07,107.634,step
2026-09-01T13:13:12.201284+00:00,73.166,-0.0919,0.8,0.0,-0.0664,-0.1043,14178.8,2,62.0237,107.656,step
2026-09-01T13:13:12.202707+00:00,74.166,-0.0995,0.8,0.0,-0.0625,-0.109,14345.9,2,58.6057,107.678,step
2026-09-01T13:13:12.203880+00:00,75.17,-0.1068,0.8,0.0,-0.0583,-0.1133,14508.3,2,56.1636,107.7,step
2026-09-01T13:13:12.205081+00:00,76.177,-0.1137,0.8,0.0,-0.0537,-0.1171,14670.4,2,54.101,107.722,step
2026-09-01T13:13:12.206286+00:00,77.185,-0.1202,0.8,0.0,-0.0487,-0.1204,14834.2,2,52.3734,107.744,step
2026-09-01T13:13:12.207539+00:00,78.194,-0.1261,0.8,0.0,-0.0435,-0.1232,14999.2,2,50.9497,107.766,step
2026-09-01T13:13:12.208750+00:00,79.207,-0.1315,0.0,0.15,-0.0378,-0.1253,15163.6,2,49.8088,107.788,step
2026-09-01T13:13:12.210034+00:00,80.005,-0.1363,0.0,0.15,-0.0319,-0.1268,12384.8,3,48.9407,107.81,step
2026-09-01T13:13:12.211289+00:00,80.591,-0.1397,0.0,0.15,-0.0256,-0.1271,9613.52,3,48.5392,107.832,step
2026-09-01T13:13:12.212474+00:00,80.581,-0.1394,0.0,0.15,-0.0187,-0.124,9585.21,3,49.4276,107.854,step
2026-09-01T13:13:12.213702+00:00,80.018,-0.1355,0.0,0.15,-0.0114,-0.1177,7212.64,3,51.6898,107.876,step
2026-09-01T13:13:12.214949+00:00,79.438,-0.1305,0.15,0.0,-0.004,-0.1104,7160.2,2,54.7427,107.898,step
2026-09-01T13:13:12.216228+00:00,79.205,-0.1252,0.8,0.0,0.0035,-0.1029,9012.99,2,137.276,107.92,step
2026-09-01T13:13:12.217495+00:00,79.135,-0.1197,0.8,0.0,0.0107,-0.0953,9021.39,2,132.532,107.942,step
2026-09-01T13:13:12.218721+00:00,79.078,-0.1143,0.8,0.0,0.0176,-0.0879,9118.75,2,127.99,107.964,step
2026-09-01T13:13:12.220046+00:00,79.603,-0.1092,0.8,0.0,0.0241,-0.081,10058.4,2,123.754,107.986,step
2026-09-01T13:13:12.221260+00:00,80.496,-0.1038,0.15,0.0,0.0304,-0.0739,10409.7,3,119.521,108.008,step
2026-09-01T13:13:12.222513+00:00,80.998,-0.0987,0.15,0.0,0.0363,-0.0671,8067.93,3,115.559,108.03,step
2026-09-01T13:13:12.223847+00:00,80.909,-0.0948,0.15,0.0,0.0418,-0.0616,8080.07,3,112.265,108.052,step
2026-09-01T13:13:12.225103+00:00,80.852,-0.0911,0.15,0.0,0.0467,-0.0564,7399.29,3,109.229,108.074,step
2026-09-01T13:13:12.226329+00:00,80.821,-0.0874,0.15,0.0,0.0512,-0.0515,7414.92,3,106.364,108.096,step
2026-09-01T13:13:12.227657+00:00,80.836,-0.0839,0.15,0.0,0.0552,-0.0469,7416.79,3,103.684,108.118,step
2026-09-01T13:13:12.228866+00:00,80.85,-0.0803,0.15,0.0,0.0589,-0.0424,7417.96,3,101.102,108.14,step
2026-09-01T13:13:12.230147+00:00,80.865,-0.0767,0.15,0.0,0.0622,-0.038,7418.7,3,98.66,108.162,step
2026-09-01T13:13:12.231451+00:00,80.881,-0.0731,0.15,0.0,0.0651,-0.0338,7419.78,3,96.3881,108.184,step
2026-09-01T13:13:12.232772+00:00,80.896,-0.0697,0.15,0.0,0.0677,-0.0299,7420.92,3,94.2836,108.206,step
2026-09-01T13:13:12.234014+00:00,80.911,-0.0663,0.15,0.0,0.07,-0.0261,7422.24,3,92.3289,108.228,step
2026-09-01T13:13:12.235262+00:00,80.927,-0.0631,0.15,0.0,0.0719,-0.0226,7423.66,3,90.511,108.25,step
2026-09-01T13:13:12.236688+00:00,80.943,-0.0601,0.15,0.0,0.0736,-0.0194,7423.56,3,88.8242,108.272,step
2026-09-01T13:13:12.237912+00:00,80.958,-0.0571,0.15,0.0,0.0751,-0.0163,7425.29,3,87.2471,108.294,step
2026-09-01T13:13:12.239204+00:00,80.973,-0.0542,0.15,0.0,0.0762,-0.0134,7427.67,3,85.7517,108.316,step
2026-09-01T13:13:12.240498+00:00,80.988,-0.0513,0.15,0.0,0.0772,-0.0106,7429.83,3,84.3227,108.338,step
2026-09-01T13:13:12.241739+00:00,81.004,-0.0485,0.15,0.0,0.0779,-0.0079,7431.71,3,82.9572,108.36,step
2026-09-01T13:13:12.242944+00:00,81.019,-0.0457,0.15,0.0,0.0785,-0.0054,7433.29,3,81.6559,108.382,step
2026-09-01T13:13:12.244245+00:00,81.035,-0.0429,0.15,0.0,0.0788,-0.0029,7434.83,3,80.4127,108.404,step
2026-09-01T13:13:12.245433+00:00,81.052,-0.0403,0.15,0.0,0.079,-0.0006,7436.26,3,79.2269,108.426,step
2026-09-01T13:13:12.246689+00:00,81.068,-0.0377,0.15,0.0,0.079,0.0015,7437.73,3,78.1007,108.448,step
2026-09-01T13:13:12.247993+00:00,81.084,-0.0351,0.15,0.0,0.0788,0.0035,7439.26,3,77.0263,108.47,step
2026-09-01T13:13:12.249335+00:00,81.099,-0.0326,0.15,0.0,0.0784,0.0055,7440.4,3,75.9865,108.492,step
2026-09-01T13:13:12.250616+00:00,81.113,-0.0302,0.15,0.0,0.0779,0.0073,7441.67,3,74.9884,108.514,step
2026-09-01T13:13:12.251938+00:00,81.128,-0.0278,0.15,0.0,0.0773,0.009,7443.05,3,74.0412,108.536,step
2026-09-01T13:13:12.253142+00:00,81.142,-0.0256,0.15,0.0,0.0765,0.0105,7444.5,3,73.1405,108.558,step
2026-09-01T13:13:12.254350+00:00,81.156,-0.0235,0.15,0.0,0.0756,0.0119,7446.13,3,72.2803,108.58,step
2026-09-01T13:13:12.255617+00:00,81.172,-0.0215,0.15,0.0,0.0746,0.0132,7445.58,3,71.4627,108.602,step
2026-09-01T13:13:12.256917+00:00,81.186,-0.0196,0.15,0.0,0.0735,0.0143,7445.71,3,70.6912,108.624,step
2026-09-01T13:13:12.258174+00:00,81.199,-0.0178,0.15,0.0,0.0724,0.0153,7447.8,3,69.9484,108.646,step
2026-09-01T13:13:12.259376+00:00,81.212,-0.0161,0.15,0.0,0.0711,0.0162,7450.75,3,69.2247,108.668,step
2026-09-01T13:13:12.260602+00:00,81.225,-0.0144,0.15,0.0,0.0698,0.0171,7453.13,3,68.5216,108.69,step
2026-09-01T13:13:12.261932+00:00,81.239,-0.0128,0.15,0.0,0.0684,0.0179,7455.02,3,67.8415,108.712,step
2026-09-01T13:13:12.263122+00:00,81.254,-0.0112,0.15,0.0,0.067,0.0186,7456.35,3,67.1796,108.734,step
2026-09-01T13:13:12.264354+00:00,81.268,-0.0097,0.15,0.0,0.0655,0.0192,7457.68,3,66.5387,108.756,step
2026-09-01T13:13:12.265665+00:00,81.282,-0.0083,0.15,0.0,0.064,0.0198,7458.9,3,65.9176,108.778,step
2026-09-01T13:13:12.266918+00:00,81.297,-0.0069,0.15,0.0,0.0624,0.0202,7460.14,3,65.3157,108.8,step
2026-09-01T13:13:12.268145+00:00,81.311,-0.0056,0.15,0.0,0.0607,0.0206,7461.33,3,64.7312,108.822,step
2026-09-01T13:13:12.269466+00:00,81.323,-0.0044,0.15,0.0,0.0591,0.021,7462.14,3,64.1554,108.844,step
2026-09-01T13:13:12.270688+00:00,81.336,-0.0032,0.15,0.0,0.0575,0.0213,7463.1,3,63.5978,108.866,step
2026-09-01T13:13:12.271935+00:00,81.348,-0.0021,0.15,0.0,0.0557,0.0215,7464.15,3,63.0574,108.888,step
2026-09-01T13:13:12.273154+00:00,81.359,-0.0011,0.15,0.0,0.054,0.0216,7465.4,3,62.5318,108.91,step
2026-09-01T13:13:12.274368+00:00,81.371,-0.0001,0.15,0.0,0.0523,0.0217,7466.85,3,62.0193,108.932,step
2026-09-01T13:13:12.275581+00:00,81.385,0.0008,0.15,0.0,0.0505,0.0217,7463.29,3,61.5194,108.954,step
2026-09-01T13:13:12.276808+00:00,81.394,0.0016,0.15,0.0,0.0488,0.0217,7464.51,3,61.0325,108.976,step
2026-09-01T13:13:12.278115+00:00,81.404,0.0024,0.15,0.0,0.0471,0.0216,7467.08,3,60.556,108.998,step
2026-09-01T13:13:12.279441+00:00,81.413,0.0031,0.15,0.0,0.0453,0.0215,7470.2,3,60.0836,109.02,step
2026-09-01T13:13:12.280611+00:00,81.423,0.0038,0.15,0.0,0.0437,0.0213,7472.44,3,59.6169,109.042,step
2026-09-01T13:13:12.281751+00:00,81.434,0.0044,0.15,0.0,0.042,0.0211,7473.98,3,59.159,109.064,step
2026-09-01T13:13:12.282909+00:00,81.445,0.0049,0.15,0.0,0.0404,0.0209,7475.03,3,58.7059,109.086,step
2026-09-01T13:13:12.284098+00:00,81.457,0.0055,0.15,0.0,0.0387,0.0207,7475.9,3,58.2582,109.108,step
2026-09-01T13:13:12.285348+00:00,81.468,0.006,0.15,0.0,0.0371,0.0204,7476.67,3,57.8144,109.13,step
2026-09-01T13:13:12.286571+00:00,81.479,0.0064,0.15,0.0,0.0354,0.0201,7477.55,3,57.376,109.152,step
2026-09-01T13:13:12.287758+00:00,81.489,0.0068,0.15,0.0,0.0339,0.0198,7478.21,3,56.9432,109.174,step
2026-09-01T13:13:12.288967+00:00,81.498,0.0072,0.15,0.0,0.0324,0.0195,7478.57,3,56.5158,109.196,step
2026-09-01T13:13:12.290129+00:00,81.506,0.0075,0.15,0.0,0.0308,0.0191,7479.04,3,56.0918,109.218,step
2026-09-01T13:13:12.291322+00:00,81.514,0.0078,0.15,0.0,0.0293,0.0187,7479.73,3,55.6678,109.24,step
2026-09-01T13:13:12.292481+00:00,81.522,0.008,0.15,0.0,0.0279,0.0183,7480.69,3,55.249,109.262,step
2026-09-01T13:13:12.293671+00:00,81.528,0.0082,0.15,0.0,0.0265,0.0179,7481.78,3,54.8324,109.284,step
2026-09-01T13:13:12.294951+00:00,81.538,0.0084,0.15,0.0,0.0251,0.0175,7476.2,3,54.4141,109.306,step
2026-09-01T13:13:12.296155+00:00,81.543,0.0086,0.15,0.0,0.0237,0.0171,7477.54,3,53.9956,109.328,step
2026-09-01T13:13:12.297331+00:00,81.547,0.0088,0.15,0.0,0.0224,0.0166,7480.68,3,53.5802,109.35,step
2026-09-01T13:13:12.298510+00:00,81.552,0.0089,0.15,0.0,0.0211,0.0162,7483.62,3,53.1688,109.372,step
2026-09-01T13:13:12.299697+00:00,81.558,0.0089,0.0,0.15,0.0199,0.0157,7485.54,3,52.7604,109.394,step
2026-09-01T13:13:12.300894+00:00,81.127,0.0089,0.0,0.15,0.0187,0.0152,7321.03,3,52.3551,109.416,step
2026-09-01T13:13:12.302121+00:00,80.518,0.0089,0.0,0.15,0.0175,0.0147,7262.1,3,51.959,109.438,step
2026-09-01T13:13:12.303366+00:00,79.911,0.0088,0.0,0.15,0.0164,0.0142,7205.71,2,51.5688,109.46,step
2026-09-01T13:13:12.304587+00:00,79.325,0.0087,0.0,0.15,0.0153,0.0136,9055.41,2,51.1816,109.482,step
2026-09-01T13:13:12.305809+00:00,78.754,0.0086,0.0,0.15,0.0143,0.0131,9031.77,2,50.7948,109.504,step
2026-09-01T13:13:12.307047+00:00,78.125,0.0084,0.0,0.15,0.0133,0.0126,8846.26,2,50.4105,109.526,step
2026-09-01T13:13:12.308315+00:00,77.46,0.0082,0.0,0.15,0.0124,0.012,8771.64,2,50.0362,109.548,step
2026-09-01T13:13:12.309553+00:00,76.797,0.008,0.0,0.15,0.0115,0.0114,8698.54,2,49.6665,109.57,step
2026-09-01T13:13:12.310818+00:00,76.138,0.0077,0.0,0.15,0.0107,0.0109,8625.01,2,49.2987,109.592,step
2026-09-01T13:13:12.312013+00:00,75.483,0.0074,0.0,0.15,0.0099,0.0103,8551.1,2,48.9334,109.614,step
2026-09-01T13:13:12.313212+00:00,74.831,0.0072,0.0,0.15,0.0092,0.0098,8477.23,2,48.5655,109.636,step
2026-09-01T13:13:12.314394+00:00,74.163,0.007,0.0,0.15,0.0085,0.0093,8428.11,2,48.1945,109.658,step
2026-09-01T13:13:12.315598+00:00,73.51,0.0068,0.8,0.0,0.0078,0.0089,8352.35,2,47.8216,109.68,step
2026-09-01T13:13:12.316797+00:00,73.906,0.0065,0.0,0.15,0.0072,0.0084,9362.08,2,47.4493,109.702,step
2026-09-01T13:13:12.317973+00:00,73.836,0.0063,0.0,0.15,0.0066,0.008,8387.65,2,47.0709,109.724,step
2026-09-01T13:13:12.319386+00:00,73.188,0.0063,0.0,0.15,0.006,0.0077,8303.73,2,46.6685,109.746,step
2026-09-01T13:13:12.320602+00:00,72.542,0.0063,0.0,0.15,0.0055,0.0075,8222.2,2,46.2627,109.768,step
2026-09-01T13:13:12.321797+00:00,71.899,0.0062,0.0,0.15,0.005,0.0073,8145.82,2,45.8592,109.79,step
2026-09-01T13:13:12.322977+00:00,71.259,0.0062,0.0,0.15,0.0045,0.0071,8073.97,2,45.4595,109.812,step
2026-09-01T13:13:12.324149+00:00,70.622,0.0062,0.0,0.15,0.0041,0.0068,8004.08,2,45.0636,109.834,step
2026-09-01T13:13:12.325397+00:00,69.988,0.2061,0.0,0.15,0.0036,0.0066,7934.55,2,44.6749,109.856,step
2026-09-01T13:13:12.326605+00:00,69.366,0.203,0.0,0.15,0.0035,0.0039,7867.05,2,44.6882,109.878,step
2026-09-01T13:13:12.327949+00:00,68.662,-0.006,0.8,0.0,0.004,-0.0033,7787.16,2,45.5,109.9,step
2026-09-01T13:13:12.329162+00:00,69.027,-0.0143,0.8,0.0,0.0049,-0.0099,8881.98,2,46.2477,109.922,step
2026-09-01T13:13:12.330351+00:00,69.839,-0.017,0.8,0.0,0.0056,-0.0118,9289.61,2,46.1699,109.944,step
2026-09-01T13:13:12.331546+00:00,70.786,-0.0176,0.0,0.15,0.0062,-0.0121,9526.99,2,45.7853,109.966,step
2026-09-01T13:13:12.332744+00:00,71.012,-0.0175,0.0,0.15,0.0068,-0.0117,8079.21,2,45.2728,109.988,step
2026-09-01T13:13:12.333987+00:00,70.366,0.1832,0.0,0.15,0.0075,-0.0109,7999.89,2,44.6984,110.01,step
2026-09-01T13:13:12.335212+00:00,69.746,0.1815,0.0,0.15,0.0083,-0.0119,7914.51,2,44.448,110.032,step
2026-09-01T13:13:12.336539+00:00,69.044,0.1751,0.0,0.15,0.0097,-0.0167,7855.44,2,44.8711,110.054,step
2026-09-01T13:13:12.337744+00:00,68.377,-0.0341,0.8,0.0,0.0116,-0.0236,7765.32,2,45.7349,110.076,step
2026-09-01T13:13:12.338932+00:00,68.738,-0.0416,0.8,0.0,0.0138,-0.0289,8809.16,2,46.3382,110.098,step
2026-09-01T13:13:12.340125+00:00,69.527,-0.0432,0.8,0.0,0.0158,-0.0294,9230.22,2,46.02,110.12,step
2026-09-01T13:13:12.341301+00:00,70.41,-0.0425,0.0,0.15,0.0176,-0.0281,9569.16,2,45.3242,110.142,step
2026-09-01T13:13:12.342523+00:00,70.674,0.159,0.0,0.15,0.0194,-0.0261,8031.97,2,44.5167,110.164,step
2026-09-01T13:13:12.343840+00:00,70.042,0.1581,0.0,0.15,0.0212,-0.0261,7958.31,2,44.0894,110.186,step
2026-09-01T13:13:12.345061+00:00,69.367,0.1522,0.0,0.15,0.0235,-0.03,7869.64,2,44.4021,110.208,step
2026-09-01T13:13:12.346288+00:00,68.705,-0.0566,0.8,0.0,0.0263,-0.0362,7785.17,2,45.1775,110.23,step
2026-09-01T13:13:12.347555+00:00,69.014,-0.0634,0.8,0.0,0.0292,-0.0407,8917.98,2,45.6596,110.252,step
2026-09-01T13:13:12.348766+00:00,69.772,-0.0644,0.0,0.15,0.0319,-0.0404,9422.71,2,45.1666,110.274,step
2026-09-01T13:13:12.350030+00:00,69.957,0.1372,0.0,0.15,0.0344,-0.038,7950.58,2,44.2653,110.296,step
2026-09-01T13:13:12.351297+00:00,69.315,0.1361,0.0,0.15,0.037,-0.0378,7881.25,2,43.8014,110.318,step
2026-09-01T13:13:12.352632+00:00,68.65,0.1292,0.0,0.15,0.0401,-0.0423,7796.09,2,44.2601,110.34,step
2026-09-01T13:13:12.353921+00:00,68.009,-0.0799,0.8,0.0,0.0437,-0.0484,7715.32,2,45.0974,110.362,step
2026-09-01T13:13:12.355195+00:00,68.353,-0.082,0.8,0.0,0.0473,-0.0486,8770.29,2,45.4545,110.384,step
2026-09-01T13:13:12.356482+00:00,69.118,0.1235,0.0,0.15,0.0503,-0.0428,9206.92,2,44.727,110.406,step
2026-09-01T13:13:12.357760+00:00,69.288,0.1287,0.0,0.15,0.053,-0.0373,7876.02,2,44.0732,110.428,step
2026-09-01T13:13:12.359100+00:00,68.608,0.1297,0.0,0.15,0.0557,-0.0353,7819.11,2,44.1538,110.45,step
2026-09-01T13:13:12.360478+00:00,67.936,0.1285,0.0,0.15,0.0586,-0.0352,7736.02,2,44.6325,110.472,step
2026-09-01T13:13:12.361928+00:00,67.283,-0.0741,0.8,0.0,0.0615,-0.0361,7645.94,2,45.3834,110.494,step
2026-09-01T13:13:12.363251+00:00,67.627,-0.0741,0.8,0.0,0.0642,-0.035,8638.17,2,45.7046,110.516,step
2026-09-01T13:13:12.364581+00:00,68.391,0.1317,0.0,0.15,0.0663,-0.0293,9043.03,2,44.9626,110.538,step
2026-09-01T13:13:12.365903+00:00,68.477,0.1368,0.0,0.15,0.0681,-0.0243,7785.29,2,44.4163,110.56,step
2026-09-01T13:13:12.367269+00:00,67.8,0.1361,0.0,0.15,0.0702,-0.024,7701.78,2,44.9135,110.582,step
2026-09-01T13:13:12.368665+00:00,67.154,-0.0671,0.8,0.0,0.0724,-0.0258,7619.18,2,45.9286,110.604,step
2026-09-01T13:13:12.370104+00:00,67.488,-0.0675,0.8,0.0,0.0744,-0.0253,8658.24,2,46.4586,110.626,step
2026-09-01T13:13:12.371457+00:00,68.246,-0.0618,0.8,0.0,0.0758,-0.0199,9073.32,2,45.795,110.648,step
2026-09-01T13:13:12.372798+00:00,69.121,0.1463,0.0,0.15,0.0767,-0.0128,9372.12,2,44.7122,110.67,step
2026-09-01T13:13:12.374126+00:00,69.383,0.1526,0.0,0.15,0.0774,-0.0072,7889.91,2,44.0246,110.692,step
2026-09-01T13:13:12.375444+00:00,68.689,0.1543,0.0,0.15,0.0781,-0.0055,7827.48,2,44.233,110.714,step
2026-09-01T13:13:12.376758+00:00,67.999,0.1533,0.0,0.15,0.079,-0.006,7736.97,2,44.9854,110.736,step
2026-09-01T13:13:12.378181+00:00,67.336,-0.0495,0.8,0.0,0.08,-0.0079,7644.92,2,46.1652,110.758,step
2026-09-01T13:13:12.379507+00:00,67.657,-0.0501,0.8,0.0,0.0809,-0.008,8697.17,2,46.9234,110.78,step
2026-09-01T13:13:12.380832+00:00,68.408,-0.0448,0.8,0.0,0.0812,-0.0035,9133.1,2,46.4636,110.802,step
2026-09-01T13:13:12.382132+00:00,69.263,-0.0373,0.8,0.0,0.0811,0.0027,9477.37,2,45.5583,110.824,step
2026-09-01T13:13:12.383529+00:00,70.2,0.171,0.0,0.15,0.0805,0.0094,9703.64,2,44.5545,110.846,step
2026-09-01T13:13:12.384904+00:00,70.547,0.1768,0.0,0.15,0.0797,0.0139,8018.84,2,44.1219,110.868,step
2026-09-01T13:13:12.386326+00:00,69.842,0.1775,0.0,0.15,0.0791,0.0143,7938.27,2,44.7564,110.89,step
2026-09-01T13:13:12.387695+00:00,69.16,-0.0249,0.8,0.0,0.0788,0.0121,7843.74,2,46.0829,110.912,step
2026-09-01T13:13:12.388998+00:00,69.452,-0.0259,0.8,0.0,0.0783,0.0111,8984.9,2,47.1507,110.934,step
2026-09-01T13:13:12.390289+00:00,70.204,-0.0216,0.8,0.0,0.0773,0.0142,9490.32,2,47.0901,110.956,step
2026-09-01T13:13:12.391573+00:00,71.117,-0.0153,0.8,0.0,0.0759,0.0189,9749.2,2,46.6029,110.978,step
2026-09-01T13:13:12.392858+00:00,72.158,-0.0083,0.0,0.15,0.0742,0.024,9784.11,2,46.0078,111.0,step
2026-09-01T13:13:12.394211+00:00,72.405,-0.001,0.0,0.15,0.0721,0.0292,8240.84,2,45.4179,111.022,step
2026-09-01T13:13:12.395518+00:00,71.723,0.2062,0.0,0.15,0.0696,0.0342,8151.25,2,44.8627,111.044,step
2026-09-01T13:13:12.396808+00:00,71.075,0.2107,0.0,0.15,0.0671,0.0369,8059.77,2,44.9276,111.066,step
2026-09-01T13:13:12.398107+00:00,70.371,0.0095,0.8,0.0,0.065,0.035,7965.32,2,46.229,111.088,step
2026-09-01T13:13:12.399413+00:00,70.614,0.0081,0.8,0.0,0.0629,0.0329,9214.63,2,47.6498,111.11,step
2026-09-01T13:13:12.400809+00:00,71.351,0.0109,0.8,0.0,0.0603,0.0343,9779.37,2,48.1326,111.132,step
2026-09-01T13:13:12.402142+00:00,72.215,0.0153,0.8,0.0,0.0574,0.0367,10124.7,2,48.3037,111.154,step
2026-09-01T13:13:12.403530+00:00,73.182,0.0202,0.8,0.0,0.0542,0.0394,10281.9,2,48.4135,111.176,step
2026-09-01T13:13:12.404827+00:00,74.22,0.0251,0.8,0.0,0.0507,0.0421,10310.6,2,48.5507,111.198,step
2026-09-01T13:13:12.406146+00:00,75.288,0.03,0.0,0.15,0.047,0.0446,10285.1,2,48.75,111.22,step
2026-09-01T13:13:12.407418+00:00,75.606,0.0352,0.0,0.15,0.0431,0.0473,8590.86,2,48.8992,111.242,step
2026-09-01T13:13:12.408731+00:00,74.901,0.0412,0.8,0.0,0.0391,0.0506,8498.95,2,48.8696,111.264,step
2026-09-01T13:13:12.410015+00:00,75.193,0.0466,0.8,0.0,0.035,0.0534,9679.51,2,49.0027,111.286,step
2026-09-01T13:13:12.411404+00:00,75.956,0.051,0.8,0.0,0.0307,0.0553,10190.9,2,49.4251,111.308,step
2026-09-01T13:13:12.412705+00:00,76.819,0.0548,0.8,0.0,0.0261,0.0565,10525.4,2,50.0772,111.33,step
2026-09-01T13:13:12.414034+00:00,77.741,0.0581,0.8,0.0,0.0213,0.0573,10750.0,2,50.9005,111.352,step
2026-09-01T13:13:12.415344+00:00,78.711,0.061,0.8,0.0,0.0163,0.0576,10883.6,2,51.8857,111.374,step
2026-09-01T13:13:12.416688+00:00,79.712,0.0637,0.15,0.0,0.011,0.0577,10956.7,2,53.0363,111.396,step
2026-09-01T13:13:12.418060+00:00,80.542,0.0664,0.15,0.0,0.0056,0.0577,9391.1,3,54.2476,111.418,step
2026-09-01T13:13:12.419534+00:00,80.485,0.0707,0.15,0.0,0.0004,0.0591,7425.25,3,55.0294,111.44,step
2026-09-01T13:13:12.420804+00:00,80.364,0.075,0.15,0.0,-0.0048,0.0604,7439.26,3,55.8392,111.462,step
2026-09-01T13:13:12.422058+00:00,80.266,0.0785,0.15,0.0,-0.01,0.0612,7353.11,3,56.8962,111.484,step
2026-09-01T13:13:12.423294+00:00,80.256,0.0817,0.15,0.0,-0.0151,0.0618,7375.37,3,58.0561,111.506,step
2026-09-01T13:13:12.424528+00:00,80.235,0.0851,0.15,0.0,-0.0202,0.0625,7369.65,3,59.2209,111.528,step
2026-09-01T13:13:12.425819+00:00,80.213,0.0885,0.15,0.0,-0.0253,0.0632,7365.77,3,60.4086,111.55,step
2026-09-01T13:13:12.427148+00:00,80.194,0.0922,0.15,0.0,-0.0304,0.0641,7362.36,3,61.5305,111.572,step
2026-09-01T13:13:12.428435+00:00,80.175,0.096,0.15,0.0,-0.0356,0.0652,7359.92,3,62.64,111.594,step
2026-09-01T13:13:12.429677+00:00,80.156,0.0992,0.15,0.0,-0.0408,0.0656,7357.95,3,63.839,111.616,step
2026-09-01T13:13:12.430885+00:00,80.136,0.0963,0.15,0.0,-0.0457,0.0612,7356.11,3,65.204,111.638,step
2026-09-01T13:13:12.432088+00:00,80.117,0.0929,0.15,0.0,-0.0503,0.0564,7354.2,3,66.7042,111.66,step
2026-09-01T13:13:12.433307+00:00,80.089,0.0892,0.15,0.0,-0.0545,0.0516,7370.14,3,68.2853,111.682,step
2026-09-01T13:13:12.434515+00:00,80.076,0.0849,0.15,0.0,-0.0583,0.0465,7366.57,3,70.0573,111.704,step
2026-09-01T13:13:12.435800+00:00,80.068,0.0807,0.15,0.0,-0.0617,0.0415,7356.54,3,71.7941,111.726,step
2026-09-01T13:13:12.436990+00:00,80.056,0.0767,0.15,0.0,-0.0648,0.0369,7351.16,3,73.3903,111.748,step
2026-09-01T13:13:12.438194+00:00,80.043,0.073,0.15,0.0,-0.0676,0.0327,7346.85,3,74.8399,111.77,step
2026-09-01T13:13:12.439409+00:00,80.028,0.0696,0.15,0.0,-0.0699,0.0288,7343.84,3,76.1581,111.792,step
2026-09-01T13:13:12.440620+00:00,80.014,0.0663,0.15,0.0,-0.072,0.0252,7341.93,3,77.3782,111.814,step
2026-09-01T13:13:12.441848+00:00,79.999,0.0631,0.15,0.0,-0.0737,0.0218,7340.8,2,78.5198,111.836,step
2026-09-01T13:13:12.443065+00:00,79.925,0.0598,0.15,0.0,-0.0752,0.0185,9268.74,2,79.6483,111.858,step
2026-09-01T13:13:12.444476+00:00,79.816,0.0563,0.15,0.0,-0.0764,0.0151,9275.93,2,80.8317,111.88,step
2026-09-01T13:13:12.445752+00:00,79.725,0.0529,0.15,0.0,-0.0773,0.0118,9193.78,2,81.9422,111.902,step
2026-09-01T13:13:12.447005+00:00,79.729,0.0497,0.15,0.0,-0.0781,0.0089,9235.62,2,82.9036,111.924,step
2026-09-01T13:13:12.448229+00:00,79.733,0.0468,0.15,0.0,-0.0786,0.0063,9235.17,2,83.7143,111.946,step
2026-09-01T13:13:12.449452+00:00,79.737,0.0441,0.15,0.0,-0.0789,0.0038,9234.87,2,84.4537,111.968,step
2026-09-01T13:13:12.450708+00:00,79.741,0.0413,0.15,0.0,-0.079,0.0015,9234.73,2,85.1368,111.99,step
2026-09-01T13:13:12.451949+00:00,79.737,0.0386,0.15,0.0,-0.0789,-0.0007,9251.68,2,85.7799,112.012,step
2026-09-01T13:13:12.453311+00:00,79.747,0.0358,0.15,0.0,-0.0787,-0.003,9245.35,2,86.423,112.034,step
2026-09-01T13:13:12.454569+00:00,79.756,0.0331,0.15,0.0,-0.0783,-0.005,9240.78,2,86.984,112.056,step
2026-09-01T13:13:12.455808+00:00,79.763,0.0306,0.15,0.0,-0.0778,-0.0069,9238.19,2,87.442,112.078,step
2026-09-01T13:13:12.457078+00:00,79.77,0.0282,0.15,0.0,-0.0771,-0.0086,9236.46,2,87.8105,112.1,step
2026-09-01T13:13:12.458343+00:00,79.776,0.026,0.15,0.0,-0.0762,-0.0101,9235.82,2,88.0962,112.122,step
2026-09-01T13:13:12.459609+00:00,79.781,0.0239,0.15,0.0,-0.0753,-0.0115,9236.14,2,88.3128,112.144,step
2026-09-01T13:13:12.460941+00:00,79.786,0.0218,0.15,0.0,-0.0742,-0.0127,9237.17,2,88.4729,112.166,step
2026-09-01T13:13:12.462190+00:00,79.791,0.0198,0.15,0.0,-0.0731,-0.0139,9238.76,2,88.5843,112.188,step
2026-09-01T13:13:12.463450+00:00,79.796,0.0179,0.15,0.0,-0.0718,-0.015,9240.16,2,88.6457,112.21,step
2026-09-01T13:13:12.464753+00:00,79.802,0.0161,0.8,0.0,-0.0705,-0.016,9241.26,2,88.6545,112.232,step
2026-09-01T13:13:12.466018+00:00,80.346,0.0143,0.15,0.0,-0.0691,-0.0169,10201.2,3,88.6382,112.254,step
2026-09-01T13:13:12.467324+00:00,80.723,0.0124,0.15,0.0,-0.0677,-0.0178,7922.37,3,88.6107,112.276,step
2026-09-01T13:13:12.468641+00:00,80.616,0.0108,0.15,0.0,-0.0662,-0.0186,7934.98,3,88.5085,112.298,step
2026-09-01T13:13:12.469991+00:00,80.537,0.0092,0.15,0.0,-0.0647,-0.0193,7371.95,3,88.3612,112.32,step
2026-09-01T13:13:12.471273+00:00,80.519,0.0077,0.15,0.0,-0.063,-0.0199,7392.26,3,88.1591,112.342,step
2026-09-01T13:13:12.472539+00:00,80.514,0.0063,0.15,0.0,-0.0614,-0.0203,7390.85,3,87.909,112.364,step
2026-09-01T13:13:12.473777+00:00,80.508,0.005,0.15,0.0,-0.0597,-0.0207,7389.57,3,87.6134,112.386,step
2026-09-01T13:13:12.475059+00:00,80.502,0.0038,0.15,0.0,-0.058,-0.021,7388.46,3,87.2762,112.408,step
2026-09-01T13:13:12.476305+00:00,80.496,0.0026,0.15,0.0,-0.0562,-0.0213,7387.48,3,86.9102,112.43,step
2026-09-01T13:13:12.477666+00:00,80.49,0.0014,0.15,0.0,-0.0544,-0.0215,7386.63,3,86.5161,112.452,step
2026-09-01T13:13:12.478944+00:00,80.484,0.0004,0.15,0.0,-0.0526,-0.0216,7385.95,3,86.0846,112.474,step
2026-09-01T13:13:12.480211+00:00,80.478,-0.0006,0.15,0.0,-0.0508,-0.0216,7385.38,3,85.6163,112.496,step
2026-09-01T13:13:12.481476+00:00,80.471,-0.0014,0.15,0.0,-0.049,-0.0216,7384.91,3,85.1196,112.518,step
2026-09-01T13:13:12.482742+00:00,80.464,-0.0023,0.15,0.0,-0.0472,-0.0216,7384.13,3,84.6084,112.54,step
2026-09-01T13:13:12.484044+00:00,80.456,-0.0031,0.15,0.0,-0.0454,-0.0215,7383.35,3,84.0805,112.562,step
2026-09-01T13:13:12.485436+00:00,80.448,-0.0038,0.15,0.0,-0.0437,-0.0214,7382.66,3,83.5283,112.584,step
2026-09-01T13:13:12.486768+00:00,80.44,-0.0045,0.15,0.0,-0.042,-0.0212,7382.03,3,82.9533,112.606,step
2026-09-01T13:13:12.488052+00:00,80.432,-0.0051,0.15,0.0,-0.0403,-0.021,7381.42,3,82.3673,112.628,step
2026-09-01T13:13:12.489324+00:00,80.424,-0.0057,0.15,0.0,-0.0386,-0.0208,7378.84,3,81.7687,112.65,step
2026-09-01T13:13:12.490570+00:00,80.416,-0.0062,0.15,0.0,-0.0369,-0.0205,7376.32,3,81.1535,112.672,step
2026-09-01T13:13:12.491827+00:00,80.406,-0.0067,0.15,0.0,-0.0352,-0.0202,7376.21,3,80.5285,112.694,step
2026-09-01T13:13:12.493083+00:00,80.396,-0.0071,0.15,0.0,-0.0336,-0.0199,7377.06,3,79.8891,112.716,step
2026-09-01T13:13:12.494456+00:00,80.386,-0.0075,0.15,0.0,-0.032,-0.0196,7377.4,3,79.2391,112.738,step
2026-09-01T13:13:12.495698+00:00,80.377,-0.0079,0.15,0.0,-0.0304,-0.0192,7377.12,3,78.5878,112.76,step
2026-09-01T13:13:12.496951+00:00,80.369,-0.0082,0.15,0.0,-0.0289,-0.0188,7376.5,3,77.9236,112.782,step
2026-09-01T13:13:12.498206+00:00,80.36,-0.0084,0.15,0.0,-0.0274,-0.0184,7375.55,3,77.2524,112.804,step
2026-09-01T13:13:12.499478+00:00,80.352,-0.0087,0.15,0.0,-0.0259,-0.018,7374.51,3,76.5813,112.826,step
2026-09-01T13:13:12.500815+00:00,80.343,-0.0089,0.15,0.0,-0.0245,-0.0176,7373.63,3,75.9005,112.848,step
2026-09-01T13:13:12.502190+00:00,80.334,-0.009,0.15,0.0,-0.0231,-0.0171,7372.61,3,75.2112,112.87,step
2026-09-01T13:13:12.503576+00:00,80.325,-0.0091,0.15,0.0,-0.0217,-0.0167,7371.64,3,74.5234,112.892,step
2026-09-01T13:13:12.504874+00:00,80.316,-0.0088,0.15,0.0,-0.0204,-0.0158,7370.77,3,73.8365,112.914,step
2026-09-01T13:13:12.506217+00:00,80.306,-0.0073,0.15,0.0,-0.0192,-0.0141,7369.9,3,73.1526,112.936,step
2026-09-01T13:13:12.507527+00:00,80.297,-0.0058,0.15,0.0,-0.0181,-0.0124,7369.09,3,72.491,112.958,step
2026-09-01T13:13:12.508862+00:00,80.288,-0.0043,0.15,0.0,-0.0172,-0.0108,7367.03,3,71.8591,112.98,step
2026-09-01T13:13:12.510202+00:00,80.278,-0.0029,0.15,0.0,-0.0164,-0.0092,7366.21,3,71.2583,113.002,step
2026-09-01T13:13:12.511653+00:00,80.269,-0.0015,0.15,0.0,-0.0157,-0.0078,7365.75,3,70.6889,113.024,step
2026-09-01T13:13:12.512975+00:00,80.259,-0.0001,0.15,0.0,-0.0151,-0.0064,7365.42,3,70.1516,113.046,step
2026-09-01T13:13:12.514285+00:00,80.249,0.0013,0.15,0.0,-0.0147,-0.005,7364.89,3,69.6435,113.068,step
2026-09-01T13:13:12.515596+00:00,80.24,0.0026,0.15,0.0,-0.0143,-0.0038,7364.12,3,69.1579,113.09,step
2026-09-01T13:13:12.516917+00:00,80.23,0.0039,0.15,0.0,-0.0141,-0.0026,7363.25,3,68.7022,113.112,step
2026-09-01T13:13:12.518260+00:00,80.221,0.0052,0.15,0.0,-0.0139,-0.0015,7362.46,3,68.2739,113.134,step
2026-09-01T13:13:12.519756+00:00,80.211,0.0064,0.15,0.0,-0.0138,-0.0004,7361.55,3,67.868,113.156,step
2026-09-01T13:13:12.521130+00:00,80.202,0.0076,0.15,0.0,-0.0139,0.0006,7360.66,3,67.4799,113.178,step
2026-09-01T13:13:12.522497+00:00,80.194,0.0088,0.15,0.0,-0.0139,0.0015,7360.08,3,67.1185,113.2,step
2026-09-01T13:13:12.523879+00:00,80.186,0.0099,0.15,0.0,-0.014,0.0024,7359.47,3,66.7822,113.222,step
2026-09-01T13:13:12.525267+00:00,80.179,0.011,0.15,0.0,-0.0142,0.0032,7358.76,3,66.4646,113.244,step
2026-09-01T13:13:12.526677+00:00,80.171,0.012,0.15,0.0,-0.0145,0.004,7358.02,3,66.1692,113.266,step
2026-09-01T13:13:12.528216+00:00,80.164,0.013,0.15,0.0,-0.0148,0.0047,7357.2,3,65.895,113.288,step
2026-09-01T13:13:12.529584+00:00,80.153,0.014,0.15,0.0,-0.0152,0.0053,7362.36,3,65.6426,113.31,step
2026-09-01T13:13:12.530903+00:00,80.149,0.0149,0.15,0.0,-0.0156,0.0059,7359.55,3,65.418,113.332,step
2026-09-01T13:13:12.532241+00:00,80.144,0.0157,0.15,0.0,-0.016,0.0064,7357.15,3,65.2116,113.354,step
2026-09-01T13:13:12.533589+00:00,80.138,0.0165,0.15,0.0,-0.0165,0.0069,7355.39,3,65.0218,113.376,step
2026-09-01T13:13:12.534939+00:00,80.132,0.0173,0.15,0.0,-0.0171,0.0073,7353.86,3,64.8474,113.398,step
2026-09-01T13:13:12.536306+00:00,80.125,0.0181,0.15,0.0,-0.0176,0.0077,7352.68,3,64.6824,113.42,step
2026-09-01T13:13:12.537624+00:00,80.118,0.0189,0.15,0.0,-0.0182,0.0081,7351.96,3,64.5266,113.442,step
2026-09-01T13:13:12.538940+00:00,80.111,0.0196,0.15,0.0,-0.0188,0.0085,7351.44,3,64.3899,113.464,step
2026-09-01T13:13:12.540245+00:00,80.103,0.0203,0.15,0.0,-0.0195,0.0088,7351.15,3,64.2739,113.486,step
2026-09-01T13:13:12.541575+00:00,80.096,0.0209,0.15,0.0,-0.0202,0.0091,7350.85,3,64.17,113.508,step
2026-09-01T13:13:12.542936+00:00,80.09,0.0216,0.15,0.0,-0.0208,0.0093,7350.52,3,64.0757,113.53,step
2026-09-01T13:13:12.544385+00:00,80.084,0.0222,0.15,0.0,-0.0215,0.0095,7350.08,3,63.9991,113.552,step
2026-09-01T13:13:12.545722+00:00,80.078,0.0228,0.15,0.0,-0.0223,0.0097,7349.58,3,63.9358,113.574,step
2026-09-01T13:13:12.547079+00:00,80.072,0.0233,0.15,0.0,-0.023,0.0098,7348.94,3,63.8901,113.596,step
2026-09-01T13:13:12.548410+00:00,80.066,0.0238,0.15,0.0,-0.0237,0.0099,7348.31,3,63.8597,113.618,step
2026-09-01T13:13:12.549728+00:00,80.059,0.0242,0.15,0.0,-0.0244,0.01,7350.82,3,63.8463,113.64,step
2026-09-01T13:13:12.551066+00:00,80.054,0.0247,0.15,0.0,-0.0252,0.01,7349.33,3,63.8542,113.662,step
2026-09-01T13:13:12.552487+00:00,80.05,0.025,0.15,0.0,-0.0259,0.01,7347.8,3,63.878,113.684,step
2026-09-01T13:13:12.553795+00:00,80.044,0.0254,0.15,0.0,-0.0267,0.01,7346.65,3,63.9116,113.706,step
2026-09-01T13:13:12.555094+00:00,80.039,0.0257,0.15,0.0,-0.0274,0.01,7345.61,3,63.9476,113.728,step
2026-09-01T13:13:12.556400+00:00,80.034,0.0261,0.15,0.0,-0.0282,0.01,7344.77,3,63.9952,113.75,step
2026-09-01T13:13:12.557683+00:00,80.028,0.0264,0.15,0.0,-0.0289,0.01,7344.17,3,64.0551,113.772,step
2026-09-01T13:13:12.559024+00:00,80.022,0.0267,0.15,0.0,-0.0296,0.0099,7343.71,3,64.1219,113.794,step
2026-09-01T13:13:12.560434+00:00,80.017,0.027,0.15,0.0,-0.0304,0.0099,7343.4,3,64.2064,113.816,step
2026-09-01T13:13:12.561808+00:00,80.011,0.0273,0.15,0.0,-0.0311,0.0098,7343.12,3,64.3061,113.838,step
2026-09-01T13:13:12.563170+00:00,80.005,0.0275,0.15,0.0,-0.0318,0.0097,7342.71,3,64.4141,113.86,step
2026-09-01T13:13:12.564530+00:00,80.0,0.0277,0.15,0.0,-0.0325,0.0096,7342.26,3,64.5281,113.882,step
2026-09-01T13:13:12.565880+00:00,79.995,0.0279,0.15,0.0,-0.0332,0.0095,7341.8,2,64.661,113.904,step
2026-09-01T13:13:12.567245+00:00,79.93,0.0281,0.15,0.0,-0.0339,0.0093,9270.01,2,64.8287,113.926,step
2026-09-01T13:13:12.568638+00:00,79.828,0.028,0.15,0.0,-0.0345,0.009,9277.19,2,65.0582,113.948,step
2026-09-01T13:13:12.570096+00:00,79.742,0.028,0.15,0.0,-0.0352,0.0086,9195.51,2,65.3184,113.97,step
2026-09-01T13:13:12.571435+00:00,79.739,0.0279,0.15,0.0,-0.0358,0.0083,9235.38,2,65.5642,113.992,step
2026-09-01T13:13:12.572765+00:00,79.747,0.028,0.15,0.0,-0.0364,0.0081,9235.46,2,65.7805,114.014,step
2026-09-01T13:13:12.574055+00:00,79.754,0.0281,0.15,0.0,-0.037,0.008,9235.67,2,65.9922,114.036,step
2026-09-01T13:13:12.575385+00:00,79.762,0.0282,0.15,0.0,-0.0375,0.0078,9236.09,2,66.2067,114.058,step
2026-09-01T13:13:12.576700+00:00,79.769,0.0283,0.15,0.0,-0.0381,0.0077,9236.68,2,66.4269,114.08,step
2026-09-01T13:13:12.578171+00:00,79.776,0.0283,0.15,0.0,-0.0386,0.0075,9237.53,2,66.6561,114.102,step
2026-09-01T13:13:12.579503+00:00,79.784,0.0284,0.15,0.0,-0.0391,0.0074,9238.53,2,66.896,114.124,step
2026-09-01T13:13:12.580833+00:00,79.791,0.0285,0.15,0.0,-0.0397,0.0072,9239.52,2,67.1476,114.146,step
2026-09-01T13:13:12.582167+00:00,79.797,0.0285,0.15,0.0,-0.0401,0.0071,9240.47,2,67.4245,114.168,step
2026-09-01T13:13:12.583538+00:00,79.804,0.0285,0.15,0.0,-0.0406,0.0069,9241.26,2,67.7313,114.19,step
2026-09-01T13:13:12.584957+00:00,79.811,0.0285,0.15,0.0,-0.0411,0.0066,9241.96,2,68.0568,114.212,step
2026-09-01T13:13:12.586376+00:00,79.818,0.0285,0.15,0.0,-0.0415,0.0064,9242.67,2,68.3959,114.234,step
2026-09-01T13:13:12.587759+00:00,79.824,0.0284,0.15,0.0,-0.0419,0.0062,9243.44,2,68.7339,114.256,step
2026-09-01T13:13:12.589125+00:00,79.831,0.0285,0.15,0.0,-0.0423,0.0061,9244.2,2,69.0712,114.278,step
2026-09-01T13:13:12.590467+00:00,79.837,0.0285,0.15,0.0,-0.0427,0.0059,9244.35,2,69.4174,114.3,step
2026-09-01T13:13:12.591813+00:00,79.844,0.0285,0.15,0.0,-0.0431,0.0058,9244.21,2,69.7707,114.322,step
2026-09-01T13:13:12.593169+00:00,79.85,0.0285,0.15,0.0,-0.0435,0.0056,9245.2,2,70.15,114.344,step
2026-09-01T13:13:12.594615+00:00,79.856,0.0285,0.15,0.0,-0.0439,0.0054,9246.6,2,70.5601,114.366,step
2026-09-01T13:13:12.595938+00:00,79.862,0.0284,0.15,0.0,-0.0442,0.0053,9247.83,2,70.9804,114.388,step
2026-09-01T13:13:12.597251+00:00,79.868,0.0284,0.15,0.0,-0.0445,0.0051,9248.8,2,71.4093,114.41,step
2026-09-01T13:13:12.598568+00:00,79.874,0.0284,0.15,0.0,-0.0449,0.005,9249.53,2,71.8534,114.432,step
2026-09-01T13:13:12.599899+00:00,79.881,0.0284,0.15,0.0,-0.0452,0.0048,9250.15,2,72.3163,114.454,step
2026-09-01T13:13:12.601243+00:00,79.887,0.0283,0.15,0.0,-0.0455,0.0046,9250.84,2,72.7982,114.476,step
2026-09-01T13:13:12.602692+00:00,79.893,0.0283,0.15,0.0,-0.0457,0.0045,9251.49,2,73.3005,114.498,step
2026-09-01T13:13:12.604098+00:00,79.898,0.0282,0.15,0.0,-0.046,0.0043,9251.94,2,73.8371,114.52,step
2026-09-01T13:13:12.605494+00:00,79.904,0.0281,0.15,0.0,-0.0463,0.0041,9252.34,2,74.4042,114.542,step
2026-09-01T13:13:12.606880+00:00,79.909,0.028,0.15,0.0,-0.0465,0.004,9252.85,2,74.9898,114.564,step
2026-09-01T13:13:12.608233+00:00,79.914,0.0279,0.15,0.0,-0.0467,0.0038,9253.41,2,75.5916,114.586,step
2026-09-01T13:13:12.609626+00:00,79.918,0.0278,0.15,0.0,-0.0469,0.0036,9254.12,2,76.2117,114.608,step
2026-09-01T13:13:12.611172+00:00,79.923,0.0277,0.15,0.0,-0.0471,0.0035,9254.8,2,76.8509,114.63,step
2026-09-01T13:13:12.612514+00:00,79.929,0.0277,0.15,0.0,-0.0473,0.0034,9251.78,2,77.4977,114.652,step
2026-09-01T13:13:12.613858+00:00,79.932,0.0276,0.15,0.0,-0.0475,0.0032,9252.8,2,78.1593,114.674,step
2026-09-01T13:13:12.615167+00:00,79.935,0.0276,0.15,0.0,-0.0477,0.0031,9255.06,2,78.853,114.696,step
2026-09-01T13:13:12.616498+00:00,79.939,0.0275,0.15,0.0,-0.0478,0.003,9256.75,2,79.5907,114.718,step
2026-09-01T13:13:12.617883+00:00,79.943,0.0274,0.15,0.0,-0.048,0.0029,9257.75,2,80.3525,114.74,step
2026-09-01T13:13:12.619306+00:00,79.947,0.0273,0.15,0.0,-0.0481,0.0027,9258.36,2,81.1489,114.762,step
2026-09-01T13:13:12.620657+00:00,79.952,0.0273,0.15,0.0,-0.0482,0.0026,9258.7,2,82.0227,114.784,step
2026-09-01T13:13:12.622056+00:00,79.956,0.0272,0.15,0.0,-0.0483,0.0025,9259.04,2,82.9844,114.806,step
2026-09-01T13:13:12.623438+00:00,79.961,0.0271,0.15,0.0,-0.0485,0.0024,9259.45,2,84.054,114.828,step
2026-09-01T13:13:12.624847+00:00,79.964,0.027,0.15,0.0,-0.0486,0.0023,9259.54,2,85.2862,114.85,step
2026-09-01T13:13:12.626284+00:00,79.967,0.0269,0.15,0.0,-0.0487,0.0021,9259.53,2,86.7193,114.872,step
2026-09-01T13:13:12.627810+00:00,79.969,0.0268,0.15,0.0,-0.0487,0.002,9259.62,2,88.3628,114.894,step
2026-09-01T13:13:12.629248+00:00,79.971,0.0266,0.15,0.0,-0.0488,0.0019,9259.85,2,90.2842,114.916,step
2026-09-01T13:13:12.630672+00:00,79.973,0.0265,0.15,0.0,-0.0489,0.0017,9260.31,2,92.6087,114.938,step
2026-09-01T13:13:12.632111+00:00,79.975,0.0264,0.15,0.0,-0.0489,0.0016,9260.82,2,95.6122,114.96,step
2026-09-01T13:13:12.633477+00:00,79.979,0.0264,0.15,0.0,-0.049,0.0016,9255.48,2,99.9125,114.982,step
2026-09-01T13:13:12.634891+00:00,79.979,0.0264,0.15,0.0,-0.049,0.0016,9256.3,2,112.274,115.004,step
2026-09-01T13:13:12.636340+00:00,79.979,0.0264,0.15,0.0,-0.0491,0.0016,9258.86,2,119.458,115.026,step
2026-09-01T13:13:12.637720+00:00,79.979,0.0264,0.8,0.0,-0.0491,0.0016,9261.05,2,124.056,115.048,step
2026-09-01T13:13:12.639110+00:00,80.521,0.0263,0.8,0.0,-0.0491,0.0014,10214.8,3,128.037,115.07,step
2026-09-01T13:13:12.640480+00:00,80.963,0.026,0.8,0.0,-0.0492,0.0012,8101.03,3,131.835,115.092,step
2026-09-01T13:13:12.641878+00:00,80.852,0.0258,0.8,0.0,-0.0492,0.001,8113.06,3,135.003,115.114,step
2026-09-01T13:13:12.643316+00:00,80.767,0.0256,0.8,0.0,-0.0493,0.0008,7393.32,3,137.89,115.136,step
2026-09-01T13:13:12.644880+00:00,81.151,0.0253,0.8,0.0,-0.0492,0.0006,7797.85,3,140.571,115.158,step
2026-09-01T13:13:12.646336+00:00,81.758,0.025,0.8,0.0,-0.0492,0.0003,7868.52,3,143.222,115.18,step
2026-09-01T13:13:12.647810+00:00,82.395,0.0247,0.8,0.0,-0.0492,0.0001,7903.96,3,145.784,115.202,step
2026-09-01T13:13:12.649252+00:00,83.033,0.0244,0.8,0.0,-0.0492,-0.0002,7941.66,3,148.144,115.224,step
2026-09-01T13:13:12.650721+00:00,83.665,0.0242,0.8,0.0,-0.0492,-0.0003,7992.58,3,150.257,115.246,step
2026-09-01T13:13:12.652243+00:00,84.293,0.0241,0.8,0.0,-0.0492,-0.0004,8055.78,3,152.169,115.268,step
2026-09-01T13:13:12.653856+00:00,84.923,0.0241,0.8,0.0,-0.0491,-0.0004,8122.73,3,154.01,115.29,step
2026-09-01T13:13:12.655299+00:00,85.597,0.0241,0.8,0.0,-0.0491,-0.0004,8130.56,3,155.825,115.312,step
2026-09-01T13:13:12.656735+00:00,86.227,0.0242,0.8,0.0,-0.0491,-0.0003,8204.17,3,157.615,115.334,step
2026-09-01T13:13:12.658183+00:00,86.848,0.0242,0.8,0.0,-0.049,-0.0002,8303.1,3,159.519,115.356,step
2026-09-01T13:13:12.659646+00:00,87.479,0.0242,0.8,0.0,-0.049,-0.0002,8401.37,3,161.638,115.378,step
2026-09-01T13:13:12.661163+00:00,88.127,0.0241,0.8,0.0,-0.049,-0.0003,8489.81,3,163.989,115.4,step
2026-09-01T13:13:12.662592+00:00,88.79,0.024,0.8,0.0,-0.0489,-0.0004,8565.66,3,166.549,115.422,step
2026-09-01T13:13:12.664008+00:00,89.466,0.0238,0.8,0.0,-0.0489,-0.0006,8633.18,3,169.293,115.444,step
2026-09-01T13:13:12.665446+00:00,90.149,0.0236,0.8,0.0,-0.0489,-0.0007,8697.34,3,172.187,115.466,step
2026-09-01T13:13:12.666910+00:00,90.834,0.0234,0.8,0.0,-0.0489,-0.0009,8760.17,3,175.345,115.488,step
2026-09-01T13:13:12.668420+00:00,91.529,0.0231,0.8,0.0,-0.0489,-0.0011,8818.56,3,178.789,115.51,step
2026-09-01T13:13:12.670050+00:00,92.228,0.0228,0.8,0.0,-0.0488,-0.0013,8878.39,3,182.333,115.532,step
2026-09-01T13:13:12.671500+00:00,92.928,0.0226,0.8,0.0,-0.0488,-0.0015,8944.15,3,185.95,115.554,step
2026-09-01T13:13:12.672972+00:00,93.628,0.0224,0.8,0.0,-0.0487,-0.0016,9016.95,3,189.642,115.576,step
2026-09-01T13:13:12.674409+00:00,94.386,0.0224,0.8,0.0,-0.0487,-0.0016,9009.08,3,193.313,115.598,step
2026-09-01T13:13:12.675931+00:00,95.112,0.0226,0.15,0.0,-0.0486,-0.0014,9045.79,3,196.632,115.62,step
2026-09-01T13:13:12.677539+00:00,95.264,0.0229,0.15,0.0,-0.0485,-0.0012,8729.74,3,199.772,115.642,step
2026-09-01T13:13:12.678982+00:00,95.214,0.0231,0.15,0.0,-0.0484,-0.0009,8730.92,3,200.0,115.664,step
2026-09-01T13:13:12.680412+00:00,95.167,0.0233,0.15,0.0,-0.0484,-0.0008,8730.55,3,200.0,115.686,step
2026-09-01T13:13:12.681858+00:00,95.122,0.0233,0.15,0.0,-0.0483,-0.0007,8727.94,3,200.0,115.708,step
2026-09-01T13:13:12.683327+00:00,95.078,0.0233,0.15,0.0,-0.0483,-0.0007,8723.8,3,200.0,115.73,step
2026-09-01T13:13:12.684830+00:00,95.034,0.0233,0.15,0.0,-0.0482,-0.0006,8719.04,3,200.0,115.752,step
2026-09-01T13:13:12.686423+00:00,94.988,0.0233,0.15,0.0,-0.0482,-0.0007,8713.49,3,200.0,115.774,step
2026-09-01T13:13:12.687977+00:00,94.94,0.0231,0.15,0.0,-0.0481,-0.0008,8708.21,3,200.0,115.796,step
2026-09-01T13:13:12.689465+00:00,94.891,0.023,0.15,0.0,-0.0481,-0.0009,8703.17,3,200.0,115.818,step
2026-09-01T13:13:12.690931+00:00,94.842,0.0229,0.15,0.0,-0.048,-0.0009,8698.41,3,200.0,115.84,step
2026-09-01T13:13:12.692472+00:00,94.793,0.0229,0.15,0.0,-0.0479,-0.0009,8694.0,3,200.0,115.862,step
2026-09-01T13:13:12.694052+00:00,94.747,0.023,0.15,0.0,-0.0479,-0.0008,8680.95,3,200.0,115.884,step
2026-09-01T13:13:12.695592+00:00,94.695,0.0232,0.8,0.0,-0.0478,-0.0006,8677.25,3,200.0,115.906,step
2026-09-01T13:13:12.697016+00:00,95.15,0.0234,0.15,0.0,-0.0477,-0.0004,9117.87,3,200.0,115.928,step
2026-09-01T13:13:12.698437+00:00,95.34,0.0236,0.15,0.0,-0.0477,-0.0002,8741.06,3,200.0,115.95,step
2026-09-01T13:13:12.699874+00:00,95.286,0.0237,0.15,0.0,-0.0477,-0.0001,8739.66,3,200.0,115.972,step
2026-09-01T13:13:12.701343+00:00,95.234,0.0238,0.15,0.0,-0.0477,-0.0001,8736.91,3,200.0,115.994,step
2026-09-01T13:13:12.702896+00:00,95.183,0.0238,0.15,0.0,-0.0477,-0.0001,8732.78,3,200.0,116.016,step
2026-09-01T13:13:12.704329+00:00,95.133,0.0237,0.15,0.0,-0.0477,-0.0001,8727.86,3,200.0,116.038,step
2026-09-01T13:13:12.705786+00:00,95.08,0.0236,0.15,0.0,-0.0477,-0.0002,8721.88,3,200.0,116.06,step
2026-09-01T13:13:12.707239+00:00,95.026,0.0234,0.15,0.0,-0.0477,-0.0004,8716.28,3,200.0,116.082,step
2026-09-01T13:13:12.708714+00:00,94.972,0.0224,0.15,0.0,-0.0477,-0.0012,8710.89,3,200.0,116.104,step
2026-09-01T13:13:12.710101+00:00,94.918,0.0205,0.15,0.0,-0.0475,-0.0027,8705.69,3,200.0,116.126,step
2026-09-01T13:13:12.711562+00:00,94.864,0.0187,0.15,0.0,-0.0472,-0.0041,8698.81,3,200.0,116.148,step
2026-09-01T13:13:12.712905+00:00,94.811,0.017,0.15,0.0,-0.0468,-0.0053,8688.32,3,200.0,116.17,step
2026-09-01T13:13:12.714240+00:00,94.754,0.0154,0.8,0.0,-0.0462,-0.0064,8684.5,3,200.0,116.192,step
2026-09-01T13:13:12.715565+00:00,95.188,0.014,0.15,0.0,-0.0455,-0.0073,9147.75,3,200.0,116.214,step
2026-09-01T13:13:12.716914+00:00,95.391,0.0125,0.15,0.0,-0.0448,-0.0082,8746.42,3,200.0,116.236,step
2026-09-01T13:13:12.718245+00:00,95.332,0.0111,0.15,0.0,-0.044,-0.0091,8743.83,3,200.0,116.258,step
2026-09-01T13:13:12.719659+00:00,95.275,0.0098,0.15,0.0,-0.0431,-0.0098,8740.31,3,200.0,116.28,step
2026-09-01T13:13:12.721047+00:00,95.22,0.0085,0.15,0.0,-0.0421,-0.0105,8735.68,3,200.0,116.302,step
2026-09-01T13:13:12.722474+00:00,95.165,0.0073,0.15,0.0,-0.0411,-0.0111,8730.47,3,200.0,116.324,step
2026-09-01T13:13:12.723858+00:00,95.109,0.0061,0.15,0.0,-0.04,-0.0116,8724.67,3,200.0,116.346,step
2026-09-01T13:13:12.725246+00:00,95.053,0.0049,0.15,0.0,-0.0389,-0.0121,8718.85,3,200.0,116.368,step
2026-09-01T13:13:12.726771+00:00,94.996,0.0039,0.15,0.0,-0.0377,-0.0125,8713.3,3,200.0,116.39,step
2026-09-01T13:13:12.728152+00:00,94.939,0.0029,0.8,0.0,-0.0364,-0.0128,8707.93,3,200.0,116.412,step
2026-09-01T13:13:12.729559+00:00,95.343,0.002,0.15,0.0,-0.0352,-0.013,9215.19,3,200.0,116.434,step
2026-09-01T13:13:12.730920+00:00,95.581,0.0011,0.15,0.0,-0.0339,-0.0132,8758.94,3,200.0,116.456,step
2026-09-01T13:13:12.732684+00:00,95.518,0.0004,0.15,0.0,-0.0327,-0.0133,8754.33,3,200.0,116.478,step
2026-09-01T13:13:12.737983+00:00,95.457,-0.0003,0.15,0.0,-0.0314,-0.0133,8751.5,3,200.0,116.5,step
2026-09-01T13:13:12.741055+00:00,95.396,-0.001,0.15,0.0,-0.0301,-0.0134,8749.2,3,200.0,116.522,step
2026-09-01T13:13:12.743703+00:00,95.336,-0.0016,0.15,0.0,-0.0288,-0.0133,8745.65,3,200.0,116.544,step
2026-09-01T13:13:12.747583+00:00,95.278,-0.0022,0.15,0.0,-0.0275,-0.0133,8740.8,3,200.0,116.566,step
2026-09-01T13:13:12.751591+00:00,95.219,-0.0027,0.15,0.0,-0.0262,-0.0132,8735.5,3,200.0,116.588,step
2026-09-01T13:13:12.756169+00:00,95.162,-0.0031,0.15,0.0,-0.025,-0.013,8729.85,3,200.0,116.61,step
2026-09-01T13:13:12.761271+00:00,95.104,-0.0035,0.15,0.0,-0.0237,-0.0128,8724.11,3,200.0,116.632,step
2026-09-01T13:13:12.766369+00:00,95.045,-0.0039,0.15,0.0,-0.0225,-0.0126,8718.25,3,200.0,116.654,step
2026-09-01T13:13:12.769665+00:00,94.986,-0.0042,0.15,0.0,-0.0213,-0.0124,8712.49,3,200.0,116.676,step
2026-09-01T13:13:12.773647+00:00,94.926,-0.0045,0.8,0.0,-0.0201,-0.0121,8706.86,3,200.0,116.698,step
2026-09-01T13:13:12.779214+00:00,95.329,-0.0048,0.15,0.0,-0.019,-0.0119,9212.94,3,200.0,116.72,step
2026-09-01T13:13:12.785061+00:00,95.561,-0.005,0.15,0.0,-0.0178,-0.0116,8761.49,3,200.0,116.742,step
2026-09-01T13:13:12.832749+00:00,95.499,-0.0052,0.15,0.0,-0.0167,-0.0113,8753.17,3,200.0,116.764,step
2026-09-01T13:13:12.836594+00:00,95.436,-0.0054,0.15,0.0,-0.0156,-0.011,8749.38,3,200.0,116.786,step
2026-09-01T13:13:12.840752+00:00,95.373,-0.0056,0.15,0.0,-0.0146,-0.0107,8746.52,3,200.0,116.808,step
2026-09-01T13:13:12.844062+00:00,95.311,-0.0057,0.15,0.0,-0.0136,-0.0104,8742.86,3,200.0,116.83,step
2026-09-01T13:13:12.845898+00:00,95.25,-0.0058,0.15,0.0,-0.0126,-0.01,8738.09,3,200.0,116.852,step
2026-09-01T13:13:12.848047+00:00,95.189,-0.0058,0.15,0.0,-0.0116,-0.0097,8732.65,3,200.0,116.874,step
2026-09-01T13:13:12.850119+00:00,95.129,-0.0058,0.15,0.0,-0.0107,-0.0093,8726.97,3,200.0,116.896,step
2026-09-01T13:13:12.853968+00:00,95.069,-0.0058,0.15,0.0,-0.0098,-0.0089,8720.99,3,200.0,116.918,step
2026-09-01T13:13:12.857129+00:00,95.009,-0.0058,0.15,0.0,-0.009,-0.0085,8715.18,3,200.0,116.94,step
2026-09-01T13:13:12.861270+00:00,94.948,-0.0057,0.15,0.0,-0.0081,-0.0082,8709.25,3,200.0,116.962,step
2026-09-01T13:13:12.863803+00:00,94.887,-0.0057,0.8,0.0,-0.0074,-0.0078,8703.49,3,200.0,116.984,step
2026-09-01T13:13:12.865472+00:00,95.284,-0.0056,0.15,0.0,-0.0066,-0.0074,9209.53,3,200.0,117.006,step
2026-09-01T13:13:12.866965+00:00,95.514,-0.0054,0.15,0.0,-0.0059,-0.007,8758.36,3,200.0,117.028,step
2026-09-01T13:13:12.868490+00:00,95.451,-0.0054,0.15,0.0,-0.0052,-0.0067,8749.74,3,200.0,117.05,step
2026-09-01T13:13:12.870111+00:00,95.387,-0.0053,0.15,0.0,-0.0046,-0.0064,8744.95,3,200.0,117.072,step
2026-09-01T13:13:12.871613+00:00,95.322,-0.0053,0.15,0.0,-0.004,-0.0061,8741.78,3,200.0,117.094,step
2026-09-01T13:13:12.873060+00:00,95.258,-0.0052,0.15,0.0,-0.0034,-0.0058,8737.72,3,200.0,117.116,step
2026-09-01T13:13:12.874497+00:00,95.196,-0.0051,0.15,0.0,-0.0029,-0.0055,8732.95,3,200.0,117.138,step
2026-09-01T13:13:12.875943+00:00,95.134,-0.005,0.15,0.0,-0.0023,-0.0052,8727.34,3,200.0,117.16,step
2026-09-01T13:13:12.877504+00:00,95.072,-0.0049,0.15,0.0,-0.0018,-0.0049,8721.58,3,200.0,117.182,step
2026-09-01T13:13:12.879003+00:00,95.01,-0.0048,0.15,0.0,-0.0014,-0.0046,8715.71,3,200.0,117.204,step
2026-09-01T13:13:12.880505+00:00,94.948,-0.0046,0.15,0.0,-0.001,-0.0043,8709.81,3,200.0,117.226,step
2026-09-01T13:13:12.882009+00:00,94.886,-0.0045,0.8,0.0,-0.0006,-0.0039,8703.88,3,200.0,117.248,step
2026-09-01T13:13:12.883546+00:00,95.281,-0.0043,0.15,0.0,-0.0002,-0.0037,9213.11,3,200.0,117.27,step
2026-09-01T13:13:12.885095+00:00,95.512,-0.0041,0.15,0.0,0.0001,-0.0034,8758.38,3,200.0,117.292,step
2026-09-01T13:13:12.886561+00:00,95.447,-0.004,0.15,0.0,0.0005,-0.0031,8752.0,3,200.0,117.314,step
2026-09-01T13:13:12.888052+00:00,95.383,-0.0038,0.15,0.0,0.0008,-0.0029,8746.65,3,200.0,117.336,step
2026-09-01T13:13:12.889491+00:00,95.319,-0.0037,0.15,0.0,0.001,-0.0027,8740.5,3,200.0,117.358,step
2026-09-01T13:13:12.890963+00:00,95.254,-0.0036,0.15,0.0,0.0013,-0.0024,8736.38,3,200.0,117.38,step
2026-09-01T13:13:12.892453+00:00,95.19,-0.0034,0.15,0.0,0.0015,-0.0022,8731.43,3,200.0,117.402,step
2026-09-01T13:13:12.893996+00:00,95.126,-0.0033,0.15,0.0,0.0017,-0.002,8726.31,3,200.0,117.424,step
2026-09-01T13:13:12.895519+00:00,95.063,-0.0031,0.15,0.0,0.0019,-0.0018,8720.54,3,200.0,117.446,step
2026-09-01T13:13:12.896993+00:00,95.0,-0.003,0.15,0.0,0.0021,-0.0016,8714.82,3,200.0,117.468,step
2026-09-01T13:13:12.898449+00:00,94.937,-0.0028,0.8,0.0,0.0022,-0.0014,8708.79,3,200.0,117.49,step
2026-09-01T13:13:12.899963+00:00,95.33,-0.0027,0.15,0.0,0.0024,-0.0013,9222.48,3,200.0,117.512,step
2026-09-01T13:13:12.901431+00:00,95.563,-0.0025,0.15,0.0,0.0025,-0.0011,8763.53,3,200.0,117.534,step
2026-09-01T13:13:12.903105+00:00,95.498,-0.0024,0.15,0.0,0.0026,-0.0009,8756.87,3,200.0,117.556,step
2026-09-01T13:13:12.904622+00:00,95.432,-0.0022,0.15,0.0,0.0027,-0.0007,8752.14,3,200.0,117.578,step
2026-09-01T13:13:12.906181+00:00,95.367,-0.0021,0.15,0.0,0.0027,-0.0006,8747.32,3,200.0,117.6,step
2026-09-01T13:13:12.907623+00:00,95.303,-0.002,0.15,0.0,0.0028,-0.0005,8742.11,3,200.0,117.622,step
2026-09-01T13:13:12.909061+00:00,95.239,-0.0018,0.15,0.0,0.0028,-0.0004,8735.06,3,200.0,117.644,step
2026-09-01T13:13:12.910674+00:00,95.175,-0.0017,0.15,0.0,0.0029,-0.0002,8729.73,3,199.735,117.666,step
2026-09-01T13:13:12.912266+00:00,95.111,-0.0016,0.15,0.0,0.0029,-0.0001,8724.2,3,199.241,117.688,step
2026-09-01T13:13:12.913780+00:00,95.047,-0.0014,0.15,0.0,0.0029,0.0,8718.6,3,198.749,117.71,step
2026-09-01T13:13:12.915256+00:00,94.983,-0.0013,0.8,0.0,0.0029,0.0001,8712.82,3,198.239,117.732,step
2026-09-01T13:13:12.916707+00:00,95.378,-0.0012,0.15,0.0,0.0029,0.0002,9226.53,3,197.712,117.754,step
2026-09-01T13:13:12.918165+00:00,95.611,-0.0011,0.15,0.0,0.0028,0.0002,8767.93,3,197.179,117.776,step
2026-09-01T13:13:12.919712+00:00,95.545,-0.001,0.15,0.0,0.0028,0.0003,8761.29,3,196.644,117.798,step
2026-09-01T13:13:12.921259+00:00,95.479,-0.001,0.15,0.0,0.0028,0.0004,8756.67,3,196.108,117.82,step
2026-09-01T13:13:12.922851+00:00,95.412,-0.0008,0.15,0.0,0.0028,0.0004,8751.24,3,195.576,117.842,step
2026-09-01T13:13:12.924406+00:00,95.345,-0.0007,0.15,0.0,0.0027,0.0005,8745.33,3,195.044,117.864,step
2026-09-01T13:13:12.925958+00:00,95.278,-0.0014,0.15,0.0,0.0027,-0.0001,8739.49,3,194.512,117.886,step
2026-09-01T13:13:12.927611+00:00,95.211,-0.0028,0.15,0.0,0.0028,-0.0012,8733.47,3,193.979,117.908,step
2026-09-01T13:13:12.929205+00:00,95.145,-0.0042,0.15,0.0,0.0029,-0.0023,8724.59,3,193.483,117.93,step
2026-09-01T13:13:12.930781+00:00,95.079,-0.0056,0.15,0.0,0.0032,-0.0033,8715.42,3,193.035,117.952,step
2026-09-01T13:13:12.932326+00:00,95.01,-0.0069,0.15,0.0,0.0036,-0.0043,8710.34,3,192.642,117.974,step
2026-09-01T13:13:12.933884+00:00,94.941,-0.0082,0.15,0.0,0.004,-0.0051,8706.91,3,192.309,117.996,step
2026-09-01T13:13:12.935545+00:00,94.872,-0.0094,0.8,0.0,0.0045,-0.0059,8702.69,3,192.033,118.018,step
2026-09-01T13:13:12.937125+00:00,95.26,-0.0105,0.15,0.0,0.0051,-0.0066,9218.14,3,191.822,118.04,step
2026-09-01T13:13:12.938740+00:00,95.491,-0.0116,0.15,0.0,0.0058,-0.0072,8757.96,3,191.693,118.062,step
2026-09-01T13:13:12.940368+00:00,95.42,-0.0125,0.15,0.0,0.0065,-0.0077,8751.14,3,191.61,118.084,step
2026-09-01T13:13:12.942002+00:00,95.349,-0.0134,0.15,0.0,0.0073,-0.0082,8745.44,3,191.602,118.106,step
2026-09-01T13:13:12.943591+00:00,95.278,-0.0143,0.15,0.0,0.0081,-0.0085,8739.32,3,191.623,118.128,step
2026-09-01T13:13:12.945390+00:00,95.206,-0.0151,0.15,0.0,0.0089,-0.0089,8733.15,3,191.666,118.15,step
2026-09-01T13:13:12.946951+00:00,95.135,-0.016,0.15,0.0,0.0098,-0.0092,8726.93,3,191.737,118.172,step
2026-09-01T13:13:12.948563+00:00,95.067,-0.0168,0.15,0.0,0.0107,-0.0095,8713.67,3,191.828,118.194,step
2026-09-01T13:13:12.950198+00:00,94.994,-0.0176,0.15,0.0,0.0116,-0.0098,8707.51,3,191.932,118.216,step
2026-09-01T13:13:12.951786+00:00,94.92,-0.0184,0.15,0.0,0.0126,-0.01,8703.18,3,192.075,118.238,step
2026-09-01T13:13:12.953334+00:00,94.847,-0.019,0.15,0.0,0.0136,-0.0102,8699.48,3,192.264,118.26,step
2026-09-01T13:13:12.954884+00:00,94.775,-0.0197,0.15,0.0,0.0145,-0.0103,8694.65,3,192.505,118.282,step
2026-09-01T13:13:12.956490+00:00,94.704,-0.0202,0.8,0.0,0.0155,-0.0104,8689.08,3,192.811,118.304,step
2026-09-01T13:13:12.958111+00:00,95.08,-0.0206,0.15,0.0,0.0165,-0.0103,9208.51,3,193.19,118.326,step
2026-09-01T13:13:12.959768+00:00,95.311,-0.021,0.15,0.0,0.0175,-0.0102,8742.12,3,193.646,118.348,step
2026-09-01T13:13:12.961450+00:00,95.237,-0.0214,0.15,0.0,0.0185,-0.0101,8734.54,3,194.064,118.37,step
2026-09-01T13:13:12.963049+00:00,95.165,-0.0218,0.15,0.0,0.0195,-0.01,8728.69,3,194.481,118.392,step
2026-09-01T13:13:12.964599+00:00,95.092,-0.0222,0.15,0.0,0.0205,-0.0099,8723.11,3,194.934,118.414,step
2026-09-01T13:13:12.966171+00:00,95.02,-0.0225,0.15,0.0,0.0215,-0.0098,8716.79,3,195.426,118.436,step
2026-09-01T13:13:12.967686+00:00,94.949,-0.0228,0.15,0.0,0.0224,-0.0096,8710.28,3,195.942,118.458,step
2026-09-01T13:13:12.969275+00:00,94.877,-0.023,0.15,0.0,0.0234,-0.0094,8703.74,3,196.493,118.48,step
2026-09-01T13:13:12.970806+00:00,94.806,-0.0232,0.15,0.0,0.0243,-0.0092,8697.22,3,197.077,118.502,step
2026-09-01T13:13:12.972333+00:00,94.735,-0.0234,0.15,0.0,0.0252,-0.009,8690.71,3,197.677,118.524,step
2026-09-01T13:13:12.973847+00:00,94.664,-0.0235,0.8,0.0,0.0261,-0.0087,8684.07,3,198.29,118.546,step
2026-09-01T13:13:12.975382+00:00,95.045,-0.0236,0.15,0.0,0.0269,-0.0084,9191.74,3,198.966,118.568,step
2026-09-01T13:13:12.976932+00:00,95.269,-0.0236,0.15,0.0,0.0278,-0.0081,8736.9,3,199.692,118.59,step
2026-09-01T13:13:12.978541+00:00,95.197,-0.0238,0.15,0.0,0.0286,-0.0079,8729.97,3,200.0,118.612,step
2026-09-01T13:13:12.980091+00:00,95.127,-0.0241,0.15,0.0,0.0294,-0.0078,8725.59,3,200.0,118.634,step
2026-09-01T13:13:12.981615+00:00,95.058,-0.0243,0.15,0.0,0.0302,-0.0077,8720.48,3,200.0,118.656,step
2026-09-01T13:13:12.983168+00:00,94.99,-0.0244,0.15,0.0,0.0309,-0.0075,8714.65,3,200.0,118.678,step
2026-09-01T13:13:12.984663+00:00,94.914,-0.0244,0.15,0.0,0.0316,-0.0072,8721.44,3,135.88,118.7,step
2026-09-01T13:13:12.986306+00:00,94.852,-0.0243,0.15,0.0,0.0324,-0.0068,8710.73,3,132.078,118.722,step
2026-09-01T13:13:12.987788+00:00,94.789,-0.0241,0.15,0.0,0.0331,-0.0063,8699.72,3,128.693,118.744,step
2026-09-01T13:13:12.989290+00:00,94.724,-0.024,0.15,0.0,0.0337,-0.0059,8691.04,3,125.495,118.766,step
2026-09-01T13:13:12.990747+00:00,94.658,-0.0239,0.8,0.0,0.0343,-0.0056,8682.83,3,122.479,118.788,step
2026-09-01T13:13:12.992224+00:00,95.053,-0.0237,0.0,0.15,0.0349,-0.0052,9173.01,3,119.567,118.81,step
2026-09-01T13:13:12.993815+00:00,94.821,-0.0236,0.0,0.15,0.0354,-0.0049,8561.49,3,116.716,118.832,step
2026-09-01T13:13:12.995395+00:00,94.177,-0.0235,0.0,0.15,0.0359,-0.0046,8492.59,3,114.141,118.854,step
2026-09-01T13:13:12.997000+00:00,93.493,-0.0236,0.0,0.15,0.0365,-0.0045,8420.95,3,111.793,118.876,step
2026-09-01T13:13:12.998556+00:00,92.772,-0.0237,0.0,0.15,0.037,-0.0043,8349.32,3,109.495,118.898,step
2026-09-01T13:13:13.000068+00:00,92.047,-0.0235,0.0,0.15,0.0375,-0.004,8281.8,3,107.106,118.92,step
2026-09-01T13:13:13.001531+00:00,91.34,-0.0232,0.15,0.0,0.0379,-0.0035,8220.23,3,104.606,118.942,step
2026-09-01T13:13:13.003134+00:00,91.057,-0.0225,0.15,0.0,0.0383,-0.0028,8402.11,3,101.908,118.964,step
2026-09-01T13:13:13.004659+00:00,91.02,-0.0216,0.15,0.0,0.0387,-0.0019,8377.17,3,99.1336,118.986,step
2026-09-01T13:13:13.006065+00:00,90.981,-0.021,0.15,0.0,0.0391,-0.0012,8355.61,3,96.7156,119.008,step
2026-09-01T13:13:13.007470+00:00,90.935,-0.0207,0.15,0.0,0.0394,-0.0008,8343.03,3,94.6479,119.03,step
2026-09-01T13:13:13.008897+00:00,90.886,-0.0206,0.15,0.0,0.0396,-0.0007,8334.55,3,92.8337,119.052,step
2026-09-01T13:13:13.010309+00:00,90.834,-0.0206,0.15,0.0,0.0397,-0.0006,8328.64,3,91.1629,119.074,step
2026-09-01T13:13:13.011887+00:00,90.782,-0.0206,0.15,0.0,0.0398,-0.0006,8324.37,3,89.5568,119.096,step
2026-09-01T13:13:13.013361+00:00,90.733,-0.0208,0.15,0.0,0.0399,-0.0007,8322.58,3,88.1046,119.118,step
2026-09-01T13:13:13.014801+00:00,90.689,-0.0212,0.15,0.0,0.04,-0.0011,8321.82,3,86.8712,119.14,step
2026-09-01T13:13:13.016249+00:00,90.648,-0.0211,0.15,0.0,0.0401,-0.0009,8319.71,3,85.6812,119.162,step
2026-09-01T13:13:13.017655+00:00,90.609,-0.0186,0.15,0.0,0.0401,0.0012,8316.31,3,84.3778,119.184,step
2026-09-01T13:13:13.019121+00:00,90.57,-0.0159,0.15,0.0,0.0399,0.0034,8311.61,3,82.9924,119.206,step
2026-09-01T13:13:13.020528+00:00,90.476,-0.0129,0.15,0.0,0.0395,0.0057,8399.17,3,81.5472,119.228,step
2026-09-01T13:13:13.021924+00:00,90.45,-0.0096,0.15,0.0,0.0389,0.0082,8380.18,3,79.9754,119.25,step
2026-09-01T13:13:13.023295+00:00,90.459,-0.0065,0.15,0.0,0.0382,0.0105,8315.47,3,78.6215,119.272,step
2026-09-01T13:13:13.024655+00:00,90.431,-0.0038,0.15,0.0,0.0373,0.0124,8299.28,3,77.5431,119.294,step
2026-09-01T13:13:13.026036+00:00,90.397,-0.0013,0.15,0.0,0.0362,0.014,8290.37,3,76.6884,119.316,step
2026-09-01T13:13:13.027524+00:00,90.361,0.0009,0.15,0.0,0.0349,0.0153,8284.71,3,76.0015,119.338,step
2026-09-01T13:13:13.028994+00:00,90.322,0.0031,0.15,0.0,0.0335,0.0165,8281.09,3,75.4308,119.36,step
2026-09-01T13:13:13.030408+00:00,90.283,0.0051,0.15,0.0,0.032,0.0176,8278.82,3,74.9452,119.382,step
2026-09-01T13:13:13.031830+00:00,90.248,0.0071,0.15,0.0,0.0303,0.0185,8279.1,3,74.5127,119.404,step
2026-09-01T13:13:13.033281+00:00,90.218,0.0091,0.15,0.0,0.0286,0.0195,8279.18,3,74.1092,119.426,step
2026-09-01T13:13:13.034681+00:00,90.191,0.011,0.15,0.0,0.0267,0.0203,8278.11,3,73.748,119.448,step
2026-09-01T13:13:13.036231+00:00,90.166,0.0128,0.15,0.0,0.0249,0.021,8275.41,3,73.4813,119.47,step
2026-09-01T13:13:13.037638+00:00,90.141,0.0144,0.15,0.0,0.023,0.0216,8271.91,3,73.3371,119.492,step
2026-09-01T13:13:13.039064+00:00,90.06,0.0158,0.15,0.0,0.021,0.0219,8360.84,3,73.3428,119.514,step
2026-09-01T13:13:13.040434+00:00,90.055,0.0168,0.15,0.0,0.0189,0.0219,8332.65,3,73.5997,119.536,step
2026-09-01T13:13:13.041800+00:00,90.07,0.0177,0.15,0.0,0.0169,0.0218,8278.46,3,73.8986,119.558,step
2026-09-01T13:13:13.043155+00:00,90.054,0.0187,0.15,0.0,0.0148,0.0218,8264.56,3,74.1717,119.58,step
2026-09-01T13:13:13.044608+00:00,90.033,0.0197,0.15,0.0,0.0128,0.0218,8257.02,3,74.4249,119.602,step
2026-09-01T13:13:13.046006+00:00,90.009,0.0208,0.15,0.0,0.0108,0.0218,8252.57,3,74.6818,119.624,step
2026-09-01T13:13:13.047381+00:00,89.984,0.0218,0.15,0.0,0.0088,0.0218,8250.13,3,74.9693,119.646,step
2026-09-01T13:13:13.048755+00:00,89.957,0.0227,0.15,0.0,0.0068,0.0218,8249.01,3,75.3141,119.668,step
2026-09-01T13:13:13.050152+00:00,89.934,0.0236,0.15,0.0,0.0049,0.0217,8249.9,3,75.6529,119.69,step
2026-09-01T13:13:13.051563+00:00,89.915,0.0247,0.15,0.0,0.0029,0.0218,8250.58,3,75.9484,119.712,step
2026-09-01T13:13:13.053078+00:00,89.897,0.0257,0.15,0.0,0.0009,0.0218,8250.2,3,76.2824,119.734,step
2026-09-01T13:13:13.054492+00:00,89.882,0.0265,0.15,0.0,-0.0011,0.0217,8248.64,3,76.7424,119.756,step
2026-09-01T13:13:13.055938+00:00,89.866,0.0272,0.15,0.0,-0.003,0.0214,8246.21,3,77.3717,119.778,step
2026-09-01T13:13:13.057369+00:00,89.824,0.0275,0.15,0.0,-0.005,0.0208,8289.59,3,78.2266,119.8,step
2026-09-01T13:13:13.058824+00:00,89.825,0.0274,0.15,0.0,-0.0069,0.02,8268.71,3,79.3924,119.822,step
2026-09-01T13:13:13.060227+00:00,89.824,0.0274,0.15,0.0,-0.0087,0.0192,8250.1,3,80.5786,119.844,step
2026-09-01T13:13:13.061616+00:00,89.814,0.0275,0.15,0.0,-0.0105,0.0185,8242.01,3,81.7237,119.866,step
2026-09-01T13:13:13.062980+00:00,89.802,0.0276,0.15,0.0,-0.0123,0.0179,8236.76,3,82.8168,119.888,step
2026-09-01T13:13:13.064367+00:00,89.787,0.0279,0.15,0.0,-0.0139,0.0174,8233.57,3,83.91,119.91,step
2026-09-01T13:13:13.065761+00:00,89.771,0.0281,0.15,0.0,-0.0155,0.0169,8231.93,3,85.0381,119.932,step
2026-09-01T13:13:13.067208+00:00,89.755,0.0282,0.15,0.0,-0.017,0.0164,8231.25,3,86.2212,119.954,step
2026-09-01T13:13:13.068658+00:00,89.741,0.0284,0.15,0.0,-0.0185,0.016,8232.04,3,87.4078,119.976,step
2026-09-01T13:13:13.070295+00:00,89.729,0.0287,0.15,0.0,-0.0199,0.0156,8232.72,3,88.5578,119.998,step
2026-09-01T13:13:13.071739+00:00,89.719,0.029,0.15,0.0,-0.0214,0.0153,8232.64,3,89.7765,120.02,step
2026-09-01T13:13:13.073174+00:00,89.709,0.0292,0.15,0.0,-0.0227,0.0148,8231.8,3,91.148,120.042,step
2026-09-01T13:13:13.074596+00:00,89.7,0.0292,0.15,0.0,-0.024,0.0143,8230.38,3,92.7058,120.064,step
2026-09-01T13:13:13.076043+00:00,89.678,0.0291,0.15,0.0,-0.0253,0.0137,8251.35,3,94.5075,120.086,step
2026-09-01T13:13:13.077604+00:00,89.679,0.0287,0.15,0.0,-0.0266,0.0129,8240.81,3,96.6636,120.108,step
2026-09-01T13:13:13.079065+00:00,89.676,0.0283,0.15,0.0,-0.0278,0.012,8232.97,3,99.0123,120.13,step
2026-09-01T13:13:13.080459+00:00,89.671,0.028,0.8,0.0,-0.0289,0.0113,8228.27,3,163.103,120.152,step
2026-09-01T13:13:13.081843+00:00,90.111,0.0278,0.8,0.0,-0.0299,0.0107,8688.32,3,161.328,120.174,step
2026-09-01T13:13:13.083262+00:00,90.817,0.0274,0.8,0.0,-0.031,0.01,8760.33,3,159.53,120.196,step
2026-09-01T13:13:13.084662+00:00,91.554,0.0271,0.8,0.0,-0.0319,0.0093,8792.69,3,157.782,120.218,step
2026-09-01T13:13:13.086209+00:00,92.281,0.0269,0.8,0.0,-0.0328,0.0088,8843.91,3,156.118,120.24,step
2026-09-01T13:13:13.087943+00:00,92.999,0.0269,0.8,0.0,-0.0337,0.0083,8920.21,3,154.533,120.262,step
2026-09-01T13:13:13.089495+00:00,93.708,0.0269,0.8,0.0,-0.0346,0.008,9020.6,3,153.005,120.284,step
2026-09-01T13:13:13.090926+00:00,94.419,0.0268,0.8,0.0,-0.0354,0.0076,9130.43,3,151.468,120.306,step
2026-09-01T13:13:13.092376+00:00,95.146,0.0267,0.15,0.0,-0.0362,0.0071,9230.73,3,149.88,120.328,step
2026-09-01T13:13:13.093904+00:00,95.442,0.0265,0.15,0.0,-0.037,0.0066,8751.75,3,148.296,120.35,step
2026-09-01T13:13:13.095458+00:00,95.418,0.0263,0.15,0.0,-0.0377,0.0062,8759.26,3,146.753,120.372,step
2026-09-01T13:13:13.096926+00:00,95.404,0.026,0.15,0.0,-0.0384,0.0057,8755.75,3,145.182,120.394,step
2026-09-01T13:13:13.098370+00:00,95.39,0.0257,0.15,0.0,-0.039,0.0051,8751.67,3,143.616,120.416,step
2026-09-01T13:13:13.099782+00:00,95.374,0.0253,0.15,0.0,-0.0395,0.0046,8748.62,3,142.074,120.438,step
2026-09-01T13:13:13.101221+00:00,95.358,0.025,0.15,0.0,-0.04,0.0041,8746.05,3,140.574,120.46,step
2026-09-01T13:13:13.102733+00:00,95.342,0.0247,0.15,0.0,-0.0404,0.0037,8743.71,3,139.119,120.482,step
2026-09-01T13:13:13.104189+00:00,95.326,0.0244,0.15,0.0,-0.0408,0.0033,8741.74,3,137.697,120.504,step
2026-09-01T13:13:13.105645+00:00,95.309,0.0241,0.15,0.0,-0.0412,0.0029,8740.17,3,136.311,120.526,step
2026-09-01T13:13:13.107154+00:00,95.292,0.0239,0.15,0.0,-0.0415,0.0026,8738.84,3,134.956,120.548,step
2026-09-01T13:13:13.108676+00:00,95.275,0.0237,0.15,0.0,-0.0418,0.0023,8737.69,3,133.619,120.57,step
2026-09-01T13:13:13.110147+00:00,95.259,0.0234,0.15,0.0,-0.042,0.002,8736.44,3,132.295,120.592,step
2026-09-01T13:13:13.111813+00:00,95.242,0.0232,0.15,0.0,-0.0422,0.0017,8735.12,3,130.996,120.614,step
2026-09-01T13:13:13.113264+00:00,95.226,0.023,0.15,0.0,-0.0424,0.0015,8733.18,3,129.721,120.636,step
2026-09-01T13:13:13.114706+00:00,95.21,0.0228,0.15,0.0,-0.0426,0.0013,8731.74,3,128.464,120.658,step
2026-09-01T13:13:13.116145+00:00,95.193,0.0226,0.15,0.0,-0.0427,0.001,8730.44,3,127.22,120.68,step
2026-09-01T13:13:13.117549+00:00,95.177,0.0224,0.15,0.0,-0.0428,0.0008,8729.02,3,125.986,120.702,step
2026-09-01T13:13:13.119055+00:00,95.161,0.0222,0.15,0.0,-0.0429,0.0006,8727.59,3,124.771,120.724,step
2026-09-01T13:13:13.120482+00:00,95.145,0.022,0.15,0.0,-0.043,0.0004,8726.12,3,123.577,120.746,step
2026-09-01T13:13:13.121923+00:00,95.129,0.0218,0.15,0.0,-0.043,0.0002,8724.69,3,122.395,120.768,step
2026-09-01T13:13:13.123389+00:00,95.112,0.0216,0.15,0.0,-0.0431,0.0001,8723.22,3,121.224,120.79,step
2026-09-01T13:13:13.124865+00:00,95.094,0.0213,0.15,0.0,-0.0431,-0.0002,8721.33,3,120.038,120.812,step
2026-09-01T13:13:13.126333+00:00,95.076,0.021,0.0,0.15,-0.0431,-0.0004,8719.32,3,118.863,120.834,step
2026-09-01T13:13:13.127931+00:00,94.607,0.0208,0.0,0.15,-0.043,-0.0006,8532.56,3,117.699,120.856,step
2026-09-01T13:13:13.129412+00:00,93.951,0.0204,0.0,0.15,-0.043,-0.0009,8468.22,3,116.526,120.878,step
2026-09-01T13:13:13.130846+00:00,93.296,0.02,0.0,0.15,-0.043,-0.0012,8406.97,3,115.362,120.9,step
2026-09-01T13:13:13.132233+00:00,92.629,0.0196,0.0,0.15,-0.0429,-0.0015,8361.09,3,114.231,120.922,step
2026-09-01T13:13:13.133657+00:00,91.977,0.0193,0.15,0.0,-0.0428,-0.0017,8298.3,3,113.131,120.944,step
2026-09-01T13:13:13.134997+00:00,91.774,0.0191,0.15,0.0,-0.0427,-0.0019,8420.38,3,112.061,120.966,step
2026-09-01T13:13:13.136478+00:00,91.761,0.0189,0.15,0.0,-0.0426,-0.002,8418.27,3,111.035,120.988,step
2026-09-01T13:13:13.137874+00:00,91.748,0.0188,0.15,0.0,-0.0424,-0.002,8416.51,3,110.037,121.01,step
2026-09-01T13:13:13.139298+00:00,91.736,0.0187,0.15,0.0,-0.0422,-0.002,8415.14,3,109.059,121.032,step
2026-09-01T13:13:13.140697+00:00,91.723,0.0187,0.15,0.0,-0.0421,-0.002,8413.86,3,108.097,121.054,step
2026-09-01T13:13:13.142099+00:00,91.71,0.0187,0.15,0.0,-0.0419,-0.0019,8412.67,3,107.142,121.076,step
2026-09-01T13:13:13.143522+00:00,91.697,0.0186,0.15,0.0,-0.0417,-0.0019,8411.36,3,106.186,121.098,step
2026-09-01T13:13:13.145049+00:00,91.684,0.0186,0.15,0.0,-0.0416,-0.0018,8410.05,3,105.232,121.12,step
2026-09-01T13:13:13.146411+00:00,91.67,0.0175,0.15,0.0,-0.0414,-0.0026,8408.82,3,104.282,121.142,step
2026-09-01T13:13:13.147790+00:00,91.656,0.0161,0.15,0.0,-0.0411,-0.0037,8407.58,3,103.346,121.164,step
2026-09-01T13:13:13.149099+00:00,91.643,0.0146,0.15,0.0,-0.0407,-0.0048,8405.07,3,102.442,121.186,step
2026-09-01T13:13:13.150426+00:00,91.629,0.0132,0.15,0.0,-0.0402,-0.0057,8402.84,3,101.574,121.208,step
2026-09-01T13:13:13.151768+00:00,91.615,0.012,0.15,0.0,-0.0396,-0.0065,8401.99,3,100.745,121.23,step
2026-09-01T13:13:13.153080+00:00,91.6,0.0107,0.15,0.0,-0.039,-0.0073,8401.8,3,99.9459,121.252,step
2026-09-01T13:13:13.154374+00:00,91.586,0.0096,0.15,0.0,-0.0383,-0.008,8401.29,3,99.1668,121.274,step
2026-09-01T13:13:13.155675+00:00,91.572,0.0084,0.15,0.0,-0.0375,-0.0086,8400.32,3,98.4059,121.296,step
2026-09-01T13:13:13.156948+00:00,91.559,0.0073,0.15,0.0,-0.0366,-0.0092,8399.2,3,97.6717,121.318,step
2026-09-01T13:13:13.158245+00:00,91.545,0.0063,0.15,0.0,-0.0358,-0.0097,8398.02,3,96.9657,121.34,step
2026-09-01T13:13:13.159529+00:00,91.532,0.0054,0.15,0.0,-0.0349,-0.0101,8396.75,3,96.2825,121.362,step
2026-09-01T13:13:13.160886+00:00,91.52,0.0045,0.15,0.0,-0.034,-0.0104,8395.74,3,95.6212,121.384,step
2026-09-01T13:13:13.162302+00:00,91.509,0.0037,0.15,0.0,-0.033,-0.0107,8394.66,3,94.9723,121.406,step
2026-09-01T13:13:13.163571+00:00,91.497,0.0028,0.15,0.0,-0.032,-0.011,8393.56,3,94.3348,121.428,step
2026-09-01T13:13:13.164843+00:00,91.486,0.0021,0.15,0.0,-0.0309,-0.0112,8392.44,3,93.713,121.45,step
2026-09-01T13:13:13.166101+00:00,91.472,0.0013,0.15,0.0,-0.0299,-0.0113,8396.63,3,93.1071,121.472,step
2026-09-01T13:13:13.167372+00:00,91.463,0.0007,0.15,0.0,-0.0288,-0.0114,8394.78,3,92.5146,121.494,step
2026-09-01T13:13:13.168720+00:00,91.454,0.0,0.15,0.0,-0.0277,-0.0115,8391.49,3,91.9331,121.516,step
2026-09-01T13:13:13.170042+00:00,91.444,-0.0006,0.15,0.0,-0.0266,-0.0116,8389.18,3,91.3611,121.538,step
2026-09-01T13:13:13.171320+00:00,91.434,-0.0011,0.15,0.0,-0.0256,-0.0116,8387.14,3,90.8043,121.56,step
2026-09-01T13:13:13.172598+00:00,91.423,-0.0016,0.15,0.0,-0.0245,-0.0115,8385.5,3,90.2584,121.582,step
2026-09-01T13:13:13.173883+00:00,91.412,-0.002,0.15,0.0,-0.0234,-0.0114,8384.33,3,89.7222,121.604,step
2026-09-01T13:13:13.175183+00:00,91.401,-0.0024,0.15,0.0,-0.0223,-0.0113,8383.46,3,89.1949,121.626,step
2026-09-01T13:13:13.176451+00:00,91.39,-0.0028,0.15,0.0,-0.0213,-0.0112,8382.94,3,88.6693,121.648,step
2026-09-01T13:13:13.177862+00:00,91.38,-0.0032,0.15,0.0,-0.0203,-0.0111,8382.54,3,88.1495,121.67,step
2026-09-01T13:13:13.179164+00:00,91.37,-0.0035,0.15,0.0,-0.0192,-0.0109,8381.95,3,87.6359,121.692,step
2026-09-01T13:13:13.180417+00:00,91.361,-0.0038,0.15,0.0,-0.0182,-0.0107,8381.08,3,87.1242,121.714,step
2026-09-01T13:13:13.181677+00:00,91.352,-0.0041,0.15,0.0,-0.0172,-0.0105,8380.1,3,86.6198,121.736,step
2026-09-01T13:13:13.182964+00:00,91.34,-0.0043,0.15,0.0,-0.0162,-0.0103,8383.14,3,86.1225,121.758,step
2026-09-01T13:13:13.184207+00:00,91.333,-0.0044,0.15,0.0,-0.0153,-0.0101,8381.05,3,85.6298,121.78,step
2026-09-01T13:13:13.185510+00:00,91.325,-0.0046,0.15,0.0,-0.0144,-0.0098,8378.86,3,85.1353,121.802,step
2026-09-01T13:13:13.186803+00:00,91.317,-0.0047,0.15,0.0,-0.0135,-0.0096,8377.17,3,84.6456,121.824,step
2026-09-01T13:13:13.188057+00:00,91.308,-0.0049,0.15,0.0,-0.0126,-0.0093,8375.64,3,84.1612,121.846,step
2026-09-01T13:13:13.189334+00:00,91.299,-0.0049,0.15,0.0,-0.0118,-0.009,8374.41,3,83.6793,121.868,step
2026-09-01T13:13:13.190570+00:00,91.29,-0.005,0.15,0.0,-0.011,-0.0087,8373.45,3,83.1978,121.89,step
2026-09-01T13:13:13.191862+00:00,91.281,-0.0051,0.15,0.0,-0.0102,-0.0084,8372.69,3,82.7159,121.912,step
2026-09-01T13:13:13.193135+00:00,91.272,-0.0051,0.15,0.0,-0.0094,-0.0082,8372.18,3,82.2331,121.934,step
2026-09-01T13:13:13.194564+00:00,91.263,-0.0051,0.15,0.0,-0.0086,-0.0079,8371.77,3,81.75,121.956,step
2026-09-01T13:13:13.195893+00:00,91.254,-0.0051,0.15,0.0,-0.008,-0.0076,8371.13,3,81.2672,121.978,step
2026-09-01T13:13:13.197159+00:00,91.246,-0.0051,0.15,0.0,-0.0073,-0.0073,8370.4,3,80.7838,122.0,step
2026-09-01T13:13:13.198439+00:00,91.238,-0.0051,0.15,0.0,-0.0066,-0.007,8369.6,3,80.2997,122.022,step
2026-09-01T13:13:13.199696+00:00,91.229,-0.0051,0.15,0.0,-0.0059,-0.0067,8370.79,3,79.8158,122.044,step
2026-09-01T13:13:13.200954+00:00,91.222,-0.005,0.15,0.0,-0.0054,-0.0064,8369.3,3,79.3339,122.066,step
2026-09-01T13:13:13.202259+00:00,91.214,-0.005,0.15,0.0,-0.0048,-0.0061,8367.92,3,78.851,122.088,step
2026-09-01T13:13:13.203539+00:00,91.206,-0.0049,0.15,0.0,-0.0042,-0.0058,8366.75,3,78.367,122.11,step
2026-09-01T13:13:13.204802+00:00,91.198,-0.0048,0.15,0.0,-0.0037,-0.0056,8365.67,3,77.8817,122.132,step
2026-09-01T13:13:13.206092+00:00,91.191,-0.0047,0.15,0.0,-0.0032,-0.0053,8364.75,3,77.3972,122.154,step
2026-09-01T13:13:13.207370+00:00,91.183,-0.0046,0.15,0.0,-0.0027,-0.005,8363.95,3,76.9119,122.176,step
2026-09-01T13:13:13.208669+00:00,91.174,-0.0045,0.15,0.0,-0.0023,-0.0047,8363.26,3,76.4258,122.198,step
2026-09-01T13:13:13.209955+00:00,91.166,-0.0044,0.15,0.0,-0.0018,-0.0044,8362.67,3,75.933,122.22,step
2026-09-01T13:13:13.211360+00:00,91.158,-0.0043,0.15,0.0,-0.0014,-0.0042,8362.05,3,75.4336,122.242,step
2026-09-01T13:13:13.212675+00:00,91.15,-0.0042,0.15,0.0,-0.0011,-0.004,8361.44,3,74.9325,122.264,step
2026-09-01T13:13:13.213953+00:00,91.142,-0.0041,0.15,0.0,-0.0007,-0.0037,8360.7,3,74.4301,122.286,step
2026-09-01T13:13:13.215256+00:00,91.134,-0.004,0.15,0.0,-0.0004,-0.0035,8359.9,3,73.9268,122.308,step
2026-09-01T13:13:13.216556+00:00,91.126,-0.0039,0.15,0.0,-0.0001,-0.0033,8359.26,3,73.4229,122.33,step
2026-09-01T13:13:13.217827+00:00,91.118,-0.0038,0.15,0.0,0.0002,-0.0031,8358.53,3,72.9187,122.352,step
2026-09-01T13:13:13.219223+00:00,91.111,-0.0036,0.15,0.0,0.0005,-0.0028,8357.85,3,72.4156,122.374,step
2026-09-01T13:13:13.220466+00:00,91.103,-0.0035,0.15,0.0,0.0007,-0.0026,8357.15,3,71.9115,122.396,step
2026-09-01T13:13:13.221731+00:00,91.095,-0.0034,0.15,0.0,0.0009,-0.0024,8356.3,3,71.4009,122.418,step
2026-09-01T13:13:13.222998+00:00,91.087,-0.0033,0.15,0.0,0.0012,-0.0022,8355.59,3,70.8855,122.44,step
2026-09-01T13:13:13.224255+00:00,91.079,-0.0032,0.15,0.0,0.0014,-0.0021,8354.9,3,70.3685,122.462,step
2026-09-01T13:13:13.225563+00:00,91.072,-0.0031,0.15,0.0,0.0016,-0.0019,8354.17,3,69.8515,122.484,step
2026-09-01T13:13:13.226889+00:00,91.064,-0.0029,0.15,0.0,0.0018,-0.0017,8353.46,3,69.3358,122.506,step
2026-09-01T13:13:13.228186+00:00,91.055,-0.0028,0.15,0.0,0.0019,-0.0015,8352.61,3,68.8194,122.528,step
2026-09-01T13:13:13.229478+00:00,91.047,-0.0026,0.15,0.0,0.002,-0.0013,8351.8,3,68.3026,122.55,step
2026-09-01T13:13:13.230748+00:00,91.039,-0.0025,0.15,0.0,0.0021,-0.0012,8351.06,3,67.7853,122.572,step
2026-09-01T13:13:13.232043+00:00,91.03,-0.0023,0.15,0.0,0.0022,-0.001,8350.3,3,67.2624,122.594,step
2026-09-01T13:13:13.233376+00:00,91.023,-0.0022,0.15,0.0,0.0024,-0.0009,8348.38,3,66.7334,122.616,step
2026-09-01T13:13:13.234686+00:00,91.014,-0.0021,0.15,0.0,0.0024,-0.0008,8347.68,3,66.2036,122.638,step
2026-09-01T13:13:13.236058+00:00,91.005,-0.002,0.15,0.0,0.0024,-0.0007,8347.37,3,65.6731,122.66,step
2026-09-01T13:13:13.237397+00:00,90.996,-0.0019,0.15,0.0,0.0024,-0.0005,8347.19,3,65.1424,122.682,step
2026-09-01T13:13:13.238647+00:00,90.988,-0.0017,0.15,0.0,0.0025,-0.0004,8346.58,3,64.6115,122.704,step
2026-09-01T13:13:13.239946+00:00,90.979,-0.0016,0.15,0.0,0.0025,-0.0003,8345.96,3,64.08,122.726,step
2026-09-01T13:13:13.241198+00:00,90.971,-0.0015,0.15,0.0,0.0025,-0.0002,8345.17,3,63.5485,122.748,step
2026-09-01T13:13:13.242522+00:00,90.963,-0.0014,0.15,0.0,0.0025,-0.0001,8344.41,3,63.0116,122.77,step
2026-09-01T13:13:13.243917+00:00,90.954,-0.0013,0.15,0.0,0.0026,-0.0,8343.45,3,62.4702,122.792,step
2026-09-01T13:13:13.245191+00:00,90.945,-0.0012,0.15,0.0,0.0026,0.0001,8342.47,3,61.9279,122.814,step
2026-09-01T13:13:13.246478+00:00,90.935,-0.0012,0.15,0.0,0.0026,0.0001,8341.54,3,61.3865,122.836,step
2026-09-01T13:13:13.247787+00:00,90.926,-0.0011,0.15,0.0,0.0026,0.0002,8340.65,3,60.8449,122.858,step
2026-09-01T13:13:13.249033+00:00,90.916,-0.001,0.15,0.0,0.0025,0.0003,8339.82,3,60.3027,122.88,step
2026-09-01T13:13:13.250323+00:00,90.908,-0.0009,0.15,0.0,0.0025,0.0003,8336.57,3,59.7599,122.902,step
2026-09-01T13:13:13.251586+00:00,90.897,-0.0008,0.15,0.0,0.0025,0.0004,8335.79,3,59.2168,122.924,step
2026-09-01T13:13:13.252936+00:00,90.887,-0.0007,0.0,0.15,0.0024,0.0004,8335.84,3,58.6735,122.946,step
2026-09-01T13:13:13.254216+00:00,90.434,-0.0006,0.0,0.15,0.0024,0.0005,8158.51,3,58.1334,122.968,step
2026-09-01T13:13:13.255562+00:00,89.792,-0.0004,0.0,0.15,0.0023,0.0006,8094.96,3,57.6035,122.99,step
2026-09-01T13:13:13.256881+00:00,89.15,-0.0003,0.0,0.15,0.0023,0.0007,8033.96,3,57.0763,123.012,step
2026-09-01T13:13:13.258243+00:00,88.512,-0.0001,0.0,0.15,0.0022,0.0008,7975.85,3,56.5495,123.034,step
2026-09-01T13:13:13.259539+00:00,87.875,-0.0,0.0,0.15,0.0022,0.0009,7919.54,3,56.0244,123.056,step
2026-09-01T13:13:13.261023+00:00,87.231,0.0001,0.0,0.15,0.0021,0.001,7863.41,3,55.5022,123.078,step
2026-09-01T13:13:13.262316+00:00,86.6,0.0002,0.0,0.15,0.002,0.001,7808.36,3,54.9833,123.1,step
2026-09-01T13:13:13.263638+00:00,85.972,0.0003,0.0,0.15,0.002,0.0011,7752.83,3,54.468,123.122,step
2026-09-01T13:13:13.265009+00:00,85.346,0.0005,0.0,0.15,0.0019,0.0012,7697.17,3,53.9557,123.144,step
2026-09-01T13:13:13.266359+00:00,84.722,0.0006,0.0,0.15,0.0018,0.0012,7641.15,3,53.4466,123.166,step
2026-09-01T13:13:13.267656+00:00,84.097,0.0007,0.0,0.15,0.0017,0.0013,7590.46,3,52.9366,123.188,step
2026-09-01T13:13:13.269046+00:00,83.473,0.0007,0.0,0.15,0.0016,0.0013,7536.83,3,52.4258,123.21,step
2026-09-01T13:13:13.270464+00:00,82.853,0.0008,0.0,0.15,0.0015,0.0013,7478.96,3,51.9167,123.232,step
2026-09-01T13:13:13.271749+00:00,82.236,0.0008,0.0,0.15,0.0014,0.0013,7419.92,3,51.4109,123.254,step
2026-09-01T13:13:13.273070+00:00,81.62,0.0008,0.0,0.15,0.0013,0.0012,7362.41,3,50.9081,123.276,step
2026-09-01T13:13:13.274328+00:00,81.006,0.0009,0.0,0.15,0.0012,0.0012,7306.4,3,50.4092,123.298,step
2026-09-01T13:13:13.275628+00:00,80.394,0.0009,0.0,0.15,0.0012,0.0012,7251.39,3,49.9138,123.32,step
2026-09-01T13:13:13.276910+00:00,79.784,0.0009,0.0,0.15,0.0011,0.0012,7197.0,2,49.4217,123.342,step
2026-09-01T13:13:13.278484+00:00,79.196,0.0009,0.0,0.15,0.001,0.0012,9044.61,2,48.9322,123.364,step
2026-09-01T13:13:13.279811+00:00,78.612,0.0009,0.0,0.15,0.0009,0.0011,9021.06,2,48.4429,123.386,step
2026-09-01T13:13:13.281161+00:00,77.997,0.0009,0.0,0.15,0.0008,0.0011,8834.61,2,47.9536,123.408,step
2026-09-01T13:13:13.282456+00:00,77.328,0.0007,0.0,0.15,0.0008,0.0009,8758.57,2,47.4592,123.43,step
2026-09-01T13:13:13.283769+00:00,76.662,0.0006,0.0,0.15,0.0007,0.0008,8683.47,2,46.9651,123.452,step
2026-09-01T13:13:13.285117+00:00,76.0,0.0004,0.0,0.15,0.0006,0.0006,8608.71,2,46.4739,123.474,step
2026-09-01T13:13:13.286415+00:00,75.341,0.0003,0.0,0.15,0.0006,0.0005,8534.61,2,45.9904,123.496,step
2026-09-01T13:13:13.287699+00:00,74.676,0.0002,0.0,0.15,0.0005,0.0004,8474.56,2,45.5147,123.518,step
2026-09-01T13:13:13.288990+00:00,74.019,0.0001,0.0,0.15,0.0005,0.0003,8401.38,2,45.0455,123.54,step
2026-09-01T13:13:13.290310+00:00,73.368,-0.2,0.0,0.15,0.0005,0.0002,8324.2,2,44.582,123.562,step
2026-09-01T13:13:13.291627+00:00,72.732,-0.1972,0.0,0.15,0.0002,0.0024,8246.52,2,44.4667,123.584,step
2026-09-01T13:13:13.292907+00:00,72.046,0.0111,0.0,0.15,-0.0007,0.009,8163.79,2,45.0159,123.606,step
2026-09-01T13:13:13.294276+00:00,71.395,0.0191,0.0,0.15,-0.0019,0.0151,8088.46,2,45.5328,123.628,step
2026-09-01T13:13:13.295566+00:00,70.746,0.0218,0.0,0.15,-0.0031,0.0169,8019.45,2,45.3759,123.65,step
2026-09-01T13:13:13.296856+00:00,70.109,-0.1778,0.0,0.15,-0.0041,0.0168,7949.37,2,44.9279,123.672,step
2026-09-01T13:13:13.298168+00:00,69.487,-0.1752,0.0,0.15,-0.0054,0.0184,7880.32,2,44.761,123.694,step
2026-09-01T13:13:13.299508+00:00,68.819,0.0326,0.8,0.0,-0.0072,0.0242,7804.19,2,45.2562,123.716,step
2026-09-01T13:13:13.300824+00:00,69.072,0.0393,0.8,0.0,-0.0093,0.0288,8805.45,2,45.612,123.738,step
2026-09-01T13:13:13.302209+00:00,69.854,0.0405,0.0,0.15,-0.0112,0.0291,9249.62,2,45.2214,123.76,step
2026-09-01T13:13:13.303558+00:00,69.975,-0.1602,0.0,0.15,-0.013,0.0277,7957.88,2,44.5709,123.782,step
2026-09-01T13:13:13.304863+00:00,69.353,-0.1587,0.0,0.15,-0.0149,0.0282,7886.49,2,44.2107,123.804,step
2026-09-01T13:13:13.306198+00:00,68.69,-0.1525,0.0,0.15,-0.0173,0.0324,7799.82,2,44.4835,123.826,step
2026-09-01T13:13:13.307512+00:00,68.04,0.0564,0.8,0.0,-0.0202,0.0386,7715.84,2,45.1149,123.848,step
2026-09-01T13:13:13.308832+00:00,68.286,0.0632,0.8,0.0,-0.0233,0.0429,8715.9,2,45.452,123.87,step
2026-09-01T13:13:13.310131+00:00,69.112,-0.1359,0.0,0.15,-0.0261,0.0425,9041.22,2,44.9538,123.892,step
2026-09-01T13:13:13.311509+00:00,69.189,-0.1345,0.0,0.15,-0.029,0.0425,7876.69,2,44.5228,123.914,step
2026-09-01T13:13:13.312811+00:00,68.524,-0.1288,0.0,0.15,-0.0324,0.0458,7793.27,2,44.693,123.936,step
2026-09-01T13:13:13.314131+00:00,67.876,0.0792,0.8,0.0,-0.0361,0.0509,7705.48,2,45.1864,123.958,step
2026-09-01T13:13:13.315476+00:00,68.142,0.0849,0.8,0.0,-0.04,0.0541,8677.96,2,45.3468,123.98,step
2026-09-01T13:13:13.316822+00:00,68.894,-0.1154,0.0,0.15,-0.0435,0.0524,9133.31,2,44.6133,124.002,step
2026-09-01T13:13:13.318137+00:00,69.037,-0.1151,0.0,0.15,-0.047,0.0511,7846.08,2,43.97,124.024,step
2026-09-01T13:13:13.319622+00:00,68.374,-0.1101,0.0,0.15,-0.0509,0.0537,7767.6,2,44.0099,124.046,step
2026-09-01T13:13:13.320978+00:00,67.73,-0.1028,0.0,0.15,-0.0551,0.058,7685.1,2,44.3829,124.068,step
2026-09-01T13:13:13.322343+00:00,67.098,-0.0946,0.0,0.15,-0.0596,0.063,7608.97,2,44.903,124.09,step
2026-09-01T13:13:13.323741+00:00,66.445,0.1139,0.8,0.0,-0.0644,0.0681,7535.87,2,45.4782,124.112,step
2026-09-01T13:13:13.325171+00:00,66.731,0.1182,0.8,0.0,-0.0691,0.0697,8478.39,2,45.3944,124.134,step
2026-09-01T13:13:13.326527+00:00,67.478,-0.0848,0.0,0.15,-0.0734,0.0654,8871.33,2,44.1541,124.156,step
2026-09-01T13:13:13.328024+00:00,67.552,-0.0864,0.0,0.15,-0.0776,0.0623,7686.28,2,43.1629,124.178,step
2026-09-01T13:13:13.329437+00:00,66.902,-0.0879,0.0,0.15,-0.082,0.0592,7611.09,2,43.0234,124.2,step
2026-09-01T13:13:13.330911+00:00,66.275,-0.0899,0.0,0.15,-0.0862,0.0558,7528.43,2,43.2051,124.222,step
2026-09-01T13:13:13.332324+00:00,65.65,-0.0911,0.0,0.15,-0.0902,0.0532,7449.03,2,43.5302,124.244,step
2026-09-01T13:13:13.333807+00:00,65.007,-0.0919,0.0,0.15,-0.094,0.0509,7400.38,2,43.9316,124.266,step
2026-09-01T13:13:13.335258+00:00,64.37,-0.0929,0.0,0.15,-0.0976,0.0486,7331.47,2,44.3543,124.288,step
2026-09-01T13:13:13.336828+00:00,63.727,-0.0936,0.0,0.15,-0.1011,0.0465,7251.71,2,44.8332,124.31,step
2026-09-01T13:13:13.338276+00:00,63.11,0.1059,0.8,0.0,-0.1045,0.0447,7172.71,2,45.3981,124.332,step
2026-09-01T13:13:13.339763+00:00,63.399,0.1018,0.8,0.0,-0.1074,0.0401,7995.6,2,45.3507,124.354,step
2026-09-01T13:13:13.341266+00:00,64.127,-0.1087,0.0,0.15,-0.1095,0.0305,8300.93,2,44.2668,124.376,step
2026-09-01T13:13:13.342682+00:00,64.122,-0.1171,0.0,0.15,-0.1111,0.0228,7298.17,2,43.4344,124.398,step
2026-09-01T13:13:13.344197+00:00,63.48,-0.1202,0.0,0.15,-0.1127,0.0195,7218.2,2,43.4616,124.42,step
2026-09-01T13:13:13.345656+00:00,62.846,-0.121,0.0,0.15,-0.1143,0.0182,7136.73,2,43.8993,124.442,step
2026-09-01T13:13:13.347117+00:00,62.207,-0.1206,0.0,0.15,-0.1159,0.0178,7076.22,2,44.5619,124.464,step
2026-09-01T13:13:13.348575+00:00,61.574,0.0801,0.8,0.0,-0.1175,0.0178,7006.56,2,45.3348,124.486,step
2026-09-01T13:13:13.350052+00:00,61.869,0.0776,0.8,0.0,-0.1188,0.0151,7732.52,2,45.5275,124.508,step
2026-09-01T13:13:13.351506+00:00,62.607,-0.1308,0.0,0.15,-0.1194,0.0079,7953.35,2,44.6736,124.53,step
2026-09-01T13:13:13.353025+00:00,62.497,-0.1379,0.0,0.15,-0.1197,0.0018,7119.62,2,44.1056,124.552,step
2026-09-01T13:13:13.354518+00:00,61.85,-0.14,0.0,0.15,-0.1201,-0.0,7035.57,2,44.4687,124.574,step
2026-09-01T13:13:13.355976+00:00,61.219,0.0607,0.8,0.0,-0.1205,0.0004,6953.92,2,45.2999,124.596,step
2026-09-01T13:13:13.357417+00:00,61.455,0.0596,0.8,0.0,-0.1209,-0.0007,7778.66,2,45.7286,124.618,step
2026-09-01T13:13:13.358841+00:00,62.16,0.0531,0.8,0.0,-0.1206,-0.006,8082.66,2,45.1432,124.64,step
2026-09-01T13:13:13.360277+00:00,62.974,-0.1554,0.0,0.15,-0.1199,-0.0127,8255.73,2,44.2309,124.662,step
2026-09-01T13:13:13.361931+00:00,63.017,-0.1618,0.0,0.15,-0.1189,-0.0177,7186.79,2,43.746,124.684,step
2026-09-01T13:13:13.363367+00:00,62.357,-0.1637,0.0,0.15,-0.118,-0.0189,7100.86,2,44.1368,124.706,step
2026-09-01T13:13:13.364858+00:00,61.704,0.0372,0.8,0.0,-0.1174,-0.0179,7012.59,2,45.0813,124.728,step
2026-09-01T13:13:13.366314+00:00,61.935,0.0363,0.8,0.0,-0.1167,-0.0184,7843.55,2,45.7263,124.75,step
2026-09-01T13:13:13.367747+00:00,62.646,0.0304,0.8,0.0,-0.1154,-0.0228,8156.65,2,45.3651,124.772,step
2026-09-01T13:13:13.369255+00:00,63.457,-0.1771,0.0,0.15,-0.1137,-0.0283,8353.74,2,44.6915,124.794,step
2026-09-01T13:13:13.370660+00:00,63.52,-0.182,0.0,0.15,-0.1118,-0.0316,7233.19,2,44.4769,124.816,step
2026-09-01T13:13:13.372067+00:00,62.853,0.0176,0.8,0.0,-0.1101,-0.0313,7148.93,2,45.2075,124.838,step
2026-09-01T13:13:13.373511+00:00,63.094,0.0168,0.8,0.0,-0.1085,-0.0312,7963.77,2,45.8987,124.86,step
2026-09-01T13:13:13.374948+00:00,63.825,0.0119,0.8,0.0,-0.1065,-0.0344,8268.53,2,45.7283,124.882,step
2026-09-01T13:13:13.376388+00:00,64.647,0.0057,0.8,0.0,-0.104,-0.0386,8475.23,2,45.2895,124.904,step
2026-09-01T13:13:13.377840+00:00,65.536,-0.201,0.0,0.15,-0.1013,-0.043,8601.94,2,44.8151,124.926,step
2026-09-01T13:13:13.379283+00:00,65.623,-0.2057,0.0,0.15,-0.0984,-0.0458,7472.82,2,44.7856,124.948,step
2026-09-01T13:13:13.380700+00:00,64.948,-0.0066,0.8,0.0,-0.0957,-0.0454,7383.66,2,45.6243,124.97,step
2026-09-01T13:13:13.382085+00:00,65.15,-0.0071,0.8,0.0,-0.0931,-0.0448,8273.69,2,46.5601,124.992,step
2026-09-01T13:13:13.383490+00:00,65.888,-0.0107,0.8,0.0,-0.0902,-0.0465,8648.84,2,46.7333,125.014,step
2026-09-01T13:13:13.384904+00:00,66.723,-0.0155,0.8,0.0,-0.0869,-0.0491,8923.93,2,46.6744,125.036,step
2026-09-01T13:13:13.386555+00:00,67.632,-0.0204,0.8,0.0,-0.0833,-0.0517,9119.73,2,46.5929,125.058,step
2026-09-01T13:13:13.388068+00:00,68.517,-0.0253,0.8,0.0,-0.0796,-0.0542,9412.69,2,46.5759,125.08,step
2026-09-01T13:13:13.389492+00:00,69.432,-0.03,0.8,0.0,-0.0756,-0.0565,9691.2,2,46.6518,125.102,step
2026-09-01T13:13:13.390902+00:00,70.379,-0.0345,0.8,0.0,-0.0713,-0.0585,9911.95,2,46.8065,125.124,step
2026-09-01T13:13:13.392380+00:00,71.345,-0.039,0.8,0.0,-0.0668,-0.0603,10091.7,2,47.0529,125.146,step
2026-09-01T13:13:13.393955+00:00,72.32,-0.0431,0.8,0.0,-0.0621,-0.0618,10244.5,2,47.4271,125.168,step
2026-09-01T13:13:13.395430+00:00,73.304,-0.0465,0.8,0.0,-0.0572,-0.0625,10379.6,2,47.9786,125.19,step
2026-09-01T13:13:13.396851+00:00,74.294,-0.0492,0.8,0.0,-0.0521,-0.0627,10500.5,2,48.7458,125.212,step
2026-09-01T13:13:13.398260+00:00,75.29,-0.0514,0.8,0.0,-0.0468,-0.0624,10610.6,2,49.7542,125.234,step
2026-09-01T13:13:13.399733+00:00,76.066,-0.053,0.8,0.0,-0.0415,-0.0614,11113.4,2,51.0989,125.256,step
2026-09-01T13:13:13.401185+00:00,76.846,-0.0538,0.8,0.0,-0.0359,-0.0598,11600.9,2,52.8447,125.278,step
2026-09-01T13:13:13.402899+00:00,77.715,-0.0545,0.8,0.0,-0.0303,-0.058,11935.5,2,54.8666,125.3,step
2026-09-01T13:13:13.404352+00:00,78.627,-0.0551,0.8,0.0,-0.0244,-0.0561,12176.7,2,57.1975,125.322,step
2026-09-01T13:13:13.405774+00:00,79.578,-0.0553,0.15,0.0,-0.0185,-0.0538,12331.6,2,60.032,125.344,step
2026-09-01T13:13:13.407242+00:00,80.544,-0.0545,0.15,0.0,-0.0124,-0.0506,10449.5,3,87.3605,125.366,step
2026-09-01T13:13:13.408704+00:00,81.05,-0.0549,0.15,0.0,-0.0067,-0.0485,8167.85,3,86.4874,125.388,step
2026-09-01T13:13:13.410168+00:00,80.938,-0.0575,0.15,0.0,-0.0014,-0.0485,8179.65,3,85.7432,125.41,step
2026-09-01T13:13:13.411950+00:00,80.847,-0.0591,0.15,0.0,0.0036,-0.0477,7416.32,3,84.9456,125.432,step
2026-09-01T13:13:13.413421+00:00,80.806,-0.061,0.15,0.0,0.0084,-0.0474,7431.74,3,84.1686,125.454,step
2026-09-01T13:13:13.414880+00:00,80.811,-0.0644,0.15,0.0,0.0131,-0.0482,7425.91,3,83.4766,125.476,step
2026-09-01T13:13:13.416346+00:00,80.815,-0.0683,0.15,0.0,0.0177,-0.0496,7421.7,3,82.8154,125.498,step
2026-09-01T13:13:13.417791+00:00,80.817,-0.0715,0.15,0.0,0.0221,-0.0504,7418.67,3,82.132,125.52,step
2026-09-01T13:13:13.419397+00:00,80.819,-0.074,0.15,0.0,0.0264,-0.0507,7416.82,3,81.4109,125.542,step
2026-09-01T13:13:13.420831+00:00,80.813,-0.0759,0.15,0.0,0.0305,-0.0505,7432.61,3,80.6562,125.564,step
2026-09-01T13:13:13.422310+00:00,80.781,-0.0765,0.15,0.0,0.0346,-0.0493,7489.55,3,79.8187,125.586,step
2026-09-01T13:13:13.423787+00:00,80.828,-0.0767,0.15,0.0,0.0387,-0.0478,7439.58,3,78.9509,125.608,step
2026-09-01T13:13:13.425213+00:00,80.849,-0.0779,0.15,0.0,0.0428,-0.0471,7428.5,3,78.1397,125.63,step
2026-09-01T13:13:13.426612+00:00,80.866,-0.0797,0.15,0.0,0.0468,-0.0469,7423.83,3,77.3684,125.652,step
2026-09-01T13:13:13.428218+00:00,80.879,-0.0789,0.15,0.0,0.0507,-0.0446,7421.73,3,76.6015,125.674,step
2026-09-01T13:13:13.429553+00:00,80.892,-0.0763,0.15,0.0,0.0541,-0.041,7421.3,3,75.8175,125.696,step
2026-09-01T13:13:13.430935+00:00,80.904,-0.0733,0.15,0.0,0.0572,-0.0373,7421.99,3,75.0194,125.718,step
2026-09-01T13:13:13.432244+00:00,80.897,-0.0697,0.15,0.0,0.06,-0.0331,7460.26,3,74.186,125.74,step
2026-09-01T13:13:13.433570+00:00,80.93,-0.0657,0.15,0.0,0.0624,-0.0287,7442.37,3,73.3239,125.762,step
2026-09-01T13:13:13.434890+00:00,80.954,-0.062,0.15,0.0,0.0646,-0.0247,7435.87,3,72.4924,125.784,step
2026-09-01T13:13:13.436347+00:00,80.975,-0.0586,0.15,0.0,0.0665,-0.0212,7433.34,3,71.6971,125.806,step
2026-09-01T13:13:13.437622+00:00,80.995,-0.0556,0.15,0.0,0.0681,-0.018,7432.28,3,70.9304,125.828,step
2026-09-01T13:13:13.438895+00:00,81.014,-0.0528,0.15,0.0,0.0694,-0.0151,7432.56,3,70.1836,125.85,step
2026-09-01T13:13:13.440204+00:00,81.032,-0.05,0.15,0.0,0.0704,-0.0123,7433.91,3,69.4501,125.872,step
2026-09-01T13:13:13.441519+00:00,81.049,-0.0472,0.15,0.0,0.0712,-0.0097,7439.34,3,68.7265,125.894,step
2026-09-01T13:13:13.442807+00:00,81.069,-0.0445,0.15,0.0,0.0717,-0.0072,7441.93,3,68.0071,125.916,step
2026-09-01T13:13:13.444189+00:00,81.09,-0.0418,0.15,0.0,0.0721,-0.0047,7443.04,3,67.2987,125.938,step
2026-09-01T13:13:13.445561+00:00,81.112,-0.0392,0.15,0.0,0.0723,-0.0025,7444.36,3,66.6054,125.96,step
2026-09-01T13:13:13.446809+00:00,81.133,-0.0367,0.15,0.0,0.0724,-0.0004,7446.01,3,65.9256,125.982,step
2026-09-01T13:13:13.448120+00:00,81.156,-0.0343,0.15,0.0,0.0722,0.0015,7447.72,3,65.2564,126.004,step
2026-09-01T13:13:13.449366+00:00,81.178,-0.0319,0.15,0.0,0.0719,0.0034,7449.45,3,64.5972,126.026,step
2026-09-01T13:13:13.450625+00:00,81.2,-0.0297,0.15,0.0,0.0715,0.0051,7451.24,3,63.9477,126.048,step
2026-09-01T13:13:13.451875+00:00,81.22,-0.0274,0.15,0.0,0.0709,0.0067,7457.92,3,63.3054,126.07,step
2026-09-01T13:13:13.453328+00:00,81.244,-0.0252,0.15,0.0,0.0702,0.0083,7458.03,3,62.6713,126.092,step
2026-09-01T13:13:13.454599+00:00,81.269,-0.0231,0.15,0.0,0.0694,0.0097,7459.01,3,62.051,126.114,step
2026-09-01T13:13:13.455855+00:00,81.294,-0.0211,0.15,0.0,0.0685,0.0109,7460.48,3,61.4435,126.136,step
2026-09-01T13:13:13.457142+00:00,81.318,-0.0193,0.15,0.0,0.0675,0.0121,7462.13,3,60.8467,126.158,step
2026-09-01T13:13:13.458404+00:00,81.343,-0.0175,0.15,0.0,0.0664,0.0131,7463.96,3,60.2588,126.18,step
2026-09-01T13:13:13.459631+00:00,81.368,-0.0158,0.15,0.0,0.0653,0.014,7466.07,3,59.6793,126.202,step
2026-09-01T13:13:13.461008+00:00,81.392,-0.0141,0.15,0.0,0.064,0.0149,7469.0,3,59.1065,126.224,step
2026-09-01T13:13:13.462249+00:00,81.415,-0.0125,0.15,0.0,0.0627,0.0157,7475.05,3,58.5385,126.246,step
2026-09-01T13:13:13.463475+00:00,81.442,-0.0109,0.15,0.0,0.0613,0.0165,7475.39,3,57.979,126.268,step
2026-09-01T13:13:13.464776+00:00,81.469,-0.0095,0.15,0.0,0.06,0.0171,7477.0,3,57.4283,126.29,step
2026-09-01T13:13:13.466082+00:00,81.496,-0.0081,0.15,0.0,0.0585,0.0176,7478.76,3,56.8854,126.312,step
2026-09-01T13:13:13.467344+00:00,81.523,-0.0068,0.15,0.0,0.057,0.0181,7480.68,3,56.3492,126.334,step
2026-09-01T13:13:13.468620+00:00,81.55,-0.0056,0.15,0.0,0.0554,0.0185,7482.77,3,55.8179,126.356,step
2026-09-01T13:13:13.470245+00:00,81.577,-0.0044,0.15,0.0,0.0539,0.0188,7485.08,3,55.2909,126.378,step
2026-09-01T13:13:13.471518+00:00,81.601,-0.0033,0.15,0.0,0.0524,0.0191,7493.11,3,54.7699,126.4,step
2026-09-01T13:13:13.472832+00:00,81.63,-0.0023,0.15,0.0,0.0508,0.0193,7493.88,3,54.2543,126.422,step
2026-09-01T13:13:13.474142+00:00,81.659,-0.0013,0.15,0.0,0.0492,0.0194,7494.84,3,53.7435,126.444,step
2026-09-01T13:13:13.475503+00:00,81.689,-0.0004,0.15,0.0,0.0476,0.0195,7496.76,3,53.2372,126.466,step
2026-09-01T13:13:13.476869+00:00,81.718,0.0005,0.0,0.15,0.0461,0.0196,7498.75,3,52.7349,126.488,step
2026-09-01T13:13:13.478428+00:00,81.309,0.0013,0.0,0.15,0.0444,0.0196,7341.12,3,52.2347,126.51,step
2026-09-01T13:13:13.479771+00:00,80.717,0.0021,0.0,0.15,0.0428,0.0196,7284.4,3,51.7388,126.532,step
2026-09-01T13:13:13.481113+00:00,80.129,0.0029,0.0,0.15,0.0412,0.0196,7229.37,3,51.2499,126.554,step
2026-09-01T13:13:13.482428+00:00,79.555,0.0036,0.0,0.15,0.0396,0.0195,7164.27,2,50.7689,126.576,step
2026-09-01T13:13:13.483793+00:00,78.995,0.0042,0.0,0.15,0.0381,0.0193,9004.65,2,50.2965,126.598,step
2026-09-01T13:13:13.485168+00:00,78.456,0.0047,0.0,0.15,0.0366,0.0191,8981.46,2,49.8309,126.62,step
2026-09-01T13:13:13.486756+00:00,77.869,0.0051,0.0,0.15,0.0351,0.0189,8817.81,2,49.3724,126.642,step
2026-09-01T13:13:13.488091+00:00,77.225,0.0054,0.0,0.15,0.0336,0.0185,8746.76,2,48.9237,126.664,step
2026-09-01T13:13:13.489441+00:00,76.584,0.0057,0.0,0.15,0.0322,0.0182,8676.38,2,48.4812,126.686,step
2026-09-01T13:13:13.490802+00:00,75.948,0.0059,0.0,0.15,0.0308,0.0177,8605.8,2,48.0449,126.708,step
2026-09-01T13:13:13.492168+00:00,75.316,0.006,0.0,0.15,0.0294,0.0173,8535.35,2,47.6139,126.73,step
2026-09-01T13:13:13.493541+00:00,74.704,0.0062,0.0,0.15,0.0281,0.0169,8445.79,2,47.1871,126.752,step
2026-09-01T13:13:13.495045+00:00,74.08,0.0062,0.0,0.15,0.0269,0.0164,8386.08,2,46.7645,126.774,step
2026-09-01T13:13:13.496445+00:00,73.466,0.0063,0.0,0.15,0.0256,0.0159,8322.89,2,46.3443,126.796,step
2026-09-01T13:13:13.497946+00:00,72.85,0.0064,0.0,0.15,0.0244,0.0155,8257.26,2,45.9266,126.818,step
2026-09-01T13:13:13.499260+00:00,72.235,0.0065,0.0,0.15,0.0233,0.0151,8190.78,2,45.5113,126.84,step
2026-09-01T13:13:13.500591+00:00,71.623,0.0065,0.0,0.15,0.0222,0.0147,8123.57,2,45.0992,126.862,step
2026-09-01T13:13:13.502182+00:00,71.014,0.2065,0.0,0.15,0.0211,0.0143,8056.07,2,44.6917,126.884,step
2026-09-01T13:13:13.503600+00:00,70.419,0.2035,0.0,0.15,0.0204,0.0114,7988.83,2,44.4444,126.906,step
2026-09-01T13:13:13.504909+00:00,69.785,0.195,0.0,0.15,0.0203,0.0043,7895.35,2,44.4755,126.928,step
2026-09-01T13:13:13.506255+00:00,69.163,0.1836,0.0,0.15,0.0208,-0.005,7826.92,2,44.6317,126.95,step
2026-09-01T13:13:13.507543+00:00,68.563,0.1713,0.0,0.15,0.022,-0.0148,7764.94,2,44.8037,126.972,step
2026-09-01T13:13:13.508870+00:00,67.966,0.1593,0.0,0.15,0.0237,-0.0241,7701.85,2,44.9348,126.994,step
2026-09-01T13:13:13.510182+00:00,67.37,-0.0521,0.8,0.0,0.026,-0.0326,7638.62,2,45.015,127.016,step
2026-09-01T13:13:13.511879+00:00,67.761,0.14,0.0,0.15,0.0285,-0.0381,8695.32,2,44.9117,127.038,step
2026-09-01T13:13:13.513314+00:00,67.78,0.1354,0.0,0.15,0.0311,-0.0409,7702.14,2,44.648,127.06,step
2026-09-01T13:13:13.514650+00:00,67.165,0.1283,0.0,0.15,0.0342,-0.0455,7633.33,2,44.4847,127.082,step
2026-09-01T13:13:13.515975+00:00,66.564,0.1199,0.0,0.15,0.0378,-0.051,7559.46,2,44.3724,127.104,step
2026-09-01T13:13:13.517311+00:00,65.987,0.1109,0.0,0.15,0.0418,-0.0569,7472.86,2,44.2778,127.126,step
2026-09-01T13:13:13.518710+00:00,65.407,0.1016,0.0,0.15,0.0461,-0.0628,7408.83,2,44.1834,127.148,step
2026-09-01T13:13:13.520218+00:00,64.834,0.0925,0.0,0.15,0.0507,-0.0684,7351.86,2,44.0694,127.17,step
2026-09-01T13:13:13.521556+00:00,64.264,0.0841,0.0,0.15,0.0556,-0.0734,7292.71,2,43.9248,127.192,step
2026-09-01T13:13:13.522949+00:00,63.695,0.0762,0.0,0.15,0.0608,-0.0779,7231.47,2,43.7516,127.214,step
2026-09-01T13:13:13.524256+00:00,63.126,0.0687,0.0,0.15,0.0661,-0.0818,7169.74,2,43.5551,127.236,step
2026-09-01T13:13:13.525585+00:00,62.561,0.0617,0.0,0.15,0.0717,-0.0854,7107.64,2,43.3399,127.258,step
2026-09-01T13:13:13.527319+00:00,62.0,-0.345,0.0,0.15,0.0774,-0.0886,7045.26,2,43.1088,127.28,step
2026-09-01T13:13:13.528889+00:00,61.468,-0.3482,0.0,0.15,0.083,-0.0889,6984.79,2,42.7474,127.302,step
2026-09-01T13:13:13.530406+00:00,60.858,0.0566,0.0,0.15,0.0878,-0.0829,6916.39,2,42.0942,127.324,step
2026-09-01T13:13:13.531950+00:00,60.253,0.0644,0.0,0.15,0.092,-0.0747,6828.36,2,41.3437,127.346,step
2026-09-01T13:13:13.533515+00:00,59.693,0.0651,0.0,0.15,0.0962,-0.0723,6777.03,2,40.8683,127.368,step
2026-09-01T13:13:13.535055+00:00,59.138,0.0613,0.0,0.15,0.1008,-0.0736,6718.5,2,40.5648,127.39,step
2026-09-01T13:13:13.536846+00:00,58.595,0.0562,0.0,0.15,0.1055,-0.0759,6659.6,2,40.3104,127.412,step
2026-09-01T13:13:13.538365+00:00,58.052,0.0508,0.0,0.15,0.1103,-0.0783,6600.06,2,40.0633,127.434,step
2026-09-01T13:13:13.539935+00:00,57.51,0.0456,0.0,0.15,0.1152,-0.0806,6539.98,2,39.8122,127.456,step
2026-09-01T13:13:13.541478+00:00,56.971,0.0406,0.0,0.15,0.1201,-0.0827,6479.48,2,39.5548,127.478,step
2026-09-01T13:13:13.543011+00:00,56.434,-0.3641,0.0,0.15,0.1252,-0.0846,6419.12,2,39.2906,127.5,step
2026-09-01T13:13:13.544838+00:00,55.924,-0.3657,0.0,0.15,0.13,-0.0839,6360.16,2,38.917,127.522,step
2026-09-01T13:13:13.546362+00:00,55.329,0.0402,0.0,0.15,0.134,-0.0773,6292.54,2,38.296,127.544,step
2026-09-01T13:13:13.547895+00:00,54.744,0.0485,0.0,0.15,0.1373,-0.069,6220.93,2,37.605,127.566,step
2026-09-01T13:13:13.549455+00:00,54.218,0.0497,0.0,0.15,0.1407,-0.0666,6157.26,2,37.1694,127.588,step
2026-09-01T13:13:13.550945+00:00,53.682,0.0467,0.0,0.15,0.1445,-0.0675,6102.36,2,36.8766,127.61,step
2026-09-01T13:13:13.552660+00:00,53.164,0.0428,0.0,0.15,0.1483,-0.0692,6046.25,2,36.622,127.632,step
2026-09-01T13:13:13.554333+00:00,52.647,0.0387,0.0,0.15,0.1523,-0.071,5989.8,2,36.3708,127.654,step
2026-09-01T13:13:13.555896+00:00,52.129,0.0348,0.0,0.15,0.1562,-0.0726,5932.33,2,36.1162,127.676,step
2026-09-01T13:13:13.557221+00:00,51.611,0.0311,0.0,0.15,0.1603,-0.074,5874.28,2,35.8577,127.698,step
2026-09-01T13:13:13.558520+00:00,51.095,0.0275,0.0,0.15,0.1643,-0.0753,5815.94,2,35.5957,127.72,step
2026-09-01T13:13:13.559775+00:00,50.581,0.0241,0.0,0.15,0.1684,-0.0764,5757.8,2,35.3307,127.742,step
2026-09-01T13:13:13.561457+00:00,50.071,0.0209,0.0,0.15,0.1725,-0.0774,5699.83,2,35.0628,127.764,step
2026-09-01T13:13:13.562725+00:00,49.563,0.0178,0.0,0.15,0.1765,-0.0783,5642.28,1,34.7922,127.786,step
2026-09-01T13:13:13.563998+00:00,49.063,0.0149,0.0,0.15,0.1806,-0.079,7570.03,1,34.5196,127.808,step
2026-09-01T13:13:13.565433+00:00,48.569,0.0122,0.0,0.15,0.1846,-0.0796,7558.08,1,34.2451,127.83,step
2026-09-01T13:13:13.566767+00:00,48.049,0.0096,0.0,0.15,0.1886,-0.0801,7309.01,1,33.9696,127.852,step
2026-09-01T13:13:13.568041+00:00,47.489,0.0071,0.0,0.15,0.1926,-0.0806,7233.1,1,33.6947,127.874,step
2026-09-01T13:13:13.569411+00:00,46.936,0.0047,0.0,0.15,0.1965,-0.0809,7154.13,1,33.4197,127.896,step
2026-09-01T13:13:13.570787+00:00,46.389,0.0024,0.0,0.15,0.2003,-0.0812,7074.71,1,33.1444,127.918,step
2026-09-01T13:13:13.572032+00:00,45.842,0.0003,0.0,0.15,0.2042,-0.0813,6994.24,1,32.869,127.94,step
2026-09-01T13:13:13.573302+00:00,45.297,-0.0017,0.0,0.15,0.208,-0.0814,6913.17,1,32.5936,127.962,step
2026-09-01T13:13:13.574555+00:00,44.756,-0.0036,0.0,0.15,0.2117,-0.0814,6832.3,1,32.3188,127.984,step
2026-09-01T13:13:13.575853+00:00,44.219,-0.0053,0.0,0.15,0.2154,-0.0814,6751.56,1,32.0447,128.006,step
2026-09-01T13:13:13.577054+00:00,43.735,-0.0068,0.0,0.15,0.2187,-0.0813,6678.56,1,31.7968,128.026,step
2026-09-01T13:13:13.578441+00:00,43.253,-0.0083,0.0,0.15,0.2219,-0.0811,6606.05,1,31.5499,128.046,step
2026-09-01T13:13:13.579612+00:00,42.775,-0.0097,0.0,0.15,0.2251,-0.0809,6534.02,1,31.3042,128.066,step
2026-09-01T13:13:13.580781+00:00,42.3,-0.0109,0.0,0.15,0.2283,-0.0806,6462.41,1,31.0589,128.086,step
2026-09-01T13:13:13.581995+00:00,41.827,-0.0121,0.15,0.0,0.2314,-0.0803,6391.06,1,30.8144,128.106,step
2026-09-01T13:13:13.583191+00:00,41.848,-0.0132,0.15,0.0,0.2344,-0.08,6547.76,1,30.571,128.126,step
2026-09-01T13:13:13.584323+00:00,41.986,-0.0143,0.15,0.0,0.2375,-0.0797,6573.72,1,30.3267,128.146,step
2026-09-01T13:13:13.585595+00:00,42.128,-0.0154,0.0,0.15,0.2405,-0.0793,6591.85,1,30.081,128.166,step
2026-09-01T13:13:13.586747+00:00,41.783,-0.0165,0.15,0.0,0.2435,-0.0789,6387.76,1,29.8346,128.186,step
2026-09-01T13:13:13.587943+00:00,41.795,-0.0175,0.15,0.0,0.2464,-0.0785,6537.88,1,29.5888,128.206,step
2026-09-01T13:13:13.589133+00:00,41.936,-0.0185,0.15,0.0,0.2494,-0.0781,6558.39,1,29.3426,128.226,step
2026-09-01T13:13:13.590309+00:00,42.078,-0.0194,0.0,0.15,0.2524,-0.0777,6579.14,1,29.0949,128.246,step
2026-09-01T13:13:13.591552+00:00,41.732,-0.0203,0.15,0.0,0.2553,-0.0772,6382.7,1,28.8462,128.266,step
2026-09-01T13:13:13.592689+00:00,41.743,-0.0211,0.15,0.0,0.2582,-0.0767,6528.67,1,28.5979,128.286,step
2026-09-01T13:13:13.593902+00:00,41.884,-0.022,0.15,0.0,0.2611,-0.0762,6550.09,1,28.3488,128.306,step
2026-09-01T13:13:13.595228+00:00,42.026,-0.0227,0.0,0.15,0.2639,-0.0757,6571.31,1,28.0982,128.326,step
2026-09-01T13:13:13.596396+00:00,41.671,-0.0234,0.15,0.0,0.2667,-0.0751,6372.45,1,27.8465,128.346,step
2026-09-01T13:13:13.597540+00:00,41.691,-0.0241,0.15,0.0,0.2694,-0.0745,6520.82,1,27.5956,128.366,step
2026-09-01T13:13:13.598679+00:00,41.834,-0.0247,0.15,0.0,0.2722,-0.0739,6542.01,1,27.3447,128.386,step
2026-09-01T13:13:13.599846+00:00,41.976,-0.0254,0.15,0.0,0.275,-0.0732,6563.47,1,27.0926,128.406,step
2026-09-01T13:13:13.600968+00:00,42.119,-0.026,0.0,0.15,0.2777,-0.0726,6585.14,1,26.8395,128.426,step
2026-09-01T13:13:13.602240+00:00,41.769,-0.0265,0.15,0.0,0.2804,-0.0719,6387.65,1,26.5856,128.446,step
2026-09-01T13:13:13.603453+00:00,41.783,-0.027,0.15,0.0,0.283,-0.0712,6543.25,1,26.3322,128.466,step
2026-09-01T13:13:13.604654+00:00,41.927,-0.0275,0.15,0.0,0.2856,-0.0705,6564.58,1,26.0787,128.486,step
2026-09-01T13:13:13.605852+00:00,42.073,-0.0279,0.0,0.15,0.2882,-0.0699,6583.06,1,25.8247,128.506,step
2026-09-01T13:13:13.606999+00:00,41.727,-0.0284,0.15,0.0,0.2908,-0.0691,6379.07,1,25.5702,128.526,step
2026-09-01T13:13:13.608223+00:00,41.745,-0.0287,0.15,0.0,0.2933,-0.0684,6530.36,1,25.317,128.546,step
2026-09-01T13:13:13.609392+00:00,41.891,-0.0292,0.15,0.0,0.2958,-0.0677,6552.19,1,25.0646,128.566,step
2026-09-01T13:13:13.610610+00:00,42.038,-0.0296,0.0,0.15,0.2983,-0.067,6574.25,1,24.8115,128.586,step
2026-09-01T13:13:13.611936+00:00,41.704,-0.0299,0.15,0.0,0.3008,-0.0663,6377.01,1,24.5572,128.606,step
2026-09-01T13:13:13.613115+00:00,41.712,-0.0302,0.0,0.15,0.3032,-0.0655,6525.28,1,24.3041,128.626,step
2026-09-01T13:13:13.614323+00:00,41.365,-0.0304,0.0,0.15,0.3055,-0.0647,6323.91,1,24.051,128.646,step
2026-09-01T13:13:13.615495+00:00,40.903,-0.0306,0.0,0.15,0.3078,-0.0639,6251.78,1,23.7997,128.666,step
2026-09-01T13:13:13.616698+00:00,40.444,-0.0234,0.0,0.15,0.31,-0.057,6181.56,1,23.5507,128.686,step
2026-09-01T13:13:13.617919+00:00,39.99,-0.0145,0.0,0.15,0.3119,-0.0488,6112.71,1,23.3077,128.706,step
2026-09-01T13:13:13.619211+00:00,39.54,-0.0058,0.0,0.15,0.3134,-0.0409,6044.61,1,23.0736,128.726,step
2026-09-01T13:13:13.620497+00:00,39.093,0.0027,0.0,0.15,0.3147,-0.0333,5977.08,1,22.8485,128.746,step
2026-09-01T13:13:13.621771+00:00,38.648,0.0109,0.0,0.15,0.3157,-0.0261,5909.92,1,22.632,128.766,step
2026-09-01T13:13:13.623048+00:00,38.206,0.0188,0.0,0.15,0.3165,-0.0191,5843.12,1,22.4238,128.786,step
2026-09-01T13:13:13.624272+00:00,37.789,0.0265,0.0,0.15,0.3171,-0.0125,5734.86,1,22.2242,128.806,step
2026-09-01T13:13:13.625559+00:00,37.355,0.0339,0.15,0.0,0.3175,-0.0061,5692.76,1,22.0311,128.826,step
2026-09-01T13:13:13.626857+00:00,37.386,0.0413,0.0,0.15,0.3177,0.0001,5856.18,1,21.8425,128.846,step
2026-09-01T13:13:13.628272+00:00,37.097,0.0487,0.0,0.15,0.3177,0.0063,5671.52,1,21.6555,128.866,step
2026-09-01T13:13:13.629505+00:00,36.658,0.0558,0.0,0.15,0.3175,0.0122,5608.14,1,21.4752,128.886,step
2026-09-01T13:13:13.630777+00:00,36.205,0.0627,0.0,0.15,0.3172,0.0177,5540.29,1,21.3037,128.906,step
2026-09-01T13:13:13.632032+00:00,35.766,0.0692,0.15,0.0,0.3167,0.023,5474.0,1,21.1398,128.926,step
2026-09-01T13:13:13.633314+00:00,35.834,0.0756,0.0,0.15,0.3161,0.0281,5598.42,1,20.979,128.946,step
2026-09-01T13:13:13.634574+00:00,35.499,0.082,0.0,0.15,0.3154,0.0331,5434.57,1,20.8217,128.966,step
2026-09-01T13:13:13.635845+00:00,35.073,0.0882,0.15,0.0,0.3146,0.0379,5369.58,1,20.6718,128.986,step
2026-09-01T13:13:13.637260+00:00,35.151,0.0946,0.0,0.15,0.3136,0.0429,5489.91,1,20.5236,129.006,step
2026-09-01T13:13:13.638476+00:00,34.822,0.101,0.0,0.15,0.3125,0.0477,5329.87,1,20.3784,129.026,step
2026-09-01T13:13:13.639709+00:00,34.401,0.107,0.0,0.15,0.3113,0.0523,5265.09,1,20.2404,129.046,step
2026-09-01T13:13:13.640937+00:00,33.983,0.1129,0.15,0.0,0.31,0.0566,5235.99,1,20.1073,129.066,step
2026-09-01T13:13:13.642179+00:00,34.065,0.1187,0.0,0.15,0.3086,0.0609,5318.81,1,19.9751,129.086,step
2026-09-01T13:13:13.643448+00:00,33.743,0.1245,0.0,0.15,0.3071,0.065,5235.99,1,19.8448,129.106,step
2026-09-01T13:13:13.644839+00:00,33.339,0.1299,0.15,0.0,0.3055,0.0689,5235.99,1,19.7218,129.126,step
2026-09-01T13:13:13.646076+00:00,33.405,0.1352,0.0,0.15,0.3038,0.0726,5235.99,1,19.6023,129.146,step
2026-09-01T13:13:13.647347+00:00,33.121,0.1406,0.0,0.15,0.302,0.0763,5235.99,1,19.4812,129.166,step
2026-09-01T13:13:13.648610+00:00,32.712,0.1458,0.15,0.0,0.3001,0.0799,5235.99,1,19.3644,129.186,step
2026-09-01T13:13:13.649893+00:00,32.763,0.1509,0.0,0.15,0.2982,0.0834,5235.99,1,19.2492,129.206,step
2026-09-01T13:13:13.651124+00:00,32.449,0.156,0.15,0.0,0.2962,0.0868,5235.99,1,19.1351,129.226,step
2026-09-01T13:13:13.652393+00:00,32.53,0.161,0.0,0.15,0.2942,0.09,5235.99,1,19.0242,129.246,step
2026-09-01T13:13:13.653783+00:00,32.203,0.1658,0.0,0.15,0.292,0.0932,5235.99,1,18.9156,129.266,step
2026-09-01T13:13:13.655013+00:00,31.784,0.1702,0.15,0.0,0.2899,0.096,5235.99,1,18.8143,129.286,step
2026-09-01T13:13:13.656274+00:00,31.887,0.1747,0.0,0.15,0.2877,0.0988,5235.99,1,18.7121,129.306,step
2026-09-01T13:13:13.657510+00:00,31.557,0.1792,0.15,0.0,0.2854,0.1016,5235.99,1,18.6117,129.326,step
2026-09-01T13:13:13.658705+00:00,31.659,0.1839,0.0,0.15,0.2831,0.1046,5235.99,1,18.513,129.346,step
2026-09-01T13:13:13.659942+00:00,31.334,0.1886,0.0,0.15,0.2807,0.1075,5235.99,1,18.4159,129.366,step
2026-09-01T13:13:13.661361+00:00,30.921,0.193,0.15,0.0,0.2783,0.1101,5235.99,1,18.3256,129.386,step
2026-09-01T13:13:13.662553+00:00,31.025,0.1974,0.0,0.15,0.2759,0.1128,5235.99,1,18.2338,129.406,step
2026-09-01T13:13:13.663763+00:00,30.701,0.2018,0.15,0.0,0.2734,0.1154,5235.99,1,18.1429,129.426,step
2026-09-01T13:13:13.664975+00:00,30.804,0.2061,0.0,0.15,0.2708,0.1179,5235.99,1,18.0538,129.446,step
2026-09-01T13:13:13.666194+00:00,30.483,0.2103,0.15,0.0,0.2682,0.1204,5235.99,1,17.966,129.466,step
2026-09-01T13:13:13.667409+00:00,30.578,0.2144,0.0,0.15,0.2656,0.1227,5235.99,1,17.8802,129.486,step
2026-09-01T13:13:13.668623+00:00,30.272,0.2184,0.0,0.15,0.2629,0.1249,5235.99,1,17.7961,129.506,step
2026-09-01T13:13:13.669991+00:00,29.866,0.2221,0.15,0.0,0.2602,0.1269,5235.99,1,17.7178,129.526,step
2026-09-01T13:13:13.671216+00:00,29.961,0.2259,0.15,0.0,0.2575,0.1289,5235.99,1,17.6379,129.546,step
2026-09-01T13:13:13.672483+00:00,30.119,0.2299,0.0,0.15,0.2547,0.1311,5235.99,1,17.5534,129.566,step
2026-09-01T13:13:13.673736+00:00,29.804,0.2337,0.0,0.15,0.2519,0.1331,5235.99,1,17.4732,129.586,step
2026-09-01T13:13:13.675029+00:00,29.386,0.2371,0.15,0.0,0.2491,0.1347,5235.99,1,17.3999,129.606,step
2026-09-01T13:13:13.676243+00:00,29.497,0.2405,0.0,0.15,0.2463,0.1364,5235.99,1,17.3248,129.626,step
2026-09-01T13:13:13.677535+00:00,29.164,0.2439,0.15,0.0,0.2435,0.1381,5235.99,1,17.2511,129.646,step
2026-09-01T13:13:13.678865+00:00,29.282,0.2472,0.0,0.15,0.2407,0.1396,5235.99,1,17.1785,129.666,step
2026-09-01T13:13:13.680099+00:00,28.95,0.2504,0.15,0.0,0.2378,0.1411,5235.99,1,17.1071,129.686,step
2026-09-01T13:13:13.681335+00:00,29.069,0.2536,0.0,0.15,0.2349,0.1426,5235.99,1,17.0365,129.706,step
2026-09-01T13:13:13.682515+00:00,28.739,0.257,0.15,0.0,0.2321,0.1441,5235.99,1,16.9673,129.726,step
2026-09-01T13:13:13.683734+00:00,28.857,0.2604,0.0,0.15,0.2291,0.1459,5235.99,1,16.8989,129.746,step
2026-09-01T13:13:13.684941+00:00,28.528,0.2639,0.15,0.0,0.2262,0.1475,5235.99,1,16.8316,129.766,step
2026-09-01T13:13:13.686270+00:00,28.645,0.2672,0.0,0.15,0.2233,0.1491,5235.99,1,16.7653,129.786,step
2026-09-01T13:13:13.687478+00:00,28.316,0.2705,0.15,0.0,0.2203,0.1505,5235.99,1,16.7002,129.806,step
2026-09-01T13:13:13.688665+00:00,28.435,0.2737,0.0,0.15,0.2173,0.152,5235.99,1,16.6362,129.826,step
2026-09-01T13:13:13.689903+00:00,28.105,0.2768,0.15,0.0,0.2143,0.1533,5235.99,1,16.5734,129.846,step
2026-09-01T13:13:13.691116+00:00,28.225,0.2799,0.0,0.15,0.2113,0.1546,5235.99,1,16.5114,129.866,step
2026-09-01T13:13:13.692314+00:00,27.894,0.2829,0.15,0.0,0.2083,0.1559,5235.99,1,16.4506,129.886,step
2026-09-01T13:13:13.693520+00:00,28.018,0.2857,0.0,0.15,0.2053,0.157,5235.99,1,16.3913,129.906,step
2026-09-01T13:13:13.694927+00:00,27.689,0.2886,0.15,0.0,0.2023,0.1581,5235.99,1,16.3329,129.926,step
2026-09-01T13:13:13.696103+00:00,27.81,0.2913,0.0,0.15,0.1993,0.1591,5235.99,1,16.275,129.946,step
2026-09-01T13:13:13.697333+00:00,27.479,0.294,0.15,0.0,0.1962,0.1601,5235.99,1,16.2178,129.966,step
2026-09-01T13:13:13.698555+00:00,27.601,0.2967,0.0,0.15,0.1932,0.1611,5235.99,1,16.161,129.986,step
2026-09-01T13:13:13.699807+00:00,27.265,0.2993,0.15,0.0,0.1902,0.162,5235.99,1,16.1055,130.006,step
2026-09-01T13:13:13.700989+00:00,27.392,0.3018,0.0,0.15,0.1872,0.1629,5235.99,1,16.0505,130.026,step
2026-09-01T13:13:13.702258+00:00,27.053,0.3043,0.15,0.0,0.1841,0.1636,5235.99,1,15.9968,130.046,step
2026-09-01T13:13:13.703602+00:00,27.183,0.3067,0.0,0.15,0.1811,0.1644,5235.99,1,15.9434,130.066,step
2026-09-01T13:13:13.704796+00:00,26.843,0.309,0.15,0.0,0.1781,0.1651,5235.99,1,15.8914,130.086,step
2026-09-01T13:13:13.706033+00:00,26.974,0.3113,0.0,0.15,0.1751,0.1657,5235.99,1,15.8397,130.106,step
2026-09-01T13:13:13.707249+00:00,26.635,0.3135,0.15,0.0,0.1721,0.1663,5235.99,1,15.7891,130.126,step
2026-09-01T13:13:13.708437+00:00,26.766,0.3158,0.0,0.15,0.1691,0.1669,5235.99,1,15.7387,130.146,step
2026-09-01T13:13:13.709587+00:00,26.426,0.3184,0.15,0.0,0.166,0.1678,5235.99,1,15.6897,130.166,step
2026-09-01T13:13:13.710888+00:00,26.558,0.3209,0.15,0.0,0.163,0.1687,5235.99,1,15.6406,130.186,step
2026-09-01T13:13:13.712057+00:00,26.711,0.3238,0.0,0.15,0.16,0.1698,5235.99,1,15.5873,130.206,step
2026-09-01T13:13:13.713220+00:00,26.375,0.3262,0.15,0.0,0.157,0.1706,5235.99,1,15.5394,130.226,step
2026-09-01T13:13:13.714418+00:00,26.505,0.3287,0.0,0.15,0.1539,0.1714,5235.99,1,15.4918,130.246,step
2026-09-01T13:13:13.715605+00:00,26.164,0.331,0.15,0.0,0.1509,0.1721,5235.99,1,15.4458,130.266,step
2026-09-01T13:13:13.716818+00:00,26.296,0.3333,0.0,0.15,0.1479,0.1727,5235.99,1,15.4001,130.286,step
2026-09-01T13:13:13.718054+00:00,25.953,0.3355,0.8,0.0,0.1449,0.1733,5235.99,1,15.3557,130.306,step
2026-09-01T13:13:13.719377+00:00,26.454,0.3375,0.0,0.15,0.1418,0.1737,5235.99,1,15.3138,130.326,step
2026-09-01T13:13:13.720650+00:00,26.353,0.3396,0.0,0.15,0.1387,0.1742,5235.99,1,15.2698,130.346,step
2026-09-01T13:13:13.721860+00:00,25.933,0.3414,0.0,0.15,0.1357,0.1744,5235.99,1,15.2302,130.366,step
2026-09-01T13:13:13.723096+00:00,25.518,0.3431,0.8,0.0,0.1327,0.1745,5235.99,1,15.1926,130.386,step
2026-09-01T13:13:13.724297+00:00,26.022,0.3448,0.0,0.15,0.1297,0.1747,5235.99,1,15.1535,130.406,step
2026-09-01T13:13:13.725548+00:00,25.916,0.3467,0.0,0.15,0.1266,0.175,5235.99,1,15.1121,130.426,step
2026-09-01T13:13:13.726854+00:00,25.497,0.3483,0.8,0.0,0.1236,0.1751,5235.99,1,15.0746,130.446,step
2026-09-01T13:13:13.728110+00:00,26.012,0.35,0.0,0.15,0.1207,0.1752,5235.99,1,15.0359,130.466,step
2026-09-01T13:13:13.729349+00:00,25.897,0.3517,0.0,0.15,0.1176,0.1755,5235.99,1,14.9948,130.486,step
2026-09-01T13:13:13.730574+00:00,25.476,0.3532,0.0,0.15,0.1146,0.1755,5235.99,1,14.9577,130.506,step
2026-09-01T13:13:13.731796+00:00,25.062,0.3546,0.8,0.0,0.1117,0.1754,5235.99,1,14.9225,130.526,step
2026-09-01T13:13:13.733010+00:00,25.569,0.356,0.0,0.15,0.1088,0.1754,5235.99,1,14.8859,130.546,step
2026-09-01T13:13:13.734197+00:00,25.459,0.3576,0.0,0.15,0.1059,0.1754,5235.99,1,14.8469,130.566,step
2026-09-01T13:13:13.735390+00:00,25.039,0.3589,0.8,0.0,0.103,0.1753,5235.99,1,14.8117,130.586,step
2026-09-01T13:13:13.736768+00:00,25.552,0.3602,0.0,0.15,0.1001,0.1752,5235.99,1,14.7754,130.606,step
2026-09-01T13:13:13.737918+00:00,25.436,0.3622,0.0,0.15,0.0971,0.1757,5235.99,1,14.7366,130.626,step
2026-09-01T13:13:13.739095+00:00,25.015,0.364,0.0,0.15,0.0942,0.1759,5235.99,1,14.7016,130.646,step
2026-09-01T13:13:13.740271+00:00,24.6,0.3655,0.8,0.0,0.0914,0.176,5235.99,1,14.6686,130.666,step
2026-09-01T13:13:13.741458+00:00,25.109,0.3672,0.0,0.15,0.0886,0.1762,5235.99,1,14.6344,130.686,step
2026-09-01T13:13:13.742614+00:00,24.995,0.3689,0.0,0.15,0.0857,0.1765,5235.99,1,14.598,130.706,step
2026-09-01T13:13:13.743840+00:00,24.575,0.3705,0.8,0.0,0.0828,0.1766,5235.99,1,14.5652,130.726,step
2026-09-01T13:13:13.745165+00:00,25.091,0.372,0.0,0.15,0.08,0.1767,5235.99,1,14.5313,130.746,step
2026-09-01T13:13:13.746359+00:00,24.971,0.3737,0.0,0.15,0.0771,0.1769,5235.99,1,14.4952,130.766,step
2026-09-01T13:13:13.747599+00:00,24.549,0.3751,0.8,0.0,0.0743,0.1769,5235.99,1,14.463,130.786,step
2026-09-01T13:13:13.748786+00:00,25.068,0.3766,0.0,0.15,0.0715,0.177,5235.99,1,14.4297,130.806,step
2026-09-01T13:13:13.749990+00:00,24.943,0.3782,0.0,0.15,0.0686,0.1771,5235.99,1,14.3943,130.826,step
2026-09-01T13:13:13.751169+00:00,24.518,0.3795,0.0,0.15,0.0658,0.177,5235.99,1,14.3628,130.846,step
2026-09-01T13:13:13.752450+00:00,24.101,0.3806,0.8,0.0,0.0631,0.1768,5235.99,1,14.3331,130.866,step
2026-09-01T13:13:13.753673+00:00,24.615,0.3819,0.0,0.15,0.0604,0.1767,5235.99,1,14.3025,130.886,step
2026-09-01T13:13:13.754879+00:00,24.494,0.3832,0.0,0.15,0.0576,0.1767,5235.99,1,14.2697,130.906,step
2026-09-01T13:13:13.756112+00:00,24.074,0.3843,0.8,0.0,0.0549,0.1765,5235.99,1,14.2401,130.926,step
2026-09-01T13:13:13.757316+00:00,24.595,0.3855,0.0,0.15,0.0522,0.1763,5235.99,1,14.2096,130.946,step
2026-09-01T13:13:13.758577+00:00,24.469,0.3868,0.0,0.15,0.0494,0.1762,5235.99,1,14.1767,130.966,step
2026-09-01T13:13:13.759793+00:00,24.047,0.3878,0.0,0.15,0.0467,0.176,5235.99,1,14.1471,130.986,step
2026-09-01T13:13:13.761205+00:00,23.632,0.3888,0.8,0.0,0.0441,0.1757,5235.99,1,14.1189,131.006,step
2026-09-01T13:13:13.762416+00:00,24.143,0.3897,0.0,0.15,0.0415,0.1754,5235.99,1,14.0898,131.026,step
2026-09-01T13:13:13.763649+00:00,24.023,0.3909,0.0,0.15,0.0388,0.1752,5235.99,1,14.0582,131.046,step
2026-09-01T13:13:13.764884+00:00,23.601,0.3918,0.8,0.0,0.0362,0.1749,5235.99,1,14.0295,131.066,step
2026-09-01T13:13:13.766102+00:00,24.119,0.3927,0.0,0.15,0.0336,0.1746,5235.99,1,14.0,131.086,step
2026-09-01T13:13:13.767278+00:00,23.992,0.3938,0.0,0.15,0.031,0.1744,5235.99,1,13.968,131.106,step
2026-09-01T13:13:13.768434+00:00,23.568,0.3952,0.8,0.0,0.0284,0.1745,5235.99,1,13.939,131.126,step
2026-09-01T13:13:13.769909+00:00,24.085,0.3966,0.0,0.15,0.0258,0.1745,5235.99,1,13.9094,131.146,step
2026-09-01T13:13:13.771102+00:00,23.957,0.3981,0.0,0.15,0.0232,0.1747,5235.99,1,13.8775,131.166,step
2026-09-01T13:13:13.772308+00:00,23.532,0.3993,0.8,0.0,0.0206,0.1747,5235.99,1,13.8486,131.186,step
2026-09-01T13:13:13.773455+00:00,24.049,0.4006,0.0,0.15,0.018,0.1747,5235.99,1,13.8194,131.206,step
2026-09-01T13:13:13.774667+00:00,23.921,0.402,0.0,0.15,0.0154,0.1748,5235.99,1,13.7879,131.226,step
2026-09-01T13:13:13.775846+00:00,23.495,0.4032,0.0,0.15,0.0129,0.1747,5235.99,1,13.7591,131.246,step
2026-09-01T13:13:13.777237+00:00,23.078,0.4042,0.8,0.0,0.0104,0.1745,5235.99,1,13.7316,131.266,step
2026-09-01T13:13:13.778425+00:00,23.592,0.4053,0.0,0.15,0.0079,0.1744,5235.99,1,13.7036,131.286,step
2026-09-01T13:13:13.779631+00:00,23.467,0.4066,0.0,0.15,0.0054,0.1744,5235.99,1,13.6731,131.306,step
2026-09-01T13:13:13.780802+00:00,23.041,0.4076,0.8,0.0,0.0029,0.1742,5235.99,1,13.6451,131.326,step
2026-09-01T13:13:13.781994+00:00,23.583,0.4086,0.0,0.15,0.0004,0.174,5235.99,1,13.6165,131.346,step
2026-09-01T13:13:13.783191+00:00,23.43,0.4098,0.0,0.15,-0.0021,0.174,5235.99,1,13.5857,131.366,step
2026-09-01T13:13:13.784369+00:00,23.003,0.4107,0.8,0.0,-0.0045,0.1737,5235.99,1,13.5577,131.386,step
2026-09-01T13:13:13.785617+00:00,23.523,0.4116,0.0,0.15,-0.007,0.1735,5235.99,1,13.5297,131.406,step
2026-09-01T13:13:13.786826+00:00,23.39,0.4127,0.0,0.15,-0.0094,0.1733,5235.99,1,13.4992,131.426,step
2026-09-01T13:13:13.788086+00:00,22.965,0.4136,0.0,0.15,-0.0119,0.173,5235.99,1,13.4712,131.446,step
2026-09-01T13:13:13.789356+00:00,22.548,0.4143,0.8,0.0,-0.0142,0.1727,5235.99,1,13.4444,131.466,step
2026-09-01T13:13:13.790543+00:00,23.061,0.4151,0.0,0.15,-0.0166,0.1724,5235.99,1,13.4172,131.486,step
2026-09-01T13:13:13.791759+00:00,22.935,0.416,0.0,0.15,-0.019,0.1721,5235.99,1,13.3874,131.506,step
2026-09-01T13:13:13.792986+00:00,22.511,0.4168,0.8,0.0,-0.0213,0.1718,5235.99,1,13.3598,131.526,step
2026-09-01T13:13:13.794356+00:00,23.033,0.4175,0.0,0.15,-0.0236,0.1714,5235.99,1,13.3323,131.546,step
2026-09-01T13:13:13.795554+00:00,22.899,0.4184,0.0,0.15,-0.026,0.1712,5235.99,1,13.3021,131.566,step
2026-09-01T13:13:13.796743+00:00,22.472,0.4191,0.8,0.0,-0.0283,0.1708,5235.99,1,13.2741,131.586,step
2026-09-01T13:13:13.797929+00:00,22.994,0.4197,0.0,0.15,-0.0306,0.1704,5235.99,1,13.2464,131.606,step
2026-09-01T13:13:13.799121+00:00,22.859,0.4205,0.0,0.15,-0.0329,0.1701,5235.99,1,13.2163,131.626,step
2026-09-01T13:13:13.800285+00:00,22.432,0.4211,0.0,0.15,-0.0352,0.1696,5235.99,1,13.1883,131.646,step
2026-09-01T13:13:13.801425+00:00,22.014,0.4217,0.8,0.0,-0.0374,0.1692,5235.99,1,13.1615,131.666,step
2026-09-01T13:13:13.802631+00:00,22.53,0.4222,0.0,0.15,-0.0395,0.1687,5235.99,1,13.1348,131.686,step
2026-09-01T13:13:13.803790+00:00,22.401,0.4228,0.0,0.15,-0.0418,0.1683,5235.99,1,13.1054,131.706,step
2026-09-01T13:13:13.804974+00:00,21.975,0.4233,0.8,0.0,-0.044,0.1678,5235.99,1,13.0779,131.726,step
2026-09-01T13:13:13.806187+00:00,22.502,0.4238,0.0,0.15,-0.0461,0.1673,5235.99,1,13.0507,131.746,step
2026-09-01T13:13:13.807338+00:00,22.363,0.4244,0.0,0.15,-0.0483,0.1669,5235.99,1,13.0208,131.766,step
2026-09-01T13:13:13.808512+00:00,21.936,0.4249,0.8,0.0,-0.0504,0.1664,5235.99,1,12.9925,131.786,step
2026-09-01T13:13:13.809714+00:00,22.46,0.4253,0.0,0.15,-0.0526,0.1659,5235.99,1,12.9646,131.806,step
2026-09-01T13:13:13.811057+00:00,22.324,0.4259,0.0,0.15,-0.0547,0.1654,5235.99,1,12.9339,131.826,step
2026-09-01T13:13:13.812218+00:00,21.896,0.4263,0.8,0.0,-0.0568,0.1649,5235.99,1,12.9048,131.846,step
2026-09-01T13:13:13.813391+00:00,22.431,0.4267,0.0,0.15,-0.0589,0.1643,5235.99,1,12.8757,131.866,step
2026-09-01T13:13:13.814583+00:00,22.283,0.4272,0.0,0.15,-0.061,0.1639,5235.99,1,12.844,131.886,step
2026-09-01T13:13:13.815733+00:00,21.855,0.4275,0.0,0.15,-0.0631,0.1633,5235.99,1,12.814,131.906,step
2026-09-01T13:13:13.816922+00:00,21.436,0.4278,0.8,0.0,-0.065,0.1628,5235.99,1,12.7848,131.926,step
2026-09-01T13:13:13.818080+00:00,21.956,0.4281,0.0,0.15,-0.067,0.1621,5235.99,1,12.7558,131.946,step
2026-09-01T13:13:13.819334+00:00,21.823,0.4285,0.0,0.15,-0.069,0.1616,5235.99,1,12.724,131.966,step
2026-09-01T13:13:13.820530+00:00,21.398,0.4288,0.8,0.0,-0.071,0.1611,5235.99,1,12.6935,131.986,step
2026-09-01T13:13:13.821711+00:00,21.924,0.429,0.0,0.15,-0.073,0.1604,5235.99,1,12.6633,132.006,step
2026-09-01T13:13:13.822988+00:00,21.786,0.4294,0.0,0.15,-0.0749,0.1599,5235.99,1,12.6304,132.026,step
2026-09-01T13:13:13.824147+00:00,21.36,0.4296,0.8,0.0,-0.0768,0.1593,5235.99,1,12.5988,132.046,step
2026-09-01T13:13:13.825307+00:00,21.885,0.4298,0.0,0.15,-0.0788,0.1587,5235.99,1,12.5678,132.066,step
2026-09-01T13:13:13.826518+00:00,21.747,0.4301,0.0,0.15,-0.0807,0.1582,5235.99,1,12.5339,132.086,step
2026-09-01T13:13:13.827950+00:00,21.32,0.4304,0.0,0.15,-0.0826,0.1576,5235.99,1,12.5014,132.106,step
2026-09-01T13:13:13.829139+00:00,20.902,0.4305,0.8,0.0,-0.0844,0.1569,5235.99,1,12.4698,132.126,step
2026-09-01T13:13:13.830317+00:00,21.423,0.4306,0.0,0.15,-0.0862,0.1562,5235.99,1,12.4386,132.146,step
2026-09-01T13:13:13.831487+00:00,21.289,0.4308,0.0,0.15,-0.088,0.1557,5235.99,1,12.4047,132.166,step
2026-09-01T13:13:13.832648+00:00,20.863,0.431,0.8,0.0,-0.0898,0.1551,5235.99,1,12.372,132.186,step
2026-09-01T13:13:13.833856+00:00,21.395,0.4311,0.0,0.15,-0.0916,0.1544,5235.99,1,12.3397,132.206,step
2026-09-01T13:13:13.835033+00:00,21.252,0.4313,0.0,0.15,-0.0934,0.1538,5235.99,1,12.3046,132.226,step
2026-09-01T13:13:13.836244+00:00,20.825,0.4317,0.8,0.0,-0.0951,0.1535,5235.99,1,12.2709,132.246,step
2026-09-01T13:13:13.837388+00:00,21.354,0.4329,0.0,0.15,-0.0969,0.1537,5235.99,1,12.2379,132.266,step
2026-09-01T13:13:13.838649+00:00,21.212,0.4342,0.0,0.15,-0.0987,0.1541,5235.99,1,12.2022,132.286,step
2026-09-01T13:13:13.839785+00:00,20.785,0.4354,0.0,0.15,-0.1004,0.1543,5235.99,1,12.1681,132.306,step
2026-09-01T13:13:13.840931+00:00,20.366,0.4365,0.8,0.0,-0.1021,0.1546,5235.99,1,12.1349,132.326,step
2026-09-01T13:13:13.842054+00:00,20.891,0.4375,0.0,0.15,-0.1038,0.1547,5235.99,1,12.1027,132.346,step
2026-09-01T13:13:13.843368+00:00,20.754,0.4387,0.0,0.15,-0.1056,0.1549,5235.99,1,12.0678,132.366,step
2026-09-01T13:13:13.844537+00:00,20.328,0.4398,0.8,0.0,-0.1073,0.1551,5235.99,1,12.0342,132.386,step
2026-09-01T13:13:13.845694+00:00,20.861,0.4408,0.0,0.15,-0.109,0.1552,5235.99,1,12.0014,132.406,step
2026-09-01T13:13:13.846866+00:00,20.716,0.4419,0.0,0.15,-0.1108,0.1555,5235.99,1,11.9661,132.426,step
2026-09-01T13:13:13.848032+00:00,20.288,0.443,0.0,0.15,-0.1125,0.1556,5235.99,1,11.9321,132.446,step
2026-09-01T13:13:13.849166+00:00,19.87,0.4439,0.8,0.0,-0.1141,0.1557,5235.99,1,11.8992,132.466,step
2026-09-01T13:13:13.850309+00:00,20.402,0.4448,0.0,0.15,-0.1158,0.1557,5235.99,1,11.8669,132.486,step
2026-09-01T13:13:13.851431+00:00,20.258,0.4458,0.0,0.15,-0.1175,0.1559,5235.99,1,11.8321,132.506,step
2026-09-01T13:13:13.852604+00:00,19.831,0.4467,0.8,0.0,-0.1192,0.1559,5235.99,1,11.7986,132.526,step
2026-09-01T13:13:13.853735+00:00,20.369,0.4475,0.0,0.15,-0.1208,0.1559,5235.99,1,11.766,132.546,step
2026-09-01T13:13:13.854952+00:00,20.22,0.4485,0.0,0.15,-0.1225,0.156,5235.99,1,11.7307,132.566,step
2026-09-01T13:13:13.856135+00:00,19.793,0.4494,0.8,0.0,-0.1242,0.1561,5235.99,1,11.6968,132.586,step
2026-09-01T13:13:13.857290+00:00,20.327,0.4501,0.0,0.15,-0.1258,0.156,5235.99,1,11.6638,132.606,step
2026-09-01T13:13:13.858473+00:00,20.182,0.4511,0.0,0.15,-0.1275,0.1561,5235.99,1,11.6281,132.626,step
2026-09-01T13:13:13.859718+00:00,19.754,0.4519,0.0,0.15,-0.1292,0.1561,5235.99,1,11.5939,132.646,step
2026-09-01T13:13:13.861095+00:00,19.336,0.4526,0.8,0.0,-0.1308,0.156,5235.99,1,11.5608,132.666,step
2026-09-01T13:13:13.862276+00:00,19.866,0.4533,0.0,0.15,-0.1324,0.1559,5235.99,1,11.5284,132.686,step
2026-09-01T13:13:13.863501+00:00,19.725,0.4541,0.0,0.15,-0.134,0.1559,5235.99,1,11.4943,132.706,step
2026-09-01T13:13:13.864679+00:00,19.298,0.4548,0.8,0.0,-0.1356,0.1559,5235.99,1,11.4624,132.726,step
2026-09-01T13:13:13.865831+00:00,19.84,0.4555,0.0,0.15,-0.1372,0.1557,5235.99,1,11.4321,132.746,step
2026-09-01T13:13:13.866993+00:00,19.689,0.4563,0.0,0.15,-0.1388,0.1557,5235.99,1,11.4002,132.766,step
2026-09-01T13:13:13.868159+00:00,19.261,0.4569,0.8,0.0,-0.1404,0.1556,5235.99,1,11.3708,132.786,step
2026-09-01T13:13:13.869385+00:00,19.802,0.4575,0.0,0.15,-0.142,0.1554,5235.99,1,11.3431,132.806,step
2026-09-01T13:13:13.870567+00:00,19.651,0.4583,0.0,0.15,-0.1436,0.1554,5235.99,1,11.3138,132.826,step
2026-09-01T13:13:13.871738+00:00,19.224,0.4589,0.0,0.15,-0.1452,0.1553,5235.99,1,11.2871,132.846,step
2026-09-01T13:13:13.873135+00:00,18.807,0.4595,0.8,0.0,-0.1467,0.1551,5235.99,1,11.2622,132.866,step
2026-09-01T13:13:13.874290+00:00,19.342,0.46,0.0,0.15,-0.1482,0.1549,5235.99,1,11.2388,132.886,step
2026-09-01T13:13:13.875487+00:00,19.198,0.4606,0.0,0.15,-0.1498,0.1548,5235.99,1,11.2139,132.906,step
2026-09-01T13:13:13.876646+00:00,18.772,0.4622,0.8,0.0,-0.1513,0.1555,5235.99,1,11.1915,132.926,step
2026-09-01T13:13:13.877944+00:00,19.317,0.4641,0.0,0.15,-0.1528,0.1564,5235.99,1,11.1708,132.946,step
2026-09-01T13:13:13.879103+00:00,19.163,0.4662,0.0,0.15,-0.1544,0.1575,5235.99,1,11.1489,132.966,step
2026-09-01T13:13:13.880208+00:00,18.735,0.4681,0.8,0.0,-0.156,0.1584,5235.99,1,11.1298,132.986,step
2026-09-01T13:13:13.881341+00:00,19.278,0.4698,0.0,0.15,-0.1575,0.1592,5235.99,1,11.1127,133.006,step
2026-09-01T13:13:13.882469+00:00,19.126,0.4718,0.0,0.15,-0.1592,0.1602,5235.99,1,11.0945,133.026,step
2026-09-01T13:13:13.883603+00:00,18.698,0.4736,0.8,0.0,-0.1607,0.1611,5235.99,1,11.0793,133.046,step
2026-09-01T13:13:13.884715+00:00,19.239,0.4753,0.0,0.15,-0.1623,0.1618,5235.99,1,11.0663,133.066,step
2026-09-01T13:13:13.885944+00:00,19.09,0.4772,0.0,0.15,-0.164,0.1627,5235.99,1,11.0522,133.086,step
2026-09-01T13:13:13.887137+00:00,18.662,0.479,0.8,0.0,-0.1656,0.1635,5235.99,1,11.041,133.106,step
2026-09-01T13:13:13.888277+00:00,19.205,0.4806,0.0,0.15,-0.1672,0.1641,5235.99,1,11.0322,133.126,step
2026-09-01T13:13:13.889433+00:00,19.055,0.4824,0.0,0.15,-0.1689,0.165,5235.99,1,11.0224,133.146,step
2026-09-01T13:13:13.890573+00:00,18.627,0.484,0.8,0.0,-0.1705,0.1657,5235.99,1,11.0155,133.166,step
2026-09-01T13:13:13.891728+00:00,19.161,0.4856,0.0,0.15,-0.1722,0.1662,5235.99,1,11.0113,133.186,step
2026-09-01T13:13:13.892867+00:00,19.02,0.4873,0.0,0.15,-0.1739,0.167,5235.99,1,11.0061,133.206,step
2026-09-01T13:13:13.894201+00:00,18.593,0.4889,0.8,0.0,-0.1755,0.1676,5235.99,1,11.0039,133.226,step
2026-09-01T13:13:13.895393+00:00,19.134,0.4903,0.0,0.15,-0.1772,0.1681,5235.99,1,11.0043,133.246,step
2026-09-01T13:13:13.896539+00:00,18.987,0.492,0.0,0.15,-0.1789,0.1688,5235.99,1,11.0039,133.266,step
2026-09-01T13:13:13.897728+00:00,18.559,0.4935,0.8,0.0,-0.1805,0.1693,5235.99,1,11.0066,133.286,step
2026-09-01T13:13:13.898860+00:00,19.104,0.4949,0.0,0.15,-0.1822,0.1698,5235.99,1,11.0121,133.306,step
2026-09-01T13:13:13.900077+00:00,18.954,0.4965,0.0,0.15,-0.184,0.1704,5235.99,1,11.017,133.326,step
2026-09-01T13:13:13.901263+00:00,18.526,0.4979,0.8,0.0,-0.1856,0.1709,5235.99,1,11.0249,133.346,step
2026-09-01T13:13:13.902610+00:00,19.069,0.4992,0.0,0.15,-0.1873,0.1713,5235.99,1,11.0357,133.366,step
2026-09-01T13:13:13.903858+00:00,18.921,0.5008,0.8,0.0,-0.1891,0.1719,5235.99,1,11.046,133.386,step
2026-09-01T13:13:13.905074+00:00,19.46,0.5021,0.0,0.15,-0.1908,0.1723,5235.99,1,11.0605,133.406,step
2026-09-01T13:13:13.906271+00:00,19.308,0.5037,0.0,0.15,-0.1926,0.1728,5235.99,1,11.0747,133.426,step
2026-09-01T13:13:13.907426+00:00,18.878,0.505,0.8,0.0,-0.1944,0.1732,5235.99,1,11.093,133.446,step
2026-09-01T13:13:13.908616+00:00,19.419,0.5063,0.0,0.15,-0.1961,0.1735,5235.99,1,11.1147,133.466,step
2026-09-01T13:13:13.909815+00:00,19.273,0.5077,0.0,0.15,-0.1979,0.174,5235.99,1,11.1362,133.486,step
2026-09-01T13:13:13.911184+00:00,18.845,0.509,0.8,0.0,-0.1997,0.1743,5235.99,1,11.1619,133.506,step
2026-09-01T13:13:13.912383+00:00,19.387,0.5102,0.0,0.15,-0.2014,0.1746,5235.99,1,11.1911,133.526,step
2026-09-01T13:13:13.913574+00:00,19.242,0.5115,0.8,0.0,-0.2032,0.1749,5235.99,1,11.2204,133.546,step
2026-09-01T13:13:13.914763+00:00,19.783,0.5127,0.0,0.15,-0.205,0.1752,5235.99,1,11.255,133.566,step
2026-09-01T13:13:13.915976+00:00,19.632,0.5141,0.0,0.15,-0.2069,0.1756,5235.99,1,11.29,133.586,step
2026-09-01T13:13:13.917181+00:00,19.204,0.5153,0.8,0.0,-0.2087,0.1758,5235.99,1,11.3296,133.606,step
2026-09-01T13:13:13.918358+00:00,19.743,0.5164,0.0,0.15,-0.2105,0.176,5235.99,1,11.3734,133.626,step
2026-09-01T13:13:13.919596+00:00,19.601,0.5186,0.8,0.0,-0.2123,0.177,5235.99,1,11.4178,133.646,step
2026-09-01T13:13:13.920739+00:00,20.136,0.5218,0.0,0.15,-0.2142,0.1789,5235.99,1,11.469,133.666,step
2026-09-01T13:13:13.921899+00:00,19.991,0.5253,0.0,0.15,-0.2162,0.181,5235.99,1,11.5217,133.686,step
2026-09-01T13:13:13.923066+00:00,19.562,0.5285,0.8,0.0,-0.2181,0.1829,5235.99,1,11.5807,133.706,step
2026-09-01T13:13:13.924197+00:00,20.096,0.5316,0.8,0.0,-0.2201,0.1846,5235.99,1,11.646,133.726,step
2026-09-01T13:13:13.925332+00:00,20.827,0.5348,0.0,0.15,-0.2222,0.1864,5235.99,1,11.7191,133.746,step
2026-09-01T13:13:13.926483+00:00,20.709,0.5382,0.0,0.15,-0.2243,0.1884,5235.99,1,11.7933,133.766,step
2026-09-01T13:13:13.927825+00:00,20.276,0.5414,0.8,0.0,-0.2265,0.1901,5235.99,1,11.8744,133.786,step
2026-09-01T13:13:13.928989+00:00,20.808,0.5445,0.0,0.15,-0.2286,0.1918,5235.99,1,11.9638,133.806,step
2026-09-01T13:13:13.930145+00:00,20.673,0.5477,0.8,0.0,-0.2308,0.1936,5235.99,1,12.0567,133.826,step
2026-09-01T13:13:13.931313+00:00,21.199,0.5508,0.0,0.15,-0.2331,0.1952,5235.99,1,12.1611,133.846,step
2026-09-01T13:13:13.932473+00:00,21.065,0.554,0.8,0.0,-0.2354,0.1969,5235.99,1,12.2701,133.866,step
2026-09-01T13:13:13.933641+00:00,21.574,0.557,0.0,0.15,-0.2378,0.1984,5235.99,1,12.3928,133.886,step
2026-09-01T13:13:13.934848+00:00,21.456,0.5602,0.8,0.0,-0.2402,0.2001,5235.99,1,12.5211,133.906,step
2026-09-01T13:13:13.936067+00:00,21.972,0.5631,0.8,0.0,-0.2426,0.2015,5235.99,1,12.6631,133.926,step
2026-09-01T13:13:13.937228+00:00,22.702,0.566,0.0,0.15,-0.2452,0.2029,5235.99,1,12.8229,133.946,step
2026-09-01T13:13:13.938391+00:00,22.598,0.5693,0.8,0.0,-0.2479,0.2045,5235.99,1,12.9869,133.966,step
2026-09-01T13:13:13.939550+00:00,23.119,0.5724,0.0,0.15,-0.2506,0.206,5235.99,1,13.1681,133.986,step
2026-09-01T13:13:13.940717+00:00,22.983,0.5757,0.8,0.0,-0.2533,0.2075,5235.99,1,13.3607,134.006,step
2026-09-01T13:13:13.941903+00:00,23.494,0.5786,0.15,0.0,-0.2561,0.2088,5235.99,1,13.577,134.026,step
2026-09-01T13:13:13.943095+00:00,23.86,0.582,0.15,0.0,-0.2589,0.2104,5235.99,1,13.8025,134.046,step
2026-09-01T13:13:13.944390+00:00,23.997,0.586,0.15,0.0,-0.2618,0.2126,5235.99,1,14.0219,134.066,step
2026-09-01T13:13:13.945553+00:00,24.133,0.59,0.15,0.0,-0.2648,0.2147,5235.99,1,14.2591,134.086,step
2026-09-01T13:13:13.946748+00:00,24.27,0.594,0.15,0.0,-0.2677,0.2168,5235.99,1,14.5184,134.106,step
2026-09-01T13:13:13.947943+00:00,24.402,0.598,0.15,0.0,-0.2708,0.2188,5235.99,1,14.7965,134.126,step
2026-09-01T13:13:13.949094+00:00,24.529,0.6019,0.15,0.0,-0.2739,0.2208,5235.99,1,15.1011,134.146,step
2026-09-01T13:13:13.950327+00:00,24.656,0.6056,0.15,0.0,-0.277,0.2226,5235.99,1,15.4946,134.166,step
2026-09-01T13:13:13.951518+00:00,24.784,0.6092,0.15,0.0,-0.2801,0.2242,5235.99,1,16.2502,134.186,step
2026-09-01T13:13:13.952930+00:00,24.914,0.6126,0.15,0.0,-0.2833,0.2258,5235.99,1,39.802,134.206,step
2026-09-01T13:13:13.954176+00:00,25.046,0.616,0.15,0.0,-0.2866,0.2273,5235.99,1,39.3553,134.226,step
2026-09-01T13:13:13.955395+00:00,25.179,0.6193,0.15,0.0,-0.2898,0.2287,5235.99,1,38.9056,134.246,step
2026-09-01T13:13:13.956623+00:00,25.313,0.6226,0.15,0.0,-0.2932,0.23,5235.99,1,38.4537,134.266,step
2026-09-01T13:13:13.957895+00:00,25.448,0.6258,0.15,0.0,-0.2965,0.2313,5235.99,1,37.9992,134.286,step
2026-09-01T13:13:13.959105+00:00,25.583,0.6176,0.15,0.0,-0.2998,0.2231,5235.99,1,37.5421,134.306,step
2026-09-01T13:13:13.960272+00:00,25.726,0.6079,0.15,0.0,-0.3028,0.2137,5235.99,1,37.086,134.326,step
2026-09-01T13:13:13.961531+00:00,25.871,0.5981,0.15,0.0,-0.3057,0.2044,5235.99,1,36.6334,134.346,step
2026-09-01T13:13:13.962731+00:00,26.02,0.5884,0.15,0.0,-0.3085,0.1952,5235.99,1,36.1845,134.366,step
2026-09-01T13:13:13.963938+00:00,26.17,0.5787,0.15,0.0,-0.311,0.186,5235.99,1,35.7396,134.386,step
2026-09-01T13:13:13.965136+00:00,26.322,0.5691,0.15,0.0,-0.3134,0.177,5235.99,1,35.2983,134.406,step
2026-09-01T13:13:13.966313+00:00,26.476,0.5594,0.15,0.0,-0.3156,0.168,5235.99,1,34.861,134.426,step
2026-09-01T13:13:13.967531+00:00,26.631,0.5497,0.15,0.0,-0.3177,0.1591,5235.99,1,34.4275,134.446,step
2026-09-01T13:13:13.968709+00:00,26.765,0.54,0.15,0.0,-0.3195,0.1502,5235.99,1,33.9959,134.466,step
2026-09-01T13:13:13.969998+00:00,26.936,0.5301,0.15,0.0,-0.3212,0.1412,5235.99,1,33.5606,134.486,step
2026-09-01T13:13:13.971184+00:00,27.118,0.5201,0.15,0.0,-0.3227,0.1323,5235.99,1,33.1288,134.506,step
2026-09-01T13:13:13.972346+00:00,27.288,0.5103,0.15,0.0,-0.3241,0.1235,5235.99,1,32.7044,134.526,step
2026-09-01T13:13:13.973499+00:00,27.461,0.5007,0.15,0.0,-0.3253,0.1151,5235.99,1,32.2895,134.546,step
2026-09-01T13:13:13.974674+00:00,27.634,0.4915,0.15,0.0,-0.3263,0.1069,5235.99,1,31.8847,134.566,step
2026-09-01T13:13:13.975872+00:00,27.801,0.0824,0.8,0.0,-0.3272,0.099,5235.99,1,31.4868,134.586,step
2026-09-01T13:13:13.977161+00:00,28.418,0.0745,0.8,0.0,-0.3281,0.092,5235.99,1,31.1179,134.606,step
2026-09-01T13:13:13.978322+00:00,29.196,0.0705,0.15,0.0,-0.3294,0.0881,5235.99,1,30.8388,134.626,step
2026-09-01T13:13:13.979505+00:00,29.604,0.0689,0.15,0.0,-0.331,0.0862,5235.99,1,30.6145,134.646,step
2026-09-01T13:13:13.980670+00:00,29.79,0.0682,0.15,0.0,-0.3329,0.0848,5235.99,1,30.4076,134.666,step
2026-09-01T13:13:13.981825+00:00,29.972,0.0677,0.15,0.0,-0.3348,0.0836,5235.99,1,30.2035,134.686,step
2026-09-01T13:13:13.982982+00:00,30.153,0.0672,0.15,0.0,-0.3368,0.0823,5235.99,1,29.9991,134.706,step
2026-09-01T13:13:13.984162+00:00,30.335,0.0667,0.15,0.0,-0.3388,0.0811,5235.99,1,29.794,134.726,step
2026-09-01T13:13:13.985312+00:00,30.518,0.0661,0.15,0.0,-0.3408,0.0798,5235.99,1,29.588,134.746,step
2026-09-01T13:13:13.986641+00:00,30.703,0.0656,0.15,0.0,-0.3427,0.0785,5235.99,1,29.3813,134.766,step
2026-09-01T13:13:13.987809+00:00,30.888,0.0651,0.15,0.0,-0.3446,0.0773,5235.99,1,29.1736,134.786,step
2026-09-01T13:13:13.988953+00:00,31.074,0.0645,0.15,0.0,-0.3465,0.076,5235.99,1,28.9654,134.806,step
2026-09-01T13:13:13.990077+00:00,31.261,0.0639,0.15,0.0,-0.3484,0.0748,5235.99,1,28.7566,134.826,step
2026-09-01T13:13:13.991212+00:00,31.449,0.0634,0.15,0.0,-0.3503,0.0735,5235.99,1,28.5469,134.846,step
2026-09-01T13:13:13.992370+00:00,31.637,0.0628,0.15,0.0,-0.3521,0.0723,5235.99,1,28.3366,134.866,step
2026-09-01T13:13:13.993514+00:00,31.816,0.0622,0.15,0.0,-0.354,0.071,5235.99,1,28.125,134.886,step
2026-09-01T13:13:13.994781+00:00,32.0,0.0614,0.15,0.0,-0.3558,0.0696,5235.99,1,27.9089,134.906,step
2026-09-01T13:13:13.995968+00:00,32.205,0.0606,0.15,0.0,-0.3575,0.0682,5235.99,1,27.692,134.926,step
2026-09-01T13:13:13.997101+00:00,32.401,0.0599,0.15,0.0,-0.3593,0.0669,5235.99,1,27.4767,134.946,step
2026-09-01T13:13:13.998237+00:00,32.597,0.0593,0.15,0.0,-0.361,0.0656,5235.99,1,27.262,134.966,step
2026-09-01T13:13:13.999368+00:00,32.791,0.0587,0.15,0.0,-0.3627,0.0644,5235.99,1,27.0477,134.986,step
2026-09-01T13:13:14.000562+00:00,32.983,0.0581,0.15,0.0,-0.3644,0.0632,5235.99,1,26.8329,135.006,step
2026-09-01T13:13:14.001690+00:00,33.175,0.0575,0.15,0.0,-0.366,0.062,5235.99,1,26.6175,135.026,step
2026-09-01T13:13:14.003036+00:00,33.367,0.0569,0.15,0.0,-0.3677,0.0608,5235.99,1,26.4013,135.046,step
2026-09-01T13:13:14.004212+00:00,33.56,0.0562,0.15,0.0,-0.3693,0.0597,5251.63,1,26.1842,135.066,step
2026-09-01T13:13:14.005384+00:00,33.753,0.0556,0.15,0.0,-0.3709,0.0585,5283.25,1,25.9663,135.086,step
2026-09-01T13:13:14.006542+00:00,33.947,0.0549,0.15,0.0,-0.3724,0.0573,5314.66,1,25.7474,135.106,step
2026-09-01T13:13:14.007677+00:00,34.142,0.0543,0.15,0.0,-0.374,0.0561,5345.49,1,25.5279,135.126,step
2026-09-01T13:13:14.008845+00:00,34.338,0.0536,0.15,0.0,-0.3755,0.0549,5376.12,1,25.3078,135.146,step
2026-09-01T13:13:14.009983+00:00,34.535,0.053,0.15,0.0,-0.377,0.0537,5407.75,1,25.0869,135.166,step
2026-09-01T13:13:14.011283+00:00,34.734,0.0523,0.15,0.0,-0.3785,0.0526,5438.24,1,24.8654,135.186,step
2026-09-01T13:13:14.012413+00:00,34.933,0.0516,0.15,0.0,-0.3799,0.0514,5469.29,1,24.6434,135.206,step
2026-09-01T13:13:14.013560+00:00,35.132,0.051,0.15,0.0,-0.3813,0.0503,5500.93,1,24.4205,135.226,step
2026-09-01T13:13:14.014687+00:00,35.331,0.0503,0.15,0.0,-0.3827,0.0491,5536.79,1,24.197,135.246,step
2026-09-01T13:13:14.015822+00:00,35.526,0.0495,0.15,0.0,-0.3841,0.0479,5583.66,1,23.9713,135.266,step
2026-09-01T13:13:14.016970+00:00,35.734,0.0487,0.15,0.0,-0.3854,0.0467,5606.03,1,23.7443,135.286,step
2026-09-01T13:13:14.018110+00:00,35.938,0.048,0.15,0.0,-0.3868,0.0455,5632.5,1,23.5175,135.306,step
2026-09-01T13:13:14.019324+00:00,36.142,0.0473,0.15,0.0,-0.3881,0.0444,5660.05,1,23.2908,135.326,step
2026-09-01T13:13:14.020467+00:00,36.346,0.0466,0.15,0.0,-0.3893,0.0433,5688.7,1,23.0641,135.346,step
2026-09-01T13:13:14.021624+00:00,36.549,0.0459,0.15,0.0,-0.3906,0.0422,5718.28,1,22.8369,135.366,step
2026-09-01T13:13:14.022753+00:00,36.751,0.0453,0.15,0.0,-0.3918,0.0411,5748.97,1,22.6093,135.386,step
2026-09-01T13:13:14.023869+00:00,36.954,0.0446,0.15,0.0,-0.393,0.0401,5780.76,1,22.3812,135.406,step
2026-09-01T13:13:14.025022+00:00,37.156,0.044,0.15,0.0,-0.3941,0.0391,5812.57,1,22.1524,135.426,step
2026-09-01T13:13:14.026167+00:00,37.359,0.0433,0.0,0.15,-0.3953,0.0381,5844.85,1,21.923,135.446,step
2026-09-01T13:13:14.027325+00:00,37.09,0.0426,0.0,0.15,-0.3964,0.037,5672.58,1,21.6936,135.466,step
2026-09-01T13:13:14.028498+00:00,36.696,0.042,0.0,0.15,-0.3975,0.036,5612.3,1,21.467,135.486,step
2026-09-01T13:13:14.029648+00:00,36.308,0.0413,0.0,0.15,-0.3985,0.035,5553.15,1,21.2431,135.506,step
2026-09-01T13:13:14.030767+00:00,35.924,0.0406,0.0,0.15,-0.3995,0.034,5495.16,1,21.0219,135.526,step
2026-09-01T13:13:14.031872+00:00,35.542,0.0399,0.0,0.15,-0.4005,0.0331,5437.91,1,20.8032,135.546,step
2026-09-01T13:13:14.033017+00:00,35.162,0.0392,0.0,0.15,-0.4014,0.0321,5381.11,1,20.5873,135.566,step
2026-09-01T13:13:14.034172+00:00,34.785,0.0386,0.0,0.15,-0.4023,0.0312,5323.17,1,20.3744,135.586,step
2026-09-01T13:13:14.035488+00:00,34.408,0.0379,0.0,0.15,-0.4031,0.0303,5267.8,1,20.1643,135.606,step
2026-09-01T13:13:14.036619+00:00,34.033,0.0373,0.0,0.15,-0.4039,0.0294,5235.99,1,19.957,135.626,step
2026-09-01T13:13:14.037809+00:00,33.719,0.0366,0.0,0.15,-0.4047,0.0286,5235.99,1,19.7521,135.646,step
2026-09-01T13:13:14.038984+00:00,33.42,0.036,0.0,0.15,-0.4055,0.0277,5235.99,1,19.5484,135.666,step
2026-09-01T13:13:14.040135+00:00,33.132,0.0351,0.0,0.15,-0.4062,0.0267,5235.99,1,19.345,135.686,step
2026-09-01T13:13:14.041303+00:00,32.787,0.0345,0.0,0.15,-0.4069,0.0258,5235.99,1,19.1454,135.706,step
2026-09-01T13:13:14.042447+00:00,32.37,0.034,0.0,0.15,-0.4076,0.0252,5235.99,1,18.9528,135.726,step
2026-09-01T13:13:14.043608+00:00,31.91,0.0338,0.0,0.15,-0.4082,0.0248,5235.99,1,18.7657,135.746,step
2026-09-01T13:13:14.044858+00:00,31.464,0.0336,0.15,0.0,-0.4088,0.0243,5235.99,1,18.5814,135.766,step
2026-09-01T13:13:14.046030+00:00,31.6,0.0331,0.0,0.15,-0.4094,0.0237,5235.99,1,18.3941,135.786,step
2026-09-01T13:13:14.047177+00:00,31.324,0.0322,0.0,0.15,-0.41,0.0227,5235.99,1,18.2065,135.806,step
2026-09-01T13:13:14.048364+00:00,30.967,0.0142,0.0,0.15,-0.4103,0.0075,5235.99,1,18.0221,135.826,step
2026-09-01T13:13:14.049543+00:00,30.611,-0.0035,0.0,0.15,-0.4102,-0.0071,5235.99,1,17.8446,135.846,step
2026-09-01T13:13:14.050742+00:00,30.259,-0.0207,0.0,0.15,-0.4098,-0.0213,5235.99,1,17.6754,135.866,step
2026-09-01T13:13:14.051907+00:00,29.909,-0.0374,0.0,0.15,-0.4091,-0.0349,5235.99,1,17.5146,135.886,step
2026-09-01T13:13:14.053252+00:00,29.564,-0.0537,0.0,0.15,-0.408,-0.048,5235.99,1,17.3613,135.906,step
2026-09-01T13:13:14.054467+00:00,29.222,-0.0695,0.0,0.15,-0.4067,-0.0607,5235.99,1,17.2153,135.926,step
2026-09-01T13:13:14.055677+00:00,28.88,-0.0849,0.8,0.0,-0.4051,-0.0729,5235.99,1,17.076,135.946,step
2026-09-01T13:13:14.056883+00:00,29.336,-0.1004,0.0,0.15,-0.4033,-0.085,5235.99,1,16.9375,135.966,step
2026-09-01T13:13:14.058098+00:00,29.301,-0.1163,0.0,0.15,-0.4012,-0.0974,5235.99,1,16.7957,135.986,step
2026-09-01T13:13:14.059316+00:00,29.077,-0.1311,0.0,0.15,-0.3988,-0.1088,5235.99,1,16.6688,136.006,step
2026-09-01T13:13:14.060629+00:00,28.827,-0.1454,0.0,0.15,-0.3962,-0.1196,5235.99,1,16.5506,136.026,step
2026-09-01T13:13:14.061840+00:00,28.554,-0.1592,0.0,0.15,-0.3934,-0.1299,5235.99,1,16.4392,136.046,step
2026-09-01T13:13:14.063074+00:00,28.242,-0.1725,0.0,0.15,-0.3903,-0.1397,5235.99,1,16.3333,136.066,step
2026-09-01T13:13:14.064318+00:00,27.728,-0.1859,0.0,0.15,-0.3872,-0.1496,5235.99,1,16.2271,136.086,step
2026-09-01T13:13:14.065529+00:00,27.276,-0.1988,0.8,0.0,-0.3839,-0.1589,5235.99,1,16.1273,136.106,step
2026-09-01T13:13:14.066745+00:00,27.723,-0.2114,0.0,0.15,-0.3804,-0.168,5235.99,1,16.032,136.126,step
2026-09-01T13:13:14.067954+00:00,27.578,-0.2239,0.0,0.15,-0.3767,-0.1769,5235.99,1,15.9377,136.146,step
2026-09-01T13:13:14.069343+00:00,27.223,-0.2345,0.0,0.15,-0.3729,-0.1842,5235.99,1,15.8504,136.166,step
2026-09-01T13:13:14.070542+00:00,26.855,-0.2433,0.0,0.15,-0.3691,-0.1899,5235.99,1,15.7682,136.186,step
2026-09-01T13:13:14.071770+00:00,26.487,-0.2518,0.8,0.0,-0.3652,-0.1953,5235.99,1,15.6899,136.206,step
2026-09-01T13:13:14.073007+00:00,26.982,-0.2604,0.0,0.15,-0.3612,-0.2009,5235.99,1,15.6102,136.226,step
2026-09-01T13:13:14.074209+00:00,26.917,-0.2691,0.0,0.15,-0.357,-0.2064,5235.99,1,15.53,136.246,step
2026-09-01T13:13:14.075429+00:00,26.558,-0.2773,0.0,0.15,-0.3528,-0.2114,5235.99,1,15.4565,136.266,step
2026-09-01T13:13:14.076642+00:00,26.185,-0.2852,0.0,0.15,-0.3486,-0.2162,5235.99,1,15.3868,136.286,step
2026-09-01T13:13:14.078001+00:00,25.804,-0.2927,0.8,0.0,-0.3443,-0.2207,5235.99,1,15.3209,136.306,step
2026-09-01T13:13:14.079221+00:00,26.3,-0.3004,0.0,0.15,-0.34,-0.2253,5235.99,1,15.2541,136.326,step
2026-09-01T13:13:14.080445+00:00,26.21,-0.3081,0.0,0.15,-0.3355,-0.2299,5235.99,1,15.1868,136.346,step
2026-09-01T13:13:14.081651+00:00,25.839,-0.3154,0.0,0.15,-0.331,-0.234,5235.99,1,15.126,136.366,step
2026-09-01T13:13:14.082836+00:00,25.463,-0.3223,0.8,0.0,-0.3265,-0.2379,5235.99,1,15.0687,136.386,step
2026-09-01T13:13:14.084056+00:00,25.962,-0.3293,0.0,0.15,-0.3219,-0.2419,5235.99,1,15.0102,136.406,step
2026-09-01T13:13:14.085274+00:00,25.866,-0.3364,0.0,0.15,-0.3172,-0.2459,5235.99,1,14.9514,136.426,step
2026-09-01T13:13:14.086549+00:00,25.492,-0.3431,0.0,0.15,-0.3125,-0.2494,5235.99,1,14.8987,136.446,step
2026-09-01T13:13:14.087785+00:00,25.115,-0.3494,0.8,0.0,-0.3077,-0.2527,5235.99,1,14.8495,136.466,step
2026-09-01T13:13:14.089022+00:00,25.605,-0.3558,0.0,0.15,-0.303,-0.2561,5235.99,1,14.7991,136.486,step
2026-09-01T13:13:14.090209+00:00,25.509,-0.3623,0.0,0.15,-0.2981,-0.2595,5235.99,1,14.7485,136.506,step
2026-09-01T13:13:14.091403+00:00,25.132,-0.3683,0.0,0.15,-0.2932,-0.2625,5235.99,1,14.7039,136.526,step
2026-09-01T13:13:14.092625+00:00,24.755,-0.3741,0.8,0.0,-0.2884,-0.2652,5235.99,1,14.6624,136.546,step
2026-09-01T13:13:14.093887+00:00,25.244,-0.38,0.0,0.15,-0.2835,-0.2681,5235.99,1,14.6197,136.566,step
2026-09-01T13:13:14.095067+00:00,25.143,-0.3852,0.0,0.15,-0.2785,-0.2704,5235.99,1,14.5768,136.586,step
2026-09-01T13:13:14.096258+00:00,24.763,-0.389,0.0,0.15,-0.2735,-0.2715,5235.99,1,14.5396,136.606,step
2026-09-01T13:13:14.097438+00:00,24.388,-0.3926,0.8,0.0,-0.2687,-0.2725,5235.99,1,14.5051,136.626,step
2026-09-01T13:13:14.098616+00:00,24.877,-0.3964,0.0,0.15,-0.2638,-0.2736,5235.99,1,14.4688,136.646,step
2026-09-01T13:13:14.099799+00:00,24.771,-0.4003,0.0,0.15,-0.2588,-0.2747,5235.99,1,14.4318,136.666,step
2026-09-01T13:13:14.101006+00:00,24.392,-0.4037,0.8,0.0,-0.2539,-0.2756,5235.99,1,14.4001,136.686,step
2026-09-01T13:13:14.102234+00:00,24.874,-0.4073,0.0,0.15,-0.249,-0.2765,5235.99,1,14.3669,136.706,step
2026-09-01T13:13:14.103531+00:00,24.77,-0.411,0.0,0.15,-0.244,-0.2775,5235.99,1,14.333,136.726,step
2026-09-01T13:13:14.104753+00:00,24.388,-0.4142,0.0,0.15,-0.239,-0.2781,5235.99,1,14.3044,136.746,step
2026-09-01T13:13:14.105945+00:00,24.01,-0.4172,0.8,0.0,-0.2342,-0.2786,5235.99,1,14.2785,136.766,step
2026-09-01T13:13:14.107119+00:00,24.496,-0.4204,0.0,0.15,-0.2293,-0.2792,5235.99,1,14.2507,136.786,step
2026-09-01T13:13:14.108332+00:00,24.385,-0.4237,0.0,0.15,-0.2244,-0.2799,5235.99,1,14.2224,136.806,step
2026-09-01T13:13:14.109525+00:00,24.004,-0.4266,0.8,0.0,-0.2195,-0.2803,5235.99,1,14.1994,136.826,step
2026-09-01T13:13:14.110838+00:00,24.484,-0.4296,0.0,0.15,-0.2147,-0.2807,5235.99,1,14.1749,136.846,step
2026-09-01T13:13:14.112066+00:00,24.377,-0.4326,0.0,0.15,-0.2097,-0.2812,5235.99,1,14.1498,136.866,step
2026-09-01T13:13:14.113317+00:00,23.995,-0.4353,0.8,0.0,-0.2048,-0.2814,5235.99,1,14.1298,136.886,step
2026-09-01T13:13:14.114503+00:00,24.468,-0.4381,0.0,0.15,-0.2,-0.2818,5235.99,1,14.1084,136.906,step
2026-09-01T13:13:14.115705+00:00,24.364,-0.441,0.0,0.15,-0.195,-0.2821,5235.99,1,14.0863,136.926,step
2026-09-01T13:13:14.116929+00:00,23.978,-0.4435,0.0,0.15,-0.1902,-0.2822,5235.99,1,14.0698,136.946,step
2026-09-01T13:13:14.118139+00:00,23.6,-0.4458,0.8,0.0,-0.1854,-0.2821,5235.99,1,14.0558,136.966,step
2026-09-01T13:13:14.119481+00:00,24.079,-0.4483,0.0,0.15,-0.1807,-0.2822,5235.99,1,14.0401,136.986,step
2026-09-01T13:13:14.120721+00:00,23.968,-0.4508,0.0,0.15,-0.1758,-0.2823,5235.99,1,14.0239,137.006,step
2026-09-01T13:13:14.121911+00:00,23.586,-0.453,0.8,0.0,-0.1711,-0.2821,5235.99,1,14.0128,137.026,step
2026-09-01T13:13:14.123110+00:00,24.063,-0.4553,0.0,0.15,-0.1664,-0.2821,5235.99,1,14.0001,137.046,step
2026-09-01T13:13:14.124301+00:00,23.952,-0.4571,0.0,0.15,-0.1616,-0.2816,5235.99,1,13.9868,137.066,step
2026-09-01T13:13:14.125472+00:00,23.568,-0.4581,0.8,0.0,-0.1569,-0.2804,5235.99,1,13.9787,137.086,step
2026-09-01T13:13:14.126633+00:00,24.041,-0.4592,0.0,0.15,-0.1522,-0.2794,5235.99,1,13.969,137.106,step
2026-09-01T13:13:14.127929+00:00,23.933,-0.4604,0.0,0.15,-0.1475,-0.2785,5235.99,1,13.9585,137.126,step
2026-09-01T13:13:14.129141+00:00,23.547,-0.4612,0.8,0.0,-0.1429,-0.2772,5235.99,1,13.9529,137.146,step
2026-09-01T13:13:14.130343+00:00,24.018,-0.4622,0.0,0.15,-0.1383,-0.2762,5235.99,1,13.9458,137.166,step
2026-09-01T13:13:14.131541+00:00,23.909,-0.4633,0.0,0.15,-0.1337,-0.2751,5235.99,1,13.9381,137.186,step
2026-09-01T13:13:14.132746+00:00,23.524,-0.4641,0.8,0.0,-0.1292,-0.2739,5235.99,1,13.9353,137.206,step
2026-09-01T13:13:14.133946+00:00,23.996,-0.4649,0.0,0.15,-0.1247,-0.2727,5235.99,1,13.931,137.226,step
2026-09-01T13:13:14.135123+00:00,23.885,-0.4659,0.0,0.15,-0.1201,-0.2716,5235.99,1,13.9261,137.246,step
2026-09-01T13:13:14.136467+00:00,23.5,-0.4665,0.8,0.0,-0.1157,-0.2703,5235.99,1,13.9262,137.266,step
2026-09-01T13:13:14.137652+00:00,23.973,-0.4673,0.0,0.15,-0.1113,-0.2691,5235.99,1,13.9244,137.286,step
2026-09-01T13:13:14.138867+00:00,23.86,-0.4681,0.0,0.15,-0.1069,-0.2679,5235.99,1,13.9221,137.306,step
2026-09-01T13:13:14.140053+00:00,23.476,-0.4686,0.8,0.0,-0.1025,-0.2666,5235.99,1,13.9249,137.326,step
2026-09-01T13:13:14.141268+00:00,23.946,-0.4693,0.0,0.15,-0.0982,-0.2653,5235.99,1,13.926,137.346,step
2026-09-01T13:13:14.142485+00:00,23.836,-0.47,0.0,0.15,-0.0938,-0.2641,5235.99,1,13.9264,137.366,step
2026-09-01T13:13:14.143779+00:00,23.451,-0.4704,0.8,0.0,-0.0896,-0.2627,5235.99,1,13.9318,137.386,step
2026-09-01T13:13:14.144988+00:00,23.921,-0.471,0.0,0.15,-0.0854,-0.2614,5235.99,1,13.9355,137.406,step
2026-09-01T13:13:14.146192+00:00,23.811,-0.4717,0.0,0.15,-0.0811,-0.2602,5235.99,1,13.9387,137.426,step
2026-09-01T13:13:14.147384+00:00,23.426,-0.472,0.8,0.0,-0.077,-0.2587,5235.99,1,13.9471,137.446,step
2026-09-01T13:13:14.148574+00:00,23.895,-0.4725,0.0,0.15,-0.0728,-0.2574,5235.99,1,13.9539,137.466,step
2026-09-01T13:13:14.149763+00:00,23.785,-0.473,0.8,0.0,-0.0687,-0.2561,5235.99,1,13.9601,137.486,step
2026-09-01T13:13:14.150942+00:00,24.238,-0.4735,0.0,0.15,-0.0646,-0.2548,5235.99,1,13.968,137.506,step
2026-09-01T13:13:14.152176+00:00,24.132,-0.4741,0.0,0.15,-0.0604,-0.2535,5235.99,1,13.9754,137.526,step
2026-09-01T13:13:14.153481+00:00,23.743,-0.4743,0.8,0.0,-0.0563,-0.252,5235.99,1,13.9883,137.546,step
2026-09-01T13:13:14.154672+00:00,24.205,-0.4744,0.0,0.15,-0.0523,-0.2504,5235.99,1,14.0,137.566,step
2026-09-01T13:13:14.155841+00:00,24.098,-0.474,0.0,0.15,-0.0482,-0.2484,5235.99,1,14.0111,137.586,step
2026-09-01T13:13:14.157009+00:00,23.71,-0.4733,0.8,0.0,-0.0443,-0.2462,5235.99,1,14.0277,137.606,step
2026-09-01T13:13:14.158192+00:00,24.177,-0.4728,0.0,0.15,-0.0404,-0.2442,5235.99,1,14.0423,137.626,step
2026-09-01T13:13:14.159418+00:00,24.067,-0.4724,0.0,0.15,-0.0365,-0.2422,5235.99,1,14.0565,137.646,step
2026-09-01T13:13:14.160687+00:00,23.683,-0.4716,0.8,0.0,-0.0327,-0.24,5235.99,1,14.0756,137.666,step
2026-09-01T13:13:14.161944+00:00,24.151,-0.4711,0.0,0.15,-0.0289,-0.238,5235.99,1,14.0927,137.686,step
2026-09-01T13:13:14.163192+00:00,24.041,-0.4706,0.8,0.0,-0.0252,-0.236,5235.99,1,14.1091,137.706,step
2026-09-01T13:13:14.164395+00:00,24.494,-0.4701,0.0,0.15,-0.0214,-0.234,5235.99,1,14.1271,137.726,step
2026-09-01T13:13:14.165586+00:00,24.388,-0.4696,0.0,0.15,-0.0177,-0.232,5235.99,1,14.1444,137.746,step
2026-09-01T13:13:14.166773+00:00,24.0,-0.4688,0.8,0.0,-0.014,-0.2299,5235.99,1,14.167,137.766,step
2026-09-01T13:13:14.167965+00:00,24.461,-0.4682,0.0,0.15,-0.0104,-0.2279,5235.99,1,14.1881,137.786,step
2026-09-01T13:13:14.169272+00:00,24.355,-0.4677,0.0,0.15,-0.0068,-0.2259,5235.99,1,14.2085,137.806,step
2026-09-01T13:13:14.170481+00:00,23.967,-0.4668,0.8,0.0,-0.0033,-0.2237,5235.99,1,14.2344,137.826,step
2026-09-01T13:13:14.171781+00:00,24.433,-0.4661,0.0,0.15,0.0001,-0.2217,5235.99,1,14.2587,137.846,step
2026-09-01T13:13:14.173042+00:00,24.324,-0.4655,0.8,0.0,0.0036,-0.2198,5235.99,1,14.2824,137.866,step
2026-09-01T13:13:14.174248+00:00,24.776,-0.4649,0.0,0.15,0.007,-0.2178,5235.99,1,14.3078,137.886,step
2026-09-01T13:13:14.175486+00:00,24.671,-0.4643,0.0,0.15,0.0105,-0.2159,5235.99,1,14.3328,137.906,step
2026-09-01T13:13:14.176709+00:00,24.284,-0.4634,0.8,0.0,0.0138,-0.2137,5235.99,1,14.3632,137.926,step
2026-09-01T13:13:14.178046+00:00,24.744,-0.4627,0.0,0.15,0.0171,-0.2118,5235.99,1,14.392,137.946,step
2026-09-01T13:13:14.179274+00:00,24.64,-0.462,0.15,0.0,0.0204,-0.2098,5235.99,1,14.4204,137.966,step
2026-09-01T13:13:14.180485+00:00,24.688,-0.4614,0.15,0.0,0.0236,-0.208,5235.99,1,14.4477,137.986,step
2026-09-01T13:13:14.181677+00:00,24.869,-0.4613,0.0,0.15,0.0268,-0.2065,5235.99,1,14.4688,138.006,step
2026-09-01T13:13:14.182889+00:00,24.556,-0.4607,0.15,0.0,0.03,-0.2047,5235.99,1,14.4985,138.026,step
2026-09-01T13:13:14.184179+00:00,24.621,-0.46,0.15,0.0,0.0331,-0.2029,5235.99,1,14.5293,138.046,step
2026-09-01T13:13:14.185441+00:00,24.803,-0.4597,0.15,0.0,0.0362,-0.2014,5235.99,1,14.5539,138.066,step
2026-09-01T13:13:14.186723+00:00,24.986,-0.4589,0.0,0.15,0.0392,-0.1994,5235.99,1,14.5788,138.086,step
2026-09-01T13:13:14.187929+00:00,24.675,-0.4576,0.15,0.0,0.0422,-0.1971,5235.99,1,14.6127,138.106,step
2026-09-01T13:13:14.189123+00:00,24.739,-0.4563,0.15,0.0,0.0451,-0.1948,5235.99,1,14.6468,138.126,step
2026-09-01T13:13:14.190296+00:00,24.921,-0.4554,0.15,0.0,0.048,-0.1928,5235.99,1,14.6743,138.146,step
2026-09-01T13:13:14.191479+00:00,25.105,-0.4546,0.15,0.0,0.0509,-0.1909,5235.99,1,14.7019,138.166,step
2026-09-01T13:13:14.192677+00:00,25.289,-0.4537,0.0,0.15,0.0538,-0.189,5235.99,1,14.73,138.186,step
2026-09-01T13:13:14.193896+00:00,24.981,-0.4524,0.15,0.0,0.0566,-0.1868,5235.99,1,14.7674,138.206,step
2026-09-01T13:13:14.195165+00:00,25.042,-0.4511,0.15,0.0,0.0594,-0.1845,5235.99,1,14.8056,138.226,step
2026-09-01T13:13:14.196376+00:00,25.224,-0.4502,0.15,0.0,0.0621,-0.1826,5235.99,1,14.8373,138.246,step
2026-09-01T13:13:14.197547+00:00,25.408,-0.4493,0.15,0.0,0.0648,-0.1808,5235.99,1,14.8692,138.266,step
2026-09-01T13:13:14.198723+00:00,25.592,-0.4484,0.0,0.15,0.0675,-0.1789,5235.99,1,14.9018,138.286,step
2026-09-01T13:13:14.199909+00:00,25.284,-0.4471,0.15,0.0,0.0701,-0.1767,5235.99,1,14.9441,138.306,step
2026-09-01T13:13:14.201094+00:00,25.345,-0.4458,0.15,0.0,0.0727,-0.1745,5235.99,1,14.9875,138.326,step
2026-09-01T13:13:14.202432+00:00,25.527,-0.4448,0.15,0.0,0.0752,-0.1726,5235.99,1,15.0243,138.346,step
2026-09-01T13:13:14.203646+00:00,25.711,-0.4438,0.15,0.0,0.0777,-0.1708,5235.99,1,15.0615,138.366,step
2026-09-01T13:13:14.204882+00:00,25.895,-0.4429,0.15,0.0,0.0802,-0.169,5235.99,1,15.0993,138.386,step
2026-09-01T13:13:14.206097+00:00,26.08,-0.442,0.0,0.15,0.0827,-0.1672,5235.99,1,15.1377,138.406,step
2026-09-01T13:13:14.207295+00:00,25.775,-0.4406,0.15,0.0,0.0851,-0.165,5235.99,1,15.186,138.426,step
2026-09-01T13:13:14.208537+00:00,25.832,-0.4392,0.15,0.0,0.0875,-0.1629,5235.99,1,15.2359,138.446,step
2026-09-01T13:13:14.209713+00:00,26.015,-0.4382,0.15,0.0,0.0899,-0.1611,5235.99,1,15.2785,138.466,step
2026-09-01T13:13:14.210972+00:00,26.2,-0.4373,0.15,0.0,0.0922,-0.1593,5235.99,1,15.3214,138.486,step
2026-09-01T13:13:14.212174+00:00,26.384,-0.4363,0.0,0.15,0.0945,-0.1576,5235.99,1,15.365,138.506,step
2026-09-01T13:13:14.213373+00:00,26.08,-0.4349,0.15,0.0,0.0967,-0.1555,5235.99,1,15.4188,138.526,step
2026-09-01T13:13:14.214568+00:00,26.137,-0.4335,0.15,0.0,0.0989,-0.1534,5235.99,1,15.4741,138.546,step
2026-09-01T13:13:14.215737+00:00,26.32,-0.4321,0.15,0.0,0.1011,-0.1513,5235.99,1,15.522,138.566,step
2026-09-01T13:13:14.216950+00:00,26.505,-0.4305,0.15,0.0,0.1032,-0.1491,5235.99,1,15.5701,138.586,step
2026-09-01T13:13:14.218153+00:00,26.69,-0.429,0.15,0.0,0.1053,-0.147,5235.99,1,15.6188,138.606,step
2026-09-01T13:13:14.219468+00:00,26.875,-0.4275,0.15,0.0,0.1074,-0.1449,5235.99,1,15.6682,138.626,step
2026-09-01T13:13:14.220656+00:00,27.06,-0.4261,0.0,0.15,0.1094,-0.1428,5235.99,1,15.7183,138.646,step
2026-09-01T13:13:14.221858+00:00,26.759,-0.4242,0.15,0.0,0.1114,-0.1404,5235.99,1,15.7791,138.666,step
2026-09-01T13:13:14.223044+00:00,26.812,-0.4222,0.15,0.0,0.1133,-0.138,5235.99,1,15.8419,138.686,step
2026-09-01T13:13:14.224227+00:00,26.996,-0.4206,0.15,0.0,0.1152,-0.1359,5235.99,1,15.8968,138.706,step
2026-09-01T13:13:14.225433+00:00,27.182,-0.4191,0.15,0.0,0.117,-0.1338,5235.99,1,15.9521,138.726,step
2026-09-01T13:13:14.226620+00:00,27.368,-0.4176,0.15,0.0,0.1188,-0.1318,5235.99,1,16.0078,138.746,step
2026-09-01T13:13:14.227857+00:00,27.553,-0.4161,0.15,0.0,0.1206,-0.1299,5235.99,1,16.0641,138.766,step
2026-09-01T13:13:14.229073+00:00,27.738,-0.4147,0.0,0.15,0.1223,-0.1279,5235.99,1,16.1211,138.786,step
2026-09-01T13:13:14.230288+00:00,27.437,-0.4127,0.15,0.0,0.1241,-0.1256,5235.99,1,16.1898,138.806,step
2026-09-01T13:13:14.231494+00:00,27.489,-0.4108,0.15,0.0,0.1257,-0.1233,5235.99,1,16.2607,138.826,step
2026-09-01T13:13:14.232719+00:00,27.674,-0.4092,0.15,0.0,0.1273,-0.1213,5235.99,1,16.3234,138.846,step
2026-09-01T13:13:14.233963+00:00,27.86,-0.4077,0.15,0.0,0.1289,-0.1194,5235.99,1,16.3859,138.866,step
2026-09-01T13:13:14.235171+00:00,28.047,-0.4062,0.15,0.0,0.1304,-0.1175,5235.99,1,16.4491,138.886,step
2026-09-01T13:13:14.236538+00:00,28.233,-0.4047,0.15,0.0,0.1319,-0.1156,5235.99,1,16.5149,138.906,step
2026-09-01T13:13:14.237770+00:00,28.419,-0.4032,0.15,0.0,0.1333,-0.1138,5235.99,1,16.5842,138.926,step
2026-09-01T13:13:14.238977+00:00,28.606,-0.4018,0.15,0.0,0.1348,-0.112,5235.99,1,16.6571,138.946,step
2026-09-01T13:13:14.240170+00:00,28.792,-0.4004,0.15,0.0,0.1362,-0.1102,5235.99,1,16.7344,138.966,step
2026-09-01T13:13:14.241383+00:00,28.978,-0.399,0.15,0.0,0.1376,-0.1085,5235.99,1,16.8162,138.986,step
2026-09-01T13:13:14.242571+00:00,29.164,-0.3974,0.15,0.0,0.1389,-0.1066,5235.99,1,16.9032,139.006,step
2026-09-01T13:13:14.243799+00:00,29.35,-0.3955,0.15,0.0,0.1403,-0.1045,5235.99,1,16.9953,139.026,step
2026-09-01T13:13:14.245068+00:00,29.536,-0.3935,0.15,0.0,0.1415,-0.1023,5235.99,1,17.0929,139.046,step
2026-09-01T13:13:14.246279+00:00,29.722,-0.3916,0.15,0.0,0.1428,-0.1002,5235.99,1,17.1965,139.066,step
2026-09-01T13:13:14.247483+00:00,29.907,-0.3896,0.15,0.0,0.144,-0.098,5235.99,1,17.3061,139.086,step
2026-09-01T13:13:14.248655+00:00,30.094,-0.3876,0.15,0.0,0.1451,-0.0959,5235.99,1,17.4216,139.106,step
2026-09-01T13:13:14.249858+00:00,30.28,-0.3857,0.15,0.0,0.1462,-0.0938,5235.99,1,17.5434,139.126,step
2026-09-01T13:13:14.251077+00:00,30.466,-0.3837,0.15,0.0,0.1473,-0.0918,5235.99,1,17.6717,139.146,step
2026-09-01T13:13:14.252371+00:00,30.654,-0.3818,0.15,0.0,0.1483,-0.0897,5235.99,1,17.8071,139.166,step
2026-09-01T13:13:14.253551+00:00,30.839,-0.3799,0.15,0.0,0.1493,-0.0877,5235.99,1,17.9488,139.186,step
2026-09-01T13:13:14.254770+00:00,31.025,-0.378,0.15,0.0,0.1502,-0.0857,5235.99,1,18.0982,139.206,step
2026-09-01T13:13:14.255953+00:00,31.21,-0.3761,0.15,0.0,0.1511,-0.0838,5235.99,1,18.2562,139.226,step
2026-09-01T13:13:14.257141+00:00,31.396,-0.3741,0.15,0.0,0.152,-0.0818,5235.99,1,18.4236,139.246,step
2026-09-01T13:13:14.258375+00:00,31.582,-0.3722,0.15,0.0,0.1528,-0.0799,5235.99,1,18.601,139.266,step
2026-09-01T13:13:14.259580+00:00,31.769,-0.3703,0.15,0.0,0.1535,-0.0779,5235.99,1,18.7877,139.286,step
2026-09-01T13:13:14.260937+00:00,31.956,-0.3684,0.15,0.0,0.1543,-0.0761,5235.99,1,18.9846,139.306,step
2026-09-01T13:13:14.262173+00:00,32.142,-0.3665,0.15,0.0,0.1549,-0.0742,5235.99,1,19.192,139.326,step
2026-09-01T13:13:14.263417+00:00,32.329,-0.3646,0.15,0.0,0.1556,-0.0724,5235.99,1,19.4114,139.346,step
2026-09-01T13:13:14.264633+00:00,32.516,-0.3628,0.15,0.0,0.1562,-0.0706,5235.99,1,19.643,139.366,step
2026-09-01T13:13:14.265849+00:00,32.702,-0.3609,0.15,0.0,0.1567,-0.0688,5235.99,1,19.8878,139.386,step
2026-09-01T13:13:14.267096+00:00,32.889,-0.359,0.15,0.0,0.1573,-0.067,5235.99,1,20.1464,139.406,step
2026-09-01T13:13:14.268285+00:00,33.075,-0.3567,0.15,0.0,0.1577,-0.0649,5235.99,1,20.4204,139.426,step
2026-09-01T13:13:14.269653+00:00,33.261,-0.3544,0.15,0.0,0.1582,-0.0628,5235.99,1,20.7098,139.446,step
2026-09-01T13:13:14.270834+00:00,33.449,-0.3522,0.15,0.0,0.1586,-0.0607,5235.99,1,21.0161,139.466,step
2026-09-01T13:13:14.272033+00:00,33.635,-0.3499,0.15,0.0,0.1589,-0.0587,5246.23,1,21.3406,139.486,step
2026-09-01T13:13:14.273243+00:00,33.822,-0.3477,0.15,0.0,0.1592,-0.0567,5275.71,1,21.6837,139.506,step
2026-09-01T13:13:14.274436+00:00,34.009,-0.3454,0.15,0.0,0.1594,-0.0548,5305.15,1,22.0482,139.526,step
2026-09-01T13:13:14.275654+00:00,34.197,-0.3432,0.15,0.0,0.1596,-0.0528,5334.86,1,22.4347,139.546,step
2026-09-01T13:13:14.276871+00:00,34.385,-0.341,0.15,0.0,0.1597,-0.051,5362.32,1,22.8428,139.566,step
2026-09-01T13:13:14.278303+00:00,34.573,-0.3389,0.15,0.0,0.1599,-0.0491,5392.04,1,23.2757,139.586,step
2026-09-01T13:13:14.279591+00:00,34.761,-0.3367,0.15,0.0,0.1599,-0.0473,5422.5,1,23.7378,139.606,step
2026-09-01T13:13:14.280878+00:00,34.949,-0.3346,0.15,0.0,0.1599,-0.0455,5453.27,1,24.2344,139.626,step
2026-09-01T13:13:14.282146+00:00,35.138,-0.3324,0.15,0.0,0.1598,-0.0437,5483.49,1,24.7662,139.646,step
2026-09-01T13:13:14.283377+00:00,35.327,-0.3302,0.15,0.0,0.1597,-0.042,5513.8,1,25.3317,139.666,step
2026-09-01T13:13:14.284600+00:00,35.518,-0.3281,0.15,0.0,0.1596,-0.0403,5543.53,1,25.9349,139.686,step
2026-09-01T13:13:14.286006+00:00,35.709,-0.326,0.15,0.0,0.1594,-0.0386,5573.5,1,26.5804,139.706,step
2026-09-01T13:13:14.287220+00:00,35.899,-0.324,0.15,0.0,0.1592,-0.037,5603.88,1,27.2718,139.726,step
2026-09-01T13:13:14.288451+00:00,36.091,-0.322,0.15,0.0,0.159,-0.0354,5633.93,1,28.0142,139.746,step
2026-09-01T13:13:14.289638+00:00,36.282,-0.3199,0.15,0.0,0.1587,-0.0338,5664.23,1,28.8128,139.766,step
2026-09-01T13:13:14.290801+00:00,36.474,-0.3175,0.15,0.0,0.1583,-0.032,5694.02,1,29.6745,139.786,step
2026-09-01T13:13:14.291973+00:00,36.665,-0.3151,0.15,0.0,0.1579,-0.0301,5724.65,1,30.6068,139.806,step
2026-09-01T13:13:14.293158+00:00,36.857,-0.3127,0.15,0.0,0.1574,-0.0283,5754.8,1,31.6154,139.826,step
2026-09-01T13:13:14.294420+00:00,37.05,-0.3103,0.15,0.0,0.1569,-0.0266,5785.19,1,32.7102,139.846,step
2026-09-01T13:13:14.295618+00:00,37.242,-0.308,0.15,0.0,0.1563,-0.0249,5815.51,1,33.8999,139.866,step
2026-09-01T13:13:14.296830+00:00,37.435,-0.3057,0.15,0.0,0.1557,-0.0232,5845.79,1,35.1977,139.886,step
2026-09-01T13:13:14.298046+00:00,37.629,-0.3034,0.15,0.0,0.1551,-0.0216,5873.15,1,36.617,139.906,step
2026-09-01T13:13:14.299244+00:00,37.822,-0.3012,0.15,0.0,0.1544,-0.02,5903.68,1,38.1657,139.926,step
2026-09-01T13:13:14.300475+00:00,38.014,-0.299,0.15,0.0,0.1537,-0.0185,5934.49,1,39.8711,139.946,step
2026-09-01T13:13:14.301742+00:00,38.206,-0.2968,0.15,0.0,0.1529,-0.017,5966.61,1,41.7749,139.966,step
2026-09-01T13:13:14.303190+00:00,38.399,-0.2946,0.15,0.0,0.152,-0.0155,5997.68,1,43.8935,139.986,step
2026-09-01T13:13:14.304437+00:00,38.593,-0.0924,0.8,0.0,0.1511,-0.014,6028.6,1,45.9859,140.006,step
2026-09-01T13:13:14.305691+00:00,39.226,-0.0922,0.8,0.0,0.1504,-0.0142,7036.31,1,47.4607,140.026,step
2026-09-01T13:13:14.306953+00:00,40.031,-0.0955,0.8,0.0,0.15,-0.0171,7890.04,1,48.0438,140.046,step
2026-09-01T13:13:14.308208+00:00,40.869,-0.0999,0.8,0.0,0.1499,-0.0208,8990.07,1,48.4037,140.066,step
2026-09-01T13:13:14.309465+00:00,41.732,-0.1046,0.8,0.0,0.15,-0.0247,10349.8,1,48.7276,140.086,step
2026-09-01T13:13:14.310805+00:00,42.616,-0.1091,0.8,0.0,0.1502,-0.0283,11667.4,1,49.0557,140.106,step
2026-09-01T13:13:14.312011+00:00,43.516,-0.1136,0.8,0.0,0.1506,-0.0319,12929.9,1,49.3972,140.126,step
2026-09-01T13:13:14.313233+00:00,44.425,-0.1181,0.8,0.0,0.1511,-0.0355,14183.7,1,49.7625,140.146,step
2026-09-01T13:13:14.314463+00:00,45.344,-0.1227,0.8,0.0,0.1518,-0.039,15446.8,1,50.1643,140.166,step
2026-09-01T13:13:14.315677+00:00,46.271,-0.1273,0.8,0.0,0.1527,-0.0424,16719.1,1,50.6198,140.186,step
2026-09-01T13:13:14.316888+00:00,47.225,-0.1317,0.8,0.0,0.1537,-0.0457,17932.7,1,51.1431,140.206,step
2026-09-01T13:13:14.318104+00:00,48.236,-0.136,0.8,0.0,0.1549,-0.0488,19003.6,1,51.7367,140.226,step
2026-09-01T13:13:14.319517+00:00,49.244,-0.14,0.8,0.0,0.1563,-0.0515,19132.3,1,52.4324,140.246,step
2026-09-01T13:13:14.320751+00:00,50.259,-0.1434,0.8,0.0,0.1578,-0.0537,19531.3,2,53.3033,140.266,step
2026-09-01T13:13:14.322001+00:00,51.264,-0.1463,0.8,0.0,0.1596,-0.0554,14532.8,2,54.3189,140.286,step
2026-09-01T13:13:14.323244+00:00,52.229,-0.1488,0.8,0.0,0.1616,-0.0567,14511.0,2,55.4601,140.306,step
2026-09-01T13:13:14.324467+00:00,53.157,-0.1509,0.8,0.0,0.1638,-0.0575,9771.35,2,56.7215,140.326,step
2026-09-01T13:13:14.325673+00:00,54.061,-0.1525,0.8,0.0,0.1662,-0.0579,10061.7,2,58.0912,140.346,step
2026-09-01T13:13:14.326831+00:00,54.953,-0.1467,0.8,0.0,0.1687,-0.052,10442.8,2,59.5661,140.366,step
2026-09-01T13:13:14.328202+00:00,55.839,-0.1391,0.8,0.0,0.1711,-0.0446,10828.3,2,61.1331,140.386,step
2026-09-01T13:13:14.329371+00:00,56.722,-0.1308,0.8,0.0,0.1733,-0.0368,11209.4,2,62.7741,140.406,step
2026-09-01T13:13:14.330551+00:00,57.602,-0.122,0.8,0.0,0.1754,-0.0286,11582.7,2,64.4881,140.426,step
2026-09-01T13:13:14.331706+00:00,58.614,-0.1127,0.8,0.0,0.1773,-0.02,11703.3,2,66.2595,140.446,step
2026-09-01T13:13:14.332857+00:00,59.789,-0.1031,0.8,0.0,0.179,-0.0113,11541.0,2,68.0304,140.466,step
2026-09-01T13:13:14.334043+00:00,60.919,-0.0932,0.8,0.0,0.1805,-0.0025,11453.6,2,69.8085,140.486,step
2026-09-01T13:13:14.335221+00:00,61.936,-0.0829,0.8,0.0,0.1818,0.0066,11562.6,2,71.6108,140.506,step
2026-09-01T13:13:14.336532+00:00,62.842,-0.0722,0.8,0.0,0.1828,0.016,11861.5,2,73.4602,140.526,step
2026-09-01T13:13:14.337752+00:00,63.683,-0.0608,0.8,0.0,0.1835,0.0258,12264.1,2,75.3814,140.546,step
2026-09-01T13:13:14.339180+00:00,64.494,-0.0488,0.8,0.0,0.1839,0.036,12708.3,2,77.6291,140.566,step
2026-09-01T13:13:14.340388+00:00,65.302,-0.0362,0.8,0.0,0.1841,0.0465,13155.8,2,80.4436,140.586,step
2026-09-01T13:13:14.341638+00:00,66.117,-0.023,0.8,0.0,0.184,0.0575,13587.2,2,84.2028,140.606,step
2026-09-01T13:13:14.342923+00:00,66.943,-0.0093,0.8,0.0,0.1836,0.0688,13996.2,2,90.2443,140.626,step
2026-09-01T13:13:14.344413+00:00,67.78,0.005,0.8,0.0,0.1828,0.0804,14382.8,2,152.684,140.646,step
2026-09-01T13:13:14.345888+00:00,68.621,0.0199,0.8,0.0,0.1818,0.0923,14755.2,2,148.322,140.666,step
2026-09-01T13:13:14.347278+00:00,69.466,0.0353,0.8,0.0,0.1803,0.1046,15114.1,2,143.432,140.686,step
2026-09-01T13:13:14.348690+00:00,70.311,0.0513,0.8,0.0,0.1785,0.1171,15460.9,2,137.774,140.706,step
2026-09-01T13:13:14.350124+00:00,71.156,0.0682,0.8,0.0,0.1762,0.1302,15792.8,2,130.683,140.726,step
2026-09-01T13:13:14.351547+00:00,72.006,0.0858,0.8,0.0,0.1735,0.1438,16110.3,2,122.936,140.746,step
2026-09-01T13:13:14.352998+00:00,72.851,0.1039,0.8,0.0,0.1703,0.1576,16422.1,2,115.9,140.766,step
2026-09-01T13:13:14.354244+00:00,73.688,0.1226,0.8,0.0,0.1667,0.1716,16735.9,2,109.513,140.786,step
2026-09-01T13:13:14.355508+00:00,74.511,0.3418,0.0,0.15,0.1626,0.1859,17056.9,2,39.6683,140.806,step
2026-09-01T13:13:14.356717+00:00,75.142,0.3597,0.0,0.15,0.1581,0.1989,14571.2,2,35.8274,140.826,step
2026-09-01T13:13:14.357886+00:00,75.601,0.3731,0.0,0.15,0.1534,0.2082,12374.4,2,33.7909,140.846,step
2026-09-01T13:13:14.359031+00:00,76.058,0.3821,0.0,0.15,0.1484,0.2136,10287.2,2,32.7096,140.866,step
2026-09-01T13:13:14.360204+00:00,76.24,0.3849,0.0,0.15,0.1427,0.2135,8902.52,2,32.6053,140.886,step
2026-09-01T13:13:14.361532+00:00,75.947,0.3809,0.0,0.15,0.1362,0.2075,8529.26,2,33.618,140.906,step
2026-09-01T13:13:14.362695+00:00,75.529,0.3719,0.0,0.15,0.129,0.197,8465.13,2,35.9826,140.926,step
2026-09-01T13:13:14.363924+00:00,75.087,0.3593,0.0,0.15,0.1212,0.1832,8461.16,2,41.7346,140.946,step
2026-09-01T13:13:14.365207+00:00,74.638,0.1442,0.8,0.0,0.1133,0.1673,8443.84,2,108.747,140.966,step
2026-09-01T13:13:14.366521+00:00,75.149,0.1311,0.8,0.0,0.1051,0.153,9730.74,2,114.722,140.986,step
2026-09-01T13:13:14.367861+00:00,76.012,0.1238,0.8,0.0,0.0964,0.1433,10193.6,2,119.078,141.006,step
2026-09-01T13:13:14.369423+00:00,76.933,0.1185,0.8,0.0,0.0876,0.1352,10513.6,2,122.942,141.026,step
2026-09-01T13:13:14.370801+00:00,77.889,0.1137,0.8,0.0,0.0786,0.1275,10757.5,2,126.673,141.046,step
2026-09-01T13:13:14.372183+00:00,78.854,0.1091,0.8,0.0,0.0697,0.12,10975.4,2,129.778,141.066,step
2026-09-01T13:13:14.373587+00:00,79.8,0.1047,0.8,0.0,0.0608,0.1126,11203.6,2,132.436,141.086,step
2026-09-01T13:13:14.374985+00:00,80.718,0.1001,0.8,0.0,0.052,0.1051,11464.5,3,134.849,141.106,step
2026-09-01T13:13:14.376449+00:00,81.57,0.0953,0.8,0.0,0.0433,0.0974,9074.69,3,137.102,141.126,step
2026-09-01T13:13:14.377899+00:00,81.888,0.0916,0.8,0.0,0.0351,0.0909,9082.07,3,138.803,141.146,step
2026-09-01T13:13:14.379246+00:00,81.891,0.0892,0.8,0.0,0.0275,0.0857,7493.35,3,139.996,141.166,step
2026-09-01T13:13:14.380580+00:00,82.337,0.0868,0.8,0.0,0.0204,0.0808,7933.38,3,141.039,141.186,step
2026-09-01T13:13:14.381922+00:00,82.991,0.084,0.8,0.0,0.0138,0.0757,8018.58,3,142.088,141.206,step
2026-09-01T13:13:14.383229+00:00,83.688,0.081,0.15,0.0,0.0077,0.0707,8051.83,3,81.5716,141.226,step
2026-09-01T13:13:14.384592+00:00,84.016,0.0786,0.15,0.0,0.0019,0.0663,7704.51,3,77.0542,141.246,step
2026-09-01T13:13:14.386083+00:00,84.098,0.0768,0.15,0.0,-0.0035,0.0625,7712.32,3,74.3866,141.266,step
2026-09-01T13:13:14.387417+00:00,84.182,0.075,0.15,0.0,-0.0084,0.059,7721.34,3,72.2132,141.286,step
2026-09-01T13:13:14.388766+00:00,84.266,0.073,0.15,0.0,-0.013,0.0554,7730.07,3,70.2754,141.306,step
2026-09-01T13:13:14.390090+00:00,84.352,0.0708,0.15,0.0,-0.0172,0.0519,7738.26,3,68.5036,141.326,step
2026-09-01T13:13:14.391361+00:00,84.438,0.0686,0.15,0.0,-0.0212,0.0483,7746.21,3,66.8724,141.346,step
2026-09-01T13:13:14.392624+00:00,84.524,0.0663,0.15,0.0,-0.0249,0.0449,7753.92,3,65.3638,141.366,step
2026-09-01T13:13:14.394009+00:00,84.611,0.064,0.15,0.0,-0.0283,0.0416,7761.63,3,63.965,141.386,step
2026-09-01T13:13:14.395319+00:00,84.697,0.0618,0.15,0.0,-0.0315,0.0384,7769.35,3,62.6619,141.406,step
2026-09-01T13:13:14.396636+00:00,84.784,0.0595,0.15,0.0,-0.0344,0.0353,7777.23,3,61.444,141.426,step
2026-09-01T13:13:14.397916+00:00,84.871,0.0574,0.15,0.0,-0.0371,0.0324,7785.21,3,60.2931,141.446,step
2026-09-01T13:13:14.399141+00:00,84.958,0.0552,0.15,0.0,-0.0396,0.0295,7793.24,3,59.1925,141.466,step
2026-09-01T13:13:14.400368+00:00,85.046,0.053,0.15,0.0,-0.0418,0.0267,7801.21,3,58.1398,141.486,step
2026-09-01T13:13:14.401591+00:00,85.132,0.0507,0.15,0.0,-0.0439,0.024,7809.14,3,57.1273,141.506,step
2026-09-01T13:13:14.403018+00:00,85.219,0.0485,0.15,0.0,-0.0457,0.0214,7817.06,3,56.1515,141.526,step
2026-09-01T13:13:14.404232+00:00,85.305,0.0463,0.0,0.15,-0.0474,0.0188,7827.38,3,55.2046,141.546,step
2026-09-01T13:13:14.405487+00:00,85.01,0.0439,0.0,0.15,-0.0488,0.0163,7668.44,3,54.2835,141.566,step
2026-09-01T13:13:14.406693+00:00,84.525,0.0415,0.0,0.15,-0.0501,0.0137,7624.86,3,53.3823,141.586,step
2026-09-01T13:13:14.407898+00:00,84.041,0.0391,0.0,0.15,-0.0512,0.0112,7581.76,3,52.5023,141.606,step
2026-09-01T13:13:14.409140+00:00,83.56,0.0366,0.0,0.15,-0.0521,0.0088,7539.16,3,51.6513,141.626,step
2026-09-01T13:13:14.410426+00:00,83.082,0.0342,0.0,0.15,-0.0528,0.0065,7496.9,3,50.8326,141.646,step
2026-09-01T13:13:14.411727+00:00,82.607,0.0318,0.0,0.15,-0.0534,0.0043,7454.73,3,50.0477,141.666,step
2026-09-01T13:13:14.412946+00:00,82.135,0.0296,0.0,0.15,-0.0538,0.0022,7412.67,3,49.2924,141.686,step
2026-09-01T13:13:14.414188+00:00,81.664,0.0274,0.0,0.15,-0.054,0.0003,7370.45,3,48.5648,141.706,step
2026-09-01T13:13:14.415385+00:00,81.195,0.0254,0.0,0.15,-0.0542,-0.0014,7328.31,3,47.8663,141.726,step
2026-09-01T13:13:14.416586+00:00,80.741,0.0235,0.0,0.15,-0.0541,-0.003,7286.83,3,47.1977,141.746,step
2026-09-01T13:13:14.417825+00:00,80.281,0.0218,0.0,0.15,-0.054,-0.0044,7244.97,3,46.5596,141.766,step
2026-09-01T13:13:14.419097+00:00,79.818,0.0202,0.0,0.15,-0.0538,-0.0056,7202.83,2,45.945,141.786,step
2026-09-01T13:13:14.420286+00:00,79.37,0.0187,0.0,0.15,-0.0535,-0.0067,9054.96,2,45.35,141.806,step
2026-09-01T13:13:14.421522+00:00,78.935,-0.1828,0.0,0.15,-0.0531,-0.0078,9033.45,2,44.77,141.826,step
2026-09-01T13:13:14.422732+00:00,78.5,-0.1816,0.0,0.15,-0.0529,-0.0067,8896.13,2,44.4843,141.846,step
2026-09-01T13:13:14.423929+00:00,77.946,-0.1751,0.0,0.15,-0.0531,-0.0014,8832.42,2,44.7669,141.866,step
2026-09-01T13:13:14.425111+00:00,77.431,0.0344,0.0,0.15,-0.0539,0.0062,8732.13,2,45.3659,141.886,step
2026-09-01T13:13:14.426352+00:00,76.922,0.0425,0.0,0.15,-0.0549,0.0126,8684.58,2,45.8222,141.906,step
2026-09-01T13:13:14.427623+00:00,76.388,0.0449,0.0,0.15,-0.0558,0.0141,8636.18,2,45.6175,141.926,step
2026-09-01T13:13:14.428808+00:00,75.868,0.0442,0.0,0.15,-0.0565,0.0133,8588.44,2,45.0706,141.946,step
2026-09-01T13:13:14.430031+00:00,75.357,-0.1576,0.0,0.15,-0.0572,0.0115,8539.54,2,44.3994,141.966,step
2026-09-01T13:13:14.431226+00:00,74.864,-0.157,0.0,0.15,-0.058,0.0116,8489.97,2,44.0019,141.986,step
2026-09-01T13:13:14.432426+00:00,74.331,-0.1511,0.0,0.15,-0.0594,0.016,8434.16,2,44.1955,142.006,step
2026-09-01T13:13:14.433633+00:00,73.817,-0.1427,0.0,0.15,-0.0612,0.0222,8375.18,2,44.6945,142.026,step
2026-09-01T13:13:14.434876+00:00,73.317,0.0665,0.0,0.15,-0.0635,0.029,8315.08,2,45.3364,142.046,step
2026-09-01T13:13:14.436200+00:00,72.844,0.0733,0.0,0.15,-0.0659,0.0336,8256.11,2,45.694,142.066,step
2026-09-01T13:13:14.437468+00:00,72.33,0.0744,0.0,0.15,-0.0681,0.0336,8196.82,2,45.2842,142.086,step
2026-09-01T13:13:14.438779+00:00,71.844,-0.1273,0.0,0.15,-0.0701,0.0313,8144.03,2,44.5101,142.106,step
2026-09-01T13:13:14.440067+00:00,71.374,-0.1276,0.0,0.15,-0.0721,0.0303,8094.13,2,43.9447,142.126,step
2026-09-01T13:13:14.441346+00:00,70.868,-0.1233,0.0,0.15,-0.0745,0.0329,8040.16,2,43.9715,142.146,step
2026-09-01T13:13:14.442661+00:00,70.371,-0.1166,0.0,0.15,-0.0772,0.0374,7984.33,2,44.3183,142.166,step
2026-09-01T13:13:14.443994+00:00,69.883,-0.1115,0.0,0.15,-0.0802,0.0403,7929.16,2,44.8287,142.186,step
2026-09-01T13:13:14.445430+00:00,69.404,0.0923,0.8,0.0,-0.0833,0.0422,7874.2,2,45.4286,142.206,step
2026-09-01T13:13:14.446797+00:00,69.742,0.0932,0.8,0.0,-0.0863,0.0417,8811.92,2,45.6021,142.226,step
2026-09-01T13:13:14.448143+00:00,70.489,-0.1118,0.0,0.15,-0.0887,0.0365,9343.61,2,44.8597,142.246,step
2026-09-01T13:13:14.449468+00:00,70.779,-0.1169,0.0,0.15,-0.091,0.0314,8074.22,2,44.1381,142.266,step
2026-09-01T13:13:14.450806+00:00,70.317,-0.1178,0.0,0.15,-0.0932,0.0297,7972.43,2,44.0786,142.286,step
2026-09-01T13:13:14.452206+00:00,69.822,-0.1163,0.0,0.15,-0.0956,0.0299,7920.72,2,44.4106,142.306,step
2026-09-01T13:13:14.453558+00:00,69.332,-0.1136,0.0,0.15,-0.098,0.0312,7867.64,2,44.9922,142.326,step
2026-09-01T13:13:14.454978+00:00,68.85,0.0897,0.8,0.0,-0.1005,0.0329,7815.0,2,45.7565,142.346,step
2026-09-01T13:13:14.456373+00:00,69.201,0.0902,0.8,0.0,-0.1029,0.0323,8717.71,2,46.0549,142.366,step
2026-09-01T13:13:14.457783+00:00,69.979,0.0851,0.0,0.15,-0.1048,0.0272,9168.44,2,45.2462,142.386,step
2026-09-01T13:13:14.459202+00:00,70.228,-0.1223,0.0,0.15,-0.1062,0.0205,7974.99,2,44.0986,142.406,step
2026-09-01T13:13:14.460684+00:00,69.761,-0.1277,0.0,0.15,-0.1074,0.0155,7924.94,2,43.3583,142.426,step
2026-09-01T13:13:14.462062+00:00,69.261,-0.1286,0.0,0.15,-0.1086,0.0142,7867.89,2,43.4295,142.446,step
2026-09-01T13:13:14.463471+00:00,68.767,-0.1269,0.0,0.15,-0.11,0.0151,7808.22,2,44.0193,142.466,step
2026-09-01T13:13:14.464887+00:00,68.287,-0.1238,0.0,0.15,-0.1116,0.017,7751.12,2,44.9764,142.486,step
2026-09-01T13:13:14.466282+00:00,67.816,0.0798,0.8,0.0,-0.1132,0.0193,7696.37,2,46.2585,142.506,step
2026-09-01T13:13:14.467708+00:00,68.155,0.0805,0.8,0.0,-0.1148,0.0192,8601.41,2,46.9886,142.526,step
2026-09-01T13:13:14.469164+00:00,68.847,0.0754,0.8,0.0,-0.1158,0.0146,9200.38,2,46.1416,142.546,step
2026-09-01T13:13:14.470533+00:00,69.642,-0.1321,0.0,0.15,-0.1165,0.008,9728.52,2,44.7345,142.566,step
2026-09-01T13:13:14.471934+00:00,70.192,-0.1384,0.0,0.15,-0.1169,0.0026,8034.29,2,43.762,142.586,step
2026-09-01T13:13:14.473286+00:00,69.75,-0.1403,0.0,0.15,-0.1174,0.0008,7925.07,2,43.8576,142.606,step
2026-09-01T13:13:14.474664+00:00,69.245,-0.1396,0.0,0.15,-0.118,0.0012,7866.23,2,44.637,142.626,step
2026-09-01T13:13:14.476078+00:00,68.743,0.0627,0.8,0.0,-0.1186,0.0028,7805.13,2,46.1091,142.646,step
2026-09-01T13:13:14.477563+00:00,69.079,0.0631,0.8,0.0,-0.1192,0.0029,8713.1,2,47.3696,142.666,step
2026-09-01T13:13:14.478982+00:00,69.848,0.0585,0.8,0.0,-0.1194,-0.001,9190.51,2,46.7128,142.686,step
2026-09-01T13:13:14.480468+00:00,70.687,0.0516,0.0,0.15,-0.1191,-0.0066,9636.3,2,45.2769,142.706,step
2026-09-01T13:13:14.481923+00:00,71.131,-0.1561,0.0,0.15,-0.1185,-0.0128,8091.89,2,43.8276,142.726,step
2026-09-01T13:13:14.483321+00:00,70.672,-0.1614,0.0,0.15,-0.1177,-0.0169,8026.85,2,43.2016,142.746,step
2026-09-01T13:13:14.484745+00:00,70.16,-0.1621,0.0,0.15,-0.117,-0.0172,7967.86,2,44.0079,142.766,step
2026-09-01T13:13:14.486308+00:00,69.653,0.0401,0.8,0.0,-0.1165,-0.0151,7906.33,2,46.4271,142.786,step
2026-09-01T13:13:14.487800+00:00,69.988,0.0409,0.8,0.0,-0.1161,-0.0143,8836.27,2,106.96,142.806,step
2026-09-01T13:13:14.489264+00:00,70.733,0.0367,0.8,0.0,-0.1151,-0.0174,9394.52,2,106.497,142.826,step
2026-09-01T13:13:14.490638+00:00,71.558,0.0305,0.8,0.0,-0.1138,-0.022,9877.36,2,49.0359,142.846,step
2026-09-01T13:13:14.492016+00:00,72.432,0.0235,0.0,0.15,-0.1122,-0.0272,10274.8,2,46.2846,142.866,step
2026-09-01T13:13:14.493398+00:00,73.055,-0.1837,0.0,0.15,-0.1104,-0.0324,8403.65,2,44.6161,142.886,step
2026-09-01T13:13:14.494913+00:00,72.661,-0.1887,0.0,0.15,-0.1083,-0.0357,8250.33,2,44.3582,142.906,step
2026-09-01T13:13:14.496347+00:00,72.134,0.0103,0.8,0.0,-0.1063,-0.0357,8189.02,2,104.674,142.926,step
2026-09-01T13:13:14.497780+00:00,72.431,0.0098,0.8,0.0,-0.1044,-0.0353,9163.61,2,103.419,142.946,step
2026-09-01T13:13:14.499202+00:00,73.227,0.0059,0.8,0.0,-0.1021,-0.0376,9681.73,2,102.743,142.966,step
2026-09-01T13:13:14.500648+00:00,74.082,0.0007,0.8,0.0,-0.0995,-0.0409,10107.6,2,102.277,142.986,step
2026-09-01T13:13:14.502138+00:00,74.972,-0.0051,0.8,0.0,-0.0967,-0.0445,10469.1,2,101.858,143.006,step
2026-09-01T13:13:14.503560+00:00,75.886,-0.0109,0.8,0.0,-0.0935,-0.0481,10782.8,2,101.421,143.026,step
2026-09-01T13:13:14.504990+00:00,76.816,-0.0167,0.8,0.0,-0.0901,-0.0515,11065.4,2,100.938,143.046,step
2026-09-01T13:13:14.506416+00:00,77.752,-0.0224,0.8,0.0,-0.0865,-0.0547,11333.4,2,100.398,143.066,step
2026-09-01T13:13:14.507857+00:00,78.69,-0.028,0.8,0.0,-0.0826,-0.0577,11591.5,2,99.7952,143.086,step
2026-09-01T13:13:14.509272+00:00,79.624,-0.0334,0.15,0.0,-0.0784,-0.0605,11850.6,2,99.1229,143.106,step
2026-09-01T13:13:14.510720+00:00,80.534,-0.0385,0.15,0.0,-0.074,-0.0629,10328.3,3,98.3714,143.126,step
2026-09-01T13:13:14.512115+00:00,81.108,-0.0435,0.15,0.0,-0.0693,-0.0651,8085.85,3,97.5561,143.146,step
2026-09-01T13:13:14.513537+00:00,81.124,-0.0484,0.15,0.0,-0.0645,-0.0672,8096.83,3,96.704,143.166,step
2026-09-01T13:13:14.514947+00:00,81.148,-0.0529,0.15,0.0,-0.0596,-0.0689,7425.1,3,95.7807,143.186,step
2026-09-01T13:13:14.516367+00:00,81.221,-0.0571,0.15,0.0,-0.0546,-0.0703,7452.84,3,94.7943,143.206,step
2026-09-01T13:13:14.517830+00:00,81.321,-0.0612,0.15,0.0,-0.0495,-0.0716,7461.71,3,93.7641,143.226,step
2026-09-01T13:13:14.519323+00:00,81.421,-0.0651,0.15,0.0,-0.0443,-0.0727,7470.63,3,92.69,143.246,step
2026-09-01T13:13:14.520757+00:00,81.521,-0.0688,0.15,0.0,-0.039,-0.0736,7479.6,3,91.5755,143.266,step
2026-09-01T13:13:14.522209+00:00,81.62,-0.0723,0.15,0.0,-0.0337,-0.0743,7488.62,3,90.4225,143.286,step
2026-09-01T13:13:14.523619+00:00,81.718,-0.0757,0.15,0.0,-0.0283,-0.0749,7497.75,3,89.2353,143.306,step
2026-09-01T13:13:14.525026+00:00,81.818,-0.079,0.15,0.0,-0.023,-0.0754,7504.95,3,88.0162,143.326,step
2026-09-01T13:13:14.526488+00:00,81.916,-0.0822,0.15,0.0,-0.0175,-0.0758,7514.1,3,86.7709,143.346,step
2026-09-01T13:13:14.528055+00:00,82.013,-0.0853,0.15,0.0,-0.0121,-0.0761,7523.9,3,85.4944,143.366,step
2026-09-01T13:13:14.529442+00:00,82.11,-0.0882,0.15,0.0,-0.0066,-0.0763,7533.8,3,84.1781,143.386,step
2026-09-01T13:13:14.530891+00:00,82.207,-0.091,0.15,0.0,-0.0011,-0.0763,7543.4,3,82.8155,143.406,step
2026-09-01T13:13:14.532310+00:00,82.303,-0.0935,0.15,0.0,0.0044,-0.0761,7552.7,3,81.4035,143.426,step
2026-09-01T13:13:14.533769+00:00,82.398,-0.0958,0.15,0.0,0.0098,-0.0757,7561.63,3,79.9184,143.446,step
2026-09-01T13:13:14.535319+00:00,82.492,-0.0977,0.15,0.0,0.0153,-0.0751,7569.99,3,78.3674,143.466,step
2026-09-01T13:13:14.536761+00:00,82.587,-0.0995,0.15,0.0,0.0206,-0.0743,7578.45,3,76.7746,143.486,step
2026-09-01T13:13:14.538198+00:00,82.68,-0.1012,0.15,0.0,0.026,-0.0735,7587.0,3,75.1471,143.506,step
2026-09-01T13:13:14.539626+00:00,82.774,-0.1029,0.15,0.0,0.0312,-0.0727,7595.55,3,73.4895,143.526,step
2026-09-01T13:13:14.541023+00:00,82.867,-0.1044,0.15,0.0,0.0365,-0.0718,7604.07,3,71.8003,143.546,step
2026-09-01T13:13:14.542413+00:00,82.962,-0.106,0.15,0.0,0.0416,-0.071,7608.71,3,70.089,143.566,step
2026-09-01T13:13:14.543827+00:00,83.053,-0.1076,0.15,0.0,0.0467,-0.0702,7617.15,3,68.4291,143.586,step
2026-09-01T13:13:14.545263+00:00,83.143,-0.1092,0.15,0.0,0.0517,-0.0694,7626.38,3,66.8068,143.606,step
2026-09-01T13:13:14.546694+00:00,83.233,-0.1105,0.15,0.0,0.0567,-0.0685,7636.25,3,65.2048,143.626,step
2026-09-01T13:13:14.548101+00:00,83.323,-0.1117,0.15,0.0,0.0616,-0.0674,7645.84,3,63.6149,143.646,step
2026-09-01T13:13:14.549498+00:00,83.414,-0.1126,0.15,0.0,0.0664,-0.0662,7654.82,3,62.0419,143.666,step
2026-09-01T13:13:14.550943+00:00,83.501,-0.1131,0.15,0.0,0.0711,-0.0646,7663.2,3,60.4572,143.686,step
2026-09-01T13:13:14.552422+00:00,83.59,-0.1134,0.15,0.0,0.0757,-0.0629,7670.66,3,58.889,143.706,step
2026-09-01T13:13:14.553838+00:00,83.678,-0.1136,0.15,0.0,0.0802,-0.0613,7678.34,3,57.3729,143.726,step
2026-09-01T13:13:14.555244+00:00,83.765,-0.1138,0.15,0.0,0.0846,-0.0596,7686.2,3,55.912,143.746,step
2026-09-01T13:13:14.556632+00:00,83.853,-0.1141,0.15,0.0,0.0888,-0.0581,7694.0,3,54.5057,143.766,step
2026-09-01T13:13:14.558061+00:00,83.94,-0.1144,0.0,0.15,0.093,-0.0566,7701.82,3,53.1526,143.786,step
2026-09-01T13:13:14.559455+00:00,83.644,-0.1147,0.0,0.15,0.097,-0.0552,7558.83,3,51.8418,143.806,step
2026-09-01T13:13:14.560862+00:00,83.161,-0.1148,0.0,0.15,0.101,-0.0536,7514.41,3,50.5542,143.826,step
2026-09-01T13:13:14.562214+00:00,82.677,-0.1145,0.0,0.15,0.1047,-0.0518,7465.79,3,49.2744,143.846,step
2026-09-01T13:13:14.563579+00:00,82.199,-0.1138,0.0,0.15,0.1083,-0.0497,7417.37,3,47.996,143.866,step
2026-09-01T13:13:14.564961+00:00,81.724,-0.1128,0.0,0.15,0.1118,-0.0474,7371.39,3,46.7298,143.886,step
2026-09-01T13:13:14.566334+00:00,81.26,-0.1115,0.0,0.15,0.1151,-0.0449,7327.31,3,45.4924,143.906,step
2026-09-01T13:13:14.567746+00:00,80.813,0.0896,0.0,0.15,0.1183,-0.0427,7286.2,3,44.3196,143.926,step
2026-09-01T13:13:14.569194+00:00,80.37,0.0881,0.0,0.15,0.1215,-0.0427,7246.04,3,43.4321,143.946,step
2026-09-01T13:13:14.570706+00:00,79.884,0.0811,0.0,0.15,0.1251,-0.0469,7204.37,2,43.0382,143.966,step
2026-09-01T13:13:14.572106+00:00,79.421,0.077,0.0,0.15,0.129,-0.0488,9056.79,2,42.8931,143.986,step
2026-09-01T13:13:14.573501+00:00,78.987,0.0744,0.0,0.15,0.1329,-0.0492,9035.28,2,42.8545,144.006,step
2026-09-01T13:13:14.574932+00:00,78.539,0.0716,0.0,0.15,0.1368,-0.05,8900.47,2,42.8544,144.026,step
2026-09-01T13:13:14.576419+00:00,78.055,0.0685,0.0,0.15,0.1406,-0.051,8784.01,2,42.8821,144.046,step
2026-09-01T13:13:14.577919+00:00,77.544,0.0652,0.0,0.15,0.1444,-0.0522,8735.52,2,42.9362,144.066,step
2026-09-01T13:13:14.579332+00:00,77.022,0.062,0.0,0.15,0.1481,-0.0533,8703.81,2,42.9877,144.086,step
2026-09-01T13:13:14.580769+00:00,76.508,0.059,0.0,0.15,0.1519,-0.0542,8658.91,2,43.0184,144.106,step
2026-09-01T13:13:14.582127+00:00,75.998,0.0565,0.0,0.15,0.1557,-0.0547,8611.11,2,43.0229,144.126,step
2026-09-01T13:13:14.583491+00:00,75.491,0.0544,0.0,0.15,0.1595,-0.0549,8560.43,2,43.0005,144.146,step
2026-09-01T13:13:14.584911+00:00,74.988,0.0526,0.0,0.15,0.1632,-0.0548,8507.1,2,42.9566,144.166,step
2026-09-01T13:13:14.586413+00:00,74.489,0.051,0.0,0.15,0.167,-0.0546,8451.78,2,42.8989,144.186,step
2026-09-01T13:13:14.587789+00:00,73.995,0.0495,0.0,0.15,0.1707,-0.0543,8392.56,2,42.8332,144.206,step
2026-09-01T13:13:14.589194+00:00,73.504,0.0481,0.0,0.15,0.1744,-0.0539,8335.69,2,42.7632,144.226,step
2026-09-01T13:13:14.590568+00:00,73.014,0.0468,0.0,0.15,0.178,-0.0535,8279.83,2,42.688,144.246,step
2026-09-01T13:13:14.591949+00:00,72.527,0.0456,0.0,0.15,0.1816,-0.053,8225.02,2,42.6071,144.266,step
2026-09-01T13:13:14.593293+00:00,72.042,0.0446,0.0,0.15,0.1851,-0.0524,8170.78,2,42.5217,144.286,step
2026-09-01T13:13:14.594726+00:00,71.559,0.0439,0.0,0.15,0.1885,-0.0515,8116.94,2,42.432,144.306,step
2026-09-01T13:13:14.596094+00:00,71.078,0.0432,0.0,0.15,0.1919,-0.0507,8063.5,2,42.3376,144.326,step
2026-09-01T13:13:14.597456+00:00,70.6,0.0427,0.0,0.15,0.1952,-0.0497,8010.25,2,42.2385,144.346,step
2026-09-01T13:13:14.598803+00:00,70.123,0.0422,0.0,0.15,0.1984,-0.0488,7956.55,2,42.1373,144.366,step
2026-09-01T13:13:14.600165+00:00,69.649,0.0418,0.0,0.15,0.2016,-0.0478,7903.78,2,42.0348,144.386,step
2026-09-01T13:13:14.601539+00:00,69.177,0.0415,0.0,0.15,0.2046,-0.0468,7851.09,2,41.9316,144.406,step
2026-09-01T13:13:14.602985+00:00,68.707,0.0412,0.0,0.15,0.2076,-0.0458,7798.7,2,41.8295,144.426,step
2026-09-01T13:13:14.604340+00:00,68.239,0.041,0.0,0.15,0.2105,-0.0448,7746.44,2,41.726,144.446,step
2026-09-01T13:13:14.605659+00:00,67.774,0.0411,0.0,0.15,0.2134,-0.0435,7694.35,2,41.6211,144.466,step
2026-09-01T13:13:14.606971+00:00,67.31,0.0413,0.0,0.15,0.2161,-0.0422,7642.36,2,41.517,144.486,step
2026-09-01T13:13:14.608308+00:00,66.849,0.0415,0.0,0.15,0.2187,-0.0409,7590.55,2,41.414,144.506,step
2026-09-01T13:13:14.609690+00:00,66.388,0.0418,0.0,0.15,0.2213,-0.0397,7539.85,2,41.3151,144.526,step
2026-09-01T13:13:14.611175+00:00,65.929,0.0421,0.0,0.15,0.2237,-0.0384,7488.18,2,41.2202,144.546,step
2026-09-01T13:13:14.612529+00:00,65.473,0.0423,0.0,0.15,0.2261,-0.0372,7436.64,2,41.1291,144.566,step
2026-09-01T13:13:14.613882+00:00,65.019,0.0427,0.0,0.15,0.2283,-0.036,7385.41,2,41.0404,144.586,step
2026-09-01T13:13:14.615204+00:00,64.567,0.043,0.0,0.15,0.2305,-0.0348,7334.54,2,40.9563,144.606,step
2026-09-01T13:13:14.616547+00:00,64.117,0.0434,0.0,0.15,0.2327,-0.0335,7283.87,2,40.8765,144.626,step
2026-09-01T13:13:14.617954+00:00,63.668,0.0441,0.0,0.15,0.2347,-0.0321,7233.39,2,40.7989,144.646,step
2026-09-01T13:13:14.619279+00:00,63.222,0.0449,0.0,0.15,0.2366,-0.0307,7183.12,2,40.7258,144.666,step
2026-09-01T13:13:14.620600+00:00,62.776,0.0456,0.0,0.15,0.2385,-0.0293,7133.02,2,40.6595,144.686,step
2026-09-01T13:13:14.621947+00:00,62.331,0.0463,0.0,0.15,0.2403,-0.028,7084.79,2,40.6007,144.706,step
2026-09-01T13:13:14.623297+00:00,61.886,0.047,0.0,0.15,0.2419,-0.0267,7034.88,2,40.5467,144.726,step
2026-09-01T13:13:14.624686+00:00,61.446,0.0478,0.0,0.15,0.2435,-0.0254,6984.89,2,40.5001,144.746,step
2026-09-01T13:13:14.626022+00:00,61.007,0.0485,0.0,0.15,0.2451,-0.0242,6934.87,2,40.4619,144.766,step
2026-09-01T13:13:14.627399+00:00,60.57,0.0491,0.0,0.15,0.2465,-0.023,6885.27,2,40.4293,144.786,step
2026-09-01T13:13:14.628723+00:00,60.135,0.0498,0.0,0.15,0.2479,-0.0218,6835.94,2,40.4023,144.806,step
2026-09-01T13:13:14.630035+00:00,59.7,0.0509,0.0,0.15,0.2492,-0.0204,6786.89,2,40.3829,144.826,step
2026-09-01T13:13:14.631349+00:00,59.268,0.052,0.0,0.15,0.2505,-0.019,6737.94,2,40.3717,144.846,step
2026-09-01T13:13:14.632677+00:00,58.836,0.053,0.0,0.15,0.2516,-0.0177,6689.42,2,40.3684,144.866,step
2026-09-01T13:13:14.634014+00:00,58.406,0.054,0.0,0.15,0.2527,-0.0164,6640.99,2,40.3738,144.886,step
2026-09-01T13:13:14.635397+00:00,57.975,0.055,0.0,0.15,0.2537,-0.0151,6594.97,2,40.3869,144.906,step
2026-09-01T13:13:14.636766+00:00,57.544,0.056,0.0,0.15,0.2547,-0.0139,6546.2,2,40.4102,144.926,step
2026-09-01T13:13:14.638083+00:00,57.118,0.057,0.0,0.15,0.2556,-0.0127,6497.53,2,40.4445,144.946,step
2026-09-01T13:13:14.639432+00:00,56.694,0.0579,0.0,0.15,0.2564,-0.0116,6448.81,2,40.4888,144.966,step
2026-09-01T13:13:14.640757+00:00,56.27,0.0587,0.0,0.15,0.2572,-0.0105,6400.51,2,40.5425,144.986,step
2026-09-01T13:13:14.642056+00:00,55.849,0.0596,0.0,0.15,0.2579,-0.0095,6352.56,2,40.6057,145.006,step
2026-09-01T13:13:14.643320+00:00,55.428,0.0609,0.0,0.15,0.2586,-0.0082,6304.89,2,40.6782,145.026,step
2026-09-01T13:13:14.644686+00:00,55.009,0.0622,0.0,0.15,0.2592,-0.0069,6257.49,2,40.7604,145.046,step
2026-09-01T13:13:14.645958+00:00,54.59,0.0634,0.0,0.15,0.2597,-0.0056,6210.39,2,40.8522,145.066,step
2026-09-01T13:13:14.647271+00:00,54.172,0.0646,0.0,0.15,0.2602,-0.0044,6163.15,2,40.9513,145.086,step
2026-09-01T13:13:14.648553+00:00,53.754,0.0658,0.0,0.15,0.2607,-0.0032,6118.77,2,41.0538,145.106,step
2026-09-01T13:13:14.649869+00:00,53.334,0.067,0.0,0.15,0.261,-0.0021,6071.22,2,41.16,145.126,step
2026-09-01T13:13:14.651237+00:00,52.919,0.068,0.0,0.15,0.2614,-0.001,6023.91,2,41.2705,145.146,step
2026-09-01T13:13:14.652685+00:00,52.506,0.0691,0.0,0.15,0.2617,-0.0,5976.23,2,41.3828,145.166,step
2026-09-01T13:13:14.653951+00:00,52.095,0.0701,0.0,0.15,0.2619,0.0009,5928.92,2,41.4961,145.186,step
2026-09-01T13:13:14.655252+00:00,51.684,0.0711,0.0,0.15,0.2622,0.0018,5882.15,2,41.6106,145.206,step
2026-09-01T13:13:14.656515+00:00,51.275,0.0722,0.0,0.15,0.2623,0.0028,5835.62,2,41.7255,145.226,step
2026-09-01T13:13:14.657761+00:00,50.866,0.0737,0.0,0.15,0.2625,0.0041,5789.28,2,41.8408,145.246,step
2026-09-01T13:13:14.659031+00:00,50.458,0.0751,0.0,0.15,0.2625,0.0053,5743.0,2,41.9593,145.266,step
2026-09-01T13:13:14.660307+00:00,50.051,0.0765,0.0,0.15,0.2626,0.0065,5696.93,2,42.0802,145.286,step
2026-09-01T13:13:14.661718+00:00,49.644,0.0778,0.0,0.15,0.2625,0.0076,5650.96,1,42.2025,145.306,step
2026-09-01T13:13:14.662997+00:00,49.242,0.0791,0.0,0.15,0.2625,0.0086,7583.54,1,42.3278,145.326,step
2026-09-01T13:13:14.664284+00:00,48.84,0.0804,0.0,0.15,0.2624,0.0097,7572.6,1,42.4549,145.346,step
2026-09-01T13:13:14.665618+00:00,48.426,0.0816,0.0,0.15,0.2623,0.0106,7386.39,1,42.5867,145.366,step
2026-09-01T13:13:14.666941+00:00,47.97,0.0827,0.0,0.15,0.2621,0.0115,7317.05,1,42.7284,145.386,step
2026-09-01T13:13:14.668274+00:00,47.517,0.0837,0.0,0.15,0.262,0.0123,7247.58,1,42.8751,145.406,step
2026-09-01T13:13:14.669634+00:00,47.067,0.0847,0.0,0.15,0.2618,0.013,7178.93,1,43.0233,145.426,step
2026-09-01T13:13:14.670905+00:00,46.619,0.0857,0.0,0.15,0.2616,0.0137,7111.45,1,43.1718,145.446,step
2026-09-01T13:13:14.672169+00:00,46.173,0.0869,0.0,0.15,0.2613,0.0146,7044.52,1,43.3203,145.466,step
2026-09-01T13:13:14.673409+00:00,45.73,0.0884,0.0,0.15,0.261,0.0158,6978.17,1,43.4685,145.486,step
2026-09-01T13:13:14.674660+00:00,45.289,0.0899,0.0,0.15,0.2607,0.0169,6912.04,1,43.6165,145.506,step
2026-09-01T13:13:14.675959+00:00,44.85,0.0913,0.0,0.15,0.2604,0.0179,6846.12,1,43.7669,145.526,step
2026-09-01T13:13:14.677346+00:00,44.413,0.0927,0.0,0.15,0.26,0.0189,6780.4,1,43.9192,145.546,step
2026-09-01T13:13:14.678637+00:00,43.977,0.094,0.0,0.15,0.2596,0.0199,6717.12,1,44.0743,145.566,step
2026-09-01T13:13:14.679883+00:00,43.54,0.0953,0.0,0.15,0.2592,0.0208,6654.32,1,44.2299,145.586,step
2026-09-01T13:13:14.681180+00:00,43.107,0.0966,0.0,0.15,0.2587,0.0216,6588.49,1,44.3876,145.606,step
2026-09-01T13:13:14.682454+00:00,42.679,0.0978,0.0,0.15,0.2583,0.0224,6522.58,1,44.5489,145.626,step
2026-09-01T13:13:14.683730+00:00,42.254,0.0989,0.0,0.15,0.2578,0.0232,6457.07,1,44.7123,145.646,step
2026-09-01T13:13:14.685017+00:00,41.831,0.1,0.15,0.0,0.2573,0.0239,6392.13,1,44.8761,145.666,step
2026-09-01T13:13:14.686334+00:00,41.929,-0.0987,0.8,0.0,0.2568,0.0247,6554.7,1,45.022,145.686,step
2026-09-01T13:13:14.687581+00:00,42.543,0.1051,0.0,0.15,0.2561,0.0276,7727.46,1,44.8838,145.706,step
2026-09-01T13:13:14.688821+00:00,42.691,0.111,0.0,0.15,0.255,0.0321,6523.84,1,44.5713,145.726,step
2026-09-01T13:13:14.690050+00:00,42.246,0.1144,0.0,0.15,0.254,0.0345,6457.22,1,44.5798,145.746,step
2026-09-01T13:13:14.691294+00:00,41.809,0.1167,0.15,0.0,0.253,0.0359,6388.03,1,44.714,145.766,step
2026-09-01T13:13:14.692515+00:00,41.89,0.1185,0.15,0.0,0.252,0.0371,6549.34,1,44.8864,145.786,step
2026-09-01T13:13:14.693817+00:00,42.075,-0.0795,0.8,0.0,0.251,0.0383,6577.17,1,45.0547,145.806,step
2026-09-01T13:13:14.695208+00:00,42.69,0.1247,0.0,0.15,0.2498,0.0413,7758.56,1,44.9827,145.826,step
2026-09-01T13:13:14.696462+00:00,42.832,0.1305,0.0,0.15,0.2483,0.0455,6551.8,1,44.7501,145.846,step
2026-09-01T13:13:14.697728+00:00,42.368,0.1333,0.0,0.15,0.2468,0.0473,6480.83,1,44.8423,145.866,step
2026-09-01T13:13:14.698988+00:00,41.931,-0.0651,0.8,0.0,0.2454,0.048,6410.44,1,45.0647,145.886,step
2026-09-01T13:13:14.700261+00:00,42.448,-0.0613,0.8,0.0,0.2439,0.0506,7751.64,1,45.0465,145.906,step
2026-09-01T13:13:14.701557+00:00,43.257,0.1468,0.0,0.15,0.2418,0.0564,8801.0,1,44.5981,145.926,step
2026-09-01T13:13:14.702857+00:00,43.789,0.1541,0.0,0.15,0.2396,0.0616,6701.63,1,44.2472,145.946,step
2026-09-01T13:13:14.704108+00:00,43.334,0.1576,0.0,0.15,0.2374,0.0636,6621.98,1,44.3022,145.966,step
2026-09-01T13:13:14.705349+00:00,42.879,0.1594,0.0,0.15,0.2354,0.0642,6548.72,1,44.5343,145.986,step
2026-09-01T13:13:14.706569+00:00,42.435,0.1614,0.0,0.15,0.2334,0.065,6479.82,1,44.8461,146.006,step
2026-09-01T13:13:14.707780+00:00,41.998,-0.0371,0.8,0.0,0.2315,0.0656,6414.06,1,45.1908,146.026,step
2026-09-01T13:13:14.709003+00:00,42.496,-0.033,0.8,0.0,0.2294,0.0681,7842.29,1,45.2788,146.046,step
2026-09-01T13:13:14.710221+00:00,43.289,0.1754,0.0,0.15,0.2267,0.074,8972.09,1,44.9489,146.066,step
2026-09-01T13:13:14.711532+00:00,43.856,0.183,0.0,0.15,0.2239,0.0791,6763.72,1,44.7116,146.086,step
2026-09-01T13:13:14.712754+00:00,43.422,0.1871,0.0,0.15,0.2211,0.0814,6642.05,1,44.8433,146.106,step
2026-09-01T13:13:14.713975+00:00,42.941,-0.0107,0.8,0.0,0.2184,0.0821,6567.14,1,45.1552,146.126,step
2026-09-01T13:13:14.715172+00:00,43.483,-0.0067,0.8,0.0,0.2157,0.0843,7932.42,1,45.2843,146.146,step
2026-09-01T13:13:14.716373+00:00,44.325,0.0013,0.8,0.0,0.2124,0.0896,8969.34,1,45.0345,146.166,step
2026-09-01T13:13:14.717591+00:00,45.201,0.2101,0.0,0.15,0.2087,0.0954,10239.5,1,44.7262,146.186,step
2026-09-01T13:13:14.718835+00:00,45.873,0.2173,0.0,0.15,0.2049,0.0998,7669.24,1,44.5967,146.206,step
2026-09-01T13:13:14.720047+00:00,45.7,0.2215,0.0,0.15,0.2011,0.1017,6984.49,1,44.7718,146.226,step
2026-09-01T13:13:14.721252+00:00,45.213,0.024,0.8,0.0,0.1975,0.1023,6900.82,1,45.1107,146.246,step
2026-09-01T13:13:14.722398+00:00,45.664,0.0214,0.8,0.0,0.1938,0.0986,8553.49,1,45.3645,146.266,step
2026-09-01T13:13:14.723541+00:00,46.452,0.0214,0.8,0.0,0.19,0.097,9936.71,1,45.308,146.286,step
2026-09-01T13:13:14.724658+00:00,47.279,0.0224,0.8,0.0,0.1861,0.0962,11316.5,1,45.1475,146.306,step
2026-09-01T13:13:14.725791+00:00,48.134,0.2237,0.0,0.15,0.182,0.0955,12606.8,1,44.958,146.326,step
2026-09-01T13:13:14.726928+00:00,48.833,0.2235,0.0,0.15,0.178,0.0937,9806.63,1,44.9057,146.346,step
2026-09-01T13:13:14.728160+00:00,49.373,0.0209,0.8,0.0,0.1742,0.09,7487.65,1,45.0812,146.366,step
2026-09-01T13:13:14.729256+00:00,49.929,0.0186,0.8,0.0,0.1706,0.0866,8870.41,1,45.2095,146.386,step
2026-09-01T13:13:14.730377+00:00,50.948,0.0186,0.8,0.0,0.1668,0.085,9769.94,2,45.1147,146.406,step
2026-09-01T13:13:14.731485+00:00,51.789,0.2194,0.0,0.15,0.163,0.0841,7263.92,2,44.9369,146.426,step
2026-09-01T13:13:14.732573+00:00,51.493,0.2188,0.0,0.15,0.1592,0.082,7254.89,2,44.8951,146.446,step
2026-09-01T13:13:14.733695+00:00,51.02,0.0147,0.8,0.0,0.156,0.0773,5803.24,2,45.1639,146.466,step
2026-09-01T13:13:14.734809+00:00,51.364,0.011,0.8,0.0,0.153,0.0729,6412.81,2,45.3907,146.486,step
2026-09-01T13:13:14.735998+00:00,52.031,0.0109,0.8,0.0,0.1498,0.0715,6559.36,2,45.2661,146.506,step
2026-09-01T13:13:14.737093+00:00,52.747,0.012,0.8,0.0,0.1465,0.071,6643.79,2,45.0364,146.526,step
2026-09-01T13:13:14.738182+00:00,53.482,0.2132,0.0,0.15,0.1431,0.0707,6712.3,2,44.7802,146.546,step
2026-09-01T13:13:14.739285+00:00,53.476,0.2129,0.0,0.15,0.1398,0.069,6091.26,2,44.6713,146.566,step
2026-09-01T13:13:14.740385+00:00,52.998,0.2093,0.0,0.15,0.137,0.0648,6033.18,2,44.8488,146.586,step
2026-09-01T13:13:14.741498+00:00,52.509,0.0033,0.8,0.0,0.1346,0.0589,5973.68,2,45.233,146.606,step
2026-09-01T13:13:14.742707+00:00,52.905,-0.0012,0.8,0.0,0.1325,0.0542,6581.37,2,45.4725,146.626,step
2026-09-01T13:13:14.743930+00:00,53.598,-0.0013,0.8,0.0,0.13,0.0531,6708.12,2,45.2954,146.646,step
2026-09-01T13:13:14.745106+00:00,54.329,-0.0,0.8,0.0,0.1275,0.0531,6791.91,2,45.0003,146.666,step
2026-09-01T13:13:14.746209+00:00,55.078,0.2015,0.0,0.15,0.1249,0.0533,6859.65,2,44.6766,146.686,step
2026-09-01T13:13:14.747322+00:00,55.052,0.2013,0.0,0.15,0.1224,0.0521,6270.93,2,44.5018,146.706,step
2026-09-01T13:13:14.748412+00:00,54.584,0.1979,0.0,0.15,0.1203,0.0484,6212.02,2,44.607,146.726,step
2026-09-01T13:13:14.749511+00:00,54.097,0.1924,0.0,0.15,0.1186,0.0431,6152.42,2,44.8873,146.746,step
2026-09-01T13:13:14.750633+00:00,53.631,-0.0144,0.8,0.0,0.1172,0.0368,6096.95,2,45.2784,146.766,step
2026-09-01T13:13:14.751735+00:00,54.032,-0.0192,0.8,0.0,0.1161,0.0323,6706.34,2,45.4711,146.786,step
2026-09-01T13:13:14.752910+00:00,54.772,-0.0192,0.8,0.0,0.1147,0.0318,6756.84,2,45.2334,146.806,step
2026-09-01T13:13:14.754007+00:00,55.516,0.1823,0.0,0.15,0.1131,0.0324,6815.2,2,44.866,146.826,step
2026-09-01T13:13:14.755124+00:00,55.42,0.182,0.0,0.15,0.1116,0.0315,6315.86,2,44.6461,146.846,step
2026-09-01T13:13:14.756244+00:00,54.947,0.1782,0.0,0.15,0.1105,0.0279,6254.51,2,44.731,146.866,step
2026-09-01T13:13:14.757336+00:00,54.472,0.1724,0.0,0.15,0.1098,0.0227,6194.99,2,44.9829,146.886,step
2026-09-01T13:13:14.758446+00:00,54.015,-0.0346,0.8,0.0,0.1094,0.0168,6140.11,2,45.3145,146.906,step
2026-09-01T13:13:14.759598+00:00,54.389,-0.0391,0.8,0.0,0.1092,0.0129,6804.28,2,45.4331,146.926,step
2026-09-01T13:13:14.760838+00:00,55.077,-0.0388,0.8,0.0,0.1087,0.013,6976.86,2,45.1201,146.946,step
2026-09-01T13:13:14.761987+00:00,55.817,0.1633,0.0,0.15,0.108,0.0145,7094.82,2,44.6581,146.966,step
2026-09-01T13:13:14.763159+00:00,55.862,0.1638,0.0,0.15,0.1074,0.0146,6360.05,2,44.3371,146.986,step
2026-09-01T13:13:14.764295+00:00,55.381,0.1605,0.0,0.15,0.107,0.0117,6303.57,2,44.3308,147.006,step
2026-09-01T13:13:14.765409+00:00,54.903,0.155,0.0,0.15,0.1071,0.0071,6245.1,2,44.5005,147.026,step
2026-09-01T13:13:14.766536+00:00,54.445,0.1484,0.0,0.15,0.1074,0.0018,6191.18,2,44.7518,147.046,step
2026-09-01T13:13:14.767672+00:00,53.996,-0.0585,0.8,0.0,0.1081,-0.0037,6140.05,2,45.0207,147.066,step
2026-09-01T13:13:14.768852+00:00,54.38,-0.0627,0.8,0.0,0.1088,-0.0069,6781.86,2,45.047,147.086,step
2026-09-01T13:13:14.770012+00:00,55.063,0.1384,0.0,0.15,0.1092,-0.0058,6948.78,2,44.6383,147.106,step
2026-09-01T13:13:14.771150+00:00,55.059,0.1387,0.0,0.15,0.1096,-0.0054,6268.52,2,44.2927,147.126,step
2026-09-01T13:13:14.772347+00:00,54.591,0.1351,0.0,0.15,0.1103,-0.0081,6214.31,2,44.2635,147.146,step
2026-09-01T13:13:14.773483+00:00,54.132,0.1298,0.0,0.15,0.1113,-0.0122,6158.99,2,44.369,147.166,step
2026-09-01T13:13:14.774595+00:00,53.681,0.1238,0.0,0.15,0.1125,-0.0166,6105.74,2,44.522,147.186,step
2026-09-01T13:13:14.775721+00:00,53.231,0.1177,0.0,0.15,0.114,-0.0211,6059.02,2,44.6799,147.206,step
2026-09-01T13:13:14.776841+00:00,52.79,0.1116,0.0,0.15,0.1157,-0.0254,6007.4,2,44.8242,147.226,step
2026-09-01T13:13:14.778189+00:00,52.351,0.1057,0.0,0.15,0.1175,-0.0296,5956.68,2,44.9505,147.246,step
2026-09-01T13:13:14.779297+00:00,51.915,-0.1,0.8,0.0,0.1196,-0.0335,5906.92,2,45.056,147.266,step
2026-09-01T13:13:14.780408+00:00,52.287,0.0972,0.0,0.15,0.1216,-0.035,6479.91,2,44.9243,147.286,step
2026-09-01T13:13:14.781563+00:00,52.187,0.0965,0.0,0.15,0.1234,-0.0348,5941.21,2,44.614,147.306,step
2026-09-01T13:13:14.782711+00:00,51.741,0.0929,0.0,0.15,0.1254,-0.037,5890.08,2,44.5429,147.326,step
2026-09-01T13:13:14.783860+00:00,51.303,0.0883,0.0,0.15,0.1276,-0.0399,5838.91,2,44.5474,147.346,step
2026-09-01T13:13:14.785049+00:00,50.868,0.0834,0.0,0.15,0.13,-0.043,5788.57,2,44.5632,147.366,step
2026-09-01T13:13:14.786299+00:00,50.434,0.0787,0.0,0.15,0.1325,-0.0459,5738.99,2,44.5711,147.386,step
2026-09-01T13:13:14.787481+00:00,50.002,0.0741,0.0,0.15,0.1351,-0.0487,5690.06,2,44.5669,147.406,step
2026-09-01T13:13:14.788634+00:00,49.574,0.0696,0.0,0.15,0.1377,-0.0513,5641.74,1,44.5481,147.426,step
2026-09-01T13:13:14.789771+00:00,49.151,0.0653,0.0,0.15,0.1405,-0.0538,7571.02,1,44.5139,147.446,step
2026-09-01T13:13:14.790911+00:00,48.732,0.0611,0.0,0.15,0.1433,-0.056,7560.15,1,44.4639,147.466,step
2026-09-01T13:13:14.792055+00:00,48.298,0.0571,0.0,0.15,0.1462,-0.0581,7361.66,1,44.3997,147.486,step
2026-09-01T13:13:14.793257+00:00,47.82,0.0533,0.0,0.15,0.1492,-0.0601,7291.37,1,44.3255,147.506,step
2026-09-01T13:13:14.794494+00:00,47.346,0.0496,0.0,0.15,0.1521,-0.0619,7220.42,1,44.2396,147.526,step
2026-09-01T13:13:14.795664+00:00,46.876,0.046,0.0,0.15,0.1552,-0.0636,7149.88,1,44.1431,147.546,step
2026-09-01T13:13:14.796804+00:00,46.408,0.0426,0.0,0.15,0.1582,-0.0652,7079.93,1,44.0356,147.566,step
2026-09-01T13:13:14.797938+00:00,45.944,0.0394,0.0,0.15,0.1613,-0.0667,7010.29,1,43.9182,147.586,step
2026-09-01T13:13:14.799065+00:00,45.482,0.0362,0.0,0.15,0.1643,-0.068,6941.08,1,43.7904,147.606,step
2026-09-01T13:13:14.800183+00:00,45.023,0.0333,0.0,0.15,0.1674,-0.0692,6872.15,1,43.6531,147.626,step
2026-09-01T13:13:14.801328+00:00,44.568,0.0304,0.0,0.15,0.1705,-0.0703,6801.21,1,43.5077,147.646,step
2026-09-01T13:13:14.802544+00:00,44.114,0.0277,0.0,0.15,0.1736,-0.0713,6733.28,1,43.355,147.666,step
2026-09-01T13:13:14.803658+00:00,43.662,0.0251,0.0,0.15,0.1767,-0.0722,6666.57,1,43.1962,147.686,step
2026-09-01T13:13:14.804797+00:00,43.213,0.0226,0.0,0.15,0.1798,-0.073,6599.64,1,43.0311,147.706,step
2026-09-01T13:13:14.805954+00:00,42.766,0.0202,0.0,0.15,0.1828,-0.0737,6532.91,1,42.8606,147.726,step
2026-09-01T13:13:14.807076+00:00,42.321,0.0179,0.0,0.15,0.1859,-0.0743,6466.17,1,42.6844,147.746,step
2026-09-01T13:13:14.808178+00:00,41.879,0.0157,0.15,0.0,0.1889,-0.0749,6399.63,1,42.5032,147.766,step
2026-09-01T13:13:14.809307+00:00,41.94,0.0136,0.15,0.0,0.192,-0.0754,6559.94,1,42.314,147.786,step
2026-09-01T13:13:14.810469+00:00,42.111,0.0116,0.0,0.15,0.195,-0.0757,6584.54,1,42.1147,147.806,step
2026-09-01T13:13:14.811631+00:00,41.789,0.0097,0.15,0.0,0.1981,-0.0761,6390.48,1,41.9131,147.826,step
2026-09-01T13:13:14.812764+00:00,41.844,0.0078,0.15,0.0,0.2011,-0.0764,6542.78,1,41.7094,147.846,step
2026-09-01T13:13:14.813902+00:00,42.014,0.006,0.0,0.15,0.2042,-0.0766,6569.05,1,41.4967,147.866,step
2026-09-01T13:13:14.815050+00:00,41.696,0.0042,0.15,0.0,0.2072,-0.0768,6375.18,1,41.2815,147.886,step
2026-09-01T13:13:14.816187+00:00,41.746,0.0026,0.15,0.0,0.2103,-0.0769,6529.15,1,41.0639,147.906,step
2026-09-01T13:13:14.817358+00:00,41.917,0.0009,0.15,0.0,0.2133,-0.077,6554.96,1,40.8392,147.926,step
2026-09-01T13:13:14.818530+00:00,42.088,-0.0006,0.0,0.15,0.2164,-0.077,6581.28,1,40.6099,147.946,step
2026-09-01T13:13:14.819810+00:00,41.77,-0.0022,0.15,0.0,0.2194,-0.0771,6385.71,1,40.378,147.966,step
2026-09-01T13:13:14.821009+00:00,41.816,-0.0036,0.15,0.0,0.2224,-0.077,6540.12,1,40.1444,147.986,step
2026-09-01T13:13:14.822183+00:00,41.987,-0.0051,0.15,0.0,0.2255,-0.0769,6566.24,1,39.9044,148.006,step
2026-09-01T13:13:14.823378+00:00,42.158,-0.0064,0.0,0.15,0.2285,-0.0768,6592.33,1,39.6605,148.026,step
2026-09-01T13:13:14.824549+00:00,41.836,-0.0077,0.15,0.0,0.2315,-0.0767,6396.29,1,39.4145,148.046,step
2026-09-01T13:13:14.825723+00:00,41.885,-0.0086,0.15,0.0,0.2345,-0.0761,6550.63,1,39.1666,148.066,step
2026-09-01T13:13:14.826936+00:00,42.057,-0.0058,0.0,0.15,0.2374,-0.0726,6576.76,1,38.9145,148.086,step
2026-09-01T13:13:14.828214+00:00,41.733,-0.003,0.15,0.0,0.2401,-0.0691,6380.46,1,38.6651,148.106,step
2026-09-01T13:13:14.829415+00:00,41.784,-0.0003,0.15,0.0,0.2428,-0.0657,6534.94,1,38.4238,148.126,step
2026-09-01T13:13:14.830626+00:00,41.956,0.0025,0.15,0.0,0.2453,-0.0624,6560.87,1,38.1879,148.146,step
2026-09-01T13:13:14.831815+00:00,42.128,0.0052,0.0,0.15,0.2477,-0.0591,6586.91,1,37.956,148.166,step
2026-09-01T13:13:14.833014+00:00,41.81,0.0079,0.15,0.0,0.25,-0.0559,6388.57,1,37.7312,148.186,step
2026-09-01T13:13:14.834230+00:00,41.857,0.0105,0.15,0.0,0.2522,-0.0528,6549.24,1,37.514,148.206,step
2026-09-01T13:13:14.835477+00:00,42.03,0.0132,0.0,0.15,0.2542,-0.0497,6573.83,1,37.3004,148.226,step
2026-09-01T13:13:14.836699+00:00,41.71,0.0158,0.15,0.0,0.2562,-0.0468,6376.65,1,37.0934,148.246,step
2026-09-01T13:13:14.837902+00:00,41.766,0.0183,0.15,0.0,0.258,-0.0439,6531.68,1,36.8941,148.266,step
2026-09-01T13:13:14.839096+00:00,41.938,0.0209,0.15,0.0,0.2598,-0.041,6557.27,1,36.6958,148.286,step
2026-09-01T13:13:14.840262+00:00,42.11,0.0234,0.0,0.15,0.2615,-0.0382,6582.91,1,36.5014,148.306,step
2026-09-01T13:13:14.841437+00:00,41.787,0.0259,0.15,0.0,0.2631,-0.0355,6390.55,1,36.3143,148.326,step
2026-09-01T13:13:14.842654+00:00,41.846,0.0283,0.15,0.0,0.2645,-0.0328,6542.93,1,36.1346,148.346,step
2026-09-01T13:13:14.843954+00:00,42.017,0.0308,0.0,0.15,0.2659,-0.0302,6569.08,1,35.955,148.366,step
2026-09-01T13:13:14.845189+00:00,41.694,0.0332,0.15,0.0,0.2672,-0.0277,6374.79,1,35.7833,148.386,step
2026-09-01T13:13:14.846412+00:00,41.755,0.0355,0.15,0.0,0.2685,-0.0252,6529.7,1,35.6181,148.406,step
2026-09-01T13:13:14.847655+00:00,41.926,0.0379,0.15,0.0,0.2696,-0.0228,6555.27,1,35.452,148.426,step
2026-09-01T13:13:14.848894+00:00,42.097,0.0402,0.0,0.15,0.2706,-0.0204,6581.47,1,35.2892,148.446,step
2026-09-01T13:13:14.850151+00:00,41.777,0.0425,0.15,0.0,0.2716,-0.0181,6387.65,1,35.1342,148.466,step
2026-09-01T13:13:14.851423+00:00,41.837,0.0447,0.15,0.0,0.2725,-0.0159,6541.95,1,34.9854,148.486,step
2026-09-01T13:13:14.852727+00:00,42.008,0.0469,0.0,0.15,0.2733,-0.0137,6567.82,1,34.8359,148.506,step
2026-09-01T13:13:14.853988+00:00,41.685,0.0491,0.15,0.0,0.2741,-0.0116,6373.29,1,34.6943,148.526,step
2026-09-01T13:13:14.855218+00:00,41.749,0.0512,0.15,0.0,0.2747,-0.0096,6528.09,1,34.5588,148.546,step
2026-09-01T13:13:14.856440+00:00,41.92,0.0533,0.15,0.0,0.2754,-0.0075,6553.92,1,34.4208,148.566,step
2026-09-01T13:13:14.857653+00:00,42.091,0.0554,0.0,0.15,0.2759,-0.0055,6579.82,1,34.2847,148.586,step
2026-09-01T13:13:14.858897+00:00,41.769,0.0575,0.15,0.0,0.2764,-0.0036,6386.67,1,34.1566,148.606,step
2026-09-01T13:13:14.860151+00:00,41.833,0.0594,0.15,0.0,0.2768,-0.0018,6540.65,1,34.0347,148.626,step
2026-09-01T13:13:14.861521+00:00,42.004,0.0615,0.0,0.15,0.2771,0.0,6566.46,1,33.9096,148.646,step
2026-09-01T13:13:14.862743+00:00,41.681,0.0634,0.15,0.0,0.2774,0.0018,6371.42,1,33.7923,148.666,step
2026-09-01T13:13:14.863969+00:00,41.747,0.0652,0.15,0.0,0.2777,0.0034,6528.38,1,33.6813,148.686,step
2026-09-01T13:13:14.865153+00:00,41.918,0.0672,0.15,0.0,0.2778,0.0051,6553.71,1,33.5669,148.706,step
2026-09-01T13:13:14.866336+00:00,42.088,0.0691,0.0,0.15,0.278,0.0067,6579.5,1,33.4538,148.726,step
2026-09-01T13:13:14.867565+00:00,41.766,0.0709,0.15,0.0,0.278,0.0083,6386.46,1,33.3494,148.746,step
2026-09-01T13:13:14.868814+00:00,41.833,0.0726,0.15,0.0,0.2781,0.0097,6540.49,1,33.2512,148.766,step
2026-09-01T13:13:14.870020+00:00,42.003,0.0744,0.0,0.15,0.2781,0.0112,6566.31,1,33.149,148.786,step
2026-09-01T13:13:14.871214+00:00,41.68,0.0761,0.15,0.0,0.278,0.0126,6372.48,1,33.0543,148.806,step
2026-09-01T13:13:14.872430+00:00,41.749,0.0777,0.15,0.0,0.2779,0.0139,6527.83,1,32.9649,148.826,step
2026-09-01T13:13:14.873678+00:00,41.919,0.0794,0.15,0.0,0.2777,0.0153,6553.24,1,32.8713,148.846,step
2026-09-01T13:13:14.874869+00:00,42.089,0.0812,0.0,0.15,0.2775,0.0166,6579.17,1,32.7779,148.866,step
2026-09-01T13:13:14.876111+00:00,41.767,0.0828,0.15,0.0,0.2773,0.0178,6386.17,1,32.693,148.886,step
2026-09-01T13:13:14.877406+00:00,41.835,0.0843,0.15,0.0,0.277,0.019,6540.79,1,32.6142,148.906,step
2026-09-01T13:13:14.878643+00:00,42.005,0.0859,0.0,0.15,0.2767,0.0202,6566.6,1,32.5298,148.926,step
2026-09-01T13:13:14.879915+00:00,41.682,0.0874,0.15,0.0,0.2763,0.0213,6372.54,1,32.4536,148.946,step
2026-09-01T13:13:14.881190+00:00,41.753,0.0888,0.15,0.0,0.2759,0.0223,6528.04,1,32.3826,148.966,step
2026-09-01T13:13:14.882420+00:00,41.923,0.0903,0.15,0.0,0.2755,0.0234,6553.66,1,32.3061,148.986,step
2026-09-01T13:13:14.883649+00:00,42.092,0.0918,0.0,0.15,0.2751,0.0244,6579.4,1,32.2297,149.006,step
2026-09-01T13:13:14.884861+00:00,41.769,0.0932,0.15,0.0,0.2746,0.0254,6386.4,1,32.1626,149.026,step
2026-09-01T13:13:14.886120+00:00,41.841,0.0944,0.15,0.0,0.2741,0.0262,6541.06,1,32.1008,149.046,step
2026-09-01T13:13:14.887338+00:00,42.01,0.0958,0.0,0.15,0.2735,0.0272,6566.92,1,32.0319,149.066,step
2026-09-01T13:13:14.888571+00:00,41.686,0.0971,0.15,0.0,0.2729,0.028,6373.15,1,31.9717,149.086,step
2026-09-01T13:13:14.889778+00:00,41.76,0.0983,0.15,0.0,0.2724,0.0287,6528.52,1,31.9169,149.106,step
2026-09-01T13:13:14.890968+00:00,41.929,0.0996,0.15,0.0,0.2717,0.0295,6554.22,1,31.8547,149.126,step
2026-09-01T13:13:14.892162+00:00,42.098,0.1009,0.0,0.15,0.2711,0.0304,6580.87,1,31.7931,149.146,step
2026-09-01T13:13:14.893386+00:00,41.776,0.1021,0.15,0.0,0.2704,0.0311,6386.7,1,31.7407,149.166,step
2026-09-01T13:13:14.894599+00:00,41.849,0.1031,0.15,0.0,0.2697,0.0317,6542.55,1,31.6934,149.186,step
2026-09-01T13:13:14.895768+00:00,42.018,0.1043,0.0,0.15,0.269,0.0324,6568.36,1,31.6384,149.206,step
2026-09-01T13:13:14.896981+00:00,41.694,0.1054,0.15,0.0,0.2683,0.033,6374.45,1,31.5914,149.226,step
2026-09-01T13:13:14.898155+00:00,41.769,0.1064,0.15,0.0,0.2676,0.0335,6529.82,1,31.5492,149.246,step
2026-09-01T13:13:14.899288+00:00,41.938,0.1076,0.15,0.0,0.2668,0.0342,6555.52,1,31.4992,149.266,step
2026-09-01T13:13:14.900456+00:00,42.107,0.1087,0.0,0.15,0.266,0.0348,6581.25,1,31.4496,149.286,step
2026-09-01T13:13:14.901678+00:00,41.784,0.1097,0.15,0.0,0.2652,0.0353,6388.76,1,31.4098,149.306,step
2026-09-01T13:13:14.903030+00:00,41.858,0.1106,0.15,0.0,0.2644,0.0357,6543.68,1,31.375,149.326,step
2026-09-01T13:13:14.904229+00:00,42.027,0.1116,0.0,0.15,0.2636,0.0362,6569.42,1,31.3324,149.346,step
2026-09-01T13:13:14.905465+00:00,41.704,0.1125,0.15,0.0,0.2628,0.0366,6375.72,1,31.298,149.366,step
2026-09-01T13:13:14.906676+00:00,41.779,0.1133,0.15,0.0,0.262,0.0369,6531.6,1,31.2685,149.386,step
2026-09-01T13:13:14.907919+00:00,41.948,0.1143,0.15,0.0,0.2611,0.0374,6557.16,1,31.2299,149.406,step
2026-09-01T13:13:14.909126+00:00,42.117,0.1153,0.0,0.15,0.2602,0.0378,6582.81,1,31.1901,149.426,step
2026-09-01T13:13:14.910436+00:00,41.794,0.1161,0.15,0.0,0.2594,0.0382,6389.88,1,31.1598,149.446,step
2026-09-01T13:13:14.911680+00:00,41.869,0.1168,0.15,0.0,0.2585,0.0384,6544.99,1,31.1347,149.466,step
2026-09-01T13:13:14.912890+00:00,42.038,0.1177,0.0,0.15,0.2576,0.0388,6570.74,1,31.1015,149.486,step
2026-09-01T13:13:14.914105+00:00,41.714,0.1185,0.15,0.0,0.2567,0.039,6377.01,1,31.077,149.506,step
2026-09-01T13:13:14.915284+00:00,41.791,0.1191,0.15,0.0,0.2558,0.0392,6532.79,1,31.0566,149.526,step
2026-09-01T13:13:14.916480+00:00,41.96,0.1199,0.15,0.0,0.2549,0.0394,6558.53,1,31.0272,149.546,step
2026-09-01T13:13:14.917678+00:00,42.129,0.1207,0.0,0.15,0.2539,0.0398,6584.21,1,30.997,149.566,step
2026-09-01T13:13:14.918958+00:00,41.806,0.1214,0.15,0.0,0.253,0.0399,6391.58,1,30.9766,149.586,step
2026-09-01T13:13:14.920191+00:00,41.882,0.122,0.15,0.0,0.2521,0.04,6547.88,1,30.9607,149.606,step
2026-09-01T13:13:14.921384+00:00,42.051,0.1227,0.0,0.15,0.2512,0.0402,6573.22,1,30.9358,149.626,step
2026-09-01T13:13:14.922600+00:00,41.728,0.1233,0.15,0.0,0.2503,0.0403,6378.6,1,30.9197,149.646,step
2026-09-01T13:13:14.923765+00:00,41.805,0.1238,0.15,0.0,0.2493,0.0404,6535.32,1,30.908,149.666,step
2026-09-01T13:13:14.924955+00:00,41.974,0.1244,0.15,0.0,0.2484,0.0405,6560.8,1,30.8867,149.686,step
2026-09-01T13:13:14.926124+00:00,42.143,0.1251,0.0,0.15,0.2475,0.0407,6586.3,1,30.8638,149.706,step
2026-09-01T13:13:14.927352+00:00,41.82,0.1257,0.15,0.0,0.2465,0.0408,6393.94,1,30.8503,149.726,step
2026-09-01T13:13:14.928508+00:00,41.897,0.1261,0.15,0.0,0.2456,0.0407,6548.96,1,30.8422,149.746,step
2026-09-01T13:13:14.929686+00:00,42.065,0.1267,0.0,0.15,0.2447,0.0409,6574.76,1,30.8243,149.766,step
2026-09-01T13:13:14.930883+00:00,41.741,0.1272,0.15,0.0,0.2438,0.0409,6381.21,1,30.8153,149.786,step
2026-09-01T13:13:14.932066+00:00,41.82,0.1275,0.15,0.0,0.2428,0.0408,6537.23,1,30.8106,149.806,step
2026-09-01T13:13:14.933270+00:00,41.989,0.1281,0.15,0.0,0.2419,0.0409,6562.83,1,30.7961,149.826,step
2026-09-01T13:13:14.934467+00:00,42.157,0.1287,0.0,0.15,0.241,0.041,6588.52,1,30.7799,149.846,step
2026-09-01T13:13:14.935765+00:00,41.835,0.1291,0.15,0.0,0.2401,0.0409,6395.84,1,30.7734,149.866,step
2026-09-01T13:13:14.936971+00:00,41.912,0.1294,0.15,0.0,0.2391,0.0408,6551.16,1,30.7714,149.886,step
2026-09-01T13:13:14.938199+00:00,42.081,0.1299,0.0,0.15,0.2382,0.0408,6576.95,1,30.759,149.906,step
2026-09-01T13:13:14.939423+00:00,41.756,0.1302,0.15,0.0,0.2373,0.0408,6383.41,1,30.7554,149.926,step
2026-09-01T13:13:14.940668+00:00,41.836,0.1305,0.15,0.0,0.2364,0.0406,6539.59,1,30.7564,149.946,step
2026-09-01T13:13:14.941850+00:00,42.004,0.131,0.0,0.15,0.2355,0.0406,6565.19,1,30.7476,149.966,step
2026-09-01T13:13:14.943079+00:00,41.68,0.1312,0.15,0.0,0.2346,0.0404,6371.99,1,30.7473,149.986,step
2026-09-01T13:13:14.944460+00:00,41.761,0.1314,0.15,0.0,0.2337,0.0402,6527.43,1,30.7506,150.006,step
2026-09-01T13:13:14.945671+00:00,41.929,0.1318,0.15,0.0,0.2329,0.0402,6553.23,1,30.7429,150.026,step
2026-09-01T13:13:14.946872+00:00,42.098,0.1323,0.0,0.15,0.232,0.0402,6578.89,1,30.7338,150.046,step
2026-09-01T13:13:14.948086+00:00,41.775,0.1325,0.15,0.0,0.2311,0.0401,6386.98,1,30.7344,150.066,step
2026-09-01T13:13:14.949282+00:00,41.853,0.1327,0.15,0.0,0.2303,0.0398,6542.88,1,30.7401,150.086,step
2026-09-01T13:13:14.950469+00:00,42.022,0.133,0.0,0.15,0.2294,0.0398,6568.28,1,30.7357,150.106,step
2026-09-01T13:13:14.951718+00:00,41.699,0.1332,0.15,0.0,0.2286,0.0396,6374.15,1,30.7394,150.126,step
2026-09-01T13:13:14.952957+00:00,41.779,0.1333,0.15,0.0,0.2277,0.0393,6530.69,1,30.7471,150.146,step
2026-09-01T13:13:14.954141+00:00,41.948,0.1336,0.15,0.0,0.2269,0.0392,6556.33,1,30.7436,150.166,step
2026-09-01T13:13:14.955312+00:00,42.116,0.134,0.0,0.15,0.2261,0.0392,6581.83,1,30.7388,150.186,step
2026-09-01T13:13:14.956490+00:00,41.793,0.1341,0.15,0.0,0.2253,0.039,6389.9,1,30.744,150.206,step
2026-09-01T13:13:14.957652+00:00,41.873,0.1342,0.15,0.0,0.2244,0.0387,6544.57,1,30.7532,150.226,step
2026-09-01T13:13:14.958812+00:00,42.041,0.1345,0.0,0.15,0.2237,0.0386,6570.63,1,30.7514,150.246,step
2026-09-01T13:13:14.960024+00:00,41.718,0.1346,0.15,0.0,0.2229,0.0384,6377.43,1,30.7589,150.266,step
2026-09-01T13:13:14.961273+00:00,41.798,0.1347,0.15,0.0,0.2221,0.0381,6533.34,1,30.7709,150.286,step
2026-09-01T13:13:14.962509+00:00,41.967,0.1349,0.15,0.0,0.2213,0.038,6558.94,1,30.7717,150.306,step
2026-09-01T13:13:14.963744+00:00,42.135,0.1352,0.0,0.15,0.2206,0.0379,6584.77,1,30.7701,150.326,step
2026-09-01T13:13:14.964997+00:00,41.814,0.1353,0.15,0.0,0.2198,0.0376,6392.4,1,30.778,150.346,step
2026-09-01T13:13:14.966252+00:00,41.892,0.1353,0.15,0.0,0.2191,0.0373,6547.81,1,30.7899,150.366,step
2026-09-01T13:13:14.967478+00:00,42.061,0.1355,0.0,0.15,0.2183,0.0372,6573.69,1,30.7907,150.386,step
2026-09-01T13:13:14.968746+00:00,41.737,0.1356,0.15,0.0,0.2176,0.037,6380.41,1,30.801,150.406,step
2026-09-01T13:13:14.970085+00:00,41.818,0.1355,0.15,0.0,0.2169,0.0366,6536.32,1,30.8161,150.426,step
2026-09-01T13:13:14.971340+00:00,41.987,0.1357,0.15,0.0,0.2162,0.0365,6562.25,1,30.8198,150.446,step
2026-09-01T13:13:14.972561+00:00,42.156,0.1359,0.0,0.15,0.2155,0.0363,6587.94,1,30.8214,150.466,step
2026-09-01T13:13:14.973770+00:00,41.833,0.1359,0.15,0.0,0.2148,0.0361,6395.51,1,30.8327,150.486,step
2026-09-01T13:13:14.974965+00:00,41.913,0.1358,0.15,0.0,0.2141,0.0357,6550.82,1,30.848,150.506,step
2026-09-01T13:13:14.976167+00:00,42.082,0.136,0.0,0.15,0.2134,0.0356,6576.87,1,30.852,150.526,step
2026-09-01T13:13:14.977456+00:00,41.759,0.136,0.15,0.0,0.2128,0.0353,6383.5,1,30.8645,150.546,step
2026-09-01T13:13:14.978651+00:00,41.839,0.1359,0.15,0.0,0.2121,0.0349,6540.58,1,30.8813,150.566,step
2026-09-01T13:13:14.979846+00:00,42.009,0.136,0.0,0.15,0.2115,0.0348,6565.98,1,30.8867,150.586,step
2026-09-01T13:13:14.981049+00:00,41.686,0.1359,0.15,0.0,0.2109,0.0345,6372.2,1,30.9003,150.606,step
2026-09-01T13:13:14.982254+00:00,41.767,0.1358,0.15,0.0,0.2103,0.0341,6528.35,1,30.9176,150.626,step
2026-09-01T13:13:14.983410+00:00,41.936,0.1359,0.15,0.0,0.2097,0.034,6554.34,1,30.923,150.646,step
2026-09-01T13:13:14.984590+00:00,42.105,0.1361,0.0,0.15,0.2091,0.0338,6579.87,1,30.9264,150.666,step
2026-09-01T13:13:14.985834+00:00,41.783,0.136,0.15,0.0,0.2085,0.0336,6388.1,1,30.9394,150.686,step
2026-09-01T13:13:14.987062+00:00,41.863,0.1359,0.15,0.0,0.2079,0.0332,6543.01,1,30.9564,150.706,step
2026-09-01T13:13:14.988254+00:00,42.032,0.136,0.0,0.15,0.2073,0.0331,6568.98,1,30.9619,150.726,step
2026-09-01T13:13:14.989463+00:00,41.709,0.1359,0.15,0.0,0.2068,0.0328,6376.09,1,30.9764,150.746,step
2026-09-01T13:13:14.990645+00:00,41.79,0.1358,0.15,0.0,0.2062,0.0324,6531.94,1,30.9949,150.766,step
2026-09-01T13:13:14.991837+00:00,41.959,0.1359,0.15,0.0,0.2057,0.0323,6557.89,1,31.0018,150.786,step
2026-09-01T13:13:14.993067+00:00,42.128,0.136,0.0,0.15,0.2052,0.0321,6583.67,1,31.0063,150.806,step
2026-09-01T13:13:14.994369+00:00,41.807,0.1359,0.15,0.0,0.2047,0.0319,6391.32,1,31.0204,150.826,step
2026-09-01T13:13:14.995596+00:00,41.886,0.1358,0.15,0.0,0.2042,0.0315,6546.76,1,31.0388,150.846,step
2026-09-01T13:13:14.996882+00:00,42.056,0.1358,0.0,0.15,0.2037,0.0314,6572.74,1,31.0458,150.866,step
2026-09-01T13:13:14.998145+00:00,41.732,0.1357,0.15,0.0,0.2032,0.0311,6379.73,1,31.0616,150.886,step
2026-09-01T13:13:14.999407+00:00,41.814,0.1355,0.15,0.0,0.2027,0.0307,6535.89,1,31.0815,150.906,step
2026-09-01T13:13:15.000650+00:00,41.983,0.1356,0.15,0.0,0.2022,0.0306,6561.81,1,31.0896,150.926,step
2026-09-01T13:13:15.001845+00:00,42.153,0.1356,0.0,0.15,0.2018,0.0304,6587.55,1,31.0957,150.946,step
2026-09-01T13:13:15.003203+00:00,41.831,0.1355,0.15,0.0,0.2013,0.0301,6395.38,1,31.1116,150.966,step
2026-09-01T13:13:15.004456+00:00,41.911,0.1353,0.15,0.0,0.2009,0.0298,6550.84,1,31.1306,150.986,step
2026-09-01T13:13:15.005668+00:00,42.081,0.1353,0.0,0.15,0.2005,0.0296,6576.77,1,31.1373,151.006,step
2026-09-01T13:13:15.006891+00:00,41.758,0.1352,0.15,0.0,0.2,0.0293,6383.49,1,31.1528,151.026,step
2026-09-01T13:13:15.008060+00:00,41.84,0.135,0.15,0.0,0.1996,0.029,6540.57,1,31.1723,151.046,step
2026-09-01T13:13:15.009249+00:00,42.009,0.135,0.0,0.15,0.1992,0.0288,6566.28,1,31.1801,151.066,step
2026-09-01T13:13:15.010579+00:00,41.687,0.1349,0.15,0.0,0.1988,0.0286,6372.76,1,31.1966,151.086,step
2026-09-01T13:13:15.011772+00:00,41.769,0.1346,0.15,0.0,0.1985,0.0282,6528.68,1,31.2165,151.106,step
2026-09-01T13:13:15.012982+00:00,41.939,0.1346,0.15,0.0,0.1981,0.0281,6554.72,1,31.2246,151.126,step
2026-09-01T13:13:15.014153+00:00,42.108,0.1347,0.0,0.15,0.1977,0.0279,6580.47,1,31.2305,151.146,step
2026-09-01T13:13:15.015328+00:00,41.787,0.1345,0.15,0.0,0.1974,0.0277,6388.75,1,31.2463,151.166,step
2026-09-01T13:13:15.016493+00:00,41.867,0.1343,0.15,0.0,0.197,0.0274,6543.71,1,31.266,151.186,step
2026-09-01T13:13:15.017707+00:00,42.037,0.1343,0.0,0.15,0.1967,0.0272,6569.99,1,31.2731,151.206,step
2026-09-01T13:13:15.018964+00:00,41.715,0.1342,0.15,0.0,0.1964,0.027,6376.81,1,31.2886,151.226,step
2026-09-01T13:13:15.020142+00:00,41.796,0.134,0.15,0.0,0.196,0.0267,6533.13,1,31.3078,151.246,step
2026-09-01T13:13:15.021381+00:00,41.966,0.134,0.15,0.0,0.1957,0.0265,6559.04,1,31.3153,151.266,step
2026-09-01T13:13:15.022611+00:00,42.136,0.134,0.0,0.15,0.1954,0.0264,6584.99,1,31.3204,151.286,step
2026-09-01T13:13:15.023834+00:00,41.815,0.1339,0.15,0.0,0.1951,0.0262,6392.75,1,31.3354,151.306,step
2026-09-01T13:13:15.025068+00:00,41.895,0.1336,0.15,0.0,0.1949,0.0259,6548.5,1,31.3544,151.326,step
2026-09-01T13:13:15.026324+00:00,42.065,0.1336,0.0,0.15,0.1946,0.0258,6574.45,1,31.362,151.346,step
2026-09-01T13:13:15.027663+00:00,41.742,0.1335,0.15,0.0,0.1943,0.0255,6381.24,1,31.3784,151.366,step
2026-09-01T13:13:15.028911+00:00,41.824,0.1332,0.15,0.0,0.194,0.0252,6537.92,1,31.3978,151.386,step
2026-09-01T13:13:15.030114+00:00,41.995,0.1332,0.15,0.0,0.1938,0.0251,6563.79,1,31.4048,151.406,step
2026-09-01T13:13:15.031325+00:00,42.164,0.1332,0.0,0.15,0.1935,0.025,6589.63,1,31.4096,151.426,step
2026-09-01T13:13:15.032534+00:00,41.843,0.1331,0.15,0.0,0.1933,0.0248,6397.2,1,31.4243,151.446,step
2026-09-01T13:13:15.033747+00:00,41.924,0.1329,0.15,0.0,0.1931,0.0245,6553.31,1,31.4429,151.466,step
2026-09-01T13:13:15.034986+00:00,42.094,0.1328,0.0,0.15,0.1928,0.0244,6579.25,1,31.4499,151.486,step
2026-09-01T13:13:15.036338+00:00,41.772,0.1326,0.15,0.0,0.1926,0.0241,6385.31,1,31.4657,151.506,step
2026-09-01T13:13:15.037509+00:00,41.854,0.1324,0.15,0.0,0.1924,0.0238,6543.25,1,31.4856,151.526,step
2026-09-01T13:13:15.038702+00:00,42.025,0.1324,0.0,0.15,0.1922,0.0237,6568.98,1,31.4927,151.546,step
2026-09-01T13:13:15.039902+00:00,41.703,0.1322,0.15,0.0,0.192,0.0235,6375.08,1,31.5076,151.566,step
2026-09-01T13:13:15.041084+00:00,41.785,0.132,0.15,0.0,0.1918,0.0232,6531.77,1,31.5259,151.586,step
2026-09-01T13:13:15.042261+00:00,41.956,0.1319,0.15,0.0,0.1916,0.0231,6557.73,1,31.5324,151.606,step
2026-09-01T13:13:15.043457+00:00,42.126,0.1319,0.0,0.15,0.1915,0.0231,6583.53,1,31.5366,151.626,step
2026-09-01T13:13:15.044692+00:00,41.805,0.1318,0.15,0.0,0.1913,0.0229,6391.66,1,31.5508,151.646,step
2026-09-01T13:13:15.045874+00:00,41.886,0.1315,0.15,0.0,0.1911,0.0226,6547.03,1,31.5687,151.666,step
2026-09-01T13:13:15.047050+00:00,42.056,0.1315,0.0,0.15,0.191,0.0225,6573.22,1,31.5751,151.686,step
2026-09-01T13:13:15.048237+00:00,41.734,0.1313,0.15,0.0,0.1908,0.0223,6379.95,1,31.5904,151.706,step
2026-09-01T13:13:15.049440+00:00,41.816,0.1311,0.15,0.0,0.1907,0.022,6536.69,1,31.6084,151.726,step
2026-09-01T13:13:15.050651+00:00,41.987,0.1311,0.15,0.0,0.1906,0.022,6562.79,1,31.6142,151.746,step
2026-09-01T13:13:15.051865+00:00,42.157,0.1311,0.0,0.15,0.1904,0.0219,6588.99,1,31.6173,151.766,step
2026-09-01T13:13:15.053207+00:00,41.837,0.1309,0.15,0.0,0.1903,0.0217,6396.15,1,31.6306,151.786,step
2026-09-01T13:13:15.054426+00:00,41.917,0.1307,0.15,0.0,0.1902,0.0215,6552.39,1,31.6477,151.806,step
2026-09-01T13:13:15.055645+00:00,42.088,0.1307,0.0,0.15,0.1901,0.0214,6578.82,1,31.6532,151.826,step
2026-09-01T13:13:15.056863+00:00,41.766,0.1305,0.15,0.0,0.19,0.0212,6384.96,1,31.6678,151.846,step
2026-09-01T13:13:15.058050+00:00,41.849,0.1303,0.15,0.0,0.1899,0.021,6542.31,1,31.686,151.866,step
2026-09-01T13:13:15.059248+00:00,42.02,0.1302,0.0,0.15,0.1898,0.0209,6568.4,1,31.6914,151.886,step
2026-09-01T13:13:15.060519+00:00,41.698,0.13,0.15,0.0,0.1897,0.0207,6374.71,1,31.705,151.906,step
2026-09-01T13:13:15.061741+00:00,41.781,0.1298,0.15,0.0,0.1896,0.0205,6531.62,1,31.7217,151.926,step
2026-09-01T13:13:15.062930+00:00,41.952,0.1298,0.15,0.0,0.1895,0.0204,6557.75,1,31.7269,151.946,step
2026-09-01T13:13:15.064135+00:00,42.123,0.1298,0.0,0.15,0.1895,0.0204,6583.8,1,31.7298,151.966,step
2026-09-01T13:13:15.065328+00:00,41.803,0.1296,0.15,0.0,0.1894,0.0202,6390.15,1,31.7426,151.986,step
2026-09-01T13:13:15.066499+00:00,41.884,0.1294,0.15,0.0,0.1893,0.02,6547.94,1,31.7592,152.006,step
2026-09-01T13:13:15.067695+00:00,42.055,0.1293,0.0,0.15,0.1893,0.02,6574.3,1,31.7633,152.026,step
2026-09-01T13:13:15.068903+00:00,41.734,0.1292,0.15,0.0,0.1892,0.0198,6379.8,1,31.7755,152.046,step
2026-09-01T13:13:15.070232+00:00,41.816,0.129,0.15,0.0,0.1892,0.0196,6537.45,1,31.791,152.066,step
2026-09-01T13:13:15.071401+00:00,41.987,0.1289,0.15,0.0,0.1891,0.0196,6563.44,1,31.795,152.086,step
2026-09-01T13:13:15.072556+00:00,42.158,0.1289,0.0,0.15,0.1891,0.0196,6589.52,1,31.7969,152.106,step
2026-09-01T13:13:15.073723+00:00,41.838,0.1288,0.15,0.0,0.189,0.0194,6396.71,1,31.8086,152.126,step
2026-09-01T13:13:15.074894+00:00,41.919,0.1286,0.15,0.0,0.189,0.0192,6553.04,1,31.8239,152.146,step
2026-09-01T13:13:15.076105+00:00,42.09,0.1285,0.0,0.15,0.189,0.0192,6579.27,1,31.8279,152.166,step
2026-09-01T13:13:15.077376+00:00,41.769,0.1284,0.15,0.0,0.1889,0.019,6385.41,1,31.8406,152.186,step
2026-09-01T13:13:15.078611+00:00,41.852,0.1281,0.15,0.0,0.1889,0.0188,6542.92,1,31.8557,152.206,step
2026-09-01T13:13:15.079833+00:00,42.023,0.1281,0.0,0.15,0.1889,0.0188,6569.08,1,31.8585,152.226,step
2026-09-01T13:13:15.081065+00:00,41.702,0.128,0.15,0.0,0.1889,0.0187,6375.35,1,31.8697,152.246,step
2026-09-01T13:13:15.082270+00:00,41.785,0.1278,0.15,0.0,0.1889,0.0185,6532.67,1,31.8841,152.266,step
2026-09-01T13:13:15.083486+00:00,41.956,0.1278,0.15,0.0,0.1889,0.0185,6558.83,1,31.8871,152.286,step
2026-09-01T13:13:15.084707+00:00,42.127,0.1278,0.0,0.15,0.1889,0.0185,6585.09,1,31.8879,152.306,step
2026-09-01T13:13:15.085998+00:00,41.807,0.1277,0.15,0.0,0.1889,0.0184,6392.25,1,31.8987,152.326,step
2026-09-01T13:13:15.087187+00:00,41.889,0.1274,0.15,0.0,0.1889,0.0182,6549.05,1,31.913,152.346,step
2026-09-01T13:13:15.088384+00:00,42.06,0.1274,0.0,0.15,0.1889,0.0182,6575.45,1,31.9149,152.366,step
2026-09-01T13:13:15.089594+00:00,41.739,0.1273,0.15,0.0,0.1889,0.0181,6381.13,1,31.925,152.386,step
2026-09-01T13:13:15.090772+00:00,41.822,0.1271,0.15,0.0,0.1889,0.0179,6539.15,1,31.9383,152.406,step
2026-09-01T13:13:15.091973+00:00,41.994,0.1271,0.15,0.0,0.1889,0.0179,6565.51,1,31.9403,152.426,step
2026-09-01T13:13:15.093172+00:00,42.166,0.1271,0.0,0.15,0.1889,0.018,6591.66,1,31.9403,152.446,step
2026-09-01T13:13:15.094460+00:00,41.846,0.1269,0.15,0.0,0.1889,0.0178,6396.72,1,31.95,152.466,step
2026-09-01T13:13:15.095683+00:00,41.928,0.1267,0.15,0.0,0.189,0.0177,6555.93,1,31.9631,152.486,step
2026-09-01T13:13:15.096881+00:00,42.099,0.1267,0.0,0.15,0.189,0.0177,6582.1,1,31.965,152.506,step
2026-09-01T13:13:15.098076+00:00,41.779,0.1266,0.15,0.0,0.189,0.0176,6387.08,1,31.9755,152.526,step
2026-09-01T13:13:15.099241+00:00,41.862,0.1264,0.15,0.0,0.189,0.0174,6545.54,1,31.9893,152.546,step
2026-09-01T13:13:15.100382+00:00,42.034,0.1264,0.0,0.15,0.1891,0.0174,6571.69,1,31.9907,152.566,step
2026-09-01T13:13:15.101602+00:00,41.713,0.1262,0.15,0.0,0.1891,0.0173,6377.62,1,31.9999,152.586,step
2026-09-01T13:13:15.102838+00:00,41.797,0.126,0.15,0.0,0.1891,0.0172,6534.97,1,32.012,152.606,step
2026-09-01T13:13:15.104007+00:00,41.968,0.126,0.15,0.0,0.1892,0.0172,6561.22,1,32.0127,152.626,step
2026-09-01T13:13:15.105224+00:00,42.14,0.1261,0.0,0.15,0.1892,0.0172,6587.45,1,32.0113,152.646,step
2026-09-01T13:13:15.106430+00:00,41.821,0.126,0.15,0.0,0.1893,0.0172,6394.26,1,32.0197,152.666,step
2026-09-01T13:13:15.107623+00:00,41.902,0.1258,0.15,0.0,0.1893,0.017,6551.38,1,32.0313,152.686,step
2026-09-01T13:13:15.108836+00:00,42.074,0.1258,0.0,0.15,0.1894,0.0171,6577.95,1,32.0316,152.706,step
2026-09-01T13:13:15.110082+00:00,41.754,0.1257,0.15,0.0,0.1894,0.017,6383.22,1,32.0406,152.726,step
2026-09-01T13:13:15.111491+00:00,41.837,0.1255,0.15,0.0,0.1895,0.0168,6542.14,1,32.0528,152.746,step
2026-09-01T13:13:15.112723+00:00,42.009,0.1255,0.0,0.15,0.1895,0.0169,6568.33,1,32.0529,152.766,step
2026-09-01T13:13:15.113973+00:00,41.688,0.1254,0.15,0.0,0.1896,0.0168,6373.68,1,32.0609,152.786,step
2026-09-01T13:13:15.115196+00:00,41.772,0.1252,0.15,0.0,0.1896,0.0167,6532.12,1,32.0717,152.806,step
2026-09-01T13:13:15.116406+00:00,41.944,0.1252,0.15,0.0,0.1897,0.0167,6558.3,1,32.0716,152.826,step
2026-09-01T13:13:15.117606+00:00,42.116,0.1253,0.0,0.15,0.1898,0.0168,6584.61,1,32.0692,152.846,step
2026-09-01T13:13:15.118858+00:00,41.797,0.1252,0.15,0.0,0.1898,0.0167,6390.99,1,32.0765,152.866,step
2026-09-01T13:13:15.120046+00:00,41.88,0.125,0.15,0.0,0.1899,0.0166,6548.96,1,32.0868,152.886,step
2026-09-01T13:13:15.121289+00:00,42.052,0.125,0.0,0.15,0.1899,0.0166,6575.36,1,32.0862,152.906,step
2026-09-01T13:13:15.122516+00:00,41.732,0.1249,0.15,0.0,0.19,0.0166,6380.23,1,32.0943,152.926,step
2026-09-01T13:13:15.123703+00:00,41.815,0.1247,0.15,0.0,0.1901,0.0164,6540.24,1,32.1055,152.946,step
2026-09-01T13:13:15.124893+00:00,41.988,0.1247,0.15,0.0,0.1901,0.0165,6566.15,1,32.1058,152.966,step
2026-09-01T13:13:15.126114+00:00,42.161,0.1247,0.0,0.15,0.1902,0.0165,6592.36,1,32.104,152.986,step
2026-09-01T13:13:15.127386+00:00,41.842,0.1246,0.15,0.0,0.1903,0.0164,6397.46,1,32.1118,153.006,step
2026-09-01T13:13:15.128602+00:00,41.924,0.1244,0.15,0.0,0.1903,0.0163,6556.12,1,32.1225,153.026,step
2026-09-01T13:13:15.129768+00:00,42.097,0.1244,0.0,0.15,0.1904,0.0164,6582.47,1,32.1213,153.046,step
2026-09-01T13:13:15.130965+00:00,41.776,0.1243,0.15,0.0,0.1905,0.0163,6387.31,1,32.1279,153.066,step
2026-09-01T13:13:15.132145+00:00,41.86,0.1242,0.15,0.0,0.1905,0.0162,6546.27,1,32.1374,153.086,step
2026-09-01T13:13:15.133320+00:00,42.033,0.1242,0.0,0.15,0.1906,0.0163,6572.54,1,32.1359,153.106,step
2026-09-01T13:13:15.134561+00:00,41.712,0.1241,0.15,0.0,0.1907,0.0162,6377.55,1,32.1429,153.126,step
2026-09-01T13:13:15.135881+00:00,41.797,0.1239,0.15,0.0,0.1908,0.0161,6536.34,1,32.1525,153.146,step
2026-09-01T13:13:15.137097+00:00,41.969,0.124,0.15,0.0,0.1909,0.0162,6562.56,1,32.1511,153.166,step
2026-09-01T13:13:15.138322+00:00,42.142,0.1241,0.0,0.15,0.1909,0.0163,6588.99,1,32.147,153.186,step
2026-09-01T13:13:15.139561+00:00,41.826,0.124,0.15,0.0,0.191,0.0162,6395.01,1,32.1523,153.206,step
2026-09-01T13:13:15.140804+00:00,41.906,0.1238,0.15,0.0,0.1911,0.0161,6553.64,1,32.1608,153.226,step
2026-09-01T13:13:15.142030+00:00,42.079,0.1239,0.0,0.15,0.1911,0.0162,6580.12,1,32.1587,153.246,step
2026-09-01T13:13:15.143283+00:00,41.759,0.1238,0.15,0.0,0.1912,0.0162,6384.37,1,32.1655,153.266,step
2026-09-01T13:13:15.144567+00:00,41.844,0.1236,0.15,0.0,0.1913,0.0161,6544.33,1,32.1753,153.286,step
2026-09-01T13:13:15.145769+00:00,42.017,0.1236,0.0,0.15,0.1914,0.0161,6570.57,1,32.1745,153.306,step
2026-09-01T13:13:15.146999+00:00,41.697,0.1235,0.15,0.0,0.1915,0.016,6375.29,1,32.1821,153.326,step
2026-09-01T13:13:15.148178+00:00,41.783,0.1234,0.15,0.0,0.1915,0.0159,6534.53,1,32.1922,153.346,step
2026-09-01T13:13:15.149364+00:00,41.957,0.1234,0.15,0.0,0.1916,0.016,6561.04,1,32.1905,153.366,step
2026-09-01T13:13:15.150597+00:00,42.13,0.1235,0.0,0.15,0.1917,0.0161,6587.58,1,32.1859,153.386,step
2026-09-01T13:13:15.151821+00:00,41.812,0.1234,0.15,0.0,0.1918,0.0161,6393.4,1,32.1909,153.406,step
2026-09-01T13:13:15.153168+00:00,41.895,0.1233,0.15,0.0,0.1919,0.016,6554.95,1,32.199,153.426,step
2026-09-01T13:13:15.154370+00:00,42.07,0.1234,0.0,0.15,0.1919,0.0161,6580.44,1,32.1967,153.446,step
2026-09-01T13:13:15.155575+00:00,41.753,0.1233,0.15,0.0,0.192,0.0161,6382.45,1,32.2024,153.466,step
2026-09-01T13:13:15.156771+00:00,41.837,0.1231,0.15,0.0,0.1921,0.016,6543.79,1,32.2106,153.486,step
2026-09-01T13:13:15.157939+00:00,42.011,0.1232,0.0,0.15,0.1922,0.0161,6570.0,1,32.2082,153.506,step
2026-09-01T13:13:15.159127+00:00,41.692,0.1231,0.15,0.0,0.1922,0.016,6374.96,1,32.2142,153.526,step
2026-09-01T13:13:15.160302+00:00,41.778,0.123,0.15,0.0,0.1923,0.016,6533.67,1,32.2224,153.546,step
2026-09-01T13:13:15.161587+00:00,41.952,0.1231,0.15,0.0,0.1924,0.016,6560.19,1,32.2199,153.566,step
2026-09-01T13:13:15.162770+00:00,42.126,0.1231,0.0,0.15,0.1925,0.0162,6586.6,1,32.2155,153.586,step
2026-09-01T13:13:15.163979+00:00,41.807,0.1231,0.15,0.0,0.1926,0.0161,6392.88,1,32.2206,153.606,step
2026-09-01T13:13:15.165186+00:00,41.892,0.123,0.15,0.0,0.1926,0.0161,6551.37,1,32.2284,153.626,step
2026-09-01T13:13:15.166380+00:00,42.065,0.123,0.0,0.15,0.1927,0.0162,6578.04,1,32.2257,153.646,step
2026-09-01T13:13:15.167627+00:00,41.751,0.123,0.15,0.0,0.1928,0.0161,6382.89,1,32.2309,153.666,step
2026-09-01T13:13:15.168888+00:00,41.833,0.1229,0.15,0.0,0.1929,0.0161,6542.82,1,32.2387,153.686,step
2026-09-01T13:13:15.170117+00:00,42.007,0.1229,0.0,0.15,0.1929,0.0162,6569.37,1,32.2356,153.706,step
2026-09-01T13:13:15.171402+00:00,41.69,0.1229,0.15,0.0,0.193,0.0161,6373.76,1,32.2411,153.726,step
2026-09-01T13:13:15.172642+00:00,41.775,0.1227,0.15,0.0,0.1931,0.0161,6533.64,1,32.2495,153.746,step
2026-09-01T13:13:15.173864+00:00,41.949,0.1228,0.15,0.0,0.1931,0.0161,6560.14,1,32.2473,153.766,step
2026-09-01T13:13:15.175097+00:00,42.124,0.1229,0.0,0.15,0.1932,0.0163,6586.61,1,32.2433,153.786,step
2026-09-01T13:13:15.176355+00:00,41.806,0.1228,0.15,0.0,0.1933,0.0162,6392.55,1,32.2489,153.806,step
2026-09-01T13:13:15.177638+00:00,41.892,0.1227,0.15,0.0,0.1934,0.0161,6551.38,1,32.2572,153.826,step
2026-09-01T13:13:15.178836+00:00,42.068,0.1227,0.0,0.15,0.1934,0.0162,6578.21,1,32.2549,153.846,step
2026-09-01T13:13:15.180116+00:00,41.75,0.1226,0.15,0.0,0.1935,0.0162,6383.05,1,32.2613,153.866,step
2026-09-01T13:13:15.181322+00:00,41.837,0.1225,0.15,0.0,0.1936,0.0161,6543.17,1,32.2701,153.886,step
2026-09-01T13:13:15.182507+00:00,42.012,0.1226,0.0,0.15,0.1937,0.0162,6571.23,1,32.2683,153.906,step
2026-09-01T13:13:15.183696+00:00,41.698,0.1225,0.15,0.0,0.1937,0.0161,6371.13,1,32.2749,153.926,step
2026-09-01T13:13:15.184905+00:00,41.783,0.1223,0.15,0.0,0.1938,0.016,6536.7,1,32.2833,153.946,step
2026-09-01T13:13:15.186126+00:00,41.959,0.1224,0.15,0.0,0.1939,0.0161,6562.71,1,32.2803,153.966,step
2026-09-01T13:13:15.187316+00:00,42.135,0.1225,0.0,0.15,0.1939,0.0162,6588.73,1,32.2748,153.986,step
2026-09-01T13:13:15.188495+00:00,41.82,0.1224,0.15,0.0,0.194,0.0162,6394.83,1,32.2796,154.006,step
2026-09-01T13:13:15.189668+00:00,41.905,0.1223,0.15,0.0,0.1941,0.0162,6552.92,1,32.2865,154.026,step
2026-09-01T13:13:15.190827+00:00,42.081,0.1224,0.0,0.15,0.1941,0.0163,6579.88,1,32.2823,154.046,step
2026-09-01T13:13:15.192034+00:00,41.763,0.1224,0.15,0.0,0.1942,0.0162,6385.56,1,32.2867,154.066,step
2026-09-01T13:13:15.193213+00:00,41.85,0.1223,0.15,0.0,0.1943,0.0162,6545.11,1,32.2938,154.086,step
2026-09-01T13:13:15.194563+00:00,42.026,0.1224,0.0,0.15,0.1943,0.0163,6571.76,1,32.2904,154.106,step
2026-09-01T13:13:15.195784+00:00,41.708,0.1223,0.15,0.0,0.1944,0.0163,6376.79,1,32.2952,154.126,step
2026-09-01T13:13:15.196984+00:00,41.796,0.1222,0.15,0.0,0.1945,0.0162,6536.66,1,32.3027,154.146,step
2026-09-01T13:13:15.198196+00:00,41.972,0.1223,0.15,0.0,0.1945,0.0163,6563.49,1,32.2988,154.166,step
2026-09-01T13:13:15.199398+00:00,42.148,0.1224,0.0,0.15,0.1946,0.0164,6590.37,1,32.2927,154.186,step
2026-09-01T13:13:15.200656+00:00,41.835,0.1224,0.15,0.0,0.1947,0.0164,6396.22,1,32.2958,154.206,step
2026-09-01T13:13:15.201895+00:00,41.918,0.1223,0.15,0.0,0.1947,0.0164,6555.7,1,32.3022,154.226,step
2026-09-01T13:13:15.203213+00:00,42.094,0.1224,0.0,0.15,0.1948,0.0165,6582.63,1,32.298,154.246,step
2026-09-01T13:13:15.204486+00:00,41.778,0.1224,0.15,0.0,0.1948,0.0165,6387.18,1,32.3026,154.266,step
2026-09-01T13:13:15.205714+00:00,41.865,0.1223,0.15,0.0,0.1949,0.0164,6547.54,1,32.31,154.286,step
2026-09-01T13:13:15.206904+00:00,42.042,0.1223,0.0,0.15,0.1949,0.0165,6574.36,1,32.3069,154.306,step
2026-09-01T13:13:15.208129+00:00,41.724,0.1223,0.15,0.0,0.195,0.0165,6379.47,1,32.3122,154.326,step
2026-09-01T13:13:15.209378+00:00,41.813,0.1221,0.15,0.0,0.195,0.0164,6539.11,1,32.32,154.346,step
2026-09-01T13:13:15.210638+00:00,41.99,0.1222,0.15,0.0,0.1951,0.0165,6566.07,1,32.3169,154.366,step
2026-09-01T13:13:15.211881+00:00,42.167,0.1223,0.0,0.15,0.1952,0.0166,6593.04,1,32.3118,154.386,step
2026-09-01T13:13:15.213109+00:00,41.855,0.1223,0.15,0.0,0.1952,0.0166,6395.11,1,32.3162,154.406,step
2026-09-01T13:13:15.214329+00:00,41.938,0.1222,0.15,0.0,0.1953,0.0165,6560.93,1,32.3238,154.426,step
2026-09-01T13:13:15.215505+00:00,42.116,0.1222,0.0,0.15,0.1953,0.0166,6587.19,1,32.3209,154.446,step
2026-09-01T13:13:15.216704+00:00,41.802,0.1222,0.15,0.0,0.1954,0.0165,6390.34,1,32.3258,154.466,step
2026-09-01T13:13:15.217911+00:00,41.889,0.1221,0.15,0.0,0.1954,0.0165,6551.42,1,32.3334,154.486,step
2026-09-01T13:13:15.219142+00:00,42.066,0.1221,0.0,0.15,0.1955,0.0166,6578.1,1,32.3304,154.506,step
2026-09-01T13:13:15.220321+00:00,41.75,0.1221,0.15,0.0,0.1955,0.0165,6383.71,1,32.3356,154.526,step
2026-09-01T13:13:15.221528+00:00,41.839,0.122,0.15,0.0,0.1956,0.0165,6542.81,1,32.3434,154.546,step
2026-09-01T13:13:15.222702+00:00,42.016,0.122,0.0,0.15,0.1956,0.0165,6569.85,1,32.3404,154.566,step
2026-09-01T13:13:15.223921+00:00,41.7,0.122,0.15,0.0,0.1957,0.0165,6375.93,1,32.3459,154.586,step
2026-09-01T13:13:15.225139+00:00,41.788,0.1219,0.15,0.0,0.1957,0.0164,6535.08,1,32.3537,154.606,step
2026-09-01T13:13:15.226364+00:00,41.965,0.1219,0.15,0.0,0.1958,0.0165,6562.22,1,32.3509,154.626,step
2026-09-01T13:13:15.227617+00:00,42.142,0.122,0.0,0.15,0.1959,0.0166,6589.31,1,32.3459,154.646,step
2026-09-01T13:13:15.228833+00:00,41.83,0.122,0.15,0.0,0.1959,0.0166,6395.64,1,32.3501,154.666,step
2026-09-01T13:13:15.230075+00:00,41.915,0.1219,0.15,0.0,0.196,0.0166,6555.13,1,32.357,154.686,step
2026-09-01T13:13:15.231314+00:00,42.092,0.122,0.0,0.15,0.196,0.0167,6582.2,1,32.3534,154.706,step
2026-09-01T13:13:15.232532+00:00,41.777,0.1219,0.15,0.0,0.1961,0.0166,6386.87,1,32.3584,154.726,step
2026-09-01T13:13:15.233775+00:00,41.865,0.1218,0.15,0.0,0.1961,0.0166,6547.55,1,32.3664,154.746,step
2026-09-01T13:13:15.235026+00:00,42.042,0.1219,0.0,0.15,0.1962,0.0167,6574.44,1,32.3639,154.766,step
2026-09-01T13:13:15.236388+00:00,41.726,0.1218,0.15,0.0,0.1962,0.0166,6379.64,1,32.3697,154.786,step
2026-09-01T13:13:15.237604+00:00,41.816,0.1217,0.15,0.0,0.1963,0.0165,6539.53,1,32.3781,154.806,step
2026-09-01T13:13:15.238827+00:00,41.994,0.1218,0.15,0.0,0.1963,0.0166,6566.61,1,32.3757,154.826,step
2026-09-01T13:13:15.240066+00:00,42.171,0.1219,0.0,0.15,0.1964,0.0167,6593.79,1,32.3713,154.846,step
2026-09-01T13:13:15.241302+00:00,41.857,0.1218,0.15,0.0,0.1964,0.0167,6400.06,1,32.3764,154.866,step
2026-09-01T13:13:15.242548+00:00,41.945,0.1217,0.15,0.0,0.1965,0.0166,6559.58,1,32.3841,154.886,step
2026-09-01T13:13:15.243785+00:00,42.122,0.1218,0.0,0.15,0.1965,0.0167,6588.87,1,32.3815,154.906,step
2026-09-01T13:13:15.245066+00:00,41.809,0.1217,0.15,0.0,0.1966,0.0166,6390.39,1,32.3873,154.926,step
2026-09-01T13:13:15.246272+00:00,41.897,0.1216,0.15,0.0,0.1966,0.0166,6552.9,1,32.3959,154.946,step
2026-09-01T13:13:15.247466+00:00,42.075,0.1216,0.0,0.15,0.1967,0.0166,6579.92,1,32.3938,154.966,step
2026-09-01T13:13:15.248685+00:00,41.76,0.1215,0.15,0.0,0.1967,0.0166,6384.83,1,32.3999,154.986,step
2026-09-01T13:13:15.249839+00:00,41.849,0.1214,0.15,0.0,0.1968,0.0165,6544.72,1,32.4084,155.006,step
2026-09-01T13:13:15.251044+00:00,42.027,0.1215,0.0,0.15,0.1968,0.0166,6571.8,1,32.405,155.026,step
2026-09-01T13:13:15.252299+00:00,41.712,0.1214,0.15,0.0,0.1969,0.0166,6377.87,1,32.4094,155.046,step
2026-09-01T13:13:15.253481+00:00,41.801,0.1214,0.15,0.0,0.1969,0.0165,6537.13,1,32.4161,155.066,step
2026-09-01T13:13:15.254695+00:00,41.979,0.1215,0.15,0.0,0.197,0.0166,6564.32,1,32.4119,155.086,step
2026-09-01T13:13:15.255909+00:00,42.157,0.1216,0.0,0.15,0.197,0.0167,6591.55,1,32.4059,155.106,step
2026-09-01T13:13:15.257114+00:00,41.844,0.1215,0.15,0.0,0.197,0.0167,6397.81,1,32.4103,155.126,step
2026-09-01T13:13:15.258333+00:00,41.931,0.1214,0.15,0.0,0.1971,0.0166,6557.57,1,32.4182,155.146,step
2026-09-01T13:13:15.259580+00:00,42.109,0.1215,0.0,0.15,0.1971,0.0167,6584.74,1,32.4144,155.166,step
2026-09-01T13:13:15.261012+00:00,41.795,0.1215,0.15,0.0,0.1972,0.0167,6389.6,1,32.4194,155.186,step
2026-09-01T13:13:15.262250+00:00,41.883,0.1214,0.15,0.0,0.1972,0.0167,6550.36,1,32.4269,155.206,step
2026-09-01T13:13:15.263531+00:00,42.061,0.1215,0.0,0.15,0.1973,0.0168,6577.45,1,32.4231,155.226,step
2026-09-01T13:13:15.264789+00:00,41.746,0.1214,0.15,0.0,0.1973,0.0167,6382.63,1,32.4277,155.246,step
2026-09-01T13:13:15.266020+00:00,41.836,0.1213,0.15,0.0,0.1973,0.0167,6542.67,1,32.4348,155.266,step
2026-09-01T13:13:15.267254+00:00,42.014,0.1214,0.0,0.15,0.1974,0.0168,6569.82,1,32.4311,155.286,step
2026-09-01T13:13:15.268576+00:00,41.699,0.1214,0.15,0.0,0.1974,0.0167,6375.58,1,32.4359,155.306,step
2026-09-01T13:13:15.269831+00:00,41.789,0.1213,0.15,0.0,0.1975,0.0167,6535.24,1,32.443,155.326,step
2026-09-01T13:13:15.271059+00:00,41.967,0.1213,0.15,0.0,0.1975,0.0168,6562.43,1,32.4393,155.346,step
2026-09-01T13:13:15.272304+00:00,42.145,0.1215,0.0,0.15,0.1976,0.0169,6589.61,1,32.4336,155.366,step
2026-09-01T13:13:15.273548+00:00,41.832,0.1214,0.15,0.0,0.1976,0.0169,6395.96,1,32.4375,155.386,step
2026-09-01T13:13:15.274717+00:00,41.919,0.1213,0.15,0.0,0.1976,0.0168,6556.47,1,32.4442,155.406,step
2026-09-01T13:13:15.275933+00:00,42.098,0.1214,0.0,0.15,0.1977,0.0169,6583.45,1,32.4405,155.426,step
2026-09-01T13:13:15.277211+00:00,41.784,0.1214,0.15,0.0,0.1977,0.0169,6387.82,1,32.445,155.446,step
2026-09-01T13:13:15.278530+00:00,41.873,0.1213,0.15,0.0,0.1977,0.0168,6548.74,1,32.4522,155.466,step
2026-09-01T13:13:15.279736+00:00,42.051,0.1214,0.0,0.15,0.1978,0.0169,6575.75,1,32.4489,155.486,step
2026-09-01T13:13:15.280933+00:00,41.736,0.1213,0.15,0.0,0.1978,0.0168,6381.15,1,32.4537,155.506,step
2026-09-01T13:13:15.282132+00:00,41.826,0.1212,0.15,0.0,0.1979,0.0168,6540.97,1,32.4612,155.526,step
2026-09-01T13:13:15.283301+00:00,42.004,0.1213,0.0,0.15,0.1979,0.0169,6568.29,1,32.4578,155.546,step
2026-09-01T13:13:15.284526+00:00,41.69,0.1212,0.15,0.0,0.1979,0.0168,6374.28,1,32.4627,155.566,step
2026-09-01T13:13:15.285811+00:00,41.779,0.1211,0.15,0.0,0.198,0.0168,6533.71,1,32.4702,155.586,step
2026-09-01T13:13:15.287038+00:00,41.958,0.1212,0.15,0.0,0.198,0.0169,6561.0,1,32.4668,155.606,step
2026-09-01T13:13:15.288249+00:00,42.136,0.1213,0.0,0.15,0.198,0.017,6588.27,1,32.4614,155.626,step
2026-09-01T13:13:15.289486+00:00,41.823,0.1213,0.15,0.0,0.1981,0.017,6394.6,1,32.4656,155.646,step
2026-09-01T13:13:15.290734+00:00,41.91,0.1212,0.15,0.0,0.1981,0.0169,6554.21,1,32.4725,155.666,step
2026-09-01T13:13:15.291951+00:00,42.089,0.1213,0.0,0.15,0.1981,0.017,6581.5,1,32.4689,155.686,step
2026-09-01T13:13:15.293206+00:00,41.774,0.1213,0.15,0.0,0.1982,0.017,6386.63,1,32.4738,155.706,step
2026-09-01T13:13:15.294484+00:00,41.863,0.1212,0.15,0.0,0.1982,0.0169,6547.16,1,32.4814,155.726,step
2026-09-01T13:13:15.295721+00:00,42.042,0.1213,0.0,0.15,0.1982,0.017,6574.33,1,32.4784,155.746,step
2026-09-01T13:13:15.296959+00:00,41.727,0.1212,0.15,0.0,0.1983,0.017,6379.58,1,32.4838,155.766,step
2026-09-01T13:13:15.298209+00:00,41.816,0.1211,0.15,0.0,0.1983,0.0169,6539.64,1,32.4916,155.786,step
2026-09-01T13:13:15.299410+00:00,41.995,0.1212,0.15,0.0,0.1983,0.0169,6566.86,1,32.4886,155.806,step
2026-09-01T13:13:15.300619+00:00,42.173,0.1213,0.0,0.15,0.1984,0.017,6594.06,1,32.4836,155.826,step
2026-09-01T13:13:15.301876+00:00,41.86,0.1212,0.15,0.0,0.1984,0.017,6400.41,1,32.4881,155.846,step
2026-09-01T13:13:15.303147+00:00,41.947,0.1211,0.15,0.0,0.1984,0.017,6559.84,1,32.4954,155.866,step
2026-09-01T13:13:15.304365+00:00,42.126,0.1212,0.0,0.15,0.1985,0.017,6587.13,1,32.492,155.886,step
2026-09-01T13:13:15.305608+00:00,41.811,0.1211,0.15,0.0,0.1985,0.017,6392.43,1,32.4972,155.906,step
2026-09-01T13:13:15.306794+00:00,41.9,0.121,0.15,0.0,0.1985,0.0169,6552.87,1,32.5051,155.926,step
2026-09-01T13:13:15.307992+00:00,42.078,0.1211,0.0,0.15,0.1986,0.017,6580.0,1,32.5024,155.946,step
2026-09-01T13:13:15.309202+00:00,41.763,0.121,0.15,0.0,0.1986,0.017,6385.08,1,32.508,155.966,step
2026-09-01T13:13:15.310396+00:00,41.853,0.1209,0.15,0.0,0.1986,0.0169,6545.34,1,32.5162,155.986,step
2026-09-01T13:13:15.311592+00:00,42.031,0.121,0.0,0.15,0.1987,0.0169,6572.62,1,32.5136,156.006,step
2026-09-01T13:13:15.312795+00:00,41.717,0.1209,0.15,0.0,0.1987,0.0169,6378.11,1,32.5193,156.026,step
2026-09-01T13:13:15.313978+00:00,41.806,0.1208,0.15,0.0,0.1987,0.0168,6537.91,1,32.5274,156.046,step
2026-09-01T13:13:15.315210+00:00,41.984,0.1209,0.15,0.0,0.1988,0.0169,6565.19,1,32.5247,156.066,step
2026-09-01T13:13:15.316431+00:00,42.163,0.121,0.0,0.15,0.1988,0.017,6592.47,1,32.5201,156.086,step
2026-09-01T13:13:15.317703+00:00,41.85,0.121,0.15,0.0,0.1988,0.017,6398.63,1,32.5251,156.106,step
2026-09-01T13:13:15.318989+00:00,41.937,0.1209,0.15,0.0,0.1989,0.0169,6558.36,1,32.5339,156.126,step
2026-09-01T13:13:15.320289+00:00,42.115,0.1209,0.0,0.15,0.1989,0.017,6585.57,1,32.5341,156.146,step
2026-09-01T13:13:15.321542+00:00,41.8,0.1209,0.15,0.0,0.1989,0.0169,6390.42,1,32.5452,156.166,step
2026-09-01T13:13:15.322786+00:00,41.889,0.1208,0.15,0.0,0.199,0.0169,6551.15,1,32.5612,156.186,step
2026-09-01T13:13:15.324007+00:00,42.067,0.1208,0.0,0.15,0.199,0.0169,6578.24,1,32.5681,156.206,step
2026-09-01T13:13:15.325271+00:00,41.752,0.1208,0.15,0.0,0.199,0.0169,6383.39,1,32.586,156.226,step
2026-09-01T13:13:15.326528+00:00,41.841,0.1207,0.15,0.0,0.1991,0.0168,6543.59,1,32.6087,156.246,step
2026-09-01T13:13:15.327858+00:00,42.019,0.1207,0.0,0.15,0.1991,0.0169,6570.76,1,32.6221,156.266,step
2026-09-01T13:13:15.329091+00:00,41.705,0.1206,0.15,0.0,0.1991,0.0168,6376.36,1,32.6468,156.286,step
2026-09-01T13:13:15.330337+00:00,41.794,0.1205,0.15,0.0,0.1992,0.0168,6536.14,1,32.6765,156.306,step
2026-09-01T13:13:15.331536+00:00,41.972,0.1206,0.15,0.0,0.1992,0.0168,6563.24,1,32.6968,156.326,step
2026-09-01T13:13:15.332752+00:00,42.149,0.1207,0.0,0.15,0.1993,0.0169,6590.5,1,32.7175,156.346,step
2026-09-01T13:13:15.333990+00:00,41.836,0.1206,0.15,0.0,0.1993,0.0169,6396.62,1,32.7514,156.366,step
2026-09-01T13:13:15.335209+00:00,41.923,0.1205,0.15,0.0,0.1993,0.0168,6555.23,1,32.7908,156.386,step
2026-09-01T13:13:15.336533+00:00,42.101,0.1206,0.0,0.15,0.1994,0.0169,6582.7,1,32.8193,156.406,step
2026-09-01T13:13:15.337759+00:00,41.785,0.1205,0.15,0.0,0.1994,0.0168,6388.83,1,32.8611,156.426,step
2026-09-01T13:13:15.338976+00:00,41.874,0.1204,0.15,0.0,0.1994,0.0168,6548.63,1,32.9098,156.446,step
2026-09-01T13:13:15.340175+00:00,42.052,0.1205,0.0,0.15,0.1995,0.0168,6575.72,1,32.9475,156.466,step
2026-09-01T13:13:15.341366+00:00,41.736,0.1204,0.15,0.0,0.1995,0.0168,6380.78,1,32.9974,156.486,step
2026-09-01T13:13:15.342593+00:00,41.825,0.1203,0.15,0.0,0.1995,0.0167,6541.12,1,33.0531,156.506,step
2026-09-01T13:13:15.343829+00:00,42.003,0.1204,0.0,0.15,0.1996,0.0168,6568.18,1,33.0989,156.526,step
2026-09-01T13:13:15.345047+00:00,41.688,0.1204,0.15,0.0,0.1996,0.0168,6373.79,1,33.1581,156.546,step
2026-09-01T13:13:15.346269+00:00,41.777,0.1203,0.15,0.0,0.1996,0.0167,6533.4,1,33.2231,156.566,step
2026-09-01T13:13:15.347497+00:00,41.955,0.1204,0.15,0.0,0.1997,0.0168,6560.56,1,33.2784,156.586,step
2026-09-01T13:13:15.348707+00:00,42.132,0.1205,0.0,0.15,0.1997,0.0169,6587.7,1,33.3342,156.606,step
2026-09-01T13:13:15.349958+00:00,41.817,0.1204,0.15,0.0,0.1997,0.0169,6393.86,1,33.406,156.626,step
2026-09-01T13:13:15.351232+00:00,41.905,0.1204,0.15,0.0,0.1998,0.0169,6553.36,1,33.4851,156.646,step
2026-09-01T13:13:15.352567+00:00,42.083,0.1204,0.0,0.15,0.1998,0.017,6580.5,1,33.5542,156.666,step
2026-09-01T13:13:15.353817+00:00,41.766,0.1204,0.15,0.0,0.1998,0.0169,6385.57,1,33.6384,156.686,step
2026-09-01T13:13:15.355082+00:00,41.855,0.1203,0.15,0.0,0.1999,0.0169,6545.86,1,33.7294,156.706,step
2026-09-01T13:13:15.356323+00:00,42.032,0.1204,0.0,0.15,0.1999,0.017,6572.9,1,33.8102,156.726,step
2026-09-01T13:13:15.357575+00:00,41.717,0.1204,0.15,0.0,0.1999,0.0169,6378.15,1,33.9064,156.746,step
2026-09-01T13:13:15.358760+00:00,41.805,0.1203,0.15,0.0,0.1999,0.0169,6538.06,1,34.0098,156.766,step
2026-09-01T13:13:15.359985+00:00,41.982,0.1203,0.15,0.0,0.2,0.0169,6565.06,1,34.1027,156.786,step
2026-09-01T13:13:15.361352+00:00,42.159,0.1204,0.0,0.15,0.2,0.017,6592.09,1,34.1974,156.806,step
2026-09-01T13:13:15.362562+00:00,41.845,0.1204,0.15,0.0,0.2,0.017,6398.09,1,34.3103,156.826,step
2026-09-01T13:13:15.363778+00:00,41.931,0.1203,0.15,0.0,0.2,0.0169,6557.49,1,34.4316,156.846,step
2026-09-01T13:13:15.365025+00:00,42.108,0.1204,0.0,0.15,0.2001,0.017,6584.58,1,34.5425,156.866,step
2026-09-01T13:13:15.366230+00:00,41.791,0.1203,0.15,0.0,0.2001,0.017,6391.32,1,34.6711,156.886,step
2026-09-01T13:13:15.367429+00:00,41.879,0.1203,0.15,0.0,0.2001,0.0169,6548.35,1,34.808,156.906,step
2026-09-01T13:13:15.368639+00:00,42.056,0.1203,0.0,0.15,0.2002,0.017,6575.65,1,34.9342,156.926,step
2026-09-01T13:13:15.369914+00:00,41.739,0.1203,0.15,0.0,0.2002,0.017,6381.43,1,35.0796,156.946,step
2026-09-01T13:13:15.371101+00:00,41.827,0.1202,0.15,0.0,0.2002,0.0169,6541.49,1,35.2343,156.966,step
2026-09-01T13:13:15.372268+00:00,42.003,0.1202,0.0,0.15,0.2002,0.017,6568.37,1,35.378,156.986,step
2026-09-01T13:13:15.373424+00:00,41.688,0.1202,0.15,0.0,0.2003,0.0169,6373.48,1,35.5412,157.006,step
2026-09-01T13:13:15.374597+00:00,41.775,0.1201,0.15,0.0,0.2003,0.0169,6533.52,1,35.7145,157.026,step
2026-09-01T13:13:15.375765+00:00,41.952,0.1202,0.15,0.0,0.2003,0.0169,6560.42,1,35.8762,157.046,step
2026-09-01T13:13:15.376990+00:00,42.129,0.1203,0.0,0.15,0.2004,0.017,6587.43,1,36.0415,157.066,step
2026-09-01T13:13:15.378231+00:00,41.815,0.1202,0.15,0.0,0.2004,0.017,6393.46,1,36.2302,157.086,step
2026-09-01T13:13:15.379434+00:00,41.9,0.1201,0.15,0.0,0.2004,0.0169,6552.76,1,36.4303,157.106,step
2026-09-01T13:13:15.380686+00:00,42.077,0.1202,0.0,0.15,0.2004,0.017,6579.74,1,36.62,157.126,step
2026-09-01T13:13:15.381944+00:00,41.758,0.1201,0.15,0.0,0.2005,0.017,6384.37,1,36.834,157.146,step
2026-09-01T13:13:15.383186+00:00,41.847,0.12,0.15,0.0,0.2005,0.0169,6544.59,1,37.0597,157.166,step
2026-09-01T13:13:15.384440+00:00,42.023,0.1201,0.0,0.15,0.2005,0.017,6571.4,1,37.2736,157.186,step
2026-09-01T13:13:15.385750+00:00,41.706,0.12,0.15,0.0,0.2006,0.0169,6376.71,1,37.5122,157.206,step
2026-09-01T13:13:15.387002+00:00,41.794,0.1199,0.15,0.0,0.2006,0.0169,6536.32,1,37.7632,157.226,step
2026-09-01T13:13:15.388224+00:00,41.97,0.12,0.15,0.0,0.2006,0.0169,6563.17,1,38.0023,157.246,step
2026-09-01T13:13:15.389449+00:00,42.146,0.1201,0.0,0.15,0.2007,0.017,6590.04,1,38.247,157.266,step
2026-09-01T13:13:15.390664+00:00,41.831,0.12,0.15,0.0,0.2007,0.017,6395.89,1,38.5212,157.286,step
2026-09-01T13:13:15.391866+00:00,41.915,0.1199,0.15,0.0,0.2007,0.0169,6555.27,1,38.8107,157.306,step
2026-09-01T13:13:15.393118+00:00,42.091,0.12,0.0,0.15,0.2007,0.017,6582.07,1,39.0886,157.326,step
2026-09-01T13:13:15.394405+00:00,41.774,0.12,0.15,0.0,0.2008,0.0169,6386.6,1,39.3965,157.346,step
2026-09-01T13:13:15.395632+00:00,41.86,0.1198,0.15,0.0,0.2008,0.0169,6544.73,1,39.7216,157.366,step
2026-09-01T13:13:15.396834+00:00,42.035,0.1199,0.0,0.15,0.2008,0.0169,6571.02,1,40.0332,157.386,step
2026-09-01T13:13:15.398059+00:00,41.715,0.1198,0.15,0.0,0.2008,0.0169,6380.26,1,40.3785,157.406,step
2026-09-01T13:13:15.399276+00:00,41.803,0.1197,0.15,0.0,0.2009,0.0168,6536.8,1,40.7416,157.426,step
2026-09-01T13:13:15.400461+00:00,41.978,0.1198,0.15,0.0,0.2009,0.0169,6563.82,1,41.0925,157.446,step
2026-09-01T13:13:15.401636+00:00,42.153,0.1199,0.0,0.15,0.201,0.017,6591.16,1,41.4538,157.466,step
2026-09-01T13:13:15.402968+00:00,41.837,0.1198,0.15,0.0,0.201,0.0169,6396.11,1,41.8551,157.486,step
2026-09-01T13:13:15.404138+00:00,41.921,0.1197,0.15,0.0,0.201,0.0168,6556.71,1,42.2782,157.506,step
2026-09-01T13:13:15.405317+00:00,42.097,0.1198,0.0,0.15,0.2011,0.0169,6583.22,1,42.6895,157.526,step
2026-09-01T13:13:15.406510+00:00,41.78,0.1197,0.15,0.0,0.2011,0.0169,6387.21,1,43.1413,157.546,step
2026-09-01T13:13:15.407700+00:00,41.865,0.1196,0.15,0.0,0.2011,0.0168,6547.78,1,43.6175,157.566,step
2026-09-01T13:13:15.408909+00:00,42.041,0.1196,0.0,0.15,0.2011,0.0168,6574.42,1,44.0819,157.586,step
2026-09-01T13:13:15.410119+00:00,41.721,0.1196,0.15,0.0,0.2012,0.0168,6379.02,1,44.5919,157.606,step
2026-09-01T13:13:15.411452+00:00,41.809,-0.0806,0.8,0.0,0.2012,0.0167,6538.68,1,45.1303,157.626,step
2026-09-01T13:13:15.412682+00:00,42.41,-0.0782,0.8,0.0,0.2011,0.0186,7703.43,1,45.1975,157.646,step
2026-09-01T13:13:15.413920+00:00,43.191,0.1285,0.0,0.15,0.2005,0.0239,8761.63,1,44.4446,157.666,step
2026-09-01T13:13:15.415159+00:00,43.697,0.1345,0.0,0.15,0.1998,0.0286,6671.11,1,43.8557,157.686,step
2026-09-01T13:13:15.416401+00:00,43.227,0.1363,0.0,0.15,0.1991,0.0299,6612.74,1,44.0838,157.706,step
2026-09-01T13:13:15.417659+00:00,42.772,0.1364,0.0,0.15,0.1986,0.0297,6539.65,1,44.6458,157.726,step
2026-09-01T13:13:15.418899+00:00,42.323,-0.064,0.8,0.0,0.1981,0.0292,6467.21,1,45.3376,157.746,step
2026-09-01T13:13:15.420180+00:00,42.796,-0.0622,0.8,0.0,0.1975,0.0304,7906.48,1,45.584,157.766,step
2026-09-01T13:13:15.421395+00:00,43.553,0.1441,0.0,0.15,0.1964,0.0352,9107.09,1,44.9344,157.786,step
2026-09-01T13:13:15.422618+00:00,44.092,0.1497,0.0,0.15,0.1953,0.0395,6872.86,1,44.4492,157.806,step
2026-09-01T13:13:15.423810+00:00,43.686,0.1512,0.0,0.15,0.1943,0.0403,6680.89,1,44.8129,157.826,step
2026-09-01T13:13:15.425026+00:00,43.227,-0.049,0.8,0.0,0.1934,0.0397,6608.12,1,45.5508,157.846,step
2026-09-01T13:13:15.426213+00:00,43.749,-0.0475,0.8,0.0,0.1924,0.0406,7968.52,1,45.928,157.866,step
2026-09-01T13:13:15.427459+00:00,44.561,-0.0417,0.8,0.0,0.1909,0.0448,9049.34,1,45.4271,157.886,step
2026-09-01T13:13:15.428667+00:00,45.409,0.1658,0.0,0.15,0.1893,0.0503,10361.9,1,44.6141,157.906,step
2026-09-01T13:13:15.429874+00:00,46.07,0.1719,0.0,0.15,0.1875,0.0547,7781.77,1,44.1061,157.926,step
2026-09-01T13:13:15.431078+00:00,45.921,0.1742,0.0,0.15,0.1858,0.0559,7024.68,1,44.4097,157.946,step
2026-09-01T13:13:15.432230+00:00,45.43,-0.0257,0.8,0.0,0.1843,0.0553,6940.35,1,45.2059,157.966,step
2026-09-01T13:13:15.433389+00:00,45.901,-0.0245,0.8,0.0,0.1826,0.0557,8538.37,1,45.7648,157.986,step
2026-09-01T13:13:15.434581+00:00,46.676,-0.0191,0.8,0.0,0.1806,0.0593,9918.09,1,45.4635,158.006,step
2026-09-01T13:13:15.435816+00:00,47.496,0.1878,0.0,0.15,0.1783,0.0641,11293.5,1,44.8284,158.026,step
2026-09-01T13:13:15.437033+00:00,48.139,0.1935,0.0,0.15,0.1759,0.0679,8648.46,1,44.5084,158.046,step
2026-09-01T13:13:15.438251+00:00,48.217,-0.0045,0.8,0.0,0.1736,0.0686,7358.58,1,45.0081,158.066,step
2026-09-01T13:13:15.439496+00:00,48.692,-0.0027,0.8,0.0,0.1713,0.0692,8993.18,1,45.5823,158.086,step
2026-09-01T13:13:15.440703+00:00,49.528,0.0025,0.8,0.0,0.1686,0.0723,10316.0,1,45.4457,158.106,step
2026-09-01T13:13:15.441923+00:00,50.386,0.009,0.8,0.0,0.1656,0.0765,11597.8,2,45.0175,158.126,step
2026-09-01T13:13:15.443150+00:00,51.254,0.2161,0.0,0.15,0.1625,0.0811,8640.9,2,44.5145,158.146,step
2026-09-01T13:13:15.444503+00:00,51.715,0.2213,0.0,0.15,0.1592,0.084,8622.66,2,44.4658,158.166,step
2026-09-01T13:13:15.445743+00:00,51.23,0.0224,0.8,0.0,0.156,0.0837,5838.19,2,45.3464,158.186,step
2026-09-01T13:13:15.446964+00:00,51.581,0.0236,0.8,0.0,0.1528,0.0833,6362.58,2,46.2676,158.206,step
2026-09-01T13:13:15.448184+00:00,52.244,0.0279,0.8,0.0,0.1493,0.0855,6494.08,2,46.4738,158.226,step
2026-09-01T13:13:15.449362+00:00,52.941,0.0333,0.8,0.0,0.1456,0.0884,6587.53,2,46.4664,158.246,step
2026-09-01T13:13:15.450562+00:00,53.656,0.0389,0.8,0.0,0.1415,0.0914,6667.54,2,46.4489,158.266,step
2026-09-01T13:13:15.451751+00:00,54.397,0.0444,0.8,0.0,0.1373,0.0942,6710.32,2,46.4793,158.286,step
2026-09-01T13:13:15.453046+00:00,55.144,0.0499,0.8,0.0,0.1329,0.0969,6750.07,2,46.5783,158.306,step
2026-09-01T13:13:15.454223+00:00,55.87,0.0552,0.8,0.0,0.1283,0.0994,6837.49,2,46.7529,158.326,step
2026-09-01T13:13:15.455396+00:00,56.59,0.0604,0.8,0.0,0.1235,0.1018,6954.8,2,46.9996,158.346,step
2026-09-01T13:13:15.456594+00:00,57.311,0.0655,0.8,0.0,0.1185,0.104,7097.28,2,47.3208,158.366,step
2026-09-01T13:13:15.457748+00:00,58.043,0.0705,0.8,0.0,0.1133,0.106,7249.19,2,47.7248,158.386,step
2026-09-01T13:13:15.458931+00:00,58.79,0.0753,0.8,0.0,0.108,0.1078,7403.44,2,48.2245,158.406,step
2026-09-01T13:13:15.460160+00:00,59.556,0.08,0.8,0.0,0.1026,0.1094,7557.0,2,48.8341,158.426,step
2026-09-01T13:13:15.461402+00:00,60.339,0.0845,0.8,0.0,0.0969,0.1108,7710.17,2,49.5706,158.446,step
2026-09-01T13:13:15.462596+00:00,61.135,0.0888,0.8,0.0,0.0911,0.112,7866.09,2,50.4555,158.466,step
2026-09-01T13:13:15.463776+00:00,61.948,0.0928,0.8,0.0,0.0852,0.1128,8022.61,2,51.5393,158.486,step
2026-09-01T13:13:15.464978+00:00,62.779,0.0965,0.8,0.0,0.0792,0.1134,8181.05,2,52.8371,158.506,step
2026-09-01T13:13:15.466140+00:00,63.623,0.0999,0.8,0.0,0.0729,0.1137,8349.98,2,54.3628,158.526,step
2026-09-01T13:13:15.467332+00:00,64.475,0.1032,0.8,0.0,0.0666,0.1137,8538.23,2,56.1521,158.546,step
2026-09-01T13:13:15.468481+00:00,65.333,0.1012,0.8,0.0,0.0602,0.1094,8754.52,2,58.2567,158.566,step
2026-09-01T13:13:15.469672+00:00,66.197,0.0982,0.8,0.0,0.054,0.1044,9008.03,2,60.7084,158.586,step
2026-09-01T13:13:15.470884+00:00,67.065,0.095,0.8,0.0,0.0479,0.0991,9307.99,2,63.5447,158.606,step
2026-09-01T13:13:15.472102+00:00,67.958,0.0914,0.8,0.0,0.0419,0.0937,9610.11,2,66.8316,158.626,step
2026-09-01T13:13:15.473224+00:00,68.927,0.0878,0.8,0.0,0.0362,0.0882,9778.07,2,70.5632,158.646,step
2026-09-01T13:13:15.474358+00:00,69.881,0.0839,0.8,0.0,0.0305,0.0827,9969.0,2,74.889,158.666,step
2026-09-01T13:13:15.475482+00:00,70.795,0.0798,0.8,0.0,0.0251,0.0769,10228.2,2,80.0132,158.686,step
2026-09-01T13:13:15.476638+00:00,71.671,0.0753,0.8,0.0,0.0198,0.071,10549.1,2,86.2166,158.706,step
2026-09-01T13:13:15.477862+00:00,72.527,0.0705,0.8,0.0,0.0148,0.0649,10899.7,2,93.8796,158.726,step
2026-09-01T13:13:15.479003+00:00,73.376,0.0653,0.8,0.0,0.0099,0.0586,11256.1,2,103.55,158.746,step
2026-09-01T13:13:15.480150+00:00,74.228,0.0597,0.8,0.0,0.0052,0.052,11603.0,2,116.1,158.766,step
2026-09-01T13:13:15.481348+00:00,75.085,0.0538,0.8,0.0,0.0008,0.0452,11932.7,2,132.989,158.786,step
2026-09-01T13:13:15.482516+00:00,75.95,0.0475,0.8,0.0,-0.0034,0.0381,12243.4,2,192.364,158.806,step
2026-09-01T13:13:15.483704+00:00,76.815,0.0408,0.8,0.0,-0.0074,0.0309,12539.9,2,189.989,158.826,step
2026-09-01T13:13:15.484951+00:00,77.689,0.0335,0.8,0.0,-0.0112,0.0233,12818.6,2,187.399,158.846,step
2026-09-01T13:13:15.486322+00:00,78.571,0.0258,0.8,0.0,-0.0146,0.0154,13083.4,2,184.569,158.866,step
2026-09-01T13:13:15.487578+00:00,79.459,0.0177,0.8,0.0,-0.0178,0.0073,13338.3,2,181.471,158.886,step
2026-09-01T13:13:15.488794+00:00,80.346,0.0091,0.8,0.0,-0.0207,-0.001,13590.6,3,178.055,158.906,step
2026-09-01T13:13:15.489980+00:00,81.222,0.0003,0.8,0.0,-0.0233,-0.0095,10751.1,3,174.266,158.926,step
2026-09-01T13:13:15.491156+00:00,82.026,-0.0082,0.8,0.0,-0.0255,-0.0174,10749.9,3,170.275,158.946,step
2026-09-01T13:13:15.492337+00:00,82.508,-0.0138,0.8,0.0,-0.0271,-0.0228,7619.06,3,167.1,158.966,step
2026-09-01T13:13:15.493554+00:00,82.925,-0.0159,0.8,0.0,-0.0278,-0.0249,8040.91,3,165.543,158.986,step
2026-09-01T13:13:15.494704+00:00,83.543,-0.0172,0.8,0.0,-0.0279,-0.026,8184.01,3,164.455,159.006,step
2026-09-01T13:13:15.495863+00:00,84.207,-0.0184,0.8,0.0,-0.0276,-0.0268,8274.52,3,163.54,159.026,step
2026-09-01T13:13:15.497021+00:00,84.899,-0.0194,0.8,0.0,-0.0268,-0.0273,8336.13,3,162.8,159.046,step
2026-09-01T13:13:15.498159+00:00,85.604,-0.0201,0.8,0.0,-0.0257,-0.0275,8385.36,3,162.252,159.066,step
2026-09-01T13:13:15.499284+00:00,86.315,-0.0206,0.8,0.0,-0.0243,-0.0273,8430.67,3,161.891,159.086,step
2026-09-01T13:13:15.500430+00:00,87.03,-0.0209,0.8,0.0,-0.0228,-0.0269,8476.44,3,161.688,159.106,step
2026-09-01T13:13:15.501607+00:00,87.743,-0.0209,0.8,0.0,-0.0211,-0.0262,8526.31,3,161.597,159.126,step
2026-09-01T13:13:15.502814+00:00,88.457,-0.0209,0.8,0.0,-0.0192,-0.0254,8579.64,3,161.571,159.146,step
2026-09-01T13:13:15.504021+00:00,89.171,-0.0208,0.8,0.0,-0.0173,-0.0245,8638.33,3,161.574,159.166,step
2026-09-01T13:13:15.505199+00:00,89.886,-0.0206,0.8,0.0,-0.0154,-0.0236,8703.22,3,161.58,159.186,step
2026-09-01T13:13:15.506356+00:00,90.602,-0.0205,0.8,0.0,-0.0134,-0.0227,8774.19,3,161.576,159.206,step
2026-09-01T13:13:15.507504+00:00,91.319,-0.0203,0.8,0.0,-0.0115,-0.0217,8850.32,3,161.546,159.226,step
2026-09-01T13:13:15.508677+00:00,92.061,-0.0202,0.8,0.0,-0.0096,-0.0208,8898.5,3,161.485,159.246,step
2026-09-01T13:13:15.509874+00:00,92.809,-0.0201,0.8,0.0,-0.0077,-0.02,8939.68,3,161.401,159.266,step
2026-09-01T13:13:15.511087+00:00,93.538,-0.02,0.8,0.0,-0.0058,-0.0191,9014.87,3,161.297,159.286,step
2026-09-01T13:13:15.512248+00:00,94.258,-0.0199,0.8,0.0,-0.004,-0.0182,9113.0,3,161.181,159.306,step
2026-09-01T13:13:15.513421+00:00,94.979,-0.0197,0.15,0.0,-0.0022,-0.0173,9220.85,3,161.066,159.326,step
2026-09-01T13:13:15.514603+00:00,95.348,-0.0194,0.15,0.0,-0.0005,-0.0164,8744.88,3,160.956,159.346,step
2026-09-01T13:13:15.515768+00:00,95.398,-0.019,0.15,0.0,0.0011,-0.0154,8747.03,3,160.857,159.366,step
2026-09-01T13:13:15.516951+00:00,95.449,-0.0186,0.15,0.0,0.0026,-0.0144,8752.32,3,160.766,159.386,step
2026-09-01T13:13:15.518174+00:00,95.5,-0.018,0.15,0.0,0.004,-0.0133,8756.92,3,160.696,159.406,step
2026-09-01T13:13:15.519408+00:00,95.55,-0.0173,0.15,0.0,0.0053,-0.0122,8761.15,3,160.631,159.426,step
2026-09-01T13:13:15.520623+00:00,95.6,-0.0166,0.15,0.0,0.0066,-0.0111,8765.37,3,160.542,159.446,step
2026-09-01T13:13:15.521818+00:00,95.65,-0.0159,0.15,0.0,0.0077,-0.01,8769.67,3,160.429,159.466,step
2026-09-01T13:13:15.523018+00:00,95.699,-0.0152,0.15,0.0,0.0088,-0.009,8774.04,3,160.288,159.486,step
2026-09-01T13:13:15.524200+00:00,95.749,-0.0146,0.15,0.0,0.0097,-0.0081,8776.88,3,160.112,159.506,step
2026-09-01T13:13:15.525374+00:00,95.798,-0.014,0.15,0.0,0.0106,-0.0073,8781.03,3,159.903,159.526,step
2026-09-01T13:13:15.526561+00:00,95.846,-0.0135,0.15,0.0,0.0114,-0.0065,8785.86,3,159.666,159.546,step
2026-09-01T13:13:15.527886+00:00,95.894,-0.0129,0.15,0.0,0.0121,-0.0057,8791.23,3,159.406,159.566,step
2026-09-01T13:13:15.529060+00:00,95.943,-0.0124,0.15,0.0,0.0128,-0.005,8796.4,3,159.132,159.586,step
2026-09-01T13:13:15.530241+00:00,95.991,-0.0119,0.15,0.0,0.0134,-0.0043,8801.27,3,158.844,159.606,step
2026-09-01T13:13:15.531426+00:00,96.04,-0.0113,0.15,0.0,0.0139,-0.0037,8805.88,3,158.547,159.626,step
2026-09-01T13:13:15.532613+00:00,96.089,-0.0108,0.15,0.0,0.0144,-0.003,8810.29,3,158.237,159.646,step
2026-09-01T13:13:15.533817+00:00,96.137,-0.0103,0.15,0.0,0.0148,-0.0024,8814.63,3,157.917,159.666,step
2026-09-01T13:13:15.535032+00:00,96.186,-0.0097,0.15,0.0,0.0151,-0.0018,8818.91,3,157.584,159.686,step
2026-09-01T13:13:15.536300+00:00,96.234,-0.0092,0.15,0.0,0.0154,-0.0013,8823.21,3,157.239,159.706,step
2026-09-01T13:13:15.537550+00:00,96.282,-0.0087,0.15,0.0,0.0157,-0.0007,8827.53,3,156.881,159.726,step
2026-09-01T13:13:15.538746+00:00,96.329,-0.0082,0.15,0.0,0.0159,-0.0002,8831.9,3,156.51,159.746,step
2026-09-01T13:13:15.539947+00:00,96.377,-0.0077,0.15,0.0,0.016,0.0002,8835.88,3,156.129,159.766,step
2026-09-01T13:13:15.541133+00:00,96.425,-0.0073,0.15,0.0,0.0161,0.0007,8840.34,3,155.738,159.786,step
2026-09-01T13:13:15.542315+00:00,96.472,-0.0068,0.15,0.0,0.0162,0.0011,8844.71,3,155.337,159.806,step
2026-09-01T13:13:15.543529+00:00,96.519,-0.0063,0.15,0.0,0.0162,0.0015,8849.31,3,154.928,159.826,step
2026-09-01T13:13:15.544747+00:00,96.567,-0.0059,0.15,0.0,0.0162,0.0019,8853.82,3,154.508,159.846,step
2026-09-01T13:13:15.545930+00:00,96.614,-0.0055,0.15,0.0,0.0162,0.0022,8858.23,3,154.079,159.866,step
2026-09-01T13:13:15.547147+00:00,96.661,-0.0051,0.15,0.0,0.0161,0.0025,8862.57,3,153.64,159.886,step
2026-09-01T13:13:15.548341+00:00,96.709,-0.0047,0.15,0.0,0.016,0.0028,8866.88,3,153.191,159.906,step
2026-09-01T13:13:15.549553+00:00,96.756,-0.0043,0.15,0.0,0.0159,0.0031,8871.25,3,152.738,159.926,step
2026-09-01T13:13:15.550781+00:00,96.803,-0.0039,0.15,0.0,0.0157,0.0033,8875.68,3,152.275,159.946,step
2026-09-01T13:13:15.552009+00:00,96.851,-0.0035,0.15,0.0,0.0156,0.0035,8880.04,3,151.804,159.966,step
2026-09-01T13:13:15.553238+00:00,96.898,-0.0032,0.15,0.0,0.0154,0.0037,8884.34,3,151.331,159.986,step
2026-09-01T13:13:15.554452+00:00,96.945,-0.0028,0.15,0.0,0.0151,0.0039,8888.58,3,150.851,160.006,step
2026-09-01T13:13:15.555666+00:00,96.992,-0.0025,0.15,0.0,0.0149,0.0041,8894.43,3,150.366,160.026,step
2026-09-01T13:13:15.556843+00:00,97.04,-0.0022,0.15,0.0,0.0146,0.0043,8898.15,3,149.879,160.046,step
2026-09-01T13:13:15.558012+00:00,97.087,-0.0019,0.15,0.0,0.0144,0.0044,8902.05,3,149.384,160.066,step
2026-09-01T13:13:15.559196+00:00,97.135,-0.0016,0.15,0.0,0.0141,0.0046,8905.99,3,148.88,160.086,step
2026-09-01T13:13:15.560385+00:00,97.182,-0.0013,0.15,0.0,0.0138,0.0047,8910.0,3,148.372,160.106,step
2026-09-01T13:13:15.561616+00:00,97.229,-0.001,0.15,0.0,0.0134,0.0048,8914.12,3,147.856,160.126,step
2026-09-01T13:13:15.562820+00:00,97.275,-0.0008,0.15,0.0,0.0131,0.0048,8918.29,3,147.331,160.146,step
2026-09-01T13:13:15.564018+00:00,97.323,-0.0006,0.15,0.0,0.0128,0.0049,8922.6,3,146.801,160.166,step
2026-09-01T13:13:15.565218+00:00,97.37,-0.0004,0.15,0.0,0.0124,0.0049,8927.23,3,146.268,160.186,step
2026-09-01T13:13:15.566400+00:00,97.417,-0.0002,0.15,0.0,0.0121,0.0049,8931.81,3,145.73,160.206,step
2026-09-01T13:13:15.567610+00:00,97.465,-0.0,0.15,0.0,0.0117,0.0049,8936.27,3,145.186,160.226,step
2026-09-01T13:13:15.568807+00:00,97.513,0.0002,0.15,0.0,0.0114,0.0049,8940.6,3,144.641,160.246,step
2026-09-01T13:13:15.570059+00:00,97.56,0.0003,0.15,0.0,0.011,0.0049,8946.03,3,144.096,160.266,step
2026-09-01T13:13:15.571241+00:00,97.607,0.0005,0.15,0.0,0.0107,0.0049,8952.75,3,143.553,160.286,step
2026-09-01T13:13:15.572433+00:00,97.656,0.0007,0.15,0.0,0.0103,0.0049,8955.46,3,143.004,160.306,step
2026-09-01T13:13:15.573578+00:00,97.704,0.0008,0.15,0.0,0.01,0.0048,8958.89,3,142.448,160.326,step
2026-09-01T13:13:15.574728+00:00,97.752,0.0009,0.15,0.0,0.0096,0.0048,8962.45,3,141.888,160.346,step
2026-09-01T13:13:15.575906+00:00,97.8,0.001,0.15,0.0,0.0093,0.0047,8966.18,3,141.327,160.366,step
2026-09-01T13:13:15.577151+00:00,97.847,0.0011,0.15,0.0,0.0089,0.0046,8970.13,3,140.764,160.386,step
2026-09-01T13:13:15.578338+00:00,97.894,0.0012,0.15,0.0,0.0086,0.0046,8974.32,3,140.2,160.406,step
2026-09-01T13:13:15.579543+00:00,97.942,0.0013,0.15,0.0,0.0083,0.0045,8978.76,3,139.636,160.426,step
2026-09-01T13:13:15.580759+00:00,97.989,0.0013,0.15,0.0,0.0079,0.0044,8983.48,3,139.07,160.446,step
2026-09-01T13:13:15.581941+00:00,98.037,0.0014,0.15,0.0,0.0076,0.0044,8988.14,3,138.504,160.466,step
2026-09-01T13:13:15.583146+00:00,98.085,0.0015,0.15,0.0,0.0073,0.0043,8992.63,3,137.938,160.486,step
2026-09-01T13:13:15.584364+00:00,98.133,0.0016,0.15,0.0,0.007,0.0042,8996.99,3,137.372,160.506,step
2026-09-01T13:13:15.585584+00:00,98.179,0.0016,0.15,0.0,0.0067,0.0041,9004.57,3,136.8,160.526,step
2026-09-01T13:13:15.586790+00:00,98.228,0.0016,0.15,0.0,0.0064,0.004,9008.01,3,136.223,160.546,step
2026-09-01T13:13:15.587963+00:00,98.276,0.0016,0.15,0.0,0.0061,0.0039,9011.24,3,135.643,160.566,step
2026-09-01T13:13:15.589142+00:00,98.325,0.0016,0.15,0.0,0.0058,0.0038,9014.9,3,135.062,160.586,step
2026-09-01T13:13:15.590287+00:00,98.372,0.0016,0.15,0.0,0.0055,0.0036,9018.65,3,134.481,160.606,step
2026-09-01T13:13:15.591426+00:00,98.42,0.0016,0.15,0.0,0.0053,0.0035,9022.54,3,133.9,160.626,step
2026-09-01T13:13:15.592582+00:00,98.467,0.0016,0.15,0.0,0.005,0.0034,9026.63,3,133.319,160.646,step
2026-09-01T13:13:15.593783+00:00,98.514,0.0015,0.15,0.0,0.0048,0.0033,9030.9,3,132.737,160.666,step
2026-09-01T13:13:15.594994+00:00,98.561,0.0015,0.15,0.0,0.0045,0.0031,9035.29,3,132.156,160.686,step
2026-09-01T13:13:15.596184+00:00,98.608,0.0015,0.15,0.0,0.0043,0.003,9039.85,3,131.574,160.706,step
2026-09-01T13:13:15.597383+00:00,98.655,0.0014,0.15,0.0,0.0041,0.0029,9044.32,3,130.998,160.726,step
2026-09-01T13:13:15.598536+00:00,98.702,0.0015,0.15,0.0,0.0039,0.0028,9048.74,3,130.427,160.746,step
2026-09-01T13:13:15.599684+00:00,98.749,0.0015,0.15,0.0,0.0037,0.0028,9053.06,3,129.859,160.766,step
2026-09-01T13:13:15.600849+00:00,98.796,0.0015,0.15,0.0,0.0035,0.0027,9057.34,3,129.291,160.786,step
2026-09-01T13:13:15.602058+00:00,98.843,0.0015,0.15,0.0,0.0034,0.0026,9062.27,3,128.725,160.806,step
2026-09-01T13:13:15.603277+00:00,98.89,0.0015,0.15,0.0,0.0032,0.0026,9066.24,3,128.158,160.826,step
2026-09-01T13:13:15.604434+00:00,98.937,0.0015,0.15,0.0,0.003,0.0025,9070.28,3,127.586,160.846,step
2026-09-01T13:13:15.605619+00:00,98.983,0.0015,0.15,0.0,0.0028,0.0024,9074.35,3,127.012,160.866,step
2026-09-01T13:13:15.606763+00:00,99.03,0.0015,0.15,0.0,0.0027,0.0023,9078.46,3,126.442,160.886,step
2026-09-01T13:13:15.607907+00:00,99.076,0.0015,0.15,0.0,0.0025,0.0023,9082.59,3,125.874,160.906,step
2026-09-01T13:13:15.609063+00:00,99.123,0.0015,0.15,0.0,0.0024,0.0022,9086.76,3,125.306,160.926,step
2026-09-01T13:13:15.610236+00:00,99.169,0.0015,0.15,0.0,0.0022,0.0021,9090.96,3,124.738,160.946,step
2026-09-01T13:13:15.611572+00:00,99.215,0.0014,0.15,0.0,0.0021,0.0021,9095.2,3,124.17,160.966,step
2026-09-01T13:13:15.612732+00:00,99.261,0.0014,0.15,0.0,0.002,0.002,9099.5,3,123.603,160.986,step
2026-09-01T13:13:15.613965+00:00,99.307,0.0014,0.15,0.0,0.0018,0.002,9103.75,3,123.035,161.006,step
2026-09-01T13:13:15.615112+00:00,99.353,0.0014,0.15,0.0,0.0017,0.0019,9107.97,3,122.466,161.026,step
2026-09-01T13:13:15.616266+00:00,99.399,0.0014,0.15,0.0,0.0016,0.0018,9112.16,3,121.899,161.046,step
2026-09-01T13:13:15.617445+00:00,99.445,0.0014,0.15,0.0,0.0015,0.0018,9116.56,3,121.331,161.066,step
2026-09-01T13:13:15.618637+00:00,99.49,0.0014,0.15,0.0,0.0014,0.0017,9120.88,3,120.763,161.086,step
2026-09-01T13:13:15.619889+00:00,99.536,0.0014,0.15,0.0,0.0013,0.0017,9124.86,3,120.195,161.106,step
2026-09-01T13:13:15.621050+00:00,99.582,0.0013,0.0,0.15,0.0012,0.0016,9128.91,3,119.627,161.126,step
2026-09-01T13:13:15.622228+00:00,99.241,0.0013,0.0,0.15,0.0011,0.0015,8944.09,3,119.054,161.146,step
2026-09-01T13:13:15.623379+00:00,98.692,0.0012,0.0,0.15,0.001,0.0014,8892.25,3,118.474,161.166,step
2026-09-01T13:13:15.624519+00:00,98.143,0.0011,0.0,0.15,0.0009,0.0013,8841.57,3,117.894,161.186,step
2026-09-01T13:13:15.625678+00:00,97.597,0.001,0.0,0.15,0.0008,0.0011,8792.38,3,117.318,161.206,step
2026-09-01T13:13:15.626858+00:00,97.054,0.0008,0.0,0.15,0.0008,0.001,8744.14,3,116.744,161.226,step
2026-09-01T13:13:15.628100+00:00,96.515,0.0007,0.0,0.15,0.0007,0.0009,8696.47,3,116.174,161.246,step
2026-09-01T13:13:15.629283+00:00,95.978,0.0006,0.0,0.15,0.0007,0.0007,8648.94,3,115.607,161.266,step
2026-09-01T13:13:15.630460+00:00,95.443,0.0004,0.0,0.15,0.0006,0.0006,8601.45,3,115.043,161.286,step
2026-09-01T13:13:15.631625+00:00,94.91,0.0003,0.0,0.15,0.0006,0.0005,8554.02,3,114.489,161.306,step
2026-09-01T13:13:15.632779+00:00,94.38,0.0002,0.0,0.15,0.0006,0.0004,8506.65,3,113.944,161.326,step
2026-09-01T13:13:15.633950+00:00,93.852,0.0002,0.0,0.15,0.0005,0.0004,8458.86,3,113.404,161.346,step
2026-09-01T13:13:15.635100+00:00,93.325,0.0001,0.0,0.15,0.0005,0.0003,8411.76,3,112.869,161.366,step
2026-09-01T13:13:15.636297+00:00,92.8,0.0,0.0,0.15,0.0005,0.0002,8364.99,3,112.338,161.386,step
2026-09-01T13:13:15.637466+00:00,92.277,-0.0,0.0,0.15,0.0005,0.0002,8318.34,3,111.81,161.406,step
2026-09-01T13:13:15.638615+00:00,91.755,-0.0001,0.15,0.0,0.0005,0.0001,8271.78,3,111.285,161.426,step
2026-09-01T13:13:15.639753+00:00,91.626,-0.0002,0.15,0.0,0.0005,0.0001,8404.69,3,110.769,161.446,step
2026-09-01T13:13:15.640888+00:00,91.686,-0.0002,0.15,0.0,0.0006,0.0001,8409.27,3,110.259,161.466,step
2026-09-01T13:13:15.642035+00:00,91.747,-0.0002,0.15,0.0,0.0006,0.0001,8413.93,3,109.749,161.486,step
2026-09-01T13:13:15.643205+00:00,91.808,-0.0002,0.15,0.0,0.0006,0.0001,8418.98,3,109.238,161.506,step
2026-09-01T13:13:15.644412+00:00,91.868,-0.0002,0.15,0.0,0.0006,0.0001,8424.39,3,108.727,161.526,step
2026-09-01T13:13:15.645583+00:00,91.928,-0.0002,0.15,0.0,0.0006,0.0001,8430.13,3,108.215,161.546,step
2026-09-01T13:13:15.646770+00:00,91.988,-0.0002,0.15,0.0,0.0006,0.0001,8436.07,3,107.703,161.566,step
2026-09-01T13:13:15.647932+00:00,92.049,-0.0002,0.0,0.15,0.0006,0.0001,8441.84,3,107.191,161.586,step
2026-09-01T13:13:15.649075+00:00,91.725,-0.0003,0.15,0.0,0.0007,0.0001,8271.79,3,106.676,161.606,step
2026-09-01T13:13:15.650235+00:00,91.588,-0.0003,0.15,0.0,0.0007,0.0,8401.36,3,106.163,161.626,step
2026-09-01T13:13:15.651392+00:00,91.649,-0.0003,0.15,0.0,0.0007,0.0,8406.03,3,105.654,161.646,step
2026-09-01T13:13:15.652633+00:00,91.71,-0.0003,0.15,0.0,0.0007,0.0,8411.12,3,105.145,161.666,step
2026-09-01T13:13:15.653796+00:00,91.77,-0.0003,0.15,0.0,0.0007,0.0,8416.28,3,104.635,161.686,step
2026-09-01T13:13:15.654926+00:00,91.83,-0.0003,0.15,0.0,0.0007,0.0,8421.56,3,104.125,161.706,step
2026-09-01T13:13:15.656079+00:00,91.89,-0.0003,0.15,0.0,0.0007,0.0,8426.95,3,103.615,161.726,step
2026-09-01T13:13:15.657204+00:00,91.951,-0.0003,0.15,0.0,0.0008,0.0,8432.4,3,103.104,161.746,step
2026-09-01T13:13:15.658356+00:00,92.01,-0.0003,0.0,0.15,0.0008,0.0001,8438.06,3,102.594,161.766,step
2026-09-01T13:13:15.659522+00:00,91.687,-0.0003,0.15,0.0,0.0008,0.0,8268.98,3,102.079,161.786,step
2026-09-01T13:13:15.660700+00:00,91.55,-0.0004,0.15,0.0,0.0008,0.0,8397.75,3,101.566,161.806,step
2026-09-01T13:13:15.661847+00:00,91.611,-0.0004,0.15,0.0,0.0008,0.0,8402.45,3,101.057,161.826,step
2026-09-01T13:13:15.663019+00:00,91.672,-0.0004,0.15,0.0,0.0008,0.0,8407.65,3,100.549,161.846,step
2026-09-01T13:13:15.664192+00:00,91.732,-0.0004,0.15,0.0,0.0008,0.0,8412.87,3,100.04,161.866,step
2026-09-01T13:13:15.665339+00:00,91.792,-0.0004,0.15,0.0,0.0008,0.0,8418.19,3,99.5317,161.886,step
2026-09-01T13:13:15.666465+00:00,91.853,-0.0004,0.15,0.0,0.0008,0.0,8423.58,3,99.0226,161.906,step
2026-09-01T13:13:15.667617+00:00,91.913,-0.0004,0.15,0.0,0.0008,0.0,8429.09,3,98.5127,161.926,step
2026-09-01T13:13:15.668856+00:00,91.973,-0.0004,0.15,0.0,0.0008,0.0,8434.42,3,98.0024,161.946,step
2026-09-01T13:13:15.670004+00:00,92.033,-0.0004,0.0,0.15,0.0008,0.0,8440.02,3,97.4922,161.966,step
2026-09-01T13:13:15.671173+00:00,91.708,-0.0004,0.15,0.0,0.0008,0.0,8271.06,3,96.9785,161.986,step
2026-09-01T13:13:15.672332+00:00,91.572,-0.0004,0.15,0.0,0.0009,0.0,8399.67,3,96.4649,162.006,step
2026-09-01T13:13:15.673458+00:00,91.632,-0.0004,0.15,0.0,0.0009,0.0,8404.43,3,95.9552,162.026,step
2026-09-01T13:13:15.674582+00:00,91.693,-0.0004,0.15,0.0,0.0009,0.0,8409.57,3,95.4461,162.046,step
2026-09-01T13:13:15.675725+00:00,91.753,-0.0004,0.15,0.0,0.0009,0.0,8414.82,3,94.937,162.066,step
2026-09-01T13:13:15.676901+00:00,91.814,-0.0004,0.15,0.0,0.0009,0.0,8420.13,3,94.4277,162.086,step
2026-09-01T13:13:15.678082+00:00,91.874,-0.0004,0.15,0.0,0.0009,0.0,8425.52,3,93.9181,162.106,step
2026-09-01T13:13:15.679246+00:00,91.934,-0.0004,0.15,0.0,0.0009,0.0,8431.06,3,93.4083,162.126,step
2026-09-01T13:13:15.680419+00:00,91.995,-0.0004,0.15,0.0,0.0009,0.0,8436.76,3,92.898,162.146,step
2026-09-01T13:13:15.681573+00:00,92.055,-0.0004,0.0,0.15,0.0009,0.0,8442.4,3,92.3873,162.166,step
2026-09-01T13:13:15.682707+00:00,91.733,-0.0004,0.15,0.0,0.0009,0.0,8272.77,3,91.8798,162.186,step
2026-09-01T13:13:15.683827+00:00,91.596,-0.0003,0.15,0.0,0.0009,0.0001,8402.0,3,91.3768,162.206,step
2026-09-01T13:13:15.684983+00:00,91.656,-0.0003,0.15,0.0,0.0009,0.0001,8408.04,3,90.8704,162.226,step
2026-09-01T13:13:15.686157+00:00,91.718,-0.0003,0.15,0.0,0.0009,0.0001,8413.28,3,90.3623,162.246,step
2026-09-01T13:13:15.687268+00:00,91.779,-0.0003,0.15,0.0,0.0009,0.0001,8418.03,3,89.8534,162.266,step
2026-09-01T13:13:15.688405+00:00,91.84,-0.0003,0.15,0.0,0.0008,0.0001,8423.02,3,89.344,162.286,step
2026-09-01T13:13:15.689519+00:00,91.901,-0.0003,0.15,0.0,0.0008,0.0001,8428.13,3,88.8341,162.306,step
2026-09-01T13:13:15.690627+00:00,91.962,-0.0003,0.15,0.0,0.0008,0.0001,8433.41,3,88.3237,162.326,step
2026-09-01T13:13:15.691744+00:00,92.023,-0.0003,0.0,0.15,0.0008,0.0001,8438.87,3,87.8128,162.346,step
2026-09-01T13:13:15.692899+00:00,91.698,-0.0003,0.15,0.0,0.0008,0.0001,8271.2,3,87.3061,162.366,step
2026-09-01T13:13:15.694085+00:00,91.564,-0.0002,0.15,0.0,0.0008,0.0002,8398.69,3,86.8033,162.386,step
2026-09-01T13:13:15.695275+00:00,91.625,-0.0002,0.15,0.0,0.0008,0.0002,8403.68,3,86.2971,162.406,step
2026-09-01T13:13:15.696428+00:00,91.687,-0.0002,0.15,0.0,0.0008,0.0002,8409.11,3,85.7892,162.426,step
2026-09-01T13:13:15.697600+00:00,91.749,-0.0002,0.15,0.0,0.0008,0.0002,8414.59,3,85.2805,162.446,step
2026-09-01T13:13:15.698721+00:00,91.811,-0.0001,0.15,0.0,0.0008,0.0002,8420.15,3,84.7715,162.466,step
2026-09-01T13:13:15.699837+00:00,91.873,-0.0001,0.15,0.0,0.0007,0.0002,8425.71,3,84.262,162.486,step
2026-09-01T13:13:15.700984+00:00,91.935,-0.0001,0.15,0.0,0.0007,0.0002,8431.31,3,83.7523,162.506,step
2026-09-01T13:13:15.702194+00:00,91.995,-0.0001,0.15,0.0,0.0007,0.0002,8439.8,3,83.2424,162.526,step
2026-09-01T13:13:15.703389+00:00,92.058,-0.0001,0.0,0.15,0.0007,0.0002,8444.3,3,82.732,162.546,step
2026-09-01T13:13:15.704522+00:00,91.737,-0.0001,0.15,0.0,0.0007,0.0002,8271.94,3,82.2187,162.566,step
2026-09-01T13:13:15.705681+00:00,91.603,-0.0001,0.15,0.0,0.0007,0.0002,8402.53,3,81.706,162.586,step
2026-09-01T13:13:15.706783+00:00,91.665,-0.0001,0.15,0.0,0.0006,0.0002,8407.39,3,81.1965,162.606,step
2026-09-01T13:13:15.707895+00:00,91.728,-0.0001,0.15,0.0,0.0006,0.0002,8412.43,3,80.6875,162.626,step
2026-09-01T13:13:15.709006+00:00,91.79,-0.0001,0.15,0.0,0.0006,0.0002,8417.66,3,80.1786,162.646,step
2026-09-01T13:13:15.710151+00:00,91.852,-0.0001,0.15,0.0,0.0006,0.0002,8423.11,3,79.6695,162.666,step
2026-09-01T13:13:15.711403+00:00,91.914,-0.0,0.15,0.0,0.0006,0.0002,8428.77,3,79.1601,162.686,step
2026-09-01T13:13:15.712566+00:00,91.976,-0.0,0.15,0.0,0.0005,0.0002,8434.69,3,78.6505,162.706,step
2026-09-01T13:13:15.713689+00:00,92.038,-0.0,0.0,0.15,0.0005,0.0002,8440.71,3,78.1404,162.726,step
2026-09-01T13:13:15.714793+00:00,91.719,0.0,0.15,0.0,0.0005,0.0002,8271.57,3,77.6333,162.746,step
2026-09-01T13:13:15.715887+00:00,91.583,0.0001,0.15,0.0,0.0005,0.0003,8400.86,3,77.1302,162.766,step
2026-09-01T13:13:15.717016+00:00,91.646,0.0001,0.15,0.0,0.0004,0.0003,8405.7,3,76.6241,162.786,step
2026-09-01T13:13:15.718154+00:00,91.708,0.0001,0.15,0.0,0.0004,0.0003,8412.5,3,76.1164,162.806,step
2026-09-01T13:13:15.719314+00:00,91.771,0.0002,0.15,0.0,0.0004,0.0003,8417.42,3,75.6082,162.826,step
2026-09-01T13:13:15.720461+00:00,91.835,0.0002,0.15,0.0,0.0004,0.0003,8422.66,3,75.0995,162.846,step
2026-09-01T13:13:15.721563+00:00,91.897,0.0002,0.15,0.0,0.0003,0.0003,8427.96,3,74.5905,162.866,step
2026-09-01T13:13:15.722683+00:00,91.96,0.0002,0.15,0.0,0.0003,0.0003,8433.38,3,74.0813,162.886,step
2026-09-01T13:13:15.723794+00:00,92.023,0.0003,0.0,0.15,0.0003,0.0003,8438.95,3,73.5718,162.906,step
2026-09-01T13:13:15.724903+00:00,91.7,0.0003,0.15,0.0,0.0002,0.0004,8271.33,3,73.0637,162.926,step
2026-09-01T13:13:15.726047+00:00,91.567,0.0004,0.15,0.0,0.0002,0.0004,8398.95,3,72.5599,162.946,step
2026-09-01T13:13:15.727248+00:00,91.63,0.0004,0.15,0.0,0.0001,0.0004,8403.99,3,72.0534,162.966,step
2026-09-01T13:13:15.728387+00:00,91.693,0.0004,0.15,0.0,0.0001,0.0004,8409.44,3,71.5456,162.986,step
2026-09-01T13:13:15.729546+00:00,91.756,0.0005,0.15,0.0,0.0001,0.0004,8415.0,3,71.0376,163.006,step
2026-09-01T13:13:15.730676+00:00,91.819,0.0005,0.15,0.0,0.0,0.0004,8420.59,3,70.5291,163.026,step
2026-09-01T13:13:15.731790+00:00,91.881,0.0005,0.15,0.0,-0.0,0.0004,8426.24,3,70.0174,163.046,step
2026-09-01T13:13:15.732899+00:00,91.944,0.0005,0.15,0.0,-0.0001,0.0004,8431.98,3,69.5019,163.066,step
2026-09-01T13:13:15.734021+00:00,92.007,0.0005,0.0,0.15,-0.0001,0.0004,8437.77,3,68.988,163.086,step
2026-09-01T13:13:15.735143+00:00,91.685,0.0005,0.15,0.0,-0.0002,0.0003,8268.77,3,68.4751,163.106,step
2026-09-01T13:13:15.736433+00:00,91.551,0.0005,0.15,0.0,-0.0002,0.0003,8397.76,3,67.964,163.126,step
2026-09-01T13:13:15.737550+00:00,91.614,0.0005,0.15,0.0,-0.0003,0.0003,8402.68,3,67.4557,163.146,step
2026-09-01T13:13:15.738659+00:00,91.677,0.0005,0.15,0.0,-0.0003,0.0003,8408.11,3,66.9447,163.166,step
2026-09-01T13:13:15.739767+00:00,91.74,0.0005,0.15,0.0,-0.0003,0.0003,8413.58,3,66.4303,163.186,step
2026-09-01T13:13:15.740859+00:00,91.803,0.0005,0.15,0.0,-0.0004,0.0002,8419.11,3,65.9146,163.206,step
2026-09-01T13:13:15.741976+00:00,91.866,0.0005,0.15,0.0,-0.0004,0.0002,8424.74,3,65.4012,163.226,step
2026-09-01T13:13:15.743165+00:00,91.928,0.0005,0.15,0.0,-0.0005,0.0002,8430.47,3,64.8906,163.246,step
2026-09-01T13:13:15.744285+00:00,91.991,0.0005,0.15,0.0,-0.0005,0.0002,8436.2,3,64.3808,163.266,step
2026-09-01T13:13:15.745417+00:00,92.053,0.0005,0.0,0.15,-0.0005,0.0002,8441.95,3,63.8708,163.286,step
2026-09-01T13:13:15.746561+00:00,91.728,0.0005,0.15,0.0,-0.0006,0.0002,8272.79,3,63.3557,163.306,step
2026-09-01T13:13:15.747675+00:00,91.596,0.0004,0.15,0.0,-0.0006,0.0001,8401.72,3,62.8388,163.326,step
2026-09-01T13:13:15.748778+00:00,91.659,0.0004,0.15,0.0,-0.0006,0.0001,8406.69,3,62.326,163.346,step
2026-09-01T13:13:15.749874+00:00,91.722,0.0004,0.15,0.0,-0.0007,0.0001,8411.58,3,61.8162,163.366,step
2026-09-01T13:13:15.751021+00:00,91.784,0.0005,0.15,0.0,-0.0007,0.0001,8416.39,3,61.3077,163.386,step
2026-09-01T13:13:15.752155+00:00,91.846,0.0005,0.15,0.0,-0.0007,0.0001,8422.02,3,60.7993,163.406,step
2026-09-01T13:13:15.753302+00:00,91.907,0.0005,0.15,0.0,-0.0008,0.0001,8427.89,3,60.2902,163.426,step
2026-09-01T13:13:15.754415+00:00,91.969,0.0005,0.0,0.15,-0.0008,0.0001,8434.11,3,59.7786,163.446,step
2026-09-01T13:13:15.755555+00:00,91.647,0.0005,0.0,0.15,-0.0008,0.0001,8265.29,3,59.2623,163.466,step
2026-09-01T13:13:15.756685+00:00,91.128,0.0004,0.0,0.15,-0.0009,-0.0,8216.17,3,58.7462,163.486,step
2026-09-01T13:13:15.757816+00:00,90.608,0.0004,0.0,0.15,-0.0009,-0.0001,8168.09,3,58.2343,163.506,step
2026-09-01T13:13:15.758918+00:00,90.091,0.0003,0.0,0.15,-0.0009,-0.0001,8121.59,3,57.7255,163.526,step
2026-09-01T13:13:15.760036+00:00,89.571,0.0002,0.0,0.15,-0.001,-0.0002,8075.81,3,57.2198,163.546,step
2026-09-01T13:13:15.761324+00:00,89.06,0.0002,0.0,0.15,-0.001,-0.0003,8030.85,3,56.7167,163.566,step
2026-09-01T13:13:15.762437+00:00,88.552,0.0001,0.0,0.15,-0.001,-0.0003,7986.1,3,56.2166,163.586,step
2026-09-01T13:13:15.763585+00:00,88.045,0.0,0.0,0.15,-0.001,-0.0004,7941.12,3,55.7195,163.606,step
2026-09-01T13:13:15.764687+00:00,87.541,-0.0,0.0,0.15,-0.001,-0.0004,7896.05,3,55.2256,163.626,step
2026-09-01T13:13:15.765787+00:00,87.038,-0.0001,0.0,0.15,-0.001,-0.0005,7850.84,3,54.735,163.646,step
2026-09-01T13:13:15.766880+00:00,86.534,-0.0001,0.0,0.15,-0.001,-0.0006,7810.12,3,54.2475,163.666,step
2026-09-01T13:13:15.767980+00:00,86.033,-0.0002,0.0,0.15,-0.001,-0.0006,7765.08,3,53.7635,163.686,step
2026-09-01T13:13:15.769190+00:00,85.534,-0.0003,0.0,0.15,-0.001,-0.0006,7718.65,3,53.2828,163.706,step
2026-09-01T13:13:15.770314+00:00,85.037,-0.0003,0.0,0.15,-0.001,-0.0007,7672.03,3,52.8049,163.726,step
2026-09-01T13:13:15.771410+00:00,84.541,-0.0004,0.0,0.15,-0.001,-0.0007,7626.42,3,52.3298,163.746,step
2026-09-01T13:13:15.772528+00:00,84.046,-0.0004,0.0,0.15,-0.001,-0.0008,7581.47,3,51.8575,163.766,step
2026-09-01T13:13:15.773612+00:00,83.552,-0.0005,0.0,0.15,-0.001,-0.0008,7537.18,3,51.3879,163.786,step
2026-09-01T13:13:15.774697+00:00,83.06,-0.0005,0.0,0.15,-0.001,-0.0009,7493.25,3,50.9211,163.806,step
2026-09-01T13:13:15.775799+00:00,82.569,-0.0006,0.0,0.15,-0.001,-0.0009,7449.51,3,50.4595,163.826,step
2026-09-01T13:13:15.776906+00:00,82.073,-0.0006,0.0,0.15,-0.001,-0.0009,7405.72,3,50.0032,163.846,step
2026-09-01T13:13:15.778218+00:00,81.585,-0.0006,0.0,0.15,-0.0009,-0.0009,7362.17,3,49.5504,163.866,step
2026-09-01T13:13:15.779374+00:00,81.099,-0.0006,0.0,0.15,-0.0009,-0.0009,7318.91,3,49.1005,163.886,step
2026-09-01T13:13:15.780540+00:00,80.615,-0.0006,0.0,0.15,-0.0009,-0.0008,7275.62,3,48.6535,163.906,step
2026-09-01T13:13:15.781640+00:00,80.133,-0.0005,0.0,0.15,-0.0009,-0.0008,7232.23,3,48.2095,163.926,step
2026-09-01T13:13:15.782748+00:00,79.651,-0.0005,0.0,0.15,-0.0009,-0.0008,7188.95,2,47.7682,163.946,step
2026-09-01T13:13:15.783861+00:00,79.189,-0.0005,0.0,0.15,-0.0009,-0.0008,9037.41,2,47.3303,163.966,step
2026-09-01T13:13:15.784964+00:00,78.738,-0.0005,0.0,0.15,-0.0009,-0.0008,9016.05,2,46.8949,163.986,step
2026-09-01T13:13:15.786297+00:00,78.269,-0.0005,0.0,0.15,-0.0009,-0.0008,8878.12,2,46.4606,164.006,step
2026-09-01T13:13:15.787497+00:00,77.729,-0.0005,0.0,0.15,-0.0009,-0.0008,8811.94,2,46.0245,164.026,step
2026-09-01T13:13:15.788634+00:00,77.192,-0.0006,0.0,0.15,-0.0009,-0.0008,8747.6,2,45.5897,164.046,step
2026-09-01T13:13:15.789752+00:00,76.658,-0.0006,0.0,0.15,-0.0009,-0.0009,8685.51,2,45.1588,164.066,step
2026-09-01T13:13:15.790876+00:00,76.126,-0.2007,0.0,0.15,-0.0009,-0.0009,8625.17,2,44.7309,164.086,step
2026-09-01T13:13:15.792007+00:00,75.609,-0.1982,0.0,0.15,-0.0011,0.0011,8566.07,2,44.5034,164.106,step
2026-09-01T13:13:15.793124+00:00,75.041,-0.1905,0.0,0.15,-0.0018,0.0071,8503.19,2,44.6572,164.126,step
2026-09-01T13:13:15.794331+00:00,74.492,-0.1802,0.0,0.15,-0.0031,0.0152,8438.57,2,44.998,164.146,step
2026-09-01T13:13:15.795443+00:00,73.956,0.0312,0.0,0.15,-0.005,0.024,8376.3,2,45.401,164.166,step
2026-09-01T13:13:15.796589+00:00,73.439,0.0401,0.0,0.15,-0.0071,0.0305,8319.77,2,45.5926,164.186,step
2026-09-01T13:13:15.797732+00:00,72.904,0.0428,0.0,0.15,-0.0091,0.0318,8264.48,2,45.3102,164.206,step
2026-09-01T13:13:15.798855+00:00,72.384,-0.1574,0.0,0.15,-0.011,0.031,8208.83,2,44.8236,164.226,step
2026-09-01T13:13:15.799967+00:00,71.883,-0.1557,0.0,0.15,-0.013,0.0315,8152.72,2,44.4706,164.246,step
2026-09-01T13:13:15.801111+00:00,71.34,-0.1492,0.0,0.15,-0.0155,0.0359,8092.94,2,44.4703,164.266,step
2026-09-01T13:13:15.802329+00:00,70.816,-0.1403,0.0,0.15,-0.0184,0.0421,8032.98,2,44.6232,164.286,step
2026-09-01T13:13:15.803456+00:00,70.304,-0.1307,0.0,0.15,-0.0218,0.0486,7973.9,2,44.8126,164.306,step
2026-09-01T13:13:15.804598+00:00,69.792,-0.1211,0.0,0.15,-0.0256,0.0551,7922.96,2,44.9889,164.326,step
2026-09-01T13:13:15.805707+00:00,69.284,0.0881,0.8,0.0,-0.0297,0.0611,7869.06,2,45.126,164.346,step
2026-09-01T13:13:15.806820+00:00,69.612,0.0942,0.0,0.15,-0.0339,0.0644,8744.08,2,45.0286,164.366,step
2026-09-01T13:13:15.807928+00:00,69.617,-0.1053,0.0,0.15,-0.0379,0.0632,7908.32,2,44.5368,164.386,step
2026-09-01T13:13:15.809068+00:00,69.118,-0.1046,0.0,0.15,-0.0418,0.0621,7848.84,2,44.062,164.406,step
2026-09-01T13:13:15.810198+00:00,68.597,-0.0999,0.0,0.15,-0.046,0.0643,7787.11,2,43.8642,164.426,step
2026-09-01T13:13:15.811346+00:00,68.088,-0.0932,0.0,0.15,-0.0504,0.068,7726.86,2,43.7977,164.446,step
2026-09-01T13:13:15.812496+00:00,67.588,-0.0858,0.0,0.15,-0.0552,0.0722,7669.29,2,43.7712,164.466,step
2026-09-01T13:13:15.813638+00:00,67.093,-0.0783,0.0,0.15,-0.0601,0.0763,7613.73,2,43.7428,164.486,step
2026-09-01T13:13:15.814750+00:00,66.601,-0.0711,0.0,0.15,-0.0652,0.0802,7559.23,2,43.6942,164.506,step
2026-09-01T13:13:15.815851+00:00,66.112,-0.0642,0.0,0.15,-0.0705,0.0838,7505.27,2,43.6195,164.526,step
2026-09-01T13:13:15.817006+00:00,65.626,-0.0576,0.0,0.15,-0.0759,0.087,7451.51,2,43.5176,164.546,step
2026-09-01T13:13:15.818171+00:00,65.133,-0.0513,0.0,0.15,-0.0815,0.09,7397.15,2,43.3915,164.566,step
2026-09-01T13:13:15.819460+00:00,64.651,-0.0453,0.0,0.15,-0.0872,0.0926,7343.94,2,43.2425,164.586,step
2026-09-01T13:13:15.820588+00:00,64.171,-0.0397,0.0,0.15,-0.093,0.0949,7290.7,2,43.0689,164.606,step
2026-09-01T13:13:15.821795+00:00,63.694,-0.0344,0.0,0.15,-0.0988,0.0969,7237.3,2,42.8738,164.626,step
2026-09-01T13:13:15.822928+00:00,63.218,-0.0293,0.0,0.15,-0.1047,0.0986,7183.67,2,42.6585,164.646,step
2026-09-01T13:13:15.824046+00:00,62.745,-0.0246,0.0,0.15,-0.1106,0.1001,7129.95,2,42.4246,164.666,step
2026-09-01T13:13:15.825173+00:00,62.272,-0.0201,0.0,0.15,-0.1165,0.1013,7076.4,2,42.1755,164.686,step
2026-09-01T13:13:15.826332+00:00,61.8,-0.0159,0.0,0.15,-0.1225,0.1024,7023.03,2,41.9121,164.706,step
2026-09-01T13:13:15.827519+00:00,61.324,-0.0119,0.0,0.15,-0.1285,0.1032,6977.14,2,41.635,164.726,step
2026-09-01T13:13:15.828629+00:00,60.852,-0.0082,0.0,0.15,-0.1344,0.1039,6924.98,2,41.3464,164.746,step
2026-09-01T13:13:15.829821+00:00,60.382,-0.0046,0.0,0.15,-0.1403,0.1043,6870.39,2,41.0467,164.766,step
2026-09-01T13:13:15.830939+00:00,59.916,-0.0013,0.0,0.15,-0.1462,0.1047,6814.39,2,40.7381,164.786,step
2026-09-01T13:13:15.832054+00:00,59.452,0.0018,0.0,0.15,-0.152,0.1048,6759.73,2,40.4204,164.806,step
2026-09-01T13:13:15.833163+00:00,58.989,0.0047,0.0,0.15,-0.1578,0.1049,6706.35,2,40.0944,164.826,step
2026-09-01T13:13:15.834303+00:00,58.528,0.0075,0.0,0.15,-0.1635,0.1048,6653.97,2,39.7616,164.846,step
2026-09-01T13:13:15.835482+00:00,58.068,0.0101,0.0,0.15,-0.1692,0.1046,6602.17,2,39.4237,164.866,step
2026-09-01T13:13:15.836631+00:00,57.609,0.0125,0.0,0.15,-0.1747,0.1043,6550.76,2,39.0793,164.886,step
2026-09-01T13:13:15.837781+00:00,57.152,0.0147,0.0,0.15,-0.1803,0.1038,6499.51,2,38.7301,164.906,step
2026-09-01T13:13:15.838926+00:00,56.697,0.0168,0.0,0.15,-0.1857,0.1033,6448.39,2,38.3767,164.926,step
2026-09-01T13:13:15.840045+00:00,56.242,0.0187,0.0,0.15,-0.1911,0.1027,6397.3,2,38.0198,164.946,step
2026-09-01T13:13:15.841220+00:00,55.789,0.0205,0.0,0.15,-0.1963,0.102,6346.31,2,37.6607,164.966,step
2026-09-01T13:13:15.842370+00:00,55.335,0.0222,0.0,0.15,-0.2015,0.1012,6295.35,2,37.2995,164.986,step
2026-09-01T13:13:15.843544+00:00,54.882,0.0238,0.0,0.15,-0.2066,0.1004,6244.02,2,36.937,165.006,step
2026-09-01T13:13:15.844777+00:00,54.433,0.0252,0.0,0.15,-0.2116,0.0995,6193.58,2,36.5739,165.026,step
2026-09-01T13:13:15.845967+00:00,53.985,0.0265,0.0,0.15,-0.2165,0.0986,6143.1,2,36.211,165.046,step
2026-09-01T13:13:15.847189+00:00,53.538,0.0278,0.0,0.15,-0.2213,0.0976,6092.66,2,35.8482,165.066,step
2026-09-01T13:13:15.848345+00:00,53.093,0.0289,0.0,0.15,-0.226,0.0966,6042.22,2,35.4859,165.086,step
2026-09-01T13:13:15.849514+00:00,52.649,0.0255,0.0,0.15,-0.2305,0.0919,5991.8,2,35.1251,165.106,step
2026-09-01T13:13:15.850719+00:00,52.206,0.0203,0.0,0.15,-0.2348,0.0857,5941.45,2,34.7704,165.126,step
2026-09-01T13:13:15.851961+00:00,51.764,0.0151,0.0,0.15,-0.2387,0.0798,5891.19,2,34.4284,165.146,step
2026-09-01T13:13:15.853286+00:00,51.322,0.01,0.0,0.15,-0.2423,0.0741,5841.09,2,34.1015,165.166,step
2026-09-01T13:13:15.854502+00:00,50.88,0.0051,0.0,0.15,-0.2456,0.0686,5793.67,2,33.7887,165.186,step
2026-09-01T13:13:15.855719+00:00,50.438,0.0003,0.0,0.15,-0.2487,0.0633,5745.32,2,33.4898,165.206,step
2026-09-01T13:13:15.856893+00:00,49.998,-0.0044,0.0,0.15,-0.2515,0.0582,5695.04,1,33.2049,165.226,step
2026-09-01T13:13:15.858087+00:00,49.567,-0.0089,0.0,0.15,-0.2541,0.0534,7641.8,1,32.9321,165.246,step
2026-09-01T13:13:15.859322+00:00,49.139,-0.0133,0.0,0.15,-0.2565,0.0487,7630.49,1,32.6712,165.266,step
2026-09-01T13:13:15.860557+00:00,48.695,-0.0176,0.0,0.15,-0.2587,0.0442,7422.48,1,32.4217,165.286,step
2026-09-01T13:13:15.861844+00:00,48.206,-0.0217,0.0,0.15,-0.2607,0.0399,7349.22,1,32.1856,165.306,step
2026-09-01T13:13:15.863047+00:00,47.721,-0.0257,0.0,0.15,-0.2625,0.0359,7276.08,1,31.9609,165.326,step
2026-09-01T13:13:15.864242+00:00,47.238,-0.0296,0.0,0.15,-0.2641,0.032,7203.84,1,31.7461,165.346,step
2026-09-01T13:13:15.865444+00:00,46.757,-0.0333,0.0,0.15,-0.2655,0.0283,7132.17,1,31.5408,165.366,step
2026-09-01T13:13:15.866664+00:00,46.276,-0.0369,0.0,0.15,-0.2668,0.0247,7060.65,1,31.3436,165.386,step
2026-09-01T13:13:15.867948+00:00,45.801,-0.0405,0.0,0.15,-0.268,0.0213,6989.56,1,31.1551,165.406,step
2026-09-01T13:13:15.869297+00:00,45.329,-0.0439,0.0,0.15,-0.269,0.018,6918.94,1,30.9743,165.426,step
2026-09-01T13:13:15.870557+00:00,44.86,-0.0472,0.0,0.15,-0.2699,0.0148,6848.46,1,30.8012,165.446,step
2026-09-01T13:13:15.871820+00:00,44.392,-0.0505,0.0,0.15,-0.2707,0.0118,6778.19,1,30.6353,165.466,step
2026-09-01T13:13:15.873069+00:00,43.928,-0.0536,0.0,0.15,-0.2714,0.0089,6708.15,1,30.4756,165.486,step
2026-09-01T13:13:15.874302+00:00,43.465,-0.0566,0.0,0.15,-0.2719,0.0062,6638.27,1,30.3231,165.506,step
2026-09-01T13:13:15.875504+00:00,43.004,-0.0596,0.0,0.15,-0.2724,0.0035,6568.7,1,30.1771,165.526,step
2026-09-01T13:13:15.876721+00:00,42.546,-0.0625,0.0,0.15,-0.2728,0.001,6499.43,1,30.0373,165.546,step
2026-09-01T13:13:15.878006+00:00,42.089,-0.0653,0.0,0.15,-0.273,-0.0015,6430.43,1,29.9023,165.566,step
2026-09-01T13:13:15.879270+00:00,41.634,-0.068,0.15,0.0,-0.2732,-0.0039,6361.75,1,29.7726,165.586,step
2026-09-01T13:13:15.880480+00:00,41.662,-0.0708,0.15,0.0,-0.2734,-0.0062,6514.78,1,29.6431,165.606,step
2026-09-01T13:13:15.881674+00:00,41.819,-0.0736,0.15,0.0,-0.2734,-0.0086,6534.77,1,29.5095,165.626,step
2026-09-01T13:13:15.882836+00:00,41.975,-0.0765,0.15,0.0,-0.2734,-0.011,6557.04,1,29.3767,165.646,step
2026-09-01T13:13:15.884028+00:00,42.131,-0.0794,0.0,0.15,-0.2733,-0.0134,6580.8,1,29.2456,165.666,step
2026-09-01T13:13:15.885212+00:00,41.796,-0.0822,0.15,0.0,-0.2732,-0.0156,6393.55,1,29.1221,165.686,step
2026-09-01T13:13:15.886480+00:00,41.812,-0.0848,0.15,0.0,-0.2729,-0.0177,6535.32,1,29.0055,165.706,step
2026-09-01T13:13:15.887655+00:00,41.967,-0.0875,0.15,0.0,-0.2726,-0.0198,6560.01,1,28.8865,165.726,step
2026-09-01T13:13:15.888842+00:00,42.122,-0.0902,0.0,0.15,-0.2722,-0.0219,6584.0,1,28.769,165.746,step
2026-09-01T13:13:15.889999+00:00,41.785,-0.0927,0.15,0.0,-0.2718,-0.0238,6387.26,1,28.6603,165.766,step
2026-09-01T13:13:15.891178+00:00,41.802,-0.095,0.15,0.0,-0.2713,-0.0256,6535.49,1,28.5593,165.786,step
2026-09-01T13:13:15.892429+00:00,41.957,-0.0975,0.15,0.0,-0.2707,-0.0274,6558.5,1,28.4541,165.806,step
2026-09-01T13:13:15.893667+00:00,42.111,-0.1,0.0,0.15,-0.2701,-0.0292,6581.85,1,28.3501,165.826,step
2026-09-01T13:13:15.894938+00:00,41.771,-0.1023,0.15,0.0,-0.2694,-0.0308,6386.8,1,28.2546,165.846,step
2026-09-01T13:13:15.896154+00:00,41.787,-0.1044,0.15,0.0,-0.2687,-0.0323,6531.9,1,28.1652,165.866,step
2026-09-01T13:13:15.897361+00:00,41.941,-0.1067,0.15,0.0,-0.268,-0.0339,6555.11,1,28.0708,165.886,step
2026-09-01T13:13:15.898550+00:00,42.095,-0.109,0.0,0.15,-0.2672,-0.0355,6578.21,1,27.9774,165.906,step
2026-09-01T13:13:15.899761+00:00,41.755,-0.1111,0.15,0.0,-0.2663,-0.0369,6384.51,1,27.8925,165.926,step
2026-09-01T13:13:15.900985+00:00,41.767,-0.1131,0.15,0.0,-0.2654,-0.0382,6528.04,1,27.8131,165.946,step
2026-09-01T13:13:15.902229+00:00,41.921,-0.1152,0.15,0.0,-0.2645,-0.0396,6551.47,1,27.728,165.966,step
2026-09-01T13:13:15.903535+00:00,42.074,-0.1174,0.0,0.15,-0.2635,-0.0409,6574.69,1,27.6429,165.986,step
2026-09-01T13:13:15.904755+00:00,41.736,-0.1194,0.15,0.0,-0.2624,-0.0422,6380.68,1,27.5664,166.006,step
2026-09-01T13:13:15.905929+00:00,41.743,-0.1213,0.15,0.0,-0.2614,-0.0433,6524.09,1,27.4959,166.026,step
2026-09-01T13:13:15.907097+00:00,41.896,-0.1233,0.15,0.0,-0.2602,-0.0445,6547.29,1,27.4195,166.046,step
2026-09-01T13:13:15.908297+00:00,42.047,-0.1253,0.0,0.15,-0.2591,-0.0457,6570.23,1,27.3432,166.066,step
2026-09-01T13:13:15.909500+00:00,41.708,-0.1271,0.15,0.0,-0.2579,-0.0467,6376.53,1,27.276,166.086,step
2026-09-01T13:13:15.910780+00:00,41.715,-0.1288,0.15,0.0,-0.2567,-0.0476,6516.4,1,27.215,166.106,step
2026-09-01T13:13:15.911945+00:00,41.865,-0.1307,0.15,0.0,-0.2555,-0.0487,6539.83,1,27.1469,166.126,step
2026-09-01T13:13:15.913124+00:00,42.016,-0.1325,0.0,0.15,-0.2543,-0.0497,6563.11,1,27.079,166.146,step
2026-09-01T13:13:15.914313+00:00,41.673,-0.1341,0.15,0.0,-0.253,-0.0505,6372.33,1,27.021,166.166,step
2026-09-01T13:13:15.915460+00:00,41.678,-0.1356,0.15,0.0,-0.2517,-0.0512,6513.17,1,26.9686,166.186,step
2026-09-01T13:13:15.916591+00:00,41.829,-0.1373,0.15,0.0,-0.2504,-0.052,6536.4,1,26.9094,166.206,step
2026-09-01T13:13:15.917752+00:00,41.98,-0.139,0.15,0.0,-0.249,-0.0529,6559.34,1,26.8494,166.226,step
2026-09-01T13:13:15.918959+00:00,42.13,-0.1406,0.0,0.15,-0.2476,-0.0537,6582.54,1,26.7902,166.246,step
2026-09-01T13:13:15.920161+00:00,41.791,-0.1421,0.15,0.0,-0.2462,-0.0543,6388.53,1,26.7404,166.266,step
2026-09-01T13:13:15.921348+00:00,41.791,-0.1434,0.15,0.0,-0.2448,-0.0548,6531.23,1,26.6967,166.286,step
2026-09-01T13:13:15.922535+00:00,41.941,-0.1449,0.15,0.0,-0.2434,-0.0555,6554.05,1,26.6451,166.306,step
2026-09-01T13:13:15.923716+00:00,42.091,-0.1464,0.0,0.15,-0.242,-0.0561,6576.98,1,26.5933,166.326,step
2026-09-01T13:13:15.924929+00:00,41.746,-0.1476,0.15,0.0,-0.2405,-0.0566,6382.44,1,26.5514,166.346,step
2026-09-01T13:13:15.926125+00:00,41.748,-0.1488,0.15,0.0,-0.2391,-0.0569,6524.19,1,26.5157,166.366,step
2026-09-01T13:13:15.927446+00:00,41.898,-0.1501,0.15,0.0,-0.2376,-0.0574,6546.87,1,26.4718,166.386,step
2026-09-01T13:13:15.928645+00:00,42.047,-0.1514,0.0,0.15,-0.2361,-0.0579,6569.41,1,26.4267,166.406,step
2026-09-01T13:13:15.929893+00:00,41.705,-0.1526,0.15,0.0,-0.2346,-0.0582,6376.3,1,26.3899,166.426,step
2026-09-01T13:13:15.931109+00:00,41.703,-0.1536,0.15,0.0,-0.2331,-0.0584,6516.73,1,26.3588,166.446,step
2026-09-01T13:13:15.932299+00:00,41.852,-0.1548,0.15,0.0,-0.2316,-0.0588,6539.58,1,26.3195,166.466,step
2026-09-01T13:13:15.933465+00:00,42.0,-0.1561,0.0,0.15,-0.2301,-0.0593,6562.14,1,26.2791,166.486,step
2026-09-01T13:13:15.934701+00:00,41.659,-0.1571,0.15,0.0,-0.2286,-0.0595,6368.78,1,26.2474,166.506,step
2026-09-01T13:13:15.935925+00:00,41.654,-0.158,0.15,0.0,-0.2271,-0.0596,6509.22,1,26.2213,166.526,step
2026-09-01T13:13:15.937113+00:00,41.802,-0.1591,0.15,0.0,-0.2256,-0.0599,6531.78,1,26.1866,166.546,step
2026-09-01T13:13:15.938329+00:00,41.95,-0.1603,0.15,0.0,-0.224,-0.0603,6554.16,1,26.151,166.566,step
2026-09-01T13:13:15.939494+00:00,42.098,-0.1615,0.0,0.15,-0.2225,-0.0606,6574.42,1,26.115,166.586,step
2026-09-01T13:13:15.940650+00:00,41.752,-0.1624,0.15,0.0,-0.2209,-0.0607,6386.71,1,26.0882,166.606,step
2026-09-01T13:13:15.941800+00:00,41.747,-0.1632,0.15,0.0,-0.2194,-0.0607,6521.79,1,26.067,166.626,step
2026-09-01T13:13:15.942974+00:00,41.894,-0.1642,0.15,0.0,-0.2179,-0.0609,6545.25,1,26.0375,166.646,step
2026-09-01T13:13:15.944290+00:00,42.04,-0.1652,0.0,0.15,-0.2163,-0.0611,6568.03,1,26.0075,166.666,step
2026-09-01T13:13:15.945424+00:00,41.697,-0.166,0.15,0.0,-0.2148,-0.0611,6373.72,1,25.987,166.686,step
2026-09-01T13:13:15.946564+00:00,41.689,-0.1666,0.15,0.0,-0.2133,-0.061,6515.29,1,25.9724,166.706,step
2026-09-01T13:13:15.947711+00:00,41.837,-0.1674,0.15,0.0,-0.2117,-0.0611,6537.36,1,25.9489,166.726,step
2026-09-01T13:13:15.948856+00:00,41.984,-0.1683,0.15,0.0,-0.2102,-0.0612,6559.61,1,25.9233,166.746,step
2026-09-01T13:13:15.950063+00:00,42.131,-0.1692,0.0,0.15,-0.2087,-0.0613,6581.95,1,25.8973,166.766,step
2026-09-01T13:13:15.951249+00:00,41.788,-0.1699,0.15,0.0,-0.2072,-0.0612,6388.75,1,25.8807,166.786,step
2026-09-01T13:13:15.952541+00:00,41.778,-0.1704,0.15,0.0,-0.2056,-0.061,6528.84,1,25.8703,166.806,step
2026-09-01T13:13:15.953775+00:00,41.925,-0.1711,0.15,0.0,-0.2041,-0.061,6551.08,1,25.8512,166.826,step
2026-09-01T13:13:15.955019+00:00,42.071,-0.1718,0.0,0.15,-0.2026,-0.061,6573.38,1,25.8308,166.846,step
2026-09-01T13:13:15.956243+00:00,41.724,-0.1723,0.15,0.0,-0.2012,-0.0608,6379.15,1,25.8198,166.866,step
2026-09-01T13:13:15.957437+00:00,41.716,-0.1727,0.15,0.0,-0.1997,-0.0605,6519.43,1,25.8136,166.886,step
2026-09-01T13:13:15.958704+00:00,41.862,-0.1733,0.15,0.0,-0.1982,-0.0604,6541.54,1,25.7976,166.906,step
2026-09-01T13:13:15.960020+00:00,42.008,-0.174,0.0,0.15,-0.1968,-0.0603,6563.78,1,25.7796,166.926,step
2026-09-01T13:13:15.961289+00:00,41.664,-0.1745,0.15,0.0,-0.1953,-0.0601,6369.9,1,25.7707,166.946,step
2026-09-01T13:13:15.962497+00:00,41.653,-0.1748,0.15,0.0,-0.1939,-0.0598,6509.88,1,25.7664,166.966,step
2026-09-01T13:13:15.963706+00:00,41.798,-0.1754,0.15,0.0,-0.1924,-0.0597,6531.93,1,25.7526,166.986,step
2026-09-01T13:13:15.964912+00:00,41.944,-0.1761,0.15,0.0,-0.191,-0.0596,6554.07,1,25.737,167.006,step
2026-09-01T13:13:15.966129+00:00,42.089,-0.1767,0.0,0.15,-0.1896,-0.0596,6576.29,1,25.7211,167.026,step
2026-09-01T13:13:15.967353+00:00,41.744,-0.1771,0.15,0.0,-0.1882,-0.0593,6382.48,1,25.7152,167.046,step
2026-09-01T13:13:15.968526+00:00,41.732,-0.1774,0.15,0.0,-0.1868,-0.059,6519.42,1,25.7142,167.066,step
2026-09-01T13:13:15.969810+00:00,41.876,-0.1779,0.15,0.0,-0.1854,-0.0588,6542.25,1,25.7026,167.086,step
2026-09-01T13:13:15.970967+00:00,42.02,-0.1784,0.0,0.15,-0.184,-0.0587,6564.75,1,25.69,167.106,step
2026-09-01T13:13:15.972133+00:00,41.673,-0.1787,0.15,0.0,-0.1827,-0.0584,6371.51,1,25.6872,167.126,step
2026-09-01T13:13:15.973288+00:00,41.661,-0.1789,0.15,0.0,-0.1813,-0.0579,6511.59,1,25.6901,167.146,step
2026-09-01T13:13:15.974406+00:00,41.806,-0.1793,0.15,0.0,-0.18,-0.0577,6533.44,1,25.6831,167.166,step
2026-09-01T13:13:15.975554+00:00,41.951,-0.1797,0.15,0.0,-0.1787,-0.0575,6555.39,1,25.6738,167.186,step
2026-09-01T13:13:15.976685+00:00,42.096,-0.1802,0.0,0.15,-0.1774,-0.0574,6577.48,1,25.664,167.206,step
2026-09-01T13:13:15.977919+00:00,41.751,-0.1804,0.15,0.0,-0.1761,-0.057,6383.02,1,25.6637,167.226,step
2026-09-01T13:13:15.979085+00:00,41.737,-0.1805,0.15,0.0,-0.1748,-0.0566,6523.4,1,25.6683,167.246,step
2026-09-01T13:13:15.980277+00:00,41.882,-0.1808,0.15,0.0,-0.1735,-0.0563,6545.24,1,25.6625,167.266,step
2026-09-01T13:13:15.981443+00:00,42.026,-0.1812,0.0,0.15,-0.1723,-0.0561,6567.33,1,25.6555,167.286,step
2026-09-01T13:13:15.982631+00:00,41.677,-0.1813,0.15,0.0,-0.171,-0.0557,6372.13,1,25.6587,167.306,step
2026-09-01T13:13:15.983826+00:00,41.666,-0.1813,0.15,0.0,-0.1698,-0.0552,6513.04,1,25.6664,167.326,step
2026-09-01T13:13:15.985022+00:00,41.81,-0.1815,0.15,0.0,-0.1686,-0.0549,6534.84,1,25.6634,167.346,step
2026-09-01T13:13:15.986374+00:00,41.954,-0.1818,0.15,0.0,-0.1674,-0.0546,6556.84,1,25.6587,167.366,step
2026-09-01T13:13:15.987571+00:00,42.099,-0.1821,0.0,0.15,-0.1663,-0.0544,6578.87,1,25.6532,167.386,step
2026-09-01T13:13:15.988807+00:00,41.753,-0.1822,0.15,0.0,-0.1651,-0.054,6384.33,1,25.6568,167.406,step
2026-09-01T13:13:15.989979+00:00,41.737,-0.1822,0.15,0.0,-0.164,-0.0535,6525.16,1,25.6649,167.426,step
2026-09-01T13:13:15.991136+00:00,41.881,-0.1824,0.15,0.0,-0.1628,-0.0532,6547.12,1,25.6627,167.446,step
2026-09-01T13:13:15.992315+00:00,42.025,-0.1827,0.0,0.15,-0.1617,-0.053,6569.04,1,25.6586,167.466,step
2026-09-01T13:13:15.993524+00:00,41.678,-0.1828,0.15,0.0,-0.1606,-0.0526,6372.29,1,25.6643,167.486,step
2026-09-01T13:13:15.994778+00:00,41.663,-0.1827,0.15,0.0,-0.1595,-0.0521,6514.74,1,25.6748,167.506,step
2026-09-01T13:13:15.995983+00:00,41.807,-0.1829,0.15,0.0,-0.1584,-0.0517,6536.19,1,25.6753,167.526,step
2026-09-01T13:13:15.997148+00:00,41.951,-0.1831,0.15,0.0,-0.1574,-0.0515,6555.44,1,25.6731,167.546,step
2026-09-01T13:13:15.998311+00:00,42.095,-0.1834,0.0,0.15,-0.1564,-0.0513,6577.39,1,25.6695,167.566,step
2026-09-01T13:13:15.999479+00:00,41.746,-0.1834,0.15,0.0,-0.1553,-0.0509,6384.69,1,25.6756,167.586,step
2026-09-01T13:13:16.000628+00:00,41.73,-0.1833,0.15,0.0,-0.1543,-0.0504,6524.27,1,25.6862,167.606,step
2026-09-01T13:13:16.001813+00:00,41.874,-0.1834,0.15,0.0,-0.1533,-0.0501,6546.5,1,25.6868,167.626,step
2026-09-01T13:13:16.003050+00:00,42.018,-0.1836,0.0,0.15,-0.1523,-0.0498,6568.25,1,25.6855,167.646,step
2026-09-01T13:13:16.004222+00:00,41.671,-0.1835,0.15,0.0,-0.1513,-0.0493,6370.72,1,25.6941,167.666,step
2026-09-01T13:13:16.005417+00:00,41.655,-0.1834,0.15,0.0,-0.1504,-0.0488,6513.86,1,25.7075,167.686,step
2026-09-01T13:13:16.006576+00:00,41.799,-0.1834,0.15,0.0,-0.1494,-0.0485,6535.03,1,25.7099,167.706,step
2026-09-01T13:13:16.007725+00:00,41.943,-0.1836,0.15,0.0,-0.1485,-0.0482,6556.72,1,25.7095,167.726,step
2026-09-01T13:13:16.008891+00:00,42.087,-0.1837,0.0,0.15,-0.1476,-0.048,6578.37,1,25.7088,167.746,step
2026-09-01T13:13:16.010116+00:00,41.739,-0.1836,0.15,0.0,-0.1467,-0.0475,6382.37,1,25.7179,167.766,step
2026-09-01T13:13:16.011416+00:00,41.723,-0.1834,0.15,0.0,-0.1458,-0.047,6524.44,1,25.7317,167.786,step
2026-09-01T13:13:16.012606+00:00,41.867,-0.1835,0.15,0.0,-0.145,-0.0466,6546.3,1,25.7348,167.806,step
2026-09-01T13:13:16.013837+00:00,42.01,-0.1836,0.0,0.15,-0.1441,-0.0464,6568.29,1,25.7353,167.826,step
2026-09-01T13:13:16.015038+00:00,41.663,-0.1834,0.15,0.0,-0.1433,-0.0459,6370.55,1,25.7456,167.846,step
2026-09-01T13:13:16.016246+00:00,41.646,-0.1832,0.15,0.0,-0.1425,-0.0454,6514.44,1,25.7595,167.866,step
2026-09-01T13:13:16.017461+00:00,41.79,-0.1832,0.15,0.0,-0.1417,-0.0451,6535.76,1,25.7628,167.886,step
2026-09-01T13:13:16.018760+00:00,41.934,-0.1833,0.15,0.0,-0.1409,-0.0448,6557.61,1,25.7638,167.906,step
2026-09-01T13:13:16.019959+00:00,42.077,-0.1834,0.0,0.15,-0.1401,-0.0446,6579.6,1,25.7638,167.926,step
2026-09-01T13:13:16.021144+00:00,41.731,-0.1833,0.15,0.0,-0.1394,-0.0442,6381.55,1,25.7731,167.946,step
2026-09-01T13:13:16.022344+00:00,41.712,-0.1831,0.15,0.0,-0.1386,-0.0437,6526.16,1,25.7862,167.966,step
2026-09-01T13:13:16.023505+00:00,41.856,-0.1832,0.15,0.0,-0.1379,-0.0434,6547.7,1,25.7898,167.986,step
2026-09-01T13:13:16.024678+00:00,41.999,-0.1832,0.15,0.0,-0.1371,-0.0432,6569.42,1,25.7915,168.006,step
2026-09-01T13:13:16.025835+00:00,42.143,-0.1833,0.0,0.15,-0.1364,-0.043,6588.92,1,25.7922,168.026,step
2026-09-01T13:13:16.027054+00:00,41.795,-0.1832,0.15,0.0,-0.1357,-0.0425,6392.51,1,25.8024,168.046,step
2026-09-01T13:13:16.028328+00:00,41.777,-0.183,0.15,0.0,-0.135,-0.0421,6535.32,1,25.816,168.066,step
2026-09-01T13:13:16.029484+00:00,41.92,-0.183,0.15,0.0,-0.1344,-0.0418,6557.39,1,25.8202,168.086,step
2026-09-01T13:13:16.030689+00:00,42.064,-0.183,0.0,0.15,-0.1337,-0.0415,6579.17,1,25.8227,168.106,step
2026-09-01T13:13:16.031832+00:00,41.717,-0.1828,0.15,0.0,-0.1331,-0.0411,6378.46,1,25.8343,168.126,step
2026-09-01T13:13:16.032986+00:00,41.698,-0.1825,0.15,0.0,-0.1324,-0.0406,6524.8,1,25.8495,168.146,step
2026-09-01T13:13:16.034178+00:00,41.842,-0.1825,0.15,0.0,-0.1318,-0.0403,6545.81,1,25.8549,168.166,step
2026-09-01T13:13:16.035377+00:00,41.986,-0.1825,0.15,0.0,-0.1312,-0.0401,6567.31,1,25.8572,168.186,step
2026-09-01T13:13:16.036564+00:00,42.13,-0.1825,0.0,0.15,-0.1306,-0.0399,6588.92,1,25.858,168.206,step
2026-09-01T13:13:16.037752+00:00,41.784,-0.1824,0.15,0.0,-0.13,-0.0395,6389.63,1,25.8688,168.226,step
2026-09-01T13:13:16.038948+00:00,41.765,-0.1821,0.15,0.0,-0.1295,-0.039,6534.47,1,25.8829,168.246,step
2026-09-01T13:13:16.040125+00:00,41.908,-0.182,0.15,0.0,-0.1289,-0.0387,6556.43,1,25.8874,168.266,step
2026-09-01T13:13:16.041289+00:00,42.052,-0.182,0.0,0.15,-0.1284,-0.0385,6578.45,1,25.89,168.286,step
2026-09-01T13:13:16.042500+00:00,41.705,-0.1818,0.15,0.0,-0.1278,-0.0381,6377.29,1,25.9017,168.306,step
2026-09-01T13:13:16.043733+00:00,41.686,-0.1815,0.15,0.0,-0.1273,-0.0376,6525.01,1,25.9164,168.326,step
2026-09-01T13:13:16.044991+00:00,41.83,-0.1814,0.15,0.0,-0.1268,-0.0374,6546.1,1,25.921,168.346,step
2026-09-01T13:13:16.046189+00:00,41.974,-0.1814,0.15,0.0,-0.1263,-0.0372,6567.9,1,25.923,168.366,step
2026-09-01T13:13:16.047356+00:00,42.117,-0.1814,0.0,0.15,-0.1259,-0.037,6589.95,1,25.9239,168.386,step
2026-09-01T13:13:16.048582+00:00,41.772,-0.1812,0.15,0.0,-0.1254,-0.0366,6388.08,1,25.9339,168.406,step
2026-09-01T13:13:16.049737+00:00,41.75,-0.1809,0.15,0.0,-0.1249,-0.0362,6536.83,1,25.9467,168.426,step
2026-09-01T13:13:16.050909+00:00,41.894,-0.1809,0.15,0.0,-0.1245,-0.0359,6558.19,1,25.9509,168.446,step
2026-09-01T13:13:16.052132+00:00,42.038,-0.1808,0.0,0.15,-0.124,-0.0357,6579.9,1,25.9532,168.466,step
2026-09-01T13:13:16.053359+00:00,41.692,-0.1806,0.15,0.0,-0.1236,-0.0353,6375.48,1,25.9646,168.486,step
2026-09-01T13:13:16.054539+00:00,41.672,-0.1803,0.15,0.0,-0.1232,-0.0349,6522.4,1,25.9782,168.506,step
2026-09-01T13:13:16.055702+00:00,41.816,-0.1802,0.15,0.0,-0.1228,-0.0347,6544.54,1,25.982,168.526,step
2026-09-01T13:13:16.056841+00:00,41.959,-0.1802,0.15,0.0,-0.1224,-0.0345,6566.5,1,25.9835,168.546,step
2026-09-01T13:13:16.057986+00:00,42.102,-0.1801,0.0,0.15,-0.122,-0.0343,6588.72,1,25.984,168.566,step
2026-09-01T13:13:16.059160+00:00,41.758,-0.1799,0.15,0.0,-0.1217,-0.034,6385.81,1,25.9937,168.586,step
2026-09-01T13:13:16.060329+00:00,41.736,-0.1796,0.15,0.0,-0.1213,-0.0335,6535.44,1,26.006,168.606,step
2026-09-01T13:13:16.061529+00:00,41.88,-0.1795,0.15,0.0,-0.121,-0.0333,6556.43,1,26.0098,168.626,step
2026-09-01T13:13:16.062695+00:00,42.024,-0.1794,0.0,0.15,-0.1206,-0.0331,6577.98,1,26.0119,168.646,step
2026-09-01T13:13:16.063911+00:00,41.679,-0.1792,0.15,0.0,-0.1203,-0.0328,6373.15,1,26.0219,168.666,step
2026-09-01T13:13:16.065130+00:00,41.658,-0.1789,0.15,0.0,-0.12,-0.0324,6523.33,1,26.0339,168.686,step
2026-09-01T13:13:16.066303+00:00,41.803,-0.1788,0.15,0.0,-0.1196,-0.0322,6544.21,1,26.037,168.706,step
2026-09-01T13:13:16.067501+00:00,41.946,-0.1787,0.15,0.0,-0.1193,-0.032,6565.98,1,26.0386,168.726,step
2026-09-01T13:13:16.068727+00:00,42.09,-0.1787,0.0,0.15,-0.1191,-0.0318,6587.85,1,26.0391,168.746,step
2026-09-01T13:13:16.070057+00:00,41.745,-0.1784,0.15,0.0,-0.1188,-0.0315,6384.14,1,26.0486,168.766,step
2026-09-01T13:13:16.071269+00:00,41.723,-0.1781,0.15,0.0,-0.1185,-0.0311,6534.75,1,26.0595,168.786,step
2026-09-01T13:13:16.072480+00:00,41.867,-0.178,0.15,0.0,-0.1182,-0.0309,6556.03,1,26.0616,168.806,step
2026-09-01T13:13:16.073662+00:00,42.01,-0.178,0.0,0.15,-0.118,-0.0308,6577.77,1,26.0618,168.826,step
2026-09-01T13:13:16.074862+00:00,41.667,-0.1777,0.15,0.0,-0.1177,-0.0305,6371.46,1,26.0705,168.846,step
2026-09-01T13:13:16.076049+00:00,41.644,-0.1774,0.15,0.0,-0.1175,-0.0301,6524.12,1,26.081,168.866,step
2026-09-01T13:13:16.077264+00:00,41.788,-0.1774,0.15,0.0,-0.1172,-0.03,6544.98,1,26.0828,168.886,step
2026-09-01T13:13:16.078484+00:00,41.931,-0.1774,0.15,0.0,-0.117,-0.0299,6566.66,1,26.0823,168.906,step
2026-09-01T13:13:16.079662+00:00,42.075,-0.1774,0.0,0.15,-0.1168,-0.0298,6588.47,1,26.0807,168.926,step
2026-09-01T13:13:16.080874+00:00,41.732,-0.1772,0.15,0.0,-0.1166,-0.0296,6381.88,1,26.0877,168.946,step
2026-09-01T13:13:16.082035+00:00,41.708,-0.1769,0.15,0.0,-0.1164,-0.0293,6531.3,1,26.0961,168.966,step
2026-09-01T13:13:16.083187+00:00,41.852,-0.1769,0.15,0.0,-0.1162,-0.0291,6553.29,1,26.0966,168.986,step
2026-09-01T13:13:16.084354+00:00,41.995,-0.1769,0.15,0.0,-0.116,-0.0291,6575.34,1,26.0954,169.006,step
2026-09-01T13:13:16.085560+00:00,42.138,-0.1769,0.0,0.15,-0.1158,-0.029,6597.7,1,26.0935,169.026,step
2026-09-01T13:13:16.086755+00:00,41.794,-0.1767,0.15,0.0,-0.1156,-0.0287,6390.92,1,26.1006,169.046,step
2026-09-01T13:13:16.087904+00:00,41.769,-0.1764,0.15,0.0,-0.1154,-0.0284,6544.72,1,26.1096,169.066,step
2026-09-01T13:13:16.089044+00:00,41.913,-0.1763,0.15,0.0,-0.1152,-0.0283,6565.42,1,26.1105,169.086,step
2026-09-01T13:13:16.090198+00:00,42.057,-0.1763,0.0,0.15,-0.1151,-0.0282,6586.86,1,26.109,169.106,step
2026-09-01T13:13:16.091359+00:00,41.714,-0.1761,0.15,0.0,-0.1149,-0.028,6378.25,1,26.1156,169.126,step
2026-09-01T13:13:16.092524+00:00,41.69,-0.1759,0.15,0.0,-0.1147,-0.0277,6532.08,1,26.1237,169.146,step
2026-09-01T13:13:16.093726+00:00,41.834,-0.1758,0.15,0.0,-0.1146,-0.0276,6552.85,1,26.1241,169.166,step
2026-09-01T13:13:16.094975+00:00,41.977,-0.1758,0.15,0.0,-0.1144,-0.0275,6574.34,1,26.1229,169.186,step
2026-09-01T13:13:16.096165+00:00,42.12,-0.1757,0.0,0.15,-0.1143,-0.0274,6595.98,1,26.1209,169.206,step
2026-09-01T13:13:16.097364+00:00,41.776,-0.1755,0.15,0.0,-0.1142,-0.0272,6388.75,1,26.1273,169.226,step
2026-09-01T13:13:16.098539+00:00,41.752,-0.1753,0.15,0.0,-0.114,-0.0269,6542.31,1,26.1351,169.246,step
2026-09-01T13:13:16.099705+00:00,41.895,-0.1752,0.15,0.0,-0.1139,-0.0268,6563.34,1,26.1346,169.266,step
2026-09-01T13:13:16.100905+00:00,42.039,-0.1752,0.0,0.15,-0.1138,-0.0267,6584.91,1,26.1319,169.286,step
2026-09-01T13:13:16.102157+00:00,41.696,-0.175,0.15,0.0,-0.1137,-0.0265,6375.61,1,26.1371,169.306,step
2026-09-01T13:13:16.103371+00:00,41.67,-0.1748,0.15,0.0,-0.1136,-0.0263,6530.9,1,26.1434,169.326,step
2026-09-01T13:13:16.104543+00:00,41.814,-0.1747,0.15,0.0,-0.1135,-0.0262,6551.54,1,26.1426,169.346,step
2026-09-01T13:13:16.105726+00:00,41.957,-0.1747,0.15,0.0,-0.1134,-0.0262,6572.94,1,26.14,169.366,step
2026-09-01T13:13:16.106885+00:00,42.1,-0.1748,0.0,0.15,-0.1133,-0.0262,6594.58,1,26.1362,169.386,step
2026-09-01T13:13:16.108075+00:00,41.758,-0.1746,0.15,0.0,-0.1132,-0.026,6385.51,1,26.1406,169.406,step
2026-09-01T13:13:16.109245+00:00,41.731,-0.1744,0.15,0.0,-0.1131,-0.0258,6538.16,1,26.1462,169.426,step
2026-09-01T13:13:16.110431+00:00,41.874,-0.1744,0.15,0.0,-0.113,-0.0258,6558.62,1,26.1436,169.446,step
2026-09-01T13:13:16.111703+00:00,42.016,-0.1745,0.0,0.15,-0.1129,-0.0258,6580.46,1,26.1387,169.466,step
2026-09-01T13:13:16.112855+00:00,41.672,-0.1743,0.15,0.0,-0.1128,-0.0256,6372.73,1,26.1423,169.486,step
2026-09-01T13:13:16.114012+00:00,41.647,-0.1741,0.15,0.0,-0.1127,-0.0254,6527.22,1,26.1471,169.506,step
2026-09-01T13:13:16.115131+00:00,41.79,-0.1741,0.15,0.0,-0.1126,-0.0254,6548.06,1,26.1451,169.526,step
2026-09-01T13:13:16.116248+00:00,41.932,-0.1741,0.15,0.0,-0.1126,-0.0254,6569.45,1,26.1412,169.546,step
2026-09-01T13:13:16.117409+00:00,42.075,-0.1742,0.0,0.15,-0.1125,-0.0254,6591.03,1,26.1365,169.566,step
2026-09-01T13:13:16.118581+00:00,41.734,-0.1741,0.15,0.0,-0.1124,-0.0252,6381.35,1,26.142,169.586,step
2026-09-01T13:13:16.119831+00:00,41.706,-0.1739,0.15,0.0,-0.1123,-0.025,6536.87,1,26.1514,169.606,step
2026-09-01T13:13:16.120997+00:00,41.849,-0.1739,0.15,0.0,-0.1123,-0.025,6557.45,1,26.1565,169.626,step
2026-09-01T13:13:16.122184+00:00,41.992,-0.1739,0.15,0.0,-0.1122,-0.025,6578.93,1,26.163,169.646,step
2026-09-01T13:13:16.123349+00:00,42.134,-0.1739,0.0,0.15,-0.1121,-0.025,6600.34,1,26.1718,169.666,step
2026-09-01T13:13:16.124533+00:00,41.79,-0.1737,0.15,0.0,-0.1121,-0.0248,6390.44,1,26.1921,169.686,step
2026-09-01T13:13:16.125732+00:00,41.763,-0.1735,0.15,0.0,-0.112,-0.0246,6545.8,1,26.2165,169.706,step
2026-09-01T13:13:16.126911+00:00,41.906,-0.1735,0.15,0.0,-0.1119,-0.0246,6566.5,1,26.2366,169.726,step
2026-09-01T13:13:16.128195+00:00,42.048,-0.1735,0.0,0.15,-0.1119,-0.0246,6587.87,1,26.2569,169.746,step
2026-09-01T13:13:16.129398+00:00,41.706,-0.1734,0.15,0.0,-0.1118,-0.0244,6376.92,1,26.2891,169.766,step
2026-09-01T13:13:16.130573+00:00,41.678,-0.1732,0.15,0.0,-0.1118,-0.0243,6533.02,1,26.3251,169.786,step
2026-09-01T13:13:16.131731+00:00,41.82,-0.1732,0.15,0.0,-0.1117,-0.0243,6553.57,1,26.3565,169.806,step
2026-09-01T13:13:16.132888+00:00,41.962,-0.1733,0.15,0.0,-0.1117,-0.0243,6574.72,1,26.3892,169.826,step
2026-09-01T13:13:16.134081+00:00,42.105,-0.1734,0.0,0.15,-0.1116,-0.0244,6595.99,1,26.424,169.846,step
2026-09-01T13:13:16.135252+00:00,41.763,-0.1733,0.15,0.0,-0.1116,-0.0243,6386.02,1,26.472,169.866,step
2026-09-01T13:13:16.136486+00:00,41.733,-0.1732,0.15,0.0,-0.1115,-0.0242,6541.21,1,26.5247,169.886,step
2026-09-01T13:13:16.137648+00:00,41.875,-0.1733,0.15,0.0,-0.1115,-0.0242,6559.24,1,26.5731,169.906,step
2026-09-01T13:13:16.138810+00:00,42.017,-0.1734,0.0,0.15,-0.1114,-0.0243,6580.76,1,26.623,169.926,step
2026-09-01T13:13:16.139970+00:00,41.671,-0.1733,0.15,0.0,-0.1114,-0.0242,6372.78,1,26.6877,169.946,step
2026-09-01T13:13:16.141119+00:00,41.644,-0.1732,0.15,0.0,-0.1113,-0.024,6527.39,1,26.758,169.966,step
2026-09-01T13:13:16.142294+00:00,41.786,-0.1732,0.15,0.0,-0.1113,-0.024,6548.1,1,26.8244,169.986,step
2026-09-01T13:13:16.143431+00:00,41.927,-0.1733,0.15,0.0,-0.1112,-0.0241,6569.33,1,26.8933,170.006,step
2026-09-01T13:13:16.144643+00:00,42.069,-0.1734,0.0,0.15,-0.1112,-0.0241,6590.81,1,26.9655,170.026,step
2026-09-01T13:13:16.145814+00:00,41.727,-0.1733,0.15,0.0,-0.1111,-0.024,6379.95,1,27.0531,170.046,step
2026-09-01T13:13:16.146999+00:00,41.697,-0.1731,0.15,0.0,-0.1111,-0.0239,6536.5,1,27.1468,170.066,step
2026-09-01T13:13:16.148165+00:00,41.839,-0.1732,0.15,0.0,-0.111,-0.0239,6556.73,1,27.2372,170.086,step
2026-09-01T13:13:16.149348+00:00,41.98,-0.1732,0.15,0.0,-0.111,-0.024,6577.93,1,27.3312,170.106,step
2026-09-01T13:13:16.150521+00:00,42.121,-0.1733,0.0,0.15,-0.111,-0.024,6598.87,1,27.4306,170.126,step
2026-09-01T13:13:16.151755+00:00,41.776,-0.1732,0.15,0.0,-0.1109,-0.0239,6388.2,1,27.5475,170.146,step
2026-09-01T13:13:16.153123+00:00,41.748,-0.1731,0.15,0.0,-0.1109,-0.0237,6543.48,1,27.6715,170.166,step
2026-09-01T13:13:16.154363+00:00,41.889,-0.1731,0.15,0.0,-0.1108,-0.0237,6563.97,1,27.7918,170.186,step
2026-09-01T13:13:16.155582+00:00,42.03,-0.1731,0.0,0.15,-0.1108,-0.0238,6585.01,1,27.9159,170.206,step
2026-09-01T13:13:16.156807+00:00,41.687,-0.173,0.15,0.0,-0.1107,-0.0237,6374.03,1,28.0584,170.226,step
2026-09-01T13:13:16.157986+00:00,41.657,-0.1729,0.15,0.0,-0.1107,-0.0236,6529.61,1,28.2085,170.246,step
2026-09-01T13:13:16.159169+00:00,41.798,-0.173,0.15,0.0,-0.1106,-0.0236,6549.83,1,28.3553,170.266,step
2026-09-01T13:13:16.160435+00:00,41.939,-0.1731,0.15,0.0,-0.1106,-0.0237,6570.64,1,28.507,170.286,step
2026-09-01T13:13:16.161616+00:00,42.079,-0.1733,0.0,0.15,-0.1106,-0.0238,6591.59,1,28.6648,170.306,step
2026-09-01T13:13:16.162821+00:00,41.735,-0.1732,0.15,0.0,-0.1105,-0.0237,6381.99,1,28.8444,170.326,step
2026-09-01T13:13:16.164013+00:00,41.705,-0.1731,0.15,0.0,-0.1105,-0.0236,6536.51,1,29.034,170.346,step
2026-09-01T13:13:16.165163+00:00,41.846,-0.1732,0.15,0.0,-0.1104,-0.0237,6553.73,1,29.2203,170.366,step
2026-09-01T13:13:16.166347+00:00,41.986,-0.1734,0.15,0.0,-0.1104,-0.0238,6574.84,1,29.412,170.386,step
2026-09-01T13:13:16.167522+00:00,42.125,-0.1736,0.0,0.15,-0.1103,-0.0239,6596.55,1,29.6123,170.406,step
2026-09-01T13:13:16.168750+00:00,41.778,-0.1735,0.15,0.0,-0.1103,-0.0239,6388.64,1,29.8408,170.426,step
2026-09-01T13:13:16.169912+00:00,41.748,-0.1734,0.15,0.0,-0.1102,-0.0237,6543.7,1,30.0836,170.446,step
2026-09-01T13:13:16.171048+00:00,41.888,-0.1734,0.15,0.0,-0.1101,-0.0238,6563.96,1,30.3242,170.466,step
2026-09-01T13:13:16.172253+00:00,42.028,-0.1736,0.0,0.15,-0.1101,-0.0238,6584.74,1,30.5725,170.486,step
2026-09-01T13:13:16.173370+00:00,41.683,-0.1735,0.15,0.0,-0.11,-0.0237,6372.85,1,30.8502,170.506,step
2026-09-01T13:13:16.174515+00:00,41.653,-0.1734,0.15,0.0,-0.11,-0.0236,6529.39,1,31.1417,170.526,step
2026-09-01T13:13:16.175667+00:00,41.794,-0.1734,0.15,0.0,-0.1099,-0.0237,6549.2,1,31.4315,170.546,step
2026-09-01T13:13:16.176846+00:00,41.933,-0.1735,0.15,0.0,-0.1099,-0.0237,6569.87,1,31.7319,170.566,step
2026-09-01T13:13:16.178095+00:00,42.073,-0.1736,0.0,0.15,-0.1098,-0.0238,6590.38,1,32.0491,170.586,step
2026-09-01T13:13:16.179307+00:00,41.724,-0.1735,0.15,0.0,-0.1098,-0.0237,6380.85,1,32.4025,170.606,step
2026-09-01T13:13:16.180502+00:00,41.697,-0.1734,0.15,0.0,-0.1097,-0.0236,6534.07,1,32.7743,170.626,step
2026-09-01T13:13:16.181687+00:00,41.836,-0.1734,0.15,0.0,-0.1097,-0.0236,6554.34,1,33.1443,170.646,step
2026-09-01T13:13:16.182881+00:00,41.975,-0.1736,0.15,0.0,-0.1097,-0.0237,6574.98,1,33.5271,170.666,step
2026-09-01T13:13:16.184050+00:00,42.114,-0.1737,0.0,0.15,-0.1096,-0.0237,6595.81,1,33.9281,170.686,step
2026-09-01T13:13:16.185247+00:00,41.769,-0.1736,0.15,0.0,-0.1096,-0.0237,6386.89,1,34.3732,170.706,step
2026-09-01T13:13:16.186444+00:00,41.737,-0.1736,0.15,0.0,-0.1095,-0.0236,6540.32,1,34.8428,170.726,step
2026-09-01T13:13:16.187609+00:00,41.876,-0.1737,0.15,0.0,-0.1094,-0.0237,6560.22,1,35.3165,170.746,step
2026-09-01T13:13:16.188787+00:00,42.015,-0.1738,0.0,0.15,-0.1094,-0.0238,6580.76,1,35.8103,170.766,step
2026-09-01T13:13:16.189960+00:00,41.667,-0.1738,0.15,0.0,-0.1093,-0.0237,6371.23,1,36.3552,170.786,step
2026-09-01T13:13:16.191111+00:00,41.638,-0.1737,0.15,0.0,-0.1093,-0.0236,6523.95,1,36.9322,170.806,step
2026-09-01T13:13:16.192297+00:00,41.777,-0.1738,0.15,0.0,-0.1092,-0.0237,6540.83,1,37.5135,170.826,step
2026-09-01T13:13:16.193523+00:00,41.914,-0.174,0.15,0.0,-0.1092,-0.0238,6561.2,1,38.1169,170.846,step
2026-09-01T13:13:16.194726+00:00,42.052,-0.1742,0.0,0.15,-0.1091,-0.0239,6582.46,1,38.7506,170.866,step
2026-09-01T13:13:16.195899+00:00,41.701,-0.1742,0.15,0.0,-0.109,-0.0239,6377.85,1,39.4548,170.886,step
2026-09-01T13:13:16.197035+00:00,41.672,-0.1741,0.15,0.0,-0.109,-0.0238,6529.18,1,40.2041,170.906,step
2026-09-01T13:13:16.198145+00:00,41.81,-0.1742,0.15,0.0,-0.1089,-0.0239,6549.64,1,40.9687,170.926,step
2026-09-01T13:13:16.199265+00:00,41.948,-0.1743,0.15,0.0,-0.1088,-0.024,6570.16,1,41.7716,170.946,step
2026-09-01T13:13:16.200394+00:00,42.086,-0.1745,0.0,0.15,-0.1088,-0.0241,6591.14,1,42.6196,170.966,step
2026-09-01T13:13:16.201579+00:00,41.738,-0.1745,0.15,0.0,-0.1087,-0.024,6381.68,1,43.5585,170.986,step
2026-09-01T13:13:16.202899+00:00,41.707,-0.1744,0.15,0.0,-0.1086,-0.0239,6535.77,1,44.5606,171.006,step
2026-09-01T13:13:16.204079+00:00,41.846,0.0255,0.8,0.0,-0.1086,-0.024,6555.4,1,45.5904,171.026,step
2026-09-01T13:13:16.205305+00:00,42.425,0.0232,0.8,0.0,-0.1083,-0.0258,7705.13,1,46.1638,171.046,step
2026-09-01T13:13:16.206489+00:00,43.21,0.0172,0.8,0.0,-0.1075,-0.0305,8679.75,1,45.878,171.066,step
2026-09-01T13:13:16.207673+00:00,44.06,0.0099,0.8,0.0,-0.1065,-0.0361,9857.98,1,45.3482,171.086,step
2026-09-01T13:13:16.208846+00:00,44.955,-0.1978,0.0,0.15,-0.1051,-0.042,11009.6,1,44.7943,171.106,step
2026-09-01T13:13:16.210110+00:00,45.687,-0.2039,0.0,0.15,-0.1037,-0.0465,8196.6,1,44.6366,171.126,step
2026-09-01T13:13:16.211320+00:00,45.719,-0.007,0.8,0.0,-0.1022,-0.0484,6996.12,1,45.2411,171.146,step
2026-09-01T13:13:16.212500+00:00,46.083,-0.0101,0.8,0.0,-0.1007,-0.0504,8395.94,1,45.8651,171.166,step
2026-09-01T13:13:16.213668+00:00,46.873,-0.0159,0.8,0.0,-0.0987,-0.0544,9631.23,1,45.9193,171.186,step
2026-09-01T13:13:16.214833+00:00,47.699,-0.0225,0.8,0.0,-0.0965,-0.059,10928.8,1,45.7941,171.206,step
2026-09-01T13:13:16.215994+00:00,48.55,-0.0294,0.8,0.0,-0.094,-0.0637,12148.7,1,45.6581,171.226,step
2026-09-01T13:13:16.217156+00:00,49.423,-0.0363,0.8,0.0,-0.0913,-0.0683,13308.7,1,45.5734,171.246,step
2026-09-01T13:13:16.218276+00:00,50.344,-0.0432,0.8,0.0,-0.0883,-0.0728,14387.2,2,45.5649,171.266,step
2026-09-01T13:13:16.219480+00:00,51.302,-0.0498,0.8,0.0,-0.0851,-0.077,10685.4,2,45.6629,171.286,step
2026-09-01T13:13:16.220605+00:00,52.242,-0.0563,0.8,0.0,-0.0815,-0.0809,10684.5,2,45.8824,171.306,step
2026-09-01T13:13:16.221780+00:00,52.996,-0.0626,0.8,0.0,-0.0778,-0.0846,6113.88,2,46.1912,171.326,step
2026-09-01T13:13:16.222905+00:00,53.462,-0.0691,0.8,0.0,-0.0738,-0.0884,6533.47,2,46.5108,171.346,step
2026-09-01T13:13:16.224012+00:00,54.108,-0.0754,0.8,0.0,-0.0696,-0.0919,6671.72,2,46.9552,171.366,step
2026-09-01T13:13:16.225121+00:00,54.778,-0.0815,0.8,0.0,-0.0652,-0.0951,6792.22,2,47.5308,171.386,step
2026-09-01T13:13:16.226258+00:00,55.466,-0.0874,0.8,0.0,-0.0606,-0.0981,6902.76,2,48.2479,171.406,step
2026-09-01T13:13:16.227440+00:00,56.17,-0.0931,0.8,0.0,-0.0558,-0.1008,7007.39,2,49.1141,171.426,step
2026-09-01T13:13:16.228573+00:00,56.885,-0.0985,0.8,0.0,-0.0508,-0.1033,7110.53,2,50.1539,171.446,step
2026-09-01T13:13:16.229709+00:00,57.611,-0.1038,0.8,0.0,-0.0457,-0.1055,7214.88,2,51.3866,171.466,step
2026-09-01T13:13:16.230852+00:00,58.347,-0.109,0.8,0.0,-0.0403,-0.1076,7322.18,2,52.8241,171.486,step
2026-09-01T13:13:16.231997+00:00,59.092,-0.114,0.8,0.0,-0.0348,-0.1095,7434.81,2,54.4895,171.506,step
2026-09-01T13:13:16.233136+00:00,59.845,-0.1171,0.8,0.0,-0.029,-0.1096,7555.33,2,56.4222,171.526,step
2026-09-01T13:13:16.234214+00:00,60.607,-0.1141,0.8,0.0,-0.0234,-0.1049,7685.92,2,58.6628,171.546,step
2026-09-01T13:13:16.235503+00:00,61.377,-0.111,0.8,0.0,-0.0179,-0.0999,7827.87,2,61.2164,171.566,step
2026-09-01T13:13:16.236585+00:00,62.157,-0.1076,0.8,0.0,-0.0126,-0.0949,7982.24,2,64.0919,171.586,step
2026-09-01T13:13:16.237666+00:00,62.956,-0.1042,0.8,0.0,-0.0074,-0.0899,8131.89,2,67.333,171.606,step
2026-09-01T13:13:16.238740+00:00,63.797,-0.1006,0.8,0.0,-0.0024,-0.0849,8231.26,2,70.963,171.626,step
2026-09-01T13:13:16.239842+00:00,64.636,-0.097,0.8,0.0,0.0024,-0.0798,8355.56,2,75.0494,171.646,step
2026-09-01T13:13:16.240907+00:00,65.468,-0.0933,0.8,0.0,0.007,-0.0748,8520.58,2,79.6815,171.666,step
2026-09-01T13:13:16.241973+00:00,66.293,-0.0895,0.8,0.0,0.0114,-0.0698,8736.39,2,85.0072,171.686,step
2026-09-01T13:13:16.243148+00:00,67.12,-0.0855,0.8,0.0,0.0156,-0.0648,8995.89,2,91.2484,171.706,step
2026-09-01T13:13:16.244238+00:00,67.955,-0.0814,0.8,0.0,0.0197,-0.0596,9295.18,2,98.743,171.726,step
2026-09-01T13:13:16.245310+00:00,68.802,-0.0769,0.8,0.0,0.0235,-0.0543,9624.45,2,107.932,171.746,step
2026-09-01T13:13:16.246402+00:00,69.661,-0.0723,0.8,0.0,0.0272,-0.0489,9934.44,2,119.471,171.766,step
2026-09-01T13:13:16.247494+00:00,70.527,-0.0673,0.8,0.0,0.0308,-0.0433,10225.4,2,134.366,171.786,step
2026-09-01T13:13:16.248579+00:00,71.4,-0.0622,0.8,0.0,0.0341,-0.0376,10498.6,2,154.232,171.806,step
2026-09-01T13:13:16.249722+00:00,72.279,-0.0567,0.8,0.0,0.0372,-0.0318,10755.2,2,181.957,171.826,step
2026-09-01T13:13:16.250862+00:00,73.164,-0.0511,0.8,0.0,0.0402,-0.0258,10997.1,2,200.0,171.846,step
2026-09-01T13:13:16.252048+00:00,74.052,-0.0451,0.8,0.0,0.0429,-0.0197,11226.3,2,200.0,171.866,step
2026-09-01T13:13:16.253269+00:00,74.943,-0.039,0.8,0.0,0.0454,-0.0135,11443.9,2,200.0,171.886,step
2026-09-01T13:13:16.254458+00:00,75.837,-0.0325,0.8,0.0,0.0477,-0.0072,11651.1,2,200.0,171.906,step
2026-09-01T13:13:16.255663+00:00,76.733,-0.0259,0.8,0.0,0.0497,-0.0009,11850.7,2,200.0,171.926,step
2026-09-01T13:13:16.256827+00:00,77.629,-0.0191,0.8,0.0,0.0515,0.0055,12044.4,2,200.0,171.946,step
2026-09-01T13:13:16.257994+00:00,78.524,-0.0122,0.8,0.0,0.053,0.0119,12233.8,2,200.0,171.966,step
2026-09-01T13:13:16.259153+00:00,79.418,-0.0051,0.8,0.0,0.0542,0.0183,12419.5,2,200.0,171.986,step
2026-09-01T13:13:16.260448+00:00,80.323,0.002,0.8,0.0,0.0551,0.0247,12580.9,3,200.0,172.006,step
2026-09-01T13:13:16.261609+00:00,81.232,0.0091,0.8,0.0,0.0558,0.0308,9944.1,3,200.0,172.026,step
2026-09-01T13:13:16.262773+00:00,81.915,0.0147,0.8,0.0,0.0559,0.0356,9947.17,3,178.092,172.046,step
2026-09-01T13:13:16.263922+00:00,81.952,0.017,0.8,0.0,0.0554,0.0373,7500.43,3,169.913,172.066,step
2026-09-01T13:13:16.265041+00:00,82.312,0.0178,0.8,0.0,0.0542,0.0374,7934.05,3,168.996,172.086,step
2026-09-01T13:13:16.266171+00:00,82.914,0.0184,0.8,0.0,0.0527,0.0373,8040.28,3,169.277,172.106,step
2026-09-01T13:13:16.267307+00:00,83.556,0.019,0.8,0.0,0.0508,0.037,8096.4,3,170.353,172.126,step
2026-09-01T13:13:16.268586+00:00,84.209,0.0194,0.8,0.0,0.0487,0.0365,8143.26,3,172.434,172.146,step
2026-09-01T13:13:16.269789+00:00,84.865,0.0197,0.8,0.0,0.0464,0.0358,8190.71,3,175.499,172.166,step
2026-09-01T13:13:16.270951+00:00,85.522,0.0199,0.8,0.0,0.0441,0.0349,8242.59,3,179.469,172.186,step
2026-09-01T13:13:16.272172+00:00,86.178,0.0199,0.8,0.0,0.0416,0.0339,8300.54,3,184.191,172.206,step
2026-09-01T13:13:16.273324+00:00,86.834,0.0199,0.8,0.0,0.0391,0.0329,8363.96,3,189.522,172.226,step
2026-09-01T13:13:16.274471+00:00,87.493,0.0199,0.8,0.0,0.0366,0.0318,8431.3,3,195.399,172.246,step
2026-09-01T13:13:16.275638+00:00,88.155,0.0198,0.8,0.0,0.0341,0.0307,8501.81,3,200.0,172.266,step
2026-09-01T13:13:16.276794+00:00,88.821,0.0198,0.8,0.0,0.0316,0.0296,8574.31,3,200.0,172.286,step
2026-09-01T13:13:16.278161+00:00,89.493,0.0196,0.8,0.0,0.0292,0.0285,8647.83,3,200.0,172.306,step
2026-09-01T13:13:16.279302+00:00,90.169,0.0195,0.8,0.0,0.0268,0.0274,8721.77,3,200.0,172.326,step
2026-09-01T13:13:16.280523+00:00,90.865,0.0193,0.8,0.0,0.0245,0.0263,8774.4,3,200.0,172.346,step
2026-09-01T13:13:16.281712+00:00,91.558,0.0191,0.8,0.0,0.0222,0.0252,8837.7,3,200.0,172.366,step
2026-09-01T13:13:16.282853+00:00,92.249,0.0189,0.8,0.0,0.02,0.0241,8911.36,3,200.0,172.386,step
2026-09-01T13:13:16.284028+00:00,92.942,0.0186,0.8,0.0,0.0179,0.023,8992.12,3,200.0,172.406,step
2026-09-01T13:13:16.285166+00:00,93.639,0.0183,0.8,0.0,0.0158,0.0218,9076.35,3,200.0,172.426,step
2026-09-01T13:13:16.286465+00:00,94.343,0.0179,0.8,0.0,0.0138,0.0207,9159.01,3,200.0,172.446,step
2026-09-01T13:13:16.287595+00:00,95.056,0.0175,0.15,0.0,0.0119,0.0196,9239.1,3,200.0,172.466,step
2026-09-01T13:13:16.288816+00:00,95.404,0.0171,0.15,0.0,0.01,0.0185,8748.75,3,200.0,172.486,step
2026-09-01T13:13:16.289984+00:00,95.425,0.0169,0.15,0.0,0.0083,0.0175,8749.83,3,200.0,172.506,step
2026-09-01T13:13:16.291147+00:00,95.447,0.0166,0.15,0.0,0.0067,0.0166,8752.85,3,200.0,172.526,step
2026-09-01T13:13:16.292362+00:00,95.469,0.0162,0.15,0.0,0.0052,0.0157,8755.16,3,200.0,172.546,step
2026-09-01T13:13:16.293605+00:00,95.491,0.0158,0.15,0.0,0.0037,0.0147,8757.08,3,200.0,172.566,step
2026-09-01T13:13:16.294808+00:00,95.513,0.0153,0.15,0.0,0.0024,0.0138,8758.85,3,200.0,172.586,step
2026-09-01T13:13:16.296012+00:00,95.534,0.0149,0.15,0.0,0.0011,0.0129,8760.61,3,200.0,172.606,step
2026-09-01T13:13:16.297201+00:00,95.556,0.0144,0.15,0.0,-0.0001,0.012,8762.45,3,200.0,172.626,step
2026-09-01T13:13:16.298361+00:00,95.578,0.014,0.15,0.0,-0.0012,0.0112,8763.09,3,200.0,172.646,step
2026-09-01T13:13:16.299515+00:00,95.599,0.0136,0.15,0.0,-0.0022,0.0104,8765.08,3,200.0,172.666,step
2026-09-01T13:13:16.300670+00:00,95.62,0.0132,0.15,0.0,-0.0032,0.0096,8767.4,3,200.0,172.686,step
2026-09-01T13:13:16.301857+00:00,95.641,0.0127,0.15,0.0,-0.0041,0.0089,8769.89,3,200.0,172.706,step
2026-09-01T13:13:16.303063+00:00,95.663,0.0123,0.15,0.0,-0.0049,0.0082,8772.2,3,200.0,172.726,step
2026-09-01T13:13:16.304241+00:00,95.684,0.0119,0.15,0.0,-0.0057,0.0075,8774.35,3,200.0,172.746,step
2026-09-01T13:13:16.305430+00:00,95.706,0.0114,0.15,0.0,-0.0064,0.0069,8776.35,3,200.0,172.766,step
2026-09-01T13:13:16.306608+00:00,95.727,0.011,0.15,0.0,-0.007,0.0062,8778.29,3,200.0,172.786,step
2026-09-01T13:13:16.307786+00:00,95.748,0.0105,0.15,0.0,-0.0076,0.0056,8780.16,3,200.0,172.806,step
2026-09-01T13:13:16.308961+00:00,95.769,0.01,0.15,0.0,-0.0081,0.005,8782.0,3,200.0,172.826,step
2026-09-01T13:13:16.310175+00:00,95.79,0.0096,0.15,0.0,-0.0086,0.0044,8783.81,3,200.0,172.846,step
2026-09-01T13:13:16.311430+00:00,95.811,0.0091,0.15,0.0,-0.009,0.0038,8785.63,3,200.0,172.866,step
2026-09-01T13:13:16.312610+00:00,95.832,0.0086,0.15,0.0,-0.0094,0.0032,8787.46,3,200.0,172.886,step
2026-09-01T13:13:16.313803+00:00,95.852,0.0082,0.15,0.0,-0.0098,0.0027,8789.33,3,200.0,172.906,step
2026-09-01T13:13:16.314981+00:00,95.873,0.0077,0.15,0.0,-0.0101,0.0022,8790.61,3,200.0,172.926,step
2026-09-01T13:13:16.316150+00:00,95.894,0.0073,0.15,0.0,-0.0103,0.0018,8792.03,3,200.0,172.946,step
2026-09-01T13:13:16.317341+00:00,95.914,0.0069,0.15,0.0,-0.0105,0.0014,8794.08,3,200.0,172.966,step
2026-09-01T13:13:16.318537+00:00,95.934,0.0065,0.15,0.0,-0.0107,0.001,8796.43,3,200.0,172.986,step
2026-09-01T13:13:16.319855+00:00,95.954,0.0061,0.15,0.0,-0.0108,0.0006,8798.66,3,200.0,173.006,step
2026-09-01T13:13:16.321040+00:00,95.974,0.0057,0.15,0.0,-0.0109,0.0002,8800.73,3,200.0,173.026,step
2026-09-01T13:13:16.322219+00:00,95.994,0.0054,0.15,0.0,-0.011,-0.0001,8802.66,3,200.0,173.046,step
2026-09-01T13:13:16.323419+00:00,96.014,0.005,0.15,0.0,-0.011,-0.0004,8804.49,3,200.0,173.066,step
2026-09-01T13:13:16.324595+00:00,96.035,0.0046,0.15,0.0,-0.011,-0.0007,8806.3,3,200.0,173.086,step
2026-09-01T13:13:16.325783+00:00,96.055,0.0043,0.15,0.0,-0.011,-0.001,8808.08,3,200.0,173.106,step
2026-09-01T13:13:16.327099+00:00,96.075,0.004,0.15,0.0,-0.011,-0.0013,8809.82,3,200.0,173.126,step
2026-09-01T13:13:16.328300+00:00,96.094,0.0037,0.15,0.0,-0.0109,-0.0015,8811.55,3,200.0,173.146,step
2026-09-01T13:13:16.329490+00:00,96.114,0.0034,0.15,0.0,-0.0108,-0.0017,8813.3,3,200.0,173.166,step
2026-09-01T13:13:16.330662+00:00,96.134,0.0031,0.15,0.0,-0.0107,-0.0019,8815.06,3,200.0,173.186,step
2026-09-01T13:13:16.331830+00:00,96.153,0.0028,0.15,0.0,-0.0106,-0.0021,8816.85,3,200.0,173.206,step
2026-09-01T13:13:16.333022+00:00,96.173,0.0026,0.15,0.0,-0.0105,-0.0022,8817.79,3,200.0,173.226,step
2026-09-01T13:13:16.334184+00:00,96.192,0.0023,0.15,0.0,-0.0103,-0.0024,8819.54,3,200.0,173.246,step
2026-09-01T13:13:16.335426+00:00,96.211,0.0021,0.15,0.0,-0.0102,-0.0025,8821.57,3,200.0,173.266,step
2026-09-01T13:13:16.336620+00:00,96.23,0.0018,0.15,0.0,-0.01,-0.0026,8823.74,3,200.0,173.286,step
2026-09-01T13:13:16.337837+00:00,96.249,0.0016,0.15,0.0,-0.0098,-0.0027,8825.77,3,200.0,173.306,step
2026-09-01T13:13:16.339021+00:00,96.269,0.0014,0.15,0.0,-0.0096,-0.0028,8827.65,3,200.0,173.326,step
2026-09-01T13:13:16.340182+00:00,96.288,0.0012,0.15,0.0,-0.0094,-0.0029,8829.43,3,200.0,173.346,step
2026-09-01T13:13:16.341352+00:00,96.307,0.001,0.15,0.0,-0.0092,-0.003,8831.19,3,200.0,173.366,step
2026-09-01T13:13:16.342553+00:00,96.326,0.0008,0.15,0.0,-0.009,-0.003,8832.89,3,200.0,173.386,step
2026-09-01T13:13:16.343788+00:00,96.345,0.0007,0.15,0.0,-0.0088,-0.0031,8834.58,3,199.771,173.406,step
2026-09-01T13:13:16.344972+00:00,96.364,0.0005,0.15,0.0,-0.0085,-0.0032,8836.24,3,199.248,173.426,step
2026-09-01T13:13:16.346185+00:00,96.383,0.0003,0.15,0.0,-0.0083,-0.0032,8837.89,3,198.718,173.446,step
2026-09-01T13:13:16.347365+00:00,96.401,0.0002,0.15,0.0,-0.0081,-0.0032,8839.56,3,198.185,173.466,step
2026-09-01T13:13:16.348516+00:00,96.42,0.0001,0.15,0.0,-0.0078,-0.0032,8841.26,3,197.649,173.486,step
2026-09-01T13:13:16.349681+00:00,96.439,-0.0,0.15,0.0,-0.0076,-0.0032,8842.97,3,197.113,173.506,step
2026-09-01T13:13:16.350882+00:00,96.457,-0.0001,0.15,0.0,-0.0074,-0.0032,8843.9,3,196.577,173.526,step
2026-09-01T13:13:16.352121+00:00,96.476,-0.0003,0.15,0.0,-0.0071,-0.0032,8845.66,3,196.04,173.546,step
2026-09-01T13:13:16.353291+00:00,96.494,-0.0004,0.15,0.0,-0.0069,-0.0032,8847.65,3,195.502,173.566,step
2026-09-01T13:13:16.354462+00:00,96.512,-0.0005,0.15,0.0,-0.0067,-0.0032,8849.62,3,194.965,173.586,step
2026-09-01T13:13:16.355674+00:00,96.53,-0.0006,0.15,0.0,-0.0064,-0.0032,8851.46,3,194.428,173.606,step
2026-09-01T13:13:16.356835+00:00,96.548,-0.0007,0.15,0.0,-0.0062,-0.0032,8853.21,3,193.887,173.626,step
2026-09-01T13:13:16.357981+00:00,96.567,-0.0008,0.15,0.0,-0.0059,-0.0031,8854.88,3,193.34,173.646,step
2026-09-01T13:13:16.359171+00:00,96.585,-0.0008,0.15,0.0,-0.0057,-0.0031,8856.52,3,192.791,173.666,step
2026-09-01T13:13:16.360400+00:00,96.603,-0.0008,0.15,0.0,-0.0055,-0.003,8858.15,3,192.241,173.686,step
2026-09-01T13:13:16.361701+00:00,96.621,-0.0009,0.15,0.0,-0.0053,-0.0029,8859.74,3,191.69,173.706,step
2026-09-01T13:13:16.362916+00:00,96.639,-0.0009,0.15,0.0,-0.0051,-0.0029,8861.34,3,191.14,173.726,step
2026-09-01T13:13:16.364087+00:00,96.657,-0.0009,0.15,0.0,-0.0048,-0.0028,8862.93,3,190.589,173.746,step
2026-09-01T13:13:16.365247+00:00,96.675,-0.001,0.15,0.0,-0.0046,-0.0027,8864.54,3,190.039,173.766,step
2026-09-01T13:13:16.366400+00:00,96.693,-0.001,0.15,0.0,-0.0044,-0.0027,8866.16,3,189.488,173.786,step
2026-09-01T13:13:16.367587+00:00,96.711,-0.001,0.15,0.0,-0.0042,-0.0026,8867.29,3,188.937,173.806,step
2026-09-01T13:13:16.368866+00:00,96.728,-0.001,0.15,0.0,-0.004,-0.0025,8868.81,3,188.386,173.826,step
2026-09-01T13:13:16.370069+00:00,96.746,-0.0011,0.15,0.0,-0.0039,-0.0025,8870.54,3,187.835,173.846,step
2026-09-01T13:13:16.371308+00:00,96.763,-0.0011,0.15,0.0,-0.0037,-0.0024,8872.42,3,187.283,173.866,step
2026-09-01T13:13:16.372479+00:00,96.781,-0.0011,0.15,0.0,-0.0035,-0.0024,8874.22,3,186.732,173.886,step
2026-09-01T13:13:16.373673+00:00,96.798,-0.0011,0.15,0.0,-0.0033,-0.0023,8875.91,3,186.181,173.906,step
2026-09-01T13:13:16.374839+00:00,96.815,-0.0011,0.15,0.0,-0.0032,-0.0022,8877.54,3,185.63,173.926,step
2026-09-01T13:13:16.376014+00:00,96.833,-0.0011,0.15,0.0,-0.003,-0.0022,8879.13,3,185.078,173.946,step
2026-09-01T13:13:16.377252+00:00,96.85,-0.0011,0.15,0.0,-0.0029,-0.0021,8880.69,3,184.527,173.966,step
2026-09-01T13:13:16.378431+00:00,96.868,-0.0011,0.15,0.0,-0.0027,-0.002,8882.25,3,183.975,173.986,step
2026-09-01T13:13:16.379606+00:00,96.885,-0.0011,0.15,0.0,-0.0026,-0.002,8883.77,3,183.424,174.006,step
2026-09-01T13:13:16.380821+00:00,96.902,-0.0011,0.15,0.0,-0.0024,-0.0019,8885.31,3,182.872,174.026,step
2026-09-01T13:13:16.381970+00:00,96.919,-0.0011,0.15,0.0,-0.0023,-0.0019,8886.84,3,182.321,174.046,step
2026-09-01T13:13:16.383161+00:00,96.936,-0.0011,0.15,0.0,-0.0022,-0.0018,8888.4,3,181.769,174.066,step
2026-09-01T13:13:16.384332+00:00,96.953,-0.0011,0.15,0.0,-0.002,-0.0017,8889.95,3,181.217,174.086,step
2026-09-01T13:13:16.385529+00:00,96.971,-0.001,0.15,0.0,-0.0019,-0.0017,8891.07,3,180.665,174.106,step
2026-09-01T13:13:16.386719+00:00,96.987,-0.001,0.15,0.0,-0.0018,-0.0016,8892.65,3,180.113,174.126,step
2026-09-01T13:13:16.387877+00:00,97.004,-0.001,0.15,0.0,-0.0017,-0.0015,8894.36,3,179.561,174.146,step
2026-09-01T13:13:16.389031+00:00,97.021,-0.001,0.15,0.0,-0.0016,-0.0015,8896.07,3,179.009,174.166,step
2026-09-01T13:13:16.390170+00:00,97.038,-0.0009,0.15,0.0,-0.0015,-0.0014,8897.71,3,178.457,174.186,step
2026-09-01T13:13:16.391333+00:00,97.054,-0.0009,0.15,0.0,-0.0014,-0.0013,8899.29,3,177.905,174.206,step
2026-09-01T13:13:16.392490+00:00,97.071,-0.0009,0.15,0.0,-0.0013,-0.0013,8900.82,3,177.353,174.226,step
2026-09-01T13:13:16.393698+00:00,97.088,-0.0009,0.15,0.0,-0.0012,-0.0012,8902.34,3,176.8,174.246,step
2026-09-01T13:13:16.394844+00:00,97.105,-0.0008,0.15,0.0,-0.0012,-0.0012,8903.85,3,176.248,174.266,step
2026-09-01T13:13:16.396035+00:00,97.121,-0.0008,0.15,0.0,-0.0011,-0.0011,8905.34,3,175.696,174.286,step
2026-09-01T13:13:16.397225+00:00,97.138,-0.0007,0.15,0.0,-0.001,-0.001,8906.82,3,175.143,174.306,step
2026-09-01T13:13:16.398390+00:00,97.154,-0.0007,0.15,0.0,-0.001,-0.001,8908.3,3,174.591,174.326,step
2026-09-01T13:13:16.399530+00:00,97.171,-0.0006,0.15,0.0,-0.0009,-0.0009,8909.79,3,174.038,174.346,step
2026-09-01T13:13:16.400688+00:00,97.187,-0.0006,0.15,0.0,-0.0008,-0.0009,8911.29,3,173.486,174.366,step
2026-09-01T13:13:16.401893+00:00,97.204,-0.0005,0.15,0.0,-0.0008,-0.0008,8912.56,3,172.933,174.386,step
2026-09-01T13:13:16.403105+00:00,97.22,-0.0005,0.15,0.0,-0.0008,-0.0007,8914.0,3,172.38,174.406,step
2026-09-01T13:13:16.404276+00:00,97.236,-0.0005,0.15,0.0,-0.0007,-0.0007,8915.55,3,171.832,174.426,step
2026-09-01T13:13:16.405465+00:00,97.252,-0.0005,0.15,0.0,-0.0007,-0.0007,8917.17,3,171.288,174.446,step
2026-09-01T13:13:16.406611+00:00,97.269,-0.0005,0.15,0.0,-0.0006,-0.0007,8918.73,3,170.747,174.466,step
2026-09-01T13:13:16.407758+00:00,97.285,-0.0005,0.15,0.0,-0.0006,-0.0007,8920.26,3,170.206,174.486,step
2026-09-01T13:13:16.408887+00:00,97.301,-0.0005,0.15,0.0,-0.0006,-0.0007,8921.75,3,169.665,174.506,step
2026-09-01T13:13:16.410067+00:00,97.317,-0.0005,0.15,0.0,-0.0005,-0.0006,8923.21,3,169.12,174.526,step
2026-09-01T13:13:16.411338+00:00,97.333,-0.0005,0.15,0.0,-0.0005,-0.0006,8924.67,3,168.571,174.546,step
2026-09-01T13:13:16.412520+00:00,97.349,-0.0004,0.15,0.0,-0.0005,-0.0006,8926.12,3,168.023,174.566,step
2026-09-01T13:13:16.413677+00:00,97.365,-0.0004,0.15,0.0,-0.0005,-0.0006,8927.57,3,167.48,174.586,step
2026-09-01T13:13:16.414856+00:00,97.381,-0.0004,0.15,0.0,-0.0004,-0.0006,8929.02,3,166.938,174.606,step
2026-09-01T13:13:16.416012+00:00,97.397,-0.0005,0.15,0.0,-0.0004,-0.0005,8930.47,3,166.397,174.626,step
2026-09-01T13:13:16.417167+00:00,97.413,-0.0005,0.15,0.0,-0.0004,-0.0006,8931.9,3,165.855,174.646,step
2026-09-01T13:13:16.418372+00:00,97.429,-0.0005,0.15,0.0,-0.0004,-0.0006,8933.36,3,165.314,174.666,step
2026-09-01T13:13:16.419582+00:00,97.445,-0.0005,0.15,0.0,-0.0003,-0.0006,8934.69,3,164.773,174.686,step
2026-09-01T13:13:16.420775+00:00,97.461,-0.0005,0.15,0.0,-0.0003,-0.0005,8936.14,3,164.228,174.706,step
2026-09-01T13:13:16.421904+00:00,97.476,-0.0005,0.15,0.0,-0.0003,-0.0005,8937.62,3,163.682,174.726,step
2026-09-01T13:13:16.423029+00:00,97.492,-0.0005,0.15,0.0,-0.0002,-0.0005,8939.1,3,163.138,174.746,step
2026-09-01T13:13:16.424157+00:00,97.508,-0.0005,0.15,0.0,-0.0002,-0.0005,8940.57,3,162.596,174.766,step
2026-09-01T13:13:16.425323+00:00,97.523,-0.0005,0.15,0.0,-0.0002,-0.0005,8942.0,3,162.054,174.786,step
2026-09-01T13:13:16.426468+00:00,97.539,-0.0005,0.15,0.0,-0.0002,-0.0005,8943.44,3,161.512,174.806,step
2026-09-01T13:13:16.427758+00:00,97.555,-0.0005,0.15,0.0,-0.0002,-0.0005,8944.85,3,160.967,174.826,step
2026-09-01T13:13:16.428926+00:00,97.57,-0.0005,0.15,0.0,-0.0001,-0.0005,8946.27,3,160.42,174.846,step
2026-09-01T13:13:16.430117+00:00,97.586,-0.0005,0.15,0.0,-0.0001,-0.0005,8947.68,3,159.876,174.866,step
2026-09-01T13:13:16.431332+00:00,97.602,-0.0005,0.15,0.0,-0.0001,-0.0004,8949.1,3,159.334,174.886,step
2026-09-01T13:13:16.432508+00:00,97.617,-0.0005,0.15,0.0,-0.0001,-0.0004,8950.51,3,158.791,174.906,step
2026-09-01T13:13:16.433664+00:00,97.632,-0.0005,0.15,0.0,-0.0001,-0.0004,8951.92,3,158.245,174.926,step
2026-09-01T13:13:16.434815+00:00,97.648,-0.0005,0.15,0.0,-0.0,-0.0004,8953.33,3,157.698,174.946,step
2026-09-01T13:13:16.436001+00:00,97.663,-0.0005,0.15,0.0,-0.0,-0.0004,8954.8,3,157.154,174.966,step
2026-09-01T13:13:16.437149+00:00,97.679,-0.0005,0.15,0.0,0.0,-0.0004,8956.19,3,156.611,174.986,step
2026-09-01T13:13:16.438280+00:00,97.694,-0.0005,0.15,0.0,0.0,-0.0004,8957.57,3,156.068,175.006,step
2026-09-01T13:13:16.439428+00:00,97.71,-0.0005,0.15,0.0,0.0,-0.0004,8958.95,3,155.525,175.026,step
2026-09-01T13:13:16.440591+00:00,97.725,-0.0005,0.15,0.0,0.0001,-0.0004,8960.33,3,154.983,175.046,step
2026-09-01T13:13:16.441731+00:00,97.74,-0.0005,0.15,0.0,0.0001,-0.0004,8961.72,3,154.436,175.066,step
2026-09-01T13:13:16.442886+00:00,97.755,-0.0005,0.15,0.0,0.0001,-0.0004,8963.1,3,153.889,175.086,step
2026-09-01T13:13:16.444053+00:00,97.771,-0.0005,0.15,0.0,0.0001,-0.0003,8964.49,3,153.344,175.106,step
2026-09-01T13:13:16.445279+00:00,97.786,-0.0005,0.15,0.0,0.0001,-0.0003,8965.88,3,152.801,175.126,step
2026-09-01T13:13:16.446460+00:00,97.801,-0.0005,0.15,0.0,0.0002,-0.0003,8967.27,3,152.257,175.146,step
2026-09-01T13:13:16.447629+00:00,97.816,-0.0005,0.15,0.0,0.0002,-0.0003,8968.67,3,151.714,175.166,step
2026-09-01T13:13:16.448805+00:00,97.831,-0.0005,0.15,0.0,0.0002,-0.0003,8970.07,3,151.167,175.186,step
2026-09-01T13:13:16.449954+00:00,97.847,-0.0005,0.15,0.0,0.0002,-0.0003,8971.46,3,150.619,175.206,step
2026-09-01T13:13:16.451180+00:00,97.862,-0.0005,0.15,0.0,0.0002,-0.0003,8972.83,3,150.074,175.226,step
2026-09-01T13:13:16.452360+00:00,97.877,-0.0005,0.15,0.0,0.0002,-0.0003,8974.35,3,149.53,175.246,step
2026-09-01T13:13:16.453515+00:00,97.892,-0.0005,0.15,0.0,0.0003,-0.0003,8975.82,3,148.986,175.266,step
2026-09-01T13:13:16.454685+00:00,97.907,-0.0005,0.15,0.0,0.0003,-0.0003,8977.09,3,148.442,175.286,step
2026-09-01T13:13:16.455842+00:00,97.922,-0.0005,0.15,0.0,0.0003,-0.0003,8978.4,3,147.899,175.306,step
2026-09-01T13:13:16.456998+00:00,97.937,-0.0005,0.15,0.0,0.0003,-0.0003,8979.71,3,147.355,175.326,step
2026-09-01T13:13:16.458127+00:00,97.952,-0.0005,0.15,0.0,0.0003,-0.0003,8981.03,3,146.807,175.346,step
2026-09-01T13:13:16.459271+00:00,97.967,-0.0005,0.15,0.0,0.0003,-0.0003,8982.36,3,146.259,175.366,step
2026-09-01T13:13:16.460469+00:00,97.982,-0.0005,0.15,0.0,0.0003,-0.0002,8983.71,3,145.713,175.386,step
2026-09-01T13:13:16.461627+00:00,97.997,-0.0005,0.15,0.0,0.0003,-0.0002,8985.08,3,145.168,175.406,step
2026-09-01T13:13:16.462796+00:00,98.012,-0.0005,0.15,0.0,0.0004,-0.0002,8986.45,3,144.624,175.426,step
2026-09-01T13:13:16.463968+00:00,98.027,-0.0005,0.15,0.0,0.0004,-0.0003,8987.85,3,144.08,175.446,step
2026-09-01T13:13:16.465110+00:00,98.042,-0.0005,0.15,0.0,0.0004,-0.0003,8989.24,3,143.535,175.466,step
2026-09-01T13:13:16.466256+00:00,98.056,-0.0005,0.15,0.0,0.0004,-0.0003,8990.61,3,142.991,175.486,step
2026-09-01T13:13:16.467410+00:00,98.072,-0.0005,0.15,0.0,0.0004,-0.0002,8991.97,3,142.443,175.506,step
2026-09-01T13:13:16.468606+00:00,98.086,-0.0005,0.15,0.0,0.0004,-0.0002,8993.32,3,141.894,175.526,step
2026-09-01T13:13:16.469731+00:00,98.101,-0.0005,0.15,0.0,0.0004,-0.0002,8995.18,3,141.347,175.546,step
2026-09-01T13:13:16.470886+00:00,98.116,-0.0005,0.15,0.0,0.0004,-0.0002,8996.32,3,140.802,175.566,step
2026-09-01T13:13:16.472039+00:00,98.131,-0.0005,0.15,0.0,0.0005,-0.0002,8997.54,3,140.257,175.586,step
2026-09-01T13:13:16.473168+00:00,98.146,-0.0005,0.15,0.0,0.0005,-0.0002,8998.79,3,139.712,175.606,step
2026-09-01T13:13:16.474314+00:00,98.161,-0.0005,0.15,0.0,0.0005,-0.0002,9000.04,3,139.167,175.626,step
2026-09-01T13:13:16.475430+00:00,98.176,-0.0005,0.15,0.0,0.0005,-0.0002,9001.33,3,138.622,175.646,step
2026-09-01T13:13:16.476587+00:00,98.19,-0.0005,0.15,0.0,0.0005,-0.0002,9002.64,3,138.076,175.666,step
2026-09-01T13:13:16.477829+00:00,98.205,-0.0005,0.15,0.0,0.0005,-0.0002,9003.98,3,137.528,175.686,step
2026-09-01T13:13:16.478981+00:00,98.219,-0.0005,0.15,0.0,0.0005,-0.0002,9005.34,3,136.978,175.706,step
2026-09-01T13:13:16.480134+00:00,98.234,-0.0005,0.15,0.0,0.0005,-0.0002,9006.74,3,136.431,175.726,step
2026-09-01T13:13:16.481313+00:00,98.249,-0.0005,0.15,0.0,0.0005,-0.0002,9008.14,3,135.885,175.746,step
2026-09-01T13:13:16.482460+00:00,98.264,-0.0005,0.15,0.0,0.0006,-0.0002,9009.52,3,135.339,175.766,step
2026-09-01T13:13:16.483580+00:00,98.279,-0.0005,0.15,0.0,0.0006,-0.0002,9010.87,3,134.793,175.786,step
2026-09-01T13:13:16.484742+00:00,98.293,-0.0005,0.15,0.0,0.0006,-0.0002,9012.2,3,134.247,175.806,step
2026-09-01T13:13:16.486002+00:00,98.308,-0.0005,0.15,0.0,0.0006,-0.0002,9014.29,3,133.701,175.826,step
2026-09-01T13:13:16.487137+00:00,98.323,-0.0005,0.15,0.0,0.0006,-0.0002,9015.4,3,133.155,175.846,step
2026-09-01T13:13:16.488269+00:00,98.338,-0.0005,0.15,0.0,0.0006,-0.0002,9016.51,3,132.609,175.866,step
2026-09-01T13:13:16.489396+00:00,98.353,-0.0005,0.15,0.0,0.0006,-0.0002,9017.69,3,132.063,175.886,step
2026-09-01T13:13:16.490526+00:00,98.367,-0.0005,0.15,0.0,0.0006,-0.0001,9018.88,3,131.513,175.906,step
2026-09-01T13:13:16.491644+00:00,98.382,-0.0005,0.15,0.0,0.0006,-0.0001,9020.12,3,130.963,175.926,step
2026-09-01T13:13:16.492782+00:00,98.397,-0.0004,0.15,0.0,0.0006,-0.0001,9021.39,3,130.415,175.946,step
2026-09-01T13:13:16.493990+00:00,98.411,-0.0005,0.15,0.0,0.0006,-0.0001,9022.71,3,129.868,175.966,step
2026-09-01T13:13:16.495104+00:00,98.425,-0.0005,0.15,0.0,0.0007,-0.0001,9024.06,3,129.321,175.986,step
2026-09-01T13:13:16.496246+00:00,98.44,-0.0005,0.15,0.0,0.0007,-0.0001,9025.46,3,128.775,176.006,step
2026-09-01T13:13:16.497398+00:00,98.455,-0.0005,0.15,0.0,0.0007,-0.0001,9026.88,3,128.228,176.026,step
2026-09-01T13:13:16.498509+00:00,98.469,-0.0005,0.15,0.0,0.0007,-0.0001,9028.27,3,127.681,176.046,step
2026-09-01T13:13:16.499599+00:00,98.484,-0.0005,0.15,0.0,0.0007,-0.0001,9029.62,3,127.134,176.066,step
2026-09-01T13:13:16.500782+00:00,98.499,-0.0005,0.15,0.0,0.0007,-0.0001,9030.96,3,126.587,176.086,step
2026-09-01T13:13:16.501908+00:00,98.513,-0.0005,0.15,0.0,0.0007,-0.0001,9032.9,3,126.04,176.106,step
2026-09-01T13:13:16.503100+00:00,98.528,-0.0005,0.15,0.0,0.0007,-0.0001,9034.43,3,125.492,176.126,step
2026-09-01T13:13:16.504225+00:00,98.543,-0.0005,0.15,0.0,0.0007,-0.0001,9035.39,3,124.945,176.146,step
2026-09-01T13:13:16.505360+00:00,98.558,-0.0005,0.15,0.0,0.0007,-0.0001,9036.52,3,124.398,176.166,step
2026-09-01T13:13:16.506476+00:00,98.573,-0.0005,0.15,0.0,0.0007,-0.0001,9037.66,3,123.847,176.186,step
2026-09-01T13:13:16.507582+00:00,98.587,-0.0005,0.15,0.0,0.0007,-0.0001,9038.84,3,123.296,176.206,step
2026-09-01T13:13:16.508686+00:00,98.602,-0.0004,0.15,0.0,0.0008,-0.0001,9040.08,3,122.747,176.226,step
2026-09-01T13:13:16.509828+00:00,98.617,-0.0004,0.15,0.0,0.0008,-0.0001,9041.38,3,122.199,176.246,step
2026-09-01T13:13:16.511067+00:00,98.631,-0.0004,0.15,0.0,0.0008,-0.0001,9042.73,3,121.65,176.266,step
2026-09-01T13:13:16.512216+00:00,98.645,-0.0004,0.15,0.0,0.0008,-0.0001,9044.12,3,121.102,176.286,step
2026-09-01T13:13:16.513366+00:00,98.66,-0.0005,0.15,0.0,0.0008,-0.0001,9045.53,3,120.554,176.306,step
2026-09-01T13:13:16.514512+00:00,98.674,-0.0005,0.15,0.0,0.0008,-0.0001,9046.92,3,120.006,176.326,step
2026-09-01T13:13:16.515605+00:00,98.689,-0.0005,0.0,0.15,0.0008,-0.0001,9048.28,3,119.458,176.346,step
2026-09-01T13:13:16.516706+00:00,98.318,-0.0005,0.0,0.15,0.0008,-0.0001,8862.38,3,118.913,176.366,step
2026-09-01T13:13:16.517855+00:00,97.742,-0.0006,0.0,0.15,0.0008,-0.0001,8806.96,3,118.377,176.386,step
2026-09-01T13:13:16.519028+00:00,97.166,-0.0006,0.0,0.15,0.0008,-0.0002,8751.15,3,117.844,176.406,step
2026-09-01T13:13:16.520143+00:00,96.592,-0.0007,0.0,0.15,0.0008,-0.0002,8699.79,3,117.311,176.426,step
2026-09-01T13:13:16.521261+00:00,96.021,-0.0007,0.0,0.15,0.0008,-0.0003,8649.59,3,116.78,176.446,step
2026-09-01T13:13:16.522383+00:00,95.453,-0.0007,0.0,0.15,0.0008,-0.0003,8599.86,3,116.252,176.466,step
2026-09-01T13:13:16.523490+00:00,94.887,-0.0008,0.0,0.15,0.0008,-0.0003,8550.19,3,115.726,176.486,step
2026-09-01T13:13:16.524596+00:00,94.324,-0.0008,0.0,0.15,0.0008,-0.0003,8500.45,3,115.203,176.506,step
2026-09-01T13:13:16.525742+00:00,93.763,-0.0008,0.0,0.15,0.0008,-0.0003,8450.64,3,114.683,176.526,step
2026-09-01T13:13:16.526863+00:00,93.204,-0.0009,0.0,0.15,0.0008,-0.0004,8400.81,3,114.166,176.546,step
2026-09-01T13:13:16.528122+00:00,92.647,-0.0009,0.0,0.15,0.0009,-0.0004,8351.02,3,113.652,176.566,step
2026-09-01T13:13:16.529281+00:00,92.093,-0.0009,0.0,0.15,0.0009,-0.0004,8301.36,3,113.141,176.586,step
2026-09-01T13:13:16.530417+00:00,91.54,-0.0009,0.15,0.0,0.0009,-0.0004,8251.83,3,112.633,176.606,step
2026-09-01T13:13:16.531559+00:00,91.375,-0.0009,0.15,0.0,0.0009,-0.0004,8383.47,3,112.124,176.626,step
2026-09-01T13:13:16.532680+00:00,91.404,-0.0009,0.15,0.0,0.0009,-0.0004,8384.74,3,111.611,176.646,step
2026-09-01T13:13:16.533787+00:00,91.433,-0.0008,0.15,0.0,0.0009,-0.0003,8386.13,3,111.096,176.666,step
2026-09-01T13:13:16.534938+00:00,91.461,-0.0008,0.15,0.0,0.001,-0.0003,8388.07,3,110.581,176.686,step
2026-09-01T13:13:16.536104+00:00,91.49,-0.0007,0.15,0.0,0.001,-0.0002,8390.49,3,110.065,176.706,step
2026-09-01T13:13:16.537257+00:00,91.518,-0.0007,0.15,0.0,0.001,-0.0001,8393.18,3,109.549,176.726,step
2026-09-01T13:13:16.538355+00:00,91.546,-0.0006,0.15,0.0,0.001,-0.0001,8396.13,3,109.033,176.746,step
2026-09-01T13:13:16.539468+00:00,91.574,-0.0005,0.15,0.0,0.001,-0.0,8399.09,3,108.517,176.766,step
2026-09-01T13:13:16.540571+00:00,91.602,-0.0005,0.15,0.0,0.001,0.0,8401.84,3,108.0,176.786,step
2026-09-01T13:13:16.541667+00:00,91.63,-0.0004,0.15,0.0,0.001,0.0001,8404.44,3,107.486,176.806,step
2026-09-01T13:13:16.542782+00:00,91.658,-0.0004,0.15,0.0,0.001,0.0001,8406.94,3,106.975,176.826,step
2026-09-01T13:13:16.543942+00:00,91.686,-0.0004,0.15,0.0,0.001,0.0001,8409.42,3,106.465,176.846,step
2026-09-01T13:13:16.545092+00:00,91.713,-0.0004,0.15,0.0,0.001,0.0001,8411.89,3,105.956,176.866,step
2026-09-01T13:13:16.546256+00:00,91.741,-0.0004,0.15,0.0,0.001,0.0001,8414.38,3,105.446,176.886,step
2026-09-01T13:13:16.547384+00:00,91.769,-0.0004,0.15,0.0,0.001,0.0001,8416.88,3,104.936,176.906,step
2026-09-01T13:13:16.548506+00:00,91.796,-0.0004,0.15,0.0,0.0009,0.0001,8419.39,3,104.426,176.926,step
2026-09-01T13:13:16.549605+00:00,91.824,-0.0003,0.15,0.0,0.0009,0.0001,8421.9,3,103.916,176.946,step
2026-09-01T13:13:16.550735+00:00,91.851,-0.0003,0.15,0.0,0.0009,0.0001,8424.43,3,103.406,176.966,step
2026-09-01T13:13:16.551868+00:00,91.879,-0.0003,0.15,0.0,0.0009,0.0001,8427.0,3,102.896,176.986,step
2026-09-01T13:13:16.553073+00:00,91.906,-0.0003,0.15,0.0,0.0009,0.0001,8429.6,3,102.385,177.006,step
2026-09-01T13:13:16.554181+00:00,91.934,-0.0003,0.15,0.0,0.0009,0.0001,8432.07,3,101.874,177.026,step
2026-09-01T13:13:16.555333+00:00,91.961,-0.0003,0.15,0.0,0.0009,0.0001,8434.54,3,101.364,177.046,step
2026-09-01T13:13:16.556483+00:00,91.989,-0.0003,0.15,0.0,0.0009,0.0001,8437.02,3,100.853,177.066,step
2026-09-01T13:13:16.557614+00:00,92.016,-0.0003,0.0,0.15,0.0009,0.0001,8439.49,3,100.342,177.086,step
2026-09-01T13:13:16.558711+00:00,91.658,-0.0003,0.15,0.0,0.0009,0.0001,8267.29,3,99.8289,177.106,step
2026-09-01T13:13:16.559830+00:00,91.49,-0.0003,0.15,0.0,0.0009,0.0001,8393.38,3,99.3172,177.126,step
2026-09-01T13:13:16.560980+00:00,91.519,-0.0002,0.15,0.0,0.0009,0.0002,8394.98,3,98.808,177.146,step
2026-09-01T13:13:16.562086+00:00,91.547,-0.0002,0.15,0.0,0.0008,0.0002,8397.1,3,98.2991,177.166,step
2026-09-01T13:13:16.563219+00:00,91.575,-0.0002,0.15,0.0,0.0008,0.0002,8399.29,3,97.7903,177.186,step
2026-09-01T13:13:16.564341+00:00,91.603,-0.0002,0.15,0.0,0.0008,0.0002,8401.59,3,97.2814,177.206,step
2026-09-01T13:13:16.565461+00:00,91.631,-0.0002,0.15,0.0,0.0008,0.0002,8404.02,3,96.7724,177.226,step
2026-09-01T13:13:16.566591+00:00,91.659,-0.0002,0.15,0.0,0.0008,0.0002,8406.57,3,96.2633,177.246,step
2026-09-01T13:13:16.567751+00:00,91.687,-0.0002,0.15,0.0,0.0008,0.0002,8409.22,3,95.7539,177.266,step
2026-09-01T13:13:16.568903+00:00,91.715,-0.0002,0.15,0.0,0.0008,0.0002,8411.93,3,95.2446,177.286,step
2026-09-01T13:13:16.570097+00:00,91.743,-0.0002,0.15,0.0,0.0007,0.0002,8414.59,3,94.7349,177.306,step
2026-09-01T13:13:16.571257+00:00,91.77,-0.0002,0.15,0.0,0.0007,0.0002,8417.15,3,94.2252,177.326,step
2026-09-01T13:13:16.572390+00:00,91.798,-0.0002,0.15,0.0,0.0007,0.0002,8419.67,3,93.7152,177.346,step
2026-09-01T13:13:16.573469+00:00,91.826,-0.0002,0.15,0.0,0.0007,0.0002,8422.17,3,93.2052,177.366,step
2026-09-01T13:13:16.574543+00:00,91.853,-0.0002,0.15,0.0,0.0007,0.0002,8424.66,3,92.6949,177.386,step
2026-09-01T13:13:16.575646+00:00,91.881,-0.0002,0.15,0.0,0.0007,0.0002,8427.16,3,92.1846,177.406,step
2026-09-01T13:13:16.576734+00:00,91.908,-0.0001,0.15,0.0,0.0007,0.0002,8429.65,3,91.674,177.426,step
2026-09-01T13:13:16.577938+00:00,91.936,-0.0001,0.15,0.0,0.0007,0.0002,8432.14,3,91.1634,177.446,step
2026-09-01T13:13:16.579099+00:00,91.963,-0.0001,0.15,0.0,0.0006,0.0002,8434.63,3,90.6525,177.466,step
2026-09-01T13:13:16.580205+00:00,91.99,-0.0001,0.15,0.0,0.0006,0.0002,8437.13,3,90.1415,177.486,step
2026-09-01T13:13:16.581331+00:00,92.018,-0.0001,0.0,0.15,0.0006,0.0002,8439.62,3,89.6304,177.506,step
2026-09-01T13:13:16.582431+00:00,91.659,-0.0001,0.15,0.0,0.0006,0.0001,8267.42,3,89.1215,177.526,step
2026-09-01T13:13:16.583510+00:00,91.492,-0.0001,0.15,0.0,0.0006,0.0001,8393.56,3,88.6157,177.546,step
2026-09-01T13:13:16.584625+00:00,91.52,-0.0002,0.15,0.0,0.0006,0.0001,8395.15,3,88.1081,177.566,step
2026-09-01T13:13:16.585774+00:00,91.549,-0.0001,0.15,0.0,0.0006,0.0001,8397.27,3,87.5997,177.586,step
2026-09-01T13:13:16.586834+00:00,91.577,-0.0001,0.15,0.0,0.0006,0.0001,8399.41,3,87.0912,177.606,step
2026-09-01T13:13:16.587967+00:00,91.605,-0.0001,0.15,0.0,0.0005,0.0001,8401.71,3,86.5823,177.626,step
2026-09-01T13:13:16.589074+00:00,91.633,-0.0001,0.15,0.0,0.0005,0.0001,8404.15,3,86.0734,177.646,step
2026-09-01T13:13:16.590140+00:00,91.661,-0.0001,0.15,0.0,0.0005,0.0001,8406.71,3,85.5642,177.666,step
2026-09-01T13:13:16.591231+00:00,91.689,-0.0001,0.15,0.0,0.0005,0.0001,8409.38,3,85.0549,177.686,step
2026-09-01T13:13:16.592310+00:00,91.716,-0.0001,0.15,0.0,0.0005,0.0001,8412.08,3,84.5454,177.706,step
2026-09-01T13:13:16.593388+00:00,91.744,-0.0001,0.15,0.0,0.0005,0.0001,8414.72,3,84.0358,177.726,step
2026-09-01T13:13:16.594518+00:00,91.772,-0.0001,0.15,0.0,0.0005,0.0001,8417.28,3,83.5261,177.746,step
2026-09-01T13:13:16.595598+00:00,91.799,-0.0001,0.15,0.0,0.0005,0.0001,8419.81,3,83.0161,177.766,step
2026-09-01T13:13:16.596703+00:00,91.827,-0.0001,0.15,0.0,0.0005,0.0001,8422.3,3,82.506,177.786,step
2026-09-01T13:13:16.597814+00:00,91.855,-0.0001,0.15,0.0,0.0005,0.0001,8424.79,3,81.9958,177.806,step
2026-09-01T13:13:16.598932+00:00,91.882,-0.0001,0.15,0.0,0.0004,0.0001,8427.27,3,81.4854,177.826,step
2026-09-01T13:13:16.599997+00:00,91.909,-0.0001,0.15,0.0,0.0004,0.0001,8429.75,3,80.9749,177.846,step
2026-09-01T13:13:16.601127+00:00,91.937,-0.0001,0.15,0.0,0.0004,0.0001,8432.24,3,80.4641,177.866,step
2026-09-01T13:13:16.602266+00:00,91.964,-0.0001,0.15,0.0,0.0004,0.0001,8434.73,3,79.9534,177.886,step
2026-09-01T13:13:16.603363+00:00,91.992,-0.0001,0.15,0.0,0.0004,0.0001,8437.1,3,79.4423,177.906,step
2026-09-01T13:13:16.604447+00:00,92.019,-0.0001,0.0,0.15,0.0004,0.0001,8439.6,3,78.9312,177.926,step
2026-09-01T13:13:16.605556+00:00,91.66,-0.0,0.15,0.0,0.0004,0.0001,8267.63,3,78.4194,177.946,step
2026-09-01T13:13:16.606631+00:00,91.493,-0.0,0.15,0.0,0.0004,0.0002,8393.62,3,77.9088,177.966,step
2026-09-01T13:13:16.607710+00:00,91.521,0.0,0.15,0.0,0.0004,0.0002,8395.23,3,77.3998,177.986,step
2026-09-01T13:13:16.608784+00:00,91.549,0.0,0.15,0.0,0.0004,0.0002,8397.33,3,76.891,178.006,step
2026-09-01T13:13:16.609906+00:00,91.577,0.0,0.15,0.0,0.0003,0.0002,8399.53,3,76.3822,178.026,step
2026-09-01T13:13:16.611110+00:00,91.605,0.0,0.15,0.0,0.0003,0.0002,8401.83,3,75.8734,178.046,step
2026-09-01T13:13:16.612185+00:00,91.633,0.0,0.15,0.0,0.0003,0.0002,8404.25,3,75.3644,178.066,step
2026-09-01T13:13:16.613288+00:00,91.661,0.0,0.15,0.0,0.0003,0.0002,8406.78,3,74.8552,178.086,step
2026-09-01T13:13:16.614407+00:00,91.689,0.0,0.15,0.0,0.0003,0.0002,8409.38,3,74.3459,178.106,step
2026-09-01T13:13:16.615491+00:00,91.716,0.0001,0.15,0.0,0.0003,0.0002,8412.06,3,73.8365,178.126,step
2026-09-01T13:13:16.616568+00:00,91.744,0.0001,0.15,0.0,0.0003,0.0002,8414.68,3,73.3268,178.146,step
2026-09-01T13:13:16.617689+00:00,91.772,0.0001,0.15,0.0,0.0003,0.0002,8417.24,3,72.8171,178.166,step
2026-09-01T13:13:16.618839+00:00,91.799,0.0001,0.15,0.0,0.0002,0.0002,8419.76,3,72.3071,178.186,step
2026-09-01T13:13:16.619941+00:00,91.827,0.0001,0.15,0.0,0.0002,0.0002,8422.05,3,71.7971,178.206,step
2026-09-01T13:13:16.621024+00:00,91.854,0.0001,0.15,0.0,0.0002,0.0002,8424.56,3,71.2868,178.226,step
2026-09-01T13:13:16.622110+00:00,91.881,0.0001,0.15,0.0,0.0002,0.0002,8427.09,3,70.7765,178.246,step
2026-09-01T13:13:16.623178+00:00,91.909,0.0001,0.15,0.0,0.0002,0.0002,8429.64,3,70.2659,178.266,step
2026-09-01T13:13:16.624253+00:00,91.936,0.0001,0.15,0.0,0.0002,0.0002,8432.17,3,69.7552,178.286,step
2026-09-01T13:13:16.625319+00:00,91.963,0.0001,0.15,0.0,0.0002,0.0002,8434.67,3,69.2444,178.306,step
2026-09-01T13:13:16.626443+00:00,91.99,0.0001,0.15,0.0,0.0001,0.0002,8437.15,3,68.7334,178.326,step
2026-09-01T13:13:16.627543+00:00,92.017,0.0001,0.0,0.15,0.0001,0.0002,8439.63,3,68.2222,178.346,step
2026-09-01T13:13:16.628656+00:00,91.659,0.0001,0.15,0.0,0.0001,0.0001,8267.31,3,67.713,178.366,step
2026-09-01T13:13:16.629750+00:00,91.491,0.0001,0.15,0.0,0.0001,0.0001,8393.5,3,67.2066,178.386,step
2026-09-01T13:13:16.630844+00:00,91.519,0.0001,0.15,0.0,0.0001,0.0001,8395.05,3,66.6988,178.406,step
2026-09-01T13:13:16.631920+00:00,91.547,0.0001,0.15,0.0,0.0001,0.0001,8397.14,3,66.1904,178.426,step
2026-09-01T13:13:16.633015+00:00,91.575,0.0001,0.15,0.0,0.0001,0.0001,8399.29,3,65.6818,178.446,step
2026-09-01T13:13:16.634100+00:00,91.603,0.0001,0.15,0.0,0.0001,0.0001,8401.56,3,65.173,178.466,step
2026-09-01T13:13:16.635240+00:00,91.631,0.0001,0.15,0.0,0.0,0.0001,8403.96,3,64.664,178.486,step
2026-09-01T13:13:16.636327+00:00,91.658,0.0001,0.15,0.0,0.0,0.0001,8406.25,3,64.1549,178.506,step
2026-09-01T13:13:16.637410+00:00,91.686,0.0001,0.15,0.0,0.0,0.0001,8408.87,3,63.6455,178.526,step
2026-09-01T13:13:16.638483+00:00,91.713,0.0001,0.15,0.0,0.0,0.0001,8411.64,3,63.1361,178.546,step
2026-09-01T13:13:16.639551+00:00,91.741,0.0001,0.15,0.0,0.0,0.0001,8414.36,3,62.6265,178.566,step
2026-09-01T13:13:16.640644+00:00,91.768,0.0001,0.15,0.0,-0.0,0.0001,8416.96,3,62.1167,178.586,step
2026-09-01T13:13:16.641695+00:00,91.795,0.0001,0.15,0.0,-0.0,0.0001,8419.48,3,61.6068,178.606,step
2026-09-01T13:13:16.642808+00:00,91.823,0.0001,0.15,0.0,-0.0,0.0001,8421.96,3,61.0968,178.626,step
2026-09-01T13:13:16.643948+00:00,91.85,0.0001,0.15,0.0,-0.0,0.0001,8424.41,3,60.5866,178.646,step
2026-09-01T13:13:16.645042+00:00,91.877,0.0002,0.15,0.0,-0.0,0.0001,8426.87,3,60.0762,178.666,step
2026-09-01T13:13:16.646119+00:00,91.904,0.0002,0.0,0.15,-0.0,0.0001,8429.33,3,59.5658,178.686,step
2026-09-01T13:13:16.647206+00:00,91.545,0.0002,0.0,0.15,-0.0001,0.0001,8257.26,3,59.0549,178.706,step
2026-09-01T13:13:16.648274+00:00,90.993,0.0002,0.0,0.15,-0.0001,0.0002,8204.51,3,58.5449,178.726,step
2026-09-01T13:13:16.649324+00:00,90.441,0.0003,0.0,0.15,-0.0001,0.0002,8152.93,3,58.037,178.746,step
2026-09-01T13:13:16.650405+00:00,89.892,0.0004,0.0,0.15,-0.0001,0.0003,8102.97,3,57.532,178.766,step
2026-09-01T13:13:16.651481+00:00,89.345,0.0005,0.0,0.15,-0.0001,0.0004,8054.13,3,57.0299,178.786,step
2026-09-01T13:13:16.652731+00:00,88.799,0.0006,0.0,0.15,-0.0001,0.0004,8006.9,3,56.5311,178.806,step
2026-09-01T13:13:16.653803+00:00,88.257,0.0006,0.0,0.15,-0.0002,0.0005,7958.53,3,56.0367,178.826,step
2026-09-01T13:13:16.654895+00:00,87.718,0.0007,0.0,0.15,-0.0002,0.0005,7910.25,3,55.547,178.846,step
2026-09-01T13:13:16.655960+00:00,87.179,0.0007,0.0,0.15,-0.0002,0.0005,7862.1,3,55.061,178.866,step
2026-09-01T13:13:16.657005+00:00,86.643,0.0007,0.0,0.15,-0.0002,0.0005,7814.08,3,54.5783,178.886,step
2026-09-01T13:13:16.658049+00:00,86.109,0.0007,0.0,0.15,-0.0002,0.0005,7766.17,3,54.0987,178.906,step
2026-09-01T13:13:16.659134+00:00,85.576,0.0007,0.0,0.15,-0.0003,0.0005,7718.41,3,53.6222,178.926,step
2026-09-01T13:13:16.660238+00:00,85.044,0.0007,0.0,0.15,-0.0003,0.0005,7670.77,3,53.1487,178.946,step
2026-09-01T13:13:16.661413+00:00,84.514,0.0007,0.0,0.15,-0.0003,0.0005,7623.3,3,52.6782,178.966,step
2026-09-01T13:13:16.662488+00:00,83.986,0.0007,0.0,0.15,-0.0003,0.0005,7575.98,3,52.2108,178.986,step
2026-09-01T13:13:16.663581+00:00,83.458,0.0007,0.0,0.15,-0.0004,0.0005,7528.75,3,51.7464,179.006,step
2026-09-01T13:13:16.664648+00:00,82.933,0.0007,0.0,0.15,-0.0004,0.0005,7481.77,3,51.285,179.026,step
2026-09-01T13:13:16.665726+00:00,82.409,0.0007,0.0,0.15,-0.0004,0.0004,7434.93,3,50.8265,179.046,step
2026-09-01T13:13:16.666796+00:00,81.887,0.0007,0.0,0.15,-0.0004,0.0004,7388.2,3,50.371,179.066,step
2026-09-01T13:13:16.667915+00:00,81.367,0.0007,0.0,0.15,-0.0005,0.0004,7341.59,3,49.9184,179.086,step
2026-09-01T13:13:16.669020+00:00,80.848,0.0007,0.0,0.15,-0.0005,0.0004,7295.09,3,49.4689,179.106,step
2026-09-01T13:13:16.670097+00:00,80.331,0.0007,0.0,0.15,-0.0005,0.0004,7249.4,3,49.0222,179.126,step
2026-09-01T13:13:16.671192+00:00,79.815,0.0007,0.0,0.15,-0.0005,0.0004,7203.25,2,48.5784,179.146,step
2026-09-01T13:13:16.672261+00:00,79.319,0.0007,0.0,0.15,-0.0005,0.0004,9054.94,2,48.1378,179.166,step
2026-09-01T13:13:16.673295+00:00,78.838,0.0007,0.0,0.15,-0.0006,0.0003,9033.43,2,47.7009,179.186,step
2026-09-01T13:13:16.674312+00:00,78.339,0.0006,0.0,0.15,-0.0006,0.0003,8877.47,2,47.2674,179.206,step
2026-09-01T13:13:16.675363+00:00,77.768,0.0005,0.0,0.15,-0.0006,0.0002,8808.75,2,46.8395,179.226,step
2026-09-01T13:13:16.676418+00:00,77.198,0.0004,0.0,0.15,-0.0006,0.0001,8744.47,2,46.4154,179.246,step
2026-09-01T13:13:16.677531+00:00,76.632,0.0002,0.0,0.15,-0.0006,-0.0,8681.03,2,45.9939,179.266,step
2026-09-01T13:13:16.678579+00:00,76.067,0.0001,0.0,0.15,-0.0006,-0.0001,8618.23,2,45.5752,179.286,step
2026-09-01T13:13:16.679637+00:00,75.506,0.0,0.0,0.15,-0.0006,-0.0002,8555.87,2,45.1594,179.306,step
2026-09-01T13:13:16.680710+00:00,74.948,0.1999,0.0,0.15,-0.0006,-0.0003,8493.85,2,44.7465,179.326,step
2026-09-01T13:13:16.681771+00:00,74.401,0.1973,0.0,0.15,-0.0004,-0.0025,8432.78,2,44.443,179.346,step
2026-09-01T13:13:16.682830+00:00,73.805,0.1896,0.0,0.15,0.0004,-0.0085,8364.38,2,44.3459,179.366,step
2026-09-01T13:13:16.683926+00:00,73.228,0.1793,0.0,0.15,0.0017,-0.0166,8296.49,2,44.3429,179.386,step
2026-09-01T13:13:16.684995+00:00,72.665,0.1679,0.0,0.15,0.0036,-0.0253,8231.72,2,44.3635,179.406,step
2026-09-01T13:13:16.686167+00:00,72.11,0.1563,0.0,0.15,0.0059,-0.034,8169.11,2,44.372,179.426,step
2026-09-01T13:13:16.687237+00:00,71.559,0.145,0.0,0.15,0.0087,-0.0422,8107.82,2,44.3537,179.446,step
2026-09-01T13:13:16.688311+00:00,71.011,0.134,0.0,0.15,0.012,-0.05,8047.22,2,44.304,179.466,step
2026-09-01T13:13:16.689378+00:00,70.465,0.1236,0.0,0.15,0.0157,-0.0571,7987.91,2,44.2233,179.486,step
2026-09-01T13:13:16.690420+00:00,69.921,0.1137,0.0,0.15,0.0198,-0.0636,7931.15,2,44.1122,179.506,step
2026-09-01T13:13:16.691466+00:00,69.382,0.1043,0.0,0.15,0.0243,-0.0696,7871.18,2,43.9739,179.526,step
2026-09-01T13:13:16.692552+00:00,68.846,-0.3046,0.0,0.15,0.0291,-0.075,7810.65,2,43.8118,179.546,step
2026-09-01T13:13:16.693620+00:00,68.342,-0.3104,0.0,0.15,0.034,-0.0778,7753.93,2,43.5433,179.566,step
2026-09-01T13:13:16.694874+00:00,67.788,-0.3085,0.0,0.15,0.0383,-0.0744,7694.63,2,43.0274,179.586,step
2026-09-01T13:13:16.695931+00:00,67.188,0.099,0.0,0.15,0.042,-0.0666,7623.97,2,42.3397,179.606,step
2026-09-01T13:13:16.696998+00:00,66.633,0.1076,0.0,0.15,0.0452,-0.0582,7557.22,2,41.6246,179.626,step
2026-09-01T13:13:16.698040+00:00,66.112,0.109,0.0,0.15,0.0485,-0.0556,7505.0,2,41.1537,179.646,step
2026-09-01T13:13:16.699092+00:00,65.561,0.105,0.0,0.15,0.0521,-0.0575,7444.34,2,40.8613,179.666,step
2026-09-01T13:13:16.700184+00:00,65.032,0.0986,0.0,0.15,0.0561,-0.0611,7384.42,2,40.6454,179.686,step
2026-09-01T13:13:16.701257+00:00,64.514,0.0914,0.0,0.15,0.0602,-0.0654,7326.19,2,40.4516,179.706,step
2026-09-01T13:13:16.702397+00:00,64.001,-0.3158,0.0,0.15,0.0646,-0.0696,7268.91,2,40.2559,179.726,step
2026-09-01T13:13:16.703492+00:00,63.518,-0.3201,0.0,0.15,0.0689,-0.0714,7214.34,2,39.972,179.746,step
2026-09-01T13:13:16.704571+00:00,62.979,-0.3174,0.0,0.15,0.0726,-0.0676,7155.34,2,39.4762,179.766,step
2026-09-01T13:13:16.705652+00:00,62.397,0.0903,0.0,0.15,0.0757,-0.0598,7086.59,2,38.836,179.786,step
2026-09-01T13:13:16.706698+00:00,61.86,0.099,0.0,0.15,0.0782,-0.0516,7022.73,2,38.1787,179.806,step
2026-09-01T13:13:16.707737+00:00,61.357,0.1006,0.0,0.15,0.0809,-0.0491,6972.09,2,37.7433,179.826,step
2026-09-01T13:13:16.708790+00:00,60.827,0.0972,0.0,0.15,0.0838,-0.0507,6913.04,2,37.4642,179.846,step
2026-09-01T13:13:16.709864+00:00,60.318,0.0917,0.0,0.15,0.0871,-0.054,6857.14,2,37.2478,179.866,step
2026-09-01T13:13:16.710990+00:00,59.818,0.0856,0.0,0.15,0.0905,-0.0576,6800.31,2,37.0474,179.886,step
2026-09-01T13:13:16.712029+00:00,59.322,0.0795,0.0,0.15,0.0941,-0.0612,6744.03,2,36.8462,179.906,step
2026-09-01T13:13:16.713067+00:00,58.828,0.0736,0.0,0.15,0.0979,-0.0646,6688.0,2,36.6389,179.926,step
2026-09-01T13:13:16.714138+00:00,58.336,0.0679,0.0,0.15,0.1017,-0.0677,6632.31,2,36.4242,179.946,step
2026-09-01T13:13:16.715187+00:00,57.846,0.0624,0.0,0.15,0.1057,-0.0706,6577.03,2,36.2019,179.966,step
2026-09-01T13:13:16.716211+00:00,57.358,0.0572,0.0,0.15,0.1098,-0.0732,6522.04,2,35.9724,179.986,step
2026-09-01T13:13:16.717252+00:00,56.871,0.0522,0.0,0.15,0.114,-0.0756,6467.28,2,35.7364,180.006,step
2026-09-01T13:13:16.718331+00:00,56.386,0.0475,0.0,0.15,0.1182,-0.0778,6412.7,2,35.4948,180.026,step
2026-09-01T13:13:16.719446+00:00,55.903,0.043,0.0,0.15,0.1225,-0.0798,6358.27,2,35.2486,180.046,step
2026-09-01T13:13:16.720523+00:00,55.421,0.0387,0.0,0.15,0.1269,-0.0815,6303.99,2,34.998,180.066,step
2026-09-01T13:13:16.721633+00:00,54.941,0.0346,0.0,0.15,0.1313,-0.0831,6249.88,2,34.7435,180.086,step
2026-09-01T13:13:16.722718+00:00,54.463,0.0307,0.0,0.15,0.1357,-0.0846,6195.88,2,34.4856,180.106,step
2026-09-01T13:13:16.723771+00:00,53.986,0.027,0.0,0.15,0.1401,-0.0858,6141.99,2,34.2248,180.126,step
2026-09-01T13:13:16.724841+00:00,53.51,0.0234,0.0,0.15,0.1445,-0.0869,6088.25,2,33.9612,180.146,step
2026-09-01T13:13:16.725921+00:00,53.035,0.0201,0.0,0.15,0.1489,-0.0879,6034.66,2,33.695,180.166,step
2026-09-01T13:13:16.726984+00:00,52.562,0.0169,0.0,0.15,0.1533,-0.0887,5981.21,2,33.427,180.186,step
2026-09-01T13:13:16.728079+00:00,52.09,0.0139,0.0,0.15,0.1577,-0.0894,5927.92,2,33.1576,180.206,step
2026-09-01T13:13:16.729168+00:00,51.62,0.011,0.0,0.15,0.1621,-0.0899,5874.77,2,32.8872,180.226,step
2026-09-01T13:13:16.730208+00:00,51.151,0.0083,0.0,0.15,0.1664,-0.0904,5821.74,2,32.6159,180.246,step
2026-09-01T13:13:16.731265+00:00,50.683,0.0057,0.0,0.15,0.1707,-0.0908,5768.84,2,32.3438,180.266,step
2026-09-01T13:13:16.732304+00:00,50.217,0.0033,0.0,0.15,0.175,-0.091,5715.27,2,32.0715,180.286,step
2026-09-01T13:13:16.733341+00:00,49.752,0.0009,0.0,0.15,0.1793,-0.0912,5662.94,1,31.799,180.306,step
2026-09-01T13:13:16.734403+00:00,49.294,-0.0013,0.0,0.15,0.1834,-0.0913,7598.77,1,31.5265,180.326,step
2026-09-01T13:13:16.735560+00:00,48.84,-0.0033,0.0,0.15,0.1876,-0.0913,7587.73,1,31.2544,180.346,step
2026-09-01T13:13:16.736598+00:00,48.37,-0.0053,0.0,0.15,0.1917,-0.0912,7372.46,1,30.9827,180.366,step
2026-09-01T13:13:16.737645+00:00,47.856,-0.0072,0.0,0.15,0.1957,-0.0911,7296.04,1,30.7113,180.386,step
2026-09-01T13:13:16.738681+00:00,47.346,-0.0089,0.0,0.15,0.1997,-0.0909,7219.33,1,30.4406,180.406,step
2026-09-01T13:13:16.739739+00:00,46.838,-0.0105,0.0,0.15,0.2036,-0.0906,7143.26,1,30.1709,180.426,step
2026-09-01T13:13:16.740788+00:00,46.334,-0.012,0.0,0.15,0.2075,-0.0902,7067.74,1,29.903,180.446,step
2026-09-01T13:13:16.741820+00:00,45.833,-0.0135,0.0,0.15,0.2113,-0.0898,6992.7,1,29.6366,180.466,step
2026-09-01T13:13:16.742889+00:00,45.335,-0.0148,0.0,0.15,0.215,-0.0894,6918.04,1,29.3721,180.486,step
2026-09-01T13:13:16.743924+00:00,44.839,-0.0161,0.0,0.15,0.2187,-0.089,6843.73,1,29.1092,180.506,step
2026-09-01T13:13:16.745068+00:00,44.346,-0.0173,0.0,0.15,0.2223,-0.0885,6769.77,1,28.8482,180.526,step
2026-09-01T13:13:16.746123+00:00,43.856,-0.0184,0.0,0.15,0.2258,-0.0879,6696.14,1,28.5894,180.546,step
2026-09-01T13:13:16.747206+00:00,43.37,-0.0195,0.0,0.15,0.2293,-0.0874,6622.96,1,28.3328,180.566,step
2026-09-01T13:13:16.748251+00:00,42.886,-0.0205,0.0,0.15,0.2327,-0.0868,6549.99,1,28.0781,180.586,step
2026-09-01T13:13:16.749301+00:00,42.403,-0.0214,0.0,0.15,0.236,-0.0862,6477.27,1,27.8254,180.606,step
2026-09-01T13:13:16.750359+00:00,41.923,-0.0223,0.15,0.0,0.2392,-0.0856,6404.91,1,27.5752,180.626,step
2026-09-01T13:13:16.751436+00:00,41.931,-0.0232,0.15,0.0,0.2425,-0.085,6561.68,1,27.3272,180.646,step
2026-09-01T13:13:16.752532+00:00,42.066,-0.0241,0.0,0.15,0.2456,-0.0844,6579.2,1,27.0789,180.666,step
2026-09-01T13:13:16.753585+00:00,41.706,-0.0249,0.15,0.0,0.2488,-0.0838,6379.13,1,26.8301,180.686,step
2026-09-01T13:13:16.754665+00:00,41.715,-0.0257,0.15,0.0,0.2519,-0.0831,6523.38,1,26.5823,180.706,step
2026-09-01T13:13:16.755761+00:00,41.849,-0.0265,0.15,0.0,0.255,-0.0825,6543.3,1,26.3341,180.726,step
2026-09-01T13:13:16.756840+00:00,41.982,-0.0272,0.15,0.0,0.2581,-0.0818,6563.55,1,26.0852,180.746,step
2026-09-01T13:13:16.757874+00:00,42.116,-0.028,0.0,0.15,0.2611,-0.0812,6584.25,1,25.8353,180.766,step
2026-09-01T13:13:16.758892+00:00,41.757,-0.0286,0.15,0.0,0.2641,-0.0805,6385.84,1,25.5846,180.786,step
2026-09-01T13:13:16.760052+00:00,41.762,-0.0292,0.15,0.0,0.2671,-0.0797,6534.89,1,25.3348,180.806,step
2026-09-01T13:13:16.761068+00:00,41.896,-0.0298,0.15,0.0,0.27,-0.079,6555.4,1,25.0846,180.826,step
2026-09-01T13:13:16.762122+00:00,42.031,-0.0304,0.0,0.15,0.2729,-0.0782,6574.35,1,24.8336,180.846,step
2026-09-01T13:13:16.763146+00:00,41.672,-0.0308,0.0,0.15,0.2758,-0.0775,6371.37,1,24.5824,180.866,step
2026-09-01T13:13:16.764198+00:00,41.195,-0.0312,0.15,0.0,0.2786,-0.0766,6296.16,1,24.3325,180.886,step
2026-09-01T13:13:16.765203+00:00,41.204,-0.0316,0.0,0.15,0.2814,-0.0758,6447.12,1,24.0848,180.906,step
2026-09-01T13:13:16.766233+00:00,40.844,-0.032,0.0,0.15,0.2841,-0.0749,6245.38,1,23.8376,180.926,step
2026-09-01T13:13:16.767271+00:00,40.372,-0.0323,0.0,0.15,0.2867,-0.0741,6172.11,1,23.5923,180.946,step
2026-09-01T13:13:16.768470+00:00,39.902,-0.0325,0.0,0.15,0.2893,-0.0732,6100.16,1,23.3497,180.966,step
2026-09-01T13:13:16.769519+00:00,39.435,-0.0327,0.0,0.15,0.2919,-0.0723,6029.15,1,23.11,180.986,step
2026-09-01T13:13:16.770566+00:00,38.97,-0.0329,0.0,0.15,0.2943,-0.0714,5958.79,1,22.873,181.006,step
2026-09-01T13:13:16.771611+00:00,38.507,-0.033,0.0,0.15,0.2967,-0.0706,5888.87,1,22.6388,181.026,step
2026-09-01T13:13:16.772647+00:00,38.045,-0.0332,0.0,0.15,0.2991,-0.0697,5819.26,1,22.4076,181.046,step
2026-09-01T13:13:16.773677+00:00,37.586,-0.0333,0.0,0.15,0.3014,-0.0688,5749.85,1,22.1793,181.066,step
2026-09-01T13:13:16.774753+00:00,37.129,-0.0334,0.15,0.0,0.3036,-0.068,5680.65,1,21.954,181.086,step
2026-09-01T13:13:16.775789+00:00,37.152,-0.0335,0.0,0.15,0.3058,-0.0672,5812.36,1,21.7311,181.106,step
2026-09-01T13:13:16.776850+00:00,36.799,-0.0336,0.0,0.15,0.3079,-0.0664,5633.0,1,21.5089,181.126,step
2026-09-01T13:13:16.778168+00:00,36.346,-0.0337,0.0,0.15,0.31,-0.0656,5563.95,1,21.2887,181.146,step
2026-09-01T13:13:16.779255+00:00,35.894,-0.0337,0.0,0.15,0.312,-0.0648,5493.98,1,21.0713,181.166,step
2026-09-01T13:13:16.780335+00:00,35.443,-0.0337,0.0,0.15,0.314,-0.0639,5424.52,1,20.8567,181.186,step
2026-09-01T13:13:16.781393+00:00,34.993,-0.0337,0.0,0.15,0.3159,-0.0631,5355.8,1,20.645,181.206,step
2026-09-01T13:13:16.782459+00:00,34.545,-0.0337,0.15,0.0,0.3178,-0.0623,5287.76,1,20.4361,181.226,step
2026-09-01T13:13:16.783536+00:00,34.574,-0.0337,0.0,0.15,0.3196,-0.0616,5408.17,1,20.2293,181.246,step
2026-09-01T13:13:16.784692+00:00,34.222,-0.0337,0.0,0.15,0.3214,-0.0608,5240.64,1,20.0233,181.266,step
2026-09-01T13:13:16.785939+00:00,33.776,-0.0337,0.0,0.15,0.3232,-0.0601,5235.99,1,19.8196,181.286,step
2026-09-01T13:13:16.787015+00:00,33.332,-0.0328,0.0,0.15,0.3249,-0.0586,5235.99,1,19.6188,181.306,step
2026-09-01T13:13:16.788198+00:00,32.888,-0.0205,0.15,0.0,0.3264,-0.0477,5235.99,1,19.4208,181.326,step
2026-09-01T13:13:16.789310+00:00,32.922,-0.0083,0.0,0.15,0.3276,-0.0371,5235.99,1,19.2285,181.346,step
2026-09-01T13:13:16.790399+00:00,32.568,0.0036,0.0,0.15,0.3285,-0.0268,5235.99,1,19.0415,181.366,step
2026-09-01T13:13:16.791482+00:00,32.124,0.0152,0.0,0.15,0.3291,-0.0168,5235.99,1,18.8614,181.386,step
2026-09-01T13:13:16.792618+00:00,31.681,0.0266,0.0,0.15,0.3295,-0.0073,5235.99,1,18.6883,181.406,step
2026-09-01T13:13:16.793782+00:00,31.238,0.0375,0.15,0.0,0.3296,0.0019,5235.99,1,18.5222,181.426,step
2026-09-01T13:13:16.794893+00:00,31.287,0.0482,0.0,0.15,0.3295,0.0108,5235.99,1,18.3612,181.446,step
2026-09-01T13:13:16.795997+00:00,30.932,0.0588,0.0,0.15,0.3292,0.0195,5235.99,1,18.2041,181.466,step
2026-09-01T13:13:16.797120+00:00,30.488,0.069,0.15,0.0,0.3287,0.0278,5235.99,1,18.0535,181.486,step
2026-09-01T13:13:16.798192+00:00,30.543,0.0791,0.0,0.15,0.3281,0.0359,5235.99,1,17.9067,181.506,step
2026-09-01T13:13:16.799275+00:00,30.185,0.0889,0.0,0.15,0.3272,0.0438,5235.99,1,17.7635,181.526,step
2026-09-01T13:13:16.800380+00:00,29.741,0.0984,0.15,0.0,0.3262,0.0513,5235.99,1,17.6265,181.546,step
2026-09-01T13:13:16.801503+00:00,29.803,0.1078,0.0,0.15,0.325,0.0586,5235.99,1,17.4922,181.566,step
2026-09-01T13:13:16.802644+00:00,29.442,0.117,0.0,0.15,0.3237,0.0657,5235.99,1,17.3614,181.586,step
2026-09-01T13:13:16.803786+00:00,28.997,0.1259,0.15,0.0,0.3222,0.0725,5235.99,1,17.2366,181.606,step
2026-09-01T13:13:16.804861+00:00,29.066,0.1346,0.0,0.15,0.3206,0.0791,5235.99,1,17.1138,181.626,step
2026-09-01T13:13:16.805945+00:00,28.703,0.1432,0.15,0.0,0.3189,0.0855,5235.99,1,16.994,181.646,step
2026-09-01T13:13:16.807020+00:00,28.773,0.1516,0.0,0.15,0.317,0.0918,5235.99,1,16.877,181.666,step
2026-09-01T13:13:16.808101+00:00,28.41,0.1598,0.0,0.15,0.3151,0.0978,5235.99,1,16.7628,181.686,step
2026-09-01T13:13:16.809220+00:00,27.965,0.1677,0.8,0.0,0.313,0.1035,5235.99,1,16.6545,181.706,step
2026-09-01T13:13:16.810311+00:00,28.419,0.1753,0.0,0.15,0.3108,0.1089,5235.99,1,16.5492,181.726,step
2026-09-01T13:13:16.811494+00:00,28.273,0.183,0.0,0.15,0.3084,0.1144,5235.99,1,16.4433,181.746,step
2026-09-01T13:13:16.812617+00:00,27.828,0.1905,0.0,0.15,0.306,0.1196,5235.99,1,16.341,181.766,step
2026-09-01T13:13:16.813729+00:00,27.383,0.1977,0.8,0.0,0.3036,0.1246,5235.99,1,16.2427,181.786,step
2026-09-01T13:13:16.814836+00:00,27.839,0.2047,0.0,0.15,0.301,0.1293,5235.99,1,16.1473,181.806,step
2026-09-01T13:13:16.815960+00:00,27.693,0.2117,0.0,0.15,0.2983,0.1341,5235.99,1,16.0512,181.826,step
2026-09-01T13:13:16.817102+00:00,27.247,0.2186,0.0,0.15,0.2955,0.1386,5235.99,1,15.9583,181.846,step
2026-09-01T13:13:16.818248+00:00,26.803,0.2251,0.8,0.0,0.2928,0.1429,5235.99,1,15.8692,181.866,step
2026-09-01T13:13:16.819499+00:00,27.262,0.2315,0.0,0.15,0.2899,0.147,5235.99,1,15.7824,181.886,step
2026-09-01T13:13:16.820630+00:00,27.117,0.238,0.0,0.15,0.2869,0.1512,5235.99,1,15.6946,181.906,step
2026-09-01T13:13:16.821786+00:00,26.671,0.2442,0.0,0.15,0.2839,0.1551,5235.99,1,15.6096,181.926,step
2026-09-01T13:13:16.822925+00:00,26.227,0.2502,0.8,0.0,0.2809,0.1589,5235.99,1,15.528,181.946,step
2026-09-01T13:13:16.824059+00:00,26.69,0.256,0.0,0.15,0.2778,0.1624,5235.99,1,15.4488,181.966,step
2026-09-01T13:13:16.825240+00:00,26.544,0.2619,0.0,0.15,0.2746,0.166,5235.99,1,15.3683,181.986,step
2026-09-01T13:13:16.826433+00:00,26.098,0.2676,0.0,0.15,0.2713,0.1694,5235.99,1,15.2904,182.006,step
2026-09-01T13:13:16.827701+00:00,25.653,0.2731,0.8,0.0,0.2681,0.1726,5235.99,1,15.2157,182.026,step
2026-09-01T13:13:16.828823+00:00,26.119,0.2785,0.0,0.15,0.2649,0.1758,5235.99,1,15.1431,182.046,step
2026-09-01T13:13:16.829935+00:00,25.973,0.2844,0.0,0.15,0.2615,0.1793,5235.99,1,15.0691,182.066,step
2026-09-01T13:13:16.831053+00:00,25.526,0.2901,0.0,0.15,0.2581,0.1826,5235.99,1,14.9975,182.086,step
2026-09-01T13:13:16.832145+00:00,25.081,0.2955,0.8,0.0,0.2547,0.1857,5235.99,1,14.929,182.106,step
2026-09-01T13:13:16.833234+00:00,25.551,0.3007,0.0,0.15,0.2513,0.1886,5235.99,1,14.8626,182.126,step
2026-09-01T13:13:16.834359+00:00,25.404,0.3061,0.0,0.15,0.2478,0.1916,5235.99,1,14.7947,182.146,step
2026-09-01T13:13:16.835499+00:00,24.956,0.3112,0.0,0.15,0.2443,0.1945,5235.99,1,14.7291,182.166,step
2026-09-01T13:13:16.836587+00:00,24.512,0.3162,0.8,0.0,0.2408,0.1971,5235.99,1,14.6663,182.186,step
2026-09-01T13:13:16.837728+00:00,24.985,0.3209,0.0,0.15,0.2373,0.1996,5235.99,1,14.6055,182.206,step
2026-09-01T13:13:16.838896+00:00,24.837,0.3258,0.0,0.15,0.2336,0.2022,5235.99,1,14.5431,182.226,step
2026-09-01T13:13:16.839984+00:00,24.388,0.3305,0.8,0.0,0.23,0.2046,5235.99,1,14.4829,182.246,step
2026-09-01T13:13:16.841050+00:00,24.871,0.335,0.0,0.15,0.2264,0.2068,5235.99,1,14.4248,182.266,step
2026-09-01T13:13:16.842130+00:00,24.715,0.3396,0.0,0.15,0.2227,0.2091,5235.99,1,14.365,182.286,step
2026-09-01T13:13:16.843242+00:00,24.265,0.344,0.0,0.15,0.219,0.2113,5235.99,1,14.3075,182.306,step
2026-09-01T13:13:16.844443+00:00,23.82,0.3483,0.8,0.0,0.2153,0.2133,5235.99,1,14.2527,182.326,step
2026-09-01T13:13:16.845523+00:00,24.295,0.3523,0.0,0.15,0.2117,0.2151,5235.99,1,14.1999,182.346,step
2026-09-01T13:13:16.846649+00:00,24.148,0.3565,0.0,0.15,0.2079,0.217,5235.99,1,14.1451,182.366,step
2026-09-01T13:13:16.847749+00:00,23.699,0.3605,0.8,0.0,0.2042,0.2188,5235.99,1,14.0923,182.386,step
2026-09-01T13:13:16.848807+00:00,24.185,0.3643,0.0,0.15,0.2004,0.2204,5235.99,1,14.0415,182.406,step
2026-09-01T13:13:16.849895+00:00,24.029,0.3683,0.0,0.15,0.1966,0.2221,5235.99,1,13.9889,182.426,step
2026-09-01T13:13:16.851007+00:00,23.578,0.3721,0.8,0.0,0.1928,0.2237,5235.99,1,13.9384,182.446,step
2026-09-01T13:13:16.852133+00:00,24.064,0.3756,0.0,0.15,0.189,0.2251,5235.99,1,13.8901,182.466,step
2026-09-01T13:13:16.853204+00:00,23.909,0.3794,0.0,0.15,0.1852,0.2266,5235.99,1,13.8399,182.486,step
2026-09-01T13:13:16.854259+00:00,23.457,0.3829,0.0,0.15,0.1814,0.228,5235.99,1,13.7917,182.506,step
2026-09-01T13:13:16.855349+00:00,23.013,0.3863,0.8,0.0,0.1776,0.2292,5235.99,1,13.7459,182.526,step
2026-09-01T13:13:16.856415+00:00,23.491,0.3895,0.0,0.15,0.1739,0.2303,5235.99,1,13.7019,182.546,step
2026-09-01T13:13:16.857495+00:00,23.344,0.3928,0.0,0.15,0.17,0.2315,5235.99,1,13.6557,182.566,step
2026-09-01T13:13:16.858570+00:00,22.894,0.396,0.8,0.0,0.1662,0.2326,5235.99,1,13.6114,182.586,step
2026-09-01T13:13:16.859650+00:00,23.385,0.399,0.0,0.15,0.1624,0.2335,5235.99,1,13.5691,182.606,step
2026-09-01T13:13:16.860909+00:00,23.228,0.4022,0.0,0.15,0.1586,0.2346,5235.99,1,13.5246,182.626,step
2026-09-01T13:13:16.862023+00:00,22.776,0.4052,0.8,0.0,0.1548,0.2355,5235.99,1,13.4819,182.646,step
2026-09-01T13:13:16.863125+00:00,23.267,0.408,0.0,0.15,0.151,0.2363,5235.99,1,13.4414,182.666,step
2026-09-01T13:13:16.864256+00:00,23.11,0.411,0.0,0.15,0.1471,0.2371,5235.99,1,13.3988,182.686,step
2026-09-01T13:13:16.865373+00:00,22.658,0.4138,0.0,0.15,0.1433,0.2379,5235.99,1,13.358,182.706,step
2026-09-01T13:13:16.866484+00:00,22.213,0.4165,0.8,0.0,0.1396,0.2386,5235.99,1,13.3194,182.726,step
2026-09-01T13:13:16.867611+00:00,22.696,0.419,0.0,0.15,0.1359,0.2391,5235.99,1,13.2824,182.746,step
2026-09-01T13:13:16.868829+00:00,22.548,0.4216,0.0,0.15,0.1321,0.2397,5235.99,1,13.2433,182.766,step
2026-09-01T13:13:16.869998+00:00,22.097,0.4241,0.8,0.0,0.1284,0.2403,5235.99,1,13.2058,182.786,step
2026-09-01T13:13:16.871167+00:00,22.593,0.4265,0.0,0.15,0.1247,0.2407,5235.99,1,13.1701,182.806,step
2026-09-01T13:13:16.872333+00:00,22.433,0.429,0.0,0.15,0.1209,0.2412,5235.99,1,13.1322,182.826,step
2026-09-01T13:13:16.873469+00:00,21.98,0.4314,0.8,0.0,0.1172,0.2416,5235.99,1,13.096,182.846,step
2026-09-01T13:13:16.874590+00:00,22.476,0.4336,0.0,0.15,0.1135,0.2419,5235.99,1,13.0617,182.866,step
2026-09-01T13:13:16.875738+00:00,22.317,0.4359,0.0,0.15,0.1097,0.2423,5235.99,1,13.0254,182.886,step
2026-09-01T13:13:16.876887+00:00,21.863,0.4381,0.8,0.0,0.106,0.2426,5235.99,1,12.9907,182.906,step
2026-09-01T13:13:16.878101+00:00,22.357,0.4402,0.0,0.15,0.1023,0.2428,5235.99,1,12.9581,182.926,step
2026-09-01T13:13:16.879259+00:00,22.2,0.4424,0.0,0.15,0.0986,0.243,5235.99,1,12.9233,182.946,step
2026-09-01T13:13:16.880394+00:00,21.747,0.4444,0.8,0.0,0.0949,0.2432,5235.99,1,12.89,182.966,step
2026-09-01T13:13:16.881483+00:00,22.241,0.4463,0.0,0.15,0.0913,0.2433,5235.99,1,12.8589,182.986,step
2026-09-01T13:13:16.882569+00:00,22.084,0.4488,0.0,0.15,0.0875,0.2438,5235.99,1,12.8254,183.006,step
2026-09-01T13:13:16.883687+00:00,21.63,0.4511,0.8,0.0,0.0839,0.2442,5235.99,1,12.7937,183.026,step
2026-09-01T13:13:16.884805+00:00,22.126,0.4532,0.0,0.15,0.0803,0.2444,5235.99,1,12.764,183.046,step
2026-09-01T13:13:16.885951+00:00,21.968,0.4555,0.0,0.15,0.0765,0.2448,5235.99,1,12.7321,183.066,step
2026-09-01T13:13:16.887064+00:00,21.515,0.4576,0.8,0.0,0.0729,0.245,5235.99,1,12.7018,183.086,step
2026-09-01T13:13:16.888170+00:00,22.01,0.4595,0.0,0.15,0.0693,0.2452,5235.99,1,12.6737,183.106,step
2026-09-01T13:13:16.889316+00:00,21.852,0.4617,0.0,0.15,0.0656,0.2454,5235.99,1,12.6434,183.126,step
2026-09-01T13:13:16.890415+00:00,21.398,0.4636,0.8,0.0,0.062,0.2456,5235.99,1,12.6147,183.146,step
2026-09-01T13:13:16.891501+00:00,21.895,0.4654,0.0,0.15,0.0584,0.2455,5235.99,1,12.5881,183.166,step
2026-09-01T13:13:16.892628+00:00,21.737,0.4674,0.0,0.15,0.0548,0.2457,5235.99,1,12.5591,183.186,step
2026-09-01T13:13:16.893747+00:00,21.283,0.4693,0.0,0.15,0.0512,0.2458,5235.99,1,12.5317,183.206,step
2026-09-01T13:13:16.894816+00:00,20.839,0.471,0.8,0.0,0.0478,0.2457,5235.99,1,12.5061,183.226,step
2026-09-01T13:13:16.895921+00:00,21.33,0.4726,0.0,0.15,0.0443,0.2456,5235.99,1,12.4821,183.246,step
2026-09-01T13:13:16.897025+00:00,21.177,0.4743,0.0,0.15,0.0408,0.2456,5235.99,1,12.4559,183.266,step
2026-09-01T13:13:16.898111+00:00,20.725,0.4759,0.8,0.0,0.0373,0.2455,5235.99,1,12.4309,183.286,step
2026-09-01T13:13:16.899206+00:00,21.228,0.4774,0.0,0.15,0.0339,0.2453,5235.99,1,12.4078,183.306,step
2026-09-01T13:13:16.900292+00:00,21.065,0.4791,0.0,0.15,0.0304,0.2452,5235.99,1,12.3823,183.326,step
2026-09-01T13:13:16.901436+00:00,20.61,0.4806,0.8,0.0,0.027,0.2451,5235.99,1,12.3584,183.346,step
2026-09-01T13:13:16.902654+00:00,21.112,0.4819,0.0,0.15,0.0236,0.2448,5235.99,1,12.3365,183.366,step
2026-09-01T13:13:16.903762+00:00,20.95,0.4835,0.0,0.15,0.0202,0.2446,5235.99,1,12.3123,183.386,step
2026-09-01T13:13:16.904870+00:00,20.495,0.4849,0.8,0.0,0.0168,0.2444,5235.99,1,12.2896,183.406,step
2026-09-01T13:13:16.905935+00:00,20.996,0.4861,0.0,0.15,0.0135,0.244,5235.99,1,12.2689,183.426,step
2026-09-01T13:13:16.907011+00:00,20.834,0.4875,0.0,0.15,0.01,0.2438,5235.99,1,12.246,183.446,step
2026-09-01T13:13:16.908076+00:00,20.379,0.4888,0.8,0.0,0.0067,0.2435,5235.99,1,12.2246,183.466,step
2026-09-01T13:13:16.909131+00:00,20.882,0.49,0.0,0.15,0.0034,0.2431,5235.99,1,12.2051,183.486,step
2026-09-01T13:13:16.910263+00:00,20.72,0.4913,0.0,0.15,0.0001,0.2428,5235.99,1,12.1833,183.506,step
2026-09-01T13:13:16.911387+00:00,20.265,0.4925,0.8,0.0,-0.0032,0.2424,5235.99,1,12.163,183.526,step
2026-09-01T13:13:16.912497+00:00,20.768,0.4935,0.0,0.15,-0.0064,0.2419,5235.99,1,12.1445,183.546,step
2026-09-01T13:13:16.913622+00:00,20.605,0.4947,0.0,0.15,-0.0097,0.2415,5235.99,1,12.1236,183.566,step
2026-09-01T13:13:16.914753+00:00,20.15,0.4958,0.8,0.0,-0.0129,0.2411,5235.99,1,12.1044,183.586,step
2026-09-01T13:13:16.915827+00:00,20.654,0.4967,0.0,0.15,-0.0161,0.2406,5235.99,1,12.0871,183.606,step
2026-09-01T13:13:16.916897+00:00,20.491,0.4978,0.8,0.0,-0.0194,0.2401,5235.99,1,12.0674,183.626,step
2026-09-01T13:13:16.917994+00:00,20.998,0.4988,0.0,0.15,-0.0226,0.2396,5235.99,1,12.0496,183.646,step
2026-09-01T13:13:16.919174+00:00,20.823,0.4999,0.0,0.15,-0.0259,0.2391,5235.99,1,12.0297,183.666,step
2026-09-01T13:13:16.920269+00:00,20.366,0.5009,0.8,0.0,-0.0291,0.2386,5235.99,1,12.0115,183.686,step
2026-09-01T13:13:16.921389+00:00,20.867,0.5017,0.0,0.15,-0.0323,0.238,5235.99,1,11.9955,183.706,step
2026-09-01T13:13:16.922495+00:00,20.706,0.5027,0.0,0.15,-0.0355,0.2374,5235.99,1,11.9771,183.726,step
2026-09-01T13:13:16.923586+00:00,20.25,0.5036,0.8,0.0,-0.0386,0.2369,5235.99,1,11.9604,183.746,step
2026-09-01T13:13:16.924718+00:00,20.751,0.5042,0.0,0.15,-0.0417,0.2361,5235.99,1,11.9456,183.766,step
2026-09-01T13:13:16.925838+00:00,20.591,0.5051,0.0,0.15,-0.0449,0.2356,5235.99,1,11.9284,183.786,step
2026-09-01T13:13:16.927025+00:00,20.136,0.5059,0.8,0.0,-0.048,0.2349,5235.99,1,11.9126,183.806,step
2026-09-01T13:13:16.928151+00:00,20.64,0.5065,0.0,0.15,-0.051,0.2342,5235.99,1,11.8986,183.826,step
2026-09-01T13:13:16.929310+00:00,20.477,0.5073,0.0,0.15,-0.0541,0.2336,5235.99,1,11.8824,183.846,step
2026-09-01T13:13:16.930468+00:00,20.023,0.508,0.8,0.0,-0.0571,0.2329,5235.99,1,11.8675,183.866,step
2026-09-01T13:13:16.931621+00:00,20.528,0.5086,0.0,0.15,-0.0601,0.2321,5235.99,1,11.8544,183.886,step
2026-09-01T13:13:16.932781+00:00,20.364,0.5093,0.0,0.15,-0.0631,0.2315,5235.99,1,11.8391,183.906,step
2026-09-01T13:13:16.933921+00:00,19.909,0.51,0.8,0.0,-0.0661,0.2308,5235.99,1,11.825,183.926,step
2026-09-01T13:13:16.935132+00:00,20.414,0.5104,0.0,0.15,-0.069,0.2299,5235.99,1,11.8129,183.946,step
2026-09-01T13:13:16.936266+00:00,20.25,0.5111,0.0,0.15,-0.072,0.2293,5235.99,1,11.7983,183.966,step
2026-09-01T13:13:16.937442+00:00,19.795,0.5117,0.8,0.0,-0.0749,0.2285,5235.99,1,11.7852,183.986,step
2026-09-01T13:13:16.938600+00:00,20.3,0.5121,0.0,0.15,-0.0777,0.2277,5235.99,1,11.774,184.006,step
2026-09-01T13:13:16.939743+00:00,20.136,0.5127,0.0,0.15,-0.0806,0.227,5235.99,1,11.7604,184.026,step
2026-09-01T13:13:16.940892+00:00,19.68,0.5132,0.8,0.0,-0.0834,0.2262,5235.99,1,11.7482,184.046,step
2026-09-01T13:13:16.942047+00:00,20.187,0.5135,0.0,0.15,-0.0862,0.2253,5235.99,1,11.7378,184.066,step
2026-09-01T13:13:16.943227+00:00,20.022,0.514,0.0,0.15,-0.0891,0.2246,5235.99,1,11.725,184.086,step
2026-09-01T13:13:16.944538+00:00,19.567,0.5145,0.8,0.0,-0.0918,0.2238,5235.99,1,11.7136,184.106,step
2026-09-01T13:13:16.945701+00:00,20.074,0.5147,0.0,0.15,-0.0946,0.2229,5235.99,1,11.7039,184.126,step
2026-09-01T13:13:16.946815+00:00,19.908,0.5152,0.0,0.15,-0.0974,0.2221,5235.99,1,11.692,184.146,step
2026-09-01T13:13:16.947918+00:00,19.453,0.5156,0.8,0.0,-0.1,0.2213,5235.99,1,11.6814,184.166,step
2026-09-01T13:13:16.949008+00:00,19.96,0.5158,0.0,0.15,-0.1027,0.2204,5235.99,1,11.6727,184.186,step
2026-09-01T13:13:16.950121+00:00,19.794,0.5162,0.8,0.0,-0.1054,0.2196,5235.99,1,11.6616,184.206,step
2026-09-01T13:13:16.951338+00:00,20.304,0.5164,0.0,0.15,-0.1081,0.2186,5235.99,1,11.6524,184.226,step
2026-09-01T13:13:16.952444+00:00,20.127,0.5169,0.0,0.15,-0.1109,0.2179,5235.99,1,11.641,184.246,step
2026-09-01T13:13:16.953557+00:00,19.67,0.5172,0.8,0.0,-0.1135,0.217,5235.99,1,11.6311,184.266,step
2026-09-01T13:13:16.954693+00:00,20.175,0.5173,0.0,0.15,-0.1161,0.216,5235.99,1,11.6234,184.286,step
2026-09-01T13:13:16.955814+00:00,20.01,0.5176,0.0,0.15,-0.1188,0.2152,5235.99,1,11.6132,184.306,step
2026-09-01T13:13:16.956902+00:00,19.554,0.5179,0.8,0.0,-0.1213,0.2143,5235.99,1,11.6045,184.326,step
2026-09-01T13:13:16.957988+00:00,20.059,0.5179,0.0,0.15,-0.1239,0.2133,5235.99,1,11.5977,184.346,step
2026-09-01T13:13:16.959111+00:00,19.896,0.5182,0.0,0.15,-0.1265,0.2125,5235.99,1,11.5886,184.366,step
2026-09-01T13:13:16.960268+00:00,19.44,0.5184,0.8,0.0,-0.129,0.2116,5235.99,1,11.5806,184.386,step
2026-09-01T13:13:16.961364+00:00,19.949,0.5184,0.0,0.15,-0.1315,0.2106,5235.99,1,11.5744,184.406,step
2026-09-01T13:13:16.962476+00:00,19.782,0.5186,0.0,0.15,-0.134,0.2097,5235.99,1,11.5657,184.426,step
2026-09-01T13:13:16.963567+00:00,19.327,0.5187,0.8,0.0,-0.1364,0.2088,5235.99,1,11.5584,184.446,step
2026-09-01T13:13:16.964670+00:00,19.836,0.5187,0.0,0.15,-0.1388,0.2078,5235.99,1,11.553,184.466,step
2026-09-01T13:13:16.965744+00:00,19.668,0.5189,0.0,0.15,-0.1413,0.2069,5235.99,1,11.5451,184.486,step
2026-09-01T13:13:16.966819+00:00,19.213,0.519,0.8,0.0,-0.1437,0.206,5235.99,1,11.5385,184.506,step
2026-09-01T13:13:16.967905+00:00,19.722,0.5189,0.0,0.15,-0.146,0.2049,5235.99,1,11.5337,184.526,step
2026-09-01T13:13:16.969078+00:00,19.554,0.5191,0.8,0.0,-0.1484,0.2041,5235.99,1,11.5264,184.546,step
2026-09-01T13:13:16.970139+00:00,20.065,0.519,0.0,0.15,-0.1508,0.203,5235.99,1,11.5212,184.566,step
2026-09-01T13:13:16.971237+00:00,19.887,0.5192,0.0,0.15,-0.1532,0.2022,5235.99,1,11.5137,184.586,step
2026-09-01T13:13:16.972341+00:00,19.43,0.5192,0.8,0.0,-0.1555,0.2012,5235.99,1,11.5076,184.606,step
2026-09-01T13:13:16.973392+00:00,19.937,0.5191,0.0,0.15,-0.1578,0.2002,5235.99,1,11.5036,184.626,step
2026-09-01T13:13:16.974444+00:00,19.77,0.5192,0.0,0.15,-0.1601,0.1993,5235.99,1,11.4973,184.646,step
2026-09-01T13:13:16.975503+00:00,19.314,0.5192,0.8,0.0,-0.1623,0.1983,5235.99,1,11.4923,184.666,step
2026-09-01T13:13:16.976638+00:00,19.821,0.519,0.0,0.15,-0.1646,0.1973,5235.99,1,11.4891,184.686,step
2026-09-01T13:13:16.977701+00:00,19.656,0.519,0.0,0.15,-0.1668,0.1963,5235.99,1,11.4836,184.706,step
2026-09-01T13:13:16.978773+00:00,19.2,0.519,0.8,0.0,-0.169,0.1954,5235.99,1,11.4792,184.726,step
2026-09-01T13:13:16.979853+00:00,19.71,0.5188,0.0,0.15,-0.1712,0.1943,5235.99,1,11.4766,184.746,step
2026-09-01T13:13:16.980935+00:00,19.542,0.5188,0.8,0.0,-0.1734,0.1934,5235.99,1,11.4716,184.766,step
2026-09-01T13:13:16.981986+00:00,20.054,0.5186,0.0,0.15,-0.1755,0.1923,5235.99,1,11.4686,184.786,step
2026-09-01T13:13:16.983033+00:00,19.875,0.5186,0.0,0.15,-0.1777,0.1914,5235.99,1,11.4634,184.806,step
2026-09-01T13:13:16.984112+00:00,19.418,0.5185,0.8,0.0,-0.1799,0.1905,5235.99,1,11.4595,184.826,step
2026-09-01T13:13:16.985198+00:00,19.925,0.5183,0.0,0.15,-0.182,0.1894,5235.99,1,11.4578,184.846,step
2026-09-01T13:13:16.986455+00:00,19.759,0.5182,0.0,0.15,-0.1841,0.1885,5235.99,1,11.4536,184.866,step
2026-09-01T13:13:16.987538+00:00,19.302,0.5181,0.8,0.0,-0.1861,0.1875,5235.99,1,11.4506,184.886,step
2026-09-01T13:13:16.988660+00:00,19.808,0.5178,0.0,0.15,-0.1882,0.1864,5235.99,1,11.4496,184.906,step
2026-09-01T13:13:16.989754+00:00,19.643,0.5177,0.0,0.15,-0.1902,0.1854,5235.99,1,11.4462,184.926,step
2026-09-01T13:13:16.990846+00:00,19.188,0.5175,0.8,0.0,-0.1922,0.1845,5235.99,1,11.4439,184.946,step
2026-09-01T13:13:16.991944+00:00,19.698,0.5172,0.0,0.15,-0.1942,0.1834,5235.99,1,11.4434,184.966,step
2026-09-01T13:13:16.993080+00:00,19.53,0.5171,0.0,0.15,-0.1962,0.1825,5235.99,1,11.4403,184.986,step
2026-09-01T13:13:16.994331+00:00,19.074,0.5169,0.8,0.0,-0.1981,0.1815,5235.99,1,11.4385,185.006,step
2026-09-01T13:13:16.995454+00:00,19.585,0.5165,0.0,0.15,-0.2,0.1804,5235.99,1,11.4385,185.026,step
2026-09-01T13:13:16.996630+00:00,19.416,0.5164,0.8,0.0,-0.2019,0.1795,5235.99,1,11.4361,185.046,step
2026-09-01T13:13:16.997771+00:00,19.928,0.5161,0.0,0.15,-0.2038,0.1785,5235.99,1,11.4356,185.066,step
2026-09-01T13:13:16.998897+00:00,19.748,0.516,0.0,0.15,-0.2058,0.1776,5235.99,1,11.4328,185.086,step
2026-09-01T13:13:17.000036+00:00,19.291,0.5157,0.8,0.0,-0.2076,0.1766,5235.99,1,11.4315,185.106,step
2026-09-01T13:13:17.001226+00:00,19.799,0.5154,0.0,0.15,-0.2095,0.1755,5235.99,1,11.4323,185.126,step
2026-09-01T13:13:17.002483+00:00,19.632,0.5152,0.0,0.15,-0.2114,0.1746,5235.99,1,11.4306,185.146,step
2026-09-01T13:13:17.003651+00:00,19.175,0.5149,0.8,0.0,-0.2132,0.1736,5235.99,1,11.4301,185.166,step
2026-09-01T13:13:17.004807+00:00,19.683,0.5145,0.0,0.15,-0.2149,0.1725,5235.99,1,11.4316,185.186,step
2026-09-01T13:13:17.005973+00:00,19.516,0.5143,0.0,0.15,-0.2167,0.1716,5235.99,1,11.4306,185.206,step
2026-09-01T13:13:17.007119+00:00,19.061,0.514,0.8,0.0,-0.2185,0.1706,5235.99,1,11.4307,185.226,step
2026-09-01T13:13:17.008245+00:00,19.572,0.5136,0.0,0.15,-0.2202,0.1696,5235.99,1,11.4326,185.246,step
2026-09-01T13:13:17.009449+00:00,19.402,0.5133,0.8,0.0,-0.2219,0.1686,5235.99,1,11.432,185.266,step
2026-09-01T13:13:17.010711+00:00,19.916,0.5129,0.0,0.15,-0.2236,0.1676,5235.99,1,11.4334,185.286,step
2026-09-01T13:13:17.011900+00:00,19.735,0.5127,0.0,0.15,-0.2254,0.1667,5235.99,1,11.4324,185.306,step
2026-09-01T13:13:17.013095+00:00,19.278,0.5124,0.8,0.0,-0.2271,0.1658,5235.99,1,11.4329,185.326,step
2026-09-01T13:13:17.014250+00:00,19.786,0.512,0.0,0.15,-0.2287,0.1647,5235.99,1,11.4353,185.346,step
2026-09-01T13:13:17.015382+00:00,19.618,0.5117,0.0,0.15,-0.2304,0.1637,5235.99,1,11.4353,185.366,step
2026-09-01T13:13:17.016509+00:00,19.162,0.5113,0.8,0.0,-0.232,0.1627,5235.99,1,11.4366,185.386,step
2026-09-01T13:13:17.017624+00:00,19.669,0.5107,0.0,0.15,-0.2336,0.1616,5235.99,1,11.4397,185.406,step
2026-09-01T13:13:17.018834+00:00,19.503,0.5104,0.8,0.0,-0.2352,0.1606,5235.99,1,11.4404,185.426,step
2026-09-01T13:13:17.019986+00:00,20.015,0.5099,0.0,0.15,-0.2368,0.1596,5235.99,1,11.4429,185.446,step
2026-09-01T13:13:17.021123+00:00,19.835,0.5096,0.0,0.15,-0.2384,0.1586,5235.99,1,11.4432,185.466,step
2026-09-01T13:13:17.022271+00:00,19.378,0.5092,0.8,0.0,-0.2399,0.1577,5235.99,1,11.4449,185.486,step
2026-09-01T13:13:17.023373+00:00,19.887,0.5086,0.0,0.15,-0.2415,0.1566,5235.99,1,11.4485,185.506,step
2026-09-01T13:13:17.024501+00:00,19.719,0.5082,0.0,0.15,-0.243,0.1556,5235.99,1,11.4496,185.526,step
2026-09-01T13:13:17.025635+00:00,19.263,0.5078,0.8,0.0,-0.2445,0.1546,5235.99,1,11.4519,185.546,step
2026-09-01T13:13:17.026766+00:00,19.77,0.5072,0.0,0.15,-0.246,0.1535,5235.99,1,11.4561,185.566,step
2026-09-01T13:13:17.028028+00:00,19.604,0.5068,0.0,0.15,-0.2474,0.1526,5235.99,1,11.4577,185.586,step
2026-09-01T13:13:17.029126+00:00,19.148,0.5064,0.8,0.0,-0.2489,0.1516,5235.99,1,11.4604,185.606,step
2026-09-01T13:13:17.030224+00:00,19.658,0.5058,0.0,0.15,-0.2503,0.1506,5235.99,1,11.4648,185.626,step
2026-09-01T13:13:17.031320+00:00,19.489,0.5054,0.8,0.0,-0.2517,0.1497,5235.99,1,11.4667,185.646,step
2026-09-01T13:13:17.032435+00:00,20.002,0.5049,0.0,0.15,-0.2531,0.1486,5235.99,1,11.4705,185.666,step
2026-09-01T13:13:17.033522+00:00,19.822,0.5045,0.0,0.15,-0.2545,0.1477,5235.99,1,11.472,185.686,step
2026-09-01T13:13:17.034626+00:00,19.365,0.5041,0.8,0.0,-0.2559,0.1468,5235.99,1,11.4749,185.706,step
2026-09-01T13:13:17.035829+00:00,19.872,0.5035,0.0,0.15,-0.2572,0.1458,5235.99,1,11.4798,185.726,step
2026-09-01T13:13:17.036941+00:00,19.704,0.5031,0.0,0.15,-0.2586,0.1448,5235.99,1,11.4822,185.746,step
2026-09-01T13:13:17.038046+00:00,19.249,0.5026,0.8,0.0,-0.2599,0.1439,5235.99,1,11.4858,185.766,step
2026-09-01T13:13:17.039121+00:00,19.755,0.502,0.0,0.15,-0.2611,0.1429,5235.99,1,11.4913,185.786,step
2026-09-01T13:13:17.040192+00:00,19.589,0.5016,0.8,0.0,-0.2625,0.142,5235.99,1,11.4942,185.806,step
2026-09-01T13:13:17.041236+00:00,20.1,0.501,0.0,0.15,-0.2637,0.1409,5235.99,1,11.4992,185.826,step
2026-09-01T13:13:17.042332+00:00,19.921,0.5006,0.0,0.15,-0.265,0.1401,5235.99,1,11.5017,185.846,step
2026-09-01T13:13:17.043390+00:00,19.464,0.5001,0.8,0.0,-0.2663,0.1392,5235.99,1,11.5055,185.866,step
2026-09-01T13:13:17.044508+00:00,19.972,0.4995,0.0,0.15,-0.2675,0.1382,5235.99,1,11.5113,185.886,step
2026-09-01T13:13:17.045574+00:00,19.804,0.4991,0.0,0.15,-0.2687,0.1373,5235.99,1,11.5145,185.906,step
2026-09-01T13:13:17.046680+00:00,19.348,0.4986,0.8,0.0,-0.2699,0.1364,5235.99,1,11.5189,185.926,step
2026-09-01T13:13:17.047765+00:00,19.854,0.498,0.0,0.15,-0.2711,0.1354,5235.99,1,11.5252,185.946,step
2026-09-01T13:13:17.048849+00:00,19.689,0.4975,0.8,0.0,-0.2722,0.1345,5235.99,1,11.5289,185.966,step
2026-09-01T13:13:17.049889+00:00,20.199,0.4969,0.0,0.15,-0.2734,0.1335,5235.99,1,11.5346,185.986,step
2026-09-01T13:13:17.050977+00:00,20.02,0.4965,0.0,0.15,-0.2746,0.1327,5235.99,1,11.5379,186.006,step
2026-09-01T13:13:17.052138+00:00,19.564,0.496,0.8,0.0,-0.2757,0.1318,5235.99,1,11.5423,186.026,step
2026-09-01T13:13:17.053242+00:00,20.071,0.4954,0.0,0.15,-0.2768,0.1308,5235.99,1,11.5491,186.046,step
2026-09-01T13:13:17.054347+00:00,19.903,0.4949,0.0,0.15,-0.2779,0.13,5235.99,1,11.5544,186.066,step
2026-09-01T13:13:17.055466+00:00,19.447,0.4944,0.8,0.0,-0.279,0.1291,5235.99,1,11.5624,186.086,step
2026-09-01T13:13:17.056543+00:00,19.953,0.4938,0.0,0.15,-0.28,0.1281,5235.99,1,11.5737,186.106,step
2026-09-01T13:13:17.057653+00:00,19.788,0.4933,0.8,0.0,-0.2811,0.1273,5235.99,1,11.584,186.126,step
2026-09-01T13:13:17.058741+00:00,20.298,0.4927,0.0,0.15,-0.2821,0.1264,5235.99,1,11.598,186.146,step
2026-09-01T13:13:17.059855+00:00,20.119,0.4923,0.0,0.15,-0.2832,0.1256,5235.99,1,11.6113,186.166,step
2026-09-01T13:13:17.061022+00:00,19.663,0.4918,0.8,0.0,-0.2842,0.1248,5235.99,1,11.6274,186.186,step
2026-09-01T13:13:17.062110+00:00,20.169,0.4912,0.0,0.15,-0.2852,0.1238,5235.99,1,11.6475,186.206,step
2026-09-01T13:13:17.063286+00:00,20.002,0.4907,0.8,0.0,-0.2862,0.123,5235.99,1,11.6667,186.226,step
2026-09-01T13:13:17.064442+00:00,20.508,0.4901,0.0,0.15,-0.2872,0.1221,5235.99,1,11.6904,186.246,step
2026-09-01T13:13:17.065550+00:00,20.333,0.4896,0.0,0.15,-0.2882,0.1213,5235.99,1,11.7135,186.266,step
2026-09-01T13:13:17.066677+00:00,19.876,0.4891,0.8,0.0,-0.2891,0.1205,5235.99,1,11.7397,186.286,step
2026-09-01T13:13:17.067811+00:00,20.38,0.4885,0.0,0.15,-0.2901,0.1195,5235.99,1,11.7705,186.306,step
2026-09-01T13:13:17.068982+00:00,20.216,0.488,0.8,0.0,-0.291,0.1187,5235.99,1,11.8006,186.326,step
2026-09-01T13:13:17.070210+00:00,20.722,0.4874,0.0,0.15,-0.2919,0.1178,5235.99,1,11.8356,186.346,step
2026-09-01T13:13:17.071362+00:00,20.547,0.4869,0.0,0.15,-0.2929,0.1171,5235.99,1,11.8705,186.366,step
2026-09-01T13:13:17.072553+00:00,20.09,0.4864,0.8,0.0,-0.2938,0.1163,5235.99,1,11.9087,186.386,step
2026-09-01T13:13:17.073688+00:00,20.594,0.4858,0.0,0.15,-0.2946,0.1154,5235.99,1,11.9521,186.406,step
2026-09-01T13:13:17.074813+00:00,20.429,0.4853,0.8,0.0,-0.2955,0.1146,5235.99,1,11.9954,186.426,step
2026-09-01T13:13:17.075960+00:00,20.935,0.4847,0.0,0.15,-0.2964,0.1137,5235.99,1,12.0443,186.446,step
2026-09-01T13:13:17.077203+00:00,20.76,0.4842,0.8,0.0,-0.2973,0.113,5235.99,1,12.0935,186.466,step
2026-09-01T13:13:17.078373+00:00,21.267,0.4836,0.0,0.15,-0.2981,0.1121,5235.99,1,12.149,186.486,step
2026-09-01T13:13:17.079513+00:00,21.091,0.4832,0.0,0.15,-0.299,0.1114,5235.99,1,12.2051,186.506,step
2026-09-01T13:13:17.080743+00:00,20.635,0.4827,0.8,0.0,-0.2998,0.1106,5235.99,1,12.2654,186.526,step
2026-09-01T13:13:17.081888+00:00,21.132,0.482,0.8,0.0,-0.3006,0.1097,5235.99,1,12.3329,186.546,step
2026-09-01T13:13:17.083002+00:00,21.841,0.4811,0.0,0.15,-0.3015,0.1086,5235.99,1,12.4096,186.566,step
2026-09-01T13:13:17.084148+00:00,21.696,0.4806,0.0,0.15,-0.3023,0.1078,5235.99,1,12.4831,186.586,step
2026-09-01T13:13:17.085362+00:00,21.238,0.48,0.8,0.0,-0.3031,0.1071,5235.99,1,12.5601,186.606,step
2026-09-01T13:13:17.086492+00:00,21.737,0.4793,0.8,0.0,-0.3039,0.1061,5235.99,1,12.646,186.626,step
2026-09-01T13:13:17.087614+00:00,22.449,0.4784,0.0,0.15,-0.3047,0.105,5235.99,1,12.743,186.646,step
2026-09-01T13:13:17.088769+00:00,22.298,0.4779,0.0,0.15,-0.3055,0.1043,5235.99,1,12.8372,186.666,step
2026-09-01T13:13:17.089895+00:00,21.84,0.4773,0.8,0.0,-0.3063,0.1035,5235.99,1,12.936,186.686,step
2026-09-01T13:13:17.091024+00:00,22.332,0.4766,0.8,0.0,-0.307,0.1026,5235.99,1,13.0457,186.706,step
2026-09-01T13:13:17.092122+00:00,23.042,0.4756,0.0,0.15,-0.3078,0.1015,5235.99,1,13.1698,186.726,step
2026-09-01T13:13:17.093343+00:00,22.899,0.4751,0.8,0.0,-0.3086,0.1007,5235.99,1,13.2918,186.746,step
2026-09-01T13:13:17.094481+00:00,23.4,0.4745,0.8,0.0,-0.3093,0.0998,5235.99,1,13.4236,186.766,step
2026-09-01T13:13:17.095587+00:00,24.116,0.4736,0.0,0.15,-0.3101,0.0988,5235.99,1,13.5728,186.786,step
2026-09-01T13:13:17.096760+00:00,23.948,0.4732,0.8,0.0,-0.3109,0.0981,5235.99,1,13.7211,186.806,step
2026-09-01T13:13:17.097867+00:00,24.437,0.4725,0.0,0.15,-0.3117,0.0973,5235.99,1,13.8837,186.826,step
2026-09-01T13:13:17.098988+00:00,24.273,0.472,0.8,0.0,-0.3124,0.0965,5235.99,1,14.0542,186.846,step
2026-09-01T13:13:17.100083+00:00,24.752,0.4713,0.15,0.0,-0.3131,0.0956,5235.99,1,14.2424,186.866,step
2026-09-01T13:13:17.101230+00:00,25.087,0.4709,0.15,0.0,-0.3139,0.095,5235.99,1,14.437,186.886,step
2026-09-01T13:13:17.102355+00:00,25.196,0.4711,0.15,0.0,-0.3146,0.0948,5235.99,1,14.6217,186.906,step
2026-09-01T13:13:17.103485+00:00,25.305,0.4713,0.15,0.0,-0.3152,0.0947,5235.99,1,14.8193,186.926,step
2026-09-01T13:13:17.104580+00:00,25.416,0.4714,0.15,0.0,-0.3159,0.0946,5235.99,1,15.0315,186.946,step
2026-09-01T13:13:17.105664+00:00,25.527,0.4716,0.15,0.0,-0.3165,0.0944,5235.99,1,15.2588,186.966,step
2026-09-01T13:13:17.106716+00:00,25.637,0.4717,0.15,0.0,-0.3172,0.0942,5235.99,1,15.5027,186.986,step
2026-09-01T13:13:17.107786+00:00,25.748,0.4718,0.15,0.0,-0.3178,0.094,5235.99,1,15.764,187.006,step
2026-09-01T13:13:17.108870+00:00,25.86,0.4719,0.15,0.0,-0.3185,0.0939,5235.99,1,16.0435,187.026,step
2026-09-01T13:13:17.110000+00:00,25.971,0.472,0.15,0.0,-0.3191,0.0937,5235.99,1,16.343,187.046,step
2026-09-01T13:13:17.111107+00:00,26.081,0.4721,0.15,0.0,-0.3197,0.0935,5235.99,1,16.6641,187.066,step
2026-09-01T13:13:17.112213+00:00,26.192,0.4722,0.15,0.0,-0.3204,0.0933,5235.99,1,17.0089,187.086,step
2026-09-01T13:13:17.113317+00:00,26.303,0.4723,0.15,0.0,-0.321,0.0932,5235.99,1,17.3795,187.106,step
2026-09-01T13:13:17.114410+00:00,26.414,0.4724,0.15,0.0,-0.3217,0.093,5235.99,1,17.7785,187.126,step
2026-09-01T13:13:17.115497+00:00,26.525,0.4725,0.15,0.0,-0.3223,0.0928,5235.99,1,18.2089,187.146,step
2026-09-01T13:13:17.116589+00:00,26.635,0.4726,0.15,0.0,-0.323,0.0926,5235.99,1,18.6748,187.166,step
2026-09-01T13:13:17.117685+00:00,26.745,0.4727,0.15,0.0,-0.3236,0.0924,5235.99,1,19.1795,187.186,step
2026-09-01T13:13:17.118956+00:00,26.855,0.4728,0.15,0.0,-0.3243,0.0922,5235.99,1,19.7272,187.206,step
2026-09-01T13:13:17.120060+00:00,26.966,0.4728,0.15,0.0,-0.3249,0.092,5235.99,1,20.3226,187.226,step
2026-09-01T13:13:17.121174+00:00,27.076,0.4729,0.15,0.0,-0.3255,0.0918,5235.99,1,20.9713,187.246,step
2026-09-01T13:13:17.122324+00:00,27.186,0.473,0.15,0.0,-0.3262,0.0916,5235.99,1,21.6801,187.266,step
2026-09-01T13:13:17.123441+00:00,27.296,0.473,0.15,0.0,-0.3268,0.0914,5235.99,1,22.4565,187.286,step
2026-09-01T13:13:17.124562+00:00,27.406,0.4731,0.15,0.0,-0.3274,0.0911,5235.99,1,23.3097,187.306,step
2026-09-01T13:13:17.125689+00:00,27.517,0.4732,0.15,0.0,-0.3281,0.0909,5235.99,1,24.25,187.326,step
2026-09-01T13:13:17.126883+00:00,27.628,0.4732,0.15,0.0,-0.3287,0.0907,5235.99,1,25.2884,187.346,step
2026-09-01T13:13:17.128017+00:00,27.739,0.4733,0.15,0.0,-0.3294,0.0905,5235.99,1,26.4394,187.366,step
2026-09-01T13:13:17.129175+00:00,27.849,0.4734,0.15,0.0,-0.33,0.0904,5235.99,1,27.7231,187.386,step
2026-09-01T13:13:17.130328+00:00,27.959,0.4735,0.15,0.0,-0.3306,0.0902,5235.99,1,29.166,187.406,step
2026-09-01T13:13:17.131478+00:00,28.068,0.4736,0.15,0.0,-0.3313,0.09,5235.99,1,30.8017,187.426,step
2026-09-01T13:13:17.132612+00:00,28.177,0.4736,0.15,0.0,-0.3319,0.0897,5235.99,1,32.6674,187.446,step
2026-09-01T13:13:17.133755+00:00,28.287,0.4736,0.15,0.0,-0.3325,0.0895,5235.99,1,34.8092,187.466,step
2026-09-01T13:13:17.134917+00:00,28.397,0.4736,0.15,0.0,-0.3332,0.0892,5235.99,1,37.2889,187.486,step
2026-09-01T13:13:17.136148+00:00,28.508,0.4736,0.15,0.0,-0.3338,0.0889,5235.99,1,40.1878,187.506,step
2026-09-01T13:13:17.137331+00:00,28.618,0.4736,0.15,0.0,-0.3344,0.0887,5235.99,1,43.6174,187.526,step
2026-09-01T13:13:17.138474+00:00,28.728,0.2679,0.8,0.0,-0.335,0.0837,5235.99,1,47.7328,187.546,step
2026-09-01T13:13:17.139635+00:00,29.296,0.2601,0.8,0.0,-0.3356,0.0769,5235.99,1,51.8714,187.566,step
2026-09-01T13:13:17.140757+00:00,30.026,0.2544,0.8,0.0,-0.3363,0.0719,5235.99,1,55.456,187.586,step
2026-09-01T13:13:17.141864+00:00,30.77,0.2489,0.8,0.0,-0.3372,0.0669,5254.52,1,59.4939,187.606,step
2026-09-01T13:13:17.143005+00:00,31.513,0.2433,0.8,0.0,-0.338,0.0619,5347.12,1,64.231,187.626,step
2026-09-01T13:13:17.144206+00:00,32.255,0.2376,0.8,0.0,-0.3388,0.0569,5478.05,1,69.8172,187.646,step
2026-09-01T13:13:17.145350+00:00,33.002,0.2319,0.8,0.0,-0.3395,0.0518,5645.54,1,76.529,187.666,step
2026-09-01T13:13:17.146515+00:00,33.76,0.2261,0.8,0.0,-0.3402,0.0467,5854.61,1,84.821,187.686,step
2026-09-01T13:13:17.147655+00:00,34.496,0.2201,0.8,0.0,-0.3407,0.0414,6207.56,1,95.4972,187.706,step
2026-09-01T13:13:17.148793+00:00,35.257,0.2138,0.8,0.0,-0.3412,0.036,6640.79,1,109.785,187.726,step
2026-09-01T13:13:17.149926+00:00,36.051,0.2072,0.8,0.0,-0.3415,0.0304,7166.56,1,129.991,187.746,step
2026-09-01T13:13:17.151079+00:00,36.868,0.2004,0.8,0.0,-0.3418,0.0246,7846.59,1,160.714,187.766,step
2026-09-01T13:13:17.152282+00:00,37.704,0.1932,0.8,0.0,-0.3419,0.0185,8750.21,1,200.0,187.786,step
2026-09-01T13:13:17.153503+00:00,38.559,0.1857,0.8,0.0,-0.342,0.0122,9928.68,1,200.0,187.806,step
2026-09-01T13:13:17.154659+00:00,39.434,0.1778,0.8,0.0,-0.342,0.0056,11117.7,1,200.0,187.826,step
2026-09-01T13:13:17.155871+00:00,40.328,0.1694,0.8,0.0,-0.3419,-0.0013,12245.7,1,200.0,187.846,step
2026-09-01T13:13:17.157055+00:00,41.236,0.1607,0.8,0.0,-0.3417,-0.0085,13330.4,1,200.0,187.866,step
2026-09-01T13:13:17.158245+00:00,42.157,0.1515,0.8,0.0,-0.3413,-0.016,14410.0,1,200.0,187.886,step
2026-09-01T13:13:17.159466+00:00,43.089,0.1418,0.8,0.0,-0.3409,-0.0238,15488.6,1,200.0,187.906,step
2026-09-01T13:13:17.160716+00:00,44.032,0.1317,0.8,0.0,-0.3403,-0.032,16566.1,1,200.0,187.926,step
2026-09-01T13:13:17.161862+00:00,44.984,0.121,0.8,0.0,-0.3396,-0.0406,17631.2,1,197.959,187.946,step
2026-09-01T13:13:17.163042+00:00,45.939,0.1099,0.8,0.0,-0.3387,-0.0496,18664.4,1,162.089,187.966,step
2026-09-01T13:13:17.164212+00:00,46.895,0.0981,0.8,0.0,-0.3376,-0.0589,19598.8,1,136.272,187.986,step
2026-09-01T13:13:17.165347+00:00,47.847,0.0858,0.8,0.0,-0.3364,-0.0687,19592.6,1,116.863,188.006,step
2026-09-01T13:13:17.166447+00:00,48.796,0.0729,0.8,0.0,-0.335,-0.0788,19609.0,1,101.753,188.026,step
2026-09-01T13:13:17.167541+00:00,49.74,0.0595,0.8,0.0,-0.3333,-0.0893,19575.2,1,89.669,188.046,step
2026-09-01T13:13:17.168658+00:00,50.68,0.0454,0.8,0.0,-0.3315,-0.1003,19539.7,2,79.8108,188.066,step
2026-09-01T13:13:17.169786+00:00,51.605,0.0308,0.8,0.0,-0.3293,-0.1115,14392.7,2,71.65,188.086,step
2026-09-01T13:13:17.170865+00:00,52.49,0.0157,0.8,0.0,-0.3269,-0.1231,14371.7,2,64.8454,188.106,step
2026-09-01T13:13:17.171943+00:00,53.337,0.0005,0.8,0.0,-0.3241,-0.1347,9578.32,2,59.1799,188.126,step
2026-09-01T13:13:17.172985+00:00,54.163,-0.0146,0.8,0.0,-0.321,-0.1459,9948.93,2,54.5068,188.146,step
2026-09-01T13:13:17.174032+00:00,54.989,-0.0296,0.8,0.0,-0.3174,-0.1569,10267.5,2,50.5748,188.166,step
2026-09-01T13:13:17.175090+00:00,55.777,-0.0446,0.8,0.0,-0.3133,-0.1677,10648.9,2,47.2081,188.186,step
2026-09-01T13:13:17.176146+00:00,56.546,-0.2597,0.0,0.15,-0.3089,-0.1784,11054.1,2,44.2505,188.206,step
2026-09-01T13:13:17.177250+00:00,57.129,-0.2729,0.0,0.15,-0.3041,-0.1875,8974.38,2,41.9866,188.226,step
2026-09-01T13:13:17.178300+00:00,57.498,-0.2804,0.0,0.15,-0.2992,-0.1917,7253.92,2,40.9224,188.246,step
2026-09-01T13:13:17.179366+00:00,57.381,-0.2812,0.0,0.15,-0.2938,-0.1901,6516.68,2,41.0891,188.266,step
2026-09-01T13:13:17.180409+00:00,56.917,-0.2765,0.0,0.15,-0.2878,-0.1837,6454.69,2,42.2962,188.286,step
2026-09-01T13:13:17.181436+00:00,56.458,-0.2693,0.0,0.15,-0.2815,-0.175,6415.39,2,44.1594,188.306,step
2026-09-01T13:13:17.182480+00:00,56.001,-0.0611,0.8,0.0,-0.2749,-0.1654,6366.76,2,46.45,188.326,step
2026-09-01T13:13:17.183503+00:00,56.274,-0.0556,0.8,0.0,-0.2683,-0.1581,7012.98,2,48.3405,188.346,step
2026-09-01T13:13:17.184578+00:00,56.952,-0.0551,0.8,0.0,-0.2612,-0.1547,7215.57,2,49.0977,188.366,step
2026-09-01T13:13:17.185754+00:00,57.7,-0.0562,0.8,0.0,-0.2538,-0.1526,7319.31,2,49.4948,188.386,step
2026-09-01T13:13:17.186804+00:00,58.485,-0.0576,0.8,0.0,-0.2462,-0.1506,7368.94,2,49.8504,188.406,step
2026-09-01T13:13:17.187885+00:00,59.279,-0.0589,0.8,0.0,-0.2385,-0.1484,7412.11,2,50.2431,188.426,step
2026-09-01T13:13:17.188945+00:00,60.061,-0.0601,0.8,0.0,-0.2308,-0.1462,7484.89,2,50.6746,188.446,step
2026-09-01T13:13:17.189985+00:00,60.83,-0.0613,0.8,0.0,-0.223,-0.144,7596.78,2,51.139,188.466,step
2026-09-01T13:13:17.191023+00:00,61.589,-0.0624,0.8,0.0,-0.2152,-0.1416,7750.26,2,51.6463,188.486,step
2026-09-01T13:13:17.192086+00:00,62.352,-0.0633,0.8,0.0,-0.2074,-0.1392,7930.04,2,52.2219,188.506,step
2026-09-01T13:13:17.193180+00:00,63.128,-0.064,0.8,0.0,-0.1996,-0.1365,8122.55,2,52.8922,188.526,step
2026-09-01T13:13:17.194239+00:00,63.922,-0.0644,0.8,0.0,-0.1918,-0.1336,8322.36,2,53.6767,188.546,step
2026-09-01T13:13:17.195283+00:00,64.734,-0.0646,0.8,0.0,-0.184,-0.1305,8529.43,2,54.5841,188.566,step
2026-09-01T13:13:17.196341+00:00,65.563,-0.0645,0.8,0.0,-0.1763,-0.1272,8750.48,2,55.6293,188.586,step
2026-09-01T13:13:17.197397+00:00,66.407,-0.0641,0.8,0.0,-0.1686,-0.1237,8989.54,2,56.8309,188.606,step
2026-09-01T13:13:17.198441+00:00,67.266,-0.0635,0.8,0.0,-0.161,-0.12,9251.7,2,58.2007,188.626,step
2026-09-01T13:13:17.199473+00:00,68.138,-0.0626,0.8,0.0,-0.1535,-0.1161,9540.73,2,59.76,188.646,step
2026-09-01T13:13:17.200530+00:00,69.02,-0.0613,0.8,0.0,-0.146,-0.1119,9818.9,2,61.5538,188.666,step
2026-09-01T13:13:17.201707+00:00,69.908,-0.0598,0.8,0.0,-0.1385,-0.1076,10081.0,2,63.6227,188.686,step
2026-09-01T13:13:17.202822+00:00,70.799,-0.058,0.8,0.0,-0.1312,-0.103,10332.0,2,66.0172,188.706,step
2026-09-01T13:13:17.203940+00:00,71.692,-0.0558,0.8,0.0,-0.1239,-0.0982,10575.3,2,68.8054,188.726,step
2026-09-01T13:13:17.205027+00:00,72.585,-0.0533,0.8,0.0,-0.1168,-0.0931,10812.6,2,72.0709,188.746,step
2026-09-01T13:13:17.206114+00:00,73.478,-0.0505,0.8,0.0,-0.1098,-0.0878,11044.1,2,75.9241,188.766,step
2026-09-01T13:13:17.207189+00:00,74.371,-0.0473,0.8,0.0,-0.1028,-0.0823,11269.2,2,80.5138,188.786,step
2026-09-01T13:13:17.208276+00:00,75.266,-0.0438,0.8,0.0,-0.0961,-0.0765,11486.7,2,86.0531,188.806,step
2026-09-01T13:13:17.209396+00:00,76.161,-0.0398,0.8,0.0,-0.0895,-0.0705,11695.7,2,92.851,188.826,step
2026-09-01T13:13:17.210514+00:00,77.058,-0.0355,0.8,0.0,-0.0831,-0.0642,11895.6,2,101.337,188.846,step
2026-09-01T13:13:17.211666+00:00,77.955,-0.0308,0.8,0.0,-0.0769,-0.0577,12089.6,2,112.131,188.866,step
2026-09-01T13:13:17.212783+00:00,78.85,-0.0257,0.8,0.0,-0.0708,-0.0509,12278.4,2,126.257,188.886,step
2026-09-01T13:13:17.213906+00:00,79.747,-0.0202,0.8,0.0,-0.0651,-0.0439,12458.7,2,145.456,188.906,step
2026-09-01T13:13:17.215006+00:00,80.645,-0.0144,0.8,0.0,-0.0595,-0.0368,12630.5,3,172.825,188.926,step
2026-09-01T13:13:17.216145+00:00,81.528,-0.0084,0.8,0.0,-0.0542,-0.0296,9986.55,3,200.0,188.946,step
2026-09-01T13:13:17.217297+00:00,82.209,-0.0036,0.8,0.0,-0.0494,-0.0235,9989.4,3,200.0,188.966,step
2026-09-01T13:13:17.218455+00:00,82.27,-0.002,0.8,0.0,-0.0453,-0.0205,7530.41,3,200.0,188.986,step
2026-09-01T13:13:17.219697+00:00,82.62,-0.0021,0.8,0.0,-0.0419,-0.0192,7960.5,3,200.0,189.006,step
2026-09-01T13:13:17.220865+00:00,83.224,-0.0024,0.8,0.0,-0.039,-0.0183,8064.23,3,200.0,189.026,step
2026-09-01T13:13:17.222024+00:00,83.867,-0.0027,0.8,0.0,-0.0364,-0.0174,8121.57,3,200.0,189.046,step
2026-09-01T13:13:17.223168+00:00,84.521,-0.003,0.8,0.0,-0.0342,-0.0168,8171.14,3,200.0,189.066,step
2026-09-01T13:13:17.224353+00:00,85.177,-0.0035,0.8,0.0,-0.0322,-0.0163,8222.62,3,200.0,189.086,step
2026-09-01T13:13:17.225510+00:00,85.835,-0.004,0.8,0.0,-0.0303,-0.016,8279.11,3,200.0,189.106,step
2026-09-01T13:13:17.226683+00:00,86.494,-0.0045,0.8,0.0,-0.0287,-0.0157,8341.03,3,200.0,189.126,step
2026-09-01T13:13:17.227938+00:00,87.154,-0.005,0.8,0.0,-0.0271,-0.0155,8407.41,3,200.0,189.146,step
2026-09-01T13:13:17.229087+00:00,87.818,-0.0054,0.8,0.0,-0.0256,-0.0152,8476.68,3,200.0,189.166,step
2026-09-01T13:13:17.230251+00:00,88.46,-0.0058,0.8,0.0,-0.0242,-0.0149,8589.37,3,200.0,189.186,step
2026-09-01T13:13:17.231416+00:00,89.129,-0.006,0.8,0.0,-0.0228,-0.0145,8676.23,3,200.0,189.206,step
2026-09-01T13:13:17.232566+00:00,89.82,-0.0062,0.8,0.0,-0.0215,-0.0141,8738.6,3,200.0,189.226,step
2026-09-01T13:13:17.233688+00:00,90.52,-0.0064,0.8,0.0,-0.0203,-0.0137,8795.85,3,200.0,189.246,step
2026-09-01T13:13:17.234842+00:00,91.225,-0.0065,0.8,0.0,-0.019,-0.0133,8851.62,3,200.0,189.266,step
2026-09-01T13:13:17.236095+00:00,91.933,-0.0066,0.8,0.0,-0.0178,-0.013,8910.01,3,200.0,189.286,step
2026-09-01T13:13:17.237312+00:00,92.641,-0.0067,0.8,0.0,-0.0167,-0.0126,8973.71,3,200.0,189.306,step
2026-09-01T13:13:17.238460+00:00,93.35,-0.0068,0.8,0.0,-0.0156,-0.0121,9043.44,3,200.0,189.326,step
2026-09-01T13:13:17.239639+00:00,94.062,-0.0068,0.8,0.0,-0.0145,-0.0117,9118.48,3,200.0,189.346,step
2026-09-01T13:13:17.240827+00:00,94.777,-0.0068,0.8,0.0,-0.0134,-0.0113,9197.94,3,200.0,189.366,step
2026-09-01T13:13:17.241979+00:00,95.496,-0.0068,0.15,0.0,-0.0124,-0.0108,9281.06,3,200.0,189.386,step
2026-09-01T13:13:17.243156+00:00,95.849,-0.0068,0.15,0.0,-0.0114,-0.0104,8789.56,3,200.0,189.406,step
2026-09-01T13:13:17.244401+00:00,95.873,-0.0068,0.15,0.0,-0.0105,-0.0101,8790.85,3,200.0,189.426,step
2026-09-01T13:13:17.245571+00:00,95.899,-0.0068,0.15,0.0,-0.0096,-0.0097,8794.25,3,200.0,189.446,step
2026-09-01T13:13:17.246727+00:00,95.924,-0.0068,0.15,0.0,-0.0087,-0.0093,8798.91,3,200.0,189.466,step
2026-09-01T13:13:17.247898+00:00,95.952,-0.0067,0.15,0.0,-0.0079,-0.0089,8800.73,3,200.0,189.486,step
2026-09-01T13:13:17.249037+00:00,95.979,-0.0066,0.15,0.0,-0.0071,-0.0085,8802.21,3,200.0,189.506,step
2026-09-01T13:13:17.250193+00:00,96.005,-0.0065,0.15,0.0,-0.0063,-0.0081,8804.01,3,200.0,189.526,step
2026-09-01T13:13:17.251412+00:00,96.032,-0.0064,0.15,0.0,-0.0056,-0.0077,8805.99,3,200.0,189.546,step
2026-09-01T13:13:17.252680+00:00,96.058,-0.0063,0.15,0.0,-0.005,-0.0073,8808.03,3,200.0,189.566,step
2026-09-01T13:13:17.253826+00:00,96.084,-0.0062,0.15,0.0,-0.0043,-0.0069,8810.21,3,200.0,189.586,step
2026-09-01T13:13:17.255036+00:00,96.111,-0.006,0.15,0.0,-0.0037,-0.0066,8812.52,3,200.0,189.606,step
2026-09-01T13:13:17.256220+00:00,96.136,-0.0059,0.15,0.0,-0.0031,-0.0062,8814.96,3,200.0,189.626,step
2026-09-01T13:13:17.257390+00:00,96.163,-0.0058,0.15,0.0,-0.0026,-0.0059,8817.53,3,200.0,189.646,step
2026-09-01T13:13:17.258566+00:00,96.189,-0.0057,0.15,0.0,-0.0021,-0.0056,8820.09,3,200.0,189.666,step
2026-09-01T13:13:17.259739+00:00,96.215,-0.0055,0.15,0.0,-0.0016,-0.0052,8822.57,3,200.0,189.686,step
2026-09-01T13:13:17.261103+00:00,96.241,-0.0053,0.15,0.0,-0.0011,-0.0049,8824.98,3,200.0,189.706,step
2026-09-01T13:13:17.262322+00:00,96.267,-0.0052,0.15,0.0,-0.0007,-0.0046,8827.34,3,200.0,189.726,step
2026-09-01T13:13:17.263490+00:00,96.293,-0.0051,0.15,0.0,-0.0003,-0.0043,8830.07,3,200.0,189.746,step
2026-09-01T13:13:17.264691+00:00,96.319,-0.0049,0.15,0.0,0.0001,-0.0041,8832.25,3,200.0,189.766,step
2026-09-01T13:13:17.265864+00:00,96.345,-0.0048,0.15,0.0,0.0005,-0.0038,8834.5,3,200.0,189.786,step
2026-09-01T13:13:17.267026+00:00,96.371,-0.0046,0.15,0.0,0.0008,-0.0035,8836.75,3,200.0,189.806,step
2026-09-01T13:13:17.268205+00:00,96.397,-0.0044,0.15,0.0,0.0011,-0.0032,8839.02,3,200.0,189.826,step
2026-09-01T13:13:17.269475+00:00,96.422,-0.0042,0.15,0.0,0.0014,-0.003,8841.32,3,200.0,189.846,step
2026-09-01T13:13:17.270660+00:00,96.448,-0.0041,0.15,0.0,0.0016,-0.0027,8843.64,3,200.0,189.866,step
2026-09-01T13:13:17.271810+00:00,96.474,-0.0039,0.15,0.0,0.0019,-0.0025,8845.99,3,200.0,189.886,step
2026-09-01T13:13:17.272984+00:00,96.499,-0.0038,0.15,0.0,0.0021,-0.0023,8848.32,3,200.0,189.906,step
2026-09-01T13:13:17.274182+00:00,96.525,-0.0036,0.15,0.0,0.0023,-0.0021,8850.63,3,200.0,189.926,step
2026-09-01T13:13:17.275359+00:00,96.55,-0.0034,0.15,0.0,0.0025,-0.0018,8852.93,3,200.0,189.946,step
2026-09-01T13:13:17.276507+00:00,96.575,-0.0033,0.15,0.0,0.0026,-0.0016,8855.24,3,200.0,189.966,step
2026-09-01T13:13:17.277874+00:00,96.6,-0.0032,0.15,0.0,0.0028,-0.0015,8857.55,3,200.0,189.986,step
2026-09-01T13:13:17.279075+00:00,96.625,-0.003,0.15,0.0,0.0029,-0.0013,8859.5,3,200.0,190.006,step
2026-09-01T13:13:17.280254+00:00,96.65,-0.0029,0.15,0.0,0.003,-0.0011,8861.39,3,200.0,190.026,step
2026-09-01T13:13:17.281418+00:00,96.675,-0.0027,0.15,0.0,0.0031,-0.001,8863.76,3,200.0,190.046,step
2026-09-01T13:13:17.282586+00:00,96.7,-0.0026,0.15,0.0,0.0032,-0.0008,8866.32,3,200.0,190.066,step
2026-09-01T13:13:17.283741+00:00,96.724,-0.0024,0.15,0.0,0.0032,-0.0006,8868.84,3,200.0,190.086,step
2026-09-01T13:13:17.284924+00:00,96.749,-0.0022,0.15,0.0,0.0033,-0.0005,8871.23,3,200.0,190.106,step
2026-09-01T13:13:17.286176+00:00,96.773,-0.0021,0.15,0.0,0.0033,-0.0004,8873.54,3,200.0,190.126,step
2026-09-01T13:13:17.287345+00:00,96.798,-0.002,0.15,0.0,0.0034,-0.0003,8875.79,3,200.0,190.146,step
2026-09-01T13:13:17.288509+00:00,96.823,-0.0019,0.15,0.0,0.0034,-0.0001,8878.01,3,200.0,190.166,step
2026-09-01T13:13:17.289693+00:00,96.847,-0.0017,0.15,0.0,0.0034,-0.0,8880.1,3,200.0,190.186,step
2026-09-01T13:13:17.290906+00:00,96.871,-0.0016,0.15,0.0,0.0034,0.0001,8882.19,3,200.0,190.206,step
2026-09-01T13:13:17.292070+00:00,96.895,-0.0015,0.15,0.0,0.0034,0.0002,8884.3,3,200.0,190.226,step
2026-09-01T13:13:17.293263+00:00,96.918,-0.0013,0.15,0.0,0.0034,0.0003,8886.43,3,200.0,190.246,step
2026-09-01T13:13:17.294569+00:00,96.942,-0.0012,0.15,0.0,0.0034,0.0004,8888.6,3,200.0,190.266,step
2026-09-01T13:13:17.295757+00:00,96.966,-0.0012,0.15,0.0,0.0033,0.0004,8889.17,3,200.0,190.286,step
2026-09-01T13:13:17.296926+00:00,96.989,-0.0011,0.15,0.0,0.0033,0.0005,8891.27,3,200.0,190.306,step
2026-09-01T13:13:17.298086+00:00,97.012,-0.001,0.15,0.0,0.0032,0.0005,8893.84,3,200.0,190.326,step
2026-09-01T13:13:17.299243+00:00,97.034,-0.0009,0.15,0.0,0.0032,0.0006,8896.73,3,200.0,190.346,step
2026-09-01T13:13:17.300443+00:00,97.057,-0.0008,0.15,0.0,0.0031,0.0007,8899.33,3,200.0,190.366,step
2026-09-01T13:13:17.301699+00:00,97.08,-0.0007,0.15,0.0,0.0031,0.0007,8901.68,3,200.0,190.386,step
2026-09-01T13:13:17.302879+00:00,97.103,-0.0005,0.15,0.0,0.003,0.0008,8903.86,3,200.0,190.406,step
2026-09-01T13:13:17.304056+00:00,97.127,-0.0004,0.15,0.0,0.0029,0.0009,8905.93,3,200.0,190.426,step
2026-09-01T13:13:17.305258+00:00,97.149,-0.0003,0.15,0.0,0.0029,0.0009,8907.88,3,200.0,190.446,step
2026-09-01T13:13:17.306446+00:00,97.172,-0.0003,0.15,0.0,0.0028,0.0009,8909.71,3,200.0,190.466,step
2026-09-01T13:13:17.307653+00:00,97.194,-0.0002,0.15,0.0,0.0027,0.0009,8911.57,3,200.0,190.486,step
2026-09-01T13:13:17.308825+00:00,97.215,-0.0002,0.15,0.0,0.0026,0.0009,8913.46,3,200.0,190.506,step
2026-09-01T13:13:17.310063+00:00,97.237,-0.0002,0.15,0.0,0.0025,0.0009,8915.42,3,200.0,190.526,step
2026-09-01T13:13:17.311290+00:00,97.258,-0.0001,0.15,0.0,0.0025,0.0009,8917.02,3,200.0,190.546,step
2026-09-01T13:13:17.312458+00:00,97.281,-0.0001,0.15,0.0,0.0024,0.0009,8916.77,3,200.0,190.566,step
2026-09-01T13:13:17.313642+00:00,97.301,-0.0,0.15,0.0,0.0023,0.0009,8919.03,3,200.0,190.586,step
2026-09-01T13:13:17.314788+00:00,97.321,0.0,0.15,0.0,0.0022,0.0009,8922.0,3,200.0,190.606,step
2026-09-01T13:13:17.315937+00:00,97.342,0.0,0.15,0.0,0.0021,0.0009,8924.94,3,200.0,190.626,step
2026-09-01T13:13:17.317087+00:00,97.363,0.0001,0.15,0.0,0.002,0.0009,8927.45,3,200.0,190.646,step
2026-09-01T13:13:17.318272+00:00,97.384,0.0001,0.15,0.0,0.002,0.0009,8929.61,3,200.0,190.666,step
2026-09-01T13:13:17.319584+00:00,97.405,0.0002,0.15,0.0,0.0019,0.0009,8931.55,3,200.0,190.686,step
2026-09-01T13:13:17.320786+00:00,97.426,0.0002,0.15,0.0,0.0018,0.0009,8933.38,3,200.0,190.706,step
2026-09-01T13:13:17.322010+00:00,97.446,0.0003,0.15,0.0,0.0017,0.0009,8934.9,3,200.0,190.726,step
2026-09-01T13:13:17.323197+00:00,97.466,0.0003,0.15,0.0,0.0016,0.0009,8936.47,3,200.0,190.746,step
2026-09-01T13:13:17.324353+00:00,97.485,0.0003,0.15,0.0,0.0016,0.0009,8938.07,3,200.0,190.766,step
2026-09-01T13:13:17.325507+00:00,97.504,0.0004,0.15,0.0,0.0015,0.0009,8939.74,3,200.0,190.786,step
2026-09-01T13:13:17.326689+00:00,97.523,0.0004,0.15,0.0,0.0014,0.0009,8941.5,3,200.0,190.806,step
2026-09-01T13:13:17.328014+00:00,97.544,0.0005,0.15,0.0,0.0013,0.0009,8939.97,3,200.0,190.826,step
2026-09-01T13:13:17.329172+00:00,97.562,0.0005,0.15,0.0,0.0012,0.0009,8941.6,3,200.0,190.846,step
2026-09-01T13:13:17.330343+00:00,97.579,0.0005,0.15,0.0,0.0011,0.0009,8944.16,3,200.0,190.866,step
2026-09-01T13:13:17.331528+00:00,97.597,0.0005,0.15,0.0,0.0011,0.0009,8947.44,3,200.0,190.886,step
2026-09-01T13:13:17.332676+00:00,97.614,0.0005,0.15,0.0,0.001,0.0008,8950.21,3,200.0,190.906,step
2026-09-01T13:13:17.333830+00:00,97.633,0.0005,0.15,0.0,0.0009,0.0008,8952.45,3,200.0,190.926,step
2026-09-01T13:13:17.334976+00:00,97.651,0.0005,0.15,0.0,0.0008,0.0008,8954.29,3,200.0,190.946,step
2026-09-01T13:13:17.336228+00:00,97.67,0.0005,0.15,0.0,0.0008,0.0007,8955.92,3,200.0,190.966,step
2026-09-01T13:13:17.337404+00:00,97.688,0.0005,0.15,0.0,0.0007,0.0007,8957.3,3,200.0,190.986,step
2026-09-01T13:13:17.338585+00:00,97.705,0.0005,0.15,0.0,0.0006,0.0007,8958.46,3,200.0,191.006,step
2026-09-01T13:13:17.339803+00:00,97.722,0.0005,0.15,0.0,0.0006,0.0006,8959.72,3,200.0,191.026,step
2026-09-01T13:13:17.340941+00:00,97.738,0.0005,0.15,0.0,0.0005,0.0006,8961.04,3,200.0,191.046,step
2026-09-01T13:13:17.342142+00:00,97.754,0.0005,0.15,0.0,0.0005,0.0006,8962.48,3,200.0,191.066,step
2026-09-01T13:13:17.343326+00:00,97.77,0.0005,0.15,0.0,0.0004,0.0006,8962.79,3,200.0,191.086,step
2026-09-01T13:13:17.344553+00:00,97.787,0.0005,0.15,0.0,0.0004,0.0006,8961.11,3,200.0,191.106,step
2026-09-01T13:13:17.345723+00:00,97.802,0.0005,0.15,0.0,0.0003,0.0005,8963.1,3,200.0,191.126,step
2026-09-01T13:13:17.346909+00:00,97.816,0.0005,0.15,0.0,0.0003,0.0005,8966.27,3,200.0,191.146,step
2026-09-01T13:13:17.348062+00:00,97.83,0.0005,0.15,0.0,0.0002,0.0005,8969.36,3,200.0,191.166,step
2026-09-01T13:13:17.349239+00:00,97.845,0.0005,0.15,0.0,0.0002,0.0005,8971.76,3,200.0,191.186,step
2026-09-01T13:13:17.350395+00:00,97.86,0.0005,0.15,0.0,0.0001,0.0005,8973.59,3,200.0,191.206,step
2026-09-01T13:13:17.351571+00:00,97.876,0.0005,0.15,0.0,0.0001,0.0004,8975.03,3,200.0,191.226,step
2026-09-01T13:13:17.352794+00:00,97.891,0.0005,0.15,0.0,0.0001,0.0004,8976.27,3,200.0,191.246,step
2026-09-01T13:13:17.353957+00:00,97.906,0.0005,0.15,0.0,0.0,0.0004,8977.0,3,200.0,191.266,step
2026-09-01T13:13:17.355149+00:00,97.919,0.0005,0.15,0.0,-0.0,0.0004,8977.88,3,200.0,191.286,step
2026-09-01T13:13:17.356313+00:00,97.932,0.0005,0.15,0.0,-0.0001,0.0004,8978.82,3,200.0,191.306,step
2026-09-01T13:13:17.357483+00:00,97.945,0.0005,0.15,0.0,-0.0001,0.0004,8979.86,3,200.0,191.326,step
2026-09-01T13:13:17.358638+00:00,97.957,0.0005,0.15,0.0,-0.0001,0.0004,8981.04,3,200.0,191.346,step
2026-09-01T13:13:17.359853+00:00,97.972,0.0005,0.15,0.0,-0.0002,0.0004,8977.18,3,200.0,191.366,step
2026-09-01T13:13:17.361175+00:00,97.983,0.0005,0.15,0.0,-0.0002,0.0003,8978.43,3,200.0,191.386,step
2026-09-01T13:13:17.362363+00:00,97.993,0.0005,0.15,0.0,-0.0002,0.0003,8980.95,3,200.0,191.406,step
2026-09-01T13:13:17.363576+00:00,98.004,0.0005,0.15,0.0,-0.0002,0.0003,8984.34,3,200.0,191.426,step
2026-09-01T13:13:17.364745+00:00,98.015,0.0005,0.15,0.0,-0.0003,0.0003,8986.99,3,200.0,191.446,step
2026-09-01T13:13:17.365912+00:00,98.026,0.0005,0.15,0.0,-0.0003,0.0003,8988.86,3,200.0,191.466,step
2026-09-01T13:13:17.367055+00:00,98.038,0.0005,0.15,0.0,-0.0003,0.0003,8990.17,3,200.0,191.486,step
2026-09-01T13:13:17.368255+00:00,98.051,0.0005,0.15,0.0,-0.0003,0.0003,8991.14,3,200.0,191.506,step
2026-09-01T13:13:17.369524+00:00,98.062,0.0005,0.15,0.0,-0.0004,0.0002,8991.79,3,200.0,191.526,step
2026-09-01T13:13:17.370680+00:00,98.073,0.0005,0.15,0.0,-0.0004,0.0002,8992.29,3,200.0,191.546,step
2026-09-01T13:13:17.371858+00:00,98.084,0.0005,0.15,0.0,-0.0004,0.0002,8992.97,3,200.0,191.566,step
2026-09-01T13:13:17.373006+00:00,98.094,0.0005,0.15,0.0,-0.0004,0.0002,8993.7,3,200.0,191.586,step
2026-09-01T13:13:17.374152+00:00,98.103,0.0005,0.15,0.0,-0.0005,0.0002,8994.54,3,200.0,191.606,step
2026-09-01T13:13:17.375315+00:00,98.115,0.0005,0.15,0.0,-0.0005,0.0002,8992.76,3,200.0,191.626,step
2026-09-01T13:13:17.376485+00:00,98.124,0.0005,0.15,0.0,-0.0005,0.0002,8992.38,3,200.0,191.646,step
2026-09-01T13:13:17.377707+00:00,98.132,0.0005,0.15,0.0,-0.0005,0.0002,8993.89,3,200.0,191.666,step
2026-09-01T13:13:17.378857+00:00,98.14,0.0005,0.15,0.0,-0.0005,0.0002,8996.49,3,200.0,191.686,step
2026-09-01T13:13:17.380017+00:00,98.149,0.0005,0.15,0.0,-0.0005,0.0002,8998.79,3,200.0,191.706,step
2026-09-01T13:13:17.381170+00:00,98.158,0.0005,0.15,0.0,-0.0006,0.0002,9000.47,3,200.0,191.726,step
2026-09-01T13:13:17.382347+00:00,98.167,0.0005,0.15,0.0,-0.0006,0.0002,9001.64,3,200.0,191.746,step
2026-09-01T13:13:17.383494+00:00,98.177,0.0005,0.15,0.0,-0.0006,0.0002,9002.49,3,200.0,191.766,step
2026-09-01T13:13:17.384714+00:00,98.186,0.0005,0.15,0.0,-0.0006,0.0002,9003.18,3,200.0,191.786,step
2026-09-01T13:13:17.385979+00:00,98.196,0.0005,0.15,0.0,-0.0006,0.0001,9003.79,3,200.0,191.806,step
2026-09-01T13:13:17.387335+00:00,98.205,0.0005,0.15,0.0,-0.0006,0.0001,9004.33,3,200.0,191.826,step
2026-09-01T13:13:17.388524+00:00,98.213,0.0005,0.15,0.0,-0.0006,0.0001,9004.94,3,200.0,191.846,step
2026-09-01T13:13:17.389692+00:00,98.222,0.0005,0.15,0.0,-0.0007,0.0001,9005.58,3,200.0,191.866,step
2026-09-01T13:13:17.390893+00:00,98.23,0.0005,0.15,0.0,-0.0007,0.0001,9006.28,3,200.0,191.886,step
2026-09-01T13:13:17.392076+00:00,98.238,0.0005,0.15,0.0,-0.0007,0.0001,9006.83,3,200.0,191.906,step
2026-09-01T13:13:17.393272+00:00,98.247,0.0005,0.15,0.0,-0.0007,0.0001,9005.81,3,200.0,191.926,step
2026-09-01T13:13:17.394743+00:00,98.255,0.0005,0.15,0.0,-0.0007,0.0001,9006.8,3,200.0,191.946,step
2026-09-01T13:13:17.395910+00:00,98.262,0.0005,0.15,0.0,-0.0007,0.0001,9008.36,3,200.0,191.966,step
2026-09-01T13:13:17.397095+00:00,98.27,0.0005,0.15,0.0,-0.0007,0.0001,9009.89,3,200.0,191.986,step
2026-09-01T13:13:17.398239+00:00,98.278,0.0005,0.15,0.0,-0.0007,0.0001,9011.08,3,200.0,192.006,step
2026-09-01T13:13:17.399398+00:00,98.286,0.0005,0.15,0.0,-0.0007,0.0001,9012.01,3,200.0,192.026,step
2026-09-01T13:13:17.400535+00:00,98.294,0.0005,0.15,0.0,-0.0007,0.0001,9012.76,3,200.0,192.046,step
2026-09-01T13:13:17.401753+00:00,98.302,0.0005,0.15,0.0,-0.0008,0.0001,9013.43,3,200.0,192.066,step
2026-09-01T13:13:17.403141+00:00,98.31,0.0005,0.15,0.0,-0.0008,0.0001,9014.06,3,200.0,192.086,step
2026-09-01T13:13:17.404369+00:00,98.317,0.0004,0.15,0.0,-0.0008,0.0001,9014.56,3,200.0,192.106,step
2026-09-01T13:13:17.405572+00:00,98.325,0.0004,0.15,0.0,-0.0008,0.0,9015.1,3,200.0,192.126,step
2026-09-01T13:13:17.406729+00:00,98.332,0.0004,0.15,0.0,-0.0008,0.0,9015.66,3,200.0,192.146,step
2026-09-01T13:13:17.407904+00:00,98.339,0.0004,0.15,0.0,-0.0008,0.0,9016.27,3,200.0,192.166,step
2026-09-01T13:13:17.409078+00:00,98.346,0.0004,0.15,0.0,-0.0008,0.0,9016.93,3,200.0,192.186,step
2026-09-01T13:13:17.410297+00:00,98.354,0.0005,0.15,0.0,-0.0008,0.0,9015.7,3,200.0,192.206,step
2026-09-01T13:13:17.411727+00:00,98.36,0.0005,0.15,0.0,-0.0008,0.0,9016.46,3,200.0,192.226,step
2026-09-01T13:13:17.412906+00:00,98.366,0.0005,0.15,0.0,-0.0008,0.0,9017.74,3,200.0,192.246,step
2026-09-01T13:13:17.414077+00:00,98.373,0.0005,0.15,0.0,-0.0008,0.0,9019.17,3,200.0,192.266,step
2026-09-01T13:13:17.415246+00:00,98.379,0.0005,0.15,0.0,-0.0008,0.0,9020.29,3,200.0,192.286,step
2026-09-01T13:13:17.416426+00:00,98.386,0.0005,0.15,0.0,-0.0008,0.0,9021.13,3,200.0,192.306,step
2026-09-01T13:13:17.417582+00:00,98.393,0.0005,0.15,0.0,-0.0008,0.0,9021.79,3,200.0,192.326,step
2026-09-01T13:13:17.418858+00:00,98.4,0.0005,0.15,0.0,-0.0008,0.0,9022.36,3,200.0,192.346,step
2026-09-01T13:13:17.420135+00:00,98.406,0.0005,0.15,0.0,-0.0009,0.0,9022.89,3,200.0,192.366,step
2026-09-01T13:13:17.421310+00:00,98.413,0.0005,0.15,0.0,-0.0009,0.0,9023.3,3,200.0,192.386,step
2026-09-01T13:13:17.422508+00:00,98.419,0.0005,0.15,0.0,-0.0009,0.0,9023.73,3,200.0,192.406,step
2026-09-01T13:13:17.423658+00:00,98.425,0.0005,0.15,0.0,-0.0009,0.0,9024.18,3,200.0,192.426,step
2026-09-01T13:13:17.424822+00:00,98.431,0.0005,0.15,0.0,-0.0009,0.0,9024.67,3,200.0,192.446,step
2026-09-01T13:13:17.425985+00:00,98.437,0.0005,0.15,0.0,-0.0009,0.0,9025.22,3,200.0,192.466,step
2026-09-01T13:13:17.427199+00:00,98.443,0.0005,0.15,0.0,-0.0009,0.0,9024.05,3,200.0,192.486,step
2026-09-01T13:13:17.428523+00:00,98.449,0.0005,0.15,0.0,-0.0009,0.0,9024.57,3,200.0,192.506,step
2026-09-01T13:13:17.429691+00:00,98.454,0.0004,0.15,0.0,-0.0009,-0.0,9025.6,3,200.0,192.526,step
2026-09-01T13:13:17.430866+00:00,98.459,0.0004,0.15,0.0,-0.0009,-0.0,9026.93,3,200.0,192.546,step
2026-09-01T13:13:17.432030+00:00,98.464,0.0004,0.15,0.0,-0.0009,-0.0,9027.97,3,200.0,192.566,step
2026-09-01T13:13:17.433179+00:00,98.469,0.0004,0.15,0.0,-0.0009,-0.0,9028.74,3,200.0,192.586,step
2026-09-01T13:13:17.434337+00:00,98.475,0.0004,0.15,0.0,-0.0009,-0.0,9029.32,3,200.0,192.606,step
2026-09-01T13:13:17.435598+00:00,98.481,0.0004,0.15,0.0,-0.0009,-0.0,9029.79,3,200.0,192.626,step
2026-09-01T13:13:17.436798+00:00,98.487,0.0004,0.15,0.0,-0.0009,-0.0,9030.22,3,200.0,192.646,step
2026-09-01T13:13:17.437984+00:00,98.492,0.0004,0.15,0.0,-0.0009,-0.0,9030.56,3,200.0,192.666,step
2026-09-01T13:13:17.439169+00:00,98.497,0.0004,0.15,0.0,-0.0009,-0.0,9030.89,3,200.0,192.686,step
2026-09-01T13:13:17.440382+00:00,98.502,0.0004,0.15,0.0,-0.0009,-0.0,9031.24,3,200.0,192.706,step
2026-09-01T13:13:17.441563+00:00,98.507,0.0004,0.15,0.0,-0.0009,-0.0,9031.63,3,200.0,192.726,step
2026-09-01T13:13:17.442775+00:00,98.511,0.0004,0.15,0.0,-0.0009,-0.0,9032.06,3,200.0,192.746,step
2026-09-01T13:13:17.444025+00:00,98.517,0.0004,0.15,0.0,-0.0009,-0.0,9031.03,3,200.0,192.766,step
2026-09-01T13:13:17.445232+00:00,98.521,0.0004,0.15,0.0,-0.0009,-0.0,9031.27,3,200.0,192.786,step
2026-09-01T13:13:17.446392+00:00,98.525,0.0004,0.15,0.0,-0.0009,-0.0,9032.06,3,200.0,192.806,step
2026-09-01T13:13:17.447580+00:00,98.529,0.0004,0.15,0.0,-0.0009,-0.0,9033.28,3,200.0,192.826,step
2026-09-01T13:13:17.448738+00:00,98.533,0.0004,0.15,0.0,-0.0009,-0.0,9034.24,3,200.0,192.846,step
2026-09-01T13:13:17.449889+00:00,98.538,0.0004,0.15,0.0,-0.0009,-0.0,9034.94,3,200.0,192.866,step
2026-09-01T13:13:17.451073+00:00,98.542,0.0004,0.15,0.0,-0.0009,-0.0,9035.44,3,200.0,192.886,step
2026-09-01T13:13:17.452279+00:00,98.547,0.0004,0.15,0.0,-0.0009,-0.0,9035.84,3,200.0,192.906,step
2026-09-01T13:13:17.453539+00:00,98.552,0.0004,0.15,0.0,-0.0009,-0.0,9036.18,3,200.0,192.926,step
2026-09-01T13:13:17.454733+00:00,98.556,0.0004,0.15,0.0,-0.0009,-0.0,9036.45,3,200.0,192.946,step
2026-09-01T13:13:17.455945+00:00,98.56,0.0004,0.15,0.0,-0.0009,-0.0,9036.69,3,200.0,192.966,step
2026-09-01T13:13:17.457139+00:00,98.564,0.0004,0.15,0.0,-0.0009,-0.0,9036.94,3,200.0,192.986,step
2026-09-01T13:13:17.458299+00:00,98.568,0.0004,0.15,0.0,-0.0009,-0.0,9037.23,3,200.0,193.006,step
2026-09-01T13:13:17.459518+00:00,98.571,0.0004,0.15,0.0,-0.0009,-0.0,9037.57,3,200.0,193.026,step
2026-09-01T13:13:17.460803+00:00,98.576,0.0004,0.15,0.0,-0.0009,-0.0,9036.84,3,200.0,193.046,step
2026-09-01T13:13:17.461956+00:00,98.579,0.0004,0.15,0.0,-0.0009,-0.0,9036.66,3,200.0,193.066,step
2026-09-01T13:13:17.463138+00:00,98.582,0.0004,0.15,0.0,-0.0009,-0.0,9037.28,3,200.0,193.086,step
2026-09-01T13:13:17.464342+00:00,98.585,0.0004,0.15,0.0,-0.0009,-0.0,9038.33,3,200.0,193.106,step
2026-09-01T13:13:17.465555+00:00,98.588,0.0004,0.15,0.0,-0.0009,-0.0,9039.22,3,200.0,193.126,step
2026-09-01T13:13:17.466717+00:00,98.592,0.0004,0.15,0.0,-0.0009,-0.0,9039.85,3,200.0,193.146,step
2026-09-01T13:13:17.467906+00:00,98.596,0.0004,0.15,0.0,-0.0009,-0.0,9040.28,3,200.0,193.166,step
2026-09-01T13:13:17.469166+00:00,98.599,0.0004,0.15,0.0,-0.0009,-0.0,9040.6,3,200.0,193.186,step
2026-09-01T13:13:17.470411+00:00,98.603,0.0004,0.15,0.0,-0.0009,-0.0,9040.86,3,200.0,193.206,step
2026-09-01T13:13:17.471624+00:00,98.606,0.0004,0.15,0.0,-0.0009,-0.0,9041.07,3,200.0,193.226,step
2026-09-01T13:13:17.472841+00:00,98.609,0.0004,0.15,0.0,-0.0009,-0.0,9041.23,3,200.0,193.246,step
2026-09-01T13:13:17.474035+00:00,98.612,0.0004,0.15,0.0,-0.0009,-0.0,9041.4,3,200.0,193.266,step
2026-09-01T13:13:17.475237+00:00,98.615,0.0004,0.15,0.0,-0.0009,-0.0,9041.6,3,200.0,193.286,step
2026-09-01T13:13:17.476463+00:00,98.618,0.0004,0.15,0.0,-0.0009,-0.0,9041.84,3,200.0,193.306,step
2026-09-01T13:13:17.477771+00:00,98.621,0.0004,0.15,0.0,-0.0009,-0.0,9041.65,3,200.0,193.326,step
2026-09-01T13:13:17.478941+00:00,98.624,0.0004,0.15,0.0,-0.0009,-0.0,9040.87,3,200.0,193.346,step
2026-09-01T13:13:17.480165+00:00,98.626,0.0004,0.15,0.0,-0.0009,-0.0,9041.33,3,200.0,193.366,step
2026-09-01T13:13:17.481342+00:00,98.628,0.0004,0.15,0.0,-0.0009,-0.0,9042.21,3,200.0,193.386,step
2026-09-01T13:13:17.482496+00:00,98.631,0.0004,0.15,0.0,-0.0009,-0.0,9043.02,3,200.0,193.406,step
2026-09-01T13:13:17.483674+00:00,98.633,0.0004,0.15,0.0,-0.0009,-0.0,9043.58,3,200.0,193.426,step
2026-09-01T13:13:17.484928+00:00,98.636,0.0004,0.15,0.0,-0.0009,-0.0,9043.95,3,200.0,193.446,step
2026-09-01T13:13:17.486247+00:00,98.638,0.0004,0.15,0.0,-0.0009,-0.0,9044.2,3,200.0,193.466,step
2026-09-01T13:13:17.487477+00:00,98.641,0.0004,0.15,0.0,-0.0009,-0.0,9044.39,3,200.0,193.486,step
2026-09-01T13:13:17.488673+00:00,98.644,0.0004,0.15,0.0,-0.0009,-0.0,9044.54,3,200.0,193.506,step
2026-09-01T13:13:17.489902+00:00,98.646,0.0004,0.15,0.0,-0.0009,-0.0,9044.62,3,200.0,193.526,step
2026-09-01T13:13:17.491096+00:00,98.648,0.0004,0.15,0.0,-0.0009,-0.0,9044.72,3,200.0,193.546,step
2026-09-01T13:13:17.492304+00:00,98.65,0.0004,0.15,0.0,-0.0009,-0.0,9044.84,3,200.0,193.566,step
2026-09-01T13:13:17.493697+00:00,98.652,0.0004,0.15,0.0,-0.0009,-0.0,9045.0,3,200.0,193.586,step
2026-09-01T13:13:17.494904+00:00,98.654,0.0004,0.15,0.0,-0.0009,-0.0,9045.2,3,200.0,193.606,step
2026-09-01T13:13:17.496110+00:00,98.657,0.0004,0.15,0.0,-0.0009,-0.0,9043.97,3,200.0,193.626,step
2026-09-01T13:13:17.497320+00:00,98.658,0.0004,0.15,0.0,-0.0009,-0.0,9044.29,3,200.0,193.646,step
2026-09-01T13:13:17.498506+00:00,98.659,0.0004,0.15,0.0,-0.0009,-0.0,9045.0,3,200.0,193.666,step
2026-09-01T13:13:17.499701+00:00,98.661,0.0004,0.15,0.0,-0.0009,-0.0,9045.74,3,200.0,193.686,step
2026-09-01T13:13:17.500906+00:00,98.662,0.0004,0.15,0.0,-0.0009,-0.0,9046.23,3,200.0,193.706,step
2026-09-01T13:13:17.502246+00:00,98.664,0.0004,0.15,0.0,-0.0009,-0.0,9046.54,3,200.0,193.726,step
2026-09-01T13:13:17.503439+00:00,98.666,0.0004,0.15,0.0,-0.0009,-0.0,9046.73,3,200.0,193.746,step
2026-09-01T13:13:17.504638+00:00,98.668,0.0004,0.15,0.0,-0.0009,-0.0,9046.85,3,200.0,193.766,step
2026-09-01T13:13:17.505856+00:00,98.67,0.0004,0.15,0.0,-0.0009,-0.0,9046.95,3,200.0,193.786,step
2026-09-01T13:13:17.507097+00:00,98.671,0.0004,0.15,0.0,-0.0009,-0.0,9046.96,3,200.0,193.806,step
2026-09-01T13:13:17.508349+00:00,98.673,0.0004,0.15,0.0,-0.0009,-0.0,9047.0,3,200.0,193.826,step
2026-09-01T13:13:17.509577+00:00,98.674,0.0004,0.15,0.0,-0.0009,-0.0,9047.05,3,200.0,193.846,step
2026-09-01T13:13:17.510889+00:00,98.675,0.0004,0.15,0.0,-0.0009,-0.0,9047.14,3,200.0,193.866,step
2026-09-01T13:13:17.512080+00:00,98.677,0.0004,0.15,0.0,-0.0009,-0.0,9047.26,3,200.0,193.886,step
2026-09-01T13:13:17.513276+00:00,98.678,0.0004,0.15,0.0,-0.0009,-0.0,9046.09,3,200.0,193.906,step
2026-09-01T13:13:17.514481+00:00,98.679,0.0004,0.15,0.0,-0.0009,-0.0,9046.26,3,200.0,193.926,step
2026-09-01T13:13:17.515657+00:00,98.68,0.0004,0.15,0.0,-0.0009,-0.0,9046.81,3,200.0,193.946,step
2026-09-01T13:13:17.516836+00:00,98.68,0.0004,0.15,0.0,-0.0009,-0.0,9047.47,3,200.0,193.966,step
2026-09-01T13:13:17.518046+00:00,98.681,0.0004,0.15,0.0,-0.0009,-0.0,9047.91,3,200.0,193.986,step
2026-09-01T13:13:17.519363+00:00,98.682,0.0004,0.15,0.0,-0.0009,-0.0,9048.16,3,200.0,194.006,step
2026-09-01T13:13:17.520564+00:00,98.683,0.0004,0.15,0.0,-0.0009,-0.0,9048.29,3,200.0,194.026,step
2026-09-01T13:13:17.521752+00:00,98.684,0.0004,0.15,0.0,-0.0009,-0.0,9048.36,3,200.0,194.046,step
2026-09-01T13:13:17.522971+00:00,98.686,0.0004,0.15,0.0,-0.0009,-0.0,9048.39,3,200.0,194.066,step
2026-09-01T13:13:17.524178+00:00,98.686,0.0004,0.15,0.0,-0.0009,-0.0,9048.36,3,200.0,194.086,step
2026-09-01T13:13:17.525384+00:00,98.687,0.0004,0.15,0.0,-0.0009,-0.0,9048.33,3,200.0,194.106,step
2026-09-01T13:13:17.526614+00:00,98.688,0.0004,0.15,0.0,-0.0009,-0.0,9048.33,3,200.0,194.126,step
2026-09-01T13:13:17.528002+00:00,98.688,0.0004,0.15,0.0,-0.0009,-0.0,9048.35,3,200.0,194.146,step
2026-09-01T13:13:17.529197+00:00,98.689,0.0004,0.15,0.0,-0.0009,-0.0,9048.4,3,200.0,194.166,step
2026-09-01T13:13:17.530439+00:00,98.69,0.0004,0.15,0.0,-0.0009,-0.0,9047.31,3,200.0,194.186,step
2026-09-01T13:13:17.531626+00:00,98.69,0.0004,0.15,0.0,-0.0009,-0.0,9047.35,3,200.0,194.206,step
2026-09-01T13:13:17.532823+00:00,98.69,0.0004,0.15,0.0,-0.0009,-0.0,9047.74,3,200.0,194.226,step
2026-09-01T13:13:17.534038+00:00,98.69,0.0004,0.15,0.0,-0.0009,-0.0,9048.32,3,200.0,194.246,step
2026-09-01T13:13:17.535221+00:00,98.69,0.0004,0.15,0.0,-0.0009,-0.0,9048.7,3,200.0,194.266,step
2026-09-01T13:13:17.536570+00:00,98.691,0.0004,0.15,0.0,-0.0009,-0.0,9048.9,3,200.0,194.286,step
2026-09-01T13:13:17.537779+00:00,98.691,0.0004,0.15,0.0,-0.0009,-0.0,9048.99,3,200.0,194.306,step
2026-09-01T13:13:17.539027+00:00,98.692,0.0004,0.15,0.0,-0.0009,-0.0,9049.0,3,200.0,194.326,step
2026-09-01T13:13:17.540227+00:00,98.692,0.0004,0.15,0.0,-0.0009,-0.0,9048.98,3,199.634,194.346,step
2026-09-01T13:13:17.541421+00:00,98.692,0.0004,0.15,0.0,-0.0009,-0.0,9048.91,3,199.085,194.366,step
2026-09-01T13:13:17.542618+00:00,98.692,0.0004,0.15,0.0,-0.0009,-0.0,9048.83,3,198.537,194.386,step
2026-09-01T13:13:17.543923+00:00,98.692,0.0004,0.15,0.0,-0.0009,-0.0,9048.77,3,197.989,194.406,step
2026-09-01T13:13:17.545175+00:00,98.692,0.0004,0.15,0.0,-0.0009,-0.0,9048.73,3,197.44,194.426,step
2026-09-01T13:13:17.546370+00:00,98.692,0.0004,0.15,0.0,-0.0009,-0.0,9048.72,3,196.892,194.446,step
2026-09-01T13:13:17.547564+00:00,98.692,0.0004,0.15,0.0,-0.0009,-0.0,9047.74,3,196.343,194.466,step
2026-09-01T13:13:17.548778+00:00,98.692,0.0004,0.15,0.0,-0.0009,-0.0,9047.64,3,195.795,194.486,step
2026-09-01T13:13:17.549960+00:00,98.692,0.0004,0.15,0.0,-0.0009,-0.0,9047.89,3,195.246,194.506,step
2026-09-01T13:13:17.551178+00:00,98.691,0.0004,0.15,0.0,-0.0009,-0.0,9048.38,3,194.698,194.526,step
2026-09-01T13:13:17.552541+00:00,98.691,0.0004,0.15,0.0,-0.0009,-0.0,9048.71,3,194.149,194.546,step
2026-09-01T13:13:17.553748+00:00,98.69,0.0004,0.15,0.0,-0.0009,-0.0,9048.86,3,193.601,194.566,step
2026-09-01T13:13:17.554945+00:00,98.69,0.0004,0.15,0.0,-0.0009,-0.0,9048.9,3,193.052,194.586,step
2026-09-01T13:13:17.556130+00:00,98.69,0.0004,0.15,0.0,-0.0009,-0.0,9048.87,3,192.504,194.606,step
2026-09-01T13:13:17.557339+00:00,98.69,0.0004,0.15,0.0,-0.0009,-0.0,9048.8,3,191.955,194.626,step
2026-09-01T13:13:17.558523+00:00,98.689,0.0004,0.15,0.0,-0.0009,-0.0,9048.69,3,191.407,194.646,step
2026-09-01T13:13:17.559731+00:00,98.689,0.0004,0.15,0.0,-0.0009,-0.0,9048.57,3,190.859,194.666,step
2026-09-01T13:13:17.561070+00:00,98.689,0.0004,0.15,0.0,-0.0009,-0.0,9048.46,3,190.31,194.686,step
2026-09-01T13:13:17.562243+00:00,98.688,0.0004,0.15,0.0,-0.0009,-0.0,9048.37,3,189.762,194.706,step
2026-09-01T13:13:17.563437+00:00,98.687,0.0004,0.15,0.0,-0.0009,-0.0,9048.31,3,189.213,194.726,step
2026-09-01T13:13:17.564629+00:00,98.687,0.0004,0.15,0.0,-0.0009,-0.0,9047.49,3,188.665,194.746,step
2026-09-01T13:13:17.565864+00:00,98.686,0.0004,0.15,0.0,-0.0009,-0.0,9047.21,3,188.116,194.766,step
2026-09-01T13:13:17.567052+00:00,98.685,0.0004,0.15,0.0,-0.0009,-0.0,9047.35,3,187.568,194.786,step
2026-09-01T13:13:17.568264+00:00,98.684,0.0004,0.15,0.0,-0.0009,-0.0,9047.76,3,187.019,194.806,step
2026-09-01T13:13:17.569609+00:00,98.683,0.0004,0.15,0.0,-0.0009,-0.0,9048.03,3,186.471,194.826,step
2026-09-01T13:13:17.570790+00:00,98.682,0.0005,0.15,0.0,-0.0009,-0.0,9048.13,3,185.923,194.846,step
2026-09-01T13:13:17.571971+00:00,98.682,0.0005,0.15,0.0,-0.0009,-0.0,9048.13,3,185.375,194.866,step
2026-09-01T13:13:17.573149+00:00,98.681,0.0005,0.15,0.0,-0.0009,-0.0,9048.05,3,184.827,194.886,step
2026-09-01T13:13:17.574355+00:00,98.68,0.0005,0.15,0.0,-0.0009,-0.0,9047.95,3,184.279,194.906,step
2026-09-01T13:13:17.575561+00:00,98.68,0.0005,0.15,0.0,-0.0009,-0.0,9047.81,3,183.731,194.926,step
2026-09-01T13:13:17.576797+00:00,98.679,0.0005,0.15,0.0,-0.0009,-0.0,9047.65,3,183.182,194.946,step
2026-09-01T13:13:17.578216+00:00,98.678,0.0005,0.15,0.0,-0.0009,-0.0,9047.5,3,182.634,194.966,step
2026-09-01T13:13:17.579412+00:00,98.677,0.0005,0.15,0.0,-0.0009,-0.0,9047.37,3,182.086,194.986,step
2026-09-01T13:13:17.580619+00:00,98.675,0.0005,0.15,0.0,-0.0009,-0.0,9047.26,3,181.538,195.006,step
2026-09-01T13:13:17.581796+00:00,98.675,0.0005,0.15,0.0,-0.0009,-0.0,9046.7,3,180.99,195.026,step
2026-09-01T13:13:17.582993+00:00,98.674,0.0005,0.15,0.0,-0.0009,-0.0,9046.18,3,180.442,195.046,step
2026-09-01T13:13:17.584205+00:00,98.672,0.0005,0.15,0.0,-0.0009,-0.0,9046.22,3,179.893,195.066,step
2026-09-01T13:13:17.585462+00:00,98.671,0.0005,0.15,0.0,-0.001,-0.0,9046.52,3,179.345,195.086,step
2026-09-01T13:13:17.586678+00:00,98.669,0.0005,0.15,0.0,-0.001,-0.0,9046.73,3,178.797,195.106,step
2026-09-01T13:13:17.587891+00:00,98.668,0.0005,0.15,0.0,-0.001,-0.0,9046.8,3,178.249,195.126,step
2026-09-01T13:13:17.589078+00:00,98.667,0.0005,0.15,0.0,-0.001,-0.0,9046.76,3,177.701,195.146,step
2026-09-01T13:13:17.590249+00:00,98.666,0.0005,0.15,0.0,-0.001,-0.0,9046.66,3,177.153,195.166,step
2026-09-01T13:13:17.591435+00:00,98.665,0.0005,0.15,0.0,-0.001,-0.0,9046.52,3,176.605,195.186,step
2026-09-01T13:13:17.592686+00:00,98.663,0.0005,0.15,0.0,-0.001,-0.0,9046.36,3,176.056,195.206,step
2026-09-01T13:13:17.593955+00:00,98.662,0.0005,0.15,0.0,-0.001,-0.0,9046.17,3,175.508,195.226,step
2026-09-01T13:13:17.595280+00:00,98.661,0.0005,0.15,0.0,-0.001,-0.0,9045.99,3,174.96,195.246,step
2026-09-01T13:13:17.596494+00:00,98.659,0.0005,0.15,0.0,-0.001,-0.0,9045.82,3,174.412,195.266,step
2026-09-01T13:13:17.597701+00:00,98.658,0.0005,0.15,0.0,-0.001,-0.0,9045.67,3,173.864,195.286,step
2026-09-01T13:13:17.598913+00:00,98.656,0.0005,0.15,0.0,-0.001,-0.0,9045.45,3,173.316,195.306,step
2026-09-01T13:13:17.600108+00:00,98.655,0.0005,0.15,0.0,-0.001,-0.0,9044.62,3,172.767,195.326,step
2026-09-01T13:13:17.601389+00:00,98.653,0.0005,0.15,0.0,-0.001,-0.0,9044.58,3,172.219,195.346,step
2026-09-01T13:13:17.602641+00:00,98.651,0.0005,0.15,0.0,-0.001,-0.0,9044.77,3,171.671,195.366,step
2026-09-01T13:13:17.603844+00:00,98.65,0.0005,0.15,0.0,-0.001,-0.0,9044.93,3,171.123,195.386,step
2026-09-01T13:13:17.605062+00:00,98.648,0.0005,0.15,0.0,-0.001,-0.0,9044.96,3,170.575,195.406,step
2026-09-01T13:13:17.606261+00:00,98.647,0.0005,0.15,0.0,-0.001,-0.0,9044.89,3,170.027,195.426,step
2026-09-01T13:13:17.607456+00:00,98.645,0.0005,0.15,0.0,-0.001,-0.0,9044.76,3,169.479,195.446,step
2026-09-01T13:13:17.608709+00:00,98.644,0.0005,0.15,0.0,-0.001,-0.0,9044.6,3,168.93,195.466,step
2026-09-01T13:13:17.609989+00:00,98.642,0.0005,0.15,0.0,-0.001,-0.0,9044.42,3,168.382,195.486,step
2026-09-01T13:13:17.611208+00:00,98.64,0.0005,0.15,0.0,-0.001,-0.0,9044.2,3,167.834,195.506,step
2026-09-01T13:13:17.612430+00:00,98.639,0.0005,0.15,0.0,-0.001,-0.0,9043.99,3,167.286,195.526,step
2026-09-01T13:13:17.613668+00:00,98.637,0.0005,0.15,0.0,-0.001,-0.0,9043.79,3,166.738,195.546,step
2026-09-01T13:13:17.614873+00:00,98.635,0.0005,0.15,0.0,-0.001,-0.0,9043.62,3,166.19,195.566,step
2026-09-01T13:13:17.616105+00:00,98.633,0.0005,0.15,0.0,-0.001,-0.0,9043.46,3,165.641,195.586,step
2026-09-01T13:13:17.617288+00:00,98.632,0.0005,0.15,0.0,-0.001,-0.0,9042.61,3,165.093,195.606,step
2026-09-01T13:13:17.618638+00:00,98.629,0.0005,0.15,0.0,-0.001,-0.0,9042.5,3,164.545,195.626,step
2026-09-01T13:13:17.619815+00:00,98.627,0.0005,0.15,0.0,-0.001,-0.0,9042.6,3,163.997,195.646,step
2026-09-01T13:13:17.621008+00:00,98.625,0.0005,0.15,0.0,-0.001,-0.0,9042.71,3,163.449,195.666,step
2026-09-01T13:13:17.622225+00:00,98.623,0.0005,0.15,0.0,-0.001,-0.0,9042.71,3,162.902,195.686,step
2026-09-01T13:13:17.623422+00:00,98.622,0.0005,0.15,0.0,-0.001,-0.0,9042.61,3,162.354,195.706,step
2026-09-01T13:13:17.624592+00:00,98.62,0.0005,0.15,0.0,-0.001,-0.0,9042.45,3,161.806,195.726,step
2026-09-01T13:13:17.625798+00:00,98.618,0.0005,0.15,0.0,-0.001,-0.0,9042.27,3,161.258,195.746,step
2026-09-01T13:13:17.627015+00:00,98.616,0.0005,0.15,0.0,-0.001,-0.0,9042.07,3,160.71,195.766,step
2026-09-01T13:13:17.628347+00:00,98.614,0.0005,0.15,0.0,-0.001,-0.0,9041.83,3,160.162,195.786,step
2026-09-01T13:13:17.629564+00:00,98.612,0.0005,0.15,0.0,-0.001,-0.0,9041.61,3,159.614,195.806,step
2026-09-01T13:13:17.630748+00:00,98.61,0.0005,0.15,0.0,-0.001,-0.0,9041.39,3,159.067,195.826,step
2026-09-01T13:13:17.631926+00:00,98.608,0.0005,0.15,0.0,-0.001,-0.0,9041.19,3,158.519,195.846,step
2026-09-01T13:13:17.633099+00:00,98.606,0.0005,0.15,0.0,-0.001,-0.0,9041.01,3,157.971,195.866,step
2026-09-01T13:13:17.634293+00:00,98.604,0.0005,0.15,0.0,-0.001,-0.0,9040.26,3,157.423,195.886,step
2026-09-01T13:13:17.635519+00:00,98.602,0.0005,0.15,0.0,-0.001,-0.0,9040.08,3,156.875,195.906,step
2026-09-01T13:13:17.636771+00:00,98.6,0.0005,0.15,0.0,-0.001,-0.0,9040.08,3,156.327,195.926,step
2026-09-01T13:13:17.637966+00:00,98.597,0.0005,0.15,0.0,-0.001,-0.0,9040.14,3,155.78,195.946,step
2026-09-01T13:13:17.639154+00:00,98.595,0.0005,0.15,0.0,-0.001,-0.0,9040.11,3,155.232,195.966,step
2026-09-01T13:13:17.640323+00:00,98.593,0.0005,0.15,0.0,-0.001,-0.0,9039.99,3,154.684,195.986,step
2026-09-01T13:13:17.641494+00:00,98.591,0.0005,0.15,0.0,-0.001,-0.0,9039.81,3,154.136,196.006,step
2026-09-01T13:13:17.642709+00:00,98.589,0.0005,0.15,0.0,-0.001,-0.0,9039.61,3,153.588,196.026,step
2026-09-01T13:13:17.644025+00:00,98.587,0.0005,0.15,0.0,-0.001,-0.0,9039.39,3,153.04,196.046,step
2026-09-01T13:13:17.645235+00:00,98.585,0.0005,0.15,0.0,-0.001,-0.0,9039.15,3,152.492,196.066,step
2026-09-01T13:13:17.646445+00:00,98.582,0.0005,0.15,0.0,-0.001,-0.0,9038.92,3,151.945,196.086,step
2026-09-01T13:13:17.647649+00:00,98.58,0.0005,0.15,0.0,-0.001,-0.0,9038.68,3,151.397,196.106,step
2026-09-01T13:13:17.648821+00:00,98.578,0.0005,0.15,0.0,-0.001,-0.0,9038.46,3,150.849,196.126,step
2026-09-01T13:13:17.650001+00:00,98.576,0.0005,0.15,0.0,-0.001,-0.0,9038.26,3,150.301,196.146,step
2026-09-01T13:13:17.651219+00:00,98.574,0.0005,0.15,0.0,-0.001,-0.0,9037.63,3,149.753,196.166,step
2026-09-01T13:13:17.652553+00:00,98.571,0.0005,0.15,0.0,-0.001,-0.0,9037.4,3,149.206,196.186,step
2026-09-01T13:13:17.653729+00:00,98.569,0.0005,0.15,0.0,-0.001,-0.0,9037.32,3,148.658,196.206,step
2026-09-01T13:13:17.654913+00:00,98.566,0.0005,0.15,0.0,-0.001,-0.0,9037.32,3,148.111,196.226,step
2026-09-01T13:13:17.656097+00:00,98.564,0.0005,0.15,0.0,-0.001,-0.0,9037.25,3,147.563,196.246,step
2026-09-01T13:13:17.657272+00:00,98.562,0.0005,0.15,0.0,-0.001,-0.0,9037.11,3,147.016,196.266,step
2026-09-01T13:13:17.658458+00:00,98.559,0.0005,0.15,0.0,-0.001,-0.0,9036.92,3,146.468,196.286,step
2026-09-01T13:13:17.659673+00:00,98.557,0.0005,0.15,0.0,-0.001,-0.0,9036.71,3,145.921,196.306,step
2026-09-01T13:13:17.661027+00:00,98.555,0.0005,0.15,0.0,-0.001,-0.0,9036.48,3,145.373,196.326,step
2026-09-01T13:13:17.662268+00:00,98.552,0.0005,0.15,0.0,-0.001,-0.0,9036.23,3,144.826,196.346,step
2026-09-01T13:13:17.663459+00:00,98.55,0.0005,0.15,0.0,-0.001,-0.0,9035.99,3,144.278,196.366,step
2026-09-01T13:13:17.664673+00:00,98.548,0.0005,0.15,0.0,-0.001,-0.0,9035.75,3,143.73,196.386,step
2026-09-01T13:13:17.665846+00:00,98.545,0.0005,0.15,0.0,-0.001,-0.0,9035.51,3,143.183,196.406,step
2026-09-01T13:13:17.667072+00:00,98.543,0.0005,0.15,0.0,-0.001,-0.0,9035.29,3,142.635,196.426,step
2026-09-01T13:13:17.668277+00:00,98.541,0.0005,0.15,0.0,-0.001,-0.0,9034.79,3,142.088,196.446,step
2026-09-01T13:13:17.669546+00:00,98.538,0.0005,0.15,0.0,-0.001,-0.0,9034.5,3,141.54,196.466,step
2026-09-01T13:13:17.670712+00:00,98.536,0.0005,0.15,0.0,-0.001,-0.0,9034.36,3,140.993,196.486,step
2026-09-01T13:13:17.671912+00:00,98.533,0.0005,0.15,0.0,-0.001,-0.0,9034.31,3,140.445,196.506,step
2026-09-01T13:13:17.673105+00:00,98.531,0.0005,0.15,0.0,-0.001,-0.0,9034.21,3,139.898,196.526,step
2026-09-01T13:13:17.674262+00:00,98.528,0.0005,0.15,0.0,-0.001,-0.0,9034.05,3,139.35,196.546,step
2026-09-01T13:13:17.675459+00:00,98.526,0.0005,0.15,0.0,-0.001,-0.0,9033.85,3,138.802,196.566,step
2026-09-01T13:13:17.676639+00:00,98.523,0.0005,0.15,0.0,-0.001,-0.0,9033.63,3,138.255,196.586,step
2026-09-01T13:13:17.677940+00:00,98.521,0.0005,0.15,0.0,-0.001,-0.0,9033.39,3,137.707,196.606,step
2026-09-01T13:13:17.679141+00:00,98.519,0.0005,0.15,0.0,-0.001,-0.0,9033.17,3,137.16,196.626,step
2026-09-01T13:13:17.680376+00:00,98.516,0.0005,0.15,0.0,-0.001,-0.0,9032.92,3,136.613,196.646,step
2026-09-01T13:13:17.681558+00:00,98.514,0.0005,0.15,0.0,-0.001,-0.0,9032.67,3,136.065,196.666,step
2026-09-01T13:13:17.682725+00:00,98.511,0.0005,0.15,0.0,-0.001,-0.0,9032.43,3,135.518,196.686,step
2026-09-01T13:13:17.683915+00:00,98.509,0.0005,0.15,0.0,-0.001,-0.0,9032.2,3,134.971,196.706,step
2026-09-01T13:13:17.685137+00:00,98.506,0.0005,0.15,0.0,-0.001,-0.0,9031.84,3,134.424,196.726,step
2026-09-01T13:13:17.686488+00:00,98.504,0.0005,0.15,0.0,-0.001,-0.0,9031.5,3,133.877,196.746,step
2026-09-01T13:13:17.687688+00:00,98.501,0.0005,0.15,0.0,-0.001,-0.0,9031.31,3,133.329,196.766,step
2026-09-01T13:13:17.688899+00:00,98.499,0.0005,0.15,0.0,-0.001,-0.0,9031.2,3,132.782,196.786,step
2026-09-01T13:13:17.690042+00:00,98.496,0.0005,0.15,0.0,-0.001,-0.0,9031.07,3,132.235,196.806,step
2026-09-01T13:13:17.691189+00:00,98.494,0.0005,0.15,0.0,-0.001,-0.0,9030.89,3,131.688,196.826,step
2026-09-01T13:13:17.692351+00:00,98.491,0.0005,0.15,0.0,-0.001,-0.0,9030.69,3,131.14,196.846,step
2026-09-01T13:13:17.693634+00:00,98.489,0.0005,0.15,0.0,-0.001,-0.0,9030.46,3,130.593,196.866,step
2026-09-01T13:13:17.694851+00:00,98.486,0.0005,0.15,0.0,-0.001,-0.0,9030.23,3,130.046,196.886,step
2026-09-01T13:13:17.696043+00:00,98.484,0.0005,0.15,0.0,-0.001,-0.0,9029.99,3,129.499,196.906,step
2026-09-01T13:13:17.697244+00:00,98.481,0.0005,0.15,0.0,-0.001,-0.0,9029.75,3,128.951,196.926,step
2026-09-01T13:13:17.698434+00:00,98.479,0.0005,0.15,0.0,-0.001,-0.0,9029.51,3,128.404,196.946,step
2026-09-01T13:13:17.699587+00:00,98.477,0.0005,0.15,0.0,-0.001,-0.0,9029.28,3,127.857,196.966,step
2026-09-01T13:13:17.700800+00:00,98.474,0.0005,0.15,0.0,-0.001,-0.0,9029.05,3,127.31,196.986,step
2026-09-01T13:13:17.702067+00:00,98.472,0.0005,0.15,0.0,-0.001,-0.0,9028.81,3,126.762,197.006,step
2026-09-01T13:13:17.703256+00:00,98.469,0.0005,0.15,0.0,-0.001,-0.0,9028.45,3,126.215,197.026,step
2026-09-01T13:13:17.704460+00:00,98.467,0.0005,0.15,0.0,-0.001,-0.0,9028.24,3,125.668,197.046,step
2026-09-01T13:13:17.705641+00:00,98.464,0.0005,0.15,0.0,-0.001,-0.0,9028.09,3,125.121,197.066,step
2026-09-01T13:13:17.706803+00:00,98.462,0.0005,0.15,0.0,-0.001,-0.0,9027.92,3,124.574,197.086,step
2026-09-01T13:13:17.707994+00:00,98.459,0.0005,0.15,0.0,-0.001,-0.0,9027.72,3,124.027,197.106,step
2026-09-01T13:13:17.709184+00:00,98.457,0.0005,0.15,0.0,-0.001,-0.0,9027.51,3,123.48,197.126,step
2026-09-01T13:13:17.710342+00:00,98.454,0.0005,0.15,0.0,-0.001,-0.0,9027.28,3,122.933,197.146,step
2026-09-01T13:13:17.711619+00:00,98.452,0.0005,0.15,0.0,-0.001,-0.0,9027.05,3,122.386,197.166,step
2026-09-01T13:13:17.712846+00:00,98.449,0.0005,0.15,0.0,-0.001,-0.0,9026.81,3,121.839,197.186,step
2026-09-01T13:13:17.714045+00:00,98.447,0.0005,0.15,0.0,-0.001,-0.0,9026.58,3,121.292,197.206,step
2026-09-01T13:13:17.715220+00:00,98.444,0.0005,0.15,0.0,-0.001,-0.0,9026.35,3,120.745,197.226,step
2026-09-01T13:13:17.716388+00:00,98.442,0.0005,0.15,0.0,-0.001,-0.0,9026.12,3,120.198,197.246,step
2026-09-01T13:13:17.717583+00:00,98.439,0.0005,0.0,0.15,-0.001,-0.0,9025.89,3,119.651,197.266,step
2026-09-01T13:13:17.718867+00:00,98.051,0.0004,0.0,0.15,-0.001,-0.0,8838.98,3,119.118,197.286,step
2026-09-01T13:13:17.720056+00:00,97.459,0.0004,0.0,0.15,-0.001,-0.0001,8781.63,3,118.61,197.306,step
2026-09-01T13:13:17.721236+00:00,96.867,0.0003,0.0,0.15,-0.001,-0.0002,8725.72,3,118.114,197.326,step
2026-09-01T13:13:17.722434+00:00,96.278,0.0002,0.0,0.15,-0.001,-0.0003,8671.84,3,117.625,197.346,step
2026-09-01T13:13:17.723591+00:00,95.691,0.0001,0.0,0.15,-0.001,-0.0004,8619.4,3,117.141,197.366,step
2026-09-01T13:13:17.724749+00:00,95.106,-0.0001,0.0,0.15,-0.001,-0.0004,8567.79,3,116.659,197.386,step
2026-09-01T13:13:17.725934+00:00,94.525,-0.0002,0.0,0.15,-0.0009,-0.0005,8516.52,3,116.18,197.406,step
2026-09-01T13:13:17.727266+00:00,93.945,-0.0003,0.0,0.15,-0.0009,-0.0006,8465.33,3,115.703,197.426,step
2026-09-01T13:13:17.728430+00:00,93.368,-0.0004,0.0,0.15,-0.0009,-0.0007,8414.17,3,115.229,197.446,step
2026-09-01T13:13:17.729617+00:00,92.793,-0.0005,0.0,0.15,-0.0008,-0.0008,8363.01,3,114.756,197.466,step
2026-09-01T13:13:17.730864+00:00,92.221,-0.0006,0.0,0.15,-0.0008,-0.0008,8311.92,3,114.272,197.486,step
2026-09-01T13:13:17.732042+00:00,91.65,-0.0007,0.15,0.0,-0.0007,-0.0009,8260.9,3,113.779,197.506,step
2026-09-01T13:13:17.733248+00:00,91.465,-0.0007,0.15,0.0,-0.0007,-0.0009,8392.65,3,113.27,197.526,step
2026-09-01T13:13:17.734464+00:00,91.477,-0.0007,0.15,0.0,-0.0006,-0.0008,8392.09,3,112.744,197.546,step
2026-09-01T13:13:17.735757+00:00,91.488,-0.0007,0.15,0.0,-0.0006,-0.0008,8391.63,3,112.209,197.566,step
2026-09-01T13:13:17.736996+00:00,91.499,-0.0006,0.15,0.0,-0.0005,-0.0007,8391.73,3,111.67,197.586,step
2026-09-01T13:13:17.738181+00:00,91.51,-0.0006,0.15,0.0,-0.0005,-0.0007,8392.45,3,111.13,197.606,step
2026-09-01T13:13:17.739369+00:00,91.52,-0.0005,0.15,0.0,-0.0004,-0.0006,8393.52,3,110.591,197.626,step
2026-09-01T13:13:17.740526+00:00,91.53,-0.0005,0.15,0.0,-0.0004,-0.0006,8394.94,3,110.052,197.646,step
2026-09-01T13:13:17.741693+00:00,91.54,-0.0005,0.15,0.0,-0.0003,-0.0005,8396.4,3,109.524,197.666,step
2026-09-01T13:13:17.742873+00:00,91.551,-0.0005,0.15,0.0,-0.0003,-0.0005,8397.6,3,109.007,197.686,step
2026-09-01T13:13:17.744191+00:00,91.561,-0.0005,0.15,0.0,-0.0002,-0.0005,8398.64,3,108.495,197.706,step
2026-09-01T13:13:17.745363+00:00,91.572,-0.0005,0.15,0.0,-0.0002,-0.0005,8399.57,3,107.985,197.726,step
2026-09-01T13:13:17.746548+00:00,91.582,-0.0005,0.15,0.0,-0.0001,-0.0005,8400.45,3,107.465,197.746,step
2026-09-01T13:13:17.747736+00:00,91.592,-0.0005,0.15,0.0,-0.0001,-0.0004,8401.32,3,106.933,197.766,step
2026-09-01T13:13:17.748912+00:00,91.602,-0.0004,0.15,0.0,-0.0001,-0.0004,8402.21,3,106.408,197.786,step
2026-09-01T13:13:17.750100+00:00,91.613,-0.0004,0.15,0.0,-0.0,-0.0004,8403.12,3,105.892,197.806,step
2026-09-01T13:13:17.751374+00:00,91.623,-0.0005,0.15,0.0,0.0,-0.0004,8404.04,3,105.381,197.826,step
2026-09-01T13:13:17.752567+00:00,91.633,-0.0005,0.15,0.0,0.0,-0.0004,8404.98,3,104.871,197.846,step
2026-09-01T13:13:17.753735+00:00,91.644,-0.0005,0.15,0.0,0.0001,-0.0004,8405.93,3,104.362,197.866,step
2026-09-01T13:13:17.754909+00:00,91.654,-0.0005,0.15,0.0,0.0001,-0.0004,8406.88,3,103.852,197.886,step
2026-09-01T13:13:17.756078+00:00,91.664,-0.0005,0.15,0.0,0.0001,-0.0004,8408.05,3,103.343,197.906,step
2026-09-01T13:13:17.757230+00:00,91.674,-0.0005,0.15,0.0,0.0002,-0.0004,8408.92,3,102.823,197.926,step
2026-09-01T13:13:17.758417+00:00,91.685,-0.0005,0.15,0.0,0.0002,-0.0003,8409.79,3,102.292,197.946,step
2026-09-01T13:13:17.759632+00:00,91.695,-0.0004,0.15,0.0,0.0002,-0.0003,8410.68,3,101.767,197.966,step
2026-09-01T13:13:17.760910+00:00,91.705,-0.0004,0.15,0.0,0.0002,-0.0003,8411.57,3,101.252,197.986,step
2026-09-01T13:13:17.762076+00:00,91.716,-0.0004,0.15,0.0,0.0003,-0.0003,8412.46,3,100.74,198.006,step
2026-09-01T13:13:17.763264+00:00,91.726,-0.0005,0.15,0.0,0.0003,-0.0003,8413.38,3,100.229,198.026,step
2026-09-01T13:13:17.764452+00:00,91.736,-0.0005,0.15,0.0,0.0003,-0.0003,8414.3,3,99.7195,198.046,step
2026-09-01T13:13:17.765651+00:00,91.746,-0.0005,0.15,0.0,0.0003,-0.0003,8415.24,3,99.2099,198.066,step
2026-09-01T13:13:17.766816+00:00,91.756,-0.0005,0.15,0.0,0.0004,-0.0003,8416.18,3,98.7002,198.086,step
2026-09-01T13:13:17.768012+00:00,91.766,-0.0005,0.15,0.0,0.0004,-0.0003,8417.13,3,98.1908,198.106,step
2026-09-01T13:13:17.769374+00:00,91.776,-0.0005,0.15,0.0,0.0004,-0.0002,8418.08,3,97.6708,198.126,step
2026-09-01T13:13:17.770573+00:00,91.787,-0.0005,0.15,0.0,0.0004,-0.0002,8419.02,3,97.1503,198.146,step
2026-09-01T13:13:17.771744+00:00,91.797,-0.0005,0.15,0.0,0.0004,-0.0002,8419.95,3,96.6361,198.166,step
2026-09-01T13:13:17.772943+00:00,91.807,-0.0005,0.15,0.0,0.0005,-0.0002,8420.86,3,96.1243,198.186,step
2026-09-01T13:13:17.774070+00:00,91.817,-0.0005,0.15,0.0,0.0005,-0.0002,8422.18,3,95.6139,198.206,step
2026-09-01T13:13:17.775215+00:00,91.827,-0.0005,0.15,0.0,0.0005,-0.0002,8422.96,3,95.1035,198.226,step
2026-09-01T13:13:17.776410+00:00,91.837,-0.0005,0.15,0.0,0.0005,-0.0002,8423.78,3,94.5933,198.246,step
2026-09-01T13:13:17.778051+00:00,91.847,-0.0005,0.15,0.0,0.0005,-0.0002,8424.63,3,94.0831,198.266,step
2026-09-01T13:13:17.779271+00:00,91.858,-0.0005,0.15,0.0,0.0005,-0.0002,8425.48,3,93.5633,198.286,step
2026-09-01T13:13:17.780443+00:00,91.868,-0.0005,0.15,0.0,0.0006,-0.0002,8426.36,3,93.0428,198.306,step
2026-09-01T13:13:17.781573+00:00,91.878,-0.0005,0.15,0.0,0.0006,-0.0001,8427.24,3,92.5282,198.326,step
2026-09-01T13:13:17.782717+00:00,91.888,-0.0005,0.15,0.0,0.0006,-0.0001,8428.16,3,92.0162,198.346,step
2026-09-01T13:13:17.783909+00:00,91.898,-0.0005,0.15,0.0,0.0006,-0.0001,8429.09,3,91.5051,198.366,step
2026-09-01T13:13:17.785128+00:00,91.908,-0.0005,0.15,0.0,0.0006,-0.0001,8430.04,3,90.9943,198.386,step
2026-09-01T13:13:17.786545+00:00,91.918,-0.0005,0.15,0.0,0.0006,-0.0001,8430.99,3,90.4835,198.406,step
2026-09-01T13:13:17.787706+00:00,91.928,-0.0005,0.15,0.0,0.0006,-0.0001,8431.95,3,89.9729,198.426,step
2026-09-01T13:13:17.788906+00:00,91.938,-0.0005,0.15,0.0,0.0006,-0.0001,8432.87,3,89.4621,198.446,step
2026-09-01T13:13:17.790049+00:00,91.948,-0.0005,0.15,0.0,0.0007,-0.0001,8433.79,3,88.9513,198.466,step
2026-09-01T13:13:17.791185+00:00,91.958,-0.0005,0.15,0.0,0.0007,-0.0001,8434.71,3,88.4404,198.486,step
2026-09-01T13:13:17.792384+00:00,91.968,-0.0005,0.15,0.0,0.0007,-0.0001,8436.09,3,87.921,198.506,step
2026-09-01T13:13:17.793542+00:00,91.978,-0.0005,0.15,0.0,0.0007,-0.0001,8436.95,3,87.4,198.526,step
2026-09-01T13:13:17.794812+00:00,91.989,-0.0004,0.15,0.0,0.0007,-0.0001,8437.67,3,86.8852,198.546,step
2026-09-01T13:13:17.795987+00:00,91.999,-0.0004,0.15,0.0,0.0007,-0.0001,8438.49,3,86.3725,198.566,step
2026-09-01T13:13:17.797143+00:00,92.009,-0.0004,0.0,0.15,0.0007,-0.0001,8439.31,3,85.8607,198.586,step
2026-09-01T13:13:17.798334+00:00,91.634,-0.0004,0.15,0.0,0.0007,-0.0001,8265.57,3,85.3424,198.606,step
2026-09-01T13:13:17.799499+00:00,91.449,-0.0004,0.15,0.0,0.0007,-0.0,8390.24,3,84.823,198.626,step
2026-09-01T13:13:17.800656+00:00,91.46,-0.0004,0.15,0.0,0.0007,-0.0,8390.2,3,84.3116,198.646,step
2026-09-01T13:13:17.801902+00:00,91.471,-0.0004,0.15,0.0,0.0007,-0.0,8390.71,3,83.8025,198.666,step
2026-09-01T13:13:17.803099+00:00,91.483,-0.0004,0.15,0.0,0.0007,-0.0,8391.3,3,83.2939,198.686,step
2026-09-01T13:13:17.804323+00:00,91.494,-0.0004,0.15,0.0,0.0007,-0.0,8392.02,3,82.7855,198.706,step
2026-09-01T13:13:17.805561+00:00,91.505,-0.0004,0.15,0.0,0.0007,-0.0,8392.9,3,82.277,198.726,step
2026-09-01T13:13:17.806735+00:00,91.516,-0.0004,0.15,0.0,0.0007,-0.0,8393.93,3,81.7685,198.746,step
2026-09-01T13:13:17.807899+00:00,91.527,-0.0004,0.15,0.0,0.0007,-0.0,8395.06,3,81.2601,198.766,step
2026-09-01T13:13:17.809095+00:00,91.538,-0.0004,0.15,0.0,0.0007,-0.0,8396.24,3,80.7518,198.786,step
2026-09-01T13:13:17.810466+00:00,91.549,-0.0004,0.15,0.0,0.0007,-0.0,8397.51,3,80.2432,198.806,step
2026-09-01T13:13:17.811643+00:00,91.56,-0.0004,0.15,0.0,0.0007,-0.0,8398.98,3,79.7344,198.826,step
2026-09-01T13:13:17.812827+00:00,91.571,-0.0004,0.15,0.0,0.0007,-0.0,8399.73,3,79.2257,198.846,step
2026-09-01T13:13:17.814017+00:00,91.582,-0.0004,0.15,0.0,0.0007,-0.0,8400.57,3,78.7168,198.866,step
2026-09-01T13:13:17.815162+00:00,91.594,-0.0004,0.15,0.0,0.0007,-0.0,8401.44,3,78.2081,198.886,step
2026-09-01T13:13:17.816316+00:00,91.605,-0.0004,0.15,0.0,0.0007,-0.0,8402.33,3,77.6991,198.906,step
2026-09-01T13:13:17.817497+00:00,91.616,-0.0004,0.15,0.0,0.0007,-0.0,8403.25,3,77.19,198.926,step
2026-09-01T13:13:17.818654+00:00,91.626,-0.0004,0.15,0.0,0.0007,-0.0,8404.22,3,76.6809,198.946,step
2026-09-01T13:13:17.819962+00:00,91.637,-0.0004,0.15,0.0,0.0007,-0.0,8405.23,3,76.1719,198.966,step
2026-09-01T13:13:17.821121+00:00,91.648,-0.0004,0.15,0.0,0.0007,-0.0,8406.27,3,75.6628,198.986,step
2026-09-01T13:13:17.822296+00:00,91.659,-0.0004,0.15,0.0,0.0007,-0.0,8407.32,3,75.1535,199.006,step
2026-09-01T13:13:17.823464+00:00,91.67,-0.0004,0.15,0.0,0.0007,-0.0,8408.39,3,74.6441,199.026,step
2026-09-01T13:13:17.824616+00:00,91.681,-0.0004,0.15,0.0,0.0007,-0.0,8409.45,3,74.1348,199.046,step
2026-09-01T13:13:17.825821+00:00,91.692,-0.0004,0.15,0.0,0.0007,-0.0,8410.48,3,73.6253,199.066,step
2026-09-01T13:13:17.827052+00:00,91.704,-0.0004,0.15,0.0,0.0007,-0.0,8411.48,3,73.1159,199.086,step
2026-09-01T13:13:17.828286+00:00,91.715,-0.0004,0.15,0.0,0.0007,-0.0,8412.45,3,72.6063,199.106,step
2026-09-01T13:13:17.829491+00:00,91.725,-0.0004,0.15,0.0,0.0007,-0.0,8414.25,3,72.0967,199.126,step
2026-09-01T13:13:17.830654+00:00,91.737,-0.0004,0.15,0.0,0.0007,-0.0,8414.94,3,71.587,199.146,step
2026-09-01T13:13:17.831792+00:00,91.748,-0.0004,0.15,0.0,0.0007,-0.0,8415.75,3,71.0773,199.166,step
2026-09-01T13:13:17.832966+00:00,91.759,-0.0004,0.15,0.0,0.0007,-0.0,8416.6,3,70.5676,199.186,step
2026-09-01T13:13:17.834138+00:00,91.771,-0.0004,0.15,0.0,0.0007,-0.0,8417.47,3,70.0577,199.206,step
2026-09-01T13:13:17.835362+00:00,91.782,-0.0004,0.15,0.0,0.0007,-0.0,8418.39,3,69.5477,199.226,step
2026-09-01T13:13:17.836574+00:00,91.793,-0.0004,0.15,0.0,0.0007,-0.0,8419.36,3,69.0377,199.246,step
2026-09-01T13:13:17.837746+00:00,91.804,-0.0004,0.15,0.0,0.0007,-0.0,8420.37,3,68.5277,199.266,step
2026-09-01T13:13:17.838904+00:00,91.814,-0.0004,0.15,0.0,0.0007,-0.0,8421.43,3,68.0177,199.286,step
2026-09-01T13:13:17.840055+00:00,91.826,-0.0004,0.15,0.0,0.0007,-0.0,8422.48,3,67.5075,199.306,step
2026-09-01T13:13:17.841200+00:00,91.837,-0.0004,0.15,0.0,0.0007,-0.0,8423.57,3,66.9971,199.326,step
2026-09-01T13:13:17.842391+00:00,91.848,-0.0004,0.15,0.0,0.0007,-0.0,8424.64,3,66.4869,199.346,step
2026-09-01T13:13:17.843555+00:00,91.859,-0.0004,0.15,0.0,0.0007,-0.0,8425.68,3,65.9765,199.366,step
2026-09-01T13:13:17.844856+00:00,91.87,-0.0004,0.15,0.0,0.0007,-0.0,8426.69,3,65.4662,199.386,step
2026-09-01T13:13:17.846004+00:00,91.881,-0.0004,0.15,0.0,0.0007,-0.0,8427.67,3,64.9556,199.406,step
2026-09-01T13:13:17.847157+00:00,91.892,-0.0004,0.15,0.0,0.0007,-0.0,8429.68,3,64.4451,199.426,step
2026-09-01T13:13:17.848311+00:00,91.904,-0.0004,0.15,0.0,0.0007,-0.0,8430.33,3,63.9345,199.446,step
2026-09-01T13:13:17.849448+00:00,91.915,-0.0004,0.15,0.0,0.0007,-0.0,8431.08,3,63.4238,199.466,step
2026-09-01T13:13:17.850558+00:00,91.927,-0.0004,0.15,0.0,0.0007,-0.0,8431.91,3,62.9133,199.486,step
2026-09-01T13:13:17.851732+00:00,91.938,-0.0004,0.15,0.0,0.0007,-0.0,8432.75,3,62.4024,199.506,step
2026-09-01T13:13:17.852928+00:00,91.949,-0.0004,0.15,0.0,0.0007,-0.0,8433.65,3,61.8914,199.526,step
2026-09-01T13:13:17.854072+00:00,91.96,-0.0004,0.15,0.0,0.0007,-0.0,8434.62,3,61.3805,199.546,step
2026-09-01T13:13:17.855250+00:00,91.971,-0.0004,0.15,0.0,0.0007,-0.0,8435.63,3,60.8696,199.566,step
2026-09-01T13:13:17.856404+00:00,91.982,-0.0004,0.15,0.0,0.0007,-0.0,8436.69,3,60.3587,199.586,step
2026-09-01T13:13:17.857556+00:00,91.993,-0.0004,0.15,0.0,0.0007,-0.0,8437.76,3,59.8474,199.606,step
2026-09-01T13:13:17.858710+00:00,92.004,-0.0004,0.0,0.15,0.0007,-0.0,8438.88,3,59.3362,199.626,step
2026-09-01T13:13:17.859946+00:00,91.633,-0.0004,0.0,0.15,0.0007,-0.0,8264.97,3,58.8218,199.646,step
2026-09-01T13:13:17.861106+00:00,91.065,-0.0003,0.0,0.15,0.0007,0.0,8210.26,3,58.3021,199.666,step
2026-09-01T13:13:17.862261+00:00,90.497,-0.0002,0.0,0.15,0.0007,0.0001,8156.83,3,57.7816,199.686,step
2026-09-01T13:13:17.863442+00:00,89.932,-0.0002,0.0,0.15,0.0007,0.0002,8105.3,3,57.2633,199.706,step
2026-09-01T13:13:17.864656+00:00,89.371,-0.0001,0.0,0.15,0.0007,0.0002,8052.62,3,56.7479,199.726,step
2026-09-01T13:13:17.865859+00:00,88.811,0.0,0.0,0.15,0.0007,0.0003,8003.55,3,56.2358,199.746,step
2026-09-01T13:13:17.867054+00:00,88.253,0.0001,0.0,0.15,0.0007,0.0004,7955.36,3,55.727,199.766,step
2026-09-01T13:13:17.868236+00:00,87.697,0.0002,0.0,0.15,0.0007,0.0004,7906.84,3,55.2219,199.786,step
2026-09-01T13:13:17.869576+00:00,87.143,0.0003,0.0,0.15,0.0007,0.0005,7857.93,3,54.7209,199.806,step
