timestamp,speed,steering,throttle,brake,track_position,angle,rpm,gear,track_sensor_center,lap_time,event
2026-08-31T19:07:22.799735+00:00,-0.009,-0.1582,0.8,0.0,0.3334,0.0082,5235.99,1,62.0267,-0.982,step
2026-08-31T19:07:22.801020+00:00,-0.009,-0.1582,0.8,0.0,0.3334,0.0082,5356.17,1,62.0267,-0.962,step
2026-08-31T19:07:22.801710+00:00,-0.009,-0.1582,0.8,0.0,0.3334,0.0082,5479.34,1,62.0267,-0.942,step
2026-08-31T19:07:22.802378+00:00,-0.009,-0.1582,0.8,0.0,0.3334,0.0082,5605.57,1,62.0267,-0.922,step
2026-08-31T19:07:22.803047+00:00,-0.009,-0.1582,0.8,0.0,0.3334,0.0082,5734.92,1,62.0267,-0.902,step
2026-08-31T19:07:22.803729+00:00,-0.009,-0.1582,0.8,0.0,0.3334,0.0082,5867.48,1,62.0267,-0.882,step
2026-08-31T19:07:22.804474+00:00,-0.009,-0.1582,0.8,0.0,0.3334,0.0082,6003.31,1,62.0267,-0.862,step
2026-08-31T19:07:22.805355+00:00,-0.009,-0.1582,0.8,0.0,0.3334,0.0082,6142.48,1,62.0267,-0.842,step
2026-08-31T19:07:22.806189+00:00,-0.009,-0.1582,0.8,0.0,0.3334,0.0082,6285.09,1,62.0267,-0.822,step
2026-08-31T19:07:22.806906+00:00,-0.009,-0.1582,0.8,0.0,0.3334,0.0082,6431.2,1,62.0267,-0.802,step
2026-08-31T19:07:22.807594+00:00,-0.009,-0.1582,0.8,0.0,0.3334,0.0082,6580.9,1,62.0267,-0.782,step
2026-08-31T19:07:22.808290+00:00,-0.009,-0.1582,0.8,0.0,0.3334,0.0082,6734.27,1,62.0267,-0.762,step
2026-08-31T19:07:22.809006+00:00,-0.009,-0.1582,0.8,0.0,0.3334,0.0082,6891.39,1,62.0267,-0.742,step
2026-08-31T19:07:22.809681+00:00,-0.009,-0.1582,0.8,0.0,0.3334,0.0082,7052.35,1,62.0267,-0.722,step
2026-08-31T19:07:22.810361+00:00,-0.009,-0.1582,0.8,0.0,0.3334,0.0082,7217.24,1,62.0267,-0.702,step
2026-08-31T19:07:22.810993+00:00,-0.009,-0.1582,0.8,0.0,0.3334,0.0082,7386.14,1,62.0267,-0.682,step
2026-08-31T19:07:22.811662+00:00,-0.009,-0.1582,0.8,0.0,0.3334,0.0082,7559.14,1,62.0267,-0.662,step
2026-08-31T19:07:22.812405+00:00,-0.009,-0.1582,0.8,0.0,0.3334,0.0082,7736.33,1,62.0267,-0.642,step
2026-08-31T19:07:22.813103+00:00,-0.009,-0.1582,0.8,0.0,0.3334,0.0082,7917.82,1,62.0267,-0.622,step
2026-08-31T19:07:22.814007+00:00,-0.009,-0.1582,0.8,0.0,0.3334,0.0082,8103.68,1,62.0267,-0.602,step
2026-08-31T19:07:22.814823+00:00,-0.009,-0.1582,0.8,0.0,0.3334,0.0082,8294.03,1,62.0267,-0.582,step
2026-08-31T19:07:22.815582+00:00,-0.009,-0.1582,0.8,0.0,0.3334,0.0082,8488.95,1,62.0267,-0.562,step
2026-08-31T19:07:22.816244+00:00,-0.009,-0.1582,0.8,0.0,0.3334,0.0082,8688.55,1,62.0267,-0.542,step
2026-08-31T19:07:22.816921+00:00,-0.009,-0.1582,0.8,0.0,0.3334,0.0082,8892.93,1,62.0267,-0.522,step
2026-08-31T19:07:22.817575+00:00,-0.009,-0.1582,0.8,0.0,0.3334,0.0082,9102.19,1,62.0267,-0.502,step
2026-08-31T19:07:22.818221+00:00,-0.009,-0.1582,0.8,0.0,0.3334,0.0082,9316.43,1,62.0267,-0.482,step
2026-08-31T19:07:22.818883+00:00,-0.009,-0.1582,0.8,0.0,0.3334,0.0082,9535.22,1,62.0267,-0.462,step
2026-08-31T19:07:22.819539+00:00,-0.009,-0.1582,0.8,0.0,0.3334,0.0082,9754.55,1,62.0267,-0.442,step
2026-08-31T19:07:22.820192+00:00,-0.009,-0.1582,0.8,0.0,0.3334,0.0082,9973.62,1,62.0267,-0.422,step
2026-08-31T19:07:22.820850+00:00,-0.009,-0.1582,0.8,0.0,0.3334,0.0082,10192.4,1,62.0267,-0.402,step
2026-08-31T19:07:22.821525+00:00,-0.009,-0.1582,0.8,0.0,0.3334,0.0082,10411.0,1,62.0267,-0.382,step
2026-08-31T19:07:22.822266+00:00,-0.009,-0.1582,0.8,0.0,0.3334,0.0082,10629.3,1,62.0267,-0.362,step
2026-08-31T19:07:22.823163+00:00,-0.009,-0.1582,0.8,0.0,0.3334,0.0082,10847.3,1,62.0267,-0.342,step
2026-08-31T19:07:22.823823+00:00,-0.009,-0.1582,0.8,0.0,0.3334,0.0082,11065.1,1,62.0267,-0.322,step
2026-08-31T19:07:22.824555+00:00,-0.009,-0.1582,0.8,0.0,0.3334,0.0082,11282.6,1,62.0267,-0.302,step
2026-08-31T19:07:22.825235+00:00,-0.009,-0.1582,0.8,0.0,0.3334,0.0082,11499.9,1,62.0267,-0.282,step
2026-08-31T19:07:22.825924+00:00,-0.009,-0.1582,0.8,0.0,0.3334,0.0082,11716.9,1,62.0267,-0.262,step
2026-08-31T19:07:22.826584+00:00,-0.009,-0.1582,0.8,0.0,0.3334,0.0082,11933.7,1,62.0267,-0.242,step
2026-08-31T19:07:22.827250+00:00,-0.009,-0.1582,0.8,0.0,0.3334,0.0082,12150.2,1,62.0267,-0.222,step
2026-08-31T19:07:22.827903+00:00,-0.009,-0.1582,0.8,0.0,0.3334,0.0082,12366.4,1,62.0267,-0.202,step
2026-08-31T19:07:22.828555+00:00,-0.009,-0.1582,0.8,0.0,0.3334,0.0082,12582.4,1,62.0267,-0.182,step
2026-08-31T19:07:22.829205+00:00,-0.009,-0.1582,0.8,0.0,0.3334,0.0082,12798.5,1,62.0267,-0.162,step
2026-08-31T19:07:22.829915+00:00,-0.009,-0.1582,0.8,0.0,0.3334,0.0082,13015.0,1,62.0267,-0.142,step
2026-08-31T19:07:22.830643+00:00,-0.009,-0.1582,0.8,0.0,0.3334,0.0082,13231.9,1,62.0267,-0.122,step
2026-08-31T19:07:22.831541+00:00,-0.009,-0.1582,0.8,0.0,0.3334,0.0082,13449.1,1,62.0267,-0.102,step
2026-08-31T19:07:22.832195+00:00,-0.009,-0.1582,0.8,0.0,0.3334,0.0082,13666.8,1,62.0267,-0.082,step
2026-08-31T19:07:22.832926+00:00,-0.009,-0.1582,0.8,0.0,0.3334,0.0082,13884.9,1,62.0267,-0.062,step
2026-08-31T19:07:22.833635+00:00,-0.009,-0.1582,0.8,0.0,0.3334,0.0082,14103.3,1,62.0267,-0.042,step
2026-08-31T19:07:22.834345+00:00,-0.009,-0.1582,0.8,0.0,0.3334,0.0082,14322.2,1,62.0267,-0.022,step
2026-08-31T19:07:22.835747+00:00,-0.017,-0.1577,0.8,0.0,0.3335,0.0087,14761.1,1,61.8894,0.018,step
2026-08-31T19:07:22.836971+00:00,0.18,-0.1577,0.8,0.0,0.3334,0.0087,5249.36,1,61.8926,0.038,step
2026-08-31T19:07:22.838285+00:00,0.164,-0.1577,0.8,0.0,0.3334,0.0087,5264.23,1,61.8911,0.058,step
2026-08-31T19:07:22.839672+00:00,0.195,-0.1578,0.8,0.0,0.3334,0.0086,5235.99,1,61.9185,0.078,step
2026-08-31T19:07:22.841063+00:00,0.753,-0.1576,0.8,0.0,0.3334,0.0088,5235.99,1,61.8629,0.098,step
2026-08-31T19:07:22.842264+00:00,1.623,-0.1574,0.8,0.0,0.3334,0.0089,5235.99,1,61.8168,0.118,step
2026-08-31T19:07:22.843522+00:00,2.294,-0.1572,0.8,0.0,0.3333,0.0091,5235.99,1,61.7469,0.138,step
2026-08-31T19:07:22.844844+00:00,3.002,-0.1569,0.8,0.0,0.3333,0.0094,5235.99,1,61.6689,0.158,step
2026-08-31T19:07:22.846088+00:00,3.735,-0.1565,0.8,0.0,0.3331,0.0097,5235.99,1,61.5646,0.178,step
2026-08-31T19:07:22.847320+00:00,4.455,-0.156,0.8,0.0,0.333,0.0101,5235.99,1,61.4265,0.198,step
2026-08-31T19:07:22.848854+00:00,5.154,-0.1555,0.8,0.0,0.3329,0.0105,5235.99,1,61.2675,0.218,step
2026-08-31T19:07:22.850072+00:00,5.855,-0.1548,0.8,0.0,0.3327,0.0111,5235.99,1,61.085,0.238,step
2026-08-31T19:07:22.851378+00:00,6.577,-0.154,0.8,0.0,0.3325,0.0117,5235.99,1,60.8641,0.26,step
2026-08-31T19:07:22.852614+00:00,7.276,-0.1532,0.8,0.0,0.3322,0.0124,5235.99,1,60.6334,0.28,step
2026-08-31T19:07:22.853857+00:00,7.992,-0.1523,0.8,0.0,0.332,0.0132,5235.99,1,60.3825,0.3,step
2026-08-31T19:07:22.855100+00:00,8.715,-0.1513,0.8,0.0,0.3317,0.014,5235.99,1,60.1111,0.32,step
2026-08-31T19:07:22.856513+00:00,9.435,-0.1502,0.8,0.0,0.3314,0.0149,5235.99,1,59.8211,0.34,step
2026-08-31T19:07:22.857776+00:00,10.145,-0.149,0.8,0.0,0.331,0.0159,5235.99,1,59.5131,0.36,step
2026-08-31T19:07:22.858995+00:00,10.847,-0.1478,0.8,0.0,0.3306,0.0169,5235.99,1,59.1871,0.38,step
2026-08-31T19:07:22.860177+00:00,11.545,-0.1465,0.8,0.0,0.3302,0.018,5235.99,1,58.844,0.4,step
2026-08-31T19:07:22.861315+00:00,12.244,-0.1451,0.8,0.0,0.3298,0.0191,5235.99,1,58.4855,0.42,step
2026-08-31T19:07:22.862515+00:00,12.946,-0.1436,0.8,0.0,0.3293,0.0203,5235.99,1,58.1113,0.44,step
2026-08-31T19:07:22.863800+00:00,13.65,-0.142,0.8,0.0,0.3287,0.0215,5235.99,1,57.7217,0.46,step
2026-08-31T19:07:22.865225+00:00,14.354,-0.1404,0.8,0.0,0.3282,0.0228,5235.99,1,57.3199,0.48,step
2026-08-31T19:07:22.866533+00:00,15.129,-0.1385,0.8,0.0,0.3275,0.0243,5235.99,1,56.8646,0.502,step
2026-08-31T19:07:22.867753+00:00,15.834,-0.1367,0.8,0.0,0.3268,0.0257,5235.99,1,56.4397,0.522,step
2026-08-31T19:07:22.869007+00:00,16.538,-0.1349,0.8,0.0,0.3261,0.0271,5235.99,1,56.0029,0.542,step
2026-08-31T19:07:22.870315+00:00,17.242,-0.1329,0.8,0.0,0.3254,0.0286,5235.99,1,55.5567,0.562,step
2026-08-31T19:07:22.871645+00:00,17.947,-0.1309,0.8,0.0,0.3246,0.0302,5235.99,1,55.1026,0.582,step
2026-08-31T19:07:22.873127+00:00,18.651,-0.1289,0.8,0.0,0.3237,0.0317,5235.99,1,54.6411,0.602,step
2026-08-31T19:07:22.874372+00:00,19.355,-0.1267,0.8,0.0,0.3228,0.0334,5235.99,1,54.1727,0.622,step
2026-08-31T19:07:22.875609+00:00,20.059,-0.1246,0.8,0.0,0.3218,0.035,5235.99,1,53.6985,0.642,step
2026-08-31T19:07:22.876835+00:00,20.763,-0.1223,0.8,0.0,0.3208,0.0367,5235.99,1,53.2188,0.662,step
2026-08-31T19:07:22.878053+00:00,21.466,-0.12,0.8,0.0,0.3197,0.0384,5235.99,1,52.7367,0.682,step
2026-08-31T19:07:22.879320+00:00,22.17,-0.1176,0.8,0.0,0.3186,0.0401,5235.99,1,52.251,0.702,step
2026-08-31T19:07:22.880703+00:00,22.873,-0.1152,0.8,0.0,0.3174,0.0418,5235.99,1,51.7617,0.722,step
2026-08-31T19:07:22.881945+00:00,23.577,-0.1127,0.8,0.0,0.3161,0.0436,5235.99,1,51.2716,0.742,step
2026-08-31T19:07:22.883232+00:00,24.28,-0.1102,0.8,0.0,0.3148,0.0454,5235.99,1,50.78,0.762,step
2026-08-31T19:07:22.884465+00:00,24.983,-0.1077,0.8,0.0,0.3133,0.0472,5235.99,1,50.2882,0.782,step
2026-08-31T19:07:22.885639+00:00,25.686,-0.105,0.8,0.0,0.3119,0.049,5235.99,1,49.7959,0.802,step
2026-08-31T19:07:22.886855+00:00,26.388,-0.1024,0.8,0.0,0.3103,0.0508,5235.99,1,49.3043,0.822,step
2026-08-31T19:07:22.888174+00:00,27.091,-0.0997,0.8,0.0,0.3087,0.0526,5235.99,1,48.8154,0.842,step
2026-08-31T19:07:22.889689+00:00,27.793,-0.0969,0.8,0.0,0.3069,0.0544,5235.99,1,48.3272,0.862,step
2026-08-31T19:07:22.890909+00:00,28.495,-0.0941,0.8,0.0,0.3052,0.0562,5235.99,1,47.8408,0.882,step
2026-08-31T19:07:22.892128+00:00,29.197,-0.0913,0.8,0.0,0.3033,0.058,5235.99,1,47.3576,0.902,step
2026-08-31T19:07:22.893356+00:00,29.899,-0.0885,0.8,0.0,0.3013,0.0598,5235.99,1,46.878,0.922,step
2026-08-31T19:07:22.894544+00:00,30.601,-0.0856,0.8,0.0,0.2993,0.0616,5235.99,1,46.4025,0.942,step
2026-08-31T19:07:22.895757+00:00,31.303,-0.0827,0.8,0.0,0.2972,0.0634,5277.44,1,45.929,0.962,step
2026-08-31T19:07:22.897244+00:00,32.01,-0.0798,0.8,0.0,0.295,0.0652,5420.32,1,45.4587,0.982,step
2026-08-31T19:07:22.898635+00:00,32.803,0.1235,0.8,0.0,0.2925,0.0671,5602.75,1,44.9446,1.004,step
2026-08-31T19:07:22.899935+00:00,33.54,0.1249,0.8,0.0,0.2902,0.0674,5789.52,1,44.7113,1.024,step
2026-08-31T19:07:22.901194+00:00,34.284,0.1235,0.8,0.0,0.2882,0.0651,6010.84,1,44.8861,1.044,step
2026-08-31T19:07:22.902359+00:00,35.058,-0.0788,0.8,0.0,0.2864,0.062,6270.45,1,45.196,1.064,step
2026-08-31T19:07:22.903539+00:00,35.858,-0.0797,0.8,0.0,0.2846,0.0603,6578.63,1,45.2842,1.084,step
2026-08-31T19:07:22.904761+00:00,36.669,0.1225,0.8,0.0,0.2825,0.0614,6963.85,1,44.9022,1.104,step
2026-08-31T19:07:22.906264+00:00,37.499,0.1241,0.8,0.0,0.2803,0.0619,7467.91,1,44.6159,1.124,step
2026-08-31T19:07:22.907496+00:00,38.331,0.1227,0.15,0.0,0.2784,0.0596,8146.96,1,44.7817,1.144,step
2026-08-31T19:07:22.908759+00:00,39.148,-0.08,0.8,0.0,0.2766,0.0561,6570.52,1,45.1465,1.164,step
2026-08-31T19:07:22.909973+00:00,39.9,-0.0812,0.8,0.0,0.2747,0.0541,7212.06,1,45.2638,1.184,step
2026-08-31T19:07:22.911161+00:00,40.696,0.1209,0.15,0.0,0.2726,0.0551,7887.33,1,44.8667,1.204,step
2026-08-31T19:07:22.912323+00:00,41.434,0.1226,0.15,0.0,0.2705,0.0556,6498.1,1,44.5465,1.224,step
2026-08-31T19:07:22.913618+00:00,41.554,0.1214,0.15,0.0,0.2686,0.0537,6496.4,1,44.6506,1.244,step
2026-08-31T19:07:22.915106+00:00,41.666,0.1194,0.15,0.0,0.267,0.0509,6517.92,1,44.8868,1.264,step
2026-08-31T19:07:22.916330+00:00,41.781,-0.0829,0.8,0.0,0.2656,0.048,6537.43,1,45.1605,1.284,step
2026-08-31T19:07:22.917550+00:00,42.335,-0.0834,0.8,0.0,0.2641,0.0468,7667.18,1,45.1458,1.304,step
2026-08-31T19:07:22.918851+00:00,43.094,0.1194,0.15,0.0,0.2623,0.0486,8617.52,1,44.5929,1.324,step
2026-08-31T19:07:22.920180+00:00,43.872,0.1215,0.15,0.0,0.2604,0.0498,7111.42,1,44.1651,1.344,step
2026-08-31T19:07:22.921458+00:00,44.099,0.1203,0.15,0.0,0.2587,0.0478,6891.08,1,44.2593,1.364,step
2026-08-31T19:07:22.922915+00:00,44.212,0.1181,0.15,0.0,0.2573,0.045,6912.2,1,44.4991,1.384,step
2026-08-31T19:07:22.924197+00:00,44.33,0.1158,0.15,0.0,0.256,0.0422,6934.29,1,44.7449,1.404,step
2026-08-31T19:07:22.925532+00:00,44.448,-0.0866,0.8,0.0,0.2548,0.0393,6954.69,1,45.0142,1.424,step
2026-08-31T19:07:22.926809+00:00,45.007,-0.0874,0.8,0.0,0.2536,0.038,8254.1,1,45.014,1.444,step
2026-08-31T19:07:22.928058+00:00,45.768,0.1153,0.15,0.0,0.2521,0.0398,9431.81,1,44.4458,1.464,step
2026-08-31T19:07:22.929406+00:00,46.568,0.1175,0.15,0.0,0.2505,0.0411,7852.54,1,43.9627,1.484,step
2026-08-31T19:07:22.930777+00:00,46.935,0.1162,0.15,0.0,0.2491,0.0392,7332.49,1,44.0341,1.504,step
2026-08-31T19:07:22.932302+00:00,47.049,0.1153,0.15,0.0,0.2472,0.0375,7353.24,1,44.2776,1.524,step
2026-08-31T19:07:22.933625+00:00,47.164,0.1145,0.15,0.0,0.2461,0.0361,7375.06,1,44.5777,1.544,step
2026-08-31T19:07:22.934994+00:00,47.282,0.1135,0.15,0.0,0.2451,0.0347,7395.49,1,44.902,1.564,step
2026-08-31T19:07:22.936355+00:00,47.401,-0.0875,0.8,0.0,0.2441,0.0332,7414.8,1,45.2418,1.584,step
2026-08-31T19:07:22.937693+00:00,47.977,-0.0867,0.8,0.0,0.2431,0.0336,8864.1,1,45.2511,1.604,step
2026-08-31T19:07:22.939120+00:00,48.398,0.1179,0.15,0.0,0.2416,0.0372,10974.0,1,44.6324,1.624,step
2026-08-31T19:07:22.940452+00:00,49.115,0.1223,0.15,0.0,0.24,0.0407,9514.28,1,44.0588,1.644,step
2026-08-31T19:07:22.941714+00:00,49.879,0.1231,0.15,0.0,0.2385,0.0408,8086.72,1,44.1074,1.664,step
2026-08-31T19:07:22.942978+00:00,50.128,0.1225,0.15,0.0,0.2372,0.0395,7829.17,2,44.4107,1.684,step
2026-08-31T19:07:22.944221+00:00,50.133,0.1214,0.15,0.0,0.2359,0.0379,5825.71,2,44.7927,1.704,step
2026-08-31T19:07:22.945469+00:00,50.103,-0.0801,0.8,0.0,0.2348,0.0359,5840.56,2,45.269,1.724,step
2026-08-31T19:07:22.946758+00:00,50.093,-0.0797,0.8,0.0,0.2335,0.0357,5792.74,2,45.4129,1.744,step
2026-08-31T19:07:22.948153+00:00,50.515,0.1244,0.15,0.0,0.2318,0.0388,6203.1,2,44.8743,1.764,step
2026-08-31T19:07:22.949456+00:00,50.762,0.1277,0.15,0.0,0.2299,0.0411,5884.39,2,44.5083,1.784,step
2026-08-31T19:07:22.950788+00:00,50.825,0.1275,0.15,0.0,0.2284,0.0401,5893.1,2,44.7846,1.804,step
2026-08-31T19:07:22.952144+00:00,50.895,-0.0738,0.8,0.0,0.227,0.0382,5901.97,2,45.2619,1.824,step
2026-08-31T19:07:22.953573+00:00,51.338,-0.0731,0.8,0.0,0.2256,0.0382,6297.2,2,45.3809,1.844,step
2026-08-31T19:07:22.954932+00:00,51.954,0.1312,0.0,0.15,0.2237,0.0414,6394.55,2,44.82,1.864,step
2026-08-31T19:07:22.956533+00:00,51.805,0.1347,0.0,0.15,0.2217,0.0438,5905.83,2,44.4332,1.884,step
2026-08-31T19:07:22.957842+00:00,51.302,0.135,0.0,0.15,0.2199,0.0432,5842.11,2,44.6426,1.904,step
2026-08-31T19:07:22.959218+00:00,50.806,-0.0662,0.8,0.0,0.2183,0.0413,5781.64,2,45.1442,1.924,step
2026-08-31T19:07:22.960546+00:00,51.117,-0.0658,0.8,0.0,0.2167,0.0409,6348.34,2,45.3516,1.944,step
2026-08-31T19:07:22.961956+00:00,51.738,0.1382,0.0,0.15,0.2147,0.0438,6448.79,2,44.8411,1.964,step
2026-08-31T19:07:22.963342+00:00,51.628,0.1416,0.0,0.15,0.2125,0.046,5884.72,2,44.4934,1.984,step
2026-08-31T19:07:22.964829+00:00,51.064,0.1416,0.15,0.0,0.2104,0.0451,5821.87,2,44.8132,2.006,step
2026-08-31T19:07:22.966208+00:00,51.035,-0.0599,0.8,0.0,0.2087,0.0428,5916.56,2,45.4466,2.028,step
2026-08-31T19:07:22.967664+00:00,51.546,-0.0592,0.8,0.0,0.2069,0.0426,6308.66,2,45.6511,2.05,step
2026-08-31T19:07:22.969060+00:00,52.229,-0.0547,0.8,0.0,0.2046,0.0458,6409.14,2,45.0689,2.072,step
2026-08-31T19:07:22.970514+00:00,52.938,0.1509,0.0,0.15,0.202,0.05,6494.62,2,44.3099,2.094,step
2026-08-31T19:07:22.972011+00:00,52.74,0.1547,0.0,0.15,0.1992,0.0522,6010.05,2,43.9572,2.116,step
2026-08-31T19:07:22.973490+00:00,52.171,0.1547,0.0,0.15,0.1968,0.0511,5938.46,2,44.3312,2.138,step
2026-08-31T19:07:22.974925+00:00,51.613,-0.0472,0.8,0.0,0.1947,0.0483,5870.6,2,45.1167,2.16,step
2026-08-31T19:07:22.976408+00:00,51.985,-0.0471,0.8,0.0,0.1926,0.0473,6491.56,2,45.496,2.182,step
2026-08-31T19:07:22.977752+00:00,52.691,0.1573,0.0,0.15,0.19,0.0503,6595.83,2,44.9673,2.204,step
2026-08-31T19:07:22.979148+00:00,52.541,0.1604,0.0,0.15,0.1873,0.052,5988.91,2,44.7485,2.226,step
2026-08-31T19:07:22.980651+00:00,51.978,-0.0404,0.8,0.0,0.185,0.0502,5919.34,2,45.3412,2.248,step
2026-08-31T19:07:22.982006+00:00,52.363,-0.0401,0.8,0.0,0.1828,0.0494,6486.97,2,45.7192,2.27,step
2026-08-31T19:07:22.983326+00:00,53.07,-0.036,0.8,0.0,0.1801,0.052,6588.95,2,45.2757,2.292,step
2026-08-31T19:07:22.984697+00:00,53.812,0.1691,0.0,0.15,0.1771,0.0555,6651.61,2,44.6354,2.314,step
2026-08-31T19:07:22.986025+00:00,53.643,0.1724,0.0,0.15,0.1741,0.0572,6114.3,2,44.4098,2.336,step
2026-08-31T19:07:22.987377+00:00,53.065,0.1721,0.0,0.15,0.1714,0.0556,6042.43,2,44.9546,2.358,step
2026-08-31T19:07:22.988794+00:00,52.495,-0.0301,0.8,0.0,0.1691,0.0524,5977.45,2,45.967,2.38,step
2026-08-31T19:07:22.990357+00:00,52.895,-0.0306,0.8,0.0,0.1668,0.0509,6566.92,2,46.5867,2.402,step
2026-08-31T19:07:22.991704+00:00,53.61,-0.0268,0.8,0.0,0.1641,0.0531,6667.92,2,46.2267,2.424,step
2026-08-31T19:07:22.992984+00:00,54.361,-0.022,0.8,0.0,0.1611,0.0563,6729.89,2,45.6336,2.446,step
2026-08-31T19:07:22.994282+00:00,55.122,-0.017,0.8,0.0,0.1578,0.0595,6788.0,2,45.039,2.468,step
2026-08-31T19:07:22.995628+00:00,55.881,0.1879,0.0,0.15,0.1543,0.0626,6865.81,2,44.4898,2.49,step
2026-08-31T19:07:22.996997+00:00,55.7,0.1909,0.0,0.15,0.1508,0.0639,6346.36,2,44.3895,2.512,step
2026-08-31T19:07:22.998466+00:00,55.099,-0.0096,0.8,0.0,0.1477,0.0618,6269.55,2,45.1337,2.534,step
2026-08-31T19:07:22.999827+00:00,55.456,-0.0099,0.8,0.0,0.1447,0.0601,6964.42,2,45.8305,2.556,step
2026-08-31T19:07:23.001225+00:00,56.193,-0.0066,0.8,0.0,0.1413,0.0616,7124.25,2,45.6727,2.578,step
2026-08-31T19:07:23.002550+00:00,56.988,-0.0024,0.8,0.0,0.1377,0.064,7211.95,2,45.2932,2.6,step
2026-08-31T19:07:23.003985+00:00,57.814,0.2021,0.0,0.15,0.1339,0.0665,7259.27,2,44.8961,2.622,step
2026-08-31T19:07:23.005526+00:00,57.714,0.2047,0.0,0.15,0.1301,0.0672,6576.94,2,44.9695,2.644,step
2026-08-31T19:07:23.006915+00:00,57.117,0.0038,0.8,0.0,0.1267,0.0647,6499.42,2,45.9273,2.666,step
2026-08-31T19:07:23.008255+00:00,57.471,0.0032,0.8,0.0,0.1235,0.0625,7233.55,2,46.8671,2.688,step
2026-08-31T19:07:23.009555+00:00,58.234,0.0059,0.8,0.0,0.1199,0.0634,7408.15,2,46.9337,2.71,step
2026-08-31T19:07:23.010900+00:00,59.085,0.0096,0.8,0.0,0.1162,0.0651,7452.92,2,46.7393,2.732,step
2026-08-31T19:07:23.012201+00:00,59.946,0.0136,0.8,0.0,0.1122,0.0671,7485.59,2,46.5069,2.754,step
2026-08-31T19:07:23.013629+00:00,60.793,0.0176,0.8,0.0,0.108,0.0689,7553.0,2,46.2949,2.776,step
2026-08-31T19:07:23.015142+00:00,61.624,0.0216,0.8,0.0,0.1037,0.0707,7666.43,2,46.1214,2.798,step
2026-08-31T19:07:23.016434+00:00,62.447,0.0255,0.8,0.0,0.0993,0.0723,7824.17,2,45.9972,2.82,step
2026-08-31T19:07:23.017754+00:00,63.276,0.0293,0.8,0.0,0.0946,0.0738,8008.73,2,45.9275,2.842,step
2026-08-31T19:07:23.019114+00:00,64.121,0.033,0.8,0.0,0.0899,0.075,8203.92,2,45.9259,2.864,step
2026-08-31T19:07:23.020476+00:00,64.989,0.0364,0.8,0.0,0.085,0.076,8402.09,2,46.0085,2.886,step
2026-08-31T19:07:23.021912+00:00,65.879,0.0397,0.8,0.0,0.0799,0.0767,8605.71,2,46.1748,2.908,step
2026-08-31T19:07:23.023488+00:00,66.786,0.0428,0.8,0.0,0.0747,0.0772,8822.36,2,46.4332,2.93,step
2026-08-31T19:07:23.024807+00:00,67.712,0.0457,0.8,0.0,0.0694,0.0774,9055.53,2,46.7941,2.952,step
2026-08-31T19:07:23.026210+00:00,68.655,0.0484,0.8,0.0,0.064,0.0774,9311.58,2,47.2696,2.974,step
2026-08-31T19:07:23.027514+00:00,69.611,0.0509,0.8,0.0,0.0584,0.0771,9589.01,2,47.8722,2.996,step
2026-08-31T19:07:23.028795+00:00,70.595,0.053,0.8,0.0,0.0528,0.0764,9817.84,2,48.6227,3.018,step
2026-08-31T19:07:23.030318+00:00,71.604,0.055,0.8,0.0,0.047,0.0755,9997.8,2,49.5427,3.04,step
2026-08-31T19:07:23.031794+00:00,72.61,0.0566,0.8,0.0,0.0411,0.0743,10176.4,2,50.6603,3.062,step
2026-08-31T19:07:23.033081+00:00,73.606,0.0579,0.8,0.0,0.0352,0.0727,10369.4,2,52.0162,3.084,step
2026-08-31T19:07:23.034462+00:00,74.588,0.0589,0.8,0.0,0.0292,0.0707,10580.8,2,53.6603,3.106,step
2026-08-31T19:07:23.035782+00:00,75.563,0.0595,0.8,0.0,0.0231,0.0684,10797.7,2,55.6589,3.128,step
2026-08-31T19:07:23.037153+00:00,76.536,0.0597,0.8,0.0,0.0171,0.0656,11009.8,2,58.1005,3.15,step
2026-08-31T19:07:23.038607+00:00,77.512,0.0594,0.15,0.0,0.011,0.0625,11211.3,2,61.1077,3.172,step
2026-08-31T19:07:23.040274+00:00,78.431,0.059,0.15,0.0,0.0049,0.0591,9548.58,2,64.6693,3.194,step
2026-08-31T19:07:23.041625+00:00,78.717,0.0602,0.15,0.0,-0.0009,0.0576,9117.7,2,67.4537,3.216,step
2026-08-31T19:07:23.043058+00:00,78.752,0.0629,0.15,0.0,-0.0062,0.0576,9122.02,2,69.3292,3.238,step
2026-08-31T19:07:23.044475+00:00,78.787,0.0656,0.15,0.0,-0.0113,0.0577,9127.09,2,71.2601,3.26,step
2026-08-31T19:07:23.045894+00:00,78.824,0.068,0.15,0.0,-0.0161,0.0576,9130.68,2,73.5448,3.282,step
2026-08-31T19:07:23.047258+00:00,78.862,0.0701,0.15,0.0,-0.0208,0.0574,9134.68,2,76.2264,3.304,step
2026-08-31T19:07:23.048806+00:00,78.9,0.072,0.15,0.0,-0.0254,0.0571,9138.52,2,79.3159,3.326,step
2026-08-31T19:07:23.050186+00:00,78.938,0.0737,0.15,0.0,-0.0298,0.0566,9142.48,2,82.8482,3.348,step
2026-08-31T19:07:23.051553+00:00,78.977,0.0754,0.15,0.0,-0.0342,0.0561,9146.64,2,86.8925,3.37,step
2026-08-31T19:07:23.052923+00:00,79.015,0.0769,0.15,0.0,-0.0385,0.0555,9150.87,2,91.5135,3.392,step
2026-08-31T19:07:23.054281+00:00,79.053,0.0784,0.15,0.0,-0.0427,0.0549,9155.22,2,96.834,3.414,step
2026-08-31T19:07:23.055683+00:00,79.092,0.0797,0.15,0.0,-0.0469,0.0542,9159.6,2,103.016,3.436,step
2026-08-31T19:07:23.057464+00:00,79.13,0.0791,0.15,0.0,-0.051,0.0516,9164.03,2,110.304,3.458,step
2026-08-31T19:07:23.058736+00:00,79.168,0.0769,0.15,0.0,-0.0547,0.0477,9168.43,2,118.902,3.48,step
2026-08-31T19:07:23.060136+00:00,79.207,0.0746,0.8,0.0,-0.0582,0.0438,9172.78,2,128.975,3.502,step
2026-08-31T19:07:23.061541+00:00,79.775,0.072,0.8,0.0,-0.0614,0.0398,10147.6,2,141.647,3.524,step
2026-08-31T19:07:23.062906+00:00,80.632,0.0687,0.8,0.0,-0.0643,0.0351,10571.9,3,155.154,3.546,step
2026-08-31T19:07:23.064460+00:00,81.284,0.0652,0.8,0.0,-0.0671,0.0304,8371.89,3,160.604,3.568,step
2026-08-31T19:07:23.065900+00:00,81.211,0.0623,0.8,0.0,-0.0695,0.0266,8382.95,3,163.725,3.59,step
2026-08-31T19:07:23.067217+00:00,81.162,0.0596,0.8,0.0,-0.0715,0.023,7428.19,3,166.07,3.612,step
2026-08-31T19:07:23.068556+00:00,81.594,0.0569,0.8,0.0,-0.0733,0.0195,7848.31,3,168.055,3.634,step
2026-08-31T19:07:23.069945+00:00,82.239,0.054,0.8,0.0,-0.0748,0.016,7931.0,3,169.846,3.656,step
2026-08-31T19:07:23.071255+00:00,82.909,0.0511,0.8,0.0,-0.076,0.0126,7988.09,3,171.415,3.678,step
2026-08-31T19:07:23.072637+00:00,83.586,0.0482,0.8,0.0,-0.077,0.0093,8040.66,3,172.752,3.7,step
2026-08-31T19:07:23.074079+00:00,84.266,0.0454,0.8,0.0,-0.0777,0.0063,8097.12,3,173.873,3.722,step
2026-08-31T19:07:23.075444+00:00,84.946,0.0428,0.8,0.0,-0.0782,0.0035,8160.44,3,174.808,3.744,step
2026-08-31T19:07:23.076829+00:00,85.628,0.0402,0.8,0.0,-0.0785,0.0009,8230.22,3,175.602,3.766,step
2026-08-31T19:07:23.078236+00:00,86.313,0.0376,0.8,0.0,-0.0786,-0.0016,8304.44,3,176.283,3.788,step
2026-08-31T19:07:23.079595+00:00,87.002,0.035,0.8,0.0,-0.0784,-0.004,8381.58,3,176.875,3.81,step
2026-08-31T19:07:23.081113+00:00,87.7,0.0325,0.8,0.0,-0.0781,-0.0063,8457.41,3,177.386,3.832,step
2026-08-31T19:07:23.082471+00:00,88.406,0.03,0.8,0.0,-0.0775,-0.0085,8531.92,3,177.812,3.854,step
2026-08-31T19:07:23.083758+00:00,89.117,0.0275,0.8,0.0,-0.0768,-0.0105,8608.94,3,178.16,3.876,step
2026-08-31T19:07:23.085101+00:00,89.837,0.025,0.8,0.0,-0.0759,-0.0124,8682.45,3,178.43,3.898,step
2026-08-31T19:07:23.086394+00:00,90.564,0.0226,0.8,0.0,-0.0748,-0.0142,8754.48,3,178.623,3.92,step
2026-08-31T19:07:23.087659+00:00,91.298,0.0203,0.8,0.0,-0.0735,-0.0159,8826.57,3,178.747,3.942,step
2026-08-31T19:07:23.089066+00:00,92.037,0.018,0.8,0.0,-0.0721,-0.0174,8899.8,3,178.797,3.964,step
2026-08-31T19:07:23.090358+00:00,92.782,0.0158,0.15,0.0,-0.0706,-0.0188,8974.94,3,178.78,3.986,step
2026-08-31T19:07:23.091717+00:00,93.078,0.0137,0.15,0.0,-0.0689,-0.0199,8534.11,3,178.674,4.008,step
2026-08-31T19:07:23.093047+00:00,93.082,0.0119,0.15,0.0,-0.0671,-0.0208,8536.61,3,178.471,4.03,step
2026-08-31T19:07:23.094391+00:00,93.088,0.0101,0.15,0.0,-0.0651,-0.0216,8538.46,3,178.22,4.052,step
2026-08-31T19:07:23.095699+00:00,93.095,0.0084,0.15,0.0,-0.0631,-0.0223,8539.5,3,177.931,4.074,step
2026-08-31T19:07:23.097045+00:00,93.102,0.0067,0.15,0.0,-0.061,-0.0229,8540.03,3,177.599,4.096,step
2026-08-31T19:07:23.098629+00:00,93.11,0.0051,0.15,0.0,-0.0588,-0.0234,8540.4,3,177.23,4.118,step
2026-08-31T19:07:23.099947+00:00,93.117,0.0036,0.15,0.0,-0.0566,-0.0238,8540.75,3,176.822,4.14,step
2026-08-31T19:07:23.101245+00:00,93.124,0.0022,0.15,0.0,-0.0544,-0.0241,8541.22,3,176.376,4.162,step
2026-08-31T19:07:23.102541+00:00,93.131,0.0008,0.15,0.0,-0.0521,-0.0243,8541.94,3,175.89,4.184,step
2026-08-31T19:07:23.103830+00:00,93.138,-0.0005,0.15,0.0,-0.0498,-0.0244,8542.49,3,175.369,4.206,step
2026-08-31T19:07:23.105375+00:00,93.146,-0.0017,0.15,0.0,-0.0475,-0.0245,8543.06,3,174.82,4.228,step
2026-08-31T19:07:23.106744+00:00,93.153,-0.0028,0.15,0.0,-0.0452,-0.0244,8543.67,3,174.236,4.25,step
2026-08-31T19:07:23.108077+00:00,93.16,-0.0038,0.15,0.0,-0.0429,-0.0243,8544.32,3,173.618,4.272,step
2026-08-31T19:07:23.109390+00:00,93.167,-0.0048,0.15,0.0,-0.0406,-0.0241,8544.99,3,172.974,4.294,step
2026-08-31T19:07:23.110691+00:00,93.174,-0.0056,0.15,0.0,-0.0384,-0.0239,8545.67,3,172.309,4.316,step
2026-08-31T19:07:23.112033+00:00,93.181,-0.0064,0.15,0.0,-0.0361,-0.0236,8546.33,3,171.621,4.338,step
2026-08-31T19:07:23.113444+00:00,93.188,-0.0072,0.15,0.0,-0.0339,-0.0233,8546.95,3,170.918,4.36,step
2026-08-31T19:07:23.115074+00:00,93.195,-0.0079,0.15,0.0,-0.0317,-0.0229,8547.61,3,170.2,4.382,step
2026-08-31T19:07:23.116454+00:00,93.202,-0.0085,0.15,0.0,-0.0296,-0.0224,8548.26,3,169.461,4.404,step
2026-08-31T19:07:23.117792+00:00,93.209,-0.009,0.15,0.0,-0.0275,-0.0219,8548.89,3,168.702,4.426,step
2026-08-31T19:07:23.119085+00:00,93.216,-0.0095,0.15,0.0,-0.0255,-0.0214,8549.52,3,167.93,4.448,step
2026-08-31T19:07:23.120382+00:00,93.223,-0.0099,0.15,0.0,-0.0235,-0.0208,8550.16,3,167.146,4.47,step
2026-08-31T19:07:23.121688+00:00,93.23,-0.0103,0.15,0.0,-0.0215,-0.0203,8550.97,3,166.354,4.492,step
2026-08-31T19:07:23.123281+00:00,93.237,-0.0106,0.15,0.0,-0.0196,-0.0197,8551.54,3,165.56,4.514,step
2026-08-31T19:07:23.124601+00:00,93.244,-0.0109,0.15,0.0,-0.0178,-0.019,8552.11,3,164.757,4.536,step
2026-08-31T19:07:23.125957+00:00,93.251,-0.0111,0.15,0.0,-0.016,-0.0184,8552.71,3,163.946,4.558,step
2026-08-31T19:07:23.127348+00:00,93.258,-0.0113,0.15,0.0,-0.0143,-0.0177,8553.32,3,163.133,4.58,step
2026-08-31T19:07:23.128692+00:00,93.265,-0.0114,0.15,0.0,-0.0127,-0.0171,8553.94,3,162.32,4.602,step
2026-08-31T19:07:23.130054+00:00,93.272,-0.0115,0.15,0.0,-0.0111,-0.0164,8554.57,3,161.508,4.624,step
2026-08-31T19:07:23.131549+00:00,93.279,-0.0115,0.15,0.0,-0.0095,-0.0157,8555.18,3,160.686,4.646,step
2026-08-31T19:07:23.132950+00:00,93.285,-0.0115,0.15,0.0,-0.0081,-0.015,8555.82,3,159.855,4.668,step
2026-08-31T19:07:23.134321+00:00,93.292,-0.0115,0.15,0.0,-0.0067,-0.0143,8556.47,3,159.022,4.69,step
2026-08-31T19:07:23.135727+00:00,93.299,-0.0114,0.15,0.0,-0.0054,-0.0136,8557.1,3,158.197,4.712,step
2026-08-31T19:07:23.137253+00:00,93.306,-0.0113,0.15,0.0,-0.0041,-0.0129,8557.73,3,157.379,4.734,step
2026-08-31T19:07:23.138775+00:00,93.313,-0.0112,0.15,0.0,-0.0029,-0.0122,8558.33,3,156.564,4.756,step
2026-08-31T19:07:23.140283+00:00,93.32,-0.0111,0.15,0.0,-0.0018,-0.0116,8558.95,3,155.749,4.778,step
2026-08-31T19:07:23.141629+00:00,93.326,-0.0109,0.15,0.0,-0.0007,-0.0109,8559.69,3,154.934,4.8,step
2026-08-31T19:07:23.142973+00:00,93.333,-0.0108,0.15,0.0,0.0003,-0.0102,8560.27,3,154.118,4.822,step
2026-08-31T19:07:23.144293+00:00,93.34,-0.0105,0.15,0.0,0.0012,-0.0096,8560.86,3,153.303,4.844,step
2026-08-31T19:07:23.145603+00:00,93.347,-0.0103,0.15,0.0,0.0021,-0.0089,8561.45,3,152.487,4.866,step
2026-08-31T19:07:23.146916+00:00,93.354,-0.01,0.15,0.0,0.0029,-0.0082,8562.03,3,151.68,4.888,step
2026-08-31T19:07:23.148493+00:00,93.36,-0.0098,0.15,0.0,0.0037,-0.0076,8562.64,3,150.883,4.91,step
2026-08-31T19:07:23.149947+00:00,93.367,-0.0095,0.15,0.0,0.0044,-0.007,8563.26,3,150.089,4.932,step
2026-08-31T19:07:23.151371+00:00,93.374,-0.0092,0.15,0.0,0.005,-0.0064,8563.89,3,149.306,4.954,step
2026-08-31T19:07:23.152778+00:00,93.381,-0.0089,0.15,0.0,0.0056,-0.0059,8564.51,3,148.532,4.976,step
2026-08-31T19:07:23.154168+00:00,93.387,-0.0086,0.15,0.0,0.0062,-0.0053,8565.14,3,147.759,4.998,step
2026-08-31T19:07:23.155694+00:00,93.394,-0.0083,0.15,0.0,0.0066,-0.0048,8565.73,3,146.987,5.02,step
2026-08-31T19:07:23.157100+00:00,93.401,-0.008,0.15,0.0,0.0071,-0.0043,8566.36,3,146.225,5.042,step
2026-08-31T19:07:23.158498+00:00,93.407,-0.0077,0.15,0.0,0.0075,-0.0038,8566.97,3,145.472,5.064,step
2026-08-31T19:07:23.159911+00:00,93.414,-0.0073,0.15,0.0,0.0078,-0.0033,8567.6,3,144.723,5.086,step
2026-08-31T19:07:23.161307+00:00,93.421,-0.007,0.15,0.0,0.0081,-0.0028,8568.27,3,143.984,5.108,step
2026-08-31T19:07:23.162671+00:00,93.428,-0.0067,0.15,0.0,0.0084,-0.0024,8568.85,3,143.255,5.13,step
2026-08-31T19:07:23.164043+00:00,93.434,-0.0063,0.15,0.0,0.0086,-0.002,8569.45,3,142.527,5.152,step
2026-08-31T19:07:23.165685+00:00,93.441,-0.006,0.15,0.0,0.0087,-0.0016,8570.02,3,141.808,5.174,step
2026-08-31T19:07:23.167001+00:00,93.448,-0.0057,0.15,0.0,0.0089,-0.0012,8570.62,3,141.099,5.196,step
2026-08-31T19:07:23.168300+00:00,93.454,-0.0054,0.15,0.0,0.009,-0.0008,8571.22,3,140.392,5.218,step
2026-08-31T19:07:23.169607+00:00,93.461,-0.005,0.15,0.0,0.009,-0.0005,8571.84,3,139.697,5.24,step
2026-08-31T19:07:23.170899+00:00,93.468,-0.0047,0.15,0.0,0.0091,-0.0002,8572.46,3,139.012,5.262,step
2026-08-31T19:07:23.172318+00:00,93.474,-0.0044,0.15,0.0,0.0091,0.0001,8573.07,3,138.331,5.284,step
2026-08-31T19:07:23.173948+00:00,93.481,-0.0041,0.15,0.0,0.0091,0.0004,8573.68,3,137.661,5.306,step
2026-08-31T19:07:23.175385+00:00,93.488,-0.0039,0.15,0.0,0.009,0.0006,8574.28,3,137.001,5.328,step
2026-08-31T19:07:23.176716+00:00,93.494,-0.0036,0.15,0.0,0.009,0.0009,8574.86,3,136.344,5.35,step
2026-08-31T19:07:23.178054+00:00,93.501,-0.0033,0.15,0.0,0.0089,0.0011,8575.46,3,135.689,5.372,step
2026-08-31T19:07:23.179423+00:00,93.507,-0.003,0.15,0.0,0.0087,0.0013,8576.07,3,135.043,5.394,step
2026-08-31T19:07:23.180995+00:00,93.514,-0.0027,0.15,0.0,0.0086,0.0015,8576.69,3,134.406,5.416,step
2026-08-31T19:07:23.182357+00:00,93.521,-0.0025,0.15,0.0,0.0085,0.0017,8577.29,3,133.77,5.438,step
2026-08-31T19:07:23.183669+00:00,93.527,-0.0022,0.15,0.0,0.0083,0.0018,8577.89,3,133.143,5.46,step
2026-08-31T19:07:23.185022+00:00,93.534,-0.002,0.15,0.0,0.0081,0.002,8578.49,3,132.525,5.482,step
2026-08-31T19:07:23.186357+00:00,93.54,-0.0018,0.15,0.0,0.0079,0.0021,8579.08,3,131.91,5.504,step
2026-08-31T19:07:23.187779+00:00,93.547,-0.0016,0.15,0.0,0.0077,0.0022,8579.68,3,131.296,5.526,step
2026-08-31T19:07:23.189249+00:00,93.553,-0.0013,0.15,0.0,0.0075,0.0023,8580.28,3,130.683,5.548,step
2026-08-31T19:07:23.190602+00:00,93.56,-0.0011,0.15,0.0,0.0073,0.0024,8580.86,3,130.079,5.57,step
2026-08-31T19:07:23.191976+00:00,93.566,-0.001,0.15,0.0,0.0071,0.0025,8581.46,3,129.483,5.592,step
2026-08-31T19:07:23.193353+00:00,93.573,-0.0008,0.15,0.0,0.0068,0.0026,8582.02,3,128.887,5.614,step
2026-08-31T19:07:23.194710+00:00,93.579,-0.0006,0.15,0.0,0.0066,0.0026,8582.61,3,128.291,5.636,step
2026-08-31T19:07:23.196000+00:00,93.586,-0.0004,0.15,0.0,0.0063,0.0027,8583.2,3,127.696,5.658,step
2026-08-31T19:07:23.197548+00:00,93.592,-0.0002,0.15,0.0,0.0061,0.0027,8583.8,3,127.11,5.68,step
2026-08-31T19:07:23.198920+00:00,93.599,-0.0,0.15,0.0,0.0058,0.0028,8584.39,3,126.532,5.702,step
2026-08-31T19:07:23.200249+00:00,93.605,0.0001,0.15,0.0,0.0055,0.0028,8584.95,3,125.958,5.724,step
2026-08-31T19:07:23.201584+00:00,93.611,0.0002,0.15,0.0,0.0053,0.0028,8585.53,3,125.386,5.746,step
2026-08-31T19:07:23.202850+00:00,93.618,0.0004,0.15,0.0,0.005,0.0028,8586.13,3,124.813,5.768,step
2026-08-31T19:07:23.204127+00:00,93.624,0.0005,0.15,0.0,0.0048,0.0028,8586.72,3,124.241,5.79,step
2026-08-31T19:07:23.205600+00:00,93.63,0.0006,0.15,0.0,0.0045,0.0028,8587.3,3,123.669,5.812,step
2026-08-31T19:07:23.206985+00:00,93.637,0.0007,0.15,0.0,0.0042,0.0027,8587.88,3,123.106,5.834,step
2026-08-31T19:07:23.208312+00:00,93.643,0.0008,0.15,0.0,0.004,0.0027,8588.46,3,122.551,5.856,step
2026-08-31T19:07:23.209629+00:00,93.649,0.0009,0.15,0.0,0.0037,0.0026,8589.04,3,121.999,5.878,step
2026-08-31T19:07:23.210986+00:00,93.656,0.0009,0.15,0.0,0.0035,0.0026,8589.61,3,121.448,5.9,step
2026-08-31T19:07:23.212367+00:00,93.662,0.001,0.15,0.0,0.0033,0.0025,8590.18,3,120.898,5.922,step
2026-08-31T19:07:23.213712+00:00,93.668,0.001,0.15,0.0,0.003,0.0024,8590.75,3,120.348,5.944,step
2026-08-31T19:07:23.215348+00:00,93.674,0.001,0.0,0.15,0.0028,0.0024,8591.31,3,119.797,5.966,step
2026-08-31T19:07:23.216675+00:00,93.238,0.0011,0.0,0.15,0.0026,0.0023,8408.53,3,119.255,5.988,step
2026-08-31T19:07:23.217990+00:00,92.605,0.001,0.0,0.15,0.0024,0.0021,8347.51,3,118.728,6.01,step
2026-08-31T19:07:23.219237+00:00,91.973,0.001,0.0,0.15,0.0022,0.002,8288.67,3,118.209,6.032,step
2026-08-31T19:07:23.220537+00:00,91.345,0.0009,0.0,0.15,0.002,0.0018,8231.67,3,117.695,6.054,step
2026-08-31T19:07:23.221914+00:00,90.719,0.0009,0.0,0.15,0.0018,0.0017,8176.01,3,117.186,6.076,step
2026-08-31T19:07:23.223302+00:00,90.096,0.0008,0.0,0.15,0.0016,0.0015,8120.89,3,116.679,6.098,step
2026-08-31T19:07:23.224674+00:00,89.476,0.0007,0.15,0.0,0.0015,0.0014,8066.05,3,116.176,6.12,step
2026-08-31T19:07:23.226065+00:00,89.302,0.0007,0.15,0.0,0.0013,0.0013,8195.07,3,115.666,6.142,step
2026-08-31T19:07:23.227410+00:00,89.317,0.0006,0.15,0.0,0.0012,0.0012,8194.44,3,115.146,6.164,step
2026-08-31T19:07:23.228840+00:00,89.332,0.0006,0.15,0.0,0.0011,0.0011,8194.25,3,114.621,6.186,step
2026-08-31T19:07:23.230182+00:00,89.347,0.0006,0.15,0.0,0.001,0.0011,8194.82,3,114.094,6.208,step
2026-08-31T19:07:23.231697+00:00,89.361,0.0006,0.15,0.0,0.0009,0.001,8196.07,3,113.566,6.23,step
2026-08-31T19:07:23.233008+00:00,89.375,0.0006,0.15,0.0,0.0008,0.0009,8197.76,3,113.038,6.252,step
2026-08-31T19:07:23.234320+00:00,89.389,0.0006,0.15,0.0,0.0007,0.0009,8199.77,3,112.51,6.274,step
2026-08-31T19:07:23.235634+00:00,89.403,0.0005,0.15,0.0,0.0006,0.0008,8201.46,3,111.983,6.296,step
2026-08-31T19:07:23.236973+00:00,89.417,0.0005,0.15,0.0,0.0006,0.0008,8202.88,3,111.455,6.318,step
2026-08-31T19:07:23.238400+00:00,89.431,0.0005,0.15,0.0,0.0005,0.0007,8204.0,3,110.928,6.34,step
2026-08-31T19:07:23.239907+00:00,89.445,0.0005,0.15,0.0,0.0004,0.0007,8205.21,3,110.394,6.362,step
2026-08-31T19:07:23.241177+00:00,89.46,0.0005,0.15,0.0,0.0004,0.0006,8206.43,3,109.851,6.384,step
2026-08-31T19:07:23.242495+00:00,89.473,0.0005,0.15,0.0,0.0003,0.0006,8207.69,3,109.305,6.406,step
2026-08-31T19:07:23.243839+00:00,89.487,0.0005,0.15,0.0,0.0002,0.0006,8208.95,3,108.765,6.428,step
2026-08-31T19:07:23.245112+00:00,89.501,0.0005,0.0,0.15,0.0002,0.0006,8210.22,3,108.233,6.45,step
2026-08-31T19:07:23.246514+00:00,89.074,0.0005,0.15,0.0,0.0001,0.0005,8035.95,3,107.7,6.472,step
2026-08-31T19:07:23.248104+00:00,88.897,0.0005,0.15,0.0,0.0001,0.0005,8157.29,3,107.166,6.494,step
2026-08-31T19:07:23.249438+00:00,88.912,0.0005,0.15,0.0,0.0,0.0005,8157.47,3,106.626,6.516,step
2026-08-31T19:07:23.250758+00:00,88.928,0.0005,0.15,0.0,-0.0,0.0005,8158.28,3,106.084,6.538,step
2026-08-31T19:07:23.252092+00:00,88.943,0.0005,0.15,0.0,-0.0001,0.0005,8159.18,3,105.541,6.56,step
2026-08-31T19:07:23.253394+00:00,88.958,0.0005,0.15,0.0,-0.0001,0.0004,8160.25,3,105.004,6.582,step
2026-08-31T19:07:23.254827+00:00,88.972,0.0005,0.15,0.0,-0.0002,0.0004,8161.51,3,104.474,6.604,step
2026-08-31T19:07:23.256346+00:00,88.987,0.0005,0.15,0.0,-0.0002,0.0004,8162.94,3,103.94,6.626,step
2026-08-31T19:07:23.257647+00:00,89.002,0.0005,0.15,0.0,-0.0002,0.0003,8164.49,3,103.4,6.648,step
2026-08-31T19:07:23.258990+00:00,89.017,0.0005,0.15,0.0,-0.0002,0.0003,8165.77,3,102.857,6.67,step
2026-08-31T19:07:23.260312+00:00,89.031,0.0005,0.15,0.0,-0.0003,0.0003,8167.26,3,102.313,6.692,step
2026-08-31T19:07:23.261568+00:00,89.046,0.0005,0.15,0.0,-0.0003,0.0003,8168.67,3,101.769,6.714,step
2026-08-31T19:07:23.262976+00:00,89.06,0.0005,0.15,0.0,-0.0003,0.0003,8170.03,3,101.231,6.736,step
2026-08-31T19:07:23.264505+00:00,89.075,0.0005,0.15,0.0,-0.0004,0.0003,8171.35,3,100.694,6.758,step
2026-08-31T19:07:23.265969+00:00,89.09,0.0005,0.15,0.0,-0.0004,0.0003,8172.67,3,100.152,6.78,step
2026-08-31T19:07:23.267264+00:00,89.104,0.0005,0.15,0.0,-0.0004,0.0003,8173.99,3,99.6089,6.802,step
2026-08-31T19:07:23.268629+00:00,89.119,0.0005,0.15,0.0,-0.0004,0.0003,8175.3,3,99.065,6.824,step
2026-08-31T19:07:23.269925+00:00,89.133,0.0005,0.15,0.0,-0.0005,0.0003,8176.6,3,98.5201,6.846,step
2026-08-31T19:07:23.271227+00:00,89.148,0.0005,0.15,0.0,-0.0005,0.0002,8177.92,3,97.9815,6.868,step
2026-08-31T19:07:23.272790+00:00,89.162,0.0005,0.15,0.0,-0.0005,0.0002,8179.23,3,97.4428,6.89,step
2026-08-31T19:07:23.274181+00:00,89.176,0.0005,0.15,0.0,-0.0005,0.0002,8180.54,3,96.9003,6.912,step
2026-08-31T19:07:23.275518+00:00,89.191,0.0005,0.15,0.0,-0.0005,0.0002,8181.86,3,96.3562,6.934,step
2026-08-31T19:07:23.276850+00:00,89.205,0.0005,0.15,0.0,-0.0006,0.0002,8183.17,3,95.8116,6.956,step
2026-08-31T19:07:23.278174+00:00,89.219,0.0005,0.15,0.0,-0.0006,0.0002,8184.48,3,95.2667,6.978,step
2026-08-31T19:07:23.279492+00:00,89.234,0.0005,0.15,0.0,-0.0006,0.0002,8185.61,3,94.7219,7.0,step
2026-08-31T19:07:23.281038+00:00,89.248,0.0005,0.15,0.0,-0.0006,0.0002,8186.91,3,94.1823,7.022,step
2026-08-31T19:07:23.282336+00:00,89.262,0.0005,0.15,0.0,-0.0006,0.0002,8188.28,3,93.6428,7.044,step
2026-08-31T19:07:23.283630+00:00,89.276,0.0005,0.15,0.0,-0.0007,0.0001,8189.64,3,93.0993,7.066,step
2026-08-31T19:07:23.284942+00:00,89.29,0.0005,0.15,0.0,-0.0007,0.0001,8190.96,3,92.5545,7.088,step
2026-08-31T19:07:23.286386+00:00,89.304,0.0005,0.15,0.0,-0.0007,0.0001,8192.27,3,92.0092,7.11,step
2026-08-31T19:07:23.287763+00:00,89.318,0.0005,0.15,0.0,-0.0007,0.0001,8193.56,3,91.4636,7.132,step
2026-08-31T19:07:23.289070+00:00,89.332,0.0005,0.15,0.0,-0.0007,0.0001,8194.83,3,90.918,7.154,step
2026-08-31T19:07:23.290594+00:00,89.346,0.0005,0.15,0.0,-0.0007,0.0001,8196.11,3,90.3725,7.176,step
2026-08-31T19:07:23.291932+00:00,89.36,0.0005,0.15,0.0,-0.0007,0.0001,8197.34,3,89.8261,7.198,step
2026-08-31T19:07:23.293334+00:00,89.374,0.0005,0.15,0.0,-0.0007,0.0001,8198.6,3,89.2855,7.22,step
2026-08-31T19:07:23.294604+00:00,89.388,0.0005,0.15,0.0,-0.0007,0.0001,8199.86,3,88.7451,7.242,step
2026-08-31T19:07:23.296009+00:00,89.402,0.0005,0.15,0.0,-0.0008,0.0001,8201.13,3,88.2009,7.264,step
2026-08-31T19:07:23.297490+00:00,89.415,0.0005,0.15,0.0,-0.0008,0.0001,8202.4,3,87.6553,7.286,step
2026-08-31T19:07:23.298824+00:00,89.429,0.0005,0.15,0.0,-0.0008,0.0001,8203.5,3,87.1092,7.308,step
2026-08-31T19:07:23.300168+00:00,89.443,0.0005,0.15,0.0,-0.0008,0.0001,8204.72,3,86.563,7.33,step
2026-08-31T19:07:23.301517+00:00,89.457,0.0005,0.15,0.0,-0.0008,0.0001,8206.03,3,86.0169,7.352,step
2026-08-31T19:07:23.302841+00:00,89.47,0.0005,0.15,0.0,-0.0008,0.0001,8207.34,3,85.4699,7.374,step
2026-08-31T19:07:23.304209+00:00,89.484,0.0005,0.15,0.0,-0.0008,0.0001,8208.67,3,84.9227,7.396,step
2026-08-31T19:07:23.305610+00:00,89.497,0.0005,0.0,0.15,-0.0008,0.0001,8209.94,3,84.3755,7.418,step
2026-08-31T19:07:23.307070+00:00,89.069,0.0005,0.15,0.0,-0.0008,0.0001,8035.47,3,83.8332,7.44,step
2026-08-31T19:07:23.308399+00:00,88.892,0.0004,0.15,0.0,-0.0008,0.0,8156.97,3,83.2959,7.462,step
2026-08-31T19:07:23.309666+00:00,88.908,0.0004,0.15,0.0,-0.0008,0.0,8157.05,3,82.7547,7.484,step
2026-08-31T19:07:23.310925+00:00,88.923,0.0004,0.15,0.0,-0.0008,0.0,8157.82,3,82.2117,7.506,step
2026-08-31T19:07:23.312225+00:00,88.937,0.0004,0.15,0.0,-0.0008,0.0,8158.68,3,81.6682,7.528,step
2026-08-31T19:07:23.313508+00:00,88.952,0.0004,0.15,0.0,-0.0009,0.0,8159.7,3,81.1246,7.55,step
2026-08-31T19:07:23.314973+00:00,88.966,0.0004,0.15,0.0,-0.0009,0.0,8160.93,3,80.5811,7.572,step
2026-08-31T19:07:23.316288+00:00,88.981,0.0004,0.15,0.0,-0.0008,0.0,8162.33,3,80.0375,7.594,step
2026-08-31T19:07:23.317587+00:00,88.995,0.0004,0.15,0.0,-0.0008,0.0,8163.86,3,79.4939,7.616,step
2026-08-31T19:07:23.318841+00:00,89.009,0.0004,0.15,0.0,-0.0008,0.0,8165.01,3,78.9504,7.638,step
2026-08-31T19:07:23.320115+00:00,89.024,0.0004,0.15,0.0,-0.0008,0.0,8166.47,3,78.406,7.66,step
2026-08-31T19:07:23.321467+00:00,89.038,0.0004,0.15,0.0,-0.0009,0.0,8167.9,3,77.8617,7.682,step
2026-08-31T19:07:23.322993+00:00,89.052,0.0004,0.15,0.0,-0.0009,0.0,8169.27,3,77.3173,7.704,step
2026-08-31T19:07:23.324375+00:00,89.066,0.0005,0.15,0.0,-0.0009,0.0,8170.58,3,76.7729,7.726,step
2026-08-31T19:07:23.325651+00:00,89.08,0.0005,0.15,0.0,-0.0009,0.0,8171.87,3,76.2286,7.748,step
2026-08-31T19:07:23.326930+00:00,89.095,0.0004,0.15,0.0,-0.0009,0.0,8173.15,3,75.6844,7.77,step
2026-08-31T19:07:23.328188+00:00,89.109,0.0004,0.15,0.0,-0.0009,0.0,8174.42,3,75.1402,7.792,step
2026-08-31T19:07:23.329562+00:00,89.123,0.0004,0.15,0.0,-0.0008,0.0,8175.71,3,74.5961,7.814,step
2026-08-31T19:07:23.330989+00:00,89.137,0.0004,0.15,0.0,-0.0009,0.0,8176.96,3,74.0509,7.836,step
2026-08-31T19:07:23.332352+00:00,89.151,0.0005,0.15,0.0,-0.0009,0.0,8178.22,3,73.5058,7.858,step
2026-08-31T19:07:23.333663+00:00,89.165,0.0005,0.15,0.0,-0.0009,0.0,8179.49,3,72.9608,7.88,step
2026-08-31T19:07:23.334957+00:00,89.179,0.0005,0.15,0.0,-0.0009,0.0,8180.76,3,72.4159,7.902,step
2026-08-31T19:07:23.336224+00:00,89.193,0.0005,0.15,0.0,-0.0009,0.0,8182.04,3,71.8709,7.924,step
2026-08-31T19:07:23.337647+00:00,89.206,0.0005,0.15,0.0,-0.0009,0.0,8183.34,3,71.3259,7.946,step
2026-08-31T19:07:23.339066+00:00,89.22,0.0005,0.15,0.0,-0.0009,0.0,8184.3,3,70.7811,7.968,step
2026-08-31T19:07:23.340507+00:00,89.234,0.0004,0.15,0.0,-0.0009,0.0,8185.6,3,70.2363,7.99,step
2026-08-31T19:07:23.341752+00:00,89.246,0.0005,0.15,0.0,-0.0009,0.0,8186.83,3,69.7401,8.01,step
2026-08-31T19:07:23.342978+00:00,89.259,0.0005,0.15,0.0,-0.0009,0.0,8188.07,3,69.244,8.03,step
2026-08-31T19:07:23.344139+00:00,89.271,0.0005,0.15,0.0,-0.0009,0.0,8189.28,3,68.7477,8.05,step
2026-08-31T19:07:23.345343+00:00,89.284,0.0005,0.15,0.0,-0.0009,0.0,8190.43,3,68.2517,8.07,step
2026-08-31T19:07:23.346588+00:00,89.296,0.0005,0.15,0.0,-0.0009,0.0,8191.58,3,67.7556,8.09,step
2026-08-31T19:07:23.348121+00:00,89.308,0.0005,0.15,0.0,-0.0009,0.0,8192.7,3,67.2597,8.11,step
2026-08-31T19:07:23.349397+00:00,89.321,0.0005,0.15,0.0,-0.0009,0.0,8193.81,3,66.7636,8.13,step
2026-08-31T19:07:23.350587+00:00,89.333,0.0005,0.15,0.0,-0.0009,0.0,8194.94,3,66.2676,8.15,step
2026-08-31T19:07:23.351825+00:00,89.346,0.0005,0.15,0.0,-0.0009,0.0,8196.04,3,65.7716,8.17,step
2026-08-31T19:07:23.353053+00:00,89.358,0.0005,0.15,0.0,-0.0009,0.0,8197.11,3,65.2751,8.19,step
2026-08-31T19:07:23.354292+00:00,89.37,0.0005,0.15,0.0,-0.0009,0.0,8198.21,3,64.7782,8.21,step
2026-08-31T19:07:23.355854+00:00,89.382,0.0005,0.15,0.0,-0.0009,0.0,8199.32,3,64.2814,8.23,step
2026-08-31T19:07:23.357146+00:00,89.394,0.0005,0.15,0.0,-0.0009,0.0,8200.43,3,63.7846,8.25,step
2026-08-31T19:07:23.358369+00:00,89.406,0.0005,0.15,0.0,-0.0009,0.0,8201.48,3,63.2879,8.27,step
2026-08-31T19:07:23.359609+00:00,89.418,0.0005,0.15,0.0,-0.0009,0.0,8202.33,3,62.7912,8.29,step
2026-08-31T19:07:23.360814+00:00,89.43,0.0005,0.15,0.0,-0.0009,0.0,8203.48,3,62.2946,8.31,step
2026-08-31T19:07:23.362128+00:00,89.442,0.0005,0.15,0.0,-0.0009,0.0,8204.72,3,61.798,8.33,step
2026-08-31T19:07:23.363374+00:00,89.454,0.0005,0.15,0.0,-0.0009,0.0,8205.92,3,61.3015,8.35,step
2026-08-31T19:07:23.364842+00:00,89.466,0.0005,0.15,0.0,-0.0009,0.0,8207.04,3,60.8043,8.37,step
2026-08-31T19:07:23.366079+00:00,89.478,0.0005,0.15,0.0,-0.0009,0.0,8208.16,3,60.307,8.39,step
2026-08-31T19:07:23.367296+00:00,89.49,0.0005,0.15,0.0,-0.0009,0.0,8209.27,3,59.8096,8.41,step
2026-08-31T19:07:23.368468+00:00,89.502,0.0005,0.0,0.15,-0.0009,0.0,8210.36,3,59.3123,8.43,step
2026-08-31T19:07:23.369676+00:00,89.129,0.0005,0.15,0.0,-0.0009,0.0,8041.19,3,58.8138,8.45,step
2026-08-31T19:07:23.370966+00:00,88.951,0.0005,0.15,0.0,-0.0009,0.0001,8162.23,3,58.3159,8.47,step
2026-08-31T19:07:23.372225+00:00,88.963,0.0005,0.0,0.15,-0.0009,0.0,8162.24,3,57.8236,8.49,step
2026-08-31T19:07:23.373656+00:00,88.59,0.0005,0.0,0.15,-0.0009,0.0,7992.39,3,57.3305,8.51,step
2026-08-31T19:07:23.374903+00:00,88.03,0.0005,0.0,0.15,-0.0009,0.0001,7939.25,3,56.8349,8.53,step
2026-08-31T19:07:23.376139+00:00,87.472,0.0006,0.0,0.15,-0.0009,0.0001,7887.1,3,56.3435,8.55,step
2026-08-31T19:07:23.377357+00:00,86.915,0.0006,0.0,0.15,-0.0009,0.0001,7836.34,3,55.8578,8.57,step
2026-08-31T19:07:23.378528+00:00,86.36,0.0006,0.0,0.15,-0.0009,0.0001,7786.6,3,55.3765,8.59,step
2026-08-31T19:07:23.379739+00:00,85.806,0.0006,0.0,0.15,-0.0009,0.0001,7738.45,3,54.8988,8.61,step
2026-08-31T19:07:23.381107+00:00,85.256,0.0006,0.0,0.15,-0.0009,0.0001,7689.15,3,54.4243,8.63,step
2026-08-31T19:07:23.382320+00:00,84.707,0.0006,0.0,0.15,-0.0009,0.0001,7640.01,3,53.953,8.65,step
2026-08-31T19:07:23.383531+00:00,84.16,0.0006,0.0,0.15,-0.0009,0.0001,7591.0,3,53.485,8.67,step
2026-08-31T19:07:23.384724+00:00,83.615,0.0005,0.0,0.15,-0.0009,0.0001,7542.21,3,53.0204,8.69,step
2026-08-31T19:07:23.385892+00:00,83.072,0.0005,0.0,0.15,-0.0009,0.0001,7493.56,3,52.5588,8.71,step
2026-08-31T19:07:23.387060+00:00,82.53,0.0005,0.0,0.15,-0.0009,0.0001,7444.99,3,52.1003,8.73,step
2026-08-31T19:07:23.388391+00:00,81.99,0.0005,0.0,0.15,-0.0009,0.0001,7396.56,3,51.6451,8.75,step
2026-08-31T19:07:23.389847+00:00,81.451,0.0005,0.0,0.15,-0.0009,0.0001,7348.29,3,51.1929,8.77,step
2026-08-31T19:07:23.391104+00:00,80.913,0.0005,0.0,0.15,-0.0009,0.0001,7300.13,3,50.7411,8.79,step
2026-08-31T19:07:23.392354+00:00,80.377,0.0005,0.0,0.15,-0.0009,0.0001,7252.15,3,50.2895,8.81,step
2026-08-31T19:07:23.393564+00:00,79.842,0.0005,0.0,0.15,-0.0009,0.0001,7204.21,2,49.8428,8.83,step
2026-08-31T19:07:23.394761+00:00,79.327,0.0005,0.0,0.15,-0.0009,0.0001,9055.98,2,49.4023,8.85,step
2026-08-31T19:07:23.396118+00:00,78.828,0.0005,0.0,0.15,-0.0008,0.0001,9034.47,2,48.9679,8.87,step
2026-08-31T19:07:23.397621+00:00,78.31,0.0005,0.0,0.15,-0.0008,0.0,8873.72,2,48.5352,8.89,step
2026-08-31T19:07:23.398927+00:00,77.722,0.0004,0.0,0.15,-0.0008,-0.0,8802.72,2,48.1093,8.91,step
2026-08-31T19:07:23.400213+00:00,77.135,0.0003,0.0,0.15,-0.0008,-0.0001,8736.33,2,47.6901,8.93,step
2026-08-31T19:07:23.401494+00:00,76.55,0.0002,0.0,0.15,-0.0008,-0.0002,8672.11,2,47.275,8.95,step
2026-08-31T19:07:23.402707+00:00,75.968,0.0001,0.0,0.15,-0.0008,-0.0003,8607.2,2,46.8635,8.97,step
2026-08-31T19:07:23.403987+00:00,75.389,0.0,0.0,0.15,-0.0008,-0.0004,8542.23,2,46.4548,8.99,step
2026-08-31T19:07:23.405267+00:00,74.813,-0.0001,0.0,0.15,-0.0008,-0.0005,8477.78,2,46.0488,9.01,step
2026-08-31T19:07:23.407050+00:00,74.24,-0.0002,0.0,0.15,-0.0008,-0.0006,8413.73,2,45.6457,9.03,step
2026-08-31T19:07:23.408361+00:00,73.669,-0.0003,0.0,0.15,-0.0008,-0.0007,8350.14,2,45.2455,9.05,step
2026-08-31T19:07:23.409563+00:00,73.101,0.1996,0.0,0.15,-0.0007,-0.0008,8286.89,2,44.848,9.07,step
2026-08-31T19:07:23.410774+00:00,72.549,0.1973,0.0,0.15,-0.0005,-0.0028,8224.75,2,44.6857,9.09,step
2026-08-31T19:07:23.412024+00:00,71.947,0.1909,0.0,0.15,0.0003,-0.0086,8155.78,2,44.9723,9.11,step
2026-08-31T19:07:23.413344+00:00,71.359,-0.0177,0.0,0.15,0.0016,-0.0163,8086.9,2,45.4885,9.13,step
2026-08-31T19:07:23.414732+00:00,70.805,-0.0251,0.0,0.15,0.0032,-0.0226,8025.4,2,45.8431,9.15,step
2026-08-31T19:07:23.416007+00:00,70.237,-0.0278,0.8,0.0,0.0047,-0.0245,7966.24,2,45.6762,9.17,step
2026-08-31T19:07:23.417303+00:00,70.532,-0.0284,0.0,0.15,0.0061,-0.0244,8974.53,2,45.2672,9.19,step
2026-08-31T19:07:23.418615+00:00,70.553,0.1719,0.0,0.15,0.0074,-0.0235,8013.56,2,44.7654,9.21,step
2026-08-31T19:07:23.419959+00:00,70.015,0.1705,0.0,0.15,0.0089,-0.0241,7952.68,2,44.4431,9.23,step
2026-08-31T19:07:23.421313+00:00,69.43,0.1654,0.0,0.15,0.0109,-0.0281,7882.68,2,44.5203,9.25,step
2026-08-31T19:07:23.422822+00:00,68.853,0.158,0.0,0.15,0.0133,-0.034,7811.07,2,44.8201,9.27,step
2026-08-31T19:07:23.424052+00:00,68.291,-0.0505,0.8,0.0,0.0161,-0.0408,7743.93,2,45.2235,9.29,step
2026-08-31T19:07:23.425318+00:00,68.603,-0.057,0.8,0.0,0.0191,-0.0457,8773.76,2,45.4038,9.31,step
2026-08-31T19:07:23.426589+00:00,69.317,-0.0589,0.8,0.0,0.0219,-0.0462,9202.99,2,45.0716,9.33,step
2026-08-31T19:07:23.427844+00:00,70.134,0.1414,0.0,0.15,0.0245,-0.0446,9531.25,2,44.5031,9.35,step
2026-08-31T19:07:23.429069+00:00,70.515,0.1408,0.0,0.15,0.0272,-0.0439,8010.04,2,44.0304,9.37,step
2026-08-31T19:07:23.430421+00:00,69.927,0.137,0.0,0.15,0.0303,-0.0461,7951.97,2,43.8858,9.39,step
2026-08-31T19:07:23.432018+00:00,69.339,0.1311,0.0,0.15,0.0337,-0.0501,7873.11,2,43.9459,9.41,step
2026-08-31T19:07:23.433263+00:00,68.77,0.1239,0.0,0.15,0.0374,-0.0552,7799.23,2,44.1342,9.43,step
2026-08-31T19:07:23.434515+00:00,68.214,0.116,0.0,0.15,0.0415,-0.0609,7732.0,2,44.3888,9.45,step
2026-08-31T19:07:23.435777+00:00,67.663,0.1079,0.0,0.15,0.0458,-0.0666,7669.73,2,44.666,9.47,step
2026-08-31T19:07:23.437031+00:00,67.117,0.0999,0.0,0.15,0.0504,-0.0721,7610.22,2,44.9342,9.49,step
2026-08-31T19:07:23.438434+00:00,66.575,-0.1078,0.8,0.0,0.0552,-0.0772,7551.77,2,45.1753,9.51,step
2026-08-31T19:07:23.439789+00:00,66.882,-0.1129,0.8,0.0,0.0602,-0.0797,8517.57,2,45.109,9.53,step
2026-08-31T19:07:23.441092+00:00,67.583,0.0871,0.0,0.15,0.0648,-0.0775,8901.71,2,44.4706,9.55,step
2026-08-31T19:07:23.442446+00:00,67.778,0.0871,0.0,0.15,0.0693,-0.0753,7703.35,2,43.8264,9.57,step
2026-08-31T19:07:23.443696+00:00,67.211,0.0839,0.0,0.15,0.0741,-0.0761,7644.95,2,43.5526,9.59,step
2026-08-31T19:07:23.444995+00:00,66.655,0.0789,0.0,0.15,0.0791,-0.0785,7573.6,2,43.4612,9.61,step
2026-08-31T19:07:23.446263+00:00,66.102,0.0731,0.0,0.15,0.0842,-0.0816,7504.37,2,43.4593,9.63,step
2026-08-31T19:07:23.447990+00:00,65.562,0.067,0.0,0.15,0.0895,-0.085,7440.32,2,43.4912,9.65,step
2026-08-31T19:07:23.449370+00:00,65.027,0.0609,0.0,0.15,0.095,-0.0882,7379.63,2,43.5198,9.67,step
2026-08-31T19:07:23.450733+00:00,64.494,0.0549,0.0,0.15,0.1005,-0.0912,7320.66,2,43.5278,9.69,step
2026-08-31T19:07:23.452061+00:00,63.964,0.0515,0.0,0.15,0.1062,-0.0919,7262.37,2,43.5075,9.71,step
2026-08-31T19:07:23.453449+00:00,63.436,0.0504,0.0,0.15,0.1117,-0.0903,7204.17,2,43.4605,9.73,step
2026-08-31T19:07:23.454810+00:00,62.91,0.0495,0.0,0.15,0.1171,-0.0885,7145.81,2,43.3973,9.75,step
2026-08-31T19:07:23.456462+00:00,62.386,0.0488,0.0,0.15,0.1223,-0.0867,7087.3,2,43.3276,9.77,step
2026-08-31T19:07:23.457863+00:00,61.861,0.0482,0.0,0.15,0.1274,-0.0848,7033.48,2,43.2527,9.79,step
2026-08-31T19:07:23.459326+00:00,61.339,0.0477,0.0,0.15,0.1323,-0.0829,6974.98,2,43.1719,9.81,step
2026-08-31T19:07:23.460801+00:00,60.816,0.0473,0.0,0.15,0.1371,-0.081,6915.16,2,43.0884,9.83,step
2026-08-31T19:07:23.462297+00:00,60.296,0.047,0.0,0.15,0.1418,-0.0791,6854.54,2,43.0074,9.85,step
2026-08-31T19:07:23.463747+00:00,59.781,0.0467,0.0,0.15,0.1463,-0.0771,6795.37,2,42.9284,9.87,step
2026-08-31T19:07:23.465352+00:00,59.268,0.0465,0.0,0.15,0.1506,-0.0753,6736.95,2,42.8507,9.89,step
2026-08-31T19:07:23.466804+00:00,58.756,0.0464,0.0,0.15,0.1549,-0.0734,6678.97,2,42.7718,9.91,step
2026-08-31T19:07:23.468189+00:00,58.246,0.0463,0.0,0.15,0.159,-0.0714,6621.41,2,42.6916,9.93,step
2026-08-31T19:07:23.469535+00:00,57.737,0.0463,0.0,0.15,0.1629,-0.0695,6564.06,2,42.6115,9.95,step
2026-08-31T19:07:23.470901+00:00,57.229,0.0464,0.0,0.15,0.1667,-0.0676,6506.86,2,42.5321,9.97,step
2026-08-31T19:07:23.472328+00:00,56.722,0.0465,0.0,0.15,0.1704,-0.0657,6449.8,2,42.4536,9.99,step
2026-08-31T19:07:23.473831+00:00,56.215,0.0467,0.0,0.15,0.174,-0.0639,6395.53,2,42.3757,10.01,step
2026-08-31T19:07:23.475242+00:00,55.708,0.0469,0.0,0.15,0.1774,-0.062,6341.0,2,42.3001,10.03,step
2026-08-31T19:07:23.476663+00:00,55.204,0.0471,0.0,0.15,0.1807,-0.0601,6283.34,2,42.2273,10.05,step
2026-08-31T19:07:23.478187+00:00,54.7,0.0474,0.0,0.15,0.1839,-0.0583,6224.39,2,42.158,10.07,step
2026-08-31T19:07:23.479612+00:00,54.201,0.0477,0.0,0.15,0.187,-0.0565,6166.49,2,42.0931,10.09,step
2026-08-31T19:07:23.481355+00:00,53.703,0.0481,0.0,0.15,0.19,-0.0548,6109.47,2,42.0334,10.11,step
2026-08-31T19:07:23.482774+00:00,53.207,0.0484,0.0,0.15,0.1929,-0.0531,6053.03,2,41.9772,10.13,step
2026-08-31T19:07:23.484219+00:00,52.712,0.0488,0.0,0.15,0.1956,-0.0514,5997.03,2,41.9228,10.15,step
2026-08-31T19:07:23.485621+00:00,52.218,0.0492,0.0,0.15,0.1983,-0.0497,5941.28,2,41.872,10.17,step
2026-08-31T19:07:23.487116+00:00,51.726,0.0496,0.0,0.15,0.2009,-0.0481,5885.68,2,41.824,10.19,step
2026-08-31T19:07:23.488539+00:00,51.234,0.0501,0.15,0.0,0.2033,-0.0465,5830.19,2,41.7798,10.21,step
2026-08-31T19:07:23.490405+00:00,51.189,0.0506,0.15,0.0,0.2057,-0.0448,5938.21,2,41.7298,10.23,step
2026-08-31T19:07:23.491784+00:00,51.253,0.0513,0.15,0.0,0.208,-0.043,5943.31,2,41.6697,10.25,step
2026-08-31T19:07:23.493184+00:00,51.318,0.052,0.0,0.15,0.2102,-0.0413,5947.28,2,41.606,10.27,step
2026-08-31T19:07:23.494533+00:00,50.949,0.0527,0.15,0.0,0.2124,-0.0395,5807.14,2,41.5503,10.29,step
2026-08-31T19:07:23.495873+00:00,50.903,0.0535,0.15,0.0,0.2145,-0.0378,5900.23,2,41.5008,10.31,step
2026-08-31T19:07:23.497328+00:00,50.965,0.0542,0.15,0.0,0.2165,-0.0361,5908.04,2,41.448,10.33,step
2026-08-31T19:07:23.499183+00:00,51.027,0.055,0.15,0.0,0.2184,-0.0344,5915.64,2,41.399,10.35,step
2026-08-31T19:07:23.500602+00:00,51.089,0.0559,0.15,0.0,0.2203,-0.0327,5923.02,2,41.3547,10.37,step
2026-08-31T19:07:23.502004+00:00,51.152,0.0567,0.15,0.0,0.222,-0.0311,5930.39,2,41.3158,10.39,step
2026-08-31T19:07:23.503397+00:00,51.214,0.0575,0.15,0.0,0.2238,-0.0294,5937.69,2,41.2828,10.41,step
2026-08-31T19:07:23.504849+00:00,51.276,0.0584,0.0,0.15,0.2254,-0.0278,5944.93,2,41.2557,10.43,step
2026-08-31T19:07:23.506566+00:00,50.909,0.0592,0.15,0.0,0.227,-0.0263,5797.94,2,41.2417,10.45,step
2026-08-31T19:07:23.507982+00:00,50.863,0.06,0.15,0.0,0.2285,-0.0248,5898.99,2,41.2377,10.47,step
2026-08-31T19:07:23.509372+00:00,50.926,0.0608,0.15,0.0,0.2299,-0.0233,5905.33,2,41.2317,10.49,step
2026-08-31T19:07:23.510715+00:00,50.988,0.0617,0.15,0.0,0.2313,-0.0219,5911.97,2,41.2289,10.51,step
2026-08-31T19:07:23.512066+00:00,51.051,0.0625,0.15,0.0,0.2325,-0.0204,5918.24,2,41.2302,10.53,step
2026-08-31T19:07:23.513482+00:00,51.113,0.0634,0.15,0.0,0.2338,-0.0189,5925.11,2,41.2366,10.55,step
2026-08-31T19:07:23.515281+00:00,51.175,0.0644,0.15,0.0,0.235,-0.0175,5932.25,2,41.2466,10.57,step
2026-08-31T19:07:23.516714+00:00,51.237,0.0653,0.15,0.0,0.2361,-0.016,5939.62,2,41.2612,10.59,step
2026-08-31T19:07:23.518122+00:00,51.299,0.0662,0.0,0.15,0.2371,-0.0146,5947.25,2,41.2821,10.61,step
2026-08-31T19:07:23.519533+00:00,50.933,0.0671,0.15,0.0,0.2381,-0.0133,5800.71,2,41.3221,10.63,step
2026-08-31T19:07:23.520966+00:00,50.887,0.0679,0.15,0.0,0.239,-0.0121,5902.05,2,41.3769,10.65,step
2026-08-31T19:07:23.522509+00:00,50.949,0.0688,0.15,0.0,0.2399,-0.0108,5908.4,2,41.4312,10.67,step
2026-08-31T19:07:23.523923+00:00,51.012,0.0697,0.15,0.0,0.2407,-0.0096,5915.06,2,41.4908,10.69,step
2026-08-31T19:07:23.525230+00:00,51.075,0.0706,0.15,0.0,0.2415,-0.0084,5921.74,2,41.5561,10.71,step
2026-08-31T19:07:23.526601+00:00,51.137,0.0715,0.15,0.0,0.2422,-0.0072,5928.6,2,41.6283,10.73,step
2026-08-31T19:07:23.527928+00:00,51.199,0.0724,0.15,0.0,0.2429,-0.0059,5935.63,2,41.7059,10.75,step
2026-08-31T19:07:23.529222+00:00,51.262,0.0733,0.0,0.15,0.2435,-0.0047,5942.84,2,41.7901,10.77,step
2026-08-31T19:07:23.530681+00:00,50.895,0.0742,0.15,0.0,0.244,-0.0037,5795.21,2,41.8971,10.79,step
2026-08-31T19:07:23.532492+00:00,50.852,0.075,0.15,0.0,0.2445,-0.0027,5898.65,2,42.0227,10.81,step
2026-08-31T19:07:23.533847+00:00,50.915,0.0758,0.15,0.0,0.245,-0.0016,5904.75,2,42.1469,10.83,step
2026-08-31T19:07:23.535233+00:00,50.978,0.0767,0.15,0.0,0.2454,-0.0006,5911.35,2,42.2758,10.85,step
2026-08-31T19:07:23.536640+00:00,51.041,0.0776,0.15,0.0,0.2457,0.0005,5918.11,2,42.4104,10.87,step
2026-08-31T19:07:23.538038+00:00,51.104,0.0785,0.15,0.0,0.2461,0.0015,5925.03,2,42.5537,10.89,step
2026-08-31T19:07:23.539619+00:00,51.167,0.0794,0.15,0.0,0.2463,0.0025,5932.16,2,42.7079,10.91,step
2026-08-31T19:07:23.540973+00:00,51.23,0.0803,0.15,0.0,0.2466,0.0035,5939.44,2,42.8719,10.93,step
2026-08-31T19:07:23.542333+00:00,51.293,0.0812,0.0,0.15,0.2468,0.0045,5946.81,2,43.048,10.95,step
2026-08-31T19:07:23.543613+00:00,50.926,0.082,0.15,0.0,0.247,0.0053,5800.15,2,43.2552,10.97,step
2026-08-31T19:07:23.544934+00:00,50.887,0.0827,0.15,0.0,0.2471,0.006,5902.04,2,43.4867,10.99,step
2026-08-31T19:07:23.546247+00:00,50.951,0.0835,0.15,0.0,0.2472,0.0068,5908.55,2,43.7184,11.01,step
2026-08-31T19:07:23.547695+00:00,51.014,0.0843,0.15,0.0,0.2472,0.0076,5915.39,2,43.9599,11.03,step
2026-08-31T19:07:23.549172+00:00,51.077,0.0851,0.15,0.0,0.2472,0.0084,5925.24,2,44.211,11.05,step
2026-08-31T19:07:23.550552+00:00,51.141,0.0859,0.15,0.0,0.2472,0.0092,5931.51,2,44.4781,11.07,step
2026-08-31T19:07:23.551925+00:00,51.206,0.0868,0.15,0.0,0.2472,0.0099,5938.16,2,44.7595,11.09,step
2026-08-31T19:07:23.553326+00:00,51.27,-0.1124,0.8,0.0,0.2471,0.0107,5945.04,2,45.0529,11.11,step
2026-08-31T19:07:23.554751+00:00,51.7,0.0903,0.0,0.15,0.2468,0.0131,6350.42,2,44.9789,11.13,step
2026-08-31T19:07:23.556370+00:00,51.527,0.0945,0.0,0.15,0.2462,0.0169,5872.77,2,44.6164,11.15,step
2026-08-31T19:07:23.557698+00:00,51.019,0.0964,0.15,0.0,0.2455,0.0185,5809.67,2,44.7228,11.17,step
2026-08-31T19:07:23.559061+00:00,50.965,-0.1026,0.8,0.0,0.245,0.0191,5912.31,2,45.0467,11.19,step
2026-08-31T19:07:23.560428+00:00,51.384,0.1002,0.0,0.15,0.2443,0.0215,6328.85,2,44.997,11.21,step
2026-08-31T19:07:23.561841+00:00,51.208,0.1045,0.15,0.0,0.2432,0.0251,5835.75,2,44.6513,11.23,step
2026-08-31T19:07:23.563165+00:00,51.135,0.1062,0.15,0.0,0.2422,0.0262,5929.43,2,44.87,11.25,step
2026-08-31T19:07:23.564737+00:00,51.197,-0.0931,0.8,0.0,0.2414,0.0266,5936.94,2,45.2973,11.27,step
2026-08-31T19:07:23.566087+00:00,51.628,-0.0905,0.8,0.0,0.2404,0.0286,6338.9,2,45.3303,11.29,step
2026-08-31T19:07:23.567398+00:00,52.226,0.1158,0.0,0.15,0.2388,0.0339,6457.53,2,44.6095,11.31,step
2026-08-31T19:07:23.568716+00:00,52.088,0.1213,0.0,0.15,0.237,0.0383,5933.47,2,44.0793,11.33,step
2026-08-31T19:07:23.569991+00:00,51.574,0.1236,0.0,0.15,0.2354,0.0397,5870.35,2,44.2414,11.35,step
2026-08-31T19:07:23.571307+00:00,51.08,0.1244,0.15,0.0,0.2338,0.0397,5810.82,2,44.7445,11.37,step
2026-08-31T19:07:23.573013+00:00,51.033,-0.0753,0.8,0.0,0.2324,0.0393,5923.42,2,45.3782,11.39,step
2026-08-31T19:07:23.574321+00:00,51.451,-0.0731,0.8,0.0,0.2308,0.0407,6358.71,2,45.5939,11.41,step
2026-08-31T19:07:23.575718+00:00,52.064,-0.0674,0.8,0.0,0.2288,0.0452,6458.41,2,45.0133,11.43,step
2026-08-31T19:07:23.577060+00:00,52.726,0.1397,0.0,0.15,0.2264,0.0509,6497.21,2,44.1932,11.45,step
2026-08-31T19:07:23.578358+00:00,52.584,0.1452,0.0,0.15,0.2237,0.0549,5997.07,2,43.7447,11.47,step
2026-08-31T19:07:23.579724+00:00,52.061,0.1475,0.0,0.15,0.2213,0.056,5930.89,2,44.0205,11.49,step
2026-08-31T19:07:23.581415+00:00,51.55,0.148,0.0,0.15,0.219,0.0553,5866.94,2,44.72,11.51,step
2026-08-31T19:07:23.582762+00:00,51.055,-0.0525,0.8,0.0,0.2169,0.0539,5807.4,2,45.6642,11.53,step
2026-08-31T19:07:23.584085+00:00,51.369,-0.051,0.8,0.0,0.2148,0.0543,6398.15,2,46.1558,11.55,step
2026-08-31T19:07:23.585370+00:00,51.965,-0.0455,0.8,0.0,0.2121,0.0583,6551.66,2,45.7006,11.57,step
2026-08-31T19:07:23.586662+00:00,52.597,0.1613,0.0,0.15,0.2092,0.0634,6678.03,2,44.985,11.59,step
2026-08-31T19:07:23.588005+00:00,52.565,0.1665,0.0,0.15,0.206,0.0669,5988.83,2,44.6657,11.61,step
2026-08-31T19:07:23.589554+00:00,52.067,-0.0314,0.8,0.0,0.2031,0.0675,5928.73,2,45.0971,11.63,step
2026-08-31T19:07:23.590860+00:00,52.342,-0.029,0.8,0.0,0.2001,0.0684,6488.71,2,45.4947,11.65,step
2026-08-31T19:07:23.592148+00:00,52.974,-0.024,0.8,0.0,0.1968,0.0716,6601.52,2,45.256,11.67,step
2026-08-31T19:07:23.593449+00:00,53.648,0.1821,0.0,0.15,0.1932,0.0757,6662.32,2,44.7946,11.69,step
2026-08-31T19:07:23.594774+00:00,53.542,0.1869,0.0,0.15,0.1894,0.0785,6104.0,2,44.6738,11.71,step
2026-08-31T19:07:23.596009+00:00,53.01,-0.0115,0.8,0.0,0.1859,0.0784,6036.68,2,45.3358,11.73,step
2026-08-31T19:07:23.597507+00:00,53.319,-0.0096,0.8,0.0,0.1824,0.0785,6621.78,2,45.9819,11.75,step
2026-08-31T19:07:23.598822+00:00,53.969,-0.0047,0.8,0.0,0.1786,0.0814,6732.88,2,45.8604,11.77,step
2026-08-31T19:07:23.600113+00:00,54.657,0.0011,0.8,0.0,0.1745,0.085,6799.19,2,45.5336,11.79,step
2026-08-31T19:07:23.601420+00:00,55.361,0.0071,0.8,0.0,0.1701,0.0887,6848.48,2,45.2013,11.81,step
2026-08-31T19:07:23.602703+00:00,56.002,0.213,0.0,0.15,0.1655,0.0922,7035.2,2,44.9286,11.83,step
2026-08-31T19:07:23.603959+00:00,55.96,0.0175,0.8,0.0,0.1608,0.0942,6367.95,2,45.0671,11.85,step
2026-08-31T19:07:23.605350+00:00,56.213,0.0205,0.8,0.0,0.1561,0.0949,7021.1,2,45.6085,11.87,step
2026-08-31T19:07:23.606760+00:00,56.881,0.0251,0.8,0.0,0.1513,0.0969,7200.85,2,45.7681,11.89,step
2026-08-31T19:07:23.608079+00:00,57.597,0.0303,0.8,0.0,0.1462,0.0995,7322.86,2,45.798,11.91,step
2026-08-31T19:07:23.609394+00:00,58.346,0.0356,0.8,0.0,0.1409,0.1021,7407.06,2,45.8107,11.93,step
2026-08-31T19:07:23.610693+00:00,59.114,0.0411,0.8,0.0,0.1353,0.1046,7470.78,2,45.8605,11.95,step
2026-08-31T19:07:23.611993+00:00,59.889,0.0464,0.8,0.0,0.1296,0.107,7533.68,2,45.9746,11.97,step
2026-08-31T19:07:23.613235+00:00,60.663,0.0516,0.8,0.0,0.1237,0.1092,7611.17,2,46.1636,11.99,step
2026-08-31T19:07:23.614866+00:00,61.435,0.0567,0.8,0.0,0.1176,0.1112,7710.19,2,46.4408,12.01,step
2026-08-31T19:07:23.616135+00:00,62.208,0.0617,0.8,0.0,0.1113,0.1129,7830.9,2,46.8159,12.03,step
2026-08-31T19:07:23.617380+00:00,62.938,0.0664,0.8,0.0,0.1048,0.1144,8062.97,2,47.32,12.05,step
2026-08-31T19:07:23.618580+00:00,63.571,0.0708,0.8,0.0,0.0982,0.1154,8540.39,2,48.0104,12.07,step
2026-08-31T19:07:23.619782+00:00,64.295,0.0748,0.8,0.0,0.0914,0.116,8946.94,2,48.8838,12.09,step
2026-08-31T19:07:23.621007+00:00,65.083,0.0786,0.8,0.0,0.0844,0.1163,9319.42,2,49.967,12.11,step
2026-08-31T19:07:23.622330+00:00,65.913,0.0821,0.8,0.0,0.0772,0.1162,9671.4,2,51.2821,12.13,step
2026-08-31T19:07:23.623651+00:00,66.78,0.0852,0.8,0.0,0.0699,0.1157,9954.63,2,52.8826,12.15,step
2026-08-31T19:07:23.624893+00:00,67.674,0.0881,0.8,0.0,0.0623,0.1148,10182.5,2,54.8455,12.17,step
2026-08-31T19:07:23.626116+00:00,68.584,0.0877,0.8,0.0,0.0547,0.1107,10375.1,2,57.2847,12.19,step
2026-08-31T19:07:23.627356+00:00,69.501,0.0848,0.8,0.0,0.0472,0.1043,10550.6,2,60.3314,12.21,step
2026-08-31T19:07:23.628615+00:00,70.416,0.0814,0.8,0.0,0.0398,0.0974,10723.5,2,64.1229,12.23,step
2026-08-31T19:07:23.629811+00:00,71.31,0.0773,0.8,0.0,0.0325,0.0901,10931.1,2,68.8536,12.25,step
2026-08-31T19:07:23.631233+00:00,72.091,0.0726,0.8,0.0,0.0255,0.0822,11328.3,2,74.9735,12.27,step
2026-08-31T19:07:23.632407+00:00,72.894,0.0672,0.8,0.0,0.0187,0.0737,11676.6,2,83.0178,12.29,step
2026-08-31T19:07:23.633647+00:00,73.726,0.0612,0.8,0.0,0.012,0.0647,11961.8,2,93.9223,12.31,step
2026-08-31T19:07:23.634894+00:00,74.576,0.0545,0.8,0.0,0.0057,0.0552,12204.8,2,109.339,12.33,step
2026-08-31T19:07:23.636169+00:00,75.441,0.0473,0.8,0.0,-0.0005,0.0453,12408.0,2,132.573,12.35,step
2026-08-31T19:07:23.637449+00:00,76.319,0.0394,0.8,0.0,-0.0063,0.0349,12577.3,2,171.109,12.37,step
2026-08-31T19:07:23.638730+00:00,77.203,0.0309,0.8,0.0,-0.0118,0.0241,12725.6,2,190.342,12.39,step
2026-08-31T19:07:23.640205+00:00,78.086,0.0219,0.8,0.0,-0.017,0.0129,12866.3,2,195.59,12.41,step
2026-08-31T19:07:23.641466+00:00,78.962,0.0123,0.8,0.0,-0.0217,0.0014,13009.6,2,199.426,12.43,step
2026-08-31T19:07:23.642741+00:00,79.827,0.0022,0.8,0.0,-0.0261,-0.0105,13162.1,2,200.0,12.45,step
2026-08-31T19:07:23.643984+00:00,80.678,-0.0085,0.8,0.0,-0.03,-0.0226,13328.3,3,200.0,12.47,step
2026-08-31T19:07:23.645205+00:00,81.498,-0.0197,0.8,0.0,-0.0334,-0.035,10537.5,3,177.141,12.49,step
2026-08-31T19:07:23.646439+00:00,82.176,-0.0301,0.8,0.0,-0.0361,-0.0464,10537.4,3,134.081,12.51,step
2026-08-31T19:07:23.647942+00:00,82.444,-0.0377,0.15,0.0,-0.0379,-0.0545,7636.95,3,114.262,12.53,step
2026-08-31T19:07:23.649112+00:00,82.525,-0.042,0.15,0.0,-0.0387,-0.059,7616.32,3,105.672,12.55,step
2026-08-31T19:07:23.650313+00:00,82.573,-0.044,0.15,0.0,-0.0383,-0.0608,7598.0,3,102.594,12.57,step
2026-08-31T19:07:23.651500+00:00,82.621,-0.0446,0.15,0.0,-0.037,-0.0607,7592.46,3,102.539,12.59,step
2026-08-31T19:07:23.652622+00:00,82.669,-0.0444,0.15,0.0,-0.035,-0.0596,7590.32,3,104.332,12.61,step
2026-08-31T19:07:23.653798+00:00,82.713,-0.0439,0.15,0.0,-0.0323,-0.0578,7591.38,3,107.234,12.63,step
2026-08-31T19:07:23.655102+00:00,82.755,-0.0433,0.15,0.0,-0.0293,-0.0558,7593.93,3,110.777,12.65,step
2026-08-31T19:07:23.656460+00:00,82.794,-0.0428,0.15,0.0,-0.026,-0.0537,7597.05,3,114.729,12.67,step
2026-08-31T19:07:23.657670+00:00,82.832,-0.0423,0.15,0.0,-0.0227,-0.0516,7600.35,3,119.015,12.69,step
2026-08-31T19:07:23.658907+00:00,82.869,-0.0418,0.8,0.0,-0.0193,-0.0495,7603.68,3,123.605,12.71,step
2026-08-31T19:07:23.660110+00:00,83.261,-0.0413,0.8,0.0,-0.0159,-0.0474,7996.22,3,128.621,12.73,step
2026-08-31T19:07:23.661276+00:00,83.868,-0.0407,0.8,0.0,-0.0126,-0.0452,8086.02,3,134.356,12.75,step
2026-08-31T19:07:23.662536+00:00,84.506,-0.04,0.8,0.0,-0.0093,-0.043,8139.13,3,140.801,12.77,step
2026-08-31T19:07:23.663823+00:00,85.15,-0.0394,0.8,0.0,-0.0062,-0.0408,8188.36,3,147.859,12.79,step
2026-08-31T19:07:23.665321+00:00,85.793,-0.0387,0.8,0.0,-0.0031,-0.0387,8244.74,3,155.453,12.81,step
2026-08-31T19:07:23.666564+00:00,86.434,-0.038,0.8,0.0,-0.0001,-0.0367,8309.6,3,163.708,12.83,step
2026-08-31T19:07:23.667829+00:00,87.076,-0.0374,0.8,0.0,0.0028,-0.0346,8381.1,3,198.87,12.85,step
2026-08-31T19:07:23.669052+00:00,87.72,-0.0366,0.8,0.0,0.0055,-0.0326,8457.89,3,197.981,12.87,step
2026-08-31T19:07:23.670233+00:00,88.371,-0.0358,0.8,0.0,0.0081,-0.0306,8534.12,3,197.075,12.89,step
2026-08-31T19:07:23.671435+00:00,89.03,-0.0349,0.8,0.0,0.0106,-0.0285,8607.28,3,196.152,12.91,step
2026-08-31T19:07:23.672777+00:00,89.695,-0.0339,0.8,0.0,0.0129,-0.0264,8679.3,3,195.216,12.93,step
2026-08-31T19:07:23.674020+00:00,90.368,-0.0329,0.8,0.0,0.0152,-0.0243,8749.65,3,194.269,12.95,step
2026-08-31T19:07:23.675258+00:00,91.047,-0.0318,0.8,0.0,0.0172,-0.0223,8818.83,3,193.316,12.97,step
2026-08-31T19:07:23.676490+00:00,91.732,-0.0306,0.8,0.0,0.0192,-0.0203,8887.48,3,192.358,12.99,step
2026-08-31T19:07:23.677698+00:00,92.422,-0.0295,0.15,0.0,0.0209,-0.0183,8956.36,3,191.397,13.01,step
2026-08-31T19:07:23.678922+00:00,92.741,-0.0284,0.15,0.0,0.0226,-0.0165,8504.24,3,190.457,13.03,step
2026-08-31T19:07:23.680233+00:00,92.759,-0.0275,0.15,0.0,0.024,-0.0149,8506.6,3,189.561,13.05,step
2026-08-31T19:07:23.681691+00:00,92.778,-0.0265,0.15,0.0,0.0253,-0.0134,8509.64,3,188.675,13.07,step
2026-08-31T19:07:23.682946+00:00,92.799,-0.0255,0.15,0.0,0.0265,-0.0118,8511.98,3,187.782,13.09,step
2026-08-31T19:07:23.684274+00:00,92.819,-0.0244,0.15,0.0,0.0275,-0.0103,8513.88,3,186.886,13.11,step
2026-08-31T19:07:23.685578+00:00,92.84,-0.0234,0.15,0.0,0.0284,-0.0088,8515.57,3,185.998,13.13,step
2026-08-31T19:07:23.686846+00:00,92.86,-0.0223,0.15,0.0,0.0291,-0.0074,8517.19,3,185.125,13.15,step
2026-08-31T19:07:23.688136+00:00,92.881,-0.0212,0.15,0.0,0.0297,-0.0061,8518.84,3,184.264,13.17,step
2026-08-31T19:07:23.689668+00:00,92.901,-0.0202,0.15,0.0,0.0302,-0.0049,8520.6,3,183.417,13.19,step
2026-08-31T19:07:23.690970+00:00,92.922,-0.0192,0.15,0.0,0.0306,-0.0037,8522.61,3,182.584,13.21,step
2026-08-31T19:07:23.692224+00:00,92.943,-0.0181,0.15,0.0,0.0309,-0.0026,8524.64,3,181.762,13.23,step
2026-08-31T19:07:23.693477+00:00,92.963,-0.0172,0.15,0.0,0.0311,-0.0015,8526.37,3,180.955,13.25,step
2026-08-31T19:07:23.694796+00:00,92.984,-0.0162,0.15,0.0,0.0312,-0.0005,8528.16,3,180.162,13.27,step
2026-08-31T19:07:23.696111+00:00,93.005,-0.0152,0.15,0.0,0.0313,0.0004,8529.97,3,179.383,13.29,step
2026-08-31T19:07:23.697456+00:00,93.026,-0.0143,0.15,0.0,0.0312,0.0012,8531.8,3,178.619,13.31,step
2026-08-31T19:07:23.698858+00:00,93.047,-0.0134,0.15,0.0,0.0311,0.0021,8533.66,3,177.87,13.33,step
2026-08-31T19:07:23.700157+00:00,93.067,-0.0125,0.15,0.0,0.0309,0.0028,8535.53,3,177.136,13.35,step
2026-08-31T19:07:23.701471+00:00,93.088,-0.0117,0.15,0.0,0.0306,0.0035,8537.42,3,176.41,13.37,step
2026-08-31T19:07:23.702791+00:00,93.109,-0.0108,0.15,0.0,0.0303,0.0042,8539.32,3,175.689,13.39,step
2026-08-31T19:07:23.704082+00:00,93.129,-0.0099,0.15,0.0,0.0299,0.0048,8541.26,3,174.98,13.41,step
2026-08-31T19:07:23.705578+00:00,93.15,-0.0091,0.15,0.0,0.0295,0.0054,8543.19,3,174.285,13.43,step
2026-08-31T19:07:23.706884+00:00,93.171,-0.0083,0.15,0.0,0.029,0.006,8545.11,3,173.605,13.45,step
2026-08-31T19:07:23.708148+00:00,93.192,-0.0075,0.15,0.0,0.0285,0.0065,8547.01,3,172.94,13.47,step
2026-08-31T19:07:23.709454+00:00,93.213,-0.0068,0.15,0.0,0.0279,0.0069,8548.89,3,172.285,13.49,step
2026-08-31T19:07:23.710656+00:00,93.233,-0.006,0.15,0.0,0.0273,0.0073,8551.78,3,171.638,13.51,step
2026-08-31T19:07:23.711920+00:00,93.254,-0.0053,0.15,0.0,0.0267,0.0077,8553.32,3,171.004,13.53,step
2026-08-31T19:07:23.713189+00:00,93.276,-0.0046,0.15,0.0,0.026,0.008,8554.94,3,170.385,13.55,step
2026-08-31T19:07:23.714751+00:00,93.297,-0.004,0.15,0.0,0.0253,0.0083,8556.64,3,169.777,13.57,step
2026-08-31T19:07:23.716052+00:00,93.317,-0.0034,0.15,0.0,0.0246,0.0086,8558.37,3,169.179,13.59,step
2026-08-31T19:07:23.717360+00:00,93.338,-0.0028,0.15,0.0,0.0238,0.0088,8560.14,3,168.596,13.61,step
2026-08-31T19:07:23.718665+00:00,93.359,-0.0022,0.15,0.0,0.0231,0.009,8561.97,3,168.025,13.63,step
2026-08-31T19:07:23.719987+00:00,93.38,-0.0017,0.15,0.0,0.0223,0.0091,8563.85,3,167.462,13.65,step
2026-08-31T19:07:23.721285+00:00,93.4,-0.0012,0.15,0.0,0.0215,0.0092,8565.78,3,166.906,13.67,step
2026-08-31T19:07:23.722764+00:00,93.421,-0.0007,0.15,0.0,0.0207,0.0093,8567.78,3,166.359,13.69,step
2026-08-31T19:07:23.724108+00:00,93.442,-0.0002,0.15,0.0,0.0199,0.0094,8569.78,3,165.82,13.71,step
2026-08-31T19:07:23.725420+00:00,93.463,0.0003,0.15,0.0,0.0191,0.0094,8571.74,3,165.288,13.73,step
2026-08-31T19:07:23.726645+00:00,93.484,0.0007,0.15,0.0,0.0183,0.0095,8573.67,3,164.764,13.75,step
2026-08-31T19:07:23.727884+00:00,93.505,0.001,0.15,0.0,0.0175,0.0094,8575.54,3,164.25,13.77,step
2026-08-31T19:07:23.729128+00:00,93.525,0.0014,0.15,0.0,0.0167,0.0094,8578.3,3,163.743,13.79,step
2026-08-31T19:07:23.730465+00:00,93.546,0.0018,0.15,0.0,0.0159,0.0093,8580.54,3,163.239,13.81,step
2026-08-31T19:07:23.731872+00:00,93.567,0.0021,0.15,0.0,0.015,0.0093,8581.9,3,162.744,13.83,step
2026-08-31T19:07:23.733138+00:00,93.589,0.0024,0.15,0.0,0.0142,0.0092,8583.5,3,162.254,13.85,step
2026-08-31T19:07:23.734415+00:00,93.61,0.0027,0.15,0.0,0.0135,0.0091,8585.12,3,161.766,13.87,step
2026-08-31T19:07:23.735672+00:00,93.631,0.0029,0.15,0.0,0.0127,0.0089,8586.8,3,161.284,13.89,step
2026-08-31T19:07:23.736942+00:00,93.651,0.0031,0.15,0.0,0.0119,0.0088,8588.57,3,160.81,13.91,step
2026-08-31T19:07:23.738253+00:00,93.672,0.0033,0.15,0.0,0.0112,0.0086,8590.43,3,160.337,13.93,step
2026-08-31T19:07:23.739836+00:00,93.693,0.0035,0.15,0.0,0.0105,0.0084,8592.35,3,159.865,13.95,step
2026-08-31T19:07:23.741115+00:00,93.713,0.0037,0.15,0.0,0.0098,0.0083,8594.34,3,159.398,13.97,step
2026-08-31T19:07:23.742383+00:00,93.734,0.0038,0.15,0.0,0.0091,0.0081,8596.43,3,158.936,13.99,step
2026-08-31T19:07:23.743649+00:00,93.755,0.004,0.15,0.0,0.0084,0.0079,8598.46,3,158.473,14.01,step
2026-08-31T19:07:23.744895+00:00,93.776,0.0041,0.15,0.0,0.0077,0.0077,8600.43,3,158.01,14.03,step
2026-08-31T19:07:23.746163+00:00,93.797,0.0042,0.15,0.0,0.007,0.0074,8602.33,3,157.548,14.05,step
2026-08-31T19:07:23.747650+00:00,93.819,0.0043,0.15,0.0,0.0064,0.0072,8604.2,3,157.085,14.07,step
2026-08-31T19:07:23.748863+00:00,93.839,0.0044,0.15,0.0,0.0058,0.007,8608.03,3,156.622,14.09,step
2026-08-31T19:07:23.750136+00:00,93.861,0.0045,0.15,0.0,0.0051,0.0068,8609.18,3,156.16,14.11,step
2026-08-31T19:07:23.751371+00:00,93.882,0.0046,0.15,0.0,0.0046,0.0066,8610.58,3,155.703,14.13,step
2026-08-31T19:07:23.752597+00:00,93.904,0.0046,0.15,0.0,0.004,0.0063,8612.12,3,155.252,14.15,step
2026-08-31T19:07:23.753830+00:00,93.925,0.0046,0.15,0.0,0.0034,0.0061,8613.71,3,154.802,14.17,step
2026-08-31T19:07:23.755128+00:00,93.946,0.0045,0.15,0.0,0.0029,0.0058,8615.41,3,154.353,14.19,step
2026-08-31T19:07:23.756532+00:00,93.967,0.0045,0.15,0.0,0.0024,0.0055,8617.23,3,153.904,14.21,step
2026-08-31T19:07:23.757808+00:00,93.988,0.0045,0.15,0.0,0.002,0.0052,8619.15,3,153.454,14.23,step
2026-08-31T19:07:23.759059+00:00,94.008,0.0044,0.15,0.0,0.0015,0.005,8621.14,3,152.998,14.25,step
2026-08-31T19:07:23.760302+00:00,94.029,0.0044,0.15,0.0,0.0011,0.0048,8623.28,3,152.534,14.27,step
2026-08-31T19:07:23.761524+00:00,94.051,0.0044,0.15,0.0,0.0007,0.0046,8625.39,3,152.067,14.29,step
2026-08-31T19:07:23.762777+00:00,94.072,0.0044,0.15,0.0,0.0003,0.0043,8627.43,3,151.599,14.31,step
2026-08-31T19:07:23.764297+00:00,94.094,0.0043,0.15,0.0,-0.0001,0.0041,8629.38,3,151.13,14.33,step
2026-08-31T19:07:23.765613+00:00,94.115,0.0043,0.15,0.0,-0.0004,0.0039,8631.29,3,150.661,14.35,step
2026-08-31T19:07:23.766857+00:00,94.135,0.0042,0.15,0.0,-0.0007,0.0037,8635.53,3,150.192,14.37,step
2026-08-31T19:07:23.768132+00:00,94.157,0.0042,0.15,0.0,-0.001,0.0035,8636.95,3,149.723,14.39,step
2026-08-31T19:07:23.769387+00:00,94.18,0.0041,0.15,0.0,-0.0013,0.0033,8638.08,3,149.255,14.41,step
2026-08-31T19:07:23.770610+00:00,94.202,0.004,0.15,0.0,-0.0016,0.0031,8639.55,3,148.785,14.43,step
2026-08-31T19:07:23.771915+00:00,94.223,0.0039,0.15,0.0,-0.0018,0.0029,8641.05,3,148.315,14.45,step
2026-08-31T19:07:23.773409+00:00,94.245,0.0038,0.15,0.0,-0.002,0.0027,8642.68,3,147.844,14.47,step
2026-08-31T19:07:23.774686+00:00,94.266,0.0037,0.15,0.0,-0.0022,0.0024,8644.47,3,147.373,14.49,step
2026-08-31T19:07:23.775997+00:00,94.287,0.0035,0.15,0.0,-0.0025,0.0022,8646.39,3,146.9,14.51,step
2026-08-31T19:07:23.777339+00:00,94.308,0.0034,0.15,0.0,-0.0027,0.002,8648.4,3,146.427,14.53,step
2026-08-31T19:07:23.778685+00:00,94.33,0.0033,0.15,0.0,-0.0029,0.0018,8650.52,3,145.948,14.55,step
2026-08-31T19:07:23.779961+00:00,94.351,0.0032,0.15,0.0,-0.003,0.0017,8652.61,3,145.464,14.57,step
2026-08-31T19:07:23.781377+00:00,94.372,0.0032,0.15,0.0,-0.0032,0.0015,8654.65,3,144.979,14.59,step
2026-08-31T19:07:23.782711+00:00,94.393,0.003,0.15,0.0,-0.0033,0.0013,8656.61,3,144.493,14.61,step
2026-08-31T19:07:23.783994+00:00,94.415,0.0029,0.15,0.0,-0.0034,0.0012,8658.55,3,144.007,14.63,step
2026-08-31T19:07:23.785300+00:00,94.436,0.0028,0.15,0.0,-0.0035,0.001,8660.63,3,143.521,14.65,step
2026-08-31T19:07:23.786623+00:00,94.457,0.0027,0.15,0.0,-0.0036,0.0008,8662.99,3,143.035,14.67,step
2026-08-31T19:07:23.787904+00:00,94.478,0.0025,0.15,0.0,-0.0037,0.0007,8664.63,3,142.548,14.69,step
2026-08-31T19:07:23.789417+00:00,94.5,0.0024,0.15,0.0,-0.0037,0.0005,8666.41,3,142.062,14.71,step
2026-08-31T19:07:23.790644+00:00,94.521,0.0023,0.15,0.0,-0.0037,0.0004,8668.19,3,141.57,14.73,step
2026-08-31T19:07:23.791900+00:00,94.542,0.0021,0.15,0.0,-0.0037,0.0003,8670.0,3,141.073,14.75,step
2026-08-31T19:07:23.793160+00:00,94.563,0.002,0.15,0.0,-0.0037,0.0001,8671.85,3,140.574,14.77,step
2026-08-31T19:07:23.794469+00:00,94.584,0.0019,0.15,0.0,-0.0038,0.0,8673.76,3,140.072,14.79,step
2026-08-31T19:07:23.795774+00:00,94.605,0.0018,0.15,0.0,-0.0038,-0.0001,8675.69,3,139.571,14.81,step
2026-08-31T19:07:23.797086+00:00,94.626,0.0017,0.15,0.0,-0.0038,-0.0002,8677.63,3,139.069,14.83,step
2026-08-31T19:07:23.798558+00:00,94.647,0.0016,0.15,0.0,-0.0038,-0.0003,8679.54,3,138.568,14.85,step
2026-08-31T19:07:23.799761+00:00,94.667,0.0015,0.15,0.0,-0.0038,-0.0004,8681.44,3,138.066,14.87,step
2026-08-31T19:07:23.800997+00:00,94.688,0.0013,0.15,0.0,-0.0037,-0.0005,8683.34,3,137.559,14.89,step
2026-08-31T19:07:23.802213+00:00,94.709,0.0012,0.15,0.0,-0.0037,-0.0006,8685.24,3,137.048,14.91,step
2026-08-31T19:07:23.803547+00:00,94.729,0.0011,0.15,0.0,-0.0036,-0.0006,8687.08,3,136.536,14.93,step
2026-08-31T19:07:23.804752+00:00,94.75,0.001,0.15,0.0,-0.0035,-0.0007,8688.58,3,136.024,14.95,step
2026-08-31T19:07:23.806163+00:00,94.77,0.0009,0.15,0.0,-0.0035,-0.0008,8690.49,3,135.511,14.97,step
2026-08-31T19:07:23.807554+00:00,94.79,0.0009,0.15,0.0,-0.0034,-0.0008,8692.5,3,134.997,14.99,step
2026-08-31T19:07:23.808872+00:00,94.811,0.0008,0.15,0.0,-0.0034,-0.0009,8694.51,3,134.483,15.01,step
2026-08-31T19:07:23.810163+00:00,94.831,0.0007,0.15,0.0,-0.0033,-0.0009,8696.45,3,133.97,15.03,step
2026-08-31T19:07:23.811435+00:00,94.851,0.0006,0.15,0.0,-0.0032,-0.001,8698.33,3,133.456,15.05,step
2026-08-31T19:07:23.812697+00:00,94.871,0.0005,0.15,0.0,-0.0031,-0.0011,8700.18,3,132.942,15.07,step
2026-08-31T19:07:23.814100+00:00,94.892,0.0004,0.15,0.0,-0.003,-0.0011,8702.01,3,132.423,15.09,step
2026-08-31T19:07:23.815385+00:00,94.912,0.0003,0.15,0.0,-0.0029,-0.0011,8703.84,3,131.9,15.11,step
2026-08-31T19:07:23.816642+00:00,94.932,0.0002,0.15,0.0,-0.0028,-0.0011,8705.71,3,131.374,15.13,step
2026-08-31T19:07:23.817910+00:00,94.953,0.0002,0.15,0.0,-0.0027,-0.0011,8707.55,3,130.846,15.15,step
2026-08-31T19:07:23.819141+00:00,94.973,0.0002,0.15,0.0,-0.0026,-0.0011,8709.4,3,130.319,15.17,step
2026-08-31T19:07:23.820396+00:00,94.993,0.0001,0.15,0.0,-0.0026,-0.0011,8711.22,3,129.791,15.19,step
2026-08-31T19:07:23.821592+00:00,95.013,0.0001,0.15,0.0,-0.0025,-0.0011,8713.07,3,129.263,15.21,step
2026-08-31T19:07:23.823228+00:00,95.033,0.0,0.15,0.0,-0.0023,-0.0011,8715.32,3,128.735,15.23,step
2026-08-31T19:07:23.824473+00:00,95.053,-0.0001,0.15,0.0,-0.0022,-0.0011,8716.97,3,128.208,15.25,step
2026-08-31T19:07:23.825744+00:00,95.074,-0.0001,0.15,0.0,-0.0021,-0.0011,8718.7,3,127.68,15.27,step
2026-08-31T19:07:23.826972+00:00,95.094,-0.0001,0.15,0.0,-0.002,-0.0011,8720.44,3,127.151,15.29,step
2026-08-31T19:07:23.828145+00:00,95.114,-0.0002,0.15,0.0,-0.002,-0.0011,8722.19,3,126.622,15.31,step
2026-08-31T19:07:23.829325+00:00,95.134,-0.0002,0.15,0.0,-0.0019,-0.0011,8723.95,3,126.094,15.33,step
2026-08-31T19:07:23.830691+00:00,95.154,-0.0003,0.15,0.0,-0.0018,-0.0011,8725.75,3,125.565,15.35,step
2026-08-31T19:07:23.832076+00:00,95.174,-0.0003,0.15,0.0,-0.0017,-0.0011,8727.57,3,125.037,15.37,step
2026-08-31T19:07:23.833316+00:00,95.194,-0.0004,0.15,0.0,-0.0015,-0.0011,8729.44,3,124.508,15.39,step
2026-08-31T19:07:23.834548+00:00,95.214,-0.0005,0.15,0.0,-0.0014,-0.0011,8731.38,3,123.98,15.41,step
2026-08-31T19:07:23.835779+00:00,95.234,-0.0005,0.15,0.0,-0.0013,-0.0011,8733.29,3,123.45,15.43,step
2026-08-31T19:07:23.836948+00:00,95.254,-0.0005,0.15,0.0,-0.0013,-0.0011,8735.15,3,122.921,15.45,step
2026-08-31T19:07:23.838129+00:00,95.274,-0.0006,0.15,0.0,-0.0012,-0.0011,8736.97,3,122.387,15.47,step
2026-08-31T19:07:23.839718+00:00,95.295,-0.0006,0.15,0.0,-0.0011,-0.0011,8738.96,3,121.849,15.49,step
2026-08-31T19:07:23.841004+00:00,95.314,-0.0006,0.15,0.0,-0.001,-0.001,8742.02,3,121.309,15.51,step
2026-08-31T19:07:23.842246+00:00,95.335,-0.0005,0.15,0.0,-0.0009,-0.0009,8743.25,3,120.768,15.53,step
2026-08-31T19:07:23.843467+00:00,95.356,-0.0005,0.15,0.0,-0.0008,-0.0009,8744.75,3,120.226,15.55,step
2026-08-31T19:07:23.844698+00:00,95.376,-0.0005,0.0,0.15,-0.0007,-0.0008,8746.28,3,119.684,15.57,step
2026-08-31T19:07:23.845914+00:00,95.01,-0.0005,0.0,0.15,-0.0007,-0.0008,8567.8,3,119.152,15.59,step
2026-08-31T19:07:23.847165+00:00,94.446,-0.0006,0.0,0.15,-0.0006,-0.0008,8513.69,3,118.633,15.61,step
2026-08-31T19:07:23.848677+00:00,93.881,-0.0007,0.0,0.15,-0.0005,-0.0009,8460.71,3,118.118,15.63,step
2026-08-31T19:07:23.849916+00:00,93.319,-0.0007,0.0,0.15,-0.0004,-0.0009,8409.44,3,117.602,15.65,step
2026-08-31T19:07:23.851192+00:00,92.765,-0.0008,0.0,0.15,-0.0004,-0.0009,8359.58,3,117.089,15.67,step
2026-08-31T19:07:23.852498+00:00,92.21,-0.0008,0.0,0.15,-0.0003,-0.0009,8310.2,3,116.578,15.69,step
2026-08-31T19:07:23.853812+00:00,91.656,-0.0009,0.0,0.15,-0.0003,-0.001,8261.01,3,116.07,15.71,step
2026-08-31T19:07:23.855077+00:00,91.103,-0.0009,0.0,0.15,-0.0002,-0.001,8212.06,3,115.565,15.73,step
2026-08-31T19:07:23.856532+00:00,90.553,-0.001,0.0,0.15,-0.0001,-0.001,8163.26,3,115.062,15.75,step
2026-08-31T19:07:23.857865+00:00,90.005,-0.001,0.0,0.15,-0.0001,-0.001,8114.57,3,114.562,15.77,step
2026-08-31T19:07:23.859157+00:00,89.465,-0.001,0.15,0.0,0.0,-0.001,8059.8,3,114.065,15.79,step
2026-08-31T19:07:23.860556+00:00,89.304,-0.0011,0.15,0.0,0.0001,-0.001,8195.56,3,113.566,15.81,step
2026-08-31T19:07:23.861908+00:00,89.336,-0.001,0.15,0.0,0.0001,-0.0009,8196.78,3,113.063,15.83,step
2026-08-31T19:07:23.863164+00:00,89.369,-0.001,0.15,0.0,0.0002,-0.0009,8197.9,3,112.557,15.85,step
2026-08-31T19:07:23.864496+00:00,89.401,-0.001,0.15,0.0,0.0003,-0.0008,8199.66,3,112.051,15.87,step
2026-08-31T19:07:23.865885+00:00,89.433,-0.001,0.15,0.0,0.0003,-0.0008,8202.09,3,111.543,15.89,step
2026-08-31T19:07:23.867099+00:00,89.464,-0.0009,0.15,0.0,0.0004,-0.0007,8205.02,3,111.036,15.91,step
2026-08-31T19:07:23.868331+00:00,89.496,-0.0009,0.0,0.15,0.0004,-0.0007,8208.32,3,110.529,15.93,step
2026-08-31T19:07:23.869603+00:00,89.143,-0.0009,0.15,0.0,0.0005,-0.0006,8042.74,3,110.026,15.95,step
2026-08-31T19:07:23.870937+00:00,88.984,-0.0009,0.15,0.0,0.0005,-0.0006,8164.85,3,109.526,15.97,step
2026-08-31T19:07:23.872469+00:00,89.016,-0.0008,0.15,0.0,0.0005,-0.0005,8166.96,3,109.023,15.99,step
2026-08-31T19:07:23.873837+00:00,89.053,-0.0008,0.15,0.0,0.0006,-0.0005,8169.63,3,108.468,16.012,step
2026-08-31T19:07:23.875116+00:00,89.09,-0.0008,0.15,0.0,0.0007,-0.0004,8172.6,3,107.914,16.034,step
2026-08-31T19:07:23.876446+00:00,89.126,-0.0007,0.15,0.0,0.0007,-0.0004,8175.61,3,107.358,16.056,step
2026-08-31T19:07:23.877787+00:00,89.161,-0.0007,0.15,0.0,0.0007,-0.0003,8181.67,3,106.802,16.078,step
2026-08-31T19:07:23.879170+00:00,89.198,-0.0006,0.15,0.0,0.0007,-0.0002,8184.67,3,106.246,16.1,step
2026-08-31T19:07:23.880482+00:00,89.236,-0.0005,0.15,0.0,0.0008,-0.0002,8186.86,3,105.689,16.122,step
2026-08-31T19:07:23.882150+00:00,89.273,-0.0005,0.15,0.0,0.0008,-0.0001,8189.5,3,105.133,16.144,step
2026-08-31T19:07:23.883441+00:00,89.31,-0.0004,0.15,0.0,0.0008,-0.0001,8192.25,3,104.58,16.166,step
2026-08-31T19:07:23.884734+00:00,89.347,-0.0004,0.15,0.0,0.0008,-0.0,8195.2,3,104.033,16.188,step
2026-08-31T19:07:23.886020+00:00,89.383,-0.0004,0.15,0.0,0.0008,-0.0,8198.39,3,103.485,16.21,step
2026-08-31T19:07:23.887294+00:00,89.419,-0.0004,0.15,0.0,0.0008,-0.0,8201.74,3,102.938,16.232,step
2026-08-31T19:07:23.888570+00:00,89.455,-0.0004,0.15,0.0,0.0008,-0.0,8205.23,3,102.392,16.254,step
2026-08-31T19:07:23.890121+00:00,89.492,-0.0004,0.0,0.15,0.0008,-0.0,8208.96,3,101.846,16.276,step
2026-08-31T19:07:23.891412+00:00,89.096,-0.0004,0.15,0.0,0.0008,-0.0,8036.72,3,101.297,16.298,step
2026-08-31T19:07:23.892754+00:00,88.934,-0.0004,0.15,0.0,0.0008,0.0,8160.48,3,100.749,16.32,step
2026-08-31T19:07:23.894016+00:00,88.973,-0.0004,0.15,0.0,0.0008,0.0,8162.69,3,100.204,16.342,step
2026-08-31T19:07:23.895287+00:00,89.012,-0.0004,0.15,0.0,0.0008,0.0,8165.62,3,99.6591,16.364,step
2026-08-31T19:07:23.896571+00:00,89.049,-0.0004,0.15,0.0,0.0008,0.0,8173.28,3,99.115,16.386,step
2026-08-31T19:07:23.898121+00:00,89.09,-0.0004,0.15,0.0,0.0008,0.0,8174.62,3,98.5706,16.408,step
2026-08-31T19:07:23.899358+00:00,89.129,-0.0004,0.15,0.0,0.0008,0.0,8177.0,3,98.0258,16.43,step
2026-08-31T19:07:23.900651+00:00,89.169,-0.0004,0.15,0.0,0.0008,0.0,8179.55,3,97.4811,16.452,step
2026-08-31T19:07:23.901927+00:00,89.208,-0.0004,0.15,0.0,0.0008,0.0,8182.42,3,96.9365,16.474,step
2026-08-31T19:07:23.903203+00:00,89.247,-0.0004,0.15,0.0,0.0008,0.0,8185.66,3,96.3907,16.496,step
2026-08-31T19:07:23.904467+00:00,89.285,-0.0004,0.15,0.0,0.0008,0.0,8189.19,3,95.8452,16.518,step
2026-08-31T19:07:23.906033+00:00,89.323,-0.0004,0.15,0.0,0.0008,0.0,8192.92,3,95.2997,16.54,step
2026-08-31T19:07:23.907399+00:00,89.362,-0.0004,0.15,0.0,0.0008,0.0,8196.89,3,94.7537,16.562,step
2026-08-31T19:07:23.908725+00:00,89.401,-0.0004,0.15,0.0,0.0008,0.0,8200.91,3,94.2072,16.584,step
2026-08-31T19:07:23.910026+00:00,89.441,-0.0004,0.15,0.0,0.0008,0.0,8204.75,3,93.6608,16.606,step
2026-08-31T19:07:23.911277+00:00,89.481,-0.0004,0.15,0.0,0.0008,0.0,8208.4,3,93.1145,16.628,step
2026-08-31T19:07:23.912550+00:00,89.522,-0.0004,0.0,0.15,0.0008,0.0,8211.92,3,92.5671,16.65,step
2026-08-31T19:07:23.913917+00:00,89.125,-0.0003,0.15,0.0,0.0008,0.0,8030.97,3,92.0177,16.672,step
2026-08-31T19:07:23.915589+00:00,88.968,-0.0003,0.15,0.0,0.0008,0.0001,8167.71,3,91.4696,16.694,step
2026-08-31T19:07:23.916859+00:00,89.012,-0.0003,0.15,0.0,0.0008,0.0001,8168.46,3,90.9245,16.716,step
2026-08-31T19:07:23.918088+00:00,89.055,-0.0003,0.15,0.0,0.0008,0.0001,8170.34,3,90.3802,16.738,step
2026-08-31T19:07:23.919290+00:00,89.097,-0.0003,0.15,0.0,0.0008,0.0001,8172.62,3,89.8355,16.76,step
2026-08-31T19:07:23.920529+00:00,89.139,-0.0003,0.15,0.0,0.0007,0.0001,8175.48,3,89.2908,16.782,step
2026-08-31T19:07:23.921838+00:00,89.18,-0.0003,0.15,0.0,0.0007,0.0001,8178.93,3,88.7461,16.804,step
2026-08-31T19:07:23.923395+00:00,89.221,-0.0003,0.15,0.0,0.0007,0.0001,8182.84,3,88.201,16.826,step
2026-08-31T19:07:23.924725+00:00,89.261,-0.0003,0.15,0.0,0.0007,0.0001,8187.15,3,87.6554,16.848,step
2026-08-31T19:07:23.926076+00:00,89.303,-0.0003,0.15,0.0,0.0007,0.0001,8191.56,3,87.1099,16.87,step
2026-08-31T19:07:23.927366+00:00,89.344,-0.0003,0.15,0.0,0.0007,0.0001,8195.77,3,86.5644,16.892,step
2026-08-31T19:07:23.928667+00:00,89.387,-0.0003,0.15,0.0,0.0007,0.0001,8199.76,3,86.018,16.914,step
2026-08-31T19:07:23.929984+00:00,89.429,-0.0003,0.15,0.0,0.0007,0.0001,8203.51,3,85.4716,16.936,step
2026-08-31T19:07:23.931423+00:00,89.471,-0.0003,0.15,0.0,0.0007,0.0001,8207.17,3,84.9253,16.958,step
2026-08-31T19:07:23.932725+00:00,89.511,-0.0003,0.0,0.15,0.0007,0.0001,8215.24,3,84.3782,16.98,step
2026-08-31T19:07:23.933960+00:00,89.117,-0.0002,0.15,0.0,0.0007,0.0001,8034.2,3,83.8299,17.002,step
2026-08-31T19:07:23.935177+00:00,88.966,-0.0002,0.15,0.0,0.0007,0.0001,8163.61,3,83.2823,17.024,step
2026-08-31T19:07:23.936382+00:00,89.01,-0.0002,0.15,0.0,0.0006,0.0001,8166.12,3,82.737,17.046,step
2026-08-31T19:07:23.937608+00:00,89.054,-0.0002,0.15,0.0,0.0007,0.0001,8168.88,3,82.1928,17.068,step
2026-08-31T19:07:23.939241+00:00,89.098,-0.0002,0.15,0.0,0.0006,0.0001,8172.05,3,81.648,17.09,step
2026-08-31T19:07:23.940552+00:00,89.141,-0.0002,0.15,0.0,0.0006,0.0001,8175.65,3,81.1033,17.112,step
2026-08-31T19:07:23.941859+00:00,89.183,-0.0002,0.15,0.0,0.0006,0.0001,8179.62,3,80.5587,17.134,step
2026-08-31T19:07:23.943142+00:00,89.226,-0.0001,0.15,0.0,0.0006,0.0001,8183.98,3,80.0134,17.156,step
2026-08-31T19:07:23.944436+00:00,89.269,-0.0001,0.15,0.0,0.0006,0.0001,8188.4,3,79.4679,17.178,step
2026-08-31T19:07:23.945775+00:00,89.312,-0.0001,0.15,0.0,0.0006,0.0001,8192.6,3,78.9224,17.2,step
2026-08-31T19:07:23.947069+00:00,89.355,-0.0001,0.15,0.0,0.0006,0.0001,8196.64,3,78.3766,17.222,step
2026-08-31T19:07:23.948765+00:00,89.399,-0.0001,0.15,0.0,0.0005,0.0001,8200.51,3,77.8301,17.244,step
2026-08-31T19:07:23.950023+00:00,89.441,-0.0001,0.15,0.0,0.0005,0.0001,8205.9,3,77.2838,17.266,step
2026-08-31T19:07:23.951273+00:00,89.484,-0.0001,0.15,0.0,0.0005,0.0001,8209.39,3,76.7372,17.288,step
2026-08-31T19:07:23.952473+00:00,89.528,-0.0001,0.0,0.15,0.0005,0.0001,8212.75,3,76.1899,17.31,step
2026-08-31T19:07:23.953706+00:00,89.129,-0.0001,0.15,0.0,0.0005,0.0001,8040.42,3,75.6463,17.332,step
2026-08-31T19:07:23.955030+00:00,88.982,-0.0001,0.15,0.0,0.0005,0.0001,8163.84,3,75.106,17.354,step
2026-08-31T19:07:23.956435+00:00,89.026,-0.0001,0.15,0.0,0.0004,0.0001,8166.91,3,74.5634,17.376,step
2026-08-31T19:07:23.957753+00:00,89.07,-0.0001,0.15,0.0,0.0004,0.0001,8170.34,3,74.0199,17.398,step
2026-08-31T19:07:23.959055+00:00,89.114,-0.0001,0.15,0.0,0.0004,0.0001,8173.95,3,73.4752,17.42,step
2026-08-31T19:07:23.960341+00:00,89.158,-0.0001,0.15,0.0,0.0004,0.0001,8177.75,3,72.9305,17.442,step
2026-08-31T19:07:23.961624+00:00,89.202,-0.0001,0.15,0.0,0.0004,0.0001,8181.83,3,72.3859,17.464,step
2026-08-31T19:07:23.962967+00:00,89.246,-0.0001,0.15,0.0,0.0004,0.0001,8186.13,3,71.8402,17.486,step
2026-08-31T19:07:23.964432+00:00,89.289,-0.0001,0.15,0.0,0.0004,0.0001,8190.36,3,71.2946,17.508,step
2026-08-31T19:07:23.965706+00:00,89.333,-0.0001,0.15,0.0,0.0004,0.0001,8194.44,3,70.7491,17.53,step
2026-08-31T19:07:23.966983+00:00,89.377,-0.0001,0.15,0.0,0.0004,0.0001,8198.66,3,70.2028,17.552,step
2026-08-31T19:07:23.968241+00:00,89.421,-0.0001,0.15,0.0,0.0004,0.0001,8203.72,3,69.6563,17.574,step
2026-08-31T19:07:23.969469+00:00,89.465,-0.0001,0.15,0.0,0.0004,0.0001,8207.05,3,69.11,17.596,step
2026-08-31T19:07:23.970681+00:00,89.509,-0.0001,0.0,0.15,0.0004,0.0001,8210.72,3,68.563,17.618,step
2026-08-31T19:07:23.972184+00:00,89.11,-0.0001,0.15,0.0,0.0003,0.0001,8039.21,3,68.015,17.64,step
2026-08-31T19:07:23.973496+00:00,88.965,-0.0,0.15,0.0,0.0003,0.0001,8162.12,3,67.4681,17.662,step
2026-08-31T19:07:23.974741+00:00,89.009,-0.0,0.15,0.0,0.0003,0.0001,8165.29,3,66.9232,17.684,step
2026-08-31T19:07:23.976009+00:00,89.054,-0.0,0.15,0.0,0.0003,0.0001,8168.86,3,66.3791,17.706,step
2026-08-31T19:07:23.977254+00:00,89.098,-0.0,0.15,0.0,0.0003,0.0001,8172.57,3,65.8344,17.728,step
2026-08-31T19:07:23.978488+00:00,89.143,0.0,0.15,0.0,0.0003,0.0001,8176.5,3,65.2896,17.75,step
2026-08-31T19:07:23.979766+00:00,89.188,-0.0,0.15,0.0,0.0003,0.0001,8180.63,3,64.745,17.772,step
2026-08-31T19:07:23.981371+00:00,89.232,0.0,0.15,0.0,0.0003,0.0001,8184.95,3,64.1997,17.794,step
2026-08-31T19:07:23.982686+00:00,89.277,0.0,0.15,0.0,0.0002,0.0001,8189.19,3,63.6541,17.816,step
2026-08-31T19:07:23.983963+00:00,89.322,0.0,0.15,0.0,0.0002,0.0001,8193.3,3,63.1087,17.838,step
2026-08-31T19:07:23.985191+00:00,89.365,0.0,0.15,0.0,0.0002,0.0001,8198.79,3,62.5626,17.86,step
2026-08-31T19:07:23.986362+00:00,89.411,0.0,0.15,0.0,0.0002,0.0001,8202.21,3,62.0162,17.882,step
2026-08-31T19:07:23.987567+00:00,89.456,0.0,0.15,0.0,0.0002,0.0001,8205.87,3,61.4699,17.904,step
2026-08-31T19:07:23.988949+00:00,89.5,0.0,0.0,0.15,0.0002,0.0001,8209.63,3,60.923,17.926,step
2026-08-31T19:07:23.990463+00:00,89.101,0.0,0.15,0.0,0.0002,0.0001,8038.69,3,60.3785,17.948,step
2026-08-31T19:07:23.991750+00:00,88.956,0.0,0.15,0.0,0.0002,0.0001,8161.34,3,59.8372,17.97,step
2026-08-31T19:07:23.993032+00:00,89.002,0.0,0.15,0.0,0.0001,0.0001,8164.57,3,59.2942,17.992,step
2026-08-31T19:07:23.994298+00:00,89.047,0.0,0.15,0.0,0.0001,0.0001,8168.25,3,58.7507,18.014,step
2026-08-31T19:07:23.995619+00:00,89.092,0.0,0.15,0.0,0.0001,0.0001,8172.07,3,58.2063,18.036,step
2026-08-31T19:07:23.996893+00:00,89.138,0.0,0.0,0.15,0.0001,0.0001,8176.08,3,57.6616,18.058,step
2026-08-31T19:07:23.998576+00:00,88.744,0.0,0.0,0.15,0.0001,0.0001,8006.55,3,57.1163,18.08,step
2026-08-31T19:07:23.999859+00:00,88.156,0.0001,0.0,0.15,0.0001,0.0001,7950.5,3,56.5717,18.102,step
2026-08-31T19:07:24.001156+00:00,87.569,0.0002,0.0,0.15,0.0001,0.0002,7895.96,3,56.0296,18.124,step
2026-08-31T19:07:24.002389+00:00,86.988,0.0002,0.0,0.15,0.0001,0.0003,7840.58,3,55.491,18.146,step
2026-08-31T19:07:24.003620+00:00,86.408,0.0003,0.0,0.15,0.0001,0.0003,7789.79,3,54.9558,18.168,step
2026-08-31T19:07:24.005000+00:00,85.831,0.0004,0.0,0.15,0.0,0.0004,7739.95,3,54.4244,18.19,step
2026-08-31T19:07:24.006323+00:00,85.256,0.0005,0.0,0.15,0.0,0.0004,7689.67,3,53.8966,18.212,step
2026-08-31T19:07:24.007597+00:00,84.684,0.0005,0.0,0.15,-0.0,0.0005,7639.09,3,53.3725,18.234,step
2026-08-31T19:07:24.008843+00:00,84.114,0.0006,0.0,0.15,-0.0,0.0005,7588.5,3,52.8544,18.256,step
2026-08-31T19:07:24.010101+00:00,83.547,0.0006,0.0,0.15,-0.0001,0.0005,7537.79,3,52.3421,18.278,step
2026-08-31T19:07:24.011354+00:00,82.981,0.0006,0.0,0.15,-0.0001,0.0005,7486.9,3,51.834,18.3,step
2026-08-31T19:07:24.012640+00:00,82.417,0.0006,0.0,0.15,-0.0001,0.0005,7436.11,3,51.3296,18.322,step
2026-08-31T19:07:24.014080+00:00,81.857,0.0006,0.0,0.15,-0.0002,0.0005,7385.63,3,50.8288,18.344,step
2026-08-31T19:07:24.015493+00:00,81.296,0.0006,0.0,0.15,-0.0002,0.0005,7335.22,3,50.3316,18.366,step
2026-08-31T19:07:24.016729+00:00,80.737,0.0006,0.0,0.15,-0.0002,0.0005,7285.07,3,49.8379,18.388,step
2026-08-31T19:07:24.017946+00:00,80.18,0.0006,0.0,0.15,-0.0003,0.0005,7235.16,3,49.3478,18.41,step
2026-08-31T19:07:24.019145+00:00,79.624,0.0006,0.0,0.15,-0.0003,0.0005,7185.44,2,48.8611,18.432,step
2026-08-31T19:07:24.020368+00:00,79.092,0.0006,0.0,0.15,-0.0003,0.0004,9030.69,2,48.3785,18.454,step
2026-08-31T19:07:24.021680+00:00,78.576,0.0006,0.0,0.15,-0.0003,0.0004,9007.26,2,47.9005,18.476,step
2026-08-31T19:07:24.023121+00:00,78.015,0.0005,0.0,0.15,-0.0003,0.0003,8837.23,2,47.4272,18.498,step
2026-08-31T19:07:24.024437+00:00,77.399,0.0004,0.0,0.15,-0.0004,0.0002,8767.75,2,46.9621,18.52,step
2026-08-31T19:07:24.025700+00:00,76.786,0.0003,0.0,0.15,-0.0004,0.0001,8699.63,2,46.5008,18.542,step
2026-08-31T19:07:24.026925+00:00,76.177,0.0001,0.0,0.15,-0.0004,-0.0001,8631.84,2,46.042,18.564,step
2026-08-31T19:07:24.028168+00:00,75.571,0.0,0.0,0.15,-0.0004,-0.0002,8564.44,2,45.5862,18.586,step
2026-08-31T19:07:24.029436+00:00,74.969,-0.0001,0.0,0.15,-0.0004,-0.0003,8497.34,2,45.1337,18.608,step
2026-08-31T19:07:24.030768+00:00,74.37,0.1998,0.0,0.15,-0.0004,-0.0004,8430.59,2,44.6844,18.63,step
2026-08-31T19:07:24.032385+00:00,73.782,0.197,0.0,0.15,-0.0001,-0.0029,8364.55,2,44.4159,18.652,step
2026-08-31T19:07:24.033677+00:00,73.148,0.1893,0.0,0.15,0.0008,-0.0099,8290.94,2,44.4608,18.674,step
2026-08-31T19:07:24.034904+00:00,72.532,0.1793,0.0,0.15,0.0024,-0.0188,8218.71,2,44.6382,18.696,step
2026-08-31T19:07:24.036132+00:00,71.93,0.1683,0.0,0.15,0.0046,-0.0283,8149.68,2,44.8484,18.718,step
2026-08-31T19:07:24.037407+00:00,71.334,-0.0429,0.0,0.15,0.0074,-0.0377,8082.89,2,45.0433,18.74,step
2026-08-31T19:07:24.038690+00:00,70.762,-0.051,0.0,0.15,0.0105,-0.044,8022.46,2,45.0262,18.762,step
2026-08-31T19:07:24.040234+00:00,70.165,0.1468,0.0,0.15,0.0135,-0.0447,7960.38,2,44.6377,18.784,step
2026-08-31T19:07:24.041508+00:00,69.596,0.1442,0.0,0.15,0.0165,-0.0458,7895.56,2,44.2787,18.806,step
2026-08-31T19:07:24.042749+00:00,68.993,0.1373,0.0,0.15,0.0201,-0.0507,7825.97,2,44.1702,18.828,step
2026-08-31T19:07:24.043987+00:00,68.408,0.1286,0.0,0.15,0.0242,-0.0571,7760.04,2,44.1569,18.85,step
2026-08-31T19:07:24.045231+00:00,67.833,0.1194,0.0,0.15,0.0288,-0.0638,7696.02,2,44.1588,18.872,step
2026-08-31T19:07:24.046439+00:00,67.264,0.1102,0.0,0.15,0.0337,-0.0702,7632.93,2,44.1425,18.894,step
2026-08-31T19:07:24.047820+00:00,66.698,0.1014,0.0,0.15,0.039,-0.0761,7570.35,2,44.0974,18.916,step
2026-08-31T19:07:24.049099+00:00,66.136,0.0929,0.0,0.15,0.0446,-0.0816,7507.97,2,44.0222,18.938,step
2026-08-31T19:07:24.050338+00:00,65.577,0.0848,0.0,0.15,0.0506,-0.0866,7445.73,2,43.9186,18.96,step
2026-08-31T19:07:24.051600+00:00,65.022,0.077,0.0,0.15,0.0567,-0.0911,7383.64,2,43.7888,18.982,step
2026-08-31T19:07:24.052831+00:00,64.469,0.0695,0.0,0.15,0.0631,-0.0952,7321.79,2,43.6341,19.004,step
2026-08-31T19:07:24.054100+00:00,63.918,0.0624,0.0,0.15,0.0697,-0.0989,7260.29,2,43.457,19.026,step
2026-08-31T19:07:24.055657+00:00,63.372,0.0556,0.0,0.15,0.0764,-0.1022,7199.03,2,43.2579,19.048,step
2026-08-31T19:07:24.056986+00:00,62.827,0.0491,0.0,0.15,0.0832,-0.1052,7137.98,2,43.0394,19.07,step
2026-08-31T19:07:24.058284+00:00,62.285,0.043,0.0,0.15,0.0902,-0.1077,7077.12,2,42.8031,19.092,step
2026-08-31T19:07:24.059692+00:00,61.745,0.0371,0.0,0.15,0.0972,-0.11,7016.53,2,42.5506,19.114,step
2026-08-31T19:07:24.061013+00:00,61.207,0.0315,0.0,0.15,0.1043,-0.112,6956.16,2,42.2833,19.136,step
2026-08-31T19:07:24.062296+00:00,60.671,0.0262,0.0,0.15,0.1114,-0.1136,6896.01,2,42.0031,19.158,step
2026-08-31T19:07:24.063762+00:00,60.138,0.0212,0.0,0.15,0.1185,-0.115,6836.11,2,41.7106,19.18,step
2026-08-31T19:07:24.065209+00:00,59.607,0.0165,0.0,0.15,0.1256,-0.1162,6776.39,2,41.4068,19.202,step
2026-08-31T19:07:24.066481+00:00,59.079,0.012,0.0,0.15,0.1327,-0.1171,6715.52,2,41.0928,19.224,step
2026-08-31T19:07:24.067801+00:00,58.552,-0.3923,0.0,0.15,0.1398,-0.1178,6656.83,2,40.7702,19.246,step
2026-08-31T19:07:24.069163+00:00,58.048,0.0062,0.0,0.15,0.1466,-0.1159,6599.06,2,40.3178,19.268,step
2026-08-31T19:07:24.070465+00:00,57.453,0.0093,0.0,0.15,0.1527,-0.1101,6531.77,2,39.6588,19.29,step
2026-08-31T19:07:24.071739+00:00,56.928,0.0085,0.0,0.15,0.1588,-0.1079,6474.09,2,39.1935,19.312,step
2026-08-31T19:07:24.073527+00:00,56.407,0.0057,0.0,0.15,0.1649,-0.1076,6415.65,2,38.834,19.334,step
2026-08-31T19:07:24.074736+00:00,55.889,0.0025,0.0,0.15,0.1711,-0.1078,6357.32,2,38.4991,19.356,step
2026-08-31T19:07:24.076032+00:00,55.373,-0.0007,0.0,0.15,0.1772,-0.1079,6299.24,2,38.1678,19.378,step
2026-08-31T19:07:24.077283+00:00,54.86,-0.0038,0.0,0.15,0.1832,-0.108,6241.3,2,37.8344,19.4,step
2026-08-31T19:07:24.078484+00:00,54.348,-0.0067,0.0,0.15,0.1892,-0.1079,6183.47,2,37.4975,19.422,step
2026-08-31T19:07:24.079803+00:00,53.837,-0.0095,0.0,0.15,0.1951,-0.1077,6125.77,2,37.1574,19.444,step
2026-08-31T19:07:24.081342+00:00,53.329,-0.0121,0.0,0.15,0.2009,-0.1074,6068.25,2,36.8149,19.466,step
2026-08-31T19:07:24.082809+00:00,52.822,-0.0145,0.0,0.15,0.2066,-0.107,6010.93,2,36.4706,19.488,step
2026-08-31T19:07:24.084132+00:00,52.317,-0.0168,0.0,0.15,0.2123,-0.1065,5953.82,2,36.1241,19.51,step
2026-08-31T19:07:24.085478+00:00,51.813,-0.0189,0.0,0.15,0.2178,-0.1059,5896.79,2,35.7765,19.532,step
2026-08-31T19:07:24.086882+00:00,51.311,-0.0209,0.0,0.15,0.2233,-0.1052,5839.95,2,35.4288,19.554,step
2026-08-31T19:07:24.088220+00:00,50.809,-0.0228,0.15,0.0,0.2286,-0.1044,5783.33,2,35.0812,19.576,step
2026-08-31T19:07:24.089689+00:00,50.794,-0.0246,0.15,0.0,0.2339,-0.1036,5889.96,2,34.7338,19.598,step
2026-08-31T19:07:24.090944+00:00,50.904,-0.0263,0.15,0.0,0.2391,-0.1028,5900.86,2,34.385,19.62,step
2026-08-31T19:07:24.092231+00:00,51.014,-0.028,0.15,0.0,0.2443,-0.1019,5912.37,2,34.0346,19.642,step
2026-08-31T19:07:24.093492+00:00,51.123,-0.0297,0.15,0.0,0.2494,-0.101,5924.55,2,33.6821,19.664,step
2026-08-31T19:07:24.094745+00:00,51.232,-0.0312,0.15,0.0,0.2545,-0.1001,5937.32,2,33.3269,19.686,step
2026-08-31T19:07:24.095964+00:00,51.341,-0.0327,0.0,0.15,0.2595,-0.0991,5951.07,2,32.9691,19.708,step
2026-08-31T19:07:24.097481+00:00,50.967,-0.0341,0.15,0.0,0.2645,-0.098,5803.35,2,32.608,19.73,step
2026-08-31T19:07:24.098875+00:00,50.941,-0.0353,0.15,0.0,0.2693,-0.0968,5906.88,2,32.2462,19.752,step
2026-08-31T19:07:24.100183+00:00,51.051,-0.0365,0.15,0.0,0.2742,-0.0957,5918.52,2,31.8839,19.774,step
2026-08-31T19:07:24.101414+00:00,51.16,-0.0376,0.15,0.0,0.2789,-0.0945,5930.64,2,31.5204,19.796,step
2026-08-31T19:07:24.102628+00:00,51.269,-0.0387,0.0,0.15,0.2836,-0.0932,5942.84,2,31.1547,19.818,step
2026-08-31T19:07:24.103899+00:00,50.891,-0.0396,0.15,0.0,0.2882,-0.0919,5795.82,2,30.7866,19.84,step
2026-08-31T19:07:24.105412+00:00,50.867,-0.0404,0.15,0.0,0.2927,-0.0905,5897.48,2,30.4188,19.862,step
2026-08-31T19:07:24.106753+00:00,50.976,-0.0412,0.15,0.0,0.2971,-0.0892,5909.48,2,30.0522,19.884,step
2026-08-31T19:07:24.108057+00:00,51.086,-0.042,0.0,0.15,0.3015,-0.0878,5921.7,2,29.6852,19.906,step
2026-08-31T19:07:24.109332+00:00,50.708,-0.0426,0.0,0.15,0.3058,-0.0864,5774.89,2,29.3163,19.928,step
2026-08-31T19:07:24.110575+00:00,50.206,-0.0431,0.0,0.15,0.31,-0.0848,5715.55,2,28.9472,19.95,step
2026-08-31T19:07:24.111870+00:00,49.707,-0.0435,0.0,0.15,0.314,-0.0833,5657.8,1,28.5805,19.972,step
2026-08-31T19:07:24.113223+00:00,49.216,-0.0438,0.0,0.15,0.318,-0.0817,7590.82,1,28.2165,19.994,step
2026-08-31T19:07:24.114980+00:00,48.733,-0.0441,0.0,0.15,0.3218,-0.08,7578.73,1,27.8561,20.016,step
2026-08-31T19:07:24.116386+00:00,48.214,-0.0442,0.0,0.15,0.3255,-0.0784,7348.97,1,27.4997,20.038,step
2026-08-31T19:07:24.117781+00:00,47.665,-0.0443,0.0,0.15,0.329,-0.0768,7266.63,1,27.147,20.06,step
2026-08-31T19:07:24.119118+00:00,47.119,-0.0444,0.0,0.15,0.3325,-0.0752,7184.96,1,26.7988,20.082,step
2026-08-31T19:07:24.120395+00:00,46.578,-0.0444,0.0,0.15,0.3358,-0.0737,7104.15,1,26.4552,20.104,step
2026-08-31T19:07:24.121744+00:00,46.04,-0.0428,0.0,0.15,0.339,-0.0705,7023.87,1,26.1163,20.126,step
2026-08-31T19:07:24.123417+00:00,45.506,-0.0331,0.0,0.15,0.3419,-0.0599,6943.97,1,25.7827,20.148,step
2026-08-31T19:07:24.124798+00:00,44.976,-0.0236,0.0,0.15,0.3442,-0.0496,6864.56,1,25.461,20.17,step
2026-08-31T19:07:24.126103+00:00,44.449,-0.0143,0.0,0.15,0.346,-0.0397,6785.49,1,25.1536,20.192,step
2026-08-31T19:07:24.127413+00:00,43.926,-0.0052,0.0,0.15,0.3475,-0.0302,6706.78,1,24.8613,20.214,step
2026-08-31T19:07:24.128762+00:00,43.407,0.0037,0.0,0.15,0.3485,-0.0212,6625.29,1,24.5832,20.236,step
2026-08-31T19:07:24.130190+00:00,42.891,0.0123,0.0,0.15,0.3493,-0.0126,6546.63,1,24.3186,20.258,step
2026-08-31T19:07:24.131943+00:00,42.376,0.0207,0.0,0.15,0.3496,-0.0043,6471.29,1,24.066,20.28,step
2026-08-31T19:07:24.133431+00:00,41.865,0.0289,0.0,0.15,0.3497,0.0036,6395.62,1,23.8258,20.302,step
2026-08-31T19:07:24.134886+00:00,41.355,0.0368,0.0,0.15,0.3495,0.0111,6319.64,1,23.5976,20.324,step
2026-08-31T19:07:24.136332+00:00,40.848,0.0445,0.0,0.15,0.349,0.0182,6243.68,1,23.3802,20.346,step
2026-08-31T19:07:24.137815+00:00,40.343,0.0519,0.0,0.15,0.3483,0.0251,6167.74,1,23.1724,20.368,step
2026-08-31T19:07:24.139619+00:00,39.841,0.0592,0.0,0.15,0.3473,0.0316,6091.89,1,22.9741,20.39,step
2026-08-31T19:07:24.141058+00:00,39.342,0.0662,0.0,0.15,0.3461,0.0378,6016.19,1,22.7848,20.412,step
2026-08-31T19:07:24.142504+00:00,38.845,0.0731,0.0,0.15,0.3448,0.0438,5940.8,1,22.6039,20.434,step
2026-08-31T19:07:24.143958+00:00,38.35,0.0796,0.0,0.15,0.3433,0.0493,5865.79,1,22.4311,20.456,step
2026-08-31T19:07:24.145415+00:00,37.858,0.086,0.8,0.0,0.3416,0.0546,5791.15,1,22.2662,20.478,step
2026-08-31T19:07:24.146818+00:00,38.377,0.0922,0.0,0.15,0.3397,0.0597,6982.14,1,22.1065,20.5,step
2026-08-31T19:07:24.148550+00:00,38.389,0.0985,0.0,0.15,0.3377,0.0648,5883.74,1,21.9477,20.522,step
2026-08-31T19:07:24.149971+00:00,37.898,0.1047,0.0,0.15,0.3355,0.0697,5802.07,1,21.7934,20.544,step
2026-08-31T19:07:24.151339+00:00,37.406,0.1106,0.0,0.15,0.3332,0.0743,5723.01,1,21.6467,20.566,step
2026-08-31T19:07:24.152649+00:00,36.915,0.1163,0.0,0.15,0.3308,0.0786,5646.64,1,21.5082,20.588,step
2026-08-31T19:07:24.154094+00:00,36.426,0.1218,0.8,0.0,0.3282,0.0827,5572.36,1,21.3766,20.61,step
2026-08-31T19:07:24.155637+00:00,36.939,0.1272,0.0,0.15,0.3256,0.0866,6700.03,1,21.2498,20.632,step
2026-08-31T19:07:24.157184+00:00,36.929,0.1326,0.0,0.15,0.3228,0.0905,5661.17,1,21.1231,20.654,step
2026-08-31T19:07:24.158586+00:00,36.444,0.1379,0.0,0.15,0.3199,0.0942,5580.53,1,21.0,20.676,step
2026-08-31T19:07:24.160034+00:00,35.956,0.1431,0.0,0.15,0.317,0.0977,5503.8,1,20.8832,20.698,step
2026-08-31T19:07:24.161454+00:00,35.472,0.148,0.0,0.15,0.314,0.101,5428.65,1,20.7725,20.72,step
2026-08-31T19:07:24.162870+00:00,34.99,0.1527,0.8,0.0,0.311,0.1041,5354.96,1,20.6676,20.742,step
2026-08-31T19:07:24.164576+00:00,35.508,0.1573,0.0,0.15,0.3078,0.107,6384.19,1,20.5666,20.764,step
2026-08-31T19:07:24.166281+00:00,35.463,0.1619,0.0,0.15,0.3046,0.1099,5437.1,1,20.4648,20.786,step
2026-08-31T19:07:24.167637+00:00,34.983,0.1664,0.0,0.15,0.3013,0.1127,5358.22,1,20.3657,20.808,step
2026-08-31T19:07:24.168955+00:00,34.502,0.1708,0.8,0.0,0.298,0.1153,5282.49,1,20.2716,20.83,step
2026-08-31T19:07:24.170253+00:00,35.026,0.1749,0.0,0.15,0.2946,0.1176,6261.03,1,20.1823,20.852,step
2026-08-31T19:07:24.171653+00:00,34.964,0.1791,0.0,0.15,0.2911,0.12,5359.79,1,20.092,20.874,step
2026-08-31T19:07:24.173358+00:00,34.484,0.1832,0.0,0.15,0.2876,0.1222,5280.93,1,20.0048,20.896,step
2026-08-31T19:07:24.174708+00:00,34.003,0.1871,0.0,0.15,0.2841,0.1243,5235.99,1,19.923,20.918,step
2026-08-31T19:07:24.176089+00:00,33.525,0.1908,0.8,0.0,0.2806,0.1262,5235.99,1,19.8462,20.94,step
2026-08-31T19:07:24.177369+00:00,34.04,0.1943,0.0,0.15,0.2771,0.1279,6088.57,1,19.7731,20.962,step
2026-08-31T19:07:24.178669+00:00,33.969,0.198,0.0,0.15,0.2734,0.1296,5235.99,1,19.6982,20.984,step
2026-08-31T19:07:24.180092+00:00,33.492,0.2016,0.8,0.0,0.2698,0.1313,5235.99,1,19.6256,21.006,step
2026-08-31T19:07:24.181732+00:00,34.028,0.205,0.0,0.15,0.2661,0.1329,6022.2,1,19.5569,21.028,step
2026-08-31T19:07:24.183108+00:00,33.935,0.2085,0.0,0.15,0.2623,0.1344,5235.99,1,19.4868,21.05,step
2026-08-31T19:07:24.184471+00:00,33.455,0.2119,0.0,0.15,0.2586,0.1359,5235.99,1,19.4192,21.072,step
2026-08-31T19:07:24.185819+00:00,32.974,0.2151,0.8,0.0,0.2549,0.1372,5235.99,1,19.357,21.094,step
2026-08-31T19:07:24.187222+00:00,33.495,0.2181,0.0,0.15,0.2512,0.1383,5960.8,1,19.2989,21.116,step
2026-08-31T19:07:24.188822+00:00,33.407,0.2212,0.0,0.15,0.2473,0.1394,5235.99,1,19.2391,21.138,step
2026-08-31T19:07:24.190435+00:00,32.928,0.2242,0.0,0.15,0.2435,0.1405,5235.99,1,19.1816,21.16,step
2026-08-31T19:07:24.191804+00:00,32.449,0.227,0.8,0.0,0.2398,0.1414,5235.99,1,19.1286,21.182,step
2026-08-31T19:07:24.193144+00:00,32.974,0.2297,0.0,0.15,0.236,0.1422,5844.1,1,19.0788,21.204,step
2026-08-31T19:07:24.194410+00:00,32.871,0.2325,0.0,0.15,0.2322,0.143,5235.99,1,19.027,21.226,step
2026-08-31T19:07:24.195729+00:00,32.393,0.2351,0.8,0.0,0.2284,0.1437,5235.99,1,18.9773,21.248,step
2026-08-31T19:07:24.197155+00:00,32.926,0.2376,0.0,0.15,0.2246,0.1443,5804.84,1,18.9312,21.27,step
2026-08-31T19:07:24.198812+00:00,32.813,0.2401,0.0,0.15,0.2208,0.1449,5235.99,1,18.8832,21.292,step
2026-08-31T19:07:24.200227+00:00,32.332,0.2426,0.0,0.15,0.217,0.1454,5235.99,1,18.8379,21.314,step
2026-08-31T19:07:24.201600+00:00,31.852,0.2449,0.8,0.0,0.2133,0.1458,5235.99,1,18.7972,21.336,step
2026-08-31T19:07:24.202917+00:00,32.372,0.247,0.0,0.15,0.2095,0.1461,5734.46,1,18.7599,21.358,step
2026-08-31T19:07:24.204243+00:00,32.262,0.2492,0.0,0.15,0.2057,0.1464,5235.99,1,18.7203,21.38,step
2026-08-31T19:07:24.205638+00:00,31.783,0.2514,0.8,0.0,0.202,0.1467,5235.99,1,18.6825,21.402,step
2026-08-31T19:07:24.207252+00:00,32.315,0.2534,0.0,0.15,0.1983,0.1468,5683.29,1,18.648,21.424,step
2026-08-31T19:07:24.208636+00:00,32.19,0.2555,0.0,0.15,0.1945,0.147,5235.99,1,18.6111,21.446,step
2026-08-31T19:07:24.210027+00:00,31.709,0.2575,0.8,0.0,0.1908,0.1472,5235.99,1,18.5768,21.468,step
2026-08-31T19:07:24.211397+00:00,32.24,0.2594,0.0,0.15,0.1871,0.1472,5671.83,1,18.5468,21.49,step
2026-08-31T19:07:24.212797+00:00,32.115,0.2613,0.0,0.15,0.1833,0.1472,5235.99,1,18.514,21.512,step
2026-08-31T19:07:24.214466+00:00,31.633,0.2632,0.0,0.15,0.1797,0.1472,5235.99,1,18.4838,21.534,step
2026-08-31T19:07:24.216029+00:00,31.152,0.2648,0.8,0.0,0.176,0.1471,5235.99,1,18.4577,21.556,step
2026-08-31T19:07:24.217439+00:00,31.675,0.2664,0.0,0.15,0.1725,0.1469,5585.91,1,18.4346,21.578,step
2026-08-31T19:07:24.218859+00:00,31.549,0.268,0.0,0.15,0.1688,0.1467,5235.99,1,18.4086,21.6,step
2026-08-31T19:07:24.220341+00:00,31.068,0.2696,0.8,0.0,0.1653,0.1465,5235.99,1,18.3846,21.622,step
2026-08-31T19:07:24.221678+00:00,31.602,0.271,0.0,0.15,0.1617,0.1462,5534.95,1,18.3639,21.644,step
2026-08-31T19:07:24.223243+00:00,31.462,0.2725,0.0,0.15,0.1581,0.1459,5235.99,1,18.3403,21.666,step
2026-08-31T19:07:24.224712+00:00,30.98,0.2739,0.8,0.0,0.1546,0.1456,5235.99,1,18.3193,21.688,step
2026-08-31T19:07:24.226093+00:00,31.51,0.2752,0.0,0.15,0.1512,0.1451,5524.73,1,18.3017,21.71,step
2026-08-31T19:07:24.227390+00:00,31.371,0.2765,0.0,0.15,0.1476,0.1447,5235.99,1,18.2813,21.732,step
2026-08-31T19:07:24.228726+00:00,30.888,0.2778,0.8,0.0,0.1442,0.1443,5235.99,1,18.2638,21.754,step
2026-08-31T19:07:24.230191+00:00,31.418,0.2789,0.0,0.15,0.1408,0.1437,5511.77,1,18.25,21.776,step
2026-08-31T19:07:24.231829+00:00,31.278,0.2801,0.0,0.15,0.1374,0.1432,5235.99,1,18.2332,21.798,step
2026-08-31T19:07:24.233200+00:00,30.796,0.2812,0.8,0.0,0.134,0.1426,5235.99,1,18.2189,21.82,step
2026-08-31T19:07:24.234518+00:00,31.326,0.2822,0.0,0.15,0.1307,0.142,5493.24,1,18.2079,21.842,step
2026-08-31T19:07:24.235871+00:00,31.184,0.2833,0.0,0.15,0.1273,0.1414,5235.99,1,18.1941,21.864,step
2026-08-31T19:07:24.237312+00:00,30.702,0.2843,0.8,0.0,0.124,0.1408,5235.99,1,18.1826,21.886,step
2026-08-31T19:07:24.238790+00:00,31.233,0.2852,0.0,0.15,0.1208,0.1401,5472.0,1,18.1743,21.908,step
2026-08-31T19:07:24.240369+00:00,31.089,0.2862,0.0,0.15,0.1175,0.1395,5235.99,1,18.1632,21.93,step
2026-08-31T19:07:24.241737+00:00,30.606,0.287,0.8,0.0,0.1143,0.1388,5235.99,1,18.1546,21.952,step
2026-08-31T19:07:24.243121+00:00,31.137,0.2878,0.0,0.15,0.1111,0.138,5454.53,1,18.1494,21.974,step
2026-08-31T19:07:24.244500+00:00,30.991,0.2887,0.8,0.0,0.108,0.1373,5235.99,1,18.1412,21.996,step
2026-08-31T19:07:24.245872+00:00,31.535,0.2894,0.0,0.15,0.1048,0.1365,5488.7,1,18.1355,22.018,step
2026-08-31T19:07:24.247435+00:00,31.381,0.2903,0.0,0.15,0.1016,0.1358,5235.99,1,18.1272,22.04,step
2026-08-31T19:07:24.249004+00:00,30.896,0.2911,0.8,0.0,0.0985,0.1351,5235.99,1,18.1217,22.062,step
2026-08-31T19:07:24.250310+00:00,31.424,0.2917,0.0,0.15,0.0955,0.1342,5518.77,1,18.1206,22.084,step
2026-08-31T19:07:24.251684+00:00,31.286,0.2923,0.0,0.15,0.0924,0.1333,5235.99,1,18.1168,22.106,step
2026-08-31T19:07:24.253045+00:00,30.802,0.2928,0.8,0.0,0.0894,0.1324,5235.99,1,18.1157,22.128,step
2026-08-31T19:07:24.254407+00:00,31.331,0.2932,0.0,0.15,0.0864,0.1313,5503.92,1,18.1179,22.15,step
2026-08-31T19:07:24.255961+00:00,31.193,0.2938,0.0,0.15,0.0835,0.1304,5235.99,1,18.1169,22.172,step
2026-08-31T19:07:24.257470+00:00,30.71,0.2942,0.8,0.0,0.0806,0.1295,5235.99,1,18.1181,22.194,step
2026-08-31T19:07:24.258803+00:00,31.241,0.2946,0.0,0.15,0.0777,0.1284,5477.76,1,18.1221,22.216,step
2026-08-31T19:07:24.260184+00:00,31.099,0.295,0.0,0.15,0.0749,0.1275,5235.99,1,18.1232,22.238,step
2026-08-31T19:07:24.261466+00:00,30.616,0.2954,0.8,0.0,0.0721,0.1265,5235.99,1,18.1264,22.26,step
2026-08-31T19:07:24.262850+00:00,31.146,0.2956,0.0,0.15,0.0694,0.1254,5460.27,1,18.1326,22.282,step
2026-08-31T19:07:24.264464+00:00,31.002,0.296,0.8,0.0,0.0666,0.1245,5235.99,1,18.1355,22.304,step
2026-08-31T19:07:24.265830+00:00,31.545,0.2963,0.0,0.15,0.0639,0.1234,5493.78,1,18.1409,22.326,step
2026-08-31T19:07:24.267162+00:00,31.393,0.2967,0.0,0.15,0.0612,0.1225,5235.99,1,18.1433,22.348,step
2026-08-31T19:07:24.268550+00:00,30.907,0.297,0.8,0.0,0.0586,0.1215,5235.99,1,18.1489,22.37,step
2026-08-31T19:07:24.269980+00:00,31.434,0.2971,0.0,0.15,0.056,0.1204,5524.13,1,18.1585,22.392,step
2026-08-31T19:07:24.271308+00:00,31.298,0.2973,0.0,0.15,0.0533,0.1194,5235.99,1,18.1651,22.414,step
2026-08-31T19:07:24.272900+00:00,30.814,0.2975,0.8,0.0,0.0508,0.1183,5235.99,1,18.174,22.436,step
2026-08-31T19:07:24.274397+00:00,31.343,0.2975,0.0,0.15,0.0483,0.1171,5508.2,1,18.186,22.458,step
2026-08-31T19:07:24.275787+00:00,31.205,0.2977,0.0,0.15,0.0459,0.1161,5235.99,1,18.195,22.48,step
2026-08-31T19:07:24.277141+00:00,30.722,0.2978,0.8,0.0,0.0435,0.115,5235.99,1,18.2061,22.502,step
2026-08-31T19:07:24.278636+00:00,31.253,0.2977,0.0,0.15,0.0411,0.1138,5482.4,1,18.2202,22.524,step
2026-08-31T19:07:24.279990+00:00,31.111,0.2978,0.8,0.0,0.0387,0.1127,5235.99,1,18.2307,22.546,step
2026-08-31T19:07:24.281800+00:00,31.655,0.2977,0.0,0.15,0.0364,0.1116,5515.46,1,18.2431,22.568,step
2026-08-31T19:07:24.283137+00:00,31.504,0.2978,0.0,0.15,0.034,0.1105,5235.99,1,18.2527,22.59,step
2026-08-31T19:07:24.284439+00:00,31.018,0.2978,0.8,0.0,0.0318,0.1094,5235.99,1,18.265,22.612,step
2026-08-31T19:07:24.285760+00:00,31.545,0.2976,0.0,0.15,0.0296,0.1082,5548.54,1,18.2816,22.634,step
2026-08-31T19:07:24.287072+00:00,31.412,0.2976,0.0,0.15,0.0274,0.1071,5235.99,1,18.295,22.656,step
2026-08-31T19:07:24.288494+00:00,30.928,0.2974,0.8,0.0,0.0252,0.1059,5235.99,1,18.3106,22.678,step
2026-08-31T19:07:24.290182+00:00,31.455,0.2971,0.0,0.15,0.0232,0.1047,5534.2,1,18.3296,22.7,step
2026-08-31T19:07:24.291590+00:00,31.321,0.297,0.8,0.0,0.0211,0.1035,5235.99,1,18.3446,22.722,step
2026-08-31T19:07:24.292908+00:00,31.865,0.2969,0.0,0.15,0.019,0.1024,5560.65,1,18.3612,22.744,step
2026-08-31T19:07:24.294221+00:00,31.719,0.2968,0.0,0.15,0.0169,0.1013,5235.99,1,18.3749,22.766,step
2026-08-31T19:07:24.295577+00:00,31.234,0.2966,0.8,0.0,0.0149,0.1002,5235.99,1,18.3913,22.788,step
2026-08-31T19:07:24.296988+00:00,31.761,0.2963,0.0,0.15,0.013,0.099,5591.52,1,18.4118,22.81,step
2026-08-31T19:07:24.298581+00:00,31.632,0.2962,0.0,0.15,0.011,0.0979,5235.99,1,18.4286,22.832,step
2026-08-31T19:07:24.299949+00:00,31.148,0.2959,0.8,0.0,0.0091,0.0967,5235.99,1,18.4475,22.854,step
2026-08-31T19:07:24.301233+00:00,31.675,0.2955,0.0,0.15,0.0073,0.0955,5579.68,1,18.4701,22.876,step
2026-08-31T19:07:24.302544+00:00,31.546,0.2953,0.8,0.0,0.0055,0.0944,5235.99,1,18.4889,22.898,step
2026-08-31T19:07:24.303967+00:00,32.09,0.295,0.0,0.15,0.0037,0.0932,5609.31,1,18.5094,22.92,step
2026-08-31T19:07:24.305433+00:00,31.95,0.2948,0.0,0.15,0.0019,0.0922,5235.99,1,18.5267,22.942,step
2026-08-31T19:07:24.307186+00:00,31.464,0.2946,0.8,0.0,0.0002,0.0911,5235.99,1,18.5464,22.964,step
2026-08-31T19:07:24.308496+00:00,31.991,0.2941,0.0,0.15,-0.0015,0.0899,5640.78,1,18.5705,22.986,step
2026-08-31T19:07:24.309837+00:00,31.867,0.2938,0.8,0.0,-0.0031,0.0887,5235.99,1,18.591,23.008,step
2026-08-31T19:07:24.311109+00:00,32.407,0.2933,0.0,0.15,-0.0048,0.0875,5685.85,1,18.6138,23.03,step
2026-08-31T19:07:24.312400+00:00,32.278,0.293,0.0,0.15,-0.0064,0.0865,5235.99,1,18.6333,23.052,step
2026-08-31T19:07:24.313896+00:00,31.793,0.2926,0.8,0.0,-0.008,0.0853,5235.99,1,18.6554,23.074,step
2026-08-31T19:07:24.315418+00:00,32.319,0.2921,0.0,0.15,-0.0095,0.0841,5714.39,1,18.6817,23.096,step
2026-08-31T19:07:24.316744+00:00,32.205,0.2917,0.0,0.15,-0.011,0.0829,5235.99,1,18.7042,23.118,step
2026-08-31T19:07:24.318127+00:00,31.721,0.2912,0.8,0.0,-0.0124,0.0818,5235.99,1,18.7284,23.14,step
2026-08-31T19:07:24.319427+00:00,32.249,0.2906,0.0,0.15,-0.0138,0.0806,5699.43,1,18.7557,23.162,step
2026-08-31T19:07:24.320718+00:00,32.133,0.2902,0.8,0.0,-0.0152,0.0795,5235.99,1,18.7792,23.184,step
2026-08-31T19:07:24.322110+00:00,32.678,0.2897,0.0,0.15,-0.0166,0.0783,5732.76,1,18.804,23.206,step
2026-08-31T19:07:24.323907+00:00,32.552,0.2893,0.0,0.15,-0.018,0.0773,5235.99,1,18.8259,23.228,step
2026-08-31T19:07:24.325294+00:00,32.066,0.2889,0.8,0.0,-0.0193,0.0763,5235.99,1,18.8495,23.25,step
2026-08-31T19:07:24.326663+00:00,32.593,0.2883,0.0,0.15,-0.0205,0.0751,5770.53,1,18.8773,23.272,step
2026-08-31T19:07:24.328044+00:00,32.484,0.2878,0.0,0.15,-0.0218,0.0741,5235.99,1,18.9018,23.294,step
2026-08-31T19:07:24.329387+00:00,32.001,0.2873,0.8,0.0,-0.0229,0.073,5235.99,1,18.9279,23.316,step
2026-08-31T19:07:24.330916+00:00,32.528,0.2867,0.8,0.0,-0.0241,0.0718,5761.31,1,18.957,23.338,step
2026-08-31T19:07:24.332432+00:00,33.339,0.2859,0.0,0.15,-0.0253,0.0705,6125.1,1,18.9915,23.36,step
2026-08-31T19:07:24.333801+00:00,33.337,0.2854,0.0,0.15,-0.0265,0.0695,5235.99,1,19.0178,23.382,step
2026-08-31T19:07:24.335228+00:00,32.852,0.285,0.0,0.15,-0.0276,0.0686,5235.99,1,19.0399,23.404,step
2026-08-31T19:07:24.336613+00:00,32.366,0.2845,0.8,0.0,-0.0286,0.0675,5235.99,1,19.0671,23.426,step
2026-08-31T19:07:24.337971+00:00,32.883,0.2837,0.0,0.15,-0.0296,0.0663,5865.06,1,19.0983,23.448,step
2026-08-31T19:07:24.339601+00:00,32.793,0.2831,0.8,0.0,-0.0306,0.0653,5235.99,1,19.1258,23.47,step
2026-08-31T19:07:24.340949+00:00,33.335,0.2825,0.0,0.15,-0.0315,0.0642,5886.41,1,19.1547,23.492,step
2026-08-31T19:07:24.342257+00:00,33.229,0.2819,0.0,0.15,-0.0325,0.0632,5235.99,1,19.18,23.514,step
2026-08-31T19:07:24.343605+00:00,32.744,0.2813,0.8,0.0,-0.0334,0.0622,5235.99,1,19.2064,23.536,step
2026-08-31T19:07:24.344994+00:00,33.273,0.2806,0.0,0.15,-0.0342,0.0612,5912.37,1,19.2368,23.558,step
2026-08-31T19:07:24.346352+00:00,33.18,0.2801,0.0,0.15,-0.0351,0.0602,5235.99,1,19.2637,23.58,step
2026-08-31T19:07:24.347748+00:00,32.697,0.2794,0.8,0.0,-0.0358,0.0592,5235.99,1,19.2917,23.602,step
2026-08-31T19:07:24.349193+00:00,33.224,0.2787,0.0,0.15,-0.0366,0.0581,5908.85,1,19.3226,23.624,step
2026-08-31T19:07:24.350525+00:00,33.132,0.2781,0.8,0.0,-0.0373,0.0572,5235.99,1,19.35,23.646,step
2026-08-31T19:07:24.351858+00:00,33.677,0.2775,0.0,0.15,-0.038,0.0563,5944.76,1,19.3784,23.668,step
2026-08-31T19:07:24.353167+00:00,33.575,0.277,0.0,0.15,-0.0388,0.0554,5235.99,1,19.4032,23.69,step
2026-08-31T19:07:24.354505+00:00,33.09,0.2764,0.8,0.0,-0.0394,0.0546,5235.99,1,19.4296,23.712,step
2026-08-31T19:07:24.356153+00:00,33.617,0.2757,0.0,0.15,-0.04,0.0536,5989.16,1,19.4603,23.734,step
2026-08-31T19:07:24.357645+00:00,33.532,0.2751,0.0,0.15,-0.0407,0.0527,5235.99,1,19.4878,23.756,step
2026-08-31T19:07:24.359029+00:00,33.049,0.2745,0.8,0.0,-0.0412,0.0518,5235.99,1,19.5163,23.778,step
2026-08-31T19:07:24.360361+00:00,33.577,0.2737,0.8,0.0,-0.0418,0.0509,5985.35,1,19.548,23.8,step
2026-08-31T19:07:24.361728+00:00,34.396,0.2728,0.0,0.15,-0.0423,0.0497,6431.04,1,19.5858,23.822,step
2026-08-31T19:07:24.363131+00:00,34.452,0.2722,0.0,0.15,-0.0429,0.0488,5291.34,1,19.6154,23.844,step
2026-08-31T19:07:24.364688+00:00,33.967,0.2717,0.0,0.15,-0.0434,0.0481,5235.99,1,19.6388,23.866,step
2026-08-31T19:07:24.366042+00:00,33.48,0.271,0.8,0.0,-0.0438,0.0472,5235.99,1,19.6674,23.888,step
2026-08-31T19:07:24.367406+00:00,33.997,0.2702,0.0,0.15,-0.0442,0.0462,6104.75,1,19.7004,23.91,step
2026-08-31T19:07:24.368706+00:00,33.934,0.2695,0.0,0.15,-0.0446,0.0454,5235.99,1,19.7297,23.932,step
2026-08-31T19:07:24.369972+00:00,33.453,0.2688,0.8,0.0,-0.045,0.0445,5235.99,1,19.7586,23.954,step
2026-08-31T19:07:24.371376+00:00,33.981,0.268,0.8,0.0,-0.0453,0.0436,6069.5,1,19.7905,23.976,step
2026-08-31T19:07:24.373041+00:00,34.806,0.267,0.0,0.15,-0.0457,0.0425,6542.66,1,19.8285,23.998,step
2026-08-31T19:07:24.374372+00:00,34.881,0.2663,0.0,0.15,-0.046,0.0417,5358.0,1,19.8578,24.02,step
2026-08-31T19:07:24.375687+00:00,34.396,0.2659,0.0,0.15,-0.0463,0.0411,5268.71,1,19.8797,24.042,step
2026-08-31T19:07:24.377073+00:00,33.908,0.2652,0.8,0.0,-0.0465,0.0404,5235.99,1,19.9068,24.064,step
2026-08-31T19:07:24.378424+00:00,34.424,0.2644,0.0,0.15,-0.0467,0.0395,6196.99,1,19.9387,24.086,step
2026-08-31T19:07:24.379881+00:00,34.371,0.2638,0.0,0.15,-0.047,0.0388,5269.63,1,19.967,24.108,step
2026-08-31T19:07:24.381829+00:00,33.889,0.2631,0.8,0.0,-0.0471,0.0381,5235.99,1,19.9952,24.13,step
2026-08-31T19:07:24.383230+00:00,34.417,0.2624,0.0,0.15,-0.0472,0.0373,6164.15,1,20.0264,24.152,step
2026-08-31T19:07:24.384587+00:00,34.353,0.2617,0.8,0.0,-0.0474,0.0366,5266.56,1,20.0534,24.174,step
2026-08-31T19:07:24.385915+00:00,34.903,0.2611,0.0,0.15,-0.0475,0.036,6197.74,1,20.081,24.196,step
2026-08-31T19:07:24.387315+00:00,34.825,0.2606,0.0,0.15,-0.0476,0.0354,5337.87,1,20.1047,24.218,step
2026-08-31T19:07:24.388757+00:00,34.339,0.26,0.8,0.0,-0.0476,0.0349,5258.53,1,20.1294,24.24,step
2026-08-31T19:07:24.390376+00:00,34.866,0.2593,0.0,0.15,-0.0477,0.0342,6255.79,1,20.1587,24.262,step
2026-08-31T19:07:24.391745+00:00,34.81,0.2587,0.0,0.15,-0.0477,0.0335,5336.58,1,20.1846,24.284,step
2026-08-31T19:07:24.393127+00:00,34.326,0.2581,0.8,0.0,-0.0477,0.0329,5255.72,1,20.2109,24.306,step
2026-08-31T19:07:24.394490+00:00,34.853,0.2573,0.0,0.15,-0.0477,0.0322,6260.46,1,20.2411,24.328,step
2026-08-31T19:07:24.395901+00:00,34.799,0.2566,0.8,0.0,-0.0477,0.0316,5335.24,1,20.2672,24.35,step
2026-08-31T19:07:24.397484+00:00,35.348,0.256,0.0,0.15,-0.0476,0.031,6299.51,1,20.2938,24.372,step
2026-08-31T19:07:24.398981+00:00,35.282,0.2554,0.0,0.15,-0.0476,0.0304,5408.38,1,20.3172,24.394,step
2026-08-31T19:07:24.400333+00:00,34.795,0.2548,0.8,0.0,-0.0475,0.0299,5327.69,1,20.3405,24.416,step
2026-08-31T19:07:24.401647+00:00,35.322,0.2541,0.0,0.15,-0.0474,0.0293,6354.93,1,20.3686,24.438,step
2026-08-31T19:07:24.402963+00:00,35.278,0.2535,0.0,0.15,-0.0473,0.0288,5408.36,1,20.3936,24.46,step
2026-08-31T19:07:24.404366+00:00,34.792,0.2529,0.8,0.0,-0.0471,0.0283,5326.61,1,20.4186,24.482,step
2026-08-31T19:07:24.405769+00:00,35.32,0.2522,0.0,0.15,-0.047,0.0276,6360.05,1,20.4473,24.504,step
2026-08-31T19:07:24.407571+00:00,35.277,0.2516,0.0,0.15,-0.0468,0.0271,5408.52,1,20.4721,24.526,step
2026-08-31T19:07:24.408988+00:00,34.792,0.251,0.8,0.0,-0.0466,0.0267,5327.18,1,20.4964,24.548,step
2026-08-31T19:07:24.410349+00:00,35.323,0.2504,0.0,0.15,-0.0464,0.0261,6350.6,1,20.5239,24.57,step
2026-08-31T19:07:24.411719+00:00,35.276,0.2498,0.8,0.0,-0.0463,0.0257,5408.51,1,20.5472,24.592,step
2026-08-31T19:07:24.413235+00:00,35.827,0.2492,0.0,0.15,-0.046,0.0252,6399.42,1,20.5712,24.614,step
2026-08-31T19:07:24.414843+00:00,35.771,0.2488,0.0,0.15,-0.0458,0.0249,5483.54,1,20.5918,24.636,step
2026-08-31T19:07:24.416279+00:00,35.282,0.2483,0.8,0.0,-0.0456,0.0246,5401.79,1,20.6127,24.658,step
2026-08-31T19:07:24.417674+00:00,35.809,0.2477,0.0,0.15,-0.0453,0.0241,6463.4,1,20.6386,24.68,step
2026-08-31T19:07:24.419112+00:00,35.776,0.2471,0.0,0.15,-0.0451,0.0236,5485.04,1,20.6615,24.702,step
2026-08-31T19:07:24.420540+00:00,35.289,0.2465,0.8,0.0,-0.0447,0.0232,5402.3,1,20.6844,24.724,step
2026-08-31T19:07:24.422086+00:00,35.818,0.2458,0.0,0.15,-0.0444,0.0227,6468.3,1,20.7105,24.746,step
2026-08-31T19:07:24.423576+00:00,35.786,0.2452,0.0,0.15,-0.0442,0.0223,5486.78,1,20.7331,24.768,step
2026-08-31T19:07:24.424969+00:00,35.3,0.2447,0.8,0.0,-0.0438,0.0219,5404.53,1,20.7552,24.79,step
2026-08-31T19:07:24.426368+00:00,35.832,0.244,0.0,0.15,-0.0435,0.0215,6460.73,1,20.7835,24.812,step
2026-08-31T19:07:24.427687+00:00,35.797,0.2435,0.8,0.0,-0.0431,0.0211,5488.32,1,20.812,24.834,step
2026-08-31T19:07:24.428950+00:00,36.349,0.243,0.0,0.15,-0.0428,0.0208,6511.36,1,20.8436,24.856,step
2026-08-31T19:07:24.430671+00:00,36.304,0.2425,0.0,0.15,-0.0424,0.0205,5565.59,1,20.8759,24.878,step
2026-08-31T19:07:24.432119+00:00,35.814,0.2421,0.8,0.0,-0.042,0.0203,5482.46,1,20.9126,24.9,step
2026-08-31T19:07:24.433478+00:00,36.341,0.2415,0.0,0.15,-0.0417,0.0199,6578.87,1,20.9589,24.922,step
2026-08-31T19:07:24.434883+00:00,36.321,0.241,0.0,0.15,-0.0413,0.0196,5568.3,1,21.0069,24.944,step
2026-08-31T19:07:24.436266+00:00,35.832,0.2405,0.8,0.0,-0.0409,0.0193,5484.8,1,21.0581,24.966,step
2026-08-31T19:07:24.437625+00:00,36.36,0.2399,0.8,0.0,-0.0405,0.0189,6587.08,1,21.1193,24.988,step
2026-08-31T19:07:24.439117+00:00,37.198,0.2391,0.0,0.15,-0.0401,0.0183,7265.21,1,21.1956,25.01,step
2026-08-31T19:07:24.440831+00:00,37.42,0.2385,0.0,0.15,-0.0397,0.0179,5735.01,1,21.2696,25.032,step
2026-08-31T19:07:24.442162+00:00,36.916,0.2382,0.15,0.0,-0.0393,0.0179,5652.29,1,21.3346,25.054,step
2026-08-31T19:07:24.443529+00:00,37.006,0.2381,0.15,0.0,-0.0389,0.018,5788.77,1,21.3975,25.076,step
2026-08-31T19:07:24.444864+00:00,37.156,0.2382,0.15,0.0,-0.0384,0.0183,5811.11,1,21.4547,25.098,step
2026-08-31T19:07:24.446234+00:00,37.306,0.2383,0.15,0.0,-0.0379,0.0186,5833.57,1,21.5159,25.12,step
2026-08-31T19:07:24.447872+00:00,37.456,0.2384,0.15,0.0,-0.0374,0.019,5856.65,1,21.5822,25.142,step
2026-08-31T19:07:24.449401+00:00,37.607,0.2385,0.0,0.15,-0.0369,0.0193,5879.93,1,21.6536,25.164,step
2026-08-31T19:07:24.450745+00:00,37.217,0.2384,0.15,0.0,-0.0364,0.0194,5696.0,1,21.7457,25.186,step
2026-08-31T19:07:24.452101+00:00,37.314,0.2381,0.15,0.0,-0.036,0.0194,5836.15,1,21.8467,25.208,step
2026-08-31T19:07:24.453482+00:00,37.465,0.2382,0.15,0.0,-0.0355,0.0197,5858.76,1,21.9407,25.23,step
2026-08-31T19:07:24.454847+00:00,37.616,0.2383,0.15,0.0,-0.035,0.02,5881.66,1,22.039,25.252,step
2026-08-31T19:07:24.456469+00:00,37.767,0.2385,0.15,0.0,-0.0346,0.0204,5904.65,1,22.1432,25.274,step
2026-08-31T19:07:24.457805+00:00,37.918,0.2387,0.15,0.0,-0.0342,0.0208,5928.11,1,22.2547,25.296,step
2026-08-31T19:07:24.459219+00:00,38.069,0.2389,0.15,0.0,-0.0337,0.0212,5951.73,1,22.3739,25.318,step
2026-08-31T19:07:24.460593+00:00,38.219,0.2391,0.15,0.0,-0.0333,0.0216,5975.88,1,22.5013,25.34,step
2026-08-31T19:07:24.462029+00:00,38.37,0.2393,0.15,0.0,-0.0329,0.022,5999.79,1,22.6377,25.362,step
2026-08-31T19:07:24.463377+00:00,38.521,0.2395,0.15,0.0,-0.0325,0.0224,6023.98,1,22.775,25.384,step
2026-08-31T19:07:24.465005+00:00,38.672,0.2397,0.15,0.0,-0.0322,0.0227,6047.67,1,22.9075,25.406,step
2026-08-31T19:07:24.466347+00:00,38.823,0.2399,0.15,0.0,-0.0318,0.0231,6071.57,1,23.0358,25.428,step
2026-08-31T19:07:24.467654+00:00,38.974,0.2401,0.15,0.0,-0.0315,0.0234,6095.26,1,23.1591,25.45,step
2026-08-31T19:07:24.468946+00:00,39.125,0.2403,0.15,0.0,-0.0312,0.0237,6119.07,1,23.2777,25.472,step
2026-08-31T19:07:24.470254+00:00,39.277,0.2404,0.15,0.0,-0.0309,0.024,6142.8,1,23.3916,25.494,step
2026-08-31T19:07:24.471606+00:00,39.428,0.2406,0.15,0.0,-0.0306,0.0243,6166.63,1,23.5009,25.516,step
2026-08-31T19:07:24.473225+00:00,39.579,0.2407,0.15,0.0,-0.0303,0.0246,6190.24,1,23.6066,25.538,step
2026-08-31T19:07:24.474596+00:00,39.731,0.2409,0.15,0.0,-0.03,0.0249,6214.33,1,23.7082,25.56,step
2026-08-31T19:07:24.475935+00:00,39.882,0.241,0.15,0.0,-0.0297,0.0252,6237.62,1,23.8059,25.582,step
2026-08-31T19:07:24.477245+00:00,40.034,0.2412,0.15,0.0,-0.0295,0.0255,6261.53,1,23.8992,25.604,step
2026-08-31T19:07:24.478552+00:00,40.185,0.2414,0.15,0.0,-0.0293,0.0258,6285.34,1,23.9889,25.626,step
2026-08-31T19:07:24.479962+00:00,40.337,0.2416,0.15,0.0,-0.029,0.026,6309.15,1,24.0754,25.648,step
2026-08-31T19:07:24.481579+00:00,40.488,0.2418,0.15,0.0,-0.0288,0.0263,6333.02,1,24.1593,25.67,step
2026-08-31T19:07:24.482959+00:00,40.64,0.2419,0.15,0.0,-0.0286,0.0266,6357.07,1,24.2409,25.692,step
2026-08-31T19:07:24.484318+00:00,40.791,0.2421,0.15,0.0,-0.0284,0.0268,6380.81,1,24.3195,25.714,step
2026-08-31T19:07:24.485695+00:00,40.943,0.2423,0.15,0.0,-0.0283,0.0271,6404.87,1,24.3953,25.736,step
2026-08-31T19:07:24.487056+00:00,41.094,0.2425,0.15,0.0,-0.0281,0.0274,6428.73,1,24.4683,25.758,step
2026-08-31T19:07:24.488479+00:00,41.246,0.2427,0.15,0.0,-0.0279,0.0276,6452.6,1,24.5387,25.78,step
2026-08-31T19:07:24.490178+00:00,41.397,0.2429,0.15,0.0,-0.0278,0.0279,6476.46,1,24.6071,25.802,step
2026-08-31T19:07:24.491555+00:00,41.549,0.243,0.15,0.0,-0.0276,0.0281,6500.15,1,24.6731,25.824,step
2026-08-31T19:07:24.492895+00:00,41.7,0.2431,0.15,0.0,-0.0275,0.0283,6524.19,1,24.7366,25.846,step
2026-08-31T19:07:24.494235+00:00,41.852,0.2432,0.15,0.0,-0.0274,0.0284,6547.93,1,24.7975,25.868,step
2026-08-31T19:07:24.495577+00:00,42.003,0.2434,0.15,0.0,-0.0273,0.0286,6571.74,1,24.8558,25.89,step
2026-08-31T19:07:24.496932+00:00,42.154,0.2435,0.15,0.0,-0.0272,0.0288,6595.6,1,24.9115,25.912,step
2026-08-31T19:07:24.498560+00:00,42.306,0.2436,0.15,0.0,-0.0271,0.029,6618.9,1,24.966,25.934,step
2026-08-31T19:07:24.500001+00:00,42.457,0.2438,0.15,0.0,-0.027,0.0291,6642.79,1,25.0189,25.956,step
2026-08-31T19:07:24.501364+00:00,42.608,0.2439,0.15,0.0,-0.027,0.0293,6666.64,1,25.0698,25.978,step
2026-08-31T19:07:24.502745+00:00,42.759,0.244,0.15,0.0,-0.0269,0.0294,6690.42,1,25.1187,26.0,step
2026-08-31T19:07:24.504061+00:00,42.91,0.2442,0.15,0.0,-0.0269,0.0296,6714.2,1,25.1658,26.022,step
2026-08-31T19:07:24.505456+00:00,43.061,0.2443,0.15,0.0,-0.0268,0.0297,6738.1,1,25.2106,26.044,step
2026-08-31T19:07:24.507033+00:00,43.212,0.2445,0.15,0.0,-0.0268,0.0299,6761.9,1,25.2537,26.066,step
2026-08-31T19:07:24.508390+00:00,43.363,0.2446,0.15,0.0,-0.0268,0.0301,6785.75,1,25.2948,26.088,step
2026-08-31T19:07:24.509821+00:00,43.514,0.2448,0.0,0.15,-0.0268,0.0302,6809.61,1,25.3347,26.11,step
2026-08-31T19:07:24.511289+00:00,43.115,0.2446,0.15,0.0,-0.0268,0.03,6588.72,1,25.3856,26.132,step
2026-08-31T19:07:24.512665+00:00,43.199,0.2442,0.15,0.0,-0.0268,0.0297,6764.37,1,25.4407,26.154,step
2026-08-31T19:07:24.514130+00:00,43.351,0.2441,0.15,0.0,-0.0267,0.0296,6786.41,1,25.4811,26.176,step
2026-08-31T19:07:24.515698+00:00,43.502,0.2441,0.15,0.0,-0.0267,0.0296,6809.2,1,25.5162,26.198,step
2026-08-31T19:07:24.517044+00:00,43.653,0.2441,0.15,0.0,-0.0267,0.0296,6832.13,1,25.5483,26.22,step
2026-08-31T19:07:24.518364+00:00,43.804,0.2442,0.15,0.0,-0.0267,0.0297,6855.25,1,25.5775,26.242,step
2026-08-31T19:07:24.519647+00:00,43.956,0.2443,0.0,0.15,-0.0266,0.0298,6878.28,1,25.6045,26.264,step
2026-08-31T19:07:24.521011+00:00,43.557,0.2441,0.15,0.0,-0.0266,0.0297,6655.72,1,25.6417,26.286,step
2026-08-31T19:07:24.522612+00:00,43.638,0.2438,0.15,0.0,-0.0266,0.0293,6833.46,1,25.6834,26.308,step
2026-08-31T19:07:24.524001+00:00,43.79,0.2437,0.15,0.0,-0.0266,0.0293,6855.55,1,25.7126,26.33,step
2026-08-31T19:07:24.525350+00:00,43.941,0.2437,0.15,0.0,-0.0266,0.0293,6878.31,1,25.737,26.352,step
2026-08-31T19:07:24.526669+00:00,44.092,0.2438,0.15,0.0,-0.0266,0.0294,6901.59,1,25.7577,26.374,step
2026-08-31T19:07:24.527967+00:00,44.244,0.2439,0.0,0.15,-0.0265,0.0295,6925.46,1,25.7757,26.396,step
2026-08-31T19:07:24.529401+00:00,43.848,0.2438,0.15,0.0,-0.0265,0.0293,6699.72,1,25.8031,26.418,step
2026-08-31T19:07:24.531062+00:00,43.926,0.2434,0.15,0.0,-0.0265,0.029,6881.64,1,25.8351,26.44,step
2026-08-31T19:07:24.532514+00:00,44.079,0.2432,0.15,0.0,-0.0265,0.0289,6903.97,1,25.8547,26.462,step
2026-08-31T19:07:24.533812+00:00,44.231,0.2359,0.15,0.0,-0.0263,0.0219,6926.8,1,25.8701,26.484,step
2026-08-31T19:07:24.535043+00:00,44.386,0.2286,0.0,0.15,-0.0258,0.0151,6950.01,1,25.8785,26.506,step
2026-08-31T19:07:24.536317+00:00,43.992,0.2211,0.15,0.0,-0.025,0.0082,6721.63,1,25.8889,26.528,step
2026-08-31T19:07:24.537537+00:00,44.075,0.2135,0.15,0.0,-0.024,0.0015,6904.39,1,25.8939,26.55,step
2026-08-31T19:07:24.538891+00:00,44.233,0.2063,0.15,0.0,-0.0227,-0.0048,6926.95,1,25.8787,26.572,step
2026-08-31T19:07:24.540440+00:00,44.392,0.1993,0.0,0.15,-0.0212,-0.0109,6950.96,1,25.8516,26.594,step
2026-08-31T19:07:24.541694+00:00,44.001,0.1921,0.15,0.0,-0.0194,-0.0169,6720.27,1,25.824,26.616,step
2026-08-31T19:07:24.542937+00:00,44.08,0.185,0.15,0.0,-0.0174,-0.0228,6904.29,1,25.7904,26.638,step
2026-08-31T19:07:24.544184+00:00,44.241,0.1782,0.0,0.15,-0.0152,-0.0283,6926.96,1,25.7381,26.66,step
2026-08-31T19:07:24.545408+00:00,43.849,0.1713,0.15,0.0,-0.0127,-0.0337,6698.8,1,25.6834,26.682,step
2026-08-31T19:07:24.546738+00:00,43.927,0.1646,0.0,0.15,-0.0101,-0.039,6877.69,1,25.6225,26.704,step
2026-08-31T19:07:24.548140+00:00,43.533,0.1579,0.15,0.0,-0.0073,-0.044,6650.47,1,25.5534,26.726,step
2026-08-31T19:07:24.549387+00:00,43.614,0.1513,0.0,0.15,-0.0043,-0.0489,6827.86,1,25.4766,26.748,step
2026-08-31T19:07:24.550704+00:00,43.221,0.145,0.15,0.0,-0.0012,-0.0535,6603.57,1,25.3905,26.77,step
2026-08-31T19:07:24.551977+00:00,43.299,0.1387,0.0,0.15,0.0022,-0.058,6777.78,1,25.2968,26.792,step
2026-08-31T19:07:24.553226+00:00,42.909,0.1326,0.15,0.0,0.0056,-0.0622,6556.62,1,25.195,26.814,step
2026-08-31T19:07:24.554523+00:00,42.984,0.1266,0.0,0.15,0.0092,-0.0662,6727.72,1,25.0865,26.836,step
2026-08-31T19:07:24.555976+00:00,42.594,0.1208,0.15,0.0,0.013,-0.07,6509.32,1,24.9703,26.858,step
2026-08-31T19:07:24.557268+00:00,42.668,0.1151,0.0,0.15,0.0168,-0.0737,6677.6,1,24.8474,26.88,step
2026-08-31T19:07:24.558575+00:00,42.278,0.1095,0.0,0.15,0.0207,-0.0771,6461.67,1,24.7174,26.902,step
2026-08-31T19:07:24.559854+00:00,41.768,0.1039,0.15,0.0,0.0248,-0.0805,6382.35,1,24.5883,26.924,step
2026-08-31T19:07:24.561149+00:00,41.843,0.0987,0.0,0.15,0.0289,-0.0836,6545.81,1,24.4483,26.946,step
2026-08-31T19:07:24.562457+00:00,41.451,0.0935,0.15,0.0,0.0331,-0.0866,6339.1,1,24.3017,26.968,step
2026-08-31T19:07:24.563723+00:00,41.525,0.0885,0.0,0.15,0.0374,-0.0893,6495.94,1,24.1495,26.99,step
2026-08-31T19:07:24.565366+00:00,41.135,0.0836,0.0,0.15,0.0417,-0.0919,6289.87,1,23.992,27.012,step
2026-08-31T19:07:24.566671+00:00,40.632,0.0787,0.15,0.0,0.0461,-0.0945,6211.1,1,23.8356,27.034,step
2026-08-31T19:07:24.567983+00:00,40.704,0.0741,0.0,0.15,0.0506,-0.0968,6369.14,1,23.6703,27.056,step
2026-08-31T19:07:24.569256+00:00,40.314,0.0696,0.0,0.15,0.0551,-0.099,6164.71,1,23.4996,27.078,step
2026-08-31T19:07:24.570484+00:00,39.815,0.0652,0.15,0.0,0.0596,-0.1011,6087.9,1,23.3299,27.1,step
2026-08-31T19:07:24.571910+00:00,39.888,0.061,0.0,0.15,0.0641,-0.103,6240.16,1,23.1527,27.122,step
2026-08-31T19:07:24.573306+00:00,39.499,0.0569,0.0,0.15,0.0687,-0.1047,6042.0,1,22.9709,27.144,step
2026-08-31T19:07:24.574636+00:00,39.003,0.0528,0.0,0.15,0.0733,-0.1064,5965.78,1,22.7901,27.166,step
2026-08-31T19:07:24.575995+00:00,38.509,0.0489,0.8,0.0,0.0779,-0.108,5889.86,1,22.6078,27.188,step
2026-08-31T19:07:24.577315+00:00,39.028,0.0531,0.0,0.15,0.0824,-0.1018,7116.76,1,22.4192,27.21,step
2026-08-31T19:07:24.578728+00:00,39.05,0.06,0.0,0.15,0.0866,-0.093,5983.21,1,22.2271,27.232,step
2026-08-31T19:07:24.580096+00:00,38.557,0.0669,0.0,0.15,0.0904,-0.0846,5901.41,1,22.0442,27.254,step
2026-08-31T19:07:24.581659+00:00,38.062,0.0736,0.0,0.15,0.0939,-0.0765,5823.09,1,21.8699,27.276,step
2026-08-31T19:07:24.583086+00:00,37.569,0.0802,0.0,0.15,0.0971,-0.0686,5746.55,1,21.7043,27.298,step
2026-08-31T19:07:24.584480+00:00,37.076,0.0866,0.0,0.15,0.0999,-0.0611,5674.32,1,21.5465,27.32,step
2026-08-31T19:07:24.585830+00:00,36.586,0.0929,0.0,0.15,0.1025,-0.0538,5600.82,1,21.3962,27.342,step
2026-08-31T19:07:24.587165+00:00,36.099,0.099,0.8,0.0,0.1049,-0.0467,5526.51,1,21.253,27.364,step
2026-08-31T19:07:24.588795+00:00,36.632,0.1051,0.0,0.15,0.107,-0.0398,6562.54,1,21.1138,27.386,step
2026-08-31T19:07:24.590211+00:00,36.579,0.1114,0.0,0.15,0.1088,-0.0329,5608.4,1,20.9758,27.408,step
2026-08-31T19:07:24.591584+00:00,36.094,0.1175,0.0,0.15,0.1105,-0.0263,5528.76,1,20.8445,27.43,step
2026-08-31T19:07:24.592938+00:00,35.607,0.1234,0.0,0.15,0.1119,-0.0199,5451.9,1,20.7198,27.452,step
2026-08-31T19:07:24.594287+00:00,35.121,0.1292,0.8,0.0,0.1131,-0.0138,5376.45,1,20.6018,27.474,step
2026-08-31T19:07:24.595696+00:00,35.64,0.1348,0.0,0.15,0.1141,-0.0078,6387.69,1,20.4885,27.496,step
2026-08-31T19:07:24.597126+00:00,35.583,0.1406,0.0,0.15,0.1149,-0.0018,5455.57,1,20.3758,27.518,step
2026-08-31T19:07:24.598787+00:00,35.098,0.1463,0.0,0.15,0.1156,0.0039,5375.63,1,20.2687,27.54,step
2026-08-31T19:07:24.600177+00:00,34.611,0.1511,0.0,0.15,0.116,0.0088,5299.58,1,20.1678,27.562,step
2026-08-31T19:07:24.601561+00:00,34.127,0.1557,0.8,0.0,0.1164,0.0133,5235.99,1,20.0726,27.584,step
2026-08-31T19:07:24.602880+00:00,34.643,0.1601,0.0,0.15,0.1166,0.0177,6185.48,1,19.9816,27.606,step
2026-08-31T19:07:24.604307+00:00,34.566,0.1646,0.0,0.15,0.1166,0.0221,5299.88,1,19.8899,27.628,step
2026-08-31T19:07:24.605716+00:00,34.083,0.1691,0.0,0.15,0.1165,0.0263,5235.99,1,19.8024,27.65,step
2026-08-31T19:07:24.607600+00:00,33.597,0.1734,0.8,0.0,0.1163,0.0304,5235.99,1,19.72,27.672,step
2026-08-31T19:07:24.608933+00:00,34.13,0.1776,0.0,0.15,0.116,0.0342,6034.64,1,19.6416,27.694,step
2026-08-31T19:07:24.610255+00:00,34.025,0.1818,0.0,0.15,0.1156,0.0382,5235.99,1,19.5625,27.716,step
2026-08-31T19:07:24.611579+00:00,33.539,0.186,0.0,0.15,0.1151,0.0419,5235.99,1,19.4873,27.738,step
2026-08-31T19:07:24.612874+00:00,33.052,0.19,0.8,0.0,0.1145,0.0455,5235.99,1,19.4174,27.76,step
2026-08-31T19:07:24.614433+00:00,33.574,0.1939,0.0,0.15,0.1138,0.0489,5952.65,1,19.352,27.782,step
2026-08-31T19:07:24.615947+00:00,33.468,0.1979,0.0,0.15,0.1129,0.0523,5235.99,1,19.2857,27.804,step
2026-08-31T19:07:24.617310+00:00,32.983,0.2018,0.0,0.15,0.112,0.0556,5235.99,1,19.2228,27.826,step
2026-08-31T19:07:24.618656+00:00,32.497,0.2055,0.8,0.0,0.111,0.0587,5235.99,1,19.1645,27.848,step
2026-08-31T19:07:24.619939+00:00,33.013,0.2091,0.0,0.15,0.1099,0.0616,5852.31,1,19.11,27.87,step
2026-08-31T19:07:24.621302+00:00,32.902,0.2128,0.0,0.15,0.1087,0.0647,5235.99,1,19.0543,27.892,step
2026-08-31T19:07:24.622950+00:00,32.416,0.2164,0.8,0.0,0.1075,0.0676,5235.99,1,19.0015,27.914,step
2026-08-31T19:07:24.624341+00:00,32.941,0.2197,0.0,0.15,0.1062,0.07,5806.15,1,18.9533,27.936,step
2026-08-31T19:07:24.625661+00:00,32.817,0.2226,0.0,0.15,0.1048,0.0722,5235.99,1,18.904,27.958,step
2026-08-31T19:07:24.627010+00:00,32.328,0.2255,0.0,0.15,0.1033,0.0743,5235.99,1,18.8579,27.98,step
2026-08-31T19:07:24.628339+00:00,31.839,0.2282,0.8,0.0,0.1019,0.0762,5235.99,1,18.8159,28.002,step
2026-08-31T19:07:24.629712+00:00,32.353,0.2308,0.0,0.15,0.1004,0.0779,5722.13,1,18.7779,28.024,step
2026-08-31T19:07:24.631249+00:00,32.228,0.2335,0.0,0.15,0.0988,0.0798,5235.99,1,18.7382,28.046,step
2026-08-31T19:07:24.632610+00:00,31.74,0.2361,0.8,0.0,0.0972,0.0815,5235.99,1,18.7005,28.068,step
2026-08-31T19:07:24.633903+00:00,32.279,0.2386,0.0,0.15,0.0956,0.0831,5633.6,1,18.6666,28.09,step
2026-08-31T19:07:24.635246+00:00,32.124,0.2411,0.0,0.15,0.0939,0.0848,5235.99,1,18.6311,28.112,step
2026-08-31T19:07:24.636707+00:00,31.633,0.2436,0.8,0.0,0.0922,0.0864,5235.99,1,18.5984,28.134,step
2026-08-31T19:07:24.638062+00:00,32.16,0.246,0.0,0.15,0.0904,0.0878,5641.72,1,18.5706,28.156,step
2026-08-31T19:07:24.639691+00:00,32.015,0.2484,0.0,0.15,0.0886,0.0892,5235.99,1,18.5411,28.178,step
2026-08-31T19:07:24.641158+00:00,31.524,0.2507,0.8,0.0,0.0868,0.0906,5235.99,1,18.5144,28.2,step
2026-08-31T19:07:24.642461+00:00,32.043,0.2529,0.0,0.15,0.085,0.0918,5646.97,1,18.4927,28.222,step
2026-08-31T19:07:24.643790+00:00,31.907,0.2552,0.0,0.15,0.0831,0.0931,5235.99,1,18.4691,28.244,step
2026-08-31T19:07:24.645165+00:00,31.418,0.2574,0.8,0.0,0.0812,0.0943,5235.99,1,18.4474,28.266,step
2026-08-31T19:07:24.646536+00:00,31.935,0.2595,0.0,0.15,0.0792,0.0954,5623.97,1,18.4305,28.288,step
2026-08-31T19:07:24.648024+00:00,31.798,0.2616,0.0,0.15,0.0772,0.0965,5235.99,1,18.4113,28.31,step
2026-08-31T19:07:24.649659+00:00,31.306,0.2637,0.8,0.0,0.0753,0.0976,5235.99,1,18.3946,28.332,step
2026-08-31T19:07:24.651005+00:00,31.825,0.2651,0.0,0.15,0.0733,0.098,5600.29,1,18.3833,28.354,step
2026-08-31T19:07:24.652364+00:00,31.684,0.2667,0.0,0.15,0.0712,0.0985,5235.99,1,18.3697,28.376,step
2026-08-31T19:07:24.653804+00:00,31.192,0.2681,0.8,0.0,0.0692,0.0989,5235.99,1,18.3577,28.398,step
2026-08-31T19:07:24.655204+00:00,31.711,0.2694,0.0,0.15,0.0672,0.0992,5578.07,1,18.3507,28.42,step
2026-08-31T19:07:24.656822+00:00,31.568,0.2709,0.0,0.15,0.0652,0.0996,5235.99,1,18.341,28.442,step
2026-08-31T19:07:24.658123+00:00,31.076,0.2722,0.8,0.0,0.0632,0.0999,5235.99,1,18.3331,28.464,step
2026-08-31T19:07:24.659472+00:00,31.597,0.2734,0.0,0.15,0.0612,0.1001,5549.38,1,18.3301,28.486,step
2026-08-31T19:07:24.660763+00:00,31.449,0.2748,0.0,0.15,0.0591,0.1004,5235.99,1,18.3241,28.508,step
2026-08-31T19:07:24.662082+00:00,30.955,0.276,0.8,0.0,0.0571,0.1007,5235.99,1,18.3199,28.53,step
2026-08-31T19:07:24.663479+00:00,31.482,0.2771,0.0,0.15,0.0552,0.1008,5512.77,1,18.3208,28.552,step
2026-08-31T19:07:24.665065+00:00,31.325,0.2783,0.8,0.0,0.0531,0.101,5235.99,1,18.3192,28.574,step
2026-08-31T19:07:24.666567+00:00,31.857,0.2795,0.0,0.15,0.0511,0.1011,5562.92,1,18.3212,28.596,step
2026-08-31T19:07:24.667932+00:00,31.699,0.2807,0.0,0.15,0.049,0.1012,5235.99,1,18.3211,28.618,step
2026-08-31T19:07:24.669236+00:00,31.205,0.2818,0.8,0.0,0.047,0.1013,5235.99,1,18.3235,28.64,step
2026-08-31T19:07:24.670568+00:00,31.72,0.2828,0.0,0.15,0.045,0.1013,5596.1,1,18.3318,28.662,step
2026-08-31T19:07:24.671993+00:00,31.583,0.2838,0.0,0.15,0.0429,0.1013,5235.99,1,18.3377,28.684,step
2026-08-31T19:07:24.673583+00:00,31.09,0.2848,0.8,0.0,0.0409,0.1013,5235.99,1,18.3449,28.706,step
2026-08-31T19:07:24.675017+00:00,31.604,0.2857,0.0,0.15,0.0389,0.1012,5575.36,1,18.3579,28.728,step
2026-08-31T19:07:24.676344+00:00,31.465,0.2866,0.8,0.0,0.0369,0.1011,5235.99,1,18.3684,28.75,step
2026-08-31T19:07:24.677676+00:00,31.997,0.287,0.0,0.15,0.0349,0.1005,5594.04,1,18.3816,28.772,step
2026-08-31T19:07:24.679006+00:00,31.844,0.2876,0.0,0.15,0.0328,0.1001,5235.99,1,18.3927,28.794,step
2026-08-31T19:07:24.680346+00:00,31.349,0.2881,0.8,0.0,0.0309,0.0996,5235.99,1,18.4052,28.816,step
2026-08-31T19:07:24.681744+00:00,31.864,0.2884,0.0,0.15,0.029,0.099,5625.01,1,18.4238,28.838,step
2026-08-31T19:07:24.683086+00:00,31.729,0.2888,0.0,0.15,0.027,0.0985,5235.99,1,18.4396,28.86,step
2026-08-31T19:07:24.684400+00:00,31.235,0.2892,0.8,0.0,0.0251,0.0979,5235.99,1,18.4563,28.882,step
2026-08-31T19:07:24.685708+00:00,31.754,0.2894,0.0,0.15,0.0232,0.0973,5598.87,1,18.4786,28.904,step
2026-08-31T19:07:24.687028+00:00,31.614,0.2898,0.8,0.0,0.0213,0.0967,5235.99,1,18.4975,28.926,step
2026-08-31T19:07:24.688443+00:00,32.157,0.2901,0.0,0.15,0.0195,0.0961,5597.94,1,18.5191,28.948,step
2026-08-31T19:07:24.690055+00:00,31.995,0.2905,0.0,0.15,0.0176,0.0956,5235.99,1,18.5385,28.97,step
2026-08-31T19:07:24.691390+00:00,31.499,0.2908,0.8,0.0,0.0158,0.095,5235.99,1,18.5594,28.992,step
2026-08-31T19:07:24.692737+00:00,32.013,0.291,0.0,0.15,0.014,0.0943,5662.91,1,18.5875,29.014,step
2026-08-31T19:07:24.694109+00:00,31.883,0.2912,0.8,0.0,0.0122,0.0936,5235.99,1,18.6134,29.036,step
2026-08-31T19:07:24.695417+00:00,32.412,0.2914,0.0,0.15,0.0104,0.0929,5700.58,1,18.6422,29.058,step
2026-08-31T19:07:24.696810+00:00,32.275,0.2916,0.0,0.15,0.0086,0.0923,5235.99,1,18.6687,29.08,step
2026-08-31T19:07:24.698580+00:00,31.78,0.2919,0.8,0.0,0.0069,0.0918,5235.99,1,18.6958,29.102,step
2026-08-31T19:07:24.699980+00:00,32.292,0.2919,0.0,0.15,0.0052,0.091,5727.89,1,18.7302,29.124,step
2026-08-31T19:07:24.701387+00:00,32.172,0.2921,0.8,0.0,0.0035,0.0903,5235.99,1,18.7618,29.146,step
2026-08-31T19:07:24.702733+00:00,32.702,0.2921,0.0,0.15,0.0018,0.0895,5758.38,1,18.7963,29.168,step
2026-08-31T19:07:24.704120+00:00,32.57,0.2919,0.0,0.15,0.0001,0.0885,5235.99,1,18.8289,29.19,step
2026-08-31T19:07:24.705595+00:00,32.074,0.2917,0.8,0.0,-0.0016,0.0875,5235.99,1,18.8616,29.212,step
2026-08-31T19:07:24.707083+00:00,32.588,0.2912,0.0,0.15,-0.0031,0.0863,5788.95,1,18.9018,29.234,step
2026-08-31T19:07:24.708472+00:00,32.474,0.2909,0.8,0.0,-0.0047,0.0853,5235.99,1,18.9391,29.256,step
2026-08-31T19:07:24.709778+00:00,33.004,0.2906,0.0,0.15,-0.0063,0.0842,5823.22,1,18.979,29.278,step
2026-08-31T19:07:24.711116+00:00,32.879,0.2903,0.0,0.15,-0.0078,0.0832,5235.99,1,19.017,29.3,step
2026-08-31T19:07:24.712454+00:00,32.382,0.29,0.8,0.0,-0.0093,0.0822,5235.99,1,19.0542,29.322,step
2026-08-31T19:07:24.713838+00:00,32.909,0.2896,0.0,0.15,-0.0107,0.0811,5824.37,1,19.0984,29.344,step
2026-08-31T19:07:24.715372+00:00,32.788,0.2892,0.8,0.0,-0.0121,0.0801,5235.99,1,19.1404,29.366,step
2026-08-31T19:07:24.716720+00:00,33.322,0.2888,0.0,0.15,-0.0135,0.079,5883.62,1,19.1851,29.388,step
2026-08-31T19:07:24.718076+00:00,33.2,0.2885,0.0,0.15,-0.0149,0.078,5235.99,1,19.2283,29.41,step
2026-08-31T19:07:24.719394+00:00,32.705,0.2882,0.8,0.0,-0.0162,0.0771,5235.99,1,19.2711,29.432,step
2026-08-31T19:07:24.720713+00:00,33.218,0.2876,0.8,0.0,-0.0175,0.0759,5930.83,1,19.3219,29.454,step
2026-08-31T19:07:24.722155+00:00,34.027,0.2868,0.0,0.15,-0.0188,0.0744,6349.13,1,19.386,29.476,step
2026-08-31T19:07:24.723700+00:00,34.057,0.2862,0.0,0.15,-0.0202,0.0733,5235.99,1,19.44,29.498,step
2026-08-31T19:07:24.725066+00:00,33.562,0.286,0.0,0.15,-0.0215,0.0725,5235.99,1,19.4833,29.52,step
2026-08-31T19:07:24.726496+00:00,33.064,0.2857,0.8,0.0,-0.0226,0.0715,5235.99,1,19.5318,29.542,step
2026-08-31T19:07:24.727875+00:00,33.564,0.285,0.8,0.0,-0.0238,0.0704,6042.23,1,19.5895,29.564,step
2026-08-31T19:07:24.729262+00:00,34.369,0.2837,0.0,0.15,-0.0249,0.0685,6524.12,1,19.6616,29.586,step
2026-08-31T19:07:24.730631+00:00,34.448,0.2827,0.0,0.15,-0.0261,0.067,5290.17,1,19.7236,29.608,step
2026-08-31T19:07:24.732331+00:00,33.951,0.2821,0.8,0.0,-0.0272,0.0659,5235.99,1,19.7719,29.63,step
2026-08-31T19:07:24.733702+00:00,34.47,0.2812,0.0,0.15,-0.0282,0.0646,6171.23,1,19.8299,29.652,step
2026-08-31T19:07:24.735079+00:00,34.392,0.2804,0.0,0.15,-0.0292,0.0633,5272.75,1,19.8868,29.674,step
2026-08-31T19:07:24.736420+00:00,33.896,0.2797,0.8,0.0,-0.0301,0.0622,5235.99,1,19.9409,29.696,step
2026-08-31T19:07:24.737834+00:00,34.416,0.2787,0.8,0.0,-0.031,0.0608,6168.46,1,20.0037,29.718,step
2026-08-31T19:07:24.739367+00:00,35.245,0.2774,0.0,0.15,-0.0319,0.0591,6643.14,1,20.082,29.74,step
2026-08-31T19:07:24.740830+00:00,35.316,0.2764,0.0,0.15,-0.0328,0.0577,5423.32,1,20.1489,29.762,step
2026-08-31T19:07:24.742273+00:00,34.815,0.2758,0.0,0.15,-0.0337,0.0568,5332.81,1,20.2018,29.784,step
2026-08-31T19:07:24.743716+00:00,34.314,0.2751,0.8,0.0,-0.0344,0.0557,5252.71,1,20.2607,29.806,step
2026-08-31T19:07:24.745052+00:00,34.815,0.2741,0.8,0.0,-0.0351,0.0544,6312.98,1,20.3298,29.828,step
2026-08-31T19:07:24.746487+00:00,35.628,0.2727,0.0,0.15,-0.0358,0.0527,6896.8,1,20.4159,29.85,step
2026-08-31T19:07:24.748201+00:00,35.782,0.2716,0.0,0.15,-0.0365,0.0513,5487.44,1,20.4929,29.872,step
2026-08-31T19:07:24.749590+00:00,35.276,0.271,0.8,0.0,-0.0372,0.0504,5402.91,1,20.5503,29.894,step
2026-08-31T19:07:24.750999+00:00,35.793,0.2701,0.0,0.15,-0.0378,0.0493,6462.17,1,20.6184,29.916,step
2026-08-31T19:07:24.752449+00:00,35.748,0.2693,0.0,0.15,-0.0383,0.0482,5480.21,1,20.6864,29.938,step
2026-08-31T19:07:24.753890+00:00,35.247,0.2684,0.8,0.0,-0.0388,0.0471,5395.46,1,20.7499,29.96,step
2026-08-31T19:07:24.755256+00:00,35.754,0.2671,0.8,0.0,-0.0393,0.0457,6496.71,1,20.8236,29.982,step
2026-08-31T19:07:24.756818+00:00,36.575,0.2654,0.0,0.15,-0.0398,0.0438,7140.59,1,20.9167,30.004,step
2026-08-31T19:07:24.758146+00:00,36.771,0.2639,0.0,0.15,-0.0403,0.0421,5633.48,1,21.001,30.026,step
2026-08-31T19:07:24.759482+00:00,36.256,0.2631,0.15,0.0,-0.0406,0.0412,5552.26,1,21.0618,30.048,step
2026-08-31T19:07:24.760847+00:00,36.334,0.2624,0.15,0.0,-0.0409,0.0403,5697.98,1,21.1173,30.07,step
2026-08-31T19:07:24.762158+00:00,36.47,0.2619,0.15,0.0,-0.0411,0.0398,5714.63,1,21.1636,30.092,step
2026-08-31T19:07:24.763560+00:00,36.603,0.2615,0.0,0.15,-0.0413,0.0393,5735.36,1,21.2089,30.114,step
2026-08-31T19:07:24.765183+00:00,36.203,0.2608,0.15,0.0,-0.0414,0.0386,5542.44,1,21.2665,30.136,step
2026-08-31T19:07:24.766531+00:00,36.289,0.26,0.15,0.0,-0.0416,0.0377,5690.07,1,21.3268,30.158,step
2026-08-31T19:07:24.767927+00:00,36.425,0.2595,0.15,0.0,-0.0417,0.0372,5708.99,1,21.3774,30.18,step
2026-08-31T19:07:24.769311+00:00,36.56,0.2591,0.15,0.0,-0.0417,0.0368,5728.98,1,21.4265,30.202,step
2026-08-31T19:07:24.770655+00:00,36.695,0.2586,0.15,0.0,-0.0418,0.0363,5749.21,1,21.4745,30.224,step
2026-08-31T19:07:24.772064+00:00,36.83,0.2583,0.15,0.0,-0.0418,0.036,5769.89,1,21.5224,30.246,step
2026-08-31T19:07:24.773771+00:00,36.965,0.2579,0.15,0.0,-0.0419,0.0356,5791.01,1,21.57,30.268,step
2026-08-31T19:07:24.775171+00:00,37.1,0.2576,0.15,0.0,-0.0419,0.0353,5812.44,1,21.6181,30.29,step
2026-08-31T19:07:24.776503+00:00,37.235,0.2572,0.15,0.0,-0.0419,0.0349,5834.14,1,21.6674,30.312,step
2026-08-31T19:07:24.777853+00:00,37.37,0.2566,0.15,0.0,-0.0419,0.0343,5855.57,1,21.7178,30.334,step
2026-08-31T19:07:24.779245+00:00,37.506,0.2559,0.15,0.0,-0.0419,0.0336,5876.92,1,21.7696,30.356,step
2026-08-31T19:07:24.780867+00:00,37.641,0.2552,0.15,0.0,-0.0419,0.033,5898.17,1,21.8222,30.378,step
2026-08-31T19:07:24.782580+00:00,37.777,0.2546,0.0,0.15,-0.0418,0.0324,5919.27,1,21.8754,30.4,step
2026-08-31T19:07:24.783967+00:00,37.376,0.2536,0.15,0.0,-0.0418,0.0315,5720.49,1,21.9417,30.422,step
2026-08-31T19:07:24.785320+00:00,37.459,0.2526,0.15,0.0,-0.0417,0.0306,5871.35,1,22.0113,30.444,step
2026-08-31T19:07:24.786642+00:00,37.595,0.2519,0.15,0.0,-0.0415,0.0299,5890.93,1,22.0694,30.466,step
2026-08-31T19:07:24.788001+00:00,37.731,0.2512,0.15,0.0,-0.0414,0.0294,5911.31,1,22.1253,30.488,step
2026-08-31T19:07:24.789642+00:00,37.867,0.2506,0.15,0.0,-0.0412,0.0288,5932.11,1,22.1806,30.51,step
2026-08-31T19:07:24.791147+00:00,38.002,0.2499,0.15,0.0,-0.041,0.0283,5953.42,1,22.236,30.532,step
2026-08-31T19:07:24.792521+00:00,38.138,0.2493,0.15,0.0,-0.0408,0.0278,5974.89,1,22.2923,30.554,step
2026-08-31T19:07:24.793880+00:00,38.274,0.2488,0.15,0.0,-0.0406,0.0274,5996.51,1,22.3482,30.576,step
2026-08-31T19:07:24.795237+00:00,38.41,0.2482,0.15,0.0,-0.0404,0.0269,6018.17,1,22.4053,30.598,step
2026-08-31T19:07:24.796660+00:00,38.546,0.2476,0.15,0.0,-0.0401,0.0265,6039.54,1,22.4627,30.62,step
2026-08-31T19:07:24.798317+00:00,38.682,0.247,0.15,0.0,-0.0399,0.0261,6060.98,1,22.5215,30.642,step
2026-08-31T19:07:24.799722+00:00,38.818,0.2464,0.15,0.0,-0.0396,0.0256,6082.28,1,22.5804,30.664,step
2026-08-31T19:07:24.801112+00:00,38.955,0.2456,0.15,0.0,-0.0393,0.0249,6103.53,1,22.6402,30.686,step
2026-08-31T19:07:24.802508+00:00,39.091,0.2447,0.15,0.0,-0.039,0.0243,6124.81,1,22.7005,30.708,step
2026-08-31T19:07:24.803955+00:00,39.227,0.2439,0.15,0.0,-0.0387,0.0236,6146.11,1,22.7617,30.73,step
2026-08-31T19:07:24.805410+00:00,39.364,0.2431,0.15,0.0,-0.0384,0.023,6167.4,1,22.8231,30.752,step
2026-08-31T19:07:24.806927+00:00,39.5,0.2423,0.15,0.0,-0.038,0.0224,6188.7,1,22.8845,30.774,step
2026-08-31T19:07:24.808324+00:00,39.637,0.2414,0.0,0.15,-0.0376,0.0218,6208.62,1,22.9462,30.796,step
2026-08-31T19:07:24.809731+00:00,39.233,0.2404,0.15,0.0,-0.0372,0.021,6003.31,1,23.0207,30.818,step
2026-08-31T19:07:24.811083+00:00,39.31,0.2393,0.15,0.0,-0.0368,0.0201,6162.32,1,23.099,30.84,step
2026-08-31T19:07:24.812476+00:00,39.447,0.2384,0.15,0.0,-0.0363,0.0195,6182.02,1,23.1663,30.862,step
2026-08-31T19:07:24.813941+00:00,39.584,0.2376,0.15,0.0,-0.0358,0.0189,6202.42,1,23.2317,30.884,step
2026-08-31T19:07:24.815602+00:00,39.721,0.2368,0.15,0.0,-0.0354,0.0184,6223.06,1,23.2962,30.906,step
2026-08-31T19:07:24.817061+00:00,39.858,0.2361,0.15,0.0,-0.0348,0.0179,6243.98,1,23.3604,30.928,step
2026-08-31T19:07:24.818505+00:00,39.995,0.2354,0.15,0.0,-0.0343,0.0175,6265.17,1,23.424,30.95,step
2026-08-31T19:07:24.819965+00:00,40.132,0.2347,0.15,0.0,-0.0338,0.0171,6286.61,1,23.4867,30.972,step
2026-08-31T19:07:24.821434+00:00,40.269,0.234,0.15,0.0,-0.0332,0.0168,6308.3,1,23.55,30.994,step
2026-08-31T19:07:24.822970+00:00,40.406,0.2331,0.15,0.0,-0.0327,0.0162,6330.0,1,23.6142,31.016,step
2026-08-31T19:07:24.824438+00:00,40.543,0.2322,0.15,0.0,-0.0321,0.0155,6351.52,1,23.6792,31.038,step
2026-08-31T19:07:24.825849+00:00,40.68,0.2313,0.15,0.0,-0.0315,0.0149,6372.88,1,23.745,31.06,step
2026-08-31T19:07:24.827246+00:00,40.817,0.2303,0.15,0.0,-0.0308,0.0144,6394.19,1,23.8107,31.082,step
2026-08-31T19:07:24.828733+00:00,40.954,0.2295,0.15,0.0,-0.0302,0.0138,6415.56,1,23.8762,31.104,step
2026-08-31T19:07:24.830236+00:00,41.091,0.2286,0.15,0.0,-0.0296,0.0133,6435.7,1,23.9419,31.126,step
2026-08-31T19:07:24.831751+00:00,41.228,0.2277,0.15,0.0,-0.0289,0.0128,6457.1,1,24.008,31.148,step
2026-08-31T19:07:24.833144+00:00,41.365,0.2269,0.15,0.0,-0.0282,0.0123,6478.75,1,24.0747,31.17,step
2026-08-31T19:07:24.834560+00:00,41.501,0.226,0.15,0.0,-0.0275,0.0118,6500.82,1,24.1419,31.192,step
2026-08-31T19:07:24.835995+00:00,41.638,0.2252,0.15,0.0,-0.0267,0.0114,6522.55,1,24.2101,31.214,step
2026-08-31T19:07:24.837388+00:00,41.775,0.2244,0.15,0.0,-0.026,0.011,6543.98,1,24.2783,31.236,step
2026-08-31T19:07:24.839339+00:00,41.913,0.2236,0.15,0.0,-0.0252,0.0106,6565.41,1,24.3463,31.258,step
2026-08-31T19:07:24.840860+00:00,42.049,0.2228,0.15,0.0,-0.0244,0.0102,6586.83,1,24.4155,31.28,step
2026-08-31T19:07:24.842353+00:00,42.187,0.222,0.15,0.0,-0.0236,0.0098,6608.2,1,24.489,31.302,step
2026-08-31T19:07:24.843746+00:00,42.324,0.2212,0.15,0.0,-0.0228,0.0094,6629.54,1,24.5674,31.324,step
2026-08-31T19:07:24.845161+00:00,42.461,0.2202,0.15,0.0,-0.022,0.0088,6650.92,1,24.6509,31.346,step
2026-08-31T19:07:24.846656+00:00,42.598,0.2192,0.15,0.0,-0.0212,0.0083,6672.23,1,24.7397,31.368,step
2026-08-31T19:07:24.848449+00:00,42.735,0.2183,0.15,0.0,-0.0204,0.0078,6693.53,1,24.834,31.39,step
2026-08-31T19:07:24.849915+00:00,42.872,0.2173,0.15,0.0,-0.0195,0.0073,6714.87,1,24.9342,31.412,step
2026-08-31T19:07:24.851300+00:00,43.009,0.2164,0.15,0.0,-0.0187,0.0068,6736.12,1,25.0402,31.434,step
2026-08-31T19:07:24.852660+00:00,43.146,0.2155,0.15,0.0,-0.0178,0.0064,6756.51,1,25.1525,31.456,step
2026-08-31T19:07:24.854123+00:00,43.283,0.2146,0.15,0.0,-0.0168,0.006,6778.05,1,25.2729,31.478,step
2026-08-31T19:07:24.855872+00:00,43.419,0.2138,0.15,0.0,-0.0159,0.0056,6799.94,1,25.4011,31.5,step
2026-08-31T19:07:24.857396+00:00,43.556,0.2129,0.15,0.0,-0.015,0.0052,6821.47,1,25.5374,31.522,step
2026-08-31T19:07:24.858803+00:00,43.692,0.212,0.15,0.0,-0.014,0.0048,6842.9,1,25.6813,31.544,step
2026-08-31T19:07:24.860191+00:00,43.829,0.2112,0.15,0.0,-0.0131,0.0045,6864.26,1,25.8336,31.566,step
2026-08-31T19:07:24.861566+00:00,43.966,0.2104,0.15,0.0,-0.0121,0.0042,6885.47,1,25.9947,31.588,step
2026-08-31T19:07:24.862988+00:00,44.102,0.2096,0.15,0.0,-0.0111,0.0039,6906.77,1,26.1639,31.61,step
2026-08-31T19:07:24.864779+00:00,44.239,0.2088,0.15,0.0,-0.0101,0.0036,6928.02,1,26.3433,31.632,step
2026-08-31T19:07:24.866255+00:00,44.375,0.2078,0.15,0.0,-0.0091,0.0031,6949.3,1,26.5337,31.654,step
2026-08-31T19:07:24.867669+00:00,44.512,0.2068,0.15,0.0,-0.0081,0.0027,6970.51,1,26.7347,31.676,step
2026-08-31T19:07:24.869120+00:00,44.648,0.2059,0.15,0.0,-0.0071,0.0022,6991.64,1,26.9459,31.698,step
2026-08-31T19:07:24.870520+00:00,44.784,0.2049,0.15,0.0,-0.006,0.0018,7012.87,1,27.17,31.72,step
2026-08-31T19:07:24.872007+00:00,44.921,0.204,0.15,0.0,-0.005,0.0015,7033.27,1,27.4055,31.742,step
2026-08-31T19:07:24.873701+00:00,45.057,0.2031,0.15,0.0,-0.0039,0.0011,7054.41,1,27.6533,31.764,step
2026-08-31T19:07:24.875143+00:00,45.193,0.2023,0.15,0.0,-0.0028,0.0008,7075.76,1,27.9151,31.786,step
2026-08-31T19:07:24.876624+00:00,45.328,0.2014,0.15,0.0,-0.0017,0.0006,7097.26,1,28.1912,31.808,step
2026-08-31T19:07:24.878093+00:00,45.464,0.2006,0.15,0.0,-0.0006,0.0003,7118.57,1,28.4842,31.83,step
2026-08-31T19:07:24.879578+00:00,45.6,0.1998,0.15,0.0,0.0005,0.0001,7139.79,1,28.7942,31.852,step
2026-08-31T19:07:24.881129+00:00,45.735,0.199,0.15,0.0,0.0016,-0.0002,7160.94,1,29.1232,31.874,step
2026-08-31T19:07:24.882549+00:00,45.871,0.1982,0.15,0.0,0.0028,-0.0004,7181.98,1,29.4695,31.896,step
2026-08-31T19:07:24.884028+00:00,46.006,0.1975,0.15,0.0,0.0039,-0.0005,7203.07,1,29.8359,31.918,step
2026-08-31T19:07:24.885397+00:00,46.142,0.1966,0.15,0.0,0.005,-0.0009,7224.05,1,30.222,31.94,step
2026-08-31T19:07:24.886792+00:00,46.277,0.1956,0.15,0.0,0.0062,-0.0013,7245.11,1,30.6329,31.962,step
2026-08-31T19:07:24.888175+00:00,46.412,0.1947,0.15,0.0,0.0073,-0.0016,7266.08,1,31.0681,31.984,step
2026-08-31T19:07:24.889832+00:00,46.547,0.1938,0.15,0.0,0.0085,-0.0019,7287.02,1,31.5291,32.006,step
2026-08-31T19:07:24.891232+00:00,46.67,0.193,0.15,0.0,0.0096,-0.0021,7305.94,1,31.972,32.026,step
2026-08-31T19:07:24.892583+00:00,46.792,0.1922,0.15,0.0,0.0107,-0.0024,7324.55,1,32.4376,32.046,step
2026-08-31T19:07:24.893982+00:00,46.915,0.1915,0.15,0.0,0.0118,-0.0026,7343.66,1,32.9289,32.066,step
2026-08-31T19:07:24.895471+00:00,47.037,0.1907,0.15,0.0,0.0129,-0.0027,7362.92,1,33.4466,32.086,step
2026-08-31T19:07:24.896919+00:00,47.159,0.19,0.15,0.0,0.014,-0.0029,7381.98,1,33.9962,32.106,step
2026-08-31T19:07:24.898584+00:00,47.281,0.1893,0.15,0.0,0.0151,-0.003,7401.07,1,34.5786,32.126,step
2026-08-31T19:07:24.899929+00:00,47.403,0.1887,0.15,0.0,0.0162,-0.0031,7420.09,1,35.1943,32.146,step
2026-08-31T19:07:24.901280+00:00,47.525,0.188,0.15,0.0,0.0173,-0.0032,7439.0,1,35.8482,32.166,step
2026-08-31T19:07:24.902690+00:00,47.647,0.1874,0.15,0.0,0.0184,-0.0033,7457.95,1,36.5425,32.186,step
2026-08-31T19:07:24.904036+00:00,47.768,0.1867,0.15,0.0,0.0195,-0.0034,7476.79,1,37.2783,32.206,step
2026-08-31T19:07:24.905482+00:00,47.89,0.1859,0.15,0.0,0.0206,-0.0037,7495.65,1,38.062,32.226,step
2026-08-31T19:07:24.906893+00:00,48.011,0.1851,0.15,0.0,0.0217,-0.0039,7514.45,1,38.8969,32.246,step
2026-08-31T19:07:24.908249+00:00,48.132,0.1843,0.15,0.0,0.0229,-0.0041,7533.26,1,39.7852,32.266,step
2026-08-31T19:07:24.909612+00:00,48.254,0.1836,0.15,0.0,0.024,-0.0043,7551.98,1,40.7312,32.286,step
2026-08-31T19:07:24.910993+00:00,48.374,0.1828,0.15,0.0,0.0251,-0.0044,7570.7,1,41.744,32.306,step
2026-08-31T19:07:24.912296+00:00,48.495,0.1821,0.15,0.0,0.0263,-0.0046,7589.39,1,42.8283,32.326,step
2026-08-31T19:07:24.913728+00:00,48.616,0.1814,0.15,0.0,0.0274,-0.0047,7608.2,1,43.9893,32.346,step
2026-08-31T19:07:24.915400+00:00,48.737,-0.0192,0.8,0.0,0.0286,-0.0048,7626.99,1,45.2337,32.366,step
2026-08-31T19:07:24.916817+00:00,49.332,-0.018,0.8,0.0,0.0295,-0.0032,9153.04,1,46.0483,32.386,step
2026-08-31T19:07:24.918210+00:00,50.131,-0.0133,0.8,0.0,0.03,0.0016,10471.4,2,45.9117,32.406,step
2026-08-31T19:07:24.919587+00:00,50.967,-0.0071,0.8,0.0,0.0301,0.0077,7805.53,2,45.4178,32.426,step
2026-08-31T19:07:24.921007+00:00,51.225,0.1992,0.15,0.0,0.0298,0.0136,7817.31,2,44.9739,32.446,step
2026-08-31T19:07:24.922588+00:00,51.206,0.0035,0.8,0.0,0.0294,0.0175,5919.21,2,45.121,32.466,step
2026-08-31T19:07:24.923956+00:00,51.667,0.0062,0.8,0.0,0.0289,0.0199,6330.23,2,45.7077,32.486,step
2026-08-31T19:07:24.925273+00:00,52.299,0.0111,0.8,0.0,0.0281,0.0242,6432.7,2,45.7134,32.506,step
2026-08-31T19:07:24.926623+00:00,52.953,0.0167,0.8,0.0,0.0269,0.0291,6516.47,2,45.5653,32.526,step
2026-08-31T19:07:24.927935+00:00,53.616,0.0225,0.8,0.0,0.0255,0.0339,6598.97,2,45.4263,32.546,step
2026-08-31T19:07:24.929330+00:00,54.288,0.0283,0.8,0.0,0.0239,0.0387,6682.09,2,45.3354,32.566,step
2026-08-31T19:07:24.930758+00:00,54.967,0.0341,0.8,0.0,0.022,0.0434,6768.79,2,45.3062,32.586,step
2026-08-31T19:07:24.932429+00:00,55.653,0.0398,0.8,0.0,0.0198,0.0478,6860.75,2,45.3462,32.606,step
2026-08-31T19:07:24.933790+00:00,56.346,0.0455,0.8,0.0,0.0174,0.0521,6959.16,2,45.4609,32.626,step
2026-08-31T19:07:24.935162+00:00,57.047,0.0511,0.8,0.0,0.0147,0.0563,7063.71,2,45.6508,32.646,step
2026-08-31T19:07:24.936530+00:00,57.756,0.0567,0.8,0.0,0.0119,0.0603,7174.14,2,45.9248,32.666,step
2026-08-31T19:07:24.937933+00:00,58.474,0.0622,0.8,0.0,0.0087,0.0641,7289.44,2,46.2964,32.686,step
2026-08-31T19:07:24.939619+00:00,59.204,0.0676,0.8,0.0,0.0054,0.0677,7408.67,2,46.774,32.706,step
2026-08-31T19:07:24.940991+00:00,59.945,0.0728,0.8,0.0,0.0018,0.0709,7531.55,2,47.3718,32.726,step
2026-08-31T19:07:24.942372+00:00,60.697,0.0777,0.8,0.0,-0.002,0.0739,7657.92,2,48.1038,32.746,step
2026-08-31T19:07:24.943743+00:00,61.461,0.0826,0.8,0.0,-0.006,0.0766,7788.35,2,48.9862,32.766,step
2026-08-31T19:07:24.945141+00:00,62.237,0.0873,0.8,0.0,-0.0102,0.0791,7924.17,2,50.0407,32.786,step
2026-08-31T19:07:24.946563+00:00,63.022,0.0919,0.8,0.0,-0.0146,0.0814,8071.66,2,51.3368,32.806,step
2026-08-31T19:07:24.948373+00:00,63.818,0.0964,0.8,0.0,-0.0193,0.0835,8227.62,2,53.2683,32.826,step
2026-08-31T19:07:24.949819+00:00,64.626,0.1006,0.8,0.0,-0.0241,0.0853,8393.91,2,57.0705,32.846,step
2026-08-31T19:07:24.951290+00:00,65.445,0.1047,0.8,0.0,-0.0292,0.0867,8572.84,2,129.003,32.866,step
2026-08-31T19:07:24.952821+00:00,66.275,0.1085,0.8,0.0,-0.0344,0.0879,8767.8,2,126.495,32.886,step
2026-08-31T19:07:24.954322+00:00,67.116,0.1121,0.8,0.0,-0.0398,0.0887,8983.69,2,123.849,32.906,step
2026-08-31T19:07:24.955955+00:00,67.966,0.1124,0.8,0.0,-0.0454,0.0863,9226.69,2,121.063,32.926,step
2026-08-31T19:07:24.957413+00:00,68.825,0.1084,0.8,0.0,-0.0509,0.0799,9502.53,2,118.147,32.946,step
2026-08-31T19:07:24.958894+00:00,69.692,0.104,0.8,0.0,-0.0561,0.0731,9775.61,2,115.13,32.966,step
2026-08-31T19:07:24.960344+00:00,70.564,0.0991,0.8,0.0,-0.0611,0.066,10033.9,2,112.041,32.986,step
2026-08-31T19:07:24.961787+00:00,71.447,0.0938,0.8,0.0,-0.0658,0.0586,10265.6,2,108.902,33.006,step
2026-08-31T19:07:24.963263+00:00,72.329,0.0881,0.8,0.0,-0.0704,0.0509,10492.8,2,105.727,33.026,step
2026-08-31T19:07:24.964781+00:00,73.206,0.082,0.8,0.0,-0.0746,0.043,10723.6,2,102.523,33.046,step
2026-08-31T19:07:24.966274+00:00,74.076,0.0755,0.8,0.0,-0.0786,0.0349,10959.1,2,99.2947,33.066,step
2026-08-31T19:07:24.967694+00:00,74.941,0.0686,0.8,0.0,-0.0823,0.0265,11194.6,2,96.0444,33.086,step
2026-08-31T19:07:24.969060+00:00,75.805,0.0613,0.8,0.0,-0.0856,0.0178,11425.2,2,92.7789,33.106,step
2026-08-31T19:07:24.970442+00:00,76.669,0.0536,0.8,0.0,-0.0887,0.009,11649.7,2,89.5112,33.126,step
2026-08-31T19:07:24.971883+00:00,77.531,0.0456,0.15,0.0,-0.0914,-0.0001,11867.2,2,86.2481,33.146,step
2026-08-31T19:07:24.973356+00:00,78.367,0.0373,0.15,0.0,-0.0937,-0.0092,10308.4,2,83.0472,33.166,step
2026-08-31T19:07:24.974758+00:00,78.956,0.0302,0.15,0.0,-0.0954,-0.0169,9320.13,2,80.3569,33.186,step
2026-08-31T19:07:24.976077+00:00,79.078,0.026,0.15,0.0,-0.0964,-0.0213,9176.9,2,78.6411,33.206,step
2026-08-31T19:07:24.977385+00:00,79.127,0.0235,0.15,0.0,-0.0965,-0.0238,9174.05,2,77.5196,33.226,step
2026-08-31T19:07:24.978683+00:00,79.177,0.0216,0.15,0.0,-0.096,-0.0254,9176.03,2,76.6319,33.246,step
2026-08-31T19:07:24.980017+00:00,79.228,0.0197,0.15,0.0,-0.095,-0.0267,9179.1,2,75.8364,33.266,step
2026-08-31T19:07:24.981614+00:00,79.279,0.0179,0.15,0.0,-0.0935,-0.0278,9182.91,2,75.093,33.286,step
2026-08-31T19:07:24.982993+00:00,79.33,0.016,0.15,0.0,-0.0918,-0.0288,9187.42,2,74.3885,33.306,step
2026-08-31T19:07:24.984248+00:00,79.382,0.0142,0.15,0.0,-0.0899,-0.0296,9191.37,2,73.7189,33.326,step
2026-08-31T19:07:24.985537+00:00,79.433,0.0124,0.15,0.0,-0.0878,-0.0303,9196.61,2,73.0807,33.346,step
2026-08-31T19:07:24.986828+00:00,79.483,0.0106,0.15,0.0,-0.0856,-0.031,9202.19,2,72.4698,33.366,step
2026-08-31T19:07:24.988097+00:00,79.534,0.0089,0.15,0.0,-0.0833,-0.0315,9208.09,2,71.8779,33.386,step
2026-08-31T19:07:24.989704+00:00,79.585,0.0072,0.15,0.0,-0.081,-0.032,9214.15,2,71.3054,33.406,step
2026-08-31T19:07:24.991008+00:00,79.635,0.0056,0.15,0.0,-0.0786,-0.0324,9220.24,2,70.7556,33.426,step
2026-08-31T19:07:24.992270+00:00,79.686,0.0041,0.15,0.0,-0.0761,-0.0327,9226.2,2,70.2246,33.446,step
2026-08-31T19:07:24.993551+00:00,79.737,0.0026,0.15,0.0,-0.0737,-0.033,9232.05,2,69.712,33.466,step
2026-08-31T19:07:24.994825+00:00,79.787,0.0011,0.15,0.0,-0.0712,-0.0332,9237.82,2,69.2172,33.486,step
2026-08-31T19:07:24.996155+00:00,79.837,-0.0003,0.15,0.0,-0.0686,-0.0333,9243.5,2,68.741,33.506,step
2026-08-31T19:07:24.997694+00:00,79.887,-0.0016,0.15,0.0,-0.0661,-0.0333,9249.11,2,68.283,33.526,step
2026-08-31T19:07:24.999037+00:00,79.937,-0.0028,0.15,0.0,-0.0636,-0.0333,9254.74,2,67.8437,33.546,step
2026-08-31T19:07:25.000361+00:00,79.987,-0.0039,0.15,0.0,-0.0611,-0.0332,9260.38,2,67.4208,33.566,step
2026-08-31T19:07:25.001630+00:00,80.036,-0.0051,0.15,0.0,-0.0586,-0.0331,9265.98,3,67.0108,33.586,step
2026-08-31T19:07:25.002913+00:00,80.022,-0.0061,0.15,0.0,-0.0562,-0.0329,7356.26,3,66.6147,33.606,step
2026-08-31T19:07:25.004307+00:00,79.973,-0.007,0.15,0.0,-0.0537,-0.0326,7369.15,2,66.2369,33.626,step
2026-08-31T19:07:25.006019+00:00,79.932,-0.0079,0.15,0.0,-0.0513,-0.0323,9221.85,2,65.8733,33.646,step
2026-08-31T19:07:25.007444+00:00,79.884,-0.0087,0.15,0.0,-0.049,-0.0319,9228.59,2,65.5227,33.666,step
2026-08-31T19:07:25.008716+00:00,79.835,-0.0094,0.15,0.0,-0.0466,-0.0315,9235.31,2,65.1867,33.686,step
2026-08-31T19:07:25.010055+00:00,79.805,-0.0101,0.15,0.0,-0.0443,-0.031,9200.69,2,64.8578,33.706,step
2026-08-31T19:07:25.011390+00:00,79.833,-0.0107,0.15,0.0,-0.042,-0.0306,9243.12,2,64.5287,33.726,step
2026-08-31T19:07:25.012774+00:00,79.882,-0.0114,0.15,0.0,-0.0398,-0.0301,9248.52,2,64.2026,33.746,step
2026-08-31T19:07:25.014122+00:00,79.931,-0.012,0.15,0.0,-0.0375,-0.0296,9253.95,2,63.8792,33.766,step
2026-08-31T19:07:25.015618+00:00,79.981,-0.0125,0.15,0.0,-0.0354,-0.0291,9259.41,2,63.5605,33.786,step
2026-08-31T19:07:25.016906+00:00,80.03,-0.013,0.15,0.0,-0.0332,-0.0285,9264.96,3,63.2498,33.806,step
2026-08-31T19:07:25.018201+00:00,80.015,-0.0134,0.15,0.0,-0.0311,-0.0279,7355.45,3,62.9499,33.826,step
2026-08-31T19:07:25.019542+00:00,79.965,-0.0138,0.15,0.0,-0.0291,-0.0273,7368.35,2,62.6631,33.846,step
2026-08-31T19:07:25.020807+00:00,79.924,-0.014,0.15,0.0,-0.0271,-0.0265,9221.01,2,62.3862,33.866,step
2026-08-31T19:07:25.022331+00:00,79.876,-0.0143,0.15,0.0,-0.0251,-0.0258,9227.76,2,62.1147,33.886,step
2026-08-31T19:07:25.023717+00:00,79.826,-0.0144,0.15,0.0,-0.0232,-0.0251,9234.48,2,61.8467,33.906,step
2026-08-31T19:07:25.025039+00:00,79.795,-0.0146,0.15,0.0,-0.0214,-0.0243,9199.65,2,61.5788,33.926,step
2026-08-31T19:07:25.026355+00:00,79.821,-0.0147,0.15,0.0,-0.0196,-0.0236,9241.09,2,61.3044,33.946,step
2026-08-31T19:07:25.027615+00:00,79.87,-0.0148,0.15,0.0,-0.0179,-0.0229,9246.4,2,61.023,33.966,step
2026-08-31T19:07:25.028911+00:00,79.918,-0.015,0.15,0.0,-0.0162,-0.0222,9251.83,2,60.7381,33.986,step
2026-08-31T19:07:25.030366+00:00,79.967,-0.0151,0.15,0.0,-0.0146,-0.0215,9257.42,2,60.4509,34.006,step
2026-08-31T19:07:25.032076+00:00,80.015,-0.0151,0.15,0.0,-0.013,-0.0208,9263.11,3,60.1627,34.026,step
2026-08-31T19:07:25.033444+00:00,80.0,-0.0152,0.15,0.0,-0.0115,-0.0201,7354.0,3,59.8781,34.046,step
2026-08-31T19:07:25.034709+00:00,79.95,-0.0151,0.15,0.0,-0.0101,-0.0194,7366.9,2,59.6072,34.066,step
2026-08-31T19:07:25.035991+00:00,79.908,-0.015,0.15,0.0,-0.0087,-0.0186,9219.27,2,59.3415,34.086,step
2026-08-31T19:07:25.037325+00:00,79.86,-0.0148,0.15,0.0,-0.0073,-0.0178,9226.02,2,59.0763,34.106,step
2026-08-31T19:07:25.038710+00:00,79.81,-0.0146,0.15,0.0,-0.006,-0.017,9232.75,2,58.8127,34.126,step
2026-08-31T19:07:25.040319+00:00,79.779,-0.0144,0.15,0.0,-0.0048,-0.0162,9197.82,2,58.5475,34.146,step
2026-08-31T19:07:25.041711+00:00,79.803,-0.0142,0.15,0.0,-0.0036,-0.0154,9239.73,2,58.2681,34.166,step
2026-08-31T19:07:25.043075+00:00,79.852,-0.0141,0.15,0.0,-0.0025,-0.0147,9245.0,2,57.9731,34.186,step
2026-08-31T19:07:25.044397+00:00,79.901,-0.0139,0.15,0.0,-0.0014,-0.0141,9250.29,2,57.6714,34.206,step
2026-08-31T19:07:25.045779+00:00,79.949,-0.0138,0.15,0.0,-0.0004,-0.0134,9255.67,2,57.3672,34.226,step
2026-08-31T19:07:25.047216+00:00,79.998,-0.0136,0.15,0.0,0.0005,-0.0128,9260.98,2,57.0613,34.246,step
2026-08-31T19:07:25.048792+00:00,80.046,-0.0134,0.15,0.0,0.0015,-0.0122,9266.53,3,56.7538,34.266,step
2026-08-31T19:07:25.050145+00:00,80.03,-0.0131,0.15,0.0,0.0023,-0.0115,7356.7,3,56.4463,34.286,step
2026-08-31T19:07:25.051486+00:00,79.98,-0.0128,0.15,0.0,0.0031,-0.0109,7369.59,2,56.1456,34.306,step
2026-08-31T19:07:25.052813+00:00,79.938,-0.0125,0.15,0.0,0.0039,-0.0102,9222.69,2,55.8477,34.326,step
2026-08-31T19:07:25.054153+00:00,79.89,-0.0122,0.15,0.0,0.0046,-0.0095,9229.43,2,55.5454,34.346,step
2026-08-31T19:07:25.055719+00:00,79.839,-0.0118,0.15,0.0,0.0053,-0.0088,9236.14,2,55.2396,34.366,step
2026-08-31T19:07:25.057244+00:00,79.808,-0.0115,0.15,0.0,0.0059,-0.0082,9201.17,2,54.9308,34.386,step
2026-08-31T19:07:25.058632+00:00,79.834,-0.0111,0.15,0.0,0.0065,-0.0076,9243.34,2,54.6092,34.406,step
2026-08-31T19:07:25.060034+00:00,79.882,-0.0109,0.15,0.0,0.0071,-0.0071,9248.6,2,54.2745,34.426,step
2026-08-31T19:07:25.061473+00:00,79.931,-0.0106,0.15,0.0,0.0075,-0.0066,9253.87,2,53.9359,34.446,step
2026-08-31T19:07:25.062921+00:00,79.979,-0.0103,0.15,0.0,0.008,-0.0061,9259.25,2,53.5943,34.466,step
2026-08-31T19:07:25.064449+00:00,80.027,-0.01,0.15,0.0,0.0084,-0.0056,9264.75,3,53.2476,34.486,step
2026-08-31T19:07:25.065841+00:00,80.012,-0.0097,0.15,0.0,0.0088,-0.0051,7355.29,3,52.8986,34.506,step
2026-08-31T19:07:25.067202+00:00,79.962,-0.0094,0.15,0.0,0.0092,-0.0046,7368.18,2,52.556,34.526,step
2026-08-31T19:07:25.068585+00:00,79.92,-0.009,0.15,0.0,0.0096,-0.0041,9220.62,2,52.2119,34.546,step
2026-08-31T19:07:25.069899+00:00,79.872,-0.0087,0.0,0.15,0.0099,-0.0036,9227.37,2,51.8639,34.566,step
2026-08-31T19:07:25.071262+00:00,79.522,-0.0083,0.0,0.15,0.0101,-0.0031,9204.44,2,51.5152,34.586,step
2026-08-31T19:07:25.072933+00:00,78.977,-0.0079,0.0,0.15,0.0103,-0.0026,8945.47,2,51.1677,34.606,step
2026-08-31T19:07:25.074335+00:00,78.394,-0.0074,0.0,0.15,0.0105,-0.0021,8876.49,2,50.8309,34.626,step
2026-08-31T19:07:25.075735+00:00,77.815,-0.007,0.0,0.15,0.0107,-0.0016,8810.58,2,50.4968,34.646,step
2026-08-31T19:07:25.077120+00:00,77.239,-0.0065,0.0,0.15,0.0108,-0.0011,8746.53,2,50.1627,34.666,step
2026-08-31T19:07:25.078506+00:00,76.666,-0.006,0.0,0.15,0.0109,-0.0006,8683.48,2,49.8298,34.686,step
2026-08-31T19:07:25.079939+00:00,76.097,-0.0056,0.8,0.0,0.0109,-0.0001,8620.87,2,49.4941,34.706,step
2026-08-31T19:07:25.081549+00:00,76.394,-0.0052,0.0,0.15,0.011,0.0003,9727.59,2,49.1475,34.726,step
2026-08-31T19:07:25.082980+00:00,76.453,-0.0048,0.0,0.15,0.0109,0.0007,8676.16,2,48.7878,34.746,step
2026-08-31T19:07:25.084326+00:00,75.884,-0.0044,0.0,0.15,0.0109,0.001,8610.09,2,48.4298,34.766,step
2026-08-31T19:07:25.085699+00:00,75.319,-0.004,0.0,0.15,0.0109,0.0014,8541.67,2,48.0687,34.786,step
2026-08-31T19:07:25.087048+00:00,74.754,-0.0037,0.0,0.15,0.0108,0.0017,8473.44,2,47.7074,34.806,step
2026-08-31T19:07:25.088456+00:00,74.192,-0.0033,0.0,0.15,0.0107,0.002,8407.85,2,47.3476,34.826,step
2026-08-31T19:07:25.089978+00:00,73.633,-0.0029,0.0,0.15,0.0105,0.0022,8344.62,2,46.9868,34.846,step
2026-08-31T19:07:25.091428+00:00,73.077,-0.0026,0.0,0.15,0.0104,0.0025,8282.91,2,46.6246,34.866,step
2026-08-31T19:07:25.092762+00:00,72.525,-0.0023,0.0,0.15,0.0103,0.0027,8220.62,2,46.264,34.886,step
2026-08-31T19:07:25.094124+00:00,71.975,-0.002,0.0,0.15,0.0101,0.003,8160.64,2,45.9014,34.906,step
2026-08-31T19:07:25.095506+00:00,71.428,-0.0017,0.0,0.15,0.0099,0.0032,8100.61,2,45.5365,34.926,step
2026-08-31T19:07:25.096928+00:00,70.883,-0.0014,0.0,0.15,0.0097,0.0033,8040.38,2,45.1724,34.946,step
2026-08-31T19:07:25.098621+00:00,70.341,-0.2011,0.0,0.15,0.0095,0.0035,7980.18,2,44.8068,34.966,step
2026-08-31T19:07:25.100020+00:00,69.813,-0.1987,0.0,0.15,0.0091,0.0056,7920.39,2,44.7738,34.986,step
2026-08-31T19:07:25.101493+00:00,69.236,0.0077,0.8,0.0,0.0081,0.0113,7854.27,2,45.388,35.006,step
2026-08-31T19:07:25.102915+00:00,69.472,0.0139,0.8,0.0,0.0069,0.0167,8795.09,2,45.9554,35.026,step
2026-08-31T19:07:25.104420+00:00,70.203,0.0164,0.8,0.0,0.0057,0.0185,9237.5,2,45.8872,35.046,step
2026-08-31T19:07:25.106104+00:00,71.036,0.0173,0.0,0.15,0.0047,0.0189,9571.39,2,45.5543,35.066,step
2026-08-31T19:07:25.107582+00:00,71.382,0.0176,0.0,0.15,0.0036,0.0187,8108.76,2,45.113,35.086,step
2026-08-31T19:07:25.109090+00:00,70.823,-0.1824,0.0,0.15,0.0025,0.0181,8050.59,2,44.6271,35.106,step
2026-08-31T19:07:25.110555+00:00,70.289,-0.1809,0.0,0.15,0.0013,0.019,7978.19,2,44.3835,35.126,step
2026-08-31T19:07:25.112047+00:00,69.703,-0.1757,0.0,0.15,-0.0003,0.0233,7905.1,2,44.736,35.146,step
2026-08-31T19:07:25.113604+00:00,69.13,0.0289,0.8,0.0,-0.0024,0.0267,7834.56,2,45.4991,35.166,step
2026-08-31T19:07:25.115298+00:00,69.359,0.0315,0.8,0.0,-0.0044,0.0282,8803.54,2,46.05,35.186,step
2026-08-31T19:07:25.116885+00:00,70.069,0.0297,0.8,0.0,-0.006,0.0257,9281.66,2,45.8553,35.206,step
2026-08-31T19:07:25.118498+00:00,70.877,0.026,0.0,0.15,-0.0074,0.0215,9664.4,2,45.3743,35.226,step
2026-08-31T19:07:25.120072+00:00,71.262,-0.1783,0.0,0.15,-0.0084,0.0168,8098.84,2,44.8086,35.246,step
2026-08-31T19:07:25.121663+00:00,70.735,-0.1812,0.0,0.15,-0.0093,0.0136,8038.61,2,44.5,35.266,step
2026-08-31T19:07:25.123403+00:00,70.158,-0.1807,0.0,0.15,-0.0104,0.0135,7964.73,2,44.7571,35.286,step
2026-08-31T19:07:25.124989+00:00,69.578,0.0222,0.8,0.0,-0.0118,0.0158,7890.41,2,45.4278,35.306,step
2026-08-31T19:07:25.126647+00:00,69.805,0.0244,0.8,0.0,-0.0131,0.0172,8858.76,2,45.9575,35.326,step
2026-08-31T19:07:25.128224+00:00,70.522,0.0228,0.0,0.15,-0.0141,0.0151,9337.46,2,45.8073,35.346,step
2026-08-31T19:07:25.129913+00:00,70.751,0.0195,0.0,0.15,-0.0148,0.0116,8037.27,2,45.3883,35.366,step
2026-08-31T19:07:25.131648+00:00,70.2,-0.1844,0.0,0.15,-0.0152,0.0077,7975.53,2,44.8857,35.386,step
2026-08-31T19:07:25.133204+00:00,69.676,-0.1867,0.0,0.15,-0.0156,0.0053,7908.3,2,44.6774,35.406,step
2026-08-31T19:07:25.134827+00:00,69.099,0.0151,0.8,0.0,-0.0163,0.0067,7838.87,2,45.1432,35.426,step
2026-08-31T19:07:25.136404+00:00,69.334,0.0169,0.8,0.0,-0.0171,0.008,8787.36,2,45.6121,35.446,step
2026-08-31T19:07:25.137933+00:00,70.056,0.015,0.0,0.15,-0.0175,0.006,9245.25,2,45.4718,35.466,step
2026-08-31T19:07:25.139882+00:00,70.269,0.0117,0.0,0.15,-0.0177,0.0027,7982.7,2,45.0976,35.486,step
2026-08-31T19:07:25.141460+00:00,69.721,-0.1919,0.0,0.15,-0.0176,-0.0007,7922.89,2,44.6518,35.506,step
2026-08-31T19:07:25.143075+00:00,69.199,-0.1938,0.0,0.15,-0.0175,-0.0024,7856.31,2,44.505,35.526,step
2026-08-31T19:07:25.144631+00:00,68.623,0.0083,0.8,0.0,-0.0177,-0.0006,7785.84,2,45.022,35.546,step
2026-08-31T19:07:25.146232+00:00,68.853,0.0103,0.8,0.0,-0.0181,0.0012,8724.85,2,45.5458,35.566,step
2026-08-31T19:07:25.148070+00:00,69.571,0.0089,0.8,0.0,-0.0181,-0.0002,9177.3,2,45.4693,35.586,step
2026-08-31T19:07:25.149642+00:00,70.38,0.006,0.0,0.15,-0.0179,-0.0028,9549.74,2,45.1654,35.606,step
2026-08-31T19:07:25.151259+00:00,70.743,-0.1973,0.0,0.15,-0.0174,-0.0058,8037.46,2,44.7846,35.626,step
2026-08-31T19:07:25.152828+00:00,70.214,-0.1994,0.0,0.15,-0.0169,-0.0076,7980.02,2,44.638,35.646,step
2026-08-31T19:07:25.154455+00:00,69.635,0.0019,0.0,0.15,-0.0168,-0.0062,7905.1,2,45.0711,35.666,step
2026-08-31T19:07:25.156526+00:00,69.063,0.0038,0.8,0.0,-0.0167,-0.0044,7832.65,2,45.5715,35.686,step
2026-08-31T19:07:25.158100+00:00,69.318,0.0024,0.8,0.0,-0.0164,-0.0056,8785.72,2,45.4985,35.706,step
2026-08-31T19:07:25.159657+00:00,70.038,-0.0002,0.0,0.15,-0.0159,-0.0079,9249.71,2,45.2097,35.726,step
2026-08-31T19:07:25.161155+00:00,70.252,-0.2033,0.0,0.15,-0.0153,-0.0105,7980.61,2,44.8649,35.746,step
2026-08-31T19:07:25.162752+00:00,69.725,-0.2047,0.0,0.15,-0.0146,-0.0116,7921.15,2,44.8088,35.766,step
2026-08-31T19:07:25.164551+00:00,69.148,-0.0025,0.8,0.0,-0.0142,-0.0093,7848.98,2,45.3986,35.786,step
2026-08-31T19:07:25.166114+00:00,69.377,-0.0002,0.8,0.0,-0.0141,-0.007,8780.77,2,46.0129,35.806,step
2026-08-31T19:07:25.167676+00:00,70.106,-0.0012,0.8,0.0,-0.0136,-0.0077,9225.47,2,46.0402,35.826,step
2026-08-31T19:07:25.169201+00:00,70.919,-0.0034,0.0,0.15,-0.0129,-0.0095,9596.54,2,45.8439,35.846,step
2026-08-31T19:07:25.170719+00:00,71.272,-0.006,0.0,0.15,-0.0121,-0.0116,8097.3,2,45.5634,35.866,step
2026-08-31T19:07:25.172298+00:00,70.715,-0.0089,0.0,0.15,-0.0111,-0.0139,8035.76,2,45.2338,35.886,step
2026-08-31T19:07:25.174011+00:00,70.165,-0.2118,0.0,0.15,-0.0101,-0.0162,7964.12,2,44.9103,35.906,step
2026-08-31T19:07:25.175570+00:00,69.636,-0.2127,0.0,0.15,-0.0091,-0.0166,7897.58,2,44.957,35.926,step
2026-08-31T19:07:25.177210+00:00,69.052,-0.0095,0.8,0.0,-0.0085,-0.0132,7828.08,2,45.7579,35.946,step
2026-08-31T19:07:25.178757+00:00,69.27,-0.0062,0.8,0.0,-0.0082,-0.0099,8793.39,2,46.5717,35.966,step
2026-08-31T19:07:25.180545+00:00,69.986,-0.0066,0.8,0.0,-0.0075,-0.0099,9267.67,2,46.7145,35.986,step
2026-08-31T19:07:25.182247+00:00,70.8,-0.0082,0.8,0.0,-0.0067,-0.0111,9639.59,2,46.6187,36.006,step
2026-08-31T19:07:25.183780+00:00,71.687,-0.0102,0.0,0.15,-0.0057,-0.0125,9888.75,2,46.446,36.026,step
2026-08-31T19:07:25.185400+00:00,72.156,-0.0124,0.0,0.15,-0.0046,-0.0142,8198.72,2,46.2271,36.046,step
2026-08-31T19:07:25.187082+00:00,71.594,-0.0151,0.0,0.15,-0.0034,-0.0162,8136.71,2,45.9384,36.066,step
2026-08-31T19:07:25.188854+00:00,71.032,-0.0177,0.0,0.15,-0.0022,-0.0181,8061.1,2,45.6522,36.086,step
2026-08-31T19:07:25.190413+00:00,70.482,-0.0202,0.0,0.15,-0.0009,-0.0199,7991.31,2,45.4062,36.106,step
2026-08-31T19:07:25.192064+00:00,69.938,-0.0225,0.0,0.15,0.0004,-0.0214,7927.48,2,45.2006,36.126,step
2026-08-31T19:07:25.193603+00:00,69.398,-0.0246,0.0,0.15,0.0019,-0.0228,7867.65,2,45.031,36.146,step
2026-08-31T19:07:25.195174+00:00,68.861,-0.2267,0.0,0.15,0.0033,-0.0241,7809.66,2,44.8899,36.166,step
2026-08-31T19:07:25.196770+00:00,68.334,-0.0264,0.8,0.0,0.0046,-0.0232,7751.86,2,45.1626,36.186,step
2026-08-31T19:07:25.198750+00:00,68.567,-0.0241,0.8,0.0,0.0057,-0.0204,8689.82,2,45.8094,36.206,step
2026-08-31T19:07:25.200305+00:00,69.295,-0.0242,0.8,0.0,0.0069,-0.0199,9119.32,2,46.0032,36.226,step
2026-08-31T19:07:25.201949+00:00,70.127,-0.0251,0.8,0.0,0.0083,-0.0202,9440.26,2,46.041,36.246,step
2026-08-31T19:07:25.203570+00:00,71.029,-0.0264,0.0,0.15,0.0097,-0.0207,9667.64,2,46.0304,36.266,step
2026-08-31T19:07:25.205185+00:00,71.439,-0.0279,0.0,0.15,0.0113,-0.0214,8114.19,2,45.9699,36.286,step
2026-08-31T19:07:25.206930+00:00,70.876,-0.0299,0.0,0.15,0.0128,-0.0226,8055.26,2,45.8119,36.306,step
2026-08-31T19:07:25.208517+00:00,70.31,-0.0319,0.0,0.15,0.0144,-0.0238,7979.23,2,45.6592,36.326,step
2026-08-31T19:07:25.210077+00:00,69.76,-0.0337,0.8,0.0,0.016,-0.0248,7909.42,2,45.5548,36.346,step
2026-08-31T19:07:25.211614+00:00,70.031,-0.0351,0.0,0.15,0.0176,-0.0254,8913.14,2,45.5003,36.366,step
2026-08-31T19:07:25.213117+00:00,70.059,-0.0364,0.0,0.15,0.0192,-0.0258,7954.78,2,45.478,36.386,step
2026-08-31T19:07:25.214780+00:00,69.517,-0.0377,0.8,0.0,0.0208,-0.0263,7890.64,2,45.452,36.406,step
2026-08-31T19:07:25.216378+00:00,69.817,-0.0389,0.8,0.0,0.0225,-0.0266,8831.47,2,45.4442,36.426,step
2026-08-31T19:07:25.217971+00:00,70.553,-0.0399,0.0,0.15,0.0242,-0.0268,9271.63,2,45.4852,36.446,step
2026-08-31T19:07:25.219525+00:00,70.751,-0.0409,0.0,0.15,0.0259,-0.0269,8037.44,2,45.5341,36.466,step
2026-08-31T19:07:25.221111+00:00,70.201,-0.0421,0.0,0.15,0.0276,-0.0273,7976.95,2,45.5368,36.486,step
2026-08-31T19:07:25.222991+00:00,69.658,-0.0433,0.8,0.0,0.0293,-0.0276,7907.8,2,45.5437,36.506,step
2026-08-31T19:07:25.224666+00:00,69.945,-0.0444,0.8,0.0,0.031,-0.0278,8856.09,2,45.5786,36.526,step
2026-08-31T19:07:25.226217+00:00,70.679,-0.0451,0.0,0.15,0.0328,-0.0276,9307.09,2,45.6732,36.546,step
2026-08-31T19:07:25.227740+00:00,70.887,-0.0457,0.0,0.15,0.0346,-0.0274,8052.01,2,45.7844,36.566,step
2026-08-31T19:07:25.229381+00:00,70.335,-0.0466,0.8,0.0,0.0363,-0.0273,7988.56,2,45.8481,36.586,step
2026-08-31T19:07:25.231124+00:00,70.629,-0.0473,0.8,0.0,0.038,-0.0273,8923.67,2,45.9254,36.606,step
2026-08-31T19:07:25.232804+00:00,71.374,-0.0479,0.0,0.15,0.0397,-0.0269,9366.09,2,46.0654,36.626,step
2026-08-31T19:07:25.234401+00:00,71.571,-0.0483,0.0,0.15,0.0415,-0.0266,8129.13,2,46.2202,36.646,step
2026-08-31T19:07:25.235933+00:00,71.014,-0.0491,0.8,0.0,0.0432,-0.0264,8064.12,2,46.3197,36.666,step
2026-08-31T19:07:25.237559+00:00,71.305,-0.0497,0.8,0.0,0.0449,-0.0263,9018.49,2,46.4335,36.686,step
2026-08-31T19:07:25.239180+00:00,72.052,-0.05,0.0,0.15,0.0465,-0.0257,9477.84,2,46.6219,36.706,step
2026-08-31T19:07:25.240941+00:00,72.262,-0.0502,0.0,0.15,0.0482,-0.025,8207.2,2,46.8279,36.726,step
2026-08-31T19:07:25.242523+00:00,71.703,-0.0506,0.8,0.0,0.0499,-0.0247,8140.99,2,46.9695,36.746,step
2026-08-31T19:07:25.244101+00:00,71.993,-0.051,0.8,0.0,0.0514,-0.0243,9111.99,2,47.1253,36.766,step
2026-08-31T19:07:25.245689+00:00,72.741,-0.051,0.8,0.0,0.053,-0.0236,9581.92,2,47.3574,36.786,step
2026-08-31T19:07:25.247393+00:00,73.561,-0.0508,0.0,0.15,0.0546,-0.0226,9940.63,2,47.6597,36.806,step
2026-08-31T19:07:25.249134+00:00,73.924,-0.0507,0.0,0.15,0.0562,-0.0217,8399.61,2,47.962,36.826,step
2026-08-31T19:07:25.250702+00:00,73.357,-0.051,0.8,0.0,0.0577,-0.0213,8329.24,2,48.1384,36.846,step
2026-08-31T19:07:25.252260+00:00,73.641,-0.0513,0.8,0.0,0.0592,-0.0209,9327.61,2,48.3136,36.866,step
2026-08-31T19:07:25.253848+00:00,74.397,-0.0512,0.8,0.0,0.0606,-0.0201,9798.47,2,48.5794,36.886,step
2026-08-31T19:07:25.255458+00:00,75.218,-0.0507,0.8,0.0,0.0621,-0.019,10151.5,2,48.9293,36.906,step
2026-08-31T19:07:25.257148+00:00,76.081,-0.05,0.0,0.15,0.0635,-0.0176,10424.1,2,49.3479,36.926,step
2026-08-31T19:07:25.258734+00:00,76.533,-0.0494,0.8,0.0,0.0649,-0.0163,8706.17,2,49.7557,36.946,step
2026-08-31T19:07:25.260354+00:00,76.844,-0.0495,0.8,0.0,0.0663,-0.0158,9670.9,2,49.983,36.966,step
2026-08-31T19:07:25.261951+00:00,77.632,-0.0494,0.0,0.15,0.0676,-0.0151,10074.8,2,50.2617,36.986,step
2026-08-31T19:07:25.263599+00:00,77.809,-0.0493,0.0,0.15,0.0688,-0.0144,8830.0,2,50.551,37.006,step
2026-08-31T19:07:25.265381+00:00,77.22,-0.0494,0.15,0.0,0.0699,-0.0139,8752.91,2,50.7606,37.026,step
2026-08-31T19:07:25.266970+00:00,77.046,-0.0494,0.15,0.0,0.071,-0.0134,8928.41,2,50.9738,37.046,step
2026-08-31T19:07:25.268564+00:00,77.101,-0.0495,0.15,0.0,0.0719,-0.013,8933.23,2,51.1789,37.066,step
2026-08-31T19:07:25.270121+00:00,77.155,-0.0495,0.15,0.0,0.0728,-0.0126,8937.75,2,51.3784,37.086,step
2026-08-31T19:07:25.271830+00:00,77.21,-0.0496,0.15,0.0,0.0736,-0.0123,8942.98,2,51.5759,37.106,step
2026-08-31T19:07:25.273793+00:00,77.264,-0.0496,0.15,0.0,0.0744,-0.012,8948.49,2,51.7742,37.126,step
2026-08-31T19:07:25.275433+00:00,77.318,-0.0497,0.15,0.0,0.0751,-0.0117,8954.17,2,51.9702,37.146,step
2026-08-31T19:07:25.277071+00:00,77.372,-0.0497,0.15,0.0,0.0758,-0.0114,8960.09,2,52.1652,37.166,step
2026-08-31T19:07:25.278603+00:00,77.426,-0.0497,0.15,0.0,0.0764,-0.0111,8966.25,2,52.3597,37.186,step
2026-08-31T19:07:25.280153+00:00,77.479,-0.0497,0.15,0.0,0.0771,-0.0107,8972.58,2,52.5557,37.206,step
2026-08-31T19:07:25.282099+00:00,77.533,-0.0497,0.15,0.0,0.0777,-0.0104,8979.06,2,52.7557,37.226,step
2026-08-31T19:07:25.283734+00:00,77.587,-0.0496,0.15,0.0,0.0783,-0.0101,8985.39,2,52.9613,37.246,step
2026-08-31T19:07:25.285374+00:00,77.64,-0.0495,0.15,0.0,0.0788,-0.0097,8991.64,2,53.1735,37.266,step
2026-08-31T19:07:25.287005+00:00,77.693,-0.0494,0.15,0.0,0.0793,-0.0094,8997.78,2,53.3919,37.286,step
2026-08-31T19:07:25.288696+00:00,77.747,-0.0493,0.15,0.0,0.0799,-0.009,9003.86,2,53.6125,37.306,step
2026-08-31T19:07:25.290582+00:00,77.8,-0.0492,0.15,0.0,0.0803,-0.0087,9009.92,2,53.833,37.326,step
2026-08-31T19:07:25.292232+00:00,77.853,-0.049,0.15,0.0,0.0808,-0.0083,9015.98,2,54.0573,37.346,step
2026-08-31T19:07:25.293857+00:00,77.906,-0.0488,0.15,0.0,0.0812,-0.0079,9022.02,2,54.2865,37.366,step
2026-08-31T19:07:25.295508+00:00,77.959,-0.0486,0.15,0.0,0.0816,-0.0075,9028.06,2,54.5192,37.386,step
2026-08-31T19:07:25.297221+00:00,78.011,-0.0484,0.15,0.0,0.082,-0.0071,9034.06,2,54.7566,37.406,step
2026-08-31T19:07:25.299051+00:00,78.064,-0.0482,0.15,0.0,0.0824,-0.0067,9040.09,2,54.9935,37.426,step
2026-08-31T19:07:25.300618+00:00,78.116,-0.048,0.15,0.0,0.0827,-0.0064,9046.13,2,55.2295,37.446,step
2026-08-31T19:07:25.302230+00:00,78.169,-0.0478,0.15,0.0,0.083,-0.006,9052.18,2,55.4686,37.466,step
2026-08-31T19:07:25.303791+00:00,78.221,-0.0475,0.15,0.0,0.0833,-0.0057,9058.22,2,55.7128,37.486,step
2026-08-31T19:07:25.305503+00:00,78.273,-0.0472,0.15,0.0,0.0835,-0.0052,9064.23,2,55.9616,37.506,step
2026-08-31T19:07:25.307141+00:00,78.325,-0.0469,0.15,0.0,0.0837,-0.0048,9070.21,2,56.2092,37.526,step
2026-08-31T19:07:25.308756+00:00,78.377,-0.0466,0.15,0.0,0.0839,-0.0044,9076.13,2,56.4559,37.546,step
2026-08-31T19:07:25.310393+00:00,78.429,-0.0463,0.15,0.0,0.0841,-0.0041,9082.07,2,56.7065,37.566,step
2026-08-31T19:07:25.312071+00:00,78.481,-0.046,0.15,0.0,0.0842,-0.0037,9088.01,2,56.9557,37.586,step
2026-08-31T19:07:25.313701+00:00,78.532,-0.0457,0.15,0.0,0.0843,-0.0034,9093.94,2,57.204,37.606,step
2026-08-31T19:07:25.315589+00:00,78.584,-0.0453,0.15,0.0,0.0844,-0.003,9099.87,2,57.4546,37.626,step
2026-08-31T19:07:25.317141+00:00,78.635,-0.045,0.15,0.0,0.0845,-0.0026,9105.78,2,57.7078,37.646,step
2026-08-31T19:07:25.318701+00:00,78.687,-0.0446,0.15,0.0,0.0845,-0.0023,9111.68,2,57.967,37.666,step
2026-08-31T19:07:25.320241+00:00,78.738,-0.0443,0.15,0.0,0.0845,-0.0019,9117.56,2,58.2356,37.686,step
2026-08-31T19:07:25.321876+00:00,78.789,-0.0439,0.15,0.0,0.0845,-0.0016,9123.35,2,58.5086,37.706,step
2026-08-31T19:07:25.323867+00:00,78.84,-0.0436,0.15,0.0,0.0845,-0.0013,9129.2,2,58.7876,37.726,step
2026-08-31T19:07:25.325520+00:00,78.891,-0.0432,0.15,0.0,0.0845,-0.0009,9135.05,2,59.0773,37.746,step
2026-08-31T19:07:25.327139+00:00,78.942,-0.0429,0.15,0.0,0.0844,-0.0006,9140.89,2,59.3725,37.766,step
2026-08-31T19:07:25.328801+00:00,78.992,-0.0425,0.15,0.0,0.0843,-0.0004,9146.74,2,59.6743,37.786,step
2026-08-31T19:07:25.330525+00:00,79.043,-0.0421,0.15,0.0,0.0842,-0.0,9152.56,2,59.9868,37.806,step
2026-08-31T19:07:25.332107+00:00,79.093,-0.0417,0.15,0.0,0.084,0.0003,9158.36,2,60.305,37.826,step
2026-08-31T19:07:25.333687+00:00,79.144,-0.0413,0.15,0.0,0.0839,0.0006,9164.12,2,60.6301,37.846,step
2026-08-31T19:07:25.335276+00:00,79.194,-0.041,0.15,0.0,0.0837,0.0009,9169.8,2,60.9592,37.866,step
2026-08-31T19:07:25.336823+00:00,79.244,-0.0406,0.15,0.0,0.0835,0.0011,9175.56,2,61.2937,37.886,step
2026-08-31T19:07:25.338474+00:00,79.294,-0.0402,0.15,0.0,0.0833,0.0014,9181.32,2,61.6409,37.906,step
2026-08-31T19:07:25.340242+00:00,79.344,-0.0399,0.15,0.0,0.0831,0.0016,9187.08,2,61.9949,37.926,step
2026-08-31T19:07:25.341789+00:00,79.394,-0.0395,0.15,0.0,0.0828,0.0018,9192.82,2,62.3545,37.946,step
2026-08-31T19:07:25.343351+00:00,79.444,-0.0391,0.15,0.0,0.0826,0.0021,9198.55,2,62.7271,37.966,step
2026-08-31T19:07:25.344879+00:00,79.493,-0.0387,0.15,0.0,0.0823,0.0023,9204.24,2,63.1068,37.986,step
2026-08-31T19:07:25.346525+00:00,79.543,-0.0384,0.15,0.0,0.082,0.0025,9209.82,2,63.4936,38.006,step
2026-08-31T19:07:25.348269+00:00,79.592,-0.038,0.15,0.0,0.0817,0.0027,9215.47,2,63.885,38.026,step
2026-08-31T19:07:25.349908+00:00,79.641,-0.0377,0.15,0.0,0.0814,0.0029,9221.13,2,64.2838,38.046,step
2026-08-31T19:07:25.351448+00:00,79.691,-0.0373,0.15,0.0,0.0811,0.0031,9226.8,2,64.6957,38.066,step
2026-08-31T19:07:25.352952+00:00,79.74,-0.037,0.15,0.0,0.0807,0.0032,9232.47,2,65.1153,38.086,step
2026-08-31T19:07:25.354576+00:00,79.789,-0.0366,0.15,0.0,0.0804,0.0034,9238.11,2,65.5425,38.106,step
2026-08-31T19:07:25.356295+00:00,79.837,-0.0363,0.15,0.0,0.08,0.0036,9243.73,2,65.9837,38.126,step
2026-08-31T19:07:25.357907+00:00,79.886,-0.0359,0.15,0.0,0.0796,0.0037,9249.33,2,66.4334,38.146,step
2026-08-31T19:07:25.359556+00:00,79.935,-0.0356,0.15,0.0,0.0792,0.0039,9254.76,2,66.8903,38.166,step
2026-08-31T19:07:25.361160+00:00,79.983,-0.0353,0.15,0.0,0.0788,0.004,9260.34,2,67.3638,38.186,step
2026-08-31T19:07:25.362742+00:00,80.032,-0.0349,0.15,0.0,0.0784,0.0041,9265.91,3,67.8451,38.206,step
2026-08-31T19:07:25.364638+00:00,80.017,-0.0346,0.15,0.0,0.078,0.0043,7356.21,3,68.3637,38.226,step
2026-08-31T19:07:25.366235+00:00,79.967,-0.0341,0.15,0.0,0.0776,0.0046,7369.1,2,68.9689,38.246,step
2026-08-31T19:07:25.367749+00:00,79.925,-0.0335,0.15,0.0,0.0772,0.0049,9221.22,2,69.6181,38.266,step
2026-08-31T19:07:25.369293+00:00,79.877,-0.0329,0.15,0.0,0.0767,0.0052,9227.96,2,70.2921,38.286,step
2026-08-31T19:07:25.370859+00:00,79.827,-0.0324,0.15,0.0,0.0763,0.0055,9234.68,2,70.9842,38.306,step
2026-08-31T19:07:25.372791+00:00,79.796,-0.0319,0.15,0.0,0.0758,0.0058,9199.87,2,71.6761,38.326,step
2026-08-31T19:07:25.374377+00:00,79.813,-0.0315,0.15,0.0,0.0753,0.006,9241.41,2,72.3259,38.346,step
2026-08-31T19:07:25.375961+00:00,79.862,-0.0312,0.15,0.0,0.0748,0.006,9246.73,2,72.9183,38.366,step
2026-08-31T19:07:25.377433+00:00,79.911,-0.0309,0.15,0.0,0.0743,0.006,9252.02,2,73.494,38.386,step
2026-08-31T19:07:25.378937+00:00,79.96,-0.0307,0.15,0.0,0.0738,0.006,9257.42,2,74.0767,38.406,step
2026-08-31T19:07:25.380529+00:00,80.008,-0.0304,0.15,0.0,0.0733,0.006,9262.93,3,74.6767,38.426,step
2026-08-31T19:07:25.382442+00:00,79.993,-0.0301,0.15,0.0,0.0727,0.006,7353.85,2,75.3141,38.446,step
2026-08-31T19:07:25.384018+00:00,79.943,-0.0298,0.15,0.0,0.0722,0.0061,7366.75,2,76.0388,38.466,step
2026-08-31T19:07:25.385583+00:00,79.901,-0.0294,0.15,0.0,0.0717,0.0062,9218.49,2,76.6909,38.486,step
2026-08-31T19:07:25.387121+00:00,79.853,-0.029,0.15,0.0,0.0712,0.0064,9225.25,2,77.1838,38.506,step
2026-08-31T19:07:25.388785+00:00,79.803,-0.0286,0.15,0.0,0.0706,0.0065,9231.98,2,77.5707,38.526,step
2026-08-31T19:07:25.390530+00:00,79.772,-0.0281,0.15,0.0,0.0701,0.0066,9197.24,2,77.8811,38.546,step
2026-08-31T19:07:25.392041+00:00,79.791,-0.0278,0.15,0.0,0.0696,0.0067,9238.94,2,78.0953,38.566,step
2026-08-31T19:07:25.393657+00:00,79.84,-0.0276,0.15,0.0,0.069,0.0067,9244.25,2,78.2251,38.586,step
2026-08-31T19:07:25.395260+00:00,79.889,-0.0274,0.15,0.0,0.0685,0.0066,9249.35,2,78.3111,38.606,step
2026-08-31T19:07:25.397021+00:00,79.938,-0.0272,0.15,0.0,0.0679,0.0065,9254.69,2,78.3588,38.626,step
2026-08-31T19:07:25.398676+00:00,79.986,-0.0271,0.15,0.0,0.0674,0.0064,9260.21,2,78.3782,38.646,step
2026-08-31T19:07:25.400221+00:00,80.035,-0.0269,0.15,0.0,0.0668,0.0062,9265.85,3,78.3763,38.666,step
2026-08-31T19:07:25.401731+00:00,80.02,-0.0268,0.15,0.0,0.0663,0.0061,7356.17,3,78.3711,38.686,step
2026-08-31T19:07:25.403206+00:00,79.969,-0.0265,0.15,0.0,0.0658,0.0061,7369.06,2,78.3802,38.706,step
2026-08-31T19:07:25.404696+00:00,79.928,-0.0262,0.15,0.0,0.0653,0.0062,9221.54,2,78.3873,38.726,step
2026-08-31T19:07:25.406518+00:00,79.88,-0.0259,0.15,0.0,0.0648,0.0063,9228.28,2,78.3783,38.746,step
2026-08-31T19:07:25.408074+00:00,79.83,-0.0255,0.15,0.0,0.0642,0.0063,9235.0,2,78.3536,38.766,step
2026-08-31T19:07:25.409627+00:00,79.799,-0.0252,0.15,0.0,0.0637,0.0064,9200.15,2,78.3143,38.786,step
2026-08-31T19:07:25.411168+00:00,79.818,-0.025,0.15,0.0,0.0632,0.0063,9241.93,2,78.2402,38.806,step
2026-08-31T19:07:25.412707+00:00,79.867,-0.0249,0.15,0.0,0.0627,0.0062,9247.24,2,78.1306,38.826,step
2026-08-31T19:07:25.414406+00:00,79.916,-0.0248,0.15,0.0,0.0622,0.0061,9252.53,2,78.005,38.846,step
2026-08-31T19:07:25.415937+00:00,79.965,-0.0247,0.15,0.0,0.0617,0.0059,9257.92,2,77.8687,38.866,step
2026-08-31T19:07:25.417473+00:00,80.013,-0.0246,0.15,0.0,0.0612,0.0058,9263.43,3,77.7244,38.886,step
2026-08-31T19:07:25.419036+00:00,79.998,-0.0245,0.15,0.0,0.0607,0.0056,7354.24,2,77.5813,38.906,step
2026-08-31T19:07:25.420662+00:00,79.948,-0.0243,0.15,0.0,0.0602,0.0056,7367.14,2,77.4476,38.926,step
2026-08-31T19:07:25.422244+00:00,79.906,-0.0241,0.15,0.0,0.0598,0.0055,9219.01,2,77.3125,38.946,step
2026-08-31T19:07:25.424120+00:00,79.858,-0.0239,0.15,0.0,0.0594,0.0055,9225.76,2,77.173,38.966,step
2026-08-31T19:07:25.425708+00:00,79.808,-0.0237,0.15,0.0,0.0589,0.0055,9232.49,2,77.0306,38.986,step
2026-08-31T19:07:25.427157+00:00,79.776,-0.0235,0.15,0.0,0.0584,0.0055,9197.67,2,76.8824,39.006,step
2026-08-31T19:07:25.428618+00:00,79.797,-0.0233,0.15,0.0,0.058,0.0054,9239.57,2,76.7109,39.026,step
2026-08-31T19:07:25.430203+00:00,79.846,-0.0233,0.15,0.0,0.0575,0.0053,9244.85,2,76.5152,39.046,step
2026-08-31T19:07:25.431888+00:00,79.895,-0.0232,0.15,0.0,0.0571,0.0051,9249.84,2,76.3091,39.066,step
2026-08-31T19:07:25.433448+00:00,79.943,-0.0232,0.15,0.0,0.0567,0.0049,9255.21,2,76.0959,39.086,step
2026-08-31T19:07:25.435024+00:00,79.991,-0.0232,0.15,0.0,0.0563,0.0047,9260.73,2,75.8785,39.106,step
2026-08-31T19:07:25.436490+00:00,80.04,-0.0233,0.15,0.0,0.0558,0.0045,9266.37,3,75.6574,39.126,step
2026-08-31T19:07:25.437895+00:00,80.024,-0.0232,0.15,0.0,0.0554,0.0043,7356.57,3,75.4393,39.146,step
2026-08-31T19:07:25.439602+00:00,79.974,-0.0231,0.15,0.0,0.055,0.0043,7369.47,2,75.2339,39.166,step
2026-08-31T19:07:25.441127+00:00,79.932,-0.0229,0.15,0.0,0.0547,0.0042,9222.02,2,75.0323,39.186,step
2026-08-31T19:07:25.442658+00:00,79.884,-0.0227,0.15,0.0,0.0543,0.0042,9228.76,2,74.8296,39.206,step
2026-08-31T19:07:25.444204+00:00,79.833,-0.0226,0.15,0.0,0.0539,0.0042,9235.47,2,74.6252,39.226,step
2026-08-31T19:07:25.445776+00:00,79.802,-0.0224,0.15,0.0,0.0535,0.0042,9200.51,2,74.4176,39.246,step
2026-08-31T19:07:25.447235+00:00,79.823,-0.0223,0.15,0.0,0.0532,0.0041,9242.38,2,74.1924,39.266,step
2026-08-31T19:07:25.449041+00:00,79.871,-0.0223,0.15,0.0,0.0528,0.004,9247.67,2,73.9487,39.286,step
2026-08-31T19:07:25.450462+00:00,79.92,-0.0223,0.15,0.0,0.0525,0.0038,9252.94,2,73.6965,39.306,step
2026-08-31T19:07:25.451921+00:00,79.968,-0.0223,0.15,0.0,0.0522,0.0036,9258.3,2,73.4397,39.326,step
2026-08-31T19:07:25.453357+00:00,80.016,-0.0223,0.15,0.0,0.0518,0.0035,9263.77,3,73.1796,39.346,step
2026-08-31T19:07:25.454883+00:00,80.001,-0.0223,0.15,0.0,0.0515,0.0033,7354.5,3,72.9216,39.366,step
2026-08-31T19:07:25.456458+00:00,79.95,-0.0223,0.15,0.0,0.0512,0.0032,7367.4,2,72.6745,39.386,step
2026-08-31T19:07:25.457940+00:00,79.907,-0.0222,0.15,0.0,0.0509,0.0032,9219.25,2,72.4311,39.406,step
2026-08-31T19:07:25.459401+00:00,79.859,-0.022,0.15,0.0,0.0506,0.0031,9226.0,2,72.1872,39.426,step
2026-08-31T19:07:25.460834+00:00,79.809,-0.0219,0.15,0.0,0.0503,0.0031,9232.73,2,71.9436,39.446,step
2026-08-31T19:07:25.462309+00:00,79.777,-0.0218,0.15,0.0,0.05,0.0031,9197.8,2,71.6974,39.466,step
2026-08-31T19:07:25.464001+00:00,79.799,-0.0217,0.15,0.0,0.0498,0.0031,9239.73,2,71.4398,39.486,step
2026-08-31T19:07:25.465529+00:00,79.847,-0.0216,0.15,0.0,0.0495,0.003,9244.7,2,71.1696,39.506,step
2026-08-31T19:07:25.466965+00:00,79.895,-0.0217,0.15,0.0,0.0492,0.0028,9249.86,2,70.8936,39.526,step
2026-08-31T19:07:25.468418+00:00,79.943,-0.0217,0.15,0.0,0.049,0.0027,9255.22,2,70.6141,39.546,step
2026-08-31T19:07:25.469822+00:00,79.991,-0.0217,0.15,0.0,0.0487,0.0026,9260.72,2,70.3318,39.566,step
2026-08-31T19:07:25.471226+00:00,80.039,-0.0217,0.15,0.0,0.0485,0.0024,9266.34,3,70.0474,39.586,step
2026-08-31T19:07:25.472869+00:00,80.023,-0.0217,0.15,0.0,0.0482,0.0023,7356.56,3,69.7657,39.606,step
2026-08-31T19:07:25.474440+00:00,79.972,-0.0216,0.15,0.0,0.048,0.0023,7369.45,2,69.4939,39.626,step
2026-08-31T19:07:25.475877+00:00,79.93,-0.0215,0.15,0.0,0.0478,0.0023,9221.84,2,69.2253,39.646,step
2026-08-31T19:07:25.477248+00:00,79.881,-0.0214,0.15,0.0,0.0476,0.0023,9228.59,2,68.9566,39.666,step
2026-08-31T19:07:25.478645+00:00,79.831,-0.0213,0.15,0.0,0.0474,0.0024,9235.3,2,68.6846,39.686,step
2026-08-31T19:07:25.480247+00:00,79.799,-0.0212,0.15,0.0,0.0472,0.0024,9200.19,2,68.4078,39.706,step
2026-08-31T19:07:25.481726+00:00,79.82,-0.0211,0.15,0.0,0.047,0.0023,9242.09,2,68.1209,39.726,step
2026-08-31T19:07:25.483082+00:00,79.868,-0.0211,0.15,0.0,0.0468,0.0022,9247.33,2,67.8228,39.746,step
2026-08-31T19:07:25.484443+00:00,79.916,-0.0212,0.15,0.0,0.0466,0.0021,9252.56,2,67.5203,39.766,step
2026-08-31T19:07:25.485787+00:00,79.964,-0.0212,0.15,0.0,0.0464,0.0019,9257.88,2,67.2146,39.786,step
2026-08-31T19:07:25.487138+00:00,80.012,-0.0212,0.15,0.0,0.0462,0.0018,9263.01,3,66.9065,39.806,step
2026-08-31T19:07:25.488590+00:00,79.996,-0.0213,0.15,0.0,0.046,0.0017,7353.87,2,66.6004,39.826,step
2026-08-31T19:07:25.490188+00:00,79.945,-0.0212,0.15,0.0,0.0458,0.0016,7366.77,2,66.303,39.846,step
2026-08-31T19:07:25.491638+00:00,79.902,-0.0211,0.15,0.0,0.0457,0.0016,9218.64,2,66.0087,39.866,step
2026-08-31T19:07:25.493102+00:00,79.853,-0.021,0.15,0.0,0.0455,0.0016,9225.4,2,65.7145,39.886,step
2026-08-31T19:07:25.494432+00:00,79.802,-0.0209,0.15,0.0,0.0453,0.0017,9232.12,2,65.4207,39.906,step
2026-08-31T19:07:25.495780+00:00,79.77,-0.0208,0.15,0.0,0.0451,0.0017,9197.03,2,65.1251,39.926,step
2026-08-31T19:07:25.497198+00:00,79.792,-0.0207,0.15,0.0,0.045,0.0017,9238.96,2,64.8214,39.946,step
2026-08-31T19:07:25.498746+00:00,79.84,-0.0207,0.15,0.0,0.0448,0.0016,9243.76,2,64.5083,39.966,step
2026-08-31T19:07:25.500119+00:00,79.888,-0.0207,0.15,0.0,0.0446,0.0015,9248.93,2,64.191,39.986,step
2026-08-31T19:07:25.501475+00:00,79.935,-0.0207,0.15,0.0,0.0445,0.0014,9254.27,2,63.8714,40.006,step
2026-08-31T19:07:25.502822+00:00,79.983,-0.0208,0.15,0.0,0.0443,0.0013,9259.74,2,63.5497,40.026,step
2026-08-31T19:07:25.504224+00:00,80.03,-0.0208,0.15,0.0,0.0442,0.0012,9265.34,3,63.2265,40.046,step
2026-08-31T19:07:25.505598+00:00,80.014,-0.0208,0.15,0.0,0.044,0.0012,7355.76,3,62.9053,40.066,step
2026-08-31T19:07:25.507122+00:00,79.962,-0.0207,0.15,0.0,0.0439,0.0012,7368.65,2,62.5921,40.086,step
2026-08-31T19:07:25.508442+00:00,79.919,-0.0206,0.15,0.0,0.0438,0.0012,9220.65,2,62.2817,40.106,step
2026-08-31T19:07:25.509826+00:00,79.87,-0.0205,0.15,0.0,0.0436,0.0013,9227.4,2,61.971,40.126,step
2026-08-31T19:07:25.511179+00:00,79.819,-0.0203,0.15,0.0,0.0435,0.0013,9234.12,2,61.6593,40.146,step
2026-08-31T19:07:25.512470+00:00,79.786,-0.0202,0.15,0.0,0.0433,0.0014,9198.68,2,61.3444,40.166,step
2026-08-31T19:07:25.513825+00:00,79.806,-0.0202,0.15,0.0,0.0432,0.0014,9240.41,2,61.0211,40.186,step
2026-08-31T19:07:25.515206+00:00,79.853,-0.0192,0.15,0.0,0.043,0.0023,9245.54,2,60.6892,40.206,step
2026-08-31T19:07:25.516445+00:00,79.9,-0.0181,0.15,0.0,0.0428,0.0032,9250.68,2,60.3513,40.226,step
2026-08-31T19:07:25.517657+00:00,79.947,-0.017,0.15,0.0,0.0425,0.0041,9255.94,2,60.0064,40.246,step
2026-08-31T19:07:25.518842+00:00,79.995,-0.016,0.15,0.0,0.0421,0.0049,9259.15,2,59.6543,40.266,step
2026-08-31T19:07:25.520043+00:00,80.041,-0.015,0.15,0.0,0.0417,0.0056,9264.65,3,59.2951,40.286,step
2026-08-31T19:07:25.521275+00:00,80.023,-0.014,0.15,0.0,0.0412,0.0064,7355.23,3,58.9325,40.306,step
2026-08-31T19:07:25.522645+00:00,79.97,-0.0129,0.15,0.0,0.0406,0.0071,7368.12,2,58.5703,40.326,step
2026-08-31T19:07:25.523926+00:00,79.926,-0.0119,0.15,0.0,0.04,0.0078,9221.54,2,58.2052,40.346,step
2026-08-31T19:07:25.525118+00:00,79.877,-0.0109,0.15,0.0,0.0394,0.0085,9228.28,2,57.8349,40.366,step
2026-08-31T19:07:25.526268+00:00,79.825,-0.0099,0.15,0.0,0.0388,0.0092,9235.0,2,57.4595,40.386,step
2026-08-31T19:07:25.527438+00:00,79.792,-0.0089,0.15,0.0,0.038,0.0097,9199.57,2,57.0779,40.406,step
2026-08-31T19:07:25.528626+00:00,79.817,-0.008,0.15,0.0,0.0373,0.0102,9241.88,2,56.6871,40.426,step
2026-08-31T19:07:25.529919+00:00,79.864,-0.0072,0.15,0.0,0.0365,0.0107,9246.9,2,56.2878,40.446,step
2026-08-31T19:07:25.531293+00:00,79.91,-0.0064,0.15,0.0,0.0357,0.011,9251.86,2,55.8821,40.466,step
2026-08-31T19:07:25.532518+00:00,79.956,-0.0056,0.15,0.0,0.0348,0.0113,9256.79,2,55.471,40.486,step
2026-08-31T19:07:25.533807+00:00,80.002,-0.0049,0.15,0.0,0.034,0.0116,9261.86,3,55.0565,40.506,step
2026-08-31T19:07:25.535007+00:00,79.985,-0.0042,0.15,0.0,0.0331,0.0119,7352.96,2,54.6391,40.526,step
2026-08-31T19:07:25.536178+00:00,79.931,-0.0035,0.15,0.0,0.0322,0.0121,7365.86,2,54.2195,40.546,step
2026-08-31T19:07:25.537399+00:00,79.887,-0.0028,0.15,0.0,0.0313,0.0124,9217.02,2,53.7957,40.566,step
2026-08-31T19:07:25.538659+00:00,79.836,-0.0022,0.15,0.0,0.0304,0.0125,9223.78,2,53.3687,40.586,step
2026-08-31T19:07:25.539994+00:00,79.783,-0.0016,0.15,0.0,0.0294,0.0127,9230.52,2,52.9391,40.606,step
2026-08-31T19:07:25.541230+00:00,79.749,-0.001,0.15,0.0,0.0285,0.0128,9193.75,2,52.507,40.626,step
2026-08-31T19:07:25.542399+00:00,79.774,-0.0004,0.15,0.0,0.0275,0.0129,9235.43,2,52.0717,40.646,step
2026-08-31T19:07:25.543563+00:00,79.82,0.0001,0.0,0.15,0.0266,0.0129,9241.22,2,51.6317,40.666,step
2026-08-31T19:07:25.544737+00:00,79.427,0.0006,0.0,0.15,0.0256,0.0129,9000.91,2,51.1924,40.686,step
2026-08-31T19:07:25.545879+00:00,78.841,0.0011,0.0,0.15,0.0247,0.013,8928.44,2,50.7585,40.706,step
2026-08-31T19:07:25.547290+00:00,78.256,0.0017,0.0,0.15,0.0238,0.013,8859.08,2,50.3274,40.726,step
2026-08-31T19:07:25.548520+00:00,77.675,0.0022,0.0,0.15,0.0228,0.0131,8792.94,2,49.8973,40.746,step
2026-08-31T19:07:25.549767+00:00,77.096,0.0026,0.0,0.15,0.0219,0.0131,8728.96,2,49.4682,40.766,step
2026-08-31T19:07:25.550996+00:00,76.521,0.0031,0.0,0.15,0.021,0.0131,8666.05,2,49.0395,40.786,step
2026-08-31T19:07:25.552172+00:00,75.947,0.0035,0.0,0.15,0.0201,0.013,8603.46,2,48.6117,40.806,step
2026-08-31T19:07:25.553373+00:00,75.378,0.0039,0.0,0.15,0.0192,0.013,8541.08,2,48.1862,40.826,step
2026-08-31T19:07:25.554614+00:00,74.812,0.0042,0.0,0.15,0.0184,0.0129,8478.67,2,47.7616,40.846,step
2026-08-31T19:07:25.556039+00:00,74.249,0.0045,0.0,0.15,0.0175,0.0128,8416.18,2,47.3383,40.866,step
2026-08-31T19:07:25.557348+00:00,73.689,0.0048,0.0,0.15,0.0167,0.0126,8353.72,2,46.9157,40.886,step
2026-08-31T19:07:25.558615+00:00,73.131,0.0051,0.0,0.15,0.0158,0.0125,8291.38,2,46.4944,40.906,step
2026-08-31T19:07:25.559851+00:00,72.576,0.0053,0.0,0.15,0.015,0.0123,8229.23,2,46.0756,40.926,step
2026-08-31T19:07:25.561044+00:00,72.021,0.0055,0.0,0.15,0.0142,0.0122,8169.58,2,45.6598,40.946,step
2026-08-31T19:07:25.562228+00:00,71.469,0.0057,0.0,0.15,0.0135,0.012,8108.16,2,45.2454,40.966,step
2026-08-31T19:07:25.563512+00:00,70.921,-0.1941,0.0,0.15,0.0127,0.0118,8045.92,2,44.8326,40.986,step
2026-08-31T19:07:25.564828+00:00,70.387,-0.1919,0.0,0.15,0.0118,0.0135,7984.89,2,44.584,41.006,step
2026-08-31T19:07:25.566071+00:00,69.804,-0.1854,0.0,0.15,0.0103,0.019,7917.65,2,44.645,41.026,step
2026-08-31T19:07:25.567357+00:00,69.237,-0.1768,0.0,0.15,0.0084,0.0263,7851.06,2,44.8545,41.046,step
2026-08-31T19:07:25.568665+00:00,68.684,0.0327,0.8,0.0,0.006,0.0343,7787.64,2,45.1144,41.066,step
2026-08-31T19:07:25.569944+00:00,68.914,0.04,0.8,0.0,0.0033,0.0401,8719.01,2,45.1891,41.086,step
2026-08-31T19:07:25.571175+00:00,69.631,-0.1575,0.0,0.15,0.0008,0.0413,9155.52,2,44.9005,41.106,step
2026-08-31T19:07:25.572547+00:00,69.843,-0.155,0.0,0.15,-0.0018,0.0425,7935.11,2,44.6004,41.126,step
2026-08-31T19:07:25.573877+00:00,69.272,-0.1498,0.0,0.15,-0.0048,0.0461,7874.5,2,44.4897,41.146,step
2026-08-31T19:07:25.575196+00:00,68.704,-0.1429,0.0,0.15,-0.0082,0.051,7801.2,2,44.4863,41.166,step
2026-08-31T19:07:25.576432+00:00,68.148,-0.1351,0.0,0.15,-0.0119,0.0568,7731.11,2,44.5455,41.186,step
2026-08-31T19:07:25.577596+00:00,67.602,-0.1267,0.0,0.15,-0.016,0.0629,7665.95,2,44.6301,41.206,step
2026-08-31T19:07:25.578869+00:00,67.063,-0.1181,0.0,0.15,-0.0205,0.069,7604.67,2,44.7132,41.226,step
2026-08-31T19:07:25.580231+00:00,66.527,-0.1096,0.0,0.15,-0.0252,0.0748,7545.79,2,44.7769,41.246,step
2026-08-31T19:07:25.581570+00:00,65.996,-0.1014,0.0,0.15,-0.0303,0.0803,7487.96,2,44.813,41.266,step
2026-08-31T19:07:25.582826+00:00,65.467,-0.0935,0.0,0.15,-0.0356,0.0854,7430.4,2,44.8172,41.286,step
2026-08-31T19:07:25.584063+00:00,64.942,-0.0859,0.0,0.15,-0.0411,0.09,7372.72,2,44.7905,41.306,step
2026-08-31T19:07:25.585281+00:00,64.419,-0.0787,0.0,0.15,-0.0468,0.0942,7314.91,2,44.7345,41.326,step
2026-08-31T19:07:25.586471+00:00,63.9,-0.0718,0.0,0.15,-0.0528,0.098,7256.03,2,44.6516,41.346,step
2026-08-31T19:07:25.587754+00:00,63.382,-0.0651,0.0,0.15,-0.0588,0.1015,7198.62,2,44.5441,41.366,step
2026-08-31T19:07:25.589118+00:00,62.867,-0.0588,0.0,0.15,-0.065,0.1046,7141.21,2,44.4131,41.386,step
2026-08-31T19:07:25.590438+00:00,62.353,-0.0527,0.0,0.15,-0.0714,0.1074,7083.83,2,44.261,41.406,step
2026-08-31T19:07:25.591682+00:00,61.842,-0.0469,0.0,0.15,-0.0778,0.1099,7026.53,2,44.0901,41.426,step
2026-08-31T19:07:25.592986+00:00,61.332,-0.0414,0.0,0.15,-0.0842,0.1121,6969.36,2,43.9014,41.446,step
2026-08-31T19:07:25.594192+00:00,60.824,-0.0361,0.0,0.15,-0.0907,0.1141,6912.35,2,43.6959,41.466,step
2026-08-31T19:07:25.595406+00:00,60.318,-0.0311,0.0,0.15,-0.0973,0.1158,6855.52,2,43.4753,41.486,step
2026-08-31T19:07:25.596699+00:00,59.814,-0.0263,0.0,0.15,-0.1039,0.1172,6798.88,2,43.2413,41.506,step
2026-08-31T19:07:25.598114+00:00,59.312,-0.0217,0.0,0.15,-0.1105,0.1185,6742.43,2,42.9945,41.526,step
2026-08-31T19:07:25.599426+00:00,58.811,-0.0173,0.0,0.15,-0.1171,0.1195,6686.13,2,42.7368,41.546,step
2026-08-31T19:07:25.600720+00:00,58.313,-0.0131,0.0,0.15,-0.1236,0.1204,6630.0,2,42.4683,41.566,step
2026-08-31T19:07:25.602045+00:00,57.816,-0.0092,0.0,0.15,-0.1301,0.121,6574.03,2,42.1898,41.586,step
2026-08-31T19:07:25.603420+00:00,57.321,-0.0054,0.0,0.15,-0.1366,0.1215,6518.25,2,41.9028,41.606,step
2026-08-31T19:07:25.604686+00:00,56.83,-0.0018,0.0,0.15,-0.1431,0.1219,6462.73,2,41.6076,41.626,step
2026-08-31T19:07:25.606170+00:00,56.338,0.0016,0.0,0.15,-0.1495,0.1221,6407.18,2,41.3058,41.646,step
2026-08-31T19:07:25.607453+00:00,55.847,0.0048,0.0,0.15,-0.1558,0.1221,6351.8,2,40.9976,41.666,step
2026-08-31T19:07:25.608831+00:00,55.358,0.0078,0.0,0.15,-0.1621,0.122,6296.62,2,40.6838,41.686,step
2026-08-31T19:07:25.610121+00:00,54.87,0.0107,0.0,0.15,-0.1683,0.1218,6241.65,2,40.365,41.706,step
2026-08-31T19:07:25.611358+00:00,54.384,0.0134,0.0,0.15,-0.1744,0.1215,6186.87,2,40.0408,41.726,step
2026-08-31T19:07:25.612704+00:00,53.9,0.016,0.0,0.15,-0.1804,0.1211,6132.26,2,39.7132,41.746,step
2026-08-31T19:07:25.614030+00:00,53.417,0.0184,0.0,0.15,-0.1863,0.1205,6077.81,2,39.3827,41.766,step
2026-08-31T19:07:25.615471+00:00,52.936,0.0207,0.0,0.15,-0.1922,0.1199,6023.48,2,39.0501,41.786,step
2026-08-31T19:07:25.616714+00:00,52.458,0.0228,0.0,0.15,-0.1979,0.1192,5967.08,2,38.7152,41.806,step
2026-08-31T19:07:25.617998+00:00,51.98,0.0249,0.0,0.15,-0.2036,0.1185,5913.31,2,38.3781,41.826,step
2026-08-31T19:07:25.619292+00:00,51.504,0.0267,0.0,0.15,-0.2091,0.1176,5860.39,2,38.0401,41.846,step
2026-08-31T19:07:25.620553+00:00,51.028,0.0285,0.15,0.0,-0.2145,0.1167,5807.13,2,37.7016,41.866,step
2026-08-31T19:07:25.621855+00:00,50.995,0.0302,0.15,0.0,-0.2199,0.1158,5914.28,2,37.3635,41.886,step
2026-08-31T19:07:25.623391+00:00,51.075,0.0319,0.15,0.0,-0.2252,0.1148,5921.45,2,37.0257,41.906,step
2026-08-31T19:07:25.624669+00:00,51.155,0.0336,0.15,0.0,-0.2305,0.1139,5929.11,2,36.6867,41.926,step
2026-08-31T19:07:25.625927+00:00,51.235,0.0352,0.15,0.0,-0.2357,0.1129,5937.53,2,36.345,41.946,step
2026-08-31T19:07:25.627176+00:00,51.314,0.0367,0.0,0.15,-0.2409,0.1119,5946.6,2,36.0016,41.966,step
2026-08-31T19:07:25.628533+00:00,50.965,0.0381,0.15,0.0,-0.246,0.1108,5806.18,2,35.6546,41.986,step
2026-08-31T19:07:25.629833+00:00,50.927,0.0394,0.15,0.0,-0.251,0.1096,5904.66,2,35.3062,42.006,step
2026-08-31T19:07:25.631272+00:00,51.007,0.0406,0.15,0.0,-0.2559,0.1085,5913.68,2,34.9575,42.026,step
2026-08-31T19:07:25.632530+00:00,51.086,0.0418,0.15,0.0,-0.2608,0.1072,5922.47,2,34.6064,42.046,step
2026-08-31T19:07:25.633773+00:00,51.165,0.0429,0.15,0.0,-0.2657,0.106,5931.41,2,34.2534,42.066,step
2026-08-31T19:07:25.635067+00:00,51.244,0.044,0.15,0.0,-0.2704,0.1047,5940.41,2,33.8989,42.086,step
2026-08-31T19:07:25.636342+00:00,51.324,0.045,0.0,0.15,-0.2752,0.1034,5949.45,2,33.5429,42.106,step
2026-08-31T19:07:25.637657+00:00,50.972,0.0459,0.15,0.0,-0.2798,0.102,5805.38,2,33.1845,42.126,step
2026-08-31T19:07:25.639035+00:00,50.94,0.0466,0.15,0.0,-0.2843,0.1006,5906.57,2,32.8256,42.146,step
2026-08-31T19:07:25.640566+00:00,51.019,0.0474,0.15,0.0,-0.2888,0.0991,5915.14,2,32.4679,42.166,step
2026-08-31T19:07:25.641913+00:00,51.099,0.0481,0.15,0.0,-0.2933,0.0977,5923.91,2,32.1103,42.186,step
2026-08-31T19:07:25.643242+00:00,51.178,0.0488,0.15,0.0,-0.2976,0.0963,5932.72,2,31.7524,42.206,step
2026-08-31T19:07:25.644524+00:00,51.258,0.0495,0.15,0.0,-0.3019,0.0948,5941.65,2,31.3935,42.226,step
2026-08-31T19:07:25.645905+00:00,51.337,0.0451,0.0,0.15,-0.306,0.0886,5950.74,2,31.0344,42.246,step
2026-08-31T19:07:25.647293+00:00,50.986,0.0385,0.15,0.0,-0.3098,0.0805,5807.25,2,30.6771,42.266,step
2026-08-31T19:07:25.648872+00:00,50.955,0.0319,0.15,0.0,-0.3132,0.0725,5908.18,2,30.3288,42.286,step
2026-08-31T19:07:25.650187+00:00,51.036,0.0253,0.15,0.0,-0.3162,0.0647,5916.82,2,29.9925,42.306,step
2026-08-31T19:07:25.651554+00:00,51.116,0.0188,0.0,0.15,-0.3189,0.0571,5926.17,2,29.6663,42.326,step
2026-08-31T19:07:25.652873+00:00,50.766,0.0123,0.0,0.15,-0.3213,0.0497,5780.29,2,29.3491,42.346,step
2026-08-31T19:07:25.654235+00:00,50.291,0.0059,0.0,0.15,-0.3234,0.0425,5724.24,2,29.0425,42.366,step
2026-08-31T19:07:25.655790+00:00,49.818,-0.0004,0.0,0.15,-0.3251,0.0356,5669.77,1,28.7483,42.386,step
2026-08-31T19:07:25.657185+00:00,49.353,-0.0066,0.0,0.15,-0.3266,0.029,7607.69,1,28.4666,42.406,step
2026-08-31T19:07:25.658654+00:00,48.892,-0.0126,0.0,0.15,-0.3277,0.0226,7596.59,1,28.198,42.426,step
2026-08-31T19:07:25.660013+00:00,48.415,-0.0185,0.0,0.15,-0.3286,0.0165,7377.97,1,27.9416,42.446,step
2026-08-31T19:07:25.661381+00:00,47.895,-0.0242,0.0,0.15,-0.3293,0.0107,7300.97,1,27.698,42.466,step
2026-08-31T19:07:25.662726+00:00,47.379,-0.0298,0.0,0.15,-0.3297,0.0052,7223.73,1,27.4656,42.486,step
2026-08-31T19:07:25.664253+00:00,46.865,-0.0351,0.0,0.15,-0.3299,-0.0001,7146.96,1,27.2433,42.506,step
2026-08-31T19:07:25.665623+00:00,46.355,-0.0404,0.0,0.15,-0.3299,-0.0051,7070.6,1,27.0306,42.526,step
2026-08-31T19:07:25.666977+00:00,45.847,-0.0455,0.15,0.0,-0.3297,-0.01,6994.6,1,26.8267,42.546,step
2026-08-31T19:07:25.668321+00:00,45.827,-0.0506,0.0,0.15,-0.3294,-0.0147,7172.06,1,26.6286,42.566,step
2026-08-31T19:07:25.669642+00:00,45.453,-0.0556,0.0,0.15,-0.3289,-0.0193,6940.95,1,26.436,42.586,step
2026-08-31T19:07:25.670987+00:00,44.95,-0.0604,0.15,0.0,-0.3282,-0.0236,6864.04,1,26.2535,42.606,step
2026-08-31T19:07:25.672503+00:00,44.929,-0.0652,0.0,0.15,-0.3274,-0.0278,7030.09,1,26.0749,42.626,step
2026-08-31T19:07:25.674129+00:00,44.557,-0.0699,0.0,0.15,-0.3264,-0.0319,6806.76,1,25.9008,42.646,step
2026-08-31T19:07:25.675472+00:00,44.059,-0.0745,0.15,0.0,-0.3253,-0.0357,6728.4,1,25.7373,42.666,step
2026-08-31T19:07:25.676809+00:00,44.037,-0.079,0.0,0.15,-0.3241,-0.0395,6891.75,1,25.5776,42.686,step
2026-08-31T19:07:25.678125+00:00,43.666,-0.0834,0.0,0.15,-0.3227,-0.0431,6671.68,1,25.4221,42.706,step
2026-08-31T19:07:25.679490+00:00,43.172,-0.0876,0.15,0.0,-0.3213,-0.0464,6594.27,1,25.2769,42.726,step
2026-08-31T19:07:25.681024+00:00,43.151,-0.0918,0.0,0.15,-0.3197,-0.0497,6753.9,1,25.135,42.746,step
2026-08-31T19:07:25.682443+00:00,42.781,-0.0959,0.15,0.0,-0.3181,-0.0529,6538.28,1,24.9966,42.766,step
2026-08-31T19:07:25.683763+00:00,42.76,-0.0999,0.0,0.15,-0.3164,-0.0559,6691.72,1,24.8627,42.786,step
2026-08-31T19:07:25.685124+00:00,42.391,-0.1039,0.0,0.15,-0.3145,-0.0588,6480.4,1,24.7325,42.806,step
2026-08-31T19:07:25.686387+00:00,41.904,-0.1076,0.15,0.0,-0.3126,-0.0615,6403.73,1,24.6124,42.826,step
2026-08-31T19:07:25.687768+00:00,41.882,-0.1113,0.15,0.0,-0.3107,-0.0641,6555.7,1,24.4938,42.846,step
2026-08-31T19:07:25.689126+00:00,42.006,-0.1151,0.0,0.15,-0.3086,-0.0668,6572.84,1,24.3727,42.866,step
2026-08-31T19:07:25.690665+00:00,41.639,-0.1187,0.0,0.15,-0.3065,-0.0693,6368.02,1,24.2575,42.886,step
2026-08-31T19:07:25.691971+00:00,41.154,-0.1221,0.15,0.0,-0.3043,-0.0715,6291.37,1,24.1529,42.906,step
2026-08-31T19:07:25.693312+00:00,41.131,-0.1255,0.15,0.0,-0.3021,-0.0737,6438.47,1,24.0491,42.926,step
2026-08-31T19:07:25.694682+00:00,41.255,-0.129,0.0,0.15,-0.2998,-0.076,6455.84,1,23.9425,42.946,step
2026-08-31T19:07:25.696082+00:00,40.888,-0.1324,0.0,0.15,-0.2974,-0.0781,6254.2,1,23.8422,42.966,step
2026-08-31T19:07:25.697594+00:00,40.407,-0.1355,0.15,0.0,-0.295,-0.0799,6177.97,1,23.752,42.986,step
2026-08-31T19:07:25.698981+00:00,40.383,-0.1386,0.15,0.0,-0.2926,-0.0817,6322.24,1,23.6617,43.006,step
2026-08-31T19:07:25.700305+00:00,40.507,-0.1418,0.0,0.15,-0.2901,-0.0836,6339.37,1,23.5682,43.026,step
2026-08-31T19:07:25.701612+00:00,40.141,-0.1448,0.15,0.0,-0.2876,-0.0853,6141.01,1,23.4809,43.046,step
2026-08-31T19:07:25.702899+00:00,40.117,-0.1478,0.0,0.15,-0.285,-0.0869,6278.75,1,23.3975,43.066,step
2026-08-31T19:07:25.704184+00:00,39.752,-0.1507,0.15,0.0,-0.2824,-0.0884,6080.82,1,23.3169,43.086,step
2026-08-31T19:07:25.705694+00:00,39.727,-0.1534,0.15,0.0,-0.2798,-0.0898,6218.94,1,23.2399,43.106,step
2026-08-31T19:07:25.706976+00:00,39.85,-0.1563,0.0,0.15,-0.2772,-0.0913,6236.56,1,23.1591,43.126,step
2026-08-31T19:07:25.708266+00:00,39.485,-0.159,0.15,0.0,-0.2745,-0.0927,6041.66,1,23.0846,43.146,step
2026-08-31T19:07:25.709539+00:00,39.459,-0.1617,0.0,0.15,-0.2718,-0.0939,6176.56,1,23.0139,43.166,step
2026-08-31T19:07:25.710833+00:00,39.095,-0.1642,0.15,0.0,-0.269,-0.095,5981.01,1,22.9461,43.186,step
2026-08-31T19:07:25.712078+00:00,39.069,-0.1667,0.15,0.0,-0.2663,-0.0961,6116.8,1,22.8815,43.206,step
2026-08-31T19:07:25.713412+00:00,39.191,-0.1693,0.0,0.15,-0.2635,-0.0972,6134.2,1,22.8131,43.226,step
2026-08-31T19:07:25.714944+00:00,38.827,-0.1717,0.15,0.0,-0.2607,-0.0982,5941.78,1,22.7511,43.246,step
2026-08-31T19:07:25.716294+00:00,38.8,-0.174,0.15,0.0,-0.258,-0.0991,6073.99,1,22.6924,43.266,step
2026-08-31T19:07:25.717627+00:00,38.922,-0.1764,0.0,0.15,-0.2551,-0.1001,6091.82,1,22.6297,43.286,step
2026-08-31T19:07:25.718871+00:00,38.558,-0.1786,0.15,0.0,-0.2523,-0.1009,5900.93,1,22.5734,43.306,step
2026-08-31T19:07:25.720143+00:00,38.53,-0.1808,0.15,0.0,-0.2495,-0.1016,6032.22,1,22.5208,43.326,step
2026-08-31T19:07:25.721531+00:00,38.651,-0.183,0.0,0.15,-0.2466,-0.1024,6049.92,1,22.4641,43.346,step
2026-08-31T19:07:25.722939+00:00,38.288,-0.1851,0.15,0.0,-0.2438,-0.103,5859.63,1,22.4139,43.366,step
2026-08-31T19:07:25.724328+00:00,38.259,-0.1871,0.15,0.0,-0.2409,-0.1035,5990.29,1,22.3671,43.386,step
2026-08-31T19:07:25.725631+00:00,38.379,-0.1892,0.0,0.15,-0.2381,-0.1042,6007.82,1,22.3157,43.406,step
2026-08-31T19:07:25.726890+00:00,38.016,-0.1911,0.15,0.0,-0.2352,-0.1046,5818.45,1,22.271,43.426,step
2026-08-31T19:07:25.728159+00:00,37.987,-0.1929,0.15,0.0,-0.2323,-0.105,5948.0,1,22.2296,43.446,step
2026-08-31T19:07:25.729409+00:00,38.107,-0.1949,0.0,0.15,-0.2295,-0.1055,5965.47,1,22.1835,43.466,step
2026-08-31T19:07:25.730817+00:00,37.745,-0.1966,0.15,0.0,-0.2266,-0.1058,5777.19,1,22.1442,43.486,step
2026-08-31T19:07:25.732108+00:00,37.714,-0.1982,0.15,0.0,-0.2238,-0.106,5905.58,1,22.1082,43.506,step
2026-08-31T19:07:25.733420+00:00,37.834,-0.2001,0.15,0.0,-0.2209,-0.1064,5922.96,1,22.0668,43.526,step
2026-08-31T19:07:25.734720+00:00,37.954,-0.2019,0.0,0.15,-0.2181,-0.1068,5940.47,1,22.0249,43.546,step
2026-08-31T19:07:25.736015+00:00,37.592,-0.2035,0.15,0.0,-0.2152,-0.1069,5754.67,1,21.9908,43.566,step
2026-08-31T19:07:25.737329+00:00,37.56,-0.205,0.15,0.0,-0.2124,-0.107,5881.34,1,21.9595,43.586,step
2026-08-31T19:07:25.738706+00:00,37.679,-0.2066,0.0,0.15,-0.2096,-0.1072,5898.88,1,21.9234,43.606,step
2026-08-31T19:07:25.740183+00:00,37.317,-0.208,0.15,0.0,-0.2067,-0.1072,5711.85,1,21.8946,43.626,step
2026-08-31T19:07:25.741496+00:00,37.285,-0.2094,0.15,0.0,-0.2039,-0.1072,5839.41,1,21.8688,43.646,step
2026-08-31T19:07:25.742850+00:00,37.404,-0.2109,0.15,0.0,-0.2012,-0.1073,5856.42,1,21.8374,43.666,step
2026-08-31T19:07:25.744151+00:00,37.523,-0.2124,0.0,0.15,-0.1984,-0.1074,5873.77,1,21.8055,43.686,step
2026-08-31T19:07:25.745530+00:00,37.161,-0.2137,0.15,0.0,-0.1956,-0.1073,5689.17,1,21.7812,43.706,step
2026-08-31T19:07:25.746856+00:00,37.128,-0.2149,0.15,0.0,-0.1928,-0.1071,5814.37,1,21.7599,43.726,step
2026-08-31T19:07:25.748197+00:00,37.247,-0.2162,0.15,0.0,-0.1901,-0.1071,5831.72,1,21.7332,43.746,step
2026-08-31T19:07:25.749481+00:00,37.365,-0.2176,0.0,0.15,-0.1873,-0.1071,5849.29,1,21.706,43.766,step
2026-08-31T19:07:25.750762+00:00,37.004,-0.2187,0.15,0.0,-0.1846,-0.1068,5664.89,1,21.6867,43.786,step
2026-08-31T19:07:25.752006+00:00,36.969,-0.2197,0.15,0.0,-0.1819,-0.1065,5790.19,1,21.6707,43.806,step
2026-08-31T19:07:25.753237+00:00,37.088,-0.2209,0.15,0.0,-0.1792,-0.1064,5807.28,1,21.6489,43.826,step
2026-08-31T19:07:25.754466+00:00,37.206,-0.2221,0.0,0.15,-0.1765,-0.1062,5824.76,1,21.6264,43.846,step
2026-08-31T19:07:25.755897+00:00,36.844,-0.2231,0.15,0.0,-0.1738,-0.1059,5640.68,1,21.6118,43.866,step
2026-08-31T19:07:25.757185+00:00,36.81,-0.224,0.15,0.0,-0.1712,-0.1055,5765.43,1,21.5999,43.886,step
2026-08-31T19:07:25.758469+00:00,36.928,-0.225,0.15,0.0,-0.1686,-0.1052,5782.47,1,21.5821,43.906,step
2026-08-31T19:07:25.759825+00:00,37.046,-0.2261,0.0,0.15,-0.166,-0.105,5799.87,1,21.5637,43.926,step
2026-08-31T19:07:25.761185+00:00,36.684,-0.2269,0.15,0.0,-0.1634,-0.1045,5616.39,1,21.5532,43.946,step
2026-08-31T19:07:25.762511+00:00,36.65,-0.2277,0.15,0.0,-0.1608,-0.104,5740.49,1,21.5455,43.966,step
2026-08-31T19:07:25.763844+00:00,36.767,-0.2286,0.15,0.0,-0.1583,-0.1037,5757.49,1,21.5319,43.986,step
2026-08-31T19:07:25.765439+00:00,36.885,-0.2295,0.15,0.0,-0.1557,-0.1034,5774.85,1,21.5176,44.006,step
2026-08-31T19:07:25.766751+00:00,37.002,-0.2305,0.0,0.15,-0.1532,-0.103,5792.43,1,21.5033,44.026,step
2026-08-31T19:07:25.768120+00:00,36.641,-0.2312,0.15,0.0,-0.1507,-0.1025,5610.02,1,21.4969,44.046,step
2026-08-31T19:07:25.769477+00:00,36.605,-0.2318,0.15,0.0,-0.1482,-0.1019,5733.75,1,21.4934,44.066,step
2026-08-31T19:07:25.770796+00:00,36.722,-0.2326,0.15,0.0,-0.1458,-0.1015,5750.67,1,21.484,44.086,step
2026-08-31T19:07:25.772098+00:00,36.839,-0.2333,0.15,0.0,-0.1433,-0.1011,5768.19,1,21.4741,44.106,step
2026-08-31T19:07:25.773619+00:00,36.957,-0.2341,0.0,0.15,-0.1409,-0.1006,5785.78,1,21.4639,44.126,step
2026-08-31T19:07:25.774952+00:00,36.595,-0.2347,0.15,0.0,-0.1385,-0.1,5602.88,1,21.462,44.146,step
2026-08-31T19:07:25.776227+00:00,36.558,-0.2351,0.15,0.0,-0.1361,-0.0993,5726.97,1,21.4633,44.166,step
2026-08-31T19:07:25.777456+00:00,36.676,-0.2357,0.15,0.0,-0.1338,-0.0988,5743.7,1,21.4583,44.186,step
2026-08-31T19:07:25.778724+00:00,36.793,-0.2364,0.15,0.0,-0.1315,-0.0983,5761.11,1,21.4522,44.206,step
2026-08-31T19:07:25.780004+00:00,36.91,-0.237,0.0,0.15,-0.1292,-0.0978,5778.62,1,21.4459,44.226,step
2026-08-31T19:07:25.781418+00:00,36.549,-0.2374,0.15,0.0,-0.1269,-0.0971,5595.87,1,21.4479,44.246,step
2026-08-31T19:07:25.782647+00:00,36.511,-0.2378,0.15,0.0,-0.1246,-0.0963,5719.7,1,21.4528,44.266,step
2026-08-31T19:07:25.783951+00:00,36.629,-0.2383,0.15,0.0,-0.1224,-0.0957,5736.46,1,21.4513,44.286,step
2026-08-31T19:07:25.785224+00:00,36.746,-0.2388,0.15,0.0,-0.1202,-0.0952,5753.83,1,21.4487,44.306,step
2026-08-31T19:07:25.786481+00:00,36.862,-0.2393,0.0,0.15,-0.118,-0.0946,5771.37,1,21.446,44.326,step
2026-08-31T19:07:25.787773+00:00,36.501,-0.2396,0.15,0.0,-0.1159,-0.0939,5588.62,1,21.4517,44.346,step
2026-08-31T19:07:25.789301+00:00,36.463,-0.2398,0.15,0.0,-0.1137,-0.0931,5712.42,1,21.4605,44.366,step
2026-08-31T19:07:25.790594+00:00,36.581,-0.2402,0.15,0.0,-0.1116,-0.0924,5729.09,1,21.4626,44.386,step
2026-08-31T19:07:25.791875+00:00,36.697,-0.2406,0.15,0.0,-0.1096,-0.0918,5746.43,1,21.4634,44.406,step
2026-08-31T19:07:25.793137+00:00,36.814,-0.241,0.15,0.0,-0.1075,-0.0912,5763.93,1,21.464,44.426,step
2026-08-31T19:07:25.794383+00:00,36.931,-0.2414,0.0,0.15,-0.1055,-0.0906,5781.69,1,21.4645,44.446,step
2026-08-31T19:07:25.795684+00:00,36.57,-0.2416,0.15,0.0,-0.1034,-0.0898,5599.06,1,21.4735,44.466,step
2026-08-31T19:07:25.796998+00:00,36.531,-0.2417,0.15,0.0,-0.1014,-0.0889,5723.36,1,21.4859,44.486,step
2026-08-31T19:07:25.798497+00:00,36.648,-0.2419,0.15,0.0,-0.0995,-0.0882,5739.93,1,21.4918,44.506,step
2026-08-31T19:07:25.799791+00:00,36.765,-0.2422,0.15,0.0,-0.0976,-0.0876,5757.3,1,21.4963,44.526,step
2026-08-31T19:07:25.801054+00:00,36.882,-0.2425,0.15,0.0,-0.0957,-0.0869,5774.79,1,21.5003,44.546,step
2026-08-31T19:07:25.802347+00:00,36.998,-0.2428,0.0,0.15,-0.0938,-0.0863,5792.53,1,21.5039,44.566,step
2026-08-31T19:07:25.803647+00:00,36.637,-0.2428,0.15,0.0,-0.0919,-0.0854,5609.24,1,21.5167,44.586,step
2026-08-31T19:07:25.804940+00:00,36.597,-0.2428,0.15,0.0,-0.09,-0.0845,5734.01,1,21.5326,44.606,step
2026-08-31T19:07:25.806437+00:00,36.715,-0.2429,0.15,0.0,-0.0882,-0.0838,5750.51,1,21.5415,44.626,step
2026-08-31T19:07:25.807836+00:00,36.832,-0.2431,0.15,0.0,-0.0865,-0.0831,5767.88,1,21.5491,44.646,step
2026-08-31T19:07:25.809159+00:00,36.948,-0.2432,0.15,0.0,-0.0847,-0.0824,5785.35,1,21.5561,44.666,step
2026-08-31T19:07:25.810401+00:00,37.065,-0.2434,0.15,0.0,-0.083,-0.0817,5803.08,1,21.5627,44.686,step
2026-08-31T19:07:25.811652+00:00,37.182,-0.2436,0.0,0.15,-0.0812,-0.0811,5821.12,1,21.569,44.706,step
2026-08-31T19:07:25.812920+00:00,36.821,-0.2436,0.15,0.0,-0.0795,-0.0802,5637.05,1,21.5849,44.726,step
2026-08-31T19:07:25.814362+00:00,36.78,-0.2434,0.15,0.0,-0.0779,-0.0792,5763.1,1,21.6045,44.746,step
2026-08-31T19:07:25.815655+00:00,36.898,-0.2434,0.15,0.0,-0.0762,-0.0785,5779.45,1,21.6165,44.766,step
2026-08-31T19:07:25.817017+00:00,37.015,-0.2435,0.15,0.0,-0.0746,-0.0778,5796.75,1,21.6268,44.786,step
2026-08-31T19:07:25.818323+00:00,37.132,-0.2436,0.15,0.0,-0.073,-0.0771,5814.23,1,21.6366,44.806,step
2026-08-31T19:07:25.819611+00:00,37.248,-0.2436,0.0,0.15,-0.0715,-0.0764,5831.97,1,21.6465,44.826,step
2026-08-31T19:07:25.820914+00:00,36.887,-0.2435,0.15,0.0,-0.0699,-0.0755,5647.26,1,21.6656,44.846,step
2026-08-31T19:07:25.822341+00:00,36.846,-0.2432,0.15,0.0,-0.0684,-0.0745,5773.19,1,21.6872,44.866,step
2026-08-31T19:07:25.823683+00:00,36.964,-0.2431,0.15,0.0,-0.067,-0.0737,5789.68,1,21.7011,44.886,step
2026-08-31T19:07:25.824992+00:00,37.081,-0.2431,0.15,0.0,-0.0655,-0.073,5807.06,1,21.7137,44.906,step
2026-08-31T19:07:25.826303+00:00,37.198,-0.2431,0.15,0.0,-0.0641,-0.0723,5824.56,1,21.7257,44.926,step
2026-08-31T19:07:25.827574+00:00,37.315,-0.2431,0.15,0.0,-0.0627,-0.0716,5842.32,1,21.7372,44.946,step
2026-08-31T19:07:25.828831+00:00,37.432,-0.2431,0.0,0.15,-0.0613,-0.071,5860.39,1,21.7485,44.966,step
2026-08-31T19:07:25.830198+00:00,37.071,-0.2429,0.15,0.0,-0.0599,-0.0701,5675.06,1,21.769,44.986,step
2026-08-31T19:07:25.831753+00:00,37.029,-0.2425,0.15,0.0,-0.0586,-0.0691,5802.27,1,21.7929,45.006,step
2026-08-31T19:07:25.833088+00:00,37.147,-0.2424,0.15,0.0,-0.0573,-0.0683,5818.66,1,21.8098,45.026,step
2026-08-31T19:07:25.834432+00:00,37.264,-0.2423,0.15,0.0,-0.056,-0.0676,5835.94,1,21.8245,45.046,step
2026-08-31T19:07:25.835754+00:00,37.382,-0.2422,0.15,0.0,-0.0547,-0.0669,5853.44,1,21.8386,45.066,step
2026-08-31T19:07:25.837134+00:00,37.499,-0.2421,0.15,0.0,-0.0535,-0.0663,5871.18,1,21.852,45.086,step
2026-08-31T19:07:25.838463+00:00,37.616,-0.242,0.0,0.15,-0.0523,-0.0656,5889.22,1,21.8652,45.106,step
2026-08-31T19:07:25.840231+00:00,37.255,-0.2417,0.15,0.0,-0.0511,-0.0647,5703.01,1,21.8877,45.126,step
2026-08-31T19:07:25.841585+00:00,37.212,-0.2413,0.15,0.0,-0.0499,-0.0638,5830.98,1,21.9137,45.146,step
2026-08-31T19:07:25.842903+00:00,37.331,-0.2411,0.15,0.0,-0.0488,-0.063,5847.35,1,21.9318,45.166,step
2026-08-31T19:07:25.844222+00:00,37.448,-0.2409,0.15,0.0,-0.0477,-0.0623,5864.71,1,21.9483,45.186,step
2026-08-31T19:07:25.845604+00:00,37.566,-0.2407,0.15,0.0,-0.0466,-0.0616,5882.25,1,21.9639,45.206,step
2026-08-31T19:07:25.846890+00:00,37.683,-0.2406,0.15,0.0,-0.0456,-0.061,5900.02,1,21.9793,45.226,step
2026-08-31T19:07:25.848430+00:00,37.8,-0.2404,0.15,0.0,-0.0445,-0.0603,5918.1,1,21.9941,45.246,step
2026-08-31T19:07:25.849805+00:00,37.918,-0.2403,0.0,0.15,-0.0435,-0.0597,5936.44,1,22.0085,45.266,step
2026-08-31T19:07:25.851093+00:00,37.556,-0.2399,0.15,0.0,-0.0425,-0.0588,5748.61,1,22.0322,45.286,step
2026-08-31T19:07:25.852357+00:00,37.513,-0.2394,0.15,0.0,-0.0415,-0.0579,5878.48,1,22.0595,45.306,step
2026-08-31T19:07:25.853675+00:00,37.632,-0.2391,0.15,0.0,-0.0405,-0.0571,5894.72,1,22.0793,45.326,step
2026-08-31T19:07:25.854976+00:00,37.75,-0.2389,0.15,0.0,-0.0396,-0.0565,5912.03,1,22.0968,45.346,step
2026-08-31T19:07:25.856498+00:00,37.867,-0.2386,0.15,0.0,-0.0387,-0.0558,5929.56,1,22.114,45.366,step
2026-08-31T19:07:25.857818+00:00,37.985,-0.2384,0.15,0.0,-0.0378,-0.0552,5947.32,1,22.1303,45.386,step
2026-08-31T19:07:25.859180+00:00,38.103,-0.2382,0.15,0.0,-0.037,-0.0546,5965.38,1,22.146,45.406,step
2026-08-31T19:07:25.860467+00:00,38.221,-0.2381,0.0,0.15,-0.0361,-0.054,5983.78,1,22.1609,45.426,step
2026-08-31T19:07:25.861771+00:00,37.859,-0.2376,0.15,0.0,-0.0353,-0.0532,5794.62,1,22.1856,45.446,step
2026-08-31T19:07:25.863141+00:00,37.815,-0.2371,0.15,0.0,-0.0345,-0.0523,5925.78,1,22.2141,45.466,step
2026-08-31T19:07:25.864651+00:00,37.934,-0.2367,0.15,0.0,-0.0337,-0.0516,5942.04,1,22.2351,45.486,step
2026-08-31T19:07:25.865933+00:00,38.052,-0.2365,0.15,0.0,-0.0329,-0.0509,5959.39,1,22.2535,45.506,step
2026-08-31T19:07:25.867209+00:00,38.17,-0.2362,0.15,0.0,-0.0322,-0.0503,5976.93,1,22.271,45.526,step
2026-08-31T19:07:25.868495+00:00,38.288,-0.236,0.15,0.0,-0.0315,-0.0498,5994.74,1,22.2876,45.546,step
2026-08-31T19:07:25.869793+00:00,38.407,-0.2357,0.0,0.15,-0.0308,-0.0492,6012.88,1,22.3035,45.566,step
2026-08-31T19:07:25.871209+00:00,38.045,-0.2353,0.15,0.0,-0.0301,-0.0484,5823.06,1,22.329,45.586,step
2026-08-31T19:07:25.872690+00:00,38.001,-0.2347,0.15,0.0,-0.0295,-0.0476,5954.4,1,22.3576,45.606,step
2026-08-31T19:07:25.873977+00:00,38.12,-0.2343,0.15,0.0,-0.0289,-0.0469,5970.88,1,22.3786,45.626,step
2026-08-31T19:07:25.875309+00:00,38.239,-0.2341,0.15,0.0,-0.0282,-0.0464,5988.31,1,22.3968,45.646,step
2026-08-31T19:07:25.876654+00:00,38.357,-0.2338,0.15,0.0,-0.0277,-0.0458,6005.96,1,22.4142,45.666,step
2026-08-31T19:07:25.877976+00:00,38.475,-0.2335,0.15,0.0,-0.0271,-0.0453,6023.85,1,22.4313,45.686,step
2026-08-31T19:07:25.879412+00:00,38.593,-0.2333,0.15,0.0,-0.0265,-0.0448,6042.02,1,22.4468,45.706,step
2026-08-31T19:07:25.880863+00:00,38.712,-0.233,0.0,0.15,-0.026,-0.0443,6060.51,1,22.462,45.726,step
2026-08-31T19:07:25.882289+00:00,38.349,-0.2326,0.15,0.0,-0.0255,-0.0436,5869.05,1,22.487,45.746,step
2026-08-31T19:07:25.883591+00:00,38.305,-0.232,0.15,0.0,-0.025,-0.0428,6002.4,1,22.5161,45.766,step
2026-08-31T19:07:25.884938+00:00,38.425,-0.2316,0.15,0.0,-0.0245,-0.0422,6018.68,1,22.5374,45.786,step
2026-08-31T19:07:25.886241+00:00,38.543,-0.2312,0.15,0.0,-0.024,-0.0416,6036.09,1,22.5565,45.806,step
2026-08-31T19:07:25.887619+00:00,38.662,-0.231,0.15,0.0,-0.0236,-0.0411,6053.69,1,22.5736,45.826,step
2026-08-31T19:07:25.889049+00:00,38.781,-0.2307,0.15,0.0,-0.0232,-0.0407,6071.56,1,22.59,45.846,step
2026-08-31T19:07:25.890564+00:00,38.899,-0.2304,0.15,0.0,-0.0228,-0.0402,6089.77,1,22.6061,45.866,step
2026-08-31T19:07:25.891833+00:00,39.018,-0.2301,0.0,0.15,-0.0224,-0.0398,6108.26,1,22.6215,45.886,step
2026-08-31T19:07:25.893214+00:00,38.655,-0.2296,0.15,0.0,-0.022,-0.0391,5915.5,1,22.6459,45.906,step
2026-08-31T19:07:25.894533+00:00,38.61,-0.229,0.15,0.0,-0.0216,-0.0384,6050.11,1,22.6747,45.926,step
2026-08-31T19:07:25.895863+00:00,38.73,-0.2286,0.15,0.0,-0.0213,-0.0378,6066.43,1,22.6954,45.946,step
2026-08-31T19:07:25.897218+00:00,38.849,-0.2283,0.15,0.0,-0.021,-0.0373,6083.89,1,22.7132,45.966,step
2026-08-31T19:07:25.898832+00:00,38.968,-0.228,0.15,0.0,-0.0207,-0.0369,6101.53,1,22.7297,45.986,step
2026-08-31T19:07:25.900153+00:00,39.087,-0.2277,0.15,0.0,-0.0204,-0.0365,6119.45,1,22.7453,46.006,step
2026-08-31T19:07:25.901517+00:00,39.206,-0.2274,0.0,0.15,-0.0201,-0.0361,6137.7,1,22.7605,46.026,step
2026-08-31T19:07:25.902826+00:00,38.843,-0.2269,0.15,0.0,-0.0198,-0.0354,5944.29,1,22.7844,46.046,step
2026-08-31T19:07:25.904173+00:00,38.799,-0.2264,0.15,0.0,-0.0195,-0.0348,6079.08,1,22.8118,46.066,step
2026-08-31T19:07:25.905599+00:00,38.919,-0.226,0.15,0.0,-0.0193,-0.0343,6095.59,1,22.8309,46.086,step
2026-08-31T19:07:25.907136+00:00,39.038,-0.2256,0.15,0.0,-0.0191,-0.0339,6113.17,1,22.8479,46.106,step
2026-08-31T19:07:25.908475+00:00,39.157,-0.2253,0.15,0.0,-0.0189,-0.0335,6130.93,1,22.8641,46.126,step
2026-08-31T19:07:25.909820+00:00,39.276,-0.225,0.15,0.0,-0.0188,-0.0331,6148.89,1,22.8791,46.146,step
2026-08-31T19:07:25.911200+00:00,39.395,-0.2248,0.15,0.0,-0.0186,-0.0328,6167.2,1,22.8932,46.166,step
2026-08-31T19:07:25.912534+00:00,39.514,-0.2245,0.0,0.15,-0.0184,-0.0324,6185.8,1,22.9071,46.186,step
2026-08-31T19:07:25.913954+00:00,39.151,-0.224,0.15,0.0,-0.0183,-0.0319,5990.7,1,22.9299,46.206,step
2026-08-31T19:07:25.915433+00:00,39.106,-0.2234,0.15,0.0,-0.0181,-0.0313,6127.49,1,22.9564,46.226,step
2026-08-31T19:07:25.916748+00:00,39.226,-0.223,0.15,0.0,-0.018,-0.0308,6143.84,1,22.9748,46.246,step
2026-08-31T19:07:25.918115+00:00,39.346,-0.2227,0.15,0.0,-0.0179,-0.0305,6161.36,1,22.9909,46.266,step
2026-08-31T19:07:25.919445+00:00,39.465,-0.2224,0.15,0.0,-0.0178,-0.0301,6179.1,1,23.0059,46.286,step
2026-08-31T19:07:25.920803+00:00,39.584,-0.2221,0.15,0.0,-0.0178,-0.0298,6197.05,1,23.0195,46.306,step
2026-08-31T19:07:25.922358+00:00,39.704,-0.2218,0.0,0.15,-0.0177,-0.0295,6215.35,1,23.0321,46.326,step
2026-08-31T19:07:25.923788+00:00,39.341,-0.2214,0.15,0.0,-0.0176,-0.029,6019.74,1,23.0537,46.346,step
2026-08-31T19:07:25.925168+00:00,39.295,-0.2208,0.15,0.0,-0.0175,-0.0285,6156.62,1,23.0786,46.366,step
2026-08-31T19:07:25.926520+00:00,39.416,-0.2205,0.15,0.0,-0.0175,-0.0281,6173.22,1,23.0954,46.386,step
2026-08-31T19:07:25.927917+00:00,39.535,-0.2202,0.15,0.0,-0.0175,-0.0278,6190.83,1,23.1094,46.406,step
2026-08-31T19:07:25.929230+00:00,39.655,-0.2199,0.15,0.0,-0.0174,-0.0275,6208.65,1,23.1223,46.426,step
2026-08-31T19:07:25.930618+00:00,39.775,-0.2196,0.15,0.0,-0.0175,-0.0273,6226.71,1,23.1351,46.446,step
2026-08-31T19:07:25.932248+00:00,39.894,-0.2194,0.0,0.15,-0.0175,-0.0271,6245.08,1,23.1472,46.466,step
2026-08-31T19:07:25.933569+00:00,39.531,-0.2189,0.15,0.0,-0.0175,-0.0266,6048.5,1,23.1677,46.486,step
2026-08-31T19:07:25.934948+00:00,39.485,-0.2184,0.15,0.0,-0.0175,-0.0261,6186.33,1,23.1917,46.506,step
2026-08-31T19:07:25.936211+00:00,39.606,-0.218,0.15,0.0,-0.0175,-0.0258,6202.87,1,23.2072,46.526,step
2026-08-31T19:07:25.937466+00:00,39.726,-0.2177,0.15,0.0,-0.0176,-0.0255,6220.53,1,23.2201,46.546,step
2026-08-31T19:07:25.938739+00:00,39.845,-0.2175,0.15,0.0,-0.0176,-0.0253,6238.36,1,23.2321,46.566,step
2026-08-31T19:07:25.940172+00:00,39.965,-0.2172,0.15,0.0,-0.0177,-0.0251,6256.41,1,23.2434,46.586,step
2026-08-31T19:07:25.941504+00:00,40.085,-0.217,0.0,0.15,-0.0178,-0.0249,6274.79,1,23.2534,46.606,step
2026-08-31T19:07:25.942839+00:00,39.721,-0.2165,0.15,0.0,-0.0179,-0.0245,6077.42,1,23.2724,46.626,step
2026-08-31T19:07:25.944146+00:00,39.676,-0.216,0.15,0.0,-0.018,-0.0241,6216.05,1,23.2951,46.646,step
2026-08-31T19:07:25.945429+00:00,39.797,-0.2157,0.15,0.0,-0.018,-0.0238,6232.61,1,23.3094,46.666,step
2026-08-31T19:07:25.946718+00:00,39.916,-0.2154,0.15,0.0,-0.0181,-0.0236,6250.29,1,23.3217,46.686,step
2026-08-31T19:07:25.948216+00:00,40.036,-0.2151,0.15,0.0,-0.0183,-0.0234,6268.12,1,23.3325,46.706,step
2026-08-31T19:07:25.949569+00:00,40.156,-0.2149,0.15,0.0,-0.0184,-0.0232,6286.21,1,23.3417,46.726,step
2026-08-31T19:07:25.950870+00:00,40.276,-0.2148,0.0,0.15,-0.0185,-0.0231,6304.63,1,23.35,46.746,step
2026-08-31T19:07:25.952198+00:00,39.912,-0.2143,0.15,0.0,-0.0186,-0.0228,6106.35,1,23.3677,46.766,step
2026-08-31T19:07:25.953523+00:00,39.867,-0.2138,0.15,0.0,-0.0188,-0.0224,6245.79,1,23.389,46.786,step
2026-08-31T19:07:25.954937+00:00,39.987,-0.2135,0.15,0.0,-0.0189,-0.0221,6262.4,1,23.4022,46.806,step
2026-08-31T19:07:25.956488+00:00,40.107,-0.2133,0.15,0.0,-0.0191,-0.022,6280.1,1,23.4128,46.826,step
2026-08-31T19:07:25.957882+00:00,40.228,-0.2131,0.15,0.0,-0.0193,-0.0218,6297.94,1,23.4223,46.846,step
2026-08-31T19:07:25.959163+00:00,40.348,-0.2129,0.15,0.0,-0.0194,-0.0217,6316.06,1,23.4305,46.866,step
2026-08-31T19:07:25.960442+00:00,40.468,-0.2127,0.0,0.15,-0.0196,-0.0216,6334.49,1,23.4376,46.886,step
2026-08-31T19:07:25.961703+00:00,40.103,-0.2123,0.15,0.0,-0.0198,-0.0213,6135.32,1,23.454,46.906,step
2026-08-31T19:07:25.962977+00:00,40.058,-0.2118,0.15,0.0,-0.0199,-0.021,6275.59,1,23.4737,46.926,step
2026-08-31T19:07:25.964512+00:00,40.178,-0.2115,0.15,0.0,-0.0201,-0.0208,6292.22,1,23.4872,46.946,step
2026-08-31T19:07:25.965824+00:00,40.299,-0.2113,0.15,0.0,-0.0203,-0.0206,6309.93,1,23.5012,46.966,step
2026-08-31T19:07:25.967102+00:00,40.419,-0.2111,0.15,0.0,-0.0205,-0.0205,6327.79,1,23.517,46.986,step
2026-08-31T19:07:25.968403+00:00,40.539,-0.2109,0.15,0.0,-0.0207,-0.0205,6345.92,1,23.5342,47.006,step
2026-08-31T19:07:25.969692+00:00,40.659,-0.2108,0.15,0.0,-0.021,-0.0204,6364.38,1,23.554,47.026,step
2026-08-31T19:07:25.971013+00:00,40.779,-0.2106,0.0,0.15,-0.0212,-0.0204,6383.12,1,23.5765,47.046,step
2026-08-31T19:07:25.972603+00:00,40.415,-0.2103,0.15,0.0,-0.0214,-0.0202,6182.14,1,23.6126,47.066,step
2026-08-31T19:07:25.974110+00:00,40.368,-0.2098,0.15,0.0,-0.0215,-0.0198,6324.46,1,23.656,47.086,step
2026-08-31T19:07:25.975418+00:00,40.489,-0.2096,0.15,0.0,-0.0218,-0.0197,6340.94,1,23.6951,47.106,step
2026-08-31T19:07:25.976700+00:00,40.609,-0.2094,0.15,0.0,-0.022,-0.0196,6358.57,1,23.7349,47.126,step
2026-08-31T19:07:25.977996+00:00,40.73,-0.2092,0.15,0.0,-0.0222,-0.0195,6376.39,1,23.7772,47.146,step
2026-08-31T19:07:25.979303+00:00,40.85,-0.209,0.15,0.0,-0.0225,-0.0195,6394.49,1,23.8215,47.166,step
2026-08-31T19:07:25.980742+00:00,40.97,-0.2089,0.15,0.0,-0.0227,-0.0195,6412.93,1,23.8695,47.186,step
2026-08-31T19:07:25.982090+00:00,41.09,-0.2088,0.15,0.0,-0.0229,-0.0195,6431.67,1,23.9207,47.206,step
2026-08-31T19:07:25.983427+00:00,41.21,-0.2087,0.15,0.0,-0.0232,-0.0195,6450.64,1,23.9766,47.226,step
2026-08-31T19:07:25.984755+00:00,41.33,-0.2086,0.15,0.0,-0.0234,-0.0195,6469.83,1,24.0371,47.246,step
2026-08-31T19:07:25.986039+00:00,41.45,-0.2085,0.15,0.0,-0.0236,-0.0195,6488.91,1,24.1029,47.266,step
2026-08-31T19:07:25.987365+00:00,41.57,-0.2084,0.15,0.0,-0.0238,-0.0195,6507.81,1,24.1736,47.286,step
2026-08-31T19:07:25.988710+00:00,41.69,-0.2083,0.15,0.0,-0.024,-0.0196,6526.63,1,24.249,47.306,step
2026-08-31T19:07:25.990177+00:00,41.81,-0.2082,0.15,0.0,-0.0243,-0.0196,6545.4,1,24.3307,47.326,step
2026-08-31T19:07:25.991581+00:00,41.93,-0.2081,0.15,0.0,-0.0245,-0.0196,6564.15,1,24.4178,47.346,step
2026-08-31T19:07:25.992917+00:00,42.05,-0.208,0.15,0.0,-0.0247,-0.0196,6582.92,1,24.511,47.366,step
2026-08-31T19:07:25.994221+00:00,42.17,-0.2079,0.15,0.0,-0.0249,-0.0196,6601.67,1,24.611,47.386,step
2026-08-31T19:07:25.995560+00:00,42.289,-0.2078,0.15,0.0,-0.0251,-0.0196,6620.43,1,24.7172,47.406,step
2026-08-31T19:07:25.996911+00:00,42.409,-0.2077,0.15,0.0,-0.0253,-0.0196,6639.19,1,24.8304,47.426,step
2026-08-31T19:07:25.998397+00:00,42.529,-0.2076,0.15,0.0,-0.0255,-0.0196,6657.95,1,24.9509,47.446,step
2026-08-31T19:07:25.999746+00:00,42.649,-0.2076,0.15,0.0,-0.0257,-0.0197,6676.73,1,25.0792,47.466,step
2026-08-31T19:07:26.001062+00:00,42.769,-0.2075,0.15,0.0,-0.026,-0.0197,6695.5,1,25.2155,47.486,step
2026-08-31T19:07:26.002324+00:00,42.889,-0.2074,0.15,0.0,-0.0262,-0.0197,6714.24,1,25.3592,47.506,step
2026-08-31T19:07:26.003690+00:00,43.009,-0.2073,0.15,0.0,-0.0263,-0.0197,6733.0,1,25.511,47.526,step
2026-08-31T19:07:26.004957+00:00,43.129,-0.2073,0.15,0.0,-0.0265,-0.0198,6751.76,1,25.6721,47.546,step
2026-08-31T19:07:26.006380+00:00,43.248,-0.2072,0.15,0.0,-0.0267,-0.0198,6770.51,1,25.8431,47.566,step
2026-08-31T19:07:26.007817+00:00,43.368,-0.2072,0.15,0.0,-0.0269,-0.0198,6789.24,1,26.0242,47.586,step
2026-08-31T19:07:26.009148+00:00,43.487,-0.2071,0.15,0.0,-0.0271,-0.0199,6807.97,1,26.2162,47.606,step
2026-08-31T19:07:26.010411+00:00,43.607,-0.2071,0.15,0.0,-0.0273,-0.0199,6826.68,1,26.4196,47.626,step
2026-08-31T19:07:26.011652+00:00,43.727,-0.207,0.15,0.0,-0.0275,-0.02,6845.38,1,26.6352,47.646,step
2026-08-31T19:07:26.013004+00:00,43.846,-0.207,0.15,0.0,-0.0276,-0.02,6864.07,1,26.8636,47.666,step
2026-08-31T19:07:26.014525+00:00,43.965,-0.2069,0.15,0.0,-0.0278,-0.02,6882.75,1,27.1056,47.686,step
2026-08-31T19:07:26.016008+00:00,44.085,-0.2069,0.15,0.0,-0.028,-0.0201,6901.42,1,27.3619,47.706,step
2026-08-31T19:07:26.017411+00:00,44.204,-0.2068,0.15,0.0,-0.0281,-0.0201,6920.09,1,27.6335,47.726,step
2026-08-31T19:07:26.018657+00:00,44.323,-0.2068,0.15,0.0,-0.0283,-0.0201,6938.73,1,27.9212,47.746,step
2026-08-31T19:07:26.019885+00:00,44.442,-0.2067,0.15,0.0,-0.0285,-0.0202,6957.37,1,28.2262,47.766,step
2026-08-31T19:07:26.021273+00:00,44.561,-0.2067,0.15,0.0,-0.0286,-0.0202,6976.0,1,28.5496,47.786,step
2026-08-31T19:07:26.022762+00:00,44.68,-0.2067,0.15,0.0,-0.0288,-0.0203,6994.6,1,28.8925,47.806,step
2026-08-31T19:07:26.024161+00:00,44.799,-0.2066,0.15,0.0,-0.0289,-0.0203,7013.2,1,29.2562,47.826,step
2026-08-31T19:07:26.025502+00:00,44.918,-0.2066,0.15,0.0,-0.0291,-0.0203,7031.78,1,29.6422,47.846,step
2026-08-31T19:07:26.026808+00:00,45.036,-0.2065,0.15,0.0,-0.0292,-0.0204,7050.35,1,30.0523,47.866,step
2026-08-31T19:07:26.028122+00:00,45.155,-0.2065,0.15,0.0,-0.0294,-0.0204,7068.91,1,30.4879,47.886,step
2026-08-31T19:07:26.029448+00:00,45.274,-0.2065,0.15,0.0,-0.0295,-0.0204,7087.44,1,30.9509,47.906,step
2026-08-31T19:07:26.030754+00:00,45.392,-0.2065,0.15,0.0,-0.0296,-0.0205,7105.93,1,31.4415,47.926,step
2026-08-31T19:07:26.032229+00:00,45.511,-0.2065,0.15,0.0,-0.0297,-0.0205,7124.44,1,31.9623,47.946,step
2026-08-31T19:07:26.033503+00:00,45.629,-0.2065,0.15,0.0,-0.0299,-0.0206,7142.93,1,32.5171,47.966,step
2026-08-31T19:07:26.034803+00:00,45.747,-0.2065,0.15,0.0,-0.03,-0.0206,7161.42,1,33.1086,47.986,step
2026-08-31T19:07:26.036082+00:00,45.865,-0.2065,0.15,0.0,-0.0301,-0.0207,7179.88,1,33.7395,48.006,step
2026-08-31T19:07:26.037343+00:00,45.983,-0.2065,0.15,0.0,-0.0302,-0.0208,7198.33,1,34.4141,48.026,step
2026-08-31T19:07:26.038669+00:00,46.101,-0.2065,0.15,0.0,-0.0303,-0.0208,7216.76,1,35.1357,48.046,step
2026-08-31T19:07:26.040050+00:00,46.219,-0.2065,0.15,0.0,-0.0304,-0.0209,7235.17,1,35.9081,48.066,step
2026-08-31T19:07:26.041365+00:00,46.337,-0.2065,0.15,0.0,-0.0305,-0.021,7253.58,1,36.7399,48.086,step
2026-08-31T19:07:26.042641+00:00,46.454,-0.2065,0.15,0.0,-0.0306,-0.021,7271.95,1,37.6354,48.106,step
2026-08-31T19:07:26.043856+00:00,46.571,-0.2065,0.15,0.0,-0.0307,-0.021,7290.29,1,38.5998,48.126,step
2026-08-31T19:07:26.045081+00:00,46.689,-0.2065,0.15,0.0,-0.0308,-0.0211,7308.58,1,39.6365,48.146,step
2026-08-31T19:07:26.046348+00:00,46.806,-0.2065,0.15,0.0,-0.0309,-0.0211,7326.87,1,40.754,48.166,step
2026-08-31T19:07:26.047797+00:00,46.923,-0.2065,0.15,0.0,-0.0309,-0.0212,7345.19,1,41.9667,48.186,step
2026-08-31T19:07:26.049201+00:00,47.04,-0.2065,0.15,0.0,-0.031,-0.0212,7363.45,1,43.2853,48.206,step
2026-08-31T19:07:26.050467+00:00,47.156,-0.2065,0.15,0.0,-0.0311,-0.0212,7381.68,1,44.7198,48.226,step
2026-08-31T19:07:26.051727+00:00,47.273,-0.0065,0.8,0.0,-0.0312,-0.0213,7399.89,1,46.2854,48.246,step
2026-08-31T19:07:26.053038+00:00,47.864,-0.0083,0.8,0.0,-0.031,-0.0229,8842.19,1,47.424,48.266,step
2026-08-31T19:07:26.054379+00:00,48.664,-0.0135,0.8,0.0,-0.0304,-0.0276,10125.1,1,47.5846,48.286,step
2026-08-31T19:07:26.055940+00:00,49.519,-0.0199,0.8,0.0,-0.0293,-0.0333,11318.1,1,47.419,48.306,step
2026-08-31T19:07:26.057285+00:00,50.414,-0.0268,0.8,0.0,-0.0279,-0.0392,12406.9,2,47.2098,48.326,step
2026-08-31T19:07:26.058543+00:00,51.325,-0.0337,0.8,0.0,-0.0262,-0.045,9223.82,2,47.0535,48.346,step
2026-08-31T19:07:26.059834+00:00,52.177,-0.0405,0.8,0.0,-0.0242,-0.0506,9230.56,2,47.008,48.366,step
2026-08-31T19:07:26.061050+00:00,52.239,-0.0471,0.8,0.0,-0.0219,-0.0559,6037.99,2,47.1102,48.386,step
2026-08-31T19:07:26.062238+00:00,52.682,-0.0535,0.8,0.0,-0.0193,-0.0608,6462.51,2,47.3165,48.406,step
2026-08-31T19:07:26.063449+00:00,53.313,-0.0599,0.8,0.0,-0.0164,-0.0655,6590.6,2,47.6395,48.426,step
2026-08-31T19:07:26.064774+00:00,53.974,-0.0661,0.8,0.0,-0.0133,-0.07,6687.34,2,48.0858,48.446,step
2026-08-31T19:07:26.066083+00:00,54.651,-0.0722,0.8,0.0,-0.0099,-0.0743,6774.23,2,48.6522,48.466,step
2026-08-31T19:07:26.067331+00:00,55.336,-0.0783,0.8,0.0,-0.0063,-0.0784,6862.83,2,49.3431,48.486,step
2026-08-31T19:07:26.068603+00:00,56.03,-0.0843,0.8,0.0,-0.0024,-0.0823,6953.4,2,50.1687,48.506,step
2026-08-31T19:07:26.069930+00:00,56.732,-0.0903,0.8,0.0,0.0017,-0.086,7047.68,2,51.1465,48.526,step
2026-08-31T19:07:26.071214+00:00,57.441,-0.0962,0.8,0.0,0.0061,-0.0896,7147.78,2,52.2965,48.546,step
2026-08-31T19:07:26.072591+00:00,58.157,-0.102,0.8,0.0,0.0107,-0.093,7255.15,2,53.6508,48.566,step
2026-08-31T19:07:26.073925+00:00,58.881,-0.1077,0.8,0.0,0.0156,-0.0962,7370.47,2,55.25,48.586,step
2026-08-31T19:07:26.075209+00:00,59.613,-0.1133,0.8,0.0,0.0206,-0.0991,7493.87,2,57.1509,48.606,step
2026-08-31T19:07:26.076469+00:00,60.354,-0.1153,0.8,0.0,0.0259,-0.0985,7625.13,2,59.419,48.626,step
2026-08-31T19:07:26.077688+00:00,61.107,-0.1129,0.8,0.0,0.0311,-0.0937,7763.75,2,62.1106,48.646,step
2026-08-31T19:07:26.078844+00:00,61.871,-0.1102,0.8,0.0,0.036,-0.0887,7909.21,2,65.2574,48.666,step
2026-08-31T19:07:26.080022+00:00,62.649,-0.1073,0.8,0.0,0.0408,-0.0836,8061.51,2,68.894,48.686,step
2026-08-31T19:07:26.081280+00:00,63.44,-0.1042,0.8,0.0,0.0455,-0.0784,8221.66,2,73.0956,48.706,step
2026-08-31T19:07:26.082451+00:00,64.243,-0.101,0.8,0.0,0.0499,-0.0732,8391.37,2,77.989,48.726,step
2026-08-31T19:07:26.083661+00:00,65.059,-0.0975,0.8,0.0,0.0542,-0.0678,8573.6,2,83.7542,48.746,step
2026-08-31T19:07:26.084878+00:00,65.886,-0.0939,0.8,0.0,0.0582,-0.0624,8772.19,2,90.6547,48.766,step
2026-08-31T19:07:26.086069+00:00,66.725,-0.0901,0.8,0.0,0.0621,-0.0568,8991.9,2,99.0531,48.786,step
2026-08-31T19:07:26.087245+00:00,67.574,-0.0861,0.8,0.0,0.0657,-0.0512,9238.62,2,109.493,48.806,step
2026-08-31T19:07:26.088484+00:00,68.432,-0.0819,0.8,0.0,0.0692,-0.0455,9516.75,2,122.862,48.826,step
2026-08-31T19:07:26.089693+00:00,69.299,-0.0774,0.8,0.0,0.0725,-0.0396,9789.47,2,140.667,48.846,step
2026-08-31T19:07:26.090903+00:00,70.171,-0.0726,0.8,0.0,0.0755,-0.0335,10046.6,2,165.518,48.866,step
2026-08-31T19:07:26.092175+00:00,71.047,-0.0675,0.8,0.0,0.0784,-0.0273,10291.0,2,190.788,48.886,step
2026-08-31T19:07:26.093412+00:00,71.926,-0.0622,0.8,0.0,0.081,-0.0209,10524.4,2,198.026,48.906,step
2026-08-31T19:07:26.094631+00:00,72.808,-0.0566,0.8,0.0,0.0833,-0.0144,10747.9,2,200.0,48.926,step
2026-08-31T19:07:26.095871+00:00,73.691,-0.0507,0.8,0.0,0.0855,-0.0077,10962.3,2,200.0,48.946,step
2026-08-31T19:07:26.097112+00:00,74.576,-0.0446,0.8,0.0,0.0873,-0.0009,11168.2,2,200.0,48.966,step
2026-08-31T19:07:26.098606+00:00,75.461,-0.0382,0.8,0.0,0.0889,0.006,11366.0,2,200.0,48.986,step
2026-08-31T19:07:26.099907+00:00,76.348,-0.0316,0.8,0.0,0.0902,0.013,11556.1,2,200.0,49.006,step
2026-08-31T19:07:26.101178+00:00,77.236,-0.0247,0.8,0.0,0.0912,0.0201,11738.8,2,200.0,49.026,step
2026-08-31T19:07:26.102506+00:00,78.124,-0.0177,0.8,0.0,0.0919,0.0272,11914.4,2,200.0,49.046,step
2026-08-31T19:07:26.103863+00:00,79.013,-0.0104,0.8,0.0,0.0923,0.0344,12083.2,2,200.0,49.066,step
2026-08-31T19:07:26.105195+00:00,79.903,-0.003,0.8,0.0,0.0923,0.0415,12245.3,2,157.922,49.086,step
2026-08-31T19:07:26.106540+00:00,80.793,0.0045,0.8,0.0,0.0919,0.0486,12400.9,3,134.824,49.106,step
2026-08-31T19:07:26.107729+00:00,81.663,0.0121,0.15,0.0,0.0912,0.0555,9803.96,3,118.021,49.126,step
2026-08-31T19:07:26.108932+00:00,82.249,0.0181,0.15,0.0,0.0899,0.0607,9807.77,3,107.857,49.146,step
2026-08-31T19:07:26.110172+00:00,82.255,0.0211,0.15,0.0,0.0879,0.0626,7528.77,3,104.404,49.166,step
2026-08-31T19:07:26.111464+00:00,82.266,0.0225,0.15,0.0,0.0851,0.0626,7552.31,3,104.104,49.186,step
2026-08-31T19:07:26.112721+00:00,82.303,0.0234,0.15,0.0,0.0818,0.0619,7554.38,3,104.978,49.206,step
2026-08-31T19:07:26.113995+00:00,82.339,0.0242,0.15,0.0,0.0782,0.0609,7556.78,3,106.267,49.226,step
2026-08-31T19:07:26.115322+00:00,82.374,0.025,0.15,0.0,0.0743,0.0598,7559.35,3,107.789,49.246,step
2026-08-31T19:07:26.116542+00:00,82.408,0.0258,0.15,0.0,0.0703,0.0587,7562.04,3,109.504,49.266,step
2026-08-31T19:07:26.117780+00:00,82.442,0.0265,0.15,0.0,0.0663,0.0575,7564.84,3,111.41,49.286,step
2026-08-31T19:07:26.119010+00:00,82.475,0.0272,0.15,0.0,0.0623,0.0562,7567.68,3,113.5,49.306,step
2026-08-31T19:07:26.120251+00:00,82.508,0.0279,0.15,0.0,0.0582,0.0549,7570.58,3,115.736,49.326,step
2026-08-31T19:07:26.121484+00:00,82.541,0.0285,0.15,0.0,0.0543,0.0536,7573.54,3,118.134,49.346,step
2026-08-31T19:07:26.122892+00:00,82.574,0.0291,0.8,0.0,0.0503,0.0522,7576.54,3,120.74,49.366,step
2026-08-31T19:07:26.124069+00:00,82.961,0.0295,0.8,0.0,0.0465,0.0508,7966.81,3,123.631,49.386,step
2026-08-31T19:07:26.125308+00:00,83.562,0.0298,0.8,0.0,0.0427,0.0493,8055.41,3,127.02,49.406,step
2026-08-31T19:07:26.126535+00:00,84.195,0.03,0.8,0.0,0.039,0.0477,8106.62,3,130.813,49.426,step
2026-08-31T19:07:26.127720+00:00,84.834,0.0302,0.8,0.0,0.0354,0.0461,8153.83,3,134.883,49.446,step
2026-08-31T19:07:26.128920+00:00,85.472,0.0303,0.8,0.0,0.0318,0.0445,8208.37,3,139.185,49.466,step
2026-08-31T19:07:26.130256+00:00,86.108,0.0304,0.8,0.0,0.0284,0.0429,8271.66,3,143.765,49.486,step
2026-08-31T19:07:26.131729+00:00,86.744,0.0305,0.8,0.0,0.025,0.0414,8341.7,3,148.718,49.506,step
2026-08-31T19:07:26.133017+00:00,87.382,0.0305,0.8,0.0,0.0217,0.0398,8417.29,3,154.182,49.526,step
2026-08-31T19:07:26.134246+00:00,88.027,0.0304,0.8,0.0,0.0185,0.0381,8492.95,3,160.3,49.546,step
2026-08-31T19:07:26.135465+00:00,88.679,0.0302,0.8,0.0,0.0154,0.0364,8565.77,3,167.189,49.566,step
2026-08-31T19:07:26.136681+00:00,89.339,0.0299,0.8,0.0,0.0124,0.0347,8635.98,3,200.0,49.586,step
2026-08-31T19:07:26.138013+00:00,90.005,0.0295,0.8,0.0,0.0095,0.033,8705.59,3,200.0,49.606,step
2026-08-31T19:07:26.139642+00:00,90.677,0.029,0.8,0.0,0.0068,0.0312,8774.58,3,200.0,49.626,step
2026-08-31T19:07:26.140986+00:00,91.355,0.0285,0.8,0.0,0.0041,0.0294,8843.18,3,200.0,49.646,step
2026-08-31T19:07:26.142253+00:00,92.038,0.028,0.8,0.0,0.0016,0.0277,8912.09,3,200.0,49.666,step
2026-08-31T19:07:26.143522+00:00,92.726,0.0273,0.15,0.0,-0.0008,0.0259,8981.96,3,200.0,49.686,step
2026-08-31T19:07:26.144806+00:00,93.04,0.0268,0.15,0.0,-0.0031,0.0243,8531.45,3,200.0,49.706,step
2026-08-31T19:07:26.146164+00:00,93.054,0.0263,0.15,0.0,-0.0052,0.0228,8533.61,3,200.0,49.726,step
2026-08-31T19:07:26.147632+00:00,93.07,0.0258,0.15,0.0,-0.0072,0.0214,8536.32,3,200.0,49.746,step
2026-08-31T19:07:26.149015+00:00,93.086,0.0252,0.15,0.0,-0.009,0.0199,8538.32,3,200.0,49.766,step
2026-08-31T19:07:26.150291+00:00,93.102,0.0245,0.15,0.0,-0.0107,0.0184,8539.83,3,200.0,49.786,step
2026-08-31T19:07:26.151568+00:00,93.118,0.0238,0.15,0.0,-0.0123,0.017,8541.11,3,199.728,49.806,step
2026-08-31T19:07:26.152837+00:00,93.135,0.023,0.15,0.0,-0.0137,0.0155,8542.33,3,198.668,49.826,step
2026-08-31T19:07:26.154125+00:00,93.151,0.0222,0.15,0.0,-0.015,0.0142,8543.6,3,197.623,49.846,step
2026-08-31T19:07:26.155517+00:00,93.168,0.0215,0.15,0.0,-0.0162,0.0129,8544.98,3,196.596,49.866,step
2026-08-31T19:07:26.156960+00:00,93.184,0.0207,0.15,0.0,-0.0173,0.0116,8546.38,3,195.589,49.886,step
2026-08-31T19:07:26.158300+00:00,93.201,0.02,0.15,0.0,-0.0183,0.0104,8547.82,3,194.595,49.906,step
2026-08-31T19:07:26.159638+00:00,93.217,0.0192,0.15,0.0,-0.0192,0.0093,8549.31,3,193.613,49.926,step
2026-08-31T19:07:26.160977+00:00,93.233,0.0184,0.15,0.0,-0.0199,0.0081,8550.82,3,192.649,49.946,step
2026-08-31T19:07:26.162373+00:00,93.25,0.0177,0.15,0.0,-0.0206,0.0071,8552.37,3,191.703,49.966,step
2026-08-31T19:07:26.163694+00:00,93.266,0.0169,0.15,0.0,-0.0212,0.0061,8553.91,3,190.77,49.986,step
2026-08-31T19:07:26.165218+00:00,93.283,0.0162,0.15,0.0,-0.0217,0.0051,8555.42,3,189.847,50.006,step
2026-08-31T19:07:26.166451+00:00,93.299,0.0154,0.15,0.0,-0.0221,0.0042,8556.91,3,188.941,50.026,step
2026-08-31T19:07:26.167720+00:00,93.316,0.0147,0.15,0.0,-0.0224,0.0033,8558.4,3,188.056,50.046,step
2026-08-31T19:07:26.168968+00:00,93.332,0.014,0.15,0.0,-0.0227,0.0025,8559.88,3,187.184,50.066,step
2026-08-31T19:07:26.170198+00:00,93.349,0.0132,0.15,0.0,-0.0229,0.0017,8561.36,3,186.324,50.086,step
2026-08-31T19:07:26.171473+00:00,93.365,0.0125,0.15,0.0,-0.023,0.001,8562.84,3,185.484,50.106,step
2026-08-31T19:07:26.172877+00:00,93.381,0.0118,0.15,0.0,-0.0231,0.0002,8564.32,3,184.654,50.126,step
2026-08-31T19:07:26.174169+00:00,93.398,0.0111,0.15,0.0,-0.0231,-0.0005,8565.8,3,183.833,50.146,step
2026-08-31T19:07:26.175551+00:00,93.414,0.0104,0.15,0.0,-0.023,-0.0011,8567.29,3,183.029,50.166,step
2026-08-31T19:07:26.176914+00:00,93.43,0.0097,0.15,0.0,-0.0229,-0.0017,8568.78,3,182.246,50.186,step
2026-08-31T19:07:26.178253+00:00,93.447,0.009,0.15,0.0,-0.0228,-0.0023,8570.27,3,181.476,50.206,step
2026-08-31T19:07:26.179581+00:00,93.463,0.0084,0.15,0.0,-0.0226,-0.0028,8571.76,3,180.72,50.226,step
2026-08-31T19:07:26.181066+00:00,93.479,0.0077,0.15,0.0,-0.0223,-0.0033,8573.25,3,179.984,50.246,step
2026-08-31T19:07:26.182461+00:00,93.495,0.0071,0.15,0.0,-0.022,-0.0037,8574.73,3,179.261,50.266,step
2026-08-31T19:07:26.183735+00:00,93.512,0.0065,0.15,0.0,-0.0217,-0.0042,8576.21,3,178.553,50.286,step
2026-08-31T19:07:26.185047+00:00,93.528,0.0059,0.15,0.0,-0.0213,-0.0046,8577.69,3,177.854,50.306,step
2026-08-31T19:07:26.186387+00:00,93.544,0.0053,0.15,0.0,-0.0209,-0.0049,8579.17,3,177.169,50.326,step
2026-08-31T19:07:26.187754+00:00,93.56,0.0048,0.15,0.0,-0.0205,-0.0052,8580.64,3,176.503,50.346,step
2026-08-31T19:07:26.188995+00:00,93.576,0.0043,0.15,0.0,-0.02,-0.0055,8582.11,3,175.851,50.366,step
2026-08-31T19:07:26.190457+00:00,93.593,0.0037,0.15,0.0,-0.0195,-0.0058,8583.58,3,175.215,50.386,step
2026-08-31T19:07:26.191718+00:00,93.609,0.0033,0.15,0.0,-0.019,-0.006,8585.05,3,174.592,50.406,step
2026-08-31T19:07:26.192999+00:00,93.625,0.0028,0.15,0.0,-0.0185,-0.0062,8586.51,3,173.983,50.426,step
2026-08-31T19:07:26.194280+00:00,93.641,0.0023,0.15,0.0,-0.018,-0.0064,8587.98,3,173.385,50.446,step
2026-08-31T19:07:26.195508+00:00,93.657,0.0019,0.15,0.0,-0.0174,-0.0065,8589.44,3,172.8,50.466,step
2026-08-31T19:07:26.196819+00:00,93.673,0.0015,0.15,0.0,-0.0168,-0.0067,8590.9,3,172.224,50.486,step
2026-08-31T19:07:26.198193+00:00,93.689,0.0011,0.15,0.0,-0.0163,-0.0068,8592.35,3,171.653,50.506,step
2026-08-31T19:07:26.199470+00:00,93.705,0.0007,0.15,0.0,-0.0157,-0.0069,8593.81,3,171.094,50.526,step
2026-08-31T19:07:26.200775+00:00,93.721,0.0004,0.15,0.0,-0.0152,-0.0069,8595.26,3,170.544,50.546,step
2026-08-31T19:07:26.202047+00:00,93.736,0.0,0.15,0.0,-0.0145,-0.007,8596.71,3,170.004,50.566,step
2026-08-31T19:07:26.203322+00:00,93.752,-0.0003,0.15,0.0,-0.0139,-0.007,8598.15,3,169.475,50.586,step
2026-08-31T19:07:26.204619+00:00,93.768,-0.0006,0.15,0.0,-0.0133,-0.007,8599.6,3,168.951,50.606,step
2026-08-31T19:07:26.206104+00:00,93.784,-0.0009,0.15,0.0,-0.0126,-0.007,8601.04,3,168.438,50.626,step
2026-08-31T19:07:26.207357+00:00,93.8,-0.0012,0.15,0.0,-0.012,-0.0069,8602.48,3,167.937,50.646,step
2026-08-31T19:07:26.208611+00:00,93.815,-0.0014,0.15,0.0,-0.0114,-0.0069,8603.91,3,167.439,50.666,step
2026-08-31T19:07:26.209864+00:00,93.831,-0.0017,0.15,0.0,-0.0108,-0.0068,8605.35,3,166.944,50.686,step
2026-08-31T19:07:26.211126+00:00,93.847,-0.0019,0.15,0.0,-0.0102,-0.0067,8606.78,3,166.458,50.706,step
2026-08-31T19:07:26.212418+00:00,93.862,-0.0021,0.15,0.0,-0.0096,-0.0066,8608.21,3,165.98,50.726,step
2026-08-31T19:07:26.213759+00:00,93.878,-0.0023,0.15,0.0,-0.009,-0.0065,8609.63,3,165.505,50.746,step
2026-08-31T19:07:26.215359+00:00,93.894,-0.0024,0.15,0.0,-0.0084,-0.0064,8611.06,3,165.03,50.766,step
2026-08-31T19:07:26.216586+00:00,93.909,-0.0026,0.15,0.0,-0.0078,-0.0063,8612.47,3,164.554,50.786,step
2026-08-31T19:07:26.217858+00:00,93.925,-0.0028,0.15,0.0,-0.0073,-0.0062,8613.89,3,164.087,50.806,step
2026-08-31T19:07:26.219064+00:00,93.94,-0.0029,0.15,0.0,-0.0067,-0.006,8615.31,3,163.63,50.826,step
2026-08-31T19:07:26.220342+00:00,93.956,-0.003,0.15,0.0,-0.0062,-0.0059,8616.72,3,163.176,50.846,step
2026-08-31T19:07:26.221714+00:00,93.971,-0.0031,0.15,0.0,-0.0057,-0.0057,8618.13,3,162.724,50.866,step
2026-08-31T19:07:26.223101+00:00,93.987,-0.0031,0.15,0.0,-0.0052,-0.0055,8619.54,3,162.271,50.886,step
2026-08-31T19:07:26.224394+00:00,94.002,-0.0032,0.15,0.0,-0.0048,-0.0054,8620.95,3,161.817,50.906,step
2026-08-31T19:07:26.225610+00:00,94.017,-0.0032,0.15,0.0,-0.0044,-0.0052,8622.35,3,161.363,50.926,step
2026-08-31T19:07:26.226833+00:00,94.033,-0.0033,0.15,0.0,-0.0039,-0.005,8623.74,3,160.909,50.946,step
2026-08-31T19:07:26.228085+00:00,94.048,-0.0033,0.15,0.0,-0.0035,-0.0049,8625.14,3,160.454,50.966,step
2026-08-31T19:07:26.229339+00:00,94.063,-0.0033,0.15,0.0,-0.0031,-0.0047,8626.53,3,159.998,50.986,step
2026-08-31T19:07:26.230818+00:00,94.079,-0.0034,0.15,0.0,-0.0027,-0.0046,8627.93,3,159.542,51.006,step
2026-08-31T19:07:26.232084+00:00,94.094,-0.0034,0.15,0.0,-0.0023,-0.0044,8629.32,3,159.085,51.026,step
2026-08-31T19:07:26.233361+00:00,94.109,-0.0034,0.15,0.0,-0.0019,-0.0042,8630.7,3,158.627,51.046,step
2026-08-31T19:07:26.234664+00:00,94.124,-0.0035,0.15,0.0,-0.0015,-0.0041,8632.09,3,158.169,51.066,step
2026-08-31T19:07:26.235946+00:00,94.139,-0.0035,0.15,0.0,-0.0011,-0.0039,8633.47,3,157.711,51.086,step
2026-08-31T19:07:26.237217+00:00,94.154,-0.0035,0.15,0.0,-0.0008,-0.0037,8634.85,3,157.252,51.106,step
2026-08-31T19:07:26.238543+00:00,94.169,-0.0035,0.15,0.0,-0.0004,-0.0036,8636.23,3,156.793,51.126,step
2026-08-31T19:07:26.239977+00:00,94.184,-0.0035,0.15,0.0,-0.0002,-0.0034,8637.6,3,156.335,51.146,step
2026-08-31T19:07:26.241237+00:00,94.2,-0.0034,0.15,0.0,0.0001,-0.0032,8638.97,3,155.876,51.166,step
2026-08-31T19:07:26.242548+00:00,94.215,-0.0034,0.15,0.0,0.0003,-0.0031,8640.34,3,155.417,51.186,step
2026-08-31T19:07:26.243826+00:00,94.23,-0.0033,0.15,0.0,0.0006,-0.0029,8641.71,3,154.957,51.206,step
2026-08-31T19:07:26.245169+00:00,94.244,-0.0033,0.15,0.0,0.0008,-0.0028,8643.07,3,154.496,51.226,step
2026-08-31T19:07:26.246422+00:00,94.259,-0.0032,0.15,0.0,0.001,-0.0026,8644.43,3,154.035,51.246,step
2026-08-31T19:07:26.247868+00:00,94.274,-0.0032,0.15,0.0,0.0013,-0.0024,8645.79,3,153.574,51.266,step
2026-08-31T19:07:26.249124+00:00,94.289,-0.0031,0.15,0.0,0.0015,-0.0023,8647.15,3,153.112,51.286,step
2026-08-31T19:07:26.250407+00:00,94.304,-0.003,0.15,0.0,0.0017,-0.0021,8648.5,3,152.649,51.306,step
2026-08-31T19:07:26.251678+00:00,94.319,-0.003,0.15,0.0,0.0019,-0.0019,8649.85,3,152.186,51.326,step
2026-08-31T19:07:26.252945+00:00,94.334,-0.0029,0.15,0.0,0.0021,-0.0018,8651.2,3,151.723,51.346,step
2026-08-31T19:07:26.254329+00:00,94.348,-0.0028,0.15,0.0,0.0023,-0.0016,8652.55,3,151.258,51.366,step
2026-08-31T19:07:26.255689+00:00,94.363,-0.0027,0.15,0.0,0.0024,-0.0014,8653.9,3,150.795,51.386,step
2026-08-31T19:07:26.257143+00:00,94.378,-0.0026,0.15,0.0,0.0025,-0.0013,8655.24,3,150.331,51.406,step
2026-08-31T19:07:26.258399+00:00,94.392,-0.0024,0.15,0.0,0.0026,-0.0011,8656.58,3,149.867,51.426,step
2026-08-31T19:07:26.259677+00:00,94.407,-0.0023,0.15,0.0,0.0026,-0.001,8657.91,3,149.395,51.446,step
2026-08-31T19:07:26.260902+00:00,94.422,-0.0022,0.15,0.0,0.0027,-0.0009,8659.25,3,148.915,51.466,step
2026-08-31T19:07:26.262151+00:00,94.436,-0.0021,0.15,0.0,0.0027,-0.0007,8660.58,3,148.432,51.486,step
2026-08-31T19:07:26.263455+00:00,94.451,-0.0021,0.15,0.0,0.0028,-0.0006,8661.91,3,147.947,51.506,step
2026-08-31T19:07:26.264988+00:00,94.466,-0.002,0.15,0.0,0.0028,-0.0005,8663.24,3,147.461,51.526,step
2026-08-31T19:07:26.266273+00:00,94.48,-0.0019,0.15,0.0,0.0029,-0.0004,8664.56,3,146.975,51.546,step
2026-08-31T19:07:26.267531+00:00,94.495,-0.0018,0.15,0.0,0.0029,-0.0003,8665.89,3,146.488,51.566,step
2026-08-31T19:07:26.268774+00:00,94.509,-0.0017,0.15,0.0,0.0029,-0.0002,8667.21,3,146.002,51.586,step
2026-08-31T19:07:26.270130+00:00,94.523,-0.0016,0.15,0.0,0.0029,-0.0001,8668.53,3,145.514,51.606,step
2026-08-31T19:07:26.271429+00:00,94.538,-0.0015,0.15,0.0,0.0029,0.0,8669.84,3,145.027,51.626,step
2026-08-31T19:07:26.272843+00:00,94.552,-0.0014,0.15,0.0,0.0029,0.0001,8671.16,3,144.532,51.646,step
2026-08-31T19:07:26.274144+00:00,94.567,-0.0013,0.15,0.0,0.0029,0.0002,8672.46,3,144.029,51.666,step
2026-08-31T19:07:26.275412+00:00,94.581,-0.0012,0.15,0.0,0.0029,0.0002,8673.77,3,143.526,51.686,step
2026-08-31T19:07:26.276666+00:00,94.595,-0.0012,0.15,0.0,0.0029,0.0003,8675.08,3,143.021,51.706,step
2026-08-31T19:07:26.277903+00:00,94.61,-0.0011,0.15,0.0,0.0029,0.0004,8676.38,3,142.517,51.726,step
2026-08-31T19:07:26.279183+00:00,94.624,-0.001,0.15,0.0,0.0029,0.0004,8677.68,3,142.012,51.746,step
2026-08-31T19:07:26.280627+00:00,94.638,-0.0009,0.15,0.0,0.0029,0.0005,8678.98,3,141.507,51.766,step
2026-08-31T19:07:26.281920+00:00,94.652,-0.0008,0.15,0.0,0.0028,0.0005,8680.28,3,141.001,51.786,step
2026-08-31T19:07:26.283151+00:00,94.666,-0.0008,0.15,0.0,0.0028,0.0006,8681.57,3,140.496,51.806,step
2026-08-31T19:07:26.284402+00:00,94.681,-0.0007,0.15,0.0,0.0027,0.0007,8682.86,3,139.99,51.826,step
2026-08-31T19:07:26.285605+00:00,94.695,-0.0006,0.15,0.0,0.0027,0.0007,8684.15,3,139.485,51.846,step
2026-08-31T19:07:26.286847+00:00,94.709,-0.0005,0.15,0.0,0.0026,0.0008,8685.44,3,138.979,51.866,step
2026-08-31T19:07:26.288215+00:00,94.723,-0.0004,0.15,0.0,0.0026,0.0008,8686.73,3,138.466,51.886,step
2026-08-31T19:07:26.289644+00:00,94.737,-0.0004,0.15,0.0,0.0025,0.0008,8688.01,3,137.944,51.906,step
2026-08-31T19:07:26.290911+00:00,94.751,-0.0003,0.15,0.0,0.0024,0.0009,8689.29,3,137.42,51.926,step
2026-08-31T19:07:26.292156+00:00,94.765,-0.0003,0.15,0.0,0.0024,0.0009,8690.56,3,136.894,51.946,step
2026-08-31T19:07:26.293386+00:00,94.779,-0.0003,0.15,0.0,0.0023,0.0009,8691.84,3,136.368,51.966,step
2026-08-31T19:07:26.294563+00:00,94.793,-0.0002,0.15,0.0,0.0022,0.0009,8693.11,3,135.842,51.986,step
2026-08-31T19:07:26.295905+00:00,94.807,-0.0002,0.15,0.0,0.0021,0.0009,8694.38,3,135.315,52.006,step
2026-08-31T19:07:26.297213+00:00,94.821,-0.0001,0.15,0.0,0.002,0.0009,8695.65,3,134.789,52.026,step
2026-08-31T19:07:26.298607+00:00,94.835,-0.0001,0.15,0.0,0.0019,0.0009,8696.92,3,134.262,52.046,step
2026-08-31T19:07:26.299819+00:00,94.849,-0.0,0.15,0.0,0.0018,0.0009,8698.18,3,133.736,52.066,step
2026-08-31T19:07:26.301094+00:00,94.862,0.0,0.15,0.0,0.0017,0.0009,8699.44,3,133.209,52.086,step
2026-08-31T19:07:26.302287+00:00,94.876,0.0001,0.15,0.0,0.0016,0.0009,8700.7,3,132.683,52.106,step
2026-08-31T19:07:26.303486+00:00,94.89,0.0001,0.15,0.0,0.0015,0.0009,8701.96,3,132.156,52.126,step
2026-08-31T19:07:26.304675+00:00,94.904,0.0002,0.15,0.0,0.0014,0.0009,8703.21,3,131.63,52.146,step
2026-08-31T19:07:26.306113+00:00,94.917,0.0002,0.15,0.0,0.0013,0.0009,8704.46,3,131.102,52.166,step
2026-08-31T19:07:26.307520+00:00,94.931,0.0002,0.15,0.0,0.0013,0.0009,8705.71,3,130.574,52.186,step
2026-08-31T19:07:26.308735+00:00,94.945,0.0003,0.15,0.0,0.0013,0.0009,8706.96,3,130.046,52.206,step
2026-08-31T19:07:26.309983+00:00,94.958,0.0003,0.15,0.0,0.0012,0.0009,8708.21,3,129.518,52.226,step
2026-08-31T19:07:26.311234+00:00,94.972,0.0003,0.15,0.0,0.0012,0.0009,8709.45,3,128.989,52.246,step
2026-08-31T19:07:26.312496+00:00,94.986,0.0003,0.15,0.0,0.0011,0.0009,8710.69,3,128.461,52.266,step
2026-08-31T19:07:26.314016+00:00,94.999,0.0004,0.15,0.0,0.0011,0.0009,8711.93,3,127.933,52.286,step
2026-08-31T19:07:26.315333+00:00,95.013,0.0004,0.15,0.0,0.001,0.0009,8713.16,3,127.405,52.306,step
2026-08-31T19:07:26.316573+00:00,95.026,0.0004,0.15,0.0,0.0009,0.0009,8714.4,3,126.877,52.326,step
2026-08-31T19:07:26.317845+00:00,95.04,0.0005,0.15,0.0,0.0009,0.0009,8715.63,3,126.349,52.346,step
2026-08-31T19:07:26.319042+00:00,95.053,0.0005,0.15,0.0,0.0008,0.0009,8716.86,3,125.821,52.366,step
2026-08-31T19:07:26.320254+00:00,95.067,0.0005,0.15,0.0,0.0007,0.0009,8718.08,3,125.293,52.386,step
2026-08-31T19:07:26.321544+00:00,95.08,0.0005,0.15,0.0,0.0006,0.0008,8719.31,3,124.759,52.406,step
2026-08-31T19:07:26.322993+00:00,95.094,0.0005,0.15,0.0,0.0005,0.0008,8720.53,3,124.217,52.426,step
2026-08-31T19:07:26.324287+00:00,95.107,0.0005,0.15,0.0,0.0005,0.0007,8721.75,3,123.673,52.446,step
2026-08-31T19:07:26.325522+00:00,95.12,0.0005,0.15,0.0,0.0004,0.0007,8722.97,3,123.128,52.466,step
2026-08-31T19:07:26.326795+00:00,95.133,0.0005,0.15,0.0,0.0003,0.0006,8724.18,3,122.582,52.486,step
2026-08-31T19:07:26.328062+00:00,95.147,0.0005,0.15,0.0,0.0002,0.0005,8725.4,3,122.035,52.506,step
2026-08-31T19:07:26.329380+00:00,95.16,0.0004,0.15,0.0,0.0002,0.0005,8726.61,3,121.495,52.526,step
2026-08-31T19:07:26.330729+00:00,95.173,0.0005,0.15,0.0,0.0001,0.0005,8727.81,3,120.962,52.546,step
2026-08-31T19:07:26.331984+00:00,95.186,0.0005,0.15,0.0,0.0001,0.0005,8729.02,3,120.431,52.566,step
2026-08-31T19:07:26.333184+00:00,95.2,0.0005,0.0,0.15,0.0,0.0005,8730.22,3,119.902,52.586,step
2026-08-31T19:07:26.334431+00:00,94.828,0.0005,0.0,0.15,-0.0,0.0005,8550.88,3,119.378,52.606,step
2026-08-31T19:07:26.335631+00:00,94.257,0.0006,0.0,0.15,-0.0001,0.0005,8495.94,3,118.862,52.626,step
2026-08-31T19:07:26.336840+00:00,93.686,0.0006,0.0,0.15,-0.0001,0.0006,8442.35,3,118.346,52.646,step
2026-08-31T19:07:26.338067+00:00,93.118,0.0007,0.0,0.15,-0.0001,0.0006,8390.6,3,117.832,52.666,step
2026-08-31T19:07:26.339519+00:00,92.552,0.0007,0.0,0.15,-0.0002,0.0006,8340.13,3,117.321,52.686,step
2026-08-31T19:07:26.340765+00:00,91.989,0.0007,0.0,0.15,-0.0002,0.0006,8290.33,3,116.812,52.706,step
2026-08-31T19:07:26.342053+00:00,91.429,0.0008,0.0,0.15,-0.0003,0.0006,8240.83,3,116.306,52.726,step
2026-08-31T19:07:26.343355+00:00,90.87,0.0008,0.0,0.15,-0.0003,0.0006,8191.39,3,115.802,52.746,step
2026-08-31T19:07:26.344667+00:00,90.314,0.0008,0.0,0.15,-0.0003,0.0006,8141.95,3,115.301,52.766,step
2026-08-31T19:07:26.345980+00:00,89.76,0.0008,0.0,0.15,-0.0004,0.0006,8092.54,3,114.803,52.786,step
2026-08-31T19:07:26.347276+00:00,89.207,0.0009,0.15,0.0,-0.0004,0.0006,8043.18,3,114.308,52.806,step
2026-08-31T19:07:26.348851+00:00,89.043,0.0009,0.15,0.0,-0.0004,0.0006,8170.84,3,113.81,52.826,step
2026-08-31T19:07:26.350072+00:00,89.067,0.0009,0.15,0.0,-0.0005,0.0006,8171.53,3,113.304,52.846,step
2026-08-31T19:07:26.351269+00:00,89.092,0.0008,0.15,0.0,-0.0005,0.0005,8172.42,3,112.795,52.866,step
2026-08-31T19:07:26.352483+00:00,89.116,0.0008,0.15,0.0,-0.0006,0.0005,8173.83,3,112.285,52.886,step
2026-08-31T19:07:26.353665+00:00,89.14,0.0007,0.15,0.0,-0.0006,0.0004,8175.76,3,111.774,52.906,step
2026-08-31T19:07:26.354958+00:00,89.163,0.0007,0.15,0.0,-0.0006,0.0004,8178.07,3,111.263,52.926,step
2026-08-31T19:07:26.356414+00:00,89.187,0.0007,0.15,0.0,-0.0007,0.0003,8180.72,3,110.753,52.946,step
2026-08-31T19:07:26.357688+00:00,89.21,0.0006,0.15,0.0,-0.0007,0.0003,8183.36,3,110.242,52.966,step
2026-08-31T19:07:26.358964+00:00,89.234,0.0006,0.15,0.0,-0.0007,0.0002,8185.78,3,109.731,52.986,step
2026-08-31T19:07:26.360244+00:00,89.257,0.0005,0.15,0.0,-0.0007,0.0001,8188.01,3,109.22,53.006,step
2026-08-31T19:07:26.361440+00:00,89.281,0.0005,0.15,0.0,-0.0007,0.0001,8190.13,3,108.714,53.026,step
2026-08-31T19:07:26.362772+00:00,89.305,0.0005,0.15,0.0,-0.0007,0.0001,8192.19,3,108.214,53.046,step
2026-08-31T19:07:26.364146+00:00,89.328,0.0005,0.15,0.0,-0.0008,0.0001,8194.25,3,107.717,53.066,step
2026-08-31T19:07:26.365398+00:00,89.351,0.0005,0.15,0.0,-0.0008,0.0001,8196.92,3,107.22,53.086,step
2026-08-31T19:07:26.366663+00:00,89.375,0.0005,0.15,0.0,-0.0007,0.0001,8198.84,3,106.723,53.106,step
2026-08-31T19:07:26.367881+00:00,89.399,0.0005,0.15,0.0,-0.0008,0.0001,8200.82,3,106.226,53.126,step
2026-08-31T19:07:26.369097+00:00,89.422,0.0005,0.15,0.0,-0.0008,0.0001,8202.84,3,105.73,53.146,step
2026-08-31T19:07:26.370334+00:00,89.445,0.0005,0.15,0.0,-0.0008,0.0001,8204.88,3,105.233,53.166,step
2026-08-31T19:07:26.371640+00:00,89.469,0.0005,0.15,0.0,-0.0008,0.0001,8206.95,3,104.736,53.186,step
2026-08-31T19:07:26.373072+00:00,89.492,0.0005,0.0,0.15,-0.0008,0.0001,8209.06,3,104.239,53.206,step
2026-08-31T19:07:26.374285+00:00,89.13,0.0005,0.15,0.0,-0.0008,0.0001,8041.44,3,103.747,53.226,step
2026-08-31T19:07:26.375509+00:00,88.964,0.0005,0.15,0.0,-0.0008,0.0001,8162.9,3,103.259,53.246,step
2026-08-31T19:07:26.376709+00:00,88.988,0.0005,0.15,0.0,-0.0008,0.0001,8164.08,3,102.762,53.266,step
2026-08-31T19:07:26.377899+00:00,89.012,0.0005,0.15,0.0,-0.0008,0.0001,8165.82,3,102.258,53.286,step
2026-08-31T19:07:26.379126+00:00,89.037,0.0005,0.15,0.0,-0.0008,0.0,8167.69,3,101.756,53.306,step
2026-08-31T19:07:26.380560+00:00,89.061,0.0004,0.15,0.0,-0.0008,0.0,8169.66,3,101.258,53.326,step
2026-08-31T19:07:26.381814+00:00,89.085,0.0004,0.15,0.0,-0.0008,0.0,8171.75,3,100.762,53.346,step
2026-08-31T19:07:26.383063+00:00,89.11,0.0004,0.15,0.0,-0.0008,0.0,8173.95,3,100.266,53.366,step
2026-08-31T19:07:26.384283+00:00,89.134,0.0004,0.15,0.0,-0.0008,0.0,8176.23,3,99.7713,53.386,step
2026-08-31T19:07:26.385442+00:00,89.157,0.0004,0.15,0.0,-0.0008,0.0,8179.54,3,99.2763,53.406,step
2026-08-31T19:07:26.386617+00:00,89.182,0.0004,0.15,0.0,-0.0008,0.0,8181.47,3,98.7807,53.426,step
2026-08-31T19:07:26.387793+00:00,89.207,0.0004,0.15,0.0,-0.0008,0.0,8183.42,3,98.2849,53.446,step
2026-08-31T19:07:26.389176+00:00,89.231,0.0004,0.15,0.0,-0.0008,0.0,8185.47,3,97.7891,53.466,step
2026-08-31T19:07:26.390485+00:00,89.255,0.0004,0.15,0.0,-0.0008,0.0,8187.53,3,97.2934,53.486,step
2026-08-31T19:07:26.391713+00:00,89.279,0.0004,0.15,0.0,-0.0008,0.0,8189.61,3,96.7977,53.506,step
2026-08-31T19:07:26.392981+00:00,89.303,0.0005,0.15,0.0,-0.0009,0.0,8191.74,3,96.3019,53.526,step
2026-08-31T19:07:26.394195+00:00,89.327,0.0004,0.15,0.0,-0.0008,0.0,8193.91,3,95.8055,53.546,step
2026-08-31T19:07:26.395414+00:00,89.351,0.0004,0.15,0.0,-0.0008,0.0,8196.11,3,95.3089,53.566,step
2026-08-31T19:07:26.396738+00:00,89.375,0.0004,0.15,0.0,-0.0008,0.0,8198.34,3,94.8124,53.586,step
2026-08-31T19:07:26.398270+00:00,89.399,0.0004,0.15,0.0,-0.0008,0.0,8200.59,3,94.3159,53.606,step
2026-08-31T19:07:26.399514+00:00,89.422,0.0005,0.15,0.0,-0.0009,0.0,8202.84,3,93.8193,53.626,step
2026-08-31T19:07:26.400805+00:00,89.447,0.0005,0.15,0.0,-0.0009,0.0,8205.05,3,93.3227,53.646,step
2026-08-31T19:07:26.402033+00:00,89.471,0.0005,0.15,0.0,-0.0009,0.0,8207.25,3,92.8255,53.666,step
2026-08-31T19:07:26.403209+00:00,89.494,0.0004,0.0,0.15,-0.0008,0.0,8209.41,3,92.3281,53.686,step
2026-08-31T19:07:26.404523+00:00,89.133,0.0004,0.15,0.0,-0.0008,0.0,8041.41,3,91.8277,53.706,step
2026-08-31T19:07:26.405898+00:00,88.967,0.0004,0.15,0.0,-0.0008,-0.0,8163.89,3,91.3275,53.726,step
2026-08-31T19:07:26.407162+00:00,88.992,0.0004,0.15,0.0,-0.0009,-0.0,8164.86,3,90.831,53.746,step
2026-08-31T19:07:26.408377+00:00,89.017,0.0004,0.15,0.0,-0.0009,-0.0,8166.47,3,90.3356,53.766,step
2026-08-31T19:07:26.409631+00:00,89.042,0.0004,0.15,0.0,-0.0009,-0.0,8168.2,3,89.8404,53.786,step
2026-08-31T19:07:26.410897+00:00,89.067,0.0004,0.15,0.0,-0.0008,-0.0,8170.06,3,89.3454,53.806,step
2026-08-31T19:07:26.412157+00:00,89.092,0.0004,0.15,0.0,-0.0008,-0.0,8172.1,3,88.8505,53.826,step
2026-08-31T19:07:26.413357+00:00,89.116,0.0004,0.15,0.0,-0.0008,-0.0,8174.32,3,88.3557,53.846,step
2026-08-31T19:07:26.414769+00:00,89.141,0.0004,0.15,0.0,-0.0009,-0.0,8176.67,3,87.8609,53.866,step
2026-08-31T19:07:26.416002+00:00,89.165,0.0004,0.15,0.0,-0.0009,-0.0,8179.13,3,87.3655,53.886,step
2026-08-31T19:07:26.417309+00:00,89.19,0.0004,0.15,0.0,-0.0008,-0.0,8181.52,3,86.8699,53.906,step
2026-08-31T19:07:26.418563+00:00,89.214,0.0004,0.15,0.0,-0.0008,-0.0,8183.84,3,86.3742,53.926,step
2026-08-31T19:07:26.419754+00:00,89.239,0.0004,0.15,0.0,-0.0008,-0.0,8186.11,3,85.8787,53.946,step
2026-08-31T19:07:26.420944+00:00,89.263,0.0004,0.15,0.0,-0.0008,-0.0,8188.33,3,85.383,53.966,step
2026-08-31T19:07:26.422133+00:00,89.287,0.0004,0.15,0.0,-0.0008,-0.0,8190.52,3,84.8875,53.986,step
2026-08-31T19:07:26.423485+00:00,89.312,0.0004,0.15,0.0,-0.0008,-0.0,8192.72,3,84.3911,54.006,step
2026-08-31T19:07:26.424692+00:00,89.336,0.0004,0.15,0.0,-0.0008,-0.0,8195.11,3,83.8947,54.026,step
2026-08-31T19:07:26.425884+00:00,89.361,0.0004,0.15,0.0,-0.0008,-0.0,8197.45,3,83.3982,54.046,step
2026-08-31T19:07:26.427064+00:00,89.385,0.0004,0.15,0.0,-0.0008,-0.0,8199.53,3,82.9018,54.066,step
2026-08-31T19:07:26.428242+00:00,89.409,0.0004,0.15,0.0,-0.0008,-0.0,8201.67,3,82.4053,54.086,step
2026-08-31T19:07:26.429532+00:00,89.433,0.0004,0.15,0.0,-0.0008,-0.0,8203.81,3,81.9088,54.106,step
2026-08-31T19:07:26.430919+00:00,89.458,0.0004,0.15,0.0,-0.0008,-0.0,8205.96,3,81.4116,54.126,step
2026-08-31T19:07:26.432219+00:00,89.482,0.0004,0.15,0.0,-0.0008,-0.0,8208.14,3,80.9144,54.146,step
2026-08-31T19:07:26.433402+00:00,89.506,0.0004,0.0,0.15,-0.0008,-0.0,8210.33,3,80.4171,54.166,step
2026-08-31T19:07:26.434580+00:00,89.145,0.0004,0.15,0.0,-0.0008,-0.0,8042.65,3,79.9241,54.186,step
2026-08-31T19:07:26.435759+00:00,88.979,0.0004,0.15,0.0,-0.0008,0.0,8164.29,3,79.4349,54.206,step
2026-08-31T19:07:26.436895+00:00,89.004,0.0004,0.15,0.0,-0.0008,0.0,8165.53,3,78.9428,54.226,step
2026-08-31T19:07:26.438309+00:00,89.029,0.0004,0.15,0.0,-0.0008,0.0,8167.34,3,78.4489,54.246,step
2026-08-31T19:07:26.439627+00:00,89.054,0.0004,0.15,0.0,-0.0008,0.0,8169.24,3,77.9543,54.266,step
2026-08-31T19:07:26.440812+00:00,89.079,0.0004,0.15,0.0,-0.0008,0.0,8171.23,3,77.4594,54.286,step
2026-08-31T19:07:26.442023+00:00,89.104,0.0004,0.15,0.0,-0.0008,0.0,8173.36,3,76.9645,54.306,step
2026-08-31T19:07:26.443341+00:00,89.129,0.0004,0.15,0.0,-0.0008,0.0,8175.62,3,76.4695,54.326,step
2026-08-31T19:07:26.444590+00:00,89.153,0.0004,0.15,0.0,-0.0008,0.0,8178.07,3,75.9745,54.346,step
2026-08-31T19:07:26.445795+00:00,89.178,0.0004,0.15,0.0,-0.0008,0.0,8180.48,3,75.479,54.366,step
2026-08-31T19:07:26.447024+00:00,89.203,0.0004,0.15,0.0,-0.0008,0.0,8182.8,3,74.9831,54.386,step
2026-08-31T19:07:26.448380+00:00,89.228,0.0004,0.15,0.0,-0.0008,0.0,8185.06,3,74.4874,54.406,step
2026-08-31T19:07:26.449584+00:00,89.252,0.0004,0.15,0.0,-0.0008,0.0,8187.28,3,73.9916,54.426,step
2026-08-31T19:07:26.450863+00:00,89.277,0.0004,0.15,0.0,-0.0008,0.0,8189.5,3,73.4958,54.446,step
2026-08-31T19:07:26.452028+00:00,89.301,0.0004,0.15,0.0,-0.0008,0.0,8191.71,3,73.0,54.466,step
2026-08-31T19:07:26.453183+00:00,89.326,0.0004,0.15,0.0,-0.0008,0.0,8193.93,3,72.5036,54.486,step
2026-08-31T19:07:26.454331+00:00,89.35,0.0004,0.15,0.0,-0.0008,0.0,8196.14,3,72.0071,54.506,step
2026-08-31T19:07:26.455742+00:00,89.374,0.0004,0.15,0.0,-0.0008,0.0,8198.36,3,71.5105,54.526,step
2026-08-31T19:07:26.456991+00:00,89.399,0.0004,0.15,0.0,-0.0008,0.0,8200.57,3,71.014,54.546,step
2026-08-31T19:07:26.458248+00:00,89.423,0.0004,0.15,0.0,-0.0008,0.0,8202.79,3,70.5174,54.566,step
2026-08-31T19:07:26.459504+00:00,89.447,0.0004,0.15,0.0,-0.0008,0.0,8205.0,3,70.0209,54.586,step
2026-08-31T19:07:26.460702+00:00,89.471,0.0004,0.15,0.0,-0.0008,0.0,8207.21,3,69.5236,54.606,step
2026-08-31T19:07:26.461889+00:00,89.495,0.0004,0.0,0.15,-0.0008,0.0,8209.43,3,69.0263,54.626,step
2026-08-31T19:07:26.463162+00:00,89.135,0.0004,0.15,0.0,-0.0008,0.0,8041.58,3,68.5328,54.646,step
2026-08-31T19:07:26.464532+00:00,88.969,0.0005,0.15,0.0,-0.0008,0.0001,8163.2,3,68.0429,54.666,step
2026-08-31T19:07:26.465722+00:00,88.994,0.0005,0.15,0.0,-0.0008,0.0001,8164.48,3,67.5504,54.686,step
2026-08-31T19:07:26.466907+00:00,89.019,0.0005,0.15,0.0,-0.0008,0.0001,8166.32,3,67.0569,54.706,step
2026-08-31T19:07:26.468107+00:00,89.044,0.0005,0.15,0.0,-0.0008,0.0001,8168.23,3,66.5589,54.726,step
2026-08-31T19:07:26.469279+00:00,89.069,0.0005,0.15,0.0,-0.0008,0.0,8170.24,3,66.0605,54.746,step
2026-08-31T19:07:26.470468+00:00,89.093,0.0004,0.15,0.0,-0.0008,0.0,8172.38,3,65.564,54.766,step
2026-08-31T19:07:26.471702+00:00,89.118,0.0004,0.15,0.0,-0.0008,0.0,8174.65,3,65.0685,54.786,step
2026-08-31T19:07:26.473032+00:00,89.143,0.0004,0.15,0.0,-0.0008,0.0,8177.0,3,64.5733,54.806,step
2026-08-31T19:07:26.474331+00:00,89.167,0.0005,0.15,0.0,-0.0009,0.0,8179.42,3,64.0781,54.826,step
2026-08-31T19:07:26.475534+00:00,89.192,0.0004,0.15,0.0,-0.0008,0.0,8181.77,3,63.5823,54.846,step
2026-08-31T19:07:26.476774+00:00,89.216,0.0004,0.15,0.0,-0.0008,0.0,8184.03,3,63.0865,54.866,step
2026-08-31T19:07:26.477959+00:00,89.241,0.0004,0.15,0.0,-0.0008,0.0,8186.25,3,62.5907,54.886,step
2026-08-31T19:07:26.479212+00:00,89.265,0.0004,0.15,0.0,-0.0008,0.0,8188.45,3,62.0949,54.906,step
2026-08-31T19:07:26.480495+00:00,89.29,0.0005,0.15,0.0,-0.0009,0.0,8190.65,3,61.5993,54.926,step
2026-08-31T19:07:26.481778+00:00,89.314,0.0005,0.15,0.0,-0.0009,0.0,8192.86,3,61.1033,54.946,step
2026-08-31T19:07:26.482972+00:00,89.338,0.0005,0.15,0.0,-0.0009,0.0,8195.06,3,60.6067,54.966,step
2026-08-31T19:07:26.484143+00:00,89.362,0.0005,0.15,0.0,-0.0009,0.0,8196.95,3,60.1102,54.986,step
2026-08-31T19:07:26.485298+00:00,89.386,0.0004,0.15,0.0,-0.0008,0.0,8199.16,3,59.6136,55.006,step
2026-08-31T19:07:26.486428+00:00,89.41,0.0005,0.15,0.0,-0.0009,0.0,8201.44,3,59.1171,55.026,step
2026-08-31T19:07:26.487605+00:00,89.434,0.0005,0.15,0.0,-0.0009,0.0,8203.78,3,58.6205,55.046,step
2026-08-31T19:07:26.488782+00:00,89.458,0.0005,0.0,0.15,-0.0009,0.0,8206.06,3,58.1237,55.066,step
2026-08-31T19:07:26.490178+00:00,89.097,0.0004,0.0,0.15,-0.0009,0.0,8038.15,3,57.6249,55.086,step
2026-08-31T19:07:26.491419+00:00,88.547,0.0004,0.0,0.15,-0.0009,-0.0,7985.44,3,57.1255,55.106,step
2026-08-31T19:07:26.492615+00:00,87.997,0.0003,0.0,0.15,-0.0009,-0.0001,7933.92,3,56.6281,55.126,step
2026-08-31T19:07:26.493796+00:00,87.449,0.0003,0.0,0.15,-0.0009,-0.0001,7884.1,3,56.1332,55.146,step
2026-08-31T19:07:26.494972+00:00,86.904,0.0002,0.0,0.15,-0.0009,-0.0002,7835.42,3,55.6414,55.166,step
2026-08-31T19:07:26.496192+00:00,86.36,0.0002,0.0,0.15,-0.0009,-0.0003,7787.28,3,55.1527,55.186,step
2026-08-31T19:07:26.497477+00:00,85.819,0.0001,0.0,0.15,-0.0009,-0.0003,7739.48,3,54.6672,55.206,step
2026-08-31T19:07:26.498850+00:00,85.281,0.0,0.0,0.15,-0.0008,-0.0004,7691.71,3,54.1851,55.226,step
2026-08-31T19:07:26.500029+00:00,84.744,-0.0,0.0,0.15,-0.0008,-0.0004,7643.9,3,53.7062,55.246,step
2026-08-31T19:07:26.501281+00:00,84.209,-0.0001,0.0,0.15,-0.0008,-0.0005,7596.09,3,53.2305,55.266,step
2026-08-31T19:07:26.502506+00:00,83.676,-0.0002,0.0,0.15,-0.0008,-0.0005,7548.31,3,52.758,55.286,step
2026-08-31T19:07:26.503725+00:00,83.143,-0.0002,0.0,0.15,-0.0007,-0.0006,7501.75,3,52.2888,55.306,step
2026-08-31T19:07:26.504927+00:00,82.613,-0.0003,0.0,0.15,-0.0007,-0.0006,7454.05,3,51.8228,55.326,step
2026-08-31T19:07:26.506355+00:00,82.084,-0.0004,0.0,0.15,-0.0007,-0.0007,7406.05,3,51.3599,55.346,step
2026-08-31T19:07:26.507587+00:00,81.556,-0.0004,0.0,0.15,-0.0006,-0.0007,7358.36,3,50.9002,55.366,step
2026-08-31T19:07:26.508834+00:00,81.03,-0.0005,0.0,0.15,-0.0006,-0.0008,7310.98,3,50.4437,55.386,step
2026-08-31T19:07:26.510037+00:00,80.505,-0.0006,0.0,0.15,-0.0005,-0.0008,7263.88,3,49.9902,55.406,step
2026-08-31T19:07:26.511235+00:00,79.983,-0.0006,0.0,0.15,-0.0005,-0.0008,7217.01,2,49.5423,55.426,step
2026-08-31T19:07:26.512517+00:00,79.479,-0.0006,0.0,0.15,-0.0004,-0.0008,9072.1,2,49.1006,55.446,step
2026-08-31T19:07:26.513787+00:00,78.991,-0.0006,0.0,0.15,-0.0004,-0.0008,9050.46,2,48.6646,55.466,step
2026-08-31T19:07:26.515256+00:00,78.485,-0.0006,0.0,0.15,-0.0003,-0.0007,8893.55,2,48.2332,55.486,step
2026-08-31T19:07:26.516473+00:00,77.907,-0.0005,0.0,0.15,-0.0003,-0.0006,8824.01,2,47.8103,55.506,step
2026-08-31T19:07:26.517720+00:00,77.329,-0.0004,0.0,0.15,-0.0003,-0.0005,8758.89,2,47.3946,55.526,step
2026-08-31T19:07:26.518899+00:00,76.755,-0.0003,0.0,0.15,-0.0002,-0.0004,8694.71,2,46.9808,55.546,step
2026-08-31T19:07:26.520076+00:00,76.184,-0.0002,0.0,0.15,-0.0002,-0.0003,8631.13,2,46.568,55.566,step
2026-08-31T19:07:26.521277+00:00,75.616,-0.0001,0.0,0.15,-0.0001,-0.0002,8567.92,2,46.1575,55.586,step
2026-08-31T19:07:26.522771+00:00,75.05,-0.0,0.0,0.15,-0.0001,-0.0001,8505.03,2,45.7496,55.606,step
2026-08-31T19:07:26.523946+00:00,74.488,0.0001,0.0,0.15,-0.0001,0.0,8442.39,2,45.3442,55.626,step
2026-08-31T19:07:26.525149+00:00,73.928,-0.1998,0.0,0.15,-0.0001,0.0001,8380.0,2,44.9416,55.646,step
2026-08-31T19:07:26.526319+00:00,73.381,-0.1976,0.0,0.15,-0.0003,0.0022,8320.8,2,44.7552,55.666,step
2026-08-31T19:07:26.527467+00:00,72.787,-0.1912,0.0,0.15,-0.001,0.008,8252.39,2,44.9798,55.686,step
2026-08-31T19:07:26.528619+00:00,72.206,0.0176,0.0,0.15,-0.0023,0.0158,8183.52,2,45.4109,55.706,step
2026-08-31T19:07:26.529812+00:00,71.66,0.025,0.0,0.15,-0.0039,0.0221,8121.84,2,45.6907,55.726,step
2026-08-31T19:07:26.531193+00:00,71.1,0.0277,0.0,0.15,-0.0054,0.0241,8063.22,2,45.4963,55.746,step
2026-08-31T19:07:26.532405+00:00,70.551,0.0283,0.0,0.15,-0.0067,0.024,8002.66,2,45.0906,55.766,step
2026-08-31T19:07:26.533626+00:00,70.008,-0.1719,0.0,0.15,-0.0081,0.0231,7942.17,2,44.6085,55.786,step
2026-08-31T19:07:26.534816+00:00,69.481,-0.1703,0.0,0.15,-0.0096,0.0239,7882.52,2,44.305,55.806,step
2026-08-31T19:07:26.536005+00:00,68.907,-0.1646,0.0,0.15,-0.0115,0.0285,7817.96,2,44.3892,55.826,step
2026-08-31T19:07:26.537174+00:00,68.349,-0.1568,0.0,0.15,-0.014,0.0349,7753.21,2,44.6638,55.846,step
2026-08-31T19:07:26.538490+00:00,67.804,0.0519,0.8,0.0,-0.0168,0.0419,7691.17,2,45.0039,55.866,step
2026-08-31T19:07:26.539814+00:00,68.048,0.0584,0.8,0.0,-0.0199,0.0466,8598.01,2,45.1117,55.886,step
2026-08-31T19:07:26.541054+00:00,68.764,-0.1399,0.0,0.15,-0.0227,0.0469,9010.8,2,44.7581,55.906,step
2026-08-31T19:07:26.542243+00:00,68.954,-0.1382,0.0,0.15,-0.0256,0.0472,7835.65,2,44.3999,55.926,step
2026-08-31T19:07:26.543505+00:00,68.388,-0.1335,0.0,0.15,-0.0288,0.0501,7775.59,2,44.3149,55.946,step
2026-08-31T19:07:26.544712+00:00,67.83,-0.1271,0.0,0.15,-0.0324,0.0545,7703.76,2,44.3745,55.966,step
2026-08-31T19:07:26.545954+00:00,67.284,-0.1198,0.0,0.15,-0.0363,0.0597,7635.35,2,44.5105,55.986,step
2026-08-31T19:07:26.547223+00:00,66.746,-0.1121,0.0,0.15,-0.0405,0.0651,7571.54,2,44.675,56.006,step
2026-08-31T19:07:26.548756+00:00,66.214,-0.1042,0.0,0.15,-0.045,0.0705,7511.23,2,44.8343,56.026,step
2026-08-31T19:07:26.550033+00:00,65.686,-0.0966,0.0,0.15,-0.0498,0.0756,7452.95,2,44.9689,56.046,step
2026-08-31T19:07:26.551299+00:00,65.159,0.1109,0.8,0.0,-0.0548,0.0804,7397.64,2,45.0705,56.066,step
2026-08-31T19:07:26.552539+00:00,65.428,-0.0844,0.0,0.15,-0.0598,0.0825,8235.24,2,44.9164,56.086,step
2026-08-31T19:07:26.553840+00:00,65.393,-0.0821,0.0,0.15,-0.0647,0.0823,7433.61,2,44.5338,56.106,step
2026-08-31T19:07:26.555197+00:00,64.857,-0.0775,0.0,0.15,-0.0698,0.0843,7373.92,2,44.3614,56.126,step
2026-08-31T19:07:26.556494+00:00,64.333,-0.0719,0.0,0.15,-0.0751,0.0872,7310.48,2,44.2752,56.146,step
2026-08-31T19:07:26.557764+00:00,63.812,-0.066,0.0,0.15,-0.0806,0.0902,7248.32,2,44.2104,56.166,step
2026-08-31T19:07:26.559002+00:00,63.294,-0.06,0.0,0.15,-0.0862,0.0932,7188.28,2,44.1404,56.186,step
2026-08-31T19:07:26.560238+00:00,62.779,-0.0543,0.0,0.15,-0.0919,0.096,7129.93,2,44.054,56.206,step
2026-08-31T19:07:26.561497+00:00,62.267,-0.0487,0.0,0.15,-0.0977,0.0986,7072.67,2,43.9465,56.226,step
2026-08-31T19:07:26.562725+00:00,61.757,-0.0434,0.0,0.15,-0.1036,0.1009,7015.96,2,43.8175,56.246,step
2026-08-31T19:07:26.564057+00:00,61.248,-0.0382,0.0,0.15,-0.1096,0.103,6959.48,2,43.6664,56.266,step
2026-08-31T19:07:26.565317+00:00,60.743,-0.0334,0.0,0.15,-0.1155,0.1048,6903.09,2,43.4939,56.286,step
2026-08-31T19:07:26.566596+00:00,60.239,-0.0287,0.0,0.15,-0.1216,0.1063,6846.69,2,43.3018,56.306,step
2026-08-31T19:07:26.567909+00:00,59.737,-0.0243,0.0,0.15,-0.1276,0.1077,6790.37,2,43.0928,56.326,step
2026-08-31T19:07:26.569201+00:00,59.236,-0.0201,0.0,0.15,-0.1337,0.1089,6734.08,2,42.8673,56.346,step
2026-08-31T19:07:26.570461+00:00,58.736,-0.016,0.0,0.15,-0.1397,0.1098,6677.93,2,42.6267,56.366,step
2026-08-31T19:07:26.572010+00:00,58.239,-0.0122,0.0,0.15,-0.1457,0.1106,6622.0,2,42.3727,56.386,step
2026-08-31T19:07:26.573365+00:00,57.744,-0.0086,0.0,0.15,-0.1517,0.1112,6566.16,2,42.1059,56.406,step
2026-08-31T19:07:26.574661+00:00,57.251,-0.0051,0.0,0.15,-0.1577,0.1117,6510.46,2,41.8284,56.426,step
2026-08-31T19:07:26.575980+00:00,56.758,-0.0035,0.0,0.15,-0.1636,0.1104,6454.92,2,41.5407,56.446,step
2026-08-31T19:07:26.577262+00:00,56.268,-0.0047,0.0,0.15,-0.1693,0.1065,6399.53,2,41.2465,56.466,step
2026-08-31T19:07:26.578553+00:00,55.779,-0.006,0.0,0.15,-0.1747,0.1026,6344.29,2,40.9529,56.486,step
2026-08-31T19:07:26.579950+00:00,55.291,-0.0074,0.0,0.15,-0.1799,0.0988,6289.21,2,40.6635,56.506,step
2026-08-31T19:07:26.581465+00:00,54.803,-0.0088,0.0,0.15,-0.1848,0.095,6234.91,2,40.3794,56.526,step
2026-08-31T19:07:26.582779+00:00,54.318,-0.0103,0.0,0.15,-0.1896,0.0914,6181.0,2,40.102,56.546,step
2026-08-31T19:07:26.584108+00:00,53.834,-0.0118,0.0,0.15,-0.1941,0.0878,6126.11,2,39.8311,56.566,step
2026-08-31T19:07:26.585416+00:00,53.351,-0.0133,0.0,0.15,-0.1984,0.0842,6070.99,2,39.5673,56.586,step
2026-08-31T19:07:26.586707+00:00,52.871,-0.0148,0.0,0.15,-0.2025,0.0808,6016.19,2,39.3099,56.606,step
2026-08-31T19:07:26.588112+00:00,52.391,-0.0163,0.0,0.15,-0.2064,0.0775,5961.75,2,39.0591,56.626,step
2026-08-31T19:07:26.589590+00:00,51.913,-0.0178,0.0,0.15,-0.2101,0.0742,5907.59,2,38.8145,56.646,step
2026-08-31T19:07:26.590983+00:00,51.435,-0.0194,0.0,0.15,-0.2136,0.071,5853.59,2,38.5763,56.666,step
2026-08-31T19:07:26.592342+00:00,50.959,-0.0209,0.15,0.0,-0.217,0.0679,5799.84,2,38.3442,56.686,step
2026-08-31T19:07:26.593706+00:00,50.914,-0.0225,0.15,0.0,-0.2202,0.0649,5904.81,2,38.1153,56.706,step
2026-08-31T19:07:26.595070+00:00,50.994,-0.0241,0.15,0.0,-0.2233,0.0618,5912.12,2,37.8878,56.726,step
2026-08-31T19:07:26.596454+00:00,51.073,-0.0258,0.15,0.0,-0.2263,0.0588,5919.81,2,37.6614,56.746,step
2026-08-31T19:07:26.598031+00:00,51.153,-0.0275,0.15,0.0,-0.2291,0.0558,5928.19,2,37.4369,56.766,step
2026-08-31T19:07:26.599376+00:00,51.231,-0.0293,0.15,0.0,-0.2318,0.0528,5937.17,2,37.2155,56.786,step
2026-08-31T19:07:26.600658+00:00,51.31,-0.0311,0.0,0.15,-0.2343,0.0497,5946.58,2,36.9964,56.806,step
2026-08-31T19:07:26.601984+00:00,50.961,-0.033,0.15,0.0,-0.2368,0.0468,5804.57,2,36.7838,56.826,step
2026-08-31T19:07:26.603310+00:00,50.904,-0.0347,0.15,0.0,-0.239,0.044,5902.62,2,36.5784,56.846,step
2026-08-31T19:07:26.604594+00:00,50.983,-0.0365,0.15,0.0,-0.2412,0.0412,5910.95,2,36.3755,56.866,step
2026-08-31T19:07:26.606165+00:00,51.062,-0.0384,0.15,0.0,-0.2433,0.0385,5918.96,2,36.1757,56.886,step
2026-08-31T19:07:26.607496+00:00,51.14,-0.0402,0.15,0.0,-0.2452,0.0358,5927.81,2,35.978,56.906,step
2026-08-31T19:07:26.608833+00:00,51.218,-0.042,0.15,0.0,-0.247,0.0331,5936.8,2,35.7829,56.926,step
2026-08-31T19:07:26.610102+00:00,51.296,-0.0439,0.0,0.15,-0.2487,0.0305,5945.92,2,35.5912,56.946,step
2026-08-31T19:07:26.611401+00:00,50.943,-0.0457,0.15,0.0,-0.2503,0.028,5802.11,2,35.4074,56.966,step
2026-08-31T19:07:26.612680+00:00,50.886,-0.0475,0.15,0.0,-0.2518,0.0256,5900.61,2,35.2305,56.986,step
2026-08-31T19:07:26.614202+00:00,50.964,-0.0493,0.15,0.0,-0.2532,0.0232,5908.97,2,35.0531,57.006,step
2026-08-31T19:07:26.615558+00:00,51.042,-0.0511,0.15,0.0,-0.2545,0.0209,5917.53,2,34.8776,57.026,step
2026-08-31T19:07:26.616910+00:00,51.121,-0.0529,0.15,0.0,-0.2556,0.0186,5926.18,2,34.7048,57.046,step
2026-08-31T19:07:26.618345+00:00,51.199,-0.0547,0.15,0.0,-0.2567,0.0163,5934.93,2,34.5349,57.066,step
2026-08-31T19:07:26.619663+00:00,51.276,-0.0565,0.0,0.15,-0.2577,0.0141,5943.84,2,34.3679,57.086,step
2026-08-31T19:07:26.621118+00:00,50.924,-0.0583,0.15,0.0,-0.2586,0.012,5800.22,2,34.2091,57.106,step
2026-08-31T19:07:26.622612+00:00,50.862,-0.06,0.15,0.0,-0.2594,0.0099,5897.93,2,34.0561,57.126,step
2026-08-31T19:07:26.623982+00:00,50.94,-0.0619,0.15,0.0,-0.2601,0.0078,5906.3,2,33.9022,57.146,step
2026-08-31T19:07:26.625302+00:00,51.018,-0.0637,0.15,0.0,-0.2607,0.0057,5914.85,2,33.7502,57.166,step
2026-08-31T19:07:26.626642+00:00,51.095,-0.0655,0.15,0.0,-0.2612,0.0037,5923.46,2,33.601,57.186,step
2026-08-31T19:07:26.627924+00:00,51.172,-0.0674,0.15,0.0,-0.2616,0.0018,5932.16,2,33.4544,57.206,step
2026-08-31T19:07:26.629261+00:00,51.25,-0.0692,0.15,0.0,-0.262,-0.0002,5940.34,2,33.3094,57.226,step
2026-08-31T19:07:26.630688+00:00,51.327,-0.071,0.0,0.15,-0.2623,-0.0021,5949.33,2,33.1663,57.246,step
2026-08-31T19:07:26.632013+00:00,50.973,-0.0727,0.15,0.0,-0.2625,-0.0038,5806.01,2,33.0324,57.266,step
2026-08-31T19:07:26.633310+00:00,50.907,-0.0744,0.15,0.0,-0.2626,-0.0055,5903.46,2,32.906,57.286,step
2026-08-31T19:07:26.634675+00:00,50.984,-0.0761,0.15,0.0,-0.2626,-0.0071,5911.8,2,32.7778,57.306,step
2026-08-31T19:07:26.636075+00:00,51.062,-0.0778,0.15,0.0,-0.2626,-0.0087,5920.22,2,32.6506,57.326,step
2026-08-31T19:07:26.637407+00:00,51.138,-0.0795,0.15,0.0,-0.2626,-0.0103,5928.84,2,32.5255,57.346,step
2026-08-31T19:07:26.638864+00:00,51.215,-0.0811,0.15,0.0,-0.2624,-0.0119,5937.48,2,32.4021,57.366,step
2026-08-31T19:07:26.640327+00:00,51.292,-0.0828,0.0,0.15,-0.2622,-0.0134,5946.23,2,32.2807,57.386,step
2026-08-31T19:07:26.641676+00:00,50.938,-0.0844,0.15,0.0,-0.2619,-0.0148,5801.74,2,32.1682,57.406,step
2026-08-31T19:07:26.643067+00:00,50.869,-0.0859,0.15,0.0,-0.2616,-0.0161,5899.3,2,32.062,57.426,step
2026-08-31T19:07:26.644362+00:00,50.946,-0.0874,0.15,0.0,-0.2612,-0.0174,5907.44,2,31.9532,57.446,step
2026-08-31T19:07:26.645625+00:00,51.022,-0.089,0.15,0.0,-0.2608,-0.0187,5915.84,2,31.8446,57.466,step
2026-08-31T19:07:26.647055+00:00,51.098,-0.0907,0.15,0.0,-0.2603,-0.02,5924.3,2,31.7372,57.486,step
2026-08-31T19:07:26.648563+00:00,51.175,-0.0923,0.15,0.0,-0.2598,-0.0213,5932.88,2,31.632,57.506,step
2026-08-31T19:07:26.649860+00:00,51.251,-0.0939,0.15,0.0,-0.2592,-0.0226,5941.59,2,31.5281,57.526,step
2026-08-31T19:07:26.651182+00:00,51.327,-0.0955,0.0,0.15,-0.2585,-0.0238,5950.44,2,31.4262,57.546,step
2026-08-31T19:07:26.652574+00:00,50.973,-0.0969,0.15,0.0,-0.2578,-0.0249,5806.4,2,31.3332,57.566,step
2026-08-31T19:07:26.653905+00:00,50.899,-0.0983,0.15,0.0,-0.2571,-0.0259,5902.83,2,31.2471,57.586,step
2026-08-31T19:07:26.655230+00:00,50.975,-0.0997,0.15,0.0,-0.2563,-0.0269,5911.07,2,31.1578,57.606,step
2026-08-31T19:07:26.656714+00:00,51.051,-0.1012,0.15,0.0,-0.2555,-0.0279,5919.43,2,31.0692,57.626,step
2026-08-31T19:07:26.657999+00:00,51.127,-0.1026,0.15,0.0,-0.2547,-0.0288,5927.9,2,30.9814,57.646,step
2026-08-31T19:07:26.659290+00:00,51.202,-0.104,0.15,0.0,-0.2538,-0.0297,5936.44,2,30.8952,57.666,step
2026-08-31T19:07:26.660566+00:00,51.278,-0.1054,0.0,0.15,-0.2528,-0.0306,5945.1,2,30.8102,57.686,step
2026-08-31T19:07:26.661859+00:00,50.923,-0.1067,0.15,0.0,-0.2519,-0.0314,5799.92,2,30.7338,57.706,step
2026-08-31T19:07:26.663258+00:00,50.847,-0.1078,0.15,0.0,-0.2509,-0.032,5897.53,2,30.6647,57.726,step
2026-08-31T19:07:26.664660+00:00,50.922,-0.1091,0.15,0.0,-0.2499,-0.0327,5905.39,2,30.5917,57.746,step
2026-08-31T19:07:26.666038+00:00,50.998,-0.1103,0.15,0.0,-0.2488,-0.0334,5913.62,2,30.5177,57.766,step
2026-08-31T19:07:26.667408+00:00,51.073,-0.1115,0.15,0.0,-0.2478,-0.0341,5921.91,2,30.4438,57.786,step
2026-08-31T19:07:26.668716+00:00,51.148,-0.1128,0.15,0.0,-0.2467,-0.0348,5930.33,2,30.3709,57.806,step
2026-08-31T19:07:26.670077+00:00,51.223,-0.1141,0.15,0.0,-0.2456,-0.0355,5938.91,2,30.2992,57.826,step
2026-08-31T19:07:26.671402+00:00,51.298,-0.1154,0.0,0.15,-0.2444,-0.0362,5947.64,2,30.2283,57.846,step
2026-08-31T19:07:26.672839+00:00,50.945,-0.1166,0.15,0.0,-0.2433,-0.0368,5802.19,2,30.1666,57.866,step
2026-08-31T19:07:26.674287+00:00,50.864,-0.1176,0.15,0.0,-0.2421,-0.0372,5900.01,2,30.1125,57.886,step
2026-08-31T19:07:26.675575+00:00,50.939,-0.1187,0.15,0.0,-0.2409,-0.0376,5907.23,2,30.0545,57.906,step
2026-08-31T19:07:26.676837+00:00,51.014,-0.1198,0.15,0.0,-0.2397,-0.0381,5915.45,2,29.9951,57.926,step
2026-08-31T19:07:26.678096+00:00,51.088,-0.1209,0.15,0.0,-0.2384,-0.0386,5923.74,2,29.9359,57.946,step
2026-08-31T19:07:26.679314+00:00,51.163,-0.122,0.15,0.0,-0.2372,-0.0391,5932.17,2,29.8771,57.966,step
2026-08-31T19:07:26.680656+00:00,51.237,-0.1231,0.15,0.0,-0.2359,-0.0395,5940.76,2,29.8189,57.986,step
2026-08-31T19:07:26.682010+00:00,51.312,-0.1242,0.0,0.15,-0.2346,-0.0399,5949.48,2,29.7615,58.006,step
2026-08-31T19:07:26.683316+00:00,50.958,-0.1251,0.15,0.0,-0.2333,-0.0402,5803.53,2,29.7135,58.026,step
2026-08-31T19:07:26.684607+00:00,50.874,-0.1259,0.15,0.0,-0.232,-0.0403,5901.63,2,29.6727,58.046,step
2026-08-31T19:07:26.685866+00:00,50.948,-0.1267,0.15,0.0,-0.2307,-0.0405,5909.18,2,29.6271,58.066,step
2026-08-31T19:07:26.687161+00:00,51.023,-0.1276,0.15,0.0,-0.2294,-0.0407,5917.2,2,29.58,58.086,step
2026-08-31T19:07:26.688540+00:00,51.097,-0.1285,0.0,0.15,-0.2281,-0.041,5925.32,2,29.5329,58.106,step
2026-08-31T19:07:26.690047+00:00,50.743,-0.1292,0.15,0.0,-0.2268,-0.041,5779.56,2,29.4943,58.126,step
2026-08-31T19:07:26.691351+00:00,50.659,-0.1299,0.15,0.0,-0.2255,-0.0411,5876.32,2,29.4607,58.146,step
2026-08-31T19:07:26.692670+00:00,50.733,-0.1308,0.15,0.0,-0.2242,-0.0412,5884.03,2,29.4205,58.166,step
2026-08-31T19:07:26.693922+00:00,50.807,-0.1316,0.0,0.15,-0.2229,-0.0414,5892.08,2,29.3788,58.186,step
2026-08-31T19:07:26.695200+00:00,50.453,-0.1323,0.15,0.0,-0.2215,-0.0415,5746.48,2,29.3453,58.206,step
2026-08-31T19:07:26.696513+00:00,50.369,-0.133,0.15,0.0,-0.2202,-0.0415,5842.79,2,29.3168,58.226,step
2026-08-31T19:07:26.697957+00:00,50.443,-0.1337,0.15,0.0,-0.2189,-0.0415,5850.15,2,29.2813,58.246,step
2026-08-31T19:07:26.699254+00:00,50.517,-0.1345,0.0,0.15,-0.2176,-0.0417,5858.1,2,29.2441,58.266,step
2026-08-31T19:07:26.700561+00:00,50.162,-0.1351,0.15,0.0,-0.2163,-0.0416,5713.98,2,29.2143,58.286,step
2026-08-31T19:07:26.701851+00:00,50.079,-0.1356,0.15,0.0,-0.215,-0.0415,5808.93,2,29.1895,58.306,step
2026-08-31T19:07:26.703080+00:00,50.152,-0.1363,0.15,0.0,-0.2138,-0.0415,5816.69,2,29.1584,58.326,step
2026-08-31T19:07:26.704429+00:00,50.226,-0.1369,0.15,0.0,-0.2125,-0.0416,5824.71,2,29.1251,58.346,step
2026-08-31T19:07:26.705924+00:00,50.3,-0.1376,0.0,0.15,-0.2112,-0.0416,5832.82,2,29.091,58.366,step
2026-08-31T19:07:26.707257+00:00,49.946,-0.1381,0.15,0.0,-0.21,-0.0415,5689.31,1,29.066,58.386,step
2026-08-31T19:07:26.708553+00:00,49.801,-0.1384,0.15,0.0,-0.2087,-0.0411,7668.17,1,29.055,58.406,step
2026-08-31T19:07:26.709886+00:00,49.769,-0.1384,0.15,0.0,-0.2075,-0.0406,7680.32,1,29.0555,58.426,step
2026-08-31T19:07:26.711184+00:00,49.757,-0.1384,0.15,0.0,-0.2062,-0.04,7741.66,1,29.0584,58.446,step
2026-08-31T19:07:26.712438+00:00,49.817,-0.1387,0.15,0.0,-0.2051,-0.0397,7794.86,1,29.047,58.466,step
2026-08-31T19:07:26.713762+00:00,49.931,-0.1392,0.15,0.0,-0.2039,-0.0396,7810.58,1,29.0205,58.486,step
2026-08-31T19:07:26.715208+00:00,50.045,-0.1398,0.15,0.0,-0.2027,-0.0396,7827.08,2,28.9902,58.506,step
2026-08-31T19:07:26.716561+00:00,50.054,-0.1403,0.0,0.15,-0.2016,-0.0395,5824.27,2,28.9684,58.526,step
2026-08-31T19:07:26.717884+00:00,49.685,-0.1405,0.15,0.0,-0.2004,-0.0392,5822.2,1,28.9626,58.546,step
2026-08-31T19:07:26.719171+00:00,49.548,-0.1406,0.15,0.0,-0.1993,-0.0387,7621.31,1,28.9614,58.566,step
2026-08-31T19:07:26.720419+00:00,49.513,-0.1406,0.15,0.0,-0.1982,-0.0382,7633.58,1,28.9648,58.586,step
2026-08-31T19:07:26.721716+00:00,49.482,-0.1405,0.15,0.0,-0.1971,-0.0376,7645.82,1,28.9734,58.606,step
2026-08-31T19:07:26.723152+00:00,49.501,-0.1404,0.15,0.0,-0.196,-0.037,7700.09,1,28.9814,58.626,step
2026-08-31T19:07:26.724471+00:00,49.56,-0.1406,0.15,0.0,-0.195,-0.0367,7754.32,1,28.9735,58.646,step
2026-08-31T19:07:26.725761+00:00,49.674,-0.1411,0.15,0.0,-0.194,-0.0366,7770.24,1,28.9499,58.666,step
2026-08-31T19:07:26.727046+00:00,49.788,-0.1416,0.15,0.0,-0.193,-0.0366,7786.97,1,28.9225,58.686,step
2026-08-31T19:07:26.728390+00:00,49.902,-0.1421,0.0,0.15,-0.1919,-0.0366,7804.21,1,28.8941,58.706,step
2026-08-31T19:07:26.729727+00:00,49.517,-0.1424,0.15,0.0,-0.1909,-0.0365,7552.54,1,28.8747,58.726,step
2026-08-31T19:07:26.731200+00:00,49.438,-0.1427,0.15,0.0,-0.19,-0.0362,7738.49,1,28.8619,58.746,step
2026-08-31T19:07:26.732522+00:00,49.552,-0.143,0.15,0.0,-0.189,-0.0361,7753.71,1,28.8422,58.766,step
2026-08-31T19:07:26.733861+00:00,49.667,-0.1434,0.15,0.0,-0.188,-0.036,7770.2,1,28.8198,58.786,step
2026-08-31T19:07:26.735157+00:00,49.781,-0.1438,0.0,0.15,-0.187,-0.0359,7786.91,1,28.7957,58.806,step
2026-08-31T19:07:26.736414+00:00,49.395,-0.144,0.15,0.0,-0.1861,-0.0357,7533.98,1,28.7802,58.826,step
2026-08-31T19:07:26.737723+00:00,49.317,-0.1441,0.15,0.0,-0.1851,-0.0353,7719.65,1,28.771,58.846,step
2026-08-31T19:07:26.739026+00:00,49.432,-0.1445,0.15,0.0,-0.1842,-0.0352,7734.78,1,28.7532,58.866,step
2026-08-31T19:07:26.740416+00:00,49.547,-0.1449,0.15,0.0,-0.1833,-0.0352,7751.24,1,28.7318,58.886,step
2026-08-31T19:07:26.741758+00:00,49.661,-0.1453,0.0,0.15,-0.1824,-0.0352,7767.89,1,28.7091,58.906,step
2026-08-31T19:07:26.743032+00:00,49.275,-0.1456,0.15,0.0,-0.1815,-0.035,7516.64,1,28.6947,58.926,step
2026-08-31T19:07:26.744297+00:00,49.197,-0.1457,0.15,0.0,-0.1806,-0.0347,7700.78,1,28.6869,58.946,step
2026-08-31T19:07:26.745601+00:00,49.313,-0.146,0.15,0.0,-0.1797,-0.0345,7716.12,1,28.6709,58.966,step
2026-08-31T19:07:26.746918+00:00,49.427,-0.1464,0.15,0.0,-0.1788,-0.0344,7732.72,1,28.6515,58.986,step
2026-08-31T19:07:26.748405+00:00,49.541,-0.1467,0.0,0.15,-0.178,-0.0344,7749.46,1,28.6301,59.006,step
2026-08-31T19:07:26.749700+00:00,49.156,-0.1469,0.15,0.0,-0.1771,-0.0341,7498.61,1,28.6172,59.026,step
2026-08-31T19:07:26.750936+00:00,49.079,-0.147,0.15,0.0,-0.1763,-0.0338,7682.63,1,28.6104,59.046,step
2026-08-31T19:07:26.752158+00:00,49.194,-0.1472,0.15,0.0,-0.1754,-0.0336,7697.83,1,28.5951,59.066,step
2026-08-31T19:07:26.753436+00:00,49.309,-0.1475,0.15,0.0,-0.1746,-0.0335,7714.39,1,28.5762,59.086,step
2026-08-31T19:07:26.754752+00:00,49.423,-0.1478,0.0,0.15,-0.1738,-0.0334,7731.1,1,28.5552,59.106,step
2026-08-31T19:07:26.756245+00:00,49.039,-0.1479,0.15,0.0,-0.173,-0.0331,7481.03,1,28.5427,59.126,step
2026-08-31T19:07:26.757542+00:00,48.961,-0.1479,0.15,0.0,-0.1722,-0.0328,7664.32,1,28.5362,59.146,step
2026-08-31T19:07:26.758870+00:00,49.077,-0.1481,0.15,0.0,-0.1714,-0.0325,7679.58,1,28.5212,59.166,step
2026-08-31T19:07:26.760177+00:00,49.191,-0.1483,0.0,0.15,-0.1707,-0.0324,7696.18,1,28.5027,59.186,step
2026-08-31T19:07:26.761433+00:00,48.807,-0.1484,0.15,0.0,-0.1699,-0.0321,7445.64,1,28.4915,59.206,step
2026-08-31T19:07:26.762739+00:00,48.732,-0.1485,0.15,0.0,-0.1692,-0.0318,7628.74,1,28.4852,59.226,step
2026-08-31T19:07:26.764210+00:00,48.847,-0.1487,0.15,0.0,-0.1684,-0.0317,7643.99,1,28.4698,59.246,step
2026-08-31T19:07:26.765697+00:00,48.963,-0.149,0.15,0.0,-0.1677,-0.0316,7660.42,1,28.4516,59.266,step
2026-08-31T19:07:26.766989+00:00,49.078,-0.1493,0.0,0.15,-0.167,-0.0315,7677.1,1,28.4316,59.286,step
2026-08-31T19:07:26.768256+00:00,48.694,-0.1494,0.15,0.0,-0.1663,-0.0313,7429.66,1,28.4191,59.306,step
2026-08-31T19:07:26.769470+00:00,48.618,-0.1494,0.15,0.0,-0.1656,-0.031,7610.85,1,28.4118,59.326,step
2026-08-31T19:07:26.770708+00:00,48.734,-0.1496,0.15,0.0,-0.1649,-0.0309,7626.25,1,28.3957,59.346,step
2026-08-31T19:07:26.771988+00:00,48.849,-0.1498,0.15,0.0,-0.1642,-0.0308,7643.02,1,28.377,59.366,step
2026-08-31T19:07:26.773449+00:00,48.964,-0.1501,0.0,0.15,-0.1636,-0.0307,7659.86,1,28.3567,59.386,step
2026-08-31T19:07:26.774753+00:00,48.581,-0.1501,0.15,0.0,-0.1629,-0.0304,7412.47,1,28.3444,59.406,step
2026-08-31T19:07:26.776059+00:00,48.506,-0.1501,0.15,0.0,-0.1623,-0.0301,7593.5,1,28.3372,59.426,step
2026-08-31T19:07:26.777310+00:00,48.622,-0.1502,0.15,0.0,-0.1616,-0.0299,7608.84,1,28.3212,59.446,step
2026-08-31T19:07:26.778578+00:00,48.737,-0.1504,0.15,0.0,-0.161,-0.0298,7625.52,1,28.3015,59.466,step
2026-08-31T19:07:26.779916+00:00,48.853,-0.1506,0.0,0.15,-0.1604,-0.0297,7642.37,1,28.2797,59.486,step
2026-08-31T19:07:26.781430+00:00,48.47,-0.1507,0.15,0.0,-0.1598,-0.0294,7395.92,1,28.2661,59.506,step
2026-08-31T19:07:26.782743+00:00,48.395,-0.1506,0.15,0.0,-0.1592,-0.029,7576.19,1,28.2583,59.526,step
2026-08-31T19:07:26.784153+00:00,48.511,-0.1507,0.15,0.0,-0.1586,-0.0288,7591.6,1,28.2422,59.546,step
2026-08-31T19:07:26.785400+00:00,48.627,-0.1508,0.15,0.0,-0.158,-0.0287,7608.33,1,28.2225,59.566,step
2026-08-31T19:07:26.786671+00:00,48.742,-0.1511,0.0,0.15,-0.1575,-0.0287,7625.2,1,28.2008,59.586,step
2026-08-31T19:07:26.787933+00:00,48.359,-0.1511,0.15,0.0,-0.1569,-0.0285,7379.38,1,28.1868,59.606,step
2026-08-31T19:07:26.789462+00:00,48.286,-0.1511,0.15,0.0,-0.1564,-0.0282,7559.07,1,28.1776,59.626,step
2026-08-31T19:07:26.790749+00:00,48.402,-0.1513,0.15,0.0,-0.1558,-0.0281,7574.53,1,28.1597,59.646,step
2026-08-31T19:07:26.792007+00:00,48.517,-0.1515,0.15,0.0,-0.1553,-0.028,7591.66,1,28.1381,59.666,step
2026-08-31T19:07:26.793356+00:00,48.633,-0.1517,0.0,0.15,-0.1548,-0.028,7608.59,1,28.1144,59.686,step
2026-08-31T19:07:26.794692+00:00,48.251,-0.1518,0.15,0.0,-0.1542,-0.0278,7362.78,1,28.0987,59.706,step
2026-08-31T19:07:26.795980+00:00,48.177,-0.1517,0.15,0.0,-0.1537,-0.0275,7542.46,1,28.0885,59.726,step
2026-08-31T19:07:26.797332+00:00,48.294,-0.1518,0.15,0.0,-0.1532,-0.0274,7557.86,1,28.0698,59.746,step
2026-08-31T19:07:26.798601+00:00,48.41,-0.1519,0.0,0.15,-0.1527,-0.0273,7574.56,1,28.0475,59.766,step
2026-08-31T19:07:26.799961+00:00,48.028,-0.152,0.15,0.0,-0.1522,-0.027,7329.12,1,28.032,59.786,step
2026-08-31T19:07:26.801244+00:00,47.956,-0.1519,0.15,0.0,-0.1518,-0.0267,7507.79,1,28.0208,59.806,step
2026-08-31T19:07:26.802478+00:00,48.073,-0.1519,0.15,0.0,-0.1513,-0.0266,7523.32,1,28.0004,59.826,step
2026-08-31T19:07:26.803746+00:00,48.189,-0.1521,0.15,0.0,-0.1509,-0.0265,7539.95,1,27.9763,59.846,step
2026-08-31T19:07:26.805120+00:00,48.305,-0.1522,0.0,0.15,-0.1504,-0.0264,7556.85,1,27.9497,59.866,step
2026-08-31T19:07:26.806623+00:00,47.924,-0.1522,0.15,0.0,-0.15,-0.0262,7314.53,1,27.9306,59.886,step
2026-08-31T19:07:26.807946+00:00,47.853,-0.1521,0.15,0.0,-0.1495,-0.0259,7491.33,1,27.9159,59.906,step
2026-08-31T19:07:26.809206+00:00,47.969,-0.1522,0.15,0.0,-0.1491,-0.0258,7507.03,1,27.893,59.926,step
2026-08-31T19:07:26.810446+00:00,48.086,-0.1524,0.0,0.15,-0.1487,-0.0258,7523.99,1,27.8667,59.946,step
2026-08-31T19:07:26.811674+00:00,47.705,-0.1525,0.15,0.0,-0.1483,-0.0257,7280.46,1,27.8472,59.966,step
2026-08-31T19:07:26.813029+00:00,47.635,-0.1525,0.15,0.0,-0.1479,-0.0254,7457.9,1,27.833,59.986,step
2026-08-31T19:07:26.814488+00:00,47.752,-0.1526,0.15,0.0,-0.1475,-0.0253,7473.41,1,27.8094,60.006,step
2026-08-31T19:07:26.815797+00:00,47.869,-0.1528,0.15,0.0,-0.1471,-0.0253,7490.36,1,27.7825,60.026,step
2026-08-31T19:07:26.817018+00:00,47.986,-0.153,0.0,0.15,-0.1467,-0.0253,7507.67,1,27.7537,60.046,step
2026-08-31T19:07:26.818301+00:00,47.606,-0.153,0.15,0.0,-0.1463,-0.0252,7266.19,1,27.732,60.066,step
2026-08-31T19:07:26.819565+00:00,47.536,-0.1529,0.15,0.0,-0.146,-0.025,7442.17,1,27.7145,60.086,step
2026-08-31T19:07:26.820792+00:00,47.653,-0.1531,0.15,0.0,-0.1456,-0.0249,7457.87,1,27.6883,60.106,step
2026-08-31T19:07:26.822280+00:00,47.77,-0.1532,0.0,0.15,-0.1452,-0.0249,7474.77,1,27.6588,60.126,step
2026-08-31T19:07:26.823617+00:00,47.39,-0.1532,0.15,0.0,-0.1449,-0.0247,7233.5,1,27.636,60.146,step
2026-08-31T19:07:26.824977+00:00,47.322,-0.1531,0.15,0.0,-0.1445,-0.0244,7408.8,1,27.6173,60.166,step
2026-08-31T19:07:26.826289+00:00,47.44,-0.1532,0.15,0.0,-0.1442,-0.0244,7424.51,1,27.5895,60.186,step
2026-08-31T19:07:26.827519+00:00,47.557,-0.1534,0.0,0.15,-0.1438,-0.0243,7441.32,1,27.5581,60.206,step
2026-08-31T19:07:26.828798+00:00,47.178,-0.1534,0.15,0.0,-0.1435,-0.0242,7201.99,1,27.533,60.226,step
2026-08-31T19:07:26.830149+00:00,47.111,-0.1533,0.15,0.0,-0.1432,-0.0239,7375.58,1,27.5119,60.246,step
2026-08-31T19:07:26.831656+00:00,47.229,-0.1533,0.15,0.0,-0.1429,-0.0239,7391.51,1,27.4818,60.266,step
2026-08-31T19:07:26.832986+00:00,47.346,-0.1535,0.0,0.15,-0.1426,-0.0238,7408.43,1,27.4485,60.286,step
2026-08-31T19:07:26.834273+00:00,46.967,-0.1535,0.15,0.0,-0.1423,-0.0237,7170.39,1,27.4215,60.306,step
2026-08-31T19:07:26.835537+00:00,46.902,-0.1534,0.15,0.0,-0.1419,-0.0234,7342.96,1,27.3991,60.326,step
2026-08-31T19:07:26.836771+00:00,47.02,-0.1534,0.15,0.0,-0.1417,-0.0233,7358.94,1,27.3707,60.346,step
2026-08-31T19:07:26.838115+00:00,47.138,-0.1535,0.15,0.0,-0.1414,-0.0233,7375.91,1,27.3416,60.366,step
2026-08-31T19:07:26.839592+00:00,47.255,-0.1537,0.0,0.15,-0.1411,-0.0233,7393.13,1,27.3137,60.386,step
2026-08-31T19:07:26.840880+00:00,46.877,-0.1536,0.15,0.0,-0.1408,-0.0231,7156.53,1,27.2965,60.406,step
2026-08-31T19:07:26.842148+00:00,46.811,-0.1535,0.15,0.0,-0.1406,-0.0229,7329.38,1,27.2872,60.426,step
2026-08-31T19:07:26.843465+00:00,46.93,-0.1535,0.15,0.0,-0.1403,-0.0228,7345.09,1,27.2713,60.446,step
2026-08-31T19:07:26.844772+00:00,47.048,-0.1536,0.15,0.0,-0.14,-0.0227,7362.21,1,27.2553,60.466,step
2026-08-31T19:07:26.846123+00:00,47.165,-0.1537,0.0,0.15,-0.1398,-0.0227,7379.43,1,27.2407,60.486,step
2026-08-31T19:07:26.847702+00:00,46.787,-0.1536,0.15,0.0,-0.1396,-0.0225,7143.73,1,27.237,60.506,step
2026-08-31T19:07:26.849045+00:00,46.722,-0.1535,0.15,0.0,-0.1393,-0.0223,7314.93,1,27.2411,60.526,step
2026-08-31T19:07:26.850297+00:00,46.841,-0.1535,0.15,0.0,-0.1391,-0.0222,7330.93,1,27.2389,60.546,step
2026-08-31T19:07:26.851577+00:00,46.959,-0.1536,0.15,0.0,-0.1389,-0.0221,7348.14,1,27.2364,60.566,step
2026-08-31T19:07:26.852835+00:00,47.077,-0.1537,0.15,0.0,-0.1386,-0.0221,7365.47,1,27.236,60.586,step
2026-08-31T19:07:26.854205+00:00,47.194,-0.1538,0.15,0.0,-0.1384,-0.0221,7383.11,1,27.2374,60.606,step
2026-08-31T19:07:26.855524+00:00,47.311,-0.154,0.0,0.15,-0.1382,-0.0222,7401.11,1,27.2405,60.626,step
2026-08-31T19:07:26.857048+00:00,46.933,-0.1542,0.15,0.0,-0.138,-0.0223,7165.29,1,27.2568,60.646,step
2026-08-31T19:07:26.858312+00:00,46.867,-0.1542,0.15,0.0,-0.1377,-0.0222,7338.11,1,27.283,60.666,step
2026-08-31T19:07:26.859622+00:00,46.985,-0.1544,0.15,0.0,-0.1375,-0.0223,7353.92,1,27.3044,60.686,step
2026-08-31T19:07:26.860895+00:00,47.103,-0.1547,0.15,0.0,-0.1373,-0.0225,7371.0,1,27.3257,60.706,step
2026-08-31T19:07:26.862237+00:00,47.221,-0.155,0.15,0.0,-0.137,-0.0226,7388.53,1,27.35,60.726,step
2026-08-31T19:07:26.863496+00:00,47.338,-0.1553,0.15,0.0,-0.1368,-0.0228,7406.12,1,27.3775,60.746,step
2026-08-31T19:07:26.864870+00:00,47.455,-0.1556,0.15,0.0,-0.1365,-0.023,7423.95,1,27.4079,60.766,step
2026-08-31T19:07:26.866282+00:00,47.572,-0.1559,0.15,0.0,-0.1363,-0.0232,7442.07,1,27.4426,60.786,step
2026-08-31T19:07:26.867617+00:00,47.688,-0.1562,0.15,0.0,-0.136,-0.0233,7460.38,1,27.4818,60.806,step
2026-08-31T19:07:26.868898+00:00,47.805,-0.1565,0.15,0.0,-0.1358,-0.0235,7478.86,1,27.5257,60.826,step
2026-08-31T19:07:26.870182+00:00,47.921,-0.1568,0.15,0.0,-0.1355,-0.0237,7497.33,1,27.5755,60.846,step
2026-08-31T19:07:26.871429+00:00,48.037,-0.1571,0.15,0.0,-0.1352,-0.0238,7515.62,1,27.6314,60.866,step
2026-08-31T19:07:26.872833+00:00,48.153,-0.1574,0.15,0.0,-0.1349,-0.0239,7533.77,1,27.6928,60.886,step
2026-08-31T19:07:26.874125+00:00,48.269,-0.1577,0.15,0.0,-0.1346,-0.0241,7551.83,1,27.7597,60.906,step
2026-08-31T19:07:26.875458+00:00,48.385,-0.158,0.15,0.0,-0.1343,-0.0242,7569.87,1,27.8331,60.926,step
2026-08-31T19:07:26.876727+00:00,48.5,-0.1583,0.15,0.0,-0.134,-0.0244,7587.87,1,27.9132,60.946,step
2026-08-31T19:07:26.877985+00:00,48.616,-0.1589,0.15,0.0,-0.1337,-0.0247,7605.85,1,27.9992,60.966,step
2026-08-31T19:07:26.879211+00:00,48.731,-0.1594,0.15,0.0,-0.1333,-0.0251,7623.82,1,28.0927,60.986,step
2026-08-31T19:07:26.880621+00:00,48.846,-0.1599,0.15,0.0,-0.133,-0.0254,7641.76,1,28.1939,61.006,step
2026-08-31T19:07:26.881931+00:00,48.961,-0.1604,0.15,0.0,-0.1326,-0.0257,7659.69,1,28.3032,61.026,step
2026-08-31T19:07:26.883250+00:00,49.075,-0.1609,0.15,0.0,-0.1322,-0.026,7677.57,1,28.4208,61.046,step
2026-08-31T19:07:26.884486+00:00,49.19,-0.1614,0.15,0.0,-0.1318,-0.0263,7695.47,1,28.5477,61.066,step
2026-08-31T19:07:26.885756+00:00,49.304,-0.1619,0.15,0.0,-0.1314,-0.0265,7713.3,1,28.6836,61.086,step
2026-08-31T19:07:26.887029+00:00,49.418,-0.1623,0.15,0.0,-0.1309,-0.0268,7731.14,1,28.83,61.106,step
2026-08-31T19:07:26.888397+00:00,49.532,-0.1628,0.15,0.0,-0.1305,-0.027,7748.91,1,28.9863,61.126,step
2026-08-31T19:07:26.889853+00:00,49.645,-0.1633,0.15,0.0,-0.1301,-0.0272,7766.68,1,29.1543,61.146,step
2026-08-31T19:07:26.891247+00:00,49.759,-0.1637,0.15,0.0,-0.1296,-0.0274,7784.37,1,29.3338,61.166,step
2026-08-31T19:07:26.892545+00:00,49.872,-0.1642,0.15,0.0,-0.1291,-0.0276,7802.03,1,29.5258,61.186,step
2026-08-31T19:07:26.893830+00:00,49.985,-0.1646,0.15,0.0,-0.1286,-0.0278,7819.65,1,29.7305,61.206,step
2026-08-31T19:07:26.895056+00:00,50.097,-0.165,0.15,0.0,-0.1282,-0.028,7837.26,2,29.9491,61.226,step
2026-08-31T19:07:26.896311+00:00,50.106,-0.1652,0.15,0.0,-0.1277,-0.028,5831.91,2,30.2011,61.246,step
2026-08-31T19:07:26.897965+00:00,50.075,-0.1653,0.15,0.0,-0.1272,-0.0278,5846.76,2,30.5088,61.266,step
2026-08-31T19:07:26.899296+00:00,50.062,-0.1653,0.15,0.0,-0.1267,-0.0275,5789.62,2,30.8468,61.286,step
2026-08-31T19:07:26.900566+00:00,50.086,-0.1655,0.15,0.0,-0.1262,-0.0275,5810.49,2,31.1756,61.306,step
2026-08-31T19:07:26.901780+00:00,50.159,-0.1661,0.15,0.0,-0.1257,-0.0278,5818.16,2,31.4891,61.326,step
2026-08-31T19:07:26.902987+00:00,50.231,-0.1667,0.15,0.0,-0.1252,-0.0282,5826.21,2,31.8138,61.346,step
2026-08-31T19:07:26.904195+00:00,50.304,-0.1674,0.15,0.0,-0.1246,-0.0286,5834.24,2,32.1566,61.366,step
2026-08-31T19:07:26.905666+00:00,50.377,-0.168,0.15,0.0,-0.1241,-0.0289,5842.52,2,32.5193,61.386,step
2026-08-31T19:07:26.906935+00:00,50.449,-0.1686,0.15,0.0,-0.1236,-0.0293,5850.94,2,32.9045,61.406,step
2026-08-31T19:07:26.908186+00:00,50.522,-0.1693,0.15,0.0,-0.123,-0.0296,5859.47,2,33.3158,61.426,step
2026-08-31T19:07:26.909515+00:00,50.594,-0.1699,0.15,0.0,-0.1224,-0.0299,5868.11,2,33.7539,61.446,step
2026-08-31T19:07:26.910795+00:00,50.666,-0.1705,0.15,0.0,-0.1219,-0.0302,5876.65,2,34.2225,61.466,step
2026-08-31T19:07:26.912039+00:00,50.739,-0.1711,0.15,0.0,-0.1213,-0.0305,5885.11,2,34.7222,61.486,step
2026-08-31T19:07:26.913385+00:00,50.811,-0.1716,0.15,0.0,-0.1207,-0.0308,5893.55,2,35.256,61.506,step
2026-08-31T19:07:26.914956+00:00,50.883,-0.1722,0.15,0.0,-0.1201,-0.031,5901.96,2,35.8277,61.526,step
2026-08-31T19:07:26.916239+00:00,50.955,-0.1727,0.15,0.0,-0.1194,-0.0312,5910.35,2,36.438,61.546,step
2026-08-31T19:07:26.917515+00:00,51.027,-0.1735,0.15,0.0,-0.1188,-0.0317,5918.74,2,37.0908,61.566,step
2026-08-31T19:07:26.918826+00:00,51.099,-0.1744,0.15,0.0,-0.1181,-0.0322,5927.14,2,37.7916,61.586,step
2026-08-31T19:07:26.920192+00:00,51.171,-0.1752,0.15,0.0,-0.1174,-0.0326,5935.51,2,38.5423,61.606,step
2026-08-31T19:07:26.921442+00:00,51.243,-0.176,0.15,0.0,-0.1167,-0.0331,5943.89,2,39.3478,61.626,step
2026-08-31T19:07:26.922807+00:00,51.314,-0.1769,0.0,0.15,-0.116,-0.0335,5952.21,2,40.2157,61.646,step
2026-08-31T19:07:26.924158+00:00,50.96,-0.1775,0.15,0.0,-0.1152,-0.0338,5803.78,2,41.1909,61.666,step
2026-08-31T19:07:26.925419+00:00,50.858,-0.1779,0.15,0.0,-0.1145,-0.0338,5902.34,2,42.2673,61.686,step
2026-08-31T19:07:26.926656+00:00,50.931,-0.1785,0.15,0.0,-0.1137,-0.034,5909.25,2,43.3928,61.706,step
2026-08-31T19:07:26.927873+00:00,51.002,-0.1791,0.15,0.0,-0.113,-0.0343,5916.91,2,44.5964,61.726,step
2026-08-31T19:07:26.929161+00:00,51.074,0.0202,0.8,0.0,-0.1122,-0.0346,5924.68,2,45.8894,61.746,step
2026-08-31T19:07:26.930609+00:00,51.524,0.0175,0.8,0.0,-0.1112,-0.0367,6328.56,2,46.7067,61.766,step
2026-08-31T19:07:26.931939+00:00,52.155,0.0113,0.8,0.0,-0.1097,-0.0419,6417.23,2,46.5855,61.786,step
2026-08-31T19:07:26.933255+00:00,52.813,0.0039,0.8,0.0,-0.1077,-0.048,6477.56,2,46.209,61.806,step
2026-08-31T19:07:26.934590+00:00,53.476,-0.0037,0.8,0.0,-0.1052,-0.0542,6542.12,2,45.8295,61.826,step
2026-08-31T19:07:26.935847+00:00,54.138,-0.0113,0.8,0.0,-0.1025,-0.0602,6621.5,2,45.5116,61.846,step
2026-08-31T19:07:26.937024+00:00,54.802,-0.0193,0.8,0.0,-0.0993,-0.0664,6714.94,2,45.2643,61.866,step
2026-08-31T19:07:26.938251+00:00,55.47,-0.0273,0.8,0.0,-0.0959,-0.0724,6821.03,2,45.0942,61.886,step
2026-08-31T19:07:26.939573+00:00,56.144,-0.0352,0.8,0.0,-0.0921,-0.0782,6936.1,2,45.0122,61.906,step
2026-08-31T19:07:26.940823+00:00,56.831,-0.043,0.8,0.0,-0.0879,-0.0837,7052.27,2,45.0263,61.926,step
2026-08-31T19:07:26.942044+00:00,57.536,-0.0507,0.8,0.0,-0.0835,-0.0889,7159.02,2,45.1431,61.946,step
2026-08-31T19:07:26.943243+00:00,58.252,-0.0582,0.8,0.0,-0.0787,-0.0939,7265.74,2,45.37,61.966,step
2026-08-31T19:07:26.944431+00:00,58.977,-0.0657,0.8,0.0,-0.0737,-0.0986,7378.5,2,45.713,61.986,step
2026-08-31T19:07:26.945634+00:00,59.712,-0.073,0.8,0.0,-0.0683,-0.1031,7496.43,2,46.1835,62.006,step
2026-08-31T19:07:26.946975+00:00,60.456,-0.0801,0.8,0.0,-0.0626,-0.1073,7619.57,2,46.7961,62.026,step
2026-08-31T19:07:26.948251+00:00,61.212,-0.0871,0.8,0.0,-0.0567,-0.1111,7748.28,2,47.5685,62.046,step
2026-08-31T19:07:26.949505+00:00,61.978,-0.094,0.8,0.0,-0.0504,-0.1147,7883.52,2,48.5236,62.066,step
2026-08-31T19:07:26.950735+00:00,62.754,-0.1006,0.8,0.0,-0.0438,-0.118,8026.81,2,49.6928,62.086,step
2026-08-31T19:07:26.951957+00:00,63.541,-0.1071,0.8,0.0,-0.037,-0.1209,8180.03,2,51.1183,62.106,step
2026-08-31T19:07:26.953067+00:00,64.337,-0.1067,0.8,0.0,-0.0301,-0.1172,8345.49,2,52.8517,62.126,step
2026-08-31T19:07:26.954240+00:00,65.145,-0.1048,0.8,0.0,-0.0233,-0.112,8525.54,2,54.9185,62.146,step
2026-08-31T19:07:26.955450+00:00,65.964,-0.1024,0.8,0.0,-0.0166,-0.1066,8722.91,2,57.3334,62.166,step
2026-08-31T19:07:26.956752+00:00,66.795,-0.0998,0.8,0.0,-0.0101,-0.101,8939.81,2,60.1353,62.186,step
2026-08-31T19:07:26.957872+00:00,67.642,-0.0969,0.8,0.0,-0.0038,-0.0951,9170.4,2,63.4065,62.206,step
2026-08-31T19:07:26.959007+00:00,68.5,-0.0937,0.8,0.0,0.0023,-0.0891,9428.68,2,67.2743,62.226,step
2026-08-31T19:07:26.960173+00:00,69.367,-0.0902,0.8,0.0,0.0082,-0.0828,9695.72,2,71.9131,62.246,step
2026-08-31T19:07:26.961296+00:00,70.237,-0.0863,0.8,0.0,0.014,-0.0763,9948.38,2,77.5658,62.266,step
2026-08-31T19:07:26.962519+00:00,71.111,-0.0821,0.8,0.0,0.0195,-0.0696,10190.6,2,84.5717,62.286,step
2026-08-31T19:07:26.963710+00:00,71.986,-0.0775,0.8,0.0,0.0248,-0.0626,10424.2,2,93.457,62.306,step
2026-08-31T19:07:26.965087+00:00,72.862,-0.0725,0.8,0.0,0.0299,-0.0554,10650.0,2,105.069,62.326,step
2026-08-31T19:07:26.966275+00:00,73.738,-0.0672,0.8,0.0,0.0348,-0.048,10868.1,2,120.514,62.346,step
2026-08-31T19:07:26.967464+00:00,74.614,-0.0615,0.8,0.0,0.0394,-0.0403,11078.2,2,132.452,62.366,step
2026-08-31T19:07:26.968682+00:00,75.492,-0.0554,0.8,0.0,0.0437,-0.0323,11280.4,2,141.617,62.386,step
2026-08-31T19:07:26.969912+00:00,76.369,-0.049,0.8,0.0,0.0477,-0.0242,11474.6,2,149.629,62.406,step
2026-08-31T19:07:26.971156+00:00,77.247,-0.0422,0.8,0.0,0.0514,-0.0159,11660.8,2,156.986,62.426,step
2026-08-31T19:07:26.972516+00:00,78.125,-0.0351,0.8,0.0,0.0547,-0.0074,11839.3,2,163.907,62.446,step
2026-08-31T19:07:26.973957+00:00,79.002,-0.0276,0.8,0.0,0.0577,0.0012,12010.9,2,170.501,62.466,step
2026-08-31T19:07:26.975230+00:00,79.879,-0.0199,0.8,0.0,0.0604,0.0099,12176.5,2,176.836,62.486,step
2026-08-31T19:07:26.976491+00:00,80.754,-0.0118,0.8,0.0,0.0626,0.0188,12337.1,3,182.948,62.506,step
2026-08-31T19:07:26.977783+00:00,81.602,-0.0037,0.8,0.0,0.0645,0.0275,9754.03,3,188.742,62.526,step
2026-08-31T19:07:26.979072+00:00,82.145,0.0029,0.8,0.0,0.0657,0.0344,9758.11,3,193.067,62.546,step
2026-08-31T19:07:26.980619+00:00,82.148,0.0063,0.8,0.0,0.066,0.0378,7521.14,3,194.9,62.566,step
2026-08-31T19:07:26.981927+00:00,82.47,0.008,0.8,0.0,0.0654,0.0392,7960.91,3,195.367,62.586,step
2026-08-31T19:07:26.983141+00:00,83.057,0.0096,0.8,0.0,0.0643,0.0401,8063.35,3,195.492,62.606,step
2026-08-31T19:07:26.984377+00:00,83.689,0.011,0.8,0.0,0.0627,0.0407,8111.38,3,195.398,62.626,step
2026-08-31T19:07:26.985603+00:00,84.331,0.0122,0.8,0.0,0.0607,0.041,8150.52,3,195.057,62.646,step
2026-08-31T19:07:26.986844+00:00,84.974,0.0132,0.8,0.0,0.0584,0.0408,8192.49,3,194.492,62.666,step
2026-08-31T19:07:26.988199+00:00,85.616,0.0141,0.8,0.0,0.0559,0.0405,8241.66,3,193.751,62.686,step
2026-08-31T19:07:26.989675+00:00,86.256,0.0148,0.8,0.0,0.0533,0.0399,8298.6,3,192.884,62.706,step
2026-08-31T19:07:26.990933+00:00,86.897,0.0155,0.8,0.0,0.0505,0.0392,8361.96,3,191.93,62.726,step
2026-08-31T19:07:26.992244+00:00,87.539,0.0161,0.8,0.0,0.0476,0.0384,8429.64,3,190.915,62.746,step
2026-08-31T19:07:26.993551+00:00,88.185,0.0167,0.8,0.0,0.0448,0.0376,8499.91,3,189.86,62.766,step
2026-08-31T19:07:26.994807+00:00,88.836,0.0172,0.8,0.0,0.0419,0.0367,8571.12,3,188.77,62.786,step
2026-08-31T19:07:26.996157+00:00,89.493,0.0177,0.8,0.0,0.039,0.0358,8642.18,3,187.649,62.806,step
2026-08-31T19:07:26.997634+00:00,90.156,0.0181,0.8,0.0,0.0361,0.0348,8712.73,3,186.493,62.826,step
2026-08-31T19:07:26.998901+00:00,90.827,0.0185,0.8,0.0,0.0333,0.0338,8780.03,3,185.306,62.846,step
2026-08-31T19:07:27.000208+00:00,91.504,0.0188,0.8,0.0,0.0305,0.0328,8845.6,3,184.099,62.866,step
2026-08-31T19:07:27.001568+00:00,92.183,0.0191,0.8,0.0,0.0277,0.0317,8914.32,3,182.864,62.886,step
2026-08-31T19:07:27.002808+00:00,92.867,0.0192,0.15,0.0,0.025,0.0306,8985.58,3,181.601,62.906,step
2026-08-31T19:07:27.004123+00:00,93.172,0.0194,0.15,0.0,0.0224,0.0295,8543.18,3,180.356,62.926,step
2026-08-31T19:07:27.005461+00:00,93.182,0.0196,0.15,0.0,0.0199,0.0285,8545.33,3,179.16,62.946,step
2026-08-31T19:07:27.006890+00:00,93.194,0.0198,0.15,0.0,0.0175,0.0274,8547.77,3,177.945,62.966,step
2026-08-31T19:07:27.008129+00:00,93.207,0.0198,0.15,0.0,0.0151,0.0264,8549.45,3,176.696,62.986,step
2026-08-31T19:07:27.009426+00:00,93.219,0.0198,0.15,0.0,0.0129,0.0252,8550.64,3,175.427,63.006,step
2026-08-31T19:07:27.010738+00:00,93.232,0.0197,0.15,0.0,0.0108,0.0241,8551.57,3,174.147,63.026,step
2026-08-31T19:07:27.012156+00:00,93.245,0.0195,0.15,0.0,0.0087,0.023,8552.44,3,172.863,63.046,step
2026-08-31T19:07:27.013470+00:00,93.258,0.0193,0.15,0.0,0.0068,0.0218,8553.36,3,171.582,63.066,step
2026-08-31T19:07:27.014917+00:00,93.27,0.0191,0.15,0.0,0.0049,0.0207,8554.39,3,170.319,63.086,step
2026-08-31T19:07:27.016213+00:00,93.283,0.0188,0.15,0.0,0.0032,0.0197,8555.45,3,169.076,63.106,step
2026-08-31T19:07:27.017531+00:00,93.296,0.0186,0.15,0.0,0.0015,0.0186,8556.33,3,167.843,63.126,step
2026-08-31T19:07:27.018780+00:00,93.308,0.0182,0.15,0.0,-0.0,0.0175,8557.42,3,166.618,63.146,step
2026-08-31T19:07:27.020051+00:00,93.32,0.0179,0.15,0.0,-0.0015,0.0165,8558.64,3,165.411,63.166,step
2026-08-31T19:07:27.021326+00:00,93.333,0.0176,0.15,0.0,-0.0029,0.0155,8559.95,3,164.221,63.186,step
2026-08-31T19:07:27.022711+00:00,93.345,0.0172,0.15,0.0,-0.0042,0.0145,8561.21,3,163.036,63.206,step
2026-08-31T19:07:27.023943+00:00,93.358,0.0168,0.15,0.0,-0.0054,0.0136,8562.41,3,161.867,63.226,step
2026-08-31T19:07:27.025225+00:00,93.371,0.0164,0.15,0.0,-0.0066,0.0126,8563.56,3,160.714,63.246,step
2026-08-31T19:07:27.026532+00:00,93.383,0.016,0.15,0.0,-0.0076,0.0117,8564.68,3,159.581,63.266,step
2026-08-31T19:07:27.027792+00:00,93.395,0.0155,0.15,0.0,-0.0086,0.0108,8565.8,3,158.465,63.286,step
2026-08-31T19:07:27.029117+00:00,93.408,0.0151,0.15,0.0,-0.0095,0.0099,8566.9,3,157.357,63.306,step
2026-08-31T19:07:27.030524+00:00,93.42,0.0146,0.15,0.0,-0.0103,0.0091,8568.0,3,156.266,63.326,step
2026-08-31T19:07:27.031996+00:00,93.433,0.0141,0.15,0.0,-0.0111,0.0083,8569.12,3,155.192,63.346,step
2026-08-31T19:07:27.033268+00:00,93.445,0.0136,0.15,0.0,-0.0118,0.0075,8570.23,3,154.14,63.366,step
2026-08-31T19:07:27.034527+00:00,93.457,0.0132,0.15,0.0,-0.0124,0.0067,8571.35,3,153.108,63.386,step
2026-08-31T19:07:27.035788+00:00,93.47,0.0127,0.15,0.0,-0.0129,0.006,8572.31,3,152.098,63.406,step
2026-08-31T19:07:27.037035+00:00,93.482,0.0122,0.15,0.0,-0.0134,0.0053,8573.42,3,151.103,63.426,step
2026-08-31T19:07:27.038399+00:00,93.494,0.0117,0.15,0.0,-0.0139,0.0046,8574.59,3,150.125,63.446,step
2026-08-31T19:07:27.039894+00:00,93.506,0.0112,0.15,0.0,-0.0142,0.0039,8575.8,3,149.162,63.466,step
2026-08-31T19:07:27.041237+00:00,93.519,0.0106,0.15,0.0,-0.0145,0.0033,8576.97,3,148.217,63.486,step
2026-08-31T19:07:27.042446+00:00,93.531,0.0101,0.15,0.0,-0.0148,0.0026,8578.11,3,147.289,63.506,step
2026-08-31T19:07:27.043689+00:00,93.543,0.0096,0.15,0.0,-0.015,0.0021,8579.24,3,146.381,63.526,step
2026-08-31T19:07:27.044892+00:00,93.555,0.0091,0.15,0.0,-0.0152,0.0015,8580.36,3,145.488,63.546,step
2026-08-31T19:07:27.046131+00:00,93.568,0.0086,0.15,0.0,-0.0153,0.001,8581.46,3,144.617,63.566,step
2026-08-31T19:07:27.047592+00:00,93.58,0.0081,0.15,0.0,-0.0153,0.0004,8582.55,3,143.764,63.586,step
2026-08-31T19:07:27.048898+00:00,93.592,0.0077,0.15,0.0,-0.0154,-0.0,8583.64,3,142.93,63.606,step
2026-08-31T19:07:27.050233+00:00,93.604,0.0072,0.15,0.0,-0.0154,-0.0005,8584.74,3,142.113,63.626,step
2026-08-31T19:07:27.051531+00:00,93.616,0.0067,0.15,0.0,-0.0153,-0.0009,8585.84,3,141.319,63.646,step
2026-08-31T19:07:27.052801+00:00,93.628,0.0063,0.15,0.0,-0.0152,-0.0013,8586.95,3,140.538,63.666,step
2026-08-31T19:07:27.054031+00:00,93.64,0.0058,0.15,0.0,-0.0151,-0.0017,8587.93,3,139.779,63.686,step
2026-08-31T19:07:27.055324+00:00,93.652,0.0054,0.15,0.0,-0.0149,-0.002,8589.03,3,139.035,63.706,step
2026-08-31T19:07:27.056841+00:00,93.664,0.0049,0.15,0.0,-0.0147,-0.0023,8590.16,3,138.312,63.726,step
2026-08-31T19:07:27.058107+00:00,93.676,0.0045,0.15,0.0,-0.0145,-0.0026,8591.31,3,137.606,63.746,step
2026-08-31T19:07:27.059352+00:00,93.688,0.0041,0.15,0.0,-0.0143,-0.0029,8592.43,3,136.907,63.766,step
2026-08-31T19:07:27.060615+00:00,93.7,0.0038,0.15,0.0,-0.0141,-0.0031,8593.54,3,136.227,63.786,step
2026-08-31T19:07:27.061877+00:00,93.712,0.0034,0.15,0.0,-0.0138,-0.0034,8594.64,3,135.562,63.806,step
2026-08-31T19:07:27.063196+00:00,93.724,0.003,0.15,0.0,-0.0135,-0.0036,8595.72,3,134.918,63.826,step
2026-08-31T19:07:27.064549+00:00,93.736,0.0027,0.15,0.0,-0.0132,-0.0037,8596.8,3,134.29,63.846,step
2026-08-31T19:07:27.065886+00:00,93.748,0.0024,0.15,0.0,-0.0129,-0.0039,8597.88,3,133.665,63.866,step
2026-08-31T19:07:27.067152+00:00,93.76,0.0021,0.15,0.0,-0.0126,-0.004,8598.96,3,133.056,63.886,step
2026-08-31T19:07:27.068435+00:00,93.772,0.0018,0.15,0.0,-0.0123,-0.0042,8600.03,3,132.46,63.906,step
2026-08-31T19:07:27.069727+00:00,93.784,0.0015,0.15,0.0,-0.0119,-0.0043,8601.11,3,131.869,63.926,step
2026-08-31T19:07:27.071047+00:00,93.795,0.0012,0.15,0.0,-0.0116,-0.0044,8602.19,3,131.281,63.946,step
2026-08-31T19:07:27.072373+00:00,93.807,0.0009,0.15,0.0,-0.0112,-0.0045,8603.21,3,130.706,63.966,step
2026-08-31T19:07:27.073874+00:00,93.819,0.0007,0.15,0.0,-0.0108,-0.0045,8604.29,3,130.142,63.986,step
2026-08-31T19:07:27.075234+00:00,93.832,0.0004,0.15,0.0,-0.0104,-0.0046,8605.48,3,129.526,64.008,step
2026-08-31T19:07:27.076607+00:00,93.845,0.0001,0.15,0.0,-0.01,-0.0047,8606.69,3,128.927,64.03,step
2026-08-31T19:07:27.077901+00:00,93.858,-0.0001,0.15,0.0,-0.0095,-0.0047,8607.87,3,128.344,64.052,step
2026-08-31T19:07:27.079300+00:00,93.87,-0.0003,0.15,0.0,-0.0091,-0.0047,8609.04,3,127.767,64.074,step
2026-08-31T19:07:27.080795+00:00,93.883,-0.0006,0.15,0.0,-0.0086,-0.0047,8610.21,3,127.192,64.096,step
2026-08-31T19:07:27.082170+00:00,93.896,-0.0008,0.15,0.0,-0.0081,-0.0047,8611.38,3,126.633,64.118,step
2026-08-31T19:07:27.083542+00:00,93.909,-0.0009,0.15,0.0,-0.0077,-0.0046,8612.54,3,126.089,64.14,step
2026-08-31T19:07:27.084915+00:00,93.921,-0.0011,0.15,0.0,-0.0072,-0.0045,8613.7,3,125.552,64.162,step
2026-08-31T19:07:27.086315+00:00,93.934,-0.0012,0.15,0.0,-0.0068,-0.0045,8614.85,3,125.018,64.184,step
2026-08-31T19:07:27.087661+00:00,93.947,-0.0014,0.15,0.0,-0.0064,-0.0044,8616.01,3,124.484,64.206,step
2026-08-31T19:07:27.089039+00:00,93.959,-0.0015,0.15,0.0,-0.006,-0.0043,8617.17,3,123.95,64.228,step
2026-08-31T19:07:27.090565+00:00,93.972,-0.0016,0.15,0.0,-0.0056,-0.0043,8618.34,3,123.416,64.25,step
2026-08-31T19:07:27.091862+00:00,93.985,-0.0017,0.15,0.0,-0.0052,-0.0042,8619.49,3,122.896,64.272,step
2026-08-31T19:07:27.093158+00:00,93.997,-0.0018,0.15,0.0,-0.0048,-0.0041,8620.63,3,122.387,64.294,step
2026-08-31T19:07:27.094501+00:00,94.01,-0.0019,0.15,0.0,-0.0044,-0.004,8621.77,3,121.88,64.316,step
2026-08-31T19:07:27.095790+00:00,94.022,-0.0019,0.15,0.0,-0.0041,-0.0038,8622.9,3,121.375,64.338,step
2026-08-31T19:07:27.097175+00:00,94.035,-0.002,0.15,0.0,-0.0038,-0.0037,8624.04,3,120.868,64.36,step
2026-08-31T19:07:27.098612+00:00,94.047,-0.002,0.15,0.0,-0.0034,-0.0036,8625.18,3,120.362,64.382,step
2026-08-31T19:07:27.099988+00:00,94.06,-0.002,0.0,0.15,-0.0031,-0.0035,8626.32,3,119.855,64.404,step
2026-08-31T19:07:27.101334+00:00,93.63,-0.0021,0.0,0.15,-0.0028,-0.0033,8443.37,3,119.362,64.426,step
2026-08-31T19:07:27.102689+00:00,93.001,-0.002,0.0,0.15,-0.0025,-0.0031,8383.01,3,118.897,64.448,step
2026-08-31T19:07:27.103996+00:00,92.374,-0.002,0.0,0.15,-0.0022,-0.0029,8324.55,3,118.447,64.47,step
2026-08-31T19:07:27.105546+00:00,91.751,-0.0019,0.0,0.15,-0.0019,-0.0027,8268.17,3,118.004,64.492,step
2026-08-31T19:07:27.106964+00:00,91.13,-0.0018,0.0,0.15,-0.0016,-0.0025,8212.73,3,117.566,64.514,step
2026-08-31T19:07:27.108297+00:00,90.513,-0.0017,0.0,0.15,-0.0014,-0.0023,8158.27,3,117.132,64.536,step
2026-08-31T19:07:27.109610+00:00,89.897,-0.0016,0.0,0.15,-0.0012,-0.0021,8104.0,3,116.699,64.558,step
2026-08-31T19:07:27.110924+00:00,89.285,-0.0014,0.15,0.0,-0.001,-0.0018,8049.69,3,116.267,64.58,step
2026-08-31T19:07:27.112288+00:00,89.119,-0.0013,0.15,0.0,-0.0008,-0.0017,8177.93,3,115.807,64.602,step
2026-08-31T19:07:27.113616+00:00,89.141,-0.0013,0.15,0.0,-0.0007,-0.0016,8178.08,3,115.312,64.624,step
2026-08-31T19:07:27.115112+00:00,89.164,-0.0013,0.15,0.0,-0.0005,-0.0015,8178.7,3,114.804,64.646,step
2026-08-31T19:07:27.116443+00:00,89.186,-0.0014,0.15,0.0,-0.0003,-0.0015,8180.04,3,114.293,64.668,step
2026-08-31T19:07:27.117759+00:00,89.207,-0.0014,0.15,0.0,-0.0002,-0.0014,8181.99,3,113.78,64.69,step
2026-08-31T19:07:27.119086+00:00,89.229,-0.0013,0.15,0.0,-0.0001,-0.0013,8184.39,3,113.267,64.712,step
2026-08-31T19:07:27.120371+00:00,89.25,-0.0013,0.15,0.0,0.0,-0.0013,8187.03,3,112.754,64.734,step
2026-08-31T19:07:27.121694+00:00,89.272,-0.0013,0.15,0.0,0.0002,-0.0012,8189.35,3,112.24,64.756,step
2026-08-31T19:07:27.123243+00:00,89.293,-0.0013,0.15,0.0,0.0003,-0.0012,8191.41,3,111.727,64.778,step
2026-08-31T19:07:27.124561+00:00,89.315,-0.0013,0.15,0.0,0.0004,-0.0011,8193.5,3,111.214,64.8,step
2026-08-31T19:07:27.125919+00:00,89.336,-0.0013,0.15,0.0,0.0005,-0.001,8195.33,3,110.703,64.822,step
2026-08-31T19:07:27.127201+00:00,89.358,-0.0013,0.15,0.0,0.0005,-0.001,8197.13,3,110.191,64.844,step
2026-08-31T19:07:27.128465+00:00,89.379,-0.0012,0.15,0.0,0.0006,-0.0009,8198.99,3,109.677,64.866,step
2026-08-31T19:07:27.129776+00:00,89.4,-0.0012,0.15,0.0,0.0007,-0.0008,8200.86,3,109.163,64.888,step
2026-08-31T19:07:27.131337+00:00,89.422,-0.0012,0.15,0.0,0.0008,-0.0008,8202.76,3,108.649,64.91,step
2026-08-31T19:07:27.132702+00:00,89.443,-0.0012,0.15,0.0,0.0009,-0.0007,8204.69,3,108.135,64.932,step
2026-08-31T19:07:27.134098+00:00,89.464,-0.0011,0.15,0.0,0.0009,-0.0006,8206.64,3,107.621,64.954,step
2026-08-31T19:07:27.135488+00:00,89.486,-0.0011,0.15,0.0,0.001,-0.0006,8208.64,3,107.106,64.976,step
2026-08-31T19:07:27.136929+00:00,89.507,-0.001,0.0,0.15,0.001,-0.0005,8210.65,3,106.591,64.998,step
2026-08-31T19:07:27.138326+00:00,89.088,-0.001,0.15,0.0,0.0011,-0.0004,8036.89,3,106.087,65.02,step
2026-08-31T19:07:27.139816+00:00,88.917,-0.0009,0.15,0.0,0.0011,-0.0003,8158.98,3,105.587,65.042,step
2026-08-31T19:07:27.141231+00:00,88.94,-0.0009,0.15,0.0,0.0012,-0.0003,8159.83,3,105.078,65.064,step
2026-08-31T19:07:27.142518+00:00,88.963,-0.0008,0.15,0.0,0.0012,-0.0002,8161.41,3,104.567,65.086,step
2026-08-31T19:07:27.143802+00:00,88.985,-0.0007,0.15,0.0,0.0012,-0.0001,8163.45,3,104.056,65.108,step
2026-08-31T19:07:27.145088+00:00,89.007,-0.0007,0.15,0.0,0.0012,-0.0001,8165.12,3,103.544,65.13,step
2026-08-31T19:07:27.146475+00:00,89.03,-0.0006,0.15,0.0,0.0012,0.0,8166.89,3,103.031,65.152,step
2026-08-31T19:07:27.148016+00:00,89.052,-0.0005,0.15,0.0,0.0012,0.0001,8168.81,3,102.516,65.174,step
2026-08-31T19:07:27.149310+00:00,89.075,-0.0005,0.15,0.0,0.0013,0.0001,8170.85,3,102.001,65.196,step
2026-08-31T19:07:27.150675+00:00,89.097,-0.0004,0.15,0.0,0.0012,0.0002,8172.96,3,101.475,65.218,step
2026-08-31T19:07:27.151962+00:00,89.119,-0.0004,0.15,0.0,0.0012,0.0002,8175.12,3,100.938,65.24,step
2026-08-31T19:07:27.153237+00:00,89.141,-0.0004,0.15,0.0,0.0012,0.0002,8177.22,3,100.396,65.262,step
2026-08-31T19:07:27.154625+00:00,89.163,-0.0004,0.15,0.0,0.0012,0.0002,8179.31,3,99.8509,65.284,step
2026-08-31T19:07:27.156048+00:00,89.186,-0.0004,0.15,0.0,0.0012,0.0002,8181.37,3,99.3058,65.306,step
2026-08-31T19:07:27.157374+00:00,89.208,-0.0004,0.15,0.0,0.0012,0.0002,8183.39,3,98.7606,65.328,step
2026-08-31T19:07:27.158714+00:00,89.23,-0.0004,0.15,0.0,0.0011,0.0002,8185.39,3,98.2154,65.35,step
2026-08-31T19:07:27.160050+00:00,89.253,-0.0004,0.15,0.0,0.0011,0.0002,8187.39,3,97.6699,65.372,step
2026-08-31T19:07:27.161329+00:00,89.275,-0.0003,0.15,0.0,0.0011,0.0002,8190.25,3,97.1246,65.394,step
2026-08-31T19:07:27.162546+00:00,89.297,-0.0003,0.15,0.0,0.0011,0.0002,8191.9,3,96.5792,65.416,step
2026-08-31T19:07:27.163861+00:00,89.32,-0.0003,0.15,0.0,0.0011,0.0002,8193.73,3,96.033,65.438,step
2026-08-31T19:07:27.165343+00:00,89.342,-0.0003,0.15,0.0,0.0011,0.0002,8195.57,3,95.4864,65.46,step
2026-08-31T19:07:27.166633+00:00,89.364,-0.0003,0.15,0.0,0.0011,0.0002,8197.45,3,94.9401,65.482,step
2026-08-31T19:07:27.167929+00:00,89.386,-0.0003,0.15,0.0,0.001,0.0002,8199.41,3,94.3949,65.504,step
2026-08-31T19:07:27.169207+00:00,89.408,-0.0003,0.15,0.0,0.001,0.0002,8201.42,3,93.8489,65.526,step
2026-08-31T19:07:27.170505+00:00,89.43,-0.0003,0.15,0.0,0.001,0.0002,8203.49,3,93.302,65.548,step
2026-08-31T19:07:27.171901+00:00,89.452,-0.0003,0.15,0.0,0.001,0.0002,8205.6,3,92.7555,65.57,step
2026-08-31T19:07:27.173346+00:00,89.475,-0.0003,0.15,0.0,0.0009,0.0002,8207.69,3,92.2089,65.592,step
2026-08-31T19:07:27.174652+00:00,89.497,-0.0003,0.0,0.15,0.001,0.0002,8209.72,3,91.661,65.614,step
2026-08-31T19:07:27.175932+00:00,89.077,-0.0003,0.15,0.0,0.001,0.0002,8036.0,3,91.1059,65.636,step
2026-08-31T19:07:27.177202+00:00,88.908,-0.0003,0.15,0.0,0.001,0.0001,8158.09,3,90.549,65.658,step
2026-08-31T19:07:27.178485+00:00,88.932,-0.0004,0.15,0.0,0.001,0.0001,8159.56,3,90.0007,65.68,step
2026-08-31T19:07:27.179896+00:00,88.955,-0.0003,0.15,0.0,0.0009,0.0001,8160.92,3,89.4565,65.702,step
2026-08-31T19:07:27.181572+00:00,88.979,-0.0003,0.15,0.0,0.0009,0.0001,8162.46,3,88.9123,65.724,step
2026-08-31T19:07:27.182883+00:00,89.002,-0.0003,0.15,0.0,0.0009,0.0001,8164.17,3,88.3683,65.746,step
2026-08-31T19:07:27.184233+00:00,89.025,-0.0003,0.15,0.0,0.0009,0.0001,8166.11,3,87.8244,65.768,step
2026-08-31T19:07:27.185515+00:00,89.048,-0.0003,0.15,0.0,0.0009,0.0001,8168.23,3,87.2805,65.79,step
2026-08-31T19:07:27.186793+00:00,89.071,-0.0003,0.15,0.0,0.0009,0.0001,8170.5,3,86.7352,65.812,step
2026-08-31T19:07:27.188121+00:00,89.094,-0.0003,0.15,0.0,0.0009,0.0001,8172.79,3,86.1913,65.834,step
2026-08-31T19:07:27.189636+00:00,89.117,-0.0003,0.15,0.0,0.0008,0.0001,8175.0,3,85.6473,65.856,step
2026-08-31T19:07:27.190933+00:00,89.139,-0.0003,0.15,0.0,0.0008,0.0001,8177.12,3,85.103,65.878,step
2026-08-31T19:07:27.192285+00:00,89.162,-0.0003,0.15,0.0,0.0008,0.0001,8179.18,3,84.5578,65.9,step
2026-08-31T19:07:27.193615+00:00,89.185,-0.0003,0.15,0.0,0.0008,0.0001,8181.24,3,84.0125,65.922,step
2026-08-31T19:07:27.194942+00:00,89.208,-0.0003,0.15,0.0,0.0008,0.0001,8183.29,3,83.4673,65.944,step
2026-08-31T19:07:27.196299+00:00,89.23,-0.0003,0.15,0.0,0.0008,0.0001,8185.51,3,82.9219,65.966,step
2026-08-31T19:07:27.197724+00:00,89.253,-0.0003,0.15,0.0,0.0008,0.0001,8187.5,3,82.3768,65.988,step
2026-08-31T19:07:27.198981+00:00,89.276,-0.0002,0.15,0.0,0.0007,0.0001,8189.53,3,81.8316,66.01,step
2026-08-31T19:07:27.200287+00:00,89.298,-0.0002,0.15,0.0,0.0007,0.0001,8191.55,3,81.2865,66.032,step
2026-08-31T19:07:27.201641+00:00,89.321,-0.0002,0.15,0.0,0.0007,0.0001,8193.58,3,80.74,66.054,step
2026-08-31T19:07:27.202979+00:00,89.344,-0.0003,0.15,0.0,0.0007,0.0001,8195.63,3,80.1935,66.076,step
2026-08-31T19:07:27.204282+00:00,89.366,-0.0003,0.15,0.0,0.0008,0.0001,8197.68,3,79.6471,66.098,step
2026-08-31T19:07:27.205583+00:00,89.388,-0.0002,0.15,0.0,0.0007,0.0001,8199.74,3,79.1021,66.12,step
2026-08-31T19:07:27.207123+00:00,89.411,-0.0002,0.15,0.0,0.0007,0.0001,8201.79,3,78.5554,66.142,step
2026-08-31T19:07:27.208502+00:00,89.433,-0.0002,0.15,0.0,0.0007,0.0001,8203.83,3,78.0091,66.164,step
2026-08-31T19:07:27.209791+00:00,89.455,-0.0002,0.15,0.0,0.0007,0.0001,8205.87,3,77.4627,66.186,step
2026-08-31T19:07:27.211060+00:00,89.478,-0.0002,0.15,0.0,0.0006,0.0001,8207.91,3,76.916,66.208,step
2026-08-31T19:07:27.212320+00:00,89.5,-0.0002,0.0,0.15,0.0007,0.0001,8209.94,3,76.368,66.23,step
2026-08-31T19:07:27.213784+00:00,89.08,-0.0002,0.15,0.0,0.0007,0.0001,8036.77,3,75.8158,66.252,step
2026-08-31T19:07:27.215104+00:00,88.912,-0.0003,0.15,0.0,0.0007,0.0001,8158.22,3,75.2629,66.274,step
2026-08-31T19:07:27.216373+00:00,88.935,-0.0003,0.15,0.0,0.0007,0.0001,8159.24,3,74.7156,66.296,step
2026-08-31T19:07:27.217685+00:00,88.959,-0.0003,0.15,0.0,0.0006,0.0001,8160.85,3,74.1718,66.318,step
2026-08-31T19:07:27.218905+00:00,88.982,-0.0003,0.15,0.0,0.0006,0.0001,8162.55,3,73.6279,66.34,step
2026-08-31T19:07:27.220135+00:00,89.005,-0.0003,0.15,0.0,0.0006,0.0001,8164.41,3,73.0839,66.362,step
2026-08-31T19:07:27.221493+00:00,89.028,-0.0002,0.15,0.0,0.0006,0.0001,8166.45,3,72.5401,66.384,step
2026-08-31T19:07:27.222947+00:00,89.051,-0.0003,0.15,0.0,0.0006,0.0001,8168.62,3,71.9957,66.406,step
2026-08-31T19:07:27.224364+00:00,89.073,-0.0003,0.15,0.0,0.0007,0.0001,8170.88,3,71.4505,66.428,step
2026-08-31T19:07:27.225671+00:00,89.096,-0.0003,0.15,0.0,0.0006,0.0001,8173.06,3,70.9066,66.45,step
2026-08-31T19:07:27.226939+00:00,89.119,-0.0002,0.15,0.0,0.0006,0.0001,8175.18,3,70.3628,66.472,step
2026-08-31T19:07:27.228231+00:00,89.141,-0.0002,0.15,0.0,0.0006,0.0001,8177.25,3,69.8182,66.494,step
2026-08-31T19:07:27.229619+00:00,89.164,-0.0002,0.15,0.0,0.0006,0.0001,8179.31,3,69.2731,66.516,step
2026-08-31T19:07:27.231091+00:00,89.187,-0.0002,0.15,0.0,0.0006,0.0001,8180.95,3,68.7279,66.538,step
2026-08-31T19:07:27.232416+00:00,89.209,-0.0002,0.15,0.0,0.0006,0.0001,8182.97,3,68.1827,66.56,step
2026-08-31T19:07:27.233684+00:00,89.231,-0.0002,0.15,0.0,0.0006,0.0001,8185.11,3,67.6369,66.582,step
2026-08-31T19:07:27.234968+00:00,89.254,-0.0002,0.15,0.0,0.0006,0.0001,8187.33,3,67.0919,66.604,step
2026-08-31T19:07:27.236210+00:00,89.276,-0.0002,0.15,0.0,0.0006,0.0001,8189.49,3,66.5469,66.626,step
2026-08-31T19:07:27.237397+00:00,89.298,-0.0002,0.15,0.0,0.0005,0.0001,8191.57,3,66.0017,66.648,step
2026-08-31T19:07:27.238935+00:00,89.32,-0.0002,0.15,0.0,0.0006,0.0001,8193.61,3,65.4554,66.67,step
2026-08-31T19:07:27.240248+00:00,89.342,-0.0002,0.15,0.0,0.0006,0.0001,8195.62,3,64.9091,66.692,step
2026-08-31T19:07:27.241645+00:00,89.364,-0.0002,0.15,0.0,0.0006,0.0001,8197.59,3,64.3626,66.714,step
2026-08-31T19:07:27.242992+00:00,89.386,-0.0002,0.15,0.0,0.0005,0.0001,8199.55,3,63.817,66.736,step
2026-08-31T19:07:27.244275+00:00,89.408,-0.0002,0.15,0.0,0.0005,0.0001,8201.5,3,63.2709,66.758,step
2026-08-31T19:07:27.245535+00:00,89.43,-0.0002,0.15,0.0,0.0005,0.0001,8203.48,3,62.7245,66.78,step
2026-08-31T19:07:27.246877+00:00,89.451,-0.0002,0.15,0.0,0.0005,0.0001,8205.47,3,62.1782,66.802,step
2026-08-31T19:07:27.248461+00:00,89.473,-0.0002,0.15,0.0,0.0005,0.0001,8206.85,3,61.6312,66.824,step
2026-08-31T19:07:27.249747+00:00,89.495,-0.0002,0.0,0.15,0.0005,0.0001,8208.77,3,61.0837,66.846,step
2026-08-31T19:07:27.251071+00:00,89.073,-0.0002,0.15,0.0,0.0005,0.0,8036.79,3,60.5326,66.868,step
2026-08-31T19:07:27.252357+00:00,88.905,-0.0003,0.15,0.0,0.0006,0.0,8157.59,3,59.9814,66.89,step
2026-08-31T19:07:27.253733+00:00,88.927,-0.0003,0.15,0.0,0.0006,0.0,8158.64,3,59.4349,66.912,step
2026-08-31T19:07:27.255021+00:00,88.95,-0.0003,0.15,0.0,0.0006,0.0,8160.18,3,58.8912,66.934,step
2026-08-31T19:07:27.256562+00:00,88.973,-0.0003,0.15,0.0,0.0005,0.0,8161.88,3,58.3473,66.956,step
2026-08-31T19:07:27.257834+00:00,88.995,-0.0003,0.0,0.15,0.0005,0.0,8163.68,3,57.8035,66.978,step
2026-08-31T19:07:27.259194+00:00,88.574,-0.0003,0.0,0.15,0.0005,0.0,7991.95,3,57.2651,67.0,step
2026-08-31T19:07:27.260557+00:00,87.965,-0.0002,0.0,0.15,0.0005,0.0001,7933.43,3,56.7382,67.022,step
2026-08-31T19:07:27.261871+00:00,87.358,-0.0001,0.0,0.15,0.0005,0.0001,7876.65,3,56.2173,67.044,step
2026-08-31T19:07:27.263194+00:00,86.754,-0.0019,0.0,0.15,0.0006,-0.0015,7821.79,3,55.7014,67.066,step
2026-08-31T19:07:27.264880+00:00,86.152,-0.004,0.0,0.15,0.0008,-0.0035,7768.11,3,55.2018,67.088,step
2026-08-31T19:07:27.266307+00:00,85.552,-0.0061,0.0,0.15,0.0012,-0.0053,7716.54,3,54.731,67.11,step
2026-08-31T19:07:27.267703+00:00,84.954,-0.0081,0.0,0.15,0.0017,-0.0069,7664.04,3,54.2935,67.132,step
2026-08-31T19:07:27.269151+00:00,84.36,-0.01,0.0,0.15,0.0024,-0.0085,7610.28,3,53.8883,67.154,step
2026-08-31T19:07:27.270625+00:00,83.767,-0.0119,0.0,0.15,0.0032,-0.0099,7556.62,3,53.515,67.176,step
2026-08-31T19:07:27.272003+00:00,83.177,-0.0137,0.0,0.15,0.0041,-0.0112,7503.34,3,53.1747,67.198,step
2026-08-31T19:07:27.273676+00:00,82.589,-0.0153,0.0,0.15,0.0051,-0.0123,7450.38,3,52.8652,67.22,step
2026-08-31T19:07:27.275095+00:00,82.002,-0.017,0.0,0.15,0.0061,-0.0134,7397.71,3,52.5811,67.242,step
2026-08-31T19:07:27.276535+00:00,81.417,-0.0185,0.0,0.15,0.0073,-0.0143,7345.27,3,52.3216,67.264,step
2026-08-31T19:07:27.278002+00:00,80.834,-0.02,0.0,0.15,0.0085,-0.0151,7293.02,3,52.0903,67.286,step
2026-08-31T19:07:27.279465+00:00,80.252,-0.0213,0.0,0.15,0.0097,-0.0159,7240.94,3,51.8825,67.308,step
2026-08-31T19:07:27.280965+00:00,79.67,-0.0227,0.0,0.15,0.011,-0.0165,7188.93,2,51.6929,67.33,step
2026-08-31T19:07:27.282491+00:00,79.113,-0.0239,0.15,0.0,0.0124,-0.017,9034.8,2,51.5237,67.352,step
2026-08-31T19:07:27.283930+00:00,78.92,-0.0251,0.15,0.0,0.0138,-0.0175,9043.1,2,51.3733,67.374,step
2026-08-31T19:07:27.285311+00:00,78.876,-0.0262,0.0,0.15,0.0151,-0.0179,9095.47,2,51.2372,67.396,step
2026-08-31T19:07:27.286699+00:00,78.405,-0.0273,0.15,0.0,0.0165,-0.0183,8888.38,2,51.1096,67.418,step
2026-08-31T19:07:27.288084+00:00,78.243,-0.0284,0.15,0.0,0.018,-0.0187,9062.4,2,50.9813,67.44,step
2026-08-31T19:07:27.289568+00:00,78.294,-0.0295,0.0,0.15,0.0194,-0.0191,9066.27,2,50.8394,67.462,step
2026-08-31T19:07:27.290941+00:00,77.845,-0.0306,0.15,0.0,0.0209,-0.0194,8827.67,2,50.7188,67.484,step
2026-08-31T19:07:27.292335+00:00,77.684,-0.0316,0.15,0.0,0.0223,-0.0197,8998.7,2,50.6252,67.506,step
2026-08-31T19:07:27.293635+00:00,77.737,-0.0326,0.15,0.0,0.0238,-0.0199,9003.51,2,50.5302,67.528,step
2026-08-31T19:07:27.294973+00:00,77.788,-0.0335,0.0,0.15,0.0253,-0.0201,9008.9,2,50.4405,67.55,step
2026-08-31T19:07:27.296418+00:00,77.341,-0.0344,0.15,0.0,0.0268,-0.0202,8768.51,2,50.3755,67.572,step
2026-08-31T19:07:27.297879+00:00,77.18,-0.0351,0.15,0.0,0.0283,-0.0202,8941.62,2,50.3321,67.594,step
2026-08-31T19:07:27.299238+00:00,77.234,-0.0359,0.15,0.0,0.0298,-0.0202,8946.18,2,50.2791,67.616,step
2026-08-31T19:07:27.300617+00:00,77.287,-0.0367,0.0,0.15,0.0313,-0.0203,8951.37,2,50.2286,67.638,step
2026-08-31T19:07:27.301973+00:00,76.841,-0.0374,0.8,0.0,0.0327,-0.0202,8713.49,2,50.2012,67.66,step
2026-08-31T19:07:27.303321+00:00,77.203,-0.0379,0.15,0.0,0.0342,-0.02,9837.34,2,50.217,67.682,step
2026-08-31T19:07:27.304808+00:00,77.707,-0.0382,0.0,0.15,0.0357,-0.0196,9001.41,2,50.2655,67.704,step
2026-08-31T19:07:27.306457+00:00,77.261,-0.0387,0.15,0.0,0.0372,-0.0194,8766.09,2,50.2713,67.726,step
2026-08-31T19:07:27.307896+00:00,77.097,-0.0392,0.15,0.0,0.0386,-0.0192,8930.78,2,50.2773,67.748,step
2026-08-31T19:07:27.309267+00:00,77.15,-0.0398,0.15,0.0,0.04,-0.019,8936.29,2,50.2714,67.77,step
2026-08-31T19:07:27.310642+00:00,77.203,-0.0403,0.15,0.0,0.0414,-0.0189,8941.89,2,50.2673,67.792,step
2026-08-31T19:07:27.312050+00:00,77.255,-0.0408,0.15,0.0,0.0428,-0.0187,8947.09,2,50.2665,67.814,step
2026-08-31T19:07:27.313446+00:00,77.307,-0.0413,0.15,0.0,0.0441,-0.0186,8952.79,2,50.2691,67.836,step
2026-08-31T19:07:27.315008+00:00,77.359,-0.0418,0.0,0.15,0.0454,-0.0184,8958.74,2,50.2754,67.858,step
2026-08-31T19:07:27.316408+00:00,76.912,-0.0421,0.8,0.0,0.0467,-0.0181,8720.74,2,50.3093,67.88,step
2026-08-31T19:07:27.317771+00:00,77.269,-0.0423,0.15,0.0,0.048,-0.0176,9849.79,2,50.3947,67.902,step
2026-08-31T19:07:27.319141+00:00,77.775,-0.0422,0.0,0.15,0.0493,-0.0169,9010.88,2,50.5148,67.924,step
2026-08-31T19:07:27.320473+00:00,77.331,-0.0424,0.15,0.0,0.0505,-0.0165,8772.58,2,50.5809,67.946,step
2026-08-31T19:07:27.321852+00:00,77.164,-0.0426,0.15,0.0,0.0517,-0.0161,8938.93,2,50.6412,67.968,step
2026-08-31T19:07:27.323363+00:00,77.216,-0.0428,0.15,0.0,0.0529,-0.0158,8944.14,2,50.6886,67.99,step
2026-08-31T19:07:27.324737+00:00,77.268,-0.043,0.15,0.0,0.054,-0.0154,8949.54,2,50.7354,68.012,step
2026-08-31T19:07:27.326177+00:00,77.32,-0.0432,0.15,0.0,0.0551,-0.0151,8955.18,2,50.7805,68.034,step
2026-08-31T19:07:27.327623+00:00,77.372,-0.0434,0.15,0.0,0.0561,-0.0148,8960.86,2,50.8245,68.056,step
2026-08-31T19:07:27.329094+00:00,77.424,-0.0436,0.15,0.0,0.0571,-0.0145,8966.6,2,50.8684,68.078,step
2026-08-31T19:07:27.330562+00:00,77.475,-0.0438,0.15,0.0,0.0581,-0.0142,8972.45,2,50.9171,68.1,step
2026-08-31T19:07:27.331996+00:00,77.527,-0.0439,0.15,0.0,0.0591,-0.0139,8978.36,2,50.9708,68.122,step
2026-08-31T19:07:27.333356+00:00,77.578,-0.044,0.15,0.0,0.06,-0.0135,8984.33,2,51.0255,68.144,step
2026-08-31T19:07:27.334734+00:00,77.629,-0.0441,0.15,0.0,0.0609,-0.0132,8990.32,2,51.0818,68.166,step
2026-08-31T19:07:27.336091+00:00,77.68,-0.0442,0.15,0.0,0.0618,-0.0128,8995.92,2,51.1386,68.188,step
2026-08-31T19:07:27.337422+00:00,77.731,-0.0443,0.15,0.0,0.0626,-0.0125,9001.84,2,51.1968,68.21,step
2026-08-31T19:07:27.338830+00:00,77.781,-0.0444,0.15,0.0,0.0634,-0.0122,9007.8,2,51.2562,68.232,step
2026-08-31T19:07:27.340307+00:00,77.832,-0.0444,0.15,0.0,0.0642,-0.0118,9013.7,2,51.3171,68.254,step
2026-08-31T19:07:27.341686+00:00,77.882,-0.0444,0.15,0.0,0.065,-0.0115,9019.53,2,51.3802,68.276,step
2026-08-31T19:07:27.343079+00:00,77.933,-0.0444,0.15,0.0,0.0657,-0.0111,9025.3,2,51.4437,68.298,step
2026-08-31T19:07:27.344475+00:00,77.983,-0.0444,0.15,0.0,0.0665,-0.0108,9031.08,2,51.508,68.32,step
2026-08-31T19:07:27.345894+00:00,78.033,-0.0444,0.15,0.0,0.0672,-0.0104,9036.82,2,51.5733,68.342,step
2026-08-31T19:07:27.347292+00:00,78.083,-0.0444,0.15,0.0,0.0678,-0.0101,9042.56,2,51.6395,68.364,step
2026-08-31T19:07:27.348988+00:00,78.133,-0.0444,0.15,0.0,0.0685,-0.0098,9048.28,2,51.7069,68.386,step
2026-08-31T19:07:27.350425+00:00,78.183,-0.0443,0.15,0.0,0.0691,-0.0094,9053.99,2,51.7746,68.408,step
2026-08-31T19:07:27.351871+00:00,78.232,-0.0442,0.15,0.0,0.0697,-0.0091,9059.69,2,51.8434,68.43,step
2026-08-31T19:07:27.353338+00:00,78.282,-0.0442,0.15,0.0,0.0702,-0.0087,9065.38,2,51.9132,68.452,step
2026-08-31T19:07:27.354773+00:00,78.331,-0.0441,0.15,0.0,0.0707,-0.0084,9071.05,2,51.9844,68.474,step
2026-08-31T19:07:27.356265+00:00,78.38,-0.044,0.15,0.0,0.0712,-0.008,9076.71,2,52.0557,68.496,step
2026-08-31T19:07:27.357676+00:00,78.43,-0.0438,0.15,0.0,0.0717,-0.0077,9082.37,2,52.1279,68.518,step
2026-08-31T19:07:27.359078+00:00,78.479,-0.0437,0.15,0.0,0.0722,-0.0073,9088.0,2,52.2013,68.54,step
2026-08-31T19:07:27.360447+00:00,78.528,-0.0436,0.15,0.0,0.0726,-0.007,9093.61,2,52.276,68.562,step
2026-08-31T19:07:27.361764+00:00,78.576,-0.0434,0.15,0.0,0.073,-0.0066,9099.22,2,52.3514,68.584,step
2026-08-31T19:07:27.363078+00:00,78.625,-0.0433,0.15,0.0,0.0734,-0.0063,9104.81,2,52.4225,68.606,step
2026-08-31T19:07:27.364525+00:00,78.674,-0.0431,0.15,0.0,0.0737,-0.006,9110.39,2,52.4888,68.628,step
2026-08-31T19:07:27.365879+00:00,78.722,-0.043,0.15,0.0,0.0741,-0.0057,9115.95,2,52.5544,68.65,step
2026-08-31T19:07:27.367218+00:00,78.77,-0.0428,0.15,0.0,0.0744,-0.0054,9121.5,2,52.6213,68.672,step
2026-08-31T19:07:27.368550+00:00,78.819,-0.0426,0.15,0.0,0.0746,-0.0051,9127.04,2,52.6881,68.694,step
2026-08-31T19:07:27.369878+00:00,78.867,-0.0425,0.15,0.0,0.0749,-0.0048,9132.57,2,52.7565,68.716,step
2026-08-31T19:07:27.371328+00:00,78.915,-0.0423,0.15,0.0,0.0751,-0.0045,9138.08,2,52.8192,68.738,step
2026-08-31T19:07:27.372922+00:00,78.963,-0.0421,0.15,0.0,0.0753,-0.0043,9143.58,2,52.8773,68.76,step
2026-08-31T19:07:27.374319+00:00,79.01,-0.042,0.15,0.0,0.0755,-0.004,9149.1,2,52.9347,68.782,step
2026-08-31T19:07:27.375729+00:00,79.058,-0.0418,0.15,0.0,0.0757,-0.0038,9154.58,2,52.9915,68.804,step
2026-08-31T19:07:27.377099+00:00,79.106,-0.0416,0.15,0.0,0.0759,-0.0036,9160.06,2,53.0497,68.826,step
2026-08-31T19:07:27.378446+00:00,79.153,-0.0415,0.15,0.0,0.076,-0.0033,9165.52,2,53.1077,68.848,step
2026-08-31T19:07:27.379899+00:00,79.201,-0.0413,0.15,0.0,0.0762,-0.0031,9170.95,2,53.1619,68.87,step
2026-08-31T19:07:27.381460+00:00,79.248,-0.0411,0.15,0.0,0.0763,-0.0029,9176.77,2,53.2119,68.892,step
2026-08-31T19:07:27.382799+00:00,79.296,-0.041,0.15,0.0,0.0763,-0.0027,9182.02,2,53.2635,68.914,step
2026-08-31T19:07:27.384148+00:00,79.343,-0.0408,0.15,0.0,0.0764,-0.0025,9187.34,2,53.3203,68.936,step
2026-08-31T19:07:27.385485+00:00,79.39,-0.0406,0.15,0.0,0.0765,-0.0023,9192.66,2,53.3831,68.958,step
2026-08-31T19:07:27.386796+00:00,79.437,-0.0404,0.15,0.0,0.0765,-0.0021,9197.98,2,53.4521,68.98,step
2026-08-31T19:07:27.388105+00:00,79.484,-0.0403,0.15,0.0,0.0766,-0.0019,9203.31,2,53.5215,69.002,step
2026-08-31T19:07:27.389662+00:00,79.53,-0.0401,0.15,0.0,0.0766,-0.0017,9208.66,2,53.5915,69.024,step
2026-08-31T19:07:27.391091+00:00,79.577,-0.04,0.15,0.0,0.0766,-0.0016,9214.02,2,53.667,69.046,step
2026-08-31T19:07:27.392472+00:00,79.623,-0.0398,0.15,0.0,0.0766,-0.0015,9219.39,2,53.7495,69.068,step
2026-08-31T19:07:27.393867+00:00,79.67,-0.0396,0.15,0.0,0.0766,-0.0013,9224.73,2,53.8385,69.09,step
2026-08-31T19:07:27.395227+00:00,79.716,-0.0395,0.15,0.0,0.0765,-0.0012,9230.07,2,53.9352,69.112,step
2026-08-31T19:07:27.396660+00:00,79.762,-0.0393,0.15,0.0,0.0765,-0.001,9235.41,2,54.0308,69.134,step
2026-08-31T19:07:27.398351+00:00,79.808,-0.0392,0.15,0.0,0.0765,-0.0009,9240.73,2,54.1286,69.156,step
2026-08-31T19:07:27.399715+00:00,79.855,-0.0391,0.15,0.0,0.0764,-0.0008,9246.02,2,54.2316,69.178,step
2026-08-31T19:07:27.401075+00:00,79.901,-0.039,0.15,0.0,0.0764,-0.0008,9251.29,2,54.3439,69.2,step
2026-08-31T19:07:27.402438+00:00,79.947,-0.0388,0.15,0.0,0.0763,-0.0007,9256.53,2,54.4647,69.222,step
2026-08-31T19:07:27.403805+00:00,79.992,-0.0387,0.15,0.0,0.0762,-0.0006,9262.57,2,54.596,69.244,step
2026-08-31T19:07:27.405283+00:00,80.038,-0.0385,0.15,0.0,0.0761,-0.0004,9267.49,3,54.7374,69.266,step
2026-08-31T19:07:27.406836+00:00,80.011,-0.0383,0.15,0.0,0.076,-0.0003,7358.66,3,54.9085,69.288,step
2026-08-31T19:07:27.408168+00:00,79.948,-0.038,0.15,0.0,0.0759,0.0,7372.83,2,55.1297,69.31,step
2026-08-31T19:07:27.409569+00:00,79.896,-0.0376,0.15,0.0,0.0759,0.0003,9222.11,2,55.3732,69.332,step
2026-08-31T19:07:27.410883+00:00,79.834,-0.0371,0.15,0.0,0.0757,0.0007,9229.53,2,55.6348,69.354,step
2026-08-31T19:07:27.412181+00:00,79.775,-0.0367,0.15,0.0,0.0755,0.001,9196.38,2,55.9046,69.376,step
2026-08-31T19:07:27.413662+00:00,79.787,-0.0364,0.15,0.0,0.0754,0.0012,9238.88,2,56.1449,69.398,step
2026-08-31T19:07:27.415042+00:00,79.833,-0.0363,0.15,0.0,0.0752,0.0012,9243.76,2,56.3409,69.42,step
2026-08-31T19:07:27.416398+00:00,79.879,-0.0363,0.15,0.0,0.075,0.0012,9248.7,2,56.5251,69.442,step
2026-08-31T19:07:27.417845+00:00,79.926,-0.0362,0.15,0.0,0.0748,0.0012,9253.81,2,56.7089,69.464,step
2026-08-31T19:07:27.419288+00:00,79.972,-0.0362,0.15,0.0,0.0746,0.0011,9259.12,2,56.8972,69.486,step
2026-08-31T19:07:27.420778+00:00,80.018,-0.0362,0.15,0.0,0.0745,0.001,9264.55,3,57.0951,69.508,step
2026-08-31T19:07:27.422341+00:00,79.991,-0.0361,0.15,0.0,0.0743,0.001,7356.36,2,57.3289,69.53,step
2026-08-31T19:07:27.423739+00:00,79.929,-0.0359,0.15,0.0,0.0741,0.0011,7370.54,2,57.6318,69.552,step
2026-08-31T19:07:27.425154+00:00,79.878,-0.0356,0.15,0.0,0.0739,0.0013,9219.93,2,57.9742,69.574,step
2026-08-31T19:07:27.426518+00:00,79.816,-0.0352,0.15,0.0,0.0737,0.0016,9227.35,2,58.3458,69.596,step
2026-08-31T19:07:27.427871+00:00,79.758,-0.0349,0.15,0.0,0.0735,0.0018,9194.49,2,58.7336,69.618,step
2026-08-31T19:07:27.429178+00:00,79.77,-0.0347,0.15,0.0,0.0733,0.0019,9237.36,2,59.0897,69.64,step
2026-08-31T19:07:27.430573+00:00,79.818,-0.0346,0.15,0.0,0.0731,0.0018,9242.06,2,59.4048,69.662,step
2026-08-31T19:07:27.432028+00:00,79.865,-0.0346,0.15,0.0,0.0728,0.0018,9246.86,2,59.7157,69.684,step
2026-08-31T19:07:27.433335+00:00,79.911,-0.0346,0.15,0.0,0.0726,0.0017,9251.9,2,60.0314,69.706,step
2026-08-31T19:07:27.434665+00:00,79.958,-0.0346,0.15,0.0,0.0724,0.0015,9257.17,2,60.3582,69.728,step
2026-08-31T19:07:27.435971+00:00,80.004,-0.0346,0.15,0.0,0.0722,0.0014,9262.62,3,60.6994,69.75,step
2026-08-31T19:07:27.437301+00:00,79.977,-0.0346,0.15,0.0,0.072,0.0014,7354.85,2,61.0872,69.772,step
2026-08-31T19:07:27.438945+00:00,79.915,-0.0344,0.15,0.0,0.0718,0.0014,7369.03,2,61.56,69.794,step
2026-08-31T19:07:27.440440+00:00,79.864,-0.0342,0.15,0.0,0.0716,0.0016,9218.35,2,62.0693,69.816,step
2026-08-31T19:07:27.441891+00:00,79.803,-0.034,0.15,0.0,0.0713,0.0017,9225.79,2,62.6,69.838,step
2026-08-31T19:07:27.443304+00:00,79.745,-0.0337,0.15,0.0,0.0711,0.0018,9192.95,2,63.1595,69.86,step
2026-08-31T19:07:27.444687+00:00,79.759,-0.0336,0.15,0.0,0.0709,0.0018,9235.78,2,63.697,69.882,step
2026-08-31T19:07:27.446151+00:00,79.807,-0.0336,0.15,0.0,0.0707,0.0017,9240.75,2,64.1964,69.904,step
2026-08-31T19:07:27.447729+00:00,79.854,-0.0336,0.15,0.0,0.0705,0.0015,9245.75,2,64.6989,69.926,step
2026-08-31T19:07:27.449174+00:00,79.901,-0.0337,0.15,0.0,0.0703,0.0014,9252.25,2,65.2219,69.948,step
2026-08-31T19:07:27.450570+00:00,79.948,-0.0337,0.15,0.0,0.0701,0.0013,9257.2,2,65.7675,69.97,step
2026-08-31T19:07:27.451920+00:00,79.996,-0.0338,0.15,0.0,0.0699,0.0011,9262.31,2,66.3354,69.992,step
2026-08-31T19:07:27.453265+00:00,80.043,-0.0339,0.15,0.0,0.0697,0.0009,9267.46,3,66.9265,70.014,step
2026-08-31T19:07:27.454728+00:00,80.017,-0.0339,0.15,0.0,0.0695,0.0008,7358.65,3,67.5834,70.036,step
2026-08-31T19:07:27.456291+00:00,79.955,-0.0338,0.15,0.0,0.0694,0.0009,7372.82,2,68.3552,70.058,step
2026-08-31T19:07:27.457701+00:00,79.904,-0.0336,0.15,0.0,0.0692,0.0009,9222.91,2,69.2007,70.08,step
2026-08-31T19:07:27.459050+00:00,79.843,-0.0334,0.15,0.0,0.069,0.001,9230.32,2,70.1042,70.102,step
2026-08-31T19:07:27.460391+00:00,79.785,-0.0333,0.15,0.0,0.0689,0.0011,9197.52,2,71.046,70.124,step
2026-08-31T19:07:27.461732+00:00,79.8,-0.0332,0.15,0.0,0.0687,0.0011,9240.28,2,71.952,70.146,step
2026-08-31T19:07:27.463146+00:00,79.848,-0.0333,0.15,0.0,0.0686,0.001,9245.4,2,72.8011,70.168,step
2026-08-31T19:07:27.464735+00:00,79.896,-0.0334,0.15,0.0,0.0684,0.0008,9250.59,2,73.6541,70.19,step
2026-08-31T19:07:27.466179+00:00,79.943,-0.0336,0.15,0.0,0.0683,0.0005,9255.9,2,74.5363,70.212,step
2026-08-31T19:07:27.467568+00:00,79.991,-0.0337,0.15,0.0,0.0682,0.0003,9261.33,2,75.477,70.234,step
2026-08-31T19:07:27.468900+00:00,80.038,-0.0339,0.15,0.0,0.068,0.0002,9266.81,3,76.4878,70.256,step
2026-08-31T19:07:27.470208+00:00,80.013,-0.0339,0.15,0.0,0.0679,0.0,7358.15,3,77.6146,70.278,step
2026-08-31T19:07:27.471668+00:00,79.952,-0.0338,0.15,0.0,0.0678,0.0001,7372.33,2,78.9401,70.3,step
2026-08-31T19:07:27.473302+00:00,79.902,-0.0337,0.15,0.0,0.0677,0.0002,9222.71,2,80.3955,70.322,step
2026-08-31T19:07:27.474672+00:00,79.842,-0.0335,0.15,0.0,0.0677,0.0003,9230.12,2,81.953,70.344,step
2026-08-31T19:07:27.476046+00:00,79.785,-0.0334,0.15,0.0,0.0676,0.0004,9197.47,2,83.6107,70.366,step
2026-08-31T19:07:27.477413+00:00,79.8,-0.0333,0.15,0.0,0.0675,0.0004,9240.22,2,85.2339,70.388,step
2026-08-31T19:07:27.478840+00:00,79.848,-0.0334,0.15,0.0,0.0674,0.0003,9245.15,2,86.7862,70.41,step
2026-08-31T19:07:27.480223+00:00,79.897,-0.0336,0.15,0.0,0.0673,0.0001,9250.24,2,88.369,70.432,step
2026-08-31T19:07:27.481922+00:00,79.944,-0.0337,0.15,0.0,0.0672,-0.0001,9255.58,2,90.0485,70.454,step
2026-08-31T19:07:27.483338+00:00,79.992,-0.0338,0.15,0.0,0.0671,-0.0003,9261.12,2,91.8433,70.476,step
2026-08-31T19:07:27.484792+00:00,80.04,-0.034,0.15,0.0,0.0671,-0.0004,9266.82,3,93.7482,70.498,step
2026-08-31T19:07:27.486229+00:00,80.014,-0.0341,0.15,0.0,0.067,-0.0006,7358.19,3,95.8458,70.52,step
2026-08-31T19:07:27.487734+00:00,79.954,-0.034,0.15,0.0,0.0669,-0.0006,7372.36,2,98.2702,70.542,step
2026-08-31T19:07:27.489310+00:00,79.905,-0.034,0.15,0.0,0.0669,-0.0005,9222.87,2,100.952,70.564,step
2026-08-31T19:07:27.490823+00:00,79.845,-0.0338,0.15,0.0,0.0669,-0.0004,9230.28,2,103.88,70.586,step
2026-08-31T19:07:27.492234+00:00,79.789,-0.0337,0.15,0.0,0.0668,-0.0003,9197.87,2,107.064,70.608,step
2026-08-31T19:07:27.493662+00:00,79.803,-0.0337,0.15,0.0,0.0668,-0.0003,9242.63,2,110.328,70.63,step
2026-08-31T19:07:27.495143+00:00,79.853,-0.0337,0.15,0.0,0.0667,-0.0003,9247.76,2,113.641,70.652,step
2026-08-31T19:07:27.496579+00:00,79.902,-0.0338,0.15,0.0,0.0667,-0.0004,9252.37,2,117.117,70.674,step
2026-08-31T19:07:27.498121+00:00,79.951,-0.0339,0.8,0.0,0.0666,-0.0006,9257.21,2,120.805,70.696,step
2026-08-31T19:07:27.499440+00:00,80.54,-0.034,0.8,0.0,0.0666,-0.0006,10217.6,3,125.033,70.718,step
2026-08-31T19:07:27.500766+00:00,81.031,-0.0338,0.8,0.0,0.0666,-0.0005,8104.07,3,130.135,70.74,step
2026-08-31T19:07:27.502105+00:00,80.966,-0.0338,0.8,0.0,0.0666,-0.0005,8116.09,3,135.382,70.762,step
2026-08-31T19:07:27.503510+00:00,80.929,-0.0338,0.8,0.0,0.0666,-0.0005,7406.59,3,141.103,70.784,step
2026-08-31T19:07:27.504847+00:00,81.344,-0.0338,0.8,0.0,0.0666,-0.0005,7809.6,3,147.413,70.806,step
2026-08-31T19:07:27.506421+00:00,81.995,-0.0338,0.8,0.0,0.0666,-0.0005,7897.52,3,154.717,70.828,step
2026-08-31T19:07:27.507870+00:00,82.674,-0.0337,0.8,0.0,0.0666,-0.0004,7955.79,3,163.022,70.85,step
2026-08-31T19:07:27.509328+00:00,83.359,-0.0337,0.8,0.0,0.0666,-0.0004,8011.17,3,172.192,70.872,step
2026-08-31T19:07:27.510743+00:00,84.045,-0.0337,0.8,0.0,0.0666,-0.0004,8072.46,3,182.315,70.894,step
2026-08-31T19:07:27.512193+00:00,84.732,-0.0338,0.8,0.0,0.0667,-0.0005,8140.78,3,193.673,70.916,step
2026-08-31T19:07:27.513623+00:00,85.421,-0.0339,0.8,0.0,0.0668,-0.0005,8214.37,3,200.0,70.938,step
2026-08-31T19:07:27.515281+00:00,86.115,-0.034,0.8,0.0,0.0668,-0.0006,8291.02,3,200.0,70.96,step
2026-08-31T19:07:27.516685+00:00,86.795,-0.034,0.8,0.0,0.0669,-0.0006,8400.63,3,200.0,70.982,step
2026-08-31T19:07:27.518070+00:00,87.505,-0.034,0.8,0.0,0.067,-0.0005,8479.16,3,200.0,71.004,step
2026-08-31T19:07:27.519450+00:00,88.231,-0.0339,0.8,0.0,0.0671,-0.0003,8544.04,3,200.0,71.026,step
2026-08-31T19:07:27.520851+00:00,88.964,-0.0339,0.8,0.0,0.0673,-0.0002,8607.3,3,200.0,71.048,step
2026-08-31T19:07:27.522657+00:00,89.701,-0.0338,0.8,0.0,0.0674,-0.0001,8671.41,3,200.0,71.07,step
2026-08-31T19:07:27.524176+00:00,90.441,-0.0338,0.8,0.0,0.0675,-0.0,8739.19,3,200.0,71.092,step
2026-08-31T19:07:27.525610+00:00,91.183,-0.0338,0.8,0.0,0.0677,0.0,8811.94,3,200.0,71.114,step
2026-08-31T19:07:27.527062+00:00,91.929,-0.0338,0.8,0.0,0.0678,0.0001,8889.45,3,200.0,71.136,step
2026-08-31T19:07:27.528515+00:00,92.68,-0.0338,0.15,0.0,0.0679,0.0002,8970.61,3,200.0,71.158,step
2026-08-31T19:07:27.530022+00:00,92.99,-0.0339,0.15,0.0,0.0681,0.0001,8526.79,3,200.0,71.18,step
2026-08-31T19:07:27.531908+00:00,93.004,-0.0342,0.15,0.0,0.0682,-0.0001,8529.93,3,200.0,71.202,step
2026-08-31T19:07:27.533385+00:00,93.021,-0.034,0.15,0.0,0.0683,0.0001,8532.67,3,200.0,71.224,step
2026-08-31T19:07:27.534782+00:00,93.039,-0.0318,0.15,0.0,0.0682,0.0022,8534.52,3,200.0,71.246,step
2026-08-31T19:07:27.536214+00:00,93.057,-0.0295,0.15,0.0,0.0679,0.0043,8535.86,3,200.0,71.268,step
2026-08-31T19:07:27.537598+00:00,93.073,-0.0271,0.15,0.0,0.0675,0.0064,8541.08,3,200.0,71.29,step
2026-08-31T19:07:27.539602+00:00,93.093,-0.0248,0.15,0.0,0.0669,0.0083,8540.64,3,200.0,71.312,step
2026-08-31T19:07:27.541009+00:00,93.112,-0.0226,0.15,0.0,0.0661,0.01,8541.13,3,200.0,71.334,step
2026-08-31T19:07:27.542427+00:00,93.132,-0.0205,0.15,0.0,0.0651,0.0116,8541.89,3,200.0,71.356,step
2026-08-31T19:07:27.543844+00:00,93.15,-0.0184,0.15,0.0,0.064,0.013,8542.92,3,200.0,71.378,step
2026-08-31T19:07:27.545218+00:00,93.169,-0.0165,0.15,0.0,0.0628,0.0143,8544.29,3,200.0,71.4,step
2026-08-31T19:07:27.546575+00:00,93.188,-0.0147,0.15,0.0,0.0614,0.0154,8545.96,3,200.0,71.422,step
2026-08-31T19:07:27.548081+00:00,93.206,-0.0129,0.15,0.0,0.0599,0.0164,8547.85,3,200.0,71.444,step
2026-08-31T19:07:27.549486+00:00,93.225,-0.0113,0.15,0.0,0.0583,0.0172,8549.9,3,200.0,71.466,step
2026-08-31T19:07:27.550901+00:00,93.244,-0.0097,0.15,0.0,0.0567,0.018,8552.03,3,199.695,71.488,step
2026-08-31T19:07:27.552334+00:00,93.264,-0.0082,0.15,0.0,0.055,0.0186,8554.04,3,198.699,71.51,step
2026-08-31T19:07:27.553810+00:00,93.284,-0.0067,0.15,0.0,0.0532,0.0192,8555.89,3,197.755,71.532,step
2026-08-31T19:07:27.555226+00:00,93.304,-0.0053,0.15,0.0,0.0514,0.0196,8557.62,3,196.862,71.554,step
2026-08-31T19:07:27.556936+00:00,93.324,-0.004,0.15,0.0,0.0495,0.02,8561.58,3,196.025,71.576,step
2026-08-31T19:07:27.558308+00:00,93.344,-0.0027,0.15,0.0,0.0476,0.0203,8564.86,3,195.237,71.598,step
2026-08-31T19:07:27.559666+00:00,93.366,-0.0015,0.15,0.0,0.0457,0.0206,8564.87,3,194.497,71.62,step
2026-08-31T19:07:27.561014+00:00,93.387,-0.0003,0.15,0.0,0.0437,0.0207,8565.71,3,193.824,71.642,step
2026-08-31T19:07:27.562331+00:00,93.408,0.0007,0.15,0.0,0.0418,0.0208,8566.7,3,193.211,71.664,step
2026-08-31T19:07:27.563732+00:00,93.429,0.0017,0.15,0.0,0.0399,0.0208,8567.99,3,192.644,71.686,step
2026-08-31T19:07:27.565229+00:00,93.449,0.0026,0.15,0.0,0.0379,0.0207,8569.61,3,192.122,71.708,step
2026-08-31T19:07:27.566615+00:00,93.469,0.0034,0.15,0.0,0.0359,0.0206,8571.5,3,191.644,71.73,step
2026-08-31T19:07:27.568034+00:00,93.489,0.0042,0.15,0.0,0.034,0.0204,8573.61,3,191.188,71.752,step
2026-08-31T19:07:27.569490+00:00,93.509,0.005,0.15,0.0,0.032,0.0202,8575.84,3,190.754,71.774,step
2026-08-31T19:07:27.570956+00:00,93.53,0.0057,0.15,0.0,0.0301,0.02,8578.04,3,190.346,71.796,step
2026-08-31T19:07:27.572392+00:00,93.551,0.0063,0.15,0.0,0.0283,0.0197,8580.11,3,189.973,71.818,step
2026-08-31T19:07:27.573961+00:00,93.572,0.0069,0.15,0.0,0.0264,0.0193,8582.04,3,189.622,71.84,step
2026-08-31T19:07:27.575378+00:00,93.593,0.0074,0.15,0.0,0.0246,0.019,8583.86,3,189.296,71.862,step
2026-08-31T19:07:27.576736+00:00,93.613,0.0078,0.15,0.0,0.0229,0.0186,8589.47,3,188.991,71.884,step
2026-08-31T19:07:27.578085+00:00,93.636,0.0082,0.15,0.0,0.0211,0.0181,8589.93,3,188.71,71.906,step
2026-08-31T19:07:27.579426+00:00,93.658,0.0086,0.15,0.0,0.0194,0.0176,8590.76,3,188.438,71.928,step
2026-08-31T19:07:27.580949+00:00,93.68,0.0089,0.15,0.0,0.0177,0.0171,8591.91,3,188.178,71.95,step
2026-08-31T19:07:27.582321+00:00,93.701,0.0091,0.15,0.0,0.0161,0.0166,8593.22,3,187.928,71.972,step
2026-08-31T19:07:27.583672+00:00,93.723,0.0094,0.15,0.0,0.0146,0.016,8594.79,3,187.676,71.994,step
2026-08-31T19:07:27.585020+00:00,93.744,0.0095,0.15,0.0,0.0131,0.0155,8596.62,3,187.42,72.016,step
2026-08-31T19:07:27.586367+00:00,93.764,0.0097,0.15,0.0,0.0116,0.0149,8598.65,3,187.173,72.038,step
2026-08-31T19:07:27.587761+00:00,93.785,0.0098,0.15,0.0,0.0102,0.0143,8600.84,3,186.933,72.06,step
2026-08-31T19:07:27.589398+00:00,93.806,0.0098,0.15,0.0,0.0088,0.0137,8603.09,3,186.687,72.082,step
2026-08-31T19:07:27.590756+00:00,93.828,0.0099,0.15,0.0,0.0076,0.0131,8605.25,3,186.436,72.104,step
2026-08-31T19:07:27.592138+00:00,93.85,0.0099,0.15,0.0,0.0063,0.0125,8607.31,3,186.18,72.126,step
2026-08-31T19:07:27.593553+00:00,93.872,0.0098,0.15,0.0,0.0052,0.0119,8609.25,3,185.921,72.148,step
2026-08-31T19:07:27.594905+00:00,93.894,0.0098,0.15,0.0,0.004,0.0113,8611.18,3,185.66,72.17,step
2026-08-31T19:07:27.596412+00:00,93.914,0.0097,0.15,0.0,0.003,0.0107,8615.54,3,185.401,72.192,step
2026-08-31T19:07:27.597924+00:00,93.937,0.0095,0.15,0.0,0.002,0.0101,8616.34,3,185.139,72.214,step
2026-08-31T19:07:27.599368+00:00,93.96,0.0094,0.15,0.0,0.001,0.0095,8617.69,3,184.871,72.236,step
2026-08-31T19:07:27.600739+00:00,93.982,0.0092,0.15,0.0,0.0001,0.0089,8619.11,3,184.585,72.258,step
2026-08-31T19:07:27.602075+00:00,94.004,0.009,0.15,0.0,-0.0007,0.0084,8620.69,3,184.281,72.28,step
2026-08-31T19:07:27.603410+00:00,94.025,0.0089,0.15,0.0,-0.0015,0.0078,8622.49,3,183.971,72.302,step
2026-08-31T19:07:27.604738+00:00,94.047,0.0087,0.15,0.0,-0.0022,0.0073,8624.46,3,183.655,72.324,step
2026-08-31T19:07:27.606360+00:00,94.068,0.0084,0.15,0.0,-0.0029,0.0067,8626.58,3,183.336,72.346,step
2026-08-31T19:07:27.607729+00:00,94.09,0.0082,0.15,0.0,-0.0035,0.0062,8628.79,3,183.002,72.368,step
2026-08-31T19:07:27.609096+00:00,94.112,0.008,0.15,0.0,-0.0041,0.0057,8630.99,3,182.652,72.39,step
2026-08-31T19:07:27.610442+00:00,94.134,0.0077,0.15,0.0,-0.0046,0.0052,8633.09,3,182.293,72.412,step
2026-08-31T19:07:27.611777+00:00,94.156,0.0075,0.15,0.0,-0.0051,0.0047,8635.12,3,181.932,72.434,step
2026-08-31T19:07:27.613107+00:00,94.178,0.0072,0.15,0.0,-0.0055,0.0043,8637.07,3,181.558,72.456,step
2026-08-31T19:07:27.614680+00:00,94.199,0.0069,0.15,0.0,-0.0059,0.0038,8640.98,3,181.174,72.478,step
2026-08-31T19:07:27.616024+00:00,94.222,0.0067,0.15,0.0,-0.0062,0.0034,8642.29,3,180.788,72.5,step
2026-08-31T19:07:27.617377+00:00,94.245,0.0064,0.15,0.0,-0.0065,0.003,8643.7,3,180.399,72.522,step
2026-08-31T19:07:27.618722+00:00,94.267,0.0061,0.15,0.0,-0.0068,0.0026,8645.3,3,179.996,72.544,step
2026-08-31T19:07:27.620059+00:00,94.289,0.0058,0.15,0.0,-0.0071,0.0022,8646.96,3,179.581,72.566,step
2026-08-31T19:07:27.621500+00:00,94.311,0.0055,0.15,0.0,-0.0073,0.0018,8648.75,3,179.16,72.588,step
2026-08-31T19:07:27.623024+00:00,94.333,0.0052,0.15,0.0,-0.0074,0.0014,8650.69,3,178.736,72.61,step
2026-08-31T19:07:27.624378+00:00,94.355,0.0049,0.15,0.0,-0.0076,0.0011,8652.73,3,178.299,72.632,step
2026-08-31T19:07:27.625740+00:00,94.377,0.0047,0.15,0.0,-0.0077,0.0008,8654.86,3,177.85,72.654,step
2026-08-31T19:07:27.627063+00:00,94.399,0.0044,0.15,0.0,-0.0077,0.0005,8657.02,3,177.397,72.676,step
2026-08-31T19:07:27.628446+00:00,94.421,0.0041,0.15,0.0,-0.0078,0.0002,8659.12,3,176.93,72.698,step
2026-08-31T19:07:27.629864+00:00,94.443,0.0039,0.15,0.0,-0.0078,-0.0,8661.17,3,176.451,72.72,step
2026-08-31T19:07:27.631412+00:00,94.465,0.0036,0.15,0.0,-0.0077,-0.0003,8663.17,3,175.969,72.742,step
2026-08-31T19:07:27.632766+00:00,94.487,0.0033,0.15,0.0,-0.0077,-0.0005,8665.17,3,175.484,72.764,step
2026-08-31T19:07:27.634152+00:00,94.508,0.0031,0.15,0.0,-0.0077,-0.0007,8668.07,3,174.987,72.786,step
2026-08-31T19:07:27.635477+00:00,94.531,0.0029,0.15,0.0,-0.0076,-0.0009,8669.62,3,174.482,72.808,step
2026-08-31T19:07:27.636758+00:00,94.553,0.0026,0.15,0.0,-0.0075,-0.0011,8671.38,3,173.976,72.83,step
2026-08-31T19:07:27.638151+00:00,94.575,0.0024,0.15,0.0,-0.0074,-0.0013,8673.15,3,173.468,72.852,step
2026-08-31T19:07:27.639663+00:00,94.597,0.0022,0.15,0.0,-0.0073,-0.0014,8674.97,3,172.951,72.874,step
2026-08-31T19:07:27.641113+00:00,94.619,0.002,0.15,0.0,-0.0072,-0.0016,8676.89,3,172.423,72.896,step
2026-08-31T19:07:27.642476+00:00,94.641,0.0018,0.15,0.0,-0.007,-0.0017,8678.88,3,171.892,72.918,step
2026-08-31T19:07:27.643885+00:00,94.662,0.0015,0.15,0.0,-0.0068,-0.0018,8680.94,3,171.359,72.94,step
2026-08-31T19:07:27.645367+00:00,94.684,0.0013,0.15,0.0,-0.0066,-0.0019,8683.01,3,170.825,72.962,step
2026-08-31T19:07:27.646773+00:00,94.706,0.0011,0.15,0.0,-0.0065,-0.002,8685.04,3,170.282,72.984,step
2026-08-31T19:07:27.648205+00:00,94.727,0.001,0.15,0.0,-0.0063,-0.0021,8687.04,3,169.73,73.006,step
2026-08-31T19:07:27.649560+00:00,94.749,0.0008,0.15,0.0,-0.0061,-0.0022,8689.02,3,169.177,73.028,step
2026-08-31T19:07:27.650958+00:00,94.771,0.0006,0.15,0.0,-0.0059,-0.0022,8690.98,3,168.623,73.05,step
2026-08-31T19:07:27.652275+00:00,94.792,0.0005,0.15,0.0,-0.0057,-0.0023,8693.22,3,168.068,73.072,step
2026-08-31T19:07:27.653628+00:00,94.814,0.0003,0.15,0.0,-0.0055,-0.0023,8695.07,3,167.505,73.094,step
2026-08-31T19:07:27.655036+00:00,94.835,0.0002,0.15,0.0,-0.0052,-0.0024,8696.95,3,166.931,73.116,step
2026-08-31T19:07:27.656519+00:00,94.857,0.0,0.15,0.0,-0.005,-0.0024,8698.84,3,166.354,73.138,step
2026-08-31T19:07:27.657806+00:00,94.878,-0.0001,0.15,0.0,-0.0047,-0.0024,8700.74,3,165.775,73.16,step
2026-08-31T19:07:27.659127+00:00,94.9,-0.0002,0.15,0.0,-0.0044,-0.0024,8702.66,3,165.196,73.182,step
2026-08-31T19:07:27.660468+00:00,94.921,-0.0003,0.15,0.0,-0.0042,-0.0024,8704.6,3,164.616,73.204,step
2026-08-31T19:07:27.661825+00:00,94.942,-0.0004,0.15,0.0,-0.004,-0.0024,8706.55,3,164.035,73.226,step
2026-08-31T19:07:27.663265+00:00,94.963,-0.0006,0.15,0.0,-0.0038,-0.0024,8708.51,3,163.455,73.248,step
2026-08-31T19:07:27.664724+00:00,94.985,-0.0006,0.15,0.0,-0.0036,-0.0023,8710.42,3,162.865,73.27,step
2026-08-31T19:07:27.666121+00:00,95.006,-0.0007,0.15,0.0,-0.0034,-0.0023,8712.33,3,162.266,73.292,step
2026-08-31T19:07:27.667484+00:00,95.026,-0.0007,0.15,0.0,-0.0032,-0.0022,8714.26,3,161.663,73.314,step
2026-08-31T19:07:27.668838+00:00,95.047,-0.0007,0.15,0.0,-0.003,-0.0022,8716.17,3,161.058,73.336,step
2026-08-31T19:07:27.670286+00:00,95.068,-0.0008,0.15,0.0,-0.0028,-0.0021,8717.87,3,160.453,73.358,step
2026-08-31T19:07:27.671638+00:00,95.089,-0.0008,0.15,0.0,-0.0026,-0.002,8719.57,3,159.848,73.38,step
2026-08-31T19:07:27.673087+00:00,95.11,-0.0008,0.15,0.0,-0.0025,-0.0019,8721.54,3,159.243,73.402,step
2026-08-31T19:07:27.674430+00:00,95.13,-0.0008,0.15,0.0,-0.0023,-0.0019,8723.62,3,158.638,73.424,step
2026-08-31T19:07:27.675822+00:00,95.151,-0.0008,0.15,0.0,-0.0022,-0.0018,8725.62,3,158.032,73.446,step
2026-08-31T19:07:27.677126+00:00,95.171,-0.0008,0.15,0.0,-0.002,-0.0017,8727.55,3,157.427,73.468,step
2026-08-31T19:07:27.678459+00:00,95.192,-0.0008,0.15,0.0,-0.0019,-0.0017,8729.43,3,156.821,73.49,step
2026-08-31T19:07:27.679783+00:00,95.212,-0.0008,0.15,0.0,-0.0017,-0.0016,8731.29,3,156.216,73.512,step
2026-08-31T19:07:27.681361+00:00,95.233,-0.0008,0.15,0.0,-0.0016,-0.0015,8733.15,3,155.61,73.534,step
2026-08-31T19:07:27.682789+00:00,95.253,-0.0008,0.15,0.0,-0.0015,-0.0015,8734.94,3,155.004,73.556,step
2026-08-31T19:07:27.684148+00:00,95.273,-0.0007,0.15,0.0,-0.0014,-0.0014,8736.71,3,154.398,73.578,step
2026-08-31T19:07:27.685529+00:00,95.293,-0.0007,0.15,0.0,-0.0013,-0.0013,8738.48,3,153.792,73.6,step
2026-08-31T19:07:27.686983+00:00,95.313,-0.0007,0.15,0.0,-0.0012,-0.0013,8740.28,3,153.186,73.622,step
2026-08-31T19:07:27.688357+00:00,95.332,-0.0007,0.15,0.0,-0.0011,-0.0012,8742.12,3,152.58,73.644,step
2026-08-31T19:07:27.689907+00:00,95.353,-0.0006,0.15,0.0,-0.0011,-0.0011,8742.98,3,151.974,73.666,step
2026-08-31T19:07:27.691231+00:00,95.372,-0.0006,0.15,0.0,-0.001,-0.0011,8744.87,3,151.368,73.688,step
2026-08-31T19:07:27.692578+00:00,95.391,-0.0006,0.15,0.0,-0.0009,-0.001,8747.07,3,150.762,73.71,step
2026-08-31T19:07:27.693916+00:00,95.41,-0.0005,0.15,0.0,-0.0009,-0.0009,8749.23,3,150.156,73.732,step
2026-08-31T19:07:27.695257+00:00,95.43,-0.0005,0.15,0.0,-0.0008,-0.0009,8751.19,3,149.551,73.754,step
2026-08-31T19:07:27.696729+00:00,95.449,-0.0005,0.15,0.0,-0.0008,-0.0008,8753.04,3,148.952,73.776,step
2026-08-31T19:07:27.698099+00:00,95.469,-0.0005,0.15,0.0,-0.0008,-0.0008,8754.79,3,148.363,73.798,step
2026-08-31T19:07:27.699486+00:00,95.488,-0.0005,0.15,0.0,-0.0007,-0.0008,8756.51,3,147.778,73.82,step
2026-08-31T19:07:27.700828+00:00,95.507,-0.0006,0.15,0.0,-0.0005,-0.0008,8758.18,3,147.194,73.842,step
2026-08-31T19:07:27.702176+00:00,95.526,-0.0006,0.15,0.0,-0.0004,-0.0008,8759.78,3,146.602,73.864,step
2026-08-31T19:07:27.703535+00:00,95.544,-0.0006,0.15,0.0,-0.0003,-0.0007,8761.4,3,146.002,73.886,step
2026-08-31T19:07:27.704956+00:00,95.563,-0.0006,0.15,0.0,-0.0002,-0.0006,8763.06,3,145.398,73.908,step
2026-08-31T19:07:27.706538+00:00,95.581,-0.0006,0.15,0.0,-0.0001,-0.0006,8764.75,3,144.792,73.93,step
2026-08-31T19:07:27.707905+00:00,95.6,-0.0005,0.15,0.0,0.0,-0.0005,8765.05,3,144.186,73.952,step
2026-08-31T19:07:27.709270+00:00,95.618,-0.0005,0.15,0.0,0.0001,-0.0004,8766.68,3,143.581,73.974,step
2026-08-31T19:07:27.710561+00:00,95.636,-0.0005,0.15,0.0,0.0002,-0.0004,8768.85,3,142.976,73.996,step
2026-08-31T19:07:27.711869+00:00,95.653,-0.0005,0.15,0.0,0.0003,-0.0003,8771.2,3,142.379,74.018,step
2026-08-31T19:07:27.713157+00:00,95.671,-0.0005,0.15,0.0,0.0003,-0.0003,8773.24,3,141.789,74.04,step
2026-08-31T19:07:27.714638+00:00,95.689,-0.0005,0.15,0.0,0.0004,-0.0003,8775.03,3,141.203,74.062,step
2026-08-31T19:07:27.716106+00:00,95.707,-0.0005,0.15,0.0,0.0004,-0.0003,8776.67,3,140.61,74.084,step
2026-08-31T19:07:27.717438+00:00,95.725,-0.0005,0.15,0.0,0.0005,-0.0002,8778.25,3,140.009,74.106,step
2026-08-31T19:07:27.718782+00:00,95.743,-0.0005,0.15,0.0,0.0005,-0.0002,8779.79,3,139.412,74.128,step
2026-08-31T19:07:27.720110+00:00,95.76,-0.0005,0.15,0.0,0.0006,-0.0002,8781.2,3,138.823,74.15,step
2026-08-31T19:07:27.721511+00:00,95.777,-0.0005,0.15,0.0,0.0006,-0.0002,8782.62,3,138.236,74.172,step
2026-08-31T19:07:27.723056+00:00,95.794,-0.0005,0.15,0.0,0.0006,-0.0002,8784.09,3,137.65,74.194,step
2026-08-31T19:07:27.724424+00:00,95.811,-0.0005,0.15,0.0,0.0006,-0.0002,8785.62,3,137.064,74.216,step
2026-08-31T19:07:27.725767+00:00,95.828,-0.0005,0.15,0.0,0.0007,-0.0002,8785.87,3,136.471,74.238,step
2026-08-31T19:07:27.727090+00:00,95.844,-0.0005,0.15,0.0,0.0007,-0.0001,8786.68,3,135.877,74.26,step
2026-08-31T19:07:27.728381+00:00,95.86,-0.0005,0.15,0.0,0.0007,-0.0001,8788.65,3,135.289,74.282,step
2026-08-31T19:07:27.729731+00:00,95.876,-0.0005,0.15,0.0,0.0007,-0.0001,8791.17,3,134.702,74.304,step
2026-08-31T19:07:27.731204+00:00,95.891,-0.0005,0.15,0.0,0.0007,-0.0001,8793.3,3,134.115,74.326,step
2026-08-31T19:07:27.732548+00:00,95.908,-0.0004,0.15,0.0,0.0007,-0.0001,8795.08,3,133.528,74.348,step
2026-08-31T19:07:27.733837+00:00,95.924,-0.0004,0.15,0.0,0.0006,-0.0001,8796.61,3,132.942,74.37,step
2026-08-31T19:07:27.735194+00:00,95.94,-0.0004,0.15,0.0,0.0006,-0.0001,8798.03,3,132.355,74.392,step
2026-08-31T19:07:27.736468+00:00,95.957,-0.0004,0.15,0.0,0.0006,-0.0001,8799.4,3,131.769,74.414,step
2026-08-31T19:07:27.737871+00:00,95.972,-0.0004,0.15,0.0,0.0006,-0.0001,8800.61,3,131.182,74.436,step
2026-08-31T19:07:27.739449+00:00,95.987,-0.0004,0.15,0.0,0.0006,-0.0001,8801.8,3,130.595,74.458,step
2026-08-31T19:07:27.740827+00:00,96.002,-0.0004,0.15,0.0,0.0006,-0.0001,8803.05,3,130.009,74.48,step
2026-08-31T19:07:27.742156+00:00,96.017,-0.0004,0.15,0.0,0.0006,-0.0001,8804.38,3,129.422,74.502,step
2026-08-31T19:07:27.743514+00:00,96.031,-0.0004,0.15,0.0,0.0007,-0.0001,8805.8,3,128.836,74.524,step
2026-08-31T19:07:27.744836+00:00,96.047,-0.0005,0.15,0.0,0.0007,-0.0001,8804.54,3,128.249,74.546,step
2026-08-31T19:07:27.746243+00:00,96.06,-0.0005,0.15,0.0,0.0008,-0.0001,8806.26,3,127.662,74.568,step
2026-08-31T19:07:27.747636+00:00,96.074,-0.0005,0.15,0.0,0.0008,-0.0001,8808.79,3,127.076,74.59,step
2026-08-31T19:07:27.749002+00:00,96.087,-0.0005,0.15,0.0,0.0008,-0.0001,8811.05,3,126.482,74.612,step
2026-08-31T19:07:27.750336+00:00,96.101,-0.0005,0.15,0.0,0.0009,-0.0,8812.82,3,125.881,74.634,step
2026-08-31T19:07:27.751673+00:00,96.115,-0.0004,0.15,0.0,0.0009,0.0,8814.25,3,125.283,74.656,step
2026-08-31T19:07:27.753023+00:00,96.13,-0.0004,0.15,0.0,0.0009,0.0,8815.49,3,124.691,74.678,step
2026-08-31T19:07:27.754411+00:00,96.144,-0.0004,0.15,0.0,0.0009,0.0,8816.65,3,124.102,74.7,step
2026-08-31T19:07:27.755938+00:00,96.158,-0.0004,0.15,0.0,0.0009,0.0,8817.71,3,123.514,74.722,step
2026-08-31T19:07:27.757355+00:00,96.171,-0.0004,0.15,0.0,0.0009,0.0,8818.77,3,122.926,74.744,step
2026-08-31T19:07:27.758670+00:00,96.185,-0.0004,0.15,0.0,0.0009,0.0,8819.85,3,122.339,74.766,step
2026-08-31T19:07:27.760011+00:00,96.198,-0.0004,0.15,0.0,0.0009,0.0,8820.99,3,121.751,74.788,step
2026-08-31T19:07:27.761334+00:00,96.211,-0.0004,0.15,0.0,0.0009,0.0,8822.2,3,121.164,74.81,step
2026-08-31T19:07:27.762642+00:00,96.225,-0.0004,0.15,0.0,0.0009,0.0,8821.46,3,120.575,74.832,step
2026-08-31T19:07:27.763930+00:00,96.237,-0.0004,0.0,0.15,0.0009,0.0,8822.82,3,119.987,74.854,step
2026-08-31T19:07:27.765484+00:00,95.804,-0.0004,0.0,0.15,0.0009,-0.0,8640.07,3,119.407,74.876,step
2026-08-31T19:07:27.766856+00:00,95.172,-0.0005,0.0,0.15,0.0009,-0.0001,8577.6,3,118.841,74.898,step
2026-08-31T19:07:27.768178+00:00,94.542,-0.0006,0.0,0.15,0.0009,-0.0001,8517.64,3,118.276,74.92,step
2026-08-31T19:07:27.769472+00:00,93.914,-0.0006,0.0,0.15,0.0009,-0.0002,8460.52,3,117.709,74.942,step
2026-08-31T19:07:27.770786+00:00,93.289,-0.0006,0.0,0.15,0.0009,-0.0002,8405.16,3,117.144,74.964,step
2026-08-31T19:07:27.772411+00:00,92.668,-0.0006,0.0,0.15,0.0009,-0.0002,8350.56,3,116.58,74.986,step
2026-08-31T19:07:27.773777+00:00,92.047,-0.0007,0.0,0.15,0.0009,-0.0002,8296.08,3,116.02,75.008,step
2026-08-31T19:07:27.775145+00:00,91.43,-0.0007,0.0,0.15,0.0009,-0.0002,8241.63,3,115.463,75.03,step
2026-08-31T19:07:27.776514+00:00,90.816,-0.0007,0.0,0.15,0.0009,-0.0002,8187.19,3,114.909,75.052,step
2026-08-31T19:07:27.777834+00:00,90.205,-0.0007,0.0,0.15,0.0009,-0.0003,8132.67,3,114.359,75.074,step
2026-08-31T19:07:27.779286+00:00,89.597,-0.0007,0.0,0.15,0.0009,-0.0003,8078.16,3,113.811,75.096,step
2026-08-31T19:07:27.780722+00:00,88.989,-0.0007,0.15,0.0,0.0009,-0.0003,8024.65,3,113.267,75.118,step
2026-08-31T19:07:27.782162+00:00,88.828,-0.0007,0.15,0.0,0.0009,-0.0003,8150.16,3,112.72,75.14,step
2026-08-31T19:07:27.783541+00:00,88.855,-0.0006,0.15,0.0,0.0009,-0.0002,8151.04,3,112.165,75.162,step
2026-08-31T19:07:27.784865+00:00,88.882,-0.0006,0.15,0.0,0.0008,-0.0001,8152.52,3,111.606,75.184,step
2026-08-31T19:07:27.786137+00:00,88.908,-0.0005,0.15,0.0,0.0008,-0.0001,8154.61,3,111.046,75.206,step
2026-08-31T19:07:27.787432+00:00,88.934,-0.0004,0.15,0.0,0.0008,-0.0,8157.17,3,110.493,75.228,step
2026-08-31T19:07:27.788797+00:00,88.96,-0.0005,0.15,0.0,0.0009,-0.0,8160.12,3,109.947,75.25,step
2026-08-31T19:07:27.790289+00:00,88.986,-0.0005,0.15,0.0,0.0009,-0.0,8162.99,3,109.402,75.272,step
2026-08-31T19:07:27.791661+00:00,89.012,-0.0005,0.15,0.0,0.0009,-0.0,8165.58,3,108.858,75.294,step
2026-08-31T19:07:27.793041+00:00,89.038,-0.0005,0.15,0.0,0.0009,-0.0,8167.98,3,108.314,75.316,step
2026-08-31T19:07:27.794359+00:00,89.064,-0.0005,0.15,0.0,0.0009,-0.0,8170.18,3,107.77,75.338,step
2026-08-31T19:07:27.795666+00:00,89.09,-0.0005,0.15,0.0,0.001,-0.0,8172.41,3,107.226,75.36,step
2026-08-31T19:07:27.797040+00:00,89.115,-0.0005,0.15,0.0,0.0009,0.0,8174.67,3,106.675,75.382,step
2026-08-31T19:07:27.798471+00:00,89.14,-0.0004,0.15,0.0,0.0009,0.0,8176.95,3,106.124,75.404,step
2026-08-31T19:07:27.799806+00:00,89.165,-0.0004,0.15,0.0,0.0009,0.0,8179.25,3,105.576,75.426,step
2026-08-31T19:07:27.801209+00:00,89.191,-0.0004,0.15,0.0,0.0009,0.0,8180.63,3,105.031,75.448,step
2026-08-31T19:07:27.802554+00:00,89.216,-0.0004,0.15,0.0,0.0008,0.0,8183.04,3,104.485,75.47,step
2026-08-31T19:07:27.803957+00:00,89.241,-0.0003,0.15,0.0,0.0008,0.0,8185.75,3,103.939,75.492,step
2026-08-31T19:07:27.805275+00:00,89.266,-0.0003,0.15,0.0,0.0008,0.0,8188.41,3,103.393,75.514,step
2026-08-31T19:07:27.806848+00:00,89.29,-0.0004,0.15,0.0,0.0008,0.0,8190.89,3,102.848,75.536,step
2026-08-31T19:07:27.808150+00:00,89.315,-0.0004,0.15,0.0,0.0008,0.0,8193.23,3,102.303,75.558,step
2026-08-31T19:07:27.809509+00:00,89.34,-0.0004,0.15,0.0,0.0009,0.0,8195.48,3,101.757,75.58,step
2026-08-31T19:07:27.810833+00:00,89.365,-0.0004,0.15,0.0,0.0009,0.0,8197.71,3,101.211,75.602,step
2026-08-31T19:07:27.812195+00:00,89.39,-0.0004,0.15,0.0,0.0009,0.0,8199.93,3,100.665,75.624,step
2026-08-31T19:07:27.813610+00:00,89.415,-0.0004,0.15,0.0,0.0009,0.0,8202.11,3,100.119,75.646,step
2026-08-31T19:07:27.815104+00:00,89.439,-0.0004,0.15,0.0,0.0009,0.0,8204.27,3,99.573,75.668,step
2026-08-31T19:07:27.816453+00:00,89.463,-0.0004,0.15,0.0,0.0009,0.0,8206.44,3,99.026,75.69,step
2026-08-31T19:07:27.817772+00:00,89.487,-0.0004,0.15,0.0,0.0008,0.0,8208.65,3,98.4787,75.712,step
2026-08-31T19:07:27.819068+00:00,89.512,-0.0004,0.0,0.15,0.0008,0.0,8210.89,3,97.9315,75.734,step
2026-08-31T19:07:27.820393+00:00,89.092,-0.0004,0.15,0.0,0.0008,0.0,8040.28,3,97.3903,75.756,step
2026-08-31T19:07:27.821751+00:00,88.927,-0.0004,0.15,0.0,0.0008,-0.0,8158.82,3,96.8531,75.778,step
2026-08-31T19:07:27.823276+00:00,88.952,-0.0004,0.15,0.0,0.0008,-0.0,8160.4,3,96.3126,75.8,step
2026-08-31T19:07:27.824598+00:00,88.977,-0.0005,0.15,0.0,0.0009,-0.0,8162.38,3,95.7704,75.822,step
2026-08-31T19:07:27.825946+00:00,89.002,-0.0005,0.15,0.0,0.0009,-0.0,8164.45,3,95.2268,75.844,step
2026-08-31T19:07:27.827246+00:00,89.027,-0.0005,0.15,0.0,0.0009,-0.0,8166.6,3,94.6829,75.866,step
2026-08-31T19:07:27.828500+00:00,89.052,-0.0005,0.15,0.0,0.0009,-0.0,8168.83,3,94.139,75.888,step
2026-08-31T19:07:27.829774+00:00,89.077,-0.0005,0.15,0.0,0.0009,-0.0,8171.13,3,93.595,75.91,step
2026-08-31T19:07:27.831301+00:00,89.102,-0.0005,0.15,0.0,0.0009,-0.0,8173.49,3,93.0506,75.932,step
2026-08-31T19:07:27.832833+00:00,89.126,-0.0005,0.15,0.0,0.0009,-0.0,8175.76,3,92.5056,75.954,step
2026-08-31T19:07:27.834219+00:00,89.15,-0.0005,0.15,0.0,0.0009,-0.0,8177.96,3,91.9605,75.976,step
2026-08-31T19:07:27.835592+00:00,89.175,-0.0005,0.15,0.0,0.0009,-0.0,8180.16,3,91.4154,75.998,step
2026-08-31T19:07:27.836924+00:00,89.199,-0.0004,0.15,0.0,0.0008,-0.0,8182.36,3,90.8702,76.02,step
2026-08-31T19:07:27.838282+00:00,89.223,-0.0004,0.15,0.0,0.0008,-0.0,8184.56,3,90.3244,76.042,step
2026-08-31T19:07:27.840064+00:00,89.247,-0.0004,0.15,0.0,0.0008,-0.0,8185.98,3,89.7786,76.064,step
2026-08-31T19:07:27.841472+00:00,89.271,-0.0004,0.15,0.0,0.0008,-0.0,8188.02,3,89.2336,76.086,step
2026-08-31T19:07:27.842803+00:00,89.294,-0.0005,0.15,0.0,0.0009,-0.0,8190.42,3,88.6886,76.108,step
2026-08-31T19:07:27.844096+00:00,89.318,-0.0005,0.15,0.0,0.0009,-0.0,8193.04,3,88.1436,76.13,step
2026-08-31T19:07:27.845404+00:00,89.341,-0.0005,0.15,0.0,0.0009,-0.0,8195.48,3,87.5977,76.152,step
2026-08-31T19:07:27.846890+00:00,89.365,-0.0005,0.15,0.0,0.0009,-0.0,8197.77,3,87.0515,76.174,step
2026-08-31T19:07:27.848416+00:00,89.389,-0.0005,0.15,0.0,0.001,-0.0,8199.95,3,86.5053,76.196,step
2026-08-31T19:07:27.849817+00:00,89.413,-0.0005,0.15,0.0,0.001,0.0,8202.09,3,85.9544,76.218,step
2026-08-31T19:07:27.851200+00:00,89.436,-0.0005,0.15,0.0,0.001,0.0,8204.2,3,85.4034,76.24,step
2026-08-31T19:07:27.852546+00:00,89.46,-0.0004,0.15,0.0,0.0009,0.0,8206.28,3,84.8544,76.262,step
2026-08-31T19:07:27.853871+00:00,89.483,-0.0004,0.15,0.0,0.0009,0.0,8208.33,3,84.3066,76.284,step
2026-08-31T19:07:27.855216+00:00,89.506,-0.0004,0.0,0.15,0.0009,0.0,8210.39,3,83.7591,76.306,step
2026-08-31T19:07:27.856836+00:00,89.086,-0.0004,0.15,0.0,0.0009,0.0001,8037.2,3,83.2102,76.328,step
2026-08-31T19:07:27.858249+00:00,88.919,-0.0003,0.15,0.0,0.0009,0.0001,8158.91,3,82.6614,76.35,step
2026-08-31T19:07:27.859600+00:00,88.944,-0.0003,0.15,0.0,0.0008,0.0001,8159.66,3,82.1162,76.372,step
2026-08-31T19:07:27.860914+00:00,88.968,-0.0003,0.15,0.0,0.0009,0.0001,8160.72,3,81.573,76.394,step
2026-08-31T19:07:27.862293+00:00,88.992,-0.0004,0.15,0.0,0.0009,0.0001,8162.64,3,81.029,76.416,step
2026-08-31T19:07:27.863666+00:00,89.015,-0.0004,0.15,0.0,0.0009,0.0001,8164.88,3,80.4852,76.438,step
2026-08-31T19:07:27.865031+00:00,89.039,-0.0004,0.15,0.0,0.0009,0.0001,8167.4,3,79.9415,76.46,step
2026-08-31T19:07:27.866392+00:00,89.062,-0.0004,0.15,0.0,0.001,0.0001,8169.91,3,79.3978,76.482,step
2026-08-31T19:07:27.867670+00:00,89.086,-0.0004,0.15,0.0,0.001,0.0001,8172.26,3,78.854,76.504,step
2026-08-31T19:07:27.868931+00:00,89.109,-0.0004,0.15,0.0,0.001,0.0001,8174.47,3,78.309,76.526,step
2026-08-31T19:07:27.870172+00:00,89.133,-0.0004,0.15,0.0,0.0009,0.0001,8176.61,3,77.7641,76.548,step
2026-08-31T19:07:27.871442+00:00,89.157,-0.0004,0.15,0.0,0.0009,0.0001,8178.7,3,77.2192,76.57,step
2026-08-31T19:07:27.872901+00:00,89.18,-0.0003,0.15,0.0,0.0009,0.0001,8180.72,3,76.6743,76.592,step
2026-08-31T19:07:27.874313+00:00,89.203,-0.0003,0.15,0.0,0.0009,0.0001,8182.75,3,76.1293,76.614,step
2026-08-31T19:07:27.875632+00:00,89.226,-0.0003,0.15,0.0,0.0008,0.0001,8184.79,3,75.5831,76.636,step
2026-08-31T19:07:27.876931+00:00,89.249,-0.0003,0.15,0.0,0.0007,0.0001,8186.87,3,75.037,76.658,step
2026-08-31T19:07:27.878224+00:00,89.272,-0.0002,0.15,0.0,0.0007,0.0001,8188.99,3,74.4911,76.68,step
2026-08-31T19:07:27.879537+00:00,89.295,-0.0003,0.15,0.0,0.0007,0.0001,8190.16,3,73.9462,76.702,step
2026-08-31T19:07:27.881152+00:00,89.317,-0.0003,0.15,0.0,0.0008,0.0001,8192.35,3,73.4013,76.724,step
2026-08-31T19:07:27.882561+00:00,89.339,-0.0003,0.15,0.0,0.0008,0.0001,8194.83,3,72.8554,76.746,step
2026-08-31T19:07:27.883879+00:00,89.362,-0.0003,0.15,0.0,0.0008,0.0001,8197.25,3,72.3094,76.768,step
2026-08-31T19:07:27.885199+00:00,89.384,-0.0003,0.15,0.0,0.0008,0.0001,8199.48,3,71.7634,76.79,step
2026-08-31T19:07:27.886502+00:00,89.406,-0.0003,0.15,0.0,0.0008,0.0001,8201.59,3,71.2174,76.812,step
2026-08-31T19:07:27.887914+00:00,89.429,-0.0003,0.15,0.0,0.0008,0.0001,8203.63,3,70.6714,76.834,step
2026-08-31T19:07:27.889393+00:00,89.451,-0.0003,0.15,0.0,0.0008,0.0001,8205.62,3,70.1246,76.856,step
2026-08-31T19:07:27.890887+00:00,89.474,-0.0003,0.15,0.0,0.0008,0.0001,8207.63,3,69.5774,76.878,step
2026-08-31T19:07:27.892197+00:00,89.496,-0.0003,0.0,0.15,0.0008,0.0001,8209.58,3,69.0303,76.9,step
2026-08-31T19:07:27.893560+00:00,89.074,-0.0003,0.15,0.0,0.0007,0.0001,8036.08,3,68.4877,76.922,step
2026-08-31T19:07:27.894864+00:00,88.907,-0.0003,0.15,0.0,0.0007,0.0,8157.79,3,67.9489,76.944,step
2026-08-31T19:07:27.896243+00:00,88.931,-0.0003,0.15,0.0,0.0007,0.0,8158.8,3,67.4067,76.966,step
2026-08-31T19:07:27.897692+00:00,88.954,-0.0003,0.15,0.0,0.0007,0.0,8160.37,3,66.8642,76.988,step
2026-08-31T19:07:27.899155+00:00,88.977,-0.0003,0.15,0.0,0.0007,0.0,8161.12,3,66.3214,77.01,step
2026-08-31T19:07:27.900451+00:00,88.999,-0.0003,0.15,0.0,0.0008,0.0,8162.97,3,65.7776,77.032,step
2026-08-31T19:07:27.901743+00:00,89.022,-0.0004,0.15,0.0,0.0008,0.0,8165.23,3,65.2337,77.054,step
2026-08-31T19:07:27.902989+00:00,89.044,-0.0004,0.15,0.0,0.0008,0.0,8167.86,3,64.6898,77.076,step
2026-08-31T19:07:27.904250+00:00,89.066,-0.0004,0.15,0.0,0.0008,0.0,8170.35,3,64.146,77.098,step
2026-08-31T19:07:27.905888+00:00,89.088,-0.0004,0.15,0.0,0.0008,0.0,8172.6,3,63.6022,77.12,step
2026-08-31T19:07:27.907213+00:00,89.111,-0.0004,0.15,0.0,0.0008,0.0,8174.68,3,63.0571,77.142,step
2026-08-31T19:07:27.908578+00:00,89.133,-0.0004,0.15,0.0,0.0008,0.0,8176.69,3,62.5121,77.164,step
2026-08-31T19:07:27.909953+00:00,89.156,-0.0003,0.15,0.0,0.0008,0.0,8178.66,3,61.9671,77.186,step
2026-08-31T19:07:27.911328+00:00,89.178,-0.0003,0.15,0.0,0.0007,0.0,8180.6,3,61.4221,77.208,step
2026-08-31T19:07:27.912683+00:00,89.2,-0.0003,0.15,0.0,0.0007,0.0,8182.52,3,60.8771,77.23,step
2026-08-31T19:07:27.914115+00:00,89.222,-0.0003,0.15,0.0,0.0007,0.0,8184.45,3,60.3313,77.252,step
2026-08-31T19:07:27.915473+00:00,89.244,-0.0003,0.15,0.0,0.0006,0.0,8186.41,3,59.7849,77.274,step
2026-08-31T19:07:27.916749+00:00,89.265,-0.0003,0.15,0.0,0.0006,0.0,8188.41,3,59.2396,77.296,step
2026-08-31T19:07:27.918075+00:00,89.287,-0.0003,0.15,0.0,0.0007,0.0,8189.64,3,58.6946,77.318,step
2026-08-31T19:07:27.919371+00:00,89.309,-0.0003,0.15,0.0,0.0007,0.0,8191.51,3,58.1496,77.34,step
2026-08-31T19:07:27.920645+00:00,89.33,-0.0003,0.0,0.15,0.0007,0.0,8193.74,3,57.6043,77.362,step
2026-08-31T19:07:27.922132+00:00,88.909,-0.0004,0.0,0.15,0.0007,0.0,8021.48,3,57.0623,77.384,step
2026-08-31T19:07:27.923564+00:00,88.298,-0.0004,0.0,0.15,0.0007,-0.0,7962.52,3,56.5273,77.406,step
2026-08-31T19:07:27.924858+00:00,87.69,-0.0005,0.0,0.15,0.0007,-0.0001,7905.56,3,55.9974,77.428,step
2026-08-31T19:07:27.926194+00:00,87.084,-0.0005,0.0,0.15,0.0007,-0.0002,7850.73,3,55.4713,77.45,step
2026-08-31T19:07:27.927477+00:00,86.481,-0.0006,0.0,0.15,0.0007,-0.0002,7797.18,3,54.9457,77.472,step
2026-08-31T19:07:27.928767+00:00,85.88,-0.0006,0.0,0.15,0.0007,-0.0002,7744.15,3,54.4206,77.494,step
2026-08-31T19:07:27.930281+00:00,85.28,-0.0006,0.0,0.15,0.0007,-0.0002,7691.21,3,53.8976,77.516,step
2026-08-31T19:07:27.931732+00:00,84.684,-0.0006,0.0,0.15,0.0007,-0.0002,7638.29,3,53.3778,77.538,step
2026-08-31T19:07:27.933053+00:00,84.091,-0.0006,0.0,0.15,0.0008,-0.0002,7585.41,3,52.8614,77.56,step
2026-08-31T19:07:27.934329+00:00,83.499,-0.0006,0.0,0.15,0.0008,-0.0002,7532.5,3,52.3486,77.582,step
2026-08-31T19:07:27.935591+00:00,82.91,-0.0006,0.0,0.15,0.0008,-0.0002,7479.64,3,51.839,77.604,step
2026-08-31T19:07:27.936845+00:00,82.323,-0.0006,0.0,0.15,0.0008,-0.0002,7426.85,3,51.3329,77.626,step
2026-08-31T19:07:27.938085+00:00,81.735,-0.0006,0.0,0.15,0.0008,-0.0002,7376.2,3,50.8304,77.648,step
2026-08-31T19:07:27.939749+00:00,81.151,-0.0006,0.0,0.15,0.0008,-0.0002,7323.53,3,50.3312,77.67,step
2026-08-31T19:07:27.941086+00:00,80.568,-0.0005,0.0,0.15,0.0008,-0.0001,7270.31,3,49.8355,77.692,step
2026-08-31T19:07:27.942413+00:00,79.987,-0.0005,0.0,0.15,0.0008,-0.0001,7217.58,2,49.343,77.714,step
2026-08-31T19:07:27.943692+00:00,79.43,-0.0005,0.0,0.15,0.0008,-0.0001,9070.55,2,48.8532,77.736,step
2026-08-31T19:07:27.944987+00:00,78.888,-0.0005,0.0,0.15,0.0008,-0.0001,9046.76,2,48.3672,77.758,step
2026-08-31T19:07:27.946247+00:00,78.301,-0.0005,0.0,0.15,0.0008,-0.0001,8868.88,2,47.8848,77.78,step
2026-08-31T19:07:27.947829+00:00,77.66,-0.0004,0.0,0.15,0.0008,0.0,8795.34,2,47.4006,77.802,step
2026-08-31T19:07:27.949200+00:00,77.022,-0.0003,0.0,0.15,0.0008,0.0001,8723.71,2,46.9177,77.824,step
2026-08-31T19:07:27.950614+00:00,76.386,-0.0002,0.0,0.15,0.0008,0.0002,8652.91,2,46.4381,77.846,step
2026-08-31T19:07:27.951955+00:00,75.753,-0.0,0.0,0.15,0.0008,0.0003,8582.62,2,45.9627,77.868,step
2026-08-31T19:07:27.953238+00:00,75.125,0.0001,0.0,0.15,0.0008,0.0004,8512.99,2,45.4915,77.89,step
2026-08-31T19:07:27.954560+00:00,74.5,0.0002,0.0,0.15,0.0007,0.0005,8443.66,2,45.0242,77.912,step
2026-08-31T19:07:27.955986+00:00,73.879,0.2003,0.0,0.15,0.0007,0.0006,8374.48,2,44.5612,77.934,step
2026-08-31T19:07:27.957355+00:00,73.271,0.1978,0.0,0.15,0.0009,-0.0017,8305.91,2,44.3461,77.956,step
2026-08-31T19:07:27.958709+00:00,72.612,0.1903,0.0,0.15,0.0018,-0.0085,8230.26,2,44.576,77.978,step
2026-08-31T19:07:27.960008+00:00,71.973,-0.0196,0.0,0.15,0.0033,-0.0173,8157.15,2,45.0097,78.0,step
2026-08-31T19:07:27.961376+00:00,71.367,-0.0276,0.0,0.15,0.0051,-0.0241,8091.94,2,45.2401,78.022,step
2026-08-31T19:07:27.962717+00:00,70.748,0.1698,0.0,0.15,0.0069,-0.0257,8025.66,2,44.9634,78.044,step
2026-08-31T19:07:27.964090+00:00,70.15,0.1667,0.0,0.15,0.0087,-0.0278,7957.94,2,44.7354,78.066,step
2026-08-31T19:07:27.965649+00:00,69.515,0.1594,0.0,0.15,0.0112,-0.0337,7884.32,2,44.8696,78.088,step
2026-08-31T19:07:27.966994+00:00,68.898,-0.0498,0.8,0.0,0.0143,-0.0411,7813.09,2,45.1525,78.11,step
2026-08-31T19:07:27.968347+00:00,69.287,-0.0568,0.8,0.0,0.0175,-0.0462,8898.46,2,45.2127,78.132,step
2026-08-31T19:07:27.969629+00:00,70.111,0.1416,0.0,0.15,0.0206,-0.0463,9351.19,2,44.7974,78.154,step
2026-08-31T19:07:27.971037+00:00,70.341,0.1397,0.0,0.15,0.0237,-0.0466,7993.62,2,44.3909,78.176,step
2026-08-31T19:07:27.972612+00:00,69.706,0.1346,0.0,0.15,0.0273,-0.0499,7923.12,2,44.2601,78.198,step
2026-08-31T19:07:27.974000+00:00,69.076,0.1274,0.0,0.15,0.0313,-0.0548,7840.71,2,44.2893,78.22,step
2026-08-31T19:07:27.975337+00:00,68.463,0.1191,0.0,0.15,0.0357,-0.0607,7764.16,2,44.4047,78.242,step
2026-08-31T19:07:27.976752+00:00,67.86,0.1103,0.0,0.15,0.0405,-0.0669,7693.86,2,44.5477,78.264,step
2026-08-31T19:07:27.978077+00:00,67.264,0.1014,0.0,0.15,0.0456,-0.073,7627.89,2,44.6781,78.286,step
2026-08-31T19:07:27.979449+00:00,66.674,0.0928,0.0,0.15,0.051,-0.0786,7563.7,2,44.773,78.308,step
2026-08-31T19:07:27.981170+00:00,66.087,0.0845,0.0,0.15,0.0568,-0.0838,7499.88,2,44.8255,78.33,step
2026-08-31T19:07:27.982573+00:00,65.504,0.0767,0.0,0.15,0.0628,-0.0885,7435.84,2,44.8349,78.352,step
2026-08-31T19:07:27.983960+00:00,64.923,0.0692,0.0,0.15,0.0689,-0.0927,7371.6,2,44.8032,78.374,step
2026-08-31T19:07:27.985375+00:00,64.346,0.0621,0.0,0.15,0.0753,-0.0964,7307.36,2,44.7326,78.396,step
2026-08-31T19:07:27.986828+00:00,63.77,0.0554,0.0,0.15,0.0819,-0.0998,7244.89,2,44.6266,78.418,step
2026-08-31T19:07:27.988259+00:00,63.198,0.049,0.0,0.15,0.0887,-0.1027,7180.57,2,44.4883,78.44,step
2026-08-31T19:07:27.989906+00:00,62.628,0.0429,0.0,0.15,0.0955,-0.1052,7115.7,2,44.3225,78.462,step
2026-08-31T19:07:27.991271+00:00,62.06,0.0371,0.0,0.15,0.1024,-0.1075,7051.24,2,44.1323,78.484,step
2026-08-31T19:07:27.992635+00:00,61.495,0.0316,0.0,0.15,0.1093,-0.1095,6987.41,2,43.9193,78.506,step
2026-08-31T19:07:27.994000+00:00,60.932,0.0263,0.0,0.15,0.1163,-0.1112,6924.09,2,43.686,78.528,step
2026-08-31T19:07:27.995386+00:00,60.371,0.0214,0.0,0.15,0.1233,-0.1126,6861.13,2,43.4326,78.55,step
2026-08-31T19:07:27.996866+00:00,59.813,0.0167,0.0,0.15,0.1303,-0.1137,6798.49,2,43.1602,78.572,step
2026-08-31T19:07:27.998396+00:00,59.256,0.0122,0.0,0.15,0.1373,-0.1147,6735.99,2,42.8723,78.594,step
2026-08-31T19:07:27.999796+00:00,58.702,0.008,0.0,0.15,0.1443,-0.1154,6673.7,2,42.5697,78.616,step
2026-08-31T19:07:28.001157+00:00,58.15,0.004,0.0,0.15,0.1512,-0.1159,6611.61,2,42.2536,78.638,step
2026-08-31T19:07:28.002535+00:00,57.6,0.0002,0.0,0.15,0.158,-0.1162,6549.66,2,41.9257,78.66,step
2026-08-31T19:07:28.003944+00:00,57.053,-0.0033,0.0,0.15,0.1648,-0.1164,6487.89,2,41.587,78.682,step
2026-08-31T19:07:28.005435+00:00,56.506,-0.0066,0.0,0.15,0.1715,-0.1163,6426.26,2,41.2393,78.704,step
2026-08-31T19:07:28.007167+00:00,55.961,-0.0098,0.0,0.15,0.1782,-0.1162,6364.9,2,40.883,78.726,step
2026-08-31T19:07:28.008588+00:00,55.419,-0.0127,0.0,0.15,0.1847,-0.1159,6303.71,2,40.5173,78.748,step
2026-08-31T19:07:28.010016+00:00,54.879,-0.0154,0.0,0.15,0.1911,-0.1154,6242.69,2,40.1447,78.77,step
2026-08-31T19:07:28.011425+00:00,54.34,-0.018,0.0,0.15,0.1974,-0.1148,6181.85,2,39.7681,78.792,step
2026-08-31T19:07:28.013000+00:00,53.803,-0.0166,0.0,0.15,0.2036,-0.1105,6121.18,2,39.3875,78.814,step
2026-08-31T19:07:28.014819+00:00,53.267,-0.014,0.0,0.15,0.2094,-0.1052,6060.67,2,39.0085,78.836,step
2026-08-31T19:07:28.016326+00:00,52.734,-0.0113,0.0,0.15,0.2148,-0.1,6000.36,2,38.6386,78.858,step
2026-08-31T19:07:28.017829+00:00,52.202,-0.0087,0.0,0.15,0.22,-0.095,5940.22,2,38.2805,78.88,step
2026-08-31T19:07:28.019261+00:00,51.671,-0.006,0.0,0.15,0.2248,-0.0901,5881.1,2,37.9333,78.902,step
2026-08-31T19:07:28.020671+00:00,51.142,-0.0034,0.15,0.0,0.2294,-0.0854,5821.13,2,37.5974,78.924,step
2026-08-31T19:07:28.022515+00:00,51.101,-0.0008,0.15,0.0,0.2337,-0.0808,5926.32,2,37.2731,78.946,step
2026-08-31T19:07:28.024066+00:00,51.184,0.0019,0.15,0.0,0.2378,-0.0763,5933.84,2,36.9554,78.968,step
2026-08-31T19:07:28.025583+00:00,51.267,0.0045,0.0,0.15,0.2416,-0.0719,5942.03,2,36.6436,78.99,step
2026-08-31T19:07:28.027103+00:00,50.865,0.0072,0.15,0.0,0.2453,-0.0676,5795.0,2,36.3394,79.012,step
2026-08-31T19:07:28.028563+00:00,50.823,0.0098,0.15,0.0,0.2487,-0.0634,5892.04,2,36.0431,79.034,step
2026-08-31T19:07:28.030212+00:00,50.905,0.0125,0.15,0.0,0.2519,-0.0592,5901.21,2,35.7516,79.056,step
2026-08-31T19:07:28.031678+00:00,50.987,0.0153,0.15,0.0,0.2549,-0.0551,5910.48,2,35.466,79.078,step
2026-08-31T19:07:28.033166+00:00,51.07,0.0181,0.15,0.0,0.2577,-0.051,5919.81,2,35.1853,79.1,step
2026-08-31T19:07:28.034646+00:00,51.152,0.021,0.15,0.0,0.2603,-0.047,5929.18,2,34.9095,79.122,step
2026-08-31T19:07:28.036092+00:00,51.234,0.0238,0.15,0.0,0.2628,-0.0431,5938.58,2,34.6395,79.144,step
2026-08-31T19:07:28.037611+00:00,51.316,0.0267,0.0,0.15,0.2651,-0.0393,5948.49,2,34.3755,79.166,step
2026-08-31T19:07:28.039351+00:00,50.912,0.0295,0.15,0.0,0.2671,-0.0356,5797.5,2,34.1202,79.188,step
2026-08-31T19:07:28.040851+00:00,50.877,0.0322,0.15,0.0,0.269,-0.032,5899.42,2,33.8735,79.21,step
2026-08-31T19:07:28.042356+00:00,50.96,0.035,0.15,0.0,0.2707,-0.0285,5907.82,2,33.6289,79.232,step
2026-08-31T19:07:28.043853+00:00,51.042,0.0378,0.15,0.0,0.2723,-0.0251,5916.66,2,33.3893,79.254,step
2026-08-31T19:07:28.045331+00:00,51.124,0.0405,0.15,0.0,0.2737,-0.0218,5925.58,2,33.1542,79.276,step
2026-08-31T19:07:28.046879+00:00,51.206,0.0433,0.15,0.0,0.275,-0.0185,5934.75,2,32.9239,79.298,step
2026-08-31T19:07:28.048663+00:00,51.288,0.0462,0.0,0.15,0.2761,-0.0152,5944.16,2,32.6975,79.32,step
2026-08-31T19:07:28.050163+00:00,50.884,0.049,0.15,0.0,0.277,-0.012,5794.89,2,32.4798,79.342,step
2026-08-31T19:07:28.051666+00:00,50.853,0.0517,0.15,0.0,0.2778,-0.009,5895.87,2,32.2717,79.364,step
2026-08-31T19:07:28.053163+00:00,50.935,0.0545,0.15,0.0,0.2784,-0.0061,5904.34,2,32.0653,79.386,step
2026-08-31T19:07:28.054687+00:00,51.017,0.0572,0.15,0.0,0.279,-0.0032,5913.58,2,31.8618,79.408,step
2026-08-31T19:07:28.056334+00:00,51.098,0.06,0.15,0.0,0.2794,-0.0003,5922.56,2,31.6613,79.43,step
2026-08-31T19:07:28.057804+00:00,51.18,0.0627,0.15,0.0,0.2796,0.0024,5931.65,2,31.465,79.452,step
2026-08-31T19:07:28.059275+00:00,51.261,0.0654,0.0,0.15,0.2797,0.0051,5940.85,2,31.2733,79.474,step
2026-08-31T19:07:28.060761+00:00,50.857,0.068,0.15,0.0,0.2798,0.0076,5791.71,2,31.0909,79.496,step
2026-08-31T19:07:28.062226+00:00,50.83,0.0705,0.15,0.0,0.2797,0.0099,5892.69,2,30.9177,79.518,step
2026-08-31T19:07:28.063684+00:00,50.911,0.073,0.15,0.0,0.2795,0.0123,5901.17,2,30.7434,79.54,step
2026-08-31T19:07:28.065170+00:00,50.992,0.0756,0.15,0.0,0.2791,0.0146,5909.97,2,30.5703,79.562,step
2026-08-31T19:07:28.066600+00:00,51.074,0.0783,0.15,0.0,0.2787,0.017,5918.85,2,30.4009,79.584,step
2026-08-31T19:07:28.067996+00:00,51.154,0.0809,0.15,0.0,0.2782,0.0193,5927.91,2,30.2342,79.606,step
2026-08-31T19:07:28.069419+00:00,51.235,0.0836,0.15,0.0,0.2775,0.0215,5937.12,2,30.0709,79.628,step
2026-08-31T19:07:28.070838+00:00,51.315,0.0862,0.0,0.15,0.2767,0.0236,5946.45,2,29.9117,79.65,step
2026-08-31T19:07:28.072574+00:00,50.91,0.0886,0.15,0.0,0.2759,0.0255,5797.51,2,29.7634,79.672,step
2026-08-31T19:07:28.074020+00:00,50.887,0.0908,0.15,0.0,0.275,0.0273,5899.05,2,29.6242,79.694,step
2026-08-31T19:07:28.075539+00:00,50.968,0.0932,0.0,0.15,0.274,0.0291,5907.28,2,29.4821,79.716,step
2026-08-31T19:07:28.077034+00:00,50.56,0.0954,0.0,0.15,0.273,0.0307,5757.27,2,29.3486,79.738,step
2026-08-31T19:07:28.078483+00:00,50.031,0.0973,0.15,0.0,0.2718,0.032,5694.86,2,29.2298,79.76,step
2026-08-31T19:07:28.079967+00:00,50.017,0.0993,0.15,0.0,0.2707,0.0333,5798.23,2,29.1112,79.782,step
2026-08-31T19:07:28.081679+00:00,50.097,0.1014,0.0,0.15,0.2694,0.0348,5806.17,2,28.9853,79.804,step
2026-08-31T19:07:28.083168+00:00,49.69,0.1035,0.0,0.15,0.2682,0.0362,5659.68,1,28.8662,79.826,step
2026-08-31T19:07:28.084637+00:00,49.171,0.1054,0.15,0.0,0.2669,0.0373,7592.82,1,28.7604,79.848,step
2026-08-31T19:07:28.086066+00:00,49.038,0.1071,0.15,0.0,0.2655,0.0383,7606.39,1,28.6653,79.87,step
2026-08-31T19:07:28.087595+00:00,49.046,0.1086,0.15,0.0,0.2641,0.0392,7630.01,1,28.5753,79.892,step
2026-08-31T19:07:28.089250+00:00,49.185,0.1105,0.0,0.15,0.2627,0.0402,7687.78,1,28.4741,79.914,step
2026-08-31T19:07:28.090777+00:00,48.743,0.1123,0.15,0.0,0.2612,0.0413,7437.98,1,28.3706,79.936,step
2026-08-31T19:07:28.092210+00:00,48.755,0.1141,0.0,0.15,0.2597,0.0423,7621.88,1,28.2712,79.958,step
2026-08-31T19:07:28.093707+00:00,48.313,0.1159,0.15,0.0,0.2582,0.0433,7369.29,1,28.1744,79.98,step
2026-08-31T19:07:28.095154+00:00,48.328,0.1175,0.0,0.15,0.2567,0.0441,7556.97,1,28.0845,80.002,step
2026-08-31T19:07:28.096647+00:00,47.887,0.1191,0.15,0.0,0.2552,0.0449,7304.58,1,27.9948,80.024,step
2026-08-31T19:07:28.098372+00:00,47.905,0.1206,0.15,0.0,0.2536,0.0456,7491.17,1,27.91,80.046,step
2026-08-31T19:07:28.099846+00:00,48.031,0.1222,0.0,0.15,0.252,0.0464,7508.53,1,27.8171,80.068,step
2026-08-31T19:07:28.101286+00:00,47.592,0.1238,0.15,0.0,0.2504,0.0472,7263.67,1,27.7311,80.09,step
2026-08-31T19:07:28.102614+00:00,47.61,0.1254,0.0,0.15,0.2487,0.0479,7443.7,1,27.6505,80.112,step
2026-08-31T19:07:28.104009+00:00,47.172,0.1269,0.15,0.0,0.2471,0.0486,7198.16,1,27.5706,80.134,step
2026-08-31T19:07:28.105529+00:00,47.193,0.1284,0.15,0.0,0.2454,0.0492,7379.61,1,27.4956,80.156,step
2026-08-31T19:07:28.107269+00:00,47.319,0.13,0.0,0.15,0.2437,0.0499,7397.23,1,27.4113,80.178,step
2026-08-31T19:07:28.108711+00:00,46.88,0.1315,0.15,0.0,0.242,0.0505,7157.85,1,27.3354,80.2,step
2026-08-31T19:07:28.110182+00:00,46.904,0.1328,0.0,0.15,0.2403,0.051,7333.21,1,27.2651,80.222,step
2026-08-31T19:07:28.111660+00:00,46.465,0.1341,0.15,0.0,0.2386,0.0514,7092.32,1,27.1959,80.244,step
2026-08-31T19:07:28.113155+00:00,46.492,0.1353,0.15,0.0,0.2368,0.0517,7270.21,1,27.1318,80.266,step
2026-08-31T19:07:28.114727+00:00,46.618,0.1367,0.0,0.15,0.2351,0.0522,7287.96,1,27.0579,80.288,step
2026-08-31T19:07:28.116241+00:00,46.181,0.1379,0.15,0.0,0.2334,0.0525,7051.34,1,26.9919,80.31,step
2026-08-31T19:07:28.117672+00:00,46.208,0.139,0.15,0.0,0.2316,0.0528,7225.07,1,26.9307,80.332,step
2026-08-31T19:07:28.119089+00:00,46.334,0.1403,0.0,0.15,0.2299,0.0532,7243.23,1,26.8599,80.354,step
2026-08-31T19:07:28.120581+00:00,45.899,0.1416,0.15,0.0,0.2281,0.0536,7008.64,1,26.7971,80.376,step
2026-08-31T19:07:28.122028+00:00,45.926,0.1427,0.15,0.0,0.2264,0.0538,7181.29,1,26.7405,80.398,step
2026-08-31T19:07:28.123643+00:00,46.051,0.1441,0.0,0.15,0.2247,0.0543,7199.33,1,26.6749,80.42,step
2026-08-31T19:07:28.125033+00:00,45.616,0.1452,0.15,0.0,0.2229,0.0545,6965.95,1,26.6172,80.442,step
2026-08-31T19:07:28.126497+00:00,45.646,0.1462,0.15,0.0,0.2211,0.0547,7136.38,1,26.5643,80.464,step
2026-08-31T19:07:28.127962+00:00,45.771,0.1475,0.0,0.15,0.2194,0.055,7154.54,1,26.5014,80.486,step
2026-08-31T19:07:28.129423+00:00,45.335,0.1485,0.15,0.0,0.2176,0.0552,6924.71,1,26.447,80.508,step
2026-08-31T19:07:28.131084+00:00,45.366,0.1494,0.15,0.0,0.2159,0.0552,7093.71,1,26.399,80.53,step
2026-08-31T19:07:28.132638+00:00,45.491,0.1505,0.0,0.15,0.2141,0.0554,7111.73,1,26.341,80.552,step
2026-08-31T19:07:28.134077+00:00,45.056,0.1514,0.15,0.0,0.2124,0.0554,6881.61,1,26.2909,80.574,step
2026-08-31T19:07:28.135485+00:00,45.089,0.1522,0.15,0.0,0.2106,0.0554,7050.81,1,26.2448,80.596,step
2026-08-31T19:07:28.136906+00:00,45.214,0.1532,0.0,0.15,0.2089,0.0555,7068.85,1,26.1894,80.618,step
2026-08-31T19:07:28.138307+00:00,44.781,0.154,0.15,0.0,0.2073,0.0555,6840.07,1,26.1421,80.64,step
2026-08-31T19:07:28.139911+00:00,44.813,0.1549,0.15,0.0,0.2056,0.0555,7007.88,1,26.099,80.662,step
2026-08-31T19:07:28.141300+00:00,44.938,0.156,0.0,0.15,0.2038,0.0557,7025.81,1,26.046,80.684,step
2026-08-31T19:07:28.142737+00:00,44.505,0.1568,0.15,0.0,0.2021,0.0557,6798.8,1,26.0016,80.706,step
2026-08-31T19:07:28.144120+00:00,44.539,0.1576,0.15,0.0,0.2005,0.0556,6965.1,1,25.9622,80.728,step
2026-08-31T19:07:28.145476+00:00,44.664,0.1585,0.0,0.15,0.1988,0.0558,6981.82,1,25.9126,80.75,step
2026-08-31T19:07:28.146929+00:00,44.23,0.1593,0.15,0.0,0.1972,0.0557,6759.37,1,25.8716,80.772,step
2026-08-31T19:07:28.148532+00:00,44.267,0.1599,0.15,0.0,0.1955,0.0555,6921.64,1,25.8337,80.794,step
2026-08-31T19:07:28.149964+00:00,44.391,0.1608,0.0,0.15,0.1939,0.0556,6939.99,1,25.7866,80.816,step
2026-08-31T19:07:28.151400+00:00,43.956,0.1615,0.15,0.0,0.1923,0.0554,6716.16,1,25.7484,80.838,step
2026-08-31T19:07:28.152784+00:00,43.995,0.162,0.15,0.0,0.1906,0.0552,6880.31,1,25.7137,80.86,step
2026-08-31T19:07:28.154198+00:00,44.119,0.1628,0.15,0.0,0.1891,0.0552,6898.25,1,25.6691,80.882,step
2026-08-31T19:07:28.155686+00:00,44.243,0.1636,0.0,0.15,0.1875,0.0552,6916.38,1,25.6221,80.904,step
2026-08-31T19:07:28.157341+00:00,43.812,0.1642,0.15,0.0,0.1859,0.055,6694.99,1,25.585,80.926,step
2026-08-31T19:07:28.158728+00:00,43.848,0.1648,0.15,0.0,0.1844,0.0548,6857.56,1,25.5518,80.948,step
2026-08-31T19:07:28.160160+00:00,43.972,0.1656,0.0,0.15,0.1828,0.0549,6875.35,1,25.5086,80.97,step
2026-08-31T19:07:28.161583+00:00,43.54,0.1662,0.15,0.0,0.1813,0.0547,6652.85,1,25.4745,80.992,step
2026-08-31T19:07:28.162940+00:00,43.578,0.1668,0.15,0.0,0.1798,0.0545,6815.89,1,25.4441,81.014,step
2026-08-31T19:07:28.164525+00:00,43.702,0.1675,0.0,0.15,0.1782,0.0545,6833.54,1,25.4039,81.036,step
2026-08-31T19:07:28.166035+00:00,43.269,0.1681,0.15,0.0,0.1767,0.0543,6614.61,1,25.3715,81.058,step
2026-08-31T19:07:28.167424+00:00,43.31,0.1685,0.15,0.0,0.1753,0.054,6772.3,1,25.342,81.08,step
2026-08-31T19:07:28.168821+00:00,43.433,0.1692,0.15,0.0,0.1738,0.054,6790.6,1,25.3033,81.102,step
2026-08-31T19:07:28.170198+00:00,43.556,0.1699,0.0,0.15,0.1724,0.054,6809.17,1,25.2631,81.124,step
2026-08-31T19:07:28.171642+00:00,43.122,0.1703,0.15,0.0,0.1709,0.0537,6591.28,1,25.2328,81.146,step
2026-08-31T19:07:28.173286+00:00,43.163,0.1707,0.15,0.0,0.1695,0.0534,6751.17,1,25.2063,81.168,step
2026-08-31T19:07:28.174686+00:00,43.287,0.1713,0.0,0.15,0.1681,0.0532,6768.92,1,25.17,81.19,step
2026-08-31T19:07:28.176122+00:00,42.856,0.1716,0.15,0.0,0.1667,0.0529,6549.5,1,25.142,81.212,step
2026-08-31T19:07:28.177494+00:00,42.896,0.1719,0.15,0.0,0.1654,0.0526,6710.11,1,25.1178,81.234,step
2026-08-31T19:07:28.178823+00:00,43.019,0.1726,0.15,0.0,0.164,0.0526,6727.62,1,25.0833,81.256,step
2026-08-31T19:07:28.180320+00:00,43.142,0.1733,0.0,0.15,0.1626,0.0526,6745.52,1,25.0468,81.278,step
2026-08-31T19:07:28.181909+00:00,42.711,0.1738,0.15,0.0,0.1613,0.0524,6529.33,1,25.0198,81.3,step
2026-08-31T19:07:28.183291+00:00,42.752,0.1742,0.15,0.0,0.16,0.0521,6687.26,1,24.9973,81.322,step
2026-08-31T19:07:28.184755+00:00,42.874,0.1748,0.15,0.0,0.1587,0.0521,6704.02,1,24.9644,81.344,step
2026-08-31T19:07:28.186134+00:00,42.997,0.1754,0.0,0.15,0.1574,0.0521,6721.17,1,24.9295,81.366,step
2026-08-31T19:07:28.187565+00:00,42.564,0.1758,0.15,0.0,0.1561,0.0518,6508.04,1,24.9049,81.388,step
2026-08-31T19:07:28.188993+00:00,42.606,0.1761,0.15,0.0,0.1548,0.0515,6664.55,1,24.8846,81.41,step
2026-08-31T19:07:28.190751+00:00,42.728,0.1766,0.15,0.0,0.1535,0.0513,6682.11,1,24.8551,81.432,step
2026-08-31T19:07:28.192129+00:00,42.849,0.1771,0.0,0.15,0.1523,0.0512,6700.44,1,24.8241,81.454,step
2026-08-31T19:07:28.193609+00:00,42.418,0.1774,0.15,0.0,0.1511,0.0509,6484.15,1,24.8032,81.476,step
2026-08-31T19:07:28.195062+00:00,42.46,0.1776,0.15,0.0,0.1498,0.0505,6643.1,1,24.7852,81.498,step
2026-08-31T19:07:28.196490+00:00,42.582,0.178,0.15,0.0,0.1486,0.0503,6660.31,1,24.7576,81.52,step
2026-08-31T19:07:28.197978+00:00,42.704,0.1785,0.0,0.15,0.1474,0.0503,6678.26,1,24.728,81.542,step
2026-08-31T19:07:28.199383+00:00,42.273,0.1789,0.15,0.0,0.1463,0.0501,6462.95,1,24.7087,81.564,step
2026-08-31T19:07:28.200824+00:00,42.315,0.1792,0.15,0.0,0.1451,0.0498,6620.69,1,24.693,81.586,step
2026-08-31T19:07:28.202183+00:00,42.437,0.1798,0.15,0.0,0.1439,0.0498,6637.96,1,24.6673,81.608,step
2026-08-31T19:07:28.203548+00:00,42.558,0.1803,0.0,0.15,0.1428,0.0498,6655.82,1,24.6402,81.63,step
2026-08-31T19:07:28.204975+00:00,42.126,0.1807,0.15,0.0,0.1416,0.0495,6442.37,1,24.6234,81.652,step
2026-08-31T19:07:28.206654+00:00,42.17,0.1809,0.15,0.0,0.1405,0.0492,6595.98,1,24.6099,81.674,step
2026-08-31T19:07:28.208121+00:00,42.291,0.1814,0.15,0.0,0.1394,0.0491,6614.04,1,24.5867,81.696,step
2026-08-31T19:07:28.209550+00:00,42.411,0.1819,0.0,0.15,0.1383,0.0491,6632.55,1,24.5621,81.718,step
2026-08-31T19:07:28.211030+00:00,41.977,0.1821,0.15,0.0,0.1372,0.0488,6418.28,1,24.5491,81.74,step
2026-08-31T19:07:28.212470+00:00,42.022,0.1822,0.15,0.0,0.1361,0.0484,6575.86,1,24.5397,81.762,step
2026-08-31T19:07:28.213884+00:00,42.144,0.1826,0.15,0.0,0.1351,0.0483,6592.98,1,24.5199,81.784,step
2026-08-31T19:07:28.215579+00:00,42.264,0.183,0.0,0.15,0.134,0.0482,6610.9,1,24.4985,81.806,step
2026-08-31T19:07:28.216969+00:00,41.834,0.1832,0.15,0.0,0.133,0.0478,6396.49,1,24.4873,81.828,step
2026-08-31T19:07:28.218345+00:00,41.877,0.1834,0.15,0.0,0.132,0.0475,6553.7,1,24.4792,81.85,step
2026-08-31T19:07:28.219664+00:00,41.998,0.1839,0.15,0.0,0.131,0.0475,6570.73,1,24.4609,81.872,step
2026-08-31T19:07:28.221029+00:00,42.118,0.1844,0.0,0.15,0.13,0.0476,6588.48,1,24.4414,81.894,step
2026-08-31T19:07:28.222614+00:00,41.687,0.1848,0.15,0.0,0.1289,0.0474,6374.64,1,24.4325,81.916,step
2026-08-31T19:07:28.224122+00:00,41.731,0.185,0.15,0.0,0.1279,0.0471,6531.16,1,24.4275,81.938,step
2026-08-31T19:07:28.225540+00:00,41.851,0.1854,0.15,0.0,0.127,0.0471,6547.54,1,24.4133,81.96,step
2026-08-31T19:07:28.226960+00:00,41.971,0.1859,0.15,0.0,0.126,0.0471,6563.76,1,24.3965,81.982,step
2026-08-31T19:07:28.228363+00:00,42.09,0.1865,0.0,0.15,0.125,0.0471,6582.01,1,24.3794,82.004,step
2026-08-31T19:07:28.229881+00:00,41.656,0.1867,0.15,0.0,0.124,0.0469,6370.82,1,24.3743,82.026,step
2026-08-31T19:07:28.231596+00:00,41.701,0.1868,0.15,0.0,0.1231,0.0466,6527.33,1,24.3742,82.048,step
2026-08-31T19:07:28.233083+00:00,41.821,0.1872,0.15,0.0,0.1222,0.0464,6544.45,1,24.3648,82.07,step
2026-08-31T19:07:28.234526+00:00,41.94,0.1876,0.15,0.0,0.1212,0.0464,6562.14,1,24.3535,82.092,step
2026-08-31T19:07:28.235937+00:00,42.059,0.188,0.0,0.15,0.1203,0.0463,6580.35,1,24.3421,82.114,step
2026-08-31T19:07:28.237378+00:00,41.629,0.1881,0.15,0.0,0.1194,0.046,6365.54,1,24.3418,82.136,step
2026-08-31T19:07:28.238776+00:00,41.672,0.1882,0.15,0.0,0.1185,0.0457,6524.34,1,24.3451,82.158,step
2026-08-31T19:07:28.240393+00:00,41.791,0.1887,0.15,0.0,0.1176,0.0457,6540.95,1,24.3384,82.18,step
2026-08-31T19:07:28.241836+00:00,41.91,0.1892,0.15,0.0,0.1167,0.0458,6558.46,1,24.3306,82.202,step
2026-08-31T19:07:28.243201+00:00,42.029,0.1898,0.0,0.15,0.1158,0.0459,6576.28,1,24.3226,82.224,step
2026-08-31T19:07:28.244596+00:00,41.598,0.1901,0.15,0.0,0.1149,0.0458,6361.39,1,24.3268,82.246,step
2026-08-31T19:07:28.245961+00:00,41.641,0.1903,0.15,0.0,0.114,0.0455,6519.88,1,24.335,82.268,step
2026-08-31T19:07:28.247403+00:00,41.761,0.1907,0.15,0.0,0.1132,0.0455,6533.97,1,24.3331,82.29,step
2026-08-31T19:07:28.248931+00:00,41.878,0.1912,0.15,0.0,0.1123,0.0456,6551.83,1,24.3298,82.312,step
2026-08-31T19:07:28.250348+00:00,41.996,0.1917,0.0,0.15,0.1114,0.0456,6570.22,1,24.3267,82.334,step
2026-08-31T19:07:28.251799+00:00,41.561,0.1919,0.15,0.0,0.1106,0.0454,6355.9,1,24.3371,82.356,step
2026-08-31T19:07:28.253179+00:00,41.607,0.192,0.15,0.0,0.1097,0.0451,6515.84,1,24.3519,82.378,step
2026-08-31T19:07:28.254637+00:00,41.725,0.1923,0.15,0.0,0.1089,0.045,6532.46,1,24.3567,82.4,step
2026-08-31T19:07:28.256140+00:00,41.843,0.1927,0.15,0.0,0.108,0.045,6549.79,1,24.3597,82.422,step
2026-08-31T19:07:28.257792+00:00,41.961,0.1931,0.15,0.0,0.1072,0.0449,6567.76,1,24.3626,82.444,step
2026-08-31T19:07:28.259245+00:00,42.078,0.1935,0.0,0.15,0.1064,0.0449,6585.89,1,24.3655,82.466,step
2026-08-31T19:07:28.260664+00:00,41.648,0.1939,0.15,0.0,0.1055,0.0449,6368.71,1,24.3801,82.488,step
2026-08-31T19:07:28.262014+00:00,41.689,0.1941,0.15,0.0,0.1047,0.0447,6530.29,1,24.3997,82.51,step
2026-08-31T19:07:28.263481+00:00,41.807,0.1946,0.15,0.0,0.1039,0.0448,6546.85,1,24.4106,82.532,step
2026-08-31T19:07:28.265254+00:00,41.925,0.1951,0.15,0.0,0.1031,0.0449,6564.18,1,24.4208,82.554,step
2026-08-31T19:07:28.266726+00:00,42.041,0.1957,0.15,0.0,0.1022,0.045,6581.6,1,24.4312,82.576,step
2026-08-31T19:07:28.268169+00:00,42.159,0.1962,0.15,0.0,0.1014,0.0451,6596.64,1,24.4421,82.598,step
2026-08-31T19:07:28.269557+00:00,42.275,0.1968,0.0,0.15,0.1006,0.0453,6614.84,1,24.453,82.62,step
2026-08-31T19:07:28.271009+00:00,41.84,0.197,0.15,0.0,0.0997,0.0451,6398.93,1,24.478,82.642,step
2026-08-31T19:07:28.272701+00:00,41.883,0.1972,0.15,0.0,0.0989,0.0449,6561.63,1,24.5092,82.664,step
2026-08-31T19:07:28.274298+00:00,41.999,0.1975,0.15,0.0,0.0981,0.0448,6577.99,1,24.5315,82.686,step
2026-08-31T19:07:28.275725+00:00,42.116,0.1979,0.15,0.0,0.0973,0.0448,6595.3,1,24.553,82.708,step
2026-08-31T19:07:28.277109+00:00,42.232,0.1983,0.15,0.0,0.0965,0.0448,6612.81,1,24.5742,82.73,step
2026-08-31T19:07:28.278500+00:00,42.348,0.1987,0.15,0.0,0.0957,0.0448,6630.61,1,24.5952,82.752,step
2026-08-31T19:07:28.279946+00:00,42.463,0.1992,0.15,0.0,0.0949,0.0449,6648.75,1,24.6171,82.774,step
2026-08-31T19:07:28.281567+00:00,42.579,0.1996,0.0,0.15,0.0941,0.0449,6666.95,1,24.6397,82.796,step
2026-08-31T19:07:28.283005+00:00,42.147,0.1998,0.15,0.0,0.0933,0.0447,6443.54,1,24.6765,82.818,step
2026-08-31T19:07:28.284427+00:00,42.186,0.1999,0.15,0.0,0.0925,0.0444,6611.31,1,24.7189,82.84,step
2026-08-31T19:07:28.285867+00:00,42.302,0.2001,0.15,0.0,0.0917,0.0442,6627.05,1,24.7521,82.862,step
2026-08-31T19:07:28.287404+00:00,42.417,0.2004,0.15,0.0,0.0909,0.0442,6643.95,1,24.7841,82.884,step
2026-08-31T19:07:28.288777+00:00,42.534,0.2008,0.15,0.0,0.0901,0.0441,6657.1,1,24.8156,82.906,step
2026-08-31T19:07:28.290509+00:00,42.648,0.2012,0.15,0.0,0.0894,0.0441,6674.56,1,24.8467,82.928,step
2026-08-31T19:07:28.291902+00:00,42.761,0.2015,0.15,0.0,0.0886,0.0441,6693.18,1,24.8791,82.95,step
2026-08-31T19:07:28.293307+00:00,42.874,0.2019,0.15,0.0,0.0878,0.0441,6712.94,1,24.9141,82.972,step
2026-08-31T19:07:28.294672+00:00,42.988,0.2022,0.15,0.0,0.0871,0.044,6732.06,1,24.9521,82.994,step
2026-08-31T19:07:28.296070+00:00,43.102,0.2025,0.15,0.0,0.0863,0.0439,6750.72,1,24.9916,83.016,step
2026-08-31T19:07:28.297741+00:00,43.215,0.2028,0.15,0.0,0.0855,0.0438,6768.79,1,25.0336,83.038,step
2026-08-31T19:07:28.299205+00:00,43.33,0.203,0.15,0.0,0.0848,0.0437,6786.68,1,25.0774,83.06,step
2026-08-31T19:07:28.300623+00:00,43.444,0.2033,0.0,0.15,0.084,0.0436,6804.42,1,25.1223,83.082,step
2026-08-31T19:07:28.302026+00:00,43.009,0.2031,0.15,0.0,0.0832,0.043,6573.22,1,25.1812,83.104,step
2026-08-31T19:07:28.303423+00:00,43.046,0.2027,0.15,0.0,0.0825,0.0423,6747.45,1,25.2461,83.126,step
2026-08-31T19:07:28.304871+00:00,43.161,0.2025,0.15,0.0,0.0818,0.0417,6762.56,1,25.301,83.148,step
2026-08-31T19:07:28.306521+00:00,43.276,0.2023,0.15,0.0,0.0811,0.0413,6778.84,1,25.3532,83.17,step
2026-08-31T19:07:28.307989+00:00,43.39,0.2022,0.15,0.0,0.0805,0.0409,6795.47,1,25.4049,83.192,step
2026-08-31T19:07:28.309390+00:00,43.505,0.2022,0.15,0.0,0.0798,0.0405,6810.96,1,25.4564,83.214,step
2026-08-31T19:07:28.310748+00:00,43.618,0.2021,0.15,0.0,0.0792,0.0401,6828.47,1,25.5079,83.236,step
2026-08-31T19:07:28.312128+00:00,43.731,0.202,0.15,0.0,0.0786,0.0398,6846.82,1,25.5608,83.258,step
2026-08-31T19:07:28.313568+00:00,43.844,0.202,0.15,0.0,0.078,0.0394,6866.12,1,25.6163,83.28,step
2026-08-31T19:07:28.315290+00:00,43.957,0.2018,0.15,0.0,0.0774,0.039,6884.26,1,25.6744,83.302,step
2026-08-31T19:07:28.316696+00:00,44.07,0.2017,0.15,0.0,0.0768,0.0386,6902.38,1,25.7345,83.324,step
2026-08-31T19:07:28.318120+00:00,44.184,0.2016,0.15,0.0,0.0763,0.0382,6920.22,1,25.7963,83.346,step
2026-08-31T19:07:28.319495+00:00,44.297,0.2014,0.15,0.0,0.0757,0.0378,6937.88,1,25.8596,83.368,step
2026-08-31T19:07:28.320849+00:00,44.41,0.2013,0.15,0.0,0.0752,0.0374,6955.45,1,25.9235,83.39,step
2026-08-31T19:07:28.322467+00:00,44.523,0.2009,0.15,0.0,0.0747,0.0368,6973.24,1,25.9884,83.412,step
2026-08-31T19:07:28.323860+00:00,44.636,0.2004,0.15,0.0,0.0742,0.0361,6990.89,1,26.0547,83.434,step
2026-08-31T19:07:28.325320+00:00,44.749,0.2,0.15,0.0,0.0737,0.0355,7008.4,1,26.1217,83.456,step
2026-08-31T19:07:28.326745+00:00,44.862,0.1996,0.15,0.0,0.0733,0.0349,7026.13,1,26.1898,83.478,step
2026-08-31T19:07:28.328121+00:00,44.975,0.1991,0.15,0.0,0.0729,0.0342,7043.02,1,26.2595,83.5,step
2026-08-31T19:07:28.329534+00:00,45.088,0.1987,0.15,0.0,0.0725,0.0336,7059.52,1,26.3295,83.522,step
2026-08-31T19:07:28.331065+00:00,45.2,0.1983,0.15,0.0,0.0721,0.0331,7077.39,1,26.4007,83.544,step
2026-08-31T19:07:28.332662+00:00,45.312,0.1979,0.15,0.0,0.0718,0.0325,7095.78,1,26.473,83.566,step
2026-08-31T19:07:28.334143+00:00,45.424,0.1974,0.15,0.0,0.0714,0.0319,7113.78,1,26.5479,83.588,step
2026-08-31T19:07:28.335612+00:00,45.537,0.197,0.15,0.0,0.0711,0.0313,7131.45,1,26.6239,83.61,step
2026-08-31T19:07:28.337095+00:00,45.649,0.1965,0.15,0.0,0.0708,0.0308,7149.33,1,26.7009,83.632,step
2026-08-31T19:07:28.338513+00:00,45.761,0.1961,0.15,0.0,0.0706,0.0302,7166.74,1,26.7795,83.654,step
2026-08-31T19:07:28.340226+00:00,45.873,0.1956,0.15,0.0,0.0703,0.0297,7184.21,1,26.8585,83.676,step
2026-08-31T19:07:28.341680+00:00,45.985,0.195,0.15,0.0,0.0701,0.0289,7201.52,1,26.9386,83.698,step
2026-08-31T19:07:28.343135+00:00,46.097,0.1943,0.15,0.0,0.0699,0.0282,7218.94,1,27.0193,83.72,step
2026-08-31T19:07:28.344547+00:00,46.209,0.1936,0.15,0.0,0.0698,0.0274,7236.45,1,27.1002,83.742,step
2026-08-31T19:07:28.346054+00:00,46.321,0.1929,0.15,0.0,0.0696,0.0267,7253.84,1,27.1824,83.764,step
2026-08-31T19:07:28.347713+00:00,46.433,0.1923,0.15,0.0,0.0695,0.026,7271.15,1,27.2659,83.786,step
2026-08-31T19:07:28.349122+00:00,46.545,0.1916,0.15,0.0,0.0694,0.0253,7286.88,1,27.3491,83.808,step
2026-08-31T19:07:28.350561+00:00,46.656,0.1909,0.15,0.0,0.0694,0.0247,7304.53,1,27.433,83.83,step
2026-08-31T19:07:28.352047+00:00,46.767,0.1903,0.15,0.0,0.0694,0.024,7322.54,1,27.5183,83.852,step
2026-08-31T19:07:28.353552+00:00,46.878,0.1896,0.15,0.0,0.0694,0.0234,7340.4,1,27.6053,83.874,step
2026-08-31T19:07:28.355037+00:00,46.989,0.1889,0.15,0.0,0.0694,0.0227,7358.06,1,27.6936,83.896,step
2026-08-31T19:07:28.356801+00:00,47.1,0.1883,0.15,0.0,0.0695,0.0221,7375.45,1,27.7825,83.918,step
2026-08-31T19:07:28.358267+00:00,47.211,0.1876,0.15,0.0,0.0695,0.0215,7392.67,1,27.8714,83.94,step
2026-08-31T19:07:28.359692+00:00,47.322,0.187,0.15,0.0,0.0696,0.021,7409.84,1,27.9611,83.962,step
2026-08-31T19:07:28.361044+00:00,47.433,0.1861,0.15,0.0,0.0697,0.0202,7427.12,1,28.0516,83.984,step
2026-08-31T19:07:28.362395+00:00,47.543,0.1853,0.15,0.0,0.0699,0.0195,7444.33,1,28.1423,84.006,step
2026-08-31T19:07:28.363786+00:00,47.654,0.1844,0.15,0.0,0.0701,0.0187,7461.35,1,28.2328,84.028,step
2026-08-31T19:07:28.365390+00:00,47.764,0.1836,0.15,0.0,0.0703,0.018,7478.63,1,28.3235,84.05,step
2026-08-31T19:07:28.366796+00:00,47.875,0.1828,0.15,0.0,0.0705,0.0174,7494.61,1,28.4156,84.072,step
2026-08-31T19:07:28.368220+00:00,47.985,0.182,0.15,0.0,0.0708,0.0167,7511.2,1,28.5077,84.094,step
2026-08-31T19:07:28.369619+00:00,48.095,0.1812,0.15,0.0,0.0711,0.0161,7528.49,1,28.5997,84.116,step
2026-08-31T19:07:28.371063+00:00,48.205,0.1804,0.15,0.0,0.0714,0.0155,7546.43,1,28.6928,84.138,step
2026-08-31T19:07:28.372939+00:00,48.314,0.1796,0.15,0.0,0.0717,0.0149,7563.73,1,28.7867,84.16,step
2026-08-31T19:07:28.374379+00:00,48.423,0.1788,0.15,0.0,0.0721,0.0143,7581.02,1,28.8821,84.182,step
2026-08-31T19:07:28.375834+00:00,48.533,0.178,0.15,0.0,0.0725,0.0137,7598.18,1,28.9781,84.204,step
2026-08-31T19:07:28.377294+00:00,48.642,0.1772,0.15,0.0,0.0729,0.0132,7615.06,1,29.0739,84.226,step
2026-08-31T19:07:28.378700+00:00,48.752,0.1764,0.15,0.0,0.0733,0.0126,7632.12,1,29.1693,84.248,step
2026-08-31T19:07:28.380160+00:00,48.861,0.1755,0.15,0.0,0.0738,0.0119,7649.0,1,29.2643,84.27,step
2026-08-31T19:07:28.381877+00:00,48.97,0.1745,0.15,0.0,0.0743,0.0112,7665.87,1,29.3591,84.292,step
2026-08-31T19:07:28.383352+00:00,49.079,0.1736,0.15,0.0,0.0748,0.0106,7682.85,1,29.4548,84.314,step
2026-08-31T19:07:28.384769+00:00,49.188,0.1727,0.15,0.0,0.0753,0.01,7699.69,1,29.5514,84.336,step
2026-08-31T19:07:28.386222+00:00,49.297,0.1718,0.15,0.0,0.0759,0.0094,7715.06,1,29.6474,84.358,step
2026-08-31T19:07:28.387735+00:00,49.405,0.1709,0.15,0.0,0.0765,0.0088,7731.95,1,29.743,84.38,step
2026-08-31T19:07:28.389334+00:00,49.513,0.17,0.15,0.0,0.0771,0.0083,7749.38,1,29.8388,84.402,step
2026-08-31T19:07:28.390973+00:00,49.62,0.1692,0.15,0.0,0.0777,0.0077,7766.55,1,29.9358,84.424,step
2026-08-31T19:07:28.392432+00:00,49.728,0.1683,0.15,0.0,0.0784,0.0073,7783.58,1,30.033,84.446,step
2026-08-31T19:07:28.393920+00:00,49.836,0.1675,0.15,0.0,0.0791,0.0068,7800.26,1,30.1298,84.468,step
2026-08-31T19:07:28.395456+00:00,49.943,0.1667,0.15,0.0,0.0798,0.0063,7817.2,1,30.2272,84.49,step
2026-08-31T19:07:28.396881+00:00,50.051,0.1659,0.15,0.0,0.0805,0.0059,7833.92,2,30.3249,84.512,step
2026-08-31T19:07:28.398753+00:00,50.041,0.1646,0.15,0.0,0.0812,0.0051,5830.58,2,30.4384,84.534,step
2026-08-31T19:07:28.400210+00:00,49.99,0.163,0.15,0.0,0.082,0.0039,5846.91,1,30.581,84.556,step
2026-08-31T19:07:28.401660+00:00,49.989,0.1614,0.15,0.0,0.0828,0.0027,7891.34,1,30.7251,84.578,step
2026-08-31T19:07:28.403059+00:00,49.936,0.1598,0.15,0.0,0.0836,0.0015,7904.04,1,30.8687,84.6,step
2026-08-31T19:07:28.404538+00:00,49.897,0.1581,0.15,0.0,0.0845,0.0004,7763.0,1,31.0149,84.622,step
2026-08-31T19:07:28.406239+00:00,50.031,0.1569,0.15,0.0,0.0854,-0.0004,7831.24,2,31.1367,84.644,step
2026-08-31T19:07:28.407875+00:00,50.022,0.1557,0.15,0.0,0.0864,-0.001,5828.63,2,31.2487,84.666,step
2026-08-31T19:07:28.409360+00:00,49.971,0.1543,0.15,0.0,0.0874,-0.0019,5844.96,1,31.3848,84.688,step
2026-08-31T19:07:28.410855+00:00,49.968,0.1529,0.15,0.0,0.0885,-0.0028,7882.42,1,31.5199,84.71,step
2026-08-31T19:07:28.412313+00:00,49.915,0.1515,0.15,0.0,0.0895,-0.0036,7895.16,1,31.6553,84.732,step
2026-08-31T19:07:28.413867+00:00,49.876,0.1501,0.15,0.0,0.0906,-0.0045,7760.25,1,31.792,84.754,step
2026-08-31T19:07:28.415789+00:00,50.008,0.149,0.15,0.0,0.0917,-0.005,7827.88,2,31.9054,84.776,step
2026-08-31T19:07:28.417264+00:00,49.999,0.1478,0.15,0.0,0.0929,-0.0055,5826.2,1,32.0091,84.798,step
2026-08-31T19:07:28.418761+00:00,49.948,0.1464,0.15,0.0,0.0941,-0.0063,5842.54,1,32.1355,84.82,step
2026-08-31T19:07:28.420230+00:00,49.944,0.145,0.15,0.0,0.0953,-0.0071,7873.16,1,32.2604,84.842,step
2026-08-31T19:07:28.421843+00:00,49.891,0.1436,0.15,0.0,0.0965,-0.0078,7885.92,1,32.3854,84.864,step
2026-08-31T19:07:28.423400+00:00,49.852,0.1422,0.15,0.0,0.0978,-0.0086,7755.99,1,32.5127,84.886,step
2026-08-31T19:07:28.424941+00:00,49.983,0.1411,0.15,0.0,0.0991,-0.009,7821.91,1,32.616,84.908,step
2026-08-31T19:07:28.426480+00:00,50.091,0.1404,0.15,0.0,0.1004,-0.009,7837.82,2,32.6933,84.93,step
2026-08-31T19:07:28.427957+00:00,50.081,0.1396,0.15,0.0,0.1017,-0.0092,5833.54,2,32.7814,84.952,step
2026-08-31T19:07:28.429417+00:00,50.029,0.1384,0.15,0.0,0.1031,-0.0097,5849.87,2,32.8962,84.974,step
2026-08-31T19:07:28.431114+00:00,50.019,0.1372,0.15,0.0,0.1044,-0.0102,5783.17,2,33.0147,84.996,step
2026-08-31T19:07:28.432816+00:00,50.109,0.1363,0.15,0.0,0.1058,-0.0104,5813.76,2,33.1097,85.018,step
2026-08-31T19:07:28.434326+00:00,50.173,0.1357,0.15,0.0,0.1071,-0.0104,5820.77,2,33.1805,85.04,step
2026-08-31T19:07:28.435804+00:00,50.238,0.135,0.15,0.0,0.1085,-0.0104,5827.98,2,33.2478,85.062,step
2026-08-31T19:07:28.437349+00:00,50.302,0.1343,0.15,0.0,0.1099,-0.0103,5835.24,2,33.3136,85.084,step
2026-08-31T19:07:28.438895+00:00,50.366,0.1337,0.15,0.0,0.1112,-0.0103,5842.56,2,33.3776,85.106,step
2026-08-31T19:07:28.440554+00:00,50.43,0.1331,0.15,0.0,0.1126,-0.0102,5849.92,2,33.4406,85.128,step
2026-08-31T19:07:28.442071+00:00,50.495,0.1325,0.15,0.0,0.1139,-0.0101,5856.66,2,33.5028,85.15,step
2026-08-31T19:07:28.443529+00:00,50.558,0.132,0.15,0.0,0.1153,-0.01,5864.19,2,33.565,85.172,step
2026-08-31T19:07:28.444968+00:00,50.622,0.1315,0.15,0.0,0.1166,-0.0099,5871.91,2,33.6273,85.194,step
2026-08-31T19:07:28.446507+00:00,50.686,0.1309,0.15,0.0,0.118,-0.0097,5879.5,2,33.6893,85.216,step
2026-08-31T19:07:28.448439+00:00,50.75,0.1304,0.15,0.0,0.1193,-0.0095,5887.09,2,33.7516,85.238,step
2026-08-31T19:07:28.450005+00:00,50.814,0.13,0.15,0.0,0.1206,-0.0094,5894.59,2,33.8132,85.26,step
2026-08-31T19:07:28.451507+00:00,50.878,0.1295,0.15,0.0,0.1219,-0.0092,5901.89,2,33.8743,85.282,step
2026-08-31T19:07:28.452966+00:00,50.941,0.129,0.15,0.0,0.1232,-0.009,5909.29,2,33.9355,85.304,step
2026-08-31T19:07:28.454525+00:00,51.005,0.1285,0.15,0.0,0.1245,-0.0089,5916.6,2,33.9959,85.326,step
2026-08-31T19:07:28.456207+00:00,51.069,0.1279,0.15,0.0,0.1257,-0.0089,5923.99,2,34.0545,85.348,step
2026-08-31T19:07:28.457696+00:00,51.133,0.1274,0.15,0.0,0.127,-0.0087,5931.42,2,34.1129,85.37,step
2026-08-31T19:07:28.459172+00:00,51.196,0.1269,0.15,0.0,0.1282,-0.0086,5938.82,2,34.1706,85.392,step
2026-08-31T19:07:28.460648+00:00,51.26,0.1264,0.15,0.0,0.1295,-0.0085,5945.54,2,34.228,85.414,step
2026-08-31T19:07:28.462234+00:00,51.324,0.126,0.0,0.15,0.1307,-0.0083,5952.96,2,34.2845,85.436,step
2026-08-31T19:07:28.463842+00:00,50.902,0.1254,0.15,0.0,0.1319,-0.0083,5797.12,2,34.3558,85.458,step
2026-08-31T19:07:28.465669+00:00,50.876,0.1248,0.15,0.0,0.1331,-0.0084,5904.21,2,34.4326,85.48,step
2026-08-31T19:07:28.467224+00:00,50.94,0.1243,0.15,0.0,0.1343,-0.0083,5910.32,2,34.4966,85.502,step
2026-08-31T19:07:28.468691+00:00,51.004,0.1238,0.15,0.0,0.1355,-0.0081,5916.95,2,34.556,85.524,step
2026-08-31T19:07:28.470227+00:00,51.068,0.1235,0.15,0.0,0.1367,-0.0079,5923.72,2,34.613,85.546,step
2026-08-31T19:07:28.471809+00:00,51.131,0.123,0.15,0.0,0.1379,-0.0077,5930.71,2,34.6679,85.568,step
2026-08-31T19:07:28.473543+00:00,51.195,0.1226,0.15,0.0,0.1391,-0.0076,5937.94,2,34.7211,85.59,step
2026-08-31T19:07:28.475072+00:00,51.258,0.1221,0.15,0.0,0.1402,-0.0075,5945.35,2,34.7745,85.612,step
2026-08-31T19:07:28.476550+00:00,51.321,0.1217,0.0,0.15,0.1414,-0.0073,5952.88,2,34.8273,85.634,step
2026-08-31T19:07:28.478033+00:00,50.901,0.1211,0.15,0.0,0.1426,-0.0073,5797.49,2,34.8954,85.656,step
2026-08-31T19:07:28.479541+00:00,50.872,0.1205,0.15,0.0,0.1437,-0.0074,5903.01,2,34.9671,85.678,step
2026-08-31T19:07:28.481311+00:00,50.936,0.12,0.15,0.0,0.1448,-0.0073,5909.32,2,35.0269,85.7,step
2026-08-31T19:07:28.482908+00:00,50.999,0.1196,0.15,0.0,0.1459,-0.0071,5916.03,2,35.0825,85.722,step
2026-08-31T19:07:28.484445+00:00,51.062,0.1193,0.15,0.0,0.147,-0.0069,5922.88,2,35.1364,85.744,step
2026-08-31T19:07:28.485893+00:00,51.126,0.119,0.15,0.0,0.1481,-0.0067,5929.84,2,35.1878,85.766,step
2026-08-31T19:07:28.487318+00:00,51.188,0.1187,0.15,0.0,0.1492,-0.0064,5937.1,2,35.238,85.788,step
2026-08-31T19:07:28.488969+00:00,51.251,0.1184,0.15,0.0,0.1503,-0.0062,5944.42,2,35.288,85.81,step
2026-08-31T19:07:28.490613+00:00,51.314,0.1181,0.0,0.15,0.1514,-0.006,5951.95,2,35.3369,85.832,step
2026-08-31T19:07:28.492179+00:00,50.895,0.1175,0.15,0.0,0.1524,-0.0061,5795.85,2,35.4004,85.854,step
2026-08-31T19:07:28.493684+00:00,50.863,0.1169,0.15,0.0,0.1534,-0.0061,5902.57,2,35.47,85.876,step
2026-08-31T19:07:28.495126+00:00,50.927,0.1165,0.15,0.0,0.1545,-0.0061,5908.54,2,35.5277,85.898,step
2026-08-31T19:07:28.496710+00:00,50.991,0.1161,0.15,0.0,0.1555,-0.0059,5914.66,2,35.5797,85.92,step
2026-08-31T19:07:28.498407+00:00,51.054,0.1158,0.15,0.0,0.1566,-0.0057,5921.3,2,35.6289,85.942,step
2026-08-31T19:07:28.499938+00:00,51.116,0.1154,0.15,0.0,0.1576,-0.0055,5928.28,2,35.677,85.964,step
2026-08-31T19:07:28.501504+00:00,51.179,0.1152,0.15,0.0,0.1586,-0.0053,5935.55,2,35.7237,85.986,step
2026-08-31T19:07:28.503007+00:00,51.242,0.1149,0.15,0.0,0.1596,-0.0051,5942.99,2,35.77,86.008,step
2026-08-31T19:07:28.504528+00:00,51.304,0.1147,0.0,0.15,0.1606,-0.0048,5950.58,2,35.8169,86.03,step
2026-08-31T19:07:28.506358+00:00,50.883,0.1143,0.15,0.0,0.1615,-0.0048,5794.69,2,35.8793,86.052,step
2026-08-31T19:07:28.507823+00:00,50.852,0.1139,0.15,0.0,0.1624,-0.0047,5901.03,2,35.9459,86.074,step
2026-08-31T19:07:28.509356+00:00,50.915,0.1134,0.15,0.0,0.1634,-0.0047,5907.01,2,36.0004,86.096,step
2026-08-31T19:07:28.510883+00:00,50.978,0.1131,0.15,0.0,0.1643,-0.0046,5913.53,2,36.0507,86.118,step
2026-08-31T19:07:28.512455+00:00,51.041,0.1127,0.15,0.0,0.1653,-0.0044,5920.18,2,36.0986,86.14,step
2026-08-31T19:07:28.514076+00:00,51.104,0.1124,0.15,0.0,0.1662,-0.0043,5927.04,2,36.1453,86.162,step
2026-08-31T19:07:28.515703+00:00,51.166,0.1122,0.15,0.0,0.1672,-0.0041,5933.71,2,36.1898,86.184,step
2026-08-31T19:07:28.517285+00:00,51.229,0.1119,0.15,0.0,0.1681,-0.0039,5941.03,2,36.2331,86.206,step
2026-08-31T19:07:28.518837+00:00,51.291,0.1117,0.0,0.15,0.169,-0.0037,5948.5,2,36.2769,86.228,step
2026-08-31T19:07:28.520376+00:00,50.868,0.1113,0.15,0.0,0.1699,-0.0036,5793.01,2,36.3379,86.25,step
2026-08-31T19:07:28.522030+00:00,50.837,0.1109,0.15,0.0,0.1708,-0.0036,5899.22,2,36.4037,86.272,step
2026-08-31T19:07:28.523693+00:00,50.9,0.1106,0.15,0.0,0.1716,-0.0035,5905.07,2,36.4569,86.294,step
2026-08-31T19:07:28.525210+00:00,50.962,0.1103,0.15,0.0,0.1725,-0.0033,5911.52,2,36.5067,86.316,step
2026-08-31T19:07:28.526742+00:00,51.025,0.1101,0.15,0.0,0.1734,-0.0031,5918.14,2,36.5531,86.338,step
2026-08-31T19:07:28.528218+00:00,51.088,0.1098,0.15,0.0,0.1742,-0.003,5925.0,2,36.5974,86.36,step
2026-08-31T19:07:28.529784+00:00,51.15,0.1095,0.15,0.0,0.175,-0.0028,5932.2,2,36.6421,86.382,step
2026-08-31T19:07:28.531533+00:00,51.212,0.1092,0.15,0.0,0.1759,-0.0027,5939.45,2,36.6872,86.404,step
2026-08-31T19:07:28.533068+00:00,51.274,0.109,0.0,0.15,0.1767,-0.0025,5946.53,2,36.7308,86.426,step
2026-08-31T19:07:28.534543+00:00,50.852,0.1086,0.15,0.0,0.1775,-0.0025,5791.58,2,36.7895,86.448,step
2026-08-31T19:07:28.536002+00:00,50.819,0.1082,0.15,0.0,0.1783,-0.0025,5896.66,2,36.8574,86.47,step
2026-08-31T19:07:28.537572+00:00,50.882,0.1079,0.15,0.0,0.1791,-0.0024,5902.59,2,36.9162,86.492,step
2026-08-31T19:07:28.539340+00:00,50.944,0.1077,0.15,0.0,0.1799,-0.0023,5909.33,2,36.9759,86.514,step
2026-08-31T19:07:28.540831+00:00,51.006,0.1075,0.15,0.0,0.1807,-0.0021,5915.92,2,37.0384,86.536,step
2026-08-31T19:07:28.542309+00:00,51.069,0.1073,0.15,0.0,0.1815,-0.0019,5922.73,2,37.1016,86.558,step
2026-08-31T19:07:28.543741+00:00,51.131,0.1072,0.15,0.0,0.1823,-0.0016,5929.71,2,37.1669,86.58,step
2026-08-31T19:07:28.545181+00:00,51.193,0.1069,0.15,0.0,0.183,-0.0015,5937.08,2,37.2374,86.602,step
2026-08-31T19:07:28.546719+00:00,51.255,0.1067,0.15,0.0,0.1838,-0.0014,5944.48,2,37.3128,86.624,step
2026-08-31T19:07:28.548394+00:00,51.316,0.1065,0.0,0.15,0.1845,-0.0012,5951.71,2,37.3934,86.646,step
2026-08-31T19:07:28.549889+00:00,50.895,0.1061,0.15,0.0,0.1853,-0.0012,5795.9,2,37.4939,86.668,step
2026-08-31T19:07:28.551373+00:00,50.861,0.1057,0.15,0.0,0.186,-0.0013,5901.07,2,37.6041,86.69,step
2026-08-31T19:07:28.552794+00:00,50.923,0.1054,0.15,0.0,0.1867,-0.0012,5907.27,2,37.707,86.712,step
2026-08-31T19:07:28.554208+00:00,50.985,0.1052,0.15,0.0,0.1874,-0.0011,5913.75,2,37.81,86.734,step
2026-08-31T19:07:28.555902+00:00,51.047,0.105,0.15,0.0,0.1881,-0.0009,5920.34,2,37.9152,86.756,step
2026-08-31T19:07:28.557586+00:00,51.109,0.1048,0.15,0.0,0.1888,-0.0008,5927.12,2,38.0247,86.778,step
2026-08-31T19:07:28.559051+00:00,51.171,0.1046,0.15,0.0,0.1895,-0.0006,5934.31,2,38.1402,86.8,step
2026-08-31T19:07:28.560536+00:00,51.233,0.1045,0.15,0.0,0.1902,-0.0004,5941.51,2,38.2614,86.822,step
2026-08-31T19:07:28.561990+00:00,51.294,0.1044,0.0,0.15,0.1909,-0.0002,5948.86,2,38.3862,86.844,step
2026-08-31T19:07:28.563557+00:00,50.872,0.104,0.15,0.0,0.1915,-0.0002,5793.33,2,38.5355,86.866,step
2026-08-31T19:07:28.565396+00:00,50.837,0.1036,0.15,0.0,0.1922,-0.0003,5898.84,2,38.6976,86.888,step
2026-08-31T19:07:28.566830+00:00,50.9,0.1033,0.15,0.0,0.1929,-0.0003,5904.61,2,38.8537,86.91,step
2026-08-31T19:07:28.568318+00:00,50.962,0.103,0.15,0.0,0.1935,-0.0002,5911.01,2,39.0097,86.932,step
2026-08-31T19:07:28.569817+00:00,51.024,0.1028,0.15,0.0,0.1941,-0.0001,5917.39,2,39.1694,86.954,step
2026-08-31T19:07:28.571334+00:00,51.086,0.1026,0.15,0.0,0.1948,0.0001,5924.21,2,39.3356,86.976,step
2026-08-31T19:07:28.573107+00:00,51.147,0.1025,0.15,0.0,0.1955,0.0002,5931.19,2,39.5081,86.998,step
2026-08-31T19:07:28.574604+00:00,51.209,0.1023,0.15,0.0,0.1961,0.0004,5938.42,2,39.6862,87.02,step
2026-08-31T19:07:28.576074+00:00,51.27,0.1022,0.0,0.15,0.1967,0.0005,5945.98,2,39.8727,87.042,step
2026-08-31T19:07:28.577578+00:00,50.848,0.1019,0.15,0.0,0.1973,0.0006,5790.67,2,40.0885,87.064,step
2026-08-31T19:07:28.579140+00:00,50.812,0.1016,0.15,0.0,0.1979,0.0005,5895.69,2,40.3208,87.086,step
2026-08-31T19:07:28.580634+00:00,50.874,0.1014,0.15,0.0,0.1985,0.0006,5901.48,2,40.5461,87.108,step
2026-08-31T19:07:28.582397+00:00,50.937,0.1011,0.15,0.0,0.1991,0.0006,5908.0,2,40.7741,87.13,step
2026-08-31T19:07:28.583799+00:00,50.998,0.1009,0.15,0.0,0.1997,0.0007,5914.54,2,41.0076,87.152,step
2026-08-31T19:07:28.585258+00:00,51.06,0.1007,0.15,0.0,0.2003,0.0008,5921.24,2,41.2487,87.174,step
2026-08-31T19:07:28.586670+00:00,51.122,0.1005,0.15,0.0,0.2009,0.0009,5928.28,2,41.5009,87.196,step
2026-08-31T19:07:28.588090+00:00,51.183,0.1003,0.15,0.0,0.2015,0.001,5935.36,2,41.7604,87.218,step
2026-08-31T19:07:28.589706+00:00,51.245,0.1002,0.15,0.0,0.2021,0.0012,5942.7,2,42.0293,87.24,step
2026-08-31T19:07:28.591182+00:00,51.306,0.1,0.0,0.15,0.2026,0.0013,5950.12,2,42.3122,87.262,step
2026-08-31T19:07:28.592678+00:00,50.883,0.0998,0.15,0.0,0.2032,0.0013,5794.54,2,42.633,87.284,step
2026-08-31T19:07:28.594095+00:00,50.847,0.0994,0.15,0.0,0.2037,0.0012,5899.62,2,42.9755,87.306,step
2026-08-31T19:07:28.595533+00:00,50.91,0.0992,0.15,0.0,0.2043,0.0013,5905.38,2,43.3083,87.328,step
2026-08-31T19:07:28.597096+00:00,50.971,0.0991,0.15,0.0,0.2048,0.0014,5911.88,2,43.6483,87.35,step
2026-08-31T19:07:28.598835+00:00,51.033,0.0989,0.15,0.0,0.2054,0.0015,5918.34,2,43.9989,87.372,step
2026-08-31T19:07:28.600295+00:00,51.095,0.0987,0.15,0.0,0.2059,0.0016,5925.18,2,44.363,87.394,step
2026-08-31T19:07:28.601754+00:00,51.156,0.0985,0.15,0.0,0.2065,0.0016,5932.12,2,44.7416,87.416,step
2026-08-31T19:07:28.603152+00:00,51.218,-0.1017,0.8,0.0,0.207,0.0017,5939.28,2,45.1321,87.438,step
2026-08-31T19:07:28.604629+00:00,51.697,-0.0995,0.8,0.0,0.2073,0.004,6350.4,2,45.0609,87.46,step
2026-08-31T19:07:28.606350+00:00,52.357,0.1068,0.0,0.15,0.2069,0.0099,6451.6,2,44.2164,87.482,step
2026-08-31T19:07:28.607889+00:00,52.135,0.1119,0.0,0.15,0.2063,0.0145,5944.41,2,43.6492,87.504,step
2026-08-31T19:07:28.609397+00:00,51.561,0.1132,0.0,0.15,0.2059,0.0156,5872.82,2,43.8243,87.526,step
2026-08-31T19:07:28.610798+00:00,51.003,0.1131,0.15,0.0,0.2055,0.0152,5804.02,2,44.2964,87.548,step
2026-08-31T19:07:28.612239+00:00,50.965,0.1125,0.15,0.0,0.2053,0.0146,5916.8,2,44.8607,87.57,step
2026-08-31T19:07:28.613770+00:00,51.026,-0.088,0.8,0.0,0.2052,0.0141,5920.98,2,45.4345,87.592,step
2026-08-31T19:07:28.615679+00:00,51.495,-0.086,0.8,0.0,0.2049,0.0159,6350.14,2,45.4913,87.614,step
2026-08-31T19:07:28.617119+00:00,52.161,0.1201,0.0,0.15,0.204,0.0213,6443.39,2,44.6953,87.636,step
2026-08-31T19:07:28.618567+00:00,51.949,0.125,0.0,0.15,0.2028,0.0254,5923.8,2,44.1976,87.658,step
2026-08-31T19:07:28.619963+00:00,51.374,0.1261,0.0,0.15,0.2019,0.026,5852.95,2,44.4899,87.68,step
2026-08-31T19:07:28.621400+00:00,50.814,-0.0743,0.8,0.0,0.2011,0.0252,5783.5,2,45.1123,87.702,step
2026-08-31T19:07:28.623046+00:00,51.159,-0.0727,0.8,0.0,0.2002,0.0264,6366.58,2,45.2959,87.724,step
2026-08-31T19:07:28.624550+00:00,51.826,0.1333,0.0,0.15,0.1987,0.0314,6465.54,2,44.5739,87.746,step
2026-08-31T19:07:28.626060+00:00,51.643,0.138,0.0,0.15,0.197,0.0351,5887.75,2,44.1626,87.768,step
2026-08-31T19:07:28.627541+00:00,51.068,0.1388,0.15,0.0,0.1956,0.0352,5816.9,2,44.5856,87.79,step
2026-08-31T19:07:28.629057+00:00,51.016,-0.0618,0.8,0.0,0.1944,0.0341,5921.1,2,45.336,87.812,step
2026-08-31T19:07:28.630524+00:00,51.487,-0.0602,0.8,0.0,0.1931,0.035,6350.31,2,45.6201,87.834,step
2026-08-31T19:07:28.632223+00:00,52.154,-0.0546,0.8,0.0,0.1913,0.0395,6449.93,2,45.012,87.856,step
2026-08-31T19:07:28.633638+00:00,52.863,0.1521,0.0,0.15,0.189,0.0448,6498.07,2,44.187,87.878,step
2026-08-31T19:07:28.635032+00:00,52.641,0.1567,0.0,0.15,0.1866,0.0481,6002.93,2,43.8561,87.9,step
2026-08-31T19:07:28.636439+00:00,52.055,0.1576,0.0,0.15,0.1845,0.0479,5929.18,2,44.3676,87.922,step
2026-08-31T19:07:28.637888+00:00,51.485,-0.0434,0.8,0.0,0.1827,0.0461,5857.76,2,45.3156,87.944,step
2026-08-31T19:07:28.639379+00:00,51.829,-0.0425,0.8,0.0,0.1808,0.0461,6482.86,2,45.845,87.966,step
2026-08-31T19:07:28.640846+00:00,52.509,-0.0374,0.8,0.0,0.1784,0.0499,6592.29,2,45.3753,87.988,step
2026-08-31T19:07:28.642271+00:00,53.246,0.169,0.0,0.15,0.1756,0.0547,6623.06,2,44.6627,88.01,step
2026-08-31T19:07:28.643774+00:00,53.065,0.1733,0.0,0.15,0.1727,0.0574,6051.29,2,44.4721,88.032,step
2026-08-31T19:07:28.645169+00:00,52.477,-0.0262,0.8,0.0,0.1702,0.0567,5977.48,2,45.1877,88.054,step
2026-08-31T19:07:28.646636+00:00,52.831,-0.0249,0.8,0.0,0.1676,0.0567,6564.28,2,45.7445,88.076,step
2026-08-31T19:07:28.648332+00:00,53.524,-0.0201,0.8,0.0,0.1647,0.0599,6671.79,2,45.4338,88.098,step
2026-08-31T19:07:28.649757+00:00,54.257,0.1858,0.0,0.15,0.1614,0.064,6731.0,2,44.9038,88.12,step
2026-08-31T19:07:28.651146+00:00,54.069,0.1897,0.0,0.15,0.158,0.0661,6164.14,2,44.8847,88.142,step
2026-08-31T19:07:28.652543+00:00,53.474,-0.0102,0.8,0.0,0.1549,0.0647,6088.34,2,45.8158,88.164,step
2026-08-31T19:07:28.653989+00:00,53.822,-0.0095,0.8,0.0,0.152,0.064,6723.75,2,46.6218,88.186,step
2026-08-31T19:07:28.655465+00:00,54.528,-0.0052,0.8,0.0,0.1486,0.0666,6849.3,2,46.501,88.208,step
2026-08-31T19:07:28.657382+00:00,55.282,0.0002,0.8,0.0,0.145,0.07,6910.81,2,46.1358,88.23,step
2026-08-31T19:07:28.658845+00:00,56.059,0.0058,0.8,0.0,0.141,0.0734,6941.53,2,45.7615,88.252,step
2026-08-31T19:07:28.660212+00:00,56.832,0.0113,0.8,0.0,0.1369,0.0767,6986.77,2,45.443,88.274,step
2026-08-31T19:07:28.661562+00:00,57.592,0.0167,0.8,0.0,0.1324,0.0798,7066.4,2,45.1884,88.296,step
2026-08-31T19:07:28.662958+00:00,58.349,0.222,0.0,0.15,0.1278,0.0827,7172.66,2,44.9978,88.318,step
2026-08-31T19:07:28.664634+00:00,58.146,0.0255,0.8,0.0,0.1232,0.0838,6623.41,2,45.338,88.34,step
2026-08-31T19:07:28.665980+00:00,58.471,0.0273,0.8,0.0,0.1187,0.0834,7319.38,2,46.1367,88.362,step
2026-08-31T19:07:28.667336+00:00,59.212,0.0311,0.8,0.0,0.1139,0.0848,7523.57,2,46.4047,88.384,step
2026-08-31T19:07:28.668711+00:00,60.013,0.0355,0.8,0.0,0.1089,0.0866,7656.97,2,46.5409,88.406,step
2026-08-31T19:07:28.670039+00:00,60.847,0.0401,0.8,0.0,0.1037,0.0885,7756.06,2,46.6987,88.428,step
2026-08-31T19:07:28.671452+00:00,61.703,0.0445,0.8,0.0,0.0984,0.0902,7835.88,2,46.9178,88.45,step
2026-08-31T19:07:28.672963+00:00,62.568,0.0489,0.8,0.0,0.0928,0.0918,7914.64,2,47.2139,88.472,step
2026-08-31T19:07:28.674396+00:00,63.435,0.0532,0.8,0.0,0.0871,0.0931,8009.66,2,47.5941,88.494,step
2026-08-31T19:07:28.675764+00:00,64.299,0.0574,0.8,0.0,0.0812,0.0943,8130.95,2,48.0634,88.516,step
2026-08-31T19:07:28.677166+00:00,65.162,0.0615,0.8,0.0,0.0751,0.0953,8281.88,2,48.6397,88.538,step
2026-08-31T19:07:28.678553+00:00,66.029,0.0654,0.8,0.0,0.0689,0.0961,8460.74,2,49.3546,88.56,step
2026-08-31T19:07:28.679953+00:00,66.909,0.069,0.8,0.0,0.0626,0.0965,8657.67,2,50.2324,88.582,step
2026-08-31T19:07:28.681444+00:00,67.805,0.0723,0.8,0.0,0.0561,0.0966,8871.33,2,51.3038,88.604,step
2026-08-31T19:07:28.682779+00:00,68.718,0.0754,0.8,0.0,0.0495,0.0964,9102.98,2,52.6057,88.626,step
2026-08-31T19:07:28.684123+00:00,69.645,0.0782,0.8,0.0,0.0428,0.0958,9359.15,2,54.1847,88.648,step
2026-08-31T19:07:28.685449+00:00,70.587,0.0806,0.8,0.0,0.0359,0.0949,9630.46,2,56.115,88.67,step
2026-08-31T19:07:28.686761+00:00,71.542,0.0827,0.8,0.0,0.029,0.0935,9873.18,2,58.4948,88.692,step
2026-08-31T19:07:28.688185+00:00,72.507,0.0843,0.8,0.0,0.0219,0.0917,10091.3,2,61.4472,88.714,step
2026-08-31T19:07:28.689702+00:00,73.48,0.0855,0.8,0.0,0.0148,0.0894,10291.4,2,65.1054,88.736,step
2026-08-31T19:07:28.691062+00:00,74.455,0.0864,0.8,0.0,0.0076,0.0868,10479.5,2,69.6811,88.758,step
2026-08-31T19:07:28.692326+00:00,75.43,0.0825,0.8,0.0,0.0005,0.0796,10661.8,2,75.4807,88.78,step
2026-08-31T19:07:28.693626+00:00,76.403,0.078,0.8,0.0,-0.0063,0.072,10842.2,2,82.8836,88.802,step
2026-08-31T19:07:28.694910+00:00,77.373,0.073,0.15,0.0,-0.0128,0.0641,11020.7,2,92.4707,88.824,step
2026-08-31T19:07:28.696174+00:00,78.264,0.068,0.15,0.0,-0.0189,0.0563,9385.15,2,104.535,88.846,step
2026-08-31T19:07:28.697883+00:00,78.453,0.0652,0.15,0.0,-0.0243,0.051,9090.44,2,114.761,88.868,step
2026-08-31T19:07:28.699142+00:00,78.471,0.0638,0.8,0.0,-0.029,0.0474,9094.01,2,122.902,88.89,step
2026-08-31T19:07:28.700481+00:00,78.998,0.0621,0.8,0.0,-0.0332,0.0438,10108.1,2,132.533,88.912,step
2026-08-31T19:07:28.701843+00:00,79.817,0.0593,0.8,0.0,-0.0369,0.0393,10567.3,2,147.027,88.934,step
2026-08-31T19:07:28.703217+00:00,80.712,0.0559,0.8,0.0,-0.0404,0.0343,10889.2,3,167.684,88.956,step
2026-08-31T19:07:28.704584+00:00,81.475,0.0524,0.8,0.0,-0.0436,0.0294,8617.68,3,195.026,88.978,step
2026-08-31T19:07:28.706083+00:00,81.417,0.0501,0.8,0.0,-0.0463,0.0259,8627.78,3,200.0,89.0,step
2026-08-31T19:07:28.707492+00:00,81.351,0.0482,0.8,0.0,-0.0486,0.023,7446.53,3,200.0,89.022,step
2026-08-31T19:07:28.708865+00:00,81.757,0.0461,0.8,0.0,-0.0505,0.0201,7875.77,3,200.0,89.044,step
2026-08-31T19:07:28.710178+00:00,82.391,0.0437,0.8,0.0,-0.0521,0.017,7954.79,3,200.0,89.066,step
2026-08-31T19:07:28.711468+00:00,83.053,0.0413,0.8,0.0,-0.0534,0.014,8002.74,3,200.0,89.088,step
2026-08-31T19:07:28.712850+00:00,83.721,0.0389,0.8,0.0,-0.0545,0.0112,8047.47,3,200.0,89.11,step
2026-08-31T19:07:28.714270+00:00,84.388,0.0367,0.8,0.0,-0.0554,0.0086,8100.12,3,200.0,89.132,step
2026-08-31T19:07:28.715591+00:00,85.052,0.0345,0.8,0.0,-0.0561,0.0063,8162.69,3,200.0,89.154,step
2026-08-31T19:07:28.716888+00:00,85.752,0.0325,0.8,0.0,-0.0565,0.0041,8177.48,3,200.0,89.176,step
2026-08-31T19:07:28.718214+00:00,86.419,0.0306,0.8,0.0,-0.0568,0.0021,8243.31,3,200.0,89.198,step
2026-08-31T19:07:28.719513+00:00,87.075,0.0287,0.8,0.0,-0.0569,0.0003,8335.97,3,200.0,89.22,step
2026-08-31T19:07:28.720852+00:00,87.734,0.0267,0.8,0.0,-0.0567,-0.0016,8436.96,3,200.0,89.242,step
2026-08-31T19:07:28.722256+00:00,88.409,0.0247,0.8,0.0,-0.0565,-0.0034,8529.45,3,200.0,89.264,step
2026-08-31T19:07:28.723732+00:00,89.1,0.0227,0.8,0.0,-0.0561,-0.0052,8611.52,3,200.0,89.286,step
2026-08-31T19:07:28.725023+00:00,89.804,0.0206,0.8,0.0,-0.0555,-0.0069,8684.29,3,200.0,89.308,step
2026-08-31T19:07:28.726317+00:00,90.517,0.0186,0.8,0.0,-0.0548,-0.0085,8753.52,3,200.0,89.33,step
2026-08-31T19:07:28.727591+00:00,91.234,0.0167,0.8,0.0,-0.054,-0.0099,8822.9,3,200.0,89.352,step
2026-08-31T19:07:28.728907+00:00,91.959,0.0148,0.8,0.0,-0.053,-0.0113,8890.89,3,200.0,89.374,step
2026-08-31T19:07:28.730355+00:00,92.69,0.0129,0.15,0.0,-0.0519,-0.0126,8958.56,3,200.0,89.396,step
2026-08-31T19:07:28.731837+00:00,92.965,0.0112,0.15,0.0,-0.0507,-0.0136,8523.56,3,200.0,89.418,step
2026-08-31T19:07:28.733175+00:00,92.952,0.0098,0.15,0.0,-0.0494,-0.0144,8525.02,3,200.0,89.44,step
2026-08-31T19:07:28.734468+00:00,92.942,0.0084,0.15,0.0,-0.048,-0.0151,8524.0,3,200.0,89.462,step
2026-08-31T19:07:28.735752+00:00,92.931,0.007,0.15,0.0,-0.0465,-0.0156,8522.88,3,200.0,89.484,step
2026-08-31T19:07:28.737029+00:00,92.92,0.0057,0.15,0.0,-0.0449,-0.0161,8522.93,3,200.0,89.506,step
2026-08-31T19:07:28.738402+00:00,92.91,0.0045,0.15,0.0,-0.0433,-0.0165,8522.45,3,200.0,89.528,step
2026-08-31T19:07:28.740133+00:00,92.9,0.0033,0.15,0.0,-0.0417,-0.0169,8521.58,3,200.0,89.55,step
2026-08-31T19:07:28.741473+00:00,92.889,0.0022,0.15,0.0,-0.04,-0.0171,8520.59,3,200.0,89.572,step
2026-08-31T19:07:28.742776+00:00,92.879,0.0012,0.15,0.0,-0.0383,-0.0173,8519.6,3,200.0,89.594,step
2026-08-31T19:07:28.744094+00:00,92.87,0.0002,0.15,0.0,-0.0365,-0.0174,8518.52,3,200.0,89.616,step
2026-08-31T19:07:28.745407+00:00,92.86,-0.0008,0.15,0.0,-0.0348,-0.0175,8517.5,3,200.0,89.638,step
2026-08-31T19:07:28.746797+00:00,92.85,-0.0017,0.15,0.0,-0.033,-0.0175,8516.58,3,200.0,89.66,step
2026-08-31T19:07:28.748336+00:00,92.84,-0.0024,0.15,0.0,-0.0313,-0.0174,8515.72,3,200.0,89.682,step
2026-08-31T19:07:28.749683+00:00,92.831,-0.0032,0.15,0.0,-0.0296,-0.0173,8514.82,3,200.0,89.704,step
2026-08-31T19:07:28.751011+00:00,92.821,-0.0039,0.15,0.0,-0.0279,-0.0172,8513.9,3,200.0,89.726,step
2026-08-31T19:07:28.752337+00:00,92.811,-0.0045,0.15,0.0,-0.0263,-0.017,8512.98,3,200.0,89.748,step
2026-08-31T19:07:28.753758+00:00,92.801,-0.0051,0.15,0.0,-0.0246,-0.0168,8513.2,3,200.0,89.77,step
2026-08-31T19:07:28.755088+00:00,92.792,-0.0057,0.15,0.0,-0.0229,-0.0165,8511.84,3,200.0,89.792,step
2026-08-31T19:07:28.756628+00:00,92.783,-0.0062,0.15,0.0,-0.0213,-0.0162,8510.68,3,200.0,89.814,step
2026-08-31T19:07:28.758002+00:00,92.774,-0.0066,0.15,0.0,-0.0197,-0.0158,8509.6,3,200.0,89.836,step
2026-08-31T19:07:28.759339+00:00,92.764,-0.007,0.15,0.0,-0.0182,-0.0155,8508.45,3,200.0,89.858,step
2026-08-31T19:07:28.760598+00:00,92.755,-0.0073,0.15,0.0,-0.0166,-0.0151,8507.49,3,200.0,89.88,step
2026-08-31T19:07:28.761890+00:00,92.745,-0.0076,0.15,0.0,-0.0152,-0.0147,8506.64,3,200.0,89.902,step
2026-08-31T19:07:28.763212+00:00,92.735,-0.0079,0.15,0.0,-0.0137,-0.0142,8505.86,3,200.0,89.924,step
2026-08-31T19:07:28.764864+00:00,92.726,-0.0082,0.15,0.0,-0.0123,-0.0138,8505.17,3,200.0,89.946,step
2026-08-31T19:07:28.766284+00:00,92.717,-0.0083,0.15,0.0,-0.011,-0.0133,8504.39,3,200.0,89.968,step
2026-08-31T19:07:28.767696+00:00,92.708,-0.0085,0.15,0.0,-0.0097,-0.0129,8503.7,3,200.0,89.99,step
2026-08-31T19:07:28.769030+00:00,92.699,-0.0086,0.15,0.0,-0.0084,-0.0124,8502.91,3,200.0,90.012,step
2026-08-31T19:07:28.770419+00:00,92.69,-0.0087,0.15,0.0,-0.0072,-0.0119,8502.09,3,200.0,90.034,step
2026-08-31T19:07:28.771930+00:00,92.681,-0.0087,0.15,0.0,-0.0061,-0.0113,8503.24,3,200.0,90.056,step
2026-08-31T19:07:28.773435+00:00,92.673,-0.0087,0.15,0.0,-0.0049,-0.0108,8501.56,3,200.0,90.078,step
2026-08-31T19:07:28.774792+00:00,92.665,-0.0087,0.15,0.0,-0.0039,-0.0102,8500.23,3,200.0,90.1,step
2026-08-31T19:07:28.776110+00:00,92.656,-0.0087,0.15,0.0,-0.0028,-0.0097,8499.03,3,200.0,90.122,step
2026-08-31T19:07:28.777402+00:00,92.648,-0.0086,0.15,0.0,-0.0019,-0.0092,8497.83,3,200.0,90.144,step
2026-08-31T19:07:28.778716+00:00,92.639,-0.0085,0.15,0.0,-0.001,-0.0086,8496.86,3,200.0,90.166,step
2026-08-31T19:07:28.780135+00:00,92.631,-0.0084,0.15,0.0,-0.0001,-0.0081,8496.05,3,200.0,90.188,step
2026-08-31T19:07:28.781891+00:00,92.622,-0.0083,0.15,0.0,0.0007,-0.0076,8495.32,3,200.0,90.21,step
2026-08-31T19:07:28.783204+00:00,92.613,-0.0082,0.15,0.0,0.0015,-0.0072,8494.67,3,200.0,90.232,step
2026-08-31T19:07:28.784532+00:00,92.604,-0.0081,0.15,0.0,0.0022,-0.0067,8494.04,3,200.0,90.254,step
2026-08-31T19:07:28.785867+00:00,92.596,-0.0079,0.15,0.0,0.0029,-0.0062,8493.32,3,200.0,90.276,step
2026-08-31T19:07:28.787136+00:00,92.587,-0.0078,0.15,0.0,0.0035,-0.0058,8492.54,3,200.0,90.298,step
2026-08-31T19:07:28.788516+00:00,92.578,-0.0076,0.15,0.0,0.0041,-0.0053,8491.67,3,200.0,90.32,step
2026-08-31T19:07:28.790135+00:00,92.57,-0.0074,0.15,0.0,0.0047,-0.0048,8490.93,3,200.0,90.342,step
2026-08-31T19:07:28.791523+00:00,92.561,-0.0072,0.15,0.0,0.0052,-0.0044,8490.12,3,200.0,90.364,step
2026-08-31T19:07:28.792844+00:00,92.553,-0.007,0.15,0.0,0.0057,-0.004,8489.34,3,200.0,90.386,step
2026-08-31T19:07:28.794118+00:00,92.544,-0.0068,0.15,0.0,0.0061,-0.0036,8488.49,3,200.0,90.408,step
2026-08-31T19:07:28.795490+00:00,92.535,-0.0065,0.15,0.0,0.0064,-0.0032,8487.69,3,200.0,90.43,step
2026-08-31T19:07:28.796814+00:00,92.527,-0.0062,0.15,0.0,0.0068,-0.0027,8486.92,3,200.0,90.452,step
2026-08-31T19:07:28.798485+00:00,92.518,-0.006,0.15,0.0,0.0071,-0.0024,8486.19,3,200.0,90.474,step
2026-08-31T19:07:28.799888+00:00,92.51,-0.0058,0.15,0.0,0.0074,-0.002,8485.44,3,200.0,90.496,step
2026-08-31T19:07:28.801213+00:00,92.501,-0.0055,0.15,0.0,0.0077,-0.0016,8484.64,3,200.0,90.518,step
2026-08-31T19:07:28.802547+00:00,92.493,-0.0053,0.15,0.0,0.0079,-0.0013,8483.81,3,200.0,90.54,step
2026-08-31T19:07:28.803861+00:00,92.484,-0.005,0.15,0.0,0.008,-0.001,8483.03,3,200.0,90.562,step
2026-08-31T19:07:28.805210+00:00,92.476,-0.0047,0.15,0.0,0.0081,-0.0006,8482.3,3,200.0,90.584,step
2026-08-31T19:07:28.806770+00:00,92.467,-0.0045,0.15,0.0,0.0082,-0.0004,8481.52,3,200.0,90.606,step
2026-08-31T19:07:28.808164+00:00,92.459,-0.0043,0.15,0.0,0.0083,-0.0001,8480.76,3,200.0,90.628,step
2026-08-31T19:07:28.809507+00:00,92.45,-0.0041,0.15,0.0,0.0085,0.0002,8479.99,3,200.0,90.65,step
2026-08-31T19:07:28.810804+00:00,92.442,-0.0039,0.8,0.0,0.0085,0.0004,8479.26,3,200.0,90.672,step
2026-08-31T19:07:28.812072+00:00,92.883,-0.0036,0.15,0.0,0.0085,0.0006,8970.98,3,200.0,90.694,step
2026-08-31T19:07:28.813457+00:00,93.154,-0.0034,0.15,0.0,0.0086,0.0008,8542.66,3,200.0,90.716,step
2026-08-31T19:07:28.815059+00:00,93.143,-0.0032,0.15,0.0,0.0086,0.001,8541.3,3,200.0,90.738,step
2026-08-31T19:07:28.816436+00:00,93.133,-0.003,0.15,0.0,0.0086,0.0012,8541.47,3,200.0,90.76,step
2026-08-31T19:07:28.817811+00:00,93.123,-0.0028,0.15,0.0,0.0085,0.0014,8541.4,3,200.0,90.782,step
2026-08-31T19:07:28.819175+00:00,93.113,-0.0026,0.15,0.0,0.0084,0.0015,8540.84,3,200.0,90.804,step
2026-08-31T19:07:28.820481+00:00,93.103,-0.0024,0.15,0.0,0.0084,0.0017,8540.01,3,200.0,90.826,step
2026-08-31T19:07:28.821917+00:00,93.094,-0.0023,0.15,0.0,0.0083,0.0018,8539.07,3,200.0,90.848,step
2026-08-31T19:07:28.823491+00:00,93.084,-0.0021,0.15,0.0,0.0082,0.0019,8538.06,3,200.0,90.87,step
2026-08-31T19:07:28.824836+00:00,93.074,-0.002,0.15,0.0,0.0082,0.0021,8537.11,3,200.0,90.892,step
2026-08-31T19:07:28.826200+00:00,93.065,-0.0018,0.15,0.0,0.0081,0.0022,8536.15,3,200.0,90.914,step
2026-08-31T19:07:28.827567+00:00,93.055,-0.0016,0.15,0.0,0.0079,0.0023,8535.23,3,200.0,90.936,step
2026-08-31T19:07:28.828966+00:00,93.046,-0.0014,0.15,0.0,0.0078,0.0024,8534.29,3,200.0,90.958,step
2026-08-31T19:07:28.830295+00:00,93.036,-0.0012,0.15,0.0,0.0076,0.0025,8533.43,3,200.0,90.98,step
2026-08-31T19:07:28.831910+00:00,93.026,-0.0011,0.15,0.0,0.0075,0.0026,8532.58,3,200.0,91.002,step
2026-08-31T19:07:28.833266+00:00,93.017,-0.001,0.15,0.0,0.0074,0.0026,8531.75,3,200.0,91.024,step
2026-08-31T19:07:28.834661+00:00,93.007,-0.0008,0.15,0.0,0.0072,0.0027,8530.87,3,200.0,91.046,step
2026-08-31T19:07:28.836035+00:00,92.998,-0.0007,0.15,0.0,0.0071,0.0027,8530.0,3,200.0,91.068,step
2026-08-31T19:07:28.837378+00:00,92.989,-0.0006,0.15,0.0,0.0069,0.0028,8529.12,3,200.0,91.09,step
2026-08-31T19:07:28.838741+00:00,92.979,-0.0004,0.15,0.0,0.0067,0.0028,8528.31,3,200.0,91.112,step
2026-08-31T19:07:28.840661+00:00,92.969,-0.0003,0.15,0.0,0.0065,0.0029,8527.42,3,200.0,91.134,step
2026-08-31T19:07:28.842040+00:00,92.96,-0.0002,0.15,0.0,0.0063,0.0029,8526.58,3,200.0,91.156,step
2026-08-31T19:07:28.843392+00:00,92.951,-0.0001,0.15,0.0,0.0061,0.0029,8525.73,3,200.0,91.178,step
2026-08-31T19:07:28.844762+00:00,92.941,0.0,0.15,0.0,0.0059,0.0029,8524.85,3,200.0,91.2,step
2026-08-31T19:07:28.846151+00:00,92.932,0.0001,0.15,0.0,0.0056,0.0029,8523.97,3,200.0,91.222,step
2026-08-31T19:07:28.847666+00:00,92.923,0.0003,0.15,0.0,0.0054,0.0029,8523.13,3,200.0,91.244,step
2026-08-31T19:07:28.849157+00:00,92.913,0.0004,0.15,0.0,0.0052,0.0029,8522.29,3,200.0,91.266,step
2026-08-31T19:07:28.850493+00:00,92.904,0.0005,0.15,0.0,0.005,0.0029,8521.43,3,200.0,91.288,step
2026-08-31T19:07:28.851778+00:00,92.895,0.0006,0.15,0.0,0.0048,0.0029,8520.58,3,200.0,91.31,step
2026-08-31T19:07:28.853039+00:00,92.885,0.0007,0.15,0.0,0.0045,0.0028,8519.75,3,200.0,91.332,step
2026-08-31T19:07:28.854350+00:00,92.876,0.0007,0.15,0.0,0.0043,0.0028,8518.91,3,200.0,91.354,step
2026-08-31T19:07:28.855858+00:00,92.867,0.0008,0.15,0.0,0.0041,0.0027,8518.05,3,200.0,91.376,step
2026-08-31T19:07:28.857293+00:00,92.858,0.0008,0.15,0.0,0.0039,0.0027,8517.27,3,200.0,91.398,step
2026-08-31T19:07:28.858704+00:00,92.849,0.0008,0.15,0.0,0.0038,0.0026,8516.46,3,200.0,91.42,step
2026-08-31T19:07:28.860064+00:00,92.839,0.0008,0.15,0.0,0.0036,0.0025,8515.6,3,200.0,91.442,step
2026-08-31T19:07:28.861358+00:00,92.83,0.0008,0.15,0.0,0.0035,0.0025,8514.74,3,200.0,91.464,step
2026-08-31T19:07:28.862807+00:00,92.821,0.0008,0.15,0.0,0.0033,0.0024,8513.88,3,200.0,91.486,step
2026-08-31T19:07:28.864300+00:00,92.812,0.0008,0.15,0.0,0.0032,0.0023,8513.04,3,200.0,91.508,step
2026-08-31T19:07:28.865860+00:00,92.803,0.0008,0.15,0.0,0.0031,0.0023,8512.21,3,200.0,91.53,step
2026-08-31T19:07:28.867188+00:00,92.794,0.0008,0.15,0.0,0.0029,0.0022,8511.37,3,200.0,91.552,step
2026-08-31T19:07:28.868513+00:00,92.785,0.0008,0.15,0.0,0.0028,0.0021,8510.55,3,200.0,91.574,step
2026-08-31T19:07:28.869799+00:00,92.776,0.0009,0.15,0.0,0.0026,0.0021,8509.75,3,200.0,91.596,step
2026-08-31T19:07:28.871161+00:00,92.767,0.0009,0.15,0.0,0.0024,0.002,8508.92,3,200.0,91.618,step
2026-08-31T19:07:28.872742+00:00,92.758,0.0009,0.15,0.0,0.0022,0.0019,8508.19,3,200.0,91.64,step
2026-08-31T19:07:28.874063+00:00,92.749,0.0009,0.15,0.0,0.0021,0.0019,8507.33,3,200.0,91.662,step
2026-08-31T19:07:28.875415+00:00,92.74,0.0009,0.15,0.0,0.0019,0.0018,8506.51,3,200.0,91.684,step
2026-08-31T19:07:28.876793+00:00,92.731,0.0009,0.15,0.0,0.0018,0.0018,8505.68,3,200.0,91.706,step
2026-08-31T19:07:28.878131+00:00,92.722,0.0009,0.15,0.0,0.0016,0.0017,8504.84,3,200.0,91.728,step
2026-08-31T19:07:28.879409+00:00,92.713,0.0009,0.15,0.0,0.0015,0.0016,8504.01,3,200.0,91.75,step
2026-08-31T19:07:28.880880+00:00,92.704,0.0009,0.15,0.0,0.0014,0.0016,8503.22,3,200.0,91.772,step
2026-08-31T19:07:28.882284+00:00,92.695,0.0009,0.15,0.0,0.0012,0.0015,8502.42,3,200.0,91.794,step
2026-08-31T19:07:28.883575+00:00,92.687,0.0009,0.15,0.0,0.0011,0.0014,8501.58,3,200.0,91.816,step
2026-08-31T19:07:28.884893+00:00,92.678,0.0009,0.15,0.0,0.0009,0.0014,8500.77,3,200.0,91.838,step
2026-08-31T19:07:28.886192+00:00,92.669,0.0009,0.15,0.0,0.0008,0.0013,8499.96,3,200.0,91.86,step
2026-08-31T19:07:28.887472+00:00,92.66,0.0009,0.15,0.0,0.0007,0.0012,8499.26,3,200.0,91.882,step
2026-08-31T19:07:28.888895+00:00,92.651,0.0009,0.15,0.0,0.0006,0.0012,8498.43,3,200.0,91.904,step
2026-08-31T19:07:28.890505+00:00,92.643,0.0009,0.15,0.0,0.0006,0.0011,8497.62,3,200.0,91.926,step
2026-08-31T19:07:28.891822+00:00,92.634,0.0008,0.15,0.0,0.0005,0.001,8496.81,3,200.0,91.948,step
2026-08-31T19:07:28.893197+00:00,92.625,0.0008,0.15,0.0,0.0005,0.001,8496.01,3,200.0,91.97,step
2026-08-31T19:07:28.894533+00:00,92.617,0.0007,0.15,0.0,0.0004,0.0009,8495.21,3,200.0,91.992,step
2026-08-31T19:07:28.895876+00:00,92.608,0.0007,0.15,0.0,0.0004,0.0009,8494.4,3,200.0,92.014,step
2026-08-31T19:07:28.897253+00:00,92.599,0.0007,0.15,0.0,0.0003,0.0008,8493.62,3,200.0,92.036,step
2026-08-31T19:07:28.898915+00:00,92.591,0.0006,0.15,0.0,0.0002,0.0007,8492.83,3,200.0,92.058,step
2026-08-31T19:07:28.900287+00:00,92.582,0.0006,0.15,0.0,0.0002,0.0007,8492.04,3,200.0,92.08,step
2026-08-31T19:07:28.901668+00:00,92.573,0.0006,0.15,0.0,0.0001,0.0006,8491.23,3,200.0,92.102,step
2026-08-31T19:07:28.902986+00:00,92.565,0.0005,0.15,0.0,0.0001,0.0005,8490.47,3,200.0,92.124,step
2026-08-31T19:07:28.904350+00:00,92.556,0.0004,0.15,0.0,0.0001,0.0005,8489.75,3,200.0,92.146,step
2026-08-31T19:07:28.905724+00:00,92.548,0.0004,0.15,0.0,0.0001,0.0004,8488.93,3,200.0,92.168,step
2026-08-31T19:07:28.907449+00:00,92.539,0.0004,0.15,0.0,0.0002,0.0004,8488.13,3,200.0,92.19,step
2026-08-31T19:07:28.908759+00:00,92.531,0.0004,0.15,0.0,0.0002,0.0004,8487.35,3,200.0,92.212,step
2026-08-31T19:07:28.910133+00:00,92.522,0.0004,0.15,0.0,0.0002,0.0004,8486.57,3,200.0,92.234,step
2026-08-31T19:07:28.911547+00:00,92.513,0.0003,0.15,0.0,0.0002,0.0004,8485.79,3,200.0,92.256,step
2026-08-31T19:07:28.912964+00:00,92.505,0.0003,0.15,0.0,0.0002,0.0004,8485.0,3,200.0,92.278,step
2026-08-31T19:07:28.914515+00:00,92.497,0.0003,0.15,0.0,0.0003,0.0004,8484.25,3,200.0,92.3,step
2026-08-31T19:07:28.915870+00:00,92.488,0.0004,0.15,0.0,0.0002,0.0004,8483.5,3,200.0,92.322,step
2026-08-31T19:07:28.917222+00:00,92.48,0.0004,0.8,0.0,0.0001,0.0005,8482.73,3,200.0,92.344,step
2026-08-31T19:07:28.918538+00:00,92.919,0.0004,0.15,0.0,0.0001,0.0004,8974.62,3,200.0,92.366,step
2026-08-31T19:07:28.919826+00:00,93.191,0.0004,0.15,0.0,0.0001,0.0004,8546.06,3,200.0,92.388,step
2026-08-31T19:07:28.921112+00:00,93.18,0.0004,0.15,0.0,0.0001,0.0004,8544.67,3,200.0,92.41,step
2026-08-31T19:07:28.922597+00:00,93.169,0.0004,0.15,0.0,0.0002,0.0004,8544.79,3,200.0,92.432,step
2026-08-31T19:07:28.924087+00:00,93.159,0.0003,0.15,0.0,0.0002,0.0004,8544.69,3,200.0,92.454,step
2026-08-31T19:07:28.925410+00:00,93.149,0.0003,0.15,0.0,0.0002,0.0004,8544.16,3,200.0,92.476,step
2026-08-31T19:07:28.926723+00:00,93.139,0.0003,0.15,0.0,0.0002,0.0004,8543.33,3,200.0,92.498,step
2026-08-31T19:07:28.928010+00:00,93.13,0.0003,0.15,0.0,0.0002,0.0004,8542.36,3,200.0,92.52,step
2026-08-31T19:07:28.929310+00:00,93.12,0.0003,0.15,0.0,0.0002,0.0004,8541.38,3,200.0,92.542,step
2026-08-31T19:07:28.930858+00:00,93.111,0.0004,0.15,0.0,0.0002,0.0004,8540.43,3,200.0,92.564,step
2026-08-31T19:07:28.932325+00:00,93.101,0.0004,0.15,0.0,0.0001,0.0004,8539.48,3,200.0,92.586,step
2026-08-31T19:07:28.933713+00:00,93.091,0.0004,0.15,0.0,0.0001,0.0004,8538.53,3,200.0,92.608,step
2026-08-31T19:07:28.935055+00:00,93.082,0.0005,0.15,0.0,0.0,0.0004,8537.64,3,200.0,92.63,step
2026-08-31T19:07:28.936358+00:00,93.072,0.0005,0.15,0.0,-0.0001,0.0004,8536.77,3,200.0,92.652,step
2026-08-31T19:07:28.937682+00:00,93.063,0.0005,0.15,0.0,-0.0001,0.0005,8535.89,3,200.0,92.674,step
2026-08-31T19:07:28.939278+00:00,93.053,0.0005,0.15,0.0,-0.0002,0.0004,8535.02,3,200.0,92.696,step
2026-08-31T19:07:28.940596+00:00,93.044,0.0005,0.15,0.0,-0.0003,0.0004,8534.17,3,200.0,92.718,step
2026-08-31T19:07:28.941911+00:00,93.034,0.0005,0.15,0.0,-0.0002,0.0003,8533.38,3,200.0,92.74,step
2026-08-31T19:07:28.943242+00:00,93.025,0.0004,0.15,0.0,-0.0002,0.0003,8532.49,3,200.0,92.762,step
2026-08-31T19:07:28.944554+00:00,93.015,0.0004,0.15,0.0,-0.0002,0.0003,8531.61,3,200.0,92.784,step
2026-08-31T19:07:28.945931+00:00,93.006,0.0004,0.15,0.0,-0.0002,0.0003,8530.73,3,200.0,92.806,step
2026-08-31T19:07:28.947531+00:00,92.996,0.0004,0.15,0.0,-0.0002,0.0003,8529.87,3,200.0,92.828,step
2026-08-31T19:07:28.949086+00:00,92.987,0.0004,0.15,0.0,-0.0002,0.0003,8529.0,3,200.0,92.85,step
2026-08-31T19:07:28.950448+00:00,92.978,0.0004,0.15,0.0,-0.0001,0.0003,8528.13,3,200.0,92.872,step
2026-08-31T19:07:28.951815+00:00,92.968,0.0004,0.15,0.0,-0.0001,0.0003,8527.27,3,200.0,92.894,step
2026-08-31T19:07:28.953138+00:00,92.959,0.0004,0.15,0.0,-0.0001,0.0003,8526.44,3,200.0,92.916,step
2026-08-31T19:07:28.954470+00:00,92.949,0.0004,0.15,0.0,-0.0002,0.0003,8525.61,3,200.0,92.938,step
2026-08-31T19:07:28.956089+00:00,92.94,0.0004,0.15,0.0,-0.0002,0.0003,8524.74,3,200.0,92.96,step
2026-08-31T19:07:28.957438+00:00,92.931,0.0005,0.15,0.0,-0.0003,0.0003,8523.9,3,200.0,92.982,step
2026-08-31T19:07:28.958794+00:00,92.922,0.0005,0.15,0.0,-0.0004,0.0003,8523.04,3,200.0,93.004,step
2026-08-31T19:07:28.960175+00:00,92.912,0.0005,0.15,0.0,-0.0004,0.0003,8522.19,3,200.0,93.026,step
2026-08-31T19:07:28.961535+00:00,92.903,0.0005,0.15,0.0,-0.0005,0.0002,8521.34,3,200.0,93.048,step
2026-08-31T19:07:28.962921+00:00,92.894,0.0005,0.15,0.0,-0.0005,0.0002,8520.51,3,200.0,93.07,step
2026-08-31T19:07:28.964399+00:00,92.885,0.0005,0.15,0.0,-0.0006,0.0002,8519.72,3,200.0,93.092,step
2026-08-31T19:07:28.965751+00:00,92.875,0.0005,0.15,0.0,-0.0005,0.0002,8518.85,3,200.0,93.114,step
2026-08-31T19:07:28.967096+00:00,92.866,0.0005,0.15,0.0,-0.0005,0.0002,8518.02,3,200.0,93.136,step
2026-08-31T19:07:28.968454+00:00,92.857,0.0005,0.15,0.0,-0.0005,0.0002,8517.16,3,200.0,93.158,step
2026-08-31T19:07:28.969762+00:00,92.848,0.0004,0.15,0.0,-0.0005,0.0002,8516.32,3,200.0,93.18,step
2026-08-31T19:07:28.971022+00:00,92.839,0.0004,0.15,0.0,-0.0005,0.0002,8515.47,3,200.0,93.202,step
2026-08-31T19:07:28.972464+00:00,92.83,0.0004,0.15,0.0,-0.0004,0.0002,8514.64,3,200.0,93.224,step
2026-08-31T19:07:28.973808+00:00,92.821,0.0004,0.15,0.0,-0.0004,0.0002,8513.82,3,200.0,93.246,step
2026-08-31T19:07:28.975125+00:00,92.812,0.0004,0.15,0.0,-0.0004,0.0002,8512.99,3,200.0,93.268,step
2026-08-31T19:07:28.976500+00:00,92.802,0.0004,0.15,0.0,-0.0004,0.0002,8512.16,3,200.0,93.29,step
2026-08-31T19:07:28.977804+00:00,92.793,0.0004,0.15,0.0,-0.0005,0.0002,8511.38,3,200.0,93.312,step
2026-08-31T19:07:28.979131+00:00,92.784,0.0005,0.15,0.0,-0.0005,0.0002,8510.54,3,200.0,93.334,step
2026-08-31T19:07:28.980690+00:00,92.775,0.0005,0.15,0.0,-0.0006,0.0002,8509.73,3,200.0,93.356,step
2026-08-31T19:07:28.982025+00:00,92.766,0.0005,0.15,0.0,-0.0006,0.0002,8508.87,3,200.0,93.378,step
2026-08-31T19:07:28.983369+00:00,92.758,0.0005,0.15,0.0,-0.0007,0.0001,8508.07,3,200.0,93.4,step
2026-08-31T19:07:28.984713+00:00,92.749,0.0005,0.15,0.0,-0.0008,0.0001,8507.24,3,200.0,93.422,step
2026-08-31T19:07:28.986071+00:00,92.739,0.0005,0.15,0.0,-0.0008,0.0001,8506.37,3,200.0,93.444,step
2026-08-31T19:07:28.987521+00:00,92.73,0.0005,0.15,0.0,-0.0008,0.0001,8505.54,3,200.0,93.466,step
2026-08-31T19:07:28.988983+00:00,92.721,0.0005,0.15,0.0,-0.0008,0.0001,8504.68,3,200.0,93.488,step
2026-08-31T19:07:28.990637+00:00,92.712,0.0005,0.15,0.0,-0.0007,0.0001,8503.83,3,200.0,93.51,step
2026-08-31T19:07:28.991993+00:00,92.703,0.0004,0.15,0.0,-0.0007,0.0001,8502.97,3,200.0,93.532,step
2026-08-31T19:07:28.993377+00:00,92.694,0.0004,0.15,0.0,-0.0007,0.0001,8501.42,3,200.0,93.554,step
2026-08-31T19:07:28.994694+00:00,92.684,0.0004,0.15,0.0,-0.0007,0.0001,8500.69,3,200.0,93.576,step
2026-08-31T19:07:28.996097+00:00,92.675,0.0004,0.15,0.0,-0.0007,0.0001,8500.19,3,200.0,93.598,step
2026-08-31T19:07:28.997678+00:00,92.665,0.0004,0.15,0.0,-0.0006,0.0001,8499.62,3,200.0,93.62,step
2026-08-31T19:07:28.999055+00:00,92.656,0.0004,0.15,0.0,-0.0006,0.0001,8498.89,3,200.0,93.642,step
2026-08-31T19:07:29.000405+00:00,92.647,0.0004,0.15,0.0,-0.0006,0.0001,8498.09,3,200.0,93.664,step
2026-08-31T19:07:29.001914+00:00,92.638,0.0004,0.15,0.0,-0.0006,0.0001,8497.29,3,200.0,93.686,step
2026-08-31T19:07:29.003307+00:00,92.628,0.0004,0.15,0.0,-0.0007,0.0001,8496.38,3,199.6,93.708,step
2026-08-31T19:07:29.004765+00:00,92.619,0.0004,0.15,0.0,-0.0007,0.0001,8495.41,3,199.033,93.73,step
2026-08-31T19:07:29.006270+00:00,92.609,0.0005,0.15,0.0,-0.0008,0.0001,8494.47,3,198.467,93.752,step
2026-08-31T19:07:29.007584+00:00,92.6,0.0005,0.15,0.0,-0.0008,0.0001,8493.56,3,197.9,93.774,step
2026-08-31T19:07:29.008999+00:00,92.59,0.0005,0.15,0.0,-0.0009,0.0001,8492.67,3,197.342,93.796,step
2026-08-31T19:07:29.010363+00:00,92.581,0.0004,0.15,0.0,-0.0009,0.0,8491.08,3,196.793,93.818,step
2026-08-31T19:07:29.011705+00:00,92.571,0.0004,0.15,0.0,-0.0009,-0.0,8489.86,3,196.239,93.84,step
2026-08-31T19:07:29.013148+00:00,92.561,0.0004,0.15,0.0,-0.0008,-0.0,8489.24,3,195.678,93.862,step
2026-08-31T19:07:29.014623+00:00,92.551,0.0004,0.15,0.0,-0.0008,-0.0,8488.9,3,195.114,93.884,step
2026-08-31T19:07:29.016005+00:00,92.541,0.0003,0.15,0.0,-0.0008,-0.0001,8488.35,3,194.549,93.906,step
2026-08-31T19:07:29.017318+00:00,92.531,0.0003,0.15,0.0,-0.0008,-0.0001,8487.62,3,193.984,93.928,step
2026-08-31T19:07:29.018640+00:00,92.522,0.0003,0.15,0.0,-0.0007,-0.0001,8486.76,3,193.419,93.95,step
2026-08-31T19:07:29.019991+00:00,92.512,0.0003,0.15,0.0,-0.0007,-0.0001,8485.86,3,192.853,93.972,step
2026-08-31T19:07:29.021433+00:00,92.502,0.0003,0.15,0.0,-0.0007,-0.0001,8484.89,3,192.288,93.994,step
2026-08-31T19:07:29.023011+00:00,92.493,0.0003,0.15,0.0,-0.0007,-0.0001,8483.92,3,191.723,94.016,step
2026-08-31T19:07:29.024411+00:00,92.483,0.0003,0.8,0.0,-0.0006,-0.0001,8482.98,3,191.157,94.038,step
2026-08-31T19:07:29.025728+00:00,92.922,0.0003,0.15,0.0,-0.0006,-0.0001,8974.5,3,190.591,94.06,step
2026-08-31T19:07:29.027095+00:00,93.192,0.0003,0.15,0.0,-0.0006,-0.0001,8546.08,3,190.022,94.082,step
2026-08-31T19:07:29.028404+00:00,93.179,0.0003,0.15,0.0,-0.0006,-0.0001,8544.05,3,189.453,94.104,step
2026-08-31T19:07:29.029710+00:00,93.168,0.0002,0.15,0.0,-0.0006,-0.0001,8543.93,3,188.884,94.126,step
2026-08-31T19:07:29.031495+00:00,93.156,0.0002,0.15,0.0,-0.0006,-0.0001,8544.05,3,188.315,94.148,step
2026-08-31T19:07:29.032892+00:00,93.144,0.0002,0.15,0.0,-0.0006,-0.0001,8543.63,3,187.745,94.17,step
2026-08-31T19:07:29.034217+00:00,93.133,0.0002,0.15,0.0,-0.0006,-0.0001,8542.82,3,187.176,94.192,step
2026-08-31T19:07:29.035520+00:00,93.122,0.0002,0.15,0.0,-0.0006,-0.0001,8541.75,3,186.607,94.214,step
2026-08-31T19:07:29.036845+00:00,93.111,0.0002,0.15,0.0,-0.0005,-0.0001,8540.61,3,186.038,94.236,step
2026-08-31T19:07:29.038184+00:00,93.099,0.0002,0.15,0.0,-0.0005,-0.0001,8539.48,3,185.469,94.258,step
2026-08-31T19:07:29.039831+00:00,93.088,0.0002,0.15,0.0,-0.0005,-0.0001,8538.36,3,184.899,94.28,step
2026-08-31T19:07:29.041215+00:00,93.077,0.0002,0.15,0.0,-0.0006,-0.0001,8537.33,3,184.33,94.302,step
2026-08-31T19:07:29.042554+00:00,93.066,0.0003,0.15,0.0,-0.0006,-0.0001,8536.3,3,183.761,94.324,step
2026-08-31T19:07:29.043927+00:00,93.055,0.0002,0.15,0.0,-0.0006,-0.0001,8535.28,3,183.193,94.346,step
2026-08-31T19:07:29.045342+00:00,93.044,0.0002,0.15,0.0,-0.0006,-0.0001,8534.24,3,182.624,94.368,step
2026-08-31T19:07:29.046669+00:00,93.033,0.0002,0.15,0.0,-0.0006,-0.0001,8533.06,3,182.056,94.39,step
2026-08-31T19:07:29.048216+00:00,93.022,0.0002,0.15,0.0,-0.0005,-0.0001,8532.06,3,181.488,94.412,step
2026-08-31T19:07:29.049536+00:00,93.011,0.0002,0.15,0.0,-0.0005,-0.0001,8531.12,3,180.92,94.434,step
2026-08-31T19:07:29.050847+00:00,93.0,0.0002,0.15,0.0,-0.0005,-0.0001,8530.17,3,180.351,94.456,step
2026-08-31T19:07:29.052186+00:00,92.989,0.0002,0.15,0.0,-0.0005,-0.0001,8529.22,3,179.783,94.478,step
2026-08-31T19:07:29.053479+00:00,92.978,0.0002,0.15,0.0,-0.0005,-0.0001,8528.22,3,179.215,94.5,step
2026-08-31T19:07:29.054779+00:00,92.967,0.0002,0.15,0.0,-0.0005,-0.0001,8527.21,3,178.647,94.522,step
2026-08-31T19:07:29.056277+00:00,92.956,0.0002,0.15,0.0,-0.0005,-0.0001,8526.19,3,178.079,94.544,step
2026-08-31T19:07:29.057735+00:00,92.945,0.0002,0.15,0.0,-0.0004,-0.0001,8525.22,3,177.51,94.566,step
2026-08-31T19:07:29.059084+00:00,92.934,0.0002,0.15,0.0,-0.0004,-0.0001,8524.24,3,176.942,94.588,step
2026-08-31T19:07:29.060457+00:00,92.923,0.0002,0.15,0.0,-0.0005,-0.0001,8523.32,3,176.373,94.61,step
2026-08-31T19:07:29.061841+00:00,92.913,0.0002,0.15,0.0,-0.0006,-0.0001,8522.32,3,175.805,94.632,step
2026-08-31T19:07:29.063217+00:00,92.902,0.0002,0.15,0.0,-0.0006,-0.0001,8521.54,3,175.237,94.654,step
2026-08-31T19:07:29.064879+00:00,92.891,0.0002,0.15,0.0,-0.0005,-0.0001,8520.75,3,174.67,94.676,step
2026-08-31T19:07:29.066229+00:00,92.881,0.0002,0.15,0.0,-0.0005,-0.0001,8519.59,3,174.103,94.698,step
2026-08-31T19:07:29.067590+00:00,92.871,0.0002,0.15,0.0,-0.0005,-0.0001,8518.5,3,173.536,94.72,step
2026-08-31T19:07:29.068902+00:00,92.86,0.0002,0.15,0.0,-0.0005,-0.0001,8517.45,3,172.968,94.742,step
2026-08-31T19:07:29.070282+00:00,92.849,0.0002,0.15,0.0,-0.0005,-0.0001,8516.4,3,172.401,94.764,step
2026-08-31T19:07:29.071601+00:00,92.839,0.0002,0.15,0.0,-0.0004,-0.0001,8515.41,3,171.834,94.786,step
2026-08-31T19:07:29.073411+00:00,92.828,0.0002,0.15,0.0,-0.0004,-0.0001,8514.47,3,171.267,94.808,step
2026-08-31T19:07:29.074758+00:00,92.818,0.0002,0.15,0.0,-0.0004,-0.0001,8513.56,3,170.699,94.83,step
2026-08-31T19:07:29.076099+00:00,92.808,0.0001,0.15,0.0,-0.0004,-0.0001,8512.71,3,170.132,94.852,step
2026-08-31T19:07:29.077421+00:00,92.798,0.0001,0.15,0.0,-0.0004,-0.0001,8511.84,3,169.565,94.874,step
2026-08-31T19:07:29.078725+00:00,92.788,0.0001,0.15,0.0,-0.0004,-0.0001,8510.92,3,168.998,94.896,step
2026-08-31T19:07:29.080119+00:00,92.778,0.0001,0.15,0.0,-0.0004,-0.0001,8510.05,3,168.43,94.918,step
2026-08-31T19:07:29.081621+00:00,92.767,0.0002,0.15,0.0,-0.0004,-0.0001,8510.24,3,167.863,94.94,step
2026-08-31T19:07:29.082936+00:00,92.758,0.0002,0.15,0.0,-0.0005,-0.0001,8508.98,3,167.295,94.962,step
2026-08-31T19:07:29.084244+00:00,92.748,0.0002,0.15,0.0,-0.0005,-0.0001,8507.72,3,166.728,94.984,step
2026-08-31T19:07:29.085515+00:00,92.739,0.0002,0.15,0.0,-0.0005,-0.0001,8506.57,3,166.162,95.006,step
2026-08-31T19:07:29.086815+00:00,92.729,0.0002,0.15,0.0,-0.0005,-0.0001,8505.44,3,165.596,95.028,step
2026-08-31T19:07:29.088274+00:00,92.719,0.0002,0.15,0.0,-0.0004,-0.0001,8504.4,3,165.03,95.05,step
2026-08-31T19:07:29.089677+00:00,92.709,0.0002,0.15,0.0,-0.0004,-0.0001,8503.45,3,164.463,95.072,step
2026-08-31T19:07:29.091000+00:00,92.7,0.0001,0.15,0.0,-0.0004,-0.0001,8502.57,3,163.897,95.094,step
2026-08-31T19:07:29.092362+00:00,92.69,0.0001,0.15,0.0,-0.0004,-0.0001,8501.81,3,163.331,95.116,step
2026-08-31T19:07:29.093640+00:00,92.68,0.0001,0.15,0.0,-0.0004,-0.0001,8501.13,3,162.764,95.138,step
2026-08-31T19:07:29.094963+00:00,92.671,0.0001,0.15,0.0,-0.0004,-0.0001,8500.36,3,162.198,95.16,step
2026-08-31T19:07:29.096384+00:00,92.662,0.0001,0.15,0.0,-0.0003,-0.0001,8499.54,3,161.632,95.182,step
2026-08-31T19:07:29.097912+00:00,92.653,0.0001,0.15,0.0,-0.0003,-0.0001,8498.66,3,161.065,95.204,step
2026-08-31T19:07:29.099343+00:00,92.644,0.0001,0.15,0.0,-0.0003,-0.0001,8499.7,3,160.499,95.226,step
2026-08-31T19:07:29.100674+00:00,92.635,0.0001,0.15,0.0,-0.0003,-0.0001,8498.09,3,159.933,95.248,step
2026-08-31T19:07:29.102008+00:00,92.627,0.0001,0.15,0.0,-0.0003,-0.0001,8496.77,3,159.366,95.27,step
2026-08-31T19:07:29.103259+00:00,92.618,0.0001,0.15,0.0,-0.0003,-0.0001,8495.61,3,158.8,95.292,step
2026-08-31T19:07:29.104554+00:00,92.61,0.0001,0.15,0.0,-0.0004,-0.0001,8494.49,3,158.233,95.314,step
2026-08-31T19:07:29.106226+00:00,92.601,0.0002,0.15,0.0,-0.0004,-0.0001,8493.51,3,157.667,95.336,step
2026-08-31T19:07:29.107578+00:00,92.592,0.0002,0.15,0.0,-0.0005,-0.0001,8492.67,3,157.101,95.358,step
2026-08-31T19:07:29.108885+00:00,92.584,0.0002,0.15,0.0,-0.0004,-0.0001,8491.95,3,156.535,95.38,step
2026-08-31T19:07:29.110212+00:00,92.575,0.0002,0.15,0.0,-0.0004,-0.0001,8491.39,3,155.97,95.402,step
2026-08-31T19:07:29.111529+00:00,92.567,0.0001,0.15,0.0,-0.0004,-0.0001,8490.83,3,155.405,95.424,step
2026-08-31T19:07:29.112818+00:00,92.559,0.0001,0.15,0.0,-0.0004,-0.0001,8490.18,3,154.839,95.446,step
2026-08-31T19:07:29.114569+00:00,92.551,0.0001,0.15,0.0,-0.0003,-0.0001,8489.43,3,154.274,95.468,step
2026-08-31T19:07:29.115934+00:00,92.544,0.0001,0.15,0.0,-0.0003,-0.0001,8488.65,3,153.709,95.49,step
2026-08-31T19:07:29.117322+00:00,92.535,0.0001,0.15,0.0,-0.0003,-0.0001,8490.3,3,153.144,95.512,step
2026-08-31T19:07:29.118672+00:00,92.528,0.0001,0.15,0.0,-0.0003,-0.0001,8488.47,3,152.578,95.534,step
2026-08-31T19:07:29.120044+00:00,92.521,0.0001,0.15,0.0,-0.0003,-0.0001,8487.17,3,152.013,95.556,step
2026-08-31T19:07:29.121403+00:00,92.514,0.0001,0.15,0.0,-0.0002,-0.0001,8485.96,3,151.448,95.578,step
2026-08-31T19:07:29.122888+00:00,92.507,0.0,0.15,0.0,-0.0002,-0.0001,8484.88,3,150.882,95.6,step
2026-08-31T19:07:29.124233+00:00,92.499,0.0,0.15,0.0,-0.0002,-0.0001,8484.0,3,150.317,95.622,step
2026-08-31T19:07:29.125564+00:00,92.492,0.0,0.15,0.0,-0.0002,-0.0001,8483.3,3,149.752,95.644,step
2026-08-31T19:07:29.126892+00:00,92.484,0.0,0.8,0.0,-0.0001,-0.0001,8482.76,3,149.186,95.666,step
2026-08-31T19:07:29.128210+00:00,92.925,0.0,0.15,0.0,-0.0001,-0.0001,8973.67,3,148.62,95.688,step
2026-08-31T19:07:29.129601+00:00,93.197,0.0,0.15,0.0,-0.0001,-0.0,8546.88,3,148.05,95.71,step
2026-08-31T19:07:29.131098+00:00,93.188,0.0,0.15,0.0,-0.0001,-0.0,8545.76,3,147.481,95.732,step
2026-08-31T19:07:29.132471+00:00,93.179,-0.0,0.15,0.0,-0.0001,-0.0,8546.11,3,146.912,95.754,step
2026-08-31T19:07:29.133855+00:00,93.171,-0.0,0.15,0.0,-0.0001,-0.0,8547.65,3,146.342,95.776,step
2026-08-31T19:07:29.135210+00:00,93.163,-0.0,0.15,0.0,-0.0001,-0.0,8548.36,3,145.773,95.798,step
2026-08-31T19:07:29.136562+00:00,93.157,-0.0,0.15,0.0,-0.0001,-0.0,8546.27,3,145.204,95.82,step
2026-08-31T19:07:29.137930+00:00,93.15,-0.0,0.15,0.0,-0.0,-0.0,8544.76,3,144.635,95.842,step
2026-08-31T19:07:29.139435+00:00,93.143,-0.0,0.15,0.0,-0.0,-0.0,8543.45,3,144.066,95.864,step
2026-08-31T19:07:29.140850+00:00,93.136,-0.0,0.15,0.0,-0.0,-0.0,8542.28,3,143.496,95.886,step
2026-08-31T19:07:29.142158+00:00,93.129,-0.0001,0.15,0.0,-0.0,-0.0,8541.34,3,142.927,95.908,step
2026-08-31T19:07:29.143471+00:00,93.121,-0.0001,0.15,0.0,0.0,-0.0,8540.62,3,142.358,95.93,step
2026-08-31T19:07:29.144760+00:00,93.114,-0.0001,0.15,0.0,0.0,-0.0,8540.14,3,141.789,95.952,step
2026-08-31T19:07:29.146027+00:00,93.107,-0.0001,0.15,0.0,0.0,-0.0,8539.94,3,141.22,95.974,step
2026-08-31T19:07:29.147476+00:00,93.101,-0.0001,0.15,0.0,0.0001,-0.0,8539.63,3,140.65,95.996,step
2026-08-31T19:07:29.148950+00:00,93.095,-0.0001,0.15,0.0,0.0001,-0.0,8539.16,3,140.081,96.018,step
2026-08-31T19:07:29.150298+00:00,93.089,-0.0001,0.15,0.0,0.0001,-0.0,8538.55,3,139.512,96.04,step
2026-08-31T19:07:29.151626+00:00,93.081,-0.0001,0.15,0.0,0.0,-0.0,8542.14,3,138.943,96.062,step
2026-08-31T19:07:29.152907+00:00,93.077,-0.0,0.15,0.0,-0.0,-0.0,8540.17,3,138.373,96.084,step
2026-08-31T19:07:29.154159+00:00,93.073,-0.0,0.15,0.0,-0.0001,-0.0,8538.27,3,137.804,96.106,step
2026-08-31T19:07:29.155539+00:00,93.068,0.0,0.15,0.0,-0.0001,-0.0,8536.87,3,137.234,96.128,step
2026-08-31T19:07:29.157204+00:00,93.063,0.0,0.15,0.0,-0.0001,-0.0,8535.67,3,136.666,96.15,step
2026-08-31T19:07:29.158484+00:00,93.057,0.0,0.15,0.0,-0.0001,-0.0,8534.73,3,136.098,96.172,step
2026-08-31T19:07:29.159766+00:00,93.052,0.0,0.15,0.0,-0.0001,-0.0,8534.07,3,135.53,96.194,step
2026-08-31T19:07:29.161025+00:00,93.046,-0.0,0.15,0.0,-0.0001,-0.0,8533.65,3,134.962,96.216,step
2026-08-31T19:07:29.162364+00:00,93.04,-0.0,0.15,0.0,-0.0001,-0.0,8533.56,3,134.393,96.238,step
2026-08-31T19:07:29.163701+00:00,93.035,-0.0,0.15,0.0,-0.0001,-0.0,8533.52,3,133.825,96.26,step
2026-08-31T19:07:29.165233+00:00,93.031,-0.0,0.15,0.0,-0.0,-0.0,8533.29,3,133.257,96.282,step
2026-08-31T19:07:29.166541+00:00,93.027,-0.0,0.15,0.0,-0.0,-0.0001,8532.91,3,132.689,96.304,step
2026-08-31T19:07:29.167831+00:00,93.023,-0.0,0.15,0.0,-0.0,-0.0001,8532.4,3,132.121,96.326,step
2026-08-31T19:07:29.169107+00:00,93.017,-0.0001,0.15,0.0,-0.0,-0.0001,8535.76,3,131.553,96.348,step
2026-08-31T19:07:29.170424+00:00,93.015,-0.0001,0.15,0.0,0.0,-0.0001,8533.64,3,130.985,96.37,step
2026-08-31T19:07:29.171717+00:00,93.012,-0.0001,0.15,0.0,0.0,-0.0001,8532.28,3,130.417,96.392,step
2026-08-31T19:07:29.173130+00:00,93.008,-0.0001,0.15,0.0,0.0,-0.0001,8531.12,3,129.849,96.414,step
2026-08-31T19:07:29.174403+00:00,93.005,-0.0001,0.15,0.0,0.0001,-0.0001,8530.16,3,129.281,96.436,step
2026-08-31T19:07:29.175648+00:00,93.001,-0.0001,0.15,0.0,0.0001,-0.0001,8529.49,3,128.713,96.458,step
2026-08-31T19:07:29.176929+00:00,92.997,-0.0001,0.15,0.0,0.0001,-0.0001,8529.08,3,128.145,96.48,step
2026-08-31T19:07:29.178198+00:00,92.993,-0.0001,0.15,0.0,0.0001,-0.0001,8528.87,3,127.577,96.502,step
2026-08-31T19:07:29.179509+00:00,92.989,-0.0001,0.15,0.0,0.0001,-0.0001,8528.88,3,127.009,96.524,step
2026-08-31T19:07:29.181055+00:00,92.985,-0.0001,0.15,0.0,0.0001,-0.0001,8528.86,3,126.441,96.546,step
2026-08-31T19:07:29.182438+00:00,92.982,-0.0001,0.15,0.0,0.0002,-0.0001,8528.72,3,125.874,96.568,step
2026-08-31T19:07:29.183719+00:00,92.979,-0.0002,0.15,0.0,0.0002,-0.0001,8528.46,3,125.306,96.59,step
2026-08-31T19:07:29.184981+00:00,92.976,-0.0002,0.15,0.0,0.0002,-0.0001,8528.13,3,124.739,96.612,step
2026-08-31T19:07:29.186256+00:00,92.972,-0.0002,0.15,0.0,0.0002,-0.0001,8530.69,3,124.172,96.634,step
2026-08-31T19:07:29.187514+00:00,92.971,-0.0002,0.15,0.0,0.0002,-0.0001,8529.23,3,123.604,96.656,step
2026-08-31T19:07:29.189056+00:00,92.969,-0.0002,0.15,0.0,0.0002,-0.0001,8528.15,3,123.037,96.678,step
2026-08-31T19:07:29.190349+00:00,92.966,-0.0002,0.15,0.0,0.0002,-0.0001,8527.29,3,122.469,96.7,step
2026-08-31T19:07:29.191602+00:00,92.964,-0.0002,0.15,0.0,0.0003,-0.0001,8526.55,3,121.902,96.722,step
2026-08-31T19:07:29.192910+00:00,92.961,-0.0002,0.15,0.0,0.0003,-0.0001,8526.03,3,121.335,96.744,step
2026-08-31T19:07:29.194207+00:00,92.959,-0.0003,0.15,0.0,0.0003,-0.0001,8525.73,3,120.767,96.766,step
2026-08-31T19:07:29.195462+00:00,92.956,-0.0003,0.15,0.0,0.0003,-0.0001,8525.56,3,120.2,96.788,step
2026-08-31T19:07:29.196778+00:00,92.953,-0.0003,0.0,0.15,0.0003,-0.0001,8525.57,3,119.633,96.81,step
2026-08-31T19:07:29.198177+00:00,92.514,-0.0003,0.0,0.15,0.0003,-0.0001,8343.36,3,119.071,96.832,step
2026-08-31T19:07:29.199523+00:00,91.874,-0.0004,0.0,0.15,0.0004,-0.0002,8281.25,3,118.52,96.854,step
2026-08-31T19:07:29.200852+00:00,91.233,-0.0005,0.0,0.15,0.0004,-0.0003,8221.14,3,117.975,96.876,step
2026-08-31T19:07:29.202149+00:00,90.596,-0.0006,0.0,0.15,0.0004,-0.0004,8163.51,3,117.436,96.898,step
2026-08-31T19:07:29.203486+00:00,89.967,-0.0007,0.0,0.15,0.0004,-0.0004,8102.19,3,116.895,96.92,step
2026-08-31T19:07:29.204796+00:00,89.337,-0.0007,0.15,0.0,0.0004,-0.0005,8047.48,3,116.353,96.942,step
2026-08-31T19:07:29.206229+00:00,89.149,-0.0007,0.15,0.0,0.0004,-0.0005,8182.8,3,115.808,96.964,step
2026-08-31T19:07:29.207531+00:00,89.156,-0.0007,0.15,0.0,0.0004,-0.0004,8180.71,3,115.256,96.986,step
2026-08-31T19:07:29.208880+00:00,89.163,-0.0006,0.15,0.0,0.0004,-0.0004,8179.03,3,114.701,97.008,step
2026-08-31T19:07:29.210124+00:00,89.169,-0.0006,0.15,0.0,0.0004,-0.0003,8178.39,3,114.146,97.03,step
2026-08-31T19:07:29.211337+00:00,89.174,-0.0005,0.15,0.0,0.0004,-0.0003,8178.66,3,113.591,97.052,step
2026-08-31T19:07:29.212589+00:00,89.179,-0.0005,0.15,0.0,0.0004,-0.0002,8179.55,3,113.04,97.074,step
2026-08-31T19:07:29.213904+00:00,89.184,-0.0005,0.15,0.0,0.0004,-0.0002,8180.96,3,112.494,97.096,step
2026-08-31T19:07:29.215274+00:00,89.189,-0.0005,0.15,0.0,0.0004,-0.0002,8182.16,3,111.949,97.118,step
2026-08-31T19:07:29.216581+00:00,89.195,-0.0005,0.15,0.0,0.0004,-0.0003,8183.01,3,111.405,97.14,step
2026-08-31T19:07:29.217915+00:00,89.201,-0.0005,0.15,0.0,0.0004,-0.0003,8183.6,3,110.862,97.162,step
2026-08-31T19:07:29.219188+00:00,89.207,-0.0005,0.15,0.0,0.0004,-0.0003,8183.99,3,110.318,97.184,step
2026-08-31T19:07:29.220494+00:00,89.213,-0.0005,0.15,0.0,0.0004,-0.0003,8184.36,3,109.775,97.206,step
2026-08-31T19:07:29.221737+00:00,89.218,-0.0005,0.15,0.0,0.0004,-0.0003,8186.95,3,109.231,97.228,step
2026-08-31T19:07:29.223257+00:00,89.225,-0.0005,0.15,0.0,0.0004,-0.0003,8186.57,3,108.683,97.25,step
2026-08-31T19:07:29.224559+00:00,89.231,-0.0005,0.15,0.0,0.0004,-0.0003,8186.51,3,108.135,97.272,step
2026-08-31T19:07:29.225822+00:00,89.238,-0.0005,0.15,0.0,0.0005,-0.0003,8186.58,3,107.59,97.294,step
2026-08-31T19:07:29.227081+00:00,89.244,-0.0005,0.15,0.0,0.0005,-0.0002,8186.81,3,107.042,97.316,step
2026-08-31T19:07:29.228315+00:00,89.25,-0.0005,0.15,0.0,0.0006,-0.0002,8187.19,3,106.49,97.338,step
2026-08-31T19:07:29.229637+00:00,89.256,-0.0005,0.15,0.0,0.0007,-0.0002,8187.71,3,105.937,97.36,step
2026-08-31T19:07:29.231041+00:00,89.262,-0.0005,0.15,0.0,0.0008,-0.0001,8188.33,3,105.384,97.382,step
2026-08-31T19:07:29.232368+00:00,89.268,-0.0005,0.15,0.0,0.0008,-0.0001,8189.07,3,104.834,97.404,step
2026-08-31T19:07:29.233641+00:00,89.274,-0.0005,0.15,0.0,0.0009,-0.0001,8189.83,3,104.289,97.426,step
2026-08-31T19:07:29.234959+00:00,89.281,-0.0006,0.15,0.0,0.001,-0.0001,8190.51,3,103.741,97.448,step
2026-08-31T19:07:29.236198+00:00,89.287,-0.0006,0.15,0.0,0.0011,-0.0,8191.12,3,103.19,97.47,step
2026-08-31T19:07:29.237491+00:00,89.294,-0.0005,0.15,0.0,0.0011,0.0,8191.67,3,102.638,97.492,step
2026-08-31T19:07:29.238770+00:00,89.3,-0.0005,0.15,0.0,0.0011,0.0001,8192.21,3,102.084,97.514,step
2026-08-31T19:07:29.240500+00:00,89.306,-0.0005,0.15,0.0,0.0011,0.0001,8194.44,3,101.533,97.536,step
2026-08-31T19:07:29.241791+00:00,89.314,-0.0004,0.15,0.0,0.0011,0.0001,8194.28,3,100.987,97.558,step
2026-08-31T19:07:29.243063+00:00,89.321,-0.0004,0.15,0.0,0.0011,0.0001,8194.48,3,100.442,97.58,step
2026-08-31T19:07:29.244331+00:00,89.328,-0.0004,0.15,0.0,0.0011,0.0001,8194.69,3,99.8965,97.602,step
2026-08-31T19:07:29.245649+00:00,89.335,-0.0005,0.15,0.0,0.0011,0.0001,8195.06,3,99.3513,97.624,step
2026-08-31T19:07:29.246981+00:00,89.341,-0.0005,0.15,0.0,0.0011,0.0001,8195.54,3,98.8062,97.646,step
2026-08-31T19:07:29.248540+00:00,89.348,-0.0005,0.15,0.0,0.0011,0.0001,8196.15,3,98.2611,97.668,step
2026-08-31T19:07:29.249791+00:00,89.354,-0.0005,0.15,0.0,0.0011,0.0001,8196.84,3,97.7159,97.69,step
2026-08-31T19:07:29.251071+00:00,89.361,-0.0005,0.15,0.0,0.0011,0.0001,8197.6,3,97.171,97.712,step
2026-08-31T19:07:29.252338+00:00,89.368,-0.0005,0.15,0.0,0.0011,0.0001,8198.35,3,96.6261,97.734,step
2026-08-31T19:07:29.253590+00:00,89.375,-0.0005,0.15,0.0,0.0011,0.0001,8199.08,3,96.081,97.756,step
2026-08-31T19:07:29.254889+00:00,89.382,-0.0005,0.15,0.0,0.0011,0.0,8199.72,3,95.5357,97.778,step
2026-08-31T19:07:29.256349+00:00,89.389,-0.0005,0.15,0.0,0.001,0.0,8200.34,3,94.9903,97.8,step
2026-08-31T19:07:29.257626+00:00,89.396,-0.0005,0.15,0.0,0.0011,0.0,8201.56,3,94.445,97.822,step
2026-08-31T19:07:29.258904+00:00,89.403,-0.0005,0.15,0.0,0.0012,0.0001,8202.78,3,93.8959,97.844,step
2026-08-31T19:07:29.260165+00:00,89.411,-0.0005,0.15,0.0,0.0012,0.0001,8202.87,3,93.3437,97.866,step
2026-08-31T19:07:29.261438+00:00,89.418,-0.0005,0.15,0.0,0.0013,0.0002,8203.18,3,92.791,97.888,step
2026-08-31T19:07:29.262681+00:00,89.426,-0.0005,0.15,0.0,0.0014,0.0002,8203.56,3,92.2419,97.91,step
2026-08-31T19:07:29.264067+00:00,89.433,-0.0005,0.15,0.0,0.0015,0.0002,8204.04,3,91.693,97.932,step
2026-08-31T19:07:29.265600+00:00,89.44,-0.0005,0.15,0.0,0.0015,0.0002,8204.59,3,91.1418,97.954,step
2026-08-31T19:07:29.266893+00:00,89.447,-0.0005,0.15,0.0,0.0016,0.0003,8205.21,3,90.5896,97.976,step
2026-08-31T19:07:29.268193+00:00,89.454,-0.0004,0.15,0.0,0.0016,0.0003,8205.92,3,90.0362,97.998,step
2026-08-31T19:07:29.269448+00:00,89.461,-0.0004,0.15,0.0,0.0016,0.0003,8206.74,3,89.4864,98.02,step
2026-08-31T19:07:29.270705+00:00,89.468,-0.0004,0.15,0.0,0.0016,0.0003,8207.47,3,88.9399,98.042,step
2026-08-31T19:07:29.272069+00:00,89.476,-0.0004,0.15,0.0,0.0015,0.0003,8208.27,3,88.394,98.064,step
2026-08-31T19:07:29.273449+00:00,89.483,-0.0004,0.15,0.0,0.0015,0.0003,8208.92,3,87.8482,98.086,step
2026-08-31T19:07:29.274756+00:00,89.491,-0.0004,0.15,0.0,0.0015,0.0003,8209.57,3,87.3023,98.108,step
2026-08-31T19:07:29.276042+00:00,89.498,-0.0004,0.0,0.15,0.0015,0.0003,8211.41,3,86.7563,98.13,step
2026-08-31T19:07:29.277279+00:00,89.066,-0.0005,0.15,0.0,0.0015,0.0003,8033.48,3,86.2129,98.152,step
2026-08-31T19:07:29.278493+00:00,88.881,-0.0005,0.15,0.0,0.0016,0.0003,8156.54,3,85.6746,98.174,step
2026-08-31T19:07:29.279800+00:00,88.89,-0.0005,0.15,0.0,0.0016,0.0003,8155.9,3,85.1336,98.196,step
2026-08-31T19:07:29.281451+00:00,88.899,-0.0005,0.15,0.0,0.0016,0.0003,8155.94,3,84.5879,98.218,step
2026-08-31T19:07:29.282793+00:00,88.908,-0.0005,0.15,0.0,0.0016,0.0003,8156.07,3,84.0428,98.24,step
2026-08-31T19:07:29.284016+00:00,88.917,-0.0005,0.15,0.0,0.0016,0.0003,8156.48,3,83.5004,98.262,step
2026-08-31T19:07:29.285306+00:00,88.925,-0.0005,0.15,0.0,0.0016,0.0003,8157.16,3,82.9584,98.284,step
2026-08-31T19:07:29.286596+00:00,88.934,-0.0005,0.15,0.0,0.0016,0.0003,8158.07,3,82.4166,98.306,step
2026-08-31T19:07:29.287934+00:00,88.942,-0.0005,0.15,0.0,0.0017,0.0003,8159.19,3,81.8721,98.328,step
2026-08-31T19:07:29.289396+00:00,88.951,-0.0005,0.15,0.0,0.0017,0.0003,8160.29,3,81.3248,98.35,step
2026-08-31T19:07:29.290714+00:00,88.96,-0.0005,0.15,0.0,0.0018,0.0004,8161.19,3,80.777,98.372,step
2026-08-31T19:07:29.291982+00:00,88.968,-0.0005,0.15,0.0,0.0019,0.0004,8161.96,3,80.2291,98.394,step
2026-08-31T19:07:29.293232+00:00,88.977,-0.0005,0.15,0.0,0.002,0.0004,8162.65,3,79.6808,98.416,step
2026-08-31T19:07:29.294452+00:00,88.986,-0.0005,0.15,0.0,0.002,0.0005,8164.26,3,79.1315,98.438,step
2026-08-31T19:07:29.295676+00:00,88.995,-0.0004,0.15,0.0,0.002,0.0005,8164.71,3,78.5852,98.46,step
2026-08-31T19:07:29.297131+00:00,89.004,-0.0004,0.15,0.0,0.002,0.0005,8165.24,3,78.0415,98.482,step
2026-08-31T19:07:29.298371+00:00,89.013,-0.0005,0.15,0.0,0.002,0.0005,8165.84,3,77.4984,98.504,step
2026-08-31T19:07:29.299606+00:00,89.021,-0.0005,0.15,0.0,0.002,0.0005,8166.51,3,76.9556,98.526,step
2026-08-31T19:07:29.300828+00:00,89.03,-0.0005,0.15,0.0,0.002,0.0005,8167.23,3,76.4129,98.548,step
2026-08-31T19:07:29.302031+00:00,89.039,-0.0005,0.15,0.0,0.002,0.0005,8168.03,3,75.8704,98.57,step
2026-08-31T19:07:29.303247+00:00,89.047,-0.0005,0.15,0.0,0.002,0.0005,8168.87,3,75.3278,98.592,step
2026-08-31T19:07:29.304515+00:00,89.056,-0.0005,0.15,0.0,0.002,0.0005,8169.68,3,74.7852,98.614,step
2026-08-31T19:07:29.305952+00:00,89.065,-0.0005,0.15,0.0,0.002,0.0005,8170.59,3,74.2426,98.636,step
2026-08-31T19:07:29.307306+00:00,89.074,-0.0005,0.15,0.0,0.002,0.0005,8171.42,3,73.6972,98.658,step
2026-08-31T19:07:29.308608+00:00,89.082,-0.0005,0.15,0.0,0.002,0.0005,8172.26,3,73.1526,98.68,step
2026-08-31T19:07:29.309818+00:00,89.091,-0.0005,0.15,0.0,0.002,0.0005,8173.05,3,72.6098,98.702,step
2026-08-31T19:07:29.311036+00:00,89.1,-0.0005,0.15,0.0,0.0021,0.0005,8173.84,3,72.0646,98.724,step
2026-08-31T19:07:29.312276+00:00,89.109,-0.0005,0.15,0.0,0.0022,0.0005,8175.2,3,71.5173,98.746,step
2026-08-31T19:07:29.313556+00:00,89.118,-0.0005,0.15,0.0,0.0022,0.0006,8175.73,3,70.9694,98.768,step
2026-08-31T19:07:29.315040+00:00,89.127,-0.0005,0.15,0.0,0.0023,0.0006,8176.37,3,70.4213,98.79,step
2026-08-31T19:07:29.316263+00:00,89.136,-0.0005,0.15,0.0,0.0024,0.0006,8177.08,3,69.8731,98.812,step
2026-08-31T19:07:29.317457+00:00,89.145,-0.0005,0.15,0.0,0.0024,0.0007,8177.75,3,69.3239,98.834,step
2026-08-31T19:07:29.318633+00:00,89.153,-0.0005,0.15,0.0,0.0024,0.0007,8178.49,3,68.7776,98.856,step
2026-08-31T19:07:29.319861+00:00,89.162,-0.0005,0.15,0.0,0.0024,0.0007,8179.29,3,68.2337,98.878,step
2026-08-31T19:07:29.321203+00:00,89.171,-0.0005,0.15,0.0,0.0024,0.0007,8180.15,3,67.6902,98.9,step
2026-08-31T19:07:29.322700+00:00,89.179,-0.0005,0.15,0.0,0.0024,0.0007,8181.02,3,67.1468,98.922,step
2026-08-31T19:07:29.324122+00:00,89.188,-0.0005,0.15,0.0,0.0024,0.0007,8181.83,3,66.6035,98.944,step
2026-08-31T19:07:29.325389+00:00,89.197,-0.0005,0.15,0.0,0.0024,0.0007,8182.71,3,66.0603,98.966,step
2026-08-31T19:07:29.326606+00:00,89.206,-0.0005,0.15,0.0,0.0024,0.0006,8183.48,3,65.517,98.988,step
2026-08-31T19:07:29.327785+00:00,89.215,-0.0005,0.15,0.0,0.0023,0.0007,8184.3,3,64.9711,99.01,step
2026-08-31T19:07:29.328978+00:00,89.223,-0.0005,0.15,0.0,0.0023,0.0007,8185.19,3,64.4259,99.032,step
2026-08-31T19:07:29.330422+00:00,89.232,-0.0005,0.15,0.0,0.0023,0.0007,8186.09,3,63.8822,99.054,step
2026-08-31T19:07:29.331690+00:00,89.241,-0.0005,0.15,0.0,0.0024,0.0006,8186.78,3,63.3388,99.076,step
2026-08-31T19:07:29.332914+00:00,89.25,-0.0005,0.15,0.0,0.0024,0.0007,8187.52,3,62.7933,99.098,step
2026-08-31T19:07:29.334177+00:00,89.258,-0.0005,0.15,0.0,0.0025,0.0007,8188.29,3,62.2459,99.12,step
2026-08-31T19:07:29.335381+00:00,89.267,-0.0005,0.15,0.0,0.0026,0.0007,8189.03,3,61.698,99.142,step
2026-08-31T19:07:29.336591+00:00,89.276,-0.0005,0.15,0.0,0.0027,0.0008,8189.77,3,61.1501,99.164,step
2026-08-31T19:07:29.337872+00:00,89.284,-0.0005,0.15,0.0,0.0027,0.0008,8190.61,3,60.6021,99.186,step
2026-08-31T19:07:29.339326+00:00,89.293,-0.0005,0.15,0.0,0.0028,0.0008,8191.41,3,60.054,99.208,step
2026-08-31T19:07:29.340549+00:00,89.302,-0.0005,0.15,0.0,0.0028,0.0009,8192.1,3,59.5049,99.23,step
2026-08-31T19:07:29.341840+00:00,89.31,-0.0005,0.15,0.0,0.0028,0.0009,8192.89,3,58.9582,99.252,step
2026-08-31T19:07:29.343112+00:00,89.319,-0.0005,0.15,0.0,0.0028,0.0009,8193.74,3,58.4136,99.274,step
2026-08-31T19:07:29.344295+00:00,89.327,-0.0005,0.0,0.15,0.0028,0.0009,8194.51,3,57.8693,99.296,step
2026-08-31T19:07:29.345546+00:00,88.895,-0.0005,0.0,0.15,0.0028,0.0009,8019.63,3,57.3249,99.318,step
2026-08-31T19:07:29.346795+00:00,88.272,-0.0005,0.0,0.15,0.0028,0.0009,7959.63,3,56.7815,99.34,step
2026-08-31T19:07:29.348308+00:00,87.651,-0.0004,0.0,0.15,0.0029,0.001,7901.52,3,56.2406,99.362,step
2026-08-31T19:07:29.349556+00:00,87.033,-0.0004,0.0,0.15,0.0029,0.001,7845.51,3,55.7022,99.384,step
2026-08-31T19:07:29.350804+00:00,86.417,-0.0003,0.0,0.15,0.0029,0.0011,7790.83,3,55.1671,99.406,step
2026-08-31T19:07:29.351970+00:00,85.804,-0.0002,0.0,0.15,0.0029,0.0012,7736.57,3,54.6356,99.428,step
2026-08-31T19:07:29.353149+00:00,85.194,-0.0002,0.0,0.15,0.0029,0.0013,7682.56,3,54.108,99.45,step
2026-08-31T19:07:29.354410+00:00,84.585,-0.0001,0.0,0.15,0.003,0.0013,7628.47,3,53.5847,99.472,step
2026-08-31T19:07:29.355741+00:00,83.979,-0.0,0.0,0.15,0.003,0.0014,7574.51,3,53.0655,99.494,step
2026-08-31T19:07:29.356968+00:00,83.376,0.0,0.0,0.15,0.003,0.0015,7520.49,3,52.5503,99.516,step
2026-08-31T19:07:29.358203+00:00,82.773,0.0001,0.0,0.15,0.003,0.0015,7466.55,3,52.0392,99.538,step
2026-08-31T19:07:29.359474+00:00,82.173,0.0001,0.0,0.15,0.003,0.0016,7412.82,3,51.5319,99.56,step
2026-08-31T19:07:29.360701+00:00,81.575,0.0002,0.0,0.15,0.003,0.0016,7359.08,3,51.0284,99.582,step
2026-08-31T19:07:29.361930+00:00,80.979,0.0002,0.0,0.15,0.003,0.0017,7305.69,3,50.529,99.604,step
2026-08-31T19:07:29.363182+00:00,80.384,0.0003,0.0,0.15,0.003,0.0017,7252.48,3,50.0331,99.626,step
2026-08-31T19:07:29.364734+00:00,79.791,0.0004,0.0,0.15,0.0029,0.0018,7199.4,2,49.5409,99.648,step
2026-08-31T19:07:29.365989+00:00,79.221,0.0004,0.0,0.15,0.0029,0.0018,9047.75,2,49.0531,99.67,step
2026-08-31T19:07:29.367249+00:00,78.667,0.0005,0.0,0.15,0.0029,0.0018,9024.18,2,48.5705,99.692,step
2026-08-31T19:07:29.368488+00:00,78.07,0.0005,0.0,0.15,0.0028,0.0019,8842.55,2,48.0912,99.714,step
2026-08-31T19:07:29.369692+00:00,77.417,0.0006,0.0,0.15,0.0028,0.0019,8767.22,2,47.6132,99.736,step
2026-08-31T19:07:29.370913+00:00,76.768,0.0006,0.0,0.15,0.0028,0.002,8694.11,2,47.1387,99.758,step
2026-08-31T19:07:29.372397+00:00,76.122,0.0007,0.0,0.15,0.0028,0.002,8621.88,2,46.6679,99.78,step
2026-08-31T19:07:29.373594+00:00,75.48,0.0008,0.0,0.15,0.0028,0.0021,8550.49,2,46.2011,99.802,step
2026-08-31T19:07:29.374755+00:00,74.841,0.0009,0.0,0.15,0.0027,0.0022,8479.67,2,45.7384,99.824,step
2026-08-31T19:07:29.376004+00:00,74.205,0.001,0.0,0.15,0.0027,0.0022,8409.12,2,45.2798,99.846,step
2026-08-31T19:07:29.377214+00:00,73.573,0.2011,0.0,0.15,0.0027,0.0023,8338.79,2,44.8254,99.868,step
2026-08-31T19:07:29.378446+00:00,72.953,0.1985,0.0,0.15,0.0029,-0.0001,8269.77,2,44.5511,99.89,step
2026-08-31T19:07:29.379770+00:00,72.291,0.191,0.0,0.15,0.0037,-0.0068,8195.3,2,44.5893,99.912,step
2026-08-31T19:07:29.381267+00:00,71.649,0.1813,0.0,0.15,0.0052,-0.0155,8119.36,2,44.7583,99.934,step
2026-08-31T19:07:29.382468+00:00,71.021,0.1707,0.0,0.15,0.0073,-0.0247,8044.79,2,44.9601,99.956,step
2026-08-31T19:07:29.383695+00:00,70.397,-0.0402,0.0,0.15,0.0099,-0.0339,7972.83,2,45.1508,99.978,step
2026-08-31T19:07:29.384940+00:00,69.795,-0.0483,0.0,0.15,0.0129,-0.0403,7907.34,2,45.1489,100.0,step
2026-08-31T19:07:29.386128+00:00,69.162,0.1492,0.0,0.15,0.0157,-0.0413,7841.45,2,44.7891,100.022,step
2026-08-31T19:07:29.387430+00:00,68.557,0.1464,0.0,0.15,0.0186,-0.0427,7776.24,2,44.4556,100.044,step
2026-08-31T19:07:29.388709+00:00,67.927,0.1394,0.0,0.15,0.022,-0.0477,7707.29,2,44.3648,100.066,step
2026-08-31T19:07:29.390100+00:00,67.316,0.1308,0.0,0.15,0.026,-0.0541,7638.36,2,44.3584,100.088,step
2026-08-31T19:07:29.391315+00:00,66.715,0.1218,0.0,0.15,0.0304,-0.0607,7569.83,2,44.362,100.11,step
2026-08-31T19:07:29.392522+00:00,66.12,0.1128,0.0,0.15,0.0352,-0.067,7501.79,2,44.3487,100.132,step
2026-08-31T19:07:29.393718+00:00,65.527,0.1041,0.0,0.15,0.0403,-0.0729,7434.7,2,44.3101,100.154,step
2026-08-31T19:07:29.394909+00:00,64.938,0.0957,0.0,0.15,0.0457,-0.0784,7368.82,2,44.2439,100.176,step
2026-08-31T19:07:29.396080+00:00,64.351,0.0876,0.0,0.15,0.0514,-0.0834,7303.63,2,44.1508,100.198,step
2026-08-31T19:07:29.397562+00:00,63.767,0.0798,0.0,0.15,0.0574,-0.088,7238.83,2,44.0325,100.22,step
2026-08-31T19:07:29.398866+00:00,63.187,0.0724,0.0,0.15,0.0636,-0.0922,7174.52,2,43.8899,100.242,step
2026-08-31T19:07:29.400122+00:00,62.609,0.0653,0.0,0.15,0.07,-0.096,7110.29,2,43.7237,100.264,step
2026-08-31T19:07:29.401412+00:00,62.034,0.0586,0.0,0.15,0.0765,-0.0993,7046.26,2,43.5362,100.286,step
2026-08-31T19:07:29.402649+00:00,61.463,0.0521,0.0,0.15,0.0831,-0.1023,6982.56,2,43.3307,100.308,step
2026-08-31T19:07:29.403885+00:00,60.894,0.046,0.0,0.15,0.0899,-0.105,6919.04,2,43.1075,100.33,step
2026-08-31T19:07:29.405186+00:00,60.328,0.0401,0.0,0.15,0.0967,-0.1073,6855.49,2,42.8682,100.352,step
2026-08-31T19:07:29.406759+00:00,59.764,0.0346,0.0,0.15,0.1036,-0.1094,6792.25,2,42.6143,100.374,step
2026-08-31T19:07:29.408030+00:00,59.202,0.0293,0.0,0.15,0.1105,-0.1111,6729.03,2,42.348,100.396,step
2026-08-31T19:07:29.409318+00:00,58.642,0.0243,0.0,0.15,0.1175,-0.1126,6665.96,2,42.0696,100.418,step
2026-08-31T19:07:29.410627+00:00,58.084,0.0196,0.0,0.15,0.1244,-0.1138,6603.7,2,41.78,100.44,step
2026-08-31T19:07:29.411841+00:00,57.528,-0.3849,0.0,0.15,0.1313,-0.1148,6541.9,2,41.4816,100.462,step
2026-08-31T19:07:29.413105+00:00,56.995,0.0132,0.0,0.15,0.138,-0.1134,6479.92,2,41.0567,100.484,step
2026-08-31T19:07:29.414564+00:00,56.365,0.0159,0.0,0.15,0.144,-0.1079,6406.77,2,40.4243,100.506,step
2026-08-31T19:07:29.415789+00:00,55.811,0.0148,0.0,0.15,0.15,-0.1061,6348.45,2,39.9872,100.528,step
2026-08-31T19:07:29.417018+00:00,55.262,0.0117,0.0,0.15,0.156,-0.1061,6287.23,2,39.6508,100.55,step
2026-08-31T19:07:29.418283+00:00,54.717,0.0082,0.0,0.15,0.1621,-0.1066,6225.23,2,39.3367,100.572,step
2026-08-31T19:07:29.419479+00:00,54.173,0.0048,0.0,0.15,0.1682,-0.1069,6163.0,2,39.0251,100.594,step
2026-08-31T19:07:29.420734+00:00,53.631,0.0015,0.0,0.15,0.1742,-0.1072,6101.15,2,38.7109,100.616,step
2026-08-31T19:07:29.422133+00:00,53.09,-0.0016,0.0,0.15,0.1801,-0.1074,6039.88,2,38.3937,100.638,step
2026-08-31T19:07:29.423445+00:00,52.55,-0.0046,0.0,0.15,0.186,-0.1074,5978.91,2,38.0728,100.66,step
2026-08-31T19:07:29.424739+00:00,52.011,-0.0073,0.0,0.15,0.1918,-0.1073,5918.11,2,37.7479,100.682,step
2026-08-31T19:07:29.426020+00:00,51.475,-0.01,0.0,0.15,0.1975,-0.107,5857.59,2,37.4209,100.704,step
2026-08-31T19:07:29.427277+00:00,50.94,-0.0124,0.15,0.0,0.2031,-0.1067,5797.26,2,37.0923,100.726,step
2026-08-31T19:07:29.428487+00:00,50.892,-0.0148,0.15,0.0,0.2087,-0.1063,5902.72,2,36.762,100.748,step
2026-08-31T19:07:29.429808+00:00,50.969,-0.017,0.15,0.0,0.2142,-0.1058,5909.07,2,36.4281,100.77,step
2026-08-31T19:07:29.431201+00:00,51.045,-0.0192,0.15,0.0,0.2197,-0.1052,5916.28,2,36.0914,100.792,step
2026-08-31T19:07:29.432537+00:00,51.12,-0.0213,0.15,0.0,0.2251,-0.1047,5924.23,2,35.752,100.814,step
2026-08-31T19:07:29.433780+00:00,51.196,-0.0233,0.15,0.0,0.2305,-0.104,5932.96,2,35.4102,100.836,step
2026-08-31T19:07:29.435148+00:00,51.27,-0.0253,0.0,0.15,0.2359,-0.1033,5942.34,2,35.0654,100.858,step
2026-08-31T19:07:29.436436+00:00,50.86,-0.0272,0.15,0.0,0.2413,-0.1025,5792.19,2,34.7172,100.88,step
2026-08-31T19:07:29.437708+00:00,50.803,-0.0289,0.15,0.0,0.2465,-0.1016,5891.71,2,34.367,100.902,step
2026-08-31T19:07:29.439063+00:00,50.878,-0.0305,0.15,0.0,0.2517,-0.1007,5899.31,2,34.0139,100.924,step
2026-08-31T19:07:29.440308+00:00,50.953,-0.032,0.15,0.0,0.2569,-0.0997,5907.29,2,33.6591,100.946,step
2026-08-31T19:07:29.441546+00:00,51.028,-0.0334,0.15,0.0,0.2619,-0.0986,5914.59,2,33.3022,100.968,step
2026-08-31T19:07:29.442800+00:00,51.102,-0.0348,0.15,0.0,0.2669,-0.0976,5922.88,2,32.9437,100.99,step
2026-08-31T19:07:29.443973+00:00,51.176,-0.0361,0.15,0.0,0.2719,-0.0965,5931.56,2,32.5831,101.012,step
2026-08-31T19:07:29.445151+00:00,51.249,-0.0374,0.15,0.0,0.2768,-0.0953,5940.43,2,32.2207,101.034,step
2026-08-31T19:07:29.446363+00:00,51.323,-0.0386,0.0,0.15,0.2816,-0.0941,5949.44,2,31.8566,101.056,step
2026-08-31T19:07:29.448119+00:00,50.91,-0.0396,0.15,0.0,0.2864,-0.0928,5797.56,2,31.4899,101.078,step
2026-08-31T19:07:29.449352+00:00,50.85,-0.0405,0.15,0.0,0.2911,-0.0914,5897.25,2,31.1224,101.1,step
2026-08-31T19:07:29.450547+00:00,50.924,-0.0414,0.15,0.0,0.2956,-0.09,5904.53,2,30.7559,101.122,step
2026-08-31T19:07:29.451787+00:00,50.998,-0.0422,0.15,0.0,0.3002,-0.0887,5912.43,2,30.3894,101.144,step
2026-08-31T19:07:29.453123+00:00,51.072,-0.043,0.15,0.0,0.3046,-0.0873,5920.42,2,30.0223,101.166,step
2026-08-31T19:07:29.454399+00:00,51.146,-0.0437,0.0,0.15,0.309,-0.0859,5928.6,2,29.6544,101.188,step
2026-08-31T19:07:29.455867+00:00,50.732,-0.0443,0.0,0.15,0.3132,-0.0844,5778.46,2,29.2851,101.21,step
2026-08-31T19:07:29.457212+00:00,50.195,-0.0448,0.0,0.15,0.3174,-0.0828,5714.04,2,28.916,101.232,step
2026-08-31T19:07:29.458445+00:00,49.661,-0.0451,0.0,0.15,0.3215,-0.0812,5651.52,1,28.5485,101.254,step
2026-08-31T19:07:29.459757+00:00,49.135,-0.0453,0.0,0.15,0.3254,-0.0795,7582.03,1,28.1836,101.276,step
2026-08-31T19:07:29.461069+00:00,48.612,-0.0454,0.0,0.15,0.3292,-0.0778,7570.0,1,27.8229,101.298,step
2026-08-31T19:07:29.462376+00:00,48.057,-0.0455,0.0,0.15,0.3328,-0.0761,7324.15,1,27.4663,101.32,step
2026-08-31T19:07:29.463674+00:00,47.472,-0.0455,0.0,0.15,0.3364,-0.0744,7236.81,1,27.1125,101.342,step
2026-08-31T19:07:29.465226+00:00,46.891,-0.0454,0.0,0.15,0.3398,-0.0727,7150.42,1,26.7629,101.364,step
2026-08-31T19:07:29.466547+00:00,46.314,-0.0453,0.0,0.15,0.3431,-0.071,7064.06,1,26.4191,101.386,step
2026-08-31T19:07:29.467894+00:00,45.74,-0.04,0.0,0.15,0.3462,-0.0644,6978.59,1,26.081,101.408,step
2026-08-31T19:07:29.469209+00:00,45.17,-0.0306,0.0,0.15,0.3488,-0.0541,6893.31,1,25.7513,101.43,step
2026-08-31T19:07:29.470521+00:00,44.604,-0.0213,0.0,0.15,0.351,-0.0441,6808.4,1,25.4344,101.452,step
2026-08-31T19:07:29.471849+00:00,44.041,-0.0123,0.0,0.15,0.3527,-0.0346,6723.77,1,25.1327,101.474,step
2026-08-31T19:07:29.473460+00:00,43.481,-0.0035,0.0,0.15,0.354,-0.0255,6639.53,1,24.8457,101.496,step
2026-08-31T19:07:29.474792+00:00,42.924,0.005,0.0,0.15,0.355,-0.0168,6555.24,1,24.572,101.518,step
2026-08-31T19:07:29.476149+00:00,42.368,0.0134,0.0,0.15,0.3556,-0.0085,6472.68,1,24.311,101.54,step
2026-08-31T19:07:29.477457+00:00,41.815,0.0215,0.0,0.15,0.3559,-0.0006,6389.95,1,24.0625,101.562,step
2026-08-31T19:07:29.478856+00:00,41.265,0.0293,0.0,0.15,0.3559,0.007,6307.3,1,23.8264,101.584,step
2026-08-31T19:07:29.480144+00:00,40.717,0.0369,0.0,0.15,0.3557,0.0142,6224.78,1,23.6014,101.606,step
2026-08-31T19:07:29.481630+00:00,40.172,0.0443,0.0,0.15,0.3551,0.021,6142.3,1,23.3868,101.628,step
2026-08-31T19:07:29.482960+00:00,39.63,0.0514,0.0,0.15,0.3544,0.0275,6060.0,1,23.1817,101.65,step
2026-08-31T19:07:29.484232+00:00,39.09,0.0584,0.15,0.0,0.3535,0.0338,5978.07,1,22.9857,101.672,step
2026-08-31T19:07:29.485547+00:00,39.113,0.0653,0.0,0.15,0.3523,0.0399,6120.71,1,22.7944,101.694,step
2026-08-31T19:07:29.486836+00:00,38.687,0.072,0.0,0.15,0.351,0.0457,5920.49,1,22.6091,101.716,step
2026-08-31T19:07:29.488201+00:00,38.15,0.0785,0.8,0.0,0.3494,0.0513,5837.89,1,22.4339,101.738,step
2026-08-31T19:07:29.489930+00:00,38.627,0.0849,0.0,0.15,0.3477,0.0565,7024.43,1,22.2654,101.76,step
2026-08-31T19:07:29.491301+00:00,38.596,0.0912,0.0,0.15,0.3458,0.0618,5917.63,1,22.0987,101.782,step
2026-08-31T19:07:29.492696+00:00,38.06,0.0974,0.0,0.15,0.3438,0.0667,5827.08,1,21.9381,101.804,step
2026-08-31T19:07:29.493995+00:00,37.524,0.1034,0.0,0.15,0.3416,0.0715,5741.98,1,21.7854,101.826,step
2026-08-31T19:07:29.495310+00:00,36.992,0.1092,0.0,0.15,0.3394,0.0759,5659.19,1,21.6402,101.848,step
2026-08-31T19:07:29.496877+00:00,36.463,0.1147,0.8,0.0,0.337,0.0801,5578.05,1,21.5018,101.87,step
2026-08-31T19:07:29.498268+00:00,36.929,0.1201,0.0,0.15,0.3345,0.0841,6714.55,1,21.3688,101.892,step
2026-08-31T19:07:29.499704+00:00,36.88,0.1256,0.0,0.15,0.3319,0.0881,5656.38,1,21.2361,101.914,step
2026-08-31T19:07:29.501028+00:00,36.355,0.1309,0.0,0.15,0.3291,0.0919,5568.47,1,21.1077,101.936,step
2026-08-31T19:07:29.502291+00:00,35.828,0.136,0.0,0.15,0.3263,0.0954,5484.57,1,20.9855,101.958,step
2026-08-31T19:07:29.503580+00:00,35.306,0.1409,0.8,0.0,0.3235,0.0988,5398.57,1,20.8692,101.98,step
2026-08-31T19:07:29.504929+00:00,35.748,0.1457,0.0,0.15,0.3205,0.102,6526.8,1,20.7578,102.002,step
2026-08-31T19:07:29.506480+00:00,35.702,0.1505,0.0,0.15,0.3175,0.1051,5475.86,1,20.6466,102.024,step
2026-08-31T19:07:29.507794+00:00,35.18,0.1552,0.0,0.15,0.3143,0.1081,5388.95,1,20.538,102.046,step
2026-08-31T19:07:29.509093+00:00,34.656,0.1597,0.8,0.0,0.3112,0.111,5306.65,1,20.4349,102.068,step
2026-08-31T19:07:29.510365+00:00,35.135,0.164,0.0,0.15,0.308,0.1136,6295.46,1,20.3364,102.09,step
2026-08-31T19:07:29.511630+00:00,35.034,0.1684,0.0,0.15,0.3046,0.1162,5372.93,1,20.2378,102.112,step
2026-08-31T19:07:29.512914+00:00,34.513,0.1727,0.0,0.15,0.3013,0.1187,5286.89,1,20.1422,102.134,step
2026-08-31T19:07:29.514463+00:00,33.991,0.1768,0.8,0.0,0.2979,0.121,5235.99,1,20.0522,102.156,step
2026-08-31T19:07:29.515972+00:00,34.466,0.1807,0.0,0.15,0.2945,0.1232,6172.24,1,19.9666,102.178,step
2026-08-31T19:07:29.517286+00:00,34.359,0.1847,0.0,0.15,0.291,0.1253,5269.2,1,19.8799,102.2,step
2026-08-31T19:07:29.518660+00:00,33.84,0.1886,0.0,0.15,0.2874,0.1273,5235.99,1,19.7962,102.222,step
2026-08-31T19:07:29.520084+00:00,33.318,0.1922,0.8,0.0,0.2839,0.1292,5235.99,1,19.7174,102.244,step
2026-08-31T19:07:29.521444+00:00,33.791,0.1958,0.0,0.15,0.2804,0.1309,6037.52,1,19.6422,102.266,step
2026-08-31T19:07:29.523076+00:00,33.671,0.1994,0.0,0.15,0.2767,0.1326,5235.99,1,19.5657,102.288,step
2026-08-31T19:07:29.524445+00:00,33.151,0.2029,0.8,0.0,0.2731,0.1342,5235.99,1,19.4921,102.31,step
2026-08-31T19:07:29.525772+00:00,33.64,0.2062,0.0,0.15,0.2695,0.1356,5961.4,1,19.4227,102.332,step
2026-08-31T19:07:29.527051+00:00,33.5,0.2096,0.0,0.15,0.2658,0.1371,5235.99,1,19.352,102.354,step
2026-08-31T19:07:29.528338+00:00,32.979,0.2128,0.0,0.15,0.2621,0.1385,5235.99,1,19.2847,102.376,step
2026-08-31T19:07:29.529558+00:00,32.458,0.2159,0.8,0.0,0.2584,0.1396,5235.99,1,19.2221,102.398,step
2026-08-31T19:07:29.530937+00:00,32.93,0.2188,0.0,0.15,0.2547,0.1407,5866.12,1,19.1628,102.42,step
2026-08-31T19:07:29.532329+00:00,32.795,0.2218,0.0,0.15,0.251,0.1418,5235.99,1,19.1016,102.442,step
2026-08-31T19:07:29.533707+00:00,32.276,0.2247,0.8,0.0,0.2473,0.1428,5235.99,1,19.0432,102.464,step
2026-08-31T19:07:29.535023+00:00,32.762,0.2275,0.0,0.15,0.2436,0.1436,5787.56,1,18.9884,102.486,step
2026-08-31T19:07:29.536366+00:00,32.608,0.2303,0.0,0.15,0.2398,0.1446,5235.99,1,18.9316,102.508,step
2026-08-31T19:07:29.537764+00:00,32.087,0.233,0.8,0.0,0.2361,0.1454,5235.99,1,18.8778,102.53,step
2026-08-31T19:07:29.539047+00:00,32.567,0.2355,0.0,0.15,0.2323,0.146,5766.75,1,18.8279,102.552,step
2026-08-31T19:07:29.540696+00:00,32.415,0.2382,0.0,0.15,0.2285,0.1467,5235.99,1,18.7763,102.574,step
2026-08-31T19:07:29.541983+00:00,31.894,0.2407,0.8,0.0,0.2248,0.1473,5235.99,1,18.7276,102.596,step
2026-08-31T19:07:29.543314+00:00,32.379,0.243,0.0,0.15,0.221,0.1477,5713.92,1,18.6825,102.618,step
2026-08-31T19:07:29.544637+00:00,32.218,0.2454,0.0,0.15,0.2172,0.1483,5235.99,1,18.6357,102.64,step
2026-08-31T19:07:29.545950+00:00,31.696,0.2477,0.8,0.0,0.2135,0.1487,5235.99,1,18.5915,102.662,step
2026-08-31T19:07:29.547280+00:00,32.181,0.2499,0.0,0.15,0.2098,0.1489,5676.66,1,18.5512,102.684,step
2026-08-31T19:07:29.548846+00:00,32.017,0.2521,0.0,0.15,0.206,0.1493,5235.99,1,18.5087,102.706,step
2026-08-31T19:07:29.550138+00:00,31.495,0.2542,0.8,0.0,0.2023,0.1495,5235.99,1,18.4689,102.728,step
2026-08-31T19:07:29.551414+00:00,31.979,0.2562,0.0,0.15,0.1986,0.1496,5637.73,1,18.4325,102.75,step
2026-08-31T19:07:29.552715+00:00,31.812,0.2582,0.0,0.15,0.1949,0.1498,5235.99,1,18.3941,102.772,step
2026-08-31T19:07:29.554020+00:00,31.29,0.2601,0.8,0.0,0.1912,0.1499,5235.99,1,18.3583,102.794,step
2026-08-31T19:07:29.555366+00:00,31.774,0.2619,0.0,0.15,0.1876,0.1499,5597.65,1,18.326,102.816,step
2026-08-31T19:07:29.556994+00:00,31.603,0.2638,0.0,0.15,0.1839,0.1499,5235.99,1,18.2916,102.838,step
2026-08-31T19:07:29.558336+00:00,31.081,0.2656,0.8,0.0,0.1803,0.1499,5235.99,1,18.2598,102.86,step
2026-08-31T19:07:29.559635+00:00,31.565,0.2672,0.0,0.15,0.1767,0.1497,5554.79,1,18.2314,102.882,step
2026-08-31T19:07:29.560958+00:00,31.39,0.2689,0.0,0.15,0.173,0.1496,5235.99,1,18.2003,102.904,step
2026-08-31T19:07:29.562182+00:00,30.867,0.2705,0.8,0.0,0.1695,0.1494,5235.99,1,18.1723,102.926,step
2026-08-31T19:07:29.563509+00:00,31.352,0.272,0.0,0.15,0.166,0.1491,5513.96,1,18.1488,102.948,step
2026-08-31T19:07:29.564970+00:00,31.173,0.2735,0.0,0.15,0.1624,0.1489,5235.99,1,18.1248,102.97,step
2026-08-31T19:07:29.566280+00:00,30.65,0.275,0.8,0.0,0.1589,0.1486,5235.99,1,18.1055,102.992,step
2026-08-31T19:07:29.567569+00:00,31.135,0.2763,0.0,0.15,0.1555,0.1482,5470.95,1,18.0913,103.014,step
2026-08-31T19:07:29.568842+00:00,30.952,0.2777,0.0,0.15,0.152,0.1479,5235.99,1,18.0764,103.036,step
2026-08-31T19:07:29.570082+00:00,30.429,0.279,0.8,0.0,0.1486,0.1475,5235.99,1,18.0664,103.058,step
2026-08-31T19:07:29.571391+00:00,30.917,0.2802,0.8,0.0,0.1452,0.1471,5420.96,1,18.0614,103.08,step
2026-08-31T19:07:29.573002+00:00,31.685,0.2812,0.0,0.15,0.1417,0.1464,5626.58,1,18.0629,103.102,step
2026-08-31T19:07:29.574307+00:00,31.538,0.2826,0.0,0.15,0.1382,0.146,5235.99,1,18.0599,103.124,step
2026-08-31T19:07:29.575640+00:00,31.011,0.2838,0.0,0.15,0.1348,0.1456,5235.99,1,18.0605,103.146,step
2026-08-31T19:07:29.576895+00:00,30.488,0.2849,0.8,0.0,0.1315,0.145,5235.99,1,18.0679,103.168,step
2026-08-31T19:07:29.578136+00:00,30.959,0.2858,0.8,0.0,0.1282,0.1443,5483.95,1,18.0816,103.19,step
2026-08-31T19:07:29.579488+00:00,31.718,0.2866,0.0,0.15,0.1249,0.1434,5742.66,1,18.104,103.212,step
2026-08-31T19:07:29.580961+00:00,31.614,0.2876,0.0,0.15,0.1215,0.1428,5235.99,1,18.122,103.234,step
2026-08-31T19:07:29.582262+00:00,31.09,0.2887,0.8,0.0,0.1182,0.1422,5235.99,1,18.1423,103.256,step
2026-08-31T19:07:29.583548+00:00,31.579,0.2895,0.0,0.15,0.115,0.1415,5550.12,1,18.171,103.278,step
2026-08-31T19:07:29.584852+00:00,31.401,0.2905,0.0,0.15,0.1117,0.1408,5235.99,1,18.2004,103.3,step
2026-08-31T19:07:29.586118+00:00,30.877,0.2913,0.8,0.0,0.1085,0.1401,5235.99,1,18.2354,103.322,step
2026-08-31T19:07:29.587398+00:00,31.355,0.292,0.8,0.0,0.1054,0.1393,5545.27,1,18.2791,103.344,step
2026-08-31T19:07:29.588948+00:00,32.124,0.2925,0.0,0.15,0.1022,0.1382,5806.83,1,18.3338,103.366,step
2026-08-31T19:07:29.590297+00:00,32.02,0.2933,0.0,0.15,0.0989,0.1374,5235.99,1,18.3847,103.388,step
2026-08-31T19:07:29.591602+00:00,31.496,0.2941,0.8,0.0,0.0958,0.1367,5235.99,1,18.4377,103.41,step
2026-08-31T19:07:29.592977+00:00,31.985,0.2947,0.0,0.15,0.0927,0.1358,5639.1,1,18.5017,103.432,step
2026-08-31T19:07:29.594334+00:00,31.818,0.2955,0.8,0.0,0.0896,0.135,5235.99,1,18.5676,103.454,step
2026-08-31T19:07:29.595690+00:00,32.315,0.2961,0.0,0.15,0.0865,0.1341,5683.8,1,18.6426,103.476,step
2026-08-31T19:07:29.597059+00:00,32.145,0.2967,0.8,0.0,0.0835,0.1333,5235.99,1,18.7206,103.498,step
2026-08-31T19:07:29.598609+00:00,32.647,0.2973,0.0,0.15,0.0804,0.1323,5739.99,1,18.8091,103.52,step
2026-08-31T19:07:29.599895+00:00,32.479,0.2979,0.8,0.0,0.0774,0.1315,5235.99,1,18.9012,103.542,step
2026-08-31T19:07:29.601194+00:00,32.983,0.2984,0.0,0.15,0.0743,0.1305,5806.44,1,19.0044,103.564,step
2026-08-31T19:07:29.602484+00:00,32.821,0.299,0.8,0.0,0.0713,0.1296,5235.99,1,19.1124,103.586,step
2026-08-31T19:07:29.603778+00:00,33.325,0.2995,0.8,0.0,0.0683,0.1286,5882.77,1,19.233,103.608,step
2026-08-31T19:07:29.605360+00:00,34.122,0.2996,0.0,0.15,0.0653,0.1273,6224.19,1,19.3781,103.63,step
2026-08-31T19:07:29.606637+00:00,34.062,0.3,0.0,0.15,0.0622,0.1262,5235.99,1,19.5209,103.652,step
2026-08-31T19:07:29.607954+00:00,33.534,0.3005,0.8,0.0,0.0592,0.1253,5235.99,1,19.6659,103.674,step
2026-08-31T19:07:29.609184+00:00,34.026,0.3008,0.8,0.0,0.0563,0.1241,6078.95,1,19.8324,103.696,step
2026-08-31T19:07:29.610413+00:00,34.825,0.3007,0.8,0.0,0.0533,0.1226,6503.31,1,20.0301,103.718,step
2026-08-31T19:07:29.611635+00:00,35.691,0.3004,0.0,0.15,0.0503,0.1208,6947.28,1,20.2571,103.74,step
2026-08-31T19:07:29.612940+00:00,35.831,0.3005,0.0,0.15,0.0471,0.1194,5505.9,1,20.4812,103.762,step
2026-08-31T19:07:29.614481+00:00,35.294,0.301,0.8,0.0,0.0442,0.1185,5405.44,1,20.6915,103.784,step
2026-08-31T19:07:29.615895+00:00,35.769,0.3012,0.15,0.0,0.0413,0.1172,6504.46,1,20.9357,103.806,step
2026-08-31T19:07:29.617162+00:00,36.255,0.3012,0.15,0.0,0.0384,0.1159,5676.89,1,21.206,103.828,step
2026-08-31T19:07:29.618428+00:00,36.355,0.3021,0.15,0.0,0.0356,0.1154,5696.8,1,21.4446,103.85,step
2026-08-31T19:07:29.619680+00:00,36.456,0.3031,0.15,0.0,0.0328,0.115,5712.99,1,21.6966,103.872,step
2026-08-31T19:07:29.620960+00:00,36.557,0.3039,0.15,0.0,0.03,0.1145,5730.63,1,21.9695,103.894,step
2026-08-31T19:07:29.622495+00:00,36.658,0.3047,0.15,0.0,0.0273,0.1139,5747.62,1,22.2662,103.916,step
2026-08-31T19:07:29.623853+00:00,36.761,0.3054,0.15,0.0,0.0247,0.1134,5763.94,1,22.586,103.938,step
2026-08-31T19:07:29.625245+00:00,36.864,0.3062,0.15,0.0,0.022,0.1128,5779.57,1,22.9283,103.96,step
2026-08-31T19:07:29.626577+00:00,36.966,0.3069,0.15,0.0,0.0193,0.1122,5795.77,1,23.2951,103.982,step
2026-08-31T19:07:29.627879+00:00,37.069,0.3076,0.15,0.0,0.0167,0.1116,5812.13,1,23.6893,104.004,step
2026-08-31T19:07:29.629170+00:00,37.171,0.3083,0.15,0.0,0.0141,0.111,5828.86,1,24.1139,104.026,step
2026-08-31T19:07:29.630509+00:00,37.273,0.3089,0.15,0.0,0.0115,0.1104,5845.56,1,24.5703,104.048,step
2026-08-31T19:07:29.632038+00:00,37.376,0.3095,0.15,0.0,0.0089,0.1097,5861.77,1,25.0626,104.07,step
2026-08-31T19:07:29.633289+00:00,37.477,0.3101,0.15,0.0,0.0063,0.109,5878.75,1,25.5957,104.092,step
2026-08-31T19:07:29.634598+00:00,37.58,0.3107,0.15,0.0,0.0038,0.1083,5894.96,1,26.1724,104.114,step
2026-08-31T19:07:29.635841+00:00,37.681,0.3112,0.15,0.0,0.0012,0.1076,5911.77,1,26.7975,104.136,step
2026-08-31T19:07:29.637061+00:00,37.783,0.3117,0.15,0.0,-0.0013,0.1069,5927.9,1,27.4761,104.158,step
2026-08-31T19:07:29.638388+00:00,37.888,0.3121,0.15,0.0,-0.0037,0.1061,5937.0,1,28.2131,104.18,step
2026-08-31T19:07:29.639843+00:00,37.988,0.3126,0.15,0.0,-0.0062,0.1054,5954.64,1,29.009,104.202,step
2026-08-31T19:07:29.641173+00:00,38.088,0.3131,0.15,0.0,-0.0086,0.1047,5971.89,1,29.877,104.224,step
2026-08-31T19:07:29.642484+00:00,38.189,0.3135,0.15,0.0,-0.011,0.1039,5989.94,1,30.8286,104.246,step
2026-08-31T19:07:29.643726+00:00,38.29,0.3138,0.15,0.0,-0.0134,0.1031,6007.27,1,31.8742,104.268,step
2026-08-31T19:07:29.644977+00:00,38.392,0.3142,0.15,0.0,-0.0158,0.1023,6023.88,1,33.0262,104.29,step
2026-08-31T19:07:29.646266+00:00,38.495,0.3144,0.15,0.0,-0.0182,0.1014,6040.24,1,34.2977,104.312,step
2026-08-31T19:07:29.647698+00:00,38.598,0.3147,0.15,0.0,-0.0205,0.1006,6056.25,1,35.7032,104.334,step
2026-08-31T19:07:29.649122+00:00,38.7,0.315,0.15,0.0,-0.0228,0.0997,6072.32,1,37.2671,104.356,step
2026-08-31T19:07:29.650406+00:00,38.803,0.3152,0.15,0.0,-0.025,0.0988,6088.44,1,39.0126,104.378,step
2026-08-31T19:07:29.651728+00:00,38.906,0.3154,0.15,0.0,-0.0273,0.0979,6104.77,1,40.9686,104.4,step
2026-08-31T19:07:29.653064+00:00,39.009,0.3155,0.15,0.0,-0.0295,0.097,6120.64,1,43.1751,104.422,step
2026-08-31T19:07:29.654419+00:00,39.112,0.1157,0.8,0.0,-0.0316,0.0961,6136.38,1,45.6795,104.444,step
2026-08-31T19:07:29.655998+00:00,39.739,0.1178,0.8,0.0,-0.034,0.097,7189.56,1,47.8223,104.466,step
2026-08-31T19:07:29.657416+00:00,40.588,0.1231,0.8,0.0,-0.037,0.1007,8008.37,1,49.0864,104.488,step
2026-08-31T19:07:29.658722+00:00,41.513,0.129,0.8,0.0,-0.0403,0.1048,8978.9,1,50.2846,104.51,step
2026-08-31T19:07:29.660048+00:00,42.501,0.135,0.8,0.0,-0.044,0.1087,10125.7,1,51.6872,104.532,step
2026-08-31T19:07:29.661294+00:00,43.531,0.1353,0.8,0.0,-0.048,0.1072,11195.8,1,53.4073,104.554,step
2026-08-31T19:07:29.662482+00:00,44.582,0.1326,0.8,0.0,-0.0519,0.1027,12200.9,1,55.4957,104.576,step
2026-08-31T19:07:29.663785+00:00,45.635,0.1296,0.8,0.0,-0.0558,0.0979,13191.3,1,57.9867,104.598,step
2026-08-31T19:07:29.665439+00:00,46.676,0.1261,0.8,0.0,-0.0596,0.0927,14229.6,1,60.9511,104.62,step
2026-08-31T19:07:29.666682+00:00,47.709,0.1224,0.8,0.0,-0.0635,0.0872,15315.4,1,64.4946,104.642,step
2026-08-31T19:07:29.667947+00:00,48.754,0.1183,0.8,0.0,-0.0673,0.0815,16402.2,1,68.7691,104.664,step
2026-08-31T19:07:29.669177+00:00,49.794,0.1138,0.8,0.0,-0.071,0.0754,17514.7,1,72.7967,104.686,step
2026-08-31T19:07:29.670497+00:00,50.836,0.1089,0.8,0.0,-0.0746,0.0689,18602.7,2,76.1076,104.708,step
2026-08-31T19:07:29.671829+00:00,51.865,0.1035,0.8,0.0,-0.0782,0.062,13798.4,2,79.085,104.73,step
2026-08-31T19:07:29.673193+00:00,52.85,0.0977,0.8,0.0,-0.0816,0.0548,13779.0,2,81.8462,104.752,step
2026-08-31T19:07:29.674425+00:00,53.798,0.0917,0.8,0.0,-0.0849,0.0474,8415.37,2,84.4214,104.774,step
2026-08-31T19:07:29.675652+00:00,54.722,0.0856,0.8,0.0,-0.0879,0.0401,8533.49,2,86.7696,104.796,step
2026-08-31T19:07:29.676924+00:00,55.639,0.0795,0.8,0.0,-0.0907,0.0329,8699.5,2,88.9307,104.818,step
2026-08-31T19:07:29.678150+00:00,56.554,0.0733,0.8,0.0,-0.0932,0.0257,8909.18,2,90.953,104.84,step
2026-08-31T19:07:29.679380+00:00,57.472,0.067,0.8,0.0,-0.0954,0.0186,9164.9,2,92.8723,104.862,step
2026-08-31T19:07:29.680684+00:00,58.395,0.0606,0.8,0.0,-0.0974,0.0114,9472.34,2,94.8471,104.884,step
2026-08-31T19:07:29.682075+00:00,59.323,0.054,0.8,0.0,-0.099,0.0043,9792.31,2,96.9357,104.906,step
2026-08-31T19:07:29.683407+00:00,60.258,0.0472,0.8,0.0,-0.1004,-0.0028,10095.8,2,99.15,104.928,step
2026-08-31T19:07:29.684693+00:00,61.198,0.0403,0.8,0.0,-0.1014,-0.01,10384.0,2,101.497,104.95,step
2026-08-31T19:07:29.685977+00:00,62.144,0.0333,0.8,0.0,-0.1022,-0.0172,10658.6,2,103.984,104.972,step
2026-08-31T19:07:29.687329+00:00,63.092,0.0261,0.8,0.0,-0.1026,-0.0243,10924.2,2,106.613,104.994,step
2026-08-31T19:07:29.688744+00:00,64.041,0.0187,0.8,0.0,-0.1028,-0.0314,11183.7,2,109.406,105.016,step
2026-08-31T19:07:29.690277+00:00,64.99,0.0112,0.8,0.0,-0.1026,-0.0386,11436.6,2,112.393,105.038,step
2026-08-31T19:07:29.691622+00:00,65.941,0.0035,0.8,0.0,-0.102,-0.0458,11681.0,2,115.601,105.06,step
2026-08-31T19:07:29.692961+00:00,66.895,-0.0045,0.8,0.0,-0.1011,-0.053,11916.0,2,118.99,105.082,step
2026-08-31T19:07:29.694224+00:00,67.852,-0.0126,0.8,0.0,-0.0999,-0.0602,12139.7,2,122.441,105.104,step
2026-08-31T19:07:29.695519+00:00,68.811,-0.0208,0.8,0.0,-0.0983,-0.0674,12357.5,2,125.926,105.126,step
2026-08-31T19:07:29.696831+00:00,69.715,-0.0292,0.8,0.0,-0.0964,-0.0745,12665.3,2,129.405,105.148,step
2026-08-31T19:07:29.698539+00:00,70.638,-0.0377,0.8,0.0,-0.0941,-0.0815,12940.7,2,132.9,105.17,step
2026-08-31T19:07:29.699839+00:00,71.579,-0.0463,0.8,0.0,-0.0914,-0.0885,13186.1,2,136.382,105.192,step
2026-08-31T19:07:29.701116+00:00,72.535,-0.0549,0.8,0.0,-0.0883,-0.0954,13407.1,2,139.824,105.214,step
2026-08-31T19:07:29.702322+00:00,73.505,-0.0636,0.8,0.0,-0.0849,-0.102,13604.4,2,143.197,105.236,step
2026-08-31T19:07:29.703537+00:00,74.486,-0.0722,0.8,0.0,-0.081,-0.1085,13784.2,2,59.9843,105.258,step
2026-08-31T19:07:29.704759+00:00,75.472,-0.0808,0.8,0.0,-0.0767,-0.1147,13955.7,2,56.4468,105.28,step
2026-08-31T19:07:29.706284+00:00,76.463,-0.0893,0.15,0.0,-0.072,-0.1206,14122.0,2,53.4642,105.302,step
2026-08-31T19:07:29.707513+00:00,77.443,-0.0976,0.15,0.0,-0.0669,-0.1261,12193.7,2,50.9093,105.324,step
2026-08-31T19:07:29.708725+00:00,78.375,-0.1049,0.0,0.15,-0.0612,-0.1305,10504.8,2,48.9483,105.346,step
2026-08-31T19:07:29.709970+00:00,78.661,-0.1095,0.0,0.15,-0.0549,-0.1318,8964.17,2,48.1586,105.368,step
2026-08-31T19:07:29.711249+00:00,78.05,-0.1101,0.0,0.15,-0.0478,-0.1289,8811.38,2,48.8952,105.39,step
2026-08-31T19:07:29.712524+00:00,77.408,-0.1091,0.15,0.0,-0.0402,-0.1243,8740.13,2,50.3227,105.412,step
2026-08-31T19:07:29.713778+00:00,77.225,-0.1076,0.15,0.0,-0.0324,-0.1191,8948.67,2,52.1299,105.434,step
2026-08-31T19:07:29.715184+00:00,77.277,-0.1059,0.15,0.0,-0.0244,-0.1137,8951.54,2,54.1753,105.456,step
2026-08-31T19:07:29.716441+00:00,77.325,-0.1043,0.15,0.0,-0.0165,-0.1083,8953.7,2,56.8744,105.478,step
2026-08-31T19:07:29.717707+00:00,77.369,-0.1026,0.8,0.0,-0.0087,-0.103,8956.67,2,137.601,105.5,step
2026-08-31T19:07:29.718947+00:00,77.969,-0.1008,0.8,0.0,-0.0012,-0.0977,9864.73,2,134.104,105.522,step
2026-08-31T19:07:29.720228+00:00,78.876,-0.0984,0.8,0.0,0.0061,-0.0918,10202.1,2,130.344,105.544,step
2026-08-31T19:07:29.721482+00:00,79.857,-0.0955,0.8,0.0,0.0133,-0.0855,10402.9,2,126.458,105.566,step
2026-08-31T19:07:29.722891+00:00,80.868,-0.0924,0.8,0.0,0.0203,-0.0792,10544.8,3,122.578,105.588,step
2026-08-31T19:07:29.724293+00:00,81.492,-0.0896,0.15,0.0,0.027,-0.0732,8335.2,3,118.981,105.61,step
2026-08-31T19:07:29.725634+00:00,81.4,-0.0877,0.15,0.0,0.0332,-0.0684,8346.4,3,116.0,105.632,step
2026-08-31T19:07:29.726947+00:00,81.34,-0.0856,0.15,0.0,0.0389,-0.0637,7444.85,3,113.105,105.654,step
2026-08-31T19:07:29.728328+00:00,81.311,-0.0833,0.15,0.0,0.0441,-0.0589,7461.03,3,110.255,105.676,step
2026-08-31T19:07:29.729640+00:00,81.326,-0.0809,0.15,0.0,0.0489,-0.0544,7462.27,3,107.539,105.698,step
2026-08-31T19:07:29.731209+00:00,81.341,-0.0785,0.15,0.0,0.0532,-0.0499,7463.08,3,104.927,105.72,step
2026-08-31T19:07:29.732535+00:00,81.356,-0.076,0.15,0.0,0.0572,-0.0456,7463.62,3,102.408,105.742,step
2026-08-31T19:07:29.733868+00:00,81.37,-0.0735,0.15,0.0,0.0608,-0.0415,7464.51,3,100.015,105.764,step
2026-08-31T19:07:29.735211+00:00,81.385,-0.071,0.15,0.0,0.064,-0.0375,7465.58,3,97.7866,105.786,step
2026-08-31T19:07:29.736563+00:00,81.4,-0.0686,0.15,0.0,0.067,-0.0338,7466.78,3,95.7047,105.808,step
2026-08-31T19:07:29.737877+00:00,81.415,-0.0661,0.15,0.0,0.0696,-0.0301,7468.16,3,93.748,105.83,step
2026-08-31T19:07:29.739498+00:00,81.43,-0.0637,0.15,0.0,0.0719,-0.0267,7468.74,3,91.908,105.852,step
2026-08-31T19:07:29.740863+00:00,81.445,-0.0614,0.15,0.0,0.074,-0.0235,7469.66,3,90.1832,105.874,step
2026-08-31T19:07:29.742181+00:00,81.46,-0.059,0.15,0.0,0.0758,-0.0204,7471.53,3,88.5525,105.896,step
2026-08-31T19:07:29.743436+00:00,81.474,-0.0567,0.15,0.0,0.0773,-0.0174,7473.79,3,86.9891,105.918,step
2026-08-31T19:07:29.744681+00:00,81.489,-0.0543,0.15,0.0,0.0786,-0.0144,7475.69,3,85.4773,105.94,step
2026-08-31T19:07:29.745940+00:00,81.504,-0.0518,0.15,0.0,0.0796,-0.0116,7477.42,3,84.0254,105.962,step
2026-08-31T19:07:29.747314+00:00,81.519,-0.0494,0.15,0.0,0.0805,-0.0088,7478.83,3,82.6349,105.984,step
2026-08-31T19:07:29.748721+00:00,81.534,-0.0469,0.15,0.0,0.0811,-0.0062,7480.28,3,81.3083,106.006,step
2026-08-31T19:07:29.749996+00:00,81.549,-0.0446,0.15,0.0,0.0815,-0.0037,7481.61,3,80.0423,106.028,step
2026-08-31T19:07:29.751264+00:00,81.564,-0.0422,0.15,0.0,0.0817,-0.0013,7482.97,3,78.8292,106.05,step
2026-08-31T19:07:29.752489+00:00,81.579,-0.0398,0.15,0.0,0.0817,0.001,7484.31,3,77.6672,106.072,step
2026-08-31T19:07:29.753759+00:00,81.593,-0.0375,0.15,0.0,0.0816,0.0032,7485.43,3,76.5393,106.094,step
2026-08-31T19:07:29.755117+00:00,81.606,-0.0351,0.15,0.0,0.0812,0.0053,7486.63,3,75.4629,106.116,step
2026-08-31T19:07:29.756468+00:00,81.62,-0.0329,0.15,0.0,0.0807,0.0072,7487.93,3,74.4396,106.138,step
2026-08-31T19:07:29.757744+00:00,81.633,-0.0307,0.15,0.0,0.0801,0.009,7489.37,3,73.4625,106.16,step
2026-08-31T19:07:29.759041+00:00,81.647,-0.0286,0.15,0.0,0.0793,0.0106,7490.88,3,72.5276,106.182,step
2026-08-31T19:07:29.760331+00:00,81.662,-0.0265,0.15,0.0,0.0784,0.0122,7488.96,3,71.6341,106.204,step
2026-08-31T19:07:29.761603+00:00,81.674,-0.0246,0.15,0.0,0.0773,0.0136,7490.36,3,70.7855,106.226,step
2026-08-31T19:07:29.762944+00:00,81.686,-0.0227,0.15,0.0,0.0762,0.0148,7492.8,3,69.969,106.248,step
2026-08-31T19:07:29.764367+00:00,81.698,-0.0208,0.15,0.0,0.075,0.0161,7495.58,3,69.176,106.27,step
2026-08-31T19:07:29.765756+00:00,81.711,-0.0189,0.15,0.0,0.0736,0.0172,7497.62,3,68.4044,106.292,step
2026-08-31T19:07:29.767039+00:00,81.724,-0.0171,0.15,0.0,0.0722,0.0182,7499.21,3,67.6572,106.314,step
2026-08-31T19:07:29.768295+00:00,81.738,-0.0154,0.15,0.0,0.0707,0.0192,7500.54,3,66.9371,106.336,step
2026-08-31T19:07:29.769525+00:00,81.751,-0.0137,0.15,0.0,0.0691,0.02,7501.73,3,66.2435,106.358,step
2026-08-31T19:07:29.770739+00:00,81.765,-0.0121,0.15,0.0,0.0675,0.0208,7502.81,3,65.5712,106.38,step
2026-08-31T19:07:29.772009+00:00,81.778,-0.0106,0.15,0.0,0.0658,0.0215,7504.0,3,64.9199,106.402,step
2026-08-31T19:07:29.773477+00:00,81.791,-0.0091,0.15,0.0,0.064,0.0221,7504.93,3,64.2831,106.424,step
2026-08-31T19:07:29.774742+00:00,81.803,-0.0076,0.15,0.0,0.0622,0.0227,7505.75,3,63.6615,106.446,step
2026-08-31T19:07:29.776087+00:00,81.814,-0.0062,0.15,0.0,0.0604,0.0231,7506.72,3,63.0601,106.468,step
2026-08-31T19:07:29.777458+00:00,81.825,-0.0048,0.15,0.0,0.0586,0.0235,7507.82,3,62.48,106.49,step
2026-08-31T19:07:29.778770+00:00,81.836,-0.0036,0.15,0.0,0.0566,0.0238,7509.02,3,61.9178,106.512,step
2026-08-31T19:07:29.779997+00:00,81.846,-0.0024,0.15,0.0,0.0547,0.0241,7510.4,3,61.3694,106.534,step
2026-08-31T19:07:29.781607+00:00,81.859,-0.0012,0.15,0.0,0.0528,0.0242,7506.54,3,60.8411,106.556,step
2026-08-31T19:07:29.782850+00:00,81.868,-0.0002,0.15,0.0,0.0508,0.0243,7508.23,3,60.3297,106.578,step
2026-08-31T19:07:29.784111+00:00,81.876,0.0008,0.15,0.0,0.0489,0.0243,7511.35,3,59.829,106.6,step
2026-08-31T19:07:29.785347+00:00,81.885,0.0017,0.15,0.0,0.0469,0.0242,7514.08,3,59.3373,106.622,step
2026-08-31T19:07:29.786592+00:00,81.895,0.0026,0.15,0.0,0.045,0.0242,7515.93,3,58.8547,106.644,step
2026-08-31T19:07:29.787830+00:00,81.905,0.0034,0.15,0.0,0.043,0.024,7517.21,3,58.3816,106.666,step
2026-08-31T19:07:29.789338+00:00,81.916,0.0043,0.15,0.0,0.0411,0.0239,7518.06,3,57.9136,106.688,step
2026-08-31T19:07:29.790670+00:00,81.926,0.005,0.15,0.0,0.0392,0.0237,7518.79,3,57.4514,106.71,step
2026-08-31T19:07:29.791930+00:00,81.937,0.0057,0.15,0.0,0.0373,0.0234,7519.57,3,56.9998,106.732,step
2026-08-31T19:07:29.793190+00:00,81.947,0.0063,0.15,0.0,0.0355,0.0232,7520.37,3,56.5571,106.754,step
2026-08-31T19:07:29.794475+00:00,81.956,0.0069,0.15,0.0,0.0337,0.0228,7520.66,3,56.1196,106.776,step
2026-08-31T19:07:29.795749+00:00,81.964,0.0075,0.15,0.0,0.0318,0.0225,7520.93,3,55.6865,106.798,step
2026-08-31T19:07:29.797069+00:00,81.971,0.0079,0.15,0.0,0.0301,0.0221,7521.48,3,55.2584,106.82,step
2026-08-31T19:07:29.798622+00:00,81.978,0.0084,0.15,0.0,0.0283,0.0217,7522.25,3,54.8347,106.842,step
2026-08-31T19:07:29.799890+00:00,81.984,0.0088,0.15,0.0,0.0266,0.0213,7523.26,3,54.4136,106.864,step
2026-08-31T19:07:29.801146+00:00,81.994,0.0092,0.15,0.0,0.0249,0.0208,7518.13,3,53.9969,106.886,step
2026-08-31T19:07:29.802386+00:00,81.999,0.0096,0.15,0.0,0.0233,0.0204,7518.62,3,53.5816,106.908,step
2026-08-31T19:07:29.803618+00:00,82.002,0.0099,0.0,0.15,0.0216,0.0199,7520.82,3,53.1694,106.93,step
2026-08-31T19:07:29.804983+00:00,81.565,0.0101,0.0,0.15,0.02,0.0194,7365.41,3,52.7668,106.952,step
2026-08-31T19:07:29.806418+00:00,80.956,0.0103,0.0,0.15,0.0185,0.0188,7302.95,3,52.3781,106.974,step
2026-08-31T19:07:29.807841+00:00,80.347,0.0104,0.0,0.15,0.0171,0.0182,7244.02,3,51.9945,106.996,step
2026-08-31T19:07:29.809121+00:00,79.741,0.0104,0.0,0.15,0.0157,0.0176,7188.57,2,51.6166,107.018,step
2026-08-31T19:07:29.810365+00:00,79.157,0.0105,0.0,0.15,0.0143,0.017,9034.18,2,51.2412,107.04,step
2026-08-31T19:07:29.811625+00:00,78.589,0.0105,0.0,0.15,0.013,0.0164,9010.72,2,50.8654,107.062,step
2026-08-31T19:07:29.812909+00:00,77.979,0.0105,0.0,0.15,0.0118,0.0158,8828.0,2,50.4957,107.084,step
2026-08-31T19:07:29.814424+00:00,77.294,0.0104,0.0,0.15,0.0106,0.0151,8751.12,2,50.1412,107.106,step
2026-08-31T19:07:29.815772+00:00,76.631,0.0102,0.0,0.15,0.0095,0.0144,8678.66,2,49.7941,107.128,step
2026-08-31T19:07:29.817116+00:00,75.973,0.0101,0.8,0.0,0.0085,0.0137,8606.77,2,49.4488,107.15,step
2026-08-31T19:07:29.818378+00:00,76.327,0.0098,0.0,0.15,0.0075,0.0131,9783.87,2,49.1065,107.172,step
2026-08-31T19:07:29.819677+00:00,76.324,0.0096,0.0,0.15,0.0065,0.0124,8664.4,2,48.7563,107.194,step
2026-08-31T19:07:29.820919+00:00,75.666,0.0095,0.0,0.15,0.0056,0.0119,8586.98,2,48.3801,107.216,step
2026-08-31T19:07:29.822326+00:00,75.003,0.0094,0.0,0.15,0.0047,0.0113,8521.87,2,48.0178,107.238,step
2026-08-31T19:07:29.824109+00:00,74.338,0.0092,0.0,0.15,0.0039,0.0108,8448.91,2,47.6577,107.26,step
2026-08-31T19:07:29.825410+00:00,73.685,0.009,0.0,0.15,0.0032,0.0102,8363.98,2,47.2973,107.282,step
2026-08-31T19:07:29.826686+00:00,73.038,0.0088,0.0,0.15,0.0025,0.0097,8280.28,2,46.9419,107.304,step
2026-08-31T19:07:29.827936+00:00,72.395,0.0086,0.0,0.15,0.0018,0.0091,8201.97,2,46.5921,107.326,step
2026-08-31T19:07:29.829179+00:00,71.755,0.0083,0.0,0.15,0.0012,0.0086,8128.22,2,46.2462,107.348,step
2026-08-31T19:07:29.830626+00:00,71.117,0.008,0.0,0.15,0.0006,0.008,8057.77,2,45.9,107.37,step
2026-08-31T19:07:29.831972+00:00,70.481,0.0078,0.0,0.15,0.0001,0.0075,7988.4,2,45.5527,107.392,step
2026-08-31T19:07:29.833226+00:00,69.849,0.0075,0.0,0.15,-0.0004,0.007,7919.5,2,45.2061,107.414,step
2026-08-31T19:07:29.834524+00:00,69.22,0.2072,0.0,0.15,-0.0009,0.0065,7850.2,2,44.8578,107.436,step
2026-08-31T19:07:29.835840+00:00,68.603,0.2045,0.0,0.15,-0.0011,0.0038,7782.46,2,44.8839,107.458,step
2026-08-31T19:07:29.837224+00:00,67.924,-0.0027,0.8,0.0,-0.0006,-0.0029,7705.44,2,45.6187,107.48,step
2026-08-31T19:07:29.838552+00:00,68.265,-0.0095,0.8,0.0,0.0002,-0.0091,8777.9,2,46.2916,107.502,step
2026-08-31T19:07:29.840073+00:00,69.07,-0.0118,0.8,0.0,0.0008,-0.0109,9176.02,2,46.2045,107.524,step
2026-08-31T19:07:29.841372+00:00,70.011,-0.0125,0.8,0.0,0.0014,-0.0113,9406.48,2,45.8499,107.546,step
2026-08-31T19:07:29.842703+00:00,71.038,-0.0127,0.0,0.15,0.002,-0.0113,9512.12,2,45.3979,107.568,step
2026-08-31T19:07:29.843965+00:00,71.243,0.1874,0.0,0.15,0.0026,-0.0109,8109.01,2,44.8878,107.59,step
2026-08-31T19:07:29.845205+00:00,70.622,0.1859,0.0,0.15,0.0034,-0.0119,8024.97,2,44.6378,107.612,step
2026-08-31T19:07:29.846471+00:00,69.924,-0.0194,0.0,0.15,0.0047,-0.0165,7957.09,2,45.0199,107.634,step
2026-08-31T19:07:29.848085+00:00,69.251,-0.0248,0.8,0.0,0.0064,-0.0208,7872.12,2,45.3882,107.656,step
2026-08-31T19:07:29.849380+00:00,69.624,-0.0261,0.0,0.15,0.0079,-0.0214,8837.1,2,45.0755,107.678,step
2026-08-31T19:07:29.850663+00:00,69.537,0.174,0.0,0.15,0.0093,-0.0206,7900.63,2,44.5013,107.7,step
2026-08-31T19:07:29.852001+00:00,68.914,0.172,0.0,0.15,0.0109,-0.0217,7821.79,2,44.2933,107.722,step
2026-08-31T19:07:29.853309+00:00,68.246,0.1653,0.0,0.15,0.013,-0.0271,7738.52,2,44.8785,107.744,step
2026-08-31T19:07:29.854668+00:00,67.598,-0.0436,0.8,0.0,0.0156,-0.0345,7660.27,2,45.8927,107.766,step
2026-08-31T19:07:29.856182+00:00,67.922,-0.0505,0.8,0.0,0.0184,-0.0398,8763.51,2,46.5607,107.788,step
2026-08-31T19:07:29.857455+00:00,68.685,-0.0523,0.8,0.0,0.0211,-0.0403,9224.74,2,46.2358,107.81,step
2026-08-31T19:07:29.858757+00:00,69.582,-0.0519,0.8,0.0,0.0235,-0.0387,9539.76,2,45.4837,107.832,step
2026-08-31T19:07:29.860080+00:00,70.575,0.1494,0.0,0.15,0.0259,-0.0362,9696.68,2,44.5676,107.854,step
2026-08-31T19:07:29.861353+00:00,70.935,0.149,0.0,0.15,0.0285,-0.0354,8065.57,2,43.9726,107.876,step
2026-08-31T19:07:29.862695+00:00,70.189,0.1442,0.0,0.15,0.0314,-0.0386,7980.06,2,44.1608,107.898,step
2026-08-31T19:07:29.864461+00:00,69.526,0.1361,0.0,0.15,0.0349,-0.0447,7888.29,2,44.9722,107.92,step
2026-08-31T19:07:29.865883+00:00,68.885,-0.0733,0.8,0.0,0.0388,-0.0519,7806.21,2,46.0681,107.942,step
2026-08-31T19:07:29.867226+00:00,69.218,-0.0794,0.8,0.0,0.0428,-0.0558,8936.91,2,46.5934,107.964,step
2026-08-31T19:07:29.868636+00:00,69.976,-0.0753,0.8,0.0,0.0463,-0.0501,9425.82,2,45.889,107.986,step
2026-08-31T19:07:29.870017+00:00,70.855,0.1314,0.0,0.15,0.0493,-0.0423,9768.95,2,44.7225,108.008,step
2026-08-31T19:07:29.871491+00:00,71.223,0.1367,0.0,0.15,0.0521,-0.0358,8092.2,2,43.8966,108.03,step
2026-08-31T19:07:29.873101+00:00,70.523,0.1379,0.0,0.15,0.0548,-0.0334,8038.29,2,43.8964,108.052,step
2026-08-31T19:07:29.874499+00:00,69.833,0.1367,0.0,0.15,0.0576,-0.0332,7946.62,2,44.3695,108.074,step
2026-08-31T19:07:29.875896+00:00,69.17,-0.066,0.8,0.0,0.0605,-0.0344,7851.98,2,45.1888,108.096,step
2026-08-31T19:07:29.877242+00:00,69.49,-0.0666,0.8,0.0,0.0632,-0.0337,8950.47,2,45.6177,108.118,step
2026-08-31T19:07:29.878646+00:00,70.243,0.138,0.0,0.15,0.0653,-0.0283,9452.77,2,44.966,108.14,step
2026-08-31T19:07:29.880143+00:00,70.421,0.1418,0.0,0.15,0.0671,-0.0237,8002.19,2,44.5259,108.162,step
2026-08-31T19:07:29.881712+00:00,69.735,-0.0592,0.0,0.15,0.0692,-0.0237,7919.44,2,45.1107,108.184,step
2026-08-31T19:07:29.883159+00:00,69.095,-0.0592,0.8,0.0,0.0711,-0.0228,7837.73,2,45.5258,108.206,step
2026-08-31T19:07:29.884566+00:00,69.4,0.1456,0.0,0.15,0.0724,-0.0175,8887.8,2,44.8972,108.228,step
2026-08-31T19:07:29.885950+00:00,69.363,0.1497,0.0,0.15,0.0735,-0.0131,7880.68,2,44.4678,108.25,step
2026-08-31T19:07:29.887354+00:00,68.689,0.1496,0.0,0.15,0.0747,-0.0126,7798.84,2,44.9739,108.272,step
2026-08-31T19:07:29.888875+00:00,68.024,-0.0526,0.8,0.0,0.076,-0.0141,7724.52,2,46.0002,108.294,step
2026-08-31T19:07:29.890534+00:00,68.435,-0.0529,0.8,0.0,0.0773,-0.0137,8583.77,2,46.6254,108.316,step
2026-08-31T19:07:29.891931+00:00,69.294,-0.0484,0.8,0.0,0.078,-0.0091,8775.42,2,46.1332,108.338,step
2026-08-31T19:07:29.893335+00:00,70.219,-0.042,0.0,0.15,0.0782,-0.0028,8891.01,2,45.2347,108.36,step
2026-08-31T19:07:29.894736+00:00,70.118,0.1649,0.0,0.15,0.078,0.0038,7983.45,2,44.2948,108.382,step
2026-08-31T19:07:29.896108+00:00,69.474,0.1696,0.0,0.15,0.0776,0.0081,7893.17,2,43.9079,108.404,step
2026-08-31T19:07:29.897859+00:00,68.776,0.1693,0.0,0.15,0.0774,0.0077,7798.08,2,44.6771,108.426,step
2026-08-31T19:07:29.899358+00:00,68.11,-0.0339,0.8,0.0,0.0774,0.0047,7711.52,2,46.203,108.448,step
2026-08-31T19:07:29.900803+00:00,68.402,-0.0352,0.8,0.0,0.0775,0.0034,8876.14,2,47.3249,108.47,step
2026-08-31T19:07:29.902211+00:00,69.142,-0.0314,0.8,0.0,0.0769,0.0068,9378.92,2,47.1795,108.492,step
2026-08-31T19:07:29.903562+00:00,70.015,-0.0257,0.8,0.0,0.076,0.0118,9716.56,2,46.5785,108.514,step
2026-08-31T19:07:29.905016+00:00,70.991,-0.0193,0.0,0.15,0.0747,0.0174,9869.98,2,45.8551,108.536,step
2026-08-31T19:07:29.906787+00:00,71.371,-0.0126,0.0,0.15,0.073,0.023,8115.77,2,45.1322,108.558,step
2026-08-31T19:07:29.908163+00:00,70.679,0.1941,0.0,0.15,0.071,0.0284,8044.77,2,44.449,108.58,step
2026-08-31T19:07:29.909552+00:00,70.031,0.1985,0.0,0.15,0.0689,0.0317,7952.85,2,44.3458,108.602,step
2026-08-31T19:07:29.910967+00:00,69.331,-0.0019,0.8,0.0,0.067,0.0305,7856.36,2,45.4182,108.624,step
2026-08-31T19:07:29.912406+00:00,69.586,-0.0023,0.8,0.0,0.0653,0.0292,9044.73,2,46.5709,108.646,step
2026-08-31T19:07:29.914042+00:00,70.326,0.001,0.8,0.0,0.063,0.0313,9587.89,2,46.7874,108.668,step
2026-08-31T19:07:29.915495+00:00,71.182,0.0057,0.8,0.0,0.0604,0.0346,9949.01,2,46.6962,108.69,step
2026-08-31T19:07:29.916868+00:00,72.134,0.0108,0.0,0.15,0.0575,0.0381,10138.2,2,46.5448,108.712,step
2026-08-31T19:07:29.918400+00:00,72.575,0.0162,0.0,0.15,0.0542,0.0417,8245.01,2,46.3639,108.734,step
2026-08-31T19:07:29.919861+00:00,71.885,0.0221,0.0,0.15,0.0508,0.0458,8169.46,2,46.0627,108.756,step
2026-08-31T19:07:29.921313+00:00,71.216,0.0278,0.0,0.15,0.0473,0.0495,8076.76,2,45.8422,108.778,step
2026-08-31T19:07:29.922889+00:00,70.555,0.0331,0.0,0.15,0.0436,0.0528,7991.16,2,45.7425,108.8,step
2026-08-31T19:07:29.924406+00:00,69.898,0.038,0.8,0.0,0.0397,0.0557,7911.24,2,45.754,108.822,step
2026-08-31T19:07:29.925773+00:00,70.165,0.0426,0.8,0.0,0.0357,0.0582,9061.99,2,45.8806,108.844,step
2026-08-31T19:07:29.927138+00:00,70.903,0.0467,0.8,0.0,0.0315,0.0601,9610.1,2,46.1777,108.866,step
2026-08-31T19:07:29.928485+00:00,71.784,0.0504,0.0,0.15,0.027,0.0615,9925.82,2,46.6336,108.888,step
2026-08-31T19:07:29.929914+00:00,72.131,0.0542,0.8,0.0,0.0223,0.0629,8196.99,2,47.1048,108.91,step
2026-08-31T19:07:29.931599+00:00,72.535,0.0588,0.8,0.0,0.0175,0.065,9074.7,2,47.3709,108.932,step
2026-08-31T19:07:29.932999+00:00,73.389,0.0631,0.8,0.0,0.0126,0.0668,9395.54,2,47.7573,108.954,step
2026-08-31T19:07:29.934434+00:00,74.289,0.0671,0.8,0.0,0.0075,0.0682,9677.09,2,48.3057,108.976,step
2026-08-31T19:07:29.935765+00:00,75.208,0.0706,0.8,0.0,0.0021,0.069,9917.68,2,49.0405,108.998,step
2026-08-31T19:07:29.937129+00:00,76.14,0.0736,0.8,0.0,-0.0034,0.0692,10131.1,2,49.9876,109.02,step
2026-08-31T19:07:29.938588+00:00,77.082,0.0762,0.15,0.0,-0.0091,0.0689,10321.5,2,51.1628,109.042,step
2026-08-31T19:07:29.940148+00:00,77.752,0.0785,0.15,0.0,-0.0149,0.0684,9073.48,2,52.4634,109.064,step
2026-08-31T19:07:29.941518+00:00,77.777,0.0818,0.15,0.0,-0.0206,0.0688,9016.6,2,53.5009,109.086,step
2026-08-31T19:07:29.942922+00:00,77.77,0.0854,0.15,0.0,-0.0262,0.0696,9015.99,2,54.4616,109.108,step
2026-08-31T19:07:29.944235+00:00,77.764,0.0889,0.15,0.0,-0.0318,0.0703,9014.38,2,55.4779,109.13,step
2026-08-31T19:07:29.945594+00:00,77.758,0.0923,0.15,0.0,-0.0373,0.0709,9012.5,2,56.5813,109.152,step
2026-08-31T19:07:29.947103+00:00,77.756,0.0957,0.15,0.0,-0.0428,0.0715,9010.41,2,57.6893,109.174,step
2026-08-31T19:07:29.948573+00:00,77.754,0.0992,0.15,0.0,-0.0483,0.0723,9009.69,2,58.7948,109.196,step
2026-08-31T19:07:29.949939+00:00,77.753,0.1026,0.15,0.0,-0.0538,0.0729,9009.09,2,59.9744,109.218,step
2026-08-31T19:07:29.951264+00:00,77.75,0.1021,0.15,0.0,-0.0593,0.0698,9008.45,2,61.2994,109.24,step
2026-08-31T19:07:29.952559+00:00,77.749,0.0997,0.15,0.0,-0.0643,0.0649,9007.61,2,62.7665,109.262,step
2026-08-31T19:07:29.953932+00:00,77.749,0.0969,0.15,0.0,-0.069,0.06,9006.72,2,64.3188,109.284,step
2026-08-31T19:07:29.955277+00:00,77.735,0.0936,0.15,0.0,-0.0733,0.0549,9034.59,2,66.0098,109.306,step
2026-08-31T19:07:29.956803+00:00,77.747,0.0901,0.15,0.0,-0.0772,0.0496,9019.9,2,67.8038,109.328,step
2026-08-31T19:07:29.958076+00:00,77.753,0.0868,0.15,0.0,-0.0808,0.0446,9013.49,2,69.5059,109.35,step
2026-08-31T19:07:29.959360+00:00,77.757,0.0836,0.15,0.0,-0.0839,0.04,9009.1,2,71.0893,109.372,step
2026-08-31T19:07:29.960696+00:00,77.761,0.0805,0.15,0.0,-0.0867,0.0357,9006.36,2,72.5683,109.394,step
2026-08-31T19:07:29.962064+00:00,77.764,0.0775,0.15,0.0,-0.0892,0.0317,9005.23,2,73.9635,109.416,step
2026-08-31T19:07:29.963352+00:00,77.766,0.0746,0.15,0.0,-0.0913,0.0278,9005.35,2,75.2976,109.438,step
2026-08-31T19:07:29.964773+00:00,77.768,0.0716,0.15,0.0,-0.0931,0.0241,9006.3,2,76.5873,109.46,step
2026-08-31T19:07:29.966067+00:00,77.771,0.0686,0.15,0.0,-0.0947,0.0205,9007.88,2,77.8399,109.482,step
2026-08-31T19:07:29.967391+00:00,77.775,0.0657,0.15,0.0,-0.0959,0.0171,9009.33,2,79.0204,109.504,step
2026-08-31T19:07:29.968687+00:00,77.782,0.0629,0.15,0.0,-0.0969,0.0139,9010.76,2,80.0977,109.526,step
2026-08-31T19:07:29.970010+00:00,77.789,0.0602,0.15,0.0,-0.0977,0.0109,9011.86,2,81.1128,109.548,step
2026-08-31T19:07:29.971342+00:00,77.797,0.0574,0.15,0.0,-0.0983,0.008,9012.51,2,82.0942,109.57,step
2026-08-31T19:07:29.972804+00:00,77.805,0.0546,0.15,0.0,-0.0986,0.0051,9012.83,2,83.0481,109.592,step
2026-08-31T19:07:29.974230+00:00,77.813,0.0518,0.15,0.0,-0.0987,0.0023,9013.37,2,83.9755,109.614,step
2026-08-31T19:07:29.975562+00:00,77.814,0.0488,0.15,0.0,-0.0986,-0.0004,9031.12,2,84.8932,109.636,step
2026-08-31T19:07:29.976875+00:00,77.829,0.0458,0.15,0.0,-0.0983,-0.0032,9024.33,2,85.8078,109.658,step
2026-08-31T19:07:29.978175+00:00,77.842,0.043,0.15,0.0,-0.0978,-0.0057,9020.67,2,86.6282,109.68,step
2026-08-31T19:07:29.979594+00:00,77.854,0.0402,0.15,0.0,-0.0972,-0.0081,9018.61,2,87.3399,109.702,step
2026-08-31T19:07:29.981202+00:00,77.865,0.0376,0.15,0.0,-0.0963,-0.0102,9017.47,2,87.9501,109.724,step
2026-08-31T19:07:29.982562+00:00,77.875,0.0351,0.15,0.0,-0.0953,-0.0121,9017.45,2,88.4796,109.746,step
2026-08-31T19:07:29.983905+00:00,77.884,0.0326,0.15,0.0,-0.0942,-0.0139,9018.37,2,88.9366,109.768,step
2026-08-31T19:07:29.985243+00:00,77.894,0.0302,0.15,0.0,-0.0929,-0.0156,9019.93,2,89.3327,109.79,step
2026-08-31T19:07:29.986587+00:00,77.903,0.0279,0.15,0.0,-0.0915,-0.0172,9022.04,2,89.6672,109.812,step
2026-08-31T19:07:29.987987+00:00,77.913,0.0256,0.15,0.0,-0.09,-0.0186,9023.88,2,89.945,109.834,step
2026-08-31T19:07:29.989483+00:00,77.923,0.0234,0.15,0.0,-0.0883,-0.02,9025.49,2,90.1684,109.856,step
2026-08-31T19:07:29.990956+00:00,77.934,0.0213,0.15,0.0,-0.0866,-0.0212,9026.82,2,90.3359,109.878,step
2026-08-31T19:07:29.992347+00:00,77.945,0.0192,0.15,0.0,-0.0848,-0.0223,9027.97,2,90.4482,109.9,step
2026-08-31T19:07:29.993725+00:00,77.956,0.0172,0.15,0.0,-0.0829,-0.0233,9029.02,2,90.5116,109.922,step
2026-08-31T19:07:29.995161+00:00,77.967,0.0153,0.15,0.0,-0.081,-0.0243,9030.14,2,90.5267,109.944,step
2026-08-31T19:07:29.996580+00:00,77.977,0.0134,0.15,0.0,-0.079,-0.0251,9034.39,2,90.4925,109.966,step
2026-08-31T19:07:29.998157+00:00,77.989,0.0116,0.15,0.0,-0.0769,-0.0258,9034.35,2,90.4102,109.988,step
2026-08-31T19:07:29.999524+00:00,78.001,0.0099,0.15,0.0,-0.0748,-0.0265,9034.83,2,90.2865,110.01,step
2026-08-31T19:07:30.000832+00:00,78.013,0.0082,0.15,0.0,-0.0726,-0.027,9035.48,2,90.1177,110.032,step
2026-08-31T19:07:30.002171+00:00,78.024,0.0066,0.15,0.0,-0.0704,-0.0275,9036.22,2,89.898,110.054,step
2026-08-31T19:07:30.003524+00:00,78.035,0.0051,0.15,0.0,-0.0682,-0.0279,9037.2,2,89.6348,110.076,step
2026-08-31T19:07:30.004871+00:00,78.046,0.0037,0.15,0.0,-0.0659,-0.0282,9038.41,2,89.3278,110.098,step
2026-08-31T19:07:30.006422+00:00,78.057,0.0023,0.15,0.0,-0.0637,-0.0284,9039.8,2,88.9803,110.12,step
2026-08-31T19:07:30.007901+00:00,78.068,0.001,0.15,0.0,-0.0614,-0.0286,9041.23,2,88.5943,110.142,step
2026-08-31T19:07:30.009265+00:00,78.079,-0.0003,0.15,0.0,-0.059,-0.0287,9042.48,2,88.1687,110.164,step
2026-08-31T19:07:30.010621+00:00,78.088,-0.0015,0.15,0.0,-0.0567,-0.0287,9043.37,2,87.7116,110.186,step
2026-08-31T19:07:30.011999+00:00,78.098,-0.0026,0.15,0.0,-0.0544,-0.0287,9044.39,2,87.214,110.208,step
2026-08-31T19:07:30.013417+00:00,78.107,-0.0037,0.15,0.0,-0.0521,-0.0286,9045.49,2,86.6799,110.23,step
2026-08-31T19:07:30.014901+00:00,78.116,-0.0046,0.15,0.0,-0.0498,-0.0284,9046.71,2,86.1176,110.252,step
2026-08-31T19:07:30.016362+00:00,78.125,-0.0055,0.15,0.0,-0.0476,-0.0282,9047.97,2,85.5273,110.274,step
2026-08-31T19:07:30.017731+00:00,78.135,-0.0063,0.15,0.0,-0.0454,-0.028,9044.38,2,84.9142,110.296,step
2026-08-31T19:07:30.019074+00:00,78.143,-0.0071,0.15,0.0,-0.0432,-0.0277,9045.18,2,84.294,110.318,step
2026-08-31T19:07:30.020451+00:00,78.15,-0.0079,0.15,0.0,-0.041,-0.0274,9047.42,2,83.6603,110.34,step
2026-08-31T19:07:30.021910+00:00,78.157,-0.0086,0.15,0.0,-0.0389,-0.027,9050.62,2,83.0044,110.362,step
2026-08-31T19:07:30.023423+00:00,78.164,-0.0093,0.15,0.0,-0.0368,-0.0266,9052.92,2,82.3234,110.384,step
2026-08-31T19:07:30.024820+00:00,78.172,-0.0098,0.15,0.0,-0.0347,-0.0262,9054.39,2,81.6272,110.406,step
2026-08-31T19:07:30.026176+00:00,78.18,-0.0104,0.15,0.0,-0.0327,-0.0257,9055.36,2,80.9198,110.428,step
2026-08-31T19:07:30.027522+00:00,78.189,-0.0108,0.15,0.0,-0.0307,-0.0252,9056.07,2,80.2051,110.45,step
2026-08-31T19:07:30.028965+00:00,78.197,-0.0113,0.15,0.0,-0.0287,-0.0247,9056.91,2,79.478,110.472,step
2026-08-31T19:07:30.030390+00:00,78.205,-0.0117,0.15,0.0,-0.0268,-0.0241,9057.49,2,78.7443,110.494,step
2026-08-31T19:07:30.032285+00:00,78.213,-0.012,0.15,0.0,-0.0249,-0.0236,9058.2,2,78.0,110.516,step
2026-08-31T19:07:30.033681+00:00,78.221,-0.0123,0.15,0.0,-0.0231,-0.023,9058.88,2,77.2474,110.538,step
2026-08-31T19:07:30.035097+00:00,78.228,-0.0122,0.15,0.0,-0.0214,-0.0221,9059.67,2,76.4985,110.56,step
2026-08-31T19:07:30.036506+00:00,78.235,-0.0112,0.15,0.0,-0.0197,-0.0202,9060.49,2,75.7541,110.582,step
2026-08-31T19:07:30.037916+00:00,78.243,-0.01,0.15,0.0,-0.0182,-0.0184,9061.46,2,75.0225,110.604,step
2026-08-31T19:07:30.039654+00:00,78.251,-0.0089,0.15,0.0,-0.0169,-0.0166,9060.86,2,74.3143,110.626,step
2026-08-31T19:07:30.041172+00:00,78.257,-0.0077,0.15,0.0,-0.0156,-0.0149,9061.44,2,73.6313,110.648,step
2026-08-31T19:07:30.042618+00:00,78.264,-0.0065,0.15,0.0,-0.0145,-0.0132,9062.85,2,72.9726,110.67,step
2026-08-31T19:07:30.044040+00:00,78.271,-0.0053,0.15,0.0,-0.0136,-0.0116,9064.33,2,72.3333,110.692,step
2026-08-31T19:07:30.045438+00:00,78.278,-0.0041,0.15,0.0,-0.0128,-0.0101,9065.71,2,71.7255,110.714,step
2026-08-31T19:07:30.047006+00:00,78.284,-0.0029,0.15,0.0,-0.012,-0.0086,9066.61,2,71.1472,110.736,step
2026-08-31T19:07:30.048497+00:00,78.291,-0.0017,0.15,0.0,-0.0114,-0.0072,9067.55,2,70.5933,110.758,step
2026-08-31T19:07:30.049933+00:00,78.299,-0.0005,0.15,0.0,-0.0109,-0.0058,9068.17,2,70.0601,110.78,step
2026-08-31T19:07:30.051404+00:00,78.306,0.0006,0.15,0.0,-0.0105,-0.0044,9068.94,2,69.5482,110.802,step
2026-08-31T19:07:30.052926+00:00,78.313,0.0018,0.15,0.0,-0.0102,-0.0032,9069.74,2,69.0645,110.824,step
2026-08-31T19:07:30.054487+00:00,78.321,0.0029,0.15,0.0,-0.01,-0.002,9070.87,2,68.607,110.846,step
2026-08-31T19:07:30.056165+00:00,78.329,0.0041,0.15,0.0,-0.0099,-0.0009,9072.01,2,68.1697,110.868,step
2026-08-31T19:07:30.057756+00:00,78.338,0.0052,0.15,0.0,-0.0099,0.0002,9073.04,2,67.7516,110.89,step
2026-08-31T19:07:30.059279+00:00,78.346,0.0063,0.15,0.0,-0.0099,0.0013,9073.94,2,67.3539,110.912,step
2026-08-31T19:07:30.060701+00:00,78.355,0.0074,0.15,0.0,-0.01,0.0023,9074.79,2,66.977,110.934,step
2026-08-31T19:07:30.062144+00:00,78.364,0.0084,0.15,0.0,-0.0102,0.0032,9075.62,2,66.6193,110.956,step
2026-08-31T19:07:30.063581+00:00,78.371,0.0095,0.15,0.0,-0.0105,0.0041,9083.73,2,66.2831,110.978,step
2026-08-31T19:07:30.065297+00:00,78.382,0.0105,0.15,0.0,-0.0109,0.0049,9081.25,2,65.969,111.0,step
2026-08-31T19:07:30.066771+00:00,78.393,0.0115,0.15,0.0,-0.0112,0.0056,9080.72,2,65.6722,111.022,step
2026-08-31T19:07:30.068200+00:00,78.403,0.0125,0.15,0.0,-0.0117,0.0064,9080.39,2,65.3914,111.044,step
2026-08-31T19:07:30.069653+00:00,78.413,0.0134,0.15,0.0,-0.0122,0.007,9080.42,2,65.1288,111.066,step
2026-08-31T19:07:30.071153+00:00,78.422,0.0143,0.15,0.0,-0.0127,0.0077,9081.05,2,64.8822,111.088,step
2026-08-31T19:07:30.072720+00:00,78.431,0.0153,0.15,0.0,-0.0133,0.0083,9082.04,2,64.6542,111.11,step
2026-08-31T19:07:30.074240+00:00,78.44,0.0161,0.15,0.0,-0.014,0.0088,9083.56,2,64.4456,111.132,step
2026-08-31T19:07:30.075632+00:00,78.448,0.017,0.15,0.0,-0.0146,0.0093,9084.99,2,64.2573,111.154,step
2026-08-31T19:07:30.077059+00:00,78.457,0.0178,0.15,0.0,-0.0153,0.0097,9086.5,2,64.0871,111.176,step
2026-08-31T19:07:30.078467+00:00,78.467,0.0186,0.15,0.0,-0.0161,0.0101,9087.83,2,63.9344,111.198,step
2026-08-31T19:07:30.079935+00:00,78.477,0.0193,0.15,0.0,-0.0168,0.0105,9089.08,2,63.8003,111.22,step
2026-08-31T19:07:30.081621+00:00,78.487,0.02,0.15,0.0,-0.0176,0.0108,9090.23,2,63.6795,111.242,step
2026-08-31T19:07:30.083093+00:00,78.497,0.0207,0.15,0.0,-0.0184,0.0111,9091.15,2,63.5745,111.264,step
2026-08-31T19:07:30.084511+00:00,78.507,0.0214,0.15,0.0,-0.0192,0.0113,9092.17,2,63.4904,111.286,step
2026-08-31T19:07:30.085911+00:00,78.515,0.022,0.15,0.0,-0.0201,0.0115,9097.66,2,63.4216,111.308,step
2026-08-31T19:07:30.087342+00:00,78.526,0.0226,0.15,0.0,-0.0209,0.0117,9097.06,2,63.3746,111.33,step
2026-08-31T19:07:30.088849+00:00,78.537,0.0231,0.15,0.0,-0.0218,0.0118,9096.99,2,63.3448,111.352,step
2026-08-31T19:07:30.090363+00:00,78.548,0.0237,0.15,0.0,-0.0227,0.0119,9097.28,2,63.3263,111.374,step
2026-08-31T19:07:30.091804+00:00,78.558,0.0242,0.15,0.0,-0.0236,0.012,9097.79,2,63.3192,111.396,step
2026-08-31T19:07:30.093159+00:00,78.569,0.0247,0.15,0.0,-0.0244,0.012,9098.5,2,63.323,111.418,step
2026-08-31T19:07:30.094516+00:00,78.578,0.0252,0.15,0.0,-0.0253,0.012,9099.6,2,63.3403,111.44,step
2026-08-31T19:07:30.095908+00:00,78.588,0.0256,0.15,0.0,-0.0262,0.0121,9100.82,2,63.3708,111.462,step
2026-08-31T19:07:30.097551+00:00,78.598,0.0261,0.15,0.0,-0.0271,0.012,9102.25,2,63.4181,111.484,step
2026-08-31T19:07:30.099115+00:00,78.608,0.0264,0.15,0.0,-0.0279,0.012,9103.63,2,63.481,111.506,step
2026-08-31T19:07:30.100641+00:00,78.617,0.0268,0.15,0.0,-0.0288,0.012,9104.99,2,63.5501,111.528,step
2026-08-31T19:07:30.102093+00:00,78.627,0.0272,0.15,0.0,-0.0297,0.0119,9106.14,2,63.6342,111.55,step
2026-08-31T19:07:30.103507+00:00,78.637,0.0275,0.15,0.0,-0.0306,0.0118,9107.34,2,63.7332,111.572,step
2026-08-31T19:07:30.105011+00:00,78.647,0.0278,0.15,0.0,-0.0314,0.0117,9108.44,2,63.8524,111.594,step
2026-08-31T19:07:30.106770+00:00,78.657,0.0281,0.15,0.0,-0.0323,0.0115,9109.57,2,63.9889,111.616,step
2026-08-31T19:07:30.108300+00:00,78.667,0.0284,0.15,0.0,-0.0331,0.0114,9111.32,2,64.1364,111.638,step
2026-08-31T19:07:30.109757+00:00,78.677,0.0286,0.15,0.0,-0.0339,0.0112,9112.49,2,64.2954,111.66,step
2026-08-31T19:07:30.111161+00:00,78.687,0.0288,0.15,0.0,-0.0347,0.011,9113.37,2,64.4736,111.682,step
2026-08-31T19:07:30.112511+00:00,78.697,0.029,0.15,0.0,-0.0355,0.0108,9114.24,2,64.6681,111.704,step
2026-08-31T19:07:30.113950+00:00,78.707,0.0292,0.15,0.0,-0.0362,0.0106,9115.18,2,64.8738,111.726,step
2026-08-31T19:07:30.115815+00:00,78.717,0.0293,0.15,0.0,-0.037,0.0104,9116.13,2,65.0887,111.748,step
2026-08-31T19:07:30.117292+00:00,78.727,0.0295,0.15,0.0,-0.0377,0.0102,9117.25,2,65.3128,111.77,step
2026-08-31T19:07:30.118783+00:00,78.737,0.0296,0.15,0.0,-0.0384,0.01,9118.4,2,65.559,111.792,step
2026-08-31T19:07:30.120296+00:00,78.746,0.0297,0.15,0.0,-0.0391,0.0098,9119.61,2,65.8262,111.814,step
2026-08-31T19:07:30.121976+00:00,78.756,0.0298,0.15,0.0,-0.0398,0.0095,9120.79,2,66.1086,111.836,step
2026-08-31T19:07:30.123508+00:00,78.766,0.0299,0.15,0.0,-0.0404,0.0093,9121.83,2,66.4086,111.858,step
2026-08-31T19:07:30.124980+00:00,78.775,0.0299,0.15,0.0,-0.0411,0.009,9122.86,2,66.7247,111.88,step
2026-08-31T19:07:30.126492+00:00,78.784,0.0299,0.15,0.0,-0.0417,0.0087,9123.87,2,67.0537,111.902,step
2026-08-31T19:07:30.127932+00:00,78.793,0.03,0.15,0.0,-0.0423,0.0085,9125.01,2,67.3953,111.924,step
2026-08-31T19:07:30.129407+00:00,78.802,0.03,0.15,0.0,-0.0429,0.0082,9126.04,2,67.7484,111.946,step
2026-08-31T19:07:30.131105+00:00,78.811,0.03,0.15,0.0,-0.0434,0.008,9127.08,2,68.1144,111.968,step
2026-08-31T19:07:30.132657+00:00,78.821,0.03,0.15,0.0,-0.0439,0.0077,9126.65,2,68.4927,111.99,step
2026-08-31T19:07:30.134097+00:00,78.829,0.03,0.15,0.0,-0.0444,0.0075,9127.84,2,68.8803,112.012,step
2026-08-31T19:07:30.135513+00:00,78.838,0.03,0.15,0.0,-0.0449,0.0073,9129.47,2,69.2858,112.034,step
2026-08-31T19:07:30.136894+00:00,78.846,0.03,0.15,0.0,-0.0454,0.007,9131.08,2,69.7126,112.056,step
2026-08-31T19:07:30.138401+00:00,78.855,0.03,0.15,0.0,-0.0459,0.0068,9132.36,2,70.1616,112.078,step
2026-08-31T19:07:30.140225+00:00,78.864,0.0299,0.15,0.0,-0.0463,0.0065,9133.38,2,70.631,112.1,step
2026-08-31T19:07:30.141674+00:00,78.872,0.0299,0.15,0.0,-0.0467,0.0063,9134.43,2,71.1208,112.122,step
2026-08-31T19:07:30.143114+00:00,78.881,0.0298,0.15,0.0,-0.0471,0.006,9135.4,2,71.6318,112.144,step
2026-08-31T19:07:30.144553+00:00,78.89,0.0297,0.15,0.0,-0.0475,0.0058,9136.31,2,72.1635,112.166,step
2026-08-31T19:07:30.146032+00:00,78.898,0.0296,0.15,0.0,-0.0478,0.0055,9137.2,2,72.7232,112.188,step
2026-08-31T19:07:30.147893+00:00,78.906,0.0295,0.15,0.0,-0.0482,0.0052,9137.82,2,73.3228,112.21,step
2026-08-31T19:07:30.149390+00:00,78.913,0.0294,0.15,0.0,-0.0485,0.005,9138.55,2,73.9297,112.232,step
2026-08-31T19:07:30.150896+00:00,78.921,0.0293,0.15,0.0,-0.0488,0.0047,9139.36,2,74.5386,112.254,step
2026-08-31T19:07:30.152377+00:00,78.928,0.0292,0.15,0.0,-0.049,0.0045,9140.3,2,75.1621,112.276,step
2026-08-31T19:07:30.153800+00:00,78.935,0.0291,0.15,0.0,-0.0493,0.0043,9141.27,2,75.8037,112.298,step
2026-08-31T19:07:30.155355+00:00,78.944,0.029,0.15,0.0,-0.0495,0.0041,9138.77,2,76.4631,112.32,step
2026-08-31T19:07:30.157347+00:00,78.95,0.029,0.15,0.0,-0.0498,0.0039,9139.59,2,77.1296,112.342,step
2026-08-31T19:07:30.158867+00:00,78.956,0.0289,0.15,0.0,-0.05,0.0038,9141.47,2,77.8217,112.364,step
2026-08-31T19:07:30.160360+00:00,78.962,0.0288,0.15,0.0,-0.0502,0.0036,9143.81,2,78.5548,112.386,step
2026-08-31T19:07:30.161751+00:00,78.968,0.0287,0.15,0.0,-0.0503,0.0034,9145.4,2,79.3322,112.408,step
2026-08-31T19:07:30.163248+00:00,78.974,0.0286,0.15,0.0,-0.0505,0.0032,9146.52,2,80.1534,112.43,step
2026-08-31T19:07:30.164937+00:00,78.981,0.0284,0.15,0.0,-0.0507,0.003,9147.31,2,81.0338,112.452,step
2026-08-31T19:07:30.166409+00:00,78.988,0.0283,0.15,0.0,-0.0508,0.0028,9147.96,2,81.9807,112.474,step
2026-08-31T19:07:30.167917+00:00,78.995,0.0282,0.15,0.0,-0.0509,0.0027,9148.6,2,83.0066,112.496,step
2026-08-31T19:07:30.169411+00:00,79.001,0.0281,0.15,0.0,-0.051,0.0025,9149.26,2,84.1467,112.518,step
2026-08-31T19:07:30.170948+00:00,79.007,0.028,0.15,0.0,-0.0511,0.0023,9149.46,2,85.4798,112.54,step
2026-08-31T19:07:30.172645+00:00,79.012,0.0278,0.15,0.0,-0.0512,0.0021,9149.73,2,87.0128,112.562,step
2026-08-31T19:07:30.174409+00:00,79.017,0.0276,0.15,0.0,-0.0513,0.0019,9150.17,2,88.7801,112.584,step
2026-08-31T19:07:30.175944+00:00,79.021,0.0275,0.15,0.0,-0.0513,0.0017,9150.77,2,90.8664,112.606,step
2026-08-31T19:07:30.177472+00:00,79.025,0.0273,0.15,0.0,-0.0514,0.0016,9151.46,2,93.3901,112.628,step
2026-08-31T19:07:30.179113+00:00,79.031,0.0273,0.15,0.0,-0.0514,0.0015,9148.69,2,96.6884,112.65,step
2026-08-31T19:07:30.180859+00:00,79.035,0.0272,0.15,0.0,-0.0514,0.0014,9147.26,2,101.939,112.672,step
2026-08-31T19:07:30.182398+00:00,79.038,0.0272,0.15,0.0,-0.0514,0.0014,9148.84,2,115.498,112.694,step
2026-08-31T19:07:30.183853+00:00,79.04,0.0271,0.8,0.0,-0.0515,0.0013,9151.84,2,121.438,112.716,step
2026-08-31T19:07:30.185345+00:00,79.589,0.0269,0.8,0.0,-0.0515,0.0012,10092.5,2,126.038,112.738,step
2026-08-31T19:07:30.186819+00:00,80.428,0.0265,0.8,0.0,-0.0515,0.0008,10482.5,3,130.502,112.76,step
2026-08-31T19:07:30.188350+00:00,81.016,0.0261,0.8,0.0,-0.0515,0.0003,8299.16,3,134.537,112.782,step
2026-08-31T19:07:30.190173+00:00,80.903,0.0258,0.8,0.0,-0.0515,0.0001,8310.49,3,137.57,112.804,step
2026-08-31T19:07:30.191760+00:00,80.817,0.0256,0.8,0.0,-0.0515,-0.0001,7397.71,3,140.257,112.826,step
2026-08-31T19:07:30.193358+00:00,81.199,0.0254,0.8,0.0,-0.0515,-0.0003,7804.8,3,142.792,112.848,step
2026-08-31T19:07:30.195029+00:00,81.808,0.0251,0.8,0.0,-0.0514,-0.0006,7874.44,3,145.382,112.87,step
2026-08-31T19:07:30.196665+00:00,82.443,0.0248,0.8,0.0,-0.0514,-0.0009,7914.4,3,147.88,112.892,step
2026-08-31T19:07:30.198753+00:00,83.08,0.0245,0.8,0.0,-0.0513,-0.0011,7954.48,3,150.193,112.914,step
2026-08-31T19:07:30.200301+00:00,83.713,0.0242,0.8,0.0,-0.0512,-0.0013,8004.91,3,152.273,112.936,step
2026-08-31T19:07:30.201841+00:00,84.344,0.0241,0.8,0.0,-0.0511,-0.0014,8065.98,3,154.19,112.958,step
2026-08-31T19:07:30.203387+00:00,84.997,0.024,0.8,0.0,-0.0509,-0.0014,8099.32,3,156.104,112.98,step
2026-08-31T19:07:30.204998+00:00,85.651,0.024,0.8,0.0,-0.0508,-0.0014,8134.17,3,157.947,113.002,step
2026-08-31T19:07:30.206731+00:00,86.277,0.024,0.8,0.0,-0.0507,-0.0013,8214.29,3,159.79,113.024,step
2026-08-31T19:07:30.208292+00:00,86.898,0.024,0.8,0.0,-0.0506,-0.0012,8315.06,3,161.78,113.046,step
2026-08-31T19:07:30.209868+00:00,87.531,0.024,0.8,0.0,-0.0505,-0.0012,8412.55,3,164.003,113.068,step
2026-08-31T19:07:30.211413+00:00,88.181,0.0238,0.8,0.0,-0.0503,-0.0013,8498.6,3,166.467,113.09,step
2026-08-31T19:07:30.213051+00:00,88.847,0.0236,0.8,0.0,-0.0502,-0.0014,8572.3,3,169.142,113.112,step
2026-08-31T19:07:30.214891+00:00,89.524,0.0234,0.8,0.0,-0.0501,-0.0016,8638.34,3,172.003,113.134,step
2026-08-31T19:07:30.216579+00:00,90.208,0.0233,0.8,0.0,-0.05,-0.0017,8702.42,3,174.966,113.156,step
2026-08-31T19:07:30.218184+00:00,90.894,0.023,0.8,0.0,-0.0499,-0.0018,8763.75,3,178.194,113.178,step
2026-08-31T19:07:30.219779+00:00,91.589,0.0228,0.8,0.0,-0.0498,-0.0021,8821.79,3,181.691,113.2,step
2026-08-31T19:07:30.221311+00:00,92.287,0.0225,0.15,0.0,-0.0497,-0.0022,8882.39,3,185.322,113.222,step
2026-08-31T19:07:30.223139+00:00,92.51,0.0224,0.15,0.0,-0.0496,-0.0023,8481.27,3,188.806,113.244,step
2026-08-31T19:07:30.224803+00:00,92.468,0.0224,0.15,0.0,-0.0494,-0.0022,8481.01,3,192.006,113.266,step
2026-08-31T19:07:30.226386+00:00,92.431,0.0225,0.15,0.0,-0.0492,-0.002,8470.85,3,195.122,113.288,step
2026-08-31T19:07:30.227967+00:00,92.389,0.0227,0.15,0.0,-0.0491,-0.0018,8469.32,3,198.286,113.31,step
2026-08-31T19:07:30.229527+00:00,92.347,0.0228,0.15,0.0,-0.0489,-0.0016,8469.34,3,200.0,113.332,step
2026-08-31T19:07:30.231348+00:00,92.306,0.0228,0.15,0.0,-0.0487,-0.0015,8468.25,3,200.0,113.354,step
2026-08-31T19:07:30.232914+00:00,92.266,0.0228,0.15,0.0,-0.0486,-0.0014,8465.87,3,200.0,113.376,step
2026-08-31T19:07:30.234514+00:00,92.228,0.0228,0.15,0.0,-0.0484,-0.0014,8462.42,3,200.0,113.398,step
2026-08-31T19:07:30.236121+00:00,92.189,0.0227,0.8,0.0,-0.0483,-0.0014,8458.56,3,200.0,113.42,step
2026-08-31T19:07:30.237754+00:00,92.596,0.0227,0.15,0.0,-0.0482,-0.0013,8956.15,3,200.0,113.442,step
2026-08-31T19:07:30.239488+00:00,92.84,0.0226,0.15,0.0,-0.0481,-0.0014,8514.94,3,200.0,113.464,step
2026-08-31T19:07:30.241203+00:00,92.796,0.0224,0.15,0.0,-0.0479,-0.0015,8509.81,3,200.0,113.486,step
2026-08-31T19:07:30.242781+00:00,92.751,0.0224,0.15,0.0,-0.0478,-0.0015,8506.19,3,200.0,113.508,step
2026-08-31T19:07:30.244353+00:00,92.706,0.0224,0.15,0.0,-0.0477,-0.0014,8503.17,3,200.0,113.53,step
2026-08-31T19:07:30.245958+00:00,92.66,0.0224,0.15,0.0,-0.0476,-0.0013,8500.02,3,200.0,113.552,step
2026-08-31T19:07:30.247819+00:00,92.619,0.0225,0.15,0.0,-0.0474,-0.0012,8487.12,3,200.0,113.574,step
2026-08-31T19:07:30.249421+00:00,92.571,0.0227,0.15,0.0,-0.0473,-0.001,8483.7,3,200.0,113.596,step
2026-08-31T19:07:30.250998+00:00,92.522,0.0229,0.15,0.0,-0.0472,-0.0007,8482.84,3,200.0,113.618,step
2026-08-31T19:07:30.252568+00:00,92.474,0.023,0.15,0.0,-0.0471,-0.0006,8482.24,3,200.0,113.64,step
2026-08-31T19:07:30.254241+00:00,92.427,0.0231,0.15,0.0,-0.0471,-0.0005,8480.3,3,200.0,113.662,step
2026-08-31T19:07:30.255942+00:00,92.382,0.0231,0.15,0.0,-0.047,-0.0004,8477.03,3,200.0,113.684,step
2026-08-31T19:07:30.257527+00:00,92.337,0.0231,0.15,0.0,-0.047,-0.0003,8472.77,3,200.0,113.706,step
2026-08-31T19:07:30.259077+00:00,92.293,0.0232,0.15,0.0,-0.0469,-0.0003,8468.2,3,200.0,113.728,step
2026-08-31T19:07:30.260698+00:00,92.246,0.0231,0.15,0.0,-0.0469,-0.0003,8463.09,3,200.0,113.75,step
2026-08-31T19:07:30.262357+00:00,92.199,0.0231,0.8,0.0,-0.0469,-0.0004,8458.04,3,200.0,113.772,step
2026-08-31T19:07:30.263942+00:00,92.605,0.0229,0.15,0.0,-0.0469,-0.0005,8938.52,3,200.0,113.794,step
2026-08-31T19:07:30.265729+00:00,92.832,0.0212,0.15,0.0,-0.0468,-0.0021,8512.62,3,200.0,113.816,step
2026-08-31T19:07:30.267217+00:00,92.781,0.0197,0.15,0.0,-0.0465,-0.0035,8508.17,3,200.0,113.838,step
2026-08-31T19:07:30.268706+00:00,92.733,0.0182,0.15,0.0,-0.0461,-0.0047,8497.68,3,200.0,113.86,step
2026-08-31T19:07:30.270150+00:00,92.679,0.0168,0.15,0.0,-0.0457,-0.0058,8494.2,3,200.0,113.882,step
2026-08-31T19:07:30.271643+00:00,92.626,0.0155,0.15,0.0,-0.045,-0.0068,8493.21,3,200.0,113.904,step
2026-08-31T19:07:30.273322+00:00,92.573,0.0142,0.15,0.0,-0.0444,-0.0077,8491.91,3,200.0,113.926,step
2026-08-31T19:07:30.274748+00:00,92.521,0.0129,0.15,0.0,-0.0436,-0.0086,8489.09,3,200.0,113.948,step
2026-08-31T19:07:30.276184+00:00,92.471,0.0116,0.15,0.0,-0.0427,-0.0094,8485.11,3,200.0,113.97,step
2026-08-31T19:07:30.277589+00:00,92.421,0.0103,0.15,0.0,-0.0418,-0.0102,8480.38,3,200.0,113.992,step
2026-08-31T19:07:30.279024+00:00,92.372,0.0091,0.8,0.0,-0.0408,-0.0109,8475.31,3,200.0,114.014,step
2026-08-31T19:07:30.280547+00:00,92.766,0.0079,0.15,0.0,-0.0398,-0.0115,8970.85,3,200.0,114.036,step
2026-08-31T19:07:30.282398+00:00,93.001,0.0068,0.15,0.0,-0.0387,-0.0121,8529.51,3,200.0,114.058,step
2026-08-31T19:07:30.283936+00:00,92.947,0.0057,0.15,0.0,-0.0375,-0.0126,8523.82,3,200.0,114.08,step
2026-08-31T19:07:30.285442+00:00,92.894,0.0046,0.15,0.0,-0.0363,-0.013,8519.68,3,200.0,114.102,step
2026-08-31T19:07:30.286882+00:00,92.84,0.0036,0.15,0.0,-0.035,-0.0134,8516.01,3,200.0,114.124,step
2026-08-31T19:07:30.288499+00:00,92.786,0.0027,0.15,0.0,-0.0337,-0.0137,8512.01,3,200.0,114.146,step
2026-08-31T19:07:30.290100+00:00,92.735,0.0018,0.15,0.0,-0.0325,-0.0139,8502.41,3,200.0,114.168,step
2026-08-31T19:07:30.291579+00:00,92.68,0.001,0.15,0.0,-0.0312,-0.0141,8498.17,3,200.0,114.19,step
2026-08-31T19:07:30.293034+00:00,92.626,0.0002,0.15,0.0,-0.0299,-0.0142,8495.29,3,200.0,114.212,step
2026-08-31T19:07:30.294441+00:00,92.571,-0.0005,0.15,0.0,-0.0285,-0.0142,8492.08,3,200.0,114.234,step
2026-08-31T19:07:30.295896+00:00,92.518,-0.0012,0.15,0.0,-0.0272,-0.0142,8488.19,3,200.0,114.256,step
2026-08-31T19:07:30.297614+00:00,92.465,-0.0018,0.8,0.0,-0.0259,-0.0142,8483.58,3,200.0,114.278,step
2026-08-31T19:07:30.299073+00:00,92.855,-0.0024,0.15,0.0,-0.0245,-0.0141,8976.86,3,200.0,114.3,step
2026-08-31T19:07:30.300579+00:00,93.086,-0.0029,0.15,0.0,-0.0232,-0.014,8537.79,3,200.0,114.322,step
2026-08-31T19:07:30.302061+00:00,93.031,-0.0034,0.15,0.0,-0.0219,-0.0139,8532.28,3,200.0,114.344,step
2026-08-31T19:07:30.303520+00:00,92.975,-0.0039,0.15,0.0,-0.0206,-0.0137,8528.04,3,200.0,114.366,step
2026-08-31T19:07:30.305073+00:00,92.92,-0.0043,0.15,0.0,-0.0194,-0.0135,8523.72,3,200.0,114.388,step
2026-08-31T19:07:30.306834+00:00,92.864,-0.0047,0.15,0.0,-0.0181,-0.0133,8518.98,3,200.0,114.41,step
2026-08-31T19:07:30.308345+00:00,92.808,-0.0051,0.15,0.0,-0.0169,-0.013,8514.18,3,200.0,114.432,step
2026-08-31T19:07:30.309833+00:00,92.753,-0.0054,0.15,0.0,-0.0156,-0.0127,8509.21,3,200.0,114.454,step
2026-08-31T19:07:30.311319+00:00,92.699,-0.0057,0.15,0.0,-0.0145,-0.0124,8500.08,3,200.0,114.476,step
2026-08-31T19:07:30.312822+00:00,92.643,-0.006,0.15,0.0,-0.0133,-0.0121,8495.5,3,200.0,114.498,step
2026-08-31T19:07:30.314542+00:00,92.586,-0.0062,0.15,0.0,-0.0122,-0.0118,8492.01,3,200.0,114.52,step
2026-08-31T19:07:30.316030+00:00,92.53,-0.0064,0.15,0.0,-0.0111,-0.0114,8488.37,3,200.0,114.542,step
2026-08-31T19:07:30.317529+00:00,92.474,-0.0065,0.15,0.0,-0.01,-0.0111,8484.05,3,200.0,114.564,step
2026-08-31T19:07:30.319098+00:00,92.419,-0.0066,0.15,0.0,-0.009,-0.0107,8479.23,3,200.0,114.586,step
2026-08-31T19:07:30.320684+00:00,92.364,-0.0067,0.8,0.0,-0.008,-0.0103,8474.13,3,200.0,114.608,step
2026-08-31T19:07:30.322295+00:00,92.754,-0.0067,0.15,0.0,-0.0071,-0.0099,8965.97,3,200.0,114.63,step
2026-08-31T19:07:30.323910+00:00,92.982,-0.0067,0.15,0.0,-0.0061,-0.0094,8527.91,3,200.0,114.652,step
2026-08-31T19:07:30.325481+00:00,92.924,-0.0067,0.15,0.0,-0.0053,-0.009,8522.12,3,200.0,114.674,step
2026-08-31T19:07:30.327039+00:00,92.866,-0.0067,0.15,0.0,-0.0044,-0.0086,8517.75,3,200.0,114.696,step
2026-08-31T19:07:30.328574+00:00,92.808,-0.0066,0.15,0.0,-0.0037,-0.0082,8513.54,3,200.0,114.718,step
2026-08-31T19:07:30.330167+00:00,92.751,-0.0066,0.15,0.0,-0.0029,-0.0077,8509.03,3,200.0,114.74,step
2026-08-31T19:07:30.331835+00:00,92.694,-0.0065,0.15,0.0,-0.0022,-0.0073,8503.37,3,200.0,114.762,step
2026-08-31T19:07:30.333375+00:00,92.638,-0.0064,0.15,0.0,-0.0015,-0.0069,8495.64,3,200.0,114.784,step
2026-08-31T19:07:30.335011+00:00,92.58,-0.0064,0.15,0.0,-0.0009,-0.0065,8490.93,3,200.0,114.806,step
2026-08-31T19:07:30.336575+00:00,92.521,-0.0063,0.15,0.0,-0.0003,-0.0062,8487.13,3,200.0,114.828,step
2026-08-31T19:07:30.338121+00:00,92.464,-0.0062,0.15,0.0,0.0003,-0.0058,8482.65,3,200.0,114.85,step
2026-08-31T19:07:30.339782+00:00,92.407,-0.0061,0.8,0.0,0.0008,-0.0055,8477.98,3,200.0,114.872,step
2026-08-31T19:07:30.341326+00:00,92.797,-0.006,0.15,0.0,0.0013,-0.0051,8968.37,3,200.0,114.894,step
2026-08-31T19:07:30.342903+00:00,93.022,-0.0058,0.15,0.0,0.0018,-0.0047,8531.72,3,200.0,114.916,step
2026-08-31T19:07:30.344414+00:00,92.963,-0.0057,0.15,0.0,0.0022,-0.0044,8526.08,3,200.0,114.938,step
2026-08-31T19:07:30.345971+00:00,92.904,-0.0055,0.15,0.0,0.0026,-0.004,8521.96,3,200.0,114.96,step
2026-08-31T19:07:30.347767+00:00,92.846,-0.0053,0.15,0.0,0.003,-0.0037,8517.4,3,200.0,114.982,step
2026-08-31T19:07:30.349382+00:00,92.787,-0.0052,0.15,0.0,0.0034,-0.0034,8512.32,3,200.0,115.004,step
2026-08-31T19:07:30.350931+00:00,92.729,-0.005,0.15,0.0,0.0036,-0.0031,8507.18,3,200.0,115.026,step
2026-08-31T19:07:30.352433+00:00,92.671,-0.0048,0.15,0.0,0.0039,-0.0028,8501.7,3,200.0,115.048,step
2026-08-31T19:07:30.353961+00:00,92.613,-0.0046,0.15,0.0,0.0042,-0.0025,8495.25,3,200.0,115.07,step
2026-08-31T19:07:30.355580+00:00,92.555,-0.0045,0.15,0.0,0.0044,-0.0022,8488.96,3,200.0,115.092,step
2026-08-31T19:07:30.357464+00:00,92.496,-0.0043,0.15,0.0,0.0046,-0.0019,8484.09,3,200.0,115.114,step
2026-08-31T19:07:30.358991+00:00,92.438,-0.0041,0.8,0.0,0.0048,-0.0017,8479.6,3,200.0,115.136,step
2026-08-31T19:07:30.360507+00:00,92.829,-0.0039,0.15,0.0,0.0049,-0.0014,8963.37,3,200.0,115.158,step
2026-08-31T19:07:30.362074+00:00,93.049,-0.0037,0.15,0.0,0.005,-0.0012,8533.69,3,200.0,115.18,step
2026-08-31T19:07:30.363717+00:00,92.988,-0.0035,0.15,0.0,0.0051,-0.0009,8528.49,3,200.0,115.202,step
2026-08-31T19:07:30.365526+00:00,92.928,-0.0034,0.15,0.0,0.0052,-0.0007,8524.27,3,200.0,115.224,step
2026-08-31T19:07:30.367143+00:00,92.869,-0.0032,0.15,0.0,0.0053,-0.0005,8519.85,3,200.0,115.246,step
2026-08-31T19:07:30.368744+00:00,92.81,-0.003,0.15,0.0,0.0053,-0.0003,8514.74,3,200.0,115.268,step
2026-08-31T19:07:30.370290+00:00,92.751,-0.0028,0.15,0.0,0.0053,-0.0001,8509.38,3,200.0,115.29,step
2026-08-31T19:07:30.371969+00:00,92.692,-0.0026,0.15,0.0,0.0053,0.0,8503.76,3,200.0,115.312,step
2026-08-31T19:07:30.373685+00:00,92.633,-0.0024,0.15,0.0,0.0053,0.0002,8498.35,3,200.0,115.334,step
2026-08-31T19:07:30.375258+00:00,92.575,-0.0023,0.15,0.0,0.0053,0.0004,8492.86,3,200.0,115.356,step
2026-08-31T19:07:30.376774+00:00,92.517,-0.0021,0.15,0.0,0.0053,0.0005,8486.63,3,200.0,115.378,step
2026-08-31T19:07:30.378309+00:00,92.458,-0.002,0.8,0.0,0.0052,0.0006,8481.15,3,200.0,115.4,step
2026-08-31T19:07:30.379880+00:00,92.851,-0.0018,0.15,0.0,0.0051,0.0007,8958.92,3,200.0,115.422,step
2026-08-31T19:07:30.381609+00:00,93.066,-0.0016,0.15,0.0,0.0051,0.0009,8534.6,3,199.562,115.444,step
2026-08-31T19:07:30.383180+00:00,93.005,-0.0015,0.15,0.0,0.005,0.001,8529.36,3,199.081,115.466,step
2026-08-31T19:07:30.384775+00:00,92.944,-0.0013,0.15,0.0,0.0049,0.0011,8525.6,3,198.579,115.488,step
2026-08-31T19:07:30.386359+00:00,92.884,-0.0012,0.15,0.0,0.0048,0.0011,8521.14,3,198.064,115.51,step
2026-08-31T19:07:30.388038+00:00,92.824,-0.0011,0.15,0.0,0.0047,0.0012,8516.16,3,197.546,115.532,step
2026-08-31T19:07:30.389836+00:00,92.765,-0.001,0.15,0.0,0.0046,0.0013,8510.93,3,197.029,115.554,step
2026-08-31T19:07:30.391549+00:00,92.705,-0.0008,0.15,0.0,0.0044,0.0013,8505.03,3,196.513,115.576,step
2026-08-31T19:07:30.393239+00:00,92.644,-0.0007,0.15,0.0,0.0043,0.0014,8498.95,3,195.997,115.598,step
2026-08-31T19:07:30.394915+00:00,92.583,-0.0005,0.15,0.0,0.0042,0.0015,8493.21,3,195.483,115.62,step
2026-08-31T19:07:30.396640+00:00,92.522,-0.0016,0.15,0.0,0.0041,0.0004,8487.49,3,194.966,115.642,step
2026-08-31T19:07:30.398777+00:00,92.46,-0.0027,0.15,0.0,0.0041,-0.0006,8481.95,3,194.467,115.664,step
2026-08-31T19:07:30.400441+00:00,92.401,-0.0038,0.8,0.0,0.0042,-0.0017,8471.15,3,194.002,115.686,step
2026-08-31T19:07:30.402109+00:00,92.827,-0.005,0.15,0.0,0.0044,-0.0027,8888.96,3,193.576,115.708,step
2026-08-31T19:07:30.403778+00:00,92.996,-0.0061,0.15,0.0,0.0047,-0.0036,8524.32,3,193.189,115.73,step
2026-08-31T19:07:30.405555+00:00,92.929,-0.0072,0.15,0.0,0.0051,-0.0045,8521.89,3,192.829,115.752,step
2026-08-31T19:07:30.407408+00:00,92.864,-0.0083,0.15,0.0,0.0055,-0.0053,8519.0,3,192.514,115.774,step
2026-08-31T19:07:30.409078+00:00,92.801,-0.0093,0.15,0.0,0.006,-0.0061,8514.73,3,192.253,115.796,step
2026-08-31T19:07:30.410804+00:00,92.738,-0.0104,0.15,0.0,0.0066,-0.0068,8509.55,3,192.045,115.818,step
2026-08-31T19:07:30.412644+00:00,92.674,-0.0113,0.15,0.0,0.0073,-0.0074,8503.13,3,191.9,115.84,step
2026-08-31T19:07:30.414619+00:00,92.61,-0.0122,0.15,0.0,0.008,-0.0079,8496.54,3,191.816,115.862,step
2026-08-31T19:07:30.416368+00:00,92.544,-0.0131,0.15,0.0,0.0087,-0.0084,8490.23,3,191.776,115.884,step
2026-08-31T19:07:30.418104+00:00,92.479,-0.0139,0.15,0.0,0.0095,-0.0088,8483.99,3,191.772,115.906,step
2026-08-31T19:07:30.419770+00:00,92.413,-0.0147,0.15,0.0,0.0104,-0.0091,8477.95,3,191.801,115.928,step
2026-08-31T19:07:30.421419+00:00,92.35,-0.0155,0.15,0.0,0.0112,-0.0095,8465.65,3,191.848,115.95,step
2026-08-31T19:07:30.423269+00:00,92.283,-0.0163,0.8,0.0,0.0121,-0.0098,8459.99,3,191.886,115.972,step
2026-08-31T19:07:30.424924+00:00,92.697,-0.0171,0.15,0.0,0.013,-0.0102,8890.7,3,191.966,115.994,step
2026-08-31T19:07:30.426539+00:00,92.87,-0.0178,0.15,0.0,0.014,-0.0104,8515.54,3,192.117,116.016,step
2026-08-31T19:07:30.428164+00:00,92.799,-0.0185,0.15,0.0,0.015,-0.0106,8512.51,3,192.291,116.038,step
2026-08-31T19:07:30.429850+00:00,92.731,-0.0191,0.15,0.0,0.016,-0.0107,8508.18,3,192.505,116.06,step
2026-08-31T19:07:30.431738+00:00,92.664,-0.0197,0.15,0.0,0.017,-0.0108,8502.99,3,192.768,116.082,step
2026-08-31T19:07:30.433439+00:00,92.598,-0.0202,0.15,0.0,0.018,-0.0108,8496.82,3,193.088,116.104,step
2026-08-31T19:07:30.435154+00:00,92.531,-0.0207,0.15,0.0,0.019,-0.0108,8490.38,3,193.447,116.126,step
2026-08-31T19:07:30.436797+00:00,92.465,-0.0212,0.15,0.0,0.02,-0.0107,8483.81,3,193.842,116.148,step
2026-08-31T19:07:30.438520+00:00,92.399,-0.0216,0.15,0.0,0.021,-0.0106,8477.48,3,194.265,116.17,step
2026-08-31T19:07:30.440383+00:00,92.333,-0.0219,0.15,0.0,0.022,-0.0105,8471.15,3,194.721,116.192,step
2026-08-31T19:07:30.442057+00:00,92.266,-0.0223,0.15,0.0,0.023,-0.0104,8465.06,3,195.205,116.214,step
2026-08-31T19:07:30.443678+00:00,92.2,-0.0226,0.8,0.0,0.024,-0.0102,8458.99,3,195.703,116.236,step
2026-08-31T19:07:30.445299+00:00,92.578,-0.0229,0.15,0.0,0.0249,-0.01,8942.02,3,196.261,116.258,step
2026-08-31T19:07:30.446986+00:00,92.79,-0.023,0.15,0.0,0.0259,-0.0097,8510.11,3,196.879,116.28,step
2026-08-31T19:07:30.448683+00:00,92.722,-0.0233,0.15,0.0,0.0268,-0.0095,8503.87,3,197.44,116.302,step
2026-08-31T19:07:30.450350+00:00,92.653,-0.0236,0.15,0.0,0.0277,-0.0093,8499.15,3,198.001,116.324,step
2026-08-31T19:07:30.452017+00:00,92.586,-0.0238,0.15,0.0,0.0286,-0.0091,8494.1,3,198.607,116.346,step
2026-08-31T19:07:30.453617+00:00,92.52,-0.024,0.15,0.0,0.0294,-0.0089,8489.12,3,199.211,116.368,step
2026-08-31T19:07:30.455454+00:00,92.456,-0.0242,0.15,0.0,0.0303,-0.0087,8483.68,3,199.8,116.39,step
2026-08-31T19:07:30.457090+00:00,92.393,-0.0244,0.15,0.0,0.0311,-0.0085,8477.96,3,200.0,116.412,step
2026-08-31T19:07:30.458708+00:00,92.331,-0.0246,0.15,0.0,0.0319,-0.0083,8471.98,3,200.0,116.434,step
2026-08-31T19:07:30.460353+00:00,92.268,-0.0247,0.15,0.0,0.0327,-0.008,8465.84,3,200.0,116.456,step
2026-08-31T19:07:30.462034+00:00,92.2,-0.0246,0.15,0.0,0.0334,-0.0076,8471.92,3,135.871,116.478,step
2026-08-31T19:07:30.463619+00:00,92.143,-0.0245,0.8,0.0,0.0341,-0.0072,8460.03,3,131.972,116.5,step
2026-08-31T19:07:30.465409+00:00,92.502,-0.0243,0.15,0.0,0.0348,-0.0067,8977.55,3,128.536,116.522,step
2026-08-31T19:07:30.466966+00:00,92.746,-0.0242,0.15,0.0,0.0355,-0.0062,8507.37,3,125.242,116.544,step
2026-08-31T19:07:30.468558+00:00,92.682,-0.0242,0.15,0.0,0.0361,-0.0059,8499.2,3,122.348,116.566,step
2026-08-31T19:07:30.470113+00:00,92.619,-0.0242,0.0,0.15,0.0367,-0.0056,8493.67,3,119.639,116.588,step
2026-08-31T19:07:30.471708+00:00,92.129,-0.0242,0.0,0.15,0.0372,-0.0053,8311.77,3,116.986,116.61,step
2026-08-31T19:07:30.473457+00:00,91.484,-0.0242,0.0,0.15,0.0378,-0.0051,8243.66,3,114.466,116.632,step
2026-08-31T19:07:30.475057+00:00,90.799,-0.0242,0.0,0.15,0.0383,-0.0049,8174.41,3,112.085,116.654,step
2026-08-31T19:07:30.476688+00:00,90.085,-0.0242,0.0,0.15,0.0388,-0.0046,8106.98,3,109.723,116.676,step
2026-08-31T19:07:30.478282+00:00,89.377,-0.0241,0.15,0.0,0.0393,-0.0042,8044.36,3,107.293,116.698,step
2026-08-31T19:07:30.480077+00:00,89.112,-0.0238,0.15,0.0,0.0397,-0.0038,8183.88,3,104.841,116.72,step
2026-08-31T19:07:30.481720+00:00,89.038,-0.0233,0.15,0.0,0.0402,-0.0031,8222.61,3,102.261,116.742,step
2026-08-31T19:07:30.483266+00:00,89.015,-0.0228,0.15,0.0,0.0405,-0.0024,8185.05,3,99.7185,116.764,step
2026-08-31T19:07:30.484832+00:00,88.976,-0.0224,0.15,0.0,0.0409,-0.0019,8169.5,3,97.4486,116.786,step
2026-08-31T19:07:30.486360+00:00,88.932,-0.0222,0.15,0.0,0.0411,-0.0015,8159.18,3,95.4378,116.808,step
2026-08-31T19:07:30.487855+00:00,88.886,-0.0221,0.15,0.0,0.0413,-0.0013,8151.94,3,93.6181,116.83,step
2026-08-31T19:07:30.489485+00:00,88.838,-0.022,0.15,0.0,0.0415,-0.0012,8146.82,3,91.9059,116.852,step
2026-08-31T19:07:30.491012+00:00,88.789,-0.022,0.15,0.0,0.0416,-0.0011,8142.93,3,90.2484,116.874,step
2026-08-31T19:07:30.492614+00:00,88.743,-0.022,0.15,0.0,0.0417,-0.0011,8141.47,3,88.7243,116.896,step
2026-08-31T19:07:30.494102+00:00,88.702,-0.0224,0.15,0.0,0.0418,-0.0014,8140.39,3,87.4218,116.918,step
2026-08-31T19:07:30.495593+00:00,88.665,-0.0225,0.15,0.0,0.042,-0.0014,8138.65,3,86.1921,116.94,step
2026-08-31T19:07:30.497138+00:00,88.629,-0.0203,0.15,0.0,0.042,0.0007,8135.29,3,84.8619,116.962,step
2026-08-31T19:07:30.498837+00:00,88.594,-0.0179,0.15,0.0,0.0418,0.0029,8130.73,3,83.451,116.984,step
2026-08-31T19:07:30.500354+00:00,88.519,-0.0154,0.15,0.0,0.0414,0.0052,8192.67,3,81.9979,117.006,step
2026-08-31T19:07:30.501818+00:00,88.47,-0.0124,0.15,0.0,0.0409,0.0077,8213.66,3,80.3787,117.028,step
2026-08-31T19:07:30.503218+00:00,88.49,-0.0096,0.15,0.0,0.0402,0.0101,8138.32,3,78.9357,117.05,step
2026-08-31T19:07:30.504679+00:00,88.466,-0.0071,0.15,0.0,0.0393,0.0121,8121.05,3,77.7558,117.072,step
2026-08-31T19:07:30.506350+00:00,88.437,-0.0047,0.15,0.0,0.0382,0.0139,8111.97,3,76.7949,117.094,step
2026-08-31T19:07:30.507845+00:00,88.404,-0.0025,0.15,0.0,0.037,0.0154,8106.25,3,75.9886,117.116,step
2026-08-31T19:07:30.509349+00:00,88.369,-0.0004,0.15,0.0,0.0356,0.0167,8102.68,3,75.2829,117.138,step
2026-08-31T19:07:30.510784+00:00,88.334,0.0016,0.15,0.0,0.0341,0.018,8100.5,3,74.6788,117.16,step
2026-08-31T19:07:30.512312+00:00,88.3,0.0036,0.15,0.0,0.0325,0.0191,8100.38,3,74.155,117.182,step
2026-08-31T19:07:30.513901+00:00,88.272,0.0055,0.15,0.0,0.0307,0.0201,8100.76,3,73.6786,117.204,step
2026-08-31T19:07:30.515679+00:00,88.247,0.0075,0.15,0.0,0.0288,0.0211,8100.25,3,73.2458,117.226,step
2026-08-31T19:07:30.517121+00:00,88.225,0.0093,0.15,0.0,0.0269,0.0219,8098.23,3,72.8701,117.248,step
2026-08-31T19:07:30.518604+00:00,88.203,0.0111,0.15,0.0,0.0249,0.0227,8095.16,3,72.5755,117.27,step
2026-08-31T19:07:30.520082+00:00,88.167,0.0127,0.15,0.0,0.0229,0.0233,8119.35,3,72.3891,117.292,step
2026-08-31T19:07:30.521553+00:00,88.097,0.0141,0.15,0.0,0.0208,0.0235,8192.44,3,72.4087,117.314,step
2026-08-31T19:07:30.523221+00:00,88.133,0.0152,0.15,0.0,0.0187,0.0237,8112.48,3,72.5346,117.336,step
2026-08-31T19:07:30.524708+00:00,88.127,0.0165,0.15,0.0,0.0165,0.0238,8092.35,3,72.66,117.358,step
2026-08-31T19:07:30.526197+00:00,88.111,0.0177,0.15,0.0,0.0144,0.024,8083.38,3,72.7636,117.38,step
2026-08-31T19:07:30.527610+00:00,88.091,0.019,0.15,0.0,0.0122,0.0241,8078.18,3,72.88,117.402,step
2026-08-31T19:07:30.529026+00:00,88.07,0.0202,0.15,0.0,0.01,0.0243,8075.24,3,73.035,117.424,step
2026-08-31T19:07:30.530545+00:00,88.047,0.0213,0.15,0.0,0.0079,0.0243,8073.84,3,73.2371,117.446,step
2026-08-31T19:07:30.532174+00:00,88.025,0.0224,0.15,0.0,0.0057,0.0243,8074.0,3,73.4887,117.468,step
2026-08-31T19:07:30.533697+00:00,88.007,0.0236,0.15,0.0,0.0036,0.0244,8075.09,3,73.7108,117.49,step
2026-08-31T19:07:30.535257+00:00,87.992,0.0248,0.15,0.0,0.0014,0.0245,8075.5,3,73.9304,117.512,step
2026-08-31T19:07:30.536796+00:00,87.978,0.0258,0.15,0.0,-0.0008,0.0245,8074.83,3,74.2295,117.534,step
2026-08-31T19:07:30.538342+00:00,87.966,0.0267,0.15,0.0,-0.0029,0.0243,8073.14,3,74.6689,117.556,step
2026-08-31T19:07:30.539925+00:00,87.954,0.0275,0.15,0.0,-0.0051,0.024,8071.04,3,75.2616,117.578,step
2026-08-31T19:07:30.541412+00:00,87.913,0.0279,0.15,0.0,-0.0072,0.0234,8116.61,3,76.1029,117.6,step
2026-08-31T19:07:30.542905+00:00,87.926,0.028,0.15,0.0,-0.0093,0.0225,8086.17,3,77.1754,117.622,step
2026-08-31T19:07:30.544347+00:00,87.923,0.0282,0.15,0.0,-0.0113,0.0217,8073.9,3,78.258,117.644,step
2026-08-31T19:07:30.545744+00:00,87.916,0.0285,0.15,0.0,-0.0133,0.021,8067.16,3,79.309,117.666,step
2026-08-31T19:07:30.547218+00:00,87.906,0.0288,0.15,0.0,-0.0152,0.0204,8062.9,3,80.3225,117.688,step
2026-08-31T19:07:30.548659+00:00,87.894,0.0291,0.15,0.0,-0.017,0.0199,8060.5,3,81.3461,117.71,step
2026-08-31T19:07:30.550153+00:00,87.882,0.0295,0.15,0.0,-0.0187,0.0193,8059.46,3,82.4155,117.732,step
2026-08-31T19:07:30.551679+00:00,87.868,0.0297,0.15,0.0,-0.0204,0.0188,8059.44,3,83.5439,117.754,step
2026-08-31T19:07:30.553264+00:00,87.858,0.03,0.15,0.0,-0.022,0.0183,8060.48,3,84.6901,117.776,step
2026-08-31T19:07:30.554893+00:00,87.849,0.0304,0.15,0.0,-0.0236,0.0178,8061.25,3,85.8357,117.798,step
2026-08-31T19:07:30.556597+00:00,87.842,0.0307,0.15,0.0,-0.0252,0.0174,8061.13,3,87.0433,117.82,step
2026-08-31T19:07:30.558059+00:00,87.836,0.0309,0.15,0.0,-0.0267,0.0168,8060.53,3,88.4068,117.842,step
2026-08-31T19:07:30.559612+00:00,87.83,0.0309,0.15,0.0,-0.0282,0.0162,8059.38,3,89.9662,117.864,step
2026-08-31T19:07:30.561182+00:00,87.811,0.0308,0.15,0.0,-0.0296,0.0155,8080.68,3,91.763,117.886,step
2026-08-31T19:07:30.562773+00:00,87.814,0.0305,0.15,0.0,-0.0309,0.0145,8070.35,3,93.9069,117.908,step
2026-08-31T19:07:30.564533+00:00,87.815,0.0302,0.15,0.0,-0.0322,0.0136,8062.81,3,96.1785,117.93,step
2026-08-31T19:07:30.565993+00:00,87.813,0.03,0.15,0.0,-0.0334,0.0128,8058.54,3,98.5552,117.952,step
2026-08-31T19:07:30.567524+00:00,87.809,0.0298,0.8,0.0,-0.0346,0.012,8055.47,3,162.544,117.974,step
2026-08-31T19:07:30.569001+00:00,88.254,0.0296,0.8,0.0,-0.0356,0.0113,8482.44,3,160.77,117.996,step
2026-08-31T19:07:30.570484+00:00,88.942,0.0293,0.8,0.0,-0.0366,0.0106,8555.24,3,158.97,118.018,step
2026-08-31T19:07:30.572195+00:00,89.651,0.029,0.8,0.0,-0.0376,0.0098,8602.49,3,157.21,118.04,step
2026-08-31T19:07:30.573819+00:00,90.358,0.0288,0.8,0.0,-0.0385,0.0092,8663.5,3,155.527,118.062,step
2026-08-31T19:07:30.575435+00:00,91.058,0.0287,0.8,0.0,-0.0394,0.0087,8742.98,3,153.929,118.084,step
2026-08-31T19:07:30.576986+00:00,91.753,0.0287,0.8,0.0,-0.0403,0.0082,8840.43,3,152.359,118.106,step
2026-08-31T19:07:30.578447+00:00,92.456,0.0285,0.15,0.0,-0.0411,0.0077,8937.64,3,150.762,118.128,step
2026-08-31T19:07:30.580041+00:00,92.728,0.0284,0.15,0.0,-0.0418,0.0072,8503.56,3,149.169,118.15,step
2026-08-31T19:07:30.581714+00:00,92.709,0.0282,0.15,0.0,-0.0425,0.0067,8511.63,3,147.615,118.172,step
2026-08-31T19:07:30.583335+00:00,92.699,0.0279,0.15,0.0,-0.0432,0.006,8510.35,3,146.011,118.194,step
2026-08-31T19:07:30.584897+00:00,92.691,0.0275,0.15,0.0,-0.0438,0.0054,8506.28,3,144.399,118.216,step
2026-08-31T19:07:30.586378+00:00,92.681,0.0271,0.15,0.0,-0.0443,0.0047,8503.28,3,142.824,118.238,step
2026-08-31T19:07:30.588011+00:00,92.67,0.0267,0.15,0.0,-0.0448,0.0041,8501.03,3,141.294,118.26,step
2026-08-31T19:07:30.589695+00:00,92.66,0.0263,0.15,0.0,-0.0452,0.0036,8499.03,3,139.803,118.282,step
2026-08-31T19:07:30.591177+00:00,92.649,0.026,0.15,0.0,-0.0455,0.0031,8497.47,3,138.357,118.304,step
2026-08-31T19:07:30.592695+00:00,92.637,0.0257,0.15,0.0,-0.0458,0.0026,8496.29,3,136.95,118.326,step
2026-08-31T19:07:30.594251+00:00,92.626,0.0253,0.15,0.0,-0.0461,0.0022,8495.4,3,135.566,118.348,step
2026-08-31T19:07:30.595800+00:00,92.614,0.025,0.15,0.0,-0.0463,0.0018,8494.79,3,134.21,118.37,step
2026-08-31T19:07:30.597600+00:00,92.603,0.0247,0.15,0.0,-0.0465,0.0014,8494.16,3,132.88,118.392,step
2026-08-31T19:07:30.599142+00:00,92.592,0.0244,0.15,0.0,-0.0466,0.0011,8493.19,3,131.565,118.414,step
2026-08-31T19:07:30.600704+00:00,92.581,0.0241,0.15,0.0,-0.0467,0.0007,8492.33,3,130.276,118.436,step
2026-08-31T19:07:30.602223+00:00,92.57,0.0238,0.15,0.0,-0.0468,0.0004,8490.71,3,129.012,118.458,step
2026-08-31T19:07:30.603727+00:00,92.559,0.0235,0.15,0.0,-0.0468,0.0001,8489.81,3,127.766,118.48,step
2026-08-31T19:07:30.605338+00:00,92.548,0.0232,0.15,0.0,-0.0468,-0.0002,8488.89,3,126.531,118.502,step
2026-08-31T19:07:30.607036+00:00,92.537,0.0229,0.15,0.0,-0.0468,-0.0004,8488.06,3,125.318,118.524,step
2026-08-31T19:07:30.608526+00:00,92.525,0.0226,0.15,0.0,-0.0467,-0.0007,8487.1,3,124.124,118.546,step
2026-08-31T19:07:30.610049+00:00,92.514,0.0224,0.15,0.0,-0.0467,-0.0009,8486.09,3,122.944,118.568,step
2026-08-31T19:07:30.611621+00:00,92.504,0.0221,0.15,0.0,-0.0466,-0.0011,8485.09,3,121.784,118.59,step
2026-08-31T19:07:30.613180+00:00,92.493,0.0219,0.15,0.0,-0.0465,-0.0013,8484.14,3,120.644,118.612,step
2026-08-31T19:07:30.614877+00:00,92.48,0.0216,0.0,0.15,-0.0463,-0.0016,8482.69,3,119.494,118.634,step
2026-08-31T19:07:30.616404+00:00,92.013,0.0212,0.0,0.15,-0.0462,-0.0018,8300.5,3,118.333,118.656,step
2026-08-31T19:07:30.617927+00:00,91.368,0.0207,0.0,0.15,-0.046,-0.0022,8237.65,3,117.166,118.678,step
2026-08-31T19:07:30.619456+00:00,90.724,0.0203,0.0,0.15,-0.0458,-0.0025,8176.78,3,116.008,118.7,step
2026-08-31T19:07:30.620971+00:00,90.081,0.0198,0.0,0.15,-0.0456,-0.0029,8117.76,3,114.871,118.722,step
2026-08-31T19:07:30.622548+00:00,89.428,0.0194,0.15,0.0,-0.0454,-0.0032,8073.82,3,113.773,118.744,step
2026-08-31T19:07:30.624011+00:00,89.237,0.0191,0.15,0.0,-0.0452,-0.0033,8185.66,3,112.734,118.766,step
2026-08-31T19:07:30.625491+00:00,89.228,0.0189,0.15,0.0,-0.0449,-0.0034,8184.56,3,111.746,118.788,step
2026-08-31T19:07:30.627006+00:00,89.219,0.0188,0.15,0.0,-0.0446,-0.0034,8184.07,3,110.784,118.81,step
2026-08-31T19:07:30.628568+00:00,89.21,0.0187,0.15,0.0,-0.0443,-0.0033,8183.99,3,109.838,118.832,step
2026-08-31T19:07:30.630050+00:00,89.202,0.0186,0.15,0.0,-0.044,-0.0033,8183.79,3,108.902,118.854,step
2026-08-31T19:07:30.631734+00:00,89.194,0.0185,0.15,0.0,-0.0437,-0.0032,8183.32,3,107.971,118.876,step
2026-08-31T19:07:30.633264+00:00,89.186,0.0184,0.15,0.0,-0.0434,-0.0032,8182.63,3,107.053,118.898,step
2026-08-31T19:07:30.634759+00:00,89.178,0.0184,0.15,0.0,-0.0431,-0.0031,8181.63,3,106.14,118.92,step
2026-08-31T19:07:30.636264+00:00,89.169,0.0183,0.15,0.0,-0.0428,-0.003,8180.59,3,105.228,118.942,step
2026-08-31T19:07:30.637737+00:00,89.16,0.0179,0.15,0.0,-0.0425,-0.0032,8179.62,3,104.323,118.964,step
2026-08-31T19:07:30.639192+00:00,89.151,0.0166,0.15,0.0,-0.0422,-0.0043,8178.72,3,103.423,118.986,step
2026-08-31T19:07:30.640749+00:00,89.142,0.0153,0.15,0.0,-0.0417,-0.0053,8177.87,3,102.538,119.008,step
2026-08-31T19:07:30.642162+00:00,89.134,0.0141,0.15,0.0,-0.0412,-0.0063,8174.86,3,101.686,119.03,step
2026-08-31T19:07:30.643525+00:00,89.124,0.0129,0.15,0.0,-0.0406,-0.0071,8174.13,3,100.868,119.052,step
2026-08-31T19:07:30.644871+00:00,89.114,0.0118,0.15,0.0,-0.0399,-0.0079,8174.19,3,100.077,119.074,step
2026-08-31T19:07:30.646207+00:00,89.104,0.0106,0.15,0.0,-0.0391,-0.0086,8174.25,3,99.303,119.096,step
2026-08-31T19:07:30.647560+00:00,89.094,0.0095,0.15,0.0,-0.0383,-0.0093,8173.85,3,98.5455,119.118,step
2026-08-31T19:07:30.648909+00:00,89.085,0.0084,0.15,0.0,-0.0374,-0.0099,8173.27,3,97.8071,119.14,step
2026-08-31T19:07:30.650237+00:00,89.076,0.0074,0.15,0.0,-0.0365,-0.0104,8172.4,3,97.0944,119.162,step
2026-08-31T19:07:30.651603+00:00,89.067,0.0064,0.15,0.0,-0.0355,-0.0109,8171.49,3,96.4085,119.184,step
2026-08-31T19:07:30.652908+00:00,89.059,0.0055,0.15,0.0,-0.0345,-0.0113,8170.8,3,95.7451,119.206,step
2026-08-31T19:07:30.654272+00:00,89.051,0.0046,0.15,0.0,-0.0335,-0.0117,8170.19,3,95.0958,119.228,step
2026-08-31T19:07:30.655675+00:00,89.044,0.0038,0.15,0.0,-0.0325,-0.012,8169.59,3,94.4588,119.25,step
2026-08-31T19:07:30.657227+00:00,89.037,0.003,0.15,0.0,-0.0313,-0.0122,8168.75,3,93.8356,119.272,step
2026-08-31T19:07:30.658577+00:00,89.03,0.0022,0.15,0.0,-0.0302,-0.0124,8168.01,3,93.2294,119.294,step
2026-08-31T19:07:30.659877+00:00,89.02,0.0014,0.15,0.0,-0.029,-0.0126,8173.34,3,92.638,119.316,step
2026-08-31T19:07:30.661177+00:00,89.016,0.0007,0.15,0.0,-0.0279,-0.0127,8170.54,3,92.0615,119.338,step
2026-08-31T19:07:30.662573+00:00,89.011,0.0001,0.15,0.0,-0.0267,-0.0128,8168.05,3,91.4954,119.36,step
2026-08-31T19:07:30.664049+00:00,89.006,-0.0006,0.15,0.0,-0.0255,-0.0128,8166.22,3,90.9384,119.382,step
2026-08-31T19:07:30.665372+00:00,89.0,-0.0011,0.15,0.0,-0.0244,-0.0128,8164.66,3,90.3969,119.404,step
2026-08-31T19:07:30.666707+00:00,88.994,-0.0017,0.15,0.0,-0.0232,-0.0128,8163.55,3,89.8655,119.426,step
2026-08-31T19:07:30.668032+00:00,88.987,-0.0022,0.15,0.0,-0.022,-0.0127,8162.79,3,89.3444,119.448,step
2026-08-31T19:07:30.669327+00:00,88.98,-0.0026,0.15,0.0,-0.0209,-0.0126,8162.37,3,88.8309,119.47,step
2026-08-31T19:07:30.670746+00:00,88.974,-0.003,0.15,0.0,-0.0198,-0.0125,8162.29,3,88.3265,119.492,step
2026-08-31T19:07:30.672235+00:00,88.968,-0.0034,0.15,0.0,-0.0187,-0.0123,8162.19,3,87.8282,119.514,step
2026-08-31T19:07:30.673623+00:00,88.962,-0.0038,0.15,0.0,-0.0176,-0.0121,8161.96,3,87.331,119.536,step
2026-08-31T19:07:30.674949+00:00,88.957,-0.0041,0.15,0.0,-0.0166,-0.0119,8161.48,3,86.8406,119.558,step
2026-08-31T19:07:30.676266+00:00,88.952,-0.0044,0.15,0.0,-0.0155,-0.0117,8160.92,3,86.3546,119.58,step
2026-08-31T19:07:30.677546+00:00,88.946,-0.0048,0.15,0.0,-0.0144,-0.0115,8163.22,3,85.8691,119.602,step
2026-08-31T19:07:30.678839+00:00,88.941,-0.005,0.15,0.0,-0.0134,-0.0112,8162.9,3,85.3942,119.624,step
2026-08-31T19:07:30.680216+00:00,88.938,-0.0052,0.15,0.0,-0.0124,-0.011,8160.92,3,84.9261,119.646,step
2026-08-31T19:07:30.681801+00:00,88.934,-0.0054,0.15,0.0,-0.0114,-0.0107,8159.61,3,84.4589,119.668,step
2026-08-31T19:07:30.683174+00:00,88.93,-0.0056,0.15,0.0,-0.0105,-0.0104,8158.48,3,83.9904,119.69,step
2026-08-31T19:07:30.684478+00:00,88.925,-0.0057,0.15,0.0,-0.0095,-0.0101,8157.57,3,83.5277,119.712,step
2026-08-31T19:07:30.685728+00:00,88.92,-0.0058,0.15,0.0,-0.0087,-0.0098,8156.98,3,83.0721,119.734,step
2026-08-31T19:07:30.687011+00:00,88.915,-0.0059,0.15,0.0,-0.0078,-0.0094,8156.57,3,82.6185,119.756,step
2026-08-31T19:07:30.688400+00:00,88.91,-0.0059,0.15,0.0,-0.007,-0.0091,8156.35,3,82.1647,119.778,step
2026-08-31T19:07:30.689948+00:00,88.906,-0.006,0.15,0.0,-0.0062,-0.0087,8156.33,3,81.7096,119.8,step
2026-08-31T19:07:30.691359+00:00,88.901,-0.006,0.15,0.0,-0.0054,-0.0084,8156.11,3,81.2547,119.822,step
2026-08-31T19:07:30.692715+00:00,88.897,-0.006,0.15,0.0,-0.0047,-0.0081,8155.84,3,80.8005,119.844,step
2026-08-31T19:07:30.694048+00:00,88.893,-0.006,0.15,0.0,-0.004,-0.0077,8155.36,3,80.3453,119.866,step
2026-08-31T19:07:30.695378+00:00,88.889,-0.006,0.15,0.0,-0.0033,-0.0074,8154.97,3,79.8898,119.888,step
2026-08-31T19:07:30.696732+00:00,88.884,-0.006,0.15,0.0,-0.0026,-0.007,8156.25,3,79.4354,119.91,step
2026-08-31T19:07:30.698341+00:00,88.881,-0.0059,0.15,0.0,-0.0021,-0.0067,8155.05,3,78.9816,119.932,step
2026-08-31T19:07:30.699703+00:00,88.878,-0.0058,0.15,0.0,-0.0015,-0.0063,8154.25,3,78.5266,119.954,step
2026-08-31T19:07:30.701059+00:00,88.874,-0.0057,0.15,0.0,-0.0009,-0.006,8153.52,3,78.0707,119.976,step
2026-08-31T19:07:30.702430+00:00,88.87,-0.0057,0.15,0.0,-0.0004,-0.0056,8152.86,3,77.6136,119.998,step
2026-08-31T19:07:30.703866+00:00,88.867,-0.0055,0.15,0.0,0.0001,-0.0053,8152.42,3,77.1572,120.02,step
2026-08-31T19:07:30.705255+00:00,88.862,-0.0054,0.15,0.0,0.0005,-0.0049,8152.04,3,76.6998,120.042,step
2026-08-31T19:07:30.706883+00:00,88.859,-0.0053,0.15,0.0,0.001,-0.0046,8151.75,3,76.2355,120.064,step
2026-08-31T19:07:30.708223+00:00,88.855,-0.0052,0.15,0.0,0.0014,-0.0043,8151.59,3,75.7642,120.086,step
2026-08-31T19:07:30.709566+00:00,88.851,-0.0051,0.15,0.0,0.0018,-0.004,8151.33,3,75.2916,120.108,step
2026-08-31T19:07:30.710911+00:00,88.847,-0.0049,0.15,0.0,0.0021,-0.0037,8150.93,3,74.8175,120.13,step
2026-08-31T19:07:30.712262+00:00,88.843,-0.0048,0.15,0.0,0.0024,-0.0035,8150.58,3,74.3431,120.152,step
2026-08-31T19:07:30.713686+00:00,88.839,-0.0047,0.15,0.0,0.0027,-0.0032,8150.27,3,73.8676,120.174,step
2026-08-31T19:07:30.715209+00:00,88.835,-0.0045,0.15,0.0,0.003,-0.0029,8149.93,3,73.3911,120.196,step
2026-08-31T19:07:30.716592+00:00,88.831,-0.0043,0.15,0.0,0.0033,-0.0026,8149.62,3,72.9159,120.218,step
2026-08-31T19:07:30.717957+00:00,88.828,-0.0042,0.15,0.0,0.0034,-0.0024,8149.25,3,72.4344,120.24,step
2026-08-31T19:07:30.719366+00:00,88.824,-0.004,0.15,0.0,0.0036,-0.0021,8148.91,3,71.9461,120.262,step
2026-08-31T19:07:30.720771+00:00,88.82,-0.0039,0.15,0.0,0.0038,-0.0019,8148.47,3,71.4552,120.284,step
2026-08-31T19:07:30.722159+00:00,88.816,-0.0037,0.15,0.0,0.004,-0.0017,8148.11,3,70.9626,120.306,step
2026-08-31T19:07:30.723863+00:00,88.812,-0.0036,0.15,0.0,0.0042,-0.0015,8147.8,3,70.4695,120.328,step
2026-08-31T19:07:30.725198+00:00,88.809,-0.0034,0.15,0.0,0.0043,-0.0012,8147.42,3,69.9774,120.35,step
2026-08-31T19:07:30.726534+00:00,88.805,-0.0033,0.15,0.0,0.0043,-0.001,8147.02,3,69.4796,120.372,step
2026-08-31T19:07:30.727876+00:00,88.801,-0.0031,0.15,0.0,0.0044,-0.0009,8146.58,3,68.9779,120.394,step
2026-08-31T19:07:30.729247+00:00,88.796,-0.0029,0.15,0.0,0.0045,-0.0007,8146.18,3,68.4752,120.416,step
2026-08-31T19:07:30.730768+00:00,88.792,-0.0028,0.15,0.0,0.0045,-0.0005,8145.81,3,67.971,120.438,step
2026-08-31T19:07:30.732158+00:00,88.787,-0.0026,0.15,0.0,0.0046,-0.0003,8145.45,3,67.4664,120.46,step
2026-08-31T19:07:30.733543+00:00,88.784,-0.0025,0.15,0.0,0.0046,-0.0002,8143.98,3,66.9612,120.482,step
2026-08-31T19:07:30.734872+00:00,88.779,-0.0023,0.15,0.0,0.0046,-0.0,8143.5,3,66.4511,120.504,step
2026-08-31T19:07:30.736200+00:00,88.774,-0.0022,0.15,0.0,0.0046,0.0001,8143.42,3,65.9359,120.526,step
2026-08-31T19:07:30.737598+00:00,88.769,-0.0021,0.15,0.0,0.0046,0.0002,8143.59,3,65.4186,120.548,step
2026-08-31T19:07:30.738999+00:00,88.765,-0.0019,0.15,0.0,0.0045,0.0003,8143.49,3,64.9011,120.57,step
2026-08-31T19:07:30.740507+00:00,88.76,-0.0018,0.15,0.0,0.0045,0.0004,8143.32,3,64.383,120.592,step
2026-08-31T19:07:30.741861+00:00,88.756,-0.0017,0.15,0.0,0.0045,0.0006,8142.76,3,63.8648,120.614,step
2026-08-31T19:07:30.743238+00:00,88.751,-0.0015,0.15,0.0,0.0044,0.0007,8142.35,3,63.3463,120.636,step
2026-08-31T19:07:30.744565+00:00,88.747,-0.0014,0.15,0.0,0.0044,0.0008,8141.85,3,62.8277,120.658,step
2026-08-31T19:07:30.745880+00:00,88.742,-0.0012,0.15,0.0,0.0043,0.0009,8141.21,3,62.3037,120.68,step
2026-08-31T19:07:30.747267+00:00,88.736,-0.0011,0.15,0.0,0.0042,0.001,8140.6,3,61.7757,120.702,step
2026-08-31T19:07:30.748700+00:00,88.731,-0.001,0.15,0.0,0.0042,0.001,8140.08,3,61.2466,120.724,step
2026-08-31T19:07:30.750071+00:00,88.725,-0.0009,0.15,0.0,0.004,0.0011,8139.63,3,60.7186,120.746,step
2026-08-31T19:07:30.751422+00:00,88.719,-0.0007,0.15,0.0,0.0039,0.0012,8138.45,3,60.1901,120.768,step
2026-08-31T19:07:30.752765+00:00,88.714,-0.0006,0.15,0.0,0.0037,0.0012,8136.22,3,59.6612,120.79,step
2026-08-31T19:07:30.754058+00:00,88.708,-0.0005,0.15,0.0,0.0036,0.0013,8136.15,3,59.1318,120.812,step
2026-08-31T19:07:30.755549+00:00,88.701,-0.0004,0.15,0.0,0.0034,0.0013,8136.77,3,58.5972,120.834,step
2026-08-31T19:07:30.756893+00:00,88.694,-0.0003,0.15,0.0,0.0033,0.0013,8137.09,3,58.0577,120.856,step
2026-08-31T19:07:30.758226+00:00,88.688,-0.0002,0.0,0.15,0.0032,0.0013,8136.89,3,57.5166,120.878,step
2026-08-31T19:07:30.759588+00:00,88.242,-0.0002,0.0,0.15,0.0031,0.0013,7960.74,3,56.9728,120.9,step
2026-08-31T19:07:30.760951+00:00,87.607,-0.0002,0.0,0.15,0.003,0.0013,7899.14,3,56.4274,120.922,step
2026-08-31T19:07:30.762264+00:00,86.968,-0.0002,0.0,0.15,0.0029,0.0012,7839.86,3,55.8837,120.944,step
2026-08-31T19:07:30.763700+00:00,86.332,-0.0002,0.0,0.15,0.0028,0.0012,7782.53,3,55.3435,120.966,step
2026-08-31T19:07:30.765572+00:00,85.704,-0.0002,0.0,0.15,0.0026,0.0011,7727.17,3,54.8075,120.988,step
2026-08-31T19:07:30.766961+00:00,85.079,-0.0002,0.0,0.15,0.0025,0.001,7672.17,3,54.2752,121.01,step
2026-08-31T19:07:30.768381+00:00,84.456,-0.0002,0.0,0.15,0.0024,0.001,7616.63,3,53.7471,121.032,step
2026-08-31T19:07:30.769804+00:00,83.835,-0.0002,0.0,0.15,0.0023,0.0009,7561.22,3,53.2232,121.054,step
2026-08-31T19:07:30.771199+00:00,83.211,-0.0002,0.0,0.15,0.0023,0.0009,7512.99,3,52.7035,121.076,step
2026-08-31T19:07:30.772710+00:00,82.591,-0.0002,0.0,0.15,0.0022,0.0008,7457.32,3,52.1886,121.098,step
2026-08-31T19:07:30.774250+00:00,81.975,-0.0002,0.0,0.15,0.0021,0.0008,7399.3,3,51.6779,121.12,step
2026-08-31T19:07:30.775601+00:00,81.361,-0.0003,0.0,0.15,0.002,0.0007,7340.86,3,51.1713,121.142,step
2026-08-31T19:07:30.776972+00:00,80.748,-0.0003,0.0,0.15,0.0019,0.0007,7283.82,3,50.6684,121.164,step
2026-08-31T19:07:30.778357+00:00,80.137,-0.0003,0.0,0.15,0.0019,0.0006,7228.45,3,50.1694,121.186,step
2026-08-31T19:07:30.779822+00:00,79.528,-0.0003,0.0,0.15,0.0018,0.0006,7173.84,2,49.6749,121.208,step
2026-08-31T19:07:30.781329+00:00,78.94,-0.0003,0.0,0.15,0.0018,0.0005,9015.7,2,49.1851,121.23,step
2026-08-31T19:07:30.782738+00:00,78.369,-0.0003,0.0,0.15,0.0017,0.0005,8992.4,2,48.7023,121.252,step
2026-08-31T19:07:30.784195+00:00,77.742,-0.0003,0.0,0.15,0.0017,0.0005,8805.42,2,48.2226,121.274,step
2026-08-31T19:07:30.785606+00:00,77.075,-0.0004,0.0,0.15,0.0016,0.0004,8729.83,2,47.7387,121.296,step
2026-08-31T19:07:30.787068+00:00,76.41,-0.0004,0.0,0.15,0.0016,0.0003,8655.5,2,47.2552,121.318,step
2026-08-31T19:07:30.788448+00:00,75.749,-0.0005,0.0,0.15,0.0015,0.0002,8581.12,2,46.7747,121.34,step
2026-08-31T19:07:30.790000+00:00,75.092,-0.0006,0.0,0.15,0.0015,0.0002,8507.5,2,46.302,121.362,step
2026-08-31T19:07:30.791408+00:00,74.438,-0.0006,0.0,0.15,0.0015,0.0001,8433.94,2,45.8369,121.384,step
2026-08-31T19:07:30.792808+00:00,73.776,-0.0007,0.0,0.15,0.0015,0.0001,8374.78,2,45.3774,121.406,step
2026-08-31T19:07:30.794141+00:00,73.125,-0.2007,0.0,0.15,0.0014,0.0,8301.01,2,44.923,121.428,step
2026-08-31T19:07:30.795489+00:00,72.49,-0.1982,0.0,0.15,0.0012,0.0023,8224.6,2,44.8138,121.45,step
2026-08-31T19:07:30.796868+00:00,71.805,0.009,0.0,0.15,0.0003,0.0088,8140.18,2,45.3641,121.472,step
2026-08-31T19:07:30.798346+00:00,71.155,0.0159,0.0,0.15,-0.0009,0.0149,8063.14,2,45.8832,121.494,step
2026-08-31T19:07:30.799725+00:00,70.508,0.0184,0.0,0.15,-0.0021,0.0167,7993.04,2,45.7383,121.516,step
2026-08-31T19:07:30.801139+00:00,69.872,0.019,0.0,0.15,-0.0031,0.0167,7922.6,2,45.3146,121.538,step
2026-08-31T19:07:30.802501+00:00,69.241,-0.1811,0.0,0.15,-0.0042,0.0162,7852.8,2,44.7951,121.56,step
2026-08-31T19:07:30.803854+00:00,68.624,-0.179,0.0,0.15,-0.0054,0.0177,7783.82,2,44.6091,121.582,step
2026-08-31T19:07:30.805328+00:00,67.958,0.0278,0.8,0.0,-0.0072,0.0233,7708.38,2,45.0942,121.604,step
2026-08-31T19:07:30.806931+00:00,68.213,0.0338,0.8,0.0,-0.0093,0.0281,8686.37,2,45.4589,121.626,step
2026-08-31T19:07:30.808336+00:00,68.993,0.0351,0.8,0.0,-0.0112,0.0284,9108.42,2,45.1021,121.648,step
2026-08-31T19:07:30.809737+00:00,69.914,-0.1652,0.0,0.15,-0.0129,0.0273,9360.19,2,44.4805,121.67,step
2026-08-31T19:07:30.811131+00:00,70.122,-0.1638,0.0,0.15,-0.0149,0.0277,7979.46,2,44.1175,121.692,step
2026-08-31T19:07:30.812583+00:00,69.452,-0.1586,0.0,0.15,-0.0173,0.0316,7897.26,2,44.3281,121.714,step
2026-08-31T19:07:30.814158+00:00,68.789,-0.1511,0.0,0.15,-0.0201,0.0374,7806.37,2,44.8803,121.736,step
2026-08-31T19:07:30.815554+00:00,68.143,0.0577,0.8,0.0,-0.0234,0.0443,7722.3,2,45.6668,121.758,step
2026-08-31T19:07:30.816932+00:00,68.441,0.0641,0.8,0.0,-0.0269,0.0487,8615.95,2,46.0548,121.78,step
2026-08-31T19:07:30.818333+00:00,69.246,0.0651,0.8,0.0,-0.0302,0.0481,8954.63,2,45.5218,121.802,step
2026-08-31T19:07:30.819679+00:00,70.151,-0.1361,0.0,0.15,-0.0333,0.0455,9189.02,2,44.6197,121.824,step
2026-08-31T19:07:30.821052+00:00,70.249,-0.1356,0.0,0.15,-0.0364,0.0444,7993.4,2,44.0124,121.846,step
2026-08-31T19:07:30.822650+00:00,69.579,-0.1308,0.0,0.15,-0.0399,0.0474,7906.23,2,44.0976,121.868,step
2026-08-31T19:07:30.824075+00:00,68.922,-0.1236,0.0,0.15,-0.0438,0.0524,7817.24,2,44.5648,121.89,step
2026-08-31T19:07:30.825505+00:00,68.282,0.0847,0.8,0.0,-0.0481,0.0583,7736.53,2,45.2414,121.912,step
2026-08-31T19:07:30.826930+00:00,68.523,0.0904,0.8,0.0,-0.0525,0.0618,8766.57,2,45.4706,121.934,step
2026-08-31T19:07:30.828306+00:00,69.259,-0.1094,0.0,0.15,-0.0565,0.06,9271.62,2,44.709,121.956,step
2026-08-31T19:07:30.829743+00:00,69.45,-0.1089,0.0,0.15,-0.0606,0.0585,7892.76,2,44.0167,121.978,step
2026-08-31T19:07:30.831384+00:00,68.741,-0.1039,0.0,0.15,-0.065,0.0612,7814.74,2,44.0842,122.0,step
2026-08-31T19:07:30.832828+00:00,68.102,-0.0965,0.0,0.15,-0.0698,0.066,7733.63,2,44.5776,122.022,step
2026-08-31T19:07:30.834272+00:00,67.473,0.1115,0.8,0.0,-0.0749,0.0712,7657.17,2,45.1807,122.044,step
2026-08-31T19:07:30.835716+00:00,67.758,0.1161,0.8,0.0,-0.08,0.0733,8602.6,2,45.1788,122.066,step
2026-08-31T19:07:30.837205+00:00,68.505,-0.0916,0.0,0.15,-0.0845,0.0637,9024.17,2,44.0937,122.088,step
2026-08-31T19:07:30.838767+00:00,68.615,-0.0996,0.0,0.15,-0.0884,0.0541,7801.89,2,43.1393,122.11,step
2026-08-31T19:07:30.840416+00:00,67.96,-0.1033,0.0,0.15,-0.0922,0.0487,7725.29,2,42.9672,122.132,step
2026-08-31T19:07:30.841930+00:00,67.291,-0.1051,0.0,0.15,-0.0957,0.0452,7668.98,2,43.1595,122.154,step
2026-08-31T19:07:30.843529+00:00,66.624,-0.1061,0.0,0.15,-0.0991,0.0427,7587.88,2,43.5406,122.176,step
2026-08-31T19:07:30.845033+00:00,65.982,-0.1062,0.0,0.15,-0.1024,0.041,7500.23,2,44.1031,122.198,step
2026-08-31T19:07:30.846752+00:00,65.355,-0.1059,0.0,0.15,-0.1056,0.0398,7418.9,2,44.791,122.22,step
2026-08-31T19:07:30.848509+00:00,64.732,0.0946,0.8,0.0,-0.1086,0.0388,7342.64,2,45.5554,122.242,step
2026-08-31T19:07:30.850039+00:00,64.978,0.0921,0.8,0.0,-0.1112,0.0351,8265.67,2,45.705,122.264,step
2026-08-31T19:07:30.851606+00:00,65.697,-0.1151,0.0,0.15,-0.1131,0.0273,8658.73,2,44.7752,122.286,step
2026-08-31T19:07:30.853136+00:00,65.789,-0.1218,0.0,0.15,-0.1146,0.0201,7483.43,2,44.0179,122.308,step
2026-08-31T19:07:30.854706+00:00,65.135,-0.1245,0.0,0.15,-0.116,0.0168,7407.41,2,44.073,122.33,step
2026-08-31T19:07:30.856480+00:00,64.471,-0.1253,0.0,0.15,-0.1174,0.0154,7341.49,2,44.5354,122.352,step
2026-08-31T19:07:30.858036+00:00,63.817,0.0749,0.8,0.0,-0.1189,0.0149,7257.7,2,45.2441,122.374,step
2026-08-31T19:07:30.859655+00:00,64.102,0.0728,0.8,0.0,-0.1201,0.0122,8071.49,2,45.4721,122.396,step
2026-08-31T19:07:30.861208+00:00,64.842,-0.1345,0.0,0.15,-0.1205,0.0051,8371.51,2,44.6582,122.418,step
2026-08-31T19:07:30.862744+00:00,64.814,-0.1408,0.0,0.15,-0.1206,-0.0011,7377.1,2,44.1034,122.44,step
2026-08-31T19:07:30.864350+00:00,64.156,-0.1424,0.0,0.15,-0.1208,-0.0027,7293.2,2,44.4844,122.462,step
2026-08-31T19:07:30.865858+00:00,63.514,0.0585,0.8,0.0,-0.1211,-0.002,7210.25,2,45.357,122.484,step
2026-08-31T19:07:30.867463+00:00,63.745,0.0575,0.8,0.0,-0.1213,-0.003,8095.07,2,45.8377,122.506,step
2026-08-31T19:07:30.869055+00:00,64.459,0.0518,0.8,0.0,-0.1208,-0.0083,8455.79,2,45.2793,122.528,step
2026-08-31T19:07:30.870657+00:00,65.357,-0.1557,0.0,0.15,-0.1199,-0.0151,8552.42,2,44.3673,122.55,step
2026-08-31T19:07:30.872179+00:00,65.406,-0.1616,0.0,0.15,-0.1187,-0.0201,7456.66,2,43.8822,122.572,step
2026-08-31T19:07:30.873906+00:00,64.737,-0.1634,0.0,0.15,-0.1176,-0.0214,7367.26,2,44.2921,122.594,step
2026-08-31T19:07:30.875447+00:00,64.075,0.0371,0.8,0.0,-0.1167,-0.0205,7276.55,2,45.2838,122.616,step
2026-08-31T19:07:30.876973+00:00,64.296,0.0362,0.8,0.0,-0.1158,-0.0209,8183.02,2,45.982,122.638,step
2026-08-31T19:07:30.878413+00:00,65.012,0.0311,0.8,0.0,-0.1142,-0.0251,8566.56,2,45.6396,122.66,step
2026-08-31T19:07:30.879878+00:00,65.837,-0.1753,0.0,0.15,-0.1123,-0.0303,8835.28,2,44.9533,122.682,step
2026-08-31T19:07:30.881537+00:00,66.006,-0.18,0.0,0.15,-0.1102,-0.0338,7509.77,2,44.721,122.704,step
2026-08-31T19:07:30.883058+00:00,65.325,0.0192,0.8,0.0,-0.1083,-0.0336,7428.36,2,45.4537,122.726,step
2026-08-31T19:07:30.884593+00:00,65.564,0.0182,0.8,0.0,-0.1064,-0.0337,8301.98,2,46.1618,122.748,step
2026-08-31T19:07:30.886141+00:00,66.313,0.0136,0.8,0.0,-0.1041,-0.037,8655.27,2,45.9999,122.77,step
2026-08-31T19:07:30.887689+00:00,67.153,0.0077,0.8,0.0,-0.1013,-0.0413,8920.66,2,45.5557,122.792,step
2026-08-31T19:07:30.889457+00:00,68.06,0.0014,0.8,0.0,-0.0982,-0.0459,9117.24,2,45.0529,122.814,step
2026-08-31T19:07:30.890972+00:00,69.017,-0.205,0.0,0.15,-0.0948,-0.0504,9262.11,2,44.5824,122.836,step
2026-08-31T19:07:30.892430+00:00,69.22,-0.2092,0.0,0.15,-0.0912,-0.0527,7875.85,2,44.6204,122.858,step
2026-08-31T19:07:30.893963+00:00,68.516,-0.0095,0.8,0.0,-0.088,-0.0514,7784.3,2,45.6449,122.88,step
2026-08-31T19:07:30.895524+00:00,68.728,-0.0096,0.8,0.0,-0.0848,-0.05,8764.16,2,46.7937,122.902,step
2026-08-31T19:07:30.897203+00:00,69.42,-0.0129,0.8,0.0,-0.0813,-0.0515,9345.1,2,47.1024,122.924,step
2026-08-31T19:07:30.898748+00:00,70.179,-0.0172,0.8,0.0,-0.0774,-0.0538,9888.98,2,47.174,122.946,step
2026-08-31T19:07:30.900284+00:00,71.042,-0.0218,0.8,0.0,-0.0733,-0.0562,10255.6,2,47.2231,122.968,step
2026-08-31T19:07:30.901782+00:00,71.978,-0.0264,0.8,0.0,-0.0689,-0.0586,10484.3,2,47.3123,122.99,step
2026-08-31T19:07:30.903229+00:00,72.972,-0.031,0.8,0.0,-0.0642,-0.0607,10605.2,2,47.4771,123.012,step
2026-08-31T19:07:30.904695+00:00,74.0,-0.0353,0.0,0.15,-0.0592,-0.0624,10658.2,2,47.7592,123.034,step
2026-08-31T19:07:30.906519+00:00,74.587,-0.0392,0.0,0.15,-0.0541,-0.0637,8486.02,2,48.1221,123.056,step
2026-08-31T19:07:30.908060+00:00,73.893,-0.0437,0.8,0.0,-0.049,-0.0656,8390.02,2,48.3129,123.078,step
2026-08-31T19:07:30.909571+00:00,74.089,-0.0477,0.8,0.0,-0.0439,-0.0671,9676.55,2,48.6676,123.1,step
2026-08-31T19:07:30.911083+00:00,74.607,-0.0507,0.8,0.0,-0.0387,-0.0674,10643.3,2,49.4383,123.122,step
2026-08-31T19:07:30.912532+00:00,75.353,-0.0533,0.8,0.0,-0.0332,-0.0673,11211.5,2,50.4808,123.144,step
2026-08-31T19:07:30.914072+00:00,76.206,-0.0556,0.8,0.0,-0.0276,-0.0668,11581.8,2,51.7273,123.166,step
2026-08-31T19:07:30.915878+00:00,77.151,-0.0578,0.15,0.0,-0.0217,-0.066,11777.5,2,53.2224,123.188,step
2026-08-31T19:07:30.917404+00:00,78.142,-0.0594,0.15,0.0,-0.0157,-0.0647,9899.08,2,55.0242,123.21,step
2026-08-31T19:07:30.918948+00:00,78.609,-0.0619,0.15,0.0,-0.0098,-0.0642,9094.12,2,56.5435,123.232,step
2026-08-31T19:07:30.920504+00:00,78.607,-0.0656,0.15,0.0,-0.0041,-0.0651,9099.26,2,57.4777,123.254,step
2026-08-31T19:07:30.922034+00:00,78.583,-0.0687,0.15,0.0,0.0013,-0.0655,9158.72,2,58.7816,123.276,step
2026-08-31T19:07:30.923845+00:00,78.608,-0.0709,0.15,0.0,0.0068,-0.065,9140.47,2,85.7989,123.298,step
2026-08-31T19:07:30.925369+00:00,78.637,-0.0737,0.15,0.0,0.0122,-0.0651,9122.25,2,85.0916,123.32,step
2026-08-31T19:07:30.926911+00:00,78.659,-0.077,0.15,0.0,0.0176,-0.0657,9118.01,2,84.4167,123.342,step
2026-08-31T19:07:30.928399+00:00,78.678,-0.0802,0.15,0.0,0.0229,-0.0662,9115.79,2,83.7376,123.364,step
2026-08-31T19:07:30.929882+00:00,78.697,-0.0828,0.15,0.0,0.0282,-0.0661,9114.75,2,83.0305,123.386,step
2026-08-31T19:07:30.931558+00:00,78.715,-0.0849,0.15,0.0,0.0333,-0.0656,9114.95,2,82.2927,123.408,step
2026-08-31T19:07:30.933083+00:00,78.704,-0.0864,0.15,0.0,0.0383,-0.0647,9171.3,2,81.5226,123.43,step
2026-08-31T19:07:30.934571+00:00,78.716,-0.0869,0.15,0.0,0.0434,-0.0627,9197.61,2,80.6715,123.452,step
2026-08-31T19:07:30.936099+00:00,78.775,-0.0874,0.15,0.0,0.0483,-0.0609,9145.98,2,79.8237,123.474,step
2026-08-31T19:07:30.937654+00:00,78.81,-0.0888,0.15,0.0,0.0533,-0.0599,9136.4,2,79.0296,123.496,step
2026-08-31T19:07:30.939421+00:00,78.841,-0.0907,0.15,0.0,0.0581,-0.0593,9132.74,2,78.2657,123.518,step
2026-08-31T19:07:30.940904+00:00,78.869,-0.0897,0.15,0.0,0.0627,-0.0562,9132.15,2,77.4975,123.54,step
2026-08-31T19:07:30.942291+00:00,78.896,-0.0876,0.15,0.0,0.0669,-0.0521,9133.55,2,76.7086,123.562,step
2026-08-31T19:07:30.943672+00:00,78.924,-0.085,0.15,0.0,0.0707,-0.0478,9138.02,2,75.9027,123.584,step
2026-08-31T19:07:30.945012+00:00,78.928,-0.0818,0.15,0.0,0.0741,-0.0431,9192.9,2,75.0537,123.606,step
2026-08-31T19:07:30.946396+00:00,78.977,-0.0782,0.15,0.0,0.0773,-0.0381,9166.97,2,74.1775,123.628,step
2026-08-31T19:07:30.948029+00:00,79.016,-0.0749,0.15,0.0,0.0801,-0.0336,9159.82,2,73.3311,123.65,step
2026-08-31T19:07:30.949372+00:00,79.052,-0.0719,0.15,0.0,0.0825,-0.0295,9157.8,2,72.5175,123.672,step
2026-08-31T19:07:30.950738+00:00,79.087,-0.0691,0.15,0.0,0.0847,-0.0258,9157.83,2,71.7292,123.694,step
2026-08-31T19:07:30.952058+00:00,79.121,-0.0664,0.15,0.0,0.0865,-0.0223,9159.74,2,70.9584,123.716,step
2026-08-31T19:07:30.953373+00:00,79.154,-0.0637,0.15,0.0,0.088,-0.019,9163.12,2,70.1987,123.738,step
2026-08-31T19:07:30.954783+00:00,79.186,-0.061,0.15,0.0,0.0892,-0.0158,9170.36,2,69.4447,123.76,step
2026-08-31T19:07:30.956335+00:00,79.218,-0.0581,0.15,0.0,0.0901,-0.0126,9177.44,2,68.6904,123.782,step
2026-08-31T19:07:30.957724+00:00,79.254,-0.0553,0.15,0.0,0.0908,-0.0095,9180.19,2,67.9431,123.804,step
2026-08-31T19:07:30.959076+00:00,79.29,-0.0526,0.15,0.0,0.0913,-0.0066,9183.31,2,67.2119,123.826,step
2026-08-31T19:07:30.960435+00:00,79.327,-0.0499,0.15,0.0,0.0916,-0.0039,9186.95,2,66.4936,123.848,step
2026-08-31T19:07:30.961731+00:00,79.363,-0.0473,0.15,0.0,0.0917,-0.0014,9190.66,2,65.7858,123.87,step
2026-08-31T19:07:30.963109+00:00,79.4,-0.0447,0.15,0.0,0.0916,0.0011,9194.4,2,65.088,123.892,step
2026-08-31T19:07:30.964535+00:00,79.436,-0.0421,0.15,0.0,0.0913,0.0034,9198.23,2,64.3986,123.914,step
2026-08-31T19:07:30.965937+00:00,79.47,-0.0395,0.15,0.0,0.0908,0.0056,9208.16,2,63.718,123.936,step
2026-08-31T19:07:30.967334+00:00,79.508,-0.0369,0.15,0.0,0.0901,0.0078,9210.99,2,63.0424,123.958,step
2026-08-31T19:07:30.968689+00:00,79.547,-0.0344,0.15,0.0,0.0893,0.0098,9213.27,2,62.3791,123.98,step
2026-08-31T19:07:30.970065+00:00,79.586,-0.0321,0.15,0.0,0.0883,0.0116,9216.59,2,61.7331,124.002,step
2026-08-31T19:07:30.971391+00:00,79.625,-0.0298,0.15,0.0,0.0872,0.0133,9220.12,2,61.1003,124.024,step
2026-08-31T19:07:30.972934+00:00,79.664,-0.0275,0.15,0.0,0.086,0.0149,9223.94,2,60.4772,124.046,step
2026-08-31T19:07:30.974332+00:00,79.703,-0.0253,0.15,0.0,0.0846,0.0163,9228.02,2,59.862,124.068,step
2026-08-31T19:07:30.975660+00:00,79.742,-0.0232,0.15,0.0,0.0832,0.0177,9232.38,2,59.2565,124.09,step
2026-08-31T19:07:30.976966+00:00,79.777,-0.0211,0.15,0.0,0.0816,0.019,9244.18,2,58.66,124.112,step
2026-08-31T19:07:30.978281+00:00,79.818,-0.019,0.15,0.0,0.0799,0.0201,9245.88,2,58.0699,124.134,step
2026-08-31T19:07:30.979641+00:00,79.859,-0.0171,0.15,0.0,0.0782,0.0212,9248.61,2,57.4908,124.156,step
2026-08-31T19:07:30.981317+00:00,79.9,-0.0152,0.15,0.0,0.0764,0.0221,9252.29,2,56.9227,124.178,step
2026-08-31T19:07:30.982669+00:00,79.941,-0.0134,0.15,0.0,0.0745,0.0229,9256.13,2,56.3646,124.2,step
2026-08-31T19:07:30.984044+00:00,79.982,-0.0117,0.15,0.0,0.0726,0.0237,9260.21,2,55.8148,124.222,step
2026-08-31T19:07:30.985378+00:00,80.023,-0.01,0.15,0.0,0.0706,0.0243,9264.6,3,55.2713,124.244,step
2026-08-31T19:07:30.986766+00:00,79.99,-0.0084,0.15,0.0,0.0686,0.0249,7356.31,2,54.7331,124.266,step
2026-08-31T19:07:30.988140+00:00,79.923,-0.0068,0.15,0.0,0.0665,0.0255,7370.49,2,54.199,124.288,step
2026-08-31T19:07:30.989716+00:00,79.867,-0.0053,0.15,0.0,0.0644,0.0259,9219.45,2,53.6716,124.31,step
2026-08-31T19:07:30.991055+00:00,79.801,-0.0038,0.15,0.0,0.0623,0.0263,9226.88,2,53.1523,124.332,step
2026-08-31T19:07:30.992392+00:00,79.74,-0.0024,0.15,0.0,0.0601,0.0266,9192.57,2,52.6409,124.354,step
2026-08-31T19:07:30.993704+00:00,79.763,-0.0011,0.15,0.0,0.058,0.0268,9236.17,2,52.1385,124.376,step
2026-08-31T19:07:30.994997+00:00,79.807,0.0001,0.0,0.15,0.0558,0.0269,9240.21,2,51.6431,124.398,step
2026-08-31T19:07:30.996394+00:00,79.348,0.0012,0.0,0.15,0.0536,0.027,8994.45,2,51.1508,124.42,step
2026-08-31T19:07:30.997833+00:00,78.699,0.0024,0.0,0.15,0.0515,0.0271,8906.2,2,50.662,124.442,step
2026-08-31T19:07:30.999147+00:00,78.06,0.0035,0.0,0.15,0.0493,0.0271,8817.58,2,50.1803,124.464,step
2026-08-31T19:07:31.000468+00:00,77.42,0.0045,0.0,0.15,0.0472,0.0271,8754.03,2,49.7062,124.486,step
2026-08-31T19:07:31.001779+00:00,76.781,0.0055,0.0,0.15,0.0451,0.027,8689.56,2,49.2419,124.508,step
2026-08-31T19:07:31.003092+00:00,76.143,0.0064,0.0,0.15,0.0431,0.0268,8622.03,2,48.7873,124.53,step
2026-08-31T19:07:31.004434+00:00,75.507,0.0072,0.0,0.15,0.041,0.0266,8553.73,2,48.3399,124.552,step
2026-08-31T19:07:31.005887+00:00,74.877,0.0079,0.0,0.15,0.0391,0.0264,8485.23,2,47.8993,124.574,step
2026-08-31T19:07:31.007264+00:00,74.25,0.0086,0.0,0.15,0.0371,0.0261,8416.66,2,47.4662,124.596,step
2026-08-31T19:07:31.008604+00:00,73.629,0.0091,0.0,0.15,0.0352,0.0257,8346.16,2,47.0409,124.618,step
2026-08-31T19:07:31.009920+00:00,73.023,0.0096,0.0,0.15,0.0333,0.0253,8261.89,2,46.622,124.64,step
2026-08-31T19:07:31.011219+00:00,72.409,0.0101,0.0,0.15,0.0315,0.0249,8201.54,2,46.2088,124.662,step
2026-08-31T19:07:31.012507+00:00,71.804,0.0105,0.0,0.15,0.0297,0.0244,8138.35,2,45.7998,124.684,step
2026-08-31T19:07:31.013854+00:00,71.197,0.0109,0.0,0.15,0.028,0.024,8073.05,2,45.3953,124.706,step
2026-08-31T19:07:31.015445+00:00,70.59,0.2112,0.0,0.15,0.0263,0.0235,8007.02,2,44.9954,124.728,step
2026-08-31T19:07:31.016802+00:00,69.996,0.2091,0.0,0.15,0.0249,0.0208,7940.99,2,44.7511,124.75,step
2026-08-31T19:07:31.018126+00:00,69.349,0.2023,0.0,0.15,0.0242,0.0138,7866.92,2,44.7875,124.772,step
2026-08-31T19:07:31.019434+00:00,68.724,0.193,0.0,0.15,0.0241,0.0048,7793.69,2,44.9511,124.794,step
2026-08-31T19:07:31.020698+00:00,68.126,-0.0174,0.8,0.0,0.0247,-0.0049,7707.98,2,45.1479,124.816,step
2026-08-31T19:07:31.022097+00:00,68.476,-0.0255,0.8,0.0,0.0256,-0.0122,8909.81,2,45.1788,124.838,step
2026-08-31T19:07:31.023515+00:00,69.263,0.1718,0.0,0.15,0.0263,-0.0145,9455.88,2,44.8945,124.86,step
2026-08-31T19:07:31.024867+00:00,69.627,0.1692,0.0,0.15,0.0271,-0.0166,7909.53,2,44.5921,124.882,step
2026-08-31T19:07:31.026249+00:00,69.012,0.1645,0.0,0.15,0.0284,-0.0205,7844.76,2,44.392,124.904,step
2026-08-31T19:07:31.027577+00:00,68.369,0.1582,0.0,0.15,0.0303,-0.0256,7762.96,2,44.2701,124.926,step
2026-08-31T19:07:31.028829+00:00,67.741,0.1503,0.0,0.15,0.0326,-0.0321,7683.91,2,44.2196,124.948,step
2026-08-31T19:07:31.030192+00:00,67.137,0.1413,0.0,0.15,0.0355,-0.0394,7612.33,2,44.2099,124.97,step
2026-08-31T19:07:31.031699+00:00,66.544,0.132,0.0,0.15,0.0388,-0.0468,7546.1,2,44.204,124.992,step
2026-08-31T19:07:31.033040+00:00,65.967,0.1226,0.0,0.15,0.0426,-0.054,7468.26,2,44.1806,125.014,step
2026-08-31T19:07:31.034442+00:00,65.391,0.1133,0.0,0.15,0.0467,-0.0609,7405.41,2,44.1382,125.036,step
2026-08-31T19:07:31.035863+00:00,64.815,0.1045,0.0,0.15,0.0512,-0.0673,7350.0,2,44.0636,125.058,step
2026-08-31T19:07:31.037194+00:00,64.249,0.0962,0.0,0.15,0.056,-0.0729,7291.26,2,43.9502,125.08,step
2026-08-31T19:07:31.038553+00:00,63.68,0.0884,0.0,0.15,0.0612,-0.0779,7230.84,2,43.8038,125.102,step
2026-08-31T19:07:31.040020+00:00,63.112,0.0811,0.0,0.15,0.0666,-0.0824,7169.08,2,43.6315,125.124,step
2026-08-31T19:07:31.041306+00:00,62.545,0.0741,0.0,0.15,0.0722,-0.0864,7106.25,2,43.4397,125.146,step
2026-08-31T19:07:31.042660+00:00,61.983,-0.3327,0.0,0.15,0.078,-0.0901,7043.12,2,43.2325,125.168,step
2026-08-31T19:07:31.043975+00:00,61.452,-0.3364,0.0,0.15,0.0838,-0.091,6982.38,2,42.8949,125.19,step
2026-08-31T19:07:31.045318+00:00,60.842,-0.3331,0.0,0.15,0.0888,-0.0854,6914.24,2,42.2614,125.212,step
2026-08-31T19:07:31.046740+00:00,60.216,0.0752,0.0,0.15,0.0929,-0.0754,6823.93,2,41.4321,125.234,step
2026-08-31T19:07:31.048159+00:00,59.654,0.0839,0.0,0.15,0.0964,-0.0653,6762.54,2,40.5973,125.256,step
2026-08-31T19:07:31.049490+00:00,59.096,0.0849,0.0,0.15,0.1001,-0.0626,6713.44,2,40.1083,125.278,step
2026-08-31T19:07:31.050830+00:00,58.536,0.0813,0.0,0.15,0.1041,-0.0641,6653.06,2,39.8191,125.3,step
2026-08-31T19:07:31.052175+00:00,57.989,0.0762,0.0,0.15,0.1083,-0.067,6592.78,2,39.5957,125.322,step
2026-08-31T19:07:31.053545+00:00,57.446,0.0708,0.0,0.15,0.1127,-0.0702,6532.46,2,39.3862,125.344,step
2026-08-31T19:07:31.054948+00:00,56.905,0.0653,0.0,0.15,0.1171,-0.0733,6472.15,2,39.1748,125.366,step
2026-08-31T19:07:31.056391+00:00,56.369,0.06,0.0,0.15,0.1218,-0.0762,6411.65,2,38.9565,125.388,step
2026-08-31T19:07:31.057672+00:00,55.836,0.0549,0.0,0.15,0.1265,-0.0788,6351.36,2,38.73,125.41,step
2026-08-31T19:07:31.058977+00:00,55.306,0.0499,0.0,0.15,0.1313,-0.0813,6291.35,2,38.4957,125.432,step
2026-08-31T19:07:31.060241+00:00,54.779,0.0452,0.0,0.15,0.1361,-0.0835,6231.71,2,38.2538,125.454,step
2026-08-31T19:07:31.061553+00:00,54.262,0.0406,0.0,0.15,0.141,-0.0855,6161.59,2,38.0057,125.476,step
2026-08-31T19:07:31.062899+00:00,53.738,0.0363,0.0,0.15,0.146,-0.0873,6108.25,2,37.7517,125.498,step
2026-08-31T19:07:31.064461+00:00,53.219,0.0321,0.0,0.15,0.1509,-0.0889,6052.44,2,37.4914,125.52,step
2026-08-31T19:07:31.065788+00:00,52.704,0.0282,0.0,0.15,0.1559,-0.0903,5996.15,2,37.2244,125.542,step
2026-08-31T19:07:31.067143+00:00,52.187,0.0245,0.0,0.15,0.1609,-0.0915,5938.75,2,36.9525,125.564,step
2026-08-31T19:07:31.068529+00:00,51.668,0.0209,0.0,0.15,0.1659,-0.0925,5880.72,2,36.6764,125.586,step
2026-08-31T19:07:31.069954+00:00,51.152,0.0175,0.15,0.0,0.1709,-0.0934,5822.39,2,36.3974,125.608,step
2026-08-31T19:07:31.071285+00:00,51.137,0.0143,0.15,0.0,0.1758,-0.0941,5929.81,2,36.1136,125.63,step
2026-08-31T19:07:31.072872+00:00,51.236,0.0112,0.15,0.0,0.1808,-0.0947,5939.29,2,35.8223,125.652,step
2026-08-31T19:07:31.074184+00:00,51.335,0.0082,0.0,0.15,0.1859,-0.0951,5949.53,2,35.5254,125.674,step
2026-08-31T19:07:31.075493+00:00,50.946,0.0054,0.15,0.0,0.1909,-0.0954,5804.16,2,35.2258,125.696,step
2026-08-31T19:07:31.076808+00:00,50.926,0.0026,0.15,0.0,0.1959,-0.0957,5905.36,2,34.9238,125.718,step
2026-08-31T19:07:31.078079+00:00,51.024,0.0,0.15,0.0,0.2009,-0.0958,5920.81,2,34.6174,125.74,step
2026-08-31T19:07:31.079468+00:00,51.127,-0.0025,0.15,0.0,0.2059,-0.0959,5929.41,2,34.3072,125.762,step
2026-08-31T19:07:31.080861+00:00,51.228,-0.005,0.15,0.0,0.2109,-0.0958,5939.65,2,33.9927,125.784,step
2026-08-31T19:07:31.082376+00:00,51.33,-0.0073,0.0,0.15,0.2158,-0.0957,5950.43,2,33.6747,125.806,step
2026-08-31T19:07:31.083668+00:00,50.955,-0.0096,0.15,0.0,0.2208,-0.0955,5803.48,2,33.3548,125.828,step
2026-08-31T19:07:31.084991+00:00,50.921,-0.0117,0.15,0.0,0.2256,-0.0952,5903.78,2,33.0335,125.85,step
2026-08-31T19:07:31.086357+00:00,51.023,-0.0138,0.15,0.0,0.2305,-0.0949,5914.92,2,32.7089,125.872,step
2026-08-31T19:07:31.087691+00:00,51.125,-0.0158,0.15,0.0,0.2354,-0.0944,5926.14,2,32.3815,125.894,step
2026-08-31T19:07:31.089004+00:00,51.227,-0.0177,0.15,0.0,0.2403,-0.0939,5937.53,2,32.0511,125.916,step
2026-08-31T19:07:31.090499+00:00,51.329,-0.0195,0.0,0.15,0.2451,-0.0933,5949.16,2,31.7179,125.938,step
2026-08-31T19:07:31.091799+00:00,50.942,-0.0212,0.15,0.0,0.2498,-0.0927,5801.87,2,31.3825,125.96,step
2026-08-31T19:07:31.093077+00:00,50.919,-0.0228,0.15,0.0,0.2545,-0.092,5903.56,2,31.047,125.982,step
2026-08-31T19:07:31.094345+00:00,51.02,-0.0244,0.15,0.0,0.2592,-0.0912,5921.61,2,30.7097,126.004,step
2026-08-31T19:07:31.095620+00:00,51.126,-0.0259,0.15,0.0,0.2639,-0.0904,5929.76,2,30.3706,126.026,step
2026-08-31T19:07:31.096874+00:00,51.231,-0.0273,0.0,0.15,0.2685,-0.0895,5940.18,2,30.0298,126.048,step
2026-08-31T19:07:31.098336+00:00,50.863,-0.0286,0.0,0.15,0.273,-0.0886,5792.06,2,29.6879,126.07,step
2026-08-31T19:07:31.099710+00:00,50.353,-0.0298,0.0,0.15,0.2774,-0.0877,5732.37,2,29.3467,126.092,step
2026-08-31T19:07:31.101032+00:00,49.843,-0.0308,0.0,0.15,0.2817,-0.0866,5673.32,1,29.0066,126.114,step
2026-08-31T19:07:31.102306+00:00,49.345,-0.0318,0.0,0.15,0.2859,-0.0855,7611.38,1,28.6683,126.136,step
2026-08-31T19:07:31.103552+00:00,48.852,-0.0326,0.0,0.15,0.29,-0.0843,7599.15,1,28.3319,126.158,step
2026-08-31T19:07:31.104891+00:00,48.327,-0.0333,0.0,0.15,0.2939,-0.0831,7366.75,1,27.9976,126.18,step
2026-08-31T19:07:31.106420+00:00,47.774,-0.034,0.0,0.15,0.2978,-0.0819,7283.85,1,27.666,126.202,step
2026-08-31T19:07:31.107804+00:00,47.225,-0.0346,0.0,0.15,0.3016,-0.0806,7201.71,1,27.3376,126.224,step
2026-08-31T19:07:31.109108+00:00,46.68,-0.0351,0.0,0.15,0.3052,-0.0794,7120.3,1,27.0125,126.246,step
2026-08-31T19:07:31.110401+00:00,46.144,-0.0356,0.0,0.15,0.3088,-0.0781,7029.48,1,26.6914,126.268,step
2026-08-31T19:07:31.111692+00:00,45.609,-0.0359,0.0,0.15,0.3122,-0.0768,6947.03,1,26.3731,126.29,step
2026-08-31T19:07:31.113100+00:00,45.073,-0.0363,0.0,0.15,0.3156,-0.0755,6873.52,1,26.0586,126.312,step
2026-08-31T19:07:31.114675+00:00,44.549,-0.0366,0.0,0.15,0.3188,-0.0743,6797.34,1,25.7488,126.334,step
2026-08-31T19:07:31.116070+00:00,44.038,-0.0369,0.0,0.15,0.322,-0.0731,6722.36,1,25.4431,126.356,step
2026-08-31T19:07:31.117436+00:00,43.514,-0.0372,0.0,0.15,0.325,-0.0719,6644.19,1,25.1419,126.378,step
2026-08-31T19:07:31.118799+00:00,42.986,-0.0375,0.0,0.15,0.328,-0.0707,6564.31,1,24.8448,126.4,step
2026-08-31T19:07:31.120133+00:00,42.463,-0.0377,0.0,0.15,0.3309,-0.0696,6485.52,1,24.5512,126.422,step
2026-08-31T19:07:31.121537+00:00,41.947,-0.0379,0.0,0.15,0.3336,-0.0684,6408.39,1,24.2606,126.444,step
2026-08-31T19:07:31.123054+00:00,41.438,-0.0366,0.0,0.15,0.3363,-0.0658,6332.14,1,23.9733,126.466,step
2026-08-31T19:07:31.124460+00:00,40.933,-0.0277,0.0,0.15,0.3387,-0.0562,6256.25,1,23.6902,126.488,step
2026-08-31T19:07:31.125846+00:00,40.432,-0.019,0.0,0.15,0.3407,-0.0469,6180.91,1,23.4158,126.51,step
2026-08-31T19:07:31.127184+00:00,39.936,-0.0105,0.0,0.15,0.3423,-0.0379,6105.65,1,23.152,126.532,step
2026-08-31T19:07:31.128534+00:00,39.443,-0.0022,0.0,0.15,0.3436,-0.0293,6030.95,1,22.8984,126.554,step
2026-08-31T19:07:31.129893+00:00,38.954,0.0059,0.0,0.15,0.3445,-0.0211,5956.33,1,22.6545,126.576,step
2026-08-31T19:07:31.131421+00:00,38.495,0.0137,0.0,0.15,0.3451,-0.0132,5833.55,1,22.421,126.598,step
2026-08-31T19:07:31.133030+00:00,38.023,0.0214,0.0,0.15,0.3455,-0.0056,5792.71,1,22.1949,126.62,step
2026-08-31T19:07:31.134428+00:00,37.552,0.029,0.0,0.15,0.3456,0.0017,5732.98,1,21.9748,126.642,step
2026-08-31T19:07:31.135813+00:00,37.068,0.0364,0.0,0.15,0.3455,0.0088,5664.83,1,21.7624,126.664,step
2026-08-31T19:07:31.137212+00:00,36.573,0.0435,0.8,0.0,0.3452,0.0155,5593.73,1,21.5592,126.686,step
2026-08-31T19:07:31.138688+00:00,37.088,0.0506,0.0,0.15,0.3446,0.022,6666.32,1,21.3599,126.708,step
2026-08-31T19:07:31.140345+00:00,37.072,0.0577,0.0,0.15,0.3438,0.0285,5679.77,1,21.161,126.73,step
2026-08-31T19:07:31.141782+00:00,36.592,0.0645,0.0,0.15,0.3429,0.0346,5604.49,1,20.9718,126.752,step
2026-08-31T19:07:31.143172+00:00,36.118,0.0714,0.0,0.15,0.3418,0.0406,5528.89,1,20.7901,126.774,step
2026-08-31T19:07:31.144572+00:00,35.65,0.0782,0.0,0.15,0.3405,0.0466,5454.69,1,20.6151,126.796,step
2026-08-31T19:07:31.146034+00:00,35.185,0.0848,0.0,0.15,0.339,0.0523,5382.56,1,20.4464,126.818,step
2026-08-31T19:07:31.147598+00:00,34.723,0.0913,0.0,0.15,0.3374,0.0577,5311.65,1,20.2839,126.84,step
2026-08-31T19:07:31.148994+00:00,34.264,0.0976,0.0,0.15,0.3357,0.0629,5241.92,1,20.1267,126.862,step
2026-08-31T19:07:31.150405+00:00,33.807,0.1036,0.8,0.0,0.3338,0.0679,5235.99,1,19.975,126.884,step
2026-08-31T19:07:31.151782+00:00,34.292,0.1098,0.0,0.15,0.3318,0.0728,6212.06,1,19.8239,126.906,step
2026-08-31T19:07:31.153176+00:00,34.301,0.116,0.0,0.15,0.3296,0.0777,5242.57,1,19.672,126.928,step
2026-08-31T19:07:31.154577+00:00,33.893,0.1219,0.0,0.15,0.3273,0.0824,5235.99,1,19.5258,126.95,step
2026-08-31T19:07:31.156207+00:00,33.456,0.1279,0.0,0.15,0.3249,0.087,5235.99,1,19.3808,126.972,step
2026-08-31T19:07:31.157586+00:00,32.972,0.1336,0.0,0.15,0.3224,0.0913,5235.99,1,19.2422,126.994,step
2026-08-31T19:07:31.158987+00:00,32.465,0.139,0.0,0.15,0.3198,0.0952,5235.99,1,19.1121,127.016,step
2026-08-31T19:07:31.160398+00:00,31.998,0.1441,0.8,0.0,0.3172,0.0988,5235.99,1,18.9874,127.038,step
2026-08-31T19:07:31.161860+00:00,32.554,0.1493,0.0,0.15,0.3145,0.1026,5668.09,1,18.8613,127.06,step
2026-08-31T19:07:31.163300+00:00,32.435,0.1546,0.0,0.15,0.3116,0.1063,5235.99,1,18.734,127.082,step
2026-08-31T19:07:31.164922+00:00,31.977,0.1596,0.0,0.15,0.3087,0.1097,5235.99,1,18.614,127.104,step
2026-08-31T19:07:31.166325+00:00,31.523,0.1647,0.0,0.15,0.3058,0.1132,5235.99,1,18.4986,127.126,step
2026-08-31T19:07:31.167662+00:00,31.07,0.1698,0.8,0.0,0.3029,0.1166,5235.99,1,18.3874,127.148,step
2026-08-31T19:07:31.168924+00:00,31.613,0.1749,0.0,0.15,0.2998,0.1201,5515.33,1,18.2746,127.17,step
2026-08-31T19:07:31.170270+00:00,31.502,0.1801,0.0,0.15,0.2966,0.1236,5235.99,1,18.1603,127.192,step
2026-08-31T19:07:31.171705+00:00,31.05,0.185,0.0,0.15,0.2934,0.1267,5235.99,1,18.0525,127.214,step
2026-08-31T19:07:31.173224+00:00,30.594,0.1897,0.0,0.15,0.2901,0.1297,5235.99,1,17.9492,127.236,step
2026-08-31T19:07:31.174585+00:00,30.142,0.1942,0.8,0.0,0.2868,0.1324,5235.99,1,17.85,127.258,step
2026-08-31T19:07:31.175957+00:00,30.584,0.1987,0.0,0.15,0.2835,0.1351,5601.08,1,17.7507,127.28,step
2026-08-31T19:07:31.177311+00:00,30.589,0.2033,0.0,0.15,0.28,0.138,5235.99,1,17.6479,127.302,step
2026-08-31T19:07:31.178623+00:00,30.146,0.2077,0.0,0.15,0.2765,0.1405,5235.99,1,17.5509,127.324,step
2026-08-31T19:07:31.180096+00:00,29.684,0.2119,0.0,0.15,0.2731,0.1429,5235.99,1,17.4573,127.346,step
2026-08-31T19:07:31.181731+00:00,29.219,0.2159,0.8,0.0,0.2696,0.1451,5235.99,1,17.368,127.368,step
2026-08-31T19:07:31.183166+00:00,29.773,0.22,0.0,0.15,0.2661,0.1473,5235.99,1,17.2769,127.39,step
2026-08-31T19:07:31.184532+00:00,29.637,0.2242,0.0,0.15,0.2625,0.1496,5235.99,1,17.184,127.412,step
2026-08-31T19:07:31.185875+00:00,29.179,0.228,0.0,0.15,0.2589,0.1516,5235.99,1,17.0976,127.434,step
2026-08-31T19:07:31.187286+00:00,28.724,0.2317,0.8,0.0,0.2553,0.1533,5235.99,1,17.015,127.456,step
2026-08-31T19:07:31.188738+00:00,29.29,0.2354,0.0,0.15,0.2517,0.1552,5235.99,1,16.9304,127.478,step
2026-08-31T19:07:31.190270+00:00,29.151,0.2394,0.0,0.15,0.248,0.1573,5235.99,1,16.8439,127.5,step
2026-08-31T19:07:31.191639+00:00,28.698,0.2434,0.0,0.15,0.2443,0.1593,5235.99,1,16.7634,127.522,step
2026-08-31T19:07:31.192977+00:00,28.243,0.2471,0.8,0.0,0.2406,0.1612,5235.99,1,16.6863,127.544,step
2026-08-31T19:07:31.194275+00:00,28.799,0.251,0.0,0.15,0.2369,0.1631,5235.99,1,16.6075,127.566,step
2026-08-31T19:07:31.195699+00:00,28.672,0.255,0.0,0.15,0.2331,0.1651,5235.99,1,16.5267,127.588,step
2026-08-31T19:07:31.197234+00:00,28.217,0.2586,0.0,0.15,0.2293,0.1667,5235.99,1,16.4519,127.61,step
2026-08-31T19:07:31.198609+00:00,27.761,0.262,0.8,0.0,0.2256,0.1682,5235.99,1,16.3808,127.632,step
2026-08-31T19:07:31.199989+00:00,28.313,0.2655,0.0,0.15,0.2218,0.1698,5235.99,1,16.3078,127.654,step
2026-08-31T19:07:31.201382+00:00,28.192,0.2691,0.0,0.15,0.2179,0.1714,5235.99,1,16.233,127.676,step
2026-08-31T19:07:31.202746+00:00,27.739,0.2724,0.0,0.15,0.2141,0.1727,5235.99,1,16.1639,127.698,step
2026-08-31T19:07:31.204097+00:00,27.284,0.2755,0.8,0.0,0.2103,0.1738,5235.99,1,16.0977,127.72,step
2026-08-31T19:07:31.205643+00:00,27.836,0.2787,0.0,0.15,0.2065,0.1751,5235.99,1,16.0293,127.742,step
2026-08-31T19:07:31.207025+00:00,27.714,0.282,0.0,0.15,0.2026,0.1764,5235.99,1,15.9588,127.764,step
2026-08-31T19:07:31.208382+00:00,27.255,0.285,0.0,0.15,0.1987,0.1775,5235.99,1,15.8938,127.786,step
2026-08-31T19:07:31.209860+00:00,26.798,0.2878,0.8,0.0,0.1949,0.1783,5235.99,1,15.8321,127.808,step
2026-08-31T19:07:31.211261+00:00,27.373,0.2907,0.0,0.15,0.1911,0.1793,5235.99,1,15.7684,127.83,step
2026-08-31T19:07:31.212693+00:00,27.228,0.2937,0.0,0.15,0.1873,0.1803,5235.99,1,15.7029,127.852,step
2026-08-31T19:07:31.214153+00:00,26.772,0.2964,0.0,0.15,0.1834,0.1811,5235.99,1,15.6428,127.874,step
2026-08-31T19:07:31.215646+00:00,26.317,0.2989,0.8,0.0,0.1797,0.1817,5235.99,1,15.5853,127.896,step
2026-08-31T19:07:31.217015+00:00,26.889,0.3016,0.0,0.15,0.1759,0.1824,5235.99,1,15.5258,127.918,step
2026-08-31T19:07:31.218322+00:00,26.748,0.3047,0.0,0.15,0.1721,0.1836,5235.99,1,15.4643,127.94,step
2026-08-31T19:07:31.219621+00:00,26.291,0.3076,0.0,0.15,0.1683,0.1845,5235.99,1,15.408,127.962,step
2026-08-31T19:07:31.220936+00:00,25.837,0.3103,0.8,0.0,0.1645,0.1853,5235.99,1,15.3544,127.984,step
2026-08-31T19:07:31.222330+00:00,26.41,0.3131,0.0,0.15,0.1607,0.1863,5235.99,1,15.2988,128.006,step
2026-08-31T19:07:31.223874+00:00,26.31,0.3158,0.0,0.15,0.1572,0.1871,5235.99,1,15.2461,128.026,step
2026-08-31T19:07:31.225155+00:00,25.892,0.3182,0.0,0.15,0.1538,0.1878,5235.99,1,15.1982,128.046,step
2026-08-31T19:07:31.226462+00:00,25.479,0.3205,0.8,0.0,0.1504,0.1883,5235.99,1,15.1525,128.066,step
2026-08-31T19:07:31.227690+00:00,25.984,0.3228,0.0,0.15,0.147,0.1889,5235.99,1,15.105,128.086,step
2026-08-31T19:07:31.228952+00:00,25.875,0.3252,0.0,0.15,0.1436,0.1896,5235.99,1,15.0558,128.106,step
2026-08-31T19:07:31.230403+00:00,25.457,0.3274,0.8,0.0,0.1402,0.1901,5235.99,1,15.011,128.126,step
2026-08-31T19:07:31.231699+00:00,25.957,0.3296,0.0,0.15,0.1368,0.1906,5235.99,1,14.9651,128.146,step
2026-08-31T19:07:31.232985+00:00,25.849,0.332,0.0,0.15,0.1333,0.1911,5235.99,1,14.9173,128.166,step
2026-08-31T19:07:31.234254+00:00,25.429,0.334,0.0,0.15,0.1299,0.1915,5235.99,1,14.8738,128.186,step
2026-08-31T19:07:31.235529+00:00,25.015,0.3359,0.8,0.0,0.1265,0.1917,5235.99,1,14.8324,128.206,step
2026-08-31T19:07:31.236803+00:00,25.524,0.3379,0.0,0.15,0.1232,0.192,5235.99,1,14.7895,128.226,step
2026-08-31T19:07:31.238064+00:00,25.41,0.34,0.0,0.15,0.1198,0.1924,5235.99,1,14.7445,128.246,step
2026-08-31T19:07:31.239533+00:00,24.991,0.3418,0.0,0.15,0.1164,0.1925,5235.99,1,14.7035,128.266,step
2026-08-31T19:07:31.240863+00:00,24.578,0.3435,0.8,0.0,0.1132,0.1926,5235.99,1,14.6641,128.286,step
2026-08-31T19:07:31.242097+00:00,25.09,0.3453,0.0,0.15,0.1099,0.1927,5235.99,1,14.6233,128.306,step
2026-08-31T19:07:31.243369+00:00,24.973,0.3472,0.0,0.15,0.1066,0.193,5235.99,1,14.5802,128.326,step
2026-08-31T19:07:31.244640+00:00,24.554,0.3489,0.8,0.0,0.1033,0.193,5235.99,1,14.5409,128.346,step
2026-08-31T19:07:31.245889+00:00,25.069,0.3506,0.0,0.15,0.1,0.1931,5235.99,1,14.5005,128.366,step
2026-08-31T19:07:31.247363+00:00,24.948,0.3524,0.0,0.15,0.0967,0.1932,5235.99,1,14.4579,128.386,step
2026-08-31T19:07:31.248718+00:00,24.526,0.3544,0.0,0.15,0.0934,0.1935,5235.99,1,14.4192,128.406,step
2026-08-31T19:07:31.249973+00:00,24.11,0.3562,0.8,0.0,0.0902,0.1938,5235.99,1,14.3823,128.426,step
2026-08-31T19:07:31.251163+00:00,24.621,0.3582,0.0,0.15,0.087,0.1941,5235.99,1,14.3442,128.446,step
2026-08-31T19:07:31.252326+00:00,24.503,0.3602,0.0,0.15,0.0838,0.1945,5235.99,1,14.3041,128.466,step
2026-08-31T19:07:31.253514+00:00,24.082,0.362,0.8,0.0,0.0806,0.1947,5235.99,1,14.2677,128.486,step
2026-08-31T19:07:31.254800+00:00,24.6,0.3639,0.0,0.15,0.0774,0.1949,5235.99,1,14.2304,128.506,step
2026-08-31T19:07:31.256231+00:00,24.475,0.3658,0.0,0.15,0.0741,0.1953,5235.99,1,14.1911,128.526,step
2026-08-31T19:07:31.257486+00:00,24.052,0.3675,0.8,0.0,0.0709,0.1954,5235.99,1,14.1556,128.546,step
2026-08-31T19:07:31.258691+00:00,24.567,0.3692,0.0,0.15,0.0677,0.1955,5235.99,1,14.1194,128.566,step
2026-08-31T19:07:31.259949+00:00,24.444,0.3711,0.0,0.15,0.0645,0.1957,5235.99,1,14.081,128.586,step
2026-08-31T19:07:31.261163+00:00,24.02,0.3727,0.0,0.15,0.0613,0.1957,5235.99,1,14.0463,128.606,step
2026-08-31T19:07:31.262398+00:00,23.604,0.3741,0.8,0.0,0.0582,0.1956,5235.99,1,14.0134,128.626,step
2026-08-31T19:07:31.263766+00:00,24.12,0.3757,0.0,0.15,0.0551,0.1956,5235.99,1,13.9794,128.646,step
2026-08-31T19:07:31.265224+00:00,23.992,0.3773,0.0,0.15,0.052,0.1956,5235.99,1,13.9436,128.666,step
2026-08-31T19:07:31.266483+00:00,23.57,0.3787,0.8,0.0,0.0489,0.1955,5235.99,1,13.9112,128.686,step
2026-08-31T19:07:31.267742+00:00,24.093,0.3801,0.0,0.15,0.0458,0.1954,5235.99,1,13.8781,128.706,step
2026-08-31T19:07:31.268992+00:00,23.962,0.3817,0.0,0.15,0.0427,0.1954,5235.99,1,13.8428,128.726,step
2026-08-31T19:07:31.270241+00:00,23.54,0.383,0.0,0.15,0.0396,0.1952,5235.99,1,13.8108,128.746,step
2026-08-31T19:07:31.271558+00:00,23.124,0.3842,0.8,0.0,0.0366,0.1949,5235.99,1,13.7802,128.766,step
2026-08-31T19:07:31.273025+00:00,23.638,0.3855,0.0,0.15,0.0336,0.1947,5235.99,1,13.7487,128.786,step
2026-08-31T19:07:31.274382+00:00,23.514,0.3869,0.0,0.15,0.0306,0.1946,5235.99,1,13.715,128.806,step
2026-08-31T19:07:31.275641+00:00,23.09,0.3881,0.8,0.0,0.0276,0.1943,5235.99,1,13.6844,128.826,step
2026-08-31T19:07:31.276892+00:00,23.61,0.3893,0.0,0.15,0.0247,0.194,5235.99,1,13.6533,128.846,step
2026-08-31T19:07:31.278236+00:00,23.48,0.3906,0.0,0.15,0.0217,0.1938,5235.99,1,13.62,128.866,step
2026-08-31T19:07:31.279564+00:00,23.054,0.3917,0.8,0.0,0.0187,0.1935,5235.99,1,13.5899,128.886,step
2026-08-31T19:07:31.280945+00:00,23.574,0.3929,0.0,0.15,0.0158,0.1932,5235.99,1,13.5593,128.906,step
2026-08-31T19:07:31.282279+00:00,23.442,0.3945,0.0,0.15,0.0128,0.1934,5235.99,1,13.5264,128.926,step
2026-08-31T19:07:31.283528+00:00,23.016,0.396,0.0,0.15,0.0099,0.1934,5235.99,1,13.4965,128.946,step
2026-08-31T19:07:31.284798+00:00,22.599,0.3974,0.8,0.0,0.007,0.1934,5235.99,1,13.468,128.966,step
2026-08-31T19:07:31.286039+00:00,23.115,0.3987,0.0,0.15,0.0042,0.1933,5235.99,1,13.4388,128.986,step
2026-08-31T19:07:31.287314+00:00,22.985,0.4002,0.0,0.15,0.0013,0.1934,5235.99,1,13.4073,129.006,step
2026-08-31T19:07:31.288639+00:00,22.56,0.4016,0.8,0.0,-0.0015,0.1933,5235.99,1,13.3785,129.026,step
2026-08-31T19:07:31.290194+00:00,23.084,0.4029,0.0,0.15,-0.0043,0.1932,5235.99,1,13.3494,129.046,step
2026-08-31T19:07:31.291502+00:00,22.947,0.4043,0.0,0.15,-0.0072,0.1931,5235.99,1,13.3179,129.066,step
2026-08-31T19:07:31.292834+00:00,22.521,0.4055,0.8,0.0,-0.01,0.193,5235.99,1,13.2892,129.086,step
2026-08-31T19:07:31.294083+00:00,23.052,0.4068,0.0,0.15,-0.0128,0.1928,5235.99,1,13.2601,129.106,step
2026-08-31T19:07:31.295340+00:00,22.907,0.4081,0.0,0.15,-0.0157,0.1927,5235.99,1,13.2286,129.126,step
2026-08-31T19:07:31.296637+00:00,22.478,0.4093,0.0,0.15,-0.0185,0.1925,5235.99,1,13.2,129.146,step
2026-08-31T19:07:31.298095+00:00,22.059,0.4103,0.8,0.0,-0.0212,0.1922,5235.99,1,13.1726,129.166,step
2026-08-31T19:07:31.299347+00:00,22.582,0.4114,0.0,0.15,-0.0239,0.192,5235.99,1,13.1448,129.186,step
2026-08-31T19:07:31.300630+00:00,22.444,0.4126,0.0,0.15,-0.0266,0.1918,5235.99,1,13.1147,129.206,step
2026-08-31T19:07:31.301853+00:00,22.017,0.4136,0.8,0.0,-0.0293,0.1915,5235.99,1,13.0873,129.226,step
2026-08-31T19:07:31.303108+00:00,22.541,0.4146,0.0,0.15,-0.032,0.1911,5235.99,1,13.0598,129.246,step
2026-08-31T19:07:31.304472+00:00,22.404,0.4157,0.0,0.15,-0.0347,0.1909,5235.99,1,13.0298,129.266,step
2026-08-31T19:07:31.305943+00:00,21.977,0.4166,0.8,0.0,-0.0374,0.1905,5235.99,1,13.0022,129.286,step
2026-08-31T19:07:31.307411+00:00,22.499,0.4175,0.0,0.15,-0.04,0.1901,5235.99,1,12.9746,129.306,step
2026-08-31T19:07:31.308678+00:00,22.363,0.4186,0.0,0.15,-0.0427,0.1898,5235.99,1,12.9446,129.326,step
2026-08-31T19:07:31.309930+00:00,21.934,0.4195,0.8,0.0,-0.0453,0.1894,5235.99,1,12.917,129.346,step
2026-08-31T19:07:31.311174+00:00,22.455,0.4203,0.0,0.15,-0.048,0.189,5235.99,1,12.8894,129.366,step
2026-08-31T19:07:31.312437+00:00,22.32,0.4213,0.0,0.15,-0.0506,0.1886,5235.99,1,12.8595,129.386,step
2026-08-31T19:07:31.313911+00:00,21.891,0.4221,0.0,0.15,-0.0532,0.1882,5235.99,1,12.8319,129.406,step
2026-08-31T19:07:31.315247+00:00,21.472,0.4228,0.8,0.0,-0.0557,0.1876,5235.99,1,12.8054,129.426,step
2026-08-31T19:07:31.316528+00:00,21.992,0.4235,0.0,0.15,-0.0582,0.1871,5235.99,1,12.779,129.446,step
2026-08-31T19:07:31.317742+00:00,21.857,0.4243,0.0,0.15,-0.0607,0.1867,5235.99,1,12.7502,129.466,step
2026-08-31T19:07:31.318960+00:00,21.43,0.425,0.8,0.0,-0.0632,0.1862,5235.99,1,12.7233,129.486,step
2026-08-31T19:07:31.320167+00:00,21.959,0.4257,0.0,0.15,-0.0657,0.1856,5235.99,1,12.6967,129.506,step
2026-08-31T19:07:31.321372+00:00,21.817,0.4265,0.0,0.15,-0.0682,0.1851,5235.99,1,12.6676,129.526,step
2026-08-31T19:07:31.322786+00:00,21.389,0.4271,0.8,0.0,-0.0706,0.1846,5235.99,1,12.6404,129.546,step
2026-08-31T19:07:31.324022+00:00,21.915,0.4277,0.0,0.15,-0.073,0.184,5235.99,1,12.6138,129.566,step
2026-08-31T19:07:31.325302+00:00,21.774,0.4284,0.0,0.15,-0.0755,0.1835,5235.99,1,12.5847,129.586,step
2026-08-31T19:07:31.326573+00:00,21.346,0.429,0.0,0.15,-0.0779,0.1829,5235.99,1,12.5575,129.606,step
2026-08-31T19:07:31.327801+00:00,20.926,0.4295,0.8,0.0,-0.0802,0.1823,5235.99,1,12.5313,129.626,step
2026-08-31T19:07:31.329121+00:00,21.447,0.43,0.0,0.15,-0.0825,0.1816,5235.99,1,12.5056,129.646,step
2026-08-31T19:07:31.330513+00:00,21.311,0.4306,0.0,0.15,-0.0849,0.1811,5235.99,1,12.4774,129.666,step
2026-08-31T19:07:31.331854+00:00,20.883,0.4311,0.8,0.0,-0.0871,0.1805,5235.99,1,12.4507,129.686,step
2026-08-31T19:07:31.333057+00:00,21.426,0.4315,0.0,0.15,-0.0894,0.1798,5235.99,1,12.424,129.706,step
2026-08-31T19:07:31.334289+00:00,21.27,0.4321,0.0,0.15,-0.0917,0.1792,5235.99,1,12.3947,129.726,step
2026-08-31T19:07:31.335504+00:00,20.841,0.4325,0.8,0.0,-0.0939,0.1786,5235.99,1,12.367,129.746,step
2026-08-31T19:07:31.336690+00:00,21.37,0.4329,0.0,0.15,-0.0962,0.1779,5235.99,1,12.3398,129.766,step
2026-08-31T19:07:31.338002+00:00,21.227,0.4334,0.0,0.15,-0.0984,0.1773,5235.99,1,12.3099,129.786,step
2026-08-31T19:07:31.339394+00:00,20.798,0.4338,0.8,0.0,-0.1006,0.1766,5235.99,1,12.2816,129.806,step
2026-08-31T19:07:31.340659+00:00,21.323,0.4342,0.0,0.15,-0.1028,0.1759,5235.99,1,12.2537,129.826,step
2026-08-31T19:07:31.341902+00:00,21.184,0.4346,0.0,0.15,-0.105,0.1753,5235.99,1,12.2231,129.846,step
2026-08-31T19:07:31.343149+00:00,20.755,0.435,0.0,0.15,-0.1071,0.1746,5235.99,1,12.1941,129.866,step
2026-08-31T19:07:31.344385+00:00,20.337,0.4353,0.8,0.0,-0.1092,0.1739,5235.99,1,12.166,129.886,step
2026-08-31T19:07:31.345684+00:00,20.862,0.4355,0.0,0.15,-0.1113,0.1731,5235.99,1,12.1379,129.906,step
2026-08-31T19:07:31.346988+00:00,20.723,0.4359,0.0,0.15,-0.1134,0.1725,5235.99,1,12.1072,129.926,step
2026-08-31T19:07:31.348517+00:00,20.296,0.4362,0.8,0.0,-0.1154,0.1718,5235.99,1,12.0779,129.946,step
2026-08-31T19:07:31.349763+00:00,20.831,0.4364,0.0,0.15,-0.1174,0.171,5235.99,1,12.049,129.966,step
2026-08-31T19:07:31.351026+00:00,20.684,0.4367,0.0,0.15,-0.1195,0.1704,5235.99,1,12.0172,129.986,step
2026-08-31T19:07:31.352274+00:00,20.255,0.437,0.8,0.0,-0.1215,0.1696,5235.99,1,11.9871,130.006,step
2026-08-31T19:07:31.353494+00:00,20.787,0.4371,0.0,0.15,-0.1234,0.1688,5235.99,1,11.9575,130.026,step
2026-08-31T19:07:31.354745+00:00,20.642,0.4375,0.0,0.15,-0.1254,0.1682,5235.99,1,11.9252,130.046,step
2026-08-31T19:07:31.356196+00:00,20.214,0.4377,0.0,0.15,-0.1274,0.1674,5235.99,1,11.8942,130.066,step
2026-08-31T19:07:31.357486+00:00,19.795,0.4378,0.8,0.0,-0.1292,0.1667,5235.99,1,11.8643,130.086,step
2026-08-31T19:07:31.358729+00:00,20.323,0.4386,0.0,0.15,-0.1311,0.1666,5235.99,1,11.8347,130.106,step
2026-08-31T19:07:31.359945+00:00,20.182,0.4398,0.0,0.15,-0.133,0.1668,5235.99,1,11.8025,130.126,step
2026-08-31T19:07:31.361152+00:00,19.754,0.4408,0.8,0.0,-0.1349,0.1669,5235.99,1,11.7718,130.146,step
2026-08-31T19:07:31.362359+00:00,20.291,0.4418,0.0,0.15,-0.1368,0.1669,5235.99,1,11.7418,130.166,step
2026-08-31T19:07:31.363799+00:00,20.141,0.4429,0.0,0.15,-0.1387,0.1671,5235.99,1,11.7092,130.186,step
2026-08-31T19:07:31.365056+00:00,19.713,0.4439,0.8,0.0,-0.1405,0.1671,5235.99,1,11.6781,130.206,step
2026-08-31T19:07:31.366255+00:00,20.248,0.4448,0.0,0.15,-0.1424,0.1671,5235.99,1,11.6479,130.226,step
2026-08-31T19:07:31.367626+00:00,20.099,0.4459,0.0,0.15,-0.1443,0.1672,5235.99,1,11.6151,130.246,step
2026-08-31T19:07:31.368834+00:00,19.671,0.4468,0.0,0.15,-0.1462,0.1672,5235.99,1,11.5838,130.266,step
2026-08-31T19:07:31.370021+00:00,19.252,0.4477,0.8,0.0,-0.148,0.1672,5235.99,1,11.5535,130.286,step
2026-08-31T19:07:31.371309+00:00,19.783,0.4485,0.0,0.15,-0.1498,0.1671,5235.99,1,11.5239,130.306,step
2026-08-31T19:07:31.372650+00:00,19.64,0.4494,0.0,0.15,-0.1516,0.1671,5235.99,1,11.4918,130.326,step
2026-08-31T19:07:31.373926+00:00,19.212,0.4503,0.8,0.0,-0.1534,0.1671,5235.99,1,11.4609,130.346,step
2026-08-31T19:07:31.375104+00:00,19.755,0.4511,0.0,0.15,-0.1552,0.1669,5235.99,1,11.4307,130.366,step
2026-08-31T19:07:31.376383+00:00,19.599,0.452,0.0,0.15,-0.157,0.1669,5235.99,1,11.398,130.386,step
2026-08-31T19:07:31.377588+00:00,19.172,0.4528,0.8,0.0,-0.1588,0.1669,5235.99,1,11.3668,130.406,step
2026-08-31T19:07:31.378793+00:00,19.71,0.4535,0.0,0.15,-0.1606,0.1667,5235.99,1,11.3364,130.426,step
2026-08-31T19:07:31.380079+00:00,19.558,0.4544,0.0,0.15,-0.1624,0.1667,5235.99,1,11.3035,130.446,step
2026-08-31T19:07:31.381452+00:00,19.131,0.4551,0.8,0.0,-0.1642,0.1665,5235.99,1,11.272,130.466,step
2026-08-31T19:07:31.382708+00:00,19.666,0.4558,0.0,0.15,-0.166,0.1663,5235.99,1,11.2413,130.486,step
2026-08-31T19:07:31.383950+00:00,19.518,0.4566,0.0,0.15,-0.1678,0.1663,5235.99,1,11.2082,130.506,step
2026-08-31T19:07:31.385196+00:00,19.09,0.4573,0.0,0.15,-0.1695,0.1661,5235.99,1,11.1765,130.526,step
2026-08-31T19:07:31.386454+00:00,18.672,0.458,0.8,0.0,-0.1712,0.1659,5235.99,1,11.1458,130.546,step
2026-08-31T19:07:31.387777+00:00,19.207,0.4586,0.0,0.15,-0.1729,0.1657,5235.99,1,11.1156,130.566,step
2026-08-31T19:07:31.389032+00:00,19.061,0.4593,0.0,0.15,-0.1747,0.1655,5235.99,1,11.0831,130.586,step
2026-08-31T19:07:31.390530+00:00,18.634,0.4599,0.8,0.0,-0.1763,0.1653,5235.99,1,11.0518,130.606,step
2026-08-31T19:07:31.391755+00:00,19.179,0.4605,0.0,0.15,-0.178,0.1651,5235.99,1,11.0212,130.626,step
2026-08-31T19:07:31.393119+00:00,19.022,0.4612,0.0,0.15,-0.1797,0.1649,5235.99,1,10.9881,130.646,step
2026-08-31T19:07:31.394377+00:00,18.595,0.4618,0.8,0.0,-0.1814,0.1647,5235.99,1,10.9569,130.666,step
2026-08-31T19:07:31.395678+00:00,19.138,0.4623,0.0,0.15,-0.1831,0.1644,5235.99,1,10.9271,130.686,step
2026-08-31T19:07:31.397081+00:00,18.984,0.463,0.0,0.15,-0.1848,0.1642,5235.99,1,10.8957,130.706,step
2026-08-31T19:07:31.398391+00:00,18.556,0.4636,0.0,0.15,-0.1864,0.164,5235.99,1,10.8669,130.726,step
2026-08-31T19:07:31.399641+00:00,18.138,0.4641,0.8,0.0,-0.188,0.1637,5235.99,1,10.8398,130.746,step
2026-08-31T19:07:31.400929+00:00,18.677,0.4645,0.0,0.15,-0.1896,0.1633,5235.99,1,10.814,130.766,step
2026-08-31T19:07:31.402183+00:00,18.529,0.4651,0.0,0.15,-0.1912,0.1631,5235.99,1,10.7868,130.786,step
2026-08-31T19:07:31.403346+00:00,18.102,0.4663,0.8,0.0,-0.1928,0.1635,5235.99,1,10.7618,130.806,step
2026-08-31T19:07:31.404662+00:00,18.651,0.4679,0.0,0.15,-0.1944,0.1643,5235.99,1,10.7382,130.826,step
2026-08-31T19:07:31.406189+00:00,18.492,0.4696,0.0,0.15,-0.1961,0.1651,5235.99,1,10.7135,130.846,step
2026-08-31T19:07:31.407399+00:00,18.065,0.4712,0.8,0.0,-0.1977,0.1659,5235.99,1,10.6914,130.866,step
2026-08-31T19:07:31.408619+00:00,18.611,0.4727,0.0,0.15,-0.1993,0.1665,5235.99,1,10.6708,130.886,step
2026-08-31T19:07:31.409860+00:00,18.454,0.4743,0.0,0.15,-0.201,0.1673,5235.99,1,10.6493,130.906,step
2026-08-31T19:07:31.411068+00:00,18.027,0.4759,0.8,0.0,-0.2026,0.168,5235.99,1,10.6303,130.926,step
2026-08-31T19:07:31.412260+00:00,18.572,0.4773,0.0,0.15,-0.2042,0.1686,5235.99,1,10.6131,130.946,step
2026-08-31T19:07:31.413581+00:00,18.417,0.4789,0.0,0.15,-0.2059,0.1694,5235.99,1,10.5947,130.966,step
2026-08-31T19:07:31.415046+00:00,17.989,0.4804,0.8,0.0,-0.2076,0.17,5235.99,1,10.5791,130.986,step
2026-08-31T19:07:31.416225+00:00,18.535,0.4818,0.0,0.15,-0.2092,0.1705,5235.99,1,10.5653,131.006,step
2026-08-31T19:07:31.417434+00:00,18.38,0.4833,0.0,0.15,-0.211,0.1712,5235.99,1,10.5506,131.026,step
2026-08-31T19:07:31.418663+00:00,17.953,0.4847,0.8,0.0,-0.2126,0.1717,5235.99,1,10.5385,131.046,step
2026-08-31T19:07:31.419958+00:00,18.493,0.4861,0.0,0.15,-0.2143,0.1722,5235.99,1,10.5288,131.066,step
2026-08-31T19:07:31.421240+00:00,18.345,0.4875,0.0,0.15,-0.216,0.1728,5235.99,1,10.5179,131.086,step
2026-08-31T19:07:31.422630+00:00,17.917,0.4889,0.8,0.0,-0.2177,0.1733,5235.99,1,10.5098,131.106,step
2026-08-31T19:07:31.423827+00:00,18.461,0.4901,0.0,0.15,-0.2194,0.1737,5235.99,1,10.5038,131.126,step
2026-08-31T19:07:31.425095+00:00,18.31,0.4916,0.0,0.15,-0.2211,0.1742,5235.99,1,10.4967,131.146,step
2026-08-31T19:07:31.426302+00:00,17.882,0.4929,0.8,0.0,-0.2228,0.1746,5235.99,1,10.4926,131.166,step
2026-08-31T19:07:31.427470+00:00,18.43,0.4941,0.0,0.15,-0.2245,0.175,5235.99,1,10.4909,131.186,step
2026-08-31T19:07:31.428743+00:00,18.274,0.4955,0.0,0.15,-0.2263,0.1755,5235.99,1,10.4881,131.206,step
2026-08-31T19:07:31.430013+00:00,17.848,0.4967,0.8,0.0,-0.228,0.1759,5235.99,1,10.4882,131.226,step
2026-08-31T19:07:31.431451+00:00,18.395,0.4979,0.0,0.15,-0.2297,0.1761,5235.99,1,10.4908,131.246,step
2026-08-31T19:07:31.432789+00:00,18.24,0.4992,0.0,0.15,-0.2314,0.1766,5235.99,1,10.4927,131.266,step
2026-08-31T19:07:31.433989+00:00,17.813,0.5004,0.8,0.0,-0.2332,0.1769,5235.99,1,10.4975,131.286,step
2026-08-31T19:07:31.435311+00:00,18.359,0.5015,0.0,0.15,-0.2349,0.1772,5235.99,1,10.5047,131.306,step
2026-08-31T19:07:31.436585+00:00,18.206,0.5028,0.0,0.15,-0.2366,0.1775,5235.99,1,10.5115,131.326,step
2026-08-31T19:07:31.437884+00:00,17.778,0.5039,0.8,0.0,-0.2383,0.1778,5235.99,1,10.5215,131.346,step
2026-08-31T19:07:31.439327+00:00,18.326,0.505,0.0,0.15,-0.2401,0.178,5235.99,1,10.5341,131.366,step
2026-08-31T19:07:31.440618+00:00,18.172,0.5062,0.0,0.15,-0.2418,0.1783,5235.99,1,10.5463,131.386,step
2026-08-31T19:07:31.441883+00:00,17.745,0.5073,0.8,0.0,-0.2435,0.1785,5235.99,1,10.5619,131.406,step
2026-08-31T19:07:31.443191+00:00,18.293,0.5083,0.0,0.15,-0.2452,0.1787,5235.99,1,10.58,131.426,step
2026-08-31T19:07:31.444508+00:00,18.139,0.5095,0.8,0.0,-0.247,0.179,5235.99,1,10.5979,131.446,step
2026-08-31T19:07:31.445819+00:00,18.684,0.5105,0.0,0.15,-0.2488,0.1791,5235.99,1,10.6201,131.466,step
2026-08-31T19:07:31.447112+00:00,18.527,0.5117,0.0,0.15,-0.2506,0.1794,5235.99,1,10.6424,131.486,step
2026-08-31T19:07:31.448602+00:00,18.099,0.5127,0.8,0.0,-0.2523,0.1796,5235.99,1,10.6686,131.506,step
2026-08-31T19:07:31.449841+00:00,18.643,0.5137,0.0,0.15,-0.2541,0.1797,5235.99,1,10.6984,131.526,step
2026-08-31T19:07:31.451126+00:00,18.494,0.5148,0.0,0.15,-0.2559,0.1799,5235.99,1,10.7282,131.546,step
2026-08-31T19:07:31.452378+00:00,18.066,0.5158,0.8,0.0,-0.2577,0.1799,5235.99,1,10.7623,131.566,step
2026-08-31T19:07:31.453594+00:00,18.61,0.5183,0.8,0.0,-0.2594,0.1816,5235.99,1,10.7997,131.586,step
2026-08-31T19:07:31.454864+00:00,19.344,0.521,0.0,0.15,-0.2613,0.1832,5235.99,1,10.8417,131.606,step
2026-08-31T19:07:31.456326+00:00,19.212,0.5239,0.0,0.15,-0.2633,0.185,5235.99,1,10.8837,131.626,step
2026-08-31T19:07:31.457566+00:00,18.78,0.5266,0.8,0.0,-0.2652,0.1867,5235.99,1,10.9311,131.646,step
2026-08-31T19:07:31.458791+00:00,19.322,0.5292,0.0,0.15,-0.2671,0.1883,5235.99,1,10.9838,131.666,step
2026-08-31T19:07:31.460069+00:00,19.175,0.5319,0.0,0.15,-0.2692,0.19,5235.99,1,11.038,131.686,step
2026-08-31T19:07:31.461332+00:00,18.746,0.5345,0.8,0.0,-0.2711,0.1914,5235.99,1,11.0985,131.706,step
2026-08-31T19:07:31.462577+00:00,19.282,0.537,0.8,0.0,-0.2731,0.1929,5235.99,1,11.1643,131.726,step
2026-08-31T19:07:31.463821+00:00,20.013,0.5395,0.0,0.15,-0.2753,0.1943,5235.99,1,11.2377,131.746,step
2026-08-31T19:07:31.465204+00:00,19.892,0.5423,0.0,0.15,-0.2775,0.1959,5235.99,1,11.3122,131.766,step
2026-08-31T19:07:31.466463+00:00,19.46,0.5449,0.8,0.0,-0.2796,0.1973,5235.99,1,11.3936,131.786,step
2026-08-31T19:07:31.467687+00:00,19.991,0.5473,0.0,0.15,-0.2818,0.1987,5235.99,1,11.4827,131.806,step
2026-08-31T19:07:31.468868+00:00,19.854,0.55,0.8,0.0,-0.284,0.2001,5235.99,1,11.5756,131.826,step
2026-08-31T19:07:31.470067+00:00,20.371,0.5524,0.0,0.15,-0.2863,0.2014,5235.99,1,11.6791,131.846,step
2026-08-31T19:07:31.471276+00:00,20.245,0.5551,0.8,0.0,-0.2887,0.2028,5235.99,1,11.7871,131.866,step
2026-08-31T19:07:31.472598+00:00,20.772,0.5575,0.0,0.15,-0.291,0.2041,5235.99,1,11.9071,131.886,step
2026-08-31T19:07:31.473961+00:00,20.635,0.5602,0.8,0.0,-0.2934,0.2054,5235.99,1,12.0327,131.906,step
2026-08-31T19:07:31.475204+00:00,21.165,0.5626,0.8,0.0,-0.2959,0.2066,5235.99,1,12.1722,131.926,step
2026-08-31T19:07:31.476410+00:00,21.903,0.565,0.0,0.15,-0.2984,0.2077,5235.99,1,12.3284,131.946,step
2026-08-31T19:07:31.477620+00:00,21.773,0.5678,0.8,0.0,-0.3011,0.2091,5235.99,1,12.4891,131.966,step
2026-08-31T19:07:31.478825+00:00,22.296,0.5703,0.0,0.15,-0.3037,0.2102,5235.99,1,12.6676,131.986,step
2026-08-31T19:07:31.480177+00:00,22.171,0.573,0.8,0.0,-0.3065,0.2115,5235.99,1,12.8555,132.006,step
2026-08-31T19:07:31.481484+00:00,22.672,0.5756,0.8,0.0,-0.3092,0.2127,5235.99,1,13.0619,132.026,step
2026-08-31T19:07:31.482770+00:00,23.397,0.5782,0.0,0.15,-0.3121,0.2138,5235.99,1,13.2929,132.046,step
2026-08-31T19:07:31.483982+00:00,23.33,0.5811,0.8,0.0,-0.3151,0.2152,5235.99,1,13.5318,132.066,step
2026-08-31T19:07:31.485186+00:00,23.809,0.584,0.8,0.0,-0.3181,0.2165,5235.99,1,13.7909,132.086,step
2026-08-31T19:07:31.486416+00:00,24.538,0.5868,0.8,0.0,-0.3212,0.2177,5235.99,1,14.0811,132.106,step
2026-08-31T19:07:31.487715+00:00,25.278,0.5897,0.8,0.0,-0.3245,0.2189,5235.99,1,14.4072,132.126,step
2026-08-31T19:07:31.489088+00:00,26.02,0.5925,0.8,0.0,-0.328,0.22,5235.99,1,14.7754,132.146,step
2026-08-31T19:07:31.490441+00:00,26.76,0.5953,0.8,0.0,-0.3315,0.2209,5235.99,1,15.272,132.166,step
2026-08-31T19:07:31.491715+00:00,27.497,0.598,0.8,0.0,-0.3352,0.2218,5235.99,1,39.5061,132.186,step
2026-08-31T19:07:31.493075+00:00,28.23,0.6007,0.8,0.0,-0.3391,0.2225,5235.99,1,38.9955,132.206,step
2026-08-31T19:07:31.494361+00:00,28.96,0.6032,0.8,0.0,-0.3431,0.223,5235.99,1,38.4691,132.226,step
2026-08-31T19:07:31.495651+00:00,29.691,0.6057,0.8,0.0,-0.3471,0.2234,5235.99,1,37.9276,132.246,step
2026-08-31T19:07:31.496908+00:00,30.421,0.5966,0.8,0.0,-0.3512,0.2127,5380.79,1,37.3705,132.266,step
2026-08-31T19:07:31.498270+00:00,31.166,0.5857,0.8,0.0,-0.3551,0.2004,5582.46,1,36.8,132.286,step
2026-08-31T19:07:31.499582+00:00,31.933,0.5744,0.8,0.0,-0.3589,0.1877,5826.57,1,36.2177,132.306,step
2026-08-31T19:07:31.500818+00:00,32.722,0.5627,0.15,0.0,-0.3624,0.1747,6125.35,1,35.6233,132.326,step
2026-08-31T19:07:31.502046+00:00,33.275,0.551,0.15,0.0,-0.3657,0.1618,5286.32,1,35.0348,132.346,step
2026-08-31T19:07:31.503299+00:00,33.426,0.5408,0.15,0.0,-0.3685,0.1507,5305.56,1,34.4995,132.366,step
2026-08-31T19:07:31.504565+00:00,33.568,0.5309,0.15,0.0,-0.371,0.1399,5333.22,1,33.9774,132.386,step
2026-08-31T19:07:31.505981+00:00,33.678,0.5203,0.15,0.0,-0.3731,0.1287,5453.64,1,33.4439,132.406,step
2026-08-31T19:07:31.507241+00:00,33.864,0.509,0.15,0.0,-0.3748,0.117,5449.3,1,32.8972,132.426,step
2026-08-31T19:07:31.508534+00:00,34.056,0.4978,0.15,0.0,-0.3763,0.1055,5438.69,1,32.3605,132.446,step
2026-08-31T19:07:31.509806+00:00,34.241,0.4873,0.15,0.0,-0.3775,0.0948,5442.66,1,31.8487,132.466,step
2026-08-31T19:07:31.511077+00:00,34.42,0.4775,0.15,0.0,-0.3785,0.0849,5459.67,1,31.3608,132.486,step
2026-08-31T19:07:31.512357+00:00,34.59,0.0679,0.8,0.0,-0.3792,0.0754,5483.27,1,30.8865,132.506,step
2026-08-31T19:07:31.513602+00:00,35.211,0.0593,0.8,0.0,-0.3797,0.0669,6279.99,1,30.4421,132.526,step
2026-08-31T19:07:31.515095+00:00,36.039,0.0544,0.8,0.0,-0.3806,0.0617,6770.81,1,30.092,132.546,step
2026-08-31T19:07:31.516337+00:00,36.904,0.0521,0.8,0.0,-0.3818,0.0589,7331.73,1,29.8075,132.566,step
2026-08-31T19:07:31.517547+00:00,37.795,0.0508,0.8,0.0,-0.3832,0.0569,8047.28,1,29.5427,132.586,step
2026-08-31T19:07:31.518731+00:00,38.698,0.0496,0.15,0.0,-0.3848,0.055,9018.56,1,29.2755,132.606,step
2026-08-31T19:07:31.519899+00:00,39.595,0.0482,0.15,0.0,-0.3864,0.0529,7438.7,1,28.9989,132.626,step
2026-08-31T19:07:31.521099+00:00,40.34,0.0468,0.15,0.0,-0.3881,0.0507,6312.18,1,28.7163,132.646,step
2026-08-31T19:07:31.522377+00:00,40.526,0.0461,0.15,0.0,-0.3897,0.0493,6345.17,1,28.4517,132.666,step
2026-08-31T19:07:31.523572+00:00,40.715,0.0456,0.15,0.0,-0.3913,0.0481,6377.37,1,28.1934,132.686,step
2026-08-31T19:07:31.524789+00:00,40.909,0.0452,0.15,0.0,-0.3929,0.0469,6408.95,1,27.9341,132.706,step
2026-08-31T19:07:31.526051+00:00,41.101,0.0447,0.15,0.0,-0.3944,0.0457,6453.83,1,27.6736,132.726,step
2026-08-31T19:07:31.527259+00:00,41.249,0.044,0.15,0.0,-0.3959,0.0443,6601.43,1,27.4078,132.746,step
2026-08-31T19:07:31.528509+00:00,41.479,0.043,0.15,0.0,-0.3974,0.0426,6565.54,1,27.1341,132.766,step
2026-08-31T19:07:31.529751+00:00,41.703,0.0421,0.15,0.0,-0.3988,0.0411,6550.57,1,26.8642,132.786,step
2026-08-31T19:07:31.531103+00:00,41.911,0.0415,0.15,0.0,-0.4002,0.0399,6569.6,1,26.5996,132.806,step
2026-08-31T19:07:31.532341+00:00,42.115,0.041,0.15,0.0,-0.4015,0.0388,6593.86,1,26.3367,132.826,step
2026-08-31T19:07:31.533529+00:00,42.316,0.0405,0.15,0.0,-0.4028,0.0377,6621.15,1,26.0742,132.846,step
2026-08-31T19:07:31.534788+00:00,42.517,0.04,0.15,0.0,-0.404,0.0366,6650.98,1,25.8111,132.866,step
2026-08-31T19:07:31.536000+00:00,42.718,0.0395,0.15,0.0,-0.4053,0.0355,6682.4,1,25.5472,132.886,step
2026-08-31T19:07:31.537239+00:00,42.918,0.039,0.0,0.15,-0.4064,0.0344,6715.3,1,25.2825,132.906,step
2026-08-31T19:07:31.538515+00:00,42.652,0.0384,0.0,0.15,-0.4076,0.0333,6506.31,1,25.0178,132.926,step
2026-08-31T19:07:31.539795+00:00,42.237,0.0379,0.0,0.15,-0.4087,0.0323,6438.84,1,24.7566,132.946,step
2026-08-31T19:07:31.541007+00:00,41.821,0.0374,0.0,0.15,-0.4097,0.0313,6373.17,1,24.4991,132.966,step
2026-08-31T19:07:31.542262+00:00,41.411,0.0369,0.0,0.15,-0.4108,0.0303,6311.15,1,24.2443,132.986,step
2026-08-31T19:07:31.543468+00:00,41.007,0.0363,0.0,0.15,-0.4117,0.0293,6251.27,1,23.9922,133.006,step
2026-08-31T19:07:31.544630+00:00,40.633,0.0358,0.0,0.15,-0.4126,0.0284,6135.17,1,23.7436,133.026,step
2026-08-31T19:07:31.545773+00:00,40.243,0.0353,0.0,0.15,-0.4135,0.0275,6075.51,1,23.4983,133.046,step
2026-08-31T19:07:31.547053+00:00,39.826,0.0348,0.0,0.15,-0.4144,0.0265,6053.73,1,23.2544,133.066,step
2026-08-31T19:07:31.548513+00:00,39.423,0.0342,0.0,0.15,-0.4152,0.0256,6010.57,1,23.0135,133.086,step
2026-08-31T19:07:31.549715+00:00,39.027,0.0337,0.0,0.15,-0.4159,0.0247,5959.31,1,22.7758,133.106,step
2026-08-31T19:07:31.550937+00:00,38.633,0.0331,0.0,0.15,-0.4167,0.0239,5904.49,1,22.5412,133.126,step
2026-08-31T19:07:31.552093+00:00,38.241,0.0326,0.0,0.15,-0.4173,0.023,5847.45,1,22.3095,133.146,step
2026-08-31T19:07:31.553287+00:00,37.85,0.0321,0.0,0.15,-0.418,0.0222,5789.03,1,22.0807,133.166,step
2026-08-31T19:07:31.554506+00:00,37.462,0.0316,0.0,0.15,-0.4186,0.0215,5729.74,1,21.8547,133.186,step
2026-08-31T19:07:31.555749+00:00,37.075,0.0311,0.0,0.15,-0.4192,0.0207,5670.65,1,21.6314,133.206,step
2026-08-31T19:07:31.557093+00:00,36.69,0.0306,0.0,0.15,-0.4198,0.0199,5611.85,1,21.4108,133.226,step
2026-08-31T19:07:31.558295+00:00,36.306,0.0301,0.0,0.15,-0.4204,0.0192,5553.53,1,21.1928,133.246,step
2026-08-31T19:07:31.559502+00:00,35.924,0.0297,0.0,0.15,-0.4209,0.0185,5495.81,1,20.9775,133.266,step
2026-08-31T19:07:31.560628+00:00,35.543,0.0292,0.0,0.15,-0.4214,0.0178,5438.44,1,20.7648,133.286,step
2026-08-31T19:07:31.561781+00:00,35.164,0.0287,0.0,0.15,-0.4219,0.0171,5381.23,1,20.5547,133.306,step
2026-08-31T19:07:31.563042+00:00,34.786,0.0282,0.0,0.15,-0.4223,0.0164,5324.17,1,20.3472,133.326,step
2026-08-31T19:07:31.564414+00:00,34.408,0.0278,0.0,0.15,-0.4227,0.0158,5268.27,1,20.1424,133.346,step
2026-08-31T19:07:31.565650+00:00,34.033,0.0273,0.0,0.15,-0.4231,0.0152,5235.99,1,19.9402,133.366,step
2026-08-31T19:07:31.566877+00:00,33.664,0.0269,0.0,0.15,-0.4235,0.0146,5235.99,1,19.7406,133.386,step
2026-08-31T19:07:31.568120+00:00,33.349,0.0264,0.0,0.15,-0.4239,0.0139,5235.99,1,19.5423,133.406,step
2026-08-31T19:07:31.569333+00:00,33.086,0.0258,0.0,0.15,-0.4242,0.0132,5235.99,1,19.3443,133.426,step
2026-08-31T19:07:31.570611+00:00,32.785,0.0252,0.0,0.15,-0.4245,0.0125,5235.99,1,19.1474,133.446,step
2026-08-31T19:07:31.571903+00:00,32.416,0.0248,0.0,0.15,-0.4248,0.0119,5235.99,1,18.9556,133.466,step
2026-08-31T19:07:31.573227+00:00,31.981,0.0245,0.0,0.15,-0.4251,0.0115,5235.99,1,18.7703,133.486,step
2026-08-31T19:07:31.574418+00:00,31.514,0.0244,0.0,0.15,-0.4254,0.0113,5235.99,1,18.5897,133.506,step
2026-08-31T19:07:31.575646+00:00,31.089,0.0243,0.8,0.0,-0.4256,0.011,5235.99,1,18.4108,133.526,step
2026-08-31T19:07:31.576851+00:00,31.616,0.0236,0.0,0.15,-0.4259,0.0103,5466.64,1,18.2239,133.546,step
2026-08-31T19:07:31.578037+00:00,31.57,0.0199,0.0,0.15,-0.4261,0.0066,5235.99,1,18.0353,133.566,step
2026-08-31T19:07:31.579258+00:00,31.213,0.0041,0.0,0.15,-0.4261,-0.0085,5235.99,1,17.8539,133.586,step
2026-08-31T19:07:31.580542+00:00,30.861,-0.0114,0.0,0.15,-0.4256,-0.0232,5235.99,1,17.6789,133.606,step
2026-08-31T19:07:31.582001+00:00,30.51,-0.0266,0.0,0.15,-0.4247,-0.0375,5235.99,1,17.5113,133.626,step
2026-08-31T19:07:31.583264+00:00,30.16,-0.0414,0.0,0.15,-0.4236,-0.0512,5235.99,1,17.3512,133.646,step
2026-08-31T19:07:31.584545+00:00,29.812,-0.0559,0.0,0.15,-0.4221,-0.0644,5235.99,1,17.1981,133.666,step
2026-08-31T19:07:31.585824+00:00,29.465,-0.07,0.0,0.15,-0.4203,-0.0772,5235.99,1,17.0517,133.686,step
2026-08-31T19:07:31.587109+00:00,29.111,-0.0838,0.0,0.15,-0.4183,-0.0895,5235.99,1,16.9119,133.706,step
2026-08-31T19:07:31.588410+00:00,28.773,-0.0972,0.0,0.15,-0.416,-0.1013,5235.99,1,16.7784,133.726,step
2026-08-31T19:07:31.589757+00:00,28.489,-0.1102,0.0,0.15,-0.4135,-0.1126,5235.99,1,16.653,133.746,step
2026-08-31T19:07:31.591061+00:00,28.186,-0.1227,0.0,0.15,-0.4108,-0.1233,5235.99,1,16.5349,133.766,step
2026-08-31T19:07:31.592364+00:00,27.888,-0.1349,0.0,0.15,-0.4078,-0.1336,5235.99,1,16.4217,133.786,step
2026-08-31T19:07:31.593714+00:00,27.6,-0.1469,0.8,0.0,-0.4047,-0.1436,5235.99,1,16.3127,133.806,step
2026-08-31T19:07:31.594971+00:00,28.016,-0.1593,0.0,0.15,-0.4013,-0.1539,5235.99,1,16.199,133.826,step
2026-08-31T19:07:31.596310+00:00,28.073,-0.1719,0.0,0.15,-0.3978,-0.1644,5235.99,1,16.0829,133.846,step
2026-08-31T19:07:31.597702+00:00,27.768,-0.1841,0.0,0.15,-0.394,-0.1743,5235.99,1,15.9747,133.866,step
2026-08-31T19:07:31.599175+00:00,27.43,-0.1959,0.0,0.15,-0.3901,-0.1838,5235.99,1,15.8721,133.886,step
2026-08-31T19:07:31.600463+00:00,27.047,-0.2072,0.0,0.15,-0.386,-0.1927,5235.99,1,15.7759,133.906,step
2026-08-31T19:07:31.601784+00:00,26.634,-0.2164,0.0,0.15,-0.3819,-0.1995,5235.99,1,15.6857,133.926,step
2026-08-31T19:07:31.603053+00:00,26.213,-0.2245,0.8,0.0,-0.3777,-0.2053,5235.99,1,15.6005,133.946,step
2026-08-31T19:07:31.604402+00:00,26.709,-0.2327,0.0,0.15,-0.3734,-0.2112,5235.99,1,15.5135,133.966,step
2026-08-31T19:07:31.605711+00:00,26.626,-0.2411,0.0,0.15,-0.369,-0.2171,5235.99,1,15.4262,133.986,step
2026-08-31T19:07:31.607394+00:00,26.263,-0.249,0.0,0.15,-0.3645,-0.2225,5235.99,1,15.3453,134.006,step
2026-08-31T19:07:31.608748+00:00,25.895,-0.2567,0.0,0.15,-0.3599,-0.2277,5235.99,1,15.2677,134.026,step
2026-08-31T19:07:31.610042+00:00,25.524,-0.2641,0.8,0.0,-0.3553,-0.2327,5235.99,1,15.1936,134.046,step
2026-08-31T19:07:31.611282+00:00,26.028,-0.2716,0.0,0.15,-0.3507,-0.2377,5235.99,1,15.1179,134.066,step
2026-08-31T19:07:31.612559+00:00,25.941,-0.2792,0.0,0.15,-0.3458,-0.2427,5235.99,1,15.0418,134.086,step
2026-08-31T19:07:31.613936+00:00,25.571,-0.2864,0.0,0.15,-0.341,-0.2473,5235.99,1,14.9719,134.106,step
2026-08-31T19:07:31.615377+00:00,25.195,-0.2933,0.8,0.0,-0.3361,-0.2516,5235.99,1,14.9054,134.126,step
2026-08-31T19:07:31.616679+00:00,25.7,-0.3004,0.0,0.15,-0.3312,-0.256,5235.99,1,14.8377,134.146,step
2026-08-31T19:07:31.617988+00:00,25.6,-0.3075,0.0,0.15,-0.3261,-0.2604,5235.99,1,14.7696,134.166,step
2026-08-31T19:07:31.619339+00:00,25.226,-0.3141,0.0,0.15,-0.321,-0.2643,5235.99,1,14.7075,134.186,step
2026-08-31T19:07:31.620749+00:00,24.849,-0.3205,0.0,0.15,-0.3159,-0.268,5235.99,1,14.6489,134.206,step
2026-08-31T19:07:31.622089+00:00,24.476,-0.3267,0.8,0.0,-0.3109,-0.2715,5235.99,1,14.5934,134.226,step
2026-08-31T19:07:31.623503+00:00,24.98,-0.333,0.0,0.15,-0.3058,-0.2751,5235.99,1,14.5363,134.246,step
2026-08-31T19:07:31.624787+00:00,24.875,-0.3394,0.0,0.15,-0.3005,-0.2787,5235.99,1,14.4789,134.266,step
2026-08-31T19:07:31.626052+00:00,24.499,-0.3453,0.0,0.15,-0.2953,-0.282,5235.99,1,14.427,134.286,step
2026-08-31T19:07:31.627295+00:00,24.125,-0.3511,0.8,0.0,-0.29,-0.285,5235.99,1,14.3778,134.306,step
2026-08-31T19:07:31.628547+00:00,24.625,-0.3569,0.0,0.15,-0.2848,-0.2881,5235.99,1,14.3274,134.326,step
2026-08-31T19:07:31.629883+00:00,24.517,-0.3625,0.0,0.15,-0.2794,-0.2909,5235.99,1,14.2766,134.346,step
2026-08-31T19:07:31.631346+00:00,24.137,-0.3666,0.8,0.0,-0.2741,-0.2923,5235.99,1,14.2314,134.366,step
2026-08-31T19:07:31.632572+00:00,24.628,-0.3709,0.0,0.15,-0.2687,-0.2938,5235.99,1,14.185,134.386,step
2026-08-31T19:07:31.633811+00:00,24.522,-0.3752,0.0,0.15,-0.2633,-0.2953,5235.99,1,14.1377,134.406,step
2026-08-31T19:07:31.635054+00:00,24.139,-0.3791,0.0,0.15,-0.2579,-0.2965,5235.99,1,14.0958,134.426,step
2026-08-31T19:07:31.636295+00:00,23.761,-0.3828,0.8,0.0,-0.2525,-0.2975,5235.99,1,14.0565,134.446,step
2026-08-31T19:07:31.637587+00:00,24.255,-0.3867,0.0,0.15,-0.2472,-0.2987,5235.99,1,14.0157,134.466,step
2026-08-31T19:07:31.638897+00:00,24.141,-0.3906,0.0,0.15,-0.2418,-0.2998,5235.99,1,13.9743,134.486,step
2026-08-31T19:07:31.640466+00:00,23.76,-0.3942,0.0,0.15,-0.2365,-0.3007,5235.99,1,13.938,134.506,step
2026-08-31T19:07:31.641721+00:00,23.384,-0.3975,0.8,0.0,-0.2312,-0.3014,5235.99,1,13.9039,134.526,step
2026-08-31T19:07:31.642973+00:00,23.882,-0.4011,0.0,0.15,-0.2259,-0.3023,5235.99,1,13.8679,134.546,step
2026-08-31T19:07:31.644189+00:00,23.762,-0.4047,0.0,0.15,-0.2206,-0.3031,5235.99,1,13.8314,134.566,step
2026-08-31T19:07:31.645439+00:00,23.382,-0.4079,0.8,0.0,-0.2153,-0.3037,5235.99,1,13.8,134.586,step
2026-08-31T19:07:31.646751+00:00,23.87,-0.4113,0.0,0.15,-0.21,-0.3044,5235.99,1,13.7669,134.606,step
2026-08-31T19:07:31.648218+00:00,23.756,-0.4147,0.0,0.15,-0.2046,-0.3051,5235.99,1,13.7331,134.626,step
2026-08-31T19:07:31.649514+00:00,23.373,-0.4178,0.0,0.15,-0.1994,-0.3055,5235.99,1,13.7044,134.646,step
2026-08-31T19:07:31.650816+00:00,22.995,-0.4207,0.8,0.0,-0.1942,-0.3058,5235.99,1,13.678,134.666,step
2026-08-31T19:07:31.652041+00:00,23.483,-0.4237,0.0,0.15,-0.189,-0.3062,5235.99,1,13.6499,134.686,step
2026-08-31T19:07:31.653287+00:00,23.366,-0.4268,0.0,0.15,-0.1837,-0.3067,5235.99,1,13.6213,134.706,step
2026-08-31T19:07:31.654544+00:00,22.983,-0.4296,0.8,0.0,-0.1785,-0.3068,5235.99,1,13.5975,134.726,step
2026-08-31T19:07:31.656016+00:00,23.47,-0.4324,0.0,0.15,-0.1733,-0.3071,5235.99,1,13.5722,134.746,step
2026-08-31T19:07:31.657306+00:00,23.352,-0.4354,0.0,0.15,-0.168,-0.3074,5235.99,1,13.5463,134.766,step
2026-08-31T19:07:31.658599+00:00,22.967,-0.438,0.8,0.0,-0.1629,-0.3074,5235.99,1,13.5252,134.786,step
2026-08-31T19:07:31.659890+00:00,23.449,-0.4407,0.0,0.15,-0.1577,-0.3076,5235.99,1,13.503,134.806,step
2026-08-31T19:07:31.661155+00:00,23.332,-0.4435,0.0,0.15,-0.1524,-0.3077,5235.99,1,13.4804,134.826,step
2026-08-31T19:07:31.662369+00:00,22.946,-0.4455,0.0,0.15,-0.1473,-0.3072,5235.99,1,13.4628,134.846,step
2026-08-31T19:07:31.663827+00:00,22.567,-0.4469,0.8,0.0,-0.1422,-0.3061,5235.99,1,13.4474,134.866,step
2026-08-31T19:07:31.665086+00:00,23.054,-0.4485,0.0,0.15,-0.1372,-0.3052,5235.99,1,13.4301,134.886,step
2026-08-31T19:07:31.666335+00:00,22.933,-0.4501,0.0,0.15,-0.1322,-0.3043,5235.99,1,13.4121,134.906,step
2026-08-31T19:07:31.667607+00:00,22.55,-0.4515,0.8,0.0,-0.1272,-0.3032,5235.99,1,13.3987,134.926,step
2026-08-31T19:07:31.668869+00:00,23.035,-0.4529,0.0,0.15,-0.1223,-0.3023,5235.99,1,13.3834,134.946,step
2026-08-31T19:07:31.670128+00:00,22.914,-0.4545,0.0,0.15,-0.1173,-0.3014,5235.99,1,13.3676,134.966,step
2026-08-31T19:07:31.671474+00:00,22.529,-0.4557,0.8,0.0,-0.1124,-0.3002,5235.99,1,13.3564,134.986,step
2026-08-31T19:07:31.672893+00:00,23.01,-0.4571,0.0,0.15,-0.1075,-0.2992,5235.99,1,13.3438,135.006,step
2026-08-31T19:07:31.674169+00:00,22.89,-0.4585,0.0,0.15,-0.1026,-0.2982,5235.99,1,13.3305,135.026,step
2026-08-31T19:07:31.675409+00:00,22.504,-0.4596,0.8,0.0,-0.0978,-0.2969,5235.99,1,13.322,135.046,step
2026-08-31T19:07:31.676687+00:00,22.985,-0.4608,0.0,0.15,-0.093,-0.2958,5235.99,1,13.312,135.066,step
2026-08-31T19:07:31.677906+00:00,22.864,-0.4621,0.0,0.15,-0.0882,-0.2947,5235.99,1,13.3015,135.086,step
2026-08-31T19:07:31.679263+00:00,22.478,-0.4631,0.8,0.0,-0.0835,-0.2934,5235.99,1,13.2957,135.106,step
2026-08-31T19:07:31.680706+00:00,22.957,-0.4642,0.0,0.15,-0.0788,-0.2923,5235.99,1,13.2883,135.126,step
2026-08-31T19:07:31.682121+00:00,22.837,-0.4654,0.0,0.15,-0.0741,-0.2911,5235.99,1,13.2803,135.146,step
2026-08-31T19:07:31.683371+00:00,22.451,-0.4663,0.8,0.0,-0.0695,-0.2898,5235.99,1,13.2771,135.166,step
2026-08-31T19:07:31.684667+00:00,22.93,-0.4673,0.0,0.15,-0.0649,-0.2885,5235.99,1,13.2721,135.186,step
2026-08-31T19:07:31.685964+00:00,22.81,-0.4684,0.0,0.15,-0.0602,-0.2873,5235.99,1,13.2668,135.206,step
2026-08-31T19:07:31.687275+00:00,22.424,-0.4692,0.8,0.0,-0.0557,-0.2859,5235.99,1,13.266,135.226,step
2026-08-31T19:07:31.688542+00:00,22.902,-0.4701,0.0,0.15,-0.0512,-0.2846,5235.99,1,13.2637,135.246,step
2026-08-31T19:07:31.689887+00:00,22.782,-0.4711,0.0,0.15,-0.0467,-0.2834,5235.99,1,13.261,135.266,step
2026-08-31T19:07:31.691158+00:00,22.395,-0.4718,0.8,0.0,-0.0422,-0.2819,5235.99,1,13.263,135.286,step
2026-08-31T19:07:31.692409+00:00,22.872,-0.4726,0.0,0.15,-0.0378,-0.2806,5235.99,1,13.2636,135.306,step
2026-08-31T19:07:31.693654+00:00,22.753,-0.4735,0.0,0.15,-0.0334,-0.2793,5235.99,1,13.2638,135.326,step
2026-08-31T19:07:31.694917+00:00,22.366,-0.474,0.8,0.0,-0.029,-0.2777,5235.99,1,13.2688,135.346,step
2026-08-31T19:07:31.696180+00:00,22.843,-0.4748,0.0,0.15,-0.0247,-0.2764,5235.99,1,13.2722,135.366,step
2026-08-31T19:07:31.697411+00:00,22.723,-0.475,0.0,0.15,-0.0204,-0.2745,5235.99,1,13.2754,135.386,step
2026-08-31T19:07:31.698799+00:00,22.336,-0.4749,0.8,0.0,-0.0162,-0.2724,5235.99,1,13.2833,135.406,step
2026-08-31T19:07:31.700065+00:00,22.814,-0.4749,0.0,0.15,-0.012,-0.2704,5235.99,1,13.2894,135.426,step
2026-08-31T19:07:31.701372+00:00,22.693,-0.475,0.0,0.15,-0.0078,-0.2684,5235.99,1,13.2951,135.446,step
2026-08-31T19:07:31.702563+00:00,22.307,-0.4748,0.8,0.0,-0.0037,-0.2662,5235.99,1,13.3055,135.466,step
2026-08-31T19:07:31.703778+00:00,22.784,-0.4747,0.0,0.15,0.0004,-0.2642,5235.99,1,13.3141,135.486,step
2026-08-31T19:07:31.705137+00:00,22.664,-0.4747,0.8,0.0,0.0044,-0.2622,5235.99,1,13.3223,135.506,step
2026-08-31T19:07:31.706537+00:00,23.126,-0.4746,0.0,0.15,0.0085,-0.2602,5235.99,1,13.332,135.526,step
2026-08-31T19:07:31.707834+00:00,23.009,-0.4746,0.0,0.15,0.0125,-0.2583,5235.99,1,13.3412,135.546,step
2026-08-31T19:07:31.709105+00:00,22.619,-0.4743,0.8,0.0,0.0165,-0.2561,5235.99,1,13.3555,135.566,step
2026-08-31T19:07:31.710336+00:00,23.091,-0.4742,0.0,0.15,0.0204,-0.2541,5235.99,1,13.3681,135.586,step
2026-08-31T19:07:31.711537+00:00,22.974,-0.474,0.0,0.15,0.0243,-0.2521,5235.99,1,13.3802,135.606,step
2026-08-31T19:07:31.712858+00:00,22.586,-0.4737,0.8,0.0,0.0281,-0.2499,5235.99,1,13.3976,135.626,step
2026-08-31T19:07:31.714336+00:00,23.06,-0.4734,0.0,0.15,0.0319,-0.2478,5235.99,1,13.4132,135.646,step
2026-08-31T19:07:31.715585+00:00,22.941,-0.4732,0.8,0.0,0.0357,-0.2458,5235.99,1,13.4283,135.666,step
2026-08-31T19:07:31.716860+00:00,23.402,-0.473,0.0,0.15,0.0394,-0.2438,5235.99,1,13.4449,135.686,step
2026-08-31T19:07:31.718139+00:00,23.286,-0.4728,0.0,0.15,0.0432,-0.2418,5235.99,1,13.4612,135.706,step
2026-08-31T19:07:31.719365+00:00,22.896,-0.4723,0.8,0.0,0.0468,-0.2396,5235.99,1,13.4827,135.726,step
2026-08-31T19:07:31.720668+00:00,23.366,-0.472,0.0,0.15,0.0505,-0.2375,5235.99,1,13.5025,135.746,step
2026-08-31T19:07:31.722011+00:00,23.251,-0.4717,0.0,0.15,0.0541,-0.2355,5235.99,1,13.522,135.766,step
2026-08-31T19:07:31.723573+00:00,22.863,-0.4712,0.8,0.0,0.0576,-0.2333,5235.99,1,13.5469,135.786,step
2026-08-31T19:07:31.724877+00:00,23.335,-0.4708,0.0,0.15,0.0611,-0.2312,5235.99,1,13.5699,135.806,step
2026-08-31T19:07:31.726202+00:00,23.219,-0.4704,0.8,0.0,0.0646,-0.2292,5235.99,1,13.5927,135.826,step
2026-08-31T19:07:31.727467+00:00,23.678,-0.4701,0.0,0.15,0.068,-0.2272,5235.99,1,13.617,135.846,step
2026-08-31T19:07:31.728748+00:00,23.564,-0.4697,0.0,0.15,0.0715,-0.2252,5235.99,1,13.6412,135.866,step
2026-08-31T19:07:31.730090+00:00,23.174,-0.4691,0.8,0.0,0.0748,-0.223,5235.99,1,13.6709,135.886,step
2026-08-31T19:07:31.731532+00:00,23.642,-0.4686,0.0,0.15,0.0781,-0.221,5235.99,1,13.6991,135.906,step
2026-08-31T19:07:31.732789+00:00,23.528,-0.4678,0.0,0.15,0.0815,-0.2186,5235.99,1,13.7269,135.926,step
2026-08-31T19:07:31.734077+00:00,23.141,-0.4666,0.8,0.0,0.0847,-0.2159,5235.99,1,13.7603,135.946,step
2026-08-31T19:07:31.735365+00:00,23.611,-0.4656,0.8,0.0,0.0878,-0.2134,5235.99,1,13.7917,135.966,step
2026-08-31T19:07:31.736708+00:00,24.353,-0.4646,0.0,0.15,0.091,-0.2108,5235.99,1,13.8235,135.986,step
2026-08-31T19:07:31.738049+00:00,24.294,-0.4636,0.0,0.15,0.0943,-0.2084,5235.99,1,13.8547,136.006,step
2026-08-31T19:07:31.739451+00:00,23.903,-0.4625,0.0,0.15,0.0974,-0.2058,5235.99,1,13.8905,136.026,step
2026-08-31T19:07:31.740764+00:00,23.519,-0.4612,0.8,0.0,0.1004,-0.2031,5235.99,1,13.9289,136.046,step
2026-08-31T19:07:31.741990+00:00,23.984,-0.4601,0.0,0.15,0.1034,-0.2006,5235.99,1,13.9655,136.066,step
2026-08-31T19:07:31.743273+00:00,23.872,-0.4591,0.8,0.0,0.1063,-0.1982,5235.99,1,14.0016,136.086,step
2026-08-31T19:07:31.744465+00:00,24.33,-0.458,0.0,0.15,0.1092,-0.1957,5235.99,1,14.0393,136.106,step
2026-08-31T19:07:31.745699+00:00,24.217,-0.4569,0.0,0.15,0.1121,-0.1933,5235.99,1,14.0769,136.126,step
2026-08-31T19:07:31.746911+00:00,23.83,-0.4556,0.8,0.0,0.1149,-0.1907,5235.99,1,14.1201,136.146,step
2026-08-31T19:07:31.748288+00:00,24.298,-0.4545,0.0,0.15,0.1176,-0.1883,5235.99,1,14.1613,136.166,step
2026-08-31T19:07:31.749580+00:00,24.185,-0.4534,0.8,0.0,0.1204,-0.1859,5235.99,1,14.2021,136.186,step
2026-08-31T19:07:31.750892+00:00,24.639,-0.4522,0.0,0.15,0.123,-0.1835,5235.99,1,14.2448,136.206,step
2026-08-31T19:07:31.752181+00:00,24.531,-0.4511,0.0,0.15,0.1257,-0.1812,5235.99,1,14.2873,136.226,step
2026-08-31T19:07:31.753531+00:00,24.143,-0.4498,0.8,0.0,0.1283,-0.1787,5235.99,1,14.3359,136.246,step
2026-08-31T19:07:31.754806+00:00,24.605,-0.4486,0.8,0.0,0.1308,-0.1763,5235.99,1,14.383,136.266,step
2026-08-31T19:07:31.756278+00:00,25.346,-0.4474,0.0,0.15,0.1334,-0.1739,5235.99,1,14.4311,136.286,step
2026-08-31T19:07:31.757563+00:00,25.296,-0.4462,0.0,0.15,0.136,-0.1716,5235.99,1,14.4783,136.306,step
2026-08-31T19:07:31.758918+00:00,24.906,-0.445,0.8,0.0,0.1384,-0.1691,5235.99,1,14.5305,136.326,step
2026-08-31T19:07:31.760245+00:00,25.356,-0.4437,0.0,0.15,0.1409,-0.1668,5235.99,1,14.5824,136.346,step
2026-08-31T19:07:31.761570+00:00,25.254,-0.4425,0.0,0.15,0.1433,-0.1645,5235.99,1,14.6342,136.366,step
2026-08-31T19:07:31.762864+00:00,24.866,-0.4411,0.8,0.0,0.1456,-0.162,5235.99,1,14.6927,136.386,step
2026-08-31T19:07:31.764199+00:00,25.325,-0.4398,0.8,0.0,0.1478,-0.1596,5235.99,1,14.7492,136.406,step
2026-08-31T19:07:31.765621+00:00,26.065,-0.4384,0.0,0.15,0.1501,-0.1572,5235.99,1,14.8072,136.426,step
2026-08-31T19:07:31.766836+00:00,26.017,-0.4367,0.0,0.15,0.1524,-0.1545,5235.99,1,14.8641,136.446,step
2026-08-31T19:07:31.768134+00:00,25.629,-0.4349,0.8,0.0,0.1546,-0.1517,5235.99,1,14.926,136.466,step
2026-08-31T19:07:31.769407+00:00,26.079,-0.4332,0.0,0.15,0.1567,-0.149,5235.99,1,14.987,136.486,step
2026-08-31T19:07:31.770658+00:00,25.98,-0.4315,0.0,0.15,0.1588,-0.1464,5235.99,1,15.0476,136.506,step
2026-08-31T19:07:31.772024+00:00,25.592,-0.4295,0.8,0.0,0.1608,-0.1436,5235.99,1,15.1146,136.526,step
2026-08-31T19:07:31.773379+00:00,26.048,-0.4277,0.8,0.0,0.1627,-0.1409,5235.99,1,15.1802,136.546,step
2026-08-31T19:07:31.774654+00:00,26.788,-0.4259,0.0,0.15,0.1646,-0.1382,5235.99,1,15.2474,136.566,step
2026-08-31T19:07:31.775950+00:00,26.744,-0.4242,0.0,0.15,0.1665,-0.1356,5235.99,1,15.3133,136.586,step
2026-08-31T19:07:31.777245+00:00,26.358,-0.4223,0.8,0.0,0.1684,-0.133,5235.99,1,15.384,136.606,step
2026-08-31T19:07:31.778595+00:00,26.807,-0.4205,0.0,0.15,0.1701,-0.1304,5235.99,1,15.4538,136.626,step
2026-08-31T19:07:31.779893+00:00,26.708,-0.4188,0.8,0.0,0.1719,-0.1279,5235.99,1,15.5234,136.646,step
2026-08-31T19:07:31.781336+00:00,27.148,-0.417,0.0,0.15,0.1735,-0.1254,5235.99,1,15.5957,136.666,step
2026-08-31T19:07:31.782599+00:00,27.05,-0.4153,0.0,0.15,0.1752,-0.1229,5235.99,1,15.6683,136.686,step
2026-08-31T19:07:31.783883+00:00,26.663,-0.4133,0.8,0.0,0.1767,-0.1202,5235.99,1,15.7481,136.706,step
2026-08-31T19:07:31.785164+00:00,27.114,-0.4114,0.8,0.0,0.1782,-0.1177,5235.99,1,15.8258,136.726,step
2026-08-31T19:07:31.786414+00:00,27.855,-0.4096,0.0,0.15,0.1797,-0.1152,5235.99,1,15.9055,136.746,step
2026-08-31T19:07:31.787673+00:00,27.816,-0.4078,0.0,0.15,0.1812,-0.1128,5235.99,1,15.984,136.766,step
2026-08-31T19:07:31.788972+00:00,27.431,-0.4059,0.8,0.0,0.1826,-0.1103,5235.99,1,16.0672,136.786,step
2026-08-31T19:07:31.790330+00:00,27.87,-0.404,0.0,0.15,0.1839,-0.1079,5235.99,1,16.1503,136.806,step
2026-08-31T19:07:31.791641+00:00,27.781,-0.4023,0.8,0.0,0.1852,-0.1055,5235.99,1,16.2349,136.826,step
2026-08-31T19:07:31.792905+00:00,28.216,-0.4004,0.0,0.15,0.1864,-0.1032,5235.99,1,16.3258,136.846,step
2026-08-31T19:07:31.794149+00:00,28.128,-0.3987,0.8,0.0,0.1877,-0.1009,5235.99,1,16.4201,136.866,step
2026-08-31T19:07:31.795401+00:00,28.561,-0.3969,0.8,0.0,0.1888,-0.0986,5235.99,1,16.5211,136.886,step
2026-08-31T19:07:31.796756+00:00,29.303,-0.3947,0.0,0.15,0.1899,-0.0959,5235.99,1,16.6303,136.906,step
2026-08-31T19:07:31.798130+00:00,29.272,-0.3925,0.0,0.15,0.191,-0.0933,5235.99,1,16.7416,136.926,step
2026-08-31T19:07:31.799473+00:00,28.884,-0.3902,0.8,0.0,0.1921,-0.0906,5235.99,1,16.8626,136.946,step
2026-08-31T19:07:31.800719+00:00,29.31,-0.3879,0.8,0.0,0.193,-0.088,5235.99,1,16.9895,136.966,step
2026-08-31T19:07:31.801972+00:00,30.048,-0.3856,0.0,0.15,0.194,-0.0853,5295.4,1,17.1263,136.986,step
2026-08-31T19:07:31.803238+00:00,30.023,-0.3834,0.0,0.15,0.1949,-0.0827,5235.99,1,17.2665,137.006,step
2026-08-31T19:07:31.804520+00:00,29.636,-0.381,0.8,0.0,0.1957,-0.08,5235.99,1,17.4183,137.026,step
2026-08-31T19:07:31.805979+00:00,30.063,-0.3787,0.8,0.0,0.1964,-0.0775,5235.99,1,17.5767,137.046,step
2026-08-31T19:07:31.807535+00:00,30.81,-0.3763,0.8,0.0,0.1971,-0.0748,5420.69,1,17.7468,137.066,step
2026-08-31T19:07:31.808784+00:00,31.597,-0.3739,0.0,0.15,0.1978,-0.0722,5641.44,1,17.9295,137.086,step
2026-08-31T19:07:31.810066+00:00,31.635,-0.3717,0.0,0.15,0.1984,-0.0698,5235.99,1,18.1129,137.106,step
2026-08-31T19:07:31.811317+00:00,31.243,-0.3695,0.8,0.0,0.199,-0.0674,5235.99,1,18.3071,137.126,step
2026-08-31T19:07:31.812560+00:00,31.648,-0.3672,0.8,0.0,0.1995,-0.0649,5475.32,1,18.5171,137.146,step
2026-08-31T19:07:31.813914+00:00,32.395,-0.3648,0.8,0.0,0.1999,-0.0624,5819.0,1,18.7471,137.166,step
2026-08-31T19:07:31.815359+00:00,33.184,-0.3622,0.8,0.0,0.2004,-0.0597,6198.88,1,18.9994,137.186,step
2026-08-31T19:07:31.816648+00:00,34.001,-0.3595,0.0,0.15,0.2008,-0.0569,6665.56,1,19.2748,137.206,step
2026-08-31T19:07:31.817971+00:00,34.344,-0.3572,0.8,0.0,0.2012,-0.0545,5247.43,1,19.5536,137.226,step
2026-08-31T19:07:31.819252+00:00,34.707,-0.3552,0.8,0.0,0.2015,-0.0524,6072.56,1,19.8286,137.246,step
2026-08-31T19:07:31.820533+00:00,35.473,-0.3529,0.15,0.0,0.2018,-0.05,6599.84,1,20.1447,137.266,step
2026-08-31T19:07:31.821880+00:00,36.112,-0.3505,0.15,0.0,0.2021,-0.0476,5639.48,1,20.4896,137.286,step
2026-08-31T19:07:31.823309+00:00,36.302,-0.3484,0.15,0.0,0.2022,-0.0455,5666.33,1,20.8102,137.306,step
2026-08-31T19:07:31.824598+00:00,36.488,-0.3463,0.15,0.0,0.2022,-0.0435,5695.27,1,21.1467,137.326,step
2026-08-31T19:07:31.825947+00:00,36.676,-0.3442,0.15,0.0,0.2022,-0.0415,5724.1,1,21.5137,137.346,step
2026-08-31T19:07:31.827253+00:00,36.865,-0.3419,0.15,0.0,0.202,-0.0394,5753.58,1,21.9111,137.366,step
2026-08-31T19:07:31.828556+00:00,37.054,-0.3396,0.15,0.0,0.2018,-0.0373,5782.9,1,22.3385,137.386,step
2026-08-31T19:07:31.829948+00:00,37.245,-0.3373,0.15,0.0,0.2015,-0.0352,5812.71,1,22.7961,137.406,step
2026-08-31T19:07:31.831341+00:00,37.437,-0.335,0.15,0.0,0.2011,-0.0332,5840.72,1,23.2841,137.426,step
2026-08-31T19:07:31.832973+00:00,37.629,-0.3328,0.15,0.0,0.2006,-0.0313,5870.59,1,23.8024,137.446,step
2026-08-31T19:07:31.834304+00:00,37.82,-0.3306,0.15,0.0,0.2001,-0.0294,5900.88,1,24.3563,137.466,step
2026-08-31T19:07:31.835652+00:00,38.01,-0.3284,0.15,0.0,0.1996,-0.0275,5932.68,1,24.953,137.486,step
2026-08-31T19:07:31.837083+00:00,38.203,-0.3262,0.15,0.0,0.199,-0.0257,5963.91,1,25.5962,137.506,step
2026-08-31T19:07:31.838449+00:00,38.395,-0.324,0.15,0.0,0.1983,-0.0239,5994.43,1,26.2881,137.526,step
2026-08-31T19:07:31.840231+00:00,38.588,-0.3219,0.15,0.0,0.1976,-0.0222,6025.33,1,27.034,137.546,step
2026-08-31T19:07:31.841585+00:00,38.782,-0.3197,0.15,0.0,0.1969,-0.0205,6055.75,1,27.8388,137.566,step
2026-08-31T19:07:31.842908+00:00,38.976,-0.3177,0.15,0.0,0.1961,-0.0189,6086.31,1,28.7088,137.586,step
2026-08-31T19:07:31.844199+00:00,39.17,-0.3156,0.15,0.0,0.1953,-0.0173,6116.97,1,29.6519,137.606,step
2026-08-31T19:07:31.845460+00:00,39.364,-0.3134,0.15,0.0,0.1944,-0.0156,6146.95,1,30.6789,137.626,step
2026-08-31T19:07:31.846729+00:00,39.558,-0.311,0.15,0.0,0.1934,-0.0137,6177.68,1,31.7986,137.646,step
2026-08-31T19:07:31.848175+00:00,39.752,-0.3085,0.15,0.0,0.1924,-0.0119,6208.42,1,33.0232,137.666,step
2026-08-31T19:07:31.849532+00:00,39.946,-0.3061,0.15,0.0,0.1913,-0.0101,6239.14,1,34.3686,137.686,step
2026-08-31T19:07:31.850886+00:00,40.141,-0.3037,0.15,0.0,0.1902,-0.0083,6269.5,1,35.8503,137.706,step
2026-08-31T19:07:31.852247+00:00,40.335,-0.3013,0.15,0.0,0.189,-0.0066,6299.97,1,37.4895,137.726,step
2026-08-31T19:07:31.853649+00:00,40.53,-0.299,0.15,0.0,0.1878,-0.0049,6331.12,1,39.3067,137.746,step
2026-08-31T19:07:31.854981+00:00,40.726,-0.2967,0.15,0.0,0.1865,-0.0033,6358.19,1,41.3216,137.766,step
2026-08-31T19:07:31.856752+00:00,40.92,-0.2944,0.15,0.0,0.1851,-0.0018,6388.88,1,43.5795,137.786,step
2026-08-31T19:07:31.858146+00:00,41.113,-0.0921,0.8,0.0,0.1837,-0.0002,6420.94,1,45.9295,137.806,step
2026-08-31T19:07:31.859502+00:00,41.761,-0.0916,0.8,0.0,0.1825,-0.0004,7556.41,1,47.5934,137.826,step
2026-08-31T19:07:31.860850+00:00,42.581,-0.0943,0.8,0.0,0.1816,-0.0034,8578.32,1,48.2774,137.846,step
2026-08-31T19:07:31.862190+00:00,43.431,-0.0979,0.8,0.0,0.181,-0.0072,9897.1,1,48.7005,137.866,step
2026-08-31T19:07:31.863848+00:00,44.302,-0.1019,0.8,0.0,0.1805,-0.0112,11248.5,1,49.0726,137.886,step
2026-08-31T19:07:31.865259+00:00,45.192,-0.1061,0.8,0.0,0.1803,-0.0154,12537.3,1,49.4433,137.906,step
2026-08-31T19:07:31.866598+00:00,46.096,-0.1103,0.8,0.0,0.1802,-0.0195,13797.5,1,49.8244,137.926,step
2026-08-31T19:07:31.867888+00:00,47.009,-0.1143,0.8,0.0,0.1803,-0.0233,15065.7,1,50.2245,137.946,step
2026-08-31T19:07:31.869204+00:00,47.931,-0.1183,0.8,0.0,0.1805,-0.027,16342.9,1,50.6567,137.966,step
2026-08-31T19:07:31.870512+00:00,48.861,-0.1223,0.8,0.0,0.181,-0.0307,17615.4,1,51.14,137.986,step
2026-08-31T19:07:31.871995+00:00,49.805,-0.1263,0.8,0.0,0.1816,-0.0341,18836.0,1,51.6924,138.006,step
2026-08-31T19:07:31.873345+00:00,50.77,-0.1301,0.8,0.0,0.1824,-0.0374,19523.5,2,52.3265,138.026,step
2026-08-31T19:07:31.874721+00:00,51.781,-0.1337,0.8,0.0,0.1835,-0.0404,14524.8,2,53.0447,138.046,step
2026-08-31T19:07:31.876041+00:00,52.754,-0.1371,0.8,0.0,0.1847,-0.043,14503.1,2,53.8756,138.066,step
2026-08-31T19:07:31.877377+00:00,53.706,-0.1398,0.8,0.0,0.1861,-0.045,9690.19,2,54.9015,138.086,step
2026-08-31T19:07:31.878661+00:00,54.641,-0.1421,0.8,0.0,0.1878,-0.0464,9712.39,2,56.084,138.106,step
2026-08-31T19:07:31.880003+00:00,55.569,-0.1441,0.8,0.0,0.1896,-0.0474,10037.5,2,57.3896,138.126,step
2026-08-31T19:07:31.881507+00:00,56.488,-0.1456,0.8,0.0,0.1917,-0.0479,10372.9,2,58.813,138.146,step
2026-08-31T19:07:31.882742+00:00,57.397,-0.1459,0.8,0.0,0.194,-0.047,10721.1,2,60.3522,138.166,step
2026-08-31T19:07:31.884020+00:00,58.295,-0.1391,0.8,0.0,0.1963,-0.0394,11078.0,2,62.0021,138.186,step
2026-08-31T19:07:31.885259+00:00,59.186,-0.1317,0.8,0.0,0.1984,-0.0312,11440.6,2,63.7433,138.206,step
2026-08-31T19:07:31.886467+00:00,60.072,-0.1237,0.8,0.0,0.2004,-0.0226,11800.0,2,65.5631,138.226,step
2026-08-31T19:07:31.887683+00:00,60.956,-0.1151,0.8,0.0,0.2022,-0.0135,12148.3,2,67.467,138.246,step
2026-08-31T19:07:31.889178+00:00,62.113,-0.1062,0.8,0.0,0.2038,-0.0041,11998.0,2,69.4045,138.266,step
2026-08-31T19:07:31.890669+00:00,63.272,-0.0969,0.8,0.0,0.2051,0.0054,11844.3,2,71.3472,138.286,step
2026-08-31T19:07:31.891982+00:00,64.349,-0.0872,0.8,0.0,0.2061,0.0152,11831.8,2,73.3169,138.306,step
2026-08-31T19:07:31.893307+00:00,65.296,-0.077,0.8,0.0,0.2068,0.0254,12042.1,2,75.3465,138.326,step
2026-08-31T19:07:31.894633+00:00,66.155,-0.0661,0.8,0.0,0.2072,0.0361,12398.0,2,77.6811,138.346,step
2026-08-31T19:07:31.895990+00:00,66.967,-0.0545,0.8,0.0,0.2073,0.0473,12823.7,2,80.6631,138.366,step
2026-08-31T19:07:31.897726+00:00,67.764,-0.0421,0.8,0.0,0.2071,0.0591,13273.4,2,84.7726,138.386,step
2026-08-31T19:07:31.899220+00:00,68.561,-0.029,0.8,0.0,0.2065,0.0714,13716.2,2,92.0148,138.406,step
2026-08-31T19:07:31.900697+00:00,69.367,-0.0152,0.8,0.0,0.2056,0.0843,14137.6,2,152.045,138.426,step
2026-08-31T19:07:31.902155+00:00,70.18,-0.0006,0.8,0.0,0.2042,0.0977,14536.3,2,147.03,138.446,step
2026-08-31T19:07:31.903700+00:00,70.997,0.0147,0.8,0.0,0.2025,0.1116,14917.6,2,141.202,138.466,step
2026-08-31T19:07:31.905214+00:00,71.814,0.0308,0.8,0.0,0.2003,0.1261,15286.0,2,134.04,138.486,step
2026-08-31T19:07:31.907120+00:00,72.625,0.0477,0.8,0.0,0.1977,0.141,15643.1,2,125.317,138.506,step
2026-08-31T19:07:31.908547+00:00,73.434,0.0656,0.8,0.0,0.1946,0.1568,15983.4,2,117.142,138.526,step
2026-08-31T19:07:31.909874+00:00,74.24,0.0846,0.8,0.0,0.1909,0.1733,16308.7,2,49.7082,138.546,step
2026-08-31T19:07:31.911135+00:00,75.036,0.3045,0.0,0.15,0.1866,0.1904,16628.4,2,38.8847,138.566,step
2026-08-31T19:07:31.912402+00:00,75.625,0.3235,0.0,0.15,0.182,0.2065,14158.7,2,34.8854,138.586,step
2026-08-31T19:07:31.913840+00:00,76.012,0.3384,0.0,0.15,0.1771,0.2185,12046.9,2,32.653,138.606,step
2026-08-31T19:07:31.915123+00:00,76.301,0.3496,0.0,0.15,0.1718,0.2267,10244.7,2,31.2967,138.626,step
2026-08-31T19:07:31.916319+00:00,76.385,0.3566,0.0,0.15,0.1658,0.2305,8998.22,2,30.6283,138.646,step
2026-08-31T19:07:31.917598+00:00,76.108,0.3582,0.0,0.15,0.1589,0.2287,8558.44,2,30.6927,138.666,step
2026-08-31T19:07:31.918822+00:00,75.695,0.3553,0.0,0.15,0.1511,0.2222,8465.08,2,31.4544,138.686,step
2026-08-31T19:07:31.920118+00:00,75.261,0.3489,0.0,0.15,0.1426,0.212,8449.28,2,32.9822,138.706,step
2026-08-31T19:07:31.921389+00:00,74.817,0.3398,0.0,0.15,0.1335,0.1988,8445.16,2,35.7273,138.726,step
2026-08-31T19:07:31.922875+00:00,74.368,0.3287,0.0,0.15,0.1241,0.1836,8419.54,2,41.8922,138.746,step
2026-08-31T19:07:31.924302+00:00,73.908,0.1167,0.8,0.0,0.1149,0.1676,8372.08,2,108.633,138.766,step
2026-08-31T19:07:31.925763+00:00,74.408,0.1071,0.8,0.0,0.1058,0.154,9614.97,2,114.287,138.786,step
2026-08-31T19:07:31.927207+00:00,75.278,0.1023,0.8,0.0,0.0964,0.1448,10041.4,2,118.315,138.806,step
2026-08-31T19:07:31.928621+00:00,76.207,0.0991,0.8,0.0,0.0868,0.1371,10339.0,2,121.854,138.826,step
2026-08-31T19:07:31.930158+00:00,77.162,0.0965,0.8,0.0,0.0773,0.13,10580.1,2,125.314,138.846,step
2026-08-31T19:07:31.931770+00:00,78.12,0.0942,0.8,0.0,0.0677,0.1232,10811.1,2,128.24,138.866,step
2026-08-31T19:07:31.933260+00:00,79.047,0.0921,0.8,0.0,0.0583,0.1167,11069.6,2,130.69,138.886,step
2026-08-31T19:07:31.934802+00:00,79.946,0.0898,0.8,0.0,0.0489,0.11,11360.6,2,132.926,138.906,step
2026-08-31T19:07:31.936307+00:00,80.827,0.087,0.8,0.0,0.0397,0.1028,11671.6,3,135.126,138.926,step
2026-08-31T19:07:31.937805+00:00,81.67,0.0835,0.8,0.0,0.0307,0.0951,9241.46,3,137.335,138.946,step
2026-08-31T19:07:31.939479+00:00,82.084,0.0807,0.8,0.0,0.0222,0.0883,9248.12,3,139.092,138.966,step
2026-08-31T19:07:31.941012+00:00,82.092,0.0792,0.8,0.0,0.0144,0.0831,7511.9,3,140.244,138.986,step
2026-08-31T19:07:31.942437+00:00,82.548,0.078,0.8,0.0,0.0072,0.0785,7934.95,3,141.163,139.006,step
2026-08-31T19:07:31.943834+00:00,83.217,0.0766,0.8,0.0,0.0005,0.074,7997.95,3,142.021,139.026,step
2026-08-31T19:07:31.945197+00:00,83.893,0.0752,0.15,0.0,-0.0057,0.0696,8057.66,3,80.3877,139.046,step
2026-08-31T19:07:31.946692+00:00,84.211,0.0739,0.15,0.0,-0.0115,0.0656,7722.88,3,76.5503,139.066,step
2026-08-31T19:07:31.948245+00:00,84.293,0.073,0.15,0.0,-0.0168,0.0622,7731.11,3,74.0654,139.086,step
2026-08-31T19:07:31.949651+00:00,84.377,0.072,0.15,0.0,-0.0218,0.0588,7739.96,3,71.9762,139.106,step
2026-08-31T19:07:31.951081+00:00,84.462,0.0708,0.15,0.0,-0.0264,0.0554,7748.31,3,70.0852,139.126,step
2026-08-31T19:07:31.952431+00:00,84.548,0.0694,0.15,0.0,-0.0307,0.052,7756.34,3,68.3394,139.146,step
2026-08-31T19:07:31.953776+00:00,84.633,0.0678,0.15,0.0,-0.0347,0.0485,7764.07,3,66.7245,139.166,step
2026-08-31T19:07:31.955263+00:00,84.719,0.0662,0.15,0.0,-0.0385,0.0452,7771.81,3,65.2243,139.186,step
2026-08-31T19:07:31.956665+00:00,84.806,0.0645,0.15,0.0,-0.0419,0.0419,7779.4,3,63.8229,139.206,step
2026-08-31T19:07:31.958031+00:00,84.892,0.0628,0.15,0.0,-0.0451,0.0387,7787.17,3,62.5093,139.226,step
2026-08-31T19:07:31.959368+00:00,84.979,0.061,0.15,0.0,-0.0481,0.0355,7795.11,3,61.2646,139.246,step
2026-08-31T19:07:31.960686+00:00,85.066,0.0592,0.15,0.0,-0.0508,0.0325,7803.04,3,60.0807,139.266,step
2026-08-31T19:07:31.961973+00:00,85.152,0.0573,0.15,0.0,-0.0533,0.0295,7810.96,3,58.9501,139.286,step
2026-08-31T19:07:31.963266+00:00,85.239,0.0554,0.15,0.0,-0.0556,0.0266,7818.83,3,57.8674,139.306,step
2026-08-31T19:07:31.964908+00:00,85.325,0.0535,0.15,0.0,-0.0576,0.0238,7826.72,3,56.8273,139.326,step
2026-08-31T19:07:31.966234+00:00,85.411,0.0515,0.15,0.0,-0.0594,0.021,7836.97,3,55.8208,139.346,step
2026-08-31T19:07:31.967553+00:00,85.498,0.0495,0.0,0.15,-0.0611,0.0182,7843.9,3,54.8439,139.366,step
2026-08-31T19:07:31.968812+00:00,85.2,0.0474,0.0,0.15,-0.0625,0.0156,7687.1,3,53.8989,139.386,step
2026-08-31T19:07:31.970073+00:00,84.714,0.0452,0.0,0.15,-0.0637,0.0129,7643.19,3,52.9756,139.406,step
2026-08-31T19:07:31.971471+00:00,84.23,0.043,0.0,0.15,-0.0647,0.0102,7599.22,3,52.0737,139.426,step
2026-08-31T19:07:31.973064+00:00,83.749,0.0407,0.0,0.15,-0.0655,0.0076,7556.12,3,51.1967,139.446,step
2026-08-31T19:07:31.974404+00:00,83.27,0.0383,0.0,0.15,-0.0662,0.005,7513.64,3,50.3489,139.466,step
2026-08-31T19:07:31.975718+00:00,82.794,0.036,0.0,0.15,-0.0666,0.0026,7471.28,3,49.5342,139.486,step
2026-08-31T19:07:31.977022+00:00,82.32,0.0338,0.0,0.15,-0.0669,0.0004,7429.12,3,48.749,139.506,step
2026-08-31T19:07:31.978250+00:00,81.849,0.0316,0.0,0.15,-0.067,-0.0018,7386.82,3,47.9916,139.526,step
2026-08-31T19:07:31.979601+00:00,81.393,0.0296,0.0,0.15,-0.0669,-0.0037,7345.41,3,47.2647,139.546,step
2026-08-31T19:07:31.981133+00:00,80.93,0.0277,0.0,0.15,-0.0667,-0.0055,7303.37,3,46.5732,139.566,step
2026-08-31T19:07:31.982471+00:00,80.465,0.0259,0.0,0.15,-0.0664,-0.0071,7260.94,3,45.9094,139.586,step
2026-08-31T19:07:31.983787+00:00,79.996,0.0241,0.0,0.15,-0.066,-0.0086,7218.79,2,45.2661,139.606,step
2026-08-31T19:07:31.985099+00:00,79.546,-0.1776,0.0,0.15,-0.0655,-0.0099,9074.87,2,44.6395,139.626,step
2026-08-31T19:07:31.986376+00:00,79.13,-0.177,0.0,0.15,-0.065,-0.0091,9053.21,2,44.3149,139.646,step
2026-08-31T19:07:31.987724+00:00,78.657,-0.1716,0.0,0.15,-0.0651,-0.004,8901.36,2,44.5588,139.666,step
2026-08-31T19:07:31.989264+00:00,78.133,0.0364,0.0,0.15,-0.0656,0.0034,8813.58,2,45.1186,139.686,step
2026-08-31T19:07:31.990663+00:00,77.619,0.0432,0.0,0.15,-0.0665,0.0096,8765.37,2,45.5317,139.706,step
2026-08-31T19:07:31.991962+00:00,77.082,0.0451,0.0,0.15,-0.0671,0.0111,8714.79,2,45.3077,139.726,step
2026-08-31T19:07:31.993264+00:00,76.558,-0.1555,0.0,0.15,-0.0677,0.0102,8666.17,2,44.7561,139.746,step
2026-08-31T19:07:31.994654+00:00,76.057,-0.1546,0.0,0.15,-0.0684,0.0108,8618.53,2,44.4057,139.766,step
2026-08-31T19:07:31.996013+00:00,75.518,-0.1492,0.0,0.15,-0.0697,0.0153,8563.38,2,44.6276,139.786,step
2026-08-31T19:07:31.997469+00:00,74.998,0.0583,0.0,0.15,-0.0714,0.0217,8505.1,2,45.1495,139.806,step
2026-08-31T19:07:31.998960+00:00,74.508,0.0641,0.0,0.15,-0.0734,0.0264,8448.35,2,45.4625,139.826,step
2026-08-31T19:07:32.000341+00:00,73.991,0.0652,0.0,0.15,-0.0752,0.0265,8387.31,2,45.0708,139.846,step
2026-08-31T19:07:32.001790+00:00,73.485,-0.1361,0.0,0.15,-0.0768,0.0245,8331.08,2,44.3475,139.866,step
2026-08-31T19:07:32.003137+00:00,73.001,-0.1359,0.0,0.15,-0.0784,0.024,8279.0,2,43.8575,139.886,step
2026-08-31T19:07:32.004564+00:00,72.505,-0.1314,0.0,0.15,-0.0805,0.0273,8224.4,2,43.9644,139.906,step
2026-08-31T19:07:32.006130+00:00,72.009,-0.1251,0.0,0.15,-0.0829,0.0322,8167.25,2,44.3418,139.926,step
2026-08-31T19:07:32.007708+00:00,71.518,-0.1181,0.0,0.15,-0.0857,0.0376,8109.37,2,44.8551,139.946,step
2026-08-31T19:07:32.009123+00:00,71.027,0.0892,0.0,0.15,-0.0887,0.0431,8052.74,2,45.4506,139.966,step
2026-08-31T19:07:32.010621+00:00,70.558,0.0908,0.0,0.15,-0.0918,0.0432,7999.12,2,45.7024,139.986,step
2026-08-31T19:07:32.012110+00:00,70.047,0.0874,0.0,0.15,-0.0944,0.0387,7943.39,2,45.0972,140.006,step
2026-08-31T19:07:32.013509+00:00,69.558,-0.1185,0.0,0.15,-0.0964,0.0321,7891.11,2,44.1119,140.026,step
2026-08-31T19:07:32.015215+00:00,69.113,-0.1226,0.0,0.15,-0.0983,0.0272,7810.84,2,43.4643,140.046,step
2026-08-31T19:07:32.016629+00:00,68.616,-0.122,0.0,0.15,-0.1003,0.0268,7769.07,2,43.598,140.066,step
2026-08-31T19:07:32.018077+00:00,68.135,-0.1194,0.0,0.15,-0.1025,0.0283,7726.11,2,44.1079,140.086,step
2026-08-31T19:07:32.019491+00:00,67.666,-0.1161,0.0,0.15,-0.1048,0.0303,7678.54,2,44.7975,140.106,step
2026-08-31T19:07:32.020998+00:00,67.2,0.0873,0.8,0.0,-0.1072,0.0324,7629.66,2,45.5925,140.126,step
2026-08-31T19:07:32.022692+00:00,67.553,0.0881,0.8,0.0,-0.1095,0.0321,8488.99,2,45.9121,140.146,step
2026-08-31T19:07:32.024343+00:00,68.331,0.0841,0.8,0.0,-0.1113,0.0273,8889.49,2,45.194,140.166,step
2026-08-31T19:07:32.025809+00:00,69.187,-0.1221,0.0,0.15,-0.1128,0.0207,9248.04,2,44.0843,140.186,step
2026-08-31T19:07:32.027316+00:00,69.584,-0.1273,0.0,0.15,-0.114,0.0151,7902.22,2,43.2352,140.206,step
2026-08-31T19:07:32.028893+00:00,69.111,-0.1292,0.0,0.15,-0.1152,0.0127,7853.43,2,43.0563,140.226,step
2026-08-31T19:07:32.030417+00:00,68.59,-0.129,0.0,0.15,-0.1164,0.0124,7790.57,2,43.3051,140.246,step
2026-08-31T19:07:32.032095+00:00,68.082,-0.1272,0.0,0.15,-0.1177,0.0134,7728.17,2,43.925,140.266,step
2026-08-31T19:07:32.033595+00:00,67.601,-0.1245,0.0,0.15,-0.1191,0.0154,7671.31,2,44.8818,140.286,step
2026-08-31T19:07:32.035125+00:00,67.131,0.0788,0.8,0.0,-0.1206,0.0178,7618.06,2,46.159,140.306,step
2026-08-31T19:07:32.036576+00:00,67.464,0.0794,0.8,0.0,-0.1221,0.0177,8526.05,2,46.856,140.326,step
2026-08-31T19:07:32.038076+00:00,68.158,0.0749,0.8,0.0,-0.123,0.0129,9102.04,2,45.9744,140.346,step
2026-08-31T19:07:32.039694+00:00,68.956,-0.1317,0.0,0.15,-0.1235,0.0063,9612.8,2,44.5611,140.366,step
2026-08-31T19:07:32.041239+00:00,69.494,-0.1372,0.0,0.15,-0.1239,0.0009,7941.38,2,43.6045,140.386,step
2026-08-31T19:07:32.042670+00:00,69.043,-0.1387,0.0,0.15,-0.1243,-0.0008,7846.85,2,43.7147,140.406,step
2026-08-31T19:07:32.044130+00:00,68.546,-0.138,0.0,0.15,-0.1247,-0.0003,7788.53,2,44.4888,140.426,step
2026-08-31T19:07:32.045610+00:00,68.05,0.064,0.8,0.0,-0.1253,0.0013,7728.0,2,45.8994,140.446,step
2026-08-31T19:07:32.047277+00:00,68.387,0.0643,0.8,0.0,-0.1258,0.0013,8619.87,2,47.0544,140.466,step
2026-08-31T19:07:32.049074+00:00,69.152,0.0603,0.8,0.0,-0.1259,-0.0026,9085.19,2,46.4,140.486,step
2026-08-31T19:07:32.050567+00:00,69.986,0.0542,0.0,0.15,-0.1255,-0.0082,9525.71,2,45.0094,140.506,step
2026-08-31T19:07:32.052068+00:00,70.418,-0.1525,0.0,0.15,-0.1248,-0.0144,8009.23,2,43.5922,140.526,step
2026-08-31T19:07:32.053554+00:00,69.96,-0.1573,0.0,0.15,-0.1239,-0.0185,7946.51,2,42.961,140.546,step
2026-08-31T19:07:32.055125+00:00,69.451,-0.158,0.0,0.15,-0.1231,-0.0188,7888.2,2,43.6852,140.566,step
2026-08-31T19:07:32.056910+00:00,68.948,0.0437,0.8,0.0,-0.1225,-0.0169,7827.44,2,45.8081,140.586,step
2026-08-31T19:07:32.058454+00:00,69.285,0.0441,0.8,0.0,-0.1219,-0.0162,8741.23,2,48.9827,140.606,step
2026-08-31T19:07:32.059958+00:00,70.029,0.0402,0.8,0.0,-0.1209,-0.0194,9280.98,2,48.8312,140.626,step
2026-08-31T19:07:32.061430+00:00,70.852,0.0345,0.8,0.0,-0.1194,-0.0243,9765.54,2,46.7158,140.646,step
2026-08-31T19:07:32.063018+00:00,71.724,-0.1719,0.0,0.15,-0.1177,-0.0296,10167.3,2,44.8803,140.666,step
2026-08-31T19:07:32.064832+00:00,72.368,-0.177,0.0,0.15,-0.1158,-0.0336,8312.13,2,44.1986,140.686,step
2026-08-31T19:07:32.066404+00:00,71.944,0.0213,0.0,0.15,-0.114,-0.0344,8172.05,2,45.9006,140.706,step
2026-08-31T19:07:32.067970+00:00,71.404,0.0202,0.8,0.0,-0.1121,-0.0346,8106.04,2,104.438,140.726,step
2026-08-31T19:07:32.069496+00:00,71.724,0.0163,0.8,0.0,-0.11,-0.0372,9079.07,2,103.864,140.746,step
2026-08-31T19:07:32.071030+00:00,72.519,0.011,0.8,0.0,-0.1075,-0.0411,9591.85,2,103.544,140.766,step
2026-08-31T19:07:32.072752+00:00,73.376,0.0052,0.8,0.0,-0.1046,-0.0453,10017.2,2,103.285,140.786,step
2026-08-31T19:07:32.074387+00:00,74.268,-0.0007,0.8,0.0,-0.1016,-0.0496,10374.2,2,103.016,140.806,step
2026-08-31T19:07:32.075876+00:00,75.187,-0.0067,0.8,0.0,-0.0982,-0.0537,10682.3,2,102.708,140.826,step
2026-08-31T19:07:32.077343+00:00,76.12,-0.0126,0.8,0.0,-0.0946,-0.0577,10960.4,2,102.349,140.846,step
2026-08-31T19:07:32.078820+00:00,77.059,-0.0185,0.8,0.0,-0.0907,-0.0614,11225.8,2,101.932,140.866,step
2026-08-31T19:07:32.080500+00:00,77.997,-0.0243,0.15,0.0,-0.0865,-0.065,11485.8,2,101.454,140.886,step
2026-08-31T19:07:32.082006+00:00,78.909,-0.0299,0.15,0.0,-0.082,-0.0683,9981.14,2,100.908,140.906,step
2026-08-31T19:07:32.083534+00:00,79.476,-0.0354,0.15,0.0,-0.0772,-0.0712,9209.8,2,100.272,140.926,step
2026-08-31T19:07:32.085025+00:00,79.592,-0.0405,0.15,0.0,-0.0722,-0.0737,9213.91,2,99.5591,140.946,step
2026-08-31T19:07:32.086500+00:00,79.707,-0.0455,0.15,0.0,-0.0669,-0.076,9228.01,2,98.7782,140.966,step
2026-08-31T19:07:32.088049+00:00,79.822,-0.0502,0.15,0.0,-0.0615,-0.0779,9241.52,2,97.9354,140.986,step
2026-08-31T19:07:32.089739+00:00,79.935,-0.0547,0.15,0.0,-0.056,-0.0796,9254.35,2,97.0317,141.006,step
2026-08-31T19:07:32.091348+00:00,80.048,-0.059,0.15,0.0,-0.0503,-0.081,9266.86,3,96.068,141.026,step
2026-08-31T19:07:32.092916+00:00,80.098,-0.063,0.15,0.0,-0.0446,-0.0821,7357.57,3,95.0399,141.046,step
2026-08-31T19:07:32.094504+00:00,80.111,-0.0667,0.15,0.0,-0.0387,-0.0828,7370.46,3,93.9329,141.066,step
2026-08-31T19:07:32.096089+00:00,80.134,-0.0701,0.15,0.0,-0.0329,-0.0833,7332.73,3,92.7684,141.086,step
2026-08-31T19:07:32.097735+00:00,80.198,-0.0735,0.15,0.0,-0.0269,-0.0837,7359.0,3,91.5894,141.106,step
2026-08-31T19:07:32.099467+00:00,80.299,-0.077,0.15,0.0,-0.021,-0.0842,7366.64,3,90.4174,141.126,step
2026-08-31T19:07:32.100979+00:00,80.399,-0.0804,0.15,0.0,-0.015,-0.0846,7375.44,3,89.2318,141.146,step
2026-08-31T19:07:32.102490+00:00,80.498,-0.0838,0.15,0.0,-0.009,-0.085,7385.02,3,88.0207,141.166,step
2026-08-31T19:07:32.103975+00:00,80.597,-0.0871,0.15,0.0,-0.003,-0.0852,7395.02,3,86.772,141.186,step
2026-08-31T19:07:32.105735+00:00,80.695,-0.0901,0.15,0.0,0.0031,-0.0853,7404.8,3,85.4791,141.206,step
2026-08-31T19:07:32.107344+00:00,80.794,-0.093,0.15,0.0,0.0091,-0.0852,7414.31,3,84.141,141.226,step
2026-08-31T19:07:32.108947+00:00,80.891,-0.0957,0.15,0.0,0.0151,-0.0848,7423.78,3,82.7483,141.246,step
2026-08-31T19:07:32.110537+00:00,80.987,-0.0981,0.15,0.0,0.0211,-0.0843,7432.33,3,81.2832,141.266,step
2026-08-31T19:07:32.112178+00:00,81.083,-0.1003,0.15,0.0,0.0271,-0.0835,7440.91,3,79.7709,141.286,step
2026-08-31T19:07:32.113834+00:00,81.179,-0.1024,0.15,0.0,0.033,-0.0827,7449.58,3,78.2263,141.306,step
2026-08-31T19:07:32.115411+00:00,81.274,-0.1044,0.15,0.0,0.0388,-0.0819,7458.32,3,76.6518,141.326,step
2026-08-31T19:07:32.116895+00:00,81.369,-0.1064,0.15,0.0,0.0446,-0.081,7466.96,3,75.0473,141.346,step
2026-08-31T19:07:32.118417+00:00,81.464,-0.1083,0.15,0.0,0.0503,-0.08,7473.81,3,73.4108,141.366,step
2026-08-31T19:07:32.119857+00:00,81.559,-0.1101,0.15,0.0,0.0559,-0.0791,7480.4,3,71.7594,141.386,step
2026-08-31T19:07:32.121399+00:00,81.651,-0.112,0.15,0.0,0.0615,-0.0782,7489.35,3,70.0846,141.406,step
2026-08-31T19:07:32.123045+00:00,81.743,-0.1137,0.15,0.0,0.067,-0.0772,7499.21,3,68.3849,141.426,step
2026-08-31T19:07:32.124531+00:00,81.834,-0.1152,0.15,0.0,0.0724,-0.076,7508.99,3,66.6973,141.446,step
2026-08-31T19:07:32.126054+00:00,81.926,-0.1164,0.15,0.0,0.0777,-0.0747,7518.44,3,65.0263,141.466,step
2026-08-31T19:07:32.127567+00:00,82.016,-0.1175,0.15,0.0,0.083,-0.0732,7527.81,3,63.3735,141.486,step
2026-08-31T19:07:32.129089+00:00,82.106,-0.1182,0.15,0.0,0.0881,-0.0714,7535.55,3,61.7057,141.506,step
2026-08-31T19:07:32.130736+00:00,82.196,-0.1187,0.15,0.0,0.093,-0.0695,7543.22,3,60.0712,141.526,step
2026-08-31T19:07:32.132551+00:00,82.285,-0.1192,0.15,0.0,0.0979,-0.0676,7551.08,3,58.4947,141.546,step
2026-08-31T19:07:32.134078+00:00,82.374,-0.1196,0.15,0.0,0.1026,-0.0658,7559.0,3,56.9791,141.566,step
2026-08-31T19:07:32.135543+00:00,82.462,-0.1201,0.15,0.0,0.1073,-0.064,7566.92,3,55.5217,141.586,step
2026-08-31T19:07:32.137044+00:00,82.551,-0.1206,0.15,0.0,0.1118,-0.0623,7573.84,3,54.119,141.606,step
2026-08-31T19:07:32.138704+00:00,82.641,-0.1212,0.0,0.15,0.1161,-0.0608,7577.26,3,52.7866,141.626,step
2026-08-31T19:07:32.140262+00:00,82.343,-0.1218,0.0,0.15,0.1204,-0.0593,7441.07,3,51.4942,141.646,step
2026-08-31T19:07:32.141774+00:00,81.863,-0.122,0.0,0.15,0.1245,-0.0575,7392.81,3,50.1888,141.666,step
2026-08-31T19:07:32.143269+00:00,81.385,-0.1216,0.0,0.15,0.1284,-0.0552,7343.95,3,48.8713,141.686,step
2026-08-31T19:07:32.144698+00:00,80.911,-0.1208,0.0,0.15,0.1322,-0.0527,7297.67,3,47.5539,141.706,step
2026-08-31T19:07:32.146150+00:00,80.454,-0.1197,0.0,0.15,0.1358,-0.0499,7254.09,3,46.2603,141.726,step
2026-08-31T19:07:32.147974+00:00,80.004,-0.1188,0.0,0.15,0.1392,-0.0473,7213.1,3,45.0344,141.746,step
2026-08-31T19:07:32.149469+00:00,79.541,0.082,0.0,0.15,0.1425,-0.045,7171.43,2,43.8751,141.766,step
2026-08-31T19:07:32.151050+00:00,79.106,0.0806,0.0,0.15,0.1458,-0.0447,9015.7,2,42.9882,141.786,step
2026-08-31T19:07:32.152554+00:00,78.651,0.0801,0.0,0.15,0.1493,-0.0435,8994.51,2,42.6034,141.806,step
2026-08-31T19:07:32.154052+00:00,78.192,0.0787,0.0,0.15,0.1529,-0.0432,8859.22,2,42.4714,141.826,step
2026-08-31T19:07:32.155836+00:00,77.673,0.0762,0.0,0.15,0.1563,-0.0439,8799.86,2,42.4533,141.846,step
2026-08-31T19:07:32.157317+00:00,77.199,0.0733,0.0,0.15,0.1597,-0.0451,8678.25,2,42.4889,141.866,step
2026-08-31T19:07:32.158834+00:00,76.685,0.0702,0.0,0.15,0.1631,-0.0464,8642.99,2,42.557,141.886,step
2026-08-31T19:07:32.160412+00:00,76.168,0.0672,0.0,0.15,0.1664,-0.0478,8610.3,2,42.6232,141.906,step
2026-08-31T19:07:32.161908+00:00,75.659,0.0644,0.0,0.15,0.1697,-0.0489,8565.75,2,42.67,141.926,step
2026-08-31T19:07:32.163500+00:00,75.153,0.0619,0.0,0.15,0.1731,-0.0496,8518.14,2,42.6913,141.946,step
2026-08-31T19:07:32.165238+00:00,74.651,0.0598,0.0,0.15,0.1765,-0.05,8467.39,2,42.69,141.966,step
2026-08-31T19:07:32.166673+00:00,74.152,0.0579,0.0,0.15,0.18,-0.0502,8414.07,2,42.6712,141.986,step
2026-08-31T19:07:32.168219+00:00,73.657,0.0561,0.0,0.15,0.1834,-0.0502,8358.87,2,42.6383,142.006,step
2026-08-31T19:07:32.169692+00:00,73.168,0.0545,0.0,0.15,0.1868,-0.0502,8299.57,2,42.5969,142.026,step
2026-08-31T19:07:32.171210+00:00,72.68,0.0529,0.0,0.15,0.1902,-0.05,8243.28,2,42.5499,142.046,step
2026-08-31T19:07:32.172949+00:00,72.194,0.0515,0.0,0.15,0.1935,-0.0498,8188.06,2,42.4979,142.066,step
2026-08-31T19:07:32.174430+00:00,71.711,0.0501,0.0,0.15,0.1969,-0.0495,8133.62,2,42.4405,142.086,step
2026-08-31T19:07:32.175939+00:00,71.229,0.0489,0.0,0.15,0.2001,-0.0491,8079.86,2,42.3768,142.106,step
2026-08-31T19:07:32.177382+00:00,70.75,0.0479,0.0,0.15,0.2034,-0.0485,8026.54,2,42.3087,142.126,step
2026-08-31T19:07:32.178918+00:00,70.273,0.047,0.0,0.15,0.2065,-0.0478,7973.5,2,42.2364,142.146,step
2026-08-31T19:07:32.180363+00:00,69.798,0.0462,0.0,0.15,0.2096,-0.0471,7920.49,2,42.1595,142.166,step
2026-08-31T19:07:32.182118+00:00,69.325,0.0455,0.0,0.15,0.2127,-0.0463,7867.22,2,42.0785,142.186,step
2026-08-31T19:07:32.183654+00:00,68.854,0.0449,0.0,0.15,0.2157,-0.0455,7814.8,2,41.9963,142.206,step
2026-08-31T19:07:32.185138+00:00,68.386,0.0443,0.0,0.15,0.2186,-0.0447,7762.57,2,41.9128,142.226,step
2026-08-31T19:07:32.186568+00:00,67.919,0.0438,0.0,0.15,0.2214,-0.0438,7710.43,2,41.8258,142.246,step
2026-08-31T19:07:32.188010+00:00,67.455,0.0433,0.0,0.15,0.2242,-0.0429,7658.6,2,41.7372,142.266,step
2026-08-31T19:07:32.189574+00:00,66.993,0.0431,0.0,0.15,0.2269,-0.0418,7606.83,2,41.6466,142.286,step
2026-08-31T19:07:32.190972+00:00,66.533,0.0431,0.0,0.15,0.2295,-0.0406,7555.31,2,41.5545,142.306,step
2026-08-31T19:07:32.192380+00:00,66.075,0.0431,0.0,0.15,0.232,-0.0394,7503.8,2,41.4633,142.326,step
2026-08-31T19:07:32.193834+00:00,65.618,0.0431,0.0,0.15,0.2344,-0.0382,7453.17,2,41.3736,142.346,step
2026-08-31T19:07:32.195263+00:00,65.162,0.0431,0.0,0.15,0.2368,-0.037,7402.17,2,41.285,142.366,step
2026-08-31T19:07:32.197002+00:00,64.709,0.0432,0.0,0.15,0.239,-0.0359,7350.9,2,41.1995,142.386,step
2026-08-31T19:07:32.198507+00:00,64.258,0.0433,0.0,0.15,0.2412,-0.0347,7300.01,2,41.1164,142.406,step
2026-08-31T19:07:32.199954+00:00,63.809,0.0435,0.0,0.15,0.2433,-0.0336,7249.37,2,41.0354,142.426,step
2026-08-31T19:07:32.201374+00:00,63.362,0.0437,0.0,0.15,0.2454,-0.0324,7198.99,2,40.9558,142.446,step
2026-08-31T19:07:32.202734+00:00,62.917,0.0442,0.0,0.15,0.2473,-0.031,7148.82,2,40.8801,142.466,step
2026-08-31T19:07:32.204117+00:00,62.473,0.0447,0.0,0.15,0.2492,-0.0296,7099.0,2,40.8085,142.486,step
2026-08-31T19:07:32.205675+00:00,62.03,0.0452,0.0,0.15,0.2509,-0.0282,7049.24,2,40.7419,142.506,step
2026-08-31T19:07:32.207277+00:00,61.589,0.0458,0.0,0.15,0.2526,-0.0269,7000.48,2,40.6798,142.526,step
2026-08-31T19:07:32.208689+00:00,61.147,0.0463,0.0,0.15,0.2542,-0.0256,6951.78,2,40.6219,142.546,step
2026-08-31T19:07:32.210122+00:00,60.709,0.0469,0.0,0.15,0.2557,-0.0243,6902.05,2,40.5705,142.566,step
2026-08-31T19:07:32.211548+00:00,60.273,0.0474,0.0,0.15,0.2572,-0.0231,6852.31,2,40.5252,142.586,step
2026-08-31T19:07:32.213040+00:00,59.839,0.048,0.0,0.15,0.2586,-0.0218,6802.93,2,40.4846,142.606,step
2026-08-31T19:07:32.214671+00:00,59.406,0.0486,0.0,0.15,0.2599,-0.0206,6753.96,2,40.4494,142.626,step
2026-08-31T19:07:32.216044+00:00,58.975,0.0494,0.0,0.15,0.2611,-0.0193,6705.21,2,40.4214,142.646,step
2026-08-31T19:07:32.217486+00:00,58.545,0.0503,0.0,0.15,0.2623,-0.0179,6656.7,2,40.3987,142.666,step
2026-08-31T19:07:32.218860+00:00,58.116,0.0512,0.0,0.15,0.2634,-0.0164,6608.28,2,40.3814,142.686,step
2026-08-31T19:07:32.220220+00:00,57.689,0.0522,0.0,0.15,0.2644,-0.0151,6560.05,2,40.3716,142.706,step
2026-08-31T19:07:32.221648+00:00,57.261,0.0531,0.0,0.15,0.2653,-0.0138,6514.2,2,40.3694,142.726,step
2026-08-31T19:07:32.223253+00:00,56.832,0.054,0.0,0.15,0.2662,-0.0125,6465.99,2,40.3751,142.746,step
2026-08-31T19:07:32.224696+00:00,56.408,0.0548,0.0,0.15,0.267,-0.0112,6417.75,2,40.3917,142.766,step
2026-08-31T19:07:32.226172+00:00,55.986,0.0557,0.0,0.15,0.2677,-0.0101,6369.23,2,40.418,142.786,step
2026-08-31T19:07:32.227570+00:00,55.566,0.0565,0.0,0.15,0.2684,-0.0089,6321.17,2,40.4533,142.806,step
2026-08-31T19:07:32.228959+00:00,55.146,0.0573,0.0,0.15,0.269,-0.0078,6273.37,2,40.4976,142.826,step
2026-08-31T19:07:32.230383+00:00,54.728,0.0583,0.0,0.15,0.2696,-0.0066,6226.0,2,40.548,142.846,step
2026-08-31T19:07:32.231968+00:00,54.311,0.0595,0.0,0.15,0.2701,-0.0052,6178.94,2,40.6046,142.866,step
2026-08-31T19:07:32.233327+00:00,53.895,0.0607,0.0,0.15,0.2706,-0.0039,6131.81,2,40.6723,142.886,step
2026-08-31T19:07:32.234805+00:00,53.48,0.0619,0.0,0.15,0.2709,-0.0026,6084.96,2,40.7518,142.906,step
2026-08-31T19:07:32.236217+00:00,53.065,0.063,0.0,0.15,0.2713,-0.0013,6038.22,2,40.8386,142.926,step
2026-08-31T19:07:32.237624+00:00,52.648,0.0641,0.0,0.15,0.2716,-0.0001,5993.88,2,40.9252,142.946,step
2026-08-31T19:07:32.238989+00:00,52.233,0.0652,0.0,0.15,0.2718,0.001,5946.59,2,41.0153,142.966,step
2026-08-31T19:07:32.240546+00:00,51.822,0.0662,0.0,0.15,0.272,0.0021,5899.44,2,41.1084,142.986,step
2026-08-31T19:07:32.241954+00:00,51.413,0.0673,0.0,0.15,0.2721,0.0032,5852.32,2,41.2031,143.006,step
2026-08-31T19:07:32.243357+00:00,51.005,0.0683,0.15,0.0,0.2722,0.0042,5805.48,2,41.2995,143.026,step
2026-08-31T19:07:32.244712+00:00,51.053,0.0693,0.15,0.0,0.2723,0.0053,5915.28,2,41.3832,143.046,step
2026-08-31T19:07:32.246127+00:00,51.198,0.0708,0.15,0.0,0.2723,0.0067,5931.84,2,41.4432,143.066,step
2026-08-31T19:07:32.247587+00:00,51.344,0.0726,0.0,0.15,0.2722,0.0084,5948.38,2,41.4972,143.086,step
2026-08-31T19:07:32.248959+00:00,51.067,0.0743,0.15,0.0,0.2721,0.01,5814.37,2,41.5618,143.106,step
2026-08-31T19:07:32.250384+00:00,51.097,0.0759,0.15,0.0,0.2719,0.0114,5920.08,2,41.6373,143.126,step
2026-08-31T19:07:32.251738+00:00,51.242,0.0776,0.15,0.0,0.2717,0.013,5937.02,2,41.7035,143.146,step
2026-08-31T19:07:32.253045+00:00,51.388,0.0793,0.0,0.15,0.2714,0.0145,5951.9,2,41.7704,143.166,step
2026-08-31T19:07:32.254374+00:00,51.096,0.0809,0.15,0.0,0.271,0.0158,5820.01,2,41.8561,143.186,step
2026-08-31T19:07:32.255950+00:00,51.14,0.0824,0.15,0.0,0.2706,0.0171,5923.92,2,41.9604,143.206,step
2026-08-31T19:07:32.257379+00:00,51.283,0.084,0.0,0.15,0.2702,0.0183,5940.87,2,42.0549,143.226,step
2026-08-31T19:07:32.258750+00:00,50.992,0.0854,0.15,0.0,0.2697,0.0195,5805.45,2,42.1632,143.246,step
2026-08-31T19:07:32.260176+00:00,51.035,0.0868,0.15,0.0,0.2691,0.0205,5912.73,2,42.2838,143.266,step
2026-08-31T19:07:32.261524+00:00,51.179,0.0885,0.15,0.0,0.2685,0.0219,5929.32,2,42.3915,143.286,step
2026-08-31T19:07:32.262917+00:00,51.322,0.0905,0.0,0.15,0.2678,0.0235,5945.71,2,42.4968,143.306,step
2026-08-31T19:07:32.264303+00:00,51.037,0.0925,0.15,0.0,0.2671,0.0251,5810.45,2,42.6177,143.326,step
2026-08-31T19:07:32.265814+00:00,51.075,0.0944,0.15,0.0,0.2663,0.0265,5917.31,2,42.7543,143.346,step
2026-08-31T19:07:32.267211+00:00,51.217,0.0964,0.15,0.0,0.2655,0.028,5933.77,2,42.8792,143.366,step
2026-08-31T19:07:32.268531+00:00,51.361,0.0984,0.0,0.15,0.2645,0.0295,5947.85,2,43.0023,143.386,step
2026-08-31T19:07:32.269891+00:00,51.063,0.1002,0.15,0.0,0.2636,0.0308,5817.22,2,43.1437,143.406,step
2026-08-31T19:07:32.271305+00:00,51.111,0.102,0.15,0.0,0.2625,0.032,5919.9,2,43.3035,143.426,step
2026-08-31T19:07:32.272954+00:00,51.252,0.1038,0.15,0.0,0.2615,0.0332,5936.73,2,43.4539,143.446,step
2026-08-31T19:07:32.274309+00:00,51.392,0.1056,0.0,0.15,0.2604,0.0344,5953.34,2,43.6058,143.466,step
2026-08-31T19:07:32.275646+00:00,51.102,0.1073,0.15,0.0,0.2592,0.0355,5817.69,2,43.7759,143.486,step
2026-08-31T19:07:32.276958+00:00,51.144,0.109,0.15,0.0,0.258,0.0365,5925.45,2,43.9582,143.506,step
2026-08-31T19:07:32.278209+00:00,51.284,0.1114,0.0,0.15,0.2567,0.0383,5941.72,2,44.1272,143.526,step
2026-08-31T19:07:32.279596+00:00,50.995,0.1138,0.15,0.0,0.2554,0.0399,5805.39,2,44.3102,143.546,step
2026-08-31T19:07:32.281161+00:00,51.037,0.116,0.15,0.0,0.254,0.0414,5912.8,2,44.5094,143.566,step
2026-08-31T19:07:32.282571+00:00,51.176,0.1184,0.15,0.0,0.2525,0.043,5928.93,2,44.6982,143.586,step
2026-08-31T19:07:32.283916+00:00,51.316,0.1208,0.0,0.15,0.251,0.0445,5942.06,2,44.8861,143.606,step
2026-08-31T19:07:32.285273+00:00,51.013,-0.077,0.8,0.0,0.2494,0.0459,5812.42,2,45.0943,143.626,step
2026-08-31T19:07:32.286595+00:00,51.437,-0.0727,0.8,0.0,0.2476,0.0491,6302.06,2,45.0535,143.646,step
2026-08-31T19:07:32.287907+00:00,52.112,0.1355,0.0,0.15,0.2451,0.0559,6415.79,2,44.5603,143.666,step
2026-08-31T19:07:32.289395+00:00,52.03,0.1429,0.0,0.15,0.2423,0.0616,5926.16,2,44.1921,143.686,step
2026-08-31T19:07:32.290796+00:00,51.586,0.1469,0.0,0.15,0.2396,0.0642,5871.72,2,44.2332,143.706,step
2026-08-31T19:07:32.292107+00:00,51.149,0.1493,0.15,0.0,0.2369,0.0652,5819.73,2,44.4754,143.726,step
2026-08-31T19:07:32.293425+00:00,51.189,0.1521,0.15,0.0,0.2344,0.0667,5931.58,2,44.7884,143.746,step
2026-08-31T19:07:32.294745+00:00,51.322,-0.0451,0.8,0.0,0.2318,0.0681,5946.86,2,45.1024,143.766,step
2026-08-31T19:07:32.296008+00:00,51.823,-0.0402,0.8,0.0,0.229,0.0715,6380.17,2,45.1661,143.786,step
2026-08-31T19:07:32.297326+00:00,52.503,0.1684,0.0,0.15,0.2256,0.0782,6510.0,2,44.8225,143.806,step
2026-08-31T19:07:32.298936+00:00,52.453,0.1765,0.0,0.15,0.2218,0.0841,5978.14,2,44.5775,143.826,step
2026-08-31T19:07:32.300226+00:00,51.96,0.1811,0.0,0.15,0.218,0.0867,5921.98,2,44.7253,143.846,step
2026-08-31T19:07:32.301602+00:00,51.513,-0.0165,0.8,0.0,0.2145,0.0873,5867.27,2,45.1328,143.866,step
2026-08-31T19:07:32.302943+00:00,51.955,-0.0122,0.8,0.0,0.2109,0.0897,6399.24,2,45.3114,143.886,step
2026-08-31T19:07:32.304253+00:00,52.647,-0.0039,0.8,0.0,0.2066,0.0957,6502.79,2,45.0486,143.906,step
2026-08-31T19:07:32.305528+00:00,53.359,0.2054,0.0,0.15,0.2018,0.1023,6594.52,2,44.718,143.926,step
2026-08-31T19:07:32.306879+00:00,53.298,0.2126,0.0,0.15,0.1968,0.1068,6070.95,2,44.5769,143.946,step
2026-08-31T19:07:32.308081+00:00,52.845,0.2107,0.0,0.15,0.1922,0.1028,6014.65,2,44.7716,143.966,step
2026-08-31T19:07:32.309326+00:00,52.382,0.0071,0.8,0.0,0.1879,0.0973,5959.03,2,45.1466,143.986,step
2026-08-31T19:07:32.310518+00:00,52.743,0.0044,0.8,0.0,0.1839,0.0928,6575.85,2,45.4026,144.006,step
2026-08-31T19:07:32.311660+00:00,53.432,0.005,0.8,0.0,0.1796,0.0913,6720.59,2,45.2842,144.026,step
2026-08-31T19:07:32.312801+00:00,54.244,0.0069,0.8,0.0,0.1752,0.0909,6651.93,2,45.0303,144.046,step
2026-08-31T19:07:32.313940+00:00,55.037,0.209,0.0,0.15,0.1707,0.0908,6601.43,2,44.7454,144.066,step
2026-08-31T19:07:32.315464+00:00,54.864,0.2096,0.0,0.15,0.1663,0.0893,6259.91,2,44.6197,144.086,step
2026-08-31T19:07:32.316667+00:00,54.38,0.2073,0.0,0.15,0.1624,0.0851,6196.77,2,44.801,144.106,step
2026-08-31T19:07:32.317866+00:00,53.903,0.0028,0.8,0.0,0.159,0.0792,6132.86,2,45.1929,144.126,step
2026-08-31T19:07:32.319088+00:00,54.282,-0.0005,0.8,0.0,0.1557,0.0745,6798.18,2,45.4471,144.146,step
2026-08-31T19:07:32.320344+00:00,54.966,0.0,0.8,0.0,0.1522,0.0733,6995.19,2,45.2889,144.166,step
2026-08-31T19:07:32.321535+00:00,55.702,0.0016,0.8,0.0,0.1486,0.0731,7136.86,2,45.0033,144.186,step
2026-08-31T19:07:32.322951+00:00,56.471,0.2036,0.0,0.15,0.1449,0.0732,7248.61,2,44.6842,144.206,step
2026-08-31T19:07:32.324158+00:00,56.574,0.2041,0.0,0.15,0.1413,0.0719,6437.97,2,44.5125,144.226,step
2026-08-31T19:07:32.325310+00:00,56.098,0.2018,0.0,0.15,0.138,0.0681,6382.17,2,44.629,144.246,step
2026-08-31T19:07:32.326529+00:00,55.587,0.1975,0.0,0.15,0.1352,0.0626,6321.2,2,44.9445,144.266,step
2026-08-31T19:07:32.327717+00:00,55.12,-0.0085,0.8,0.0,0.1329,0.0558,6266.44,2,45.4097,144.286,step
2026-08-31T19:07:32.328925+00:00,55.524,-0.0125,0.8,0.0,0.1307,0.0509,6948.34,2,45.656,144.306,step
2026-08-31T19:07:32.330122+00:00,56.235,-0.0121,0.8,0.0,0.1283,0.05,7116.75,2,45.4428,144.326,step
2026-08-31T19:07:32.331521+00:00,57.001,-0.0105,0.8,0.0,0.1257,0.0504,7221.06,2,45.0916,144.346,step
2026-08-31T19:07:32.332771+00:00,57.796,0.1915,0.0,0.15,0.1231,0.051,7294.22,2,44.7032,144.366,step
2026-08-31T19:07:32.333933+00:00,57.838,0.192,0.0,0.15,0.1205,0.0503,6586.61,2,44.4616,144.386,step
2026-08-31T19:07:32.335086+00:00,57.367,0.1897,0.0,0.15,0.1183,0.047,6527.43,2,44.5033,144.406,step
2026-08-31T19:07:32.336266+00:00,56.868,0.1855,0.0,0.15,0.1164,0.0421,6465.48,2,44.7264,144.426,step
2026-08-31T19:07:32.337406+00:00,56.382,-0.0201,0.8,0.0,0.115,0.036,6415.99,2,45.079,144.446,step
2026-08-31T19:07:32.338674+00:00,56.809,-0.024,0.8,0.0,0.1138,0.0316,7025.22,2,45.2385,144.466,step
2026-08-31T19:07:32.339965+00:00,57.543,0.1763,0.0,0.15,0.1123,0.0312,7155.77,2,44.9696,144.486,step
2026-08-31T19:07:32.341170+00:00,57.489,0.1759,0.0,0.15,0.1108,0.0301,6547.67,2,44.7684,144.506,step
2026-08-31T19:07:32.342326+00:00,57.006,0.1721,0.0,0.15,0.1098,0.026,6486.48,2,44.889,144.526,step
2026-08-31T19:07:32.343493+00:00,56.535,-0.0333,0.8,0.0,0.1091,0.0205,6428.02,2,45.1678,144.546,step
2026-08-31T19:07:32.344605+00:00,56.913,-0.0371,0.8,0.0,0.1086,0.0165,7128.61,2,45.2757,144.566,step
2026-08-31T19:07:32.345740+00:00,57.62,0.1632,0.0,0.15,0.1079,0.0165,7335.66,2,44.9641,144.586,step
2026-08-31T19:07:32.346992+00:00,57.669,0.163,0.0,0.15,0.1072,0.016,6561.32,2,44.6998,144.606,step
2026-08-31T19:07:32.348434+00:00,57.189,0.1596,0.0,0.15,0.1068,0.0125,6505.15,2,44.7432,144.626,step
2026-08-31T19:07:32.349691+00:00,56.713,0.1545,0.0,0.15,0.1068,0.0076,6448.18,2,44.9397,144.646,step
2026-08-31T19:07:32.350916+00:00,56.245,-0.0514,0.8,0.0,0.1071,0.0021,6393.82,2,45.2084,144.666,step
2026-08-31T19:07:32.352112+00:00,56.628,-0.0552,0.8,0.0,0.1075,-0.0014,7087.58,2,45.261,144.686,step
2026-08-31T19:07:32.353264+00:00,57.33,0.1454,0.0,0.15,0.1077,-0.0007,7289.88,2,44.8739,144.706,step
2026-08-31T19:07:32.354527+00:00,57.365,0.1455,0.0,0.15,0.1078,-0.0006,6528.7,2,44.5432,144.726,step
2026-08-31T19:07:32.355778+00:00,56.887,0.1422,0.0,0.15,0.1082,-0.0036,6473.9,2,44.5343,144.746,step
2026-08-31T19:07:32.357257+00:00,56.419,0.1372,0.0,0.15,0.109,-0.008,6417.26,2,44.6692,144.766,step
2026-08-31T19:07:32.358457+00:00,55.96,0.1316,0.0,0.15,0.1101,-0.0128,6362.94,2,44.8584,144.786,step
2026-08-31T19:07:32.359699+00:00,55.507,-0.0742,0.8,0.0,0.1114,-0.0178,6310.87,2,45.0589,144.806,step
2026-08-31T19:07:32.360873+00:00,55.883,-0.0777,0.8,0.0,0.1128,-0.0205,6984.93,2,45.0275,144.826,step
2026-08-31T19:07:32.362066+00:00,56.583,0.1233,0.0,0.15,0.1139,-0.0191,7158.57,2,44.5677,144.846,step
2026-08-31T19:07:32.363297+00:00,56.596,0.1237,0.0,0.15,0.1149,-0.0181,6445.37,2,44.1625,144.866,step
2026-08-31T19:07:32.364682+00:00,56.124,0.1207,0.0,0.15,0.1162,-0.0204,6390.24,2,44.0723,144.886,step
2026-08-31T19:07:32.365983+00:00,55.66,0.1162,0.0,0.15,0.1178,-0.024,6333.01,2,44.1198,144.906,step
2026-08-31T19:07:32.367225+00:00,55.205,0.1111,0.0,0.15,0.1196,-0.028,6278.28,2,44.218,144.926,step
2026-08-31T19:07:32.368516+00:00,54.756,0.1058,0.0,0.15,0.1216,-0.0322,6225.81,2,44.3262,144.946,step
2026-08-31T19:07:32.369749+00:00,54.31,0.1004,0.0,0.15,0.1238,-0.0363,6175.38,2,44.4261,144.966,step
2026-08-31T19:07:32.371009+00:00,53.868,0.0952,0.0,0.15,0.1262,-0.0401,6125.89,2,44.5087,144.986,step
2026-08-31T19:07:32.372620+00:00,53.427,0.0902,0.0,0.15,0.1287,-0.0438,6076.92,2,44.571,145.006,step
2026-08-31T19:07:32.374098+00:00,52.988,0.0853,0.0,0.15,0.1314,-0.0472,6027.87,2,44.6132,145.026,step
2026-08-31T19:07:32.375373+00:00,52.551,0.0806,0.0,0.15,0.1342,-0.0504,5978.99,2,44.6355,145.046,step
2026-08-31T19:07:32.376668+00:00,52.117,0.076,0.0,0.15,0.1371,-0.0534,5930.16,2,44.6402,145.066,step
2026-08-31T19:07:32.377882+00:00,51.684,0.0715,0.0,0.15,0.1401,-0.0562,5881.24,2,44.6271,145.086,step
2026-08-31T19:07:32.379124+00:00,51.251,0.0673,0.15,0.0,0.1432,-0.0588,5832.35,2,44.5974,145.106,step
2026-08-31T19:07:32.380432+00:00,51.273,0.0632,0.0,0.15,0.1464,-0.0612,5942.76,2,44.5415,145.126,step
2026-08-31T19:07:32.382567+00:00,50.964,0.0594,0.15,0.0,0.1497,-0.0633,5802.38,2,44.4635,145.146,step
2026-08-31T19:07:32.383948+00:00,50.982,0.0556,0.15,0.0,0.1531,-0.0653,5908.63,2,44.3735,145.166,step
2026-08-31T19:07:32.385231+00:00,51.105,0.0521,0.15,0.0,0.1565,-0.067,5922.7,2,44.2615,145.186,step
2026-08-31T19:07:32.386549+00:00,51.23,0.0486,0.15,0.0,0.1601,-0.0687,5936.81,2,44.1351,145.206,step
2026-08-31T19:07:32.387892+00:00,51.354,0.0452,0.0,0.15,0.1637,-0.0702,5951.25,2,43.9969,145.226,step
2026-08-31T19:07:32.389506+00:00,51.052,0.0419,0.15,0.0,0.1673,-0.0717,5813.87,2,43.8534,145.246,step
2026-08-31T19:07:32.391048+00:00,51.06,0.0386,0.15,0.0,0.171,-0.0731,5919.65,2,43.7038,145.266,step
2026-08-31T19:07:32.392273+00:00,51.185,0.0354,0.15,0.0,0.1747,-0.0743,5933.65,2,43.5384,145.286,step
2026-08-31T19:07:32.393597+00:00,51.31,0.0323,0.0,0.15,0.1785,-0.0754,5947.61,2,43.3606,145.306,step
2026-08-31T19:07:32.394833+00:00,51.004,0.0293,0.15,0.0,0.1824,-0.0765,5807.49,2,43.1768,145.326,step
2026-08-31T19:07:32.396072+00:00,51.014,0.0264,0.15,0.0,0.1862,-0.0775,5913.34,2,42.987,145.346,step
2026-08-31T19:07:32.397561+00:00,51.139,0.0235,0.15,0.0,0.1901,-0.0784,5927.54,2,42.7826,145.366,step
2026-08-31T19:07:32.399272+00:00,51.264,0.0208,0.0,0.15,0.194,-0.0791,5941.59,2,42.5692,145.386,step
2026-08-31T19:07:32.400553+00:00,50.957,0.0181,0.15,0.0,0.1979,-0.0798,5803.36,2,42.3513,145.406,step
2026-08-31T19:07:32.401843+00:00,50.965,0.0155,0.15,0.0,0.2019,-0.0805,5907.42,2,42.1278,145.426,step
2026-08-31T19:07:32.403097+00:00,51.09,0.0129,0.15,0.0,0.2058,-0.081,5921.76,2,41.8911,145.446,step
2026-08-31T19:07:32.404429+00:00,51.215,0.0105,0.15,0.0,0.2098,-0.0814,5936.13,2,41.6461,145.466,step
2026-08-31T19:07:32.405850+00:00,51.34,0.0081,0.0,0.15,0.2138,-0.0818,5950.53,2,41.3946,145.486,step
2026-08-31T19:07:32.407736+00:00,51.041,0.0058,0.15,0.0,0.2178,-0.0821,5811.96,2,41.1383,145.506,step
2026-08-31T19:07:32.409002+00:00,51.039,0.0036,0.15,0.0,0.2218,-0.0823,5916.76,2,40.8783,145.526,step
2026-08-31T19:07:32.410291+00:00,51.165,0.0014,0.15,0.0,0.2257,-0.0825,5931.11,2,40.6091,145.546,step
2026-08-31T19:07:32.411623+00:00,51.291,-0.0007,0.0,0.15,0.2297,-0.0826,5945.46,2,40.3319,145.566,step
2026-08-31T19:07:32.412892+00:00,50.986,-0.0026,0.15,0.0,0.2337,-0.0826,5805.5,2,40.0493,145.586,step
2026-08-31T19:07:32.414413+00:00,50.987,-0.0046,0.15,0.0,0.2377,-0.0825,5910.62,2,39.7631,145.606,step
2026-08-31T19:07:32.416035+00:00,51.113,-0.0025,0.15,0.0,0.2415,-0.0787,5925.0,2,39.469,145.626,step
2026-08-31T19:07:32.417367+00:00,51.239,-0.0001,0.15,0.0,0.2452,-0.0746,5939.16,2,39.175,145.646,step
2026-08-31T19:07:32.418705+00:00,51.366,0.0024,0.0,0.15,0.2487,-0.0705,5953.43,2,38.8862,145.666,step
2026-08-31T19:07:32.420095+00:00,51.06,0.0049,0.15,0.0,0.252,-0.0665,5814.89,2,38.6042,145.686,step
2026-08-31T19:07:32.421422+00:00,51.062,0.0074,0.15,0.0,0.2551,-0.0626,5920.95,2,38.3308,145.706,step
2026-08-31T19:07:32.422848+00:00,51.188,0.0099,0.15,0.0,0.258,-0.0588,5936.1,2,38.0615,145.726,step
2026-08-31T19:07:32.424163+00:00,51.316,0.0125,0.0,0.15,0.2608,-0.055,5949.23,2,37.7978,145.746,step
2026-08-31T19:07:32.425474+00:00,51.013,0.015,0.15,0.0,0.2634,-0.0513,5808.58,2,37.5413,145.766,step
2026-08-31T19:07:32.426793+00:00,51.017,0.0175,0.15,0.0,0.2659,-0.0477,5913.64,2,37.294,145.786,step
2026-08-31T19:07:32.428129+00:00,51.144,0.02,0.15,0.0,0.2682,-0.0442,5927.69,2,37.0497,145.806,step
2026-08-31T19:07:32.429454+00:00,51.27,0.0225,0.0,0.15,0.2703,-0.0407,5941.65,2,36.8102,145.826,step
2026-08-31T19:07:32.430777+00:00,50.963,0.025,0.15,0.0,0.2723,-0.0374,5804.81,2,36.5796,145.846,step
2026-08-31T19:07:32.432422+00:00,50.972,0.0275,0.15,0.0,0.2742,-0.0341,5907.39,2,36.3575,145.866,step
2026-08-31T19:07:32.433715+00:00,51.098,0.03,0.15,0.0,0.2759,-0.0309,5922.01,2,36.1366,145.886,step
2026-08-31T19:07:32.435075+00:00,51.223,0.0325,0.15,0.0,0.2775,-0.0277,5936.33,2,35.92,145.906,step
2026-08-31T19:07:32.436469+00:00,51.349,0.035,0.0,0.15,0.2789,-0.0246,5950.71,2,35.7077,145.926,step
2026-08-31T19:07:32.437834+00:00,51.045,0.0375,0.15,0.0,0.2802,-0.0216,5812.98,2,35.5038,145.946,step
2026-08-31T19:07:32.439392+00:00,51.053,0.0399,0.15,0.0,0.2814,-0.0187,5917.3,2,35.3085,145.966,step
2026-08-31T19:07:32.441009+00:00,51.179,0.0423,0.15,0.0,0.2824,-0.0159,5931.4,2,35.1147,145.986,step
2026-08-31T19:07:32.442305+00:00,51.305,0.0447,0.0,0.15,0.2834,-0.0131,5945.53,2,34.9242,146.006,step
2026-08-31T19:07:32.443618+00:00,50.997,0.0471,0.15,0.0,0.2842,-0.0104,5807.61,2,34.7429,146.026,step
2026-08-31T19:07:32.444899+00:00,51.011,0.0494,0.15,0.0,0.2849,-0.0079,5911.73,2,34.5701,146.046,step
2026-08-31T19:07:32.446216+00:00,51.136,0.0517,0.15,0.0,0.2855,-0.0053,5926.01,2,34.3963,146.066,step
2026-08-31T19:07:32.447786+00:00,51.261,0.0541,0.15,0.0,0.286,-0.0028,5940.1,2,34.226,146.086,step
2026-08-31T19:07:32.449216+00:00,51.386,0.0564,0.0,0.15,0.2864,-0.0004,5955.07,2,34.0594,146.106,step
2026-08-31T19:07:32.450564+00:00,51.081,0.0587,0.15,0.0,0.2867,0.0019,5816.42,2,33.9012,146.126,step
2026-08-31T19:07:32.451886+00:00,51.094,0.0608,0.15,0.0,0.2869,0.0041,5921.45,2,33.752,146.146,step
2026-08-31T19:07:32.453157+00:00,51.219,0.0631,0.15,0.0,0.287,0.0063,5935.74,2,33.6018,146.166,step
2026-08-31T19:07:32.454526+00:00,51.344,0.0653,0.0,0.15,0.287,0.0084,5949.67,2,33.4536,146.186,step
2026-08-31T19:07:32.456029+00:00,51.036,0.0674,0.15,0.0,0.2869,0.0105,5812.2,2,33.314,146.206,step
2026-08-31T19:07:32.457403+00:00,51.054,0.0695,0.15,0.0,0.2867,0.0124,5916.18,2,33.182,146.226,step
2026-08-31T19:07:32.458769+00:00,51.178,0.0716,0.15,0.0,0.2865,0.0143,5930.56,2,33.0475,146.246,step
2026-08-31T19:07:32.460054+00:00,51.302,0.0738,0.0,0.15,0.2862,0.0162,5944.57,2,32.9159,146.266,step
2026-08-31T19:07:32.461370+00:00,50.996,0.0758,0.15,0.0,0.2858,0.018,5807.41,2,32.7936,146.286,step
2026-08-31T19:07:32.462744+00:00,51.014,0.0777,0.15,0.0,0.2853,0.0196,5911.53,2,32.6792,146.306,step
2026-08-31T19:07:32.464264+00:00,51.138,0.0797,0.15,0.0,0.2848,0.0213,5925.65,2,32.5616,146.326,step
2026-08-31T19:07:32.465598+00:00,51.262,0.0817,0.0,0.15,0.2842,0.0229,5939.74,2,32.4457,146.346,step
2026-08-31T19:07:32.466959+00:00,50.954,0.0836,0.15,0.0,0.2835,0.0244,5802.52,2,32.3389,146.366,step
2026-08-31T19:07:32.468325+00:00,50.975,0.0854,0.15,0.0,0.2828,0.0258,5906.52,2,32.2404,146.386,step
2026-08-31T19:07:32.469642+00:00,51.098,0.0872,0.15,0.0,0.282,0.0272,5920.81,2,32.1369,146.406,step
2026-08-31T19:07:32.470983+00:00,51.222,0.0891,0.15,0.0,0.2812,0.0286,5934.74,2,32.0342,146.426,step
2026-08-31T19:07:32.472451+00:00,51.346,0.091,0.0,0.15,0.2803,0.0299,5948.74,2,31.9337,146.446,step
2026-08-31T19:07:32.473782+00:00,51.039,0.0927,0.15,0.0,0.2793,0.0311,5812.3,2,31.8432,146.466,step
2026-08-31T19:07:32.475073+00:00,51.06,0.0943,0.15,0.0,0.2783,0.0322,5917.32,2,31.7612,146.486,step
2026-08-31T19:07:32.476326+00:00,51.183,0.096,0.15,0.0,0.2773,0.0334,5930.97,2,31.6747,146.506,step
2026-08-31T19:07:32.477567+00:00,51.307,0.0977,0.0,0.15,0.2762,0.0345,5944.84,2,31.5884,146.526,step
2026-08-31T19:07:32.478804+00:00,50.999,0.0993,0.15,0.0,0.2751,0.0355,5807.29,2,31.5119,146.546,step
2026-08-31T19:07:32.480088+00:00,51.023,0.1008,0.15,0.0,0.2739,0.0363,5911.75,2,31.4427,146.566,step
2026-08-31T19:07:32.481494+00:00,51.146,0.1023,0.15,0.0,0.2727,0.0373,5925.88,2,31.368,146.586,step
2026-08-31T19:07:32.482752+00:00,51.269,0.1039,0.0,0.15,0.2715,0.0382,5939.83,2,31.2933,146.606,step
2026-08-31T19:07:32.484039+00:00,50.96,0.1054,0.15,0.0,0.2703,0.039,5803.37,2,31.228,146.626,step
2026-08-31T19:07:32.485307+00:00,50.985,0.1067,0.15,0.0,0.269,0.0397,5907.29,2,31.1699,146.646,step
2026-08-31T19:07:32.486584+00:00,51.108,0.1082,0.15,0.0,0.2677,0.0404,5921.33,2,31.106,146.666,step
2026-08-31T19:07:32.487979+00:00,51.23,0.1096,0.15,0.0,0.2663,0.0412,5935.33,2,31.0418,146.686,step
2026-08-31T19:07:32.489429+00:00,51.353,0.1111,0.0,0.15,0.265,0.0419,5949.36,2,30.979,146.706,step
2026-08-31T19:07:32.490790+00:00,51.047,0.1124,0.15,0.0,0.2636,0.0425,5812.81,2,30.9259,146.726,step
2026-08-31T19:07:32.492082+00:00,51.071,0.1136,0.15,0.0,0.2621,0.043,5916.86,2,30.8804,146.746,step
2026-08-31T19:07:32.493382+00:00,51.193,0.1149,0.15,0.0,0.2607,0.0435,5931.04,2,30.8293,146.766,step
2026-08-31T19:07:32.494601+00:00,51.316,0.1161,0.0,0.15,0.2593,0.0441,5944.93,2,30.7783,146.786,step
2026-08-31T19:07:32.495938+00:00,51.007,0.1173,0.15,0.0,0.2578,0.0444,5808.08,2,30.7367,146.806,step
2026-08-31T19:07:32.497402+00:00,51.035,0.1183,0.15,0.0,0.2563,0.0447,5912.36,2,30.7023,146.826,step
2026-08-31T19:07:32.498853+00:00,51.157,0.1194,0.15,0.0,0.2548,0.0451,5926.42,2,30.6604,146.846,step
2026-08-31T19:07:32.500140+00:00,51.279,0.1206,0.0,0.15,0.2533,0.0455,5940.38,2,30.6174,146.866,step
2026-08-31T19:07:32.501426+00:00,50.971,0.1216,0.15,0.0,0.2518,0.0457,5803.21,2,30.5848,146.886,step
2026-08-31T19:07:32.502656+00:00,50.999,0.1225,0.15,0.0,0.2503,0.0458,5908.65,2,30.5604,146.906,step
2026-08-31T19:07:32.503900+00:00,51.121,0.1235,0.15,0.0,0.2488,0.0461,5922.6,2,30.5272,146.926,step
2026-08-31T19:07:32.505194+00:00,51.243,0.1245,0.15,0.0,0.2473,0.0464,5936.26,2,30.4919,146.946,step
2026-08-31T19:07:32.506655+00:00,51.365,0.1255,0.0,0.15,0.2458,0.0466,5950.1,2,30.4579,146.966,step
2026-08-31T19:07:32.507952+00:00,51.058,0.1264,0.15,0.0,0.2443,0.0467,5814.33,2,30.4345,146.986,step
2026-08-31T19:07:32.509223+00:00,51.086,0.1272,0.15,0.0,0.2427,0.0467,5918.06,2,30.4179,147.006,step
2026-08-31T19:07:32.510497+00:00,51.208,0.128,0.15,0.0,0.2412,0.0468,5932.18,2,30.3931,147.026,step
2026-08-31T19:07:32.511796+00:00,51.329,0.1289,0.0,0.15,0.2397,0.047,5946.22,2,30.3674,147.046,step
2026-08-31T19:07:32.513069+00:00,51.022,0.1297,0.15,0.0,0.2382,0.0469,5809.58,2,30.3516,147.066,step
2026-08-31T19:07:32.514600+00:00,51.051,0.1303,0.15,0.0,0.2367,0.0468,5914.0,2,30.3433,147.086,step
2026-08-31T19:07:32.516014+00:00,51.172,0.1311,0.15,0.0,0.2352,0.0468,5928.17,2,30.326,147.106,step
2026-08-31T19:07:32.517306+00:00,51.294,0.1318,0.0,0.15,0.2337,0.0469,5941.91,2,30.3069,147.126,step
2026-08-31T19:07:32.518686+00:00,50.985,0.1325,0.15,0.0,0.2322,0.0467,5805.57,2,30.2979,147.146,step
2026-08-31T19:07:32.520052+00:00,51.016,0.133,0.15,0.0,0.2307,0.0465,5909.54,2,30.2956,147.166,step
2026-08-31T19:07:32.521390+00:00,51.138,0.1336,0.15,0.0,0.2292,0.0464,5923.87,2,30.2843,147.186,step
2026-08-31T19:07:32.522914+00:00,51.259,0.1343,0.15,0.0,0.2277,0.0464,5937.68,2,30.2719,147.206,step
2026-08-31T19:07:32.524402+00:00,51.381,0.135,0.0,0.15,0.2263,0.0463,5951.5,2,30.2588,147.226,step
2026-08-31T19:07:32.525716+00:00,51.074,0.1355,0.15,0.0,0.2248,0.0461,5815.64,2,30.2559,147.246,step
2026-08-31T19:07:32.526979+00:00,51.103,0.1358,0.15,0.0,0.2234,0.0458,5920.58,2,30.2603,147.266,step
2026-08-31T19:07:32.528189+00:00,51.225,0.1364,0.15,0.0,0.222,0.0456,5934.49,2,30.2562,147.286,step
2026-08-31T19:07:32.529530+00:00,51.347,0.1369,0.0,0.15,0.2206,0.0454,5948.08,2,30.2499,147.306,step
2026-08-31T19:07:32.531013+00:00,51.039,0.1373,0.15,0.0,0.2192,0.0451,5811.39,2,30.2534,147.326,step
2026-08-31T19:07:32.532346+00:00,51.071,0.1376,0.15,0.0,0.2178,0.0447,5915.84,2,30.2637,147.346,step
2026-08-31T19:07:32.533580+00:00,51.192,0.138,0.15,0.0,0.2164,0.0445,5930.02,2,30.2646,147.366,step
2026-08-31T19:07:32.534864+00:00,51.313,0.1385,0.0,0.15,0.2151,0.0443,5943.82,2,30.2632,147.386,step
2026-08-31T19:07:32.536159+00:00,51.005,0.1388,0.15,0.0,0.2138,0.0439,5807.84,2,30.2708,147.406,step
2026-08-31T19:07:32.537472+00:00,51.037,0.139,0.15,0.0,0.2124,0.0435,5911.83,2,30.2854,147.426,step
2026-08-31T19:07:32.538810+00:00,51.158,0.1393,0.15,0.0,0.2112,0.0432,5926.11,2,30.29,147.446,step
2026-08-31T19:07:32.540338+00:00,51.28,0.1397,0.0,0.15,0.2099,0.043,5939.94,2,30.2913,147.466,step
2026-08-31T19:07:32.541654+00:00,50.973,0.1399,0.15,0.0,0.2086,0.0426,5804.12,2,30.3025,147.486,step
2026-08-31T19:07:32.542936+00:00,51.005,0.1401,0.15,0.0,0.2074,0.0421,5908.09,2,30.3208,147.506,step
2026-08-31T19:07:32.544203+00:00,51.126,0.1403,0.15,0.0,0.2062,0.0418,5922.28,2,30.3286,147.526,step
2026-08-31T19:07:32.545470+00:00,51.248,0.1406,0.15,0.0,0.205,0.0415,5936.25,2,30.3337,147.546,step
2026-08-31T19:07:32.546792+00:00,51.37,0.141,0.0,0.15,0.2038,0.0412,5950.09,2,30.3386,147.566,step
2026-08-31T19:07:32.548165+00:00,51.062,0.1411,0.15,0.0,0.2026,0.0408,5814.19,2,30.3541,147.586,step
2026-08-31T19:07:32.549439+00:00,51.094,0.1411,0.15,0.0,0.2015,0.0403,5918.43,2,30.3765,147.606,step
2026-08-31T19:07:32.550720+00:00,51.216,0.1413,0.15,0.0,0.2004,0.0399,5932.66,2,30.3884,147.626,step
2026-08-31T19:07:32.551944+00:00,51.338,0.1415,0.0,0.15,0.1993,0.0396,5946.84,2,30.3974,147.646,step
2026-08-31T19:07:32.553198+00:00,51.03,0.1416,0.15,0.0,0.1982,0.0391,5809.49,2,30.4159,147.666,step
2026-08-31T19:07:32.554470+00:00,51.063,0.1415,0.15,0.0,0.1971,0.0386,5915.08,2,30.4424,147.686,step
2026-08-31T19:07:32.555915+00:00,51.185,0.1416,0.15,0.0,0.1961,0.0381,5929.17,2,30.4585,147.706,step
2026-08-31T19:07:32.557243+00:00,51.307,0.1417,0.0,0.15,0.1951,0.0378,5943.03,2,30.4714,147.726,step
2026-08-31T19:07:32.558545+00:00,50.999,0.1417,0.15,0.0,0.1941,0.0373,5807.06,2,30.4934,147.746,step
2026-08-31T19:07:32.559817+00:00,51.032,0.1416,0.15,0.0,0.1931,0.0367,5911.19,2,30.5216,147.766,step
2026-08-31T19:07:32.561075+00:00,51.154,0.1417,0.15,0.0,0.1922,0.0363,5925.41,2,30.5387,147.786,step
2026-08-31T19:07:32.562359+00:00,51.276,0.1418,0.0,0.15,0.1912,0.036,5939.31,2,30.5528,147.806,step
2026-08-31T19:07:32.563674+00:00,50.969,0.1417,0.15,0.0,0.1903,0.0355,5803.58,2,30.5763,147.826,step
2026-08-31T19:07:32.565355+00:00,51.002,0.1416,0.15,0.0,0.1895,0.0349,5907.72,2,30.6058,147.846,step
2026-08-31T19:07:32.566742+00:00,51.124,0.1416,0.15,0.0,0.1886,0.0345,5922.06,2,30.6241,147.866,step
2026-08-31T19:07:32.568071+00:00,51.246,0.1416,0.15,0.0,0.1878,0.0342,5936.05,2,30.6394,147.886,step
2026-08-31T19:07:32.569323+00:00,51.369,0.1417,0.0,0.15,0.187,0.0339,5950.07,2,30.6535,147.906,step
2026-08-31T19:07:32.570660+00:00,51.063,0.1416,0.15,0.0,0.1862,0.0334,5814.25,2,30.6777,147.926,step
2026-08-31T19:07:32.572015+00:00,51.095,0.1414,0.15,0.0,0.1854,0.0328,5918.61,2,30.7089,147.946,step
2026-08-31T19:07:32.573471+00:00,51.217,0.1414,0.15,0.0,0.1846,0.0324,5932.96,2,30.7283,147.966,step
2026-08-31T19:07:32.574776+00:00,51.34,0.1414,0.0,0.15,0.1839,0.0321,5946.91,2,30.7441,147.986,step
2026-08-31T19:07:32.576070+00:00,51.032,0.1412,0.15,0.0,0.1832,0.0316,5810.59,2,30.7694,148.006,step
2026-08-31T19:07:32.577326+00:00,51.066,0.141,0.15,0.0,0.1825,0.031,5915.27,2,30.8012,148.026,step
2026-08-31T19:07:32.578573+00:00,51.188,0.1409,0.15,0.0,0.1818,0.0306,5930.3,2,30.822,148.046,step
2026-08-31T19:07:32.579841+00:00,51.312,0.1409,0.0,0.15,0.1812,0.0303,5943.95,2,30.8399,148.066,step
2026-08-31T19:07:32.581440+00:00,51.005,0.1407,0.15,0.0,0.1805,0.0298,5807.14,2,30.867,148.086,step
2026-08-31T19:07:32.582747+00:00,51.039,0.1404,0.15,0.0,0.1799,0.0292,5912.09,2,30.9002,148.106,step
2026-08-31T19:07:32.584031+00:00,51.161,0.1403,0.15,0.0,0.1794,0.0288,5926.52,2,30.9208,148.126,step
2026-08-31T19:07:32.585308+00:00,51.284,0.1403,0.0,0.15,0.1788,0.0285,5940.53,2,30.9374,148.146,step
2026-08-31T19:07:32.586530+00:00,50.978,0.1401,0.15,0.0,0.1782,0.0281,5804.68,2,30.9634,148.166,step
2026-08-31T19:07:32.587736+00:00,51.011,0.1398,0.15,0.0,0.1777,0.0276,5908.68,2,30.9955,148.186,step
2026-08-31T19:07:32.589078+00:00,51.134,0.1397,0.15,0.0,0.1772,0.0272,5923.26,2,31.0162,148.206,step
2026-08-31T19:07:32.590614+00:00,51.257,0.1396,0.15,0.0,0.1767,0.0269,5937.27,2,31.034,148.226,step
2026-08-31T19:07:32.591994+00:00,51.38,0.1395,0.0,0.15,0.1762,0.0266,5951.39,2,31.0503,148.246,step
2026-08-31T19:07:32.593370+00:00,51.075,0.1393,0.15,0.0,0.1758,0.0262,5815.75,2,31.0762,148.266,step
2026-08-31T19:07:32.594766+00:00,51.107,0.139,0.15,0.0,0.1753,0.0257,5920.25,2,31.1078,148.286,step
2026-08-31T19:07:32.596160+00:00,51.23,0.1389,0.15,0.0,0.1749,0.0253,5934.76,2,31.128,148.306,step
2026-08-31T19:07:32.597706+00:00,51.354,0.1388,0.0,0.15,0.1745,0.0251,5948.88,2,31.1452,148.326,step
2026-08-31T19:07:32.599068+00:00,51.047,0.1385,0.15,0.0,0.1741,0.0246,5812.26,2,31.1722,148.346,step
2026-08-31T19:07:32.600318+00:00,51.081,0.1382,0.15,0.0,0.1738,0.0241,5917.46,2,31.2058,148.366,step
2026-08-31T19:07:32.601618+00:00,51.205,0.138,0.15,0.0,0.1734,0.0238,5931.83,2,31.227,148.386,step
2026-08-31T19:07:32.602865+00:00,51.328,0.1379,0.0,0.15,0.1731,0.0235,5945.94,2,31.2442,148.406,step
2026-08-31T19:07:32.604225+00:00,51.021,0.1376,0.15,0.0,0.1728,0.0231,5809.68,2,31.2708,148.426,step
2026-08-31T19:07:32.605680+00:00,51.056,0.1372,0.15,0.0,0.1725,0.0226,5914.89,2,31.3039,148.446,step
2026-08-31T19:07:32.607135+00:00,51.18,0.137,0.15,0.0,0.1722,0.0223,5929.33,2,31.3243,148.466,step
2026-08-31T19:07:32.608433+00:00,51.304,0.1369,0.0,0.15,0.1719,0.022,5943.38,2,31.3406,148.486,step
2026-08-31T19:07:32.609739+00:00,50.998,0.1366,0.15,0.0,0.1717,0.0216,5806.89,2,31.3659,148.506,step
2026-08-31T19:07:32.611036+00:00,51.032,0.1363,0.15,0.0,0.1715,0.0212,5911.7,2,31.3972,148.526,step
2026-08-31T19:07:32.612331+00:00,51.156,0.1361,0.15,0.0,0.1713,0.0209,5926.26,2,31.4158,148.546,step
2026-08-31T19:07:32.613552+00:00,51.28,0.136,0.0,0.15,0.1711,0.0207,5940.37,2,31.4307,148.566,step
2026-08-31T19:07:32.615059+00:00,50.974,0.1357,0.15,0.0,0.1709,0.0204,5804.29,2,31.4548,148.586,step
2026-08-31T19:07:32.616319+00:00,51.008,0.1354,0.15,0.0,0.1707,0.0199,5908.74,2,31.485,148.606,step
2026-08-31T19:07:32.617609+00:00,51.132,0.1352,0.15,0.0,0.1705,0.0197,5923.5,2,31.5025,148.626,step
2026-08-31T19:07:32.618881+00:00,51.256,0.1351,0.15,0.0,0.1704,0.0195,5937.76,2,31.5158,148.646,step
2026-08-31T19:07:32.620142+00:00,51.38,0.135,0.0,0.15,0.1703,0.0194,5952.01,2,31.5276,148.666,step
2026-08-31T19:07:32.621462+00:00,51.076,0.1348,0.15,0.0,0.1701,0.0191,5815.83,2,31.5493,148.686,step
2026-08-31T19:07:32.622936+00:00,51.109,0.1344,0.15,0.0,0.17,0.0187,5921.04,2,31.5775,148.706,step
2026-08-31T19:07:32.624306+00:00,51.233,0.1343,0.15,0.0,0.1699,0.0185,5935.75,2,31.5939,148.726,step
2026-08-31T19:07:32.625606+00:00,51.357,0.1341,0.0,0.15,0.1698,0.0183,5949.82,2,31.6068,148.746,step
2026-08-31T19:07:32.626877+00:00,51.051,0.1338,0.15,0.0,0.1697,0.018,5813.01,2,31.629,148.766,step
2026-08-31T19:07:32.628138+00:00,51.086,0.1335,0.15,0.0,0.1697,0.0176,5918.76,2,31.6575,148.786,step
2026-08-31T19:07:32.629420+00:00,51.211,0.1333,0.15,0.0,0.1696,0.0174,5933.31,2,31.6734,148.806,step
2026-08-31T19:07:32.630855+00:00,51.335,0.1332,0.0,0.15,0.1696,0.0173,5947.81,2,31.6854,148.826,step
2026-08-31T19:07:32.632188+00:00,51.031,0.1329,0.15,0.0,0.1695,0.017,5809.83,2,31.7068,148.846,step
2026-08-31T19:07:32.633450+00:00,51.065,0.1325,0.15,0.0,0.1695,0.0166,5916.34,2,31.734,148.866,step
2026-08-31T19:07:32.634712+00:00,51.189,0.1323,0.15,0.0,0.1695,0.0165,5930.89,2,31.7495,148.886,step
2026-08-31T19:07:32.635927+00:00,51.314,0.1322,0.0,0.15,0.1695,0.0163,5945.09,2,31.7606,148.906,step
2026-08-31T19:07:32.637167+00:00,51.009,0.132,0.15,0.0,0.1695,0.0161,5808.64,2,31.7802,148.926,step
2026-08-31T19:07:32.638469+00:00,51.044,0.1316,0.15,0.0,0.1695,0.0158,5913.67,2,31.8052,148.946,step
2026-08-31T19:07:32.639976+00:00,51.168,0.1314,0.15,0.0,0.1696,0.0156,5928.31,2,31.8187,148.966,step
2026-08-31T19:07:32.641241+00:00,51.293,0.1313,0.0,0.15,0.1696,0.0155,5942.49,2,31.8282,148.986,step
2026-08-31T19:07:32.642547+00:00,50.989,0.1311,0.15,0.0,0.1696,0.0153,5806.07,2,31.8462,149.006,step
2026-08-31T19:07:32.643844+00:00,51.023,0.1308,0.15,0.0,0.1697,0.015,5911.39,2,31.8695,149.026,step
2026-08-31T19:07:32.645138+00:00,51.148,0.1306,0.15,0.0,0.1698,0.0149,5926.11,2,31.8812,149.046,step
2026-08-31T19:07:32.646491+00:00,51.273,0.1305,0.0,0.15,0.1698,0.0148,5940.53,2,31.8901,149.066,step
2026-08-31T19:07:32.648084+00:00,50.968,0.1303,0.15,0.0,0.1699,0.0146,5803.62,2,31.9084,149.086,step
2026-08-31T19:07:32.649443+00:00,51.003,0.1299,0.15,0.0,0.17,0.0144,5909.68,2,31.9314,149.106,step
2026-08-31T19:07:32.650716+00:00,51.128,0.1298,0.15,0.0,0.1701,0.0143,5924.26,2,31.9423,149.126,step
2026-08-31T19:07:32.651973+00:00,51.253,0.1297,0.15,0.0,0.1702,0.0142,5938.59,2,31.9502,149.146,step
2026-08-31T19:07:32.653238+00:00,51.379,0.1296,0.0,0.15,0.1703,0.0142,5953.01,2,31.9568,149.166,step
2026-08-31T19:07:32.654531+00:00,51.075,0.1293,0.15,0.0,0.1704,0.014,5816.17,2,31.9732,149.186,step
2026-08-31T19:07:32.656133+00:00,51.109,0.129,0.15,0.0,0.1705,0.0137,5922.36,2,31.9941,149.206,step
2026-08-31T19:07:32.657372+00:00,51.234,0.1289,0.15,0.0,0.1706,0.0136,5937.2,2,32.0037,149.226,step
2026-08-31T19:07:32.658614+00:00,51.36,0.1288,0.0,0.15,0.1707,0.0136,5951.5,2,32.0104,149.246,step
2026-08-31T19:07:32.659908+00:00,51.056,0.1285,0.15,0.0,0.1709,0.0134,5813.44,2,32.0264,149.266,step
2026-08-31T19:07:32.661174+00:00,51.091,0.1282,0.15,0.0,0.171,0.0132,5920.15,2,32.0476,149.286,step
2026-08-31T19:07:32.662410+00:00,51.217,0.1281,0.15,0.0,0.1711,0.0131,5934.85,2,32.0564,149.306,step
2026-08-31T19:07:32.663905+00:00,51.343,0.128,0.0,0.15,0.1713,0.0131,5949.06,2,32.0613,149.326,step
2026-08-31T19:07:32.665221+00:00,51.038,0.1278,0.15,0.0,0.1714,0.013,5812.0,2,32.075,149.346,step
2026-08-31T19:07:32.666514+00:00,51.073,0.1275,0.15,0.0,0.1716,0.0128,5917.85,2,32.0941,149.366,step
2026-08-31T19:07:32.667826+00:00,51.198,0.1274,0.15,0.0,0.1717,0.0127,5932.56,2,32.1006,149.386,step
2026-08-31T19:07:32.669117+00:00,51.324,0.1273,0.0,0.15,0.1719,0.0128,5947.0,2,32.1032,149.406,step
2026-08-31T19:07:32.670397+00:00,51.022,0.1271,0.15,0.0,0.172,0.0127,5809.91,2,32.1145,149.426,step
2026-08-31T19:07:32.671743+00:00,51.055,0.1269,0.15,0.0,0.1722,0.0125,5916.38,2,32.1309,149.446,step
2026-08-31T19:07:32.673293+00:00,51.181,0.1268,0.15,0.0,0.1724,0.0125,5931.15,2,32.1366,149.466,step
2026-08-31T19:07:32.674601+00:00,51.307,0.1267,0.0,0.15,0.1725,0.0125,5945.56,2,32.1394,149.486,step
2026-08-31T19:07:32.675955+00:00,51.002,0.1265,0.15,0.0,0.1727,0.0124,5807.89,2,32.1516,149.506,step
2026-08-31T19:07:32.677234+00:00,51.038,0.1263,0.15,0.0,0.1729,0.0122,5914.86,2,32.169,149.526,step
2026-08-31T19:07:32.678458+00:00,51.164,0.1262,0.15,0.0,0.1731,0.0122,5929.55,2,32.1744,149.546,step
2026-08-31T19:07:32.679857+00:00,51.29,0.1261,0.0,0.15,0.1732,0.0122,5944.02,2,32.1759,149.566,step
2026-08-31T19:07:32.681359+00:00,50.986,0.1259,0.15,0.0,0.1734,0.0121,5806.23,2,32.1867,149.586,step
2026-08-31T19:07:32.682609+00:00,51.022,0.1257,0.15,0.0,0.1736,0.012,5913.52,2,32.2023,149.606,step
2026-08-31T19:07:32.683849+00:00,51.148,0.1255,0.15,0.0,0.1738,0.012,5928.17,2,32.2074,149.626,step
2026-08-31T19:07:32.685100+00:00,51.275,0.1255,0.0,0.15,0.174,0.012,5942.52,2,32.2096,149.646,step
2026-08-31T19:07:32.686347+00:00,50.972,0.1253,0.15,0.0,0.1742,0.0119,5804.29,2,32.2194,149.666,step
2026-08-31T19:07:32.687649+00:00,51.007,0.1251,0.15,0.0,0.1744,0.0118,5911.47,2,32.233,149.686,step
2026-08-31T19:07:32.689080+00:00,51.133,0.125,0.15,0.0,0.1745,0.0118,5926.17,2,32.2355,149.706,step
2026-08-31T19:07:32.690441+00:00,51.26,0.125,0.15,0.0,0.1747,0.0119,5940.52,2,32.2351,149.726,step
2026-08-31T19:07:32.691697+00:00,51.387,0.125,0.0,0.15,0.1749,0.012,5954.88,2,32.2332,149.746,step
2026-08-31T19:07:32.693050+00:00,51.084,0.1248,0.15,0.0,0.1751,0.0119,5817.58,2,32.2409,149.766,step
2026-08-31T19:07:32.694360+00:00,51.118,0.1246,0.15,0.0,0.1753,0.0118,5924.15,2,32.2538,149.786,step
2026-08-31T19:07:32.695736+00:00,51.245,0.1246,0.15,0.0,0.1755,0.0119,5939.02,2,32.2551,149.806,step
2026-08-31T19:07:32.697050+00:00,51.372,0.1246,0.0,0.15,0.1757,0.012,5953.65,2,32.2532,149.826,step
2026-08-31T19:07:32.698511+00:00,51.071,0.1244,0.15,0.0,0.1759,0.0119,5815.26,2,32.2606,149.846,step
2026-08-31T19:07:32.699815+00:00,51.104,0.1243,0.15,0.0,0.1761,0.0118,5923.21,2,32.2723,149.866,step
2026-08-31T19:07:32.701136+00:00,51.231,0.1242,0.15,0.0,0.1762,0.0119,5937.88,2,32.273,149.886,step
2026-08-31T19:07:32.702411+00:00,51.358,0.1242,0.0,0.15,0.1764,0.012,5952.35,2,32.2709,149.906,step
2026-08-31T19:07:32.703691+00:00,51.054,0.1241,0.15,0.0,0.1766,0.0119,5813.97,2,32.2781,149.926,step
2026-08-31T19:07:32.705007+00:00,51.092,0.1239,0.15,0.0,0.1768,0.0118,5921.74,2,32.29,149.946,step
2026-08-31T19:07:32.706419+00:00,51.219,0.1239,0.15,0.0,0.177,0.0119,5936.47,2,32.2911,149.966,step
2026-08-31T19:07:32.707769+00:00,51.347,0.1239,0.0,0.15,0.1772,0.012,5951.05,2,32.2894,149.986,step
2026-08-31T19:07:32.709090+00:00,51.046,0.1237,0.15,0.0,0.1774,0.012,5809.66,2,32.297,150.006,step
2026-08-31T19:07:32.710380+00:00,51.081,0.1235,0.15,0.0,0.1775,0.0118,5921.77,2,32.3099,150.026,step
2026-08-31T19:07:32.711654+00:00,51.209,0.1235,0.15,0.0,0.1777,0.0119,5936.16,2,32.3119,150.046,step
2026-08-31T19:07:32.713007+00:00,51.337,0.1235,0.0,0.15,0.1779,0.012,5950.39,2,32.3094,150.066,step
2026-08-31T19:07:32.714516+00:00,51.035,0.1234,0.15,0.0,0.1781,0.012,5811.99,2,32.3156,150.086,step
2026-08-31T19:07:32.715810+00:00,51.072,0.1232,0.15,0.0,0.1783,0.0119,5919.25,2,32.3256,150.106,step
2026-08-31T19:07:32.717065+00:00,51.2,0.1233,0.15,0.0,0.1784,0.012,5934.08,2,32.3242,150.126,step
2026-08-31T19:07:32.718351+00:00,51.328,0.1233,0.0,0.15,0.1786,0.0121,5948.61,2,32.32,150.146,step
2026-08-31T19:07:32.719570+00:00,51.025,0.1232,0.15,0.0,0.1788,0.0121,5810.87,2,32.3249,150.166,step
2026-08-31T19:07:32.720888+00:00,51.061,0.1231,0.15,0.0,0.179,0.0121,5918.16,2,32.3345,150.186,step
2026-08-31T19:07:32.722271+00:00,51.19,0.1231,0.15,0.0,0.1791,0.0122,5933.0,2,32.3325,150.206,step
2026-08-31T19:07:32.723869+00:00,51.318,0.1232,0.0,0.15,0.1793,0.0123,5947.81,2,32.3265,150.226,step
2026-08-31T19:07:32.725184+00:00,51.021,0.1231,0.15,0.0,0.1795,0.0124,5809.62,2,32.3294,150.246,step
2026-08-31T19:07:32.726583+00:00,51.053,0.123,0.15,0.0,0.1796,0.0123,5917.43,2,32.3374,150.266,step
2026-08-31T19:07:32.727969+00:00,51.182,0.123,0.15,0.0,0.1798,0.0124,5932.32,2,32.3356,150.286,step
2026-08-31T19:07:32.729306+00:00,51.311,0.1231,0.0,0.15,0.1799,0.0126,5946.95,2,32.3314,150.306,step
2026-08-31T19:07:32.730676+00:00,51.008,0.123,0.15,0.0,0.1801,0.0126,5808.72,2,32.3366,150.326,step
2026-08-31T19:07:32.732123+00:00,51.047,0.1229,0.15,0.0,0.1802,0.0125,5916.39,2,32.3468,150.346,step
2026-08-31T19:07:32.733414+00:00,51.176,0.1228,0.15,0.0,0.1804,0.0125,5931.39,2,32.3464,150.366,step
2026-08-31T19:07:32.734726+00:00,51.306,0.1229,0.0,0.15,0.1805,0.0126,5946.13,2,32.343,150.386,step
2026-08-31T19:07:32.736015+00:00,51.008,0.1228,0.15,0.0,0.1807,0.0126,5803.3,2,32.3489,150.406,step
2026-08-31T19:07:32.737248+00:00,51.043,0.1226,0.15,0.0,0.1808,0.0125,5918.23,2,32.3608,150.426,step
2026-08-31T19:07:32.738521+00:00,51.173,0.1226,0.15,0.0,0.181,0.0126,5932.37,2,32.3619,150.446,step
2026-08-31T19:07:32.739877+00:00,51.303,0.1226,0.0,0.15,0.1811,0.0127,5946.62,2,32.3593,150.466,step
2026-08-31T19:07:32.741137+00:00,51.004,0.1225,0.15,0.0,0.1812,0.0127,5808.25,2,32.3647,150.486,step
2026-08-31T19:07:32.742374+00:00,51.042,0.1224,0.15,0.0,0.1814,0.0126,5915.59,2,32.3743,150.506,step
2026-08-31T19:07:32.743585+00:00,51.171,0.1224,0.15,0.0,0.1815,0.0127,5930.57,2,32.3719,150.526,step
2026-08-31T19:07:32.744817+00:00,51.301,0.1225,0.0,0.15,0.1817,0.0128,5945.31,2,32.3659,150.546,step
2026-08-31T19:07:32.746165+00:00,51.0,0.1224,0.15,0.0,0.1818,0.0129,5808.19,2,32.3701,150.566,step
2026-08-31T19:07:32.747659+00:00,51.038,0.1223,0.15,0.0,0.1819,0.0128,5915.24,2,32.3786,150.586,step
2026-08-31T19:07:32.749031+00:00,51.168,0.1224,0.15,0.0,0.1821,0.0129,5930.38,2,32.3754,150.606,step
2026-08-31T19:07:32.750341+00:00,51.298,0.1225,0.0,0.15,0.1822,0.0131,5945.32,2,32.3684,150.626,step
2026-08-31T19:07:32.751698+00:00,51.002,0.1225,0.15,0.0,0.1823,0.0131,5807.43,2,32.37,150.646,step
2026-08-31T19:07:32.753038+00:00,51.036,0.1224,0.15,0.0,0.1824,0.0131,5915.39,2,32.3767,150.666,step
2026-08-31T19:07:32.754398+00:00,51.167,0.1224,0.15,0.0,0.1825,0.0132,5930.44,2,32.3731,150.686,step
2026-08-31T19:07:32.755696+00:00,51.297,0.1225,0.0,0.15,0.1827,0.0133,5945.3,2,32.3672,150.706,step
2026-08-31T19:07:32.757270+00:00,50.997,0.1225,0.15,0.0,0.1828,0.0133,5807.3,2,32.3716,150.726,step
2026-08-31T19:07:32.758536+00:00,51.036,0.1223,0.15,0.0,0.1829,0.0133,5915.07,2,32.3807,150.746,step
2026-08-31T19:07:32.759840+00:00,51.167,0.1224,0.15,0.0,0.183,0.0134,5930.27,2,32.3784,150.766,step
2026-08-31T19:07:32.761106+00:00,51.298,0.1225,0.0,0.15,0.1831,0.0135,5945.12,2,32.3731,150.786,step
2026-08-31T19:07:32.762397+00:00,50.999,0.1224,0.15,0.0,0.1832,0.0135,5804.47,2,32.3769,150.806,step
2026-08-31T19:07:32.763891+00:00,51.037,0.1223,0.15,0.0,0.1833,0.0134,5917.17,2,32.3864,150.826,step
2026-08-31T19:07:32.765259+00:00,51.169,0.1223,0.15,0.0,0.1834,0.0135,5931.55,2,32.3853,150.846,step
2026-08-31T19:07:32.766515+00:00,51.3,0.1224,0.0,0.15,0.1835,0.0136,5946.12,2,32.3807,150.866,step
2026-08-31T19:07:32.767771+00:00,51.002,0.1223,0.15,0.0,0.1836,0.0136,5807.85,2,32.3843,150.886,step
2026-08-31T19:07:32.768960+00:00,51.041,0.1222,0.15,0.0,0.1837,0.0135,5915.5,2,32.392,150.906,step
2026-08-31T19:07:32.770208+00:00,51.171,0.1223,0.15,0.0,0.1838,0.0136,5930.69,2,32.389,150.926,step
2026-08-31T19:07:32.771433+00:00,51.303,0.1224,0.0,0.15,0.1839,0.0138,5945.55,2,32.3833,150.946,step
2026-08-31T19:07:32.772936+00:00,51.003,0.1223,0.15,0.0,0.184,0.0138,5808.45,2,32.3867,150.966,step
2026-08-31T19:07:32.774317+00:00,51.042,0.1222,0.15,0.0,0.1841,0.0137,5915.65,2,32.3948,150.986,step
2026-08-31T19:07:32.775620+00:00,51.173,0.1223,0.15,0.0,0.1841,0.0138,5930.88,2,32.392,151.006,step
2026-08-31T19:07:32.776958+00:00,51.305,0.1224,0.0,0.15,0.1842,0.014,5946.02,2,32.3858,151.026,step
2026-08-31T19:07:32.778332+00:00,51.008,0.1224,0.15,0.0,0.1843,0.014,5808.37,2,32.3884,151.046,step
2026-08-31T19:07:32.779660+00:00,51.045,0.1223,0.15,0.0,0.1844,0.0139,5916.25,2,32.3958,151.066,step
2026-08-31T19:07:32.781029+00:00,51.176,0.1224,0.15,0.0,0.1845,0.014,5931.44,2,32.393,151.086,step
2026-08-31T19:07:32.782380+00:00,51.308,0.1225,0.0,0.15,0.1845,0.0142,5946.44,2,32.3873,151.106,step
2026-08-31T19:07:32.783691+00:00,51.009,0.1224,0.15,0.0,0.1846,0.0142,5808.6,2,32.391,151.126,step
2026-08-31T19:07:32.784941+00:00,51.049,0.1223,0.15,0.0,0.1847,0.0141,5916.55,2,32.3995,151.146,step
2026-08-31T19:07:32.786196+00:00,51.18,0.1224,0.15,0.0,0.1847,0.0142,5931.79,2,32.3974,151.166,step
2026-08-31T19:07:32.787456+00:00,51.312,0.1224,0.0,0.15,0.1848,0.0143,5946.77,2,32.3925,151.186,step
2026-08-31T19:07:32.788793+00:00,51.013,0.1224,0.15,0.0,0.1849,0.0143,5809.25,2,32.3965,151.206,step
2026-08-31T19:07:32.790145+00:00,51.053,0.1223,0.15,0.0,0.1849,0.0142,5918.4,2,32.4059,151.226,step
2026-08-31T19:07:32.791435+00:00,51.185,0.1223,0.15,0.0,0.185,0.0143,5933.13,2,32.4048,151.246,step
2026-08-31T19:07:32.792727+00:00,51.318,0.1224,0.0,0.15,0.1851,0.0144,5947.93,2,32.4004,151.266,step
2026-08-31T19:07:32.794042+00:00,51.02,0.1224,0.15,0.0,0.1851,0.0144,5809.87,2,32.4045,151.286,step
2026-08-31T19:07:32.795354+00:00,51.06,0.1223,0.15,0.0,0.1852,0.0143,5917.73,2,32.4129,151.306,step
2026-08-31T19:07:32.796608+00:00,51.191,0.1223,0.15,0.0,0.1852,0.0144,5933.04,2,32.4107,151.326,step
2026-08-31T19:07:32.798157+00:00,51.323,0.1224,0.0,0.15,0.1853,0.0145,5948.01,2,32.4055,151.346,step
2026-08-31T19:07:32.799453+00:00,51.025,0.1224,0.15,0.0,0.1854,0.0145,5810.72,2,32.4095,151.366,step
2026-08-31T19:07:32.800757+00:00,51.065,0.1223,0.15,0.0,0.1854,0.0144,5918.22,2,32.4181,151.386,step
2026-08-31T19:07:32.802056+00:00,51.196,0.1223,0.15,0.0,0.1855,0.0145,5933.65,2,32.4159,151.406,step
2026-08-31T19:07:32.803445+00:00,51.328,0.1224,0.0,0.15,0.1855,0.0146,5948.69,2,32.4109,151.426,step
2026-08-31T19:07:32.804832+00:00,51.031,0.1224,0.15,0.0,0.1856,0.0146,5811.05,2,32.4146,151.446,step
2026-08-31T19:07:32.806413+00:00,51.07,0.1223,0.15,0.0,0.1856,0.0146,5919.05,2,32.4229,151.466,step
2026-08-31T19:07:32.807732+00:00,51.202,0.1224,0.15,0.0,0.1857,0.0146,5934.43,2,32.4209,151.486,step
2026-08-31T19:07:32.809052+00:00,51.334,0.1225,0.0,0.15,0.1857,0.0148,5949.43,2,32.4161,151.506,step
2026-08-31T19:07:32.810344+00:00,51.036,0.1224,0.15,0.0,0.1858,0.0147,5811.73,2,32.4202,151.526,step
2026-08-31T19:07:32.811637+00:00,51.076,0.1223,0.15,0.0,0.1858,0.0147,5919.73,2,32.4293,151.546,step
2026-08-31T19:07:32.812938+00:00,51.208,0.1224,0.15,0.0,0.1858,0.0147,5935.03,2,32.4276,151.566,step
2026-08-31T19:07:32.814522+00:00,51.34,0.1225,0.0,0.15,0.1859,0.0148,5950.09,2,32.4231,151.586,step
2026-08-31T19:07:32.815951+00:00,51.042,0.1224,0.15,0.0,0.1859,0.0148,5812.49,2,32.4277,151.606,step
2026-08-31T19:07:32.817250+00:00,51.083,0.1223,0.15,0.0,0.186,0.0147,5921.08,2,32.4371,151.626,step
2026-08-31T19:07:32.818523+00:00,51.215,0.1223,0.15,0.0,0.186,0.0148,5936.23,2,32.4361,151.646,step
2026-08-31T19:07:32.819776+00:00,51.347,0.1224,0.0,0.15,0.186,0.0149,5951.17,2,32.4319,151.666,step
2026-08-31T19:07:32.821059+00:00,51.05,0.1224,0.15,0.0,0.1861,0.0148,5813.23,2,32.4367,151.686,step
2026-08-31T19:07:32.822518+00:00,51.09,0.1223,0.15,0.0,0.1861,0.0148,5921.23,2,32.4459,151.706,step
2026-08-31T19:07:32.823805+00:00,51.222,0.1223,0.15,0.0,0.1862,0.0148,5936.63,2,32.4444,151.726,step
2026-08-31T19:07:32.825082+00:00,51.354,0.1224,0.0,0.15,0.1862,0.0149,5951.67,2,32.4399,151.746,step
2026-08-31T19:07:32.826334+00:00,51.056,0.1224,0.15,0.0,0.1862,0.0149,5814.22,2,32.4446,151.766,step
2026-08-31T19:07:32.827568+00:00,51.096,0.1223,0.15,0.0,0.1863,0.0148,5922.01,2,32.454,151.786,step
2026-08-31T19:07:32.828846+00:00,51.228,0.1223,0.15,0.0,0.1863,0.0149,5937.41,2,32.4525,151.806,step
2026-08-31T19:07:32.830166+00:00,51.361,0.1224,0.0,0.15,0.1863,0.015,5952.5,2,32.4485,151.826,step
2026-08-31T19:07:32.831696+00:00,51.063,0.1224,0.15,0.0,0.1864,0.015,5814.71,2,32.4535,151.846,step
2026-08-31T19:07:32.833166+00:00,51.103,0.1223,0.15,0.0,0.1864,0.0149,5922.83,2,32.4631,151.866,step
2026-08-31T19:07:32.834531+00:00,51.235,0.1223,0.15,0.0,0.1864,0.015,5938.19,2,32.4621,151.886,step
2026-08-31T19:07:32.835888+00:00,51.367,0.1224,0.0,0.15,0.1864,0.0151,5953.25,2,32.4582,151.906,step
2026-08-31T19:07:32.837205+00:00,51.069,0.1224,0.15,0.0,0.1865,0.015,5815.57,2,32.4633,151.926,step
2026-08-31T19:07:32.838510+00:00,51.11,0.1223,0.15,0.0,0.1865,0.0149,5923.63,2,32.473,151.946,step
2026-08-31T19:07:32.840123+00:00,51.242,0.1223,0.15,0.0,0.1865,0.015,5938.96,2,32.472,151.966,step
2026-08-31T19:07:32.841478+00:00,51.374,0.1224,0.0,0.15,0.1866,0.0151,5954.02,2,32.4683,151.986,step
2026-08-31T19:07:32.842806+00:00,51.076,0.1223,0.15,0.0,0.1866,0.015,5816.2,2,32.4737,152.006,step
2026-08-31T19:07:32.844096+00:00,51.116,0.1222,0.15,0.0,0.1866,0.015,5924.29,2,32.4835,152.026,step
2026-08-31T19:07:32.845420+00:00,51.248,0.1223,0.15,0.0,0.1866,0.015,5939.64,2,32.4828,152.046,step
2026-08-31T19:07:32.846696+00:00,51.38,0.1223,0.0,0.15,0.1867,0.0151,5954.71,2,32.4791,152.066,step
2026-08-31T19:07:32.848255+00:00,51.082,0.1223,0.15,0.0,0.1867,0.0151,5817.02,2,32.4846,152.086,step
2026-08-31T19:07:32.849588+00:00,51.122,0.1222,0.15,0.0,0.1867,0.015,5924.98,2,32.4947,152.106,step
2026-08-31T19:07:32.850841+00:00,51.254,0.1222,0.15,0.0,0.1868,0.015,5940.43,2,32.4942,152.126,step
2026-08-31T19:07:32.852088+00:00,51.387,0.1223,0.0,0.15,0.1868,0.0151,5955.49,2,32.491,152.146,step
2026-08-31T19:07:32.853385+00:00,51.089,0.1222,0.15,0.0,0.1868,0.0151,5817.69,2,32.4966,152.166,step
2026-08-31T19:07:32.854685+00:00,51.129,0.1221,0.15,0.0,0.1868,0.015,5925.83,2,32.5069,152.186,step
2026-08-31T19:07:32.856220+00:00,51.261,0.1222,0.15,0.0,0.1869,0.015,5941.19,2,32.5065,152.206,step
2026-08-31T19:07:32.857481+00:00,51.393,0.1222,0.0,0.15,0.1869,0.0151,5956.24,2,32.5055,152.226,step
2026-08-31T19:07:32.858827+00:00,51.093,0.1222,0.15,0.0,0.1869,0.0151,5818.26,2,32.5169,152.246,step
2026-08-31T19:07:32.860208+00:00,51.135,0.1221,0.15,0.0,0.187,0.015,5926.5,2,32.5362,152.266,step
2026-08-31T19:07:32.861534+00:00,51.266,0.1221,0.0,0.15,0.187,0.015,5941.79,2,32.5473,152.286,step
2026-08-31T19:07:32.862976+00:00,50.967,0.122,0.15,0.0,0.187,0.015,5803.64,2,32.5696,152.306,step
2026-08-31T19:07:32.864546+00:00,51.008,0.1219,0.15,0.0,0.187,0.0148,5912.02,2,32.5997,152.326,step
2026-08-31T19:07:32.865882+00:00,51.14,0.1219,0.15,0.0,0.1871,0.0149,5927.23,2,32.6214,152.346,step
2026-08-31T19:07:32.867222+00:00,51.272,0.122,0.0,0.15,0.1871,0.0149,5942.22,2,32.6432,152.366,step
2026-08-31T19:07:32.868572+00:00,50.974,0.1219,0.15,0.0,0.1871,0.0149,5804.83,2,32.6782,152.386,step
2026-08-31T19:07:32.869870+00:00,51.014,0.1218,0.15,0.0,0.1872,0.0148,5912.43,2,32.722,152.406,step
2026-08-31T19:07:32.871281+00:00,51.145,0.1218,0.15,0.0,0.1872,0.0148,5927.27,2,32.7576,152.426,step
2026-08-31T19:07:32.872709+00:00,51.277,0.1219,0.0,0.15,0.1873,0.0149,5942.19,2,32.7936,152.446,step
2026-08-31T19:07:32.874055+00:00,50.978,0.1218,0.15,0.0,0.1873,0.0149,5805.93,2,32.844,152.466,step
2026-08-31T19:07:32.875354+00:00,51.018,0.1217,0.15,0.0,0.1873,0.0148,5912.8,2,32.9041,152.486,step
2026-08-31T19:07:32.876636+00:00,51.15,0.1217,0.15,0.0,0.1874,0.0148,5928.16,2,32.956,152.506,step
2026-08-31T19:07:32.877879+00:00,51.281,0.1218,0.0,0.15,0.1874,0.0149,5943.28,2,33.0096,152.526,step
2026-08-31T19:07:32.879132+00:00,50.983,0.1217,0.15,0.0,0.1875,0.0148,5805.42,2,33.0788,152.546,step
2026-08-31T19:07:32.880666+00:00,51.023,0.1215,0.15,0.0,0.1875,0.0147,5913.66,2,33.1584,152.566,step
2026-08-31T19:07:32.881959+00:00,51.154,0.1216,0.15,0.0,0.1875,0.0148,5928.88,2,33.2295,152.586,step
2026-08-31T19:07:32.883267+00:00,51.286,0.1216,0.0,0.15,0.1876,0.0148,5943.9,2,33.3027,152.606,step
2026-08-31T19:07:32.884620+00:00,50.985,0.1215,0.15,0.0,0.1876,0.0148,5806.08,2,33.3924,152.626,step
2026-08-31T19:07:32.886007+00:00,51.027,0.1214,0.15,0.0,0.1877,0.0147,5914.07,2,33.4943,152.646,step
2026-08-31T19:07:32.887364+00:00,51.158,0.1214,0.15,0.0,0.1877,0.0147,5929.23,2,33.5866,152.666,step
2026-08-31T19:07:32.888662+00:00,51.289,0.1215,0.0,0.15,0.1878,0.0148,5944.22,2,33.6796,152.686,step
2026-08-31T19:07:32.890263+00:00,50.99,0.1214,0.15,0.0,0.1878,0.0148,5806.76,2,33.7898,152.706,step
2026-08-31T19:07:32.891577+00:00,51.03,0.1213,0.15,0.0,0.1879,0.0147,5914.37,2,33.912,152.726,step
2026-08-31T19:07:32.892902+00:00,51.161,0.1214,0.15,0.0,0.1879,0.0147,5929.61,2,34.0253,152.746,step
2026-08-31T19:07:32.894150+00:00,51.292,0.1214,0.0,0.15,0.1879,0.0148,5944.6,2,34.1409,152.766,step
2026-08-31T19:07:32.895456+00:00,50.993,0.1214,0.15,0.0,0.188,0.0148,5806.83,2,34.2762,152.786,step
2026-08-31T19:07:32.896838+00:00,51.032,0.1213,0.15,0.0,0.188,0.0147,5914.67,2,34.4246,152.806,step
2026-08-31T19:07:32.898378+00:00,51.162,0.1213,0.15,0.0,0.188,0.0148,5929.87,2,34.5647,152.826,step
2026-08-31T19:07:32.899664+00:00,51.294,0.1214,0.0,0.15,0.1881,0.0149,5943.56,2,34.708,152.846,step
2026-08-31T19:07:32.900942+00:00,50.992,0.1214,0.15,0.0,0.1881,0.0148,5808.5,2,34.8725,152.866,step
2026-08-31T19:07:32.902155+00:00,51.032,0.1213,0.15,0.0,0.1881,0.0148,5914.04,2,35.0522,152.886,step
2026-08-31T19:07:32.903388+00:00,51.162,0.1213,0.15,0.0,0.1882,0.0148,5929.59,2,35.2239,152.906,step
2026-08-31T19:07:32.904688+00:00,51.293,0.1214,0.0,0.15,0.1882,0.0149,5944.61,2,35.4001,152.926,step
2026-08-31T19:07:32.906231+00:00,50.993,0.1213,0.15,0.0,0.1883,0.0149,5806.51,2,35.601,152.946,step
2026-08-31T19:07:32.907570+00:00,51.032,0.1212,0.15,0.0,0.1883,0.0148,5914.96,2,35.8189,152.966,step
2026-08-31T19:07:32.908863+00:00,51.162,0.1213,0.15,0.0,0.1883,0.0148,5930.03,2,36.0288,152.986,step
2026-08-31T19:07:32.910157+00:00,51.293,0.1213,0.0,0.15,0.1883,0.0149,5944.89,2,36.2438,153.006,step
2026-08-31T19:07:32.911457+00:00,50.993,0.1213,0.15,0.0,0.1884,0.0149,5806.83,2,36.4855,153.026,step
2026-08-31T19:07:32.912779+00:00,51.032,0.1212,0.15,0.0,0.1884,0.0148,5914.81,2,36.748,153.046,step
2026-08-31T19:07:32.914227+00:00,51.162,0.1212,0.15,0.0,0.1884,0.0148,5929.8,2,37.0041,153.066,step
2026-08-31T19:07:32.915651+00:00,51.292,0.1212,0.0,0.15,0.1885,0.0149,5944.57,2,37.2665,153.086,step
2026-08-31T19:07:32.917030+00:00,50.991,0.1212,0.15,0.0,0.1885,0.0149,5806.93,2,37.5589,153.106,step
2026-08-31T19:07:32.918379+00:00,51.03,0.1211,0.15,0.0,0.1886,0.0148,5914.46,2,37.8725,153.126,step
2026-08-31T19:07:32.919618+00:00,51.16,0.1211,0.15,0.0,0.1886,0.0148,5929.52,2,38.1777,153.146,step
2026-08-31T19:07:32.920889+00:00,51.29,0.1211,0.0,0.15,0.1886,0.0149,5944.46,2,38.4916,153.166,step
2026-08-31T19:07:32.922361+00:00,50.99,0.1211,0.15,0.0,0.1887,0.0148,5806.48,2,38.8395,153.186,step
2026-08-31T19:07:32.923725+00:00,51.027,0.121,0.15,0.0,0.1887,0.0147,5914.3,2,39.2131,153.206,step
2026-08-31T19:07:32.925095+00:00,51.156,0.121,0.15,0.0,0.1887,0.0148,5929.29,2,39.58,153.226,step
2026-08-31T19:07:32.926352+00:00,51.286,0.1211,0.0,0.15,0.1888,0.0149,5942.22,2,39.9575,153.246,step
2026-08-31T19:07:32.927625+00:00,50.982,0.121,0.15,0.0,0.1888,0.0148,5808.22,2,40.3744,153.266,step
2026-08-31T19:07:32.928906+00:00,51.021,0.1209,0.15,0.0,0.1888,0.0147,5912.47,2,40.8205,153.286,step
2026-08-31T19:07:32.930223+00:00,51.15,0.1209,0.15,0.0,0.1889,0.0148,5927.93,2,41.2619,153.306,step
2026-08-31T19:07:32.931745+00:00,51.279,0.121,0.0,0.15,0.1889,0.0149,5943.1,2,41.7198,153.326,step
2026-08-31T19:07:32.933060+00:00,50.978,0.1209,0.15,0.0,0.189,0.0148,5804.75,2,42.2256,153.346,step
2026-08-31T19:07:32.934335+00:00,51.015,0.1208,0.15,0.0,0.189,0.0147,5913.16,2,42.7683,153.366,step
2026-08-31T19:07:32.935579+00:00,51.144,0.1208,0.15,0.0,0.189,0.0147,5928.1,2,43.3069,153.386,step
2026-08-31T19:07:32.936809+00:00,51.274,0.1209,0.0,0.15,0.1891,0.0148,5942.79,2,43.8646,153.406,step
2026-08-31T19:07:32.938137+00:00,50.973,0.1208,0.15,0.0,0.1891,0.0148,5804.41,2,44.4779,153.426,step
2026-08-31T19:07:32.939638+00:00,51.009,-0.0793,0.8,0.0,0.1891,0.0147,5912.38,2,45.1383,153.446,step
2026-08-31T19:07:32.940987+00:00,51.495,-0.0772,0.8,0.0,0.189,0.0166,6339.13,2,45.3027,153.466,step
2026-08-31T19:07:32.942294+00:00,52.146,0.1289,0.0,0.15,0.1883,0.0222,6479.17,2,44.6007,153.486,step
2026-08-31T19:07:32.943606+00:00,52.07,0.1341,0.0,0.15,0.1873,0.0267,5933.54,2,44.1465,153.506,step
2026-08-31T19:07:32.944888+00:00,51.62,0.1356,0.0,0.15,0.1865,0.0278,5881.37,2,44.5117,153.526,step
2026-08-31T19:07:32.946264+00:00,51.183,-0.0642,0.8,0.0,0.1858,0.0276,5828.88,2,45.2217,153.546,step
2026-08-31T19:07:32.947772+00:00,51.567,-0.0623,0.8,0.0,0.185,0.029,6369.57,2,45.5491,153.566,step
2026-08-31T19:07:32.949068+00:00,52.223,0.1434,0.0,0.15,0.1837,0.0339,6509.62,2,44.9776,153.586,step
2026-08-31T19:07:32.950345+00:00,52.16,0.1483,0.0,0.15,0.1822,0.038,5942.23,2,44.6388,153.606,step
2026-08-31T19:07:32.951654+00:00,51.706,-0.0502,0.8,0.0,0.1809,0.0387,5889.3,2,45.1359,153.626,step
2026-08-31T19:07:32.952995+00:00,52.1,-0.048,0.8,0.0,0.1795,0.0401,6392.43,2,45.4779,153.646,step
2026-08-31T19:07:32.954296+00:00,52.776,-0.0425,0.8,0.0,0.1777,0.0446,6498.81,2,45.0127,153.666,step
2026-08-31T19:07:32.955752+00:00,53.476,0.1643,0.0,0.15,0.1755,0.0501,6590.66,2,44.3223,153.686,step
2026-08-31T19:07:32.957044+00:00,53.387,0.1693,0.0,0.15,0.1731,0.0538,6085.1,2,44.0652,153.706,step
2026-08-31T19:07:32.958298+00:00,52.925,0.171,0.0,0.15,0.171,0.0544,6028.33,2,44.6273,153.726,step
2026-08-31T19:07:32.959574+00:00,52.468,-0.029,0.8,0.0,0.169,0.0534,5971.98,2,45.6369,153.746,step
2026-08-31T19:07:32.960828+00:00,52.841,-0.0276,0.8,0.0,0.167,0.0538,6574.05,2,46.33,153.766,step
2026-08-31T19:07:32.962091+00:00,53.509,-0.0224,0.8,0.0,0.1646,0.0576,6739.94,2,46.055,153.786,step
2026-08-31T19:07:32.963340+00:00,54.23,-0.0159,0.8,0.0,0.1619,0.0626,6847.15,2,45.4811,153.806,step
2026-08-31T19:07:32.964712+00:00,54.982,0.1908,0.0,0.15,0.1588,0.0676,6916.88,2,44.8815,153.826,step
2026-08-31T19:07:32.966035+00:00,54.968,0.1958,0.0,0.15,0.1557,0.0708,6264.61,2,44.8052,153.846,step
2026-08-31T19:07:32.967373+00:00,54.493,-0.0029,0.8,0.0,0.1527,0.0707,6207.71,2,45.6685,153.866,step
2026-08-31T19:07:32.968698+00:00,54.874,-0.0013,0.8,0.0,0.1498,0.0709,6795.57,2,46.4909,153.886,step
2026-08-31T19:07:32.969978+00:00,55.567,0.0036,0.8,0.0,0.1465,0.0739,6964.79,2,46.4774,153.906,step
2026-08-31T19:07:32.971329+00:00,56.301,0.0095,0.8,0.0,0.1429,0.0779,7092.23,2,46.2038,153.926,step
2026-08-31T19:07:32.972825+00:00,57.06,0.0157,0.8,0.0,0.139,0.082,7197.18,2,45.8974,153.946,step
2026-08-31T19:07:32.974273+00:00,57.838,0.0219,0.8,0.0,0.1349,0.086,7288.65,2,45.6346,153.966,step
2026-08-31T19:07:32.975548+00:00,58.627,0.028,0.8,0.0,0.1305,0.0898,7377.23,2,45.4375,153.986,step
2026-08-31T19:07:32.976823+00:00,59.421,0.0341,0.8,0.0,0.1258,0.0934,7475.34,2,45.3112,154.006,step
2026-08-31T19:07:32.978081+00:00,60.243,0.0401,0.8,0.0,0.121,0.0968,7538.4,2,45.2506,154.026,step
2026-08-31T19:07:32.979393+00:00,61.07,0.046,0.8,0.0,0.1159,0.1,7601.57,2,45.2684,154.046,step
2026-08-31T19:07:32.980865+00:00,61.877,0.0518,0.8,0.0,0.1105,0.103,7715.61,2,45.3715,154.066,step
2026-08-31T19:07:32.982140+00:00,62.67,0.0574,0.8,0.0,0.1049,0.1058,7879.58,2,45.5643,154.086,step
2026-08-31T19:07:32.983426+00:00,63.466,0.063,0.8,0.0,0.0991,0.1083,8074.93,2,45.8492,154.106,step
2026-08-31T19:07:32.984651+00:00,64.275,0.0684,0.8,0.0,0.093,0.1106,8288.36,2,46.238,154.126,step
2026-08-31T19:07:32.985878+00:00,65.101,0.0736,0.8,0.0,0.0868,0.1126,8516.39,2,46.7446,154.146,step
2026-08-31T19:07:32.987093+00:00,65.944,0.0786,0.8,0.0,0.0804,0.1143,8758.7,2,47.3882,154.166,step
2026-08-31T19:07:32.988352+00:00,66.802,0.0834,0.8,0.0,0.0737,0.1158,9021.17,2,48.1993,154.186,step
2026-08-31T19:07:32.989798+00:00,67.677,0.0879,0.8,0.0,0.0669,0.1168,9307.45,2,49.2312,154.206,step
2026-08-31T19:07:32.991126+00:00,68.572,0.092,0.8,0.0,0.0598,0.1173,9609.39,2,50.5159,154.226,step
2026-08-31T19:07:32.992382+00:00,69.478,0.0958,0.8,0.0,0.0526,0.1175,9889.99,2,52.0965,154.246,step
2026-08-31T19:07:32.993574+00:00,70.392,0.0983,0.8,0.0,0.0451,0.1163,10153.1,2,54.0294,154.266,step
2026-08-31T19:07:32.994720+00:00,71.306,0.0961,0.8,0.0,0.0378,0.1107,10410.3,2,56.3818,154.286,step
2026-08-31T19:07:32.995906+00:00,72.217,0.0934,0.8,0.0,0.0305,0.1046,10666.7,2,59.2207,154.306,step
2026-08-31T19:07:32.997194+00:00,73.124,0.0903,0.8,0.0,0.0234,0.0982,10924.8,2,62.6391,154.326,step
2026-08-31T19:07:32.998596+00:00,74.104,0.0869,0.8,0.0,0.0165,0.0916,11043.3,2,66.6959,154.346,step
2026-08-31T19:07:32.999843+00:00,75.09,0.0832,0.8,0.0,0.0098,0.0848,11148.5,2,71.5401,154.366,step
2026-08-31T19:07:33.001092+00:00,76.033,0.0792,0.8,0.0,0.0033,0.0778,11326.2,2,77.486,154.386,step
2026-08-31T19:07:33.002319+00:00,76.923,0.0747,0.15,0.0,-0.003,0.0704,11589.5,2,85.0224,154.406,step
2026-08-31T19:07:33.003542+00:00,77.763,0.0697,0.15,0.0,-0.009,0.0628,10129.2,2,94.7381,154.426,step
2026-08-31T19:07:33.004855+00:00,78.363,0.0654,0.15,0.0,-0.0145,0.056,9213.21,2,105.688,154.446,step
2026-08-31T19:07:33.006232+00:00,78.505,0.063,0.15,0.0,-0.0195,0.0512,9110.94,2,114.928,154.466,step
2026-08-31T19:07:33.007486+00:00,78.59,0.0614,0.8,0.0,-0.0239,0.0476,9116.49,2,123.18,154.486,step
2026-08-31T19:07:33.008839+00:00,79.079,0.0596,0.8,0.0,-0.0277,0.044,10147.3,2,132.534,154.506,step
2026-08-31T19:07:33.010125+00:00,79.828,0.057,0.8,0.0,-0.0313,0.0398,10677.2,2,146.033,154.526,step
2026-08-31T19:07:33.011477+00:00,80.651,0.0537,0.8,0.0,-0.0345,0.035,11073.1,3,190.788,154.546,step
2026-08-31T19:07:33.012841+00:00,81.455,0.0501,0.8,0.0,-0.0375,0.0302,8770.17,3,189.019,154.566,step
2026-08-31T19:07:33.014334+00:00,81.602,0.0477,0.8,0.0,-0.0401,0.0266,8778.78,3,187.558,154.586,step
2026-08-31T19:07:33.015810+00:00,81.593,0.0459,0.8,0.0,-0.0423,0.0238,7466.38,3,186.313,154.606,step
2026-08-31T19:07:33.017089+00:00,82.004,0.0441,0.8,0.0,-0.0441,0.0212,7904.93,3,185.108,154.626,step
2026-08-31T19:07:33.018404+00:00,82.63,0.0421,0.8,0.0,-0.0457,0.0185,8012.47,3,183.848,154.646,step
2026-08-31T19:07:33.019660+00:00,83.333,0.0401,0.8,0.0,-0.0471,0.0159,8015.36,3,182.591,154.666,step
2026-08-31T19:07:33.021020+00:00,84.007,0.0382,0.8,0.0,-0.0482,0.0135,8061.66,3,181.378,154.686,step
2026-08-31T19:07:33.022330+00:00,84.668,0.0363,0.8,0.0,-0.0491,0.0113,8133.55,3,180.198,154.706,step
2026-08-31T19:07:33.023792+00:00,85.324,0.0344,0.8,0.0,-0.0498,0.0092,8224.29,3,179.03,154.726,step
2026-08-31T19:07:33.025090+00:00,85.985,0.0325,0.8,0.0,-0.0504,0.0071,8319.79,3,177.857,154.746,step
2026-08-31T19:07:33.026381+00:00,86.657,0.0306,0.8,0.0,-0.0508,0.005,8410.55,3,176.672,154.766,step
2026-08-31T19:07:33.027711+00:00,87.341,0.0285,0.8,0.0,-0.051,0.0029,8494.64,3,175.477,154.786,step
2026-08-31T19:07:33.029038+00:00,88.037,0.0265,0.8,0.0,-0.0511,0.0009,8572.1,3,174.282,154.806,step
2026-08-31T19:07:33.030350+00:00,88.74,0.0244,0.8,0.0,-0.0511,-0.0011,8644.14,3,173.097,154.826,step
2026-08-31T19:07:33.031675+00:00,89.453,0.0224,0.8,0.0,-0.0509,-0.0029,8713.38,3,171.925,154.846,step
2026-08-31T19:07:33.032970+00:00,90.172,0.0204,0.8,0.0,-0.0505,-0.0047,8781.18,3,170.769,154.866,step
2026-08-31T19:07:33.034236+00:00,90.895,0.0184,0.8,0.0,-0.05,-0.0064,8849.46,3,169.634,154.886,step
2026-08-31T19:07:33.035499+00:00,91.623,0.0165,0.8,0.0,-0.0494,-0.0079,8920.34,3,168.52,154.906,step
2026-08-31T19:07:33.036780+00:00,92.354,0.0146,0.15,0.0,-0.0487,-0.0094,8995.05,3,167.431,154.926,step
2026-08-31T19:07:33.038091+00:00,92.742,0.0128,0.15,0.0,-0.0478,-0.0106,8501.48,3,166.418,154.946,step
2026-08-31T19:07:33.039498+00:00,92.794,0.0114,0.15,0.0,-0.0468,-0.0115,8507.26,3,165.546,154.966,step
2026-08-31T19:07:33.040774+00:00,92.85,0.0101,0.15,0.0,-0.0457,-0.0122,8514.54,3,164.74,154.986,step
2026-08-31T19:07:33.042071+00:00,92.906,0.0089,0.15,0.0,-0.0445,-0.0128,8520.99,3,163.967,155.006,step
2026-08-31T19:07:33.043303+00:00,92.963,0.0077,0.15,0.0,-0.0432,-0.0134,8526.63,3,163.218,155.026,step
2026-08-31T19:07:33.044507+00:00,93.02,0.0065,0.15,0.0,-0.0419,-0.0139,8531.86,3,162.491,155.046,step
2026-08-31T19:07:33.045772+00:00,93.076,0.0054,0.15,0.0,-0.0405,-0.0143,8536.62,3,161.798,155.066,step
2026-08-31T19:07:33.047137+00:00,93.133,0.0043,0.15,0.0,-0.0391,-0.0147,8541.49,3,161.135,155.086,step
2026-08-31T19:07:33.048543+00:00,93.189,0.0033,0.15,0.0,-0.0377,-0.0149,8546.2,3,160.499,155.106,step
2026-08-31T19:07:33.049789+00:00,93.245,0.0023,0.15,0.0,-0.0362,-0.0152,8551.08,3,159.886,155.126,step
2026-08-31T19:07:33.051035+00:00,93.3,0.0014,0.15,0.0,-0.0347,-0.0153,8555.93,3,159.297,155.146,step
2026-08-31T19:07:33.052254+00:00,93.356,0.0006,0.15,0.0,-0.0332,-0.0154,8560.83,3,158.728,155.166,step
2026-08-31T19:07:33.053506+00:00,93.411,-0.0003,0.15,0.0,-0.0317,-0.0155,8565.83,3,158.171,155.186,step
2026-08-31T19:07:33.054879+00:00,93.467,-0.0011,0.15,0.0,-0.0302,-0.0156,8569.1,3,157.622,155.206,step
2026-08-31T19:07:33.056317+00:00,93.521,-0.0019,0.15,0.0,-0.0287,-0.0156,8574.14,3,157.087,155.226,step
2026-08-31T19:07:33.057566+00:00,93.575,-0.0026,0.15,0.0,-0.0272,-0.0156,8579.64,3,156.573,155.246,step
2026-08-31T19:07:33.058842+00:00,93.629,-0.0033,0.15,0.0,-0.0257,-0.0155,8585.4,3,156.084,155.266,step
2026-08-31T19:07:33.060086+00:00,93.683,-0.0039,0.15,0.0,-0.0242,-0.0154,8590.87,3,155.613,155.286,step
2026-08-31T19:07:33.061322+00:00,93.737,-0.0045,0.15,0.0,-0.0228,-0.0152,8595.94,3,155.159,155.306,step
2026-08-31T19:07:33.062529+00:00,93.791,-0.005,0.15,0.0,-0.0213,-0.015,8600.92,3,154.715,155.326,step
2026-08-31T19:07:33.063835+00:00,93.845,-0.0055,0.15,0.0,-0.0198,-0.0148,8605.74,3,154.282,155.346,step
2026-08-31T19:07:33.065267+00:00,93.898,-0.0059,0.15,0.0,-0.0184,-0.0146,8610.55,3,153.862,155.366,step
2026-08-31T19:07:33.066540+00:00,93.952,-0.0063,0.15,0.0,-0.017,-0.0143,8615.29,3,153.452,155.386,step
2026-08-31T19:07:33.067833+00:00,94.005,-0.0067,0.15,0.0,-0.0157,-0.014,8620.05,3,153.05,155.406,step
2026-08-31T19:07:33.069068+00:00,94.058,-0.007,0.15,0.0,-0.0143,-0.0136,8624.8,3,152.658,155.426,step
2026-08-31T19:07:33.070325+00:00,94.111,-0.0073,0.15,0.0,-0.013,-0.0133,8629.61,3,152.275,155.446,step
2026-08-31T19:07:33.071604+00:00,94.164,-0.0075,0.15,0.0,-0.0117,-0.0129,8634.01,3,151.893,155.466,step
2026-08-31T19:07:33.073000+00:00,94.216,-0.0077,0.15,0.0,-0.0105,-0.0125,8638.75,3,151.518,155.486,step
2026-08-31T19:07:33.074261+00:00,94.269,-0.0079,0.15,0.0,-0.0093,-0.0121,8643.55,3,151.149,155.506,step
2026-08-31T19:07:33.075516+00:00,94.32,-0.008,0.15,0.0,-0.0081,-0.0117,8648.63,3,150.782,155.526,step
2026-08-31T19:07:33.076770+00:00,94.373,-0.0082,0.15,0.0,-0.007,-0.0112,8653.46,3,150.415,155.546,step
2026-08-31T19:07:33.077982+00:00,94.425,-0.0083,0.15,0.0,-0.0059,-0.0108,8658.34,3,150.047,155.566,step
2026-08-31T19:07:33.079224+00:00,94.476,-0.0083,0.15,0.0,-0.0049,-0.0104,8663.09,3,149.679,155.586,step
2026-08-31T19:07:33.080549+00:00,94.528,-0.0084,0.15,0.0,-0.0039,-0.0099,8667.75,3,149.308,155.606,step
2026-08-31T19:07:33.081942+00:00,94.58,-0.0084,0.15,0.0,-0.0029,-0.0095,8672.61,3,148.935,155.626,step
2026-08-31T19:07:33.083219+00:00,94.632,-0.0085,0.15,0.0,-0.002,-0.0091,8677.41,3,148.56,155.646,step
2026-08-31T19:07:33.084503+00:00,94.684,-0.0085,0.15,0.0,-0.0011,-0.0087,8682.11,3,148.182,155.666,step
2026-08-31T19:07:33.085776+00:00,94.736,-0.0084,0.15,0.0,-0.0002,-0.0082,8686.86,3,147.804,155.686,step
2026-08-31T19:07:33.087054+00:00,94.788,-0.0084,0.15,0.0,0.0006,-0.0078,8691.53,3,147.426,155.706,step
2026-08-31T19:07:33.088337+00:00,94.838,-0.0083,0.15,0.0,0.0014,-0.0074,8697.6,3,147.047,155.726,step
2026-08-31T19:07:33.089743+00:00,94.891,-0.0082,0.15,0.0,0.0021,-0.0069,8702.07,3,146.671,155.746,step
2026-08-31T19:07:33.090982+00:00,94.942,-0.0081,0.15,0.0,0.0028,-0.0065,8706.21,3,146.292,155.766,step
2026-08-31T19:07:33.092246+00:00,94.994,-0.008,0.15,0.0,0.0035,-0.006,8710.63,3,145.912,155.786,step
2026-08-31T19:07:33.093543+00:00,95.046,-0.0078,0.15,0.0,0.0041,-0.0056,8715.1,3,145.53,155.806,step
2026-08-31T19:07:33.094796+00:00,95.097,-0.0077,0.15,0.0,0.0046,-0.0051,8719.56,3,145.146,155.826,step
2026-08-31T19:07:33.096003+00:00,95.148,-0.0075,0.15,0.0,0.0052,-0.0047,8724.11,3,144.76,155.846,step
2026-08-31T19:07:33.097320+00:00,95.199,-0.0073,0.15,0.0,0.0057,-0.0043,8728.74,3,144.366,155.866,step
2026-08-31T19:07:33.098740+00:00,95.25,-0.0071,0.15,0.0,0.0061,-0.0039,8733.58,3,143.96,155.886,step
2026-08-31T19:07:33.100015+00:00,95.302,-0.0069,0.15,0.0,0.0066,-0.0035,8738.57,3,143.547,155.906,step
2026-08-31T19:07:33.101325+00:00,95.353,-0.0068,0.15,0.0,0.0069,-0.0032,8743.49,3,143.131,155.926,step
2026-08-31T19:07:33.102634+00:00,95.405,-0.0066,0.15,0.0,0.0073,-0.0028,8748.27,3,142.715,155.946,step
2026-08-31T19:07:33.103944+00:00,95.457,-0.0063,0.15,0.0,0.0076,-0.0024,8752.94,3,142.299,155.966,step
2026-08-31T19:07:33.105240+00:00,95.507,-0.0061,0.15,0.0,0.0079,-0.0021,8761.27,3,141.879,155.986,step
2026-08-31T19:07:33.106548+00:00,95.559,-0.0059,0.15,0.0,0.0081,-0.0017,8765.12,3,141.457,156.006,step
2026-08-31T19:07:33.107755+00:00,95.612,-0.0056,0.15,0.0,0.0084,-0.0014,8768.51,3,141.032,156.026,step
2026-08-31T19:07:33.109022+00:00,95.665,-0.0053,0.15,0.0,0.0086,-0.001,8772.47,3,140.604,156.046,step
2026-08-31T19:07:33.110215+00:00,95.716,-0.0051,0.15,0.0,0.0087,-0.0007,8776.48,3,140.166,156.066,step
2026-08-31T19:07:33.111462+00:00,95.768,-0.0049,0.15,0.0,0.0089,-0.0004,8780.68,3,139.72,156.086,step
2026-08-31T19:07:33.112671+00:00,95.819,-0.0046,0.15,0.0,0.009,-0.0001,8785.09,3,139.269,156.106,step
2026-08-31T19:07:33.114213+00:00,95.87,-0.0044,0.15,0.0,0.0091,0.0001,8789.71,3,138.817,156.126,step
2026-08-31T19:07:33.115439+00:00,95.922,-0.0042,0.15,0.0,0.0091,0.0004,8794.6,3,138.355,156.146,step
2026-08-31T19:07:33.116720+00:00,95.973,-0.004,0.15,0.0,0.0091,0.0006,8799.7,3,137.883,156.166,step
2026-08-31T19:07:33.117996+00:00,96.025,-0.0037,0.15,0.0,0.0092,0.0008,8804.69,3,137.409,156.186,step
2026-08-31T19:07:33.119207+00:00,96.076,-0.0035,0.15,0.0,0.0092,0.001,8809.5,3,136.932,156.206,step
2026-08-31T19:07:33.120427+00:00,96.128,-0.0033,0.15,0.0,0.0091,0.0012,8814.21,3,136.456,156.226,step
2026-08-31T19:07:33.121710+00:00,96.178,-0.0031,0.15,0.0,0.0091,0.0014,8822.18,3,135.975,156.246,step
2026-08-31T19:07:33.123139+00:00,96.231,-0.0029,0.15,0.0,0.009,0.0016,8825.8,3,135.49,156.266,step
2026-08-31T19:07:33.124411+00:00,96.284,-0.0027,0.15,0.0,0.009,0.0017,8829.45,3,135.001,156.286,step
2026-08-31T19:07:33.125651+00:00,96.336,-0.0025,0.15,0.0,0.0089,0.0019,8833.5,3,134.51,156.306,step
2026-08-31T19:07:33.126837+00:00,96.388,-0.0023,0.15,0.0,0.0088,0.002,8837.62,3,134.011,156.326,step
2026-08-31T19:07:33.128006+00:00,96.439,-0.0021,0.15,0.0,0.0087,0.0021,8841.9,3,133.506,156.346,step
2026-08-31T19:07:33.129308+00:00,96.49,-0.0019,0.15,0.0,0.0085,0.0023,8846.36,3,132.999,156.366,step
2026-08-31T19:07:33.130788+00:00,96.541,-0.0017,0.15,0.0,0.0084,0.0024,8851.0,3,132.491,156.386,step
2026-08-31T19:07:33.132099+00:00,96.592,-0.0016,0.15,0.0,0.0082,0.0025,8855.75,3,131.982,156.406,step
2026-08-31T19:07:33.133327+00:00,96.643,-0.0014,0.15,0.0,0.0081,0.0026,8860.67,3,131.473,156.426,step
2026-08-31T19:07:33.134591+00:00,96.694,-0.0012,0.15,0.0,0.0079,0.0026,8865.49,3,130.957,156.446,step
2026-08-31T19:07:33.135837+00:00,96.744,-0.0011,0.15,0.0,0.0078,0.0027,8870.26,3,130.435,156.466,step
2026-08-31T19:07:33.137070+00:00,96.795,-0.0009,0.15,0.0,0.0076,0.0028,8874.92,3,129.911,156.486,step
2026-08-31T19:07:33.138314+00:00,96.846,-0.0008,0.15,0.0,0.0074,0.0028,8879.55,3,129.386,156.506,step
2026-08-31T19:07:33.139869+00:00,96.896,-0.0006,0.15,0.0,0.0072,0.0029,8884.84,3,128.861,156.526,step
2026-08-31T19:07:33.141181+00:00,96.947,-0.0005,0.15,0.0,0.007,0.0029,8889.2,3,128.335,156.546,step
2026-08-31T19:07:33.142425+00:00,96.998,-0.0003,0.15,0.0,0.0068,0.0029,8893.57,3,127.803,156.566,step
2026-08-31T19:07:33.143632+00:00,97.048,-0.0002,0.15,0.0,0.0066,0.003,8898.03,3,127.265,156.586,step
2026-08-31T19:07:33.144864+00:00,97.099,-0.0001,0.15,0.0,0.0064,0.0029,8902.45,3,126.724,156.606,step
2026-08-31T19:07:33.146088+00:00,97.149,-0.0,0.15,0.0,0.0062,0.0029,8906.96,3,126.183,156.626,step
2026-08-31T19:07:33.147619+00:00,97.199,0.0001,0.15,0.0,0.006,0.0029,8911.47,3,125.641,156.646,step
2026-08-31T19:07:33.148943+00:00,97.249,0.0002,0.15,0.0,0.0058,0.0029,8916.02,3,125.1,156.666,step
2026-08-31T19:07:33.150233+00:00,97.299,0.0002,0.15,0.0,0.0056,0.0029,8920.6,3,124.557,156.686,step
2026-08-31T19:07:33.151553+00:00,97.349,0.0003,0.15,0.0,0.0054,0.0029,8925.21,3,124.015,156.706,step
2026-08-31T19:07:33.152758+00:00,97.399,0.0004,0.15,0.0,0.0052,0.0029,8929.83,3,123.472,156.726,step
2026-08-31T19:07:33.153960+00:00,97.448,0.0005,0.15,0.0,0.005,0.0029,8934.4,3,122.929,156.746,step
2026-08-31T19:07:33.155268+00:00,97.498,0.0006,0.15,0.0,0.0048,0.0029,8938.98,3,122.38,156.766,step
2026-08-31T19:07:33.156693+00:00,97.548,0.0007,0.15,0.0,0.0046,0.0029,8943.46,3,121.826,156.786,step
2026-08-31T19:07:33.157942+00:00,97.597,0.0007,0.15,0.0,0.0044,0.0028,8948.46,3,121.27,156.806,step
2026-08-31T19:07:33.159207+00:00,97.647,0.0008,0.15,0.0,0.0042,0.0027,8952.77,3,120.714,156.826,step
2026-08-31T19:07:33.160439+00:00,97.696,0.0008,0.15,0.0,0.004,0.0027,8957.16,3,120.156,156.846,step
2026-08-31T19:07:33.161627+00:00,97.746,0.0008,0.0,0.15,0.0038,0.0026,8961.52,3,119.599,156.866,step
2026-08-31T19:07:33.162914+00:00,97.409,0.0009,0.0,0.15,0.0036,0.0026,8780.99,3,119.047,156.886,step
2026-08-31T19:07:33.164310+00:00,96.867,0.001,0.0,0.15,0.0034,0.0026,8729.97,3,118.507,156.906,step
2026-08-31T19:07:33.165623+00:00,96.324,0.0011,0.0,0.15,0.0033,0.0026,8679.89,3,117.977,156.926,step
2026-08-31T19:07:33.166870+00:00,95.785,0.0012,0.0,0.15,0.0031,0.0027,8631.32,3,117.452,156.946,step
2026-08-31T19:07:33.168170+00:00,95.249,0.0014,0.0,0.15,0.0029,0.0027,8583.62,3,116.931,156.966,step
2026-08-31T19:07:33.169465+00:00,94.717,0.0015,0.0,0.15,0.0027,0.0027,8536.48,3,116.413,156.986,step
2026-08-31T19:07:33.170765+00:00,94.186,0.0016,0.0,0.15,0.0026,0.0028,8489.51,3,115.897,157.006,step
2026-08-31T19:07:33.172000+00:00,93.658,0.0017,0.0,0.15,0.0024,0.0028,8442.64,3,115.379,157.026,step
2026-08-31T19:07:33.173436+00:00,93.132,0.0018,0.0,0.15,0.0022,0.0028,8395.76,3,114.857,157.046,step
2026-08-31T19:07:33.174698+00:00,92.608,0.0019,0.0,0.15,0.002,0.0028,8348.95,3,114.335,157.066,step
2026-08-31T19:07:33.175963+00:00,92.087,0.0019,0.0,0.15,0.0018,0.0027,8301.58,3,113.815,157.086,step
2026-08-31T19:07:33.177146+00:00,91.566,0.002,0.0,0.15,0.0017,0.0027,8255.17,3,113.297,157.106,step
2026-08-31T19:07:33.178337+00:00,91.047,0.002,0.0,0.15,0.0015,0.0027,8208.88,3,112.782,157.126,step
2026-08-31T19:07:33.179555+00:00,90.53,0.0021,0.0,0.15,0.0013,0.0027,8162.71,3,112.269,157.146,step
2026-08-31T19:07:33.181010+00:00,90.015,0.0021,0.0,0.15,0.0012,0.0026,8116.66,3,111.759,157.166,step
2026-08-31T19:07:33.182319+00:00,89.501,0.0022,0.0,0.15,0.001,0.0026,8070.77,3,111.251,157.186,step
2026-08-31T19:07:33.183535+00:00,88.989,0.0022,0.15,0.0,0.0008,0.0025,8024.97,3,110.747,157.206,step
2026-08-31T19:07:33.184785+00:00,88.87,0.0022,0.15,0.0,0.0007,0.0025,8153.02,3,110.241,157.226,step
2026-08-31T19:07:33.185986+00:00,88.935,0.0022,0.15,0.0,0.0005,0.0024,8157.95,3,109.729,157.246,step
2026-08-31T19:07:33.187208+00:00,89.0,0.0022,0.15,0.0,0.0004,0.0023,8163.05,3,109.212,157.266,step
2026-08-31T19:07:33.188516+00:00,89.065,0.0022,0.15,0.0,0.0002,0.0022,8168.53,3,108.693,157.286,step
2026-08-31T19:07:33.189992+00:00,89.13,0.0022,0.15,0.0,0.0001,0.0021,8174.4,3,108.174,157.306,step
2026-08-31T19:07:33.191225+00:00,89.195,0.0021,0.15,0.0,-0.0001,0.002,8180.51,3,107.654,157.326,step
2026-08-31T19:07:33.192421+00:00,89.259,0.0021,0.15,0.0,-0.0002,0.0019,8186.87,3,107.134,157.346,step
2026-08-31T19:07:33.193628+00:00,89.324,0.002,0.15,0.0,-0.0003,0.0018,8193.08,3,106.613,157.366,step
2026-08-31T19:07:33.194830+00:00,89.388,0.002,0.15,0.0,-0.0005,0.0017,8199.11,3,106.092,157.386,step
2026-08-31T19:07:33.196116+00:00,89.453,0.0019,0.15,0.0,-0.0006,0.0016,8204.99,3,105.571,157.406,step
2026-08-31T19:07:33.197418+00:00,89.517,0.0018,0.0,0.15,-0.0007,0.0015,8210.75,3,105.05,157.426,step
2026-08-31T19:07:33.198798+00:00,89.195,0.0018,0.15,0.0,-0.0008,0.0014,8046.11,3,104.532,157.446,step
2026-08-31T19:07:33.200016+00:00,89.07,0.0018,0.15,0.0,-0.0008,0.0013,8171.07,3,104.02,157.466,step
2026-08-31T19:07:33.201268+00:00,89.134,0.0017,0.15,0.0,-0.0009,0.0012,8176.18,3,103.504,157.486,step
2026-08-31T19:07:33.202486+00:00,89.199,0.0016,0.15,0.0,-0.001,0.0011,8181.71,3,102.985,157.506,step
2026-08-31T19:07:33.203667+00:00,89.263,0.0016,0.15,0.0,-0.0011,0.001,8187.3,3,102.466,157.526,step
2026-08-31T19:07:33.204900+00:00,89.328,0.0015,0.15,0.0,-0.0011,0.0009,8192.98,3,101.947,157.546,step
2026-08-31T19:07:33.206284+00:00,89.392,0.0014,0.15,0.0,-0.0012,0.0008,8198.82,3,101.432,157.566,step
2026-08-31T19:07:33.207585+00:00,89.456,0.0014,0.15,0.0,-0.0012,0.0007,8204.75,3,100.921,157.586,step
2026-08-31T19:07:33.208817+00:00,89.52,0.0013,0.0,0.15,-0.0013,0.0007,8210.75,3,100.412,157.606,step
2026-08-31T19:07:33.210081+00:00,89.201,0.0013,0.15,0.0,-0.0013,0.0006,8046.58,3,99.9008,157.626,step
2026-08-31T19:07:33.211360+00:00,89.073,0.0012,0.15,0.0,-0.0014,0.0005,8171.48,3,99.3904,157.646,step
2026-08-31T19:07:33.212606+00:00,89.138,0.0012,0.15,0.0,-0.0014,0.0005,8176.61,3,98.8827,157.666,step
2026-08-31T19:07:33.213938+00:00,89.202,0.0011,0.15,0.0,-0.0014,0.0004,8181.95,3,98.3751,157.686,step
2026-08-31T19:07:33.215296+00:00,89.267,0.0011,0.15,0.0,-0.0014,0.0003,8187.53,3,97.8677,157.706,step
2026-08-31T19:07:33.216467+00:00,89.331,0.001,0.15,0.0,-0.0015,0.0003,8193.25,3,97.3604,157.726,step
2026-08-31T19:07:33.217653+00:00,89.395,0.001,0.15,0.0,-0.0015,0.0002,8199.06,3,96.8529,157.746,step
2026-08-31T19:07:33.218842+00:00,89.459,0.0009,0.15,0.0,-0.0015,0.0002,8205.01,3,96.345,157.766,step
2026-08-31T19:07:33.219986+00:00,89.523,0.0009,0.0,0.15,-0.0015,0.0001,8211.01,3,95.8366,157.786,step
2026-08-31T19:07:33.221204+00:00,89.203,0.0008,0.15,0.0,-0.0015,0.0001,8046.91,3,95.3311,157.806,step
2026-08-31T19:07:33.222591+00:00,89.076,0.0008,0.15,0.0,-0.0015,0.0001,8171.8,3,94.83,157.826,step
2026-08-31T19:07:33.223928+00:00,89.14,0.0008,0.15,0.0,-0.0015,0.0,8176.83,3,94.3258,157.846,step
2026-08-31T19:07:33.225146+00:00,89.205,0.0007,0.15,0.0,-0.0015,-0.0,8182.38,3,93.8202,157.866,step
2026-08-31T19:07:33.226355+00:00,89.27,0.0006,0.15,0.0,-0.0015,-0.0001,8188.06,3,93.3137,157.886,step
2026-08-31T19:07:33.227557+00:00,89.335,0.0006,0.15,0.0,-0.0015,-0.0001,8193.83,3,92.8068,157.906,step
2026-08-31T19:07:33.228755+00:00,89.4,0.0005,0.15,0.0,-0.0015,-0.0002,8199.68,3,92.2998,157.926,step
2026-08-31T19:07:33.230046+00:00,89.464,0.0005,0.15,0.0,-0.0014,-0.0003,8205.63,3,91.7922,157.946,step
2026-08-31T19:07:33.231505+00:00,89.529,0.0004,0.0,0.15,-0.0014,-0.0003,8211.56,3,91.2881,157.966,step
2026-08-31T19:07:33.232736+00:00,89.211,0.0004,0.15,0.0,-0.0014,-0.0003,8044.07,3,90.7924,157.986,step
2026-08-31T19:07:33.233916+00:00,89.082,0.0004,0.15,0.0,-0.0014,-0.0003,8173.64,3,90.302,158.006,step
2026-08-31T19:07:33.235103+00:00,89.148,0.0004,0.15,0.0,-0.0013,-0.0003,8178.26,3,89.809,158.026,step
2026-08-31T19:07:33.236278+00:00,89.214,0.0004,0.15,0.0,-0.0013,-0.0002,8183.55,3,89.3147,158.046,step
2026-08-31T19:07:33.237524+00:00,89.279,0.0004,0.15,0.0,-0.0013,-0.0002,8188.9,3,88.8195,158.066,step
2026-08-31T19:07:33.238844+00:00,89.344,0.0004,0.15,0.0,-0.0013,-0.0002,8194.41,3,88.3238,158.086,step
2026-08-31T19:07:33.240120+00:00,89.409,0.0004,0.15,0.0,-0.0013,-0.0002,8200.12,3,87.8276,158.106,step
2026-08-31T19:07:33.241291+00:00,89.474,0.0004,0.15,0.0,-0.0012,-0.0002,8206.05,3,87.3311,158.126,step
2026-08-31T19:07:33.242456+00:00,89.539,0.0004,0.0,0.15,-0.0012,-0.0002,8212.07,3,86.8341,158.146,step
2026-08-31T19:07:33.243621+00:00,89.225,0.0004,0.15,0.0,-0.0012,-0.0002,8048.75,3,86.3408,158.166,step
2026-08-31T19:07:33.244827+00:00,89.094,0.0004,0.15,0.0,-0.0012,-0.0002,8173.67,3,85.8512,158.186,step
2026-08-31T19:07:33.246007+00:00,89.159,0.0004,0.15,0.0,-0.0012,-0.0002,8178.78,3,85.3588,158.206,step
2026-08-31T19:07:33.247217+00:00,89.226,0.0004,0.15,0.0,-0.0012,-0.0002,8184.43,3,84.8648,158.226,step
2026-08-31T19:07:33.248551+00:00,89.292,0.0004,0.15,0.0,-0.0011,-0.0002,8190.19,3,84.3701,158.246,step
2026-08-31T19:07:33.249740+00:00,89.358,0.0004,0.15,0.0,-0.0011,-0.0001,8196.0,3,83.8749,158.266,step
2026-08-31T19:07:33.250925+00:00,89.422,0.0004,0.15,0.0,-0.0011,-0.0001,8204.85,3,83.3792,158.286,step
2026-08-31T19:07:33.252060+00:00,89.489,0.0004,0.15,0.0,-0.0011,-0.0001,8209.87,3,82.8832,158.306,step
2026-08-31T19:07:33.253199+00:00,89.556,0.0004,0.0,0.15,-0.0011,-0.0001,8215.12,3,82.3868,158.326,step
2026-08-31T19:07:33.254338+00:00,89.239,0.0004,0.15,0.0,-0.0011,-0.0001,8049.63,3,81.8937,158.346,step
2026-08-31T19:07:33.255709+00:00,89.113,0.0005,0.15,0.0,-0.0011,-0.0001,8174.88,3,81.4042,158.366,step
2026-08-31T19:07:33.256917+00:00,89.18,0.0005,0.15,0.0,-0.0011,-0.0001,8180.17,3,80.9119,158.386,step
2026-08-31T19:07:33.258096+00:00,89.246,0.0005,0.15,0.0,-0.0011,-0.0,8185.77,3,80.418,158.406,step
2026-08-31T19:07:33.259314+00:00,89.312,0.0005,0.15,0.0,-0.0011,-0.0,8191.45,3,79.9233,158.426,step
2026-08-31T19:07:33.260505+00:00,89.379,0.0005,0.15,0.0,-0.0011,-0.0,8197.36,3,79.4281,158.446,step
2026-08-31T19:07:33.261673+00:00,89.445,0.0005,0.15,0.0,-0.0011,-0.0,8203.43,3,78.9324,158.466,step
2026-08-31T19:07:33.262985+00:00,89.511,0.0005,0.0,0.15,-0.0011,-0.0,8209.7,3,78.433,158.486,step
2026-08-31T19:07:33.264346+00:00,89.196,0.0004,0.15,0.0,-0.0011,-0.0001,8045.9,3,77.9304,158.506,step
2026-08-31T19:07:33.265720+00:00,89.068,0.0004,0.15,0.0,-0.0011,-0.0001,8171.16,3,77.4315,158.526,step
2026-08-31T19:07:33.266931+00:00,89.135,0.0004,0.15,0.0,-0.0011,-0.0001,8176.4,3,76.9363,158.546,step
2026-08-31T19:07:33.268177+00:00,89.202,0.0004,0.15,0.0,-0.0011,-0.0001,8182.14,3,76.4418,158.566,step
2026-08-31T19:07:33.269360+00:00,89.269,0.0004,0.15,0.0,-0.0011,-0.0001,8189.24,3,75.9472,158.586,step
2026-08-31T19:07:33.270593+00:00,89.336,0.0004,0.15,0.0,-0.001,-0.0001,8194.74,3,75.4523,158.606,step
2026-08-31T19:07:33.271794+00:00,89.403,0.0004,0.15,0.0,-0.001,-0.0001,8200.45,3,74.9571,158.626,step
2026-08-31T19:07:33.273199+00:00,89.47,0.0005,0.15,0.0,-0.0011,-0.0001,8206.23,3,74.4618,158.646,step
2026-08-31T19:07:33.274384+00:00,89.537,0.0005,0.0,0.15,-0.0011,-0.0001,8212.11,3,73.9661,158.666,step
2026-08-31T19:07:33.275649+00:00,89.219,0.0005,0.15,0.0,-0.0011,-0.0,8049.18,3,73.4728,158.686,step
2026-08-31T19:07:33.276859+00:00,89.094,0.0005,0.15,0.0,-0.0011,-0.0,8173.03,3,72.9829,158.706,step
2026-08-31T19:07:33.278048+00:00,89.161,0.0005,0.15,0.0,-0.0011,-0.0,8178.45,3,72.4868,158.726,step
2026-08-31T19:07:33.279272+00:00,89.228,0.0005,0.15,0.0,-0.0011,-0.0001,8184.32,3,71.9858,158.746,step
2026-08-31T19:07:33.280471+00:00,89.295,0.0005,0.15,0.0,-0.0011,-0.0001,8190.21,3,71.4865,158.766,step
2026-08-31T19:07:33.281868+00:00,89.362,0.0005,0.15,0.0,-0.0011,-0.0001,8196.2,3,70.9898,158.786,step
2026-08-31T19:07:33.283110+00:00,89.429,0.0005,0.15,0.0,-0.0011,-0.0001,8202.23,3,70.494,158.806,step
2026-08-31T19:07:33.284354+00:00,89.495,0.0005,0.0,0.15,-0.0011,-0.0001,8208.34,3,69.9983,158.826,step
2026-08-31T19:07:33.285589+00:00,89.178,0.0005,0.15,0.0,-0.0011,-0.0,8044.81,3,69.5053,158.846,step
2026-08-31T19:07:33.286858+00:00,89.053,0.0005,0.15,0.0,-0.0011,-0.0,8169.59,3,69.0126,158.866,step
2026-08-31T19:07:33.288059+00:00,89.12,0.0005,0.15,0.0,-0.0011,-0.0001,8174.86,3,68.5142,158.886,step
2026-08-31T19:07:33.289295+00:00,89.187,0.0005,0.15,0.0,-0.0011,-0.0001,8180.71,3,68.0133,158.906,step
2026-08-31T19:07:33.290522+00:00,89.254,0.0004,0.15,0.0,-0.0011,-0.0001,8186.55,3,67.5143,158.926,step
2026-08-31T19:07:33.291698+00:00,89.321,0.0004,0.15,0.0,-0.0011,-0.0001,8192.49,3,67.0181,158.946,step
2026-08-31T19:07:33.292903+00:00,89.388,0.0005,0.15,0.0,-0.0011,-0.0001,8198.47,3,66.5226,158.966,step
2026-08-31T19:07:33.294088+00:00,89.455,0.0005,0.15,0.0,-0.0012,-0.0001,8204.58,3,66.0275,158.986,step
2026-08-31T19:07:33.295253+00:00,89.521,0.0005,0.0,0.15,-0.0012,-0.0001,8210.76,3,65.5314,159.006,step
2026-08-31T19:07:33.296512+00:00,89.204,0.0005,0.15,0.0,-0.0012,-0.0001,8046.98,3,65.0369,159.026,step
2026-08-31T19:07:33.297826+00:00,89.079,0.0005,0.15,0.0,-0.0012,-0.0001,8171.88,3,64.5462,159.046,step
2026-08-31T19:07:33.299041+00:00,89.145,0.0005,0.15,0.0,-0.0012,-0.0001,8177.13,3,64.0503,159.066,step
2026-08-31T19:07:33.300222+00:00,89.212,0.0005,0.15,0.0,-0.0012,-0.0001,8182.87,3,63.5501,159.086,step
2026-08-31T19:07:33.301380+00:00,89.279,0.0005,0.15,0.0,-0.0012,-0.0001,8188.67,3,63.0515,159.106,step
2026-08-31T19:07:33.302543+00:00,89.345,0.0005,0.15,0.0,-0.0012,-0.0001,8194.55,3,62.5554,159.126,step
2026-08-31T19:07:33.303728+00:00,89.411,0.0005,0.15,0.0,-0.0012,-0.0001,8200.53,3,62.0599,159.146,step
2026-08-31T19:07:33.304971+00:00,89.478,0.0005,0.15,0.0,-0.0012,-0.0001,8205.6,3,61.5641,159.166,step
2026-08-31T19:07:33.306411+00:00,89.544,0.0005,0.0,0.15,-0.0013,-0.0001,8211.75,3,61.0659,159.186,step
2026-08-31T19:07:33.307640+00:00,89.224,0.0005,0.15,0.0,-0.0013,-0.0002,8050.14,3,60.5631,159.206,step
2026-08-31T19:07:33.308793+00:00,89.099,0.0004,0.15,0.0,-0.0013,-0.0002,8173.57,3,60.0632,159.226,step
2026-08-31T19:07:33.309941+00:00,89.165,0.0004,0.15,0.0,-0.0013,-0.0002,8179.09,3,59.5676,159.246,step
2026-08-31T19:07:33.311092+00:00,89.232,0.0004,0.15,0.0,-0.0013,-0.0002,8184.85,3,59.0729,159.266,step
2026-08-31T19:07:33.312348+00:00,89.298,0.0004,0.15,0.0,-0.0013,-0.0002,8190.67,3,58.5777,159.286,step
2026-08-31T19:07:33.313571+00:00,89.365,0.0005,0.0,0.15,-0.0013,-0.0002,8196.62,3,58.0826,159.306,step
2026-08-31T19:07:33.314904+00:00,89.046,0.0005,0.0,0.15,-0.0013,-0.0002,8033.06,3,57.5895,159.326,step
2026-08-31T19:07:33.316171+00:00,88.528,0.0005,0.0,0.15,-0.0014,-0.0001,7984.92,3,57.1026,159.346,step
2026-08-31T19:07:33.317392+00:00,88.019,0.0006,0.0,0.15,-0.0014,-0.0001,7938.0,3,56.6172,159.366,step
2026-08-31T19:07:33.318556+00:00,87.511,0.0006,0.0,0.15,-0.0014,-0.0001,7892.32,3,56.1319,159.386,step
2026-08-31T19:07:33.319725+00:00,87.007,0.0006,0.0,0.15,-0.0014,-0.0001,7847.33,3,55.648,159.406,step
2026-08-31T19:07:33.320896+00:00,86.505,0.0006,0.0,0.15,-0.0014,-0.0001,7802.62,3,55.1665,159.426,step
2026-08-31T19:07:33.322143+00:00,86.005,0.0006,0.0,0.15,-0.0014,-0.0001,7758.02,3,54.6874,159.446,step
2026-08-31T19:07:33.323483+00:00,85.502,0.0006,0.0,0.15,-0.0014,-0.0001,7717.9,3,54.2112,159.466,step
2026-08-31T19:07:33.324726+00:00,85.004,0.0006,0.0,0.15,-0.0015,-0.0001,7672.98,3,53.7379,159.486,step
2026-08-31T19:07:33.325846+00:00,84.509,0.0007,0.0,0.15,-0.0015,-0.0001,7627.01,3,53.2673,159.506,step
2026-08-31T19:07:33.326968+00:00,84.016,0.0007,0.0,0.15,-0.0015,-0.0001,7580.91,3,52.7994,159.526,step
2026-08-31T19:07:33.328116+00:00,83.524,0.0007,0.0,0.15,-0.0015,-0.0001,7535.67,3,52.334,159.546,step
2026-08-31T19:07:33.329229+00:00,83.033,0.0007,0.0,0.15,-0.0015,-0.0001,7491.07,3,51.8713,159.566,step
2026-08-31T19:07:33.330429+00:00,82.543,0.0007,0.0,0.15,-0.0016,-0.0001,7446.99,3,51.4112,159.586,step
2026-08-31T19:07:33.331805+00:00,82.054,0.0007,0.0,0.15,-0.0016,-0.0001,7403.32,3,50.9537,159.606,step
2026-08-31T19:07:33.333065+00:00,81.567,0.0007,0.0,0.15,-0.0016,-0.0001,7359.78,3,50.4988,159.626,step
2026-08-31T19:07:33.334257+00:00,81.073,0.0007,0.0,0.15,-0.0016,-0.0001,7316.1,3,50.0465,159.646,step
2026-08-31T19:07:33.335460+00:00,80.588,0.0007,0.0,0.15,-0.0016,-0.0001,7272.91,3,49.5964,159.666,step
2026-08-31T19:07:33.336658+00:00,80.105,0.0007,0.0,0.15,-0.0016,-0.0002,7229.9,3,49.1486,159.686,step
2026-08-31T19:07:33.337864+00:00,79.624,0.0006,0.0,0.15,-0.0017,-0.0002,7186.84,2,48.7034,159.706,step
2026-08-31T19:07:33.339008+00:00,79.162,0.0006,0.0,0.15,-0.0017,-0.0002,9034.83,2,48.2604,159.726,step
2026-08-31T19:07:33.340437+00:00,78.716,0.0006,0.0,0.15,-0.0017,-0.0002,9013.49,2,47.8182,159.746,step
2026-08-31T19:07:33.341628+00:00,78.25,0.0006,0.0,0.15,-0.0017,-0.0003,8868.65,2,47.3778,159.766,step
2026-08-31T19:07:33.342814+00:00,77.706,0.0005,0.0,0.15,-0.0017,-0.0004,8814.04,2,46.9359,159.786,step
2026-08-31T19:07:33.343998+00:00,77.167,0.0004,0.0,0.15,-0.0018,-0.0005,8752.49,2,46.4962,159.806,step
2026-08-31T19:07:33.345271+00:00,76.633,0.0003,0.0,0.15,-0.0018,-0.0006,8688.54,2,46.0606,159.826,step
2026-08-31T19:07:33.346431+00:00,76.102,0.0002,0.0,0.15,-0.0018,-0.0007,8625.62,2,45.6283,159.846,step
2026-08-31T19:07:33.347824+00:00,75.573,0.0001,0.0,0.15,-0.0018,-0.0008,8564.61,2,45.199,159.866,step
2026-08-31T19:07:33.349013+00:00,75.046,-0.2,0.0,0.15,-0.0018,-0.0009,8505.17,2,44.7726,159.886,step
2026-08-31T19:07:33.350185+00:00,74.534,-0.1979,0.0,0.15,-0.002,0.0011,8446.71,2,44.5458,159.906,step
2026-08-31T19:07:33.351376+00:00,73.972,-0.1913,0.0,0.15,-0.0028,0.0071,8384.42,2,44.6985,159.926,step
2026-08-31T19:07:33.352555+00:00,73.428,0.0176,0.0,0.15,-0.0041,0.015,8320.52,2,45.0355,159.946,step
2026-08-31T19:07:33.353779+00:00,72.918,0.0252,0.0,0.15,-0.0057,0.0215,8263.02,2,45.2344,159.966,step
2026-08-31T19:07:33.355046+00:00,72.382,0.028,0.0,0.15,-0.0072,0.0235,8206.34,2,45.0092,159.986,step
2026-08-31T19:07:33.356540+00:00,71.864,-0.1715,0.0,0.15,-0.0086,0.0233,8150.48,2,44.5884,160.006,step
2026-08-31T19:07:33.357779+00:00,71.363,-0.1694,0.0,0.15,-0.0102,0.0246,8094.63,2,44.3078,160.026,step
2026-08-31T19:07:33.359008+00:00,70.82,-0.163,0.0,0.15,-0.0123,0.0297,8034.4,2,44.3787,160.046,step
2026-08-31T19:07:33.360253+00:00,70.298,-0.1546,0.0,0.15,-0.0149,0.0365,7974.36,2,44.5994,160.066,step
2026-08-31T19:07:33.361500+00:00,69.787,-0.1455,0.0,0.15,-0.018,0.0438,7915.44,2,44.8571,160.086,step
2026-08-31T19:07:33.362751+00:00,69.281,0.0636,0.8,0.0,-0.0215,0.0509,7857.59,2,45.101,160.106,step
2026-08-31T19:07:33.363974+00:00,69.573,0.0701,0.0,0.15,-0.0251,0.0554,8785.57,2,45.1139,160.126,step
2026-08-31T19:07:33.365316+00:00,69.604,-0.1282,0.0,0.15,-0.0286,0.0554,7910.63,2,44.7201,160.146,step
2026-08-31T19:07:33.366687+00:00,69.105,-0.1265,0.0,0.15,-0.032,0.0553,7854.69,2,44.3312,160.166,step
2026-08-31T19:07:33.367917+00:00,68.581,-0.1215,0.0,0.15,-0.0358,0.0583,7791.09,2,44.2052,160.186,step
2026-08-31T19:07:33.369107+00:00,68.068,-0.1147,0.0,0.15,-0.04,0.0628,7727.05,2,44.2125,160.206,step
2026-08-31T19:07:33.370294+00:00,67.566,-0.1072,0.0,0.15,-0.0445,0.0679,7666.88,2,44.2678,160.226,step
2026-08-31T19:07:33.371511+00:00,67.07,-0.0996,0.0,0.15,-0.0492,0.073,7609.68,2,44.3253,160.246,step
2026-08-31T19:07:33.372880+00:00,66.577,-0.092,0.0,0.15,-0.0542,0.0779,7554.66,2,44.3656,160.266,step
2026-08-31T19:07:33.374125+00:00,66.087,-0.0846,0.0,0.15,-0.0595,0.0824,7500.63,2,44.3794,160.286,step
2026-08-31T19:07:33.375358+00:00,65.6,-0.0775,0.0,0.15,-0.0649,0.0866,7447.03,2,44.3638,160.306,step
2026-08-31T19:07:33.376585+00:00,65.116,-0.0707,0.0,0.15,-0.0705,0.0905,7393.67,2,44.3189,160.326,step
2026-08-31T19:07:33.377803+00:00,64.633,-0.0642,0.0,0.15,-0.0763,0.094,7340.25,2,44.2455,160.346,step
2026-08-31T19:07:33.379043+00:00,64.147,-0.058,0.0,0.15,-0.0823,0.0971,7286.46,2,44.1446,160.366,step
2026-08-31T19:07:33.380387+00:00,63.667,-0.052,0.0,0.15,-0.0883,0.0999,7233.14,2,44.0221,160.386,step
2026-08-31T19:07:33.381734+00:00,63.191,-0.0463,0.0,0.15,-0.0945,0.1025,7180.33,2,43.8766,160.406,step
2026-08-31T19:07:33.382981+00:00,62.717,-0.0408,0.0,0.15,-0.1007,0.1048,7127.37,2,43.7082,160.426,step
2026-08-31T19:07:33.384223+00:00,62.245,-0.0356,0.0,0.15,-0.107,0.1067,7074.25,2,43.5197,160.446,step
2026-08-31T19:07:33.385389+00:00,61.775,-0.0307,0.0,0.15,-0.1133,0.1085,7020.94,2,43.3131,160.466,step
2026-08-31T19:07:33.386581+00:00,61.306,-0.0259,0.0,0.15,-0.1197,0.11,6967.92,2,43.09,160.486,step
2026-08-31T19:07:33.387865+00:00,60.838,-0.0214,0.0,0.15,-0.1261,0.1112,6914.94,2,42.8511,160.506,step
2026-08-31T19:07:33.389270+00:00,60.37,-0.0171,0.0,0.15,-0.1325,0.1123,6863.94,2,42.5971,160.526,step
2026-08-31T19:07:33.390580+00:00,59.899,-0.013,0.0,0.15,-0.1388,0.1131,6817.67,2,42.3292,160.546,step
2026-08-31T19:07:33.391790+00:00,59.433,-0.0092,0.0,0.15,-0.1452,0.1138,6764.35,2,42.05,160.566,step
2026-08-31T19:07:33.392983+00:00,58.969,-0.0055,0.0,0.15,-0.1515,0.1143,6709.54,2,41.7599,160.586,step
2026-08-31T19:07:33.394165+00:00,58.509,-0.002,0.0,0.15,-0.1578,0.1147,6654.63,2,41.4597,160.606,step
2026-08-31T19:07:33.395354+00:00,58.049,0.0013,0.0,0.15,-0.164,0.1149,6601.08,2,41.1508,160.626,step
2026-08-31T19:07:33.396743+00:00,57.592,0.0045,0.0,0.15,-0.1702,0.1149,6548.64,2,40.8348,160.646,step
2026-08-31T19:07:33.398108+00:00,57.135,0.0075,0.0,0.15,-0.1763,0.1149,6496.98,2,40.5124,160.666,step
2026-08-31T19:07:33.399295+00:00,56.68,0.0103,0.0,0.15,-0.1824,0.1147,6445.8,2,40.1838,160.686,step
2026-08-31T19:07:33.400559+00:00,56.226,0.013,0.0,0.15,-0.1884,0.1144,6394.88,2,39.8479,160.706,step
2026-08-31T19:07:33.401794+00:00,55.773,0.0155,0.0,0.15,-0.1943,0.1139,6344.12,2,39.5059,160.726,step
2026-08-31T19:07:33.403002+00:00,55.322,0.0179,0.0,0.15,-0.2001,0.1134,6293.41,2,39.1599,160.746,step
2026-08-31T19:07:33.404182+00:00,54.872,0.0201,0.0,0.15,-0.2058,0.1128,6242.76,2,38.81,160.766,step
2026-08-31T19:07:33.405793+00:00,54.424,0.0222,0.0,0.15,-0.2114,0.1121,6192.18,2,38.4571,160.786,step
2026-08-31T19:07:33.407118+00:00,53.973,0.0241,0.0,0.15,-0.217,0.1113,6141.51,2,38.1018,160.806,step
2026-08-31T19:07:33.408358+00:00,53.525,0.026,0.0,0.15,-0.2224,0.1104,6090.86,2,37.7442,160.826,step
2026-08-31T19:07:33.409734+00:00,53.081,0.0277,0.0,0.15,-0.2278,0.1095,6040.75,2,37.3851,160.846,step
2026-08-31T19:07:33.411061+00:00,52.637,0.0293,0.0,0.15,-0.233,0.1085,5990.75,2,37.0248,160.866,step
2026-08-31T19:07:33.412360+00:00,52.194,0.0308,0.0,0.15,-0.2382,0.1075,5940.72,2,36.665,160.886,step
2026-08-31T19:07:33.413615+00:00,51.753,0.0322,0.0,0.15,-0.2432,0.1064,5890.68,2,36.3053,160.906,step
2026-08-31T19:07:33.415222+00:00,51.313,0.0298,0.0,0.15,-0.2481,0.1018,5840.68,2,35.9464,160.926,step
2026-08-31T19:07:33.416550+00:00,50.874,0.0258,0.15,0.0,-0.2527,0.0957,5790.71,2,35.5924,160.946,step
2026-08-31T19:07:33.417876+00:00,50.882,0.0217,0.15,0.0,-0.2569,0.0898,5900.03,2,35.2497,160.966,step
2026-08-31T19:07:33.419166+00:00,50.997,0.0177,0.15,0.0,-0.261,0.084,5912.2,2,34.9174,160.986,step
2026-08-31T19:07:33.420555+00:00,51.112,0.0137,0.15,0.0,-0.2647,0.0783,5923.23,2,34.5937,161.006,step
2026-08-31T19:07:33.421838+00:00,51.228,0.0097,0.15,0.0,-0.2682,0.0728,5934.76,2,34.2785,161.026,step
2026-08-31T19:07:33.423448+00:00,51.342,0.0057,0.0,0.15,-0.2715,0.0673,5948.09,2,33.9709,161.046,step
2026-08-31T19:07:33.424810+00:00,51.027,0.0017,0.15,0.0,-0.2745,0.062,5813.47,2,33.6701,161.066,step
2026-08-31T19:07:33.426112+00:00,51.018,-0.0023,0.15,0.0,-0.2773,0.0568,5913.85,2,33.3792,161.086,step
2026-08-31T19:07:33.427392+00:00,51.132,-0.0063,0.15,0.0,-0.2799,0.0517,5927.28,2,33.0951,161.106,step
2026-08-31T19:07:33.428679+00:00,51.246,-0.0103,0.15,0.0,-0.2823,0.0468,5940.28,2,32.8177,161.126,step
2026-08-31T19:07:33.429990+00:00,51.361,-0.0142,0.0,0.15,-0.2845,0.0419,5953.2,2,32.547,161.146,step
2026-08-31T19:07:33.431520+00:00,51.042,-0.0182,0.15,0.0,-0.2864,0.0372,5812.2,2,32.2848,161.166,step
2026-08-31T19:07:33.432831+00:00,51.031,-0.022,0.15,0.0,-0.2881,0.0326,5915.6,2,32.0326,161.186,step
2026-08-31T19:07:33.434158+00:00,51.145,-0.0259,0.15,0.0,-0.2897,0.0282,5928.01,2,31.7855,161.206,step
2026-08-31T19:07:33.435416+00:00,51.258,-0.0297,0.15,0.0,-0.2911,0.0238,5940.43,2,31.5444,161.226,step
2026-08-31T19:07:33.436742+00:00,51.37,-0.0336,0.0,0.15,-0.2923,0.0195,5952.96,2,31.3093,161.246,step
2026-08-31T19:07:33.438132+00:00,51.05,-0.0373,0.15,0.0,-0.2933,0.0154,5814.32,2,31.0829,161.266,step
2026-08-31T19:07:33.439625+00:00,51.034,-0.041,0.15,0.0,-0.2941,0.0115,5914.37,2,30.8654,161.286,step
2026-08-31T19:07:33.440890+00:00,51.146,-0.0447,0.15,0.0,-0.2948,0.0076,5927.14,2,30.6501,161.306,step
2026-08-31T19:07:33.442229+00:00,51.257,-0.0484,0.15,0.0,-0.2953,0.0038,5939.7,2,30.4396,161.326,step
2026-08-31T19:07:33.443579+00:00,51.369,-0.0522,0.0,0.15,-0.2956,0.0,5952.3,2,30.2335,161.346,step
2026-08-31T19:07:33.444968+00:00,51.051,-0.0558,0.15,0.0,-0.2958,-0.0036,5813.46,2,30.0359,161.366,step
2026-08-31T19:07:33.446322+00:00,51.026,-0.0593,0.15,0.0,-0.2959,-0.0069,5912.9,2,29.8487,161.386,step
2026-08-31T19:07:33.447773+00:00,51.137,-0.0628,0.0,0.15,-0.2958,-0.0103,5923.76,2,29.6621,161.406,step
2026-08-31T19:07:33.449149+00:00,50.812,-0.0663,0.0,0.15,-0.2955,-0.0135,5789.17,2,29.4833,161.426,step
2026-08-31T19:07:33.450510+00:00,50.365,-0.0696,0.15,0.0,-0.2951,-0.0165,5735.71,2,29.318,161.446,step
2026-08-31T19:07:33.451768+00:00,50.344,-0.0728,0.0,0.15,-0.2947,-0.0193,5833.43,2,29.1585,161.466,step
2026-08-31T19:07:33.453034+00:00,50.017,-0.0759,0.0,0.15,-0.2941,-0.0221,5695.09,2,29.0023,161.486,step
2026-08-31T19:07:33.454296+00:00,49.574,-0.0789,0.15,0.0,-0.2934,-0.0246,5643.35,1,28.858,161.506,step
2026-08-31T19:07:33.455806+00:00,49.483,-0.0818,0.0,0.15,-0.2926,-0.027,7651.86,1,28.7216,161.526,step
2026-08-31T19:07:33.457048+00:00,49.146,-0.0846,0.15,0.0,-0.2917,-0.0293,7640.49,1,28.5904,161.546,step
2026-08-31T19:07:33.458328+00:00,49.075,-0.0872,0.0,0.15,-0.2907,-0.0314,7635.21,1,28.4654,161.566,step
2026-08-31T19:07:33.459634+00:00,48.706,-0.0899,0.15,0.0,-0.2897,-0.0335,7427.78,1,28.3439,161.586,step
2026-08-31T19:07:33.460969+00:00,48.693,-0.0926,0.0,0.15,-0.2886,-0.0355,7611.26,1,28.2217,161.606,step
2026-08-31T19:07:33.462343+00:00,48.336,-0.0953,0.0,0.15,-0.2874,-0.0376,7373.49,1,28.1003,161.626,step
2026-08-31T19:07:33.463654+00:00,47.845,-0.0978,0.15,0.0,-0.2862,-0.0393,7296.79,1,27.9913,161.646,step
2026-08-31T19:07:33.465173+00:00,47.834,-0.1003,0.15,0.0,-0.2849,-0.0411,7477.53,1,27.8827,161.666,step
2026-08-31T19:07:33.466471+00:00,47.985,-0.103,0.0,0.15,-0.2835,-0.043,7499.02,1,27.7662,161.686,step
2026-08-31T19:07:33.467784+00:00,47.633,-0.1055,0.0,0.15,-0.2821,-0.0448,7269.54,1,27.6565,161.706,step
2026-08-31T19:07:33.469069+00:00,47.145,-0.1078,0.15,0.0,-0.2806,-0.0463,7192.5,1,27.5612,161.726,step
2026-08-31T19:07:33.470375+00:00,47.132,-0.1101,0.15,0.0,-0.2791,-0.0478,7367.09,1,27.4666,161.746,step
2026-08-31T19:07:33.471673+00:00,47.282,-0.1127,0.0,0.15,-0.2775,-0.0495,7388.98,1,27.3637,161.766,step
2026-08-31T19:07:33.473127+00:00,46.931,-0.115,0.0,0.15,-0.2759,-0.051,7163.37,1,27.2681,161.786,step
2026-08-31T19:07:33.474433+00:00,46.444,-0.1171,0.15,0.0,-0.2743,-0.0522,7087.32,1,27.187,161.806,step
2026-08-31T19:07:33.475696+00:00,46.434,-0.1192,0.15,0.0,-0.2726,-0.0534,7254.87,1,27.105,161.826,step
2026-08-31T19:07:33.476898+00:00,46.583,-0.1215,0.0,0.15,-0.2709,-0.0548,7277.33,1,27.014,161.846,step
2026-08-31T19:07:33.478109+00:00,46.229,-0.1237,0.15,0.0,-0.2691,-0.056,7060.35,1,26.9311,161.866,step
2026-08-31T19:07:33.479347+00:00,46.218,-0.1257,0.0,0.15,-0.2673,-0.0571,7222.03,1,26.8553,161.886,step
2026-08-31T19:07:33.480608+00:00,45.867,-0.1277,0.15,0.0,-0.2655,-0.0582,7002.03,1,26.7807,161.906,step
2026-08-31T19:07:33.482070+00:00,45.855,-0.1295,0.15,0.0,-0.2637,-0.0591,7167.14,1,26.7121,161.926,step
2026-08-31T19:07:33.483346+00:00,46.005,-0.1316,0.0,0.15,-0.2618,-0.0601,7189.15,1,26.6358,161.946,step
2026-08-31T19:07:33.484592+00:00,45.656,-0.1335,0.15,0.0,-0.2599,-0.061,6971.08,1,26.5669,161.966,step
2026-08-31T19:07:33.485816+00:00,45.642,-0.1353,0.0,0.15,-0.258,-0.0618,7133.39,1,26.5038,161.986,step
2026-08-31T19:07:33.487076+00:00,45.293,-0.137,0.15,0.0,-0.256,-0.0626,6915.36,1,26.4412,162.006,step
2026-08-31T19:07:33.488479+00:00,45.28,-0.1387,0.15,0.0,-0.2541,-0.0632,7077.63,1,26.3849,162.026,step
2026-08-31T19:07:33.489837+00:00,45.429,-0.1405,0.0,0.15,-0.2521,-0.064,7099.23,1,26.3214,162.046,step
2026-08-31T19:07:33.491352+00:00,45.078,-0.1421,0.15,0.0,-0.2501,-0.0646,6885.38,1,26.2648,162.066,step
2026-08-31T19:07:33.492665+00:00,45.066,-0.1436,0.15,0.0,-0.2482,-0.0652,7042.58,1,26.2138,162.086,step
2026-08-31T19:07:33.493980+00:00,45.214,-0.1453,0.0,0.15,-0.2462,-0.0658,7064.93,1,26.1549,162.106,step
2026-08-31T19:07:33.495271+00:00,44.866,-0.1469,0.15,0.0,-0.2442,-0.0664,6853.06,1,26.1032,162.126,step
2026-08-31T19:07:33.496591+00:00,44.851,-0.1483,0.0,0.15,-0.2421,-0.0668,7009.13,1,26.0576,162.146,step
2026-08-31T19:07:33.498066+00:00,44.502,-0.1498,0.15,0.0,-0.2401,-0.0672,6796.24,1,26.0122,162.166,step
2026-08-31T19:07:33.499327+00:00,44.488,-0.1511,0.15,0.0,-0.2381,-0.0675,6953.42,1,25.9721,162.186,step
2026-08-31T19:07:33.500596+00:00,44.636,-0.1526,0.0,0.15,-0.2361,-0.068,6975.14,1,25.9232,162.206,step
2026-08-31T19:07:33.501911+00:00,44.287,-0.154,0.15,0.0,-0.234,-0.0683,6765.46,1,25.8819,162.226,step
2026-08-31T19:07:33.503192+00:00,44.273,-0.1552,0.15,0.0,-0.232,-0.0685,6916.4,1,25.8463,162.246,step
2026-08-31T19:07:33.504439+00:00,44.42,-0.1566,0.0,0.15,-0.23,-0.0689,6938.15,1,25.801,162.266,step
2026-08-31T19:07:33.505778+00:00,44.068,-0.1579,0.15,0.0,-0.2279,-0.0692,6735.96,1,25.7636,162.286,step
2026-08-31T19:07:33.507171+00:00,44.054,-0.159,0.15,0.0,-0.2259,-0.0693,6883.08,1,25.7324,162.306,step
2026-08-31T19:07:33.508405+00:00,44.2,-0.1603,0.15,0.0,-0.2239,-0.0696,6905.81,1,25.6924,162.326,step
2026-08-31T19:07:33.509638+00:00,44.346,-0.1617,0.0,0.15,-0.2219,-0.0699,6928.32,1,25.6512,162.346,step
2026-08-31T19:07:33.510840+00:00,43.999,-0.1628,0.15,0.0,-0.2198,-0.07,6721.51,1,25.6198,162.366,step
2026-08-31T19:07:33.512043+00:00,43.981,-0.1638,0.15,0.0,-0.2178,-0.07,6873.68,1,25.5952,162.386,step
2026-08-31T19:07:33.513296+00:00,44.128,-0.165,0.0,0.15,-0.2158,-0.0701,6895.49,1,25.5618,162.406,step
2026-08-31T19:07:33.514773+00:00,43.78,-0.166,0.15,0.0,-0.2138,-0.0701,6688.02,1,25.536,162.426,step
2026-08-31T19:07:33.516088+00:00,43.763,-0.1668,0.15,0.0,-0.2118,-0.07,6839.66,1,25.5164,162.446,step
2026-08-31T19:07:33.517315+00:00,43.909,-0.1679,0.0,0.15,-0.2098,-0.07,6861.54,1,25.4878,162.466,step
2026-08-31T19:07:33.518624+00:00,43.557,-0.1687,0.15,0.0,-0.2078,-0.0699,6655.5,1,25.4677,162.486,step
2026-08-31T19:07:33.519962+00:00,43.543,-0.1694,0.15,0.0,-0.2059,-0.0697,6805.21,1,25.4532,162.506,step
2026-08-31T19:07:33.521253+00:00,43.688,-0.1704,0.15,0.0,-0.2039,-0.0696,6827.04,1,25.4283,162.526,step
2026-08-31T19:07:33.522776+00:00,43.834,-0.1714,0.0,0.15,-0.202,-0.0697,6848.84,1,25.4012,162.546,step
2026-08-31T19:07:33.524078+00:00,43.486,-0.1722,0.15,0.0,-0.2001,-0.0695,6645.9,1,25.3829,162.566,step
2026-08-31T19:07:33.525356+00:00,43.467,-0.1729,0.15,0.0,-0.1981,-0.0692,6793.39,1,25.3702,162.586,step
2026-08-31T19:07:33.526642+00:00,43.612,-0.1738,0.15,0.0,-0.1962,-0.0692,6815.34,1,25.3483,162.606,step
2026-08-31T19:07:33.527836+00:00,43.757,-0.1747,0.0,0.15,-0.1943,-0.0692,6837.43,1,25.3251,162.626,step
2026-08-31T19:07:33.529056+00:00,43.409,-0.1754,0.15,0.0,-0.1924,-0.0689,6633.41,1,25.3115,162.646,step
2026-08-31T19:07:33.530287+00:00,43.388,-0.176,0.15,0.0,-0.1906,-0.0686,6782.0,1,25.3037,162.666,step
2026-08-31T19:07:33.531864+00:00,43.533,-0.1768,0.15,0.0,-0.1887,-0.0685,6803.56,1,25.2866,162.686,step
2026-08-31T19:07:33.533177+00:00,43.678,-0.1776,0.0,0.15,-0.1869,-0.0684,6822.5,1,25.268,162.706,step
2026-08-31T19:07:33.534465+00:00,43.325,-0.1782,0.15,0.0,-0.185,-0.0681,6624.29,1,25.259,162.726,step
2026-08-31T19:07:33.535745+00:00,43.307,-0.1787,0.15,0.0,-0.1832,-0.0676,6766.73,1,25.2549,162.746,step
2026-08-31T19:07:33.537094+00:00,43.45,-0.1793,0.15,0.0,-0.1814,-0.0674,6789.42,1,25.2414,162.766,step
2026-08-31T19:07:33.538381+00:00,43.594,-0.1801,0.0,0.15,-0.1797,-0.0673,6811.69,1,25.2263,162.786,step
2026-08-31T19:07:33.539884+00:00,43.245,-0.1806,0.15,0.0,-0.1779,-0.0669,6608.18,1,25.2209,162.806,step
2026-08-31T19:07:33.541105+00:00,43.224,-0.1809,0.15,0.0,-0.1761,-0.0664,6756.69,1,25.2219,162.826,step
2026-08-31T19:07:33.542308+00:00,43.368,-0.1815,0.15,0.0,-0.1744,-0.0661,6777.88,1,25.2129,162.846,step
2026-08-31T19:07:33.543555+00:00,43.512,-0.1821,0.0,0.15,-0.1727,-0.0659,6799.63,1,25.2014,162.866,step
2026-08-31T19:07:33.544881+00:00,43.164,-0.1825,0.15,0.0,-0.171,-0.0654,6596.26,1,25.1991,162.886,step
2026-08-31T19:07:33.546181+00:00,43.142,-0.1828,0.15,0.0,-0.1693,-0.0649,6743.46,1,25.2024,162.906,step
2026-08-31T19:07:33.547448+00:00,43.286,-0.1832,0.15,0.0,-0.1677,-0.0646,6765.1,1,25.196,162.926,step
2026-08-31T19:07:33.548727+00:00,43.429,-0.1837,0.0,0.15,-0.1661,-0.0643,6787.0,1,25.1883,162.946,step
2026-08-31T19:07:33.550053+00:00,43.078,-0.184,0.15,0.0,-0.1644,-0.0638,6584.22,1,25.1904,162.966,step
2026-08-31T19:07:33.551321+00:00,43.058,-0.1842,0.15,0.0,-0.1629,-0.0632,6731.34,1,25.1977,162.986,step
2026-08-31T19:07:33.552569+00:00,43.202,-0.1846,0.15,0.0,-0.1613,-0.0628,6752.71,1,25.1942,163.006,step
2026-08-31T19:07:33.553803+00:00,43.345,-0.185,0.15,0.0,-0.1597,-0.0624,6774.57,1,25.189,163.026,step
2026-08-31T19:07:33.555153+00:00,43.488,-0.1855,0.0,0.15,-0.1582,-0.0621,6796.52,1,25.1829,163.046,step
2026-08-31T19:07:33.556600+00:00,43.14,-0.1857,0.15,0.0,-0.1567,-0.0616,6593.72,1,25.186,163.066,step
2026-08-31T19:07:33.557935+00:00,43.115,-0.1858,0.15,0.0,-0.1552,-0.0611,6741.49,1,25.1948,163.086,step
2026-08-31T19:07:33.559190+00:00,43.258,-0.1862,0.15,0.0,-0.1537,-0.0607,6763.07,1,25.1941,163.106,step
2026-08-31T19:07:33.560409+00:00,43.401,-0.1866,0.15,0.0,-0.1523,-0.0603,6784.67,1,25.1911,163.126,step
2026-08-31T19:07:33.561621+00:00,43.544,-0.1869,0.0,0.15,-0.1508,-0.06,6806.54,1,25.1881,163.146,step
2026-08-31T19:07:33.562920+00:00,43.194,-0.1871,0.15,0.0,-0.1494,-0.0595,6602.41,1,25.1951,163.166,step
2026-08-31T19:07:33.564419+00:00,43.17,-0.1871,0.15,0.0,-0.148,-0.0588,6747.57,1,25.2066,163.186,step
2026-08-31T19:07:33.565761+00:00,43.312,-0.1874,0.15,0.0,-0.1466,-0.0584,6770.01,1,25.2077,163.206,step
2026-08-31T19:07:33.567010+00:00,43.454,-0.1877,0.0,0.15,-0.1453,-0.0581,6792.17,1,25.2069,163.226,step
2026-08-31T19:07:33.568227+00:00,43.103,-0.1878,0.15,0.0,-0.1439,-0.0575,6587.73,1,25.2164,163.246,step
2026-08-31T19:07:33.569388+00:00,43.079,-0.1877,0.15,0.0,-0.1426,-0.0568,6736.83,1,25.2315,163.266,step
2026-08-31T19:07:33.570614+00:00,43.222,-0.1879,0.15,0.0,-0.1413,-0.0564,6757.83,1,25.2361,163.286,step
2026-08-31T19:07:33.571872+00:00,43.365,-0.1881,0.15,0.0,-0.1401,-0.056,6779.34,1,25.2383,163.306,step
2026-08-31T19:07:33.573339+00:00,43.508,-0.1884,0.0,0.15,-0.1388,-0.0556,6800.98,1,25.2393,163.326,step
2026-08-31T19:07:33.574620+00:00,43.16,-0.1884,0.15,0.0,-0.1376,-0.055,6596.64,1,25.2497,163.346,step
2026-08-31T19:07:33.575848+00:00,43.134,-0.1883,0.15,0.0,-0.1364,-0.0544,6745.05,1,25.2651,163.366,step
2026-08-31T19:07:33.577083+00:00,43.277,-0.1884,0.15,0.0,-0.1352,-0.0539,6766.22,1,25.2703,163.386,step
2026-08-31T19:07:33.578318+00:00,43.419,-0.1886,0.15,0.0,-0.134,-0.0535,6788.14,1,25.2737,163.406,step
2026-08-31T19:07:33.579674+00:00,43.562,-0.1887,0.15,0.0,-0.1329,-0.0531,6810.03,1,25.277,163.426,step
2026-08-31T19:07:33.581252+00:00,43.704,-0.1889,0.0,0.15,-0.1317,-0.0527,6832.24,1,25.2802,163.446,step
2026-08-31T19:07:33.582597+00:00,43.354,-0.1888,0.15,0.0,-0.1306,-0.0521,6626.46,1,25.2932,163.466,step
2026-08-31T19:07:33.583932+00:00,43.326,-0.1887,0.15,0.0,-0.1295,-0.0514,6777.77,1,25.3113,163.486,step
2026-08-31T19:07:33.585187+00:00,43.468,-0.1887,0.15,0.0,-0.1285,-0.0509,6799.13,1,25.3196,163.506,step
2026-08-31T19:07:33.586416+00:00,43.611,-0.1888,0.15,0.0,-0.1274,-0.0505,6820.54,1,25.3256,163.526,step
2026-08-31T19:07:33.587648+00:00,43.753,-0.1889,0.0,0.15,-0.1264,-0.0501,6842.44,1,25.3307,163.546,step
2026-08-31T19:07:33.588971+00:00,43.404,-0.1888,0.15,0.0,-0.1254,-0.0495,6633.85,1,25.3454,163.566,step
2026-08-31T19:07:33.590468+00:00,43.375,-0.1886,0.15,0.0,-0.1244,-0.0489,6787.35,1,25.3648,163.586,step
2026-08-31T19:07:33.591726+00:00,43.517,-0.1886,0.15,0.0,-0.1234,-0.0484,6808.37,1,25.3744,163.606,step
2026-08-31T19:07:33.592980+00:00,43.66,-0.1886,0.15,0.0,-0.1225,-0.048,6829.82,1,25.3818,163.626,step
2026-08-31T19:07:33.594248+00:00,43.803,-0.1887,0.0,0.15,-0.1216,-0.0476,6848.87,1,25.3879,163.646,step
2026-08-31T19:07:33.595437+00:00,43.452,-0.1885,0.15,0.0,-0.1206,-0.047,6642.84,1,25.4036,163.666,step
2026-08-31T19:07:33.596689+00:00,43.424,-0.1883,0.15,0.0,-0.1198,-0.0464,6793.61,1,25.4237,163.686,step
2026-08-31T19:07:33.598116+00:00,43.566,-0.1883,0.15,0.0,-0.1189,-0.0459,6815.33,1,25.4333,163.706,step
2026-08-31T19:07:33.599366+00:00,43.709,-0.1883,0.15,0.0,-0.1181,-0.0455,6836.99,1,25.4404,163.726,step
2026-08-31T19:07:33.600607+00:00,43.851,-0.1883,0.15,0.0,-0.1172,-0.0452,6858.85,1,25.4467,163.746,step
2026-08-31T19:07:33.601878+00:00,43.993,-0.1883,0.0,0.15,-0.1164,-0.0448,6880.78,1,25.4522,163.766,step
2026-08-31T19:07:33.603192+00:00,43.645,-0.1882,0.15,0.0,-0.1156,-0.0443,6670.0,1,25.4675,163.786,step
2026-08-31T19:07:33.604471+00:00,43.614,-0.1879,0.15,0.0,-0.1148,-0.0436,6825.18,1,25.4877,163.806,step
2026-08-31T19:07:33.605715+00:00,43.757,-0.1878,0.15,0.0,-0.114,-0.0432,6845.7,1,25.4983,163.826,step
2026-08-31T19:07:33.607267+00:00,43.9,-0.1878,0.15,0.0,-0.1133,-0.0428,6867.06,1,25.5067,163.846,step
2026-08-31T19:07:33.608551+00:00,44.042,-0.1878,0.0,0.15,-0.1126,-0.0424,6888.8,1,25.5144,163.866,step
2026-08-31T19:07:33.609947+00:00,43.691,-0.1875,0.15,0.0,-0.1119,-0.0418,6677.48,1,25.532,163.886,step
2026-08-31T19:07:33.611215+00:00,43.661,-0.1872,0.15,0.0,-0.1112,-0.0412,6833.99,1,25.5539,163.906,step
2026-08-31T19:07:33.612583+00:00,43.804,-0.187,0.15,0.0,-0.1105,-0.0407,6855.1,1,25.5653,163.926,step
2026-08-31T19:07:33.613939+00:00,43.946,-0.187,0.15,0.0,-0.1099,-0.0403,6876.64,1,25.5739,163.946,step
2026-08-31T19:07:33.615460+00:00,44.089,-0.1869,0.15,0.0,-0.1092,-0.04,6898.62,1,25.5813,163.966,step
2026-08-31T19:07:33.616736+00:00,44.231,-0.1869,0.0,0.15,-0.1086,-0.0396,6920.81,1,25.5879,163.986,step
2026-08-31T19:07:33.618048+00:00,43.883,-0.1866,0.15,0.0,-0.108,-0.0391,6706.62,1,25.6042,164.006,step
2026-08-31T19:07:33.619353+00:00,43.848,-0.1863,0.15,0.0,-0.1074,-0.0385,6866.51,1,25.6245,164.026,step
2026-08-31T19:07:33.620656+00:00,43.991,-0.1861,0.15,0.0,-0.1069,-0.0381,6887.46,1,25.6356,164.046,step
2026-08-31T19:07:33.622112+00:00,44.134,-0.186,0.15,0.0,-0.1063,-0.0377,6908.73,1,25.6442,164.066,step
2026-08-31T19:07:33.623400+00:00,44.276,-0.1859,0.0,0.15,-0.1058,-0.0374,6930.69,1,25.6518,164.086,step
2026-08-31T19:07:33.624666+00:00,43.927,-0.1856,0.15,0.0,-0.1053,-0.0368,6714.42,1,25.6688,164.106,step
2026-08-31T19:07:33.625893+00:00,43.894,-0.1853,0.15,0.0,-0.1048,-0.0362,6872.16,1,25.6889,164.126,step
2026-08-31T19:07:33.627102+00:00,44.037,-0.1851,0.15,0.0,-0.1043,-0.0358,6893.68,1,25.6993,164.146,step
2026-08-31T19:07:33.628341+00:00,44.18,-0.185,0.15,0.0,-0.1038,-0.0355,6915.46,1,25.7073,164.166,step
2026-08-31T19:07:33.629570+00:00,44.322,-0.1849,0.15,0.0,-0.1034,-0.0352,6937.38,1,25.7142,164.186,step
2026-08-31T19:07:33.630945+00:00,44.465,-0.1848,0.0,0.15,-0.1029,-0.0349,6959.3,1,25.7204,164.206,step
2026-08-31T19:07:33.632171+00:00,44.117,-0.1845,0.15,0.0,-0.1025,-0.0344,6741.54,1,25.736,164.226,step
2026-08-31T19:07:33.633448+00:00,44.081,-0.1841,0.15,0.0,-0.1021,-0.0338,6903.74,1,25.7547,164.246,step
2026-08-31T19:07:33.634673+00:00,44.225,-0.1839,0.15,0.0,-0.1017,-0.0335,6923.99,1,25.7645,164.266,step
2026-08-31T19:07:33.635900+00:00,44.368,-0.1838,0.15,0.0,-0.1013,-0.0332,6945.32,1,25.772,164.286,step
2026-08-31T19:07:33.637152+00:00,44.51,-0.1837,0.0,0.15,-0.1009,-0.0329,6966.95,1,25.7787,164.306,step
2026-08-31T19:07:33.638506+00:00,44.16,-0.1833,0.15,0.0,-0.1006,-0.0324,6748.21,1,25.795,164.326,step
2026-08-31T19:07:33.640080+00:00,44.125,-0.1829,0.15,0.0,-0.1003,-0.0318,6911.69,1,25.8139,164.346,step
2026-08-31T19:07:33.641418+00:00,44.268,-0.1827,0.15,0.0,-0.0999,-0.0315,6932.44,1,25.8235,164.366,step
2026-08-31T19:07:33.642722+00:00,44.411,-0.1826,0.15,0.0,-0.0996,-0.0312,6953.88,1,25.8308,164.386,step
2026-08-31T19:07:33.643950+00:00,44.554,-0.1824,0.0,0.15,-0.0994,-0.0309,6975.66,1,25.8368,164.406,step
2026-08-31T19:07:33.645160+00:00,44.207,-0.1821,0.15,0.0,-0.0991,-0.0305,6755.21,1,25.8509,164.426,step
2026-08-31T19:07:33.646469+00:00,44.169,-0.1818,0.15,0.0,-0.0988,-0.03,6920.49,1,25.8673,164.446,step
2026-08-31T19:07:33.647827+00:00,44.312,-0.1816,0.15,0.0,-0.0985,-0.0297,6941.08,1,25.8757,164.466,step
2026-08-31T19:07:33.649080+00:00,44.455,-0.1815,0.15,0.0,-0.0983,-0.0295,6962.39,1,25.882,164.486,step
2026-08-31T19:07:33.650329+00:00,44.597,-0.1814,0.15,0.0,-0.0981,-0.0293,6984.13,1,25.8864,164.506,step
2026-08-31T19:07:33.651591+00:00,44.74,-0.1813,0.0,0.15,-0.0979,-0.0291,7006.13,1,25.8896,164.526,step
2026-08-31T19:07:33.652832+00:00,44.392,-0.181,0.15,0.0,-0.0976,-0.0287,6785.29,1,25.9018,164.546,step
2026-08-31T19:07:33.654174+00:00,44.354,-0.1807,0.15,0.0,-0.0974,-0.0283,6947.76,1,25.9164,164.566,step
2026-08-31T19:07:33.655854+00:00,44.496,-0.1805,0.15,0.0,-0.0972,-0.028,6969.44,1,25.9234,164.586,step
2026-08-31T19:07:33.657150+00:00,44.639,-0.1804,0.15,0.0,-0.097,-0.0278,6991.02,1,25.9287,164.606,step
2026-08-31T19:07:33.658353+00:00,44.781,-0.1803,0.0,0.15,-0.0969,-0.0276,7012.94,1,25.9324,164.626,step
2026-08-31T19:07:33.659574+00:00,44.434,-0.18,0.15,0.0,-0.0967,-0.0273,6788.58,1,25.9444,164.646,step
2026-08-31T19:07:33.660762+00:00,44.394,-0.1797,0.15,0.0,-0.0965,-0.0269,6956.97,1,25.9591,164.666,step
2026-08-31T19:07:33.661970+00:00,44.537,-0.1795,0.15,0.0,-0.0964,-0.0266,6976.88,1,25.966,164.686,step
2026-08-31T19:07:33.663258+00:00,44.68,-0.1793,0.15,0.0,-0.0963,-0.0264,6998.03,1,25.9698,164.706,step
2026-08-31T19:07:33.664734+00:00,44.823,-0.1792,0.0,0.15,-0.0961,-0.0263,7019.26,1,25.9719,164.726,step
2026-08-31T19:07:33.665992+00:00,44.474,-0.179,0.15,0.0,-0.096,-0.026,6795.36,1,25.9828,164.746,step
2026-08-31T19:07:33.667263+00:00,44.435,-0.1786,0.15,0.0,-0.0959,-0.0256,6963.31,1,25.9966,164.766,step
2026-08-31T19:07:33.668586+00:00,44.578,-0.1784,0.15,0.0,-0.0958,-0.0253,6983.79,1,26.0027,164.786,step
2026-08-31T19:07:33.669838+00:00,44.721,-0.1783,0.15,0.0,-0.0957,-0.0252,7005.02,1,26.0057,164.806,step
2026-08-31T19:07:33.671119+00:00,44.863,-0.1782,0.0,0.15,-0.0957,-0.025,7026.63,1,26.0069,164.826,step
2026-08-31T19:07:33.672517+00:00,44.517,-0.1779,0.15,0.0,-0.0956,-0.0247,6801.63,1,26.0163,164.846,step
2026-08-31T19:07:33.673797+00:00,44.475,-0.1776,0.15,0.0,-0.0955,-0.0244,6970.91,1,26.0277,164.866,step
2026-08-31T19:07:33.675059+00:00,44.618,-0.1775,0.15,0.0,-0.0954,-0.0242,6991.16,1,26.032,164.886,step
2026-08-31T19:07:33.676365+00:00,44.76,-0.1774,0.15,0.0,-0.0954,-0.0241,7012.35,1,26.0334,164.906,step
2026-08-31T19:07:33.677604+00:00,44.902,-0.1773,0.0,0.15,-0.0953,-0.0241,7033.81,1,26.0331,164.926,step
2026-08-31T19:07:33.678836+00:00,44.557,-0.1771,0.15,0.0,-0.0953,-0.0238,6807.16,1,26.041,164.946,step
2026-08-31T19:07:33.680154+00:00,44.513,-0.1768,0.15,0.0,-0.0952,-0.0236,6977.84,1,26.0511,164.966,step
2026-08-31T19:07:33.681602+00:00,44.657,-0.1767,0.15,0.0,-0.0952,-0.0234,6994.71,1,26.0536,164.986,step
2026-08-31T19:07:33.682891+00:00,44.798,-0.1767,0.15,0.0,-0.0952,-0.0233,7016.12,1,26.0536,165.006,step
2026-08-31T19:07:33.684131+00:00,44.94,-0.1766,0.0,0.15,-0.0952,-0.0233,7038.04,1,26.0526,165.026,step
2026-08-31T19:07:33.685377+00:00,44.592,-0.1764,0.15,0.0,-0.0952,-0.0231,6812.88,1,26.0603,165.046,step
2026-08-31T19:07:33.686638+00:00,44.549,-0.1761,0.15,0.0,-0.0951,-0.0228,6983.11,1,26.0697,165.066,step
2026-08-31T19:07:33.687846+00:00,44.691,-0.176,0.15,0.0,-0.0951,-0.0227,7003.31,1,26.0716,165.086,step
2026-08-31T19:07:33.689423+00:00,44.834,-0.1759,0.15,0.0,-0.0951,-0.0226,7024.25,1,26.0717,165.106,step
2026-08-31T19:07:33.690675+00:00,44.976,-0.1759,0.15,0.0,-0.0951,-0.0225,7045.62,1,26.0729,165.126,step
2026-08-31T19:07:33.691895+00:00,45.117,-0.1758,0.0,0.15,-0.0951,-0.0225,7067.1,1,26.0759,165.146,step
2026-08-31T19:07:33.693159+00:00,44.771,-0.1756,0.15,0.0,-0.0951,-0.0223,6839.43,1,26.0908,165.166,step
2026-08-31T19:07:33.694382+00:00,44.726,-0.1753,0.15,0.0,-0.0951,-0.0221,7011.18,1,26.1122,165.186,step
2026-08-31T19:07:33.695616+00:00,44.868,-0.1752,0.15,0.0,-0.0952,-0.0219,7030.92,1,26.1297,165.206,step
2026-08-31T19:07:33.696924+00:00,45.01,-0.1751,0.15,0.0,-0.0952,-0.0219,7051.91,1,26.1478,165.226,step
2026-08-31T19:07:33.698552+00:00,45.151,-0.1751,0.15,0.0,-0.0952,-0.0218,7073.02,1,26.1677,165.246,step
2026-08-31T19:07:33.699888+00:00,45.293,-0.175,0.15,0.0,-0.0952,-0.0218,7094.44,1,26.1898,165.266,step
2026-08-31T19:07:33.701212+00:00,45.434,-0.175,0.0,0.15,-0.0953,-0.0218,7116.23,1,26.2144,165.286,step
2026-08-31T19:07:33.702442+00:00,45.087,-0.1749,0.15,0.0,-0.0953,-0.0217,6886.88,1,26.2525,165.306,step
2026-08-31T19:07:33.703739+00:00,45.038,-0.1747,0.15,0.0,-0.0953,-0.0215,7060.72,1,26.2974,165.326,step
2026-08-31T19:07:33.704973+00:00,45.18,-0.1746,0.15,0.0,-0.0953,-0.0214,7080.51,1,26.3395,165.346,step
2026-08-31T19:07:33.706507+00:00,45.321,-0.1746,0.15,0.0,-0.0953,-0.0214,7101.31,1,26.3836,165.366,step
2026-08-31T19:07:33.707752+00:00,45.461,-0.1746,0.15,0.0,-0.0954,-0.0214,7122.38,1,26.4308,165.386,step
2026-08-31T19:07:33.708982+00:00,45.602,-0.1746,0.15,0.0,-0.0954,-0.0215,7140.63,1,26.4813,165.406,step
2026-08-31T19:07:33.710193+00:00,45.742,-0.1747,0.15,0.0,-0.0954,-0.0215,7161.81,1,26.5344,165.426,step
2026-08-31T19:07:33.711416+00:00,45.882,-0.1747,0.15,0.0,-0.0954,-0.0216,7184.03,1,26.5913,165.446,step
2026-08-31T19:07:33.712660+00:00,46.02,-0.1748,0.15,0.0,-0.0955,-0.0217,7207.2,1,26.6534,165.466,step
2026-08-31T19:07:33.714018+00:00,46.159,-0.1749,0.15,0.0,-0.0955,-0.0217,7230.34,1,26.7215,165.486,step
2026-08-31T19:07:33.715237+00:00,46.298,-0.1749,0.15,0.0,-0.0955,-0.0218,7252.91,1,26.796,165.506,step
2026-08-31T19:07:33.716477+00:00,46.437,-0.175,0.15,0.0,-0.0955,-0.0218,7275.03,1,26.8768,165.526,step
2026-08-31T19:07:33.717724+00:00,46.576,-0.175,0.15,0.0,-0.0954,-0.0219,7296.78,1,26.9639,165.546,step
2026-08-31T19:07:33.718918+00:00,46.715,-0.175,0.15,0.0,-0.0954,-0.0219,7318.39,1,27.0574,165.566,step
2026-08-31T19:07:33.720150+00:00,46.854,-0.1751,0.15,0.0,-0.0954,-0.0219,7339.89,1,27.1575,165.586,step
2026-08-31T19:07:33.721483+00:00,46.992,-0.1751,0.15,0.0,-0.0954,-0.022,7361.51,1,27.2658,165.606,step
2026-08-31T19:07:33.722895+00:00,47.13,-0.1751,0.15,0.0,-0.0954,-0.022,7382.75,1,27.3826,165.626,step
2026-08-31T19:07:33.724213+00:00,47.268,-0.1752,0.15,0.0,-0.0954,-0.022,7403.89,1,27.5066,165.646,step
2026-08-31T19:07:33.725568+00:00,47.405,-0.1752,0.15,0.0,-0.0953,-0.022,7425.14,1,27.6376,165.666,step
2026-08-31T19:07:33.726838+00:00,47.543,-0.1752,0.15,0.0,-0.0953,-0.022,7446.48,1,27.7762,165.686,step
2026-08-31T19:07:33.728094+00:00,47.68,-0.1753,0.15,0.0,-0.0953,-0.0221,7467.87,1,27.9227,165.706,step
2026-08-31T19:07:33.729385+00:00,47.816,-0.1754,0.15,0.0,-0.0952,-0.0222,7489.3,1,28.0778,165.726,step
2026-08-31T19:07:33.730791+00:00,47.953,-0.1755,0.15,0.0,-0.0952,-0.0223,7510.74,1,28.2421,165.746,step
2026-08-31T19:07:33.732063+00:00,48.089,-0.1757,0.15,0.0,-0.0951,-0.0223,7532.1,1,28.4177,165.766,step
2026-08-31T19:07:33.733326+00:00,48.225,-0.1758,0.15,0.0,-0.095,-0.0224,7553.28,1,28.6049,165.786,step
2026-08-31T19:07:33.734580+00:00,48.36,-0.1759,0.15,0.0,-0.095,-0.0225,7574.35,1,28.8039,165.806,step
2026-08-31T19:07:33.735777+00:00,48.497,-0.176,0.15,0.0,-0.0949,-0.0226,7591.63,1,29.0141,165.826,step
2026-08-31T19:07:33.736982+00:00,48.631,-0.1761,0.15,0.0,-0.0948,-0.0227,7612.64,1,29.2349,165.846,step
2026-08-31T19:07:33.738151+00:00,48.765,-0.1763,0.15,0.0,-0.0947,-0.0228,7634.39,1,29.4689,165.866,step
2026-08-31T19:07:33.739789+00:00,48.898,-0.1764,0.15,0.0,-0.0946,-0.0228,7656.95,1,29.7184,165.886,step
2026-08-31T19:07:33.741019+00:00,49.032,-0.1766,0.15,0.0,-0.0945,-0.0229,7678.91,1,29.9844,165.906,step
2026-08-31T19:07:33.742275+00:00,49.166,-0.1767,0.15,0.0,-0.0944,-0.023,7700.5,1,30.2688,165.926,step
2026-08-31T19:07:33.743497+00:00,49.3,-0.1767,0.15,0.0,-0.0943,-0.023,7721.61,1,30.5719,165.946,step
2026-08-31T19:07:33.744710+00:00,49.433,-0.1768,0.15,0.0,-0.0942,-0.023,7742.49,1,30.8934,165.966,step
2026-08-31T19:07:33.745942+00:00,49.567,-0.1769,0.15,0.0,-0.0941,-0.0231,7763.24,1,31.234,165.986,step
2026-08-31T19:07:33.747225+00:00,49.7,-0.177,0.15,0.0,-0.0939,-0.0231,7783.85,1,31.5973,166.006,step
2026-08-31T19:07:33.748720+00:00,49.832,-0.1771,0.15,0.0,-0.0938,-0.0231,7803.91,1,31.9863,166.026,step
2026-08-31T19:07:33.750027+00:00,49.965,-0.1771,0.15,0.0,-0.0937,-0.0231,7823.92,1,32.3988,166.046,step
2026-08-31T19:07:33.751334+00:00,50.097,-0.1772,0.15,0.0,-0.0935,-0.0231,7843.95,2,32.8344,166.066,step
2026-08-31T19:07:33.752662+00:00,50.128,-0.1771,0.15,0.0,-0.0934,-0.0229,5837.09,2,33.3204,166.086,step
2026-08-31T19:07:33.753980+00:00,50.115,-0.1766,0.15,0.0,-0.0933,-0.0224,5851.94,2,33.8911,166.106,step
2026-08-31T19:07:33.755244+00:00,50.121,-0.1761,0.15,0.0,-0.0932,-0.0218,5796.28,2,34.5149,166.126,step
2026-08-31T19:07:33.756583+00:00,50.158,-0.1758,0.15,0.0,-0.0931,-0.0215,5823.66,2,35.1348,166.146,step
2026-08-31T19:07:33.757848+00:00,50.25,-0.1759,0.15,0.0,-0.093,-0.0215,5833.14,2,35.7419,166.166,step
2026-08-31T19:07:33.759128+00:00,50.342,-0.176,0.15,0.0,-0.0929,-0.0216,5843.21,2,36.3768,166.186,step
2026-08-31T19:07:33.760343+00:00,50.433,-0.1762,0.15,0.0,-0.0928,-0.0217,5852.71,2,37.049,166.206,step
2026-08-31T19:07:33.761545+00:00,50.524,-0.1764,0.15,0.0,-0.0927,-0.0218,5861.32,2,37.7574,166.226,step
2026-08-31T19:07:33.762818+00:00,50.615,-0.1766,0.15,0.0,-0.0926,-0.022,5871.85,2,38.5088,166.246,step
2026-08-31T19:07:33.764262+00:00,50.704,-0.1768,0.15,0.0,-0.0925,-0.0222,5883.03,2,39.3164,166.266,step
2026-08-31T19:07:33.765479+00:00,50.794,-0.177,0.15,0.0,-0.0923,-0.0223,5894.59,2,40.1874,166.286,step
2026-08-31T19:07:33.766670+00:00,50.884,-0.1772,0.15,0.0,-0.0922,-0.0224,5905.82,2,41.1261,166.306,step
2026-08-31T19:07:33.767957+00:00,50.975,-0.1774,0.15,0.0,-0.0921,-0.0225,5916.7,2,42.1372,166.326,step
2026-08-31T19:07:33.769225+00:00,51.066,-0.1775,0.15,0.0,-0.0919,-0.0226,5927.35,2,43.2259,166.346,step
2026-08-31T19:07:33.770542+00:00,51.156,-0.1777,0.15,0.0,-0.0918,-0.0227,5937.92,2,44.4033,166.366,step
2026-08-31T19:07:33.771876+00:00,51.246,0.0222,0.8,0.0,-0.0916,-0.0228,5948.51,2,45.6807,166.386,step
2026-08-31T19:07:33.773320+00:00,51.712,0.02,0.8,0.0,-0.0913,-0.0247,6363.21,2,46.4871,166.406,step
2026-08-31T19:07:33.774619+00:00,52.358,0.0143,0.8,0.0,-0.0903,-0.0298,6466.84,2,46.3332,166.426,step
2026-08-31T19:07:33.775928+00:00,53.036,0.0073,0.8,0.0,-0.089,-0.0357,6532.38,2,45.9193,166.446,step
2026-08-31T19:07:33.777153+00:00,53.725,0.0002,0.8,0.0,-0.0872,-0.0418,6592.33,2,45.51,166.466,step
2026-08-31T19:07:33.778400+00:00,54.414,-0.0069,0.8,0.0,-0.0851,-0.0476,6665.51,2,45.1641,166.486,step
2026-08-31T19:07:33.779620+00:00,55.102,-0.2141,0.0,0.15,-0.0826,-0.0534,6755.7,2,44.888,166.506,step
2026-08-31T19:07:33.781074+00:00,54.984,-0.0199,0.8,0.0,-0.08,-0.0577,6265.51,2,45.05,166.526,step
2026-08-31T19:07:33.782311+00:00,55.241,-0.0243,0.8,0.0,-0.0774,-0.0607,6832.51,2,45.6241,166.546,step
2026-08-31T19:07:33.783542+00:00,55.91,-0.0304,0.8,0.0,-0.0744,-0.0651,6998.75,2,45.7901,166.566,step
2026-08-31T19:07:33.784764+00:00,56.643,-0.037,0.8,0.0,-0.0711,-0.0698,7073.25,2,45.8615,166.586,step
2026-08-31T19:07:33.785942+00:00,57.4,-0.0437,0.8,0.0,-0.0675,-0.0746,7115.51,2,45.9722,166.606,step
2026-08-31T19:07:33.787130+00:00,58.145,-0.0504,0.8,0.0,-0.0636,-0.0791,7188.14,2,46.1582,166.626,step
2026-08-31T19:07:33.788390+00:00,58.883,-0.0571,0.8,0.0,-0.0594,-0.0835,7289.68,2,46.4264,166.646,step
2026-08-31T19:07:33.789821+00:00,59.619,-0.0637,0.8,0.0,-0.0549,-0.0878,7416.45,2,46.7904,166.666,step
2026-08-31T19:07:33.791044+00:00,60.36,-0.0702,0.8,0.0,-0.0502,-0.0917,7562.76,2,47.2729,166.686,step
2026-08-31T19:07:33.792261+00:00,61.112,-0.0766,0.8,0.0,-0.0452,-0.0955,7718.21,2,47.8936,166.706,step
2026-08-31T19:07:33.793464+00:00,61.878,-0.0828,0.8,0.0,-0.0399,-0.0989,7879.0,2,48.6791,166.726,step
2026-08-31T19:07:33.794662+00:00,62.66,-0.0888,0.8,0.0,-0.0343,-0.102,8042.49,2,49.6763,166.746,step
2026-08-31T19:07:33.795892+00:00,63.458,-0.0946,0.8,0.0,-0.0285,-0.1047,8209.26,2,50.918,166.766,step
2026-08-31T19:07:33.797214+00:00,64.27,-0.1001,0.8,0.0,-0.0224,-0.1071,8384.59,2,52.4349,166.786,step
2026-08-31T19:07:33.798535+00:00,65.096,-0.1054,0.8,0.0,-0.0161,-0.1092,8571.6,2,54.2703,166.806,step
2026-08-31T19:07:33.799716+00:00,65.933,-0.1068,0.8,0.0,-0.0096,-0.1074,8775.38,2,56.4903,166.826,step
2026-08-31T19:07:33.800943+00:00,66.78,-0.1043,0.8,0.0,-0.0032,-0.1019,9002.47,2,59.1678,166.846,step
2026-08-31T19:07:33.802111+00:00,67.636,-0.1014,0.8,0.0,0.0031,-0.0961,9260.52,2,62.3596,166.866,step
2026-08-31T19:07:33.803253+00:00,68.5,-0.0981,0.8,0.0,0.0091,-0.09,9552.92,2,66.1564,166.886,step
2026-08-31T19:07:33.804450+00:00,69.412,-0.0945,0.8,0.0,0.015,-0.0837,9765.1,2,70.686,166.906,step
2026-08-31T19:07:33.805616+00:00,70.336,-0.0906,0.8,0.0,0.0207,-0.0772,9950.35,2,76.1596,166.926,step
2026-08-31T19:07:33.807098+00:00,71.249,-0.0864,0.8,0.0,0.0262,-0.0705,10150.3,2,82.8894,166.946,step
2026-08-31T19:07:33.808241+00:00,72.139,-0.0819,0.8,0.0,0.0315,-0.0637,10385.0,2,91.3488,166.966,step
2026-08-31T19:07:33.809364+00:00,73.013,-0.077,0.8,0.0,0.0365,-0.0565,10644.4,2,102.309,166.986,step
2026-08-31T19:07:33.810492+00:00,73.877,-0.0717,0.8,0.0,0.0412,-0.0492,10912.4,2,117.075,167.006,step
2026-08-31T19:07:33.811643+00:00,74.739,-0.066,0.8,0.0,0.0457,-0.0415,11177.3,2,137.996,167.026,step
2026-08-31T19:07:33.812825+00:00,75.603,-0.0599,0.8,0.0,0.05,-0.0336,11432.4,2,169.77,167.046,step
2026-08-31T19:07:33.814261+00:00,76.469,-0.0534,0.8,0.0,0.0539,-0.0254,11674.7,2,200.0,167.066,step
2026-08-31T19:07:33.815567+00:00,77.338,-0.0464,0.8,0.0,0.0576,-0.017,11906.4,2,200.0,167.086,step
2026-08-31T19:07:33.816811+00:00,78.207,-0.0391,0.8,0.0,0.0609,-0.0083,12127.1,2,200.0,167.106,step
2026-08-31T19:07:33.818108+00:00,79.078,-0.0314,0.8,0.0,0.0639,0.0005,12336.6,2,200.0,167.126,step
2026-08-31T19:07:33.819380+00:00,79.949,-0.0233,0.8,0.0,0.0665,0.0096,12534.9,2,200.0,167.146,step
2026-08-31T19:07:33.820697+00:00,80.822,-0.0147,0.8,0.0,0.0687,0.0189,12724.1,3,200.0,167.166,step
2026-08-31T19:07:33.821967+00:00,81.677,-0.0059,0.8,0.0,0.0706,0.0283,10061.9,3,200.0,167.186,step
2026-08-31T19:07:33.823567+00:00,82.334,0.0019,0.8,0.0,0.0718,0.0364,10064.3,3,176.884,167.206,step
2026-08-31T19:07:33.824781+00:00,82.441,0.0065,0.8,0.0,0.0722,0.041,7555.3,3,156.786,167.226,step
2026-08-31T19:07:33.826013+00:00,82.751,0.0092,0.8,0.0,0.0717,0.0433,8022.31,3,148.485,167.246,step
2026-08-31T19:07:33.827199+00:00,83.353,0.0113,0.8,0.0,0.0706,0.0448,8135.49,3,143.272,167.266,step
2026-08-31T19:07:33.828399+00:00,84.012,0.0132,0.8,0.0,0.0688,0.0459,8174.78,3,139.904,167.286,step
2026-08-31T19:07:33.829575+00:00,84.68,0.0148,0.8,0.0,0.0667,0.0463,8207.5,3,138.235,167.306,step
2026-08-31T19:07:33.830994+00:00,85.347,0.016,0.8,0.0,0.0642,0.0463,8246.86,3,137.995,167.326,step
2026-08-31T19:07:33.832209+00:00,86.009,0.017,0.8,0.0,0.0614,0.0459,8297.2,3,138.821,167.346,step
2026-08-31T19:07:33.833497+00:00,86.669,0.0178,0.8,0.0,0.0584,0.0453,8357.19,3,140.381,167.366,step
2026-08-31T19:07:33.834765+00:00,87.329,0.0186,0.8,0.0,0.0552,0.0445,8423.84,3,142.468,167.386,step
2026-08-31T19:07:33.836076+00:00,87.992,0.0193,0.8,0.0,0.052,0.0435,8494.41,3,144.988,167.406,step
2026-08-31T19:07:33.837332+00:00,88.66,0.0199,0.8,0.0,0.0486,0.0426,8566.3,3,147.855,167.426,step
2026-08-31T19:07:33.838675+00:00,89.332,0.0205,0.8,0.0,0.0453,0.0415,8638.43,3,151.069,167.446,step
2026-08-31T19:07:33.839983+00:00,90.011,0.021,0.8,0.0,0.042,0.0404,8710.14,3,154.653,167.466,step
2026-08-31T19:07:33.841237+00:00,90.695,0.0215,0.8,0.0,0.0387,0.0393,8780.27,3,158.704,167.486,step
2026-08-31T19:07:33.842465+00:00,91.386,0.0219,0.8,0.0,0.0354,0.0381,8849.75,3,163.245,167.506,step
2026-08-31T19:07:33.843688+00:00,92.082,0.0222,0.8,0.0,0.0322,0.0368,8919.33,3,168.317,167.526,step
2026-08-31T19:07:33.844989+00:00,92.782,0.0224,0.15,0.0,0.029,0.0355,8990.48,3,173.951,167.546,step
2026-08-31T19:07:33.846250+00:00,93.11,0.0226,0.15,0.0,0.0259,0.0342,8537.65,3,179.799,167.566,step
2026-08-31T19:07:33.847613+00:00,93.135,0.0229,0.15,0.0,0.0229,0.0331,8538.8,3,185.655,167.586,step
2026-08-31T19:07:33.848995+00:00,93.161,0.0231,0.15,0.0,0.02,0.0319,8542.81,3,192.079,167.606,step
2026-08-31T19:07:33.850257+00:00,93.187,0.0232,0.15,0.0,0.0172,0.0306,8546.29,3,199.333,167.626,step
2026-08-31T19:07:33.851454+00:00,93.213,0.0232,0.15,0.0,0.0146,0.0293,8549.18,3,200.0,167.646,step
2026-08-31T19:07:33.852633+00:00,93.24,0.0231,0.15,0.0,0.0121,0.028,8551.67,3,200.0,167.666,step
2026-08-31T19:07:33.853831+00:00,93.266,0.0229,0.15,0.0,0.0096,0.0267,8553.98,3,200.0,167.686,step
2026-08-31T19:07:33.855127+00:00,93.293,0.0227,0.15,0.0,0.0073,0.0254,8556.22,3,200.0,167.706,step
2026-08-31T19:07:33.856650+00:00,93.319,0.0225,0.15,0.0,0.0051,0.0241,8558.47,3,200.0,167.726,step
2026-08-31T19:07:33.857902+00:00,93.345,0.0222,0.15,0.0,0.003,0.0228,8560.77,3,200.0,167.746,step
2026-08-31T19:07:33.859158+00:00,93.371,0.0219,0.15,0.0,0.001,0.0215,8563.12,3,200.0,167.766,step
2026-08-31T19:07:33.860386+00:00,93.397,0.0215,0.15,0.0,-0.0009,0.0203,8565.42,3,200.0,167.786,step
2026-08-31T19:07:33.861606+00:00,93.423,0.0211,0.15,0.0,-0.0026,0.0191,8567.72,3,200.0,167.806,step
2026-08-31T19:07:33.862857+00:00,93.449,0.0207,0.15,0.0,-0.0043,0.0178,8570.02,3,200.0,167.826,step
2026-08-31T19:07:33.864442+00:00,93.474,0.0202,0.15,0.0,-0.0059,0.0167,8572.36,3,200.0,167.846,step
2026-08-31T19:07:33.865699+00:00,93.5,0.0198,0.15,0.0,-0.0073,0.0155,8574.71,3,200.0,167.866,step
2026-08-31T19:07:33.866993+00:00,93.525,0.0193,0.15,0.0,-0.0087,0.0144,8576.02,3,200.0,167.886,step
2026-08-31T19:07:33.868236+00:00,93.551,0.0188,0.15,0.0,-0.01,0.0133,8578.15,3,200.0,167.906,step
2026-08-31T19:07:33.869454+00:00,93.575,0.0183,0.15,0.0,-0.0111,0.0122,8580.69,3,200.0,167.926,step
2026-08-31T19:07:33.870715+00:00,93.6,0.0178,0.15,0.0,-0.0122,0.0112,8583.52,3,200.0,167.946,step
2026-08-31T19:07:33.872047+00:00,93.625,0.0172,0.15,0.0,-0.0132,0.0102,8586.17,3,200.0,167.966,step
2026-08-31T19:07:33.873521+00:00,93.65,0.0167,0.15,0.0,-0.0141,0.0093,8588.66,3,200.0,167.986,step
2026-08-31T19:07:33.874813+00:00,93.675,0.0161,0.15,0.0,-0.015,0.0083,8590.99,3,200.0,168.006,step
2026-08-31T19:07:33.876101+00:00,93.7,0.0155,0.15,0.0,-0.0157,0.0074,8593.26,3,200.0,168.026,step
2026-08-31T19:07:33.877352+00:00,93.725,0.015,0.15,0.0,-0.0164,0.0065,8595.49,3,200.0,168.046,step
2026-08-31T19:07:33.878605+00:00,93.749,0.0144,0.15,0.0,-0.017,0.0057,8597.7,3,200.0,168.066,step
2026-08-31T19:07:33.879904+00:00,93.774,0.0138,0.15,0.0,-0.0175,0.0048,8599.86,3,200.0,168.086,step
2026-08-31T19:07:33.881288+00:00,93.799,0.0132,0.15,0.0,-0.018,0.0041,8602.02,3,200.0,168.106,step
2026-08-31T19:07:33.882579+00:00,93.823,0.0126,0.15,0.0,-0.0183,0.0033,8604.19,3,200.0,168.126,step
2026-08-31T19:07:33.883856+00:00,93.847,0.012,0.15,0.0,-0.0187,0.0026,8606.37,3,200.0,168.146,step
2026-08-31T19:07:33.885153+00:00,93.871,0.0115,0.15,0.0,-0.0189,0.0019,8608.61,3,200.0,168.166,step
2026-08-31T19:07:33.886420+00:00,93.896,0.0109,0.15,0.0,-0.0191,0.0013,8609.93,3,200.0,168.186,step
2026-08-31T19:07:33.887702+00:00,93.919,0.0103,0.15,0.0,-0.0193,0.0007,8611.99,3,200.0,168.206,step
2026-08-31T19:07:33.889086+00:00,93.943,0.0098,0.15,0.0,-0.0194,0.0001,8614.4,3,200.0,168.226,step
2026-08-31T19:07:33.890506+00:00,93.967,0.0092,0.15,0.0,-0.0194,-0.0004,8617.07,3,200.0,168.246,step
2026-08-31T19:07:33.891733+00:00,93.99,0.0087,0.15,0.0,-0.0194,-0.001,8619.6,3,200.0,168.266,step
2026-08-31T19:07:33.893002+00:00,94.014,0.0082,0.15,0.0,-0.0194,-0.0015,8621.93,3,200.0,168.286,step
2026-08-31T19:07:33.894239+00:00,94.038,0.0076,0.15,0.0,-0.0193,-0.0019,8624.17,3,200.0,168.306,step
2026-08-31T19:07:33.895483+00:00,94.062,0.0071,0.15,0.0,-0.0191,-0.0024,8626.32,3,200.0,168.326,step
2026-08-31T19:07:33.896850+00:00,94.085,0.0066,0.15,0.0,-0.019,-0.0028,8628.46,3,200.0,168.346,step
2026-08-31T19:07:33.898377+00:00,94.109,0.0061,0.15,0.0,-0.0188,-0.0032,8630.58,3,200.0,168.366,step
2026-08-31T19:07:33.899685+00:00,94.132,0.0056,0.15,0.0,-0.0185,-0.0036,8632.62,3,200.0,168.386,step
2026-08-31T19:07:33.901005+00:00,94.156,0.0051,0.15,0.0,-0.0183,-0.0039,8634.69,3,200.0,168.406,step
2026-08-31T19:07:33.902257+00:00,94.179,0.0046,0.15,0.0,-0.018,-0.0042,8636.76,3,200.0,168.426,step
2026-08-31T19:07:33.903471+00:00,94.202,0.0041,0.15,0.0,-0.0177,-0.0045,8638.85,3,200.0,168.446,step
2026-08-31T19:07:33.904803+00:00,94.225,0.0037,0.15,0.0,-0.0173,-0.0048,8640.99,3,200.0,168.466,step
2026-08-31T19:07:33.906435+00:00,94.248,0.0033,0.15,0.0,-0.0169,-0.005,8642.3,3,200.0,168.486,step
2026-08-31T19:07:33.907696+00:00,94.271,0.0029,0.15,0.0,-0.0166,-0.0052,8644.3,3,200.0,168.506,step
2026-08-31T19:07:33.908964+00:00,94.294,0.0025,0.15,0.0,-0.0162,-0.0054,8646.6,3,200.0,168.526,step
2026-08-31T19:07:33.910200+00:00,94.316,0.0021,0.15,0.0,-0.0157,-0.0055,8649.11,3,200.0,168.546,step
2026-08-31T19:07:33.911399+00:00,94.339,0.0018,0.15,0.0,-0.0153,-0.0056,8651.49,3,200.0,168.566,step
2026-08-31T19:07:33.912686+00:00,94.362,0.0015,0.15,0.0,-0.0149,-0.0058,8653.7,3,200.0,168.586,step
2026-08-31T19:07:33.914036+00:00,94.384,0.0012,0.15,0.0,-0.0144,-0.0058,8655.82,3,200.0,168.606,step
2026-08-31T19:07:33.915661+00:00,94.407,0.0009,0.15,0.0,-0.014,-0.0059,8657.88,3,200.0,168.626,step
2026-08-31T19:07:33.916941+00:00,94.43,0.0006,0.15,0.0,-0.0135,-0.006,8659.9,3,200.0,168.646,step
2026-08-31T19:07:33.918233+00:00,94.452,0.0003,0.15,0.0,-0.0131,-0.006,8661.93,3,200.0,168.666,step
2026-08-31T19:07:33.919515+00:00,94.475,0.0,0.15,0.0,-0.0126,-0.006,8663.9,3,200.0,168.686,step
2026-08-31T19:07:33.920888+00:00,94.497,-0.0002,0.15,0.0,-0.0121,-0.006,8665.9,3,199.491,168.706,step
2026-08-31T19:07:33.922243+00:00,94.519,-0.0005,0.15,0.0,-0.0116,-0.0061,8667.87,3,198.967,168.726,step
2026-08-31T19:07:33.923771+00:00,94.541,-0.0007,0.15,0.0,-0.0112,-0.0061,8669.89,3,198.441,168.746,step
2026-08-31T19:07:33.925114+00:00,94.563,-0.0009,0.15,0.0,-0.0107,-0.006,8671.91,3,197.911,168.766,step
2026-08-31T19:07:33.926367+00:00,94.586,-0.0011,0.15,0.0,-0.0102,-0.006,8673.24,3,197.376,168.786,step
2026-08-31T19:07:33.927619+00:00,94.607,-0.0013,0.15,0.0,-0.0097,-0.0059,8675.21,3,196.838,168.806,step
2026-08-31T19:07:33.928828+00:00,94.629,-0.0015,0.15,0.0,-0.0093,-0.0059,8677.42,3,196.299,168.826,step
2026-08-31T19:07:33.930164+00:00,94.651,-0.0016,0.15,0.0,-0.0088,-0.0058,8679.75,3,195.761,168.846,step
2026-08-31T19:07:33.931631+00:00,94.672,-0.0018,0.15,0.0,-0.0083,-0.0057,8681.95,3,195.217,168.866,step
2026-08-31T19:07:33.932885+00:00,94.694,-0.0019,0.15,0.0,-0.0079,-0.0056,8684.04,3,194.668,168.886,step
2026-08-31T19:07:33.934162+00:00,94.716,-0.002,0.15,0.0,-0.0074,-0.0055,8686.07,3,194.118,168.906,step
2026-08-31T19:07:33.935439+00:00,94.737,-0.0021,0.15,0.0,-0.007,-0.0054,8688.03,3,193.567,168.926,step
2026-08-31T19:07:33.936716+00:00,94.759,-0.0022,0.15,0.0,-0.0066,-0.0052,8689.98,3,193.016,168.946,step
2026-08-31T19:07:33.938005+00:00,94.781,-0.0022,0.15,0.0,-0.0062,-0.0051,8691.92,3,192.464,168.966,step
2026-08-31T19:07:33.939527+00:00,94.802,-0.0023,0.15,0.0,-0.0058,-0.005,8693.81,3,191.914,168.986,step
2026-08-31T19:07:33.940794+00:00,94.823,-0.0024,0.15,0.0,-0.0054,-0.0049,8695.72,3,191.362,169.006,step
2026-08-31T19:07:33.942083+00:00,94.845,-0.0025,0.15,0.0,-0.005,-0.0048,8697.64,3,190.811,169.026,step
2026-08-31T19:07:33.943397+00:00,94.866,-0.0025,0.15,0.0,-0.0046,-0.0046,8699.55,3,190.259,169.046,step
2026-08-31T19:07:33.944706+00:00,94.887,-0.0025,0.15,0.0,-0.0043,-0.0045,8701.52,3,189.703,169.066,step
2026-08-31T19:07:33.946019+00:00,94.909,-0.0026,0.15,0.0,-0.0039,-0.0043,8702.86,3,189.143,169.086,step
2026-08-31T19:07:33.947457+00:00,94.93,-0.0025,0.15,0.0,-0.0036,-0.0042,8704.82,3,188.581,169.106,step
2026-08-31T19:07:33.948833+00:00,94.95,-0.0025,0.15,0.0,-0.0033,-0.004,8706.91,3,188.019,169.126,step
2026-08-31T19:07:33.950107+00:00,94.971,-0.0025,0.15,0.0,-0.003,-0.0038,8709.09,3,187.456,169.146,step
2026-08-31T19:07:33.951427+00:00,94.992,-0.0025,0.15,0.0,-0.0027,-0.0037,8711.15,3,186.894,169.166,step
2026-08-31T19:07:33.952651+00:00,95.013,-0.0025,0.15,0.0,-0.0024,-0.0035,8713.13,3,186.335,169.186,step
2026-08-31T19:07:33.953900+00:00,95.034,-0.0025,0.15,0.0,-0.0021,-0.0034,8715.04,3,185.781,169.206,step
2026-08-31T19:07:33.955308+00:00,95.055,-0.0025,0.15,0.0,-0.0019,-0.0033,8716.93,3,185.228,169.226,step
2026-08-31T19:07:33.956708+00:00,95.075,-0.0025,0.15,0.0,-0.0016,-0.0032,8718.8,3,184.676,169.246,step
2026-08-31T19:07:33.957987+00:00,95.096,-0.0025,0.15,0.0,-0.0014,-0.003,8720.64,3,184.122,169.266,step
2026-08-31T19:07:33.959305+00:00,95.117,-0.0024,0.15,0.0,-0.0012,-0.0029,8722.5,3,183.569,169.286,step
2026-08-31T19:07:33.960644+00:00,95.137,-0.0024,0.15,0.0,-0.0009,-0.0028,8724.33,3,183.016,169.306,step
2026-08-31T19:07:33.961982+00:00,95.158,-0.0024,0.15,0.0,-0.0007,-0.0027,8726.18,3,182.463,169.326,step
2026-08-31T19:07:33.963263+00:00,95.178,-0.0024,0.15,0.0,-0.0005,-0.0026,8728.05,3,181.91,169.346,step
2026-08-31T19:07:33.964714+00:00,95.198,-0.0024,0.15,0.0,-0.0003,-0.0024,8729.89,3,181.357,169.366,step
2026-08-31T19:07:33.965929+00:00,95.219,-0.0023,0.15,0.0,-0.0002,-0.0023,8731.34,3,180.802,169.386,step
2026-08-31T19:07:33.967201+00:00,95.239,-0.0023,0.15,0.0,0.0,-0.0022,8733.23,3,180.249,169.406,step
2026-08-31T19:07:33.968459+00:00,95.259,-0.0022,0.15,0.0,0.0002,-0.0021,8735.23,3,179.696,169.426,step
2026-08-31T19:07:33.969695+00:00,95.279,-0.0022,0.15,0.0,0.0003,-0.002,8737.26,3,179.142,169.446,step
2026-08-31T19:07:33.970890+00:00,95.299,-0.0021,0.15,0.0,0.0004,-0.0018,8739.19,3,178.588,169.466,step
2026-08-31T19:07:33.972136+00:00,95.319,-0.0021,0.15,0.0,0.0006,-0.0017,8741.08,3,178.034,169.486,step
2026-08-31T19:07:33.973605+00:00,95.34,-0.002,0.15,0.0,0.0007,-0.0016,8742.9,3,177.479,169.506,step
2026-08-31T19:07:33.974873+00:00,95.359,-0.0019,0.15,0.0,0.0008,-0.0015,8744.73,3,176.926,169.526,step
2026-08-31T19:07:33.976125+00:00,95.38,-0.0019,0.15,0.0,0.0009,-0.0014,8746.52,3,176.371,169.546,step
2026-08-31T19:07:33.977383+00:00,95.4,-0.0018,0.15,0.0,0.001,-0.0012,8748.32,3,175.817,169.566,step
2026-08-31T19:07:33.978634+00:00,95.419,-0.0017,0.15,0.0,0.001,-0.0011,8750.12,3,175.263,169.586,step
2026-08-31T19:07:33.979978+00:00,95.439,-0.0016,0.15,0.0,0.0011,-0.001,8751.89,3,174.708,169.606,step
2026-08-31T19:07:33.981391+00:00,95.459,-0.0015,0.15,0.0,0.0012,-0.0009,8753.7,3,174.154,169.626,step
2026-08-31T19:07:33.982639+00:00,95.479,-0.0014,0.15,0.0,0.0012,-0.0008,8755.48,3,173.604,169.646,step
2026-08-31T19:07:33.983858+00:00,95.498,-0.0014,0.15,0.0,0.0013,-0.0007,8757.16,3,173.058,169.666,step
2026-08-31T19:07:33.985073+00:00,95.518,-0.0013,0.15,0.0,0.0013,-0.0006,8758.8,3,172.514,169.686,step
2026-08-31T19:07:33.986300+00:00,95.538,-0.0013,0.15,0.0,0.0013,-0.0006,8760.63,3,171.97,169.706,step
2026-08-31T19:07:33.987541+00:00,95.557,-0.0012,0.15,0.0,0.0013,-0.0005,8762.53,3,171.427,169.726,step
2026-08-31T19:07:33.988857+00:00,95.576,-0.0012,0.15,0.0,0.0014,-0.0005,8764.41,3,170.884,169.746,step
2026-08-31T19:07:33.990247+00:00,95.596,-0.0011,0.15,0.0,0.0014,-0.0004,8766.23,3,170.34,169.766,step
2026-08-31T19:07:33.991502+00:00,95.615,-0.001,0.15,0.0,0.0014,-0.0003,8768.03,3,169.797,169.786,step
2026-08-31T19:07:33.992744+00:00,95.635,-0.001,0.15,0.0,0.0014,-0.0003,8769.79,3,169.254,169.806,step
2026-08-31T19:07:33.993971+00:00,95.654,-0.0009,0.15,0.0,0.0014,-0.0002,8771.55,3,168.71,169.826,step
2026-08-31T19:07:33.995219+00:00,95.673,-0.0008,0.15,0.0,0.0014,-0.0002,8773.3,3,168.166,169.846,step
2026-08-31T19:07:33.996516+00:00,95.693,-0.0008,0.15,0.0,0.0014,-0.0001,8775.04,3,167.623,169.866,step
2026-08-31T19:07:33.997996+00:00,95.712,-0.0007,0.15,0.0,0.0013,-0.0,8776.79,3,167.079,169.886,step
2026-08-31T19:07:33.999285+00:00,95.731,-0.0006,0.15,0.0,0.0013,0.0,8778.52,3,166.535,169.906,step
2026-08-31T19:07:34.000509+00:00,95.75,-0.0005,0.15,0.0,0.0013,0.0001,8780.26,3,165.991,169.926,step
2026-08-31T19:07:34.001722+00:00,95.769,-0.0005,0.15,0.0,0.0013,0.0002,8782.01,3,165.447,169.946,step
2026-08-31T19:07:34.002922+00:00,95.788,-0.0004,0.15,0.0,0.0012,0.0002,8783.65,3,164.907,169.966,step
2026-08-31T19:07:34.004134+00:00,95.807,-0.0004,0.15,0.0,0.0012,0.0002,8785.37,3,164.372,169.986,step
2026-08-31T19:07:34.005544+00:00,95.826,-0.0004,0.15,0.0,0.0012,0.0002,8787.13,3,163.838,170.006,step
2026-08-31T19:07:34.006787+00:00,95.845,-0.0003,0.15,0.0,0.0011,0.0002,8788.91,3,163.305,170.026,step
2026-08-31T19:07:34.008014+00:00,95.864,-0.0003,0.15,0.0,0.0011,0.0002,8790.66,3,162.773,170.046,step
2026-08-31T19:07:34.009271+00:00,95.883,-0.0003,0.15,0.0,0.001,0.0002,8792.39,3,162.24,170.066,step
2026-08-31T19:07:34.010485+00:00,95.902,-0.0003,0.15,0.0,0.001,0.0002,8794.13,3,161.708,170.086,step
2026-08-31T19:07:34.011801+00:00,95.921,-0.0003,0.15,0.0,0.001,0.0002,8795.83,3,161.175,170.106,step
2026-08-31T19:07:34.013080+00:00,95.939,-0.0002,0.15,0.0,0.0009,0.0002,8797.54,3,160.643,170.126,step
2026-08-31T19:07:34.014591+00:00,95.958,-0.0002,0.15,0.0,0.0009,0.0002,8799.24,3,160.11,170.146,step
2026-08-31T19:07:34.015927+00:00,95.977,-0.0002,0.15,0.0,0.0008,0.0002,8800.95,3,159.577,170.166,step
2026-08-31T19:07:34.017198+00:00,95.995,-0.0002,0.15,0.0,0.0008,0.0002,8802.65,3,159.044,170.186,step
2026-08-31T19:07:34.018474+00:00,96.014,-0.0002,0.15,0.0,0.0008,0.0002,8804.35,3,158.511,170.206,step
2026-08-31T19:07:34.019672+00:00,96.033,-0.0002,0.15,0.0,0.0007,0.0002,8806.04,3,157.977,170.226,step
2026-08-31T19:07:34.020870+00:00,96.051,-0.0001,0.15,0.0,0.0007,0.0002,8807.73,3,157.444,170.246,step
2026-08-31T19:07:34.022188+00:00,96.07,-0.0001,0.15,0.0,0.0007,0.0002,8809.48,3,156.91,170.266,step
2026-08-31T19:07:34.023667+00:00,96.088,-0.0001,0.15,0.0,0.0006,0.0002,8811.15,3,156.377,170.286,step
2026-08-31T19:07:34.024948+00:00,96.107,-0.0001,0.15,0.0,0.0006,0.0002,8812.82,3,155.843,170.306,step
2026-08-31T19:07:34.026197+00:00,96.125,-0.0001,0.15,0.0,0.0006,0.0002,8814.48,3,155.309,170.326,step
2026-08-31T19:07:34.027417+00:00,96.144,-0.0001,0.15,0.0,0.0005,0.0002,8816.15,3,154.776,170.346,step
2026-08-31T19:07:34.028637+00:00,96.162,-0.0001,0.15,0.0,0.0005,0.0002,8817.82,3,154.241,170.366,step
2026-08-31T19:07:34.029911+00:00,96.18,-0.0,0.15,0.0,0.0005,0.0002,8819.48,3,153.707,170.386,step
2026-08-31T19:07:34.031467+00:00,96.198,-0.0,0.15,0.0,0.0004,0.0002,8821.15,3,153.173,170.406,step
2026-08-31T19:07:34.032752+00:00,96.217,-0.0,0.15,0.0,0.0004,0.0002,8822.82,3,152.639,170.426,step
2026-08-31T19:07:34.034030+00:00,96.235,-0.0,0.15,0.0,0.0004,0.0002,8824.49,3,152.105,170.446,step
2026-08-31T19:07:34.035247+00:00,96.253,0.0,0.15,0.0,0.0003,0.0002,8826.17,3,151.571,170.466,step
2026-08-31T19:07:34.036482+00:00,96.272,0.0,0.15,0.0,0.0003,0.0002,8827.85,3,151.036,170.486,step
2026-08-31T19:07:34.037703+00:00,96.29,0.0,0.15,0.0,0.0003,0.0002,8829.51,3,150.501,170.506,step
2026-08-31T19:07:34.039221+00:00,96.308,0.0,0.15,0.0,0.0003,0.0002,8831.16,3,149.967,170.526,step
2026-08-31T19:07:34.040466+00:00,96.326,0.0001,0.15,0.0,0.0002,0.0002,8832.99,3,149.432,170.546,step
2026-08-31T19:07:34.041741+00:00,96.344,0.0001,0.15,0.0,0.0002,0.0002,8834.7,3,148.897,170.566,step
2026-08-31T19:07:34.042981+00:00,96.362,0.0001,0.15,0.0,0.0002,0.0002,8836.25,3,148.362,170.586,step
2026-08-31T19:07:34.044185+00:00,96.38,0.0001,0.15,0.0,0.0001,0.0002,8837.83,3,147.827,170.606,step
2026-08-31T19:07:34.045388+00:00,96.398,0.0001,0.15,0.0,0.0001,0.0002,8839.42,3,147.292,170.626,step
2026-08-31T19:07:34.046617+00:00,96.416,0.0001,0.15,0.0,0.0001,0.0002,8841.01,3,146.756,170.646,step
2026-08-31T19:07:34.048008+00:00,96.434,0.0001,0.15,0.0,0.0001,0.0002,8842.63,3,146.221,170.666,step
2026-08-31T19:07:34.049295+00:00,96.452,0.0001,0.15,0.0,0.0,0.0002,8844.25,3,145.685,170.686,step
2026-08-31T19:07:34.050561+00:00,96.47,0.0001,0.15,0.0,0.0,0.0001,8845.89,3,145.15,170.706,step
2026-08-31T19:07:34.051803+00:00,96.488,0.0002,0.15,0.0,-0.0,0.0001,8847.54,3,144.614,170.726,step
2026-08-31T19:07:34.053008+00:00,96.506,0.0002,0.15,0.0,-0.0,0.0001,8849.2,3,144.078,170.746,step
2026-08-31T19:07:34.054246+00:00,96.524,0.0002,0.15,0.0,-0.0,0.0001,8850.86,3,143.543,170.766,step
2026-08-31T19:07:34.055596+00:00,96.542,0.0002,0.15,0.0,-0.0001,0.0001,8852.51,3,143.006,170.786,step
2026-08-31T19:07:34.057034+00:00,96.56,0.0002,0.15,0.0,-0.0001,0.0001,8854.14,3,142.47,170.806,step
2026-08-31T19:07:34.058306+00:00,96.578,0.0002,0.15,0.0,-0.0001,0.0001,8855.76,3,141.934,170.826,step
2026-08-31T19:07:34.059573+00:00,96.595,0.0002,0.15,0.0,-0.0001,0.0001,8857.9,3,141.398,170.846,step
2026-08-31T19:07:34.060778+00:00,96.613,0.0002,0.15,0.0,-0.0001,0.0001,8859.34,3,140.861,170.866,step
2026-08-31T19:07:34.061951+00:00,96.631,0.0002,0.15,0.0,-0.0002,0.0001,8860.81,3,140.325,170.886,step
2026-08-31T19:07:34.063256+00:00,96.649,0.0002,0.15,0.0,-0.0002,0.0001,8862.32,3,139.788,170.906,step
2026-08-31T19:07:34.064611+00:00,96.667,0.0002,0.15,0.0,-0.0002,0.0001,8863.84,3,139.251,170.926,step
2026-08-31T19:07:34.065840+00:00,96.684,0.0002,0.15,0.0,-0.0002,0.0001,8865.39,3,138.714,170.946,step
2026-08-31T19:07:34.067077+00:00,96.702,0.0002,0.15,0.0,-0.0002,0.0001,8866.97,3,138.177,170.966,step
2026-08-31T19:07:34.068332+00:00,96.72,0.0003,0.15,0.0,-0.0003,0.0001,8868.57,3,137.64,170.986,step
2026-08-31T19:07:34.069520+00:00,96.737,0.0003,0.15,0.0,-0.0003,0.0001,8870.2,3,137.103,171.006,step
2026-08-31T19:07:34.070775+00:00,96.755,0.0003,0.15,0.0,-0.0003,0.0001,8871.85,3,136.566,171.026,step
2026-08-31T19:07:34.072078+00:00,96.772,0.0003,0.15,0.0,-0.0003,0.0001,8873.51,3,136.029,171.046,step
2026-08-31T19:07:34.073854+00:00,96.79,0.0003,0.15,0.0,-0.0003,0.0001,8875.16,3,135.491,171.066,step
2026-08-31T19:07:34.075075+00:00,96.808,0.0003,0.15,0.0,-0.0003,0.0001,8876.78,3,134.954,171.086,step
2026-08-31T19:07:34.076323+00:00,96.825,0.0003,0.15,0.0,-0.0004,0.0001,8878.39,3,134.416,171.106,step
2026-08-31T19:07:34.077568+00:00,96.843,0.0003,0.15,0.0,-0.0004,0.0001,8880.14,3,133.878,171.126,step
2026-08-31T19:07:34.078839+00:00,96.86,0.0003,0.15,0.0,-0.0004,0.0001,8882.23,3,133.34,171.146,step
2026-08-31T19:07:34.080066+00:00,96.878,0.0003,0.15,0.0,-0.0004,0.0001,8883.54,3,132.802,171.166,step
2026-08-31T19:07:34.081475+00:00,96.896,0.0003,0.15,0.0,-0.0004,0.0001,8884.98,3,132.264,171.186,step
2026-08-31T19:07:34.082753+00:00,96.914,0.0003,0.15,0.0,-0.0004,0.0001,8886.43,3,131.726,171.206,step
2026-08-31T19:07:34.083949+00:00,96.931,0.0003,0.15,0.0,-0.0004,0.0001,8887.91,3,131.188,171.226,step
2026-08-31T19:07:34.085138+00:00,96.949,0.0003,0.15,0.0,-0.0004,0.0001,8889.43,3,130.649,171.246,step
2026-08-31T19:07:34.086304+00:00,96.966,0.0003,0.15,0.0,-0.0005,0.0001,8890.99,3,130.111,171.266,step
2026-08-31T19:07:34.087487+00:00,96.984,0.0003,0.15,0.0,-0.0005,0.0001,8892.59,3,129.572,171.286,step
2026-08-31T19:07:34.088885+00:00,97.001,0.0003,0.15,0.0,-0.0005,0.0001,8894.23,3,129.033,171.306,step
2026-08-31T19:07:34.090155+00:00,97.018,0.0003,0.15,0.0,-0.0005,0.0001,8895.9,3,128.495,171.326,step
2026-08-31T19:07:34.091391+00:00,97.036,0.0004,0.15,0.0,-0.0005,0.0001,8897.56,3,127.956,171.346,step
2026-08-31T19:07:34.092638+00:00,97.053,0.0004,0.15,0.0,-0.0005,0.0001,8899.19,3,127.417,171.366,step
2026-08-31T19:07:34.093829+00:00,97.071,0.0004,0.15,0.0,-0.0005,0.0001,8900.79,3,126.878,171.386,step
2026-08-31T19:07:34.095018+00:00,97.088,0.0004,0.15,0.0,-0.0005,0.0001,8902.37,3,126.338,171.406,step
2026-08-31T19:07:34.096283+00:00,97.105,0.0004,0.15,0.0,-0.0005,0.0001,8904.94,3,125.799,171.426,step
2026-08-31T19:07:34.097598+00:00,97.123,0.0004,0.15,0.0,-0.0006,0.0001,8906.2,3,125.26,171.446,step
2026-08-31T19:07:34.098902+00:00,97.141,0.0004,0.15,0.0,-0.0006,0.0001,8907.49,3,124.72,171.466,step
2026-08-31T19:07:34.100074+00:00,97.159,0.0004,0.15,0.0,-0.0006,0.0001,8908.88,3,124.181,171.486,step
2026-08-31T19:07:34.101280+00:00,97.176,0.0004,0.15,0.0,-0.0006,0.0001,8910.29,3,123.641,171.506,step
2026-08-31T19:07:34.102455+00:00,97.194,0.0004,0.15,0.0,-0.0006,0.0001,8911.75,3,123.101,171.526,step
2026-08-31T19:07:34.103648+00:00,97.211,0.0004,0.15,0.0,-0.0006,0.0001,8913.27,3,122.561,171.546,step
2026-08-31T19:07:34.104958+00:00,97.228,0.0004,0.15,0.0,-0.0006,0.0001,8914.84,3,122.021,171.566,step
2026-08-31T19:07:34.106351+00:00,97.246,0.0004,0.15,0.0,-0.0006,0.0001,8916.46,3,121.481,171.586,step
2026-08-31T19:07:34.107580+00:00,97.263,0.0004,0.15,0.0,-0.0006,0.0001,8918.12,3,120.941,171.606,step
2026-08-31T19:07:34.108812+00:00,97.28,0.0004,0.15,0.0,-0.0006,0.0001,8919.78,3,120.4,171.626,step
2026-08-31T19:07:34.110064+00:00,97.297,0.0004,0.0,0.15,-0.0006,0.0001,8921.4,3,119.86,171.646,step
2026-08-31T19:07:34.111259+00:00,96.93,0.0004,0.0,0.15,-0.0006,0.0001,8738.34,3,119.318,171.666,step
2026-08-31T19:07:34.112461+00:00,96.359,0.0005,0.0,0.15,-0.0007,0.0002,8683.48,3,118.773,171.686,step
2026-08-31T19:07:34.113680+00:00,95.787,0.0006,0.0,0.15,-0.0007,0.0002,8629.56,3,118.229,171.706,step
2026-08-31T19:07:34.115299+00:00,95.219,0.0006,0.0,0.15,-0.0007,0.0003,8576.67,3,117.691,171.726,step
2026-08-31T19:07:34.116485+00:00,94.653,0.0007,0.0,0.15,-0.0007,0.0003,8527.05,3,117.159,171.746,step
2026-08-31T19:07:34.117707+00:00,94.09,0.0007,0.0,0.15,-0.0007,0.0004,8477.92,3,116.631,171.766,step
2026-08-31T19:07:34.118855+00:00,93.529,0.0007,0.0,0.15,-0.0007,0.0004,8428.81,3,116.107,171.786,step
2026-08-31T19:07:34.119982+00:00,92.971,0.0008,0.0,0.15,-0.0007,0.0004,8379.59,3,115.587,171.806,step
2026-08-31T19:07:34.121169+00:00,92.415,0.0008,0.0,0.15,-0.0007,0.0004,8330.25,3,115.07,171.826,step
2026-08-31T19:07:34.122624+00:00,91.861,0.0008,0.0,0.15,-0.0008,0.0004,8280.87,3,114.557,171.846,step
2026-08-31T19:07:34.123832+00:00,91.309,0.0008,0.0,0.15,-0.0008,0.0004,8231.51,3,114.047,171.866,step
2026-08-31T19:07:34.125035+00:00,90.759,0.0009,0.0,0.15,-0.0008,0.0004,8182.23,3,113.54,171.886,step
2026-08-31T19:07:34.126315+00:00,90.211,0.0009,0.0,0.15,-0.0008,0.0005,8133.11,3,113.036,171.906,step
2026-08-31T19:07:34.127559+00:00,89.665,0.0009,0.0,0.15,-0.0008,0.0005,8084.14,3,112.536,171.926,step
2026-08-31T19:07:34.128851+00:00,89.12,0.0009,0.15,0.0,-0.0009,0.0005,8035.35,3,112.038,171.946,step
2026-08-31T19:07:34.130036+00:00,88.963,0.0009,0.15,0.0,-0.0009,0.0005,8163.26,3,111.546,171.966,step
2026-08-31T19:07:34.131418+00:00,88.996,0.0009,0.15,0.0,-0.0009,0.0004,8164.8,3,111.057,171.986,step
2026-08-31T19:07:34.132674+00:00,89.029,0.0008,0.15,0.0,-0.0009,0.0004,8166.53,3,110.569,172.006,step
2026-08-31T19:07:34.133909+00:00,89.061,0.0008,0.15,0.0,-0.0009,0.0003,8168.88,3,110.082,172.026,step
2026-08-31T19:07:34.135108+00:00,89.094,0.0007,0.15,0.0,-0.001,0.0003,8171.56,3,109.595,172.046,step
2026-08-31T19:07:34.136242+00:00,89.126,0.0007,0.15,0.0,-0.001,0.0002,8174.59,3,109.107,172.066,step
2026-08-31T19:07:34.137445+00:00,89.158,0.0006,0.15,0.0,-0.001,0.0001,8177.91,3,108.619,172.086,step
2026-08-31T19:07:34.138581+00:00,89.189,0.0006,0.15,0.0,-0.001,0.0001,8181.27,3,108.131,172.106,step
2026-08-31T19:07:34.140130+00:00,89.221,0.0005,0.15,0.0,-0.001,0.0,8184.41,3,107.643,172.126,step
2026-08-31T19:07:34.141344+00:00,89.253,0.0005,0.15,0.0,-0.001,-0.0,8187.38,3,107.155,172.146,step
2026-08-31T19:07:34.142548+00:00,89.285,0.0004,0.15,0.0,-0.001,-0.0001,8190.25,3,106.663,172.166,step
2026-08-31T19:07:34.143783+00:00,89.317,0.0004,0.15,0.0,-0.001,-0.0001,8193.07,3,106.169,172.186,step
2026-08-31T19:07:34.145083+00:00,89.348,0.0004,0.15,0.0,-0.001,-0.0001,8195.9,3,105.674,172.206,step
2026-08-31T19:07:34.146330+00:00,89.38,0.0004,0.15,0.0,-0.001,-0.0001,8198.75,3,105.177,172.226,step
2026-08-31T19:07:34.147816+00:00,89.411,0.0004,0.15,0.0,-0.001,-0.0001,8201.61,3,104.681,172.246,step
2026-08-31T19:07:34.149025+00:00,89.443,0.0004,0.15,0.0,-0.001,-0.0001,8204.46,3,104.184,172.266,step
2026-08-31T19:07:34.150228+00:00,89.474,0.0004,0.15,0.0,-0.001,-0.0001,8207.33,3,103.687,172.286,step
2026-08-31T19:07:34.151471+00:00,89.506,0.0004,0.0,0.15,-0.001,-0.0001,8210.2,3,103.19,172.306,step
2026-08-31T19:07:34.152693+00:00,89.152,0.0004,0.15,0.0,-0.001,-0.0001,8042.78,3,102.691,172.326,step
2026-08-31T19:07:34.153901+00:00,88.993,0.0004,0.15,0.0,-0.0009,-0.0001,8165.42,3,102.193,172.346,step
2026-08-31T19:07:34.155093+00:00,89.025,0.0004,0.15,0.0,-0.0009,-0.0,8167.32,3,101.698,172.366,step
2026-08-31T19:07:34.156660+00:00,89.058,0.0004,0.15,0.0,-0.0009,-0.0,8169.8,3,101.202,172.386,step
2026-08-31T19:07:34.157850+00:00,89.09,0.0004,0.15,0.0,-0.0009,-0.0,8172.34,3,100.707,172.406,step
2026-08-31T19:07:34.159049+00:00,89.122,0.0004,0.15,0.0,-0.0009,-0.0,8174.99,3,100.212,172.426,step
2026-08-31T19:07:34.160214+00:00,89.154,0.0004,0.15,0.0,-0.0009,-0.0,8177.78,3,99.7171,172.446,step
2026-08-31T19:07:34.161361+00:00,89.186,0.0004,0.15,0.0,-0.0009,-0.0,8180.7,3,99.2216,172.466,step
2026-08-31T19:07:34.162521+00:00,89.218,0.0004,0.15,0.0,-0.0009,-0.0,8183.71,3,98.7261,172.486,step
2026-08-31T19:07:34.163971+00:00,89.25,0.0004,0.15,0.0,-0.0009,-0.0,8186.8,3,98.2303,172.506,step
2026-08-31T19:07:34.165233+00:00,89.282,0.0004,0.15,0.0,-0.0009,-0.0,8189.81,3,97.7345,172.526,step
2026-08-31T19:07:34.166472+00:00,89.314,0.0004,0.15,0.0,-0.0009,-0.0,8192.76,3,97.2383,172.546,step
2026-08-31T19:07:34.167688+00:00,89.345,0.0004,0.15,0.0,-0.0009,-0.0,8195.66,3,96.7421,172.566,step
2026-08-31T19:07:34.168835+00:00,89.377,0.0004,0.15,0.0,-0.0009,-0.0,8198.53,3,96.2455,172.586,step
2026-08-31T19:07:34.170004+00:00,89.409,0.0004,0.15,0.0,-0.0009,-0.0,8201.39,3,95.749,172.606,step
2026-08-31T19:07:34.171200+00:00,89.44,0.0004,0.15,0.0,-0.0009,-0.0,8204.27,3,95.2521,172.626,step
2026-08-31T19:07:34.172651+00:00,89.472,0.0004,0.15,0.0,-0.0009,-0.0,8207.15,3,94.7552,172.646,step
2026-08-31T19:07:34.173941+00:00,89.503,0.0004,0.0,0.15,-0.0009,-0.0,8210.01,3,94.2579,172.666,step
2026-08-31T19:07:34.175227+00:00,89.149,0.0004,0.15,0.0,-0.0009,-0.0001,8042.78,3,93.7634,172.686,step
2026-08-31T19:07:34.176419+00:00,88.99,0.0004,0.15,0.0,-0.0009,-0.0001,8165.07,3,93.2719,172.706,step
2026-08-31T19:07:34.177559+00:00,89.023,0.0003,0.15,0.0,-0.0009,-0.0001,8167.01,3,92.7785,172.726,step
2026-08-31T19:07:34.178738+00:00,89.055,0.0003,0.15,0.0,-0.0009,-0.0001,8169.51,3,92.2843,172.746,step
2026-08-31T19:07:34.179983+00:00,89.088,0.0003,0.15,0.0,-0.0009,-0.0001,8172.08,3,91.7896,172.766,step
2026-08-31T19:07:34.181401+00:00,89.12,0.0003,0.15,0.0,-0.0009,-0.0001,8174.75,3,91.2947,172.786,step
2026-08-31T19:07:34.182699+00:00,89.152,0.0003,0.15,0.0,-0.0009,-0.0001,8177.55,3,90.7994,172.806,step
2026-08-31T19:07:34.183913+00:00,89.184,0.0003,0.15,0.0,-0.0008,-0.0001,8180.48,3,90.3041,172.826,step
2026-08-31T19:07:34.185113+00:00,89.216,0.0003,0.15,0.0,-0.0008,-0.0001,8183.5,3,89.8084,172.846,step
2026-08-31T19:07:34.186305+00:00,89.247,0.0003,0.15,0.0,-0.0008,-0.0001,8186.57,3,89.3127,172.866,step
2026-08-31T19:07:34.187541+00:00,89.279,0.0003,0.15,0.0,-0.0008,-0.0001,8189.58,3,88.8167,172.886,step
2026-08-31T19:07:34.188787+00:00,89.311,0.0003,0.15,0.0,-0.0008,-0.0001,8192.52,3,88.3207,172.906,step
2026-08-31T19:07:34.190079+00:00,89.343,0.0003,0.15,0.0,-0.0008,-0.0001,8195.42,3,87.8244,172.926,step
2026-08-31T19:07:34.191368+00:00,89.374,0.0003,0.15,0.0,-0.0008,-0.0001,8198.24,3,87.328,172.946,step
2026-08-31T19:07:34.192541+00:00,89.406,0.0003,0.15,0.0,-0.0008,-0.0001,8201.11,3,86.8313,172.966,step
2026-08-31T19:07:34.193704+00:00,89.438,0.0003,0.15,0.0,-0.0008,-0.0001,8203.99,3,86.3346,172.986,step
2026-08-31T19:07:34.194854+00:00,89.469,0.0003,0.15,0.0,-0.0008,-0.0001,8206.86,3,85.8376,173.006,step
2026-08-31T19:07:34.195982+00:00,89.501,0.0003,0.0,0.15,-0.0008,-0.0001,8209.73,3,85.3404,173.026,step
2026-08-31T19:07:34.197203+00:00,89.146,0.0003,0.15,0.0,-0.0008,-0.0001,8042.53,3,84.8422,173.046,step
2026-08-31T19:07:34.198813+00:00,88.988,0.0003,0.15,0.0,-0.0008,-0.0001,8164.82,3,84.3451,173.066,step
2026-08-31T19:07:34.200006+00:00,89.02,0.0003,0.15,0.0,-0.0007,-0.0,8166.77,3,83.8495,173.086,step
2026-08-31T19:07:34.201195+00:00,89.052,0.0003,0.15,0.0,-0.0007,-0.0,8169.26,3,83.3545,173.106,step
2026-08-31T19:07:34.202394+00:00,89.085,0.0003,0.15,0.0,-0.0007,-0.0,8171.83,3,82.8595,173.126,step
2026-08-31T19:07:34.203632+00:00,89.117,0.0003,0.15,0.0,-0.0007,-0.0,8174.49,3,82.3645,173.146,step
2026-08-31T19:07:34.204823+00:00,89.149,0.0003,0.15,0.0,-0.0007,-0.0,8177.29,3,81.8693,173.166,step
2026-08-31T19:07:34.206247+00:00,89.181,0.0003,0.15,0.0,-0.0007,-0.0,8180.2,3,81.3739,173.186,step
2026-08-31T19:07:34.207382+00:00,89.213,0.0003,0.15,0.0,-0.0007,-0.0,8183.21,3,80.8784,173.206,step
2026-08-31T19:07:34.208532+00:00,89.244,0.0003,0.15,0.0,-0.0007,-0.0,8186.28,3,80.3826,173.226,step
2026-08-31T19:07:34.209709+00:00,89.276,0.0003,0.15,0.0,-0.0007,-0.0,8189.26,3,79.8867,173.246,step
2026-08-31T19:07:34.210822+00:00,89.308,0.0003,0.15,0.0,-0.0007,-0.0,8192.09,3,79.3906,173.266,step
2026-08-31T19:07:34.211959+00:00,89.34,0.0003,0.15,0.0,-0.0007,-0.0,8195.04,3,78.8944,173.286,step
2026-08-31T19:07:34.213290+00:00,89.371,0.0003,0.15,0.0,-0.0007,-0.0,8197.95,3,78.398,173.306,step
2026-08-31T19:07:34.214600+00:00,89.403,0.0003,0.15,0.0,-0.0007,-0.0,8200.83,3,77.9014,173.326,step
2026-08-31T19:07:34.215748+00:00,89.434,0.0003,0.15,0.0,-0.0007,-0.0,8203.7,3,77.4046,173.346,step
2026-08-31T19:07:34.216864+00:00,89.466,0.0003,0.15,0.0,-0.0007,-0.0,8206.56,3,76.9077,173.366,step
2026-08-31T19:07:34.218003+00:00,89.497,0.0003,0.0,0.15,-0.0007,-0.0,8209.43,3,76.4105,173.386,step
2026-08-31T19:07:34.219142+00:00,89.143,0.0003,0.15,0.0,-0.0007,-0.0001,8042.18,3,75.9156,173.406,step
2026-08-31T19:07:34.220276+00:00,88.984,0.0003,0.15,0.0,-0.0007,-0.0001,8164.49,3,75.4236,173.426,step
2026-08-31T19:07:34.221482+00:00,89.016,0.0002,0.15,0.0,-0.0007,-0.0001,8166.42,3,74.9301,173.446,step
2026-08-31T19:07:34.222801+00:00,89.049,0.0002,0.15,0.0,-0.0007,-0.0001,8168.9,3,74.4358,173.466,step
2026-08-31T19:07:34.224144+00:00,89.081,0.0002,0.15,0.0,-0.0007,-0.0001,8171.45,3,73.9411,173.486,step
2026-08-31T19:07:34.225340+00:00,89.113,0.0002,0.15,0.0,-0.0007,-0.0001,8174.09,3,73.4462,173.506,step
2026-08-31T19:07:34.226527+00:00,89.145,0.0002,0.15,0.0,-0.0007,-0.0001,8176.89,3,72.9509,173.526,step
2026-08-31T19:07:34.227653+00:00,89.176,0.0002,0.15,0.0,-0.0006,-0.0001,8179.81,3,72.4557,173.546,step
2026-08-31T19:07:34.228772+00:00,89.208,0.0002,0.15,0.0,-0.0006,-0.0001,8182.64,3,71.96,173.566,step
2026-08-31T19:07:34.229892+00:00,89.24,0.0002,0.15,0.0,-0.0006,-0.0001,8185.68,3,71.4644,173.586,step
2026-08-31T19:07:34.231137+00:00,89.272,0.0002,0.15,0.0,-0.0006,-0.0001,8188.77,3,70.9685,173.606,step
2026-08-31T19:07:34.232315+00:00,89.303,0.0002,0.15,0.0,-0.0006,-0.0001,8191.77,3,70.4725,173.626,step
2026-08-31T19:07:34.233466+00:00,89.335,0.0002,0.15,0.0,-0.0006,-0.0001,8194.69,3,69.9762,173.646,step
2026-08-31T19:07:34.234624+00:00,89.366,0.0002,0.15,0.0,-0.0006,-0.0001,8197.56,3,69.4799,173.666,step
2026-08-31T19:07:34.235717+00:00,89.398,0.0002,0.15,0.0,-0.0006,-0.0001,8200.41,3,68.9832,173.686,step
2026-08-31T19:07:34.236825+00:00,89.429,0.0002,0.15,0.0,-0.0006,-0.0001,8203.25,3,68.4865,173.706,step
2026-08-31T19:07:34.237944+00:00,89.46,0.0002,0.15,0.0,-0.0006,-0.0001,8206.1,3,67.9895,173.726,step
2026-08-31T19:07:34.239384+00:00,89.492,0.0002,0.0,0.15,-0.0006,-0.0001,8208.95,3,67.4925,173.746,step
2026-08-31T19:07:34.240752+00:00,89.137,0.0002,0.15,0.0,-0.0006,-0.0001,8041.7,3,66.9947,173.766,step
2026-08-31T19:07:34.241938+00:00,88.978,0.0002,0.15,0.0,-0.0006,-0.0001,8163.94,3,66.4982,173.786,step
2026-08-31T19:07:34.243155+00:00,89.011,0.0002,0.15,0.0,-0.0005,-0.0,8165.87,3,66.003,173.806,step
2026-08-31T19:07:34.244302+00:00,89.043,0.0002,0.15,0.0,-0.0005,-0.0,8168.35,3,65.5081,173.826,step
2026-08-31T19:07:34.245408+00:00,89.075,0.0002,0.15,0.0,-0.0005,-0.0,8170.89,3,65.0132,173.846,step
2026-08-31T19:07:34.246628+00:00,89.106,0.0002,0.15,0.0,-0.0005,-0.0,8173.5,3,64.5182,173.866,step
2026-08-31T19:07:34.248033+00:00,89.138,0.0002,0.15,0.0,-0.0005,-0.0,8176.08,3,64.023,173.886,step
2026-08-31T19:07:34.249160+00:00,89.17,0.0002,0.15,0.0,-0.0005,-0.0,8179.01,3,63.5278,173.906,step
2026-08-31T19:07:34.250324+00:00,89.201,0.0002,0.15,0.0,-0.0005,-0.0,8182.1,3,63.0323,173.926,step
2026-08-31T19:07:34.251507+00:00,89.233,0.0002,0.15,0.0,-0.0005,-0.0,8185.24,3,62.5366,173.946,step
2026-08-31T19:07:34.252696+00:00,89.264,0.0002,0.15,0.0,-0.0005,-0.0,8188.27,3,62.0408,173.966,step
2026-08-31T19:07:34.253879+00:00,89.296,0.0002,0.15,0.0,-0.0005,-0.0,8191.2,3,61.5448,173.986,step
2026-08-31T19:07:34.255060+00:00,89.328,0.0002,0.15,0.0,-0.0005,-0.0,8194.07,3,61.0486,174.006,step
2026-08-31T19:07:34.256320+00:00,89.359,0.0002,0.15,0.0,-0.0005,-0.0,8196.91,3,60.5522,174.026,step
2026-08-31T19:07:34.257540+00:00,89.39,0.0002,0.15,0.0,-0.0005,-0.0,8199.74,3,60.0557,174.046,step
2026-08-31T19:07:34.258674+00:00,89.421,0.0002,0.15,0.0,-0.0005,-0.0,8202.56,3,59.559,174.066,step
2026-08-31T19:07:34.259845+00:00,89.453,0.0002,0.15,0.0,-0.0005,-0.0,8205.37,3,59.0621,174.086,step
2026-08-31T19:07:34.260968+00:00,89.484,0.0002,0.15,0.0,-0.0005,-0.0,8208.17,3,58.5651,174.106,step
2026-08-31T19:07:34.262178+00:00,89.515,0.0002,0.0,0.15,-0.0005,-0.0,8210.99,3,58.0678,174.126,step
2026-08-31T19:07:34.263378+00:00,89.16,0.0002,0.0,0.15,-0.0005,-0.0,8043.85,3,57.5701,174.146,step
2026-08-31T19:07:34.264796+00:00,88.616,0.0003,0.0,0.15,-0.0005,0.0,7991.89,3,57.0734,174.166,step
2026-08-31T19:07:34.265946+00:00,88.071,0.0003,0.0,0.15,-0.0005,0.0001,7942.02,3,56.5792,174.186,step
2026-08-31T19:07:34.267076+00:00,87.529,0.0004,0.0,0.15,-0.0005,0.0001,7892.43,3,56.0878,174.206,step
2026-08-31T19:07:34.268262+00:00,86.991,0.0004,0.0,0.15,-0.0005,0.0002,7843.93,3,55.5995,174.226,step
2026-08-31T19:07:34.269437+00:00,86.454,0.0005,0.0,0.15,-0.0005,0.0003,7796.14,3,55.1142,174.246,step
2026-08-31T19:07:34.270651+00:00,85.92,0.0005,0.0,0.15,-0.0005,0.0003,7748.66,3,54.6334,174.266,step
2026-08-31T19:07:34.271765+00:00,85.387,0.0006,0.0,0.15,-0.0005,0.0003,7701.33,3,54.1571,174.286,step
2026-08-31T19:07:34.273006+00:00,84.857,0.0006,0.0,0.15,-0.0005,0.0003,7654.04,3,53.6843,174.306,step
2026-08-31T19:07:34.274175+00:00,84.328,0.0006,0.0,0.15,-0.0005,0.0003,7606.79,3,53.2149,174.326,step
2026-08-31T19:07:34.275320+00:00,83.801,0.0006,0.0,0.15,-0.0005,0.0003,7559.61,3,52.7485,174.346,step
2026-08-31T19:07:34.276474+00:00,83.275,0.0006,0.0,0.15,-0.0005,0.0003,7512.5,3,52.285,174.366,step
2026-08-31T19:07:34.277628+00:00,82.75,0.0006,0.0,0.15,-0.0006,0.0003,7465.46,3,51.8247,174.386,step
2026-08-31T19:07:34.278733+00:00,82.227,0.0006,0.0,0.15,-0.0006,0.0003,7418.59,3,51.3672,174.406,step
2026-08-31T19:07:34.279855+00:00,81.706,0.0005,0.0,0.15,-0.0006,0.0002,7371.88,3,50.9128,174.426,step
2026-08-31T19:07:34.281267+00:00,81.186,0.0005,0.0,0.15,-0.0006,0.0002,7325.3,3,50.4612,174.446,step
2026-08-31T19:07:34.282382+00:00,80.668,0.0005,0.0,0.15,-0.0006,0.0002,7278.85,3,50.0127,174.466,step
2026-08-31T19:07:34.283516+00:00,80.151,0.0005,0.0,0.15,-0.0006,0.0002,7232.55,3,49.567,174.486,step
2026-08-31T19:07:34.284668+00:00,79.636,0.0005,0.0,0.15,-0.0006,0.0002,7186.72,2,49.1243,174.506,step
2026-08-31T19:07:34.285792+00:00,79.14,0.0005,0.0,0.15,-0.0006,0.0002,9034.54,2,48.6847,174.526,step
2026-08-31T19:07:34.286898+00:00,78.659,0.0005,0.0,0.15,-0.0006,0.0002,9013.2,2,48.2477,174.546,step
2026-08-31T19:07:34.288086+00:00,78.16,0.0005,0.0,0.15,-0.0006,0.0001,8857.88,2,47.8128,174.566,step
2026-08-31T19:07:34.289443+00:00,77.59,0.0004,0.0,0.15,-0.0006,0.0001,8789.26,2,47.3832,174.586,step
2026-08-31T19:07:34.290574+00:00,77.022,0.0003,0.0,0.15,-0.0006,0.0,8724.95,2,46.9584,174.606,step
2026-08-31T19:07:34.291708+00:00,76.456,0.0002,0.0,0.15,-0.0006,-0.0001,8661.51,2,46.5372,174.626,step
2026-08-31T19:07:34.292855+00:00,75.892,0.0001,0.0,0.15,-0.0006,-0.0002,8598.73,2,46.1193,174.646,step
2026-08-31T19:07:34.293975+00:00,75.332,0.0,0.0,0.15,-0.0006,-0.0003,8536.45,2,45.7044,174.666,step
2026-08-31T19:07:34.295089+00:00,74.775,-0.0001,0.0,0.15,-0.0006,-0.0004,8474.52,2,45.2924,174.686,step
2026-08-31T19:07:34.296256+00:00,74.22,0.1998,0.0,0.15,-0.0006,-0.0005,8412.85,2,44.8834,174.706,step
2026-08-31T19:07:34.297448+00:00,73.679,0.1976,0.0,0.15,-0.0004,-0.0025,8352.19,2,44.5829,174.726,step
2026-08-31T19:07:34.298658+00:00,73.085,0.1909,0.0,0.15,0.0004,-0.0085,8284.15,2,44.487,174.746,step
2026-08-31T19:07:34.299813+00:00,72.511,0.182,0.0,0.15,0.0017,-0.0165,8216.62,2,44.4864,174.766,step
2026-08-31T19:07:34.300976+00:00,71.951,0.172,0.0,0.15,0.0036,-0.0252,8152.19,2,44.5116,174.786,step
2026-08-31T19:07:34.302099+00:00,71.398,0.1618,0.0,0.15,0.0059,-0.0339,8089.84,2,44.5276,174.806,step
2026-08-31T19:07:34.303225+00:00,70.85,0.1516,0.0,0.15,0.0088,-0.0423,8028.74,2,44.5197,174.826,step
2026-08-31T19:07:34.304314+00:00,70.304,0.1418,0.0,0.15,0.0121,-0.0502,7968.31,2,44.4834,174.846,step
2026-08-31T19:07:34.305473+00:00,69.762,0.1322,0.0,0.15,0.0158,-0.0576,7908.38,2,44.4183,174.866,step
2026-08-31T19:07:34.306885+00:00,69.22,0.123,0.0,0.15,0.0199,-0.0645,7852.25,2,44.3247,174.886,step
2026-08-31T19:07:34.307997+00:00,68.683,0.1142,0.0,0.15,0.0245,-0.0708,7793.09,2,44.2041,174.906,step
2026-08-31T19:07:34.309132+00:00,68.15,-0.2942,0.0,0.15,0.0293,-0.0765,7733.04,2,44.0607,174.926,step
2026-08-31T19:07:34.310247+00:00,67.649,-0.3,0.0,0.15,0.0343,-0.0797,7676.55,2,43.811,174.946,step
2026-08-31T19:07:34.311341+00:00,67.098,-0.299,0.0,0.15,0.0388,-0.0766,7617.73,2,43.3126,174.966,step
2026-08-31T19:07:34.312431+00:00,66.503,0.1068,0.0,0.15,0.0426,-0.0692,7547.63,2,42.6419,174.986,step
2026-08-31T19:07:34.313780+00:00,65.955,0.1136,0.0,0.15,0.0459,-0.0611,7481.78,2,41.9464,175.006,step
2026-08-31T19:07:34.314958+00:00,65.434,0.1141,0.0,0.15,0.0494,-0.0589,7429.32,2,41.493,175.026,step
2026-08-31T19:07:34.316132+00:00,64.885,0.1101,0.0,0.15,0.0532,-0.061,7368.53,2,41.214,175.046,step
2026-08-31T19:07:34.317252+00:00,64.36,0.104,0.0,0.15,0.0573,-0.0648,7308.77,2,41.0092,175.066,step
2026-08-31T19:07:34.318443+00:00,63.843,-0.3028,0.0,0.15,0.0617,-0.0693,7250.72,2,40.825,175.086,step
2026-08-31T19:07:34.319552+00:00,63.361,-0.3073,0.0,0.15,0.066,-0.0715,7196.36,2,40.5586,175.106,step
2026-08-31T19:07:34.320687+00:00,62.822,-0.3055,0.0,0.15,0.0698,-0.068,7137.85,2,40.0741,175.126,step
2026-08-31T19:07:34.321878+00:00,62.242,0.1007,0.0,0.15,0.0729,-0.0605,7069.53,2,39.4408,175.146,step
2026-08-31T19:07:34.323429+00:00,61.712,0.1077,0.0,0.15,0.0755,-0.0525,7006.58,2,38.7924,175.166,step
2026-08-31T19:07:34.324573+00:00,61.207,0.1085,0.0,0.15,0.0782,-0.0504,6955.61,2,38.3701,175.186,step
2026-08-31T19:07:34.325727+00:00,60.677,0.105,0.0,0.15,0.0813,-0.0524,6895.99,2,38.1046,175.206,step
2026-08-31T19:07:34.326901+00:00,60.169,0.0996,0.0,0.15,0.0846,-0.0559,6838.04,2,37.9022,175.226,step
2026-08-31T19:07:34.328040+00:00,59.668,0.0937,0.0,0.15,0.0882,-0.0599,6783.07,2,37.7159,175.246,step
2026-08-31T19:07:34.329241+00:00,59.171,0.0878,0.0,0.15,0.0919,-0.0638,6727.98,2,37.5281,175.266,step
2026-08-31T19:07:34.330358+00:00,58.678,-0.318,0.0,0.15,0.0959,-0.0674,6672.04,2,37.3334,175.286,step
2026-08-31T19:07:34.331716+00:00,58.213,-0.3215,0.0,0.15,0.0997,-0.0689,6618.32,2,37.0608,175.306,step
2026-08-31T19:07:34.332847+00:00,57.689,0.0809,0.0,0.15,0.103,-0.065,6559.85,2,36.6027,175.326,step
2026-08-31T19:07:34.333995+00:00,57.133,0.0857,0.0,0.15,0.1058,-0.0591,6493.82,2,36.0738,175.346,step
2026-08-31T19:07:34.335096+00:00,56.643,0.0858,0.0,0.15,0.1087,-0.0576,6441.52,2,35.7073,175.366,step
2026-08-31T19:07:34.336181+00:00,56.14,0.0824,0.0,0.15,0.1118,-0.0593,6384.5,2,35.4539,175.386,step
2026-08-31T19:07:34.337340+00:00,55.652,0.0779,0.0,0.15,0.1152,-0.0621,6329.29,2,35.2384,175.406,step
2026-08-31T19:07:34.338500+00:00,55.169,0.073,0.0,0.15,0.1188,-0.0651,6274.99,2,35.0305,175.426,step
2026-08-31T19:07:34.339786+00:00,54.688,0.0682,0.0,0.15,0.1224,-0.0679,6221.04,2,34.8208,175.446,step
2026-08-31T19:07:34.340910+00:00,54.21,0.0636,0.0,0.15,0.1262,-0.0705,6167.23,2,34.6066,175.466,step
2026-08-31T19:07:34.342055+00:00,53.734,0.0591,0.0,0.15,0.1301,-0.073,6113.5,2,34.388,175.486,step
2026-08-31T19:07:34.343221+00:00,53.258,0.0548,0.0,0.15,0.134,-0.0753,6059.79,2,34.1648,175.506,step
2026-08-31T19:07:34.344356+00:00,52.785,0.0506,0.0,0.15,0.138,-0.0774,6006.23,2,33.9378,175.526,step
2026-08-31T19:07:34.345439+00:00,52.312,0.0466,0.0,0.15,0.142,-0.0793,5952.81,2,33.7074,175.546,step
2026-08-31T19:07:34.346593+00:00,51.841,0.0427,0.0,0.15,0.1461,-0.0811,5899.57,2,33.474,175.566,step
2026-08-31T19:07:34.348003+00:00,51.371,0.039,0.0,0.15,0.1502,-0.0827,5846.46,2,33.2378,175.586,step
2026-08-31T19:07:34.349188+00:00,50.902,0.0354,0.15,0.0,0.1543,-0.0841,5793.53,2,32.9989,175.606,step
2026-08-31T19:07:34.350320+00:00,50.882,0.0321,0.15,0.0,0.1585,-0.0854,5900.83,2,32.7548,175.626,step
2026-08-31T19:07:34.351474+00:00,50.97,0.0289,0.15,0.0,0.1627,-0.0864,5909.15,2,32.5042,175.646,step
2026-08-31T19:07:34.352596+00:00,51.057,0.0258,0.15,0.0,0.167,-0.0873,5917.85,2,32.2492,175.666,step
2026-08-31T19:07:34.353781+00:00,51.145,0.0228,0.15,0.0,0.1712,-0.0882,5927.55,2,31.9903,175.686,step
2026-08-31T19:07:34.354863+00:00,51.232,0.0198,0.15,0.0,0.1756,-0.0889,5937.52,2,31.728,175.706,step
2026-08-31T19:07:34.356197+00:00,51.319,0.017,0.0,0.15,0.1799,-0.0896,5947.82,2,31.4623,175.726,step
2026-08-31T19:07:34.357269+00:00,50.977,0.0142,0.15,0.0,0.1843,-0.0902,5806.09,2,31.1951,175.746,step
2026-08-31T19:07:34.358380+00:00,50.943,0.0115,0.15,0.0,0.1886,-0.0907,5906.73,2,30.927,175.766,step
2026-08-31T19:07:34.359492+00:00,51.03,0.0089,0.15,0.0,0.193,-0.091,5916.28,2,30.6549,175.786,step
2026-08-31T19:07:34.360574+00:00,51.117,0.0064,0.15,0.0,0.1973,-0.0914,5925.85,2,30.38,175.806,step
2026-08-31T19:07:34.361638+00:00,51.204,0.004,0.0,0.15,0.2017,-0.0916,5935.59,2,30.1023,175.826,step
2026-08-31T19:07:34.362745+00:00,50.858,0.0016,0.0,0.15,0.2061,-0.0918,5792.51,2,29.8234,175.846,step
2026-08-31T19:07:34.363865+00:00,50.389,-0.0007,0.0,0.15,0.2104,-0.0919,5736.49,2,29.5455,175.866,step
2026-08-31T19:07:34.365416+00:00,49.922,-0.0028,0.0,0.15,0.2147,-0.0919,5682.18,1,29.2679,175.886,step
2026-08-31T19:07:34.366550+00:00,49.463,-0.0049,0.0,0.15,0.2189,-0.0918,7624.28,1,28.9906,175.906,step
2026-08-31T19:07:34.367678+00:00,49.008,-0.0068,0.0,0.15,0.2231,-0.0917,7613.08,1,28.7139,175.926,step
2026-08-31T19:07:34.368805+00:00,48.54,-0.0087,0.0,0.15,0.2272,-0.0915,7396.45,1,28.4379,175.946,step
2026-08-31T19:07:34.369962+00:00,48.026,-0.0104,0.0,0.15,0.2312,-0.0912,7320.25,1,28.1623,175.966,step
2026-08-31T19:07:34.371134+00:00,47.515,-0.012,0.0,0.15,0.2352,-0.0909,7243.8,1,27.8881,175.986,step
2026-08-31T19:07:34.372266+00:00,47.007,-0.0136,0.0,0.15,0.2391,-0.0905,7167.94,1,27.6156,176.006,step
2026-08-31T19:07:34.373909+00:00,46.502,-0.0151,0.0,0.15,0.243,-0.09,7092.56,1,27.3445,176.026,step
2026-08-31T19:07:34.375024+00:00,46.0,-0.0164,0.0,0.15,0.2468,-0.0896,7017.62,1,27.0753,176.046,step
2026-08-31T19:07:34.376162+00:00,45.501,-0.0178,0.0,0.15,0.2505,-0.089,6943.03,1,26.8083,176.066,step
2026-08-31T19:07:34.377298+00:00,45.005,-0.019,0.0,0.15,0.2541,-0.0885,6868.77,1,26.5432,176.086,step
2026-08-31T19:07:34.378463+00:00,44.513,-0.0202,0.0,0.15,0.2577,-0.0879,6794.83,1,26.2801,176.106,step
2026-08-31T19:07:34.379623+00:00,44.022,-0.0213,0.15,0.0,0.2612,-0.0873,6721.23,1,26.0192,176.126,step
2026-08-31T19:07:34.380984+00:00,44.025,-0.0224,0.0,0.15,0.2647,-0.0867,6889.03,1,25.7602,176.146,step
2026-08-31T19:07:34.382185+00:00,43.662,-0.0234,0.0,0.15,0.2681,-0.0861,6670.59,1,25.5017,176.166,step
2026-08-31T19:07:34.383279+00:00,43.178,-0.0244,0.0,0.15,0.2714,-0.0854,6593.7,1,25.2446,176.186,step
2026-08-31T19:07:34.384373+00:00,42.695,-0.0253,0.0,0.15,0.2747,-0.0847,6520.41,1,24.9897,176.206,step
2026-08-31T19:07:34.385475+00:00,42.214,-0.0262,0.0,0.15,0.2779,-0.084,6447.86,1,24.737,176.226,step
2026-08-31T19:07:34.386540+00:00,41.735,-0.027,0.0,0.15,0.281,-0.0832,6375.96,1,24.4867,176.246,step
2026-08-31T19:07:34.387623+00:00,41.258,-0.0277,0.0,0.15,0.2841,-0.0824,6304.49,1,24.2386,176.266,step
2026-08-31T19:07:34.388971+00:00,40.785,-0.0284,0.0,0.15,0.2871,-0.0817,6233.33,1,23.993,176.286,step
2026-08-31T19:07:34.390167+00:00,40.313,-0.029,0.0,0.15,0.29,-0.0809,6162.37,1,23.7502,176.306,step
2026-08-31T19:07:34.391279+00:00,39.844,-0.0296,0.0,0.15,0.2929,-0.0801,6091.65,1,23.5099,176.326,step
2026-08-31T19:07:34.392358+00:00,39.377,-0.0302,0.15,0.0,0.2957,-0.0793,6021.17,1,23.2721,176.346,step
2026-08-31T19:07:34.393408+00:00,39.395,-0.0308,0.0,0.15,0.2984,-0.0785,6163.85,1,23.0366,176.366,step
2026-08-31T19:07:34.394502+00:00,39.038,-0.0313,0.0,0.15,0.3011,-0.0777,5973.03,1,22.8016,176.386,step
2026-08-31T19:07:34.395574+00:00,38.575,-0.0318,0.0,0.15,0.3037,-0.0769,5902.25,1,22.5687,176.406,step
2026-08-31T19:07:34.396758+00:00,38.114,-0.0322,0.0,0.15,0.3063,-0.0761,5830.73,1,22.3383,176.426,step
2026-08-31T19:07:34.398182+00:00,37.654,-0.0327,0.0,0.15,0.3088,-0.0753,5760.03,1,22.1105,176.446,step
2026-08-31T19:07:34.399325+00:00,37.195,-0.033,0.0,0.15,0.3113,-0.0745,5690.18,1,21.8852,176.466,step
2026-08-31T19:07:34.400460+00:00,36.739,-0.0334,0.0,0.15,0.3137,-0.0736,5620.97,1,21.6627,176.486,step
2026-08-31T19:07:34.401607+00:00,36.286,-0.0337,0.8,0.0,0.316,-0.0728,5552.34,1,21.443,176.506,step
2026-08-31T19:07:34.402749+00:00,36.699,-0.0339,0.0,0.15,0.3183,-0.072,6551.83,1,21.2235,176.526,step
2026-08-31T19:07:34.403917+00:00,36.677,-0.0342,0.0,0.15,0.3206,-0.0711,5624.71,1,21.0017,176.546,step
2026-08-31T19:07:34.405144+00:00,36.226,-0.0345,0.0,0.15,0.3229,-0.0703,5548.3,1,20.7829,176.566,step
2026-08-31T19:07:34.406806+00:00,35.773,-0.0347,0.0,0.15,0.3251,-0.0695,5476.78,1,20.567,176.586,step
2026-08-31T19:07:34.408028+00:00,35.321,-0.035,0.0,0.15,0.3272,-0.0687,5406.29,1,20.3534,176.606,step
2026-08-31T19:07:34.409211+00:00,34.872,-0.0351,0.0,0.15,0.3293,-0.0679,5337.21,1,20.1424,176.626,step
2026-08-31T19:07:34.410390+00:00,34.425,-0.0353,0.0,0.15,0.3313,-0.067,5269.16,1,19.9342,176.646,step
2026-08-31T19:07:34.411558+00:00,33.979,-0.0315,0.0,0.15,0.3332,-0.0625,5235.99,1,19.7289,176.666,step
2026-08-31T19:07:34.412823+00:00,33.535,-0.0208,0.0,0.15,0.3349,-0.0513,5235.99,1,19.5271,176.686,step
2026-08-31T19:07:34.414062+00:00,33.092,-0.0102,0.0,0.15,0.3362,-0.0405,5235.99,1,19.3315,176.706,step
2026-08-31T19:07:34.415567+00:00,32.649,0.0002,0.0,0.15,0.3371,-0.0301,5235.99,1,19.143,176.726,step
2026-08-31T19:07:34.416789+00:00,32.206,0.0103,0.0,0.15,0.3379,-0.02,5235.99,1,18.9614,176.746,step
2026-08-31T19:07:34.417954+00:00,31.763,0.0201,0.8,0.0,0.3383,-0.0103,5235.99,1,18.7862,176.766,step
2026-08-31T19:07:34.419070+00:00,32.187,0.0299,0.0,0.15,0.3385,-0.0008,5604.93,1,18.6154,176.786,step
2026-08-31T19:07:34.420254+00:00,32.069,0.0397,0.0,0.15,0.3385,0.0086,5235.99,1,18.4461,176.806,step
2026-08-31T19:07:34.421426+00:00,31.63,0.0492,0.0,0.15,0.3382,0.0176,5235.99,1,18.2825,176.826,step
2026-08-31T19:07:34.422783+00:00,31.186,0.0586,0.0,0.15,0.3377,0.0264,5235.99,1,18.1246,176.846,step
2026-08-31T19:07:34.423986+00:00,30.741,0.0676,0.0,0.15,0.337,0.0348,5235.99,1,17.9726,176.866,step
2026-08-31T19:07:34.425167+00:00,30.297,0.0764,0.0,0.15,0.3361,0.0428,5235.99,1,17.8262,176.886,step
2026-08-31T19:07:34.426339+00:00,29.854,0.085,0.8,0.0,0.3351,0.0506,5235.99,1,17.6849,176.906,step
2026-08-31T19:07:34.427478+00:00,30.287,0.0935,0.0,0.15,0.3338,0.0582,5267.87,1,17.5468,176.926,step
2026-08-31T19:07:34.428633+00:00,30.148,0.102,0.0,0.15,0.3324,0.0657,5235.99,1,17.4093,176.946,step
2026-08-31T19:07:34.429864+00:00,29.706,0.1103,0.0,0.15,0.3308,0.0729,5235.99,1,17.2761,176.966,step
2026-08-31T19:07:34.431231+00:00,29.262,0.1184,0.0,0.15,0.3291,0.0799,5235.99,1,17.1475,176.986,step
2026-08-31T19:07:34.432477+00:00,28.818,0.1262,0.8,0.0,0.3273,0.0865,5235.99,1,17.0235,177.006,step
2026-08-31T19:07:34.433639+00:00,29.264,0.134,0.0,0.15,0.3253,0.093,5235.99,1,16.9024,177.026,step
2026-08-31T19:07:34.434851+00:00,29.119,0.1417,0.0,0.15,0.3232,0.0994,5235.99,1,16.7813,177.046,step
2026-08-31T19:07:34.436013+00:00,28.676,0.1493,0.0,0.15,0.3209,0.1056,5235.99,1,16.6639,177.066,step
2026-08-31T19:07:34.437148+00:00,28.232,0.1566,0.0,0.15,0.3186,0.1116,5235.99,1,16.5508,177.086,step
2026-08-31T19:07:34.438398+00:00,27.788,0.1637,0.8,0.0,0.3162,0.1172,5235.99,1,16.4419,177.106,step
2026-08-31T19:07:34.439814+00:00,28.237,0.1707,0.0,0.15,0.3136,0.1227,5235.99,1,16.3354,177.126,step
2026-08-31T19:07:34.441011+00:00,28.095,0.1777,0.0,0.15,0.3109,0.1282,5235.99,1,16.2284,177.146,step
2026-08-31T19:07:34.442203+00:00,27.651,0.1845,0.0,0.15,0.3081,0.1334,5235.99,1,16.1246,177.166,step
2026-08-31T19:07:34.443408+00:00,27.207,0.1912,0.0,0.15,0.3053,0.1384,5235.99,1,16.0246,177.186,step
2026-08-31T19:07:34.444653+00:00,26.763,0.1976,0.8,0.0,0.3025,0.1432,5235.99,1,15.928,177.206,step
2026-08-31T19:07:34.445909+00:00,27.219,0.2038,0.0,0.15,0.2995,0.1478,5235.99,1,15.8338,177.226,step
2026-08-31T19:07:34.447107+00:00,27.075,0.2102,0.0,0.15,0.2964,0.1524,5235.99,1,15.7385,177.246,step
2026-08-31T19:07:34.448782+00:00,26.63,0.2164,0.0,0.15,0.2933,0.1569,5235.99,1,15.646,177.266,step
2026-08-31T19:07:34.449978+00:00,26.186,0.2224,0.8,0.0,0.2901,0.1611,5235.99,1,15.5568,177.286,step
2026-08-31T19:07:34.451208+00:00,26.651,0.2282,0.0,0.15,0.2868,0.1652,5235.99,1,15.4698,177.306,step
2026-08-31T19:07:34.452390+00:00,26.501,0.2341,0.0,0.15,0.2835,0.1693,5235.99,1,15.3816,177.326,step
2026-08-31T19:07:34.453605+00:00,26.055,0.2399,0.0,0.15,0.2801,0.1732,5235.99,1,15.2962,177.346,step
2026-08-31T19:07:34.454908+00:00,25.61,0.2454,0.8,0.0,0.2767,0.1768,5235.99,1,15.2141,177.366,step
2026-08-31T19:07:34.456285+00:00,26.076,0.2508,0.0,0.15,0.2732,0.1804,5235.99,1,15.1339,177.386,step
2026-08-31T19:07:34.457506+00:00,25.928,0.2567,0.0,0.15,0.2697,0.1844,5235.99,1,15.0525,177.406,step
2026-08-31T19:07:34.458723+00:00,25.481,0.2624,0.0,0.15,0.2661,0.1881,5235.99,1,14.9738,177.426,step
2026-08-31T19:07:34.459955+00:00,25.037,0.2679,0.8,0.0,0.2625,0.1917,5235.99,1,14.898,177.446,step
2026-08-31T19:07:34.461180+00:00,25.506,0.2733,0.0,0.15,0.2588,0.1951,5235.99,1,14.8244,177.466,step
2026-08-31T19:07:34.462387+00:00,25.357,0.2787,0.0,0.15,0.2551,0.1985,5235.99,1,14.7492,177.486,step
2026-08-31T19:07:34.463563+00:00,24.909,0.284,0.0,0.15,0.2513,0.2018,5235.99,1,14.6766,177.506,step
2026-08-31T19:07:34.464941+00:00,24.465,0.2891,0.8,0.0,0.2476,0.2049,5235.99,1,14.6068,177.526,step
2026-08-31T19:07:34.466087+00:00,24.939,0.294,0.0,0.15,0.2438,0.2078,5235.99,1,14.5389,177.546,step
2026-08-31T19:07:34.467305+00:00,24.788,0.299,0.0,0.15,0.2399,0.2108,5235.99,1,14.4695,177.566,step
2026-08-31T19:07:34.468481+00:00,24.34,0.3039,0.8,0.0,0.236,0.2136,5235.99,1,14.4023,177.586,step
2026-08-31T19:07:34.469596+00:00,24.822,0.3086,0.0,0.15,0.2321,0.2162,5235.99,1,14.3373,177.606,step
2026-08-31T19:07:34.470775+00:00,24.664,0.3134,0.0,0.15,0.2281,0.2189,5235.99,1,14.2707,177.626,step
2026-08-31T19:07:34.472078+00:00,24.215,0.3181,0.0,0.15,0.2241,0.2215,5235.99,1,14.2064,177.646,step
2026-08-31T19:07:34.473311+00:00,23.77,0.3225,0.8,0.0,0.2202,0.2239,5235.99,1,14.1448,177.666,step
2026-08-31T19:07:34.474507+00:00,24.245,0.3268,0.0,0.15,0.2162,0.2261,5235.99,1,14.0852,177.686,step
2026-08-31T19:07:34.475694+00:00,24.096,0.3312,0.0,0.15,0.2121,0.2284,5235.99,1,14.0238,177.706,step
2026-08-31T19:07:34.476864+00:00,23.647,0.3355,0.8,0.0,0.2081,0.2305,5235.99,1,13.9644,177.726,step
2026-08-31T19:07:34.478005+00:00,24.133,0.3396,0.0,0.15,0.204,0.2325,5235.99,1,13.907,177.746,step
2026-08-31T19:07:34.479228+00:00,23.974,0.3438,0.0,0.15,0.1999,0.2346,5235.99,1,13.8478,177.766,step
2026-08-31T19:07:34.480443+00:00,23.524,0.3479,0.0,0.15,0.1958,0.2366,5235.99,1,13.7908,177.786,step
2026-08-31T19:07:34.481905+00:00,23.079,0.3518,0.8,0.0,0.1917,0.2383,5235.99,1,13.7363,177.806,step
2026-08-31T19:07:34.483080+00:00,23.559,0.3555,0.0,0.15,0.1877,0.24,5235.99,1,13.6836,177.826,step
2026-08-31T19:07:34.484258+00:00,23.408,0.3594,0.0,0.15,0.1835,0.2417,5235.99,1,13.6289,177.846,step
2026-08-31T19:07:34.485381+00:00,22.958,0.3631,0.8,0.0,0.1794,0.2433,5235.99,1,13.5761,177.866,step
2026-08-31T19:07:34.486502+00:00,23.448,0.3666,0.0,0.15,0.1753,0.2447,5235.99,1,13.5253,177.886,step
2026-08-31T19:07:34.487652+00:00,23.289,0.3703,0.0,0.15,0.171,0.2463,5235.99,1,13.4725,177.906,step
2026-08-31T19:07:34.488831+00:00,22.837,0.3739,0.0,0.15,0.1669,0.2477,5235.99,1,13.4218,177.926,step
2026-08-31T19:07:34.490222+00:00,22.393,0.3772,0.8,0.0,0.1628,0.249,5235.99,1,13.3734,177.946,step
2026-08-31T19:07:34.491413+00:00,22.876,0.3805,0.0,0.15,0.1588,0.2501,5235.99,1,13.3266,177.966,step
2026-08-31T19:07:34.492598+00:00,22.724,0.3838,0.0,0.15,0.1546,0.2513,5235.99,1,13.2777,177.986,step
2026-08-31T19:07:34.493735+00:00,22.273,0.3871,0.8,0.0,0.1505,0.2524,5235.99,1,13.2307,178.006,step
2026-08-31T19:07:34.494871+00:00,22.768,0.3901,0.0,0.15,0.1464,0.2534,5235.99,1,13.1856,178.026,step
2026-08-31T19:07:34.496010+00:00,22.607,0.3933,0.0,0.15,0.1422,0.2545,5235.99,1,13.1384,178.046,step
2026-08-31T19:07:34.497306+00:00,22.154,0.3964,0.8,0.0,0.1381,0.2555,5235.99,1,13.0931,178.066,step
2026-08-31T19:07:34.498699+00:00,22.648,0.3993,0.0,0.15,0.1339,0.2563,5235.99,1,13.0498,178.086,step
2026-08-31T19:07:34.499905+00:00,22.487,0.4024,0.0,0.15,0.1297,0.2572,5235.99,1,13.0043,178.106,step
2026-08-31T19:07:34.501145+00:00,22.035,0.4053,0.0,0.15,0.1256,0.258,5235.99,1,12.9608,178.126,step
2026-08-31T19:07:34.502375+00:00,21.59,0.408,0.8,0.0,0.1216,0.2587,5235.99,1,12.9194,178.146,step
2026-08-31T19:07:34.503543+00:00,22.077,0.4106,0.0,0.15,0.1176,0.2593,5235.99,1,12.8797,178.166,step
2026-08-31T19:07:34.504833+00:00,21.924,0.4133,0.0,0.15,0.1135,0.2599,5235.99,1,12.8379,178.186,step
2026-08-31T19:07:34.506212+00:00,21.472,0.4159,0.8,0.0,0.1094,0.2605,5235.99,1,12.7977,178.206,step
2026-08-31T19:07:34.507452+00:00,21.972,0.4184,0.0,0.15,0.1054,0.2609,5235.99,1,12.7591,178.226,step
2026-08-31T19:07:34.508700+00:00,21.808,0.421,0.0,0.15,0.1013,0.2615,5235.99,1,12.7185,178.246,step
2026-08-31T19:07:34.509972+00:00,21.355,0.4235,0.8,0.0,0.0973,0.262,5235.99,1,12.6796,178.266,step
2026-08-31T19:07:34.511184+00:00,21.853,0.4259,0.0,0.15,0.0933,0.2623,5235.99,1,12.6427,178.286,step
2026-08-31T19:07:34.512425+00:00,21.69,0.4283,0.0,0.15,0.0892,0.2627,5235.99,1,12.6036,178.306,step
2026-08-31T19:07:34.513680+00:00,21.236,0.4307,0.8,0.0,0.0852,0.263,5235.99,1,12.5663,178.326,step
2026-08-31T19:07:34.515162+00:00,21.733,0.4329,0.0,0.15,0.0812,0.2633,5235.99,1,12.5309,178.346,step
2026-08-31T19:07:34.516325+00:00,21.572,0.4356,0.0,0.15,0.0771,0.2639,5235.99,1,12.4933,178.366,step
2026-08-31T19:07:34.517502+00:00,21.118,0.4381,0.8,0.0,0.0732,0.2644,5235.99,1,12.4577,178.386,step
2026-08-31T19:07:34.518715+00:00,21.616,0.4404,0.0,0.15,0.0692,0.2647,5235.99,1,12.4238,178.406,step
2026-08-31T19:07:34.520008+00:00,21.454,0.443,0.0,0.15,0.0651,0.2652,5235.99,1,12.3878,178.426,step
2026-08-31T19:07:34.521229+00:00,21.0,0.4453,0.0,0.15,0.0612,0.2656,5235.99,1,12.3536,178.446,step
2026-08-31T19:07:34.522654+00:00,20.556,0.4476,0.8,0.0,0.0573,0.2659,5235.99,1,12.3212,178.466,step
2026-08-31T19:07:34.523865+00:00,21.049,0.4497,0.0,0.15,0.0535,0.266,5235.99,1,12.2904,178.486,step
2026-08-31T19:07:34.525051+00:00,20.893,0.4519,0.0,0.15,0.0495,0.2663,5235.99,1,12.2575,178.506,step
2026-08-31T19:07:34.526307+00:00,20.44,0.4541,0.8,0.0,0.0457,0.2665,5235.99,1,12.2261,178.526,step
2026-08-31T19:07:34.527448+00:00,20.946,0.456,0.0,0.15,0.0419,0.2666,5235.99,1,12.1963,178.546,step
2026-08-31T19:07:34.528569+00:00,20.779,0.4582,0.0,0.15,0.0379,0.2668,5235.99,1,12.1644,178.566,step
2026-08-31T19:07:34.529719+00:00,20.324,0.4602,0.8,0.0,0.0341,0.2669,5235.99,1,12.1341,178.586,step
2026-08-31T19:07:34.531241+00:00,20.828,0.4621,0.0,0.15,0.0303,0.2669,5235.99,1,12.1056,178.606,step
2026-08-31T19:07:34.532376+00:00,20.662,0.4642,0.0,0.15,0.0265,0.267,5235.99,1,12.075,178.626,step
2026-08-31T19:07:34.533551+00:00,20.206,0.4661,0.8,0.0,0.0227,0.267,5235.99,1,12.0462,178.646,step
2026-08-31T19:07:34.534711+00:00,20.709,0.4678,0.0,0.15,0.0189,0.2669,5235.99,1,12.0191,178.666,step
2026-08-31T19:07:34.535912+00:00,20.544,0.4697,0.0,0.15,0.0151,0.2668,5235.99,1,11.99,178.686,step
2026-08-31T19:07:34.537117+00:00,20.089,0.4715,0.8,0.0,0.0114,0.2668,5235.99,1,11.9625,178.706,step
2026-08-31T19:07:34.538478+00:00,20.594,0.4731,0.0,0.15,0.0076,0.2665,5235.99,1,11.9368,178.726,step
2026-08-31T19:07:34.539668+00:00,20.428,0.4749,0.0,0.15,0.0038,0.2664,5235.99,1,11.9089,178.746,step
2026-08-31T19:07:34.540822+00:00,19.973,0.4766,0.8,0.0,0.0001,0.2663,5235.99,1,11.8827,178.766,step
2026-08-31T19:07:34.541986+00:00,20.478,0.4781,0.0,0.15,-0.0035,0.266,5235.99,1,11.8583,178.786,step
2026-08-31T19:07:34.543138+00:00,20.311,0.4798,0.0,0.15,-0.0073,0.2658,5235.99,1,11.8316,178.806,step
2026-08-31T19:07:34.544264+00:00,19.856,0.4813,0.8,0.0,-0.0109,0.2655,5235.99,1,11.8067,178.826,step
2026-08-31T19:07:34.545356+00:00,20.362,0.4827,0.0,0.15,-0.0146,0.2651,5235.99,1,11.7834,178.846,step
2026-08-31T19:07:34.546588+00:00,20.195,0.4843,0.0,0.15,-0.0183,0.2649,5235.99,1,11.758,178.866,step
2026-08-31T19:07:34.547890+00:00,19.74,0.4858,0.8,0.0,-0.0218,0.2645,5235.99,1,11.7341,178.886,step
2026-08-31T19:07:34.549054+00:00,20.246,0.4871,0.0,0.15,-0.0254,0.2641,5235.99,1,11.7121,178.906,step
2026-08-31T19:07:34.550179+00:00,20.079,0.4886,0.0,0.15,-0.0291,0.2637,5235.99,1,11.6878,178.926,step
2026-08-31T19:07:34.551347+00:00,19.624,0.4899,0.8,0.0,-0.0326,0.2633,5235.99,1,11.6652,178.946,step
2026-08-31T19:07:34.552441+00:00,20.131,0.4911,0.0,0.15,-0.0361,0.2628,5235.99,1,11.6443,178.966,step
2026-08-31T19:07:34.553570+00:00,19.963,0.4925,0.0,0.15,-0.0397,0.2624,5235.99,1,11.6212,178.986,step
2026-08-31T19:07:34.554748+00:00,19.508,0.4938,0.8,0.0,-0.0432,0.2619,5235.99,1,11.5996,179.006,step
2026-08-31T19:07:34.556071+00:00,20.015,0.4949,0.0,0.15,-0.0467,0.2613,5235.99,1,11.5798,179.026,step
2026-08-31T19:07:34.557424+00:00,19.848,0.4961,0.0,0.15,-0.0502,0.2609,5235.99,1,11.5579,179.046,step
2026-08-31T19:07:34.558619+00:00,19.392,0.4973,0.8,0.0,-0.0536,0.2604,5235.99,1,11.5374,179.066,step
2026-08-31T19:07:34.559753+00:00,19.9,0.4983,0.0,0.15,-0.057,0.2597,5235.99,1,11.5186,179.086,step
2026-08-31T19:07:34.560904+00:00,19.732,0.4995,0.0,0.15,-0.0605,0.2592,5235.99,1,11.4976,179.106,step
2026-08-31T19:07:34.562034+00:00,19.276,0.5006,0.8,0.0,-0.0638,0.2586,5235.99,1,11.4783,179.126,step
2026-08-31T19:07:34.563253+00:00,19.785,0.5015,0.0,0.15,-0.0672,0.2579,5235.99,1,11.4607,179.146,step
2026-08-31T19:07:34.564626+00:00,19.616,0.5026,0.0,0.15,-0.0706,0.2573,5235.99,1,11.441,179.166,step
2026-08-31T19:07:34.565789+00:00,19.16,0.5036,0.8,0.0,-0.0739,0.2567,5235.99,1,11.4227,179.186,step
2026-08-31T19:07:34.566975+00:00,19.67,0.5045,0.0,0.15,-0.0772,0.2559,5235.99,1,11.4061,179.206,step
2026-08-31T19:07:34.568172+00:00,19.501,0.5055,0.0,0.15,-0.0805,0.2553,5235.99,1,11.3872,179.226,step
2026-08-31T19:07:34.569384+00:00,19.044,0.5064,0.8,0.0,-0.0837,0.2546,5235.99,1,11.37,179.246,step
2026-08-31T19:07:34.570549+00:00,19.555,0.5072,0.0,0.15,-0.087,0.2538,5235.99,1,11.3543,179.266,step
2026-08-31T19:07:34.572188+00:00,19.385,0.5081,0.0,0.15,-0.0902,0.2531,5235.99,1,11.3364,179.286,step
2026-08-31T19:07:34.573488+00:00,18.929,0.509,0.8,0.0,-0.0934,0.2524,5235.99,1,11.3201,179.306,step
2026-08-31T19:07:34.574745+00:00,19.44,0.5097,0.0,0.15,-0.0966,0.2516,5235.99,1,11.3054,179.326,step
2026-08-31T19:07:34.576027+00:00,19.269,0.5105,0.0,0.15,-0.0998,0.2509,5235.99,1,11.2886,179.346,step
2026-08-31T19:07:34.577277+00:00,18.813,0.5113,0.8,0.0,-0.1029,0.2501,5235.99,1,11.2733,179.366,step
2026-08-31T19:07:34.578468+00:00,19.325,0.5119,0.0,0.15,-0.106,0.2492,5235.99,1,11.2596,179.386,step
2026-08-31T19:07:34.579745+00:00,19.154,0.5127,0.0,0.15,-0.1091,0.2485,5235.99,1,11.2436,179.406,step
2026-08-31T19:07:34.581159+00:00,18.698,0.5134,0.8,0.0,-0.1121,0.2477,5235.99,1,11.2292,179.426,step
2026-08-31T19:07:34.582454+00:00,19.21,0.514,0.0,0.15,-0.1152,0.2468,5235.99,1,11.2164,179.446,step
2026-08-31T19:07:34.583676+00:00,19.038,0.5147,0.8,0.0,-0.1182,0.246,5235.99,1,11.2014,179.466,step
2026-08-31T19:07:34.584934+00:00,19.552,0.5153,0.0,0.15,-0.1213,0.2451,5235.99,1,11.1884,179.486,step
2026-08-31T19:07:34.586144+00:00,19.37,0.516,0.0,0.15,-0.1244,0.2443,5235.99,1,11.1732,179.506,step
2026-08-31T19:07:34.587425+00:00,18.913,0.5166,0.8,0.0,-0.1274,0.2434,5235.99,1,11.1596,179.526,step
2026-08-31T19:07:34.588684+00:00,19.422,0.5171,0.0,0.15,-0.1304,0.2424,5235.99,1,11.1481,179.546,step
2026-08-31T19:07:34.590143+00:00,19.252,0.5177,0.0,0.15,-0.1334,0.2416,5235.99,1,11.1343,179.566,step
2026-08-31T19:07:34.591379+00:00,18.796,0.5182,0.8,0.0,-0.1363,0.2407,5235.99,1,11.122,179.586,step
2026-08-31T19:07:34.592576+00:00,19.305,0.5186,0.0,0.15,-0.1392,0.2397,5235.99,1,11.1114,179.606,step
2026-08-31T19:07:34.593750+00:00,19.136,0.5192,0.0,0.15,-0.1422,0.2388,5235.99,1,11.0986,179.626,step
2026-08-31T19:07:34.595012+00:00,18.68,0.5196,0.8,0.0,-0.145,0.2379,5235.99,1,11.0872,179.646,step
2026-08-31T19:07:34.596242+00:00,19.193,0.52,0.0,0.15,-0.1478,0.2368,5235.99,1,11.0775,179.666,step
2026-08-31T19:07:34.597560+00:00,19.021,0.5205,0.0,0.15,-0.1507,0.2359,5235.99,1,11.0655,179.686,step
2026-08-31T19:07:34.598960+00:00,18.566,0.5209,0.8,0.0,-0.1535,0.235,5235.99,1,11.0549,179.706,step
2026-08-31T19:07:34.600153+00:00,19.079,0.5212,0.0,0.15,-0.1562,0.2339,5235.99,1,11.0459,179.726,step
2026-08-31T19:07:34.601365+00:00,18.906,0.5216,0.0,0.15,-0.1591,0.233,5235.99,1,11.0346,179.746,step
2026-08-31T19:07:34.602543+00:00,18.45,0.522,0.8,0.0,-0.1618,0.232,5235.99,1,11.0249,179.766,step
2026-08-31T19:07:34.603689+00:00,18.963,0.5222,0.0,0.15,-0.1644,0.231,5235.99,1,11.0167,179.786,step
2026-08-31T19:07:34.604810+00:00,18.791,0.5226,0.0,0.15,-0.1672,0.23,5235.99,1,11.0063,179.806,step
2026-08-31T19:07:34.606070+00:00,18.334,0.5229,0.8,0.0,-0.1698,0.2291,5235.99,1,10.9973,179.826,step
2026-08-31T19:07:34.607249+00:00,18.849,0.5231,0.0,0.15,-0.1724,0.228,5235.99,1,10.99,179.846,step
2026-08-31T19:07:34.608437+00:00,18.675,0.5234,0.8,0.0,-0.1751,0.227,5235.99,1,10.9803,179.866,step
2026-08-31T19:07:34.609580+00:00,19.191,0.5236,0.0,0.15,-0.1777,0.2259,5235.99,1,10.9727,179.886,step
2026-08-31T19:07:34.610730+00:00,19.006,0.524,0.0,0.15,-0.1804,0.225,5235.99,1,10.9629,179.906,step
2026-08-31T19:07:34.611868+00:00,18.55,0.5242,0.8,0.0,-0.183,0.224,5235.99,1,10.9548,179.926,step
2026-08-31T19:07:34.613088+00:00,19.062,0.5243,0.0,0.15,-0.1856,0.2228,5235.99,1,10.9484,179.946,step
2026-08-31T19:07:34.614613+00:00,18.89,0.5246,0.0,0.15,-0.1882,0.2219,5235.99,1,10.9398,179.966,step
2026-08-31T19:07:34.615825+00:00,18.433,0.5248,0.8,0.0,-0.1907,0.2208,5235.99,1,10.9327,179.986,step
2026-08-31T19:07:34.616986+00:00,18.944,0.5248,0.0,0.15,-0.1932,0.2197,5235.99,1,10.9274,180.006,step
2026-08-31T19:07:34.618120+00:00,18.773,0.525,0.0,0.15,-0.1957,0.2186,5235.99,1,10.9197,180.026,step
2026-08-31T19:07:34.619196+00:00,18.317,0.5251,0.8,0.0,-0.1981,0.2176,5235.99,1,10.9134,180.046,step
2026-08-31T19:07:34.620307+00:00,18.832,0.5252,0.0,0.15,-0.2005,0.2164,5235.99,1,10.9087,180.066,step
2026-08-31T19:07:34.621482+00:00,18.658,0.5253,0.0,0.15,-0.203,0.2154,5235.99,1,10.9016,180.086,step
2026-08-31T19:07:34.622804+00:00,18.203,0.5254,0.8,0.0,-0.2054,0.2144,5235.99,1,10.8959,180.106,step
2026-08-31T19:07:34.624004+00:00,18.718,0.5254,0.0,0.15,-0.2077,0.2132,5235.99,1,10.8918,180.126,step
2026-08-31T19:07:34.625206+00:00,18.543,0.5255,0.8,0.0,-0.2101,0.2122,5235.99,1,10.8853,180.146,step
2026-08-31T19:07:34.626381+00:00,19.059,0.5255,0.0,0.15,-0.2125,0.2111,5235.99,1,10.8811,180.166,step
2026-08-31T19:07:34.627505+00:00,18.875,0.5257,0.0,0.15,-0.2149,0.21,5235.99,1,10.8747,180.186,step
2026-08-31T19:07:34.628670+00:00,18.418,0.5257,0.8,0.0,-0.2171,0.209,5235.99,1,10.8698,180.206,step
2026-08-31T19:07:34.629875+00:00,18.93,0.5256,0.0,0.15,-0.2194,0.2078,5235.99,1,10.8668,180.226,step
2026-08-31T19:07:34.631204+00:00,18.757,0.5257,0.0,0.15,-0.2218,0.2067,5235.99,1,10.8615,180.246,step
2026-08-31T19:07:34.632375+00:00,18.301,0.5257,0.8,0.0,-0.224,0.2056,5235.99,1,10.8577,180.266,step
2026-08-31T19:07:34.633606+00:00,18.813,0.5255,0.0,0.15,-0.2262,0.2044,5235.99,1,10.8555,180.286,step
2026-08-31T19:07:34.634737+00:00,18.641,0.5255,0.0,0.15,-0.2284,0.2034,5235.99,1,10.8511,180.306,step
2026-08-31T19:07:34.635850+00:00,18.185,0.5255,0.8,0.0,-0.2306,0.2023,5235.99,1,10.8479,180.326,step
2026-08-31T19:07:34.636965+00:00,18.701,0.5253,0.0,0.15,-0.2327,0.2011,5235.99,1,10.8463,180.346,step
2026-08-31T19:07:34.638115+00:00,18.526,0.5253,0.0,0.15,-0.2349,0.2001,5235.99,1,10.8422,180.366,step
2026-08-31T19:07:34.639452+00:00,18.071,0.5252,0.8,0.0,-0.237,0.199,5235.99,1,10.8395,180.386,step
2026-08-31T19:07:34.640723+00:00,18.587,0.525,0.0,0.15,-0.239,0.1978,5235.99,1,10.8384,180.406,step
2026-08-31T19:07:34.641974+00:00,18.411,0.525,0.8,0.0,-0.2411,0.1967,5235.99,1,10.8351,180.426,step
2026-08-31T19:07:34.643167+00:00,18.928,0.5248,0.0,0.15,-0.2432,0.1956,5235.99,1,10.8338,180.446,step
2026-08-31T19:07:34.644346+00:00,18.742,0.5248,0.0,0.15,-0.2453,0.1945,5235.99,1,10.8303,180.466,step
2026-08-31T19:07:34.645493+00:00,18.286,0.5247,0.8,0.0,-0.2473,0.1934,5235.99,1,10.8284,180.486,step
2026-08-31T19:07:34.646714+00:00,18.799,0.5244,0.0,0.15,-0.2493,0.1922,5235.99,1,10.8284,180.506,step
2026-08-31T19:07:34.648195+00:00,18.625,0.5243,0.0,0.15,-0.2514,0.1912,5235.99,1,10.8259,180.526,step
2026-08-31T19:07:34.649451+00:00,18.169,0.5242,0.8,0.0,-0.2533,0.1901,5235.99,1,10.8249,180.546,step
2026-08-31T19:07:34.650700+00:00,18.681,0.5239,0.0,0.15,-0.2553,0.1889,5235.99,1,10.8255,180.566,step
2026-08-31T19:07:34.651954+00:00,18.509,0.5237,0.0,0.15,-0.2572,0.1878,5235.99,1,10.8239,180.586,step
2026-08-31T19:07:34.653241+00:00,18.053,0.5235,0.8,0.0,-0.2591,0.1867,5235.99,1,10.8236,180.606,step
2026-08-31T19:07:34.654516+00:00,18.569,0.5232,0.0,0.15,-0.261,0.1855,5235.99,1,10.8249,180.626,step
2026-08-31T19:07:34.656000+00:00,18.394,0.5231,0.8,0.0,-0.2629,0.1845,5235.99,1,10.8238,180.646,step
2026-08-31T19:07:34.657587+00:00,18.911,0.5228,0.0,0.15,-0.2647,0.1833,5235.99,1,10.8248,180.666,step
2026-08-31T19:07:34.658840+00:00,18.725,0.5227,0.0,0.15,-0.2666,0.1822,5235.99,1,10.8235,180.686,step
2026-08-31T19:07:34.660150+00:00,18.269,0.5224,0.8,0.0,-0.2684,0.1811,5235.99,1,10.8238,180.706,step
2026-08-31T19:07:34.661463+00:00,18.782,0.5221,0.0,0.15,-0.2702,0.18,5235.99,1,10.8258,180.726,step
2026-08-31T19:07:34.662807+00:00,18.608,0.5219,0.0,0.15,-0.2721,0.1789,5235.99,1,10.8255,180.746,step
2026-08-31T19:07:34.664245+00:00,18.152,0.5216,0.8,0.0,-0.2738,0.1778,5235.99,1,10.8266,180.766,step
2026-08-31T19:07:34.665525+00:00,18.664,0.5212,0.0,0.15,-0.2755,0.1766,5235.99,1,10.8295,180.786,step
2026-08-31T19:07:34.666830+00:00,18.492,0.521,0.8,0.0,-0.2773,0.1755,5235.99,1,10.8299,180.806,step
2026-08-31T19:07:34.668102+00:00,19.008,0.5207,0.0,0.15,-0.279,0.1744,5235.99,1,10.8325,180.826,step
2026-08-31T19:07:34.669317+00:00,18.823,0.5204,0.0,0.15,-0.2808,0.1733,5235.99,1,10.8329,180.846,step
2026-08-31T19:07:34.670560+00:00,18.367,0.5201,0.8,0.0,-0.2824,0.1722,5235.99,1,10.8346,180.866,step
2026-08-31T19:07:34.671709+00:00,18.881,0.5196,0.0,0.15,-0.2841,0.1709,5235.99,1,10.8381,180.886,step
2026-08-31T19:07:34.673071+00:00,18.706,0.5193,0.0,0.15,-0.2858,0.1698,5235.99,1,10.8394,180.906,step
2026-08-31T19:07:34.674319+00:00,18.25,0.519,0.8,0.0,-0.2874,0.1687,5235.99,1,10.8419,180.926,step
2026-08-31T19:07:34.675581+00:00,18.762,0.5185,0.0,0.15,-0.289,0.1674,5235.99,1,10.8461,180.946,step
2026-08-31T19:07:34.676791+00:00,18.59,0.5181,0.0,0.15,-0.2906,0.1664,5235.99,1,10.8479,180.966,step
2026-08-31T19:07:34.677965+00:00,18.134,0.5177,0.8,0.0,-0.2921,0.1652,5235.99,1,10.8509,180.986,step
2026-08-31T19:07:34.679141+00:00,18.65,0.5172,0.0,0.15,-0.2936,0.164,5235.99,1,10.8556,181.006,step
2026-08-31T19:07:34.680395+00:00,18.474,0.5169,0.8,0.0,-0.2952,0.163,5235.99,1,10.8578,181.026,step
2026-08-31T19:07:34.681743+00:00,18.992,0.5164,0.0,0.15,-0.2967,0.1618,5235.99,1,10.8622,181.046,step
2026-08-31T19:07:34.682960+00:00,18.806,0.5161,0.0,0.15,-0.2983,0.1607,5235.99,1,10.8642,181.066,step
2026-08-31T19:07:34.684155+00:00,18.349,0.5157,0.8,0.0,-0.2997,0.1596,5235.99,1,10.8676,181.086,step
2026-08-31T19:07:34.685330+00:00,18.862,0.5152,0.0,0.15,-0.3012,0.1584,5235.99,1,10.873,181.106,step
2026-08-31T19:07:34.686462+00:00,18.688,0.5148,0.0,0.15,-0.3026,0.1573,5235.99,1,10.8759,181.126,step
2026-08-31T19:07:34.687651+00:00,18.232,0.5144,0.8,0.0,-0.304,0.1562,5235.99,1,10.8802,181.146,step
2026-08-31T19:07:34.689095+00:00,18.744,0.5138,0.0,0.15,-0.3054,0.155,5235.99,1,10.8861,181.166,step
2026-08-31T19:07:34.690332+00:00,18.572,0.5134,0.8,0.0,-0.3068,0.154,5235.99,1,10.8896,181.186,step
2026-08-31T19:07:34.691501+00:00,19.088,0.5129,0.0,0.15,-0.3082,0.1528,5235.99,1,10.8953,181.206,step
2026-08-31T19:07:34.692634+00:00,18.903,0.5125,0.0,0.15,-0.3096,0.1518,5235.99,1,10.8986,181.226,step
2026-08-31T19:07:34.693751+00:00,18.446,0.512,0.8,0.0,-0.311,0.1507,5235.99,1,10.9034,181.246,step
2026-08-31T19:07:34.694843+00:00,18.96,0.5115,0.0,0.15,-0.3123,0.1495,5235.99,1,10.9099,181.266,step
2026-08-31T19:07:34.696103+00:00,18.786,0.5111,0.0,0.15,-0.3136,0.1485,5235.99,1,10.914,181.286,step
2026-08-31T19:07:34.697297+00:00,18.33,0.5106,0.8,0.0,-0.3149,0.1474,5235.99,1,10.9193,181.306,step
2026-08-31T19:07:34.698846+00:00,18.841,0.51,0.0,0.15,-0.3161,0.1462,5235.99,1,10.9265,181.326,step
2026-08-31T19:07:34.699990+00:00,18.669,0.5095,0.8,0.0,-0.3174,0.1452,5235.99,1,10.9312,181.346,step
2026-08-31T19:07:34.701120+00:00,19.184,0.509,0.0,0.15,-0.3186,0.144,5235.99,1,10.9381,181.366,step
2026-08-31T19:07:34.702272+00:00,19.0,0.5086,0.0,0.15,-0.3199,0.143,5235.99,1,10.9426,181.386,step
2026-08-31T19:07:34.703383+00:00,18.544,0.5081,0.8,0.0,-0.3211,0.142,5235.99,1,10.9484,181.406,step
2026-08-31T19:07:34.704488+00:00,19.057,0.5075,0.0,0.15,-0.3223,0.1408,5235.99,1,10.9561,181.426,step
2026-08-31T19:07:34.705866+00:00,18.883,0.507,0.0,0.15,-0.3235,0.1398,5235.99,1,10.9612,181.446,step
2026-08-31T19:07:34.707028+00:00,18.427,0.5065,0.8,0.0,-0.3246,0.1388,5235.99,1,10.9676,181.466,step
2026-08-31T19:07:34.708174+00:00,18.939,0.5059,0.0,0.15,-0.3257,0.1376,5235.99,1,10.9757,181.486,step
2026-08-31T19:07:34.709324+00:00,18.767,0.5054,0.8,0.0,-0.3269,0.1366,5235.99,1,10.9814,181.506,step
2026-08-31T19:07:34.710509+00:00,19.282,0.5048,0.0,0.15,-0.328,0.1355,5235.99,1,10.9891,181.526,step
2026-08-31T19:07:34.711677+00:00,19.097,0.5044,0.0,0.15,-0.3291,0.1346,5235.99,1,10.9946,181.546,step
2026-08-31T19:07:34.712813+00:00,18.641,0.5038,0.8,0.0,-0.3302,0.1335,5235.99,1,11.0013,181.566,step
2026-08-31T19:07:34.714083+00:00,19.153,0.5032,0.0,0.15,-0.3312,0.1324,5235.99,1,11.01,181.586,step
2026-08-31T19:07:34.715324+00:00,18.98,0.5027,0.0,0.15,-0.3323,0.1315,5235.99,1,11.0162,181.606,step
2026-08-31T19:07:34.716463+00:00,18.524,0.5022,0.8,0.0,-0.3333,0.1304,5235.99,1,11.0236,181.626,step
2026-08-31T19:07:34.717680+00:00,19.035,0.5015,0.0,0.15,-0.3343,0.1293,5235.99,1,11.0327,181.646,step
2026-08-31T19:07:34.718844+00:00,18.863,0.501,0.8,0.0,-0.3353,0.1284,5235.99,1,11.0394,181.666,step
2026-08-31T19:07:34.720039+00:00,19.378,0.5004,0.0,0.15,-0.3363,0.1273,5235.99,1,11.0486,181.686,step
2026-08-31T19:07:34.721225+00:00,19.194,0.4999,0.0,0.15,-0.3373,0.1264,5235.99,1,11.0567,181.706,step
2026-08-31T19:07:34.722579+00:00,18.738,0.4994,0.8,0.0,-0.3382,0.1254,5235.99,1,11.0675,181.726,step
2026-08-31T19:07:34.723845+00:00,19.25,0.4987,0.0,0.15,-0.3392,0.1243,5235.99,1,11.0817,181.746,step
2026-08-31T19:07:34.724996+00:00,19.076,0.4982,0.0,0.15,-0.3401,0.1234,5235.99,1,11.095,181.766,step
2026-08-31T19:07:34.726148+00:00,18.62,0.4977,0.8,0.0,-0.341,0.1224,5235.99,1,11.1109,181.786,step
2026-08-31T19:07:34.727267+00:00,19.131,0.497,0.0,0.15,-0.3419,0.1213,5235.99,1,11.1304,181.806,step
2026-08-31T19:07:34.728461+00:00,18.96,0.4965,0.8,0.0,-0.3427,0.1204,5235.99,1,11.1489,181.826,step
2026-08-31T19:07:34.729601+00:00,19.474,0.4958,0.0,0.15,-0.3436,0.1194,5235.99,1,11.1714,181.846,step
2026-08-31T19:07:34.730892+00:00,19.29,0.4953,0.0,0.15,-0.3445,0.1185,5235.99,1,11.1932,181.866,step
2026-08-31T19:07:34.732114+00:00,18.834,0.4948,0.8,0.0,-0.3453,0.1176,5235.99,1,11.218,181.886,step
2026-08-31T19:07:34.733351+00:00,19.345,0.4941,0.0,0.15,-0.3461,0.1165,5235.99,1,11.247,181.906,step
2026-08-31T19:07:34.734583+00:00,19.173,0.4936,0.8,0.0,-0.3469,0.1156,5235.99,1,11.2752,181.926,step
2026-08-31T19:07:34.735817+00:00,19.683,0.4929,0.0,0.15,-0.3477,0.1146,5235.99,1,11.3085,181.946,step
2026-08-31T19:07:34.737079+00:00,19.503,0.4924,0.8,0.0,-0.3485,0.1137,5235.99,1,11.3413,181.966,step
2026-08-31T19:07:34.738479+00:00,20.015,0.4918,0.0,0.15,-0.3493,0.1127,5235.99,1,11.3793,181.986,step
2026-08-31T19:07:34.740017+00:00,19.833,0.4913,0.0,0.15,-0.3501,0.1118,5235.99,1,11.4173,182.006,step
2026-08-31T19:07:34.741242+00:00,19.376,0.4907,0.8,0.0,-0.3509,0.1109,5235.99,1,11.4587,182.026,step
2026-08-31T19:07:34.742510+00:00,19.881,0.49,0.0,0.15,-0.3516,0.1099,5235.99,1,11.5057,182.046,step
2026-08-31T19:07:34.743783+00:00,19.714,0.4894,0.8,0.0,-0.3523,0.109,5235.99,1,11.5525,182.066,step
2026-08-31T19:07:34.745083+00:00,20.222,0.4887,0.0,0.15,-0.353,0.108,5235.99,1,11.605,182.086,step
2026-08-31T19:07:34.746322+00:00,20.044,0.4882,0.8,0.0,-0.3538,0.1071,5235.99,1,11.6579,182.106,step
2026-08-31T19:07:34.747755+00:00,20.555,0.4875,0.0,0.15,-0.3545,0.1062,5235.99,1,11.7174,182.126,step
2026-08-31T19:07:34.749072+00:00,20.375,0.487,0.8,0.0,-0.3552,0.1053,5235.99,1,11.7775,182.146,step
2026-08-31T19:07:34.750266+00:00,20.882,0.4863,0.0,0.15,-0.3559,0.1043,5235.99,1,11.8449,182.166,step
2026-08-31T19:07:34.751471+00:00,20.705,0.4857,0.0,0.15,-0.3565,0.1034,5235.99,1,11.9132,182.186,step
2026-08-31T19:07:34.752644+00:00,20.248,0.485,0.8,0.0,-0.3572,0.1025,5235.99,1,11.9863,182.206,step
2026-08-31T19:07:34.753810+00:00,20.746,0.4842,0.8,0.0,-0.3578,0.1014,5235.99,1,12.0672,182.226,step
2026-08-31T19:07:34.754992+00:00,21.455,0.4833,0.0,0.15,-0.3585,0.1002,5235.99,1,12.1583,182.246,step
2026-08-31T19:07:34.756216+00:00,21.31,0.4827,0.0,0.15,-0.3591,0.0993,5235.99,1,12.2468,182.266,step
2026-08-31T19:07:34.757466+00:00,20.851,0.4821,0.8,0.0,-0.3597,0.0984,5235.99,1,12.3393,182.286,step
2026-08-31T19:07:34.758677+00:00,21.353,0.4813,0.8,0.0,-0.3603,0.0973,5235.99,1,12.4416,182.306,step
2026-08-31T19:07:34.759877+00:00,22.066,0.4804,0.0,0.15,-0.3609,0.0961,5235.99,1,12.5566,182.326,step
2026-08-31T19:07:34.761039+00:00,21.911,0.4797,0.8,0.0,-0.3615,0.0953,5235.99,1,12.6695,182.346,step
2026-08-31T19:07:34.762205+00:00,22.416,0.479,0.0,0.15,-0.3621,0.0943,5235.99,1,12.7925,182.366,step
2026-08-31T19:07:34.763461+00:00,22.239,0.4784,0.8,0.0,-0.3627,0.0935,5235.99,1,12.9198,182.386,step
2026-08-31T19:07:34.764807+00:00,22.732,0.4777,0.8,0.0,-0.3632,0.0925,5235.99,1,13.0603,182.406,step
2026-08-31T19:07:34.766086+00:00,23.446,0.4767,0.0,0.15,-0.3638,0.0913,5235.99,1,13.2197,182.426,step
2026-08-31T19:07:34.767254+00:00,23.288,0.4761,0.8,0.0,-0.3644,0.0904,5235.99,1,13.3784,182.446,step
2026-08-31T19:07:34.768449+00:00,23.782,0.4754,0.8,0.0,-0.365,0.0894,5235.99,1,13.5516,182.466,step
2026-08-31T19:07:34.769625+00:00,24.496,0.4744,0.0,0.15,-0.3655,0.0882,5235.99,1,13.7482,182.486,step
2026-08-31T19:07:34.770860+00:00,24.334,0.4738,0.8,0.0,-0.3661,0.0874,5235.99,1,13.9457,182.506,step
2026-08-31T19:07:34.772141+00:00,24.82,0.4731,0.8,0.0,-0.3666,0.0864,5235.99,1,14.1623,182.526,step
2026-08-31T19:07:34.773360+00:00,25.532,0.4721,0.0,0.15,-0.3672,0.0852,5235.99,1,14.4097,182.546,step
2026-08-31T19:07:34.774598+00:00,25.378,0.4715,0.8,0.0,-0.3677,0.0843,5235.99,1,14.6603,182.566,step
2026-08-31T19:07:34.775766+00:00,25.859,0.4707,0.8,0.0,-0.3682,0.0833,5235.99,1,14.9345,182.586,step
2026-08-31T19:07:34.776918+00:00,26.568,0.4697,0.8,0.0,-0.3687,0.0821,5235.99,1,15.249,182.606,step
2026-08-31T19:07:34.778037+00:00,27.29,0.4686,0.8,0.0,-0.3693,0.0808,5235.99,1,15.5972,182.626,step
2026-08-31T19:07:34.779238+00:00,28.017,0.4676,0.8,0.0,-0.3698,0.0795,5235.99,1,15.9783,182.646,step
2026-08-31T19:07:34.780417+00:00,28.737,0.4666,0.8,0.0,-0.3704,0.0784,5235.99,1,16.3937,182.666,step
2026-08-31T19:07:34.782080+00:00,29.45,0.4658,0.8,0.0,-0.3709,0.0773,5235.99,1,16.8487,182.686,step
2026-08-31T19:07:34.783256+00:00,30.155,0.465,0.8,0.0,-0.3715,0.0763,5235.99,1,17.352,182.706,step
2026-08-31T19:07:34.784439+00:00,30.854,0.4642,0.8,0.0,-0.372,0.0752,5315.34,1,17.915,182.726,step
2026-08-31T19:07:34.785587+00:00,31.559,0.4633,0.8,0.0,-0.3726,0.0741,5490.08,1,18.553,182.746,step
2026-08-31T19:07:34.786739+00:00,32.281,0.4623,0.8,0.0,-0.3732,0.0728,5693.41,1,19.2858,182.766,step
2026-08-31T19:07:34.787921+00:00,33.023,0.461,0.8,0.0,-0.3738,0.0713,5928.12,1,20.1364,182.786,step
2026-08-31T19:07:34.789387+00:00,33.786,0.4596,0.15,0.0,-0.3744,0.0696,6207.68,1,21.1348,182.806,step
2026-08-31T19:07:34.790602+00:00,34.282,0.4584,0.15,0.0,-0.3751,0.0682,5383.82,1,22.249,182.826,step
2026-08-31T19:07:34.791788+00:00,34.386,0.4586,0.15,0.0,-0.3756,0.0681,5400.23,1,23.339,182.846,step
2026-08-31T19:07:34.792971+00:00,34.485,0.4588,0.15,0.0,-0.376,0.0682,5418.46,1,24.5577,182.866,step
2026-08-31T19:07:34.794147+00:00,34.588,0.4589,0.15,0.0,-0.3763,0.0681,5435.84,1,25.9712,182.886,step
2026-08-31T19:07:34.795324+00:00,34.695,0.4589,0.15,0.0,-0.3767,0.0679,5449.51,1,27.6047,182.906,step
2026-08-31T19:07:34.796566+00:00,34.803,0.459,0.15,0.0,-0.377,0.0678,5466.88,1,29.4942,182.926,step
2026-08-31T19:07:34.797984+00:00,34.911,0.459,0.15,0.0,-0.3773,0.0677,5484.76,1,31.7041,182.946,step
2026-08-31T19:07:34.799257+00:00,35.02,0.459,0.15,0.0,-0.3776,0.0676,5502.48,1,34.3206,182.966,step
2026-08-31T19:07:34.800505+00:00,35.128,0.459,0.15,0.0,-0.3779,0.0675,5519.9,1,37.4604,182.986,step
2026-08-31T19:07:34.801795+00:00,35.237,0.4591,0.15,0.0,-0.3782,0.0673,5537.48,1,41.2892,183.006,step
2026-08-31T19:07:34.803063+00:00,35.347,0.4591,0.15,0.0,-0.3785,0.0672,5555.15,1,46.0519,183.026,step
2026-08-31T19:07:34.804396+00:00,35.456,0.4591,0.15,0.0,-0.3788,0.0671,5572.87,1,52.1259,183.046,step
2026-08-31T19:07:34.805956+00:00,35.566,0.454,0.8,0.0,-0.3791,0.062,5590.65,1,60.1251,183.066,step
2026-08-31T19:07:34.807331+00:00,36.085,0.2435,0.8,0.0,-0.3791,0.052,6419.63,1,71.7008,183.086,step
2026-08-31T19:07:34.808604+00:00,36.885,0.2338,0.8,0.0,-0.379,0.0426,6942.87,1,87.3934,183.106,step
2026-08-31T19:07:34.809885+00:00,37.728,0.2268,0.8,0.0,-0.3791,0.0358,7515.45,1,104.055,183.126,step
2026-08-31T19:07:34.811078+00:00,38.598,0.2203,0.8,0.0,-0.3792,0.0295,8217.43,1,126.255,183.146,step
2026-08-31T19:07:34.812433+00:00,39.487,0.2137,0.8,0.0,-0.3793,0.0231,9139.67,1,160.984,183.166,step
2026-08-31T19:07:34.813721+00:00,40.384,0.2068,0.8,0.0,-0.3793,0.0165,10288.7,1,200.0,183.186,step
2026-08-31T19:07:34.815261+00:00,41.221,0.1995,0.8,0.0,-0.3792,0.0095,11558.4,1,200.0,183.206,step
2026-08-31T19:07:34.816620+00:00,42.069,0.1918,0.8,0.0,-0.3791,0.0022,12774.4,1,200.0,183.226,step
2026-08-31T19:07:34.817915+00:00,42.939,0.1835,0.8,0.0,-0.3788,-0.0057,13952.9,1,200.0,183.246,step
2026-08-31T19:07:34.819222+00:00,43.832,0.1747,0.8,0.0,-0.3784,-0.014,15106.9,1,200.0,183.266,step
2026-08-31T19:07:34.820527+00:00,44.747,0.1653,0.8,0.0,-0.3779,-0.0228,16237.0,1,200.0,183.286,step
2026-08-31T19:07:34.821761+00:00,45.684,0.1553,0.8,0.0,-0.3772,-0.0321,17332.4,1,200.0,183.306,step
2026-08-31T19:07:34.823357+00:00,46.64,0.1447,0.8,0.0,-0.3764,-0.0419,18369.0,1,197.185,183.326,step
2026-08-31T19:07:34.824552+00:00,47.606,0.1334,0.8,0.0,-0.3754,-0.0523,19327.4,1,157.981,183.346,step
2026-08-31T19:07:34.825759+00:00,48.574,0.1214,0.8,0.0,-0.3742,-0.0632,19577.6,1,130.561,183.366,step
2026-08-31T19:07:34.826936+00:00,49.538,0.1088,0.8,0.0,-0.3728,-0.0747,19421.2,1,110.393,183.386,step
2026-08-31T19:07:34.828082+00:00,50.493,0.0955,0.8,0.0,-0.3712,-0.0867,19500.1,2,94.9799,183.406,step
2026-08-31T19:07:34.829211+00:00,51.426,0.0815,0.8,0.0,-0.3692,-0.0993,14345.7,2,82.8781,183.426,step
2026-08-31T19:07:34.830364+00:00,52.309,0.0669,0.8,0.0,-0.367,-0.1122,14324.9,2,73.2347,183.446,step
2026-08-31T19:07:34.831687+00:00,53.143,0.052,0.8,0.0,-0.3645,-0.1254,9541.31,2,65.4826,183.466,step
2026-08-31T19:07:34.832850+00:00,53.948,0.037,0.8,0.0,-0.3615,-0.1384,9940.69,2,59.2217,183.486,step
2026-08-31T19:07:34.833992+00:00,54.751,0.0217,0.8,0.0,-0.3581,-0.1514,10282.8,2,54.02,183.506,step
2026-08-31T19:07:34.835102+00:00,55.554,0.0061,0.8,0.0,-0.3543,-0.1646,10612.0,2,49.5892,183.526,step
2026-08-31T19:07:34.836170+00:00,56.36,-0.0099,0.8,0.0,-0.3499,-0.1779,10926.1,2,45.7617,183.546,step
2026-08-31T19:07:34.837268+00:00,57.168,-0.2263,0.0,0.15,-0.345,-0.1914,11224.8,2,42.4232,183.566,step
2026-08-31T19:07:34.838449+00:00,57.765,-0.2413,0.0,0.15,-0.3398,-0.2033,9073.3,2,39.818,183.586,step
2026-08-31T19:07:34.839776+00:00,58.116,-0.2512,0.0,0.15,-0.3344,-0.2102,7349.85,2,38.3773,183.606,step
2026-08-31T19:07:34.840909+00:00,57.998,-0.2553,0.0,0.15,-0.3284,-0.2112,6600.92,2,38.0107,183.626,step
2026-08-31T19:07:34.842029+00:00,57.557,-0.255,0.0,0.15,-0.3217,-0.2078,6496.44,2,38.4428,183.646,step
2026-08-31T19:07:34.843159+00:00,57.09,-0.2522,0.0,0.15,-0.3145,-0.2016,6467.47,2,39.3943,183.666,step
2026-08-31T19:07:34.844264+00:00,56.629,-0.2477,0.0,0.15,-0.3069,-0.1936,6431.95,2,40.749,183.686,step
2026-08-31T19:07:34.845385+00:00,56.167,-0.2425,0.0,0.15,-0.2993,-0.1849,6385.38,2,42.4015,183.706,step
2026-08-31T19:07:34.846547+00:00,55.703,-0.237,0.0,0.15,-0.2917,-0.176,6333.92,2,44.2742,183.726,step
2026-08-31T19:07:34.847823+00:00,55.234,-0.0314,0.8,0.0,-0.2843,-0.1671,6281.23,2,46.3385,183.746,step
2026-08-31T19:07:34.849007+00:00,55.501,-0.0284,0.8,0.0,-0.277,-0.1607,6899.57,2,47.8911,183.766,step
2026-08-31T19:07:34.850090+00:00,56.179,-0.0297,0.8,0.0,-0.2694,-0.1582,7067.43,2,48.3426,183.786,step
2026-08-31T19:07:34.851181+00:00,56.924,-0.0321,0.8,0.0,-0.2616,-0.1568,7139.44,2,48.4685,183.806,step
2026-08-31T19:07:34.852281+00:00,57.693,-0.0349,0.8,0.0,-0.2536,-0.1556,7178.79,2,48.5368,183.826,step
2026-08-31T19:07:34.853425+00:00,58.457,-0.0376,0.8,0.0,-0.2455,-0.1544,7236.13,2,48.6087,183.846,step
2026-08-31T19:07:34.854620+00:00,59.208,-0.0403,0.8,0.0,-0.2374,-0.153,7330.52,2,48.6994,183.866,step
2026-08-31T19:07:34.855967+00:00,59.949,-0.043,0.8,0.0,-0.2292,-0.1517,7461.06,2,48.817,183.886,step
2026-08-31T19:07:34.857169+00:00,60.688,-0.0455,0.8,0.0,-0.2209,-0.1501,7622.71,2,48.9796,183.906,step
2026-08-31T19:07:34.858297+00:00,61.439,-0.0478,0.8,0.0,-0.2127,-0.1484,7796.96,2,49.2119,183.926,step
2026-08-31T19:07:34.859416+00:00,62.208,-0.0499,0.8,0.0,-0.2044,-0.1464,7975.26,2,49.5245,183.946,step
2026-08-31T19:07:34.860500+00:00,62.997,-0.0518,0.8,0.0,-0.1961,-0.1443,8154.68,2,49.9203,183.966,step
2026-08-31T19:07:34.861603+00:00,63.803,-0.0535,0.8,0.0,-0.1878,-0.1419,8338.24,2,50.4037,183.986,step
2026-08-31T19:07:34.862654+00:00,64.625,-0.0549,0.8,0.0,-0.1795,-0.1393,8531.55,2,50.9757,184.006,step
2026-08-31T19:07:34.863803+00:00,65.463,-0.0562,0.8,0.0,-0.1713,-0.1365,8736.98,2,51.6462,184.026,step
2026-08-31T19:07:34.865017+00:00,66.314,-0.0572,0.8,0.0,-0.163,-0.1335,8959.33,2,52.4266,184.046,step
2026-08-31T19:07:34.866228+00:00,67.178,-0.058,0.8,0.0,-0.1548,-0.1303,9205.88,2,53.3307,184.066,step
2026-08-31T19:07:34.867386+00:00,68.052,-0.0585,0.8,0.0,-0.1466,-0.1268,9484.92,2,54.3807,184.086,step
2026-08-31T19:07:34.868504+00:00,68.934,-0.0587,0.8,0.0,-0.1385,-0.1232,9765.24,2,55.6007,184.106,step
2026-08-31T19:07:34.869667+00:00,69.82,-0.0587,0.8,0.0,-0.1304,-0.1192,10032.6,2,57.0268,184.126,step
2026-08-31T19:07:34.870862+00:00,70.708,-0.0583,0.8,0.0,-0.1224,-0.115,10290.4,2,58.703,184.146,step
2026-08-31T19:07:34.872047+00:00,71.598,-0.0575,0.8,0.0,-0.1144,-0.1104,10540.3,2,60.6708,184.166,step
2026-08-31T19:07:34.873373+00:00,72.489,-0.0564,0.8,0.0,-0.1066,-0.1056,10782.7,2,62.9943,184.186,step
2026-08-31T19:07:34.874510+00:00,73.381,-0.055,0.8,0.0,-0.0988,-0.1004,11017.2,2,65.7515,184.206,step
2026-08-31T19:07:34.875712+00:00,74.275,-0.0531,0.8,0.0,-0.0912,-0.095,11242.9,2,69.0475,184.226,step
2026-08-31T19:07:34.876877+00:00,75.17,-0.0508,0.8,0.0,-0.0836,-0.0892,11459.4,2,73.0281,184.246,step
2026-08-31T19:07:34.877995+00:00,76.067,-0.0481,0.8,0.0,-0.0763,-0.083,11666.5,2,77.8902,184.266,step
2026-08-31T19:07:34.879135+00:00,76.965,-0.045,0.15,0.0,-0.0691,-0.0765,11864.4,2,83.9087,184.286,step
2026-08-31T19:07:34.880319+00:00,77.845,-0.0415,0.15,0.0,-0.0621,-0.0698,10272.8,2,91.3376,184.306,step
2026-08-31T19:07:34.881550+00:00,78.499,-0.0388,0.15,0.0,-0.0555,-0.0641,9209.42,2,98.9062,184.326,step
2026-08-31T19:07:34.882748+00:00,78.614,-0.0384,0.15,0.0,-0.0495,-0.0608,9108.6,2,103.611,184.346,step
2026-08-31T19:07:34.883930+00:00,78.672,-0.0391,0.15,0.0,-0.0441,-0.0588,9113.63,2,106.588,184.366,step
2026-08-31T19:07:34.885121+00:00,78.731,-0.0397,0.15,0.0,-0.0392,-0.057,9119.79,2,109.358,184.386,step
2026-08-31T19:07:34.886311+00:00,78.79,-0.0401,0.15,0.0,-0.0346,-0.0552,9125.86,2,112.435,184.406,step
2026-08-31T19:07:34.887540+00:00,78.85,-0.0403,0.15,0.0,-0.0304,-0.0534,9131.89,2,115.868,184.426,step
2026-08-31T19:07:34.888713+00:00,78.91,-0.0403,0.15,0.0,-0.0264,-0.0515,9138.06,2,119.606,184.446,step
2026-08-31T19:07:34.890184+00:00,78.971,-0.0402,0.8,0.0,-0.0227,-0.0497,9144.55,2,123.631,184.466,step
2026-08-31T19:07:34.891348+00:00,79.496,-0.04,0.8,0.0,-0.0191,-0.0477,10064.8,2,128.28,184.486,step
2026-08-31T19:07:34.892612+00:00,80.289,-0.0393,0.8,0.0,-0.0156,-0.0454,10476.6,3,134.324,184.506,step
2026-08-31T19:07:34.893891+00:00,80.937,-0.0386,0.8,0.0,-0.0123,-0.043,8298.29,3,141.282,184.526,step
2026-08-31T19:07:34.895215+00:00,80.906,-0.0381,0.8,0.0,-0.009,-0.041,8308.59,3,147.687,184.546,step
2026-08-31T19:07:34.896438+00:00,80.876,-0.0377,0.8,0.0,-0.006,-0.0391,7401.03,3,154.241,184.566,step
2026-08-31T19:07:34.897954+00:00,81.247,-0.0372,0.8,0.0,-0.0032,-0.0373,7797.91,3,161.449,184.586,step
2026-08-31T19:07:34.899161+00:00,81.846,-0.0365,0.8,0.0,-0.0004,-0.0353,7891.76,3,169.866,184.606,step
2026-08-31T19:07:34.900403+00:00,82.473,-0.0357,0.8,0.0,0.0022,-0.0333,7953.38,3,179.583,184.626,step
2026-08-31T19:07:34.901632+00:00,83.088,-0.0349,0.8,0.0,0.0047,-0.0313,8042.72,3,190.709,184.646,step
2026-08-31T19:07:34.902846+00:00,83.729,-0.034,0.8,0.0,0.0071,-0.0293,8103.26,3,200.0,184.666,step
2026-08-31T19:07:34.904048+00:00,84.38,-0.0331,0.8,0.0,0.0094,-0.0273,8155.08,3,200.0,184.686,step
2026-08-31T19:07:34.905267+00:00,85.036,-0.0322,0.8,0.0,0.0115,-0.0254,8205.53,3,200.0,184.706,step
2026-08-31T19:07:34.906714+00:00,85.694,-0.0313,0.8,0.0,0.0135,-0.0236,8259.63,3,200.0,184.726,step
2026-08-31T19:07:34.907928+00:00,86.352,-0.0304,0.8,0.0,0.0154,-0.0218,8319.58,3,200.0,184.746,step
2026-08-31T19:07:34.909111+00:00,87.011,-0.0295,0.8,0.0,0.0172,-0.0201,8385.27,3,200.0,184.766,step
2026-08-31T19:07:34.910302+00:00,87.672,-0.0286,0.8,0.0,0.0188,-0.0185,8455.44,3,200.0,184.786,step
2026-08-31T19:07:34.911488+00:00,88.337,-0.0276,0.8,0.0,0.0203,-0.0168,8528.59,3,200.0,184.806,step
2026-08-31T19:07:34.912743+00:00,89.007,-0.0266,0.8,0.0,0.0217,-0.0152,8603.81,3,200.0,184.826,step
2026-08-31T19:07:34.914218+00:00,89.683,-0.0256,0.8,0.0,0.023,-0.0136,8679.65,3,200.0,184.846,step
2026-08-31T19:07:34.915561+00:00,90.366,-0.0246,0.8,0.0,0.0242,-0.012,8754.57,3,200.0,184.866,step
2026-08-31T19:07:34.916838+00:00,91.055,-0.0235,0.8,0.0,0.0253,-0.0105,8828.81,3,200.0,184.886,step
2026-08-31T19:07:34.918082+00:00,91.751,-0.0224,0.8,0.0,0.0262,-0.009,8902.01,3,200.0,184.906,step
2026-08-31T19:07:34.919301+00:00,92.453,-0.0213,0.15,0.0,0.027,-0.0075,8974.18,3,200.0,184.926,step
2026-08-31T19:07:34.920549+00:00,92.792,-0.0203,0.15,0.0,0.0278,-0.0062,8512.73,3,200.0,184.946,step
2026-08-31T19:07:34.921951+00:00,92.823,-0.0194,0.15,0.0,0.0283,-0.0051,8513.43,3,200.0,184.966,step
2026-08-31T19:07:34.923216+00:00,92.855,-0.0185,0.15,0.0,0.0288,-0.004,8516.84,3,200.0,184.986,step
2026-08-31T19:07:34.924465+00:00,92.886,-0.0176,0.15,0.0,0.0292,-0.0029,8519.77,3,200.0,185.006,step
2026-08-31T19:07:34.925744+00:00,92.918,-0.0167,0.15,0.0,0.0294,-0.0019,8522.43,3,200.0,185.026,step
2026-08-31T19:07:34.926978+00:00,92.95,-0.0157,0.15,0.0,0.0296,-0.0009,8525.02,3,200.0,185.046,step
2026-08-31T19:07:34.928190+00:00,92.982,-0.0147,0.15,0.0,0.0296,0.0001,8527.69,3,200.0,185.066,step
2026-08-31T19:07:34.929541+00:00,93.013,-0.0138,0.15,0.0,0.0296,0.001,8530.43,3,200.0,185.086,step
2026-08-31T19:07:34.930922+00:00,93.045,-0.0129,0.15,0.0,0.0295,0.0018,8533.2,3,200.0,185.106,step
2026-08-31T19:07:34.932284+00:00,93.076,-0.012,0.15,0.0,0.0294,0.0025,8536.03,3,200.0,185.126,step
2026-08-31T19:07:34.933575+00:00,93.108,-0.0112,0.15,0.0,0.0291,0.0032,8538.92,3,200.0,185.146,step
2026-08-31T19:07:34.934856+00:00,93.14,-0.0104,0.15,0.0,0.0288,0.0039,8541.87,3,200.0,185.166,step
2026-08-31T19:07:34.936072+00:00,93.171,-0.0096,0.15,0.0,0.0285,0.0045,8544.84,3,200.0,185.186,step
2026-08-31T19:07:34.937279+00:00,93.203,-0.0088,0.15,0.0,0.0281,0.005,8547.77,3,200.0,185.206,step
2026-08-31T19:07:34.938649+00:00,93.234,-0.008,0.15,0.0,0.0276,0.0056,8551.07,3,200.0,185.226,step
2026-08-31T19:07:34.940030+00:00,93.266,-0.0073,0.15,0.0,0.0271,0.006,8553.81,3,200.0,185.246,step
2026-08-31T19:07:34.941263+00:00,93.298,-0.0066,0.15,0.0,0.0266,0.0065,8556.56,3,200.0,185.266,step
2026-08-31T19:07:34.942512+00:00,93.329,-0.0059,0.15,0.0,0.026,0.0069,8559.34,3,200.0,185.286,step
2026-08-31T19:07:34.943759+00:00,93.361,-0.0052,0.15,0.0,0.0254,0.0072,8562.12,3,200.0,185.306,step
2026-08-31T19:07:34.945076+00:00,93.392,-0.0045,0.15,0.0,0.0248,0.0076,8564.92,3,200.0,185.326,step
2026-08-31T19:07:34.946362+00:00,93.424,-0.0039,0.15,0.0,0.0242,0.0079,8567.74,3,200.0,185.346,step
2026-08-31T19:07:34.947711+00:00,93.455,-0.0033,0.15,0.0,0.0235,0.0081,8570.58,3,200.0,185.366,step
2026-08-31T19:07:34.949051+00:00,93.486,-0.0027,0.15,0.0,0.0228,0.0083,8573.43,3,200.0,185.386,step
2026-08-31T19:07:34.950350+00:00,93.517,-0.0022,0.15,0.0,0.0221,0.0085,8576.25,3,200.0,185.406,step
2026-08-31T19:07:34.951657+00:00,93.548,-0.0017,0.15,0.0,0.0213,0.0086,8579.06,3,200.0,185.426,step
2026-08-31T19:07:34.952920+00:00,93.578,-0.0012,0.15,0.0,0.0206,0.0088,8581.88,3,200.0,185.446,step
2026-08-31T19:07:34.954217+00:00,93.609,-0.0007,0.15,0.0,0.0198,0.0089,8584.7,3,200.0,185.466,step
2026-08-31T19:07:34.955676+00:00,93.64,-0.0003,0.15,0.0,0.0191,0.0089,8587.52,3,200.0,185.486,step
2026-08-31T19:07:34.956953+00:00,93.671,0.0002,0.15,0.0,0.0183,0.009,8589.63,3,200.0,185.506,step
2026-08-31T19:07:34.958228+00:00,93.701,0.0006,0.15,0.0,0.0175,0.009,8592.39,3,200.0,185.526,step
2026-08-31T19:07:34.959485+00:00,93.731,0.0009,0.15,0.0,0.0167,0.009,8595.34,3,200.0,185.546,step
2026-08-31T19:07:34.960691+00:00,93.761,0.0013,0.15,0.0,0.016,0.0089,8598.42,3,200.0,185.566,step
2026-08-31T19:07:34.961928+00:00,93.791,0.0016,0.15,0.0,0.0152,0.0089,8601.39,3,200.0,185.586,step
2026-08-31T19:07:34.963261+00:00,93.822,0.0019,0.15,0.0,0.0144,0.0088,8604.24,3,200.0,185.606,step
2026-08-31T19:07:34.964660+00:00,93.852,0.0022,0.15,0.0,0.0137,0.0087,8607.02,3,200.0,185.626,step
2026-08-31T19:07:34.965922+00:00,93.882,0.0024,0.15,0.0,0.0129,0.0086,8609.76,3,200.0,185.646,step
2026-08-31T19:07:34.967175+00:00,93.912,0.0027,0.15,0.0,0.0122,0.0085,8612.47,3,200.0,185.666,step
2026-08-31T19:07:34.968483+00:00,93.941,0.0029,0.15,0.0,0.0115,0.0083,8615.05,3,200.0,185.686,step
2026-08-31T19:07:34.969738+00:00,93.971,0.0031,0.15,0.0,0.0108,0.0082,8617.64,3,200.0,185.706,step
2026-08-31T19:07:34.970967+00:00,94.0,0.0033,0.15,0.0,0.0101,0.008,8620.25,3,200.0,185.726,step
2026-08-31T19:07:34.972361+00:00,94.029,0.0035,0.15,0.0,0.0094,0.0079,8622.89,3,200.0,185.746,step
2026-08-31T19:07:34.973755+00:00,94.058,0.0036,0.15,0.0,0.0087,0.0077,8625.57,3,200.0,185.766,step
2026-08-31T19:07:34.975008+00:00,94.088,0.0038,0.15,0.0,0.008,0.0075,8626.66,3,200.0,185.786,step
2026-08-31T19:07:34.976215+00:00,94.116,0.0039,0.15,0.0,0.0074,0.0073,8629.26,3,200.0,185.806,step
2026-08-31T19:07:34.977415+00:00,94.144,0.004,0.15,0.0,0.0068,0.0071,8632.31,3,200.0,185.826,step
2026-08-31T19:07:34.978596+00:00,94.172,0.0041,0.15,0.0,0.0062,0.0069,8635.67,3,200.0,185.846,step
2026-08-31T19:07:34.979893+00:00,94.2,0.0042,0.15,0.0,0.0056,0.0067,8638.76,3,200.0,185.866,step
2026-08-31T19:07:34.981395+00:00,94.229,0.0042,0.15,0.0,0.005,0.0065,8641.6,3,200.0,185.886,step
2026-08-31T19:07:34.982683+00:00,94.257,0.0043,0.15,0.0,0.0045,0.0063,8644.26,3,200.0,185.906,step
2026-08-31T19:07:34.983976+00:00,94.286,0.0043,0.15,0.0,0.0039,0.0061,8646.83,3,200.0,185.926,step
2026-08-31T19:07:34.985213+00:00,94.314,0.0044,0.15,0.0,0.0034,0.0058,8649.33,3,200.0,185.946,step
2026-08-31T19:07:34.986437+00:00,94.342,0.0044,0.15,0.0,0.0029,0.0056,8651.64,3,200.0,185.966,step
2026-08-31T19:07:34.987706+00:00,94.369,0.0044,0.15,0.0,0.0024,0.0054,8653.99,3,200.0,185.986,step
2026-08-31T19:07:34.989051+00:00,94.396,0.0044,0.15,0.0,0.002,0.0052,8656.36,3,200.0,186.006,step
2026-08-31T19:07:34.990538+00:00,94.423,0.0044,0.15,0.0,0.0015,0.005,8658.79,3,200.0,186.026,step
2026-08-31T19:07:34.991809+00:00,94.45,0.0044,0.15,0.0,0.0011,0.0048,8661.29,3,200.0,186.046,step
2026-08-31T19:07:34.993107+00:00,94.478,0.0044,0.15,0.0,0.0007,0.0045,8661.28,3,200.0,186.066,step
2026-08-31T19:07:34.994367+00:00,94.504,0.0044,0.15,0.0,0.0003,0.0043,8663.73,3,200.0,186.086,step
2026-08-31T19:07:34.995632+00:00,94.529,0.0043,0.15,0.0,-0.0001,0.0041,8666.86,3,200.0,186.106,step
2026-08-31T19:07:34.997121+00:00,94.555,0.0043,0.15,0.0,-0.0004,0.0039,8670.42,3,200.0,186.126,step
2026-08-31T19:07:34.998398+00:00,94.581,0.0042,0.15,0.0,-0.0007,0.0037,8673.56,3,200.0,186.146,step
2026-08-31T19:07:34.999640+00:00,94.607,0.0042,0.15,0.0,-0.0011,0.0035,8676.32,3,200.0,186.166,step
2026-08-31T19:07:35.000902+00:00,94.633,0.0041,0.15,0.0,-0.0013,0.0033,8678.81,3,200.0,186.186,step
2026-08-31T19:07:35.002165+00:00,94.66,0.004,0.15,0.0,-0.0016,0.0031,8681.16,3,200.0,186.206,step
2026-08-31T19:07:35.003486+00:00,94.686,0.0039,0.15,0.0,-0.0019,0.0029,8683.38,3,200.0,186.226,step
2026-08-31T19:07:35.004765+00:00,94.711,0.0038,0.15,0.0,-0.0021,0.0026,8685.38,3,200.0,186.246,step
2026-08-31T19:07:35.006140+00:00,94.736,0.0037,0.15,0.0,-0.0023,0.0024,8687.44,3,200.0,186.266,step
2026-08-31T19:07:35.007420+00:00,94.76,0.0036,0.15,0.0,-0.0025,0.0022,8689.54,3,200.0,186.286,step
2026-08-31T19:07:35.008708+00:00,94.785,0.0034,0.15,0.0,-0.0027,0.002,8691.73,3,200.0,186.306,step
2026-08-31T19:07:35.010000+00:00,94.809,0.0033,0.15,0.0,-0.0029,0.0018,8694.01,3,200.0,186.326,step
2026-08-31T19:07:35.011253+00:00,94.835,0.0032,0.15,0.0,-0.003,0.0016,8692.83,3,200.0,186.346,step
2026-08-31T19:07:35.012498+00:00,94.858,0.0031,0.15,0.0,-0.0032,0.0015,8695.18,3,200.0,186.366,step
2026-08-31T19:07:35.013750+00:00,94.88,0.003,0.15,0.0,-0.0033,0.0013,8698.42,3,200.0,186.386,step
2026-08-31T19:07:35.015158+00:00,94.903,0.0029,0.15,0.0,-0.0034,0.0012,8702.08,3,200.0,186.406,step
2026-08-31T19:07:35.016446+00:00,94.926,0.0028,0.15,0.0,-0.0035,0.001,8705.19,3,200.0,186.426,step
2026-08-31T19:07:35.017667+00:00,94.949,0.0027,0.15,0.0,-0.0036,0.0008,8707.79,3,200.0,186.446,step
2026-08-31T19:07:35.018882+00:00,94.973,0.0025,0.15,0.0,-0.0037,0.0007,8710.05,3,200.0,186.466,step
2026-08-31T19:07:35.020114+00:00,94.997,0.0024,0.15,0.0,-0.0037,0.0005,8712.11,3,200.0,186.486,step
2026-08-31T19:07:35.021426+00:00,95.02,0.0022,0.15,0.0,-0.0037,0.0004,8713.97,3,200.0,186.506,step
2026-08-31T19:07:35.022913+00:00,95.042,0.0021,0.15,0.0,-0.0038,0.0002,8715.62,3,200.0,186.526,step
2026-08-31T19:07:35.024169+00:00,95.064,0.002,0.15,0.0,-0.0038,0.0001,8717.36,3,200.0,186.546,step
2026-08-31T19:07:35.025454+00:00,95.085,0.0019,0.15,0.0,-0.0038,-0.0,8719.16,3,200.0,186.566,step
2026-08-31T19:07:35.026681+00:00,95.107,0.0018,0.15,0.0,-0.0038,-0.0001,8721.06,3,200.0,186.586,step
2026-08-31T19:07:35.027933+00:00,95.128,0.0016,0.15,0.0,-0.0038,-0.0002,8723.09,3,200.0,186.606,step
2026-08-31T19:07:35.029209+00:00,95.15,0.0015,0.15,0.0,-0.0038,-0.0003,8720.73,3,200.0,186.626,step
2026-08-31T19:07:35.030532+00:00,95.17,0.0014,0.15,0.0,-0.0037,-0.0004,8723.01,3,200.0,186.646,step
2026-08-31T19:07:35.032021+00:00,95.189,0.0013,0.15,0.0,-0.0037,-0.0005,8726.41,3,200.0,186.666,step
2026-08-31T19:07:35.033277+00:00,95.208,0.0012,0.15,0.0,-0.0036,-0.0006,8730.05,3,200.0,186.686,step
2026-08-31T19:07:35.034535+00:00,95.228,0.0011,0.15,0.0,-0.0036,-0.0007,8733.02,3,200.0,186.706,step
2026-08-31T19:07:35.035736+00:00,95.249,0.001,0.15,0.0,-0.0035,-0.0007,8735.38,3,200.0,186.726,step
2026-08-31T19:07:35.036978+00:00,95.269,0.0009,0.15,0.0,-0.0035,-0.0008,8737.32,3,200.0,186.746,step
2026-08-31T19:07:35.038249+00:00,95.29,0.0008,0.15,0.0,-0.0034,-0.0008,8739.05,3,200.0,186.766,step
2026-08-31T19:07:35.039676+00:00,95.31,0.0007,0.15,0.0,-0.0033,-0.0009,8740.46,3,200.0,186.786,step
2026-08-31T19:07:35.040945+00:00,95.328,0.0006,0.15,0.0,-0.0032,-0.001,8741.74,3,200.0,186.806,step
2026-08-31T19:07:35.042270+00:00,95.347,0.0005,0.15,0.0,-0.0031,-0.001,8743.11,3,200.0,186.826,step
2026-08-31T19:07:35.043495+00:00,95.365,0.0004,0.15,0.0,-0.0031,-0.0011,8744.57,3,200.0,186.846,step
2026-08-31T19:07:35.044738+00:00,95.382,0.0003,0.15,0.0,-0.003,-0.0011,8746.17,3,200.0,186.866,step
2026-08-31T19:07:35.045942+00:00,95.4,0.0003,0.15,0.0,-0.0029,-0.0011,8746.21,3,200.0,186.886,step
2026-08-31T19:07:35.047216+00:00,95.419,0.0002,0.15,0.0,-0.0028,-0.0011,8744.37,3,200.0,186.906,step
2026-08-31T19:07:35.048602+00:00,95.434,0.0002,0.15,0.0,-0.0027,-0.0011,8746.6,3,200.0,186.926,step
2026-08-31T19:07:35.049850+00:00,95.449,0.0001,0.15,0.0,-0.0026,-0.0011,8750.22,3,200.0,186.946,step
2026-08-31T19:07:35.051135+00:00,95.465,0.0001,0.15,0.0,-0.0025,-0.0011,8753.72,3,200.0,186.966,step
2026-08-31T19:07:35.052462+00:00,95.481,0.0,0.15,0.0,-0.0024,-0.0011,8756.43,3,200.0,186.986,step
2026-08-31T19:07:35.053777+00:00,95.498,-0.0,0.15,0.0,-0.0023,-0.0011,8758.45,3,200.0,187.006,step
2026-08-31T19:07:35.055051+00:00,95.515,-0.0001,0.15,0.0,-0.0022,-0.0011,8760.02,3,200.0,187.026,step
2026-08-31T19:07:35.056534+00:00,95.532,-0.0001,0.15,0.0,-0.0021,-0.0011,8761.36,3,200.0,187.046,step
2026-08-31T19:07:35.057817+00:00,95.548,-0.0001,0.15,0.0,-0.002,-0.0011,8762.35,3,200.0,187.066,step
2026-08-31T19:07:35.059097+00:00,95.564,-0.0002,0.15,0.0,-0.0019,-0.0011,8763.4,3,200.0,187.086,step
2026-08-31T19:07:35.060307+00:00,95.579,-0.0002,0.15,0.0,-0.0018,-0.0011,8764.54,3,200.0,187.106,step
2026-08-31T19:07:35.061553+00:00,95.594,-0.0003,0.15,0.0,-0.0017,-0.0011,8765.75,3,200.0,187.126,step
2026-08-31T19:07:35.062786+00:00,95.609,-0.0003,0.15,0.0,-0.0016,-0.0011,8767.07,3,200.0,187.146,step
2026-08-31T19:07:35.064222+00:00,95.625,-0.0004,0.15,0.0,-0.0015,-0.0011,8765.27,3,200.0,187.166,step
2026-08-31T19:07:35.065594+00:00,95.639,-0.0004,0.15,0.0,-0.0014,-0.0011,8765.9,3,200.0,187.186,step
2026-08-31T19:07:35.066858+00:00,95.652,-0.0005,0.15,0.0,-0.0013,-0.0011,8767.92,3,200.0,187.206,step
2026-08-31T19:07:35.068150+00:00,95.665,-0.0005,0.15,0.0,-0.0012,-0.0011,8771.01,3,200.0,187.226,step
2026-08-31T19:07:35.069430+00:00,95.678,-0.0006,0.15,0.0,-0.0012,-0.0011,8773.67,3,200.0,187.246,step
2026-08-31T19:07:35.070725+00:00,95.692,-0.0005,0.15,0.0,-0.0011,-0.001,8775.71,3,200.0,187.266,step
2026-08-31T19:07:35.071986+00:00,95.706,-0.0005,0.15,0.0,-0.001,-0.001,8777.26,3,200.0,187.286,step
2026-08-31T19:07:35.073689+00:00,95.721,-0.0005,0.15,0.0,-0.0009,-0.0009,8778.52,3,200.0,187.306,step
2026-08-31T19:07:35.074954+00:00,95.735,-0.0005,0.15,0.0,-0.0008,-0.0009,8779.65,3,200.0,187.326,step
2026-08-31T19:07:35.076218+00:00,95.749,-0.0005,0.15,0.0,-0.0007,-0.0008,8780.72,3,200.0,187.346,step
2026-08-31T19:07:35.077473+00:00,95.763,-0.0005,0.15,0.0,-0.0007,-0.0008,8781.71,3,200.0,187.366,step
2026-08-31T19:07:35.078852+00:00,95.776,-0.0005,0.15,0.0,-0.0006,-0.0008,8782.75,3,200.0,187.386,step
2026-08-31T19:07:35.080098+00:00,95.79,-0.0005,0.15,0.0,-0.0005,-0.0007,8783.83,3,200.0,187.406,step
2026-08-31T19:07:35.081580+00:00,95.803,-0.0005,0.15,0.0,-0.0005,-0.0007,8784.96,3,200.0,187.426,step
2026-08-31T19:07:35.082791+00:00,95.816,-0.0005,0.15,0.0,-0.0004,-0.0007,8786.17,3,200.0,187.446,step
2026-08-31T19:07:35.084053+00:00,95.83,-0.0005,0.15,0.0,-0.0003,-0.0006,8785.43,3,200.0,187.466,step
2026-08-31T19:07:35.085267+00:00,95.842,-0.0005,0.15,0.0,-0.0003,-0.0006,8786.72,3,200.0,187.486,step
2026-08-31T19:07:35.086483+00:00,95.854,-0.0005,0.15,0.0,-0.0002,-0.0006,8788.54,3,200.0,187.506,step
2026-08-31T19:07:35.087677+00:00,95.866,-0.0005,0.15,0.0,-0.0002,-0.0006,8790.58,3,200.0,187.526,step
2026-08-31T19:07:35.089099+00:00,95.879,-0.0005,0.15,0.0,-0.0001,-0.0005,8792.27,3,200.0,187.546,step
2026-08-31T19:07:35.090357+00:00,95.891,-0.0005,0.15,0.0,-0.0001,-0.0005,8793.68,3,200.0,187.566,step
2026-08-31T19:07:35.091589+00:00,95.904,-0.0005,0.15,0.0,-0.0,-0.0005,8794.89,3,200.0,187.586,step
2026-08-31T19:07:35.092848+00:00,95.917,-0.0005,0.15,0.0,0.0,-0.0004,8796.0,3,200.0,187.606,step
2026-08-31T19:07:35.094090+00:00,95.93,-0.0005,0.15,0.0,0.0001,-0.0004,8797.06,3,200.0,187.626,step
2026-08-31T19:07:35.095322+00:00,95.942,-0.0005,0.15,0.0,0.0001,-0.0004,8798.04,3,200.0,187.646,step
2026-08-31T19:07:35.096673+00:00,95.954,-0.0005,0.15,0.0,0.0001,-0.0004,8799.0,3,200.0,187.666,step
2026-08-31T19:07:35.098234+00:00,95.966,-0.0005,0.15,0.0,0.0002,-0.0004,8799.98,3,200.0,187.686,step
2026-08-31T19:07:35.099573+00:00,95.978,-0.0005,0.15,0.0,0.0002,-0.0004,8800.99,3,200.0,187.706,step
2026-08-31T19:07:35.100827+00:00,95.99,-0.0005,0.15,0.0,0.0002,-0.0004,8802.05,3,200.0,187.726,step
2026-08-31T19:07:35.102044+00:00,96.001,-0.0005,0.15,0.0,0.0003,-0.0004,8802.14,3,200.0,187.746,step
2026-08-31T19:07:35.103284+00:00,96.013,-0.0005,0.15,0.0,0.0003,-0.0003,8802.33,3,200.0,187.766,step
2026-08-31T19:07:35.104658+00:00,96.024,-0.0005,0.15,0.0,0.0003,-0.0003,8803.68,3,200.0,187.786,step
2026-08-31T19:07:35.106143+00:00,96.035,-0.0005,0.15,0.0,0.0004,-0.0003,8805.55,3,200.0,187.806,step
2026-08-31T19:07:35.107475+00:00,96.046,-0.0005,0.15,0.0,0.0004,-0.0003,8807.27,3,200.0,187.826,step
2026-08-31T19:07:35.108709+00:00,96.057,-0.0005,0.15,0.0,0.0004,-0.0003,8808.68,3,200.0,187.846,step
2026-08-31T19:07:35.109990+00:00,96.068,-0.0005,0.15,0.0,0.0004,-0.0003,8809.85,3,200.0,187.866,step
2026-08-31T19:07:35.111219+00:00,96.08,-0.0005,0.15,0.0,0.0005,-0.0002,8810.88,3,200.0,187.886,step
2026-08-31T19:07:35.112503+00:00,96.091,-0.0005,0.15,0.0,0.0005,-0.0002,8811.85,3,200.0,187.906,step
2026-08-31T19:07:35.113973+00:00,96.102,-0.0005,0.15,0.0,0.0005,-0.0002,8812.78,3,200.0,187.926,step
2026-08-31T19:07:35.115387+00:00,96.113,-0.0005,0.15,0.0,0.0005,-0.0002,8813.61,3,200.0,187.946,step
2026-08-31T19:07:35.116644+00:00,96.124,-0.0005,0.15,0.0,0.0005,-0.0002,8814.46,3,200.0,187.966,step
2026-08-31T19:07:35.117909+00:00,96.134,-0.0005,0.15,0.0,0.0006,-0.0002,8815.33,3,200.0,187.986,step
2026-08-31T19:07:35.119172+00:00,96.145,-0.0005,0.15,0.0,0.0006,-0.0002,8816.25,3,200.0,188.006,step
2026-08-31T19:07:35.120517+00:00,96.155,-0.0005,0.15,0.0,0.0006,-0.0002,8817.21,3,200.0,188.026,step
2026-08-31T19:07:35.121776+00:00,96.166,-0.0005,0.15,0.0,0.0006,-0.0002,8816.45,3,200.0,188.046,step
2026-08-31T19:07:35.123292+00:00,96.176,-0.0005,0.15,0.0,0.0006,-0.0002,8817.41,3,200.0,188.066,step
2026-08-31T19:07:35.124520+00:00,96.186,-0.0005,0.15,0.0,0.0007,-0.0002,8818.86,3,200.0,188.086,step
2026-08-31T19:07:35.125783+00:00,96.195,-0.0005,0.15,0.0,0.0007,-0.0001,8820.58,3,200.0,188.106,step
2026-08-31T19:07:35.126988+00:00,96.205,-0.0005,0.15,0.0,0.0007,-0.0001,8822.0,3,200.0,188.126,step
2026-08-31T19:07:35.128187+00:00,96.215,-0.0005,0.15,0.0,0.0007,-0.0001,8823.16,3,200.0,188.146,step
2026-08-31T19:07:35.129431+00:00,96.225,-0.0005,0.15,0.0,0.0007,-0.0001,8824.14,3,200.0,188.166,step
2026-08-31T19:07:35.130938+00:00,96.235,-0.0005,0.15,0.0,0.0007,-0.0001,8825.02,3,200.0,188.186,step
2026-08-31T19:07:35.132278+00:00,96.245,-0.0005,0.15,0.0,0.0007,-0.0001,8825.85,3,200.0,188.206,step
2026-08-31T19:07:35.133591+00:00,96.255,-0.0005,0.15,0.0,0.0007,-0.0001,8826.62,3,200.0,188.226,step
2026-08-31T19:07:35.134898+00:00,96.264,-0.0005,0.15,0.0,0.0008,-0.0001,8827.35,3,200.0,188.246,step
2026-08-31T19:07:35.136181+00:00,96.274,-0.0005,0.15,0.0,0.0008,-0.0001,8828.1,3,200.0,188.266,step
2026-08-31T19:07:35.137466+00:00,96.283,-0.0005,0.15,0.0,0.0008,-0.0001,8828.88,3,200.0,188.286,step
2026-08-31T19:07:35.138984+00:00,96.292,-0.0005,0.15,0.0,0.0008,-0.0001,8829.71,3,200.0,188.306,step
2026-08-31T19:07:35.140345+00:00,96.301,-0.0005,0.15,0.0,0.0008,-0.0001,8829.88,3,200.0,188.326,step
2026-08-31T19:07:35.141632+00:00,96.311,-0.0005,0.15,0.0,0.0008,-0.0001,8829.72,3,200.0,188.346,step
2026-08-31T19:07:35.142928+00:00,96.319,-0.0005,0.15,0.0,0.0008,-0.0,8830.79,3,200.0,188.366,step
2026-08-31T19:07:35.144169+00:00,96.327,-0.0005,0.15,0.0,0.0008,-0.0,8832.33,3,200.0,188.386,step
2026-08-31T19:07:35.145480+00:00,96.336,-0.0005,0.15,0.0,0.0008,-0.0,8833.76,3,200.0,188.406,step
2026-08-31T19:07:35.146765+00:00,96.344,-0.0005,0.15,0.0,0.0008,-0.0,8834.92,3,200.0,188.426,step
2026-08-31T19:07:35.148386+00:00,96.353,-0.0005,0.15,0.0,0.0008,-0.0,8835.86,3,200.0,188.446,step
2026-08-31T19:07:35.149594+00:00,96.362,-0.0005,0.15,0.0,0.0008,-0.0,8836.67,3,200.0,188.466,step
2026-08-31T19:07:35.150932+00:00,96.371,-0.0005,0.15,0.0,0.0008,-0.0,8837.42,3,200.0,188.486,step
2026-08-31T19:07:35.152205+00:00,96.38,-0.0005,0.15,0.0,0.0008,-0.0,8838.14,3,200.0,188.506,step
2026-08-31T19:07:35.153458+00:00,96.388,-0.0005,0.15,0.0,0.0009,-0.0,8838.76,3,200.0,188.526,step
2026-08-31T19:07:35.154721+00:00,96.397,-0.0005,0.15,0.0,0.0009,-0.0,8839.41,3,200.0,188.546,step
2026-08-31T19:07:35.156400+00:00,96.405,-0.0005,0.15,0.0,0.0009,-0.0,8840.07,3,200.0,188.566,step
2026-08-31T19:07:35.157679+00:00,96.413,-0.0005,0.15,0.0,0.0009,-0.0,8840.77,3,200.0,188.586,step
2026-08-31T19:07:35.158983+00:00,96.421,-0.0005,0.15,0.0,0.0009,-0.0,8841.52,3,200.0,188.606,step
2026-08-31T19:07:35.160256+00:00,96.43,-0.0005,0.15,0.0,0.0009,-0.0,8840.74,3,200.0,188.626,step
2026-08-31T19:07:35.161592+00:00,96.437,-0.0005,0.15,0.0,0.0009,-0.0,8841.47,3,200.0,188.646,step
2026-08-31T19:07:35.162879+00:00,96.444,-0.0005,0.15,0.0,0.0009,-0.0,8842.65,3,200.0,188.666,step
2026-08-31T19:07:35.164341+00:00,96.451,-0.0005,0.15,0.0,0.0009,-0.0,8844.08,3,200.0,188.686,step
2026-08-31T19:07:35.165643+00:00,96.459,-0.0005,0.15,0.0,0.0009,-0.0,8845.24,3,200.0,188.706,step
2026-08-31T19:07:35.166915+00:00,96.467,-0.0005,0.15,0.0,0.0009,-0.0,8846.16,3,200.0,188.726,step
2026-08-31T19:07:35.168199+00:00,96.475,-0.0005,0.15,0.0,0.0009,-0.0,8846.92,3,200.0,188.746,step
2026-08-31T19:07:35.169459+00:00,96.482,-0.0004,0.15,0.0,0.0009,0.0,8847.59,3,200.0,188.766,step
2026-08-31T19:07:35.170719+00:00,96.49,-0.0004,0.15,0.0,0.0009,0.0,8848.22,3,200.0,188.786,step
2026-08-31T19:07:35.172207+00:00,96.498,-0.0004,0.15,0.0,0.0009,0.0,8848.8,3,200.0,188.806,step
2026-08-31T19:07:35.173529+00:00,96.505,-0.0004,0.15,0.0,0.0009,0.0,8849.35,3,200.0,188.826,step
2026-08-31T19:07:35.174808+00:00,96.512,-0.0004,0.15,0.0,0.0009,0.0,8849.91,3,200.0,188.846,step
2026-08-31T19:07:35.176074+00:00,96.519,-0.0004,0.15,0.0,0.0009,0.0,8850.5,3,200.0,188.866,step
2026-08-31T19:07:35.177328+00:00,96.526,-0.0004,0.15,0.0,0.0009,0.0,8851.13,3,200.0,188.886,step
2026-08-31T19:07:35.178585+00:00,96.533,-0.0004,0.15,0.0,0.0009,0.0,8851.04,3,200.0,188.906,step
2026-08-31T19:07:35.179958+00:00,96.54,-0.0004,0.15,0.0,0.0009,0.0,8850.93,3,200.0,188.926,step
2026-08-31T19:07:35.181473+00:00,96.547,-0.0004,0.15,0.0,0.0009,0.0,8851.78,3,200.0,188.946,step
2026-08-31T19:07:35.182762+00:00,96.553,-0.0004,0.15,0.0,0.0009,0.0,8853.05,3,200.0,188.966,step
2026-08-31T19:07:35.184019+00:00,96.559,-0.0004,0.15,0.0,0.0009,0.0,8854.22,3,200.0,188.986,step
2026-08-31T19:07:35.185247+00:00,96.566,-0.0004,0.15,0.0,0.0009,0.0,8855.13,3,200.0,189.006,step
2026-08-31T19:07:35.186493+00:00,96.573,-0.0004,0.15,0.0,0.0009,0.0,8855.86,3,200.0,189.026,step
2026-08-31T19:07:35.187819+00:00,96.579,-0.0004,0.15,0.0,0.0009,0.0,8856.47,3,200.0,189.046,step
2026-08-31T19:07:35.189292+00:00,96.586,-0.0004,0.15,0.0,0.0009,0.0,8857.03,3,200.0,189.066,step
2026-08-31T19:07:35.190651+00:00,96.593,-0.0004,0.15,0.0,0.0009,0.0,8857.57,3,200.0,189.086,step
2026-08-31T19:07:35.191977+00:00,96.599,-0.0004,0.15,0.0,0.0009,0.0,8858.02,3,200.0,189.106,step
2026-08-31T19:07:35.193282+00:00,96.605,-0.0004,0.15,0.0,0.0009,0.0,8858.48,3,200.0,189.126,step
2026-08-31T19:07:35.194521+00:00,96.612,-0.0004,0.15,0.0,0.0009,0.0,8858.97,3,200.0,189.146,step
2026-08-31T19:07:35.195785+00:00,96.618,-0.0004,0.15,0.0,0.0009,0.0,8859.5,3,200.0,189.166,step
2026-08-31T19:07:35.197158+00:00,96.623,-0.0004,0.15,0.0,0.0009,0.0,8860.07,3,200.0,189.186,step
2026-08-31T19:07:35.198599+00:00,96.63,-0.0004,0.15,0.0,0.0009,0.0,8859.27,3,200.0,189.206,step
2026-08-31T19:07:35.199932+00:00,96.636,-0.0004,0.15,0.0,0.0009,0.0,8859.85,3,200.0,189.226,step
2026-08-31T19:07:35.201279+00:00,96.641,-0.0004,0.15,0.0,0.0009,0.0,8860.83,3,200.0,189.246,step
2026-08-31T19:07:35.202560+00:00,96.646,-0.0004,0.15,0.0,0.0009,0.0,8861.97,3,200.0,189.266,step
2026-08-31T19:07:35.203813+00:00,96.652,-0.0004,0.15,0.0,0.0009,0.0,8862.88,3,200.0,189.286,step
2026-08-31T19:07:35.205156+00:00,96.658,-0.0004,0.15,0.0,0.0009,0.0,8863.58,3,200.0,189.306,step
2026-08-31T19:07:35.206633+00:00,96.663,-0.0004,0.15,0.0,0.0009,0.0,8864.15,3,200.0,189.326,step
2026-08-31T19:07:35.207941+00:00,96.669,-0.0004,0.15,0.0,0.0009,0.0,8864.64,3,200.0,189.346,step
2026-08-31T19:07:35.209310+00:00,96.675,-0.0004,0.15,0.0,0.0009,0.0,8865.11,3,200.0,189.366,step
2026-08-31T19:07:35.210642+00:00,96.681,-0.0004,0.15,0.0,0.0009,0.0,8865.52,3,200.0,189.386,step
2026-08-31T19:07:35.212070+00:00,96.686,-0.0004,0.15,0.0,0.0009,0.0,8865.91,3,200.0,189.406,step
2026-08-31T19:07:35.213390+00:00,96.691,-0.0004,0.15,0.0,0.0009,0.0,8866.31,3,200.0,189.426,step
2026-08-31T19:07:35.214854+00:00,96.697,-0.0004,0.15,0.0,0.0009,0.0,8866.74,3,200.0,189.446,step
2026-08-31T19:07:35.216151+00:00,96.702,-0.0004,0.15,0.0,0.0009,0.0,8867.21,3,200.0,189.466,step
2026-08-31T19:07:35.217498+00:00,96.707,-0.0004,0.15,0.0,0.0009,0.0,8866.84,3,200.0,189.486,step
2026-08-31T19:07:35.218780+00:00,96.712,-0.0004,0.15,0.0,0.0009,0.0,8866.87,3,200.0,189.506,step
2026-08-31T19:07:35.220075+00:00,96.717,-0.0004,0.15,0.0,0.0009,0.0,8867.55,3,200.0,189.526,step
2026-08-31T19:07:35.221442+00:00,96.721,-0.0004,0.15,0.0,0.0009,0.0,8868.6,3,200.0,189.546,step
2026-08-31T19:07:35.222874+00:00,96.726,-0.0004,0.15,0.0,0.0009,0.0,8869.5,3,200.0,189.566,step
2026-08-31T19:07:35.224274+00:00,96.731,-0.0004,0.15,0.0,0.0009,0.0,8870.19,3,200.0,189.586,step
2026-08-31T19:07:35.225532+00:00,96.736,-0.0004,0.15,0.0,0.0009,0.0,8870.73,3,200.0,189.606,step
2026-08-31T19:07:35.226875+00:00,96.741,-0.0004,0.15,0.0,0.0009,0.0,8871.18,3,200.0,189.626,step
2026-08-31T19:07:35.228261+00:00,96.746,-0.0004,0.15,0.0,0.0009,0.0,8871.58,3,200.0,189.646,step
2026-08-31T19:07:35.229609+00:00,96.751,-0.0004,0.15,0.0,0.0009,0.0,8871.96,3,200.0,189.666,step
2026-08-31T19:07:35.231119+00:00,96.755,-0.0004,0.15,0.0,0.0009,0.0,8872.27,3,200.0,189.686,step
2026-08-31T19:07:35.232525+00:00,96.76,-0.0004,0.15,0.0,0.0009,0.0,8872.6,3,200.0,189.706,step
2026-08-31T19:07:35.233835+00:00,96.764,-0.0004,0.15,0.0,0.0009,0.0,8872.94,3,200.0,189.726,step
2026-08-31T19:07:35.235157+00:00,96.768,-0.0004,0.15,0.0,0.0009,0.0,8873.32,3,200.0,189.746,step
2026-08-31T19:07:35.236442+00:00,96.773,-0.0004,0.15,0.0,0.0009,0.0,8873.74,3,200.0,189.766,step
2026-08-31T19:07:35.237744+00:00,96.778,-0.0004,0.15,0.0,0.0009,0.0,8872.95,3,200.0,189.786,step
2026-08-31T19:07:35.239198+00:00,96.781,-0.0004,0.15,0.0,0.0009,0.0,8873.43,3,200.0,189.806,step
2026-08-31T19:07:35.240703+00:00,96.785,-0.0004,0.15,0.0,0.0009,0.0,8874.24,3,200.0,189.826,step
2026-08-31T19:07:35.241994+00:00,96.789,-0.0004,0.15,0.0,0.0009,0.0,8875.12,3,200.0,189.846,step
2026-08-31T19:07:35.243252+00:00,96.793,-0.0004,0.15,0.0,0.0009,0.0,8875.8,3,200.0,189.866,step
2026-08-31T19:07:35.244482+00:00,96.797,-0.0004,0.15,0.0,0.0009,0.0,8876.32,3,200.0,189.886,step
2026-08-31T19:07:35.245758+00:00,96.801,-0.0004,0.15,0.0,0.0009,0.0,8876.72,3,200.0,189.906,step
2026-08-31T19:07:35.247102+00:00,96.806,-0.0004,0.15,0.0,0.0009,0.0,8877.07,3,200.0,189.926,step
2026-08-31T19:07:35.248655+00:00,96.81,-0.0004,0.15,0.0,0.0009,0.0,8877.39,3,199.646,189.946,step
2026-08-31T19:07:35.249986+00:00,96.814,-0.0004,0.15,0.0,0.0009,0.0,8877.66,3,199.108,189.966,step
2026-08-31T19:07:35.251278+00:00,96.817,-0.0004,0.15,0.0,0.0009,0.0,8877.92,3,198.57,189.986,step
2026-08-31T19:07:35.252584+00:00,96.821,-0.0004,0.15,0.0,0.0009,0.0,8878.19,3,198.032,190.006,step
2026-08-31T19:07:35.253846+00:00,96.825,-0.0004,0.15,0.0,0.0009,0.0,8878.5,3,197.494,190.026,step
2026-08-31T19:07:35.255156+00:00,96.828,-0.0004,0.15,0.0,0.0009,0.0,8878.83,3,196.956,190.046,step
2026-08-31T19:07:35.256551+00:00,96.832,-0.0004,0.15,0.0,0.0009,0.0,8878.26,3,196.418,190.066,step
2026-08-31T19:07:35.257890+00:00,96.836,-0.0004,0.15,0.0,0.0009,0.0,8878.43,3,195.88,190.086,step
2026-08-31T19:07:35.259195+00:00,96.839,-0.0004,0.15,0.0,0.0009,0.0,8878.99,3,195.342,190.106,step
2026-08-31T19:07:35.260469+00:00,96.842,-0.0004,0.15,0.0,0.0009,0.0,8879.82,3,194.804,190.126,step
2026-08-31T19:07:35.261727+00:00,96.845,-0.0004,0.15,0.0,0.0009,0.0,8880.49,3,194.266,190.146,step
2026-08-31T19:07:35.263098+00:00,96.849,-0.0004,0.15,0.0,0.0009,0.0,8880.98,3,193.728,190.166,step
2026-08-31T19:07:35.264543+00:00,96.852,-0.0004,0.15,0.0,0.0009,0.0,8881.36,3,193.19,190.186,step
2026-08-31T19:07:35.265951+00:00,96.856,-0.0004,0.15,0.0,0.0009,0.0,8881.66,3,192.652,190.206,step
2026-08-31T19:07:35.267263+00:00,96.859,-0.0004,0.15,0.0,0.0009,0.0,8881.93,3,192.114,190.226,step
2026-08-31T19:07:35.268587+00:00,96.863,-0.0004,0.15,0.0,0.0009,0.0,8882.17,3,191.576,190.246,step
2026-08-31T19:07:35.269880+00:00,96.866,-0.0004,0.15,0.0,0.0009,0.0,8882.38,3,191.038,190.266,step
2026-08-31T19:07:35.271153+00:00,96.869,-0.0004,0.15,0.0,0.0009,0.0,8882.6,3,190.5,190.286,step
2026-08-31T19:07:35.272697+00:00,96.872,-0.0004,0.15,0.0,0.0009,0.0,8882.83,3,189.962,190.306,step
2026-08-31T19:07:35.274138+00:00,96.875,-0.0004,0.15,0.0,0.0009,0.0,8883.08,3,189.424,190.326,step
2026-08-31T19:07:35.275430+00:00,96.878,-0.0004,0.15,0.0,0.0009,0.0,8883.35,3,188.886,190.346,step
2026-08-31T19:07:35.276727+00:00,96.881,-0.0004,0.15,0.0,0.0009,0.0,8882.65,3,188.347,190.366,step
2026-08-31T19:07:35.278011+00:00,96.884,-0.0004,0.15,0.0,0.0009,0.0,8883.03,3,187.809,190.386,step
2026-08-31T19:07:35.279280+00:00,96.886,-0.0004,0.15,0.0,0.0009,0.0,8883.69,3,187.271,190.406,step
2026-08-31T19:07:35.280751+00:00,96.889,-0.0004,0.15,0.0,0.0009,0.0,8884.35,3,186.733,190.426,step
2026-08-31T19:07:35.282194+00:00,96.892,-0.0004,0.15,0.0,0.0009,0.0,8884.83,3,186.194,190.446,step
2026-08-31T19:07:35.283421+00:00,96.894,-0.0004,0.15,0.0,0.0009,0.0,8885.19,3,185.656,190.466,step
2026-08-31T19:07:35.284724+00:00,96.897,-0.0004,0.15,0.0,0.0009,0.0,8885.46,3,185.118,190.486,step
2026-08-31T19:07:35.286052+00:00,96.9,-0.0004,0.15,0.0,0.0009,0.0,8885.68,3,184.579,190.506,step
2026-08-31T19:07:35.287412+00:00,96.903,-0.0004,0.15,0.0,0.0009,0.0,8885.9,3,184.041,190.526,step
2026-08-31T19:07:35.288733+00:00,96.906,-0.0004,0.15,0.0,0.0009,0.0,8886.06,3,183.503,190.546,step
2026-08-31T19:07:35.290248+00:00,96.908,-0.0004,0.15,0.0,0.0009,0.0,8886.23,3,182.964,190.566,step
2026-08-31T19:07:35.291535+00:00,96.911,-0.0004,0.15,0.0,0.0009,0.0,8886.41,3,182.426,190.586,step
2026-08-31T19:07:35.292857+00:00,96.913,-0.0004,0.15,0.0,0.0009,0.0,8886.61,3,181.888,190.606,step
2026-08-31T19:07:35.294141+00:00,96.915,-0.0004,0.15,0.0,0.0009,0.0,8886.83,3,181.35,190.626,step
2026-08-31T19:07:35.295473+00:00,96.918,-0.0004,0.15,0.0,0.0009,0.0,8886.23,3,180.811,190.646,step
2026-08-31T19:07:35.296809+00:00,96.921,-0.0004,0.15,0.0,0.0009,0.0,8886.42,3,180.273,190.666,step
2026-08-31T19:07:35.298328+00:00,96.922,-0.0004,0.15,0.0,0.0009,0.0,8886.87,3,179.735,190.686,step
2026-08-31T19:07:35.299607+00:00,96.924,-0.0004,0.15,0.0,0.0009,0.0,8887.49,3,179.196,190.706,step
2026-08-31T19:07:35.300936+00:00,96.927,-0.0004,0.15,0.0,0.0009,0.0,8887.96,3,178.659,190.726,step
2026-08-31T19:07:35.302232+00:00,96.929,-0.0004,0.15,0.0,0.0009,0.0,8888.29,3,178.119,190.746,step
2026-08-31T19:07:35.303595+00:00,96.931,-0.0004,0.15,0.0,0.0009,0.0,8888.53,3,177.581,190.766,step
2026-08-31T19:07:35.304910+00:00,96.933,-0.0004,0.15,0.0,0.0009,0.0,8888.73,3,177.042,190.786,step
2026-08-31T19:07:35.306411+00:00,96.936,-0.0004,0.15,0.0,0.0009,0.0,8888.91,3,176.504,190.806,step
2026-08-31T19:07:35.307795+00:00,96.938,-0.0004,0.15,0.0,0.0009,0.0,8889.05,3,175.965,190.826,step
2026-08-31T19:07:35.309111+00:00,96.94,-0.0004,0.15,0.0,0.0009,0.0,8889.17,3,175.427,190.846,step
2026-08-31T19:07:35.310411+00:00,96.942,-0.0004,0.15,0.0,0.0009,0.0,8889.31,3,174.888,190.866,step
2026-08-31T19:07:35.311733+00:00,96.944,-0.0004,0.15,0.0,0.0009,0.0,8889.46,3,174.35,190.886,step
2026-08-31T19:07:35.313015+00:00,96.946,-0.0004,0.15,0.0,0.0009,0.0,8889.63,3,173.811,190.906,step
2026-08-31T19:07:35.314518+00:00,96.948,-0.0004,0.15,0.0,0.0009,0.0,8889.45,3,173.273,190.926,step
2026-08-31T19:07:35.315762+00:00,96.95,-0.0004,0.15,0.0,0.0009,0.0,8889.21,3,172.733,190.946,step
2026-08-31T19:07:35.317132+00:00,96.952,-0.0004,0.15,0.0,0.0009,0.0,8889.5,3,172.195,190.966,step
2026-08-31T19:07:35.318434+00:00,96.953,-0.0004,0.15,0.0,0.0009,0.0,8890.01,3,171.656,190.986,step
2026-08-31T19:07:35.319701+00:00,96.955,-0.0004,0.15,0.0,0.0009,0.0,8890.46,3,171.118,191.006,step
2026-08-31T19:07:35.320977+00:00,96.957,-0.0004,0.15,0.0,0.0009,0.0,8890.78,3,170.579,191.026,step
2026-08-31T19:07:35.322339+00:00,96.958,-0.0004,0.15,0.0,0.0009,0.0,8891.01,3,170.041,191.046,step
2026-08-31T19:07:35.323727+00:00,96.96,-0.0004,0.15,0.0,0.0009,0.0,8891.17,3,169.502,191.066,step
2026-08-31T19:07:35.325058+00:00,96.962,-0.0004,0.15,0.0,0.0009,0.0,8891.31,3,168.964,191.086,step
2026-08-31T19:07:35.326326+00:00,96.964,-0.0004,0.15,0.0,0.0009,0.0,8891.44,3,168.425,191.106,step
2026-08-31T19:07:35.327598+00:00,96.966,-0.0004,0.15,0.0,0.0009,0.0,8891.52,3,167.887,191.126,step
2026-08-31T19:07:35.328918+00:00,96.967,-0.0004,0.15,0.0,0.0009,0.0,8891.62,3,167.347,191.146,step
2026-08-31T19:07:35.330274+00:00,96.969,-0.0004,0.15,0.0,0.0009,0.0,8891.73,3,166.809,191.166,step
2026-08-31T19:07:35.331817+00:00,96.97,-0.0004,0.15,0.0,0.0009,0.0,8891.85,3,166.27,191.186,step
2026-08-31T19:07:35.333151+00:00,96.972,-0.0004,0.15,0.0,0.0009,0.0,8892.0,3,165.732,191.206,step
2026-08-31T19:07:35.334459+00:00,96.973,-0.0004,0.15,0.0,0.0009,0.0,8891.47,3,165.193,191.226,step
2026-08-31T19:07:35.335720+00:00,96.975,-0.0004,0.15,0.0,0.0009,0.0,8891.64,3,164.655,191.246,step
2026-08-31T19:07:35.336999+00:00,96.976,-0.0004,0.15,0.0,0.0009,0.0,8892.0,3,164.116,191.266,step
2026-08-31T19:07:35.338361+00:00,96.977,-0.0004,0.15,0.0,0.0009,0.0,8892.42,3,163.578,191.286,step
2026-08-31T19:07:35.339732+00:00,96.978,-0.0004,0.15,0.0,0.0009,0.0,8892.73,3,163.038,191.306,step
2026-08-31T19:07:35.341038+00:00,96.98,-0.0004,0.15,0.0,0.0009,0.0,8892.94,3,162.5,191.326,step
2026-08-31T19:07:35.342297+00:00,96.981,-0.0004,0.15,0.0,0.0009,0.0,8893.08,3,161.961,191.346,step
2026-08-31T19:07:35.343546+00:00,96.983,-0.0004,0.15,0.0,0.0009,0.0,8893.18,3,161.423,191.366,step
2026-08-31T19:07:35.344801+00:00,96.984,-0.0004,0.15,0.0,0.0009,0.0,8893.29,3,160.884,191.386,step
2026-08-31T19:07:35.346080+00:00,96.986,-0.0004,0.15,0.0,0.0009,0.0,8893.36,3,160.345,191.406,step
2026-08-31T19:07:35.347540+00:00,96.987,-0.0004,0.15,0.0,0.0009,0.0,8893.43,3,159.806,191.426,step
2026-08-31T19:07:35.349016+00:00,96.988,-0.0004,0.15,0.0,0.0009,0.0,8893.51,3,159.267,191.446,step
2026-08-31T19:07:35.350381+00:00,96.989,-0.0004,0.15,0.0,0.0009,0.0,8893.6,3,158.728,191.466,step
2026-08-31T19:07:35.351733+00:00,96.99,-0.0004,0.15,0.0,0.0009,0.0,8893.7,3,158.19,191.486,step
2026-08-31T19:07:35.353054+00:00,96.992,-0.0004,0.15,0.0,0.0009,0.0,8893.36,3,157.65,191.506,step
2026-08-31T19:07:35.354354+00:00,96.993,-0.0004,0.15,0.0,0.0009,0.0,8893.35,3,157.112,191.526,step
2026-08-31T19:07:35.355702+00:00,96.993,-0.0004,0.15,0.0,0.0009,0.0,8893.57,3,156.572,191.546,step
2026-08-31T19:07:35.356999+00:00,96.994,-0.0004,0.15,0.0,0.0009,0.0,8893.93,3,156.034,191.566,step
2026-08-31T19:07:35.358273+00:00,96.995,-0.0004,0.15,0.0,0.0008,0.0,8894.22,3,155.495,191.586,step
2026-08-31T19:07:35.359559+00:00,96.996,-0.0004,0.15,0.0,0.0008,0.0,8894.41,3,154.956,191.606,step
2026-08-31T19:07:35.360801+00:00,96.997,-0.0004,0.15,0.0,0.0008,0.0,8894.55,3,154.417,191.626,step
2026-08-31T19:07:35.362051+00:00,96.999,-0.0004,0.15,0.0,0.0008,0.0,8894.64,3,153.878,191.646,step
2026-08-31T19:07:35.363425+00:00,97.0,-0.0004,0.15,0.0,0.0008,0.0,8894.71,3,153.339,191.666,step
2026-08-31T19:07:35.365011+00:00,97.001,-0.0004,0.15,0.0,0.0008,0.0,8894.78,3,152.8,191.686,step
2026-08-31T19:07:35.366276+00:00,97.002,-0.0004,0.15,0.0,0.0008,0.0,8894.82,3,152.261,191.706,step
2026-08-31T19:07:35.367624+00:00,97.002,-0.0004,0.15,0.0,0.0008,0.0,8894.87,3,151.723,191.726,step
2026-08-31T19:07:35.368879+00:00,97.003,-0.0004,0.15,0.0,0.0008,0.0,8894.93,3,151.183,191.746,step
2026-08-31T19:07:35.370163+00:00,97.004,-0.0004,0.15,0.0,0.0008,0.0,8895.0,3,150.645,191.766,step
2026-08-31T19:07:35.371545+00:00,97.005,-0.0004,0.15,0.0,0.0008,0.0,8895.09,3,150.106,191.786,step
2026-08-31T19:07:35.372938+00:00,97.006,-0.0004,0.15,0.0,0.0008,0.0,8894.7,3,149.567,191.806,step
2026-08-31T19:07:35.374218+00:00,97.007,-0.0004,0.15,0.0,0.0008,0.0,8894.82,3,149.028,191.826,step
2026-08-31T19:07:35.375491+00:00,97.007,-0.0004,0.15,0.0,0.0008,0.0,8895.08,3,148.489,191.846,step
2026-08-31T19:07:35.376760+00:00,97.008,-0.0004,0.15,0.0,0.0008,0.0,8895.34,3,147.95,191.866,step
2026-08-31T19:07:35.378000+00:00,97.009,-0.0004,0.15,0.0,0.0008,0.0,8895.52,3,147.411,191.886,step
2026-08-31T19:07:35.379247+00:00,97.01,-0.0004,0.15,0.0,0.0008,0.0,8895.64,3,146.872,191.906,step
2026-08-31T19:07:35.380508+00:00,97.01,-0.0004,0.15,0.0,0.0008,0.0,8895.72,3,146.334,191.926,step
2026-08-31T19:07:35.381931+00:00,97.011,-0.0004,0.15,0.0,0.0008,0.0,8895.78,3,145.794,191.946,step
2026-08-31T19:07:35.383238+00:00,97.012,-0.0004,0.15,0.0,0.0008,0.0,8895.83,3,145.256,191.966,step
2026-08-31T19:07:35.384523+00:00,97.013,-0.0004,0.15,0.0,0.0008,0.0,8895.86,3,144.716,191.986,step
2026-08-31T19:07:35.385776+00:00,97.013,-0.0004,0.15,0.0,0.0008,0.0,8895.9,3,144.178,192.006,step
2026-08-31T19:07:35.387020+00:00,97.014,-0.0004,0.15,0.0,0.0008,0.0,8895.94,3,143.639,192.026,step
2026-08-31T19:07:35.388325+00:00,97.015,-0.0004,0.15,0.0,0.0008,0.0,8895.99,3,143.1,192.046,step
2026-08-31T19:07:35.389859+00:00,97.015,-0.0004,0.15,0.0,0.0008,0.0,8896.05,3,142.561,192.066,step
2026-08-31T19:07:35.391159+00:00,97.016,-0.0004,0.15,0.0,0.0008,0.0,8895.77,3,142.022,192.086,step
2026-08-31T19:07:35.392414+00:00,97.017,-0.0004,0.15,0.0,0.0008,0.0,8895.81,3,141.483,192.106,step
2026-08-31T19:07:35.393614+00:00,97.017,-0.0004,0.15,0.0,0.0008,0.0,8895.97,3,140.944,192.126,step
2026-08-31T19:07:35.394877+00:00,97.018,-0.0004,0.15,0.0,0.0008,0.0,8896.19,3,140.405,192.146,step
2026-08-31T19:07:35.396141+00:00,97.018,-0.0004,0.15,0.0,0.0008,0.0,8896.35,3,139.867,192.166,step
2026-08-31T19:07:35.397673+00:00,97.019,-0.0004,0.15,0.0,0.0008,0.0,8896.45,3,139.327,192.186,step
2026-08-31T19:07:35.398986+00:00,97.019,-0.0004,0.15,0.0,0.0008,0.0,8896.52,3,138.789,192.206,step
2026-08-31T19:07:35.400254+00:00,97.02,-0.0004,0.15,0.0,0.0008,0.0,8896.57,3,138.249,192.226,step
2026-08-31T19:07:35.401606+00:00,97.021,-0.0004,0.15,0.0,0.0008,0.0,8896.61,3,137.711,192.246,step
2026-08-31T19:07:35.402888+00:00,97.021,-0.0004,0.15,0.0,0.0008,0.0,8896.64,3,137.172,192.266,step
2026-08-31T19:07:35.404201+00:00,97.022,-0.0004,0.15,0.0,0.0008,0.0,8896.67,3,136.633,192.286,step
2026-08-31T19:07:35.405607+00:00,97.022,-0.0004,0.15,0.0,0.0008,0.0,8896.69,3,136.094,192.306,step
2026-08-31T19:07:35.407164+00:00,97.023,-0.0004,0.15,0.0,0.0008,0.0,8896.72,3,135.555,192.326,step
2026-08-31T19:07:35.408426+00:00,97.023,-0.0004,0.15,0.0,0.0008,0.0,8896.77,3,135.016,192.346,step
2026-08-31T19:07:35.409760+00:00,97.024,-0.0004,0.15,0.0,0.0008,0.0,8896.69,3,134.478,192.366,step
2026-08-31T19:07:35.411066+00:00,97.024,-0.0004,0.15,0.0,0.0008,0.0,8896.6,3,133.938,192.386,step
2026-08-31T19:07:35.412360+00:00,97.025,-0.0004,0.15,0.0,0.0008,0.0,8896.69,3,133.4,192.406,step
2026-08-31T19:07:35.413793+00:00,97.025,-0.0004,0.15,0.0,0.0008,0.0,8896.84,3,132.86,192.426,step
2026-08-31T19:07:35.415064+00:00,97.025,-0.0004,0.15,0.0,0.0008,0.0,8896.97,3,132.322,192.446,step
2026-08-31T19:07:35.416365+00:00,97.026,-0.0004,0.15,0.0,0.0008,0.0,8897.06,3,131.783,192.466,step
2026-08-31T19:07:35.417717+00:00,97.026,-0.0004,0.15,0.0,0.0008,0.0,8897.12,3,131.244,192.486,step
2026-08-31T19:07:35.418984+00:00,97.027,-0.0004,0.15,0.0,0.0008,0.0,8897.16,3,130.705,192.506,step
2026-08-31T19:07:35.420257+00:00,97.027,-0.0004,0.15,0.0,0.0008,0.0,8897.2,3,130.166,192.526,step
2026-08-31T19:07:35.421506+00:00,97.028,-0.0004,0.15,0.0,0.0008,0.0,8897.23,3,129.627,192.546,step
2026-08-31T19:07:35.422913+00:00,97.028,-0.0004,0.15,0.0,0.0008,0.0,8897.25,3,129.088,192.566,step
2026-08-31T19:07:35.424155+00:00,97.028,-0.0004,0.15,0.0,0.0008,0.0,8897.27,3,128.549,192.586,step
2026-08-31T19:07:35.425451+00:00,97.029,-0.0004,0.15,0.0,0.0008,0.0,8897.3,3,128.01,192.606,step
2026-08-31T19:07:35.426684+00:00,97.029,-0.0004,0.15,0.0,0.0008,0.0,8897.33,3,127.471,192.626,step
2026-08-31T19:07:35.427918+00:00,97.029,-0.0004,0.15,0.0,0.0008,0.0,8897.37,3,126.933,192.646,step
2026-08-31T19:07:35.429111+00:00,97.03,-0.0004,0.15,0.0,0.0008,0.0,8897.26,3,126.393,192.666,step
2026-08-31T19:07:35.430726+00:00,97.03,-0.0004,0.15,0.0,0.0008,0.0,8897.3,3,125.855,192.686,step
2026-08-31T19:07:35.431989+00:00,97.031,-0.0004,0.15,0.0,0.0008,0.0,8897.38,3,125.316,192.706,step
2026-08-31T19:07:35.433322+00:00,97.031,-0.0004,0.15,0.0,0.0008,0.0,8897.48,3,124.777,192.726,step
2026-08-31T19:07:35.434638+00:00,97.031,-0.0004,0.15,0.0,0.0008,0.0,8897.55,3,124.238,192.746,step
2026-08-31T19:07:35.435903+00:00,97.032,-0.0004,0.15,0.0,0.0008,0.0,8897.6,3,123.699,192.766,step
2026-08-31T19:07:35.437129+00:00,97.032,-0.0004,0.15,0.0,0.0008,0.0,8897.63,3,123.16,192.786,step
2026-08-31T19:07:35.438474+00:00,97.032,-0.0004,0.15,0.0,0.0008,0.0,8897.66,3,122.621,192.806,step
2026-08-31T19:07:35.439883+00:00,97.033,-0.0004,0.15,0.0,0.0008,0.0,8897.68,3,122.082,192.826,step
2026-08-31T19:07:35.441150+00:00,97.033,-0.0004,0.15,0.0,0.0008,0.0,8897.71,3,121.544,192.846,step
2026-08-31T19:07:35.442419+00:00,97.033,-0.0004,0.15,0.0,0.0008,0.0,8897.73,3,121.004,192.866,step
2026-08-31T19:07:35.443702+00:00,97.034,-0.0004,0.15,0.0,0.0008,0.0,8897.76,3,120.466,192.886,step
2026-08-31T19:07:35.444959+00:00,97.034,-0.0004,0.0,0.15,0.0008,0.0,8897.79,3,119.927,192.906,step
2026-08-31T19:07:35.446289+00:00,96.648,-0.0004,0.0,0.15,0.0008,-0.0,8713.74,3,119.398,192.926,step
2026-08-31T19:07:35.447571+00:00,96.062,-0.0005,0.0,0.15,0.0008,-0.0001,8656.98,3,118.894,192.946,step
2026-08-31T19:07:35.448886+00:00,95.475,-0.0005,0.0,0.15,0.0008,-0.0001,8601.6,3,118.403,192.966,step
2026-08-31T19:07:35.450174+00:00,94.891,-0.0006,0.0,0.15,0.0008,-0.0002,8548.21,3,117.906,192.986,step
2026-08-31T19:07:35.451438+00:00,94.309,-0.0006,0.0,0.15,0.0008,-0.0002,8496.22,3,117.4,193.006,step
2026-08-31T19:07:35.452667+00:00,93.73,-0.0007,0.0,0.15,0.0008,-0.0003,8445.01,3,116.892,193.026,step
2026-08-31T19:07:35.453928+00:00,93.154,-0.0007,0.0,0.15,0.0008,-0.0003,8394.17,3,116.384,193.046,step
2026-08-31T19:07:35.455166+00:00,92.579,-0.0007,0.0,0.15,0.0008,-0.0003,8343.39,3,115.878,193.066,step
2026-08-31T19:07:35.456621+00:00,92.007,-0.0007,0.0,0.15,0.0008,-0.0003,8292.64,3,115.373,193.086,step
2026-08-31T19:07:35.457962+00:00,91.437,-0.0008,0.0,0.15,0.0008,-0.0003,8241.91,3,114.871,193.106,step
2026-08-31T19:07:35.459254+00:00,90.869,-0.0008,0.0,0.15,0.0009,-0.0003,8191.18,3,114.37,193.126,step
2026-08-31T19:07:35.460521+00:00,90.303,-0.0008,0.0,0.15,0.0009,-0.0003,8140.59,3,113.873,193.146,step
2026-08-31T19:07:35.461744+00:00,89.739,-0.0008,0.0,0.15,0.0009,-0.0004,8090.1,3,113.377,193.166,step
2026-08-31T19:07:35.462954+00:00,89.177,-0.0008,0.15,0.0,0.0009,-0.0004,8039.73,3,112.884,193.186,step
2026-08-31T19:07:35.464378+00:00,89.0,-0.0008,0.15,0.0,0.0009,-0.0003,8167.6,3,112.383,193.206,step
2026-08-31T19:07:35.465650+00:00,89.016,-0.0008,0.15,0.0,0.0009,-0.0003,8167.31,3,111.867,193.226,step
2026-08-31T19:07:35.466932+00:00,89.031,-0.0007,0.15,0.0,0.0009,-0.0003,8167.23,3,111.345,193.246,step
2026-08-31T19:07:35.468210+00:00,89.046,-0.0007,0.15,0.0,0.0009,-0.0002,8167.72,3,110.821,193.266,step
2026-08-31T19:07:35.469433+00:00,89.061,-0.0006,0.15,0.0,0.0009,-0.0001,8168.72,3,110.296,193.286,step
2026-08-31T19:07:35.470650+00:00,89.075,-0.0006,0.15,0.0,0.001,-0.0001,8170.14,3,109.771,193.306,step
2026-08-31T19:07:35.472165+00:00,89.089,-0.0005,0.15,0.0,0.001,-0.0,8171.9,3,109.246,193.326,step
2026-08-31T19:07:35.473486+00:00,89.103,-0.0004,0.15,0.0,0.001,0.0,8173.76,3,108.722,193.346,step
2026-08-31T19:07:35.474748+00:00,89.118,-0.0004,0.15,0.0,0.0009,0.0001,8175.37,3,108.208,193.366,step
2026-08-31T19:07:35.476040+00:00,89.132,-0.0004,0.15,0.0,0.0009,0.0001,8176.77,3,107.705,193.386,step
2026-08-31T19:07:35.477284+00:00,89.147,-0.0004,0.15,0.0,0.0009,0.0001,8178.07,3,107.207,193.406,step
2026-08-31T19:07:35.478530+00:00,89.161,-0.0004,0.15,0.0,0.0009,0.0001,8179.31,3,106.711,193.426,step
2026-08-31T19:07:35.479860+00:00,89.175,-0.0004,0.15,0.0,0.0009,0.0001,8180.55,3,106.215,193.446,step
2026-08-31T19:07:35.481256+00:00,89.189,-0.0004,0.15,0.0,0.0009,0.0001,8181.8,3,105.72,193.466,step
2026-08-31T19:07:35.482545+00:00,89.204,-0.0004,0.15,0.0,0.0009,0.0001,8183.08,3,105.224,193.486,step
2026-08-31T19:07:35.483800+00:00,89.218,-0.0004,0.15,0.0,0.0009,0.0001,8184.36,3,104.728,193.506,step
2026-08-31T19:07:35.485127+00:00,89.232,-0.0004,0.15,0.0,0.0009,0.0001,8185.65,3,104.233,193.526,step
2026-08-31T19:07:35.486373+00:00,89.246,-0.0003,0.15,0.0,0.0009,0.0001,8186.93,3,103.737,193.546,step
2026-08-31T19:07:35.487697+00:00,89.26,-0.0003,0.15,0.0,0.0009,0.0001,8188.48,3,103.241,193.566,step
2026-08-31T19:07:35.489091+00:00,89.275,-0.0003,0.15,0.0,0.0009,0.0001,8189.72,3,102.745,193.586,step
2026-08-31T19:07:35.490347+00:00,89.289,-0.0003,0.15,0.0,0.0009,0.0001,8190.95,3,102.25,193.606,step
2026-08-31T19:07:35.491581+00:00,89.303,-0.0003,0.15,0.0,0.0009,0.0001,8192.2,3,101.753,193.626,step
2026-08-31T19:07:35.492909+00:00,89.317,-0.0003,0.15,0.0,0.0009,0.0001,8193.46,3,101.257,193.646,step
2026-08-31T19:07:35.494164+00:00,89.331,-0.0003,0.15,0.0,0.0008,0.0001,8194.72,3,100.761,193.666,step
2026-08-31T19:07:35.495468+00:00,89.346,-0.0003,0.15,0.0,0.0008,0.0001,8195.99,3,100.265,193.686,step
2026-08-31T19:07:35.496870+00:00,89.359,-0.0003,0.15,0.0,0.0008,0.0001,8197.26,3,99.7683,193.706,step
2026-08-31T19:07:35.498156+00:00,89.374,-0.0003,0.15,0.0,0.0008,0.0001,8198.55,3,99.2718,193.726,step
2026-08-31T19:07:35.499434+00:00,89.388,-0.0003,0.15,0.0,0.0008,0.0001,8199.85,3,98.7753,193.746,step
2026-08-31T19:07:35.500714+00:00,89.402,-0.0003,0.15,0.0,0.0008,0.0001,8201.15,3,98.2788,193.766,step
2026-08-31T19:07:35.502015+00:00,89.416,-0.0003,0.15,0.0,0.0008,0.0001,8202.45,3,97.782,193.786,step
2026-08-31T19:07:35.503358+00:00,89.43,-0.0003,0.15,0.0,0.0008,0.0001,8203.75,3,97.2852,193.806,step
2026-08-31T19:07:35.504655+00:00,89.444,-0.0003,0.15,0.0,0.0008,0.0001,8205.04,3,96.7883,193.826,step
2026-08-31T19:07:35.506070+00:00,89.458,-0.0003,0.15,0.0,0.0008,0.0001,8206.31,3,96.2915,193.846,step
2026-08-31T19:07:35.507376+00:00,89.472,-0.0003,0.15,0.0,0.0008,0.0001,8207.58,3,95.7944,193.866,step
2026-08-31T19:07:35.508620+00:00,89.486,-0.0003,0.15,0.0,0.0008,0.0001,8209.21,3,95.2972,193.886,step
2026-08-31T19:07:35.509903+00:00,89.5,-0.0003,0.0,0.15,0.0008,0.0001,8210.34,3,94.8002,193.906,step
2026-08-31T19:07:35.511197+00:00,89.129,-0.0003,0.15,0.0,0.0008,0.0001,8041.01,3,94.3119,193.926,step
2026-08-31T19:07:35.512489+00:00,88.952,-0.0003,0.15,0.0,0.0008,0.0,8162.34,3,93.8296,193.946,step
2026-08-31T19:07:35.513748+00:00,88.968,-0.0003,0.15,0.0,0.0007,0.0,8162.56,3,93.3402,193.966,step
2026-08-31T19:07:35.515254+00:00,88.983,-0.0003,0.15,0.0,0.0007,0.0,8163.39,3,92.8475,193.986,step
2026-08-31T19:07:35.516501+00:00,88.998,-0.0003,0.15,0.0,0.0007,0.0,8164.3,3,92.3536,194.006,step
2026-08-31T19:07:35.517755+00:00,89.012,-0.0003,0.15,0.0,0.0007,0.0,8165.33,3,91.8593,194.026,step
2026-08-31T19:07:35.518996+00:00,89.027,-0.0003,0.15,0.0,0.0007,0.0,8166.52,3,91.3648,194.046,step
2026-08-31T19:07:35.520250+00:00,89.042,-0.0003,0.15,0.0,0.0007,0.0,8167.87,3,90.8704,194.066,step
2026-08-31T19:07:35.521507+00:00,89.057,-0.0003,0.15,0.0,0.0007,0.0,8169.36,3,90.3755,194.086,step
2026-08-31T19:07:35.522903+00:00,89.071,-0.0003,0.15,0.0,0.0007,0.0,8170.93,3,89.8808,194.106,step
2026-08-31T19:07:35.524161+00:00,89.086,-0.0003,0.15,0.0,0.0007,0.0,8172.4,3,89.3859,194.126,step
2026-08-31T19:07:35.525435+00:00,89.101,-0.0003,0.15,0.0,0.0007,0.0,8173.81,3,88.891,194.146,step
2026-08-31T19:07:35.526708+00:00,89.116,-0.0003,0.15,0.0,0.0007,0.0,8175.15,3,88.3961,194.166,step
2026-08-31T19:07:35.527914+00:00,89.13,-0.0003,0.15,0.0,0.0007,0.0,8176.88,3,87.9011,194.186,step
2026-08-31T19:07:35.529123+00:00,89.145,-0.0003,0.15,0.0,0.0007,0.0,8178.2,3,87.4058,194.206,step
2026-08-31T19:07:35.530451+00:00,89.16,-0.0003,0.15,0.0,0.0007,0.0,8179.35,3,86.9105,194.226,step
2026-08-31T19:07:35.531775+00:00,89.175,-0.0003,0.15,0.0,0.0007,0.0,8180.58,3,86.4153,194.246,step
2026-08-31T19:07:35.533012+00:00,89.19,-0.0003,0.15,0.0,0.0007,0.0,8181.81,3,85.9199,194.266,step
2026-08-31T19:07:35.534240+00:00,89.204,-0.0003,0.15,0.0,0.0007,0.0,8183.07,3,85.4243,194.286,step
2026-08-31T19:07:35.535472+00:00,89.219,-0.0003,0.15,0.0,0.0007,0.0,8184.36,3,84.9287,194.306,step
2026-08-31T19:07:35.536780+00:00,89.234,-0.0003,0.15,0.0,0.0007,0.0,8185.7,3,84.4332,194.326,step
2026-08-31T19:07:35.537984+00:00,89.248,-0.0003,0.15,0.0,0.0007,0.0,8187.04,3,83.9374,194.346,step
2026-08-31T19:07:35.539410+00:00,89.263,-0.0003,0.15,0.0,0.0007,0.0,8188.42,3,83.4415,194.366,step
2026-08-31T19:07:35.540715+00:00,89.278,-0.0003,0.15,0.0,0.0007,0.0,8189.81,3,82.9456,194.386,step
2026-08-31T19:07:35.542007+00:00,89.292,-0.0003,0.15,0.0,0.0007,0.0,8191.19,3,82.4498,194.406,step
2026-08-31T19:07:35.543294+00:00,89.307,-0.0003,0.15,0.0,0.0007,0.0,8192.54,3,81.9536,194.426,step
2026-08-31T19:07:35.544509+00:00,89.322,-0.0003,0.15,0.0,0.0007,0.0,8193.89,3,81.4574,194.446,step
2026-08-31T19:07:35.545741+00:00,89.336,-0.0003,0.15,0.0,0.0007,0.0,8195.22,3,80.9613,194.466,step
2026-08-31T19:07:35.547015+00:00,89.351,-0.0003,0.15,0.0,0.0007,0.0,8196.54,3,80.465,194.486,step
2026-08-31T19:07:35.548333+00:00,89.365,-0.0003,0.15,0.0,0.0007,0.0,8198.54,3,79.9686,194.506,step
2026-08-31T19:07:35.549598+00:00,89.38,-0.0003,0.15,0.0,0.0007,0.0,8199.64,3,79.472,194.526,step
2026-08-31T19:07:35.550814+00:00,89.395,-0.0003,0.15,0.0,0.0007,0.0,8200.79,3,78.9756,194.546,step
2026-08-31T19:07:35.552047+00:00,89.41,-0.0003,0.15,0.0,0.0007,0.0,8201.99,3,78.479,194.566,step
2026-08-31T19:07:35.553240+00:00,89.424,-0.0003,0.15,0.0,0.0007,0.0,8203.21,3,77.9822,194.586,step
2026-08-31T19:07:35.554459+00:00,89.439,-0.0003,0.15,0.0,0.0007,0.0,8204.46,3,77.4855,194.606,step
2026-08-31T19:07:35.555809+00:00,89.454,-0.0003,0.15,0.0,0.0007,0.0,8205.76,3,76.9886,194.626,step
2026-08-31T19:07:35.557150+00:00,89.468,-0.0003,0.15,0.0,0.0007,0.0,8207.08,3,76.4916,194.646,step
2026-08-31T19:07:35.558431+00:00,89.483,-0.0003,0.15,0.0,0.0007,0.0,8208.44,3,75.9945,194.666,step
2026-08-31T19:07:35.559663+00:00,89.497,-0.0003,0.0,0.15,0.0007,0.0,8209.81,3,75.4975,194.686,step
2026-08-31T19:07:35.560889+00:00,89.128,-0.0003,0.15,0.0,0.0007,0.0,8041.01,3,75.0075,194.706,step
2026-08-31T19:07:35.562106+00:00,88.951,-0.0004,0.15,0.0,0.0007,-0.0,8162.26,3,74.5229,194.726,step
2026-08-31T19:07:35.563407+00:00,88.966,-0.0004,0.15,0.0,0.0007,-0.0,8162.54,3,74.0324,194.746,step
2026-08-31T19:07:35.564828+00:00,88.982,-0.0004,0.15,0.0,0.0007,-0.0,8163.43,3,73.5397,194.766,step
2026-08-31T19:07:35.566131+00:00,88.998,-0.0004,0.15,0.0,0.0007,-0.0,8164.42,3,73.0456,194.786,step
2026-08-31T19:07:35.567388+00:00,89.014,-0.0004,0.15,0.0,0.0007,-0.0,8165.52,3,72.5513,194.806,step
2026-08-31T19:07:35.568627+00:00,89.029,-0.0004,0.15,0.0,0.0007,-0.0,8167.36,3,72.0565,194.826,step
2026-08-31T19:07:35.569855+00:00,89.045,-0.0004,0.15,0.0,0.0007,-0.0,8168.69,3,71.5617,194.846,step
2026-08-31T19:07:35.571039+00:00,89.06,-0.0004,0.15,0.0,0.0007,-0.0,8170.03,3,71.067,194.866,step
2026-08-31T19:07:35.572349+00:00,89.076,-0.0004,0.15,0.0,0.0007,-0.0,8171.37,3,70.5721,194.886,step
2026-08-31T19:07:35.573634+00:00,89.091,-0.0004,0.15,0.0,0.0007,-0.0,8172.75,3,70.077,194.906,step
2026-08-31T19:07:35.574859+00:00,89.107,-0.0004,0.15,0.0,0.0007,-0.0,8174.14,3,69.5819,194.926,step
2026-08-31T19:07:35.576083+00:00,89.122,-0.0004,0.15,0.0,0.0007,-0.0,8175.55,3,69.0869,194.946,step
2026-08-31T19:07:35.577333+00:00,89.138,-0.0004,0.15,0.0,0.0007,-0.0,8176.95,3,68.5916,194.966,step
2026-08-31T19:07:35.578652+00:00,89.153,-0.0004,0.15,0.0,0.0007,-0.0,8178.37,3,68.0964,194.986,step
2026-08-31T19:07:35.579882+00:00,89.168,-0.0004,0.15,0.0,0.0007,-0.0,8179.79,3,67.6012,195.006,step
2026-08-31T19:07:35.581312+00:00,89.184,-0.0004,0.15,0.0,0.0007,-0.0,8181.24,3,67.1059,195.026,step
2026-08-31T19:07:35.582560+00:00,89.199,-0.0004,0.15,0.0,0.0007,-0.0,8182.69,3,66.6104,195.046,step
2026-08-31T19:07:35.583795+00:00,89.215,-0.0004,0.15,0.0,0.0007,-0.0,8184.13,3,66.1149,195.066,step
2026-08-31T19:07:35.585062+00:00,89.23,-0.0004,0.15,0.0,0.0008,-0.0,8185.54,3,65.6193,195.086,step
2026-08-31T19:07:35.586279+00:00,89.246,-0.0004,0.15,0.0,0.0008,-0.0,8186.93,3,65.1237,195.106,step
2026-08-31T19:07:35.587518+00:00,89.261,-0.0004,0.15,0.0,0.0008,-0.0,8189.15,3,64.6278,195.126,step
2026-08-31T19:07:35.588816+00:00,89.277,-0.0004,0.15,0.0,0.0008,-0.0,8190.49,3,64.132,195.146,step
2026-08-31T19:07:35.590193+00:00,89.292,-0.0004,0.15,0.0,0.0008,-0.0,8191.58,3,63.6361,195.166,step
2026-08-31T19:07:35.591370+00:00,89.308,-0.0004,0.15,0.0,0.0008,-0.0,8192.8,3,63.14,195.186,step
2026-08-31T19:07:35.592587+00:00,89.324,-0.0004,0.15,0.0,0.0008,-0.0,8194.04,3,62.6439,195.206,step
2026-08-31T19:07:35.593796+00:00,89.339,-0.0004,0.15,0.0,0.0008,-0.0,8195.33,3,62.1478,195.226,step
2026-08-31T19:07:35.594971+00:00,89.355,-0.0004,0.15,0.0,0.0008,-0.0,8196.66,3,61.6514,195.246,step
2026-08-31T19:07:35.596257+00:00,89.37,-0.0004,0.15,0.0,0.0008,-0.0,8198.05,3,61.1551,195.266,step
2026-08-31T19:07:35.597609+00:00,89.385,-0.0004,0.15,0.0,0.0008,-0.0,8199.48,3,60.6587,195.286,step
2026-08-31T19:07:35.599072+00:00,89.401,-0.0004,0.15,0.0,0.0008,-0.0,8200.96,3,60.1622,195.306,step
2026-08-31T19:07:35.600329+00:00,89.416,-0.0004,0.15,0.0,0.0008,-0.0,8202.42,3,59.6655,195.326,step
2026-08-31T19:07:35.601598+00:00,89.431,-0.0005,0.15,0.0,0.0008,-0.0,8203.91,3,59.1687,195.346,step
2026-08-31T19:07:35.602829+00:00,89.447,-0.0005,0.15,0.0,0.0008,-0.0,8205.38,3,58.672,195.366,step
2026-08-31T19:07:35.604124+00:00,89.463,-0.0005,0.15,0.0,0.0008,-0.0,8206.79,3,58.1752,195.386,step
2026-08-31T19:07:35.605446+00:00,89.478,-0.0005,0.0,0.15,0.0008,-0.0,8208.2,3,57.6781,195.406,step
2026-08-31T19:07:35.606939+00:00,89.109,-0.0004,0.0,0.15,0.0009,-0.0,8039.24,3,57.177,195.426,step
2026-08-31T19:07:35.608165+00:00,88.552,-0.0004,0.0,0.15,0.0009,0.0,7983.07,3,56.6718,195.446,step
2026-08-31T19:07:35.609420+00:00,87.993,-0.0003,0.0,0.15,0.0008,0.0001,7931.43,3,56.1672,195.466,step
2026-08-31T19:07:35.610608+00:00,87.436,-0.0003,0.0,0.15,0.0008,0.0001,7881.59,3,55.6649,195.486,step
2026-08-31T19:07:35.611842+00:00,86.882,-0.0002,0.0,0.15,0.0008,0.0002,7832.69,3,55.1657,195.506,step
2026-08-31T19:07:35.613070+00:00,86.33,-0.0002,0.0,0.15,0.0008,0.0003,7784.17,3,54.6697,195.526,step
